centro_cultural_id,centro_cultural_nombre,centro_cultural_fecha_fundacion,centro_cultural_adscripcion,estado_id,nom_ent,municipio_id,nom_mun,localidad_id,nom_loc,centro_cultural_calle_numero,centro_cultural_colonia,centro_cultural_cp,centro_cultural_telefono1,pagina_web,email,gmaps_longitud,gmaps_latitud,link_sic,fecha_mod
1224,"Casa de la Cultura Azcapotzalco","1991-11-18","Alcaldía Azcapotzalco",9,"Ciudad de México",2,"Azcapotzalco",1,"Azcapotzalco","Av. Azcapotzalco 605","Centro","02000","55 5354 9994","https://azcapotzalco.cdmx.gob.mx/","centros.culturales@azcapotzalco.cdmx.gob.mx",-99.18632,19.48056,"http://sic.gob.mx/ficha.php?table=centro_cultural&table_id=1224","2026-05-19 10:23:22-06"
3789,"Artística Academia ","1000-01-01","",9,"Ciudad de México",2,"Azcapotzalco",1,"Azcapotzalco","Norte 89-A No.24","Col. Claveria","02080","","","artistica_fitnesspoint@outlook.com",-99.18257,19.47044,"http://sic.gob.mx/ficha.php?table=centro_cultural&table_id=3789","2024-09-13 13:19:07-06"
3498,"PILARES San Miguel Amantla","1000-01-01","Gobierno de la Ciudad de México",9,"Ciudad de México",2,"Azcapotzalco",1,"Azcapotzalco","Democracias s/n","San Miguel Amantla","02700","55 5134 0770 ext 1806","https://pilares.cdmx.gob.mx/","coord_comunicacion@pilares.cdmx.gob.mx",-99.20437,19.47527,"http://sic.gob.mx/ficha.php?table=centro_cultural&table_id=3498","2024-06-12 09:21:20-06"
3523,"PILARES La Naranja","1000-01-01","Gobierno de la Ciudad de México",9,"Ciudad de México",2,"Azcapotzalco",1,"Azcapotzalco","Calz de la Naranja 1015","San Pedro Xalpa","02710 ","55 5134 0770 ext 1806","https://pilares.cdmx.gob.mx/","coord_comunicacion@pilares.cdmx.gob.mx",-99.21852,19.47447,"http://sic.gob.mx/ficha.php?table=centro_cultural&table_id=3523","2024-06-05 13:44:36-06"
3524,"PILARES Xochunahuac","2019-09-01","Secretaría de Cultura de la Ciudad de México",9,"Ciudad de México",2,"Azcapotzalco",1,"Azcapotzalco","Av Benito Juárez","Col. San Martín Xochinahuac","02120 ","55 5134 0770 ext 1806","https://pilares.cdmx.gob.mx/","coord_comunicacion@pilares.cdmx.gob.mx",-99.18923,19.50986,"http://sic.gob.mx/ficha.php?table=centro_cultural&table_id=3524","2025-09-25 18:09:58-06"
3497,"PILARES Margarita Maza de Juárez","2019-07-12","Gobierno de la Ciudad de México",9,"Ciudad de México",2,"Azcapotzalco",1,"Azcapotzalco","Amuzgos s/n","Col. Tezozómoc","02459","55 5134 0770 ext 1806","https://pilares.cdmx.gob.mx/","coord_comunicacion@pilares.cdmx.gob.mx",-99.19903,19.48996,"http://sic.gob.mx/ficha.php?table=centro_cultural&table_id=3497","2024-06-13 14:48:44-06"
3654,"PILARES Real de San Martín","2023-01-26","Secretaría de Cultura de la Ciudad de México",9,"Ciudad de México",2,"Azcapotzalco",1,"Azcapotzalco","Av. Real de San Martín 270","Col. Reynosa Tamaulipas","02129","55 5134 0770 ext 1806","https://pilares.cdmx.gob.mx/","coord_comunicacion@pilares.cdmx.gob.mx",-99.18782,19.49755,"http://sic.gob.mx/ficha.php?table=centro_cultural&table_id=3654","2025-08-29 18:10:21-06"
3112,"Centro Cultural Xitle","2015-07-22","",9,"Ciudad de México",2,"Azcapotzalco",1,"Azcapotzalco"," Hacienda de Las Carretas 38","Col. Hacienda del Rosario","02420","(55)  6832 9465",""," xitle.ac@gmail.com",-99.21154,19.49687,"http://sic.gob.mx/ficha.php?table=centro_cultural&table_id=3112","2019-07-10 13:58:47-05"
3564,"PILARES Pro Hogar","2020-01-01","Secretaría de Cultura de la Ciudad de México",9,"Ciudad de México",2,"Azcapotzalco",1,"Azcapotzalco","Calle 22 17","Col.  Pro Hogar","02600","55 5134 0770 ext 1806","https://pilares.cdmx.gob.mx/","coord_comunicacion@pilares.cdmx.gob.mx",-99.14986,19.47503,"http://sic.gob.mx/ficha.php?table=centro_cultural&table_id=3564","2025-07-07 18:04:12-06"
3656,"PILARES Tepantongo","2020-01-01","Secretaría de Cultura de la Ciudad de México",9,"Ciudad de México",2,"Azcapotzalco",1,"Azcapotzalco","Tepantongo s/n","Col. San Marcos","02020","55 5134 0770 ext 1806","https://pilares.cdmx.gob.mx/","coord_comunicacion@pilares.cdmx.gob.mx",-99.18602,19.48973,"http://sic.gob.mx/ficha.php?table=centro_cultural&table_id=3656","2025-09-12 18:21:43-06"
3722,"PILARES El Rosario","1000-01-01","Gobierno de la Ciudad de México",9,"Ciudad de México",2,"Azcapotzalco",1,"Azcapotzalco","Agricultores s/n esq. Mercaderes","Col. El Rosario","02100","55 5134 0770 ext 1806","https://pilares.cdmx.gob.mx/","coord_comunicacion@pilares.cdmx.gob.mx",-99.20079,19.51287,"http://sic.gob.mx/ficha.php?table=centro_cultural&table_id=3722","2024-06-13 14:15:51-06"
3557,"PILARES Coltongo","1000-01-01","Gobierno de la Ciudad de México",9,"Ciudad de México",2,"Azcapotzalco",1,"Azcapotzalco","Calz. Coltongo esq. Prol. Norte 100 metros","Col. Coltongo","02630","55 5134 0770 ext 1806","https://pilares.cdmx.gob.mx/","coord_comunicacion@pilares.cdmx.gob.mx",-99.15321,19.48157,"http://sic.gob.mx/ficha.php?table=centro_cultural&table_id=3557","2024-06-19 13:29:09-06"
3464,"PILARES Xalli ","1000-01-01","Secretaría de Cultura de la Ciudad de México",9,"Ciudad de México",2,"Azcapotzalco",1,"Azcapotzalco","Aretillo 184","Col. El Arenal ","02980","55 5134 0770 ext 1806","https://pilares.cdmx.gob.mx/","coord_comunicacion@pilares.cdmx.gob.mx",-99.15194,19.46424,"http://sic.gob.mx/ficha.php?table=centro_cultural&table_id=3464","2024-06-11 10:47:43-06"
3100,"Faro Poniente Xochikalli Azcapotzalco","2018-12-13","Alcaldía Azcapotzalco",9,"Ciudad de México",2,"Azcapotzalco",1,"Azcapotzalco","Calle Cananea lote 4","Unidad Habitacional El Rosario","02100","","","comunicacion.faroazcapotzalco@gmail.com",-99.20009,19.5069,"http://sic.gob.mx/ficha.php?table=centro_cultural&table_id=3100","2021-07-30 10:57:14-05"
3618,"PILARES Fábrica de Artes y Oficios (FARO) Azcapotzalco Xochicalli","2018-09-13","Secretaría de Cultura de la Ciudad de México/Dirección General de Vinculación Cultural Comunitaria/Red de Faros",9,"Ciudad de México",2,"Azcapotzalco",1,"Azcapotzalco","Av. Cultura Norte s/n","Unidad Habitacional El Rosario","02100","55 5134 0770 ext 1806","https://pilares.cdmx.gob.mx/","faroazcapotzalcoxochicalli@gmail.com",-99.20013,19.50699,"http://sic.gob.mx/ficha.php?table=centro_cultural&table_id=3618","2026-08-03 14:42:00-06"
3510,"PILARES San Pedro Xalpa","2019-08-13","Gobierno de la Ciudad de México",9,"Ciudad de México",2,"Azcapotzalco",1,"Azcapotzalco","Av Hidalgo 15 entre Justo Sierra y Santiago Ahuizotla,","Col. San Pedro Xalpa","02710","55 5134 0770 ext 1806","https://pilares.cdmx.gob.mx/pilares/1548/san-pedro-xalpa","coord_comunicacion@pilares.cdmx.gob.mx",-99.20949,19.48414,"http://sic.gob.mx/ficha.php?table=centro_cultural&table_id=3510","2026-01-06 17:14:12-06"
3653,"PILARES Ceylan","1000-01-01","Gobierno de la Ciudad de México",9,"Ciudad de México",2,"Azcapotzalco",1,"Azcapotzalco","Blvd. Ferrocarriles s/n","Industrial Vallejo","02300","55 5134 0770 ext 1806","https://pilares.cdmx.gob.mx/","coord_comunicacion@pilares.cdmx.gob.mx",-99.16307,19.47779,"http://sic.gob.mx/ficha.php?table=centro_cultural&table_id=3653","2024-06-12 11:57:46-06"
3655,"PILARES Electricistas/Virgilio Caballero","2023-07-13","Gobierno de la Ciudad de México",9,"Ciudad de México",2,"Azcapotzalco",1,"Azcapotzalco","Rabaul s/n","Parque Electricistas","02060","55 5134 0770 ext 1806","https://pilares.cdmx.gob.mx/pilares/1693/virgilio-caballero","coord_comunicacion@pilares.cdmx.gob.mx",-99.17979,19.47569,"http://sic.gob.mx/ficha.php?table=centro_cultural&table_id=3655","2025-10-07 19:44:43-06"
1649,"Casa de la Palabra José Emilio Pacheco","2006-11-26","Alcaldía Azcapotzalco",9,"Ciudad de México",2,"Azcapotzalco",1,"Azcapotzalco","José F. Gutiérrez  351","Barrio de Nextengo","02700","55 5368 4812","https://azcapotzalco.cdmx.gob.mx/cultura-y-mas-cultura-en-azcapotzalco/#1594766547310-32498aa2-1a40","",-99.1883,19.47222,"http://sic.gob.mx/ficha.php?table=centro_cultural&table_id=1649","2026-03-23 12:37:00-06"
3619,"PILARES Las Salinas ","1000-01-01","Secretaría de Cultura de la Ciudad de México",9,"Ciudad de México",2,"Azcapotzalco",1,"Azcapotzalco","Cahuacaltzingo 10","Col. Las Salinas ","02360","55 5134 0770 ext 1806","https://pilares.cdmx.gob.mx/","coord_comunicacion@pilares.cdmx.gob.mx",-99.16627,19.48902,"http://sic.gob.mx/ficha.php?table=centro_cultural&table_id=3619","2024-06-11 11:24:36-06"
1170,"Centro Cultural Los Talleres","1981-11-10","Centro Cultural Los Talleres, A.C.",9,"Ciudad de México",3,"Coyoacán",1,"Coyoacán","Francisco Sosa 29 ","Col. Del Carmen Coayoacán","04000","55 5658 7288","http://www.lostalleres.com.mx","talleres@prodigy.net.mx;  difusion@forolostalleres.com",-99.1652,19.34933,"http://sic.gob.mx/ficha.php?table=centro_cultural&table_id=1170","2025-04-21 13:26:55-06"
2676,"Centro Cultural La Titería Casa de las Marionetas","2014-04-30","Fundación La Titería, A.C.",9,"Ciudad de México",3,"Coyoacán",1,"Coyoacán","Vicente Guerrero 7","Col. El Carmen","04100","55 5662 6952","http://www.latiteria.mx/","marionetas.esquina@gmail.com; amigoslatiteria@gmail.com",-99.16505,19.35225,"http://sic.gob.mx/ficha.php?table=centro_cultural&table_id=2676","2021-09-27 08:38:32-05"
3541,"PILARES Santa Ana","1000-01-01","Secretaría de Cultura de la Ciudad de México",9,"Ciudad de México",3,"Coyoacán",1,"Coyoacán","Carlota Armero s/n esq. Av. Santa","Col. CTM VI Culhuacán","04480","55 5134 0770 ext 1806","https://pilares.cdmx.gob.mx/","coord_comunicacion@pilares.cdmx.gob.mx",-99.11412,19.32846,"http://sic.gob.mx/ficha.php?table=centro_cultural&table_id=3541","2024-06-11 08:53:58-06"
3568,"PILARES Topiltzin","2022-01-14","Gobierno de la Ciudad de México",9,"Ciudad de México",3,"Coyoacán",1,"Coyoacán","Mixtecas s/n","Ajusco","04300","55 5134 0770 ext 1806","https://pilares.cdmx.gob.mx/","coord_comunicacion@pilares.cdmx.gob.mx",-99.15816,19.32259,"http://sic.gob.mx/ficha.php?table=centro_cultural&table_id=3568","2025-10-23 19:14:32-06"
3484,"PILARES Cantera ","2019-01-01","Secretaría de Cultura de la Ciudad de México",9,"Ciudad de México",3,"Coyoacán",1,"Coyoacán","Av. Antonio Delfín Madrigal ","Col. Pedregal de Santo Domingo","04369","55 5134 0770 ext 1806","https://pilares.cdmx.gob.mx/","coord_comunicacion@pilares.cdmx.gob.mx",-99.17221,19.31793,"http://sic.gob.mx/ficha.php?table=centro_cultural&table_id=3484","2026-03-24 14:35:00-06"
2899,"Centro Cultural Tauro Flamenco","2006-03-09","Tauro Flamenco, A.C.",9,"Ciudad de México",3,"Coyoacán",1,"Coyoacán","Av.  División del Norte 2915-piso 3","Parque San Andrés, Coyoacán","04040","(56) 2166 6884","https://www.tauroflamenco.org/","tauroflamenco@yahoo.com; cursos@tauroflamenco.org",-99.14935,19.34385,"http://sic.gob.mx/ficha.php?table=centro_cultural&table_id=2899","2026-01-08 18:27:08-06"
3558,"PILARES Taxqueña","1000-01-01","Gobierno de la Ciudad de México",9,"Ciudad de México",3,"Coyoacán",1,"Coyoacán","Calzada de Tlalpan 2130","Campestre Churubusco","04200","55 5134 0770 ext 1806","https://pilares.cdmx.gob.mx/","coord_comunicacion@pilares.cdmx.gob.mx",-99.14336,19.34213,"http://sic.gob.mx/ficha.php?table=centro_cultural&table_id=3558","2025-07-29 13:40:05-06"
1156,"Instituto Italiano de Cultura Ciudad de México","2001-03-01","Ministerio de Asuntos Exteriores y de Cooperación Internacional",9,"Ciudad de México",3,"Coyoacán",1,"Coyoacán","Av. Francisco Sosa 77","Col. Villa Coyoacán","04000","55 5554 0044","http://www.iicmessico.esteri.it/IIC_Messico","iicmessico@esteri.it",-99.16684,19.34957,"http://sic.gob.mx/ficha.php?table=centro_cultural&table_id=1156","2024-06-20 10:13:21-06"
550,"Centro Nacional de las Artes (CENART)","1994-11-22","Secretaría de Cultura",9,"Ciudad de México",3,"Coyoacán",1,"Coyoacán","Río Churubusco 79 esq. Calz. de Tlalpan","Col. Country Club","04220","55 4155 0000","http://www.cenart.gob.mx","contacto@conaculta.gob.mx	",-99.143,19.35533,"http://sic.gob.mx/ficha.php?table=centro_cultural&table_id=550","2026-04-20 17:30:38-06"
3591,"PILARES Francisco J. Mujica","2021-01-01","Secretaría de Cultura de la Ciudad de México",9,"Ciudad de México",3,"Coyoacán",1,"Coyoacán","Deportivo Francisco. Canal Nacional J. Múgica 17-B anexo B","Col. Canal Nacional","","55 5134 0770 ext 1806","https://pilares.cdmx.gob.mx/","coord_comunicacion@pilares.cdmx.gob.mx",-99.10559,19.32566,"http://sic.gob.mx/ficha.php?table=centro_cultural&table_id=3591","2025-06-10 18:21:29-06"
3724,"PILARES Huayamilpas","2022-08-13","Secretaría de Cultura de la Ciudad de México",9,"Ciudad de México",3,"Coyoacán",1,"Coyoacán","Prol. Huayamilpas s/n","Col. Ajusto ","04390","55 5134 0770 ext 1806","https://pilares.cdmx.gob.mx/","coord_comunicacion@pilares.cdmx.gob.mx",-99.14833,19.3249,"http://sic.gob.mx/ficha.php?table=centro_cultural&table_id=3724","2025-10-07 19:08:48-06"
3509,"PILARES Santa Úrsula","1000-01-01","Secretaría de Cultura de la Ciudad de México",9,"Ciudad de México",3,"Coyoacán",1,"Coyoacán","Sta. Úrsula y San Ricardo","Col.  Pedregal de Sta Úrsula ","04600 ","55 5134 0770 ext 1806","https://pilares.cdmx.gob.mx/","coord_comunicacion@pilares.cdmx.gob.mx",-99.15699,19.30982,"http://sic.gob.mx/ficha.php?table=centro_cultural&table_id=3509","2024-06-11 11:52:52-06"
2351,"Centro de las Artes Santa Úrsula","2009-06-21","Alcaldía Coyoacán/Dirección General de Cultura",9,"Ciudad de México",3,"Coyoacán",1,"Coyoacán","Av. Santa Úrsula 191 esq. San Ricardo","Col. Pedregal de Santa Úrsula","04600","55 5610 6176","https://www.mexicoescultura.com/recinto/66348/centro-de-las-artes-santa-ursula.html","casu_info@yahoo.com.mx",-99.15687,19.30981,"http://sic.gob.mx/ficha.php?table=centro_cultural&table_id=2351","2023-11-06 09:09:26-06"
1190,"Casa de Cultura Ricardo Flores Magón","1986-04-30","Alcaldía Coyoacán",9,"Ciudad de México",3,"Coyoacán",1,"Coyoacán","Calz. de la Virgen s/n esq. Canal Nacional","Col. Carmen Serdán","04910","(55) 5607 0888","http://www.coyoacan.df.gob.mx/Cultura/centros.php","casadelacultura.floresmagon@gmail.com",-99.10258,19.32313,"http://sic.gob.mx/ficha.php?table=centro_cultural&table_id=1190","2019-11-27 03:32:05-06"
2660,"Albergue del Arte","2009-01-01","Asociación Civil",9,"Ciudad de México",3,"Coyoacán",1,"Coyoacán","Alberto Zamora 32","Villa Coyoacán","40000","(55) 5610 1746","","jorge_esnaj@hotmail.com; tadecos08@hotmail.com",-99.16328,19.34598,"http://sic.gob.mx/ficha.php?table=centro_cultural&table_id=2660","2024-10-21 14:33:43-06"
1162,"Casa de Cultura Raúl Anguiano","1994-11-23","Alcaldía Coyoacán",9,"Ciudad de México",3,"Coyoacán",1,"Coyoacán","Parque Ecológico Huayamilpas<br>Rey Nezahualcóyotl s/n esq. Yaquis","Col. Ajusco Huayamilpas","04730","55 5617 1629","","ccultura.raulanguiano1994@gmail.com",-99.15009,19.32301,"http://sic.gob.mx/ficha.php?table=centro_cultural&table_id=1162","2023-09-28 10:53:46-06"
3975,"Espacio Cultural Jardín","1000-01-01","",9,"Ciudad de México",3,"Coyoacán",1,"Coyoacán","Rafael Oliva 129","Col. San Diego Churubusco","04120","",""," info.jardinn@gmail.com",-99.14756,19.35565,"http://sic.gob.mx/ficha.php?table=centro_cultural&table_id=3975","2026-01-22 18:19:51-06"
3306,"Cirkóptero","2018-01-01","Privado",9,"Ciudad de México",3,"Coyoacán",1,"Coyoacán","Xicoténcatl 110","Col. Del Carmen","04100","55 8969 2476","https://www.cirkoptero.com.mx/contacto","cirkoptero@gmail.com",-99.15343,19.35474,"http://sic.gob.mx/ficha.php?table=centro_cultural&table_id=3306","2024-10-21 18:02:37-06"
3658,"PILARES Familia Maza de Juárez","1000-01-01","Gobierno de la Ciudad de México",9,"Ciudad de México",3,"Coyoacán",1,"Coyoacán","Av. Anacahuita s/n","Pedregal de Santo Domingo","04369","55 5134 0770 ext 1806","https://pilares.cdmx.gob.mx/","coord_comunicacion@pilares.cdmx.gob.mx",-99.17113,19.33215,"http://sic.gob.mx/ficha.php?table=centro_cultural&table_id=3658","2024-06-10 13:36:37-06"
2829,"Casa de Pueblos y Barrios de Coyoacán Dr. Miguel León Portilla","2014-05-08","Consejo Delegacional de Pueblos y Barrios Originarios de Coyoacán/Delegación Coyoacán",9,"Ciudad de México",3,"Coyoacán",1,"Coyoacán","Real de los Reyes esq. Plazuela de los Reyes","Pueblo de los Reyes","04331"," 55 2120 5569","https://culturacoyoacan.com/houses-of-culture/","pueblosybarrioscoyoacan@gmail.com",-99.15305,19.33811,"http://sic.gob.mx/ficha.php?table=centro_cultural&table_id=2829","2025-12-18 19:38:47-06"
1646,"Casa Centenario","2011-09-01","Alcaldía Coyoacán",9,"Ciudad de México",3,"Coyoacán",1,"Coyoacán","Jardín Centenario 16","Col. Villa Coyoacán","04000","","https://coyoacan.cdmx.gob.mx/mapas/ForosCasasDeCultura/indexbicentenario.php","centrobenemerito@gmail.com",-99.16401,19.34887,"http://sic.gob.mx/ficha.php?table=centro_cultural&table_id=1646","2025-08-06 14:42:11-06"
1237,"Centro Cultural Universitario (UNAM)","1976-12-31","UNAM",9,"Ciudad de México",3,"Coyoacán",1,"Coyoacán","Av. Insurgentes Sur 3000","Ciudad Universitaria","04510","55 5622 7029","","montano.unam@gmail.com",-99.18492,19.31393,"http://sic.gob.mx/ficha.php?table=centro_cultural&table_id=1237","2026-01-21 14:03:56-06"
2440,"Fonoteca Nacional","2008-12-10","Secretaría de Cultura",9,"Ciudad de México",3,"Coyoacán",1,"Coyoacán","Francisco Sosa 383","Barrio de Santa Catarina","04010","55 4155 0950","https://fonotecanacional.cultura.gob.mx/","informesfonoteca@cultura.gob.mx",-99.17712,19.34972,"http://sic.gob.mx/ficha.php?table=centro_cultural&table_id=2440","2026-01-13 12:08:48-06"
3546,"PILARES El Reloj","1000-01-01","Secretaría de Cultura de la Ciudad de México",9,"Ciudad de México",3,"Coyoacán",1,"Coyoacán","Corola s/n","Col. El Reloj","04640","55 5134 0770 ext 1806","https://pilares.cdmx.gob.mx/","coord_comunicacion@pilares.cdmx.gob.mx",-99.14154,19.31748,"http://sic.gob.mx/ficha.php?table=centro_cultural&table_id=3546","2024-06-10 12:28:05-06"
1107,"Centro Cultural y Social Veracruzano","1993-10-11","Centro Cultural y Social Veracruzano, A.C.",9,"Ciudad de México",3,"Coyoacán",1,"Coyoacán","Av. Miguel Ángel de Quevedo 687 ","Col. Cuadrante de San Francisco","04320","55 5554 1633","http://centroveracruzano.blogspot.com/p/eventos_11.html","contacto@centroveracruzano.mx",-99.163,19.34412,"http://sic.gob.mx/ficha.php?table=centro_cultural&table_id=1107","2022-07-28 07:56:10-05"
3745,"PILARES Cantera Papatzin","2023-06-01","Gobierno de la Ciudad de México",9,"Ciudad de México",3,"Coyoacán",1,"Coyoacán","Rey Papatzin 73 A","Col. Ajusco","04300","55 5134 0770 ext 1806","https://pilares.cdmx.gob.mx/pilares/1783/cantera-papatzin","coord_comunicacion@pilares.cdmx.gob.mx",-99.16539,19.31227,"http://sic.gob.mx/ficha.php?table=centro_cultural&table_id=3745","2024-06-20 17:27:37-06"
2804,"Centro Cultural Los Talleresl Miguel Ángel de Quevedo","1000-01-01","Centro Cultural Los Talleres, A.C.",9,"Ciudad de México",3,"Coyoacán",1,"Coyoacán","Miguel Ángel de Quevedo 842","Col. La Concepción","04000","55 5659 4587","http://www.lostalleres.com.mx","talleres@prodigy.net.mx; difusion@forolostalleres.com",-99.15757,19.344,"http://sic.gob.mx/ficha.php?table=centro_cultural&table_id=2804","2025-04-21 13:25:28-06"
3309,"ArteFactum Espacio de Encuentro","2019-02-01","",9,"Ciudad de México",3,"Coyoacán",1,"Coyoacán","Canahutli 177","Col. Pedregal de Santo Domingo","04369","55 5908 4790","","mx.artefactum@gmail.com",-99.16194,19.35021,"http://sic.gob.mx/ficha.php?table=centro_cultural&table_id=3309","2020-05-21 12:44:40-05"
3508,"PILARES Villa Panamericana","2019-08-12","Gobierno de la Ciudad de México",9,"Ciudad de México",3,"Coyoacán",1,"Coyoacán","Av. Panamericana s/n","Pedregal de Carrasco","04700","55 5134 0770 ext 1806","https://pilares.cdmx.gob.mx/","coord_comunicacion@pilares.cdmx.gob.mx",-99.1737,19.30777,"http://sic.gob.mx/ficha.php?table=centro_cultural&table_id=3508","2025-08-21 17:45:54-06"
3563,"PILARES La Escuelita","1000-01-01","Gobierno de la Ciudad de México",9,"Ciudad de México",3,"Coyoacán",1,"Coyoacán","Canacuate s/n","Santo Domingo","04369","55 5134 0770 ext 1806","https://pilares.cdmx.gob.mx/","coord_comunicacion@pilares.cdmx.gob.mx",-99.16486,19.326,"http://sic.gob.mx/ficha.php?table=centro_cultural&table_id=3563","2024-06-13 13:07:50-06"
1435,"Casa de Cultura Jesús Reyes Heroles","1985-09-02","Alcaldía Coyoacán/Dirección General de Cultura",9,"Ciudad de México",3,"Coyoacán",1,"Coyoacán","Francisco Sosa  202","Barrio Santa Catarina","04010","55 5659 3937","","ccjesusreyesheroles1985@gmail.com",-99.17101,19.34929,"http://sic.gob.mx/ficha.php?table=centro_cultural&table_id=1435","2026-09-01 09:00:22-06"
976,"Casa de las Humanidades","2000-02-01","UNAM",9,"Ciudad de México",3,"Coyoacán",1,"Coyoacán","Av. Pdte. Carranza 162 esq. Tres Cruces","Col. Sta. Catarina","04000","55 5554 5579, 55 5658 1121","https://www.cashum.unam.mx/","difhum@unam.mx; pichardi@servidor.unam.mx; casadelashumanidades@humanidades.unam.mx",-99.16501,19.34758,"http://sic.gob.mx/ficha.php?table=centro_cultural&table_id=976","2024-10-07 13:10:46-06"
2626,"Centro Cultural y Artístico Danzite","2013-03-01","",9,"Ciudad de México",3,"Coyoacán",1,"Coyoacán","Malintzin 11-bis","Del Carmen Coyoacán","04300","55 18089457","https://www.danzite.com.mx/?fbclid=IwY2xjawFxGO1leHRuA2FlbQIxMAABHWnWkph-Ii5Svcs85uNLqYXic-tM_ZJVaCXoQtIYKxBrt-88mUqyOXOXHQ_aem_RhhHblUPg43_HvEnB9cIBw","mk.munguia@gmail.com; espacioculturaldanzite@gmail.com",-99.15775,19.35328,"http://sic.gob.mx/ficha.php?table=centro_cultural&table_id=2626","2024-10-21 14:12:06-06"
1109,"Centro Universitario Cultural CUC","1968-01-01","Centro Universitario Cultural, A.C.",9,"Ciudad de México",3,"Coyoacán",1,"Coyoacán","Odontología 35","Col. Copilco Universidad","04360","55 5659 6797","http://www.cuc.org.mx","dircultura@cuc.org.mx",-99.18193,19.33556,"http://sic.gob.mx/ficha.php?table=centro_cultural&table_id=1109","2024-10-07 14:36:18-06"
3723,"PILARES Carmen Serdán","2024-07-01","Gobierno de la Ciudad de México",9,"Ciudad de México",3,"Coyoacán",1,"Coyoacán","Calzada de la virgen s/n","Carmen Serdán","04480","55 5134 0770 ext 1806","https://pilares.cdmx.gob.mx/","coord_comunicacion@pilares.cdmx.gob.mx",-99.11299,19.32068,"http://sic.gob.mx/ficha.php?table=centro_cultural&table_id=3723","2025-10-10 18:48:54-06"
3281,"La Mano Jardín Cultural","2019-03-26","",9,"Ciudad de México",3,"Coyoacán",1,"Coyoacán","Av. Francisco Sosa 363","Col. Santa Catarina","04100","55 8376 8642","https://www.culturalamano.com/","info@culturalamano.com",-99.17648,19.34927,"http://sic.gob.mx/ficha.php?table=centro_cultural&table_id=3281","2026-01-22 17:31:11-06"
2352,"Casa de la Cultura El Reloj","1994-11-12","Alcaldía Coyoacán",9,"Ciudad de México",3,"Coyoacán",1,"Coyoacán","Corola s/n esq. Tallo y Polen","Col. El Reloj","04640","55 8984 2614","https://coyoacan.cdmx.gob.mx/mapas/ForosCasasDeCultura/indexelreloj.php","culturareloj@hotmail.com",-99.14157,19.31738,"http://sic.gob.mx/ficha.php?table=centro_cultural&table_id=2352","2025-08-07 14:04:09-06"
3483,"PILARES Emiliano Zapata","2019-03-29","Gobierno de la Ciudad de México",9,"Ciudad de México",3,"Coyoacán",1,"Coyoacán","José María Morelos 40","Emiliano Zapata","04460","55 5134 0770 ext 1806","https://pilares.cdmx.gob.mx/","coord_comunicacion@pilares.cdmx.gob.mx",-99.13788,19.32692,"http://sic.gob.mx/ficha.php?table=centro_cultural&table_id=3483","2025-10-20 17:06:00-06"
2665,"Centro Cultural Elena Garro","2012-10-05","Secretaría de Cultura/Educal, S.A. de C.V.",9,"Ciudad de México",3,"Coyoacán",1,"Coyoacán","Fernández Leal 43","Barrio de la Concepción","04020","55 5354 4000 exts. 4080, 4014 ","https://www.educal.com.mx/elenagarro/centro_cultural.html","informes.elenagarro@educal.com.mx",-99.15847,19.34854,"http://sic.gob.mx/ficha.php?table=centro_cultural&table_id=2665","2026-01-15 12:45:32-06"
1545,"Centro Cultural Ex Convento Carmelita del Desierto de los Leones","2000-01-01","Alcaldía Cuajimalpa",9,"Ciudad de México",4,"Cuajimalpa de Morelos",1,"Cuajimalpa de Morelos","Carr. a Desierto de los Leones s/n","Col. Cuajimalpa La Venta","05000","55 9131 9542","","egarcia@cuajimalpa.df.gob.mx",-99.31061,19.3133,"http://sic.gob.mx/ficha.php?table=centro_cultural&table_id=1545","2024-11-28 11:03:00-06"
1111,"Centro Cultural Cuajimalpa Morelos","1982-06-29","Alcaldía Cuajimalpa",9,"Ciudad de México",4,"Cuajimalpa de Morelos",1,"Cuajimalpa de Morelos","Av. Juárez s/n esq. Av. México","Col. Cuajimalpa","05050","55 5814 1100 ext. 2250","https://cuajimalpa.gob.mx/","jpc@cuajimalpa.cdmx.gob",-99.29839,19.3583,"http://sic.gob.mx/ficha.php?table=centro_cultural&table_id=1111","2025-04-03 13:31:06-06"
3571,"PILARES Zentlapatl","1000-01-01","Secretaría de Cultura de la Ciudad de México",9,"Ciudad de México",4,"Cuajimalpa de Morelos",1,"Cuajimalpa de Morelos","Puerto Escondido 8","Col. Zentlapatl","05010","55 5134 0770 ext 1806","https://pilares.cdmx.gob.mx/","coord_comunicacion@pilares.cdmx.gob.mx",-99.30952,19.35534,"http://sic.gob.mx/ficha.php?table=centro_cultural&table_id=3571","2024-06-13 07:48:21-06"
3753,"PILARES Cuajimalpa","1000-01-01","Gobierno de la Ciudad de México",9,"Ciudad de México",4,"Cuajimalpa de Morelos",1,"Cuajimalpa de Morelos","Guillermo Prieto s/n","Cuajimalpa","05000","55 5134 0770 ext 1806","https://pilares.cdmx.gob.mx/","coord_comunicacion@pilares.cdmx.gob.mx",-99.29938,19.35781,"http://sic.gob.mx/ficha.php?table=centro_cultural&table_id=3753","2024-06-18 14:24:32-06"
1546,"Centro Cultural Sor Juana Inés de la Cruz","1985-10-13","Alcaldía Cuajimalpa de Morelos",9,"Ciudad de México",4,"Cuajimalpa de Morelos",1,"Cuajimalpa de Morelos","Av. Jesús del Monte 334","Jesús del Monte","05260","(55) 5814 1128 ext. 2177","","jpc@cuajimalpa.cdmx.gob",-99.29345,19.36927,"http://sic.gob.mx/ficha.php?table=centro_cultural&table_id=1546","2025-04-03 13:34:45-06"
3620,"PILARES Contadero","2022-01-01","Gobierno de la Ciudad de México",9,"Ciudad de México",4,"Cuajimalpa de Morelos",60,"La Bolsa (El Encinal)","Prolongación 16 de Septiembre s/n","Col. Contadero","05500","56 3017 3340","https://pilares.cdmx.gob.mx/pilares/1658/contadero","coord_comunicacion@pilares.cdmx.gob.mx;comunidadpilarescontadero@gmail.com",-99.30269,19.34811,"http://sic.gob.mx/ficha.php?table=centro_cultural&table_id=3620","2025-09-08 19:13:43-06"
3540,"PILARES Benito Juárez García","2019-11-01","Gobierno de la Ciudad de México",9,"Ciudad de México",4,"Cuajimalpa de Morelos",67,"La Papa [Escuela Niños Héroes]","Andador Chamixto 174","Col. Loma del Padre","05010","55 5134 0770 ext 1806","https://pilares.cdmx.gob.mx/pilares/1578/benito-juarez","coord_comunicacion@pilares.cdmx.gob.mx",-99.30941,19.3482,"http://sic.gob.mx/ficha.php?table=centro_cultural&table_id=3540","2025-10-10 19:39:29-06"
3468,"PILARES Chimalpa","2019-02-15","Gobierno de la Ciudad de México",9,"Ciudad de México",4,"Cuajimalpa de Morelos",77,"Coatzehuaya","Porfirio Díaz s/n","San Pablo Chimalpa","05050","55 5134 0770 ext 1806","https://pilares.cdmx.gob.mx/","coord_comunicacion@pilares.cdmx.gob.mx",-99.31757,19.35306,"http://sic.gob.mx/ficha.php?table=centro_cultural&table_id=3468","2025-08-19 18:10:54-06"
1069,"Centro Cultural Rafael Solana del IMSS","1990-10-24","IMSS",9,"Ciudad de México",5,"Gustavo A. Madero",1,"Gustavo A. Madero","Av. Instituto Politécnico Nacional s/n esq. Eje Fortuna","Col. Magdalena de las Salinas","07760","55 5747 3500 ext. 25320","http://www.imss.gob.mx","victor-manuel58@hotmail.com",-99.13397,19.48622,"http://sic.gob.mx/ficha.php?table=centro_cultural&table_id=1069","2026-04-13 12:02:42-06"
2969,"Fábrica de Artes y Oficios (FARO) Aragón ","2016-06-17","Secretaría de Cultura de la Ciudad de México/Dirección General de Vinculación Cultural Comunitaria/Red de Faros",9,"Ciudad de México",5,"Gustavo A. Madero",1,"Gustavo A. Madero","Av. 517 s/n","Col. San Juan de Aragón, I Secc.","07969","55 5751 7923","https://www.cultura.cdmx.gob.mx/recintos/faro-aragon","difusion.faroaragon@gmail.com; culturacomunitariaweb@gmail.com",-99.09116,19.46129,"http://sic.gob.mx/ficha.php?table=centro_cultural&table_id=2969","2026-04-13 14:05:55-06"
2173,"Centro de Desarrollo Social y Cultural La Casilda","2009-01-01","Alcaldía Gustavo A. Madero/Dirección de Cultura y Deportes",9,"Ciudad de México",5,"Gustavo A. Madero",1,"Gustavo A. Madero","Adolfo López Mateos s/n","Col. La Casilda","07150","55 1366 40 45","","",-99.12585,19.55592,"http://sic.gob.mx/ficha.php?table=centro_cultural&table_id=2173","2026-04-13 13:29:07-06"
3664,"PILARES Girasol","2022-01-01","Secretaría de Cultura de la Ciudad de México",9,"Ciudad de México",5,"Gustavo A. Madero",1,"Gustavo A. Madero","Arroyo La Armella 2748","Col. Luis Donaldo Colosio","51003","55 5134 0770 ext 1806","https://pilares.cdmx.gob.mx/","coord_comunicacion@pilares.cdmx.gob.mx",-99.14733,19.56009,"http://sic.gob.mx/ficha.php?table=centro_cultural&table_id=3664","2025-10-28 18:06:50-06"
2175,"Centro Cultural Gertrudis Sanchez","2009-01-01","",9,"Ciudad de México",5,"Gustavo A. Madero",1,"Gustavo A. Madero","Norte 94 esq. Victoria","Col. Gertrudis Sánchez 2da. sección","07839","","","",-99.09701,19.46448,"http://sic.gob.mx/ficha.php?table=centro_cultural&table_id=2175","2026-04-13 13:04:23-06"
2167,"Casa de la Cultura Palmatitla","2003-03-13","Dirección de Cultura y Deportes",9,"Ciudad de México",5,"Gustavo A. Madero",1,"Gustavo A. Madero","Rubén Leñero Mza. 03, Lote 06","Col. Palmatitla ","07170","55 5306 2824","","centrogenerador510@gmail.com",-99.13404,19.55309,"http://sic.gob.mx/ficha.php?table=centro_cultural&table_id=2167","2026-04-13 11:45:34-06"
3666,"PILARES Ixhuatepec","2022-09-20","Secretaría de Cultura de la Ciudad de México",9,"Ciudad de México",5,"Gustavo A. Madero",1,"Gustavo A. Madero","Parque Nacional 1","Col. Lomas de San Juan Ixhuatepec","07360","55 5134 0770 ext 1806","https://pilares.cdmx.gob.mx/","coord_comunicacion@pilares.cdmx.gob.mx",-99.10854,19.50884,"http://sic.gob.mx/ficha.php?table=centro_cultural&table_id=3666","2025-10-09 18:59:03-06"
2174,"Centro de Desarrollo Social y Cultural Cuchilla del Tesoro","2009-01-01","Alcaldía Gustavo A. Madero",9,"Ciudad de México",5,"Gustavo A. Madero",1,"Gustavo A. Madero","Norte 1 entre Ote. 1 y Ote. 2","Col. Cuchilla del Tesoro","07900","55 2967 2912","","cdscuchilla@gmail.com",-99.05631,19.44723,"http://sic.gob.mx/ficha.php?table=centro_cultural&table_id=2174","2026-04-13 12:50:11-06"
3596,"PILARES Alí Chumacero","2021-01-01","Secretaría de Cultura de la Ciudad de México",9,"Ciudad de México",5,"Gustavo A. Madero",1,"Gustavo A. Madero","Guillermo Massieu Helguera 150","Col. La Purísima","07320","55 5134 0770 ext 1806","https://pilares.cdmx.gob.mx/","coord_comunicacion@pilares.cdmx.gob.mx",-99.13984,19.51214,"http://sic.gob.mx/ficha.php?table=centro_cultural&table_id=3596","2025-10-21 17:38:52-06"
3980,"Casa de Cultura La Villa","2018-08-09","Alcaldía Gustavo A. Madero ",9,"Ciudad de México",5,"Gustavo A. Madero",1,"Gustavo A. Madero","Calle 5 de febrero s/n, entre Garrido y Alberto Herrera","Col. Aragón la Villa","07000","","","casadeculturalavilla@gmail.com",-99.11311,19.48217,"http://sic.gob.mx/ficha.php?table=centro_cultural&table_id=3980","2026-04-13 09:13:59-06"
3672,"PILARES Progreso Nacional","2022-01-01","Gobierno de la Ciudad de México",9,"Ciudad de México",5,"Gustavo A. Madero",1,"Gustavo A. Madero","Av. Río de Los Remedios 330-326","Col. Progreso Nacional","07700","55 5134 0770 ext 1806","https://pilares.cdmx.gob.mx/","coord_comunicacion@pilares.cdmx.gob.mx",-99.15258,19.51647,"http://sic.gob.mx/ficha.php?table=centro_cultural&table_id=3672","2025-07-04 17:06:59-06"
3597,"PILARES Vasco de Quiroga","2021-07-01","Gobierno de la Ciudad de México",9,"Ciudad de México",5,"Gustavo A. Madero",1,"Gustavo A. Madero","Av. Ing. Eduardo Molina s/n","Col. Vasco de Quiroga","07440","55 5134 0770 ext 1806","https://pilares.cdmx.gob.mx/","coord_comunicacion@pilares.cdmx.gob.mx",-99.09076,19.4961,"http://sic.gob.mx/ficha.php?table=centro_cultural&table_id=3597","2025-07-04 17:02:45-06"
3578,"PILARES El Vivero","2020-09-27","Gobierno de la Ciudad de México",9,"Ciudad de México",5,"Gustavo A. Madero",1,"Gustavo A. Madero","Blanca Estela Pavon s/n ","Poblado Cuautepec I y II","07140","55 5134 0770 ext 1806","https://pilares.cdmx.gob.mx/","coord_comunicacion@pilares.cdmx.gob.mx",-99.1283,19.56211,"http://sic.gob.mx/ficha.php?table=centro_cultural&table_id=3578","2025-10-08 19:41:53-06"
3623,"PILARES Cuchilla del Tesoro","2019-11-07","Gobierno de la Ciudad de México",9,"Ciudad de México",5,"Gustavo A. Madero",1,"Gustavo A. Madero","Norte 1 y Oriente 9","Cuchilla del Tesoro","07900","55 5134 0770 ext 1806","https://pilares.cdmx.gob.mx/","coord_comunicacion@pilares.cdmx.gob.mx",-99.05278,19.44844,"http://sic.gob.mx/ficha.php?table=centro_cultural&table_id=3623","2025-10-06 18:03:05-06"
3671,"PILARES Santa María Ticomán","2023-01-01","Secretaría de Cultura de la Ciudad de México",9,"Ciudad de México",5,"Gustavo A. Madero",1,"Gustavo A. Madero","Calle 18 de marzo s/n","Col. La Laguna Ticomán","07340","55 5134 0770 ext 1806","https://pilares.cdmx.gob.mx/","coord_comunicacion@pilares.cdmx.gob.mx",-99.13318,19.51651,"http://sic.gob.mx/ficha.php?table=centro_cultural&table_id=3671","2025-10-31 17:20:50-06"
3663,"PILARES Castillo Chico","2022-01-01","Gobierno de la Ciudad de México",9,"Ciudad de México",5,"Gustavo A. Madero",1,"Gustavo A. Madero","1era Cda. Chimalpopoca 7 MZ. 35 LT. 23","Castillo Grande","07220","55 5134 0770 ext 1806","https://pilares.cdmx.gob.mx/","coord_comunicacion@pilares.cdmx.gob.mx",-99.13417,19.53992,"http://sic.gob.mx/ficha.php?table=centro_cultural&table_id=3663","2025-07-21 18:58:06-06"
3632,"PILARES Tablas de San Agustín","2021-01-01","Gobierno de la Ciudad de México",9,"Ciudad de México",5,"Gustavo A. Madero",1,"Gustavo A. Madero","Oriente 97 s/n esq. Norte 60","Col. Tablas de San Agustín","07860","55 5134 0770 ext 1806","https://pilares.cdmx.gob.mx/pilares/1670/tablas-de-san-agustin","pilares.sanagustin@gmail.com",-99.11367,19.4634,"http://sic.gob.mx/ficha.php?table=centro_cultural&table_id=3632","2025-08-27 19:21:55-06"
3393,"Casa de Cultura Santa Rosa GAM","2017-01-01","Alcaldía Gustavo A. Madero/Dirección Ejecutiva de Cultura, Recreación y Deporte",9,"Ciudad de México",5,"Gustavo A. Madero",1,"Gustavo A. Madero","C. 6-A núm. 3","Col. Santa Rosa","07620","55 2697 0419, 55 2279 9295","","casadeculturasantarosa@gmail.com",-99.16461,19.5209,"http://sic.gob.mx/ficha.php?table=centro_cultural&table_id=3393","2026-04-13 10:55:19-06"
1060,"Centro Cultural Jaime Torres Bodet (IPN)","1964-08-17","IPN/Difusión y Fomento a la Cultura",9,"Ciudad de México",5,"Gustavo A. Madero",1,"Gustavo A. Madero","Av. Wilfrido Massieu s/n esq. Av. Instituto Politécnico Nacional","Col. Lindavista","07738","55 5729 6000 exts. 53623 y 46190","http://www.cultura.ipn.mx/Paginas/inicio.aspx","dleyvas@ipn.mx,  culturaipn@ipn.mx",-99.13529,19.49616,"http://sic.gob.mx/ficha.php?table=centro_cultural&table_id=1060","2026-05-28 10:58:46-06"
1099,"Casa de Cultura José María Velasco","1996-10-19","Alcaldía Gustavo A. Madero",9,"Ciudad de México",5,"Gustavo A. Madero",1,"Gustavo A. Madero","Roberto Gayol s/n esq. Excelsior","Col. Guadalupe Insurgentes","07870","55 5517 1051","","judccjosemaria@gmail.com",-99.13141,19.47446,"http://sic.gob.mx/ficha.php?table=centro_cultural&table_id=1099","2026-04-13 08:57:41-06"
3071,"Casa de Cultura Carmen Aristegui","2011-05-27","Alcaldía Guatavo A. Madero",9,"Ciudad de México",5,"Gustavo A. Madero",1,"Gustavo A. Madero","Av. 604 s/n","Col. San Juan de Aragón IV Sección","07918","55 5212 9704","","casadeculturacarmenaristegui@gmail.com",-99.06379,19.4517,"http://sic.gob.mx/ficha.php?table=centro_cultural&table_id=3071","2026-04-13 08:29:14-06"
3667,"PILARES Malacates","2023-01-01","Gobierno de la Ciudad de México",9,"Ciudad de México",5,"Gustavo A. Madero",1,"Gustavo A. Madero","Aquiles Serdán s/n","Col. Malacates","07144","55 5134 0770 ext 1806","https://pilares.cdmx.gob.mx/","coord_comunicacion@pilares.cdmx.gob.mx",-99.12863,19.57502,"http://sic.gob.mx/ficha.php?table=centro_cultural&table_id=3667","2025-11-04 16:36:35-06"
2165,"Casa de Cultura Estrella José Martí","2000-07-19","Alcaldía Gustavo A. Madero",9,"Ciudad de México",5,"Gustavo A. Madero",1,"Gustavo A. Madero","Joyas s/n esq. Turquesa","Col. Estrella ","07810","55 5750 3231","","casadeculturaestrella@gmail.com",-99.1153,19.47487,"http://sic.gob.mx/ficha.php?table=centro_cultural&table_id=2165","2026-04-13 08:32:52-06"
3392,"Casa de Cultura Quetzalcóatl III","2022-09-10","Alcaldía Gustavo A. Madero/Dirección Ejecutiva de Cultura, Recreación y Deporte",9,"Ciudad de México",5,"Gustavo A. Madero",1,"Gustavo A. Madero","Santiago Jarillo Mz. 1","Col. Quetzalcóatl ","07130"," 55 9318 7250","","cdcquetzalcoatl3@gmail.com",-99.14153,19.55919,"http://sic.gob.mx/ficha.php?table=centro_cultural&table_id=3392","2024-12-09 13:03:15-06"
3531,"PILARES 100 Metros","2019-10-21","Secretaría de Cultura de la Ciudad de México",9,"Ciudad de México",5,"Gustavo A. Madero",1,"Gustavo A. Madero","Anillo Periferico s/n esq. Av Cien Metros","Col. Santiago Atepetlac","07640","55 5134 0770 ext 1806","https://pilares.cdmx.gob.mx/","coord_comunicacion@pilares.cdmx.gob.mx",-99.15881,19.52648,"http://sic.gob.mx/ficha.php?table=centro_cultural&table_id=3531","2025-11-05 17:31:44-06"
2179,"Centro de Arte Bicentenario Poeta Hugo Gutiérrez Vega","2010-10-14","Alcaldía Gustavo A. Madero",9,"Ciudad de México",5,"Gustavo A. Madero",1,"Gustavo A. Madero","Av. Sur de los Cien Metros s/n esq. Poniente 122","Col. Nueva Vallejo","07750","56 1686 1861","","centrodeartehugogv@gmail.com",-99.14671,19.48405,"http://sic.gob.mx/ficha.php?table=centro_cultural&table_id=2179","2026-04-13 12:06:57-06"
2177,"Centro Cultural Paco Ignacio Taibo ll","2009-08-13","Alcaldía Gustavo A. Madero",9,"Ciudad de México",5,"Gustavo A. Madero",1,"Gustavo A. Madero","Av. 414 s/n entre Av. 483 y Av. 481","Col. San Juan de Aragón, 7a. Sección","07920","55 5794 6634","https://www.facebook.com/pages/Centro-de-Desarrollo-Social-y-Cultural-Paco-Ignacio-Taibo-/367254176671907","CCpacoignaciotaiboii@hotmail.com",-99.07598,19.46934,"http://sic.gob.mx/ficha.php?table=centro_cultural&table_id=2177","2026-04-13 13:31:02-06"
3575,"PILARES La Muela","2020-02-24","Gobierno de la Ciudad de México",9,"Ciudad de México",5,"Gustavo A. Madero",1,"Gustavo A. Madero","Virginia Fábregas s/n","Col. Arbolillo II","07420","55 5134 0770 ext 1806","https://pilares.cdmx.gob.mx/pilares/1613/la-muela","coord_comunicacion@pilares.cdmx.gob.mx",-99.14398,19.53273,"http://sic.gob.mx/ficha.php?table=centro_cultural&table_id=3575","2025-09-29 15:52:44-06"
2181,"Centro de Arte y Cultura Futurama","2009-12-01","Alcaldía Gustavo A. Madero/Dirección de Cultura y Deportes",9,"Ciudad de México",5,"Gustavo A. Madero",1,"Gustavo A. Madero","Otavalo 7, esq. Av. Instituto Politécnico Nacional","Col. Lindavista","07708","","","juventudfuturama@gmail.com; futuramalatefuerte@gmail.com",-99.13335,19.49332,"http://sic.gob.mx/ficha.php?table=centro_cultural&table_id=2181","2026-04-13 12:11:28-06"
1066,"Casa de Cultura Juventino Rosas","1989-01-01","Alcaldía Gustavo A. Madero/Dirección de Cultura y Deportes",9,"Ciudad de México",5,"Gustavo A. Madero",1,"Gustavo A. Madero","Plan de San Luis 50","Col. Residencial La Escalera ","07320","55 5586 6160","","casaculturajuventinorosas@gmail.com",-99.13964,19.51244,"http://sic.gob.mx/ficha.php?table=centro_cultural&table_id=1066","2026-04-13 09:02:33-06"
3630,"PILARES Aragón VI","1000-01-01","Gobierno de la Ciudad de México",9,"Ciudad de México",5,"Gustavo A. Madero",1,"Gustavo A. Madero","Avenida 414 s/n","San Juan de Aragón VI Secc.","07918","55 5134 0770 ext 1806","https://pilares.cdmx.gob.mx/","coord_comunicacion@pilares.cdmx.gob.mx",-99.06572,19.46666,"http://sic.gob.mx/ficha.php?table=centro_cultural&table_id=3630","2024-12-04 12:59:54-06"
2170,"Centro de Desarrollo Social Comunitario Carlos Monsiváis","2009-01-01","Alcaldía Gustavo A. Madero/Dirección de Cultura y Recreación",9,"Ciudad de México",5,"Gustavo A. Madero",1,"Gustavo A. Madero","Camino del Triunfo, esq. Camino de la Enseñanza s/n","Campestre Aragón","07530","","","cdsccarlosmonsivais201@gmail.com",-99.08023,19.48435,"http://sic.gob.mx/ficha.php?table=centro_cultural&table_id=2170","2026-04-13 12:19:36-06"
2168,"Centro de Desarrollo Social y Cultural Aarón Gordián Martínez","2009-01-01","Alcalía Gustavo A. Madero",9,"Ciudad de México",5,"Gustavo A. Madero",1,"Gustavo A. Madero","Puerto Papantla entre Salina Cruz y Camino de la Liga","Col. Ampliación Casas Alemán ","","55 5118 2800 exts. 7220, 7221","","",-99.08131,19.48031,"http://sic.gob.mx/ficha.php?table=centro_cultural&table_id=2168","2026-04-13 12:22:38-06"
2169,"Centro de Desarrollo Social y Cultural Alí Chumacero","2009-01-01","Alcaldía Gustavo A. Madero",9,"Ciudad de México",5,"Gustavo A. Madero",1,"Gustavo A. Madero","Norte 60 s/n esq. Oriente 95","Col. Mártires de Río Blanco","07880","55 2603 2836","","",-99.11361,19.46264,"http://sic.gob.mx/ficha.php?table=centro_cultural&table_id=2169","2026-04-13 12:36:29-06"
3673,"PILARES Providencia","1000-01-01","Gobierno de la Ciudad de México",9,"Ciudad de México",5,"Gustavo A. Madero",1,"Gustavo A. Madero","Estado de Zacatecas esq. Estado de Morelos (Mercado 136 Providencia)","Providencia","07550","55 5134 0770 ext 1806","https://pilares.cdmx.gob.mx/","coord_comunicacion@pilares.cdmx.gob.mx",-99.07062,19.48466,"http://sic.gob.mx/ficha.php?table=centro_cultural&table_id=3673","2024-06-05 13:44:02-06"
3660,"PILARES Ampliación Providencia","2021-11-06","Gobierno de la Ciudad de México",9,"Ciudad de México",5,"Gustavo A. Madero",1,"Gustavo A. Madero","Volcán San Andrés Tuxtla 63","Colonia Ampliación Providencia","","55 5134 0770 ext 1806","https://pilares.cdmx.gob.mx/","coord_comunicacion@pilares.cdmx.gob.mx",-99.07021,19.4779,"http://sic.gob.mx/ficha.php?table=centro_cultural&table_id=3660","2025-06-09 17:27:07-06"
2182,"Centro de Desarrollo Social y Cultural Carlos Montemayor","2009-01-01","Gobierno dela Ciudad de México",9,"Ciudad de México",5,"Gustavo A. Madero",1,"Gustavo A. Madero","Cda. Gabriel Guerra s/n esq. Emiliano Zapata<br> U.H. El Arbolillo","Zona Escolar Oriente","07239","55 1365 4658","","",-99.14375,19.53849,"http://sic.gob.mx/ficha.php?table=centro_cultural&table_id=2182","2026-04-13 12:46:28-06"
2178,"Centro de Desarrollo Social y Cultural Primavera","2009-01-01","Dirección de Cultura y Deportes",9,"Ciudad de México",5,"Gustavo A. Madero",1,"Gustavo A. Madero","Primavera","Col. Candelaria Ticoman","07310","55 5118 2800","","",-99.13714,19.52256,"http://sic.gob.mx/ficha.php?table=centro_cultural&table_id=2178","2026-04-13 13:43:54-06"
3757,"PILARES Loma La Palma","1000-01-01","Gobierno de la Ciudad de México",9,"Ciudad de México",5,"Gustavo A. Madero",1,"Gustavo A. Madero","18 de Marzo esq. 5 de Mayo","Col. Loma la Palma","07160","55 5134 0770 ext 1806","https://pilares.cdmx.gob.mx/","coord_comunicacion@pilares.cdmx.gob.mx",-99.14282,19.54957,"http://sic.gob.mx/ficha.php?table=centro_cultural&table_id=3757","2024-06-25 11:51:04-06"
3628,"PILARES Joya de Nieves","2020-01-01","Gobierno de la Ciudad de México",9,"Ciudad de México",5,"Gustavo A. Madero",1,"Gustavo A. Madero","Área Natural Protegida Sierra de Guadalupe s/n","Zona de Conservación Ecológica","07145","55 5134 0770 ext 1806","https://pilares.cdmx.gob.mx/","coord_comunicacion@pilares.cdmx.gob.mx",-99.118,19.5592,"http://sic.gob.mx/ficha.php?table=centro_cultural&table_id=3628","2025-09-25 19:57:35-06"
2333,"Foro Cristina Payán","2009-01-01","Dirección de Cultura y Deportes",9,"Ciudad de México",5,"Gustavo A. Madero",1,"Gustavo A. Madero","Av. Ing. Eduardo Molina","Col. Nueva Atzacoalco","07040","55 3973 4605","","foroalairelibrecristinapayan@gmail.com",-99.08823,19.50167,"http://sic.gob.mx/ficha.php?table=centro_cultural&table_id=2333","2026-04-13 14:04:12-06"
3565,"PILARES Benemérito de las Américas","1000-01-01","Gobierno de la Ciudad de México",9,"Ciudad de México",5,"Gustavo A. Madero",1,"Gustavo A. Madero","Vicente Riva Palacio, esq. Melchor Ocampo","Col. Zona de Conservación Ecológica","07259","55 5134 0770 ext 1806","https://pilares.cdmx.gob.mx/pilares/1603/benemerito-de-las-americas","coord_comunicacion@pilares.cdmx.gob.mx",-99.13845,19.53501,"http://sic.gob.mx/ficha.php?table=centro_cultural&table_id=3565","2024-06-20 13:21:59-06"
2690,"Fábrica de Artes y Oficios (FARO) Indios Verdes","2006-06-20","Secretaría de Cultura de la Ciudad de México/Dirección General de Vinculación Cultural Comunitaria/Red de Faros",9,"Ciudad de México",5,"Gustavo A. Madero",1,"Gustavo A. Madero","Av Huitzilihuitl 51","Col. Santa Isabel Tola","07010","55 5781 6900","https://culturacomunitaria.cdmx.gob.mx/red-de-faros/faro-indios-verdes","elfaroindiosverdes@gmail.com",-99.11147,19.50327,"http://sic.gob.mx/ficha.php?table=centro_cultural&table_id=2690","2026-08-04 08:24:28-06"
3670,"PILARES Aragón II","2021-09-01","Gobierno de la Ciudad de México",9,"Ciudad de México",5,"Gustavo A. Madero",1,"Gustavo A. Madero","Av. 506 núm. 3914","Col. San Juan de Aragón II","07969","55 5134 0770 ext 1806","https://pilares.cdmx.gob.mx/pilares/1708/aragon-ii","coord_comunicacion@pilares.cdmx.gob.mx",-99.08552,19.45441,"http://sic.gob.mx/ficha.php?table=centro_cultural&table_id=3670","2025-10-21 17:22:26-06"
3633,"PILARES Tokio","1000-01-01","Gobierno de la Ciudad de México",9,"Ciudad de México",5,"Gustavo A. Madero",1,"Gustavo A. Madero","Tokio s/n ","Malacates","07119","55 5134 0770 ext 1806","https://pilares.cdmx.gob.mx/","coord_comunicacion@pilares.cdmx.gob.mx",-99.13498,19.5765,"http://sic.gob.mx/ficha.php?table=centro_cultural&table_id=3633","2024-06-14 14:26:26-06"
3470,"PILARES Tlalpexco","2019-02-17","Gobierno de la Ciudad de México",9,"Ciudad de México",5,"Gustavo A. Madero",1,"Gustavo A. Madero","Cda. Sauces s/n","Col. Tlalpexco","07188","55 5134 0770 ext 1806","https://pilares.cdmx.gob.mx/","coord_comunicacion@pilares.cdmx.gob.mx",-99.1257,19.54482,"http://sic.gob.mx/ficha.php?table=centro_cultural&table_id=3470","2025-09-02 16:16:45-06"
3727,"PILARES Chalma de Guadalupe","1000-01-01","Gobierno de la Ciudad de México",9,"Ciudad de México",5,"Gustavo A. Madero",1,"Gustavo A. Madero","Cda. Morelos 108","Col. Chalma de Guadalupe","07160","55 5134 0770 ext 1806","https://pilares.cdmx.gob.mx/","coord_comunicacion@pilares.cdmx.gob.mx",-99.15251,19.54586,"http://sic.gob.mx/ficha.php?table=centro_cultural&table_id=3727","2024-06-25 14:08:00-06"
3463,"PILARES Richard Wagner","2019-01-28","Gobierno de la Ciudad de México",9,"Ciudad de México",5,"Gustavo A. Madero",1,"Gustavo A. Madero","Carril 23 4A 301","San Juan Xalpa","07870","55 5134 0770 ext 1806","https://pilares.cdmx.gob.mx/","coord_comunicacion@pilares.cdmx.gob.mx",-99.12918,19.46552,"http://sic.gob.mx/ficha.php?table=centro_cultural&table_id=3463","2025-10-23 19:51:41-06"
3622,"PILARES Compositores Mexicanos","1000-01-01","Gobierno de la Ciudad de México",9,"Ciudad de México",5,"Gustavo A. Madero",1,"Gustavo A. Madero","Folklóricos Mexicanos s/n","Col. Compositores Mexicanos","07130","55 5134 0770 ext 1806","https://pilares.cdmx.gob.mx/","coord_comunicacion@pilares.cdmx.gob.mx",-99.13942,19.56687,"http://sic.gob.mx/ficha.php?table=centro_cultural&table_id=3622","2024-06-13 12:29:12-06"
3665,"PILARES Tixtla","1000-01-01","Gobierno de la Ciudad de México",9,"Ciudad de México",5,"Gustavo A. Madero",1,"Gustavo A. Madero","Cabo San Lucas Mz.14B Lt. 5","Col. Gabriel Hernández","07080","55 5134 0770 ext 1806","https://pilares.cdmx.gob.mx/","coord_comunicacion@pilares.cdmx.gob.mx",-99.10044,19.50086,"http://sic.gob.mx/ficha.php?table=centro_cultural&table_id=3665","2024-06-12 12:05:58-06"
3625,"PILARES Gertrudis Sánchez","1000-01-01","Gobierno de la Ciudad de México",9,"Ciudad de México",5,"Gustavo A. Madero",1,"Gustavo A. Madero","Av. Henry Ford S/N","Col. Gertrudis Sánchez II Secc.","07839","55 5134 0770 ext 1806","https://pilares.cdmx.gob.mx/","coord_comunicacion@pilares.cdmx.gob.mx",-99.1014,19.46405,"http://sic.gob.mx/ficha.php?table=centro_cultural&table_id=3625","2024-06-10 17:12:59-06"
3662,"PILARES Santiago Atzacoalco","1000-01-01","Gobierno de la Ciudad de México",9,"Ciudad de México",5,"Gustavo A. Madero",1,"Gustavo A. Madero","Cabo Finisterre 1","Col. Pueblo Santiago Atzacoalco","","55 5134 0770 ext 1806","https://pilares.cdmx.gob.mx/","coord_comunicacion@pilares.cdmx.gob.mx",-99.09743,19.49846,"http://sic.gob.mx/ficha.php?table=centro_cultural&table_id=3662","2024-07-01 14:35:37-06"
3559,"PILARES Nueva Atzacoalco","1000-01-01","Secretaría de Cultura de la Ciudad de México",9,"Ciudad de México",5,"Gustavo A. Madero",1,"Gustavo A. Madero","Av. 314 "," Col. Nueva Atzacoalco","07420","55 5134 0770 ext 1806","https://pilares.cdmx.gob.mx/","coord_comunicacion@pilares.cdmx.gob.mx",-99.08465,19.50066,"http://sic.gob.mx/ficha.php?table=centro_cultural&table_id=3559","2024-06-11 11:50:10-06"
3669,"PILARES Salvador Díaz Mirón","1000-01-01","Secretaría de Cultura de la Ciudad de México",9,"Ciudad de México",5,"Gustavo A. Madero",1,"Gustavo A. Madero","Ote. 155-B 3418","Col. Salvador Díaz Mirón","07400","55 5134 0770 ext 1806","https://pilares.cdmx.gob.mx/","coord_comunicacion@pilares.cdmx.gob.mx",-99.09921,19.488,"http://sic.gob.mx/ficha.php?table=centro_cultural&table_id=3669","2024-06-11 12:01:54-06"
3554,"PILARES Ejidos de San Juan de Aragón ","1000-01-01","Secretaría de Cultura de la Ciudad de México",9,"Ciudad de México",5,"Gustavo A. Madero",1,"Gustavo A. Madero","Av. Puerto de Palos  ","Col. Ejidos de San Juan de Aragón ","07940 ","55 5134 0770 ext 1806","https://pilares.cdmx.gob.mx/","coord_comunicacion@pilares.cdmx.gob.mx",-99.09131,19.46953,"http://sic.gob.mx/ficha.php?table=centro_cultural&table_id=3554","2024-06-11 11:29:19-06"
3668,"PILARES Martín Carrera","1000-01-01","Gobierno de la Ciudad de México",9,"Ciudad de México",5,"Gustavo A. Madero",1,"Gustavo A. Madero","Francisco Echeverría 315","Martín Carrera","07070","55 5134 0770 ext 1806","https://pilares.cdmx.gob.mx/","coord_comunicacion@pilares.cdmx.gob.mx",-99.11315,19.4856,"http://sic.gob.mx/ficha.php?table=centro_cultural&table_id=3668","2024-06-19 11:12:51-06"
3627,"PILARES Héroes de Cerro Prieto","1000-01-01","Gobierno de la Ciudad de México",9,"Ciudad de México",5,"Gustavo A. Madero",1,"Gustavo A. Madero","Rublos 57","Col. Héroes de Cerro Prieto","07960","55 5134 0770 ext 1806","https://cartelera.cdmx.gob.mx/5663/30-10-2022/casita-del-terror-pilares-heroes-de-cerro-prieto","coord_comunicacion@pilares.cdmx.gob.mx",-99.09699,19.45256,"http://sic.gob.mx/ficha.php?table=centro_cultural&table_id=3627","2024-06-12 12:33:08-06"
3624,"PILARES Estrella ","1000-01-01","Secretaría de Cultura de la Ciudad de México",9,"Ciudad de México",5,"Gustavo A. Madero",1,"Gustavo A. Madero","Escuela s/n","Col. Estrella ","07810 ","55 5134 0770 ext 1806","https://pilares.cdmx.gob.mx/","coord_comunicacion@pilares.cdmx.gob.mx",-99.11571,19.47593,"http://sic.gob.mx/ficha.php?table=centro_cultural&table_id=3624","2024-06-11 10:48:33-06"
3517,"PILARES Centenario","2019-09-02","Gobierno de la Ciudad de México",9,"Ciudad de México",5,"Gustavo A. Madero",1,"Gustavo A. Madero","Av. Centenario esq. Av. Río de los Remedios","Col. Juan González Romero","07410","55 5134 0770 ext 1806","https://www.jefaturadegobierno.cdmx.gob.mx/comunicacion/nota/inaugura-gobierno-de-la-ciudad-de-mexico-pilares-centenario-en-la-alcaldia-gustavo-madero","coord_comunicacion@pilares.cdmx.gob.mx",-99.09059,19.50892,"http://sic.gob.mx/ficha.php?table=centro_cultural&table_id=3517","2024-06-12 12:29:23-06"
3569,"PILARES Magdalena de las Salinas","1000-01-01","Secretaría de Cultura de la Ciudad de México",9,"Ciudad de México",5,"Gustavo A. Madero",1,"Gustavo A. Madero","Pte. 114","Col. Magdalena de las Salinas","07760","55 5134 0770 ext 1806","https://pilares.cdmx.gob.mx/","coord_comunicacion@pilares.cdmx.gob.mx",-99.14622,19.47906,"http://sic.gob.mx/ficha.php?table=centro_cultural&table_id=3569","2024-06-11 11:46:40-06"
3758,"PILARES San Felipe de Jesús II","1000-01-01","Gobierno de la Ciudad de México",9,"Ciudad de México",5,"Gustavo A. Madero",1,"Gustavo A. Madero","Tamazula s/n","San Felipe de Jesús","07510","55 5134 0770 ext 1806","https://pilares.cdmx.gob.mx/","coord_comunicacion@pilares.cdmx.gob.mx",-99.07674,19.49312,"http://sic.gob.mx/ficha.php?table=centro_cultural&table_id=3758","2024-06-06 13:23:52-06"
3626,"PILARES Gran Canal","1000-01-01","Secretaría de Cultura de la Ciudad de México",9,"Ciudad de México",5,"Gustavo A. Madero",1,"Gustavo A. Madero","Av. Gran Canal del Desagüe 6828","Col. Casas Alemán","07580","55 5134 0770 ext 1806","https://pilares.cdmx.gob.mx/","coord_comunicacion@pilares.cdmx.gob.mx",-99.08934,19.48057,"http://sic.gob.mx/ficha.php?table=centro_cultural&table_id=3626","2024-06-07 07:36:41-06"
3634,"PILARES Tres Estrellas ","2021-11-17","Secretaría de Cultura de la Ciudad de México",9,"Ciudad de México",5,"Gustavo A. Madero",1,"Gustavo A. Madero","Av. Tesoro","Col. 3 Estrellas ","07820","55 5134 0770 ext 1806","https://pilares.cdmx.gob.mx/","coord_comunicacion@pilares.cdmx.gob.mx",-99.11102,19.47133,"http://sic.gob.mx/ficha.php?table=centro_cultural&table_id=3634","2025-06-06 16:00:23-06"
3746,"PILARES Ramón Corona","1000-01-01","Secretaría de Cultura de la Ciudad de México",9,"Ciudad de México",5,"Gustavo A. Madero",1,"Gustavo A. Madero","La Esperanza s/n","Col. Industrial","07800","55 5134 0770 ext 1806","https://pilares.cdmx.gob.mx/","coord_comunicacion@pilares.cdmx.gob.mx",-99.12402,19.47706,"http://sic.gob.mx/ficha.php?table=centro_cultural&table_id=3746","2024-06-11 09:19:28-06"
3469,"PILARES Benita Galeana","1000-01-01","Secretaría de Cultura de la Ciudad de México",9,"Ciudad de México",5,"Gustavo A. Madero",1,"Gustavo A. Madero","Av. Canal del Desagüe ","Col. Nueva Tenochtitlan ","07890","55 5134 0770 ext 1806","https://pilares.cdmx.gob.mx/","coord_comunicacion@pilares.cdmx.gob.mx",-99.10051,19.45529,"http://sic.gob.mx/ficha.php?table=centro_cultural&table_id=3469","2024-06-11 11:44:10-06"
3674,"PILARES Villa de Aragón","2022-01-15","Secretaría de Cultura de la Ciudad de México",9,"Ciudad de México",5,"Gustavo A. Madero",1,"Gustavo A. Madero","Av. Carlos Hank González","Col. Villa de Aragón","07570","55 5134 0770 ext 1806","https://pilares.cdmx.gob.mx/","coord_comunicacion@pilares.cdmx.gob.mx",-99.05823,19.46283,"http://sic.gob.mx/ficha.php?table=centro_cultural&table_id=3674","2025-09-02 18:20:12-06"
3661,"PILARES Bosque de Aragón","1000-01-01","Secretaría de Cultura de la Ciudad de México",9,"Ciudad de México",5,"Gustavo A. Madero",1,"Gustavo A. Madero","Int. Bosque de Aragón, Av. 510","Pueblo de San Juan de Aragón","07920","55 5134 0770 ext 1806","https://pilares.cdmx.gob.mx/","coord_comunicacion@pilares.cdmx.gob.mx",-99.07764,19.46336,"http://sic.gob.mx/ficha.php?table=centro_cultural&table_id=3661","2024-06-10 11:16:38-06"
3726,"PILARES Candelaria Ticomán","1000-01-01","Secretaría de Cultura de la Ciudad de México",9,"Ciudad de México",5,"Gustavo A. Madero",1,"Gustavo A. Madero","Inspectores de la Luz 7","Col. Candelaria Ticomán","07310","55 5134 0770 ext 1806","https://pilares.cdmx.gob.mx/","coord_comunicacion@pilares.cdmx.gob.mx",-99.13248,19.52263,"http://sic.gob.mx/ficha.php?table=centro_cultural&table_id=3726","2024-06-11 07:49:42-06"
3573,"PILARES Puerto Mazatlán","1000-01-01","Gobierno de la Ciudad de México",9,"Ciudad de México",5,"Gustavo A. Madero",1,"Gustavo A. Madero","Av. Ticoman y Av. Cuautepec s/n","Jorge Negrete","07310","55 5134 0770 ext 1806","https://pilares.cdmx.gob.mx/","coord_comunicacion@pilares.cdmx.gob.mx",-99.14195,19.52141,"http://sic.gob.mx/ficha.php?table=centro_cultural&table_id=3573","2024-06-10 09:38:45-06"
3598,"PILARES San Felipe de Jesús","2021-01-01","Gobierno de la Ciudad de México",9,"Ciudad de México",5,"Gustavo A. Madero",1,"Gustavo A. Madero","Av. León de los Aldamas s/n","San Felipe de Jesús","07510 ","55 5134 0770 ext 1806","https://pilares.cdmx.gob.mx/","coord_comunicacion@pilares.cdmx.gob.mx",-99.07427,19.50088,"http://sic.gob.mx/ficha.php?table=centro_cultural&table_id=3598","2025-07-22 19:25:02-06"
3629,"PILARES Revolución ","1000-01-01","Secretaría de Cultura de la Ciudad de México",9,"Ciudad de México",5,"Gustavo A. Madero",1,"Gustavo A. Madero","Río Rivera s/n","Col. Zona Escolar Oriente","07239","55 5134 0770 ext 1806","https://pilares.cdmx.gob.mx/","coord_comunicacion@pilares.cdmx.gob.mx",-99.14198,19.54092,"http://sic.gob.mx/ficha.php?table=centro_cultural&table_id=3629","2024-06-11 11:58:23-06"
3631,"PILARES Aragón VII","1000-01-01","Secretaría de Cultura de la Ciudad de México",9,"Ciudad de México",5,"Gustavo A. Madero",1,"Gustavo A. Madero","Av. 414 s/n","Col. San Juan de Aragón VII Secc.","07910","55 5134 0770 ext 1806","https://pilares.cdmx.gob.mx/","coord_comunicacion@pilares.cdmx.gob.mx",-99.07514,19.47136,"http://sic.gob.mx/ficha.php?table=centro_cultural&table_id=3631","2024-06-10 12:15:01-06"
3408,"Centro Cultural de las Artes de Iztacalco","2019-05-31","Alcaldía Iztacalco ",9,"Ciudad de México",6,"Iztacalco",1,"Iztacalco","Ote. 120","Col. Cuchilla Ramos Millán","08020 ","55 5700 3464","http://www.iztacalco.cdmx.gob.mx/inicio/index.php/notasportada/cultura","centroculturalartesiz@gmail.com",-99.09387,19.38678,"http://sic.gob.mx/ficha.php?table=centro_cultural&table_id=3408","2026-03-05 14:51:16-06"
3512,"PILARES La Fortaleza","2019-08-13","Gobierno de la Ciudad de México",9,"Ciudad de México",6,"Iztacalco",1,"Iztacalco","Oriente 116","Col. Gabriel Ramos Millán secc. Cuchilla","08030","55 5134 0770 ext 1806","https://pilares.cdmx.gob.mx/","coord_comunicacion@pilares.cdmx.gob.mx",-99.09174,19.38794,"http://sic.gob.mx/ficha.php?table=centro_cultural&table_id=3512","2024-06-19 10:32:32-06"
1053,"Casa de Cultura Flamingos","2003-03-07","Alcaldía Iztacalco",9,"Ciudad de México",6,"Iztacalco",1,"Iztacalco","And. Sur 7 s/n esq. Playa Flamingos","Col. Militar Marte","08830","55 5633 4029","","flamingos1821@hotmail.com",-99.12579,19.37938,"http://sic.gob.mx/ficha.php?table=centro_cultural&table_id=1053","2026-03-05 14:55:34-06"
3300,"Centro Cultural Foro la Cura","2013-01-01","",9,"Ciudad de México",6,"Iztacalco",1,"Iztacalco","Marcos Carrillo 356","Col. Viaducto Piedad","08200","55 4495 6332","","forolacuraproducciones@gmail.com",-99.13418,19.39909,"http://sic.gob.mx/ficha.php?table=centro_cultural&table_id=3300","2025-06-25 17:23:44-06"
3587,"PILARES Mártires del 10 de Junio","2024-06-10","Gobierno de la Ciudad de México",9,"Ciudad de México",6,"Iztacalco",1,"Iztacalco","Av. Plutarco Elias Calles esq. Av. Coyuya","Granjas México","08620","55 5134 0770 ext 1806","https://pilares.cdmx.gob.mx/","coord_comunicacion@pilares.cdmx.gob.mx",-99.11402,19.39822,"http://sic.gob.mx/ficha.php?table=centro_cultural&table_id=3587","2025-12-16 17:29:30-06"
3675,"PILARES Agrícola Oriental","2022-06-24","Gobierno de la Ciudad de México",9,"Ciudad de México",6,"Iztacalco",1,"Iztacalco","Sur 28 s/n entre oriente 255 y oriente 259","Col. Agrícola Oriental","08500","55 5134 0770 ext 1806","https://pilares.cdmx.gob.mx/","coord_comunicacion@pilares.cdmx.gob.mx",-99.06519,19.38499,"http://sic.gob.mx/ficha.php?table=centro_cultural&table_id=3675","2024-06-11 13:58:21-06"
1081,"Casa de Cultura Sur 20","1000-01-01","Alcaldía Iztacalco",9,"Ciudad de México",6,"Iztacalco",1,"Iztacalco","Oriente 229 s/n esq. Av. Sur 20","Col. Agrícola Oriental","08500","55 5803 0000, 5654 3133","","",-99.08165,19.39328,"http://sic.gob.mx/ficha.php?table=centro_cultural&table_id=1081","2026-03-05 14:52:08-06"
3599,"PILARES Tezontle","1000-01-01","Secretaría de Cultura de la Ciudad de México",9,"Ciudad de México",6,"Iztacalco",1,"Iztacalco","Av. Canal Tezontle y Eje 3 Oriente ","Col. Picos Iztacalco 1b ","08930","55 5134 0770 ext 1806","https://pilares.cdmx.gob.mx/","coord_comunicacion@pilares.cdmx.gob.mx",-99.11238,19.38834,"http://sic.gob.mx/ficha.php?table=centro_cultural&table_id=3599","2024-06-11 11:21:03-06"
3584,"PILARES Iztaccíhatl ","2022-01-01","Secretaría de Cultura de la Ciudad de México",9,"Ciudad de México",6,"Iztacalco",1,"Iztacalco","Playa Erizo y Playa Azul","Col . Reforma Iztaccihuatl Nte.","08810 ","55 5134 0770 ext 1806","https://pilares.cdmx.gob.mx/","coord_comunicacion@pilares.cdmx.gob.mx",-99.13046,19.38625,"http://sic.gob.mx/ficha.php?table=centro_cultural&table_id=3584","2025-08-25 16:58:39-06"
3472,"PILARES Agrícola Pantitlán","2019-01-01","Gobierno de la Ciudad de México",9,"Ciudad de México",6,"Iztacalco",1,"Iztacalco","Calle 1 s/n esq. Av. Guadalupe ","Col. Agrícola Pantitlán","08100","55 5134 0770 ext 1806","https://pilares.cdmx.gob.mx/","coord_comunicacion@pilares.cdmx.gob.mx",-99.06827,19.4152,"http://sic.gob.mx/ficha.php?table=centro_cultural&table_id=3472","2025-09-24 19:23:55-06"
3647,"PILARES Santa Anita","1000-01-01","Gobierno de la Ciudad de México",9,"Ciudad de México",6,"Iztacalco",1,"Iztacalco","H. Congreso de la Unión","Col. Santa Anita","08300","55 5134 0770 ext 1806","https://pilares.cdmx.gob.mx/","coord_comunicacion@pilares.cdmx.gob.mx",-99.12155,19.4038,"http://sic.gob.mx/ficha.php?table=centro_cultural&table_id=3647","2024-07-01 13:58:30-06"
1509,"Casa de Cultura Siete Barrios","1974-10-30","Alcaldía Iztacalco",9,"Ciudad de México",6,"Iztacalco",1,"Iztacalco","San Miguel s/n esq. Juárez","Barrio la Asunción","08600","55 5634 7396","","salvil77@hotmail.com",-99.12124,19.3904,"http://sic.gob.mx/ficha.php?table=centro_cultural&table_id=1509","2026-03-05 14:53:10-06"
1086,"Casa de Cultura Mariano Matamoros","1996-03-21","Alcaldía Iztacalco",9,"Ciudad de México",6,"Iztacalco",1,"Iztacalco","Playa Erizo s/n esq. Playa Caleta  (parque de los patos)","Col. Reforma Iztaccíhuatl Norte","08840","55 5657 9482","","eliza091072@yahoo.com",-99.13048,19.38601,"http://sic.gob.mx/ficha.php?table=centro_cultural&table_id=1086","2026-03-05 14:54:14-06"
3521,"PILARES Rojo Gómez","1000-01-01","Secretaría de Cultura de la Ciudad de México",9,"Ciudad de México",6,"Iztacalco",1,"Iztacalco","Eje 5 Ote. Javier Rojo Gómez 33 esq. Calz. Ignacio Zaragoza","Col. Agricola Oriental","08500","55 5134 0770 ext 1806","https://pilares.cdmx.gob.mx/","coord_comunicacion@pilares.cdmx.gob.mx",-99.07087,19.40473,"http://sic.gob.mx/ficha.php?table=centro_cultural&table_id=3521","2024-06-07 10:34:22-06"
1080,"Casa de la Cultura Las Jarillas","2002-04-22","Casa de la Cultura Las Jarillas, S.C. de R.L. de C.V.",9,"Ciudad de México",6,"Iztacalco",1,"Iztacalco","Lateral de Plutarco Elías Calles s/n esq. Sur 109","Col. Gabriel Ramos Millán","08720","55 1487 8782","","miguelitos2526@gmail.com; miguelitos2526@hotmail.com",-99.10989,19.39739,"http://sic.gob.mx/ficha.php?table=centro_cultural&table_id=1080","2023-09-07 07:49:05-06"
3471,"PILARES José Marti","2019-02-22","Secretaría de Cultura de la Ciudad de México",9,"Ciudad de México",6,"Iztacalco",1,"Iztacalco","Juárez 2","Col. La Asunción","08600","55 5134 0770 ext 1806","https://pilares.cdmx.gob.mx/","coord_comunicacion@pilares.cdmx.gob.mx",-99.12122,19.39048,"http://sic.gob.mx/ficha.php?table=centro_cultural&table_id=3471","2025-10-22 16:40:54-06"
1511,"Casa de Cultura Inpi Picos (Las Abejas)","2002-10-05","Alcaldía Iztacalco",9,"Ciudad de México",6,"Iztacalco",1,"Iztacalco","Federico G. Bating s/n","Col. Inpi Picos","08770","55 5648 4678","","",-99.10284,19.38782,"http://sic.gob.mx/ficha.php?table=centro_cultural&table_id=1511","2026-03-05 14:54:47-06"
1513,"Casa de Cultura Benito Juárez","2000-02-24","Alcaldía Iztacalco",9,"Ciudad de México",6,"Iztacalco",1,"Iztacalco","Av. Té s/n, Plaza Benito Juárez","Col. Gabriel Ramos Millán","08000","55 5654 3333 ","","",-99.09722,19.39572,"http://sic.gob.mx/ficha.php?table=centro_cultural&table_id=1513","2026-03-05 14:51:39-06"
3493,"PILARES Paquita Calvo Zapata","1000-01-01","Gobierno de la Ciudad de México",9,"Ciudad de México",6,"Iztacalco",1,"Iztacalco","Calle lenguas indígenas 31","Carlos Zapata Vela","08040","55 5134 0770 ext 1806","https://pilares.cdmx.gob.mx/","coord_comunicacion@pilares.cdmx.gob.mx",-99.09672,19.38245,"http://sic.gob.mx/ficha.php?table=centro_cultural&table_id=3493","2024-06-10 11:57:36-06"
1052,"Foro Cultural 2 de Octubre","1998-03-04","Alcaldía Iztacalco",9,"Ciudad de México",6,"Iztacalco",1,"Iztacalco","Valentín Gómez Farías s/n","Col. Campamento 2 de Octubre","08930","55 5648 4910","http://www.iztacalco.df.gob.mx/portal/index.php/cultura/casas-de-cultura","darioruben68@hotmail.com",-99.11643,19.38353,"http://sic.gob.mx/ficha.php?table=centro_cultural&table_id=1052","2026-03-05 14:52:33-06"
2744,"Casa de Cultura Amalia Solórzano de Cárdenas","2009-08-01","Alcaldía Iztacalco",9,"Ciudad de México",6,"Iztacalco",1,"Iztacalco","Playa Icacos s/n esq. Playa Rosarito","Barrio Santiago Sur","08800","55 2621 3399","","amaliasolorzanocasadecultura@gmail.com",-99.12576,19.38785,"http://sic.gob.mx/ficha.php?table=centro_cultural&table_id=2744","2026-03-05 14:56:06-06"
1508,"Centro de Arte y Oficios de Iztacalco","1000-01-01","Alcaldía Iztacalco",9,"Ciudad de México",6,"Iztacalco",1,"Iztacalco","Julio García s/n esq. Anastasio Bustamante","Barrio Los Reyes","08650","55 5657 0007 ext. 2331","http://www.iztacalco.df.gob.mx/portal/index.php/cultura/casas-de-cultura","mail.iztacalco.df.gob.mx/horde",-99.11485,19.39385,"http://sic.gob.mx/ficha.php?table=centro_cultural&table_id=1508","2026-03-05 14:55:11-06"
3688,"PILARES San Andrés Tetepilco","1000-01-01","Gobierno de la Ciudad de México",9,"Ciudad de México",7,"Iztapalapa",1,"Iztapalapa","Deportivo San Andrés, entrada por Andrés Molina Enríquez, entre San Andrés Tetepilco y Av. Municipio Libre","San Andrés Tetepilco","09440","55 5134 0770 ext 1806","https://pilares.cdmx.gob.mx/","coord_comunicacion@pilares.cdmx.gob.mx",-99.1309,19.3689,"http://sic.gob.mx/ficha.php?table=centro_cultural&table_id=3688","2024-06-06 13:25:13-06"
3734,"PILARES Zacatepec","1000-01-01","Secretaría de Cultura de la Ciudad de México",9,"Ciudad de México",7,"Iztapalapa",1,"Iztapalapa","Camino Real ","Col Campestre Potrero ","09737 ","55 5134 0770 ext 1806","https://pilares.cdmx.gob.mx/","coord_comunicacion@pilares.cdmx.gob.mx",-98.97328,19.32617,"http://sic.gob.mx/ficha.php?table=centro_cultural&table_id=3734","2024-06-11 10:48:11-06"
3807,"Utopía Meyehualco","2021-12-04","Alcaldía Iztapalapa",9,"Ciudad de México",7,"Iztapalapa",1,"Iztapalapa","Calle 71 y Calz. Ermita Iztapalapa","Santa Cruz Meyehualco, Iztapalapa","09060","55 5445 1076  ","https://utopias.mx/utopia-meyehualco-iztapalapa-cdmx-mexico.php","talleresculturaiztapalapa@gmail.com; Hola@UtopiasIztapalapa.com",-99.04932,19.34613,"http://sic.gob.mx/ficha.php?table=centro_cultural&table_id=3807","2025-01-20 11:27:51-06"
3801,"Utopía Cuauhtlicalli Aculco","2021-03-30","Alcaldía Iztapalapa",9,"Ciudad de México",7,"Iztapalapa",1,"Iztapalapa","Alfonso del Toro esq. Fausto Vega","Col. Escuadrón 201, Territorial Aculco","09060","55 5445 1076  ","https://utopias.mx/utopia-cuauhtlicalli-aculco-iztapalapa-cdmx-mexico.php","talleresculturaiztapalapa@gmail.com",-99.11063,19.36694,"http://sic.gob.mx/ficha.php?table=centro_cultural&table_id=3801","2025-02-26 15:12:24-06"
3759,"PILARES Marcelino Buendía","2023-01-01","Secretaría de Cultura de la Ciudad de México",9,"Ciudad de México",7,"Iztapalapa",1,"Iztapalapa","Calle 17 mz 162 lt. 1844-B","Col.  Leyes de Reforma 3ra Secc","09310","55 5134 0770 ext 1806","https://pilares.cdmx.gob.mx/","coord_comunicacion@pilares.cdmx.gob.mx",-99.06941,19.38047,"http://sic.gob.mx/ficha.php?table=centro_cultural&table_id=3759","2025-11-26 17:48:09-06"
3685,"PILARES La Comuna Iztapalapa","2021-12-16","Gobierno de la Ciudad de México",9,"Ciudad de México",7,"Iztapalapa",1,"Iztapalapa","Villa Jiloca 361","Desarrollo Urbano Quetzalcóatl","09700","55 5134 0770 ext 1806","https://pilares.cdmx.gob.mx/","coord_comunicacion@pilares.cdmx.gob.mx",-99.03949,19.32684,"http://sic.gob.mx/ficha.php?table=centro_cultural&table_id=3685","2025-06-09 19:24:41-06"
3482,"PILARES Central de Abastos","2019-03-21","Gobierno de la Ciudad de México",9,"Ciudad de México",7,"Iztapalapa",1,"Iztapalapa","Canal Río Churubusco s/n","Área Federal Central de Abastos","09040","55 5134 0770 ext 1806","https://pilares.cdmx.gob.mx/","coord_comunicacion@pilares.cdmx.gob.mx",-99.09918,19.37372,"http://sic.gob.mx/ficha.php?table=centro_cultural&table_id=3482","2024-06-25 11:24:07-06"
3808,"Utopía Estrella Huizachtépetl","2024-09-30","Alcaldía Iztapalapa",9,"Ciudad de México",7,"Iztapalapa",1,"Iztapalapa","Av. San Lorenzo 312","Col. San Juan Xalpa","09850","55 5443 9349, 55 5445 1077 ","https://www.utopiasiztapalapa.com/","talleresculturaiztapalapa@gmail.com",-99.07649,19.33923,"http://sic.gob.mx/ficha.php?table=centro_cultural&table_id=3808","2025-01-17 12:39:58-06"
3760,"PILARES Arcoíris","2019-01-01","Gobierno de la Ciudad de México",9,"Ciudad de México",7,"Iztapalapa",1,"Iztapalapa","Calle Humberto G. Tamayo s/n 1","Humberto G. Tamayo","09208","55 5134 0770 ext 1806","https://pilares.cdmx.gob.mx/","coord_comunicacion@pilares.cdmx.gob.mx",-99.04797,19.37773,"http://sic.gob.mx/ficha.php?table=centro_cultural&table_id=3760","2025-10-24 17:04:48-06"
3687,"PILARES Eduardo Galeano","2022-01-01","Gobierno de la Ciudad de México",9,"Ciudad de México",7,"Iztapalapa",1,"Iztapalapa","Vicente Guerrero esq. Pedro Vélez","Col. Presidentes de México","09740","55 5134 0770 ext 1806","https://premioobrascemex.com/pilares-presidentes-de-mexico","coord_comunicacion@pilares.cdmx.gob.mx",-99.05666,19.33234,"http://sic.gob.mx/ficha.php?table=centro_cultural&table_id=3687","2025-06-26 16:48:17-06"
3603,"PILARES Tierra y Libertad","2021-01-01","Gobierno de la Ciudad de México",9,"Ciudad de México",7,"Iztapalapa",1,"Iztapalapa","Enrique Rambal s/n","Amp. Emiliano Zapata","85880","55 5134 0770 ext 1806","https://pilares.cdmx.gob.mx/","coord_comunicacion@pilares.cdmx.gob.mx",-98.97882,19.33853,"http://sic.gob.mx/ficha.php?table=centro_cultural&table_id=3603","2025-06-13 18:07:03-06"
3798,"Utopía Teotongo","2021-09-14","Alcaldía Iztapalapa",9,"Ciudad de México",7,"Iztapalapa",1,"Iztapalapa","Tetepetongo Mzna. 22","Col. San Miguel Teotongo","09630","55 5445 1076 ","https://utopias.mx/utopia-teotongo-iztapalapa-cdmx-mexico.php","talleresculturaiztapalapa@gmail.com",-98.99337,19.35508,"http://sic.gob.mx/ficha.php?table=centro_cultural&table_id=3798","2025-04-16 13:46:56-06"
3473,"PILARES Acahualtepec","1000-01-01","Gobierno de la Ciudad de México",9,"Ciudad de México",7,"Iztapalapa",1,"Iztapalapa","Calle Colorín s/n","2da Ampliación Santiago Acahualtepec","09609","55 5134 0770 ext 1806","https://pilares.cdmx.gob.mx/","coord_comunicacion@pilares.cdmx.gob.mx",-99.00813,19.34604,"http://sic.gob.mx/ficha.php?table=centro_cultural&table_id=3473","2024-06-06 14:35:41-06"
1045,"Centro Cultural Iztapalapa","1999-09-01","Alcaldía Iztapalapa",9,"Ciudad de México",7,"Iztapalapa",1,"Iztapalapa","Combate de Celaya s/n entre Genaro Estrada y Campaña del Ébano","U.H. Vicente Guerrero","09200","55 5445 1191","","promocionculturaliztapalapa@gmail.com",-99.05158,19.35705,"http://sic.gob.mx/ficha.php?table=centro_cultural&table_id=1045","2026-04-15 09:29:54-06"
2759,"Casa de la Cultura y Recreación Sta. Cruz Meyehualco","2011-11-08","Casa de la Cultura y Recreación Sta. Cruz Meyehualco, A.C. ",9,"Ciudad de México",7,"Iztapalapa",1,"Iztapalapa","Calle 55 núm. 47","U. H. Santa Cruz Meyehualco","09700","55 5691 5745","","cultura@iztapalapa.gob.mx",-99.04359,19.34656,"http://sic.gob.mx/ficha.php?table=centro_cultural&table_id=2759","2023-02-01 03:29:06-06"
3528,"PILARES Villa Cid","2019-01-01","Gobierno de la Ciudad de México",9,"Ciudad de México",7,"Iztapalapa",1,"Iztapalapa","Villa Cid s/n","Desarrollo Urbano Quetzalcoatl","09700","55 5134 0770 ext 1806","https://pilares.cdmx.gob.mx/","coord_comunicacion@pilares.cdmx.gob.mx",-99.04249,19.32168,"http://sic.gob.mx/ficha.php?table=centro_cultural&table_id=3528","2025-08-27 18:46:17-06"
3576,"PILARES Casa del Pueblo","2019-01-01","Secretaría de Cultura de la Ciudad de México",9,"Ciudad de México",7,"Iztapalapa",1,"Iztapalapa","Calz Gral. Ignacio Zaragoza s/n","Col. Unidad Habitacional Ermita Iztapalapa","09180","55 5134 0770 ext 1806","https://pilares.cdmx.gob.mx/","coord_comunicacion@pilares.cdmx.gob.mx",-99.00204,19.364,"http://sic.gob.mx/ficha.php?table=centro_cultural&table_id=3576","2025-11-03 18:35:00-06"
3562,"PILARES Constitución de 1917","2019-12-18","Gobierno de la Ciudad de México",9,"Ciudad de México",7,"Iztapalapa",1,"Iztapalapa","Ermita Iztapalapa esq. Periférico Ote.","Col. Los Ángeles Apanoaya","09720","55 5134 0770 ext 1806","https://pilares.cdmx.gob.mx/","coord_comunicacion@pilares.cdmx.gob.mx",-99.06116,19.34428,"http://sic.gob.mx/ficha.php?table=centro_cultural&table_id=3562","2025-10-21 17:11:16-06"
3732,"PILARES San Juan Joya","2021-01-01","Gobierno de la Ciudad de México",9,"Ciudad de México",7,"Iztapalapa",1,"Iztapalapa","Agustín de Iturbide esq. José J. Jurado","Col. San Juan Joya","09839","55 5134 0770 ext 1806","https://pilares.cdmx.gob.mx/","coord_comunicacion@pilares.cdmx.gob.mx",-99.06724,19.33586,"http://sic.gob.mx/ficha.php?table=centro_cultural&table_id=3732","2025-11-12 16:23:17-06"
3474,"PILARES Gabriela Mistral","2019-02-24","Secretaría de Cultura de la Ciudad de México",9,"Ciudad de México",7,"Iztapalapa",1,"Iztapalapa","Sur 27","Col. Leyes de Reforma 1ra Secc","09310","55 5134 0770 ext 1806","https://pilares.cdmx.gob.mx/","coord_comunicacion@pilares.cdmx.gob.mx",-99.06882,19.35998,"http://sic.gob.mx/ficha.php?table=centro_cultural&table_id=3474","2025-09-02 16:00:58-06"
3802,"Utopía Olini","2021-11-21","Alcaldía Iztapalapa",9,"Ciudad de México",7,"Iztapalapa",1,"Iztapalapa","Av. Telecomunicaciones s/n (Calz. Ignacio Zaragoza 1715)","Col. Chinampac de Juárez","09208"," 55 5445 1077","https://utopias.mx/utopia-olini-iztapalapa-cdmx-mexico.php","talleresculturaiztapalapa@gmail.com",-99.04695,19.38087,"http://sic.gob.mx/ficha.php?table=centro_cultural&table_id=3802","2025-01-17 10:40:21-06"
3683,"PILARES Parque Nacional","1000-01-01","Gobierno de la Ciudad de México",9,"Ciudad de México",7,"Iztapalapa",1,"Iztapalapa","Hermanos Lumiere y Av. Hidalgo","Zona Urbana Ejidal Santa María Tomatlá","09870","55 5134 0770 ext 1806","https://pilares.cdmx.gob.mx/","coord_comunicacion@pilares.cdmx.gob.mx",-99.09355,19.33005,"http://sic.gob.mx/ficha.php?table=centro_cultural&table_id=3683","2024-06-17 13:41:32-06"
3679,"PILARES Leyes de Reforma III Sección 2","2023-01-01","Secretaría de Cultura de la Ciudad de México",9,"Ciudad de México",7,"Iztapalapa",1,"Iztapalapa","Av. Canal del Moral s/n","Col. Chinampac de Juarez","","55 5134 0770 ext 1806","https://pilares.cdmx.gob.mx/","coord_comunicacion@pilares.cdmx.gob.mx",-99.06294,19.37471,"http://sic.gob.mx/ficha.php?table=centro_cultural&table_id=3679","2025-10-20 16:52:07-06"
3806,"Barco Utopía","2023-04-13","Alcaldía Iztapalapa ",9,"Ciudad de México",7,"Iztapalapa",1,"Iztapalapa","Anillo Periférico Oriente esq. Eje 6 Sur","Unidad Habitacional Vicente Guerrero","09200","55 5445 1076","https://utopias.mx/utopia-barco-iztapalapa-cdmx-mexico.php","infobarcoutopia@gmail.com;  Hola@UtopiasIztapalapa.com",-99.05717,19.36254,"http://sic.gob.mx/ficha.php?table=centro_cultural&table_id=3806","2025-08-14 11:55:34-06"
2762,"Casa de Cultura  del Barrio de San Antonio","2011-12-02","Alcaldía Iztapalapa",9,"Ciudad de México",7,"Iztapalapa",1,"Iztapalapa","Deportivo San Lorenzo, Av. de las Torres s/n","Col. San Lorenzo Tezonco","09900","55 5859 0560","https://www.facebook.com/casadeculturasanantonio/","ccsanantonio@outlook.com",-99.07428,19.31069,"http://sic.gob.mx/ficha.php?table=centro_cultural&table_id=2762","2020-04-20 09:40:17-05"
3999,"Utopía Acatitla Ciudad de México","2026-07-12","Gobierno de la Ciudad de México/Secretaría de Obras y Servicios de la Ciudad de México/SEBIEN",9,"Ciudad de México",7,"Iztapalapa",1,"Iztapalapa","Av. Sentimientos de la Nación esq. Generalísimo Morelos (salida del Metro Acatitla, dirección Pantitlán).","La Colmena","09170 ","","","",-99.00455,19.36707,"http://sic.gob.mx/ficha.php?table=centro_cultural&table_id=3999","2026-07-15 14:31:51-06"
3748,"PILARES Central de Abastos-Productores","1000-01-01","Gobierno de la Ciudad de México",9,"Ciudad de México",7,"Iztapalapa",1,"Iztapalapa","Subasta y Productores s/n","CEDA","09040","55 5134 0770 ext 1806","https://pilares.cdmx.gob.mx/","coord_comunicacion@pilares.cdmx.gob.mx",-99.0886,19.37016,"http://sic.gob.mx/ficha.php?table=centro_cultural&table_id=3748","2024-06-14 10:53:35-06"
3855,"Utopía Ixtapalcalli Quetzalcoatl","2024-07-17","Alcaldía Iztapalapa",9,"Ciudad de México",7,"Iztapalapa",1,"Iztapalapa","Av. Ermita Iztapalapa 1385","Barrio San Pablo","09000","55 5445 1076  ","https://utopias.mx/utopia-ixtapalcalli-iztapalapa-cdmx-mexico.php","",-99.08974,19.36475,"http://sic.gob.mx/ficha.php?table=centro_cultural&table_id=3855","2025-04-03 14:18:16-06"
3574,"PILARES Tepalcates","1000-01-01","Secretaría de Cultura de la Ciudad de México",9,"Ciudad de México",7,"Iztapalapa",1,"Iztapalapa","Primavera 52","Col. Tepalcates ","09210","55 5134 0770 ext 1806","https://pilares.cdmx.gob.mx/","coord_comunicacion@pilares.cdmx.gob.mx",-99.0555,19.39291,"http://sic.gob.mx/ficha.php?table=centro_cultural&table_id=3574","2024-06-11 11:21:50-06"
3638,"PILARES Reforma Política","1000-01-01","Gobierno de la Ciudad de México",9,"Ciudad de México",7,"Iztapalapa",1,"Iztapalapa","Eje 8 Sur Calz. Ermita Iztapalapa s/n","Reforma Política","09730","55 5134 0770 ext 1806","https://pilares.cdmx.gob.mx/","coord_comunicacion@pilares.cdmx.gob.mx",-99.03173,19.34384,"http://sic.gob.mx/ficha.php?table=centro_cultural&table_id=3638","2024-06-19 13:53:03-06"
3553,"PILARES Lomas de  Zaragoza","1000-01-01","Gobierno de la Ciudad de México",9,"Ciudad de México",7,"Iztapalapa",1,"Iztapalapa","Calz. Ermita Iztapalapa y Calz. Ignacio Zaragoza","Lomas de Zaragoza","09510","55 5134 0770 ext 1806","https://pilares.cdmx.gob.mx/","coord_comunicacion@pilares.cdmx.gob.mx",-98.99993,19.35849,"http://sic.gob.mx/ficha.php?table=centro_cultural&table_id=3553","2024-06-13 14:09:04-06"
1043,"Casa de Cultura Solidaridad","1000-01-01","",9,"Ciudad de México",7,"Iztapalapa",1,"Iztapalapa","Año de Juárez 157 casa 43","Col. Granjas San Antonio","09070","","","",-99.10763,19.36153,"http://sic.gob.mx/ficha.php?table=centro_cultural&table_id=1043","2020-04-20 09:56:09-05"
3481,"PILARES Cooperemos Pueblo","1000-01-01","Secretaría de Cultura de la Ciudad de México",9,"Ciudad de México",7,"Iztapalapa",1,"Iztapalapa","Cuitláhuac s/n","Col. Santa Cruz Meyehualco (Pueblo)","09700","55 5134 0770 ext 1806","https://pilares.cdmx.gob.mx/","coord_comunicacion@pilares.cdmx.gob.mx",-99.04082,19.34133,"http://sic.gob.mx/ficha.php?table=centro_cultural&table_id=3481","2024-06-11 09:09:35-06"
3690,"PILARES Quetzalcóatl","2019-01-01","Gobierno de la Ciudad de México",9,"Ciudad de México",7,"Iztapalapa",1,"Iztapalapa","Ursulo Galván 22","Desarrollo Urbano Quetzalcóatl","09700","55 5134 0770 ext 1806","https://pilares.cdmx.gob.mx/","coord_comunicacion@pilares.cdmx.gob.mx",-99.0463,19.33719,"http://sic.gob.mx/ficha.php?table=centro_cultural&table_id=3690","2025-07-07 18:02:02-06"
3539,"PILARES Cerro Azúl","1000-01-01","Secretaría de Cultura de la Ciudad de México",9,"Ciudad de México",7,"Iztapalapa",1,"Iztapalapa","Cerro Azul 95 ","Col. Buenavista","09700 ","55 5134 0770 ext 1806","https://pilares.cdmx.gob.mx/","coord_comunicacion@pilares.cdmx.gob.mx",-99.0278,19.32599,"http://sic.gob.mx/ficha.php?table=centro_cultural&table_id=3539","2024-06-11 11:59:01-06"
3729,"PILARES Parque Cuitláhuac","1000-01-01","Secretaría de Cultura de la Ciudad de México",9,"Ciudad de México",7,"Iztapalapa",1,"Iztapalapa","Av. Genaro Estrada","Col. Vicente Guerrero","","55 5134 0770 ext 1806","https://pilares.cdmx.gob.mx/","coord_comunicacion@pilares.cdmx.gob.mx",-99.048,19.36409,"http://sic.gob.mx/ficha.php?table=centro_cultural&table_id=3729","2024-06-11 11:53:39-06"
3488,"PILARES Facundo Cabral","2019-05-24","Gobierno de la Ciudad de México",9,"Ciudad de México",7,"Iztapalapa",1,"Iztapalapa","Moctezuma s/n","Ampliación Los Reyes Culhuacán","09849","55 5134 0770 ext 1806","https://pilares.cdmx.gob.mx/","coord_comunicacion@pilares.cdmx.gob.mx",-99.10243,19.34361,"http://sic.gob.mx/ficha.php?table=centro_cultural&table_id=3488","2025-09-10 17:22:24-06"
3514,"PILARES San Miguel Teotongo","2019-08-24","Secretaría de Cultura de la Ciudad de México",9,"Ciudad de México",7,"Iztapalapa",1,"Iztapalapa","Av del Paraiso","Col. San Miguel Teotongo","09630","55 5134 0770 ext 1806","https://pilares.cdmx.gob.mx/","coord_comunicacion@pilares.cdmx.gob.mx",-98.99277,19.34014,"http://sic.gob.mx/ficha.php?table=centro_cultural&table_id=3514","2025-07-01 18:24:44-06"
3749,"PILARES Álvaro Obregón","1000-01-01","Secretaría de Cultura de la Ciudad de México",9,"Ciudad de México",7,"Iztapalapa",1,"Iztapalapa","Francisco T. Contreras","Col. Obregón"," 09230 ","55 5134 0770 ext 1806","https://pilares.cdmx.gob.mx/","coord_comunicacion@pilares.cdmx.gob.mx",-99.03627,19.37176,"http://sic.gob.mx/ficha.php?table=centro_cultural&table_id=3749","2024-06-11 11:55:21-06"
3577,"PILARES Bambú","1000-01-01","Gobierno de la Ciudad de México",9,"Ciudad de México",7,"Iztapalapa",1,"Iztapalapa","Calle Uno esq. Lázaro Cárdenas","Col. Lomas de la Estancia","09640","55 5134 0770 ext 1806","https://pilares.cdmx.gob.mx/","coord_comunicacion@pilares.cdmx.gob.mx",-99.00537,19.34031,"http://sic.gob.mx/ficha.php?table=centro_cultural&table_id=3577","2024-06-26 08:19:20-06"
3750,"PILARES Los Ángeles","1000-01-01","Gobierno de la Ciudad de México",9,"Ciudad de México",7,"Iztapalapa",1,"Iztapalapa","Calz. Ermita Iztapalapa 2325","Col. Los Ángeles","09830","55 5134 0770 ext 1806","https://pilares.cdmx.gob.mx/","coord_comunicacion@pilares.cdmx.gob.mx",-99.06605,19.34663,"http://sic.gob.mx/ficha.php?table=centro_cultural&table_id=3750","2024-06-13 13:52:21-06"
3680,"PILARES Calmecac","2021-01-01","Gobierno de la Ciudad de México",9,"Ciudad de México",7,"Iztapalapa",1,"Iztapalapa","Av. Valle de México s/n","Col. Miravalles","09696","55 5134 0770 ext 1806","https://pilares.cdmx.gob.mx/pilares/1718/calmecac","coord_comunicacion@pilares.cdmx.gob.mx",-98.99702,19.33417,"http://sic.gob.mx/ficha.php?table=centro_cultural&table_id=3680","2025-09-10 17:58:35-06"
3601,"PILARES Ixtlahuacán","1000-01-01","Secretaría de Cultura de la Ciudad de México",9,"Ciudad de México",7,"Iztapalapa",1,"Iztapalapa","Av. Lázaro Cárdenas 1 ","Col. Iztlahuacán","09690","55 5134 0770 ext 1806","https://pilares.cdmx.gob.mx/","coord_comunicacion@pilares.cdmx.gob.mx",-98.99626,19.34236,"http://sic.gob.mx/ficha.php?table=centro_cultural&table_id=3601","2024-06-07 08:48:25-06"
3530,"PILARES Yautlica","1000-01-01","Gobierno de la Ciudad de México",9,"Ciudad de México",7,"Iztapalapa",1,"Iztapalapa","Av. de las Torres","Col. Ampliación Emiliano Zapata","09637","55 5134 0770 ext 1806","https://pilares.cdmx.gob.mx/","coord_comunicacion@pilares.cdmx.gob.mx",-98.98395,19.33315,"http://sic.gob.mx/ficha.php?table=centro_cultural&table_id=3530","2024-06-11 14:33:48-06"
3550,"PILARES Emilio Rosas","1000-01-01","Gobierno de la Ciudad de México",9,"Ciudad de México",7,"Iztapalapa",1,"Iztapalapa","Segunda Cerrada de Emilio Rosas 38","Unidad Habitacional Vicente Guerrero","09200","55 5134 0770 ext 1806","https://pilares.cdmx.gob.mx/","coord_comunicacion@pilares.cdmx.gob.mx",-99.05634,19.35275,"http://sic.gob.mx/ficha.php?table=centro_cultural&table_id=3550","2024-06-20 14:46:03-06"
3731,"PILARES Lomas de San Lorenzo","1000-01-01","Secretaría de Cultura de la Ciudad de México",9,"Ciudad de México",7,"Iztapalapa",1,"Iztapalapa","Av. Prol. Reforma s/n","Col. Lomas de San Lorenzo","","55 5134 0770 ext 1806","https://pilares.cdmx.gob.mx/","coord_comunicacion@pilares.cdmx.gob.mx",-99.06539,19.32101,"http://sic.gob.mx/ficha.php?table=centro_cultural&table_id=3731","2024-06-11 08:15:16-06"
2763,"Casa de Cultura Tlapacaloyan","2010-08-10","Alcaldía Iztapalapa",9,"Ciudad de México",7,"Iztapalapa",1,"Iztapalapa","Cda. de Morelos s/n casi esq. Allende","Barrio San Pedro","09000","55 4801 9348","https://culturaiztapalapa.wordpress.com/2012/09/25/casa-de-cultura-y-lavaderos-comunitarios-san-pedro/","karenrayaz@gmail.com",-99.08569,19.36247,"http://sic.gob.mx/ficha.php?table=centro_cultural&table_id=2763","2026-04-14 11:31:26-06"
3536,"PILARES Escuadrón 201","1000-01-01","Secretaría de Cultura de la Ciudad de México",9,"Ciudad de México",7,"Iztapalapa",1,"Iztapalapa","Eje 3 Ote. s/n esq. Cto. Int. Río Churubusco","Col. Escuadrón 201","09410","55 5134 0770 ext 1806","https://pilares.cdmx.gob.mx/","coord_comunicacion@pilares.cdmx.gob.mx",-99.10804,19.36998,"http://sic.gob.mx/ficha.php?table=centro_cultural&table_id=3536","2024-06-13 08:12:40-06"
1683,"Centro Cultural Multidisciplinario El Casetón","2003-03-04","Alcaldía Iztapalapa",9,"Ciudad de México",7,"Iztapalapa",1,"Iztapalapa","Coronel S. Elías González s/n","Col. Juan Escutia","09100","55 2235 0870","","promocionculturaliztapalapa@gmail.com",-99.05379,19.39857,"http://sic.gob.mx/ficha.php?table=centro_cultural&table_id=1683","2021-10-15 08:51:30-05"
3361,"Centro Cultural Acatitlan","2012-02-03","Alcaldía Iztapalapa",9,"Ciudad de México",7,"Iztapalapa",1,"Iztapalapa","Benito Juárez s/n esq. Gabriel Tepepan","Pueblo Santa Martha Acatitla","","","https://www.facebook.com/Centro-Cultural-Acatitlan-1248103391941666","centro.cultural.acatitlan@gmail.com",-99.00984,19.36309,"http://sic.gob.mx/ficha.php?table=centro_cultural&table_id=3361","2021-10-15 08:52:05-05"
3364,"Cultura Urbana del Barrio Organizado (CUBO)","2012-12-17","Alcaldía Iztapalapa",9,"Ciudad de México",7,"Iztapalapa",1,"Iztapalapa","Totli 40","Col. El Paraíso ","09230","55 4565 8976","","promocionculturaliztapalapa@gmail.com",-99.02893,19.37536,"http://sic.gob.mx/ficha.php?table=centro_cultural&table_id=3364","2026-04-15 09:20:14-06"
3795,"Utopía Libertad","2023-02-26","Alcaldía Iztapalapa",9,"Ciudad de México",7,"Iztapalapa",1,"Iztapalapa","Río Nilo y Av. Reforma","Col. Lomas de San Lorenzo","09780","55 5445 1076","https://utopias.mx/utopia-libertad-iztapalapa-cdmx-mexico.php","talleresculturaiztapalapa@gmail.com",-99.06542,19.32501,"http://sic.gob.mx/ficha.php?table=centro_cultural&table_id=3795","2025-02-25 14:40:32-06"
3860,"Quiosco de Música Kithara","2022-01-01","Fundación Kithara",9,"Ciudad de México",7,"Iztapalapa",1,"Iztapalapa","Roque Dalton esq. Miguel Rodríguez","Predio Yuguelito","09790","","","",-99.04764,19.31567,"http://sic.gob.mx/ficha.php?table=centro_cultural&table_id=3860","2025-02-10 17:36:34-06"
1026,"Centro Cultural Vicente Lombardo Toledano","1994-05-27","Centro Cultural Vicente Lombardo Toledano, A.C.",9,"Ciudad de México",7,"Iztapalapa",1,"Iztapalapa","Eje 6 s/n esq. 2da de Jacinto Huitrón","Unidad Habitacional Vicente Guerrero","09200","55 5691 0365 ","","",-99.0538,19.36254,"http://sic.gob.mx/ficha.php?table=centro_cultural&table_id=1026","2020-04-20 03:40:09-05"
3635,"PILARES El Molino","1000-01-01","Gobierno de la Ciudad de México",9,"Ciudad de México",7,"Iztapalapa",1,"Iztapalapa","Calle Piraña esq. Derechos Democráticos s/n","La Planta","09960","55 5134 0770 ext 1806","https://pilares.cdmx.gob.mx/","coord_comunicacion@pilares.cdmx.gob.mx",-99.06244,19.29213,"http://sic.gob.mx/ficha.php?table=centro_cultural&table_id=3635","2024-06-10 13:54:14-06"
3513,"PILARES Palmitas","1000-01-01","Gobierno de la Ciudad de México",9,"Ciudad de México",7,"Iztapalapa",1,"Iztapalapa","Nativitas s/n","Palmitas","09670","55 5134 0770 ext 1806","https://pilares.cdmx.gob.mx/","coord_comunicacion@pilares.cdmx.gob.mx",-99.02607,19.33896,"http://sic.gob.mx/ficha.php?table=centro_cultural&table_id=3513","2024-06-10 14:24:16-06"
3796,"Utopía Papalotl","2021-11-10","Alcaldía Iztapalapa",9,"Ciudad de México",7,"Iztapalapa",1,"Iztapalapa","3er Retorno Reforma Económica 52 (La Ford)","Col. Reforma Política","09730","55 5445 1076","https://www.utopiasiztapalapa.com/utopia-papalotl-iztapalapa-cdmx-mexico.php","utopiapapalotl@gmail.com",-99.03217,19.34254,"http://sic.gob.mx/ficha.php?table=centro_cultural&table_id=3796","2025-01-20 11:11:39-06"
2757,"Centro Cultural Acahualtepec","2011-08-19","Gobierno de la Ciudad de México",9,"Ciudad de México",7,"Iztapalapa",1,"Iztapalapa","Oro s/n","Col. Segunda Ampl. Santiago Acahualtepec","09609  ","(55) 1719 3000 ext. 1444","","cultura@iztapalapa.gob.mx",-99.00816,19.34636,"http://sic.gob.mx/ficha.php?table=centro_cultural&table_id=2757","2020-04-20 14:36:21-05"
3602,"PILARES República Federal","1000-01-01","Gobierno de la Ciudad de México",9,"Ciudad de México",7,"Iztapalapa",1,"Iztapalapa","Luis García 151","Zona Urbana Ejidal Santa Martha Acatitla Sur","09530","55 5134 0770 ext 1806","https://pilares.cdmx.gob.mx/","coord_comunicacion@pilares.cdmx.gob.mx",-99.01638,19.37106,"http://sic.gob.mx/ficha.php?table=centro_cultural&table_id=3602","2024-06-24 14:15:20-06"
3686,"PILARES Lomas de la Estancia","1000-01-01","Secretaría de Cultura de la Ciudad de México",9,"Ciudad de México",7,"Iztapalapa",1,"Iztapalapa","Cam. a las Minas s/n","Col. Lomas de la Estancia","09609","55 5134 0770 ext 1806","https://pilares.cdmx.gob.mx/","coord_comunicacion@pilares.cdmx.gob.mx",-99.00747,19.3405,"http://sic.gob.mx/ficha.php?table=centro_cultural&table_id=3686","2024-06-06 11:36:07-06"
3809,"Utopía de las Mujeres Cihuacoatl","2024-09-12","Alcaldía Iztapalapa",9,"Ciudad de México",7,"Iztapalapa",1,"Iztapalapa","La Purísima 230 entre Calle 10 y Calle 12","Col. Leyes de Reforma 1ra Secc."," 09310 ","55 5443 9349","https://www.utopiasiztapalapa.com/","talleresculturaiztapalapa@gmail.com",-99.07081,19.3636,"http://sic.gob.mx/ficha.php?table=centro_cultural&table_id=3809","2025-01-17 14:00:04-06"
3489,"PILARES Cerro de La Estrella","2019-05-24","Secretaría de Cultura de la Ciudad de México",9,"Ciudad de México",7,"Iztapalapa",1,"Iztapalapa","Chocolín 24","Col. San Juan Cerro","09839","55 5134 0770 ext 1806","https://pilares.cdmx.gob.mx/","coord_comunicacion@pilares.cdmx.gob.mx",-99.08152,19.34544,"http://sic.gob.mx/ficha.php?table=centro_cultural&table_id=3489","2025-06-02 19:09:24-06"
3677,"PILARES Apatlaco","1000-01-01","Gobierno de la Ciudad de México",9,"Ciudad de México",7,"Iztapalapa",1,"Iztapalapa","Av. Canal Apatlaco 227 esq. Felipe Ángeles","Col. Apatlaco","09430","55 5134 0770 ext 1806","https://pilares.cdmx.gob.mx/","coord_comunicacion@pilares.cdmx.gob.mx",-99.115,19.38147,"http://sic.gob.mx/ficha.php?table=centro_cultural&table_id=3677","2024-06-12 12:52:57-06"
3799,"Utopía Quetzalcoatl","2021-12-19","Alcaldía Iztapalapa",9,"Ciudad de México",7,"Iztapalapa",1,"Iztapalapa","Manuel Cañas 2864 ","Col. Desarrollo Urbano Quetzalcóatl","09700","55 5445 1076  ","https://utopias.mx/utopia-quetzalcoatl-iztapalapa-cdmx-mexico.php","Hola@UtopiasIztapalapa.com",-99.0431,19.32727,"http://sic.gob.mx/ficha.php?table=centro_cultural&table_id=3799","2025-01-16 11:58:08-06"
3800,"Utopía Tezontli","2021-03-07","Alcaldía Iztapalapa",9,"Ciudad de México",7,"Iztapalapa",1,"Iztapalapa","Miguel Lerdo de Tejada 32","Barrio San Antonio. Pueblo de San Lorenzo Tezonco","09900","55 5206 1022","https://utopias.mx/utopia-tezontli-iztapalapa-cdmx-mexico.php","talleresculturaiztapalapa@gmail.com",-99.07367,19.31022,"http://sic.gob.mx/ficha.php?table=centro_cultural&table_id=3800","2025-01-16 18:27:11-06"
3803,"Utopía Atzintli","2021-10-24","Alcaldía Iztapalapa",9,"Ciudad de México",7,"Iztapalapa",1,"Iztapalapa","Av. Paraíso s/n esq. Av. Ermita Iztapalapa","Col. Xalpa La Quebradora","09640","55 5445 1076","https://utopias.mx/utopia-atzintli-iztapalapa-cdmx-mexico.php","talleresculturaiztapalapa@gmail.com",-99.01945,19.34488,"http://sic.gob.mx/ficha.php?table=centro_cultural&table_id=3803","2025-04-16 12:34:33-06"
3586,"PILARES Carlota Botey","2021-09-10","Secretaría de Cultura de la Ciudad de México",9,"Ciudad de México",7,"Iztapalapa",1,"Iztapalapa","Verbena s/n","Col. Los Ángeles","09830","55 5134 0770 ext 1806","https://pilares.cdmx.gob.mx/","pilarescarlotabotey@gmail.com",-99.06631,19.34103,"http://sic.gob.mx/ficha.php?table=centro_cultural&table_id=3586","2025-11-25 16:44:46-06"
1017,"Fábrica de Artes y Oficios (FARO) de Oriente","2000-06-24","Secretaría de Cultura de la Ciudad de México/Dirección General de Vinculación Cultural Comunitaria/Red de Faros",9,"Ciudad de México",7,"Iztapalapa",1,"Iztapalapa","Calz. Ignacio Zaragoza s/n ","Col. Fuentes de Zaragoza","09150","55 5738 8209","https://www.cultura.cdmx.gob.mx/recintos/faro-oriente","cdifusion.farodeoriente@gmail.com; culturacomunitariaweb@gmail.com",-99.01009,19.36994,"http://sic.gob.mx/ficha.php?table=centro_cultural&table_id=1017","2026-08-03 12:39:25-06"
3733,"PILARES Vicente Guerrero","1000-01-01","Gobierno de la Ciudad de México",9,"Ciudad de México",7,"Iztapalapa",1,"Iztapalapa","Anillo Periférico Canal de San Juan s/n","Unidad Vicente Guerrero","09200","55 5134 0770 ext 1806","https://pilares.cdmx.gob.mx/","coord_comunicacion@pilares.cdmx.gob.mx",-99.05911,19.35488,"http://sic.gob.mx/ficha.php?table=centro_cultural&table_id=3733","2024-06-18 13:34:21-06"
3730,"PILARES Ejército Constitucionalista","2021-12-01","Gobierno de la Ciudad de México",9,"Ciudad de México",7,"Iztapalapa",1,"Iztapalapa","Cda. de Narcisos","Col. Lomas de San Lorenzo","09220","55 5134 0770 ext 1806","https://pilares.cdmx.gob.mx/pilares/1768/ejercito-constitucionalista","coord_comunicacion@pilares.cdmx.gob.mx",-99.05729,19.38665,"http://sic.gob.mx/ficha.php?table=centro_cultural&table_id=3730","2025-11-25 16:54:56-06"
3515,"PILARES Renovación","2019-08-21","Gobierno de la Ciudad de México",9,"Ciudad de México",7,"Iztapalapa",1,"Iztapalapa","Avenida 9 s/n entre Calle 4 y Calle 5","Col. Renovación","09209","55 5134 0770 ext 1806","https://pilares.cdmx.gob.mx/pilares/1553/renovacion","coord_comunicacion@pilares.cdmx.gob.mx",-99.04697,19.36948,"http://sic.gob.mx/ficha.php?table=centro_cultural&table_id=3515","2024-06-21 13:09:22-06"
3804,"Utopía Tecoloxtitlan","2021-03-21","Alcaldía Iztapalapa",9,"Ciudad de México",7,"Iztapalapa",1,"Iztapalapa","Colima esq. Av. Yucatán","Pueblo San Sebastián Tecoloxtitlán","09520","55 5445 1076  ","https://utopias.mx/utopia-tecoloxtitlan-iztapalapa-cdmx-mexico.php","talleresculturaiztapalapa@gmail.com",-99.02043,19.36202,"http://sic.gob.mx/ficha.php?table=centro_cultural&table_id=3804","2025-01-17 15:36:13-06"
3678,"PILARES Santa María Aztahuacán II","1000-01-01","Gobierno de la Ciudad de México",9,"Ciudad de México",7,"Iztapalapa",1,"Iztapalapa","Aquiles Serdán s/n","Santa Maria Aztahuacan","09570","55 5134 0770 ext 1806","https://pilares.cdmx.gob.mx/","coord_comunicacion@pilares.cdmx.gob.mx",-99.0355,19.35385,"http://sic.gob.mx/ficha.php?table=centro_cultural&table_id=3678","2024-06-06 13:24:08-06"
2756,"Centro Cultural Barrio Democrático","2012-06-09","Alcaldía Iztapalapa",9,"Ciudad de México",7,"Iztapalapa",1,"Iztapalapa","Veracruz 102","Col. San Miguel Teotongo Sección Guadalupe","09630","561387 0404","","ruizgerardo639@gmail.com",-98.98309,19.33972,"http://sic.gob.mx/ficha.php?table=centro_cultural&table_id=2756","2026-04-14 11:35:25-06"
3689,"PILARES San Lorenzo Tezonco ","1000-01-01","Secretaría de Cultura de la Ciudad de México",9,"Ciudad de México",7,"Iztapalapa",1,"Iztapalapa","Av. Tlahuac Calz. México-Tuyehualco ","Col. San Lorenzo Tezonco","09790","55 5134 0770 ext 1806","https://pilares.cdmx.gob.mx/","coord_comunicacion@pilares.cdmx.gob.mx",-99.06482,19.30637,"http://sic.gob.mx/ficha.php?table=centro_cultural&table_id=3689","2024-06-11 11:57:07-06"
3527,"PILARES Tetecón","2019-10-01","Gobierno de la Ciudad de México",9,"Ciudad de México",7,"Iztapalapa",1,"Iztapalapa","Av. Pino esq. Capulín s/n","Col. Buenavista","09700","55 5134 0770 ext 1806","https://pilares.cdmx.gob.mx/","coord_comunicacion@pilares.cdmx.gob.mx",-99.02899,19.32246,"http://sic.gob.mx/ficha.php?table=centro_cultural&table_id=3527","2024-06-12 12:35:19-06"
3538,"PILARES Purísima","2019-10-25","Gobierno de la Ciudad de México",9,"Ciudad de México",7,"Iztapalapa",1,"Iztapalapa","EJE 5 SUR PURISIMA Y EJE 3 ORIENTE FRANCISCO DEL PASO Y TRON S/N","Nueva Rosita","09429","55 5134 0770 ext 1806","https://pilares.cdmx.gob.mx/","coord_comunicacion@pilares.cdmx.gob.mx",-99.10987,19.37914,"http://sic.gob.mx/ficha.php?table=centro_cultural&table_id=3538","2025-11-26 17:03:52-06"
3681,"PILARES Ejército de Oriente Zona Peñón","1000-01-01","Secretaría de Cultura de la Ciudad de México",9,"Ciudad de México",7,"Iztapalapa",1,"Iztapalapa","Lanceros de Oaxaca s/n eq. Calz. Ignacio Zaragoza","Col. Ejército de Oriente Indeco II ISSSTE","09230","55 5134 0770 ext 1806","https://pilares.cdmx.gob.mx/","coord_comunicacion@pilares.cdmx.gob.mx",-99.03255,19.38261,"http://sic.gob.mx/ficha.php?table=centro_cultural&table_id=3681","2024-06-12 13:37:06-06"
3728,"PILARES Ejército de Oriente","1000-01-01","Gobierno de la Ciudad de México",9,"Ciudad de México",7,"Iztapalapa",1,"Iztapalapa","Calz. General Ignacio Zaragoza 1 ","Ejército de Oriente Indeco II Issste","09230","55 5134 0770 ext 1806","https://pilares.cdmx.gob.mx/","coord_comunicacion@pilares.cdmx.gob.mx",-99.03641,19.37833,"http://sic.gob.mx/ficha.php?table=centro_cultural&table_id=3728","2025-03-11 13:38:02-06"
1042,"Casa de Cultura Guillermo Bonfil Batalla","1991-10-16","Alcaldía Iztapalapa",9,"Ciudad de México",7,"Iztapalapa",1,"Iztapalapa","Gral. Anaya 111","Barrio Santa Bárbara","09000","55 5685 3289","","promocionculturaliztapalapa@gmail.com",-99.10068,19.3594,"http://sic.gob.mx/ficha.php?table=centro_cultural&table_id=1042","2026-04-14 10:35:30-06"
1047,"Centro Comunitario Culhuacán, Ex Convento de San Juan Evangelista","1984-02-01","Secretaría de Cultura/INAH",9,"Ciudad de México",7,"Iztapalapa",1,"Iztapalapa","Morelos  10","Col. Culhuacán","09800"," 55 40 40 5500","http://www.inah.gob.mx","carmen_mendoza@inah.gob.mx",-99.10769,19.34002,"http://sic.gob.mx/ficha.php?table=centro_cultural&table_id=1047","2024-03-22 13:04:07-06"
3637,"PILARES Plaza de los Jóvenes","1000-01-01","Gobierno de la Ciudad de México",9,"Ciudad de México",7,"Iztapalapa",1,"Iztapalapa","Av. de las Minas s/n","Col. Xalpa","09640","55 5134 0770 ext 1806","https://pilares.cdmx.gob.mx/","coord_comunicacion@pilares.cdmx.gob.mx",-99.01741,19.33163,"http://sic.gob.mx/ficha.php?table=centro_cultural&table_id=3637","2024-06-12 12:34:45-06"
3534,"PILARES Progreso Sur","2019-10-18","Secretaría de Cultura de la Ciudad de México",9,"Ciudad de México",7,"Iztapalapa",1,"Iztapalapa","Eje 3 Oriente ","Col. Progreso Sur ","09060","55 5134 0770 ext 1806","https://pilares.cdmx.gob.mx/","coord_comunicacion@pilares.cdmx.gob.mx",-99.1128,19.35664,"http://sic.gob.mx/ficha.php?table=centro_cultural&table_id=3534","2025-10-16 17:48:36-06"
3294,"Raíces Centro Cultural","2017-07-22","",9,"Ciudad de México",7,"Iztapalapa",1,"Iztapalapa","Av. Presidente Plutarco Elias Calles 1810, esq Eje 7","Col. Banjidal","09450","55 1106 6915","http://www.raicescentrocultural.com/","somos@raicescentrocultural.com",-99.13809,19.36384,"http://sic.gob.mx/ficha.php?table=centro_cultural&table_id=3294","2020-02-11 07:18:33-06"
1044,"Centro Cultural Casa de Las Bombas","1990-09-01","Universidad Autónoma Metropolitana",9,"Ciudad de México",7,"Iztapalapa",1,"Iztapalapa","Gregorio Torres Quintero s/n esq. Prol. Quetzal","Col. La Purísima","09340","(55) 5614 1469","http://www.izt.uam.mx/cbombas/index.html","casadelasbombas@prodigy.net.mx",-99.07318,19.35634,"http://sic.gob.mx/ficha.php?table=centro_cultural&table_id=1044","2020-04-20 14:11:17-05"
3363,"Casa de Cultura Chicomecóatl Cerro de la Estrella","2012-08-15","Alcaldía Iztapalapa y Comité Vecinal",9,"Ciudad de México",7,"Iztapalapa",1,"Iztapalapa","Moguer 63 entre España y Catarroja","Col. Cerro de la Estrella","09860","55 5445 1068, 55 5445 1114","","promocionculturaliztapalapa@gmail.com",-99.07836,19.32578,"http://sic.gob.mx/ficha.php?table=centro_cultural&table_id=3363","2026-04-14 10:57:36-06"
1062,"Casa de la Cultura El Sifón","2012-03-21","Alcaldía Iztapalapa",9,"Ciudad de México",7,"Iztapalapa",1,"Iztapalapa","Calculista 65","Col. El Sifón","09400","55 9170 9306","https://www.facebook.com/pages/category/Interest/Casa-de-Cultura-El-Sif%C3%B3n-2062629530518478/","promocionculturaliztapalapa@gmail.com",-99.11968,19.37184,"http://sic.gob.mx/ficha.php?table=centro_cultural&table_id=1062","2026-04-14 10:28:02-06"
1065,"Casa de Cultura Fuego Nuevo","1979-04-14","Alcaldía Iztapalapa",9,"Ciudad de México",7,"Iztapalapa",1,"Iztapalapa","Comonfort 43","Barrio San Lucas","09000","55 5445 1000 ext. 1428","https://culturaiztapalapa.wordpress.com/2012/09/25/casa-de-cultura-fuego-nuevo/","cultura@iztapalapa.gob.mx",-99.09397,19.35884,"http://sic.gob.mx/ficha.php?table=centro_cultural&table_id=1065","2023-04-26 06:36:29-06"
2761,"Casa de Cultura Paseos de Churubusco Ofelia Medina","2012-04-20","Alcaldía Iztapalapa",9,"Ciudad de México",7,"Iztapalapa",1,"Iztapalapa","Río Tuxpan s/n entre Río Mezcalapa y Río Soto la Marina ","Col. Paseos de Churubusco","09030","55 4134 5200","","cultura@iztapalapa.gob.mx",-99.08567,19.38581,"http://sic.gob.mx/ficha.php?table=centro_cultural&table_id=2761","2026-04-14 11:00:35-06"
3600,"PILARES El Molino Tezonco","1000-01-01","Gobierno de la Ciudad de México",9,"Ciudad de México",7,"Iztapalapa",1,"Iztapalapa","Av. Cuauhtémoc esq. Cedro","Col. El molino Tezonco","09960","55 5134 0770 ext 1806","https://pilares.cdmx.gob.mx/pilares/1638/el-molino-tezonco","coord_comunicacion@pilares.cdmx.gob.mx",-99.07147,19.29476,"http://sic.gob.mx/ficha.php?table=centro_cultural&table_id=3600","2024-06-13 12:27:59-06"
3604,"PILARES Valle de Luces ","2021-06-19","Secretaría de Cultura de la Ciudad de México",9,"Ciudad de México",7,"Iztapalapa",1,"Iztapalapa","Valle del Paraíso 18","Col. Valle de Luces","09800","55 5134 0770 ext 1806","https://pilares.cdmx.gob.mx/","coord_comunicacion@pilares.cdmx.gob.mx",-99.09817,19.33801,"http://sic.gob.mx/ficha.php?table=centro_cultural&table_id=3604","2025-09-09 18:26:22-06"
3526,"PILARES Nogal","1000-01-01","Secretaría de Cultura de la Ciudad de México",9,"Ciudad de México",7,"Iztapalapa",1,"Iztapalapa","Nogal s/n esq. Fresno","Col. Citlalli","09660","55 5134 0770 ext 1806","https://pilares.cdmx.gob.mx/","coord_comunicacion@pilares.cdmx.gob.mx",-99.02295,19.34202,"http://sic.gob.mx/ficha.php?table=centro_cultural&table_id=3526","2024-06-13 07:57:13-06"
3365,"Centro Cultural Semillero de Talentos","2012-12-16","Alcaldía Iztapalapa",9,"Ciudad de México",7,"Iztapalapa",1,"Iztapalapa","Asteroide s/n","Col. Casa Blanca","09850","55 2291 0182","","promocionculturaliztapalapa@gmail.com",-99.06752,19.33237,"http://sic.gob.mx/ficha.php?table=centro_cultural&table_id=3365","2021-10-26 11:11:22-05"
3537,"PILARES Santa Cruz Meyehualco","2019-01-01","Gobierno de la Ciudad de México",9,"Ciudad de México",7,"Iztapalapa",1,"Iztapalapa","Calle 55 esq. Av. 10","Col. Santa Cruz Meyehualco","09290","55 5134 0770 ext 1806","https://pilares.cdmx.gob.mx/","coord_comunicacion@pilares.cdmx.gob.mx",-99.04447,19.3485,"http://sic.gob.mx/ficha.php?table=centro_cultural&table_id=3537","2025-07-14 17:29:57-06"
3805,"Utopía La Cascada Xicohtencatl","2022-04-28","Alcaldía Iztapalapa",9,"Ciudad de México",7,"Iztapalapa",1,"Iztapalapa","Ena s/n","Zona Urbana Ejidal Santa Martha Acatitla Norte"," 09140","55 5445 1076  ","https://utopias.mx/utopia-la-cascada-xicohtencatl-iztapalapa-cdmx-mexico.php","talleresculturaiztapalapa@gmail.com",-99.02517,19.38228,"http://sic.gob.mx/ficha.php?table=centro_cultural&table_id=3805","2025-01-17 14:43:02-06"
3019,"Foro Cultural Magdalena","1979-01-01","Alcaldía La Magdalena Contreras/JUD Patrimonio y Recintos Culturales",9,"Ciudad de México",8,"La Magdalena Contreras",1,"La Magdalena Contreras","Camino Real de Contreras 27","Col. La Concepción","10630","55 6813 3602","","p.gonzalez@mcontreras.gob.mx",-99.23407,19.30471,"http://sic.gob.mx/ficha.php?table=centro_cultural&table_id=3019","2022-08-25 02:48:12-05"
3695,"PILARES Tierra unida","1000-01-01","Gobierno de la Ciudad de México",9,"Ciudad de México",8,"La Magdalena Contreras",1,"La Magdalena Contreras","Andador Principal 52","Col. Tierra unida","10350","55 5134 0770 ext 1806","https://pilares.cdmx.gob.mx/pilares/1733/tierra-unida","coord_comunicacion@pilares.cdmx.gob.mx",-99.24139,19.3049,"http://sic.gob.mx/ficha.php?table=centro_cultural&table_id=3695","2024-06-13 12:15:09-06"
3479,"PILARES Huayatla","2019-03-16","Secretaría de Cultura de la Ciudad de México",9,"Ciudad de México",8,"La Magdalena Contreras",1,"La Magdalena Contreras","Huayatla 13","Col. Pueblo Nuevo Alto","10640","55 5134 0770 ext 1806","https://pilares.cdmx.gob.mx/","coord_comunicacion@pilares.cdmx.gob.mx",-99.24849,19.30545,"http://sic.gob.mx/ficha.php?table=centro_cultural&table_id=3479","2025-11-07 17:08:18-06"
989,"Casa de la Cultura Víctor Manuel Mendoza","1940-01-01","Alcaldía La Magdalena Contreras/JUD Recintos Culturales",9,"Ciudad de México",8,"La Magdalena Contreras",1,"La Magdalena Contreras","Priv. Fortín s/n","Col. Barranca Seca","10580","55 5645 6344","","homero.gayosso.47@gmail.com; homero_gayosso@hotmail.com",-99.24028,19.30559,"http://sic.gob.mx/ficha.php?table=centro_cultural&table_id=989","2026-04-28 19:34:45-06"
3694,"PILARES Priani","2022-01-04","Secretaría de Cultura de la Ciudad de México",9,"Ciudad de México",8,"La Magdalena Contreras",1,"La Magdalena Contreras","Alfonso Priani","Col. La Guadalupe ","10820","55 5134 0770 ext 1806","https://pilares.cdmx.gob.mx/","coord_comunicacion@pilares.cdmx.gob.mx",-99.23301,19.30641,"http://sic.gob.mx/ficha.php?table=centro_cultural&table_id=3694","2025-11-20 16:45:25-06"
990,"Casa de Bellas Artes Juventino Rosas","1979-05-03","Alcaldía La Magdalena Contreras",9,"Ciudad de México",8,"La Magdalena Contreras",1,"La Magdalena Contreras","Camino Real de Contreras  32","Col. La Concepción","10830","55 5645 2963","http://www.mcontreras.df.gob.mx/","antonieta.rascon@gmail.com",-99.23502,19.3037,"http://sic.gob.mx/ficha.php?table=centro_cultural&table_id=990","2021-09-01 06:52:29-05"
3692,"PILARES Ferrocarril (San Francisco)","1000-01-01","Gobierno de la Ciudad de México",9,"Ciudad de México",8,"La Magdalena Contreras",1,"La Magdalena Contreras","Ferrocarril de Cuernavaca 80","Col. San Francisco","10500","55 5134 0770 ext 1806","https://pilares.cdmx.gob.mx/","coord_comunicacion@pilares.cdmx.gob.mx",-99.23338,19.31226,"http://sic.gob.mx/ficha.php?table=centro_cultural&table_id=3692","2024-07-05 13:15:59-06"
3543,"PILARES La Malinche","2019-11-09","Gobierno de la Ciudad de México",9,"Ciudad de México",8,"La Magdalena Contreras",1,"La Magdalena Contreras","Rosa China 11","La Malinche","10010","55 5134 0770 ext 1806","https://pilares.cdmx.gob.mx/","coord_comunicacion@pilares.cdmx.gob.mx",-99.23949,19.32374,"http://sic.gob.mx/ficha.php?table=centro_cultural&table_id=3543","2025-07-11 16:28:18-06"
3693,"PILARES San Bernabé Ocotepec","1000-01-01","Gobierno de la Ciudad de México",9,"Ciudad de México",8,"La Magdalena Contreras",106,"Prolongación Ermitaño","Higueras s/n","San Bernabé Ocotepec","10300","55 5134 0770 ext 1806","https://pilares.cdmx.gob.mx/","coord_comunicacion@pilares.cdmx.gob.mx",-99.25824,19.32071,"http://sic.gob.mx/ficha.php?table=centro_cultural&table_id=3693","2024-06-12 13:24:30-06"
3544,"PILARES Parcela","2019-01-01","Secretaría de Cultura de la Ciudad de México",9,"Ciudad de México",8,"La Magdalena Contreras",106,"Prolongación Ermitaño","Parcela ","Col. Lomas de San Bernabé","10350","55 5134 0770 ext 1806","https://pilares.cdmx.gob.mx/","coord_comunicacion@pilares.cdmx.gob.mx",-99.26486,19.31058,"http://sic.gob.mx/ficha.php?table=centro_cultural&table_id=3544","2025-12-15 19:40:05-06"
3691,"PILARES La Cañada","1000-01-01","Secretaría de Cultura de la Ciudad de México",9,"Ciudad de México",8,"La Magdalena Contreras",109,"La Cañada [Parque]","Emilio Carranza s/n","Col. Pueblo la Magdalena Contreras","10920","55 5134 0770 ext 1806","https://pilares.cdmx.gob.mx/","coord_comunicacion@pilares.cdmx.gob.mx",-99.24974,19.30072,"http://sic.gob.mx/ficha.php?table=centro_cultural&table_id=3691","2024-06-11 13:05:55-06"
3644,"PILARES Milpa Alta ","1000-01-01","Secretaría de Cultura de la Ciudad de México",9,"Ciudad de México",9,"Milpa Alta",1,"Villa Milpa Alta","Tabasco Pte","Col. Santa Cruz","12000","55 5134 0770 ext 1806","https://pilares.cdmx.gob.mx/","coord_comunicacion@pilares.cdmx.gob.mx",-99.01897,19.19367,"http://sic.gob.mx/ficha.php?table=centro_cultural&table_id=3644","2024-06-11 10:46:22-06"
1514,"Casa de Cultura Calmecac","1988-11-13","Alcaldía Milpa Alta",9,"Ciudad de México",9,"Milpa Alta",1,"Villa Milpa Alta","Blvd. Nuevo León esq. Av. Puebla 250","Barrio Santa Martha","12000","55  5844 1921","","fvelardepaz@gmail.com",-99.0312,19.19825,"http://sic.gob.mx/ficha.php?table=centro_cultural&table_id=1514","2025-02-05 13:40:26-06"
3062,"Fábrica de Artes y Oficios (FARO) Tecómitl","2006-09-22","Secretaría de Cultura de la Ciudad de México/Dirección General de Vinculación Cultural Comunitaria/Red de Faros",9,"Ciudad de México",9,"Milpa Alta",11,"San Antonio Tecómitl","Av. Doctor Gastón Melo 40, primer piso","Col. Tenantitla","12100","55 5847 7590","https://culturacomunitaria.cdmx.gob.mx/red-de-faros/tecomitl","farotecomitl.contacto@gmail.com",-98.99524,19.22164,"http://sic.gob.mx/ficha.php?table=centro_cultural&table_id=3062","2026-08-07 08:41:56-06"
3520,"PILARES San Bartolomé Xicomulco","2019-09-07","Gobierno de la Ciudad de México",9,"Ciudad de México",9,"Milpa Alta",15,"San Bartolomé Xicomulco","Av. 5 de Mayo Oriente 36-58","Col.  San Bartolomé Xicomulco","12250","55 5134 0770 ext 1806","https://pilares.cdmx.gob.mx/","coord_comunicacion@pilares.cdmx.gob.mx",-99.07114,19.20687,"http://sic.gob.mx/ficha.php?table=centro_cultural&table_id=3520","2024-06-12 13:45:15-06"
3642,"PILARES San Jerónimo Miacatlán","2021-01-01","Gobierno de la Ciudad de México",9,"Ciudad de México",9,"Milpa Alta",17,"San Francisco Tecoxpa","Av. Simón Bolivar s/n, planta alta de Faro","Col. San Jerónimo Miacatlán","12600","55 5134 0770 ext 1806","https://pilares.cdmx.gob.mx/","coord_comunicacion@pilares.cdmx.gob.mx",-99.00977,19.19322,"http://sic.gob.mx/ficha.php?table=centro_cultural&table_id=3642","2025-07-04 17:01:53-06"
2185,"Fábrica de Artes y Oficios (FARO) Milpa Alta-Miacatlán","2017-02-14","Secretaría de Cultura de la Ciudad de México/Subdirección de Red de Faros/Coordinación de Cultura Comunitaria",9,"Ciudad de México",9,"Milpa Alta",17,"San Francisco Tecoxpa","Simón Bolívar Pte. s/n","Poblado de San Jerónimo Miacatlán","12600","55 5844 6344","https://www.cultura.cdmx.gob.mx/faro-miacatlan","fmaenlacepedagogico@gmail.com; culturacomunitariaweb@gmail.com",-99.00976,19.1932,"http://sic.gob.mx/ficha.php?table=centro_cultural&table_id=2185","2026-08-03 13:36:32-06"
3641,"PILARES San Pablo Oztotepec","1000-01-01","Secretaría de Cultura de la Ciudad de México",9,"Ciudad de México",9,"Milpa Alta",24,"San Pablo Oztotepec","Emiliano Zapata s/n","Col. San Miguel","12400","55 5134 0770 ext 1806","https://pilares.cdmx.gob.mx/","coord_comunicacion@pilares.cdmx.gob.mx",-99.07522,19.18332,"http://sic.gob.mx/ficha.php?table=centro_cultural&table_id=3641","2024-06-12 09:10:23-06"
1537,"Casa de Cultura Quinta Axayopa","1987-01-01","Comuneros de Milta Alta",9,"Ciudad de México",9,"Milpa Alta",24,"San Pablo Oztotepec","Fabián Flores 47","Pueblo de San Pablo Oztotepec","12400","","","",-99.07109,19.18547,"http://sic.gob.mx/ficha.php?table=centro_cultural&table_id=1537","2025-02-06 18:01:09-06"
1540,"Casa de Cultura Atocpan","1999-04-30","Alcaldía Milpa Alta",9,"Ciudad de México",9,"Milpa Alta",29,"San Pedro Atocpan","Nezahualcóyotl  esq. Temoaya s/n, Barrio de Ocotitla","Pueblo San Pedro Atocpan","12200","55 9489 7604","","casasanpedro1@hotmail",-99.05547,19.19895,"http://sic.gob.mx/ficha.php?table=centro_cultural&table_id=1540","2025-04-04 12:07:59-06"
3485,"PILARES San Salvador Cuauhtenco","1000-01-01","Gobierno de la Ciudad de México",9,"Ciudad de México",9,"Milpa Alta",33,"San Salvador Cuauhtenco","Prol. Emiliano Zapata 4","Col. San Salvador Cuauhtenco  Secc. IV","12300","55 5134 0770 ext 1806","https://pilares.cdmx.gob.mx/pilares/1523/san-salvador-cuauhtenco","coord_comunicacion@pilares.cdmx.gob.mx",-99.09152,19.19388,"http://sic.gob.mx/ficha.php?table=centro_cultural&table_id=3485","2024-06-21 14:59:04-06"
3643,"PILARES San Juan Tepenahuac","1000-01-01","Gobierno de la Ciudad de México",9,"Ciudad de México",9,"Milpa Alta",139,"Teatlaco","Guadalupe y Av. España","San Juan Tepenahuac","12800","55 5134 0770 ext 1806","https://pilares.cdmx.gob.mx/","coord_comunicacion@pilares.cdmx.gob.mx",-98.99413,19.18721,"http://sic.gob.mx/ficha.php?table=centro_cultural&table_id=3643","2024-06-17 12:47:44-06"
3696,"PILARES San Lorenzo Tlacoyucan","2021-01-01","Secretaría de Cultura de la Ciudad de México",9,"Ciudad de México",9,"Milpa Alta",152,"San Lorenzo Tlacoyucan","Constitución s/n","Col. San Lorenzo Tlacoyucan","12500","55 5134 0770 ext 1806","https://pilares.cdmx.gob.mx/","coord_comunicacion@pilares.cdmx.gob.mx",-99.03023,19.17707,"http://sic.gob.mx/ficha.php?table=centro_cultural&table_id=3696","2025-07-18 18:05:18-06"
1538,"Casa de Cultura Tlacoyucan","1999-10-26","Alcaldía Milpa Alta",9,"Ciudad de México",9,"Milpa Alta",152,"San Lorenzo Tlacoyucan","Prol. Insurgentes 10","Col. San Lorenzo Tlacoyucan","12500","55 5862 3150","https://www.milpa-alta.cdmx.gob.mx/cultura_casas.html","casadeculturatlacoyucan@hotmail.com; contacto@milpa-alta.cdmx.gob.mx",-99.03175,19.17312,"http://sic.gob.mx/ficha.php?table=centro_cultural&table_id=1538","2026-04-28 19:43:08-06"
3519,"PILARES San Pedro Atocpan","1000-01-01","Secretaría de Cultura de la Ciudad de México",9,"Ciudad de México",9,"Milpa Alta",323,"Tula (Huixtotlazintla)","Atzayácatl Prol. Guadalupe Victoria","Col. San Pedro Atocpan","12200","55 5134 0770 ext 1806","https://pilares.cdmx.gob.mx/","coord_comunicacion@pilares.cdmx.gob.mx",-99.05215,19.20264,"http://sic.gob.mx/ficha.php?table=centro_cultural&table_id=3519","2024-06-11 10:47:29-06"
3736,"PILARES Santa Ana Tlacotenco","2019-01-01","Secretaría de Cultura de la Ciudad de México",9,"Ciudad de México",9,"Milpa Alta",348,"Huacaltunco","Priv. Olímpica s/n","Col. Santa Ana Tlacotenco","12000","55 5134 0770 ext 1806","https://pilares.cdmx.gob.mx/","coord_comunicacion@pilares.cdmx.gob.mx",-99.00312,19.17737,"http://sic.gob.mx/ficha.php?table=centro_cultural&table_id=3736","2025-08-29 17:57:14-06"
3511,"PILARES Xaltipac","2019-01-01","Secretaría de Cultura de la Ciudad de México",9,"Ciudad de México",9,"Milpa Alta",358,"Don Diegoco","Calle 5 de Mayo s/n","Col. Xaltipac","12100","55 5134 0770 ext 1806","https://pilares.cdmx.gob.mx/","coord_comunicacion@pilares.cdmx.gob.mx",-98.98885,19.21709,"http://sic.gob.mx/ficha.php?table=centro_cultural&table_id=3511","2025-06-19 17:00:31-06"
1430,"Centro Cultural El Juglar","1975-01-01","Centro Cultural El Juglar, A.C.",9,"Ciudad de México",10,"Álvaro Obregón",1,"Álvaro Obregón","Manuel M. Ponce 233","Col. Guadalupe Inn","01020","55 5660 3549,  55 5680 4109","http://www.eljuglar.org/","eljuglar@prodigy.net.mx",-99.18763,19.35705,"http://sic.gob.mx/ficha.php?table=centro_cultural&table_id=1430","2021-09-07 11:43:57-05"
3756,"PILARES Bosques II Sección","1000-01-01","Secretaría de Cultura de la Ciudad de México",9,"Ciudad de México",10,"Álvaro Obregón",1,"Álvaro Obregón","Cam. Real a Toluca 1","Col. Bosques 2da. Sección","01560","55 5134 0770 ext 1806","https://pilares.cdmx.gob.mx/","coord_comunicacion@pilares.cdmx.gob.mx",-99.19213,19.39612,"http://sic.gob.mx/ficha.php?table=centro_cultural&table_id=3756","2024-06-11 12:08:46-06"
3325,"Centro Cultural El Semillero","1000-01-01","",9,"Ciudad de México",10,"Álvaro Obregón",1,"Álvaro Obregón","Veracruz 142","Col. Lomas de San Agustín","01790","55 2525 2775","","arturomarquez.work@outlook.com",-99.19528,19.39081,"http://sic.gob.mx/ficha.php?table=centro_cultural&table_id=3325","2021-05-21 07:23:53-05"
3583,"PILARES Gomez Farías, Santa Fe","2022-06-11","Gobierno de la Ciudad de México",9,"Ciudad de México",10,"Álvaro Obregón",1,"Álvaro Obregón","Prol. Gómez Farias y Prol. Reforma Puerta Santa Fe s/n ","Santa Fe, Bejero","01310","55 5134 0770 ext 1806","https://pilares.cdmx.gob.mx/","coord_comunicacion@pilares.cdmx.gob.mx",-99.24965,19.38031,"http://sic.gob.mx/ficha.php?table=centro_cultural&table_id=3583","2025-10-27 17:00:41-06"
3871,"Foro La Paz","2021-12-03","Privado",9,"Ciudad de México",10,"Álvaro Obregón",1,"Álvaro Obregón","Av. de la Paz 57, 1er piso","Col. San Ángel ","01000","55 9056 9896                 ","https://www.forolapaz.live/","booking@forolapaz.live",-99.18945,19.3463,"http://sic.gob.mx/ficha.php?table=centro_cultural&table_id=3871","2026-02-23 14:11:02-06"
1431,"Centro Cultural San Ángel","1988-01-29","Delegación Álvaro Obregón",9,"Ciudad de México",10,"Álvaro Obregón",1,"Álvaro Obregón","Av. Revolución s/n","Col. San Ángel","01000","55 5616 1254","","centroculturalsanangel@hotmail.com",-99.19019,19.34571,"http://sic.gob.mx/ficha.php?table=centro_cultural&table_id=1431","2024-11-20 11:44:48-06"
2805,"Centro Comercial y Cultural Plaza Loreto","1993-12-01","Grupo Sanborns, S.A. de C.V.",9,"Ciudad de México",10,"Álvaro Obregón",1,"Álvaro Obregón","Altamirano 46","Col. Tizapán San Ángel","01090","55 5550 6292    ","http://centroscomercialehttp://www.centrocomercialloreto.com.mx","loretocultural@hotmail.com",-99.19314,19.33927,"http://sic.gob.mx/ficha.php?table=centro_cultural&table_id=2805","2022-09-26 09:44:17-05"
3981,"Casa de Cultura EyB","2013-06-01","Casa de Cultura EyB",9,"Ciudad de México",10,"Álvaro Obregón",1,"Álvaro Obregón","Quetzalcoatl 25","Balcones de Cehuayo","01509","","","",-99.24023,19.35821,"http://sic.gob.mx/ficha.php?table=centro_cultural&table_id=3981","2026-03-09 12:45:29-06"
1421,"Centro Cultural Helénico (CCH)","1990-01-01","Secretaría de Cultura",9,"Ciudad de México",10,"Álvaro Obregón",1,"Álvaro Obregón","Av. Revolución 1500","Col. Guadalupe Inn","01020","(55) 4155 0900","http://www.helenico.gob.mx","helenico@cultura.gob.mx",-99.19003,19.35297,"http://sic.gob.mx/ficha.php?table=centro_cultural&table_id=1421","2020-04-21 15:54:43-05"
3877,"Ludoteca Chacuacos, Fumarolas de Agua","2025-06-21","Secretaría de Cultura, Dirección General de Vinculación Cultural",9,"Ciudad de México",10,"Álvaro Obregón",1,"Álvaro Obregón","Ex Fábrica de Pólvora. Av. Vasco de Quiroga esq. Bandera Nacional","Bosque de Chapultepec 4a. sección","","","https://www.sedema.cdmx.gob.mx/comunicacion/nota/arrancan-actividades-en-la-ludoteca-chacuacos-fumarolas-de-agua-en-la-ex-fabrica-de-polvora","",-99.19528,19.39081,"http://sic.gob.mx/ficha.php?table=centro_cultural&table_id=3877","2025-06-25 14:52:08-06"
3450,"Centro Cultural Ex Fábrica de Pólvora","2021-07-03","Gobierno de la Ciudad de México ",9,"Ciudad de México",10,"Álvaro Obregón",1,"Álvaro Obregón","IV sección del Bosque de Chapultepec, Bandera, Industrias Militares de Sedena","Col. Lomas de Santa Fe","01219",".","https://mexicocity.cdmx.gob.mx/venues/ex-fabrica-polvora/?lang=es","",-99.19528,19.39081,"http://sic.gob.mx/ficha.php?table=centro_cultural&table_id=3450","2025-06-22 15:54:06-06"
3592,"PILARES La Conchita","2021-06-20","Gobierno de la Ciudad de México",9,"Ciudad de México",10,"Álvaro Obregón",1,"Álvaro Obregón","1 de Noviembre s/n, Deportivo la Conchita","","01130","55 5134 0770 ext 1806","https://gobierno.cdmx.gob.mx/noticias/inicia-actividades-pilares-la-conchita/","coord_comunicacion@pilares.cdmx.gob.mx",-99.20734,19.39243,"http://sic.gob.mx/ficha.php?table=centro_cultural&table_id=3592","2024-06-12 13:53:42-06"
3566,"PILARES Barrio Norte","1000-01-01","Secretaría de Cultura de la Ciudad de México",9,"Ciudad de México",10,"Álvaro Obregón",1,"Álvaro Obregón","Cda. Allende s/n","Col. Barrio Norte","01410","55 5134 0770 ext 1806","https://pilares.cdmx.gob.mx/","coord_comunicacion@pilares.cdmx.gob.mx",-99.20621,19.37829,"http://sic.gob.mx/ficha.php?table=centro_cultural&table_id=3566","2024-06-13 07:39:10-06"
3466,"PILARES El Capulín","2019-02-08","Secretaría de Cultura de la Ciudad de México",9,"Ciudad de México",10,"Álvaro Obregón",1,"Álvaro Obregón","Prol. Artificios s/n","Col. El Capulín","01110","55 5134 0770 ext 1806","https://pilares.cdmx.gob.mx/","coord_comunicacion@pilares.cdmx.gob.mx",-99.2122,19.39559,"http://sic.gob.mx/ficha.php?table=centro_cultural&table_id=3466","2025-11-19 17:36:40-06"
3320,"Casa-Estudio Cien Años de Soledad","2020-03-14","Fundación para las Letras Mexicanas ",9,"Ciudad de México",10,"Álvaro Obregón",1,"Álvaro Obregón","Cerrada de la Loma 19","Lomas de San Ángel Inn","01790","","","casaestudiocien@gmail.com",-99.2062,19.34298,"http://sic.gob.mx/ficha.php?table=centro_cultural&table_id=3320","2021-01-18 03:57:23-06"
1014,"Casa de la Cultura México-Japonesa","1999-10-07","Asociación Mexico Japonesa, A.C.",9,"Ciudad de México",10,"Álvaro Obregón",1,"Álvaro Obregón","Fujiyama 144","Col. Las Águilas","01710","55 5593 1444, ext. 101 y 121 ","https://www.amj.mx/","recepcion@amj.mx",-99.2019,19.36266,"http://sic.gob.mx/ficha.php?table=centro_cultural&table_id=1014","2025-08-28 18:56:06-06"
3755,"PILARES Toltecas","1000-01-01","Gobierno de la Ciudad de México",9,"Ciudad de México",10,"Álvaro Obregón",1,"Álvaro Obregón","Eje 5 poniente","Col. Escuadrón 201","01150","55 5134 0770 ext 1806","https://pilares.cdmx.gob.mx/pilares/1793/tolteca","coord_comunicacion@pilares.cdmx.gob.mx",-99.19983,19.38798,"http://sic.gob.mx/ficha.php?table=centro_cultural&table_id=3755","2024-06-17 14:28:41-06"
3337,"Cracovia 32","2012-01-01","Privado",9,"Ciudad de México",10,"Álvaro Obregón",1,"Álvaro Obregón","Cracovia 32","Col. San Ángel","01000","55 3915 2730","https://cracovia32.com/","info@cracovia32.com",-99.18798,19.3489,"http://sic.gob.mx/ficha.php?table=centro_cultural&table_id=3337","2025-07-02 13:41:45-06"
3486,"PILARES Belén de las Flores","2019-04-23","Secretaría de Cultura de la Ciudad de México",9,"Ciudad de México",10,"Álvaro Obregón",1,"Álvaro Obregón","Belén s/n","Col. Belén de las Flores","01110","55 5134 0770 ext 1806","https://pilares.cdmx.gob.mx/","coord_comunicacion@pilares.cdmx.gob.mx",-99.2174,19.39688,"http://sic.gob.mx/ficha.php?table=centro_cultural&table_id=3486","2025-10-17 19:52:39-06"
3504,"PILARES Isidro Fabela ","2019-08-03","Secretaría de Cultura de la Ciudad de México",9,"Ciudad de México",10,"Álvaro Obregón",1,"Álvaro Obregón","Nicaragüenses SN","Col. Isidro Fabela "," 01170","55 5134 0770 ext 1806","https://pilares.cdmx.gob.mx/","coord_comunicacion@pilares.cdmx.gob.mx",-99.2088,19.38604,"http://sic.gob.mx/ficha.php?table=centro_cultural&table_id=3504","2025-09-08 18:29:03-06"
3502,"PILARES Santa Fe","2019-08-03","Gobierno de la Ciudad de México",9,"Ciudad de México",10,"Álvaro Obregón",1,"Álvaro Obregón","Corregidora s/n","Col. Santa Fé","01210","55 5134 0770 ext 1806","https://pilares.cdmx.gob.mx/","coord_comunicacion@pilares.cdmx.gob.mx",-99.24034,19.38269,"http://sic.gob.mx/ficha.php?table=centro_cultural&table_id=3502","2024-06-20 14:35:22-06"
3650,"PILARES Merced Gómez/Rius","2022-08-11","Gobierno de la Ciudad de México",9,"Ciudad de México",10,"Álvaro Obregón",1,"Álvaro Obregón","Francisco de P.Miranda","Col. Merced Gómez","01600","55 5134 0770 ext 1806","https://pilares.cdmx.gob.mx/","coord_comunicacion@pilares.cdmx.gob.mx",-99.19615,19.36642,"http://sic.gob.mx/ficha.php?table=centro_cultural&table_id=3650","2024-06-19 13:31:55-06"
2877,"Centro Cultural Tenanitla","1980-08-04","Librería Miguel Ángel Porrúa, S.A. de C.V.",9,"Ciudad de México",10,"Álvaro Obregón",1,"Álvaro Obregón","Amargura 4","Col. San Ángel","01000","55 5616 0071","http://www.maporrua.com.mx","maporrua@maporrua.com.mx",-99.19134,19.34564,"http://sic.gob.mx/ficha.php?table=centro_cultural&table_id=2877","2025-08-29 11:49:30-06"
3465,"PILARES La Araña","2019-02-01","Gobierno de la Ciudad de México",9,"Ciudad de México",10,"Álvaro Obregón",1,"Álvaro Obregón","Prol. Río Mixcoac s/n esq. Querétaro","Col. La Araña","01520","55 5134 0770 ext 1806","https://pilares.cdmx.gob.mx/","coord_comunicacion@pilares.cdmx.gob.mx",-99.2403,19.36265,"http://sic.gob.mx/ficha.php?table=centro_cultural&table_id=3465","2025-07-04 16:59:51-06"
3467,"PILARES Jalalpa Tepito","2019-02-15","Gobierno de la Ciudad de México",9,"Ciudad de México",10,"Álvaro Obregón",1,"Álvaro Obregón","Encinal","Col. Jalalpa Tepito 2da Amp.","01296","55 5134 0770 ext 1806","https://pilares.cdmx.gob.mx/","pilaresjalalpatepito@cdmx.gob.mx",-99.23701,19.37423,"http://sic.gob.mx/ficha.php?table=centro_cultural&table_id=3467","2025-08-07 11:01:53-06"
3505,"PILARES Árbol del Conocimiento","2019-01-01","Gobierno de la Ciudad de México",9,"Ciudad de México",10,"Álvaro Obregón",1,"Álvaro Obregón","Luis G. Urbina s/n","Col. Lomas de Becerra","01279","55 5134 0770 ext 1806","https://pilares.cdmx.gob.mx/pilares/1543/arbol-del-conocimiento","coord_comunicacion@pilares.cdmx.gob.mx",-99.22207,19.38428,"http://sic.gob.mx/ficha.php?table=centro_cultural&table_id=3505","2025-10-08 17:12:18-06"
3652,"PILARES Lomas de Becerra","2022-01-01","Gobierno de la Ciudad de México",9,"Ciudad de México",10,"Álvaro Obregón",1,"Álvaro Obregón","Antigua Vía la Venta esq. Guerrerenses","Col. Atturo Martínez","01200","55 5134 0770 ext 1806","https://pilares.cdmx.gob.mx/","coord_comunicacion@pilares.cdmx.gob.mx",-99.21825,19.38602,"http://sic.gob.mx/ficha.php?table=centro_cultural&table_id=3652","2025-09-19 18:13:37-06"
3581,"PILARES Las Águilas","1000-01-01","Secretaría de Cultura de la Ciudad de México",9,"Ciudad de México",10,"Álvaro Obregón",1,"Álvaro Obregón","Prol. Barranca del Muerto s/n","Col. Las Águilas, Sección Hornos","01710","55 5134 0770 ext 1806","https://pilares.cdmx.gob.mx/","coord_comunicacion@pilares.cdmx.gob.mx",-99.20562,19.36203,"http://sic.gob.mx/ficha.php?table=centro_cultural&table_id=3581","2024-06-07 12:04:07-06"
3720,"PILRES Piloto","1000-01-01","Gobierno de la Ciudad de México",9,"Ciudad de México",10,"Álvaro Obregón",1,"Álvaro Obregón","Av. Puerto Mazatlán","Col. Piloto Adolfo López Mateos","01298","55 5134 0770 ext 1806","https://pilares.cdmx.gob.mx/","coord_comunicacion@pilares.cdmx.gob.mx",-99.23236,19.37152,"http://sic.gob.mx/ficha.php?table=centro_cultural&table_id=3720","2024-06-24 12:57:37-06"
3651,"PILARES La Comuna Álvaro Obregón","2023-04-01","Secretaría de Cultura de la Ciudad de México",9,"Ciudad de México",10,"Álvaro Obregón",1,"Álvaro Obregón","Ricardo Flores Magón s/n","Col. Olivar del Conde 2da. Sección","01408","55 5134 0770 ext 1806","https://pilares.cdmx.gob.mx/","coord_comunicacion@pilares.cdmx.gob.mx",-99.21319,19.37444,"http://sic.gob.mx/ficha.php?table=centro_cultural&table_id=3651","2025-06-11 17:44:00-06"
3567,"PILARES Olivar del Conde","2020-01-30","Gobierno de la Ciudad de México",9,"Ciudad de México",10,"Álvaro Obregón",1,"Álvaro Obregón","Calle 20 s/n","Col. Olivar del Conde 1ra sección","01400","55 5134 0770 ext 1806","https://pilares.cdmx.gob.mx/","coord_comunicacion@pilares.cdmx.gob.mx",-99.20468,19.37369,"http://sic.gob.mx/ficha.php?table=centro_cultural&table_id=3567","2025-06-27 19:49:04-06"
2966,"Centro Cultural Pedregal","2012-08-26","Ágora Cultural Pedregal, S.C.",9,"Ciudad de México",10,"Álvaro Obregón",1,"Álvaro Obregón","Av. de las Fuentes 557","Col. Jardines del Pedregal","01900","55 5568 2043 ","http://www.centroculturalpedregal.mx; https://www.facebook.com/CentroCulturalPedregalMx/?fref=ts; https://twitter.com/centropedregal","info@centroculturalpedregal.com",-99.21243,19.31698,"http://sic.gob.mx/ficha.php?table=centro_cultural&table_id=2966","2025-04-09 11:52:57-06"
3589,"PILARES Río San Borja","1000-01-01","Secretaría de Cultura de la Ciudad de México",9,"Ciudad de México",10,"Álvaro Obregón",1,"Álvaro Obregón","Av. Rio San Borja","Col. Olivar del Conde 2da Secc"," 01408 ","55 5134 0770 ext 1806","https://pilares.cdmx.gob.mx/","coord_comunicacion@pilares.cdmx.gob.mx",-99.21685,19.37557,"http://sic.gob.mx/ficha.php?table=centro_cultural&table_id=3589","2024-06-11 11:31:51-06"
3525,"PILARES Presidentes","2019-01-01","Gobierno de la Ciudad de México",9,"Ciudad de México",10,"Álvaro Obregón",1,"Álvaro Obregón","Adolfo de La Huerta","Col. Presidentes","01299","55 5134 0770 ext 1806","https://pilares.cdmx.gob.mx/pilares/1563/presidentes","coord_comunicacion@pilares.cdmx.gob.mx",-99.22133,19.37724,"http://sic.gob.mx/ficha.php?table=centro_cultural&table_id=3525","2025-08-26 16:51:10-06"
1399,"Centro Cultural Isidro Fabela","1991-06-01","Gobierno del Estado de México",9,"Ciudad de México",10,"Álvaro Obregón",1,"Álvaro Obregón","Plaza de San Jacinto 5","Col. San Ángel","01000","55 5616 2711","","contacto@isidrofabela.org.mx",-99.19204,19.34496,"http://sic.gob.mx/ficha.php?table=centro_cultural&table_id=1399","2024-09-29 10:58:12-06"
3529,"PILARES Santa Lucia ","2019-11-01","Secretaría de Cultura de la Ciudad de México",9,"Ciudad de México",10,"Álvaro Obregón",1,"Álvaro Obregón","Av Santa Lucia 36","Col. Colina del Sur","01430","55 5134 0770 ext 1806","https://pilares.cdmx.gob.mx/","coord_comunicacion@pilares.cdmx.gob.mx",-99.22284,19.36873,"http://sic.gob.mx/ficha.php?table=centro_cultural&table_id=3529","2025-06-03 16:47:04-06"
3506,"PILARES Lomas de la Era","2019-08-03","Secretaría de Cultura de la Ciudad de México",9,"Ciudad de México",10,"Álvaro Obregón",214,"Camino a la Bandera","And. 29 de Octubre s/n","Col. Lomas de la Era","01860","55 5134 0770 ext 1806","https://pilares.cdmx.gob.mx/","coord_comunicacion@pilares.cdmx.gob.mx",-99.25956,19.32564,"http://sic.gob.mx/ficha.php?table=centro_cultural&table_id=3506","2025-11-19 16:52:52-06"
3744,"PILARES Santa Rosa","2021-01-01","Secretaría de Cultura de la Ciudad de México",9,"Ciudad de México",10,"Álvaro Obregón",214,"Camino a la Bandera","Rcda. de Jesús s/n","Col. Santa Rosa Xochiac","01830","55 5134 0770 ext 1806","https://pilares.cdmx.gob.mx/","coord_comunicacion@pilares.cdmx.gob.mx",-99.28221,19.32597,"http://sic.gob.mx/ficha.php?table=centro_cultural&table_id=3744","2025-06-24 17:05:10-06"
3503,"PILARES La Cuesta","1000-01-01","Gobierno de la Ciudad de México",9,"Ciudad de México",10,"Álvaro Obregón",214,"Camino a la Bandera","Andador Tecalcapa","El Mirador","01700","55 5134 0770 ext 1806","https://pilares.cdmx.gob.mx/","coord_comunicacion@pilares.cdmx.gob.mx",-99.22572,19.34566,"http://sic.gob.mx/ficha.php?table=centro_cultural&table_id=3503","2024-06-07 09:05:30-06"
3721,"PILARES Santa Lucía-Río Mixcoac","1000-01-01","Secretaría de Cultura de la Ciudad de México",9,"Ciudad de México",10,"Álvaro Obregón",214,"Camino a la Bandera","Río Mixcoac s/n","Col. Santa Lucía","01430","55 5134 0770 ext 1806","https://pilares.cdmx.gob.mx/","coord_comunicacion@pilares.cdmx.gob.mx",-99.25173,19.35607,"http://sic.gob.mx/ficha.php?table=centro_cultural&table_id=3721","2024-06-11 11:06:46-06"
3570,"PILARES Chamontoya","1000-01-01","Gobierno de la Ciudad de México",9,"Ciudad de México",10,"Álvaro Obregón",214,"Camino a la Bandera","Azucena Lt. 20","Col. Lomas de Chamontoya","01857","55 5134 0770 ext 1806","https://pilares.cdmx.gob.mx/pilares/1608/chamontoya","coord_comunicacion@pilares.cdmx.gob.mx",-99.26821,19.31798,"http://sic.gob.mx/ficha.php?table=centro_cultural&table_id=3570","2024-06-18 17:40:46-06"
934,"Casa de Cultura Frida Kahlo","1994-10-04","Alcaldía Tláhuac/Dirección de Cultura",9,"Ciudad de México",11,"Tláhuac",1,"Tláhuac","Paseo Nuevo s/n entre Ojo de Agua y Tláhuac","Col. San Francisco Tlaltenco","13450","55 5866 0676","","casadeculturafridakahlo06@gmail.com",-99.01423,19.29139,"http://sic.gob.mx/ficha.php?table=centro_cultural&table_id=934","2025-04-07 18:23:31-06"
1702,"Centro Cultural Zapotitlán","2002-10-02","Alcaldía Tláhuac/Dirección de Cultura",9,"Ciudad de México",11,"Tláhuac",1,"Tláhuac","Ignacio Zaragoza s/n esq. Jesús Castro","Pueblo Santiago Zapotitlán","13300","55 5841 7600","https://www.facebook.com/profile.php?id=100007589807395&fref=ts","cczapotitlan@hotmail.com; vale1_2001@yahoo.com.mx",-99.03663,19.30083,"http://sic.gob.mx/ficha.php?table=centro_cultural&table_id=1702","2025-04-09 18:21:43-06"
3704,"PILARES Miguel Hidalgo","2019-01-01","Secretaría de Cultura de la Ciudad de México",9,"Ciudad de México",11,"Tláhuac",1,"Tláhuac","La Gioconda","Col. Miguel Hidalgo","13200","55 5134 0770 ext 1806","https://pilares.cdmx.gob.mx/","coord_comunicacion@pilares.cdmx.gob.mx",-99.04613,19.2923,"http://sic.gob.mx/ficha.php?table=centro_cultural&table_id=3704","2025-10-30 11:46:55-06"
977,"Casa de Cultura Los Olivos","2000-03-13","Alcaldía Tláhuac/Dirección de Cultura",9,"Ciudad de México",11,"Tláhuac",1,"Tláhuac","Providencia 20-A","Col. Ampl. Los Olivos","13210","55 5131 3082","","ccolivos7@gmail.com",-99.05856,19.30584,"http://sic.gob.mx/ficha.php?table=centro_cultural&table_id=977","2023-10-09 08:09:08-06"
3700,"PILARES Selene","2022-01-01","Gobierno de la Ciudad de México",9,"Ciudad de México",11,"Tláhuac",1,"Tláhuac","Estanislao Ramírez Ruiz","Col. Selene 1ra. Secc.","13420","55 5134 0770 ext 1806","https://pilares.cdmx.gob.mx/pilares/1738/selene","coord_comunicacion@pilares.cdmx.gob.mx",-98.998,19.29481,"http://sic.gob.mx/ficha.php?table=centro_cultural&table_id=3700","2025-09-30 18:33:51-06"
1939,"Fábrica de Artes y Oficios (FARO) Tláhuac","2006-05-26","Secretaría de Cultura de la Ciudad de México/Dirección General de Vinculación Cultural Comunitaria/Red de Faros",9,"Ciudad de México",11,"Tláhuac",1,"Tláhuac","Int. Bosque de Tláhuac, Av. La Turba s/n esq. Heberto Castillo","Col. Miguel Hidalgo","13200","55 2160 5471","https://www.cultura.cdmx.gob.mx/recintos/faro-tlahuac","farotlahuacdifusion@gmail.com; culturacomunitariaweb@gmail.com",-99.04607,19.28584,"http://sic.gob.mx/ficha.php?table=centro_cultural&table_id=1939","2026-08-03 14:23:55-06"
972,"Casa de Cultura Diego Rivera","1996-06-16","Alcaldía Tláhuac/Dirección de Cultura",9,"Ciudad de México",11,"Tláhuac",1,"Tláhuac","Av. de la Turba s/n","Col. del Mar","13270","55 5845 5098","","diegoriveratlahuac@hotmail.com",-99.0605,19.29339,"http://sic.gob.mx/ficha.php?table=centro_cultural&table_id=972","2025-04-07 14:15:14-06"
1703,"Centro Cultural Mercado La Nopalera","2006-03-01","Alcaldía Tláhuac/Dirección de Cultura",9,"Ciudad de México",11,"Tláhuac",1,"Tláhuac","Angélica Paulet s/n esq. Gallo de oro y Falsaffat","Col. Nopalera","13220","(55) 5842 1613","http://consejoculturatlahuac.blogspot.mx/","betty_mobb@hotmail.com",-99.05444,19.29649,"http://sic.gob.mx/ficha.php?table=centro_cultural&table_id=1703","2019-11-27 04:39:42-06"
2772,"Centro Cultural Ing. Juan Manuel Martínez G.","2012-08-01","Alcaldía Tláhuac/Dirección de Cultura",9,"Ciudad de México",11,"Tláhuac",1,"Tláhuac","Gitana s/n","Col. del Mar","13270","(55) 5842 1613","","cencultjuanmanuelmtz@hotmail.com",-99.05789,19.29446,"http://sic.gob.mx/ficha.php?table=centro_cultural&table_id=2772","2019-11-27 04:38:45-06"
933,"Casa de Cultura Rosario Castellanos F.","1989-03-26","Alcaldía Tláhuac/Dirección de Cultura/Unidad Departamental de Proyectos Culturales",9,"Ciudad de México",11,"Tláhuac",1,"Tláhuac","Av. Tláhuac s/n esq. Sonido Trece","Col. Santa Cecilia","13010","55 5766 3804","","cculturarosariocastellanos_69@yahoo.com.mx; salgadomurillo.rosendo@gmail.com",-99.00759,19.27868,"http://sic.gob.mx/ficha.php?table=centro_cultural&table_id=933","2023-06-12 06:38:14-06"
3762,"PILARES Jaime Torres Bodet","1000-01-01","Gobierno de la Ciudad de México",9,"Ciudad de México",11,"Tláhuac",21,"San Juan Ixtayopan","Educación Politécnica 9","Col. Jaime Torres Bodet","","55 5134 0770 ext 1806","https://pilares.cdmx.gob.mx/","coord_comunicacion@pilares.cdmx.gob.mx",-98.99986,19.23064,"http://sic.gob.mx/ficha.php?table=centro_cultural&table_id=3762","2024-07-01 14:43:55-06"
3698,"PILARES San Nicolás Tetelco","1000-01-01","Gobierno de la Ciudad de México",9,"Ciudad de México",11,"Tláhuac",24,"San Nicolás Tetelco","Avenida Emiliano Zapata, Mz. 248 Lt. 24","San Nicolás Tetelco","13700","55 5134 0770 ext 1806","https://pilares.cdmx.gob.mx/","coord_comunicacion@pilares.cdmx.gob.mx",-98.97246,19.2177,"http://sic.gob.mx/ficha.php?table=centro_cultural&table_id=3698","2024-06-19 13:00:13-06"
1704,"Centro Cultural Santa Catarina Yecahuizotl","2002-03-08","Alcaldía Tláhuac/Dirección de Cultura",9,"Ciudad de México",11,"Tláhuac",26,"Santa Catarina Yecahuitzotl","Belisario Domínguez s/n esq. Emiliano Zapata","Col. Santa Catarina","13100","(55) 4444 2728","","solares_03@hotmail.com",-98.9683,19.30918,"http://sic.gob.mx/ficha.php?table=centro_cultural&table_id=1704","2019-11-27 04:38:58-06"
3737,"PILARES San José","1000-01-01","Gobierno de la Ciudad de México",9,"Ciudad de México",11,"Tláhuac",71,"Tabla los Pozos","Av. Agustín Lara s/n","Col. San José","13020","55 5134 0770 ext 1806","https://pilares.cdmx.gob.mx/","coord_comunicacion@pilares.cdmx.gob.mx",-98.99367,19.27595,"http://sic.gob.mx/ficha.php?table=centro_cultural&table_id=3737","2024-06-25 14:50:59-06"
3532,"PILARES Mixquic","2019-01-01","Gobierno de la Ciudad de México",9,"Ciudad de México",11,"Tláhuac",86,"Xila","Calz. Plutarco Elías Calles","Col. Santa Cruz","13650","55 5134 0770 ext 1806","https://pilares.cdmx.gob.mx/","coord_comunicacion@pilares.cdmx.gob.mx",-98.95267,19.22626,"http://sic.gob.mx/ficha.php?table=centro_cultural&table_id=3532","2025-08-29 18:00:31-06"
3477,"PILARES Rosario Castellanos","2019-03-07","Gobierno de la Ciudad de México",9,"Ciudad de México",11,"Tláhuac",94,"Chinampa San Juan","Av. Tláhuac esq. Av. Sonido Trece","Col. Santa Cecilia","13010","55 5134 0770 ext 1806","https://pilares.cdmx.gob.mx/","coord_comunicacion@pilares.cdmx.gob.mx",-99.00789,19.27804,"http://sic.gob.mx/ficha.php?table=centro_cultural&table_id=3477","2024-06-24 14:51:28-06"
3547,"PILARES Miguel Hidalgo","2019-11-17","Gobierno de la Ciudad de México",9,"Ciudad de México",11,"Tláhuac",126,"Camino a Tlaltenco","La Gioconda","Col. Miguel Hidalgo","13200","55 5134 0770 ext 1806","https://pilares.cdmx.gob.mx/","coord_comunicacion@pilares.cdmx.gob.mx",-99.04598,19.29212,"http://sic.gob.mx/ficha.php?table=centro_cultural&table_id=3547","2024-06-26 08:46:30-06"
3572,"PILARES Tlaltenco","1000-01-01","Gobierno de la Ciudad de México",9,"Ciudad de México",11,"Tláhuac",129,"Rancho los Pollitos","Av. Ojo de Agua 161","Col. Ojo de Agua","13450","55 5134 0770 ext 1806","https://pilares.cdmx.gob.mx/","coord_comunicacion@pilares.cdmx.gob.mx",-99.00935,19.29106,"http://sic.gob.mx/ficha.php?table=centro_cultural&table_id=3572","2024-06-26 09:17:13-06"
3699,"PILARES Santa Catarina ","1000-01-01","Secretaría de Cultura de la Ciudad de México",9,"Ciudad de México",11,"Tláhuac",141,"Colonia los 500 metros","Toltecas 161","Col. Santa Catarina","13120","55 5134 0770 ext 1806","https://pilares.cdmx.gob.mx/","coord_comunicacion@pilares.cdmx.gob.mx",-98.96222,19.31896,"http://sic.gob.mx/ficha.php?table=centro_cultural&table_id=3699","2024-06-11 11:08:46-06"
3697,"PILARES Quetzalcóatl","1000-01-01","Gobierno de la Ciudad de México",9,"Ciudad de México",11,"Tláhuac",148,"Puertantitla (Camino al Cerro)","Andrés Quintana Roo s/n","Col. Guadalupe Tlaltenco","13450","55 5134 0770 ext 1806","https://pilares.cdmx.gob.mx/","coord_comunicacion@pilares.cdmx.gob.mx",-99.01372,19.29485,"http://sic.gob.mx/ficha.php?table=centro_cultural&table_id=3697","2024-06-17 13:25:25-06"
3701,"PILARES Tierra Blanca","2021-01-01","Secretaría de Cultura de la Ciudad de México",9,"Ciudad de México",11,"Tláhuac",149,"Prolongación el Rosario","Sauces s/n","Col. El Rosario","13540","55 5134 0770 ext 1806","https://pilares.cdmx.gob.mx/","coord_comunicacion@pilares.cdmx.gob.mx",-99.00508,19.23929,"http://sic.gob.mx/ficha.php?table=centro_cultural&table_id=3701","2025-08-25 17:18:24-06"
3606,"PILARES Ana Bolena","2022-01-23","Secretaría de Cultura de la Ciudad de México",9,"Ciudad de México",11,"Tláhuac",158,"Las Calabacitas","Ana Bolena 270","Col.  La Nopalera","13280","55 5134 0770 ext 1806","https://pilares.cdmx.gob.mx/","coord_comunicacion@pilares.cdmx.gob.mx",-99.0546,19.29235,"http://sic.gob.mx/ficha.php?table=centro_cultural&table_id=3606","2025-11-11 17:29:28-06"
3607,"PILARES Cocodrilo","1000-01-01","Gobierno de la Ciudad de México",9,"Ciudad de México",11,"Tláhuac",158,"Las Calabacitas","Cocodrilo 67","Col. Los Olivos","13210","55 5134 0770 ext 1806","https://pilares.cdmx.gob.mx/","coord_comunicacion@pilares.cdmx.gob.mx",-99.05964,19.30181,"http://sic.gob.mx/ficha.php?table=centro_cultural&table_id=3607","2024-06-12 14:29:38-06"
3548,"PILARES Murciélago","2019-01-01","Gobierno de la Ciudad de México",9,"Ciudad de México",11,"Tláhuac",158,"Las Calabacitas","El Murciélago Mz. 8 LT. 20","Agrícola Metropolitana","13280","55 5134 0770 ext 1806","https://pilares.cdmx.gob.mx/","coord_comunicacion@pilares.cdmx.gob.mx",-99.04931,19.2917,"http://sic.gob.mx/ficha.php?table=centro_cultural&table_id=3548","2025-08-25 16:57:00-06"
3608,"PILARES Nopalera","2021-01-01","Gobierno de la Ciudad de México",9,"Ciudad de México",11,"Tláhuac",158,"Las Calabacitas","Angélica Paulet esq. Falstaff","La Nopalera","13250","55 5134 0770 ext 1806","https://pilares.cdmx.gob.mx/","coord_comunicacion@pilares.cdmx.gob.mx",-99.05479,19.29646,"http://sic.gob.mx/ficha.php?table=centro_cultural&table_id=3608","2025-10-08 17:25:39-06"
3507,"PILARES Paulo Freire","2019-08-07","Gobierno de la Ciudad de México",9,"Ciudad de México",11,"Tláhuac",158,"Las Calabacitas","Santa Cruz 127","Col. Las Arboledas","13319","55 5134 0770 ext 1806","https://pilares.cdmx.gob.mx/","coord_comunicacion@pilares.cdmx.gob.mx",-99.05112,19.30584,"http://sic.gob.mx/ficha.php?table=centro_cultural&table_id=3507","2024-06-12 12:35:44-06"
3478,"PILARES García Lorca","2019-03-07","Gobierno de la Ciudad de México",9,"Ciudad de México",11,"Tláhuac",158,"Las Calabacitas","Cecilio Acosta s/n","San Miguel Zapotitla","13310","55 5134 0770 ext 1806","https://pilares.cdmx.gob.mx/","coord_comunicacion@pilares.cdmx.gob.mx",-99.03694,19.31159,"http://sic.gob.mx/ficha.php?table=centro_cultural&table_id=3478","2025-05-29 19:32:54-06"
967,"Casa de la Cultura de Tlalpan","1988-11-30","Alcaldía Tlalpan/Dirección General de Derechos Culturales y Educativos",9,"Ciudad de México",12,"Tlalpan",1,"Tlalpan","Camino a Santa Teresa s/n esq. Zacatépetl","Col. Bosque del Pedregal","14010","55 5606 3839","","casadelaculturatlalpan@gmail.com",-99.19223,19.29613,"http://sic.gob.mx/ficha.php?table=centro_cultural&table_id=967","2026-07-28 12:23:53-06"
2890,"Casa del Virrey de Mendoza","2012-05-03","Gobierno de la Ciudad de México/Alcaldía Tlalpan/Grupo Tequio, A.C.",9,"Ciudad de México",12,"Tlalpan",1,"Tlalpan"," Juárez 15 esq. Victoria.","Centro de Tlalpan","14000","","","",-99.16909,19.28828,"http://sic.gob.mx/ficha.php?table=centro_cultural&table_id=2890","2020-04-20 14:46:47-05"
963,"Centro Cultural Ollin Yoliztli (CCOY)","1979-11-27","Secretaría de Cultura de la Ciudad de México",9,"Ciudad de México",12,"Tlalpan",1,"Tlalpan","Periférico Sur 5141","Col. Isidro Fabela","14030","55 5606 3901","https://www.cultura.cdmx.gob.mx/recintos/archivo-historico/centros-culturales/ccoy","ollinyoliztlidifusion@df.gob.mx; direccionccoy@df.gob.mx; pachecofidencio@gmail.com",-99.17844,19.30305,"http://sic.gob.mx/ficha.php?table=centro_cultural&table_id=963","2025-08-28 14:27:20-06"
2466,"Centro Cultural Ignacio Ramírez ISSSTE","1963-11-13","Instituto de Seguridad y Servicios Sociales de los Trabajadores del Estado (ISSSTE)",9,"Ciudad de México",12,"Tlalpan",1,"Tlalpan","Av. San Fernando 15","Col. San Pedro Apostol","14070","55 5141 5400 ext. 22301","","svaltoartesescenicas@gmail.com",-99.17166,19.29386,"http://sic.gob.mx/ficha.php?table=centro_cultural&table_id=2466","2023-12-06 07:53:15-06"
3049,"Centro de Artes y Oficios (CAO) Xochipilli (Cerrado temporalmente)","2017-10-28","Alcaldía Tlalpan/JUD de Cultura Comunitaria",9,"Ciudad de México",12,"Tlalpan",1,"Tlalpan","Av. del Paraíso s/n","Ejidos de San Pedro Mártir","14600","(55) 5485 3266","","alisosnaya@gmail.com",-99.15621,19.26859,"http://sic.gob.mx/ficha.php?table=centro_cultural&table_id=3049","2019-11-27 04:43:02-06"
2096,"Centro Cultural Casa Frissac","2000-05-01","Alcaldía Tlalpan",9,"Ciudad de México",12,"Tlalpan",1,"Tlalpan","Plaza de la Constitución 1 esq. Moneda","Centro ","14000","55 5483 1500 ext. 7306","https://culturatlalpan.wixsite.com/cultura/project-2","judrcpayc@gmail.com",-99.16776,19.28906,"http://sic.gob.mx/ficha.php?table=centro_cultural&table_id=2096","2026-07-28 12:15:53-06"
3705,"PILARES Zapote","2023-03-30","Gobierno de la Ciudad de México",9,"Ciudad de México",12,"Tlalpan",1,"Tlalpan","Zapote 155","Col. Zapote","","55 5134 0770 ext 1806","https://pilares.cdmx.gob.mx/","coord_comunicacion@pilares.cdmx.gob.mx",-99.17881,19.30023,"http://sic.gob.mx/ficha.php?table=centro_cultural&table_id=3705","2024-06-12 14:17:41-06"
2150,"Centro Cultural y Social Hidalguense","2004-12-07","Centro Cultural y Social Hidalguense, A.C./Consejo Estatal para la Cultura y las Artes de Hidalgo/ Representación del Gobierno del Estado de Hidalgo",9,"Ciudad de México",12,"Tlalpan",1,"Tlalpan","Calz. de Tlalpan 4743 esq. Av. San Fernando","Tlalpan Centro","14000","554 094 95 26","https://centrohidalguense.com/","direccion@centrohidalguense.com; cultura@centrohidalguense.com",-99.16244,19.29046,"http://sic.gob.mx/ficha.php?table=centro_cultural&table_id=2150","2024-02-19 05:32:46-06"
3560,"PILARES La Joya","2020-01-01","Gobierno de la Ciudad de México",9,"Ciudad de México",12,"Tlalpan",1,"Tlalpan","Insurgentes 4461","Col. La Joya","14090","55 5134 0770 ext 1806","https://pilares.cdmx.gob.mx/pilares/1598/la-joya","coord_comunicacion@pilares.cdmx.gob.mx",-99.16756,19.27844,"http://sic.gob.mx/ficha.php?table=centro_cultural&table_id=3560","2025-11-11 16:49:24-06"
3706,"PILARES Pedregal de las Águilas","1000-01-01","Secretaría de Cultura de la Ciudad de México",9,"Ciudad de México",12,"Tlalpan",1,"Tlalpan","Lacandones s/n","Col. Pedregal de las Águilas","14439","55 5134 0770 ext 1806","https://pilares.cdmx.gob.mx/","coord_comunicacion@pilares.cdmx.gob.mx",-99.17638,19.27204,"http://sic.gob.mx/ficha.php?table=centro_cultural&table_id=3706","2024-06-13 08:13:23-06"
3645,"PILARES San Lorenzo Huipulco","1000-01-01","Gobierno de la Ciudad de México",9,"Ciudad de México",12,"Tlalpan",1,"Tlalpan","Calzada de Tlalpan esq. Calzada Acoxpa","Col. Sta. Úrsula Coapa","04650","55 5134 0770 ext 1806","https://pilares.cdmx.gob.mx/","coord_comunicacion@pilares.cdmx.gob.mx",-99.14713,19.30104,"http://sic.gob.mx/ficha.php?table=centro_cultural&table_id=3645","2025-08-28 18:19:46-06"
3752,"PILARES San Nicolás II","1000-01-01","Gobierno de la Ciudad de México",9,"Ciudad de México",12,"Tlalpan",1,"Tlalpan","Plan de La Máquina 330","Col. San Nicolás II","14735","55 5134 0770 ext 1806","https://pilares.cdmx.gob.mx/","coord_comunicacion@pilares.cdmx.gob.mx",-99.23831,19.2674,"http://sic.gob.mx/ficha.php?table=centro_cultural&table_id=3752","2024-06-13 13:02:07-06"
3738,"PILARES Deportivo Xóchitl","1000-01-01","Gobierno de la Ciudad de México",9,"Ciudad de México",12,"Tlalpan",1,"Tlalpan","Calle Corregidora s/n ","Miguel Hidalgo","14250","55 5134 0770 ext 1806","https://pilares.cdmx.gob.mx/","coord_comunicacion@pilares.cdmx.gob.mx",-99.18248,19.29054,"http://sic.gob.mx/ficha.php?table=centro_cultural&table_id=3738","2024-06-14 09:22:57-06"
3708,"PILARES Tepeximilpa","1000-01-01","Gobierno de la Ciudad de México",9,"Ciudad de México",12,"Tlalpan",1,"Tlalpan","Tequistlateco s/n ","San Juan Tepeximilpa","14427","55 5134 0770 ext 1806","https://pilares.cdmx.gob.mx/","coord_comunicacion@pilares.cdmx.gob.mx",-99.19047,19.27282,"http://sic.gob.mx/ficha.php?table=centro_cultural&table_id=3708","2024-06-14 11:26:51-06"
2613,"Centro de Artes y Oficios Tiempo Nuevo","1990-05-01","Alcaldía Tlalpan",9,"Ciudad de México",12,"Tlalpan",1,"Tlalpan","Jesus Lecuona s/n","Col. Miguel Hidalgo 2da. Sección","14250","55 169 71498","http://www.tlalpan.cdmx.gob.mx/centros/centro-de-artes-y-oficios-cao-tiempo-nuevo/","comunicacioncaotlalpan@gmail.com",-99.19429,19.28667,"http://sic.gob.mx/ficha.php?table=centro_cultural&table_id=2613","2025-11-13 13:12:32-06"
3646,"PILARES San Miguel Ajusco","1000-01-01","Secretaría de Cultura de la Ciudad de México",9,"Ciudad de México",12,"Tlalpan",26,"San Miguel Ajusco","Primera cerrada de Mariano Abasolo s/n","Col. San Miguel Ajusco","14700","55 5134 0770 ext 1806","https://pilares.cdmx.gob.mx/pilares/1684/san-miguel","pilaressanmiguel@cdmx.gob.mx",-99.19553,19.23123,"http://sic.gob.mx/ficha.php?table=centro_cultural&table_id=3646","2025-08-28 18:52:28-06"
3612,"PILARES Topilejo","1000-01-01","Gobierno de la Ciudad de México",9,"Ciudad de México",12,"Tlalpan",27,"San Miguel Topilejo","Independencia 12","Col. San Miguel Topilejo","14500","55 5134 0770 ext 1806","https://pilares.cdmx.gob.mx/","coord_comunicacion@pilares.cdmx.gob.mx",-99.14129,19.19852,"http://sic.gob.mx/ficha.php?table=centro_cultural&table_id=3612","2024-06-25 10:23:24-06"
3739,"PILARES Plan de Ayala","1000-01-01","Secretaría de Cultura de la Ciudad de México",9,"Ciudad de México",12,"Tlalpan",326,"Cuauhtenco","Av. Texcalatlaco","Col. Plan de Ayala","14470","55 5134 0770 ext 1806","https://pilares.cdmx.gob.mx/","coord_comunicacion@pilares.cdmx.gob.mx",-99.15012,19.23908,"http://sic.gob.mx/ficha.php?table=centro_cultural&table_id=3739","2024-06-11 11:27:12-06"
3500,"PILARES Ecoguardas","2019-07-31","Gobierno de la Ciudad de México",9,"Ciudad de México",12,"Tlalpan",330,"Área de los Venados (La SIREFA)","Carr. Picacho Ajusco km. 5.5 s/n","Col. Ampliación Miguel Hidalgo","14250","55 5134 0770 ext 1806","https://pilares.cdmx.gob.mx/","coord_comunicacion@pilares.cdmx.gob.mx",-99.20426,19.27094,"http://sic.gob.mx/ficha.php?table=centro_cultural&table_id=3500","2024-06-19 14:09:47-06"
3611,"PILARES Chichicaspatl","1000-01-01","Secretaría de Cultura de la Ciudad de México",9,"Ciudad de México",12,"Tlalpan",379,"Paraje el Negro","Plancito Viejos, Ferrocarril de Cuernavaca 46","Col. Chichicaspatl","14108","55 5134 0770 ext 1806","https://pilares.cdmx.gob.mx/","coord_comunicacion@pilares.cdmx.gob.mx",-99.24268,19.27772,"http://sic.gob.mx/ficha.php?table=centro_cultural&table_id=3611","2024-06-13 08:08:30-06"
3702,"PILARES Metropolitana Bosques","2021-09-27","Gobierno de la Ciudad de México",9,"Ciudad de México",12,"Tlalpan",379,"Paraje el Negro","Av. Metropolitana s/n","Col. Bosques del Pedregal ","14734","55 5134 0770 ext 1806","https://pilares.cdmx.gob.mx/","coord_comunicacion@pilares.cdmx.gob.mx",-99.24344,19.27061,"http://sic.gob.mx/ficha.php?table=centro_cultural&table_id=3702","2024-06-25 09:36:13-06"
3747,"PILARES Chichicaspatl II","2024-11-15","Gobierno de la Ciudad de México",9,"Ciudad de México",12,"Tlalpan",379,"Paraje el Negro","Chancenote 19-11","Col. Chichicaspatl","14108","55 5134 0770 ext 1806","https://pilares.cdmx.gob.mx/","coord_comunicacion@pilares.cdmx.gob.mx",-99.2422,19.27462,"http://sic.gob.mx/ficha.php?table=centro_cultural&table_id=3747","2025-08-29 11:37:23-06"
3610,"PILARES Bosques","2021-09-27","Gobierno de la Ciudad de México",9,"Ciudad de México",12,"Tlalpan",429,"El Resumidero","Sabino LT. 1 Mz. 178","Col. Bosques de Pedregal","14738","55 5134 0770 ext 1806","https://pilares.cdmx.gob.mx/pilares/1648/bosques","coord_comunicacion@pilares.cdmx.gob.mx",-99.23827,19.27132,"http://sic.gob.mx/ficha.php?table=centro_cultural&table_id=3610","2024-06-21 11:32:15-06"
3609,"PILARES Belvedere","1000-01-01","Secretaría de Cultura de la Ciudad de México",9,"Ciudad de México",12,"Tlalpan",429,"El Resumidero","Peloponeso 111 ","Col.  Belvedere Ajusco ","14720","55 5134 0770 ext 1806","https://pilares.cdmx.gob.mx/","coord_comunicacion@pilares.cdmx.gob.mx",-99.22686,19.26737,"http://sic.gob.mx/ficha.php?table=centro_cultural&table_id=3609","2024-06-11 11:19:06-06"
3761,"PILARES Framboyanes","1000-01-01","Secretaría de Cultura de la Ciudad de México",9,"Ciudad de México",12,"Tlalpan",429,"El Resumidero","Balancan s/n","Col. Lomas del Pedregal","14150","55 5134 0770 ext 1806","https://pilares.cdmx.gob.mx/","coord_comunicacion@pilares.cdmx.gob.mx",-99.22702,19.29896,"http://sic.gob.mx/ficha.php?table=centro_cultural&table_id=3761","2024-06-10 09:21:11-06"
3703,"PILARES Lomas de Padierna-San Nicolás","2023-01-01","Gobierno de la Ciudad de México",9,"Ciudad de México",12,"Tlalpan",429,"El Resumidero","Chicoasen s/n","Lomas de Padierna","14240","55 5134 0770 ext 1806","https://pilares.cdmx.gob.mx/","coord_comunicacion@pilares.cdmx.gob.mx",-99.23003,19.29118,"http://sic.gob.mx/ficha.php?table=centro_cultural&table_id=3703","2025-10-30 16:03:52-06"
3707,"PILARES Lomas de Cuilotepec","1000-01-01","Gobierno de la Ciudad de México",9,"Ciudad de México",12,"Tlalpan",429,"El Resumidero","Ejidal 23","Col. Lomas de Cuilotepec","14730","55 5134 0770 ext 1806","https://pilares.cdmx.gob.mx/","coord_comunicacion@pilares.cdmx.gob.mx",-99.23359,19.27232,"http://sic.gob.mx/ficha.php?table=centro_cultural&table_id=3707","2024-06-25 14:41:34-06"
3542,"PILARES Cuchilla de Padierna","2019-11-07","Gobierno de la Ciudad de México",9,"Ciudad de México",12,"Tlalpan",429,"El Resumidero","Chacmultún Lt 1, Mz 10","Col. Cuchilla de Padierna","14220","55 5134 0770 ext 1806","https://pilares.cdmx.gob.mx/","coord_comunicacion@pilares.cdmx.gob.mx",-99.21619,19.27642,"http://sic.gob.mx/ficha.php?table=centro_cultural&table_id=3542","2024-07-01 14:49:16-06"
3501,"PILARES Tizimín","2019-07-31","Secretaría de Cultura de la Ciudad de México",9,"Ciudad de México",12,"Tlalpan",429,"El Resumidero","Tizimin 102","Col. Héroes de Padierna","14200","55 5134 0770 ext 1806","https://pilares.cdmx.gob.mx/","coord_comunicacion@pilares.cdmx.gob.mx",-99.21641,19.28943,"http://sic.gob.mx/ficha.php?table=centro_cultural&table_id=3501","2025-07-17 16:33:28-06"
962,"Casa del Arte Xochimilco","1984-07-19","Alcaldía Xochimilco/Dirección de Servicio Culturales, Recreativo y Deportivos",9,"Ciudad de México",13,"Xochimilco",1,"Xochimilco","Av. José Ma. Morelos 7","Barrio El Rosario","16070","55 5676 0820    ","https://mexicocity.cdmx.gob.mx/venues/casa-arte-xochimilco/?lang=es","casadelarte_xochimilco@hotmail.com; dirculturalesrecreativosdeportivos@xochimilco.cdmx.gob.mx",-99.10468,19.26261,"http://sic.gob.mx/ficha.php?table=centro_cultural&table_id=962","2025-03-28 13:16:40-06"
3713,"PILARES Muyuguarda","1000-01-01","Gobierno de la Ciudad de México",9,"Ciudad de México",13,"Xochimilco",1,"Xochimilco","Camino a La Ciénega s/n","Barrio 18","16034","55 5134 0770 ext 1806","https://pilares.cdmx.gob.mx/","coord_comunicacion@pilares.cdmx.gob.mx",-99.11862,19.27571,"http://sic.gob.mx/ficha.php?table=centro_cultural&table_id=3713","2024-06-05 13:44:16-06"
796,"Foro Cultural Quetzalcóatl","1969-01-01","Alcaldía Xochimilco",9,"Ciudad de México",13,"Xochimilco",1,"Xochimilco","Guadalupe I. Ramírez 4","Barrio El Rosario","16090","(55) 5334 06 00 ext. 3629","https://www.facebook.com/pages/Foro-Cultural-Quetzalcoatl/1450692555172717","",-99.10494,19.26365,"http://sic.gob.mx/ficha.php?table=centro_cultural&table_id=796","2019-11-27 04:46:40-06"
1541,"Casa de Cultura de San Mateo Xalpa","1986-11-26","Alcaldía Xochimilco/Dirección de Servicio Culturales, Recreativo y Deportivos",9,"Ciudad de México",13,"Xochimilco",1,"Xochimilco","Av. Miguel Hidalgo 75","Pueblo de San Mateo Xalpa","16800","55 2156 1914","http://www.xochimilco.cdmx.gob.mx/","dirculturalesrecreativosdeportivos@xochimilco.cdmx.gob.mx",-99.11937,19.23198,"http://sic.gob.mx/ficha.php?table=centro_cultural&table_id=1541","2026-06-16 12:24:59-06"
3717,"PILARES San Marcos","1000-01-01","Gobierno de la Ciudad de México",9,"Ciudad de México",13,"Xochimilco",1,"Xochimilco","Olmos 135","Col. Amp. San Marcos Norte","16038","55 5134 0770 ext 1806","https://pilares.cdmx.gob.mx/","coord_comunicacion@pilares.cdmx.gob.mx",-99.11168,19.27003,"http://sic.gob.mx/ficha.php?table=centro_cultural&table_id=3717","2024-06-21 12:18:35-06"
3414,"Casa de Cultura Juan Badiano","2006-01-01","Alcaldía Xochimilco/Dirección de Servicio Culturales, Recreativo y Deportivos",9,"Ciudad de México",13,"Xochimilco",1,"Xochimilco","Av. de las Torres s/n","Col. Ampl. Tepepan, localidad La Noria","16030","55 8936 9151","http://www.xochimilco.cdmx.gob.mx","dirculturalesrecreativosdeportivos@xochimilco.cdmx.gob.mx; dgibs@xochimilco.cdmx.gob.mx",-99.10472,19.26346,"http://sic.gob.mx/ficha.php?table=centro_cultural&table_id=3414","2026-06-12 12:21:55-06"
3714,"PILARES Bodoquepa ","2022-01-01","Secretaría de Cultura de la Ciudad de México",9,"Ciudad de México",13,"Xochimilco",1,"Xochimilco","Segundo Callejón Bodoquepa 69","Col. La Asunción","16040","55 5134 0770 ext 1806","https://pilares.cdmx.gob.mx/","coord_comunicacion@pilares.cdmx.gob.mx",-99.10026,19.2685,"http://sic.gob.mx/ficha.php?table=centro_cultural&table_id=3714","2025-06-19 17:05:12-06"
3742,"PILARES Nativitas","1000-01-01","Gobierno de la Ciudad de México",9,"Ciudad de México",13,"Xochimilco",1,"Xochimilco","Zacapa 10","Col. Xaltocan","16450","55 5134 0770 ext 1806","https://pilares.cdmx.gob.mx/","coord_comunicacion@pilares.cdmx.gob.mx",-99.0936,19.24808,"http://sic.gob.mx/ficha.php?table=centro_cultural&table_id=3742","2024-06-26 12:12:18-06"
1515,"Casa de la Cultura Luis Spota","1976-01-15","Alcaldía Xochimilco/Dirección de Servicio Culturales, Recreativo y Deportivos",9,"Ciudad de México",13,"Xochimilco",1,"Xochimilco","Joya  7","Pueblo de Santa María Tepepan","16020","55 8926 4723","http://www.xochimilco.cdmx.gob.mx/","dirculturalesrecreativosdeportivos@xochimilco.cdmx.gob.mx; dgibs@xochimilco.cdmx.gob.mx",-99.13446,19.27484,"http://sic.gob.mx/ficha.php?table=centro_cultural&table_id=1515","2026-06-12 13:15:13-06"
3490,"PILARES San Lucas Xochimanca","2019-05-26","Gobierno de la Ciudad de México",9,"Ciudad de México",13,"Xochimilco",1,"Xochimilco","Av. Acueducto s/n","Col. San Lucas Xochimanca","16300","55 5134 0770 ext 1806","https://pilares.cdmx.gob.mx/","coord_comunicacion@pilares.cdmx.gob.mx",-99.11427,19.24434,"http://sic.gob.mx/ficha.php?table=centro_cultural&table_id=3490","2024-06-10 17:34:17-06"
3715,"PILARES Deportivo Xochimilco","2023-07-09","Gobierno de la Ciudad de México",9,"Ciudad de México",13,"Xochimilco",1,"Xochimilco","Calle Francisco Goitia s/n","Col. Barrio San Pedro","16090","55 5134 0770 ext 1806","https://pilares.cdmx.gob.mx/pilares/1753/deportivo-xochimilco","coord_comunicacion@pilares.cdmx.gob.mx",-99.10673,19.25565,"http://sic.gob.mx/ficha.php?table=centro_cultural&table_id=3715","2025-09-04 16:52:42-06"
2159,"Conjunto Cultural Tepalcatlalpan","2008-09-09","Alcaldía Xochimilco/Dirección de Servicio Culturales, Recreativo y Deportivos",9,"Ciudad de México",13,"Xochimilco",1,"Xochimilco","Xacatitla 28","Pueblo de Santiago Tepalcatlalpan","16200","55 5489 6148","https://www.facebook.com/Conjunto-cultural-tepalcatlalpan-1501661066820100/","culturatepalcatlalpan@gmail.com",-99.12768,19.24789,"http://sic.gob.mx/ficha.php?table=centro_cultural&table_id=2159","2025-03-31 12:14:44-06"
3995,"Casa Del Arte De Xochimilco","1984-07-17","Alcaldía Xochimilco",9,"Ciudad de México",13,"Xochimilco",1,"Xochimilco","Morelos 7","Barrio El Rosal ","16070","55 5676 4869","","",-99.10472,19.26346,"http://sic.gob.mx/ficha.php?table=centro_cultural&table_id=3995","2026-06-16 13:48:17-06"
3992,"Casa de Cultura San Andrés Ahuayucan","2013-05-22","Alcaldía Xochimilco/Dirección de Servicio Culturales, Recreativo y Deportivos",9,"Ciudad de México",13,"Xochimilco",1,"Xochimilco","Av. Juárez s/n","Pueblo San Andrés Ahuayucan","16810","55 5489 7614","http://www.xochimilco.cdmx.gob.mx","dirculturalesrecreativosdeportivos@xochimilco.cdmx.gob.mx; dgibs@xochimilco.cdmx.gob.mx",-99.10821,19.22237,"http://sic.gob.mx/ficha.php?table=centro_cultural&table_id=3992","2026-06-16 09:06:06-06"
3994,"Casa de cultura Xochicalli Tlacama ","2015-10-01","Alcaldía Xochimilco",9,"Ciudad de México",13,"Xochimilco",1,"Xochimilco","Benito Juárez 54","Col. Santa María Nativitas ","16450","","","",-99.09323,19.24141,"http://sic.gob.mx/ficha.php?table=centro_cultural&table_id=3994","2026-06-16 13:27:42-06"
3413,"Casa de Cultura San Gregorio A la orilla del agua","2008-01-01","Alcaldía Xochimilco/Dirección de Servicio Culturales, Recreativo y Deportivos",9,"Ciudad de México",13,"Xochimilco",1,"Xochimilco","Av. Cuautémoc s/n","Col. Atenco, localidad San Gregorio Atlapulco","16600","55 8939 1862","http://www.xochimilco.cdmx.gob.mx/","casadeculturasgregorio@gmail.com",-99.10472,19.26346,"http://sic.gob.mx/ficha.php?table=centro_cultural&table_id=3413","2026-06-16 11:21:01-06"
1543,"Casa de Cultura Santa Cecilia Tepetlapa","1000-01-01","Alcaldía Xochimilco",9,"Ciudad de México",13,"Xochimilco",1,"Xochimilco","Francisco Sarabia s/n","Santa Cecilia Tepetlapa","16880","","","",-99.09931,19.21596,"http://sic.gob.mx/ficha.php?table=centro_cultural&table_id=1543","2019-11-27 04:46:11-06"
3996,"Conjunto Cultural Tepalcatlalpan ","2008-08-25","Alcaldía Xochimilco",9,"Ciudad de México",13,"Xochimilco",1,"Xochimilco","Camino a las canteras s/n","Col. Pueblo Santiago Tepalcatlalpan ","16200","55 5489 6148","","",-99.10592,19.25452,"http://sic.gob.mx/ficha.php?table=centro_cultural&table_id=3996","2026-06-16 14:28:13-06"
1544,"Conjunto Cultural Carlos Pellicer","1984-06-09","Alcaldía Xochimilco/Dirección de Servicio Culturales, Recreativo y Deportivos",9,"Ciudad de México",13,"Xochimilco",1,"Xochimilco","Av. México 5682","Col. La Noria","16030","55 8952 0546","","cccarlospellicer25gmail.com",-99.1253,19.26632,"http://sic.gob.mx/ficha.php?table=centro_cultural&table_id=1544","2026-06-16 14:03:30-06"
3495,"PILARES Santiago Tulyehualco","2019-01-01","Gobierno de la Ciudad de México",9,"Ciudad de México",13,"Xochimilco",118,"Barrio San Antonio (Cruz Monte)","Peatonal Ignacio Zaragoza s/n","Col. Santiago Tulyehualco","16750","55 5134 0770 ext 1806","https://pilares.cdmx.gob.mx/","coord_comunicacion@pilares.cdmx.gob.mx",-99.0115,19.25439,"http://sic.gob.mx/ficha.php?table=centro_cultural&table_id=3495","2025-06-30 18:07:57-06"
3616,"PILARES Ahualapa","2020-01-01","Secretaría de Cultura de la Ciudad de México",9,"Ciudad de México",13,"Xochimilco",139,"Tlacualleli (El Calvario)","Ahualapa s/n","Col. Santa Cruz Acalpixca","16500","55 5134 0770 ext 1806","https://pilares.cdmx.gob.mx/","coord_comunicacion@pilares.cdmx.gob.mx",-99.07008,19.24694,"http://sic.gob.mx/ficha.php?table=centro_cultural&table_id=3616","2025-11-10 18:43:42-06"
3718,"PILARES Vivero Neza","2024-08-18","Gobierno de la Ciudad de México",9,"Ciudad de México",13,"Xochimilco",172,"Paraje de la Ciénega","Canal de Chalco s/n","Ciénega Grande","16001","55 5134 0770 ext 1806","https://pilares.cdmx.gob.mx/","coord_comunicacion@pilares.cdmx.gob.mx",-99.0771,19.29136,"http://sic.gob.mx/ficha.php?table=centro_cultural&table_id=3718","2025-09-05 16:20:28-06"
3716,"PILARES San Andrés Ahuayucan","1000-01-01","Secretaría de Cultura de la Ciudad de México",9,"Ciudad de México",13,"Xochimilco",184,"Atotle","Carr. Xochimilco-San Pablo s/n","Pueblo de San Andrés Ahuayucan","16810","55 5134 0770 ext 1806","https://pilares.cdmx.gob.mx/","coord_comunicacion@pilares.cdmx.gob.mx",-99.10887,19.22438,"http://sic.gob.mx/ficha.php?table=centro_cultural&table_id=3716","2024-06-10 07:54:14-06"
3491,"PILARES Santa Cecilia","2019-07-06","Secretaría de Cultura de la Ciudad de México",9,"Ciudad de México",13,"Xochimilco",207,"Rancho la Flor","Francisco Sarabia s/n","Col. Santa Cecilia Tepetlapa","16880","55 5134 0770 ext 1806","https://pilares.cdmx.gob.mx/","coord_comunicacion@pilares.cdmx.gob.mx",-99.09912,19.21627,"http://sic.gob.mx/ficha.php?table=centro_cultural&table_id=3491","2025-09-01 16:12:53-06"
3487,"PILARES San Gregorio Atlapulco","2019-04-26","Gobierno de la Ciudad de México",9,"Ciudad de México",13,"Xochimilco",243,"Naxayopa","Prol. Agustín Melgar s/n","Col. San Gregorio Atlapulco","16600","55 5134 0770 ext 1806","https://mexicogob.com/escuelas/pilares-atlapulco-escuela-ciudad-de-mexico-ciudad-de-mexico-mexico/","coord_comunicacion@pilares.cdmx.gob.mx",-99.06082,19.25637,"http://sic.gob.mx/ficha.php?table=centro_cultural&table_id=3487","2024-06-12 12:36:43-06"
3617,"PILARES San Juan Tepepan","2021-11-07","Gobierno de la Ciudad de México",9,"Ciudad de México",13,"Xochimilco",263,"San Juan Diego (Matlacuaitla)","Cda. Francisco Villa 6","Col. San Juan Tepepan","16020","","","pilares.sjt@gmail.com",-99.12779,19.27152,"http://sic.gob.mx/ficha.php?table=centro_cultural&table_id=3617","2024-06-12 12:40:57-06"
3522,"PILARES 16 de Septiembre","2019-09-12","Gobierno de la Ciudad de México",9,"Ciudad de México",13,"Xochimilco",265,"Moyocalco","Av. 16 de Septiembre esq. Guadalupe I. Ramírez","Col. Santa María Tepepan","16020","55 5134 0770 ext 1806","https://pilares.cdmx.gob.mx/","coord_comunicacion@pilares.cdmx.gob.mx",-99.13745,19.2809,"http://sic.gob.mx/ficha.php?table=centro_cultural&table_id=3522","2024-06-25 12:16:59-06"
3719,"PILARES Xochitepec","1000-01-01","Secretaría de Cultura de la Ciudad de México",9,"Ciudad de México",13,"Xochimilco",265,"Moyocalco","Comercio 18","Col. Santa Cruz Xochitepec","16100","55 5134 0770 ext 1806","https://pilares.cdmx.gob.mx/","coord_comunicacion@pilares.cdmx.gob.mx",-99.1307,19.25841,"http://sic.gob.mx/ficha.php?table=centro_cultural&table_id=3719","2024-06-11 11:16:08-06"
3649,"PILARES San Lorenzo Atemoaya ","1000-01-01","Secretaría de Cultura de la Ciudad de México",9,"Ciudad de México",13,"Xochimilco",267,"Tizilingo","Miguel Hidalgo 4","Col. San Lorenzo Atemoaya  ","16400","55 5134 0770 ext 1806","https://pilares.cdmx.gob.mx/","coord_comunicacion@pilares.cdmx.gob.mx",-99.10146,19.24447,"http://sic.gob.mx/ficha.php?table=centro_cultural&table_id=3649","2024-06-11 11:24:59-06"
3492,"PILARES Santiago Tepalcatlalpan","2019-05-26","Gobierno de la Ciudad de México",9,"Ciudad de México",13,"Xochimilco",270,"Contlalco","Cda. Las Canteras 1","Col. Santiago Tepalcatlalpan","16200","55 5134 0770 ext 1806","https://pilares.cdmx.gob.mx/","coord_comunicacion@pilares.cdmx.gob.mx",-99.12766,19.24772,"http://sic.gob.mx/ficha.php?table=centro_cultural&table_id=3492","2024-06-25 09:58:14-06"
3615,"PILARES Acuexcomatl","2023-01-01","Gobierno de la Ciudad de México",9,"Ciudad de México",13,"Xochimilco",271,"Tlalmelaca","Av. Año de Juárez 9700","Col. San Luis Tlaxialtemalco","16710","55 5134 0770 ext 1806","https://pilares.cdmx.gob.mx/pilares/1653/acuexcomatl","coord_comunicacion@pilares.cdmx.gob.mx",-99.02814,19.25981,"http://sic.gob.mx/ficha.php?table=centro_cultural&table_id=3615","2025-11-04 16:38:24-06"
3545,"PILARES San Luis Tlaxialtemalco","1000-01-01","Gobierno de la Ciudad de México",9,"Ciudad de México",13,"Xochimilco",271,"Tlalmelaca","Acueducto s/n","Col. San Luis Tlaxialtemalco","16610","55 5134 0770 ext 1806","https://pilares.cdmx.gob.mx/pilares/1583/san-luis-tlaxialtemalco","coord_comunicacion@pilares.cdmx.gob.mx",-99.03542,19.25595,"http://sic.gob.mx/ficha.php?table=centro_cultural&table_id=3545","2024-06-20 12:47:31-06"
1248,"Casa de Cultura Letrán Valle","1979-09-01","Alcaldía Benito Juárez",9,"Ciudad de México",14,"Benito Juárez",1,"Benito Juárez","Matías Romero 280-Bis","Col. Letrán Valle","03650","","https://alcaldiabenitojuarez.gob.mx/casas-de-cultura/","ccult.letranvalle@gmail.com",-99.15243,19.3783,"http://sic.gob.mx/ficha.php?table=centro_cultural&table_id=1248","2023-03-29 06:47:15-06"
1207,"Casa de Cultura Zacahuitzco","1980-03-01","Alcaldía Benito Juárez",9,"Ciudad de México",14,"Benito Juárez",1,"Benito Juárez","Valdivia  87","Col. Zacahuitzco","03550","55 2065 1616","","c.c.zacahuitzco@gmail.com",-99.1369,19.37353,"http://sic.gob.mx/ficha.php?table=centro_cultural&table_id=1207","2025-06-06 12:26:22-06"
1254,"Centro Cultural Cuauhtémoc del INAPAM","1994-08-15","Instituto Nacional de las Personas Adultas Mayores",9,"Ciudad de México",14,"Benito Juárez",1,"Benito Juárez","Av. Cuauhtémoc 956","Col. Narvarte","03020","55 5669 3104","https://www.gob.mx/inapam/acciones-y-programas/centros-culturales-inapam","zzerolod@gmail.com",-99.15791,19.38443,"http://sic.gob.mx/ficha.php?table=centro_cultural&table_id=1254","2021-10-11 05:17:27-05"
2661,"Centro Cultural Roberto Cantoral","2012-06-07","Sociedad de Autores y Compositores de México (SACM)",9,"Ciudad de México",14,"Benito Juárez",1,"Benito Juárez","Puente de Xoco puerta A","Col. Xoco","03330","55 5688 2476","http://elcantoral.com/","info@elcantoral.com",-99.1665,19.3618,"http://sic.gob.mx/ficha.php?table=centro_cultural&table_id=2661","2025-06-17 13:04:42-06"
1221,"Casa de la Cultura Iztaccíhuatl","1992-05-21","Alcaldía Benito Juárez/Coordinación de Cultura/Subdirección de Derechos Culturales Recreativos y Educativos",9,"Ciudad de México",14,"Benito Juárez",1,"Benito Juárez","Martín Luis Guzmán 241","Col. Iztaccíhuatl","03500","55 5422 5300 ext. 4488","https://alcaldiabenitojuarez.gob.mx/casas-de-cultura/","abj.cultura@gmail.com",-99.13465,19.38991,"http://sic.gob.mx/ficha.php?table=centro_cultural&table_id=1221","2026-05-12 12:25:59-06"
1195,"Casa de la Cultura Álamos Postal","1979-09-01","Alcaldía Benito Juárez",9,"Ciudad de México",14,"Benito Juárez",1,"Benito Juárez","Isabel La Católica  806","Álamos","03400","555 422 55 77","https://alcaldiabenitojuarez.gob.mx/casas-de-cultura/","ccalamospostal@gmail.com",-99.14239,19.39358,"http://sic.gob.mx/ficha.php?table=centro_cultural&table_id=1195","2026-07-13 14:13:32-06"
1222,"Centro Cultural Juan Rulfo","1975-01-01","Alcaldía Benito Juárez",9,"Ciudad de México",14,"Benito Juárez",1,"Benito Juárez","Campana 59","Col. Insurgentes Mixcoac","03920","55 5615 5763","","ccjuanrulfo@gmail.com",-99.18452,19.37201,"http://sic.gob.mx/ficha.php?table=centro_cultural&table_id=1222","2022-08-02 02:50:53-05"
1220,"Casa de Cultura Moderna","1988-11-29","Alcaldía Benito Juárez",9,"Ciudad de México",14,"Benito Juárez",1,"Benito Juárez","Juana de Arco s/n esq. Av. de las Américas","Col. Moderna","03510","(55) 5579 1901","http://www.delegacionbenitojuarez.gob.mx/nuestra-demarcacion/casas-de-cultura","",-99.13448,19.39464,"http://sic.gob.mx/ficha.php?table=centro_cultural&table_id=1220","2019-11-27 02:59:15-06"
1181,"Casa de Cultura del Periodista","1978-11-29","Alcaldía Benito Juárez",9,"Ciudad de México",14,"Benito Juárez",1,"Benito Juárez","Lázaro Cárdenas 912","Col. 2da. del Periodista","03620","(55) 5674 2533","http://www.delegacionbenitojuarez.gob.mx/nuestra-demarcacion/casas-de-cultura","",-99.14753,19.38252,"http://sic.gob.mx/ficha.php?table=centro_cultural&table_id=1181","2019-11-27 02:59:50-06"
3879,"Centro Cultural Ucraniano-Mexicano A.C.","1000-01-01","Embajada de Ucrania en México",9,"Ciudad de México",14,"Benito Juárez",1,"Benito Juárez","Luz Saviñon 832","Del Valle","","55 7481 7934","","centroculturalucranianomexican@gmail.com",-99.16309,19.39202,"http://sic.gob.mx/ficha.php?table=centro_cultural&table_id=3879","2025-06-30 14:11:09-06"
1206,"Casa de Cultura Alicia Santillana de Guajardo","1986-11-04","Alcaldía  Benito Juárez/Coordinación de Cultura/Subdirección de Derechos Culturales Recreativos y Educativos",9,"Ciudad de México",14,"Benito Juárez",1,"Benito Juárez","Niños Héroes 53","Col. Josefa Ortiz de Domínguez","03440","55 5579 5983","http://www.delegacionbenitojuarez.gob.mx/nuestra-demarcacion/casas-de-cultura","derechosculturalesbj@gmail.com",-99.14105,19.38691,"http://sic.gob.mx/ficha.php?table=centro_cultural&table_id=1206","2024-06-05 10:22:56-06"
1211,"Centro Cultural Del Valle Sur","1994-11-01","Alcaldía Benito Juárez",9,"Ciudad de México",14,"Benito Juárez",1,"Benito Juárez","Roberto Gayol s/n esq. Cda. de Coyoacán","Col. del Valle","03100","","http://www.delegacionbenitojuarez.gob.mx/conoce-bj/casas-de-cultura","els.sal.gar@gmail.com",-99.17101,19.37499,"http://sic.gob.mx/ficha.php?table=centro_cultural&table_id=1211","2022-01-14 07:08:20-06"
3338,"Acroyoga, Pan y Circo","1000-01-01","",9,"Ciudad de México",14,"Benito Juárez",1,"Benito Juárez","Correspondencia 124","Col. Postal","03410"," 56 1342 3357","","carlosyoltic@gmail.com",-99.1433,19.39237,"http://sic.gob.mx/ficha.php?table=centro_cultural&table_id=3338","2021-06-15 07:21:35-05"
3825,"Centro Cultural El Hormiguero","2018-01-01","",9,"Ciudad de México",14,"Benito Juárez",1,"Benito Juárez","Gabriel Mancera 1539","Col. Del Valle","03100","55 5131 5753","https://www.elhormiguero.mx/","elhormiguerocdmx@gmail.com",-99.1684,19.37011,"http://sic.gob.mx/ficha.php?table=centro_cultural&table_id=3825","2026-08-04 11:34:18-06"
1185,"Centro Cultural Nativitas","2003-09-03","Alcaldía  Benito Juárez/Coordinación de Cultura/Subdirección de Derechos Culturales Recreativos y Educativos",9,"Ciudad de México",14,"Benito Juárez",1,"Benito Juárez","Emma 146 entre Lago y Don Luis","Col. Nativitas","03510","55 5579 1901","https://alcaldiabenitojuarez.gob.mx/casas-de-cultura/","centroculturalnativitas@yahoo.com.mx; abj.ultura@gmail.com",-99.13713,19.37897,"http://sic.gob.mx/ficha.php?table=centro_cultural&table_id=1185","2025-08-11 12:00:46-06"
3582,"PILARES Carlos Monsiváis","2023-07-08","Gobierno de la Ciudad de México",9,"Ciudad de México",14,"Benito Juárez",1,"Benito Juárez","Eje 7A Sur 52","Col. Portales Sur","03300","55 5134 0770 ext 1806","https://gobierno.cdmx.gob.mx/noticias/renombramos-carlos-monsivais-a-pilares-portales/","coord_comunicacion@pilares.cdmx.gob.mx",-99.14282,19.3642,"http://sic.gob.mx/ficha.php?table=centro_cultural&table_id=3582","2025-06-17 17:01:09-06"
3329,"La Calaca Espacio Cultural","2014-01-01","",9,"Ciudad de México",14,"Benito Juárez",1,"Benito Juárez","Calle 21 núm. 69","Col. San Pedro de los Pinos","03800","55 2677 7142","https://lacalacacultural.wordpress.com/?fbclid=IwAR3JBegjreoUi2KcRi69cdGLk04fUOUpaLrJWHv1tiqbmQsb8yS7UL8Wue4","lacalaca.mex@gmail.com",-99.15778,19.37199,"http://sic.gob.mx/ficha.php?table=centro_cultural&table_id=3329","2025-10-09 17:16:43-06"
1232,"Radio UNAM","1976-10-11","Universidad Nacional Autónoma de México",9,"Ciudad de México",14,"Benito Juárez",1,"Benito Juárez","Adolfo Prieto 133","Col. del Valle","03100","55 5523 4640","http://www.radiounam.unam.mx/","radio@unam.mx",-99.16589,19.39892,"http://sic.gob.mx/ficha.php?table=centro_cultural&table_id=1232","2024-10-04 14:37:25-06"
2468,"Centros Culturales Miguel Alemán del ISSSTE","1988-09-01","Instituto de Seguridad y Servicios Sociales de los Trabajadores del Estado (ISSSTE)",9,"Ciudad de México",14,"Benito Juárez",1,"Benito Juárez","Av. Coyoacán 1435 esq. Félix Cuevas","Col. Del Valle","03100","55 5524 5215","http://www.issste.gob.mx","joselmejia@issste.gob.mx; atencionciudadana@issste.gob.mx",-99.17152,19.37075,"http://sic.gob.mx/ficha.php?table=centro_cultural&table_id=2468","2025-05-19 09:03:29-06"
3516,"PILARES Municipio Libre","2019-08-31","Gobierno de la Ciudad de México",9,"Ciudad de México",14,"Benito Juárez",1,"Benito Juárez","Municipio Libre y Calz. de Tlalpan s/n","Portales Norte","","55 5134 0770 ext 1806","https://pilares.cdmx.gob.mx/pilares/1554/municipio-libre","pilaresmunicipiolibre@cdmx.gob.mx",-99.14144,19.36807,"http://sic.gob.mx/ficha.php?table=centro_cultural&table_id=3516","2025-08-25 17:02:40-06"
2465,"Centro Cultural Coyoacán, Centro de Recreación Infantil del ISSSTE","1000-01-01","Instituto de Seguridad y Servicios Sociales de los Trabajadores del Estado (ISSSTE)",9,"Ciudad de México",14,"Benito Juárez",1,"Benito Juárez","Av. Coyoacán 521","Del Valle","03100","55 5543 5812","http://www.issste.gob.mx","culturalcoyoacan@issste.gob.mx; centroculturalcoyoacan@outlook.es; lorena.el7@gmail.com",-99.16649,19.39032,"http://sic.gob.mx/ficha.php?table=centro_cultural&table_id=2465","2024-06-03 12:20:29-06"
1242,"Polyforum Siqueiros","1971-12-16","Polyforum Siqueiros, A.C.",9,"Ciudad de México",14,"Benito Juárez",1,"Benito Juárez","Insurgentes Sur s/n esq. Filadelfia","Col. Nápoles","03810","55 5536 4520 al 23","https://inba.gob.mx/recinto/49  ","info@polyforumsiqueiros.com ",-99.17347,19.39341,"http://sic.gob.mx/ficha.php?table=centro_cultural&table_id=1242","2025-06-19 11:11:54-06"
3590,"Centro de Desarrollo Social 8 de Agosto","1000-01-01","Alcaldía  Benito Juárez/Coordinación de Cultura/Subdirección de Derechos Culturales Recreativos y Educativos",9,"Ciudad de México",14,"Benito Juárez",1,"Benito Juárez","Cda. Becerra s/n esq. 11 de Abril","Col. 8 de Agosto","03820","55 5134 0770 ext 1806","https://pilares.cdmx.gob.mx/","coord_comunicacion@pilares.cdmx.gob.mx",-99.18794,19.39484,"http://sic.gob.mx/ficha.php?table=centro_cultural&table_id=3590","2024-06-05 10:22:28-06"
3657,"PILARES Deportivo Arnaíz","1000-01-01","Gobierno de la Ciudad de México",9,"Ciudad de México",14,"Benito Juárez",1,"Benito Juárez","","","","55 5134 0770 ext 1806","https://pilares.cdmx.gob.mx/","coord_comunicacion@pilares.cdmx.gob.mx",-99.18749,19.38366,"http://sic.gob.mx/ficha.php?table=centro_cultural&table_id=3657","2024-06-26 13:09:04-06"
1199,"Casa de Cultura Gaby Brimmer","1995-11-13","Alcaldía Benito Juárez",9,"Ciudad de México",14,"Benito Juárez",1,"Benito Juárez","Monte Alegre 32","Col. Portales Ote.","03570","55 5674 2529","","ccgabybrimmerbj@gmail.com; fdelgado88.fd@gmail.com",-99.14051,19.36465,"http://sic.gob.mx/ficha.php?table=centro_cultural&table_id=1199","2023-09-29 10:46:34-06"
1219,"Casa de Cultura Niños Héroes","1980-03-01","Alcaldía  Benito Juárez/Coordinación de Cultura/Subdirección de Derechos Culturales Recreativos y Educativos",9,"Ciudad de México",14,"Benito Juárez",1,"Benito Juárez","5 de Febrero s/n esq. Eje 5 Sur","Col. Niños Héroes","03610","55 5422 5300 ext. 4488","http://www.delegacionbenitojuarez.gob.mx/nuestra-demarcacion/casas-de-cultura","abj.cultura@gmail.com",-99.14144,19.38409,"http://sic.gob.mx/ficha.php?table=centro_cultural&table_id=1219","2024-06-05 10:23:35-06"
2442,"Centro Cultural Casa Rayuela","2010-06-01","",9,"Ciudad de México",14,"Benito Juárez",1,"Benito Juárez","Av. Tlalpan 790","Col. Villa de Cortés","03520","55 5698 7560","http://casarayuela.wordpress.com","lacasarayuela@gmail.com",-99.1382,19.39112,"http://sic.gob.mx/ficha.php?table=centro_cultural&table_id=2442","2021-09-22 11:03:22-05"
1226,"Centro Cultural La Pirámide","2001-10-01","Secretaría de Cultura de la Ciudad de México/Dirección General de Vinculación Cultural Comunitaria",9,"Ciudad de México",14,"Benito Juárez",1,"Benito Juárez","Calle 24 s/n esq. Cda. Pirámide","Col. San Pedro de los Pinos","03800","55 5521 2115","https://www.cultura.cdmx.gob.mx/recintos/archivo-historico/centros-culturales/cclp","ferlapiramidecultura@gmail.com; difusionpira24@gmail.com",-99.18996,19.38578,"http://sic.gob.mx/ficha.php?table=centro_cultural&table_id=1226","2026-08-05 12:47:10-06"
1974,"Centro Vlady","2007-06-21","Universidad Autónoma de la Ciudad de México",9,"Ciudad de México",14,"Benito Juárez",1,"Benito Juárez","Goya 63","Col. Insurgentes Mixcoac","03920","55 5611 7678","https://cultura.uacm.edu.mx/paginas/centro-vlady","centrovlady@gmail.com",-99.18512,19.37344,"http://sic.gob.mx/ficha.php?table=centro_cultural&table_id=1974","2023-05-23 13:02:05-06"
2204,"Instituto Guimarães Rosa-México ","1960-01-01","Embajada de Brasil en México",9,"Ciudad de México",14,"Benito Juárez",1,"Benito Juárez","Santa Rosalía 205","Col. Insurgentes San Borja","03100","55 5553 3183 ext. 2","https://www.gov.br/mre/pt-br/embaixada-mexico/instituto-guimaraes-rosa-mexico-folder","igr.mexico@itamaraty.gov.br",-99.17539,19.38223,"http://sic.gob.mx/ficha.php?table=centro_cultural&table_id=2204","2025-08-28 12:11:13-06"
1245,"Centro Cultural Aragón (INAPAM)","2000-09-10","Secretaría de Desarrollo Social/Instituto Nacional de las Personas Adultas Mayores",9,"Ciudad de México",14,"Benito Juárez",1,"Benito Juárez","Aragón 224","Col. Álamos","03000","55 9180 1794 ","https://www.gob.mx/inapam/acciones-y-programas/centros-culturales-inapam","cc.aragon@inapam.gob.mx; contacto@inapam.gob.mx ",-99.13876,19.39514,"http://sic.gob.mx/ficha.php?table=centro_cultural&table_id=1245","2026-09-07 13:27:18-06"
1243,"Centro Cultural San Francisco del INAPAM","1994-05-02","Instituto Nacional de las Personas Adultas Mayores",9,"Ciudad de México",14,"Benito Juárez",1,"Benito Juárez","Av. San Francisco 1809","Col. del Valle Actipan","03100","55 5534 9597","https://www.gob.mx/inapam/acciones-y-programas/centros-culturales-inapam","",-99.1769,19.368,"http://sic.gob.mx/ficha.php?table=centro_cultural&table_id=1243","2023-09-25 13:01:48-06"
1196,"Casa de Cultura Emilio Carballido","1987-05-21","Alcaldía  Benito Juárez/Coordinación de Cultura/Subdirección de Derechos Culturales Recreativos y Educativos",9,"Ciudad de México",14,"Benito Juárez",1,"Benito Juárez","Mier y Pesado 139","Col. Del Valle","03100","55 5422 5300 et. 4488","https://alcaldiabenitojuarez.gob.mx/casas-de-cultura/","abj.cultura@gmail.com",-99.1647,19.39692,"http://sic.gob.mx/ficha.php?table=centro_cultural&table_id=1196","2024-06-05 10:23:01-06"
3412,"Centro Cultural Laguna","2019-01-01","",9,"Ciudad de México",15,"Cuauhtémoc",1,"Cuauhtémoc","Dr. Lucio 181","Col. Doctores","06720","","https://lagunamexico.com/","hola@lagunamexico.com",-99.15262,19.4182,"http://sic.gob.mx/ficha.php?table=centro_cultural&table_id=3412","2024-08-26 15:05:15-06"
3045,"Anglo Arts Centre","2016-08-01","Anglo Mexican Foundation",9,"Ciudad de México",15,"Cuauhtémoc",1,"Cuauhtémoc","Antonio Caso 127","Col. San Rafael","06470","(55) 3067 8816","https://www.theangloartsandculture.mx/","anglo.arts@tamf.org.mx",-99.16468,19.43538,"http://sic.gob.mx/ficha.php?table=centro_cultural&table_id=3045","2024-10-29 14:26:07-06"
3725,"PILARES Ratón Macías","2023-01-01","Gobierno de la Ciudad de México",9,"Ciudad de México",15,"Cuauhtémoc",1,"Cuauhtémoc","Dr. Andrade 401","Col. Buenos Aires","06780","55 5134 0770 ext 1806","https://pilares.cdmx.gob.mx/pilares/1763/raton-macias","coord_comunicacion@pilares.cdmx.gob.mx",-99.14836,19.40648,"http://sic.gob.mx/ficha.php?table=centro_cultural&table_id=3725","2025-11-07 14:24:29-06"
1457,"Casa Universitaria del Libro UNAM/CASUL","1986-12-10","UNAM",9,"Ciudad de México",15,"Cuauhtémoc",1,"Cuauhtémoc","Orizaba 24 esq. Puebla","Col.  Roma","06700","55 5207 9390","https://casul.unam.mx/","difusioncasul@gmail.com",-99.16076,19.42301,"http://sic.gob.mx/ficha.php?table=centro_cultural&table_id=1457","2024-08-26 09:30:07-06"
3292,"Centro Cultural Foro Valparaíso","2019-11-15","Banco Nacional de México, S.A",9,"Ciudad de México",15,"Cuauhtémoc",1,"Cuauhtémoc","Venustiano Carranza 60","Centro Histórico ","06000","55 1226 4290","https://www.banamex.com/valparaiso/index.html","valparaiso@citi.com",-99.13628,19.43142,"http://sic.gob.mx/ficha.php?table=centro_cultural&table_id=3292","2025-08-07 14:50:27-06"
3580,"PILARES Tepito Morelos","1000-01-01","Gobierno de la Ciudad de México",9,"Ciudad de México",15,"Cuauhtémoc",1,"Cuauhtémoc","Av. del Trabajo","Col. Morelos","06200","55 5134 0770 ext 1806","https://pilares.cdmx.gob.mx/","coord_comunicacion@pilares.cdmx.gob.mx",-99.12565,19.44766,"http://sic.gob.mx/ficha.php?table=centro_cultural&table_id=3580","2025-08-08 11:34:03-06"
2921,"Foro 37, Casa de Cultura","2014-08-14","",9,"Ciudad de México",15,"Cuauhtémoc",1,"Cuauhtémoc","Londres 37","Col. Juárez","06600","55 5207 7873","https://foro37.com/","hola@foro37.com",-99.15945,19.42769,"http://sic.gob.mx/ficha.php?table=centro_cultural&table_id=2921","2023-10-26 07:09:11-06"
3579,"PILARES Rockdrigo González","1000-01-01","Secretaría de Cultura de la Ciudad de México",9,"Ciudad de México",15,"Cuauhtémoc",1,"Cuauhtémoc","Republica de Perú 88 ","Centro","06010","55 5134 0770 ext 1806","https://pilares.cdmx.gob.mx/","coord_comunicacion@pilares.cdmx.gob.mx",-99.13429,19.43986,"http://sic.gob.mx/ficha.php?table=centro_cultural&table_id=3579","2025-12-09 10:33:13-06"
3826,"Espacio Cultural Tepito","1982-01-01","",9,"Ciudad de México",15,"Cuauhtémoc",1,"Cuauhtémoc","Vidal Alcocer 114","Morelos","06022","55 3473 8799","","espacioculturaltepito@gmail.com",-99.12343,19.44237,"http://sic.gob.mx/ficha.php?table=centro_cultural&table_id=3826","2024-12-11 13:04:39-06"
3533,"PILARES Río Tiber","1000-01-01","Gobierno de la Ciudad de México",9,"Ciudad de México",15,"Cuauhtémoc",1,"Cuauhtémoc","Circuito interior Melchor Ocampo y Río Tiber s/n","Cuauhtémoc","06500","55 5134 0770 ext 1806","https://pilares.cdmx.gob.mx/","coord_comunicacion@pilares.cdmx.gob.mx",-99.17061,19.43275,"http://sic.gob.mx/ficha.php?table=centro_cultural&table_id=3533","2025-08-27 12:21:45-06"
1460,"Centro Cultural Casa de Francia","1998-11-12","Instituto Francés de América Latina",9,"Ciudad de México",15,"Cuauhtémoc",1,"Cuauhtémoc","Havre 15","Col. Juárez","06600","55 5511 3151","https://ifal.mx/","contacto@casadefranciadigital.org.mx",-99.16223,19.42835,"http://sic.gob.mx/ficha.php?table=centro_cultural&table_id=1460","2025-01-29 14:04:57-06"
3983,"Centro Cultural Arte Obrera ARO","2017-01-01","",9,"Ciudad de México",15,"Cuauhtémoc",1,"Cuauhtémoc","Av. Isabel la Católica 233","Col. Obrera"," 06800","55 2771 6292",""," centrodeartes.aro@gmail.com; gomezlucila86@gmail.com",-99.13821,19.42001,"http://sic.gob.mx/ficha.php?table=centro_cultural&table_id=3983","2026-04-06 18:43:52-06"
3118,"Casa Nuestra Xicoténcatl","2019-04-10","Senado de la República",9,"Ciudad de México",15,"Cuauhtémoc",1,"Cuauhtémoc","Xicoténcatl 9","Centro","06018","55 5130 2200","","",-99.13945,19.43693,"http://sic.gob.mx/ficha.php?table=centro_cultural&table_id=3118","2020-04-23 13:50:53-05"
3108,"Cultubar Hostería La Bota","2005-10-06","",9,"Ciudad de México",15,"Cuauhtémoc",1,"Cuauhtémoc","San Jerónimo 40","Centro Histórico","06050","55 5709 9016","https://hosterialabota.blogspot.com/?fbclid=IwY2xjawI9cJ5leHRuA2FlbQIxMAABHf4hgRptVMQY4WUCQGye5UpimQQ5peuXq32C3XnFpPDoV1liByzA3TzDhQ_aem_-sBHKXjp3OnoCLJaLMWK3Q","hosterialabota@gmail.com",-99.15167,19.44165,"http://sic.gob.mx/ficha.php?table=centro_cultural&table_id=3108","2025-03-11 13:57:46-06"
1420,"Casa de Cultura la Casa de Orizaba","1995-05-01","",9,"Ciudad de México",15,"Cuauhtémoc",1,"Cuauhtémoc","Orizaba 193","Col. Roma","06700","(55) 5264 8380 ext. 108","https://es-la.facebook.com/Foro-Luces-de-Bohemia-Centro-Cultural-Casa-de-Orizaba-1033898529963961/","management@speakbusiness.com.mx<br>forolucesdebohemia@yahoo.com.mx ",-99.15871,19.41385,"http://sic.gob.mx/ficha.php?table=centro_cultural&table_id=1420","2020-04-21 16:32:24-05"
2467,"Centro Cultural Vladimir Kaspé","2007-01-01","Universidad La Salle",9,"Ciudad de México",15,"Cuauhtémoc",1,"Cuauhtémoc","Benjamín Hill 43","Col. Condesa","06140","55 5278 9573 ext. 5402","","david.zepeda@lasalle.mx",-99.18038,19.40883,"http://sic.gob.mx/ficha.php?table=centro_cultural&table_id=2467","2025-11-19 14:23:54-06"
3052,"Obrera Centro","2017-01-01","",9,"Ciudad de México",15,"Cuauhtémoc",1,"Cuauhtémoc","Isabel La Catolica 144","Col. Obrera","06080","55 5709 3735","","obreracentro@gmail.com ",-99.13708,19.41671,"http://sic.gob.mx/ficha.php?table=centro_cultural&table_id=3052","2025-11-14 19:24:14-06"
1981,"Centro Cultural Bella Época","2006-04-26","Fondo de Cultura Económica",9,"Ciudad de México",15,"Cuauhtémoc",1,"Cuauhtémoc","Tamaulipas 202 esq. Benjamín Hill","Col. Hipódromo Condesa","06170","(55) 5376 7110 ext. 2613","https://www.facebook.com/CentroCulturalBellaEpoca/","eventos.bellaepoca@fondodeculturaeconomica.com",-99.17749,19.40749,"http://sic.gob.mx/ficha.php?table=centro_cultural&table_id=1981","2017-10-09 13:41:55-05"
2862,"Cine Tonalá","2012-05-25","",9,"Ciudad de México",15,"Cuauhtémoc",1,"Cuauhtémoc","Tonalá 261 ","Col. Roma Sur","06760","55 5264 4101","http://www.cinetonala.com","bruno@cinetonala.com",-99.16057,19.40885,"http://sic.gob.mx/ficha.php?table=centro_cultural&table_id=2862","2020-05-26 13:47:45-05"
3779,"Taller de Producción El Nidal ","1000-01-01","",9,"Ciudad de México",15,"Cuauhtémoc",1,"Cuauhtémoc","Nogal 275","Col. Santa María la Ribera","06400","55 3743 8610 ","","",-99.16294,19.4545,"http://sic.gob.mx/ficha.php?table=centro_cultural&table_id=3779","2024-12-03 17:57:10-06"
768,"Centro Cultural de España en México ","2002-11-18","Embajada de España/Agencia Española de Cooperación Internacional para el Desarrollo",9,"Ciudad de México",15,"Cuauhtémoc",1,"Cuauhtémoc","Guatemala 18 esq. Donceles 97","Centro ","06010","55 5521 1925 al 28 ","https://ccemx.org/evento/espacios-en-resistencia-programa-publico/","info@ccemx.org",-99.13257,19.43515,"http://sic.gob.mx/ficha.php?table=centro_cultural&table_id=768","2023-03-23 08:44:58-06"
3345,"Centro Cultural Espacio Monca","1000-01-01","Particular",9,"Ciudad de México",15,"Cuauhtémoc",1,"Cuauhtémoc","Tacuba 88, piso 1","Centro","06000","55 6122 6209","","espaciomonca@gmail.com",-99.13429,19.43533,"http://sic.gob.mx/ficha.php?table=centro_cultural&table_id=3345","2021-07-05 07:22:22-05"
3593,"PILARES Benito Juárez y el Liberalismo Mexicano","2021-01-01","Gobierno de la Ciudad de México",9,"Ciudad de México",15,"Cuauhtémoc",1,"Cuauhtémoc","Eje 2 poniente Monterrey 206","Roma Norte","06700","55 5134 0770 ext. 1806","https://pilares.cdmx.gob.mx/","coord_comunicacion@pilares.cdmx.gob.mx",-99.16279,19.41281,"http://sic.gob.mx/ficha.php?table=centro_cultural&table_id=3593","2026-01-15 13:15:26-06"
3549,"PILARES Boleo","1000-01-01","Secretaría de Cultura de la Ciudad de México",9,"Ciudad de México",15,"Cuauhtémoc",1,"Cuauhtémoc","Ferrocarril Hidalgo s/n","Col. Valle Gómez","06240","55 5134 0770 ext 1806","https://pilares.cdmx.gob.mx/","coord_comunicacion@pilares.cdmx.gob.mx",-99.124,19.45716,"http://sic.gob.mx/ficha.php?table=centro_cultural&table_id=3549","2024-06-11 11:44:53-06"
1505,"Buzón del Arte","2008-01-01","",9,"Ciudad de México",15,"Cuauhtémoc",1,"Cuauhtémoc","Cjón. Romita 8","Col. Roma ","06700","(55) 2554 5599","http://buzondearte.tripod.com/index.html","buzondearte@gmail.com",-99.15464,19.42339,"http://sic.gob.mx/ficha.php?table=centro_cultural&table_id=1505","2020-04-21 16:32:09-05"
1091,"Centro Cultural Museo Universitario del Chopo","1975-11-25","UNAM",9,"Ciudad de México",15,"Cuauhtémoc",1,"Cuauhtémoc","Dr. Enrique González Martínez 10","Col. Santa María la Ribera","06400","(55) 5546 5484","http://www.chopo.unam.mx","chopo@unam.mx",-99.1566,19.44188,"http://sic.gob.mx/ficha.php?table=centro_cultural&table_id=1091","2020-04-21 04:23:15-05"
1414,"Centro Cultural Ateneo Español de México","1949-01-04","Ateneo Español de México, A.C.",9,"Ciudad de México",15,"Cuauhtémoc",1,"Cuauhtémoc","Hamburgo 6 esq. Berlín","Col. Juárez","06600","55 5709 00 27","http://www.ateneoesmex.com","info@ateneoesmex.com",-99.15817,19.42921,"http://sic.gob.mx/ficha.php?table=centro_cultural&table_id=1414","2025-11-06 14:31:04-06"
3659,"PILARES Evangelina Corona","2022-11-01","Secretaría de Cultura de la Ciudad de México",9,"Ciudad de México",15,"Cuauhtémoc",1,"Cuauhtémoc","Cerrada Fray Servando Teresa de Mier 24 ","Col. Tránsito ","","55 5134 0770 ext 1806","https://pilares.cdmx.gob.mx/","coord_comunicacion@pilares.cdmx.gob.mx",-99.13262,19.42256,"http://sic.gob.mx/ficha.php?table=centro_cultural&table_id=3659","2025-11-12 14:32:06-06"
2097,"Centro Cultural del México Contemporáneo","2005-04-25","Fundación Centro Cultural del México Contemporáneo, A.C.",9,"Ciudad de México",15,"Cuauhtémoc",1,"Cuauhtémoc","Leandro Valle 20","Centro Histórico","06020","55 5529 1567 ",""," fundacionccmc@gmail.com",-99.13397,19.43991,"http://sic.gob.mx/ficha.php?table=centro_cultural&table_id=2097","2024-04-03 08:32:12-06"
1677,"Centro Cultural Estación Indianilla","2006-12-01","Gobierno de la Ciudad de México",9,"Ciudad de México",15,"Cuauhtémoc",1,"Cuauhtémoc","Dr. Claudio Bernard 111 esq. Niños Héroes","Col. Doctores","06720","55 5761 9058","","estacionindianillacc@gmail.com",-99.14751,19.42094,"http://sic.gob.mx/ficha.php?table=centro_cultural&table_id=1677","2025-01-29 12:39:25-06"
3561,"PILARES San Francisco Tultenco","2020-02-06","Secretaría de Cultura de la Ciudad de México",9,"Ciudad de México",15,"Cuauhtémoc",1,"Cuauhtémoc","San Francisco Tultenco 41","Col. Paulino Navarro","06870","55 5134 0770 ext 1806","https://pilares.cdmx.gob.mx/","coord_comunicacion@pilares.cdmx.gob.mx",-99.12881,19.4109,"http://sic.gob.mx/ficha.php?table=centro_cultural&table_id=3561","2025-08-27 12:24:28-06"
1596,"Centro Cultural de la SHCP","2018-01-01","SCHP/Dirección General de la Conservaduría de Palacio Nacional y Patrimonio Cultural",9,"Ciudad de México",15,"Cuauhtémoc",1,"Cuauhtémoc","República de Guatemala 80","Centro Histórico","06020","55 3688 1100 exts. 81666, 81656;","https://www.gob.mx/palacionacional","difusioncultural@hacienda.gob.mx ",-99.14459,19.43756,"http://sic.gob.mx/ficha.php?table=centro_cultural&table_id=1596","2024-11-27 12:21:45-06"
1434,"Casa de Cultura del Estado de Tabasco","1997-10-15","Gobierno del Estado de Tabasco",9,"Ciudad de México",15,"Cuauhtémoc",1,"Cuauhtémoc","Berlín 33 esq. Marsella","Col. Juárez","06600","55 5705 0114","https://www.facebook.com/norma.dominguezdedios","normadedios@hotmail.com",-99.15686,19.42678,"http://sic.gob.mx/ficha.php?table=centro_cultural&table_id=1434","2020-04-22 05:53:09-05"
3518,"PILARES Glorieta de los Insurgentes","2019-09-04","Gobierno de la Ciudad de México",9,"Ciudad de México",15,"Cuauhtémoc",1,"Cuauhtémoc","Glorieta de los Insurgentes s/n","Juárez","06600","55 5134 0770 ext 1806","https://pilares.cdmx.gob.mx/","coord_comunicacion@pilares.cdmx.gob.mx",-99.16289,19.42337,"http://sic.gob.mx/ficha.php?table=centro_cultural&table_id=3518","2025-09-22 19:55:31-06"
3044,"Casa Rivas Mercado","2017-05-10","Fundación Rivas Mercado/Secretaría de Cultura de la Ciudad de México",9,"Ciudad de México",15,"Cuauhtémoc",1,"Cuauhtémoc","Héroes 53","Col. Guerrero","06300","55 2591 6666","https://casarivasmercado.com/","visitas@casarivasmercado.com",-99.14671,19.44097,"http://sic.gob.mx/ficha.php?table=centro_cultural&table_id=3044","2024-11-19 13:11:09-06"
1352,"Isidora Cyber Café y Arte, (antes Centro Cultural El Tecolote)","1983-12-31","Asociación Civil",9,"Ciudad de México",15,"Cuauhtémoc",1,"Cuauhtémoc","Sulivan 39, locales C y D","Col. San Rafael","06470","55 5574 9079, 55 5566 7587","","tecocafe07@gmail.com, lc310150@gmail.com",-99.16114,19.43349,"http://sic.gob.mx/ficha.php?table=centro_cultural&table_id=1352","2025-12-01 13:38:21-06"
1542,"Centro Cultural de la Diversidad","2002-08-02","Fundación Prodesarrollo Educativo y Asistencial, A.C.",9,"Ciudad de México",15,"Cuauhtémoc",1,"Cuauhtémoc","Colima 261, 267 y 269","Col. Roma Norte","06700","(55) 5514 2565","http://www.diversidad.mx ","informes.ccd@gmail.com ",-99.16422,19.41883,"http://sic.gob.mx/ficha.php?table=centro_cultural&table_id=1542","2020-04-29 07:08:44-05"
3312,"El 77 Centro Cultural Autogestivo","2014-12-01","Foro Shakespeare, A.C.",9,"Ciudad de México",15,"Cuauhtémoc",1,"Cuauhtémoc","Abraham González 77","Col Juárez","06600","55 5566 0102","https://www.patreon.com/el77cca","el77cultural@gmail.com",-99.1542,19.42879,"http://sic.gob.mx/ficha.php?table=centro_cultural&table_id=3312","2025-09-24 19:35:32-06"
1467,"Centro Cultural Teatro del Pueblo","1934-11-24","Alcaldía Cuauhtémoc/Subdirección de Artes y Oficios",9,"Ciudad de México",15,"Cuauhtémoc",1,"Cuauhtémoc","Rep. de Venezuela 72","Centro","06020","55 4335 8036","http://teatrodelpueblocentro.jimdo.com/","paolamedinae@gmail.com; calba@alcaldiacuauhtemoc.mx",-99.12792,19.43707,"http://sic.gob.mx/ficha.php?table=centro_cultural&table_id=1467","2020-04-22 13:20:36-05"
3594,"PILARES Parque Abasolo ","1000-01-01","Secretaría de Cultura de la Ciudad de México",9,"Ciudad de México",15,"Cuauhtémoc",1,"Cuauhtémoc","Eje 1 poniente Guerrero 222","Col. Buenavista ","06350","55 5134 0770 ext 1806","https://pilares.cdmx.gob.mx/","coord_comunicacion@pilares.cdmx.gob.mx",-99.14705,19.4492,"http://sic.gob.mx/ficha.php?table=centro_cultural&table_id=3594","2024-06-11 10:49:48-06"
3475,"PILARES Frida Kahlo","2019-03-01","Gobierno de la Ciudad de México",9,"Ciudad de México",15,"Cuauhtémoc",1,"Cuauhtémoc","Eje Central Lázaro Cárdenas s/n esquina, Juan A. Mateos","Col. Obrera","06800","55 5134 0770 ext 1806","https://pilares.cdmx.gob.mx/","coord_comunicacion@pilares.cdmx.gob.mx",-99.144,19.4106,"http://sic.gob.mx/ficha.php?table=centro_cultural&table_id=3475","2025-10-15 15:38:26-06"
3093,"Centro Cultural Manzanares 25","2018-12-03","Fideicomiso Centro Histórico de la Ciudad de México",9,"Ciudad de México",15,"Cuauhtémoc",1,"Cuauhtémoc","Manzanares 25","Centro Histórico","06000","55 5709 8005 ext. 110","https://www.centrohistorico.cdmx.gob.mx","proyectosespecialesfch@gmail.com",-99.12573,19.42981,"http://sic.gob.mx/ficha.php?table=centro_cultural&table_id=3093","2025-05-27 14:42:55-06"
1422,"Centro Cultural José Martí","1976-05-27","Secretaría de Cultura de la Ciudad de México/Dirección General de Vinculación Cultural Comunitaria",9,"Ciudad de México",15,"Cuauhtémoc",1,"Cuauhtémoc","Dr. Mora  1 ","Centro","06050","55 1719 3000 ext. 2102","http://www.cultura.cdmx.gob.mx/recintos/archivo-historico/centros-culturales/ccjm","ccjosemarti@cdmx.gob.mx",-99.14641,19.4368,"http://sic.gob.mx/ficha.php?table=centro_cultural&table_id=1422","2026-08-05 12:04:03-06"
3940,"Casa Ribera ","2019-12-18","",9,"Ciudad de México",15,"Cuauhtémoc",1,"Cuauhtémoc","Salvador Díaz Mirón 128","Col. Santa María la Rivera","06400","55 8662 1017","","casariberamx@gmail.com",-99.15843,19.44915,"http://sic.gob.mx/ficha.php?table=centro_cultural&table_id=3940","2025-09-30 19:26:43-06"
1098,"Centro Cultural Casa Talavera","1988-11-20","Universidad Autónoma de la Ciudad de México",9,"Ciudad de México",15,"Cuauhtémoc",1,"Cuauhtémoc","Talavera 20 esq. República de El Salvador","Centro","06060","","https://cultura.uacm.edu.mx/paginas/casa-talavera","casa.talavera@uacm.edu.mx",-99.12738,19.42812,"http://sic.gob.mx/ficha.php?table=centro_cultural&table_id=1098","2026-03-26 12:11:41-06"
1423,"Casa de Cultura Santa María la Ribera","1994-11-14","Alcaldía Cuauhtémoc",9,"Ciudad de México",15,"Cuauhtémoc",1,"Cuauhtémoc","Jaime Torres Bodet 160","Col. Santa María de la Ribera","06400","55 4335 8200","https://historico.alcaldiacuauhtemoc.mx/nope/casa-de-cultura-santa-maria-la-ribera/","",-99.15559,19.45141,"http://sic.gob.mx/ficha.php?table=centro_cultural&table_id=1423","2025-09-30 15:04:54-06"
3824,"Multiforo Alicia","1995-12-01","",9,"Ciudad de México",15,"Cuauhtémoc",1,"Cuauhtémoc","Eligio Ancona 145","Col. Santa María la Ribera","06400","","https://multiforoalicia.com.mx/","foroalici@hotmail.com; multiforoalicia@gmail.com",-99.1577,19.45278,"http://sic.gob.mx/ficha.php?table=centro_cultural&table_id=3824","2025-07-29 13:21:14-06"
3063,"Capilla Alfonsina","1972-06-13","Secretaría de Cultura/INBAL",9,"Ciudad de México",15,"Cuauhtémoc",1,"Cuauhtémoc","Gral. Benjamín Hill 122","Col. Hipódromo Condesa","06170","55 8647 5410","capillaalfonsina.bellasartes.gob.mx","ca.direccion@inba.gob.mx; emejia@inba.gob.mx",-99.17853,19.40806,"http://sic.gob.mx/ficha.php?table=centro_cultural&table_id=3063","2025-07-28 14:24:09-06"
1433,"Casino Español de México","1903-01-01","Casino Español de México, A.C.",9,"Ciudad de México",15,"Cuauhtémoc",1,"Cuauhtémoc","Isabel la Católica 29","Centro Histórico","06000","(55)  5510 1065","http://www.casinoespanoldemexico.com","cultura@casinoespanoldemexico.com",-99.13646,19.43301,"http://sic.gob.mx/ficha.php?table=centro_cultural&table_id=1433","2025-01-28 12:52:03-06"
3938,"Pendular. Espacio Cultural","1000-01-01","Pendular. Espacio Cultural",9,"Ciudad de México",15,"Cuauhtémoc",1,"Cuauhtémoc","Belisario Domínguez 32-4to. piso","Centro","","","","pendular.espaciocultural@gmail.com",-99.13731,19.43849,"http://sic.gob.mx/ficha.php?table=centro_cultural&table_id=3938","2025-09-29 12:03:32-06"
2918,"Sinagoga Histórica Justo Sierra 71","2010-01-10","Comunidad Ashkenazi de México, A.C.",9,"Ciudad de México",15,"Cuauhtémoc",1,"Cuauhtémoc","Justo Sierra 71","Centro","06020  ","55 5522 4828","http://sinagogajustosierra.com/","sinagogajustosierra@gmail.com",-99.12818,19.43512,"http://sic.gob.mx/ficha.php?table=centro_cultural&table_id=2918","2024-12-03 14:24:49-06"
1946,"Centro Cultural Xavier Villaurrutia","2006-06-19","Secretaría de Cultura de la Ciudad de México/Dirección General de Vinculación Cultural Comunitaria",9,"Ciudad de México",15,"Cuauhtémoc",1,"Cuauhtémoc","Glorieta del Metro Insurgentes, Av. Insurgentes Centro s/n local 25","Col. Roma","06050","55 5207 2491","https://culturacomunitaria.cdmx.gob.mx/centros-culturales/centro-cultural-xavier-villaurrutia; https://www.cultura.cdmx.gob.mx/recintos/ccxv","xvillaurrutia@gmail.com",-99.16295,19.42398,"http://sic.gob.mx/ficha.php?table=centro_cultural&table_id=1946","2026-08-04 11:20:23-06"
3496,"PILARES Zona Rosa","2019-01-01","Secretaría de Cultura de la Ciudad de México",9,"Ciudad de México",15,"Cuauhtémoc",1,"Cuauhtémoc","Londres 154","Col. Juárez","06600","55 5134 0770 ext 1806","https://pilares.cdmx.gob.mx/","coord_comunicacion@pilares.cdmx.gob.mx",-99.16549,19.42438,"http://sic.gob.mx/ficha.php?table=centro_cultural&table_id=3496","2025-11-14 19:06:43-06"
2997,"Centro Cultural El Rule","2017-06-16","Secretaría de Cultura de la Ciudad de México/Dirección General de Vinculación Cultural Comunitaria",9,"Ciudad de México",15,"Cuauhtémoc",1,"Cuauhtémoc","Eje Central Lázaro Cárdenas 6, primer piso","Centro Histórico","06000","55 1719 3000 ext. 1334","https://culturacomunitaria.cdmx.gob.mx/centros-culturales/centro-cultural-el-rule","comunicacion.rule@gmail.com",-99.14075,19.43355,"http://sic.gob.mx/ficha.php?table=centro_cultural&table_id=2997","2026-08-04 10:01:19-06"
2614,"Centro Cultural de Artes Escénicas María Rojo","2011-03-24","Alcaldía Cuauhtémoc/JUD de Espacios Culturales y Bibliotecas",9,"Ciudad de México",15,"Cuauhtémoc",1,"Cuauhtémoc","Av. Manuel González s/n","Col. Tlatelolco 2da. sección","06900","55 8939 0283","https://alcaldiacuauhtemoc.mx","centromariarojo@gmail.com",-99.14268,19.45395,"http://sic.gob.mx/ficha.php?table=centro_cultural&table_id=2614","2025-06-16 12:09:30-06"
3476,"PILARES San Simón Tolnáhuac","2019-01-01","Secretaría de Cultura de la Ciudad de México",9,"Ciudad de México",15,"Cuauhtémoc",1,"Cuauhtémoc","Eje 1 Pte. s/n","Col. San Simón Tolnáhuac","06920","55 5134 0770 ext 1806","https://pilares.cdmx.gob.mx/","coord_comunicacion@pilares.cdmx.gob.mx",-99.14374,19.46139,"http://sic.gob.mx/ficha.php?table=centro_cultural&table_id=3476","2025-09-22 19:39:28-06"
2028,"Centro Cultural El Foco","2008-01-14","Compañía Teatro del Árbol, A.C.",9,"Ciudad de México",15,"Cuauhtémoc",1,"Cuauhtémoc","Tlacotalpan 16","Col. Roma Sur","06700","55 5574 9011","","contactoelfoco@gmail.com; centroculturalelfoco.rp@gmail.com",-99.16689,19.40871,"http://sic.gob.mx/ficha.php?table=centro_cultural&table_id=2028","2026-01-20 14:07:34-06"
3347,"Centro Cultural Foro Shakespeare","1983-05-01","Foro Shakespeare, A.C.",9,"Ciudad de México",15,"Cuauhtémoc",1,"Cuauhtémoc","Zamora 7","Col. Condesa","06140","55 7948 5597","https://foroshakespeare.com/","hola@foroshakespeare.com",-99.1767,19.41918,"http://sic.gob.mx/ficha.php?table=centro_cultural&table_id=3347","2023-11-09 08:23:30-06"
3555,"PILARES Chabacano","2020-01-29","Gobierno de la Ciudad de México",9,"Ciudad de México",15,"Cuauhtémoc",1,"Cuauhtémoc","San Antonio Abad 45","Col. Obrera","06800","55 5134 0770 ext 1806","https://pilares.cdmx.gob.mx/","coord_comunicacion@pilares.cdmx.gob.mx",-99.13611,19.40791,"http://sic.gob.mx/ficha.php?table=centro_cultural&table_id=3555","2025-07-21 18:51:03-06"
3096,"Casa Tomada","2018-02-01","Editorial Almadia",9,"Ciudad de México",15,"Cuauhtémoc",1,"Cuauhtémoc","Pachuca 146-A","Col. Condesa","06140","55 59 22 79 40","https://www.casatomada.com.mx/","apoyo@casatomada.com.mx",-99.17748,19.41499,"http://sic.gob.mx/ficha.php?table=centro_cultural&table_id=3096","2025-02-12 11:31:12-06"
3072,"Squash 73","2016-01-01","",9,"Ciudad de México",15,"Cuauhtémoc",1,"Cuauhtémoc","Antonio Caso 147","Col. SAn Rafael","06470","(55) 8434 3659","","info@squash73.mx",-99.16488,19.43545,"http://sic.gob.mx/ficha.php?table=centro_cultural&table_id=3072","2025-06-09 17:29:14-06"
1427,"Casa de Cultura de Tamaulipas","1998-01-30","Patronato de la Casa de Cultura de Tamaulipas, A.C.",9,"Ciudad de México",15,"Cuauhtémoc",1,"Cuauhtémoc","Ernesto Pugibet 73","Centro","06070","55 5512 1110","","cctamaulipasdf@hotmail.com; cctamaulipasdf@gmail.com",-99.14788,19.43027,"http://sic.gob.mx/ficha.php?table=centro_cultural&table_id=1427","2020-04-24 11:41:41-05"
2739,"Casa de Cultura Othón Salazar Ramírez","2008-08-28","Alcaldía Cuauhtémoc/Subdirección de Artes y Oficios",9,"Ciudad de México",15,"Cuauhtémoc",1,"Cuauhtémoc","Dr. José María Vértiz ","Col. Doctores ","06720","(55) 4335 8120 ","http://grupoteatralindependiente.es.tl/Casa-de-Cultura-Oth%F3n-Salazar.htm#comment<br>http://www.cuauhtemoc.df.gob.mx/paginas.php?id=casas; http://www.cuauhtemoc.cdmx.gob.mx/paginas.php?id=DirCultura","jessyesky@hotmail.com",-99.14785,19.41248,"http://sic.gob.mx/ficha.php?table=centro_cultural&table_id=2739","2026-01-08 19:43:16-06"
2738,"Casa de Cultura Romita","1994-11-10","Alcaldía Cuauhtémoc/Dirección General de Derechos Culturales, Recreativos y Educativos",9,"Ciudad de México",15,"Cuauhtémoc",1,"Cuauhtémoc","Plaza Real Romita 28","Col. Roma Norte","06700","55 4335 8100","","casaculromita@gmail.com",-99.15468,19.42344,"http://sic.gob.mx/ficha.php?table=centro_cultural&table_id=2738","2024-11-20 12:49:04-06"
3105,"Casa de la Cultura Postal","2019-11-12","Servicio Postal Mexicano ",9,"Ciudad de México",15,"Cuauhtémoc",1,"Cuauhtémoc","Calle Valentín Gómez Farías 58 A","Col. San Rafael","06470","55 1336 1466","https://www.casadelaculturapostal.com.mx/","casaculturapostal@gmail.com",-99.15167,19.44165,"http://sic.gob.mx/ficha.php?table=centro_cultural&table_id=3105","2025-07-18 17:34:49-06"
1679,"Centro Cultural Casa de la Primera Imprenta de América","1993-11-23","UAM/Coordinación General de Difusión",9,"Ciudad de México",15,"Cuauhtémoc",1,"Cuauhtémoc","Lic. Primo Verdad 10 esq. Moneda","Centro ","06060","55 5522 1535","http://www.uam.mx/_serv_comunidad/centros_culturales.html","casapimprenta@correo.uam.mx",-99.13078,19.43358,"http://sic.gob.mx/ficha.php?table=centro_cultural&table_id=1679","2024-10-03 12:04:42-06"
3278,"Casa de Escritores en Lenguas Indígenas ELIAC","2019-10-10","Escritores en Lenguas Indígenas A.C. ",9,"Ciudad de México",15,"Cuauhtémoc",1,"Cuauhtémoc","Calle de Mina 150","Col. Guerrero","06300","55 3658 4304","","",-99.14854,19.4396,"http://sic.gob.mx/ficha.php?table=centro_cultural&table_id=3278","2024-11-20 13:45:48-06"
2880,"Centro Cultural Casa Rafael Galván","2009-08-08","UAM/Coordinación General de Difusión",9,"Ciudad de México",15,"Cuauhtémoc",1,"Cuauhtémoc","Zacatecas 94","Col. Roma","06700","55 5564 4500","http://www.uam.mx/_serv_comunidad/centros_culturales.html","ecvazquez@correo.uam.mx",-99.15854,19.41583,"http://sic.gob.mx/ficha.php?table=centro_cultural&table_id=2880","2024-10-03 12:03:50-06"
3595,"PILARES Nezahualcóyotl (SEPI)","1000-01-01","Gobierno de la Ciudad de México",9,"Ciudad de México",15,"Cuauhtémoc",1,"Cuauhtémoc","Nezahualcóyotl 29","Col. Centro","06080","55 5134 0770 ext 1806","https://pilares.cdmx.gob.mx/pilares/1633/sepi","coord_comunicacion@pilares.cdmx.gob.mx",-99.14099,19.42557,"http://sic.gob.mx/ficha.php?table=centro_cultural&table_id=3595","2024-06-18 17:34:28-06"
3480,"PILARES Atlampa","2016-03-18","Gobierno de la Ciudad de México",9,"Ciudad de México",15,"Cuauhtémoc",1,"Cuauhtémoc","Cerrada de Cedro 561","Col. Atlampa","06450","55 5134 0770 ext 1806","https://pilares.cdmx.gob.mx/pilares/1518/atlampa","coord_comunicacion@pilares.cdmx.gob.mx",-99.16007,19.46046,"http://sic.gob.mx/ficha.php?table=centro_cultural&table_id=3480","2025-06-05 19:28:34-06"
3862,"A la voz Casa de Arte","2025-02-08","",9,"Ciudad de México",15,"Cuauhtémoc",1,"Cuauhtémoc","Av. Baja California 352","Col. Hipódromo Condesa","06100","55 1590 7972","","alavozinfo@gmail.com",-99.17532,19.40572,"http://sic.gob.mx/ficha.php?table=centro_cultural&table_id=3862","2025-08-12 14:43:25-06"
2429,"Centro Cultural Macario Matus","2009-11-01","Centro Cultural Matus, A.C.",9,"Ciudad de México",15,"Cuauhtémoc",1,"Cuauhtémoc","Almacenes 94, edif. Guanajuato, local 2","Col. Nonoalco Tlatelolco","06900","(55) 4831 8639","https://www.facebook.com/CentroCulturalMacarioMatus/?pnref=story","",-99.13576,19.45019,"http://sic.gob.mx/ficha.php?table=centro_cultural&table_id=2429","2020-04-24 14:53:37-05"
3863,"Tonal: foro de expresión y música","1000-01-01","",9,"Ciudad de México",15,"Cuauhtémoc",1,"Cuauhtémoc","Álvaro Obregón 160","Roma Norte ","06700","55 7413 7420","https://www.tonaltonal.com/","",-99.15167,19.44165,"http://sic.gob.mx/ficha.php?table=centro_cultural&table_id=3863","2025-03-11 14:40:23-06"
2463,"Centro Cultural Revolución del ISSSTE","1987-01-01","Instituto de Seguridad y Servicios Sociales de los Trabajadores del Estado (ISSSTE)",9,"Ciudad de México",15,"Cuauhtémoc",1,"Cuauhtémoc","U. H. Nonoalco Tlatelolco<br>Av. Manuel González s/n esq. Insurgentes Norte<br>entre edif. 4, 5 , 6","Col. Tlaltelolco","06900","(55) 5583 1114 directo","http://www.issste.gob.mx","gabriela.aparicio@issste.gob.mx",-99.14756,19.45526,"http://sic.gob.mx/ficha.php?table=centro_cultural&table_id=2463","2025-03-03 13:06:06-06"
1443,"Centro Cultural Instituto Goethe","1966-04-01","Embajada de Alemania",9,"Ciudad de México",15,"Cuauhtémoc",1,"Cuauhtémoc","Tonalá 43","Col. Roma ","06700","55 5207 0487 ","https://www.goethe.de/ins/mx/es/index.html","info-mexiko@goethe.de, socialmedia-mexiko@goethe.de",-99.16321,19.41972,"http://sic.gob.mx/ficha.php?table=centro_cultural&table_id=1443","2024-11-20 17:10:57-06"
3115,"Centro Cultural Minero","2018-09-22","Cámara Minera de México (CAMIMEX)",9,"Ciudad de México",15,"Cuauhtémoc",1,"Cuauhtémoc","Havre 32","Col. Juárez","06600","55 5540 6788","https://outletminero.org/inaugura-camimex-su-centro-cultural-minero-en-la-cdmx-2/","",-99.16156,19.42757,"http://sic.gob.mx/ficha.php?table=centro_cultural&table_id=3115","2025-03-03 12:06:10-06"
1959,"Gimnasio de Arte y Cultura","2007-03-01","Gimnasio de Arte y Cultura A.C.",9,"Ciudad de México",15,"Cuauhtémoc",1,"Cuauhtémoc","Álvaro Obregón 185,  piso 4","Col. Roma Norte","06700","55 5207 9404","http://www.gimnasiodearte.com","info@gimnasiodearte.com",-99.16333,19.41783,"http://sic.gob.mx/ficha.php?table=centro_cultural&table_id=1959","2025-03-12 12:06:46-06"
2062,"La Nana. Laboratorio Urbano de Arte Comprometido","2009-05-06","ConArte",9,"Ciudad de México",15,"Cuauhtémoc",1,"Cuauhtémoc","2do Cjón. de San Juan de Dios 25","Col. Guerrero ","06300","55 5518 5424","https://www.conartemx.net/lanana","lananaluac@gmail.com",-99.14301,19.43832,"http://sic.gob.mx/ficha.php?table=centro_cultural&table_id=2062","2024-12-02 11:40:53-06"
1432,"Casa de Cultura Alfonso Reyes","1988-04-01","Alcaldía Cuauhtémoc/Subdirección de Artes y Oficios",9,"Ciudad de México",15,"Cuauhtémoc",1,"Cuauhtémoc","Roa Bárcenas 251 esq. Ramón Fabié","Col. Vista Alegre","06800","55 4335 8110","https://alcaldiacuauhtemoc.mx/descubre/casa-de-cultura-alfonso-reyes/","casadeculturaalfonsoreyes@gmail.com",-99.13184,19.41079,"http://sic.gob.mx/ficha.php?table=centro_cultural&table_id=1432","2020-04-27 11:55:41-05"
3298,"Foro Cultural Goya","2012-05-03","",9,"Ciudad de México",15,"Cuauhtémoc",1,"Cuauhtémoc","Av. Chapultepec 151-16","Col. Juárez","06600","55 4444 2299","https://www.foroculturalgoya.com","correogoya@hotmail.com",-99.1568,19.42539,"http://sic.gob.mx/ficha.php?table=centro_cultural&table_id=3298","2024-12-02 12:32:43-06"
3374,"Foro Cultural Hilvana","2007-01-01","",9,"Ciudad de México",15,"Cuauhtémoc",1,"Cuauhtémoc"," Puente de Alvarado 17 A  ","Col. Buenavista","06350 ","55 5566 3334,  55 7090 1392 ","http://www.forohilvana.com/","contacto@forohilvana.com",-99.15404,19.43968,"http://sic.gob.mx/ficha.php?table=centro_cultural&table_id=3374","2025-12-03 17:48:26-06"
2464,"Centro Cultural Adolfo López Mateos del ISSSTE","1991-04-01","ISSSTE",9,"Ciudad de México",15,"Cuauhtémoc",1,"Cuauhtémoc","Eje Central Lázaro Cárdenas 402","Col. Tlatelolco","06900","55 5782 2207","http://www.issste.gob.mx","hdiaz@issste.gob.mx",-99.13876,19.44964,"http://sic.gob.mx/ficha.php?table=centro_cultural&table_id=2464","2020-05-14 06:34:05-05"
1504,"Casa de Cultura  Profr. Jesús Romero Flores","1981-10-16","Alcaldía Cuauhtémoc/Subdirección de Artes y Oficios",9,"Ciudad de México",15,"Cuauhtémoc",1,"Cuauhtémoc","Culiacán 103 esq. Tehuantepec","Col. Hipódromo","06100","55 4335.8130","https://historico.alcaldiacuauhtemoc.mx/casas-de-cultura/","",-99.17045,19.40364,"http://sic.gob.mx/ficha.php?table=centro_cultural&table_id=1504","2025-08-27 12:19:02-06"
1465,"Centro Cultural Casa del Poeta","1991-11-28","Fundación Casa del Poeta, I. A. P.",9,"Ciudad de México",15,"Cuauhtémoc",1,"Cuauhtémoc","Av. Álvaro Obregón  73","Col. Roma","06700","55 5533 5456","http://www.casadelpoeta.iap.org.mx/","casadelpoeta@prodigy.net.mx",-99.15809,19.41887,"http://sic.gob.mx/ficha.php?table=centro_cultural&table_id=1465","2020-05-05 05:55:07-05"
2130,"Centro Cultural Border","2006-10-10","Border Brother, S. de R.L. de C.V.",9,"Ciudad de México",15,"Cuauhtémoc",1,"Cuauhtémoc","Zacatecas 43","Col. Roma","06700","55 5584 7557 ","http://www.border.com.mx","eugenio@border.com.mx; info@border.com.mx",-99.15645,19.41735,"http://sic.gob.mx/ficha.php?table=centro_cultural&table_id=2130","2023-10-31 08:53:27-06"
1449,"Centro de Cultura Casa Lamm","1993-06-01","Centro de Estudios para la Cultura y las Artes Casa Lamm, A. C.",9,"Ciudad de México",15,"Cuauhtémoc",1,"Cuauhtémoc","Álvaro Obregón  99","Col. Roma","06700","55 5525 3938, 55 5525 3918","https://www.casalamm.com.mx/","lammacademico@casalamm.com.mx; eictvmexico@gmail.com",-99.15959,19.41859,"http://sic.gob.mx/ficha.php?table=centro_cultural&table_id=1449","2025-05-22 10:52:31-06"
1343,"Instituto Cultural México Israel","1993-10-19","Instituto Cultural México Israel, A.C.",9,"Ciudad de México",15,"Cuauhtémoc",1,"Cuauhtémoc","Rep. de El Salvador 41","Centro Histórico","06030","55 5709 8812","http://www.mexico-israel.org/","contacto@mexico-israel.org",-99.13834,19.42979,"http://sic.gob.mx/ficha.php?table=centro_cultural&table_id=1343","2024-12-02 14:18:15-06"
1680,"Casa Refugio Citlaltépetl","1999-09-01","Secretaría de Cultura de la Ciudad de México/Coordinación Interinstitucional",9,"Ciudad de México",15,"Cuauhtémoc",1,"Cuauhtémoc","Citlaltépetl 25","Hipódromo Condesa","06170","(55) 5919 1463","","casarefugiodelamemoria@gmail.com",-99.17165,19.40917,"http://sic.gob.mx/ficha.php?table=centro_cultural&table_id=1680","2026-02-09 19:14:24-06"
2141,"Casa de Cultura San Rafael","1991-01-01","Alcaldía Cuauhtémoc/Subdirección de Artes y Oficios",9,"Ciudad de México",15,"Cuauhtémoc",1,"Cuauhtémoc","José Rosas Moreno 110","Col. San Rafael","06500","55 5705 22 19","https://historico.alcaldiacuauhtemoc.mx/nope/casa-de-cultura-san-rafael/","casadeculturasanrafael@gmail.com",-99.16164,19.43746,"http://sic.gob.mx/ficha.php?table=centro_cultural&table_id=2141","2024-07-09 09:40:46-06"
3109,"Galera Centro Cultural Multidisciplinario","2019-01-25","Independiente",9,"Ciudad de México",15,"Cuauhtémoc",1,"Cuauhtémoc","Dr. Manuel Carmona y Valle 147 ","Col. Doctores","06720","","https://distritoglobal.com/galera/","",-99.15331,19.42002,"http://sic.gob.mx/ficha.php?table=centro_cultural&table_id=3109","2025-07-23 12:48:04-06"
1451,"Unidad Cultural y Recreativa Profr. Ismael Rodríguez y Aragón","1991-12-31","Síndicato Nacional de Trabajadores del Seguro Social",9,"Ciudad de México",15,"Cuauhtémoc",1,"Cuauhtémoc","Sonora 13","Col. Roma","06700","55 5286 1059",""," gonzalezgar_1323@hotmail.com",-99.17384,19.42058,"http://sic.gob.mx/ficha.php?table=centro_cultural&table_id=1451","2024-12-06 13:35:45-06"
1092,"Palacio de Minería","1979-01-01","UNAM/Facultad de Ingeniería",9,"Ciudad de México",15,"Cuauhtémoc",1,"Cuauhtémoc","Tacuba 5","Centro Histórico","06000","55 5623 2997","http://www.palaciomineria.unam.mx/","teresa.martinez@mineria.unam.mx",-99.13952,19.4359,"http://sic.gob.mx/ficha.php?table=centro_cultural&table_id=1092","2024-12-03 13:49:52-06"
1983,"Centro Cultural Universitario Tlatelolco (CCUT)","2007-10-22","UNAM/Coordinación de Difusión Cultural, Alcaldía Cuauhtémoc",9,"Ciudad de México",15,"Cuauhtémoc",1,"Cuauhtémoc","Ricardo Flores Magón s/n","Col. Nonoalco Tlatelolco","06900","55 5117 2818 ext. 49687","https://tlatelolco.unam.mx/","educacion.ccut@gmail.com",-99.13674,19.44986,"http://sic.gob.mx/ficha.php?table=centro_cultural&table_id=1983","2025-03-04 11:06:34-06"
3099,"Complejo Cultural Los Pinos","2018-12-01","Secretaría de Cultura",9,"Ciudad de México",16,"Miguel Hidalgo",1,"Miguel Hidalgo","Parque Lira s/n, Bosque de Chapultepec 1a sección","Col. San Miguel Chapultepec","11850","55 4155 0200 ext. 2412","https://lospinos.cultura.gob.mx/?fbclid=IwAR2so5jad71Ns6eTtEoxo9QbPR9GWomBCKsaAWrNWMwihd9K-BdI6XZgOjY","contactolospinos@cultura.gob.mx",-99.1912,19.41559,"http://sic.gob.mx/ficha.php?table=centro_cultural&table_id=3099","2024-02-29 13:35:11-06"
3639,"PILARES Casa Amarilla","1000-01-01","Secretaría de Cultura de la Ciudad de México",9,"Ciudad de México",16,"Miguel Hidalgo",1,"Miguel Hidalgo","Av. Parque Lira 94 ","Col. Observatorio ","11860","55 5134 0770 ext 1806","https://pilares.cdmx.gob.mx/pilares/1677/casa-amarilla","coord_comunicacion@pilares.cdmx.gob.mx",-99.19071,19.40733,"http://sic.gob.mx/ficha.php?table=centro_cultural&table_id=3639","2024-06-11 10:46:42-06"
3499,"PILARES Caneguín ","2019-07-27","Secretaría de Cultura de la Ciudad de México",9,"Ciudad de México",16,"Miguel Hidalgo",1,"Miguel Hidalgo","Lago Canegín 130","Col. Argentina Antigua ","11270","55 5134 0770 ext 1806","https://pilares.cdmx.gob.mx/","coord_comunicacion@pilares.cdmx.gob.mx",-99.20512,19.45478,"http://sic.gob.mx/ficha.php?table=centro_cultural&table_id=3499","2025-09-08 15:39:52-06"
3640,"PILARES Othón Salazar/Parque Salesiano","2021-08-07","Gobierno de la Ciudad de México",9,"Ciudad de México",16,"Miguel Hidalgo",1,"Miguel Hidalgo","Calle Colegio Salesiano s/n","Col. Anáhuac 1a. Sección","11320","55 5134 0770 ext 1806","https://pilares.cdmx.gob.mx/pilares/1678/othon-salazar","coord_comunicacion@pilares.cdmx.gob.mx",-99.17717,19.44771,"http://sic.gob.mx/ficha.php?table=centro_cultural&table_id=3640","2025-08-11 17:59:36-06"
3398,"Centro de Cultura Ambiental","2023-01-21","Secretaría de Cultura del Gobierno de México / Secretaría de Medio Ambiente (SEDEMA) ",9,"Ciudad de México",16,"Miguel Hidalgo",1,"Miguel Hidalgo","Zona del Lago Menor en la Segunda Sección del Bosque de Chapultepec.","","11100 ","","","cultura.chapultepec@gmail.com",-99.19918,19.41153,"http://sic.gob.mx/ficha.php?table=centro_cultural&table_id=3398","2024-02-29 13:37:39-06"
3449,"Parque de Cultura Urbana (PARCUR)","2022-02-19","Gobierno de la Ciudad de México",9,"Ciudad de México",16,"Miguel Hidalgo",1,"Miguel Hidalgo","Av. Ignacio Zaragoza 224","Bosque de Chapultepec III Sección","11100 ","","","",-99.21935,19.39965,"http://sic.gob.mx/ficha.php?table=centro_cultural&table_id=3449","2024-02-29 13:38:45-06"
2709,"Centro de Cultura Digital (CCD)","2012-09-01","Secretaría de Cultura",9,"Ciudad de México",16,"Miguel Hidalgo",1,"Miguel Hidalgo","Paseo de la Reforma s/n esq. Lieja","Col. Juárez ","06600","55 1000 2637","http://www.centroculturadigital.mx/","asistentedir.ccd@gmail.com",-99.17575,19.42311,"http://sic.gob.mx/ficha.php?table=centro_cultural&table_id=2709","2020-04-22 10:39:32-05"
982,"Centro Cultural del Bosque","1962-07-21","Secretaría de Cultura/INBA",9,"Ciudad de México",16,"Miguel Hidalgo",1,"Miguel Hidalgo","Av. Paseo de la Reforma y Campo Marte","Col. Chapultepec Polanco","11560","55 1000 5600 ext. 4408","http://www.ccb.bellasartes.gob.mx","arteccb_see@yahoo.com.mx; ccb@inba.gob.mx",-99.19518,19.42341,"http://sic.gob.mx/ficha.php?table=centro_cultural&table_id=982","2020-04-21 06:33:01-05"
3552,"PILARES Pensil","2020-01-16","Gobierno de la Ciudad de México",9,"Ciudad de México",16,"Miguel Hidalgo",1,"Miguel Hidalgo","Lago Trasimeno s/n esq. Lago Erne","Col. Reforma Pensil","11440","","https://www.jefaturadegobierno.cdmx.gob.mx/comunicacion/nota/inaugura-jefa-de-gobierno-reforma-pensil-en-la-alcaldia-miguel-hidalgo","pilarespensil@cdmx.gob.mx",-99.19451,19.44919,"http://sic.gob.mx/ficha.php?table=centro_cultural&table_id=3552","2024-06-17 10:10:36-06"
2450,"Foro Cultural Chapultepec","2012-01-01","Centro Deportivo Chapultepec, A.C.",9,"Ciudad de México",16,"Miguel Hidalgo",1,"Miguel Hidalgo","Calz. Gral. Mariano Escobedo 665","Col. Anzures","11590","55 5263 3900","http://www.cdch.com.mx/","mvizuet@cdch.com.mx",-99.18026,19.42675,"http://sic.gob.mx/ficha.php?table=centro_cultural&table_id=2450","2025-06-09 16:54:31-06"
3751,"PILARES Tacubaya","2022-09-17","Secretaría de Cultura de la Ciudad de México",9,"Ciudad de México",16,"Miguel Hidalgo",1,"Miguel Hidalgo","Becerra 88","Barrio de San Juan Tacubaya","11870","55 5134 0770 ext 1806","https://pilares.cdmx.gob.mx/","coord_comunicacion@pilares.cdmx.gob.mx",-99.18772,19.39612,"http://sic.gob.mx/ficha.php?table=centro_cultural&table_id=3751","2025-10-10 16:55:40-06"
3322,"Fábrica de Artes y Oficios (FARO) Cosmos","2021-03-13","Secretaría de Cultura de la Ciudad de México/Dirección General de Vinculación Cultural Comunitaria/Red de Faros",9,"Ciudad de México",16,"Miguel Hidalgo",1,"Miguel Hidalgo","Calz. México Tacuba s/n","Col. Tlaxpana","11370","55 1719 3000 exts. 1303, 1302","https://culturacomunitaria.cdmx.gob.mx/red-de-faros/faro-cosmos","lafarocosmos@gmail.com",-99.16625,19.44349,"http://sic.gob.mx/ficha.php?table=centro_cultural&table_id=3322","2026-08-03 13:50:41-06"
2199,"Centro Citibanamex","2002-01-01","Privado",9,"Ciudad de México",16,"Miguel Hidalgo",1,"Miguel Hidalgo","Av. del Conscripto 311","Col. Lomas de Sotelo","11200","55 5268 2000","http://www.centrobanamex.com/","info@centrobanamex.mx",-99.22272,19.44159,"http://sic.gob.mx/ficha.php?table=centro_cultural&table_id=2199","2025-03-31 13:55:43-06"
3605,"PILARES Tlacopan","1000-01-01","Gobierno de la Ciudad de México",9,"Ciudad de México",16,"Miguel Hidalgo",1,"Miguel Hidalgo","Calzada México Tacuba y Av. Aquiles Serdán","Tacuba","11410","55 5134 0770 ext 1806","https://pilares.cdmx.gob.mx/","coord_comunicacion@pilares.cdmx.gob.mx",-99.18982,19.46006,"http://sic.gob.mx/ficha.php?table=centro_cultural&table_id=3605","2024-06-24 13:43:30-06"
2881,"Centro Cultural Casa del Tiempo","1000-01-01","UUM/Coordinación General de Difusión",9,"Ciudad de México",16,"Miguel Hidalgo",1,"Miguel Hidalgo","Av. General Pedro Antonio de los Santos 84 esq. Tornell","Col. San Miguel Chapultepec","11850","55 5515 8737","http://www.uam.mx/_serv_comunidad/centros_culturales.html","casadeltiempo@correo.uam.mx",-99.18283,19.41183,"http://sic.gob.mx/ficha.php?table=centro_cultural&table_id=2881","2024-10-03 12:04:10-06"
1440,"Casa del Lago Juan José Arreola","1959-09-15","UNAM",9,"Ciudad de México",16,"Miguel Hidalgo",1,"Miguel Hidalgo","1ra. sección del Bosque de Chapultepec","Col. San Miguel Chapultepec","11850","55 5211 1098","http://www.casadellago.unam.mx","jgimenez@unam.mx",-99.18582,19.4224,"http://sic.gob.mx/ficha.php?table=centro_cultural&table_id=1440","2020-04-22 08:19:04-05"
3067,"Casa Elena Poniatowska","2018-06-14","Fundación Elena Poniatoswska Amor, A.C.",9,"Ciudad de México",16,"Miguel Hidalgo",1,"Miguel Hidalgo","José Martí 105","Col. Escandón, sección I","11800","55 9048 6914","","gestionfepa@gmail.com",-99.18121,19.40339,"http://sic.gob.mx/ficha.php?table=centro_cultural&table_id=3067","2025-08-04 12:05:10-06"
3402,"Centro Cultural de Turquía Instituto Yunus Emre","2022-01-01","Instituto Yunus Emre en México",9,"Ciudad de México",16,"Miguel Hidalgo",1,"Miguel Hidalgo","Hegel 618 ","Col. Bosques de Chapultepec","11560","55 1741 8092","https://www.yeemexico.org/?fbclid=IwY2xjawJYEmZleHRuA2FlbQIxMAABHUpFtxGOaQnT9PkLEqWKJGQyKLh-DaLlo8jtrXJVCdo9McxnKg679Uc45A_aem_6yALh11SHdoDMZbbIq9f0A","meksika@yee.org.tr",-99.18783,19.42891,"http://sic.gob.mx/ficha.php?table=centro_cultural&table_id=3402","2025-04-01 11:56:48-06"
2473,"Centro Cultural Poniente del ISSSTE","2002-08-01","ISSSTE",9,"Ciudad de México",16,"Miguel Hidalgo",1,"Miguel Hidalgo","Gral. José Morán 81","Col. San Miguel Chapultepec, secc. I","11850","55 5276 0059","","",-99.18787,19.40901,"http://sic.gob.mx/ficha.php?table=centro_cultural&table_id=2473","2026-04-07 11:48:14-06"
984,"Espacio Cultural Nelson Mandela","2013-07-18","Alcaldía Miguel Hidalgo/Dirección de Convivencia y Promoción Deportiva",9,"Ciudad de México",16,"Miguel Hidalgo",1,"Miguel Hidalgo","Alejandro Dumas s/n esq. Emilio Castelar","Col. Polanco","11560","55 5281 3848","http://www.miguelhidalgo.gob.mx","decultura@miguelhidalgo.gob.mx",-99.19626,19.43,"http://sic.gob.mx/ficha.php?table=centro_cultural&table_id=984","2025-04-01 13:44:54-06"
3056,"Centro Cultural de la India Guruv Tagore","2010-11-01","Embajada de la India",9,"Ciudad de México",16,"Miguel Hidalgo",1,"Miguel Hidalgo","Anatole France 319","Col. Polanco","11550","55 5203 1117","https://www.indiainmexico.gov.in/eoimx_pages/MjQy","gticc-eoi-mex@incc.com.mx, gticc.mexico@mea.gov.in",-99.19708,19.43686,"http://sic.gob.mx/ficha.php?table=centro_cultural&table_id=3056","2025-04-01 12:33:58-06"
3411,"Casa Marie José y Octavio Paz La Perulera","2023-03-31","Sistema de Desarrollo Integral de la Familia (DIF) de la Ciudad de México",9,"Ciudad de México",16,"Miguel Hidalgo",1,"Miguel Hidalgo","Felipe Carrillo Puerto 445","Col. Tacuba","11410","","https://www.youtube.com/watch?v=5PfILuhtD-g","casamariejoseoctaviopaz@dif.cdmx.gob.mx",-99.18975,19.45303,"http://sic.gob.mx/ficha.php?table=centro_cultural&table_id=3411","2025-04-24 14:32:02-06"
3324,"Centro Cultural Ex-Fábrica MX","2020-01-01","",9,"Ciudad de México",16,"Miguel Hidalgo",1,"Miguel Hidalgo","Primavera 106","Tacuba","","55 2730 5716 ","","exfabricadeharina@gmail.com",-99.19056,19.40727,"http://sic.gob.mx/ficha.php?table=centro_cultural&table_id=3324","2025-06-26 17:25:40-06"
3958,"Pabellón de Cultura Comunitaria","2024-10-02","Secretaría de Cultura Federal/Dirección General de Vinculación Cultural Comunitaria",9,"Ciudad de México",16,"Miguel Hidalgo",1,"Miguel Hidalgo","Av. Constituyentes 270","Col. Ampliación Daniel Garza","11100","","https://culturacomunitaria.cultura.gob.mx/conoce_mas/pabellon_de_cultura_comunitaria","contactopabellon@cultura.gob.mx",-99.19717,19.40953,"http://sic.gob.mx/ficha.php?table=centro_cultural&table_id=3958","2025-11-06 17:51:45-06"
991,"Casa de Cultura Quinta Colorada","1985-01-01","Alcaldía Miguel Hidalgo",9,"Ciudad de México",16,"Miguel Hidalgo",1,"Miguel Hidalgo","Pedro Antonio de los Santos s/n esq. Av. Constituyentes","1a. Sección del bosque de Chapultepec, entrada por la Puerta de Flores","11850","55 5281 5382","https://www.chapultepec.com.mx/visita/113","",-99.1812,19.41826,"http://sic.gob.mx/ficha.php?table=centro_cultural&table_id=991","2025-08-27 14:30:30-06"
953,"Casa de Cultura Enrique Ramírez y Ramírez","1981-03-01","Alcaldía Venustiano Carranza",9,"Ciudad de México",17,"Venustiano Carranza",1,"Venustiano Carranza","Vidal Alcocer 280","Col. Morelos","15270","(55) 5702 6709","","casadeculturaeramirez@yahoo.com.mx",-99.12326,19.44059,"http://sic.gob.mx/ficha.php?table=centro_cultural&table_id=953","2026-04-28 19:58:01-06"
3887,"El Zanate-Casa de arte","1000-01-01","",9,"Ciudad de México",17,"Venustiano Carranza",1,"Venustiano Carranza","Norte 180 núm. 648","Pensador mexicanoa","","55 5194 7766","","elzanate.casadearte@gmail.com",-99.08461,19.44497,"http://sic.gob.mx/ficha.php?table=centro_cultural&table_id=3887","2025-07-24 14:39:52-06"
3585,"PILARES Candelaria","1000-01-01","Gobierno de la Ciudad de México",9,"Ciudad de México",17,"Venustiano Carranza",1,"Venustiano Carranza","Juan de la Granja s/n","Col. 10 de Mayo","15100","55 5134 0770 ext 1806","https://pilares.cdmx.gob.mx/pilares/1623/candelaria","coord_comunicacion@pilares.cdmx.gob.mx",-99.11983,19.43206,"http://sic.gob.mx/ficha.php?table=centro_cultural&table_id=3585","2024-06-19 11:48:15-06"
949,"Casa de Cultura Ing. Heberto Castillo Martínez","1990-01-01","Alcaldía Venustiano Carranza",9,"Ciudad de México",17,"Venustiano Carranza",1,"Venustiano Carranza","Av. Tahel s/n esq. Nte. 202","Col. Pensador Mexicano","15510","(55) 5786 8427","","",-99.07817,19.44301,"http://sic.gob.mx/ficha.php?table=centro_cultural&table_id=949","2019-11-27 04:44:24-06"
3740,"PILARES Progresista, Ave Fénix","2022-01-01","Gobierno de la Ciudad de México",9,"Ciudad de México",17,"Venustiano Carranza",1,"Venustiano Carranza","Chiclera 34","Col. Progresista","15370","55 5134 0770 ext. 1806","https://pilares.cdmx.gob.mx/","coord_comunicacion@pilares.cdmx.gob.mx",-99.1083,19.43575,"http://sic.gob.mx/ficha.php?table=centro_cultural&table_id=3740","2025-11-10 11:45:06-06"
2470,"Centro Cultural Balbuena II Sección ISSSTE","1970-02-18","Instituto de Seguridad y Servicios Sociales de los Trabajadores del Estado (ISSSTE)",9,"Ciudad de México",17,"Venustiano Carranza",1,"Venustiano Carranza","Av. del Taller 707","Col. Jardín Balbuena","15900","55 5571 6531","","ja_cop72@yahoo.com.mx",-99.10151,19.41129,"http://sic.gob.mx/ficha.php?table=centro_cultural&table_id=2470","2026-04-27 10:26:33-06"
3551,"PILARES Fray Servando","2019-01-01","Secretaría de Cultura de la Ciudad de México",9,"Ciudad de México",17,"Venustiano Carranza",1,"Venustiano Carranza","Eje 3 Ote. Francisco del Paso y Troncoso s/n esq. Av. Fray Servando Teresa de Mier","Col. Jardín Balbuena","15900","55 5134 0770 ext 1806","https://pilares.cdmx.gob.mx/","coord_comunicacion@pilares.cdmx.gob.mx",-99.1115,19.41988,"http://sic.gob.mx/ficha.php?table=centro_cultural&table_id=3551","2025-11-06 16:40:46-06"
954,"Centro Cultural Carranza","1997-06-01","Alcaldía Venustiano Carranza",9,"Ciudad de México",17,"Venustiano Carranza",1,"Venustiano Carranza","Lázaro Pavia s/n","Col. Jardín Balbuena","15900","(55) 5764 1771","http://www.vcarranza.cdmx.gob.mx/ccc/index.html","cinecarranza@yahoo.com.mx; centrocultural@vcarranza.df.gob.mx",-99.11474,19.41894,"http://sic.gob.mx/ficha.php?table=centro_cultural&table_id=954","2025-06-13 14:21:17-06"
1035,"Centro de Arte y Cultura Circo Volador","1987-01-01","ONG",9,"Ciudad de México",17,"Venustiano Carranza",1,"Venustiano Carranza","Calz. la Viga 146 entre Rancho de la Cruz y Guillermo Prieto","Col. Jamaica","15800","55 8989 3019","https://www.circovoladorradio.org/?fbclid=IwY2xjawP63zJleHRuA2FlbQIxMABicmlkETJobElDS3BYMEJnOXJ0Yk9Oc3J0YwZhcHBfaWQQMjIyMDM5MTc4ODIwMDg5MgABHhs97QX1jFgjw1R18rzvs3aF1d2WGulQdmS_Hr-etd8cJwQlYVsP3pkR6n3j_aem_DH7tMRP2lDvWHZOpPpgjBg","comunidadcircovolador@gmail.com",-99.12416,19.40256,"http://sic.gob.mx/ficha.php?table=centro_cultural&table_id=1035","2026-02-12 11:05:44-06"
3784,"Espacio Cultural San Lázaro","2021-01-01","Cámara de Diputados/H. Congreso de la Unión",9,"Ciudad de México",17,"Venustiano Carranza",1,"Venustiano Carranza"," H.Congreso de la Unión 66,  ","El Parque","15960","55 5036 0000 ext. 8601","https://portalciudadano.diputados.gob.mx/espacio-cultural/home.html","espaciocultural@diputados.gob.mx",-99.11789,19.43042,"http://sic.gob.mx/ficha.php?table=centro_cultural&table_id=3784","2026-02-17 14:48:33-06"
3535,"PILARES Avenida del Taller","2019-10-21","Gobierno de la Ciudad de México",9,"Ciudad de México",17,"Venustiano Carranza",1,"Venustiano Carranza","Eje 3 Ote. Francisco del  Paso y Troncoso y Av. del Taller s/n","Col. Jardín Balbuena","15900","55 5134 0770 ext 1806","https://pilares.cdmx.gob.mx/pilares/1573/avenida-del-taller","coord_comunicacion@pilares.cdmx.gob.mx",-99.11304,19.41364,"http://sic.gob.mx/ficha.php?table=centro_cultural&table_id=3535","2025-10-15 15:47:05-06"
3741,"PILARES Escuela Vasco de Quiroga","2021-01-01","Secretaría de Cultura de la Ciudad de México",9,"Ciudad de México",17,"Venustiano Carranza",1,"Venustiano Carranza","Eduardo Molina s/n","Col. Vasco de Quiroga","07440","55 5134 0770 ext 1806","https://pilares.cdmx.gob.mx/","coord_comunicacion@pilares.cdmx.gob.mx",-99.09073,19.49622,"http://sic.gob.mx/ficha.php?table=centro_cultural&table_id=3741","2025-06-19 17:04:33-06"
2471,"Centro Cultural Candelaria de los Patos","1988-02-07","Instituto de Seguridad y Servicios Sociales de los Trabajadores del Estado (ISSSTE)",9,"Ciudad de México",17,"Venustiano Carranza",1,"Venustiano Carranza","U.H. Candelaria de los Patos 7, entre Gral Anaya y Zavala","Col. La Merced","15100","(55) 5542 3783","","",-99.12246,19.42884,"http://sic.gob.mx/ficha.php?table=centro_cultural&table_id=2471","2026-05-25 19:29:51-06"
3648,"PILARES Parque Velódromo","2021-01-01","Gobierno de la Ciudad de México",9,"Ciudad de México",17,"Venustiano Carranza",1,"Venustiano Carranza","Luis de la Rosa casi esq. con Genaro García","Jardín Balbuena","15900","55 5134 0770 ext 1806","https://pilares.cdmx.gob.mx/","coord_comunicacion@pilares.cdmx.gob.mx",-99.10257,19.41057,"http://sic.gob.mx/ficha.php?table=centro_cultural&table_id=3648","2025-06-06 19:33:02-06"
2963,"Centro Cultural Keren Tá Merced","1000-01-01","UACM, Secretaría de Cultura de la Ciudad de México",9,"Ciudad de México",17,"Venustiano Carranza",1,"Venustiano Carranza","Rosario s/n Pta. 24 altos de Taquería el Pollo","Col. Merced Balbuena","15810","","https://kerentamerced.wordpress.com/","kerentamerced@mail.com",-99.1226,19.42543,"http://sic.gob.mx/ficha.php?table=centro_cultural&table_id=2963","2023-07-05 04:18:49-06"
3556,"PILARES Viaducto","2020-02-18","Secretaría de Cultura de la Ciudad de México",9,"Ciudad de México",17,"Venustiano Carranza",1,"Venustiano Carranza","Viaducto Rio de la Piedad s/n","Col. Jardín Balbuena","15900","55 5134 0770 ext 1806","https://pilares.cdmx.gob.mx/","coord_comunicacion@pilares.cdmx.gob.mx",-99.11259,19.40644,"http://sic.gob.mx/ficha.php?table=centro_cultural&table_id=3556","2025-10-10 19:54:59-06"
3614,"PILARES Pelón Osuna ","1000-01-01","Secretaría de Cultura de la Ciudad de México",9,"Ciudad de México",17,"Venustiano Carranza",1,"Venustiano Carranza","Norte 21 s/n","Col.  Moctezuma 2da Secc","15530","55 5134 0770 ext 1806","https://pilares.cdmx.gob.mx/","coord_comunicacion@pilares.cdmx.gob.mx",-99.0922,19.42793,"http://sic.gob.mx/ficha.php?table=centro_cultural&table_id=3614","2024-06-11 11:28:11-06"
3710,"PILARES Felipe Ángeles","1000-01-01","Gobierno de la Ciudad de México",9,"Ciudad de México",17,"Venustiano Carranza",1,"Venustiano Carranza","Calle Estaño s/n","Felipe Ángeles","15310","55 5134 0770 ext 1806","https://pilares.cdmx.gob.mx/","coord_comunicacion@pilares.cdmx.gob.mx",-99.11348,19.45223,"http://sic.gob.mx/ficha.php?table=centro_cultural&table_id=3710","2024-06-10 13:22:59-06"
3613,"PILARES Adolfo Lopez Mateos","1000-01-01","Gobierno de la Ciudad de México",9,"Ciudad de México",17,"Venustiano Carranza",1,"Venustiano Carranza","Eduardo Bustamante 102","Adolfo López Mateos","15670","55 5134 0770 ext 1806","https://pilares.cdmx.gob.mx/","coord_comunicacion@pilares.cdmx.gob.mx",-99.07165,19.42181,"http://sic.gob.mx/ficha.php?table=centro_cultural&table_id=3613","2024-06-07 11:27:02-06"
3711,"PILARES 20 de Noviembre","1000-01-01","Secretaría de Cultura de la Ciudad de México",9,"Ciudad de México",17,"Venustiano Carranza",1,"Venustiano Carranza","Av. Canal del Desagüe s/n esq. Av. Canal del Norte","Col. Amp. Venustiano Carranza","15339","55 5134 0770 ext 1806","https://pilares.cdmx.gob.mx/","coord_comunicacion@pilares.cdmx.gob.mx",-99.10311,19.44749,"http://sic.gob.mx/ficha.php?table=centro_cultural&table_id=3711","2024-06-07 11:53:26-06"
3712,"PILARES Copil","2021-01-01","Gobierno de la Ciudad de México",9,"Ciudad de México",17,"Venustiano Carranza",1,"Venustiano Carranza","Chimalhuacán s/n","Col. Peñón de los Bañoz","15520","55 5134 0770 ext 1806","https://pilares.cdmx.gob.mx/","coord_comunicacion@pilares.cdmx.gob.mx",-99.08563,19.43717,"http://sic.gob.mx/ficha.php?table=centro_cultural&table_id=3712","2025-10-28 16:23:04-06"
