llavemod,llaveviv,llavehog,activ_prod_con_cp,activ_prod_sin_cp,activ_merc,trab_merc_pv,tras_trab,bus_trab,prod_bien_trab_auto,trab_no_rem_vol,trab_no_rem_hog,prep_serv_alim,limp_viv,limp_rop,mant_viv,compras_hog,pagos_tram_hog,org_sup_hog,trab_no_rem_con_cp,trab_no_rem_cuid_hog,cuid_esp_int_hog_con_cp,cuid_esp_int_hog_sin_cp,cuid_int_0a5_con_cp,cuid_int_0a5_sin_cp,cuid_int_6a14_con_cp,cuid_int_6a14_sin_cp,cuid_int_15a59,cuid_int_60mas_con_cp,cuid_int_60mas_sin_cp,trab_no_rem_otros_hog,apoy_hog_fam,trab_dom_otros_hog_fam,cuid_esp_disc_enf,cuid_per_otros_hog,trab_no_rem_no_fam,prod_bien_hog_rural,prep_serv_alim_rural,activ_cuid_per,activ_estud,activ_conviv,edad,sexo,niv,gra,cvegeo_x,cve_ent_x,tloc_x,menor10,escolaridad,cond_ind,cond_disc,cond_aee,est_dis_x,upm_dis_x,fac_per,control,viv_sel,hogar,n_ren,cve_ent_y,cvegeo_y,tloc_y,est_dis_y,upm_dis_y,fac_viv
90002901101.0,90002901,900029011,32.75,12.75,0.0,0.0,0.0,0.0,0.0,32.75,12.75,6.0,2.16666666666666,1.0,0.0,3.0,0.0,0.58333333333333,20.0,0.0,0.0,0.0,0.0,0.0,0.0,0.0,0.0,20.0,0.0,0.0,0.0,0.0,0.0,0.0,0.0,0.0,0.0,61.75,6.0,37.5,67,1,8,5,9,9,1,2,4.0,2,2,3,73,1148,3165,900029,1,1,1,9,9,1,73,1148,3184
90002901102.0,90002901,900029011,75.78333333333333,65.78333333333333,45.0,40.0,5.0,0.0,0.0,30.78333333333333,20.78333333333333,14.0,2.5,2.0,0.0,2.0,0.16666666666666,0.11666666666666,10.0,0.0,0.0,0.0,0.0,0.0,0.0,0.0,0.0,10.0,0.0,0.0,0.0,0.0,0.0,0.0,0.0,0.0,0.0,67.33333333333333,0.0,27.33333333333333,65,2,8,4,9,9,1,2,4.0,2,2,1,73,1148,3166,900029,1,1,2,9,9,1,73,1148,3184
90002902101.0,90002902,900029021,76.14999999999999,76.14999999999999,55.0,50.0,5.0,0.0,0.0,21.14999999999999,21.14999999999999,6.0,11.58333333333333,1.25,0.0,2.0,0.0,0.31666666666666,0.0,0.0,0.0,0.0,0.0,0.0,0.0,0.0,0.0,0.0,0.0,0.0,0.0,0.0,0.0,0.0,0.0,0.0,0.0,34.0,0.0,18.75,43,2,8,3,9,9,1,2,4.0,2,2,1,73,1148,3143,900029,2,1,1,9,9,1,73,1148,3184
90306103101.0,90306103,903061031,55.83333333333333,55.83333333333333,50.08333333333333,50.0,0.08333333333333,0.0,0.0,5.75,5.75,3.5,2.0,0.0,0.25,0.0,0.0,0.0,0.0,0.0,0.0,0.0,0.0,0.0,0.0,0.0,0.0,0.0,0.0,0.0,0.0,0.0,0.0,0.0,0.0,0.0,0.0,68.0,0.0,56.5,66,1,8,5,9,9,1,2,4.0,2,2,1,74,1178,5160,903061,3,1,1,9,9,1,74,1178,5198
90306103102.0,90306103,903061031,46.54999999999999,46.54999999999999,0.0,0.0,0.0,0.0,0.0,46.54999999999999,44.54999999999999,17.83333333333333,19.71666666666666,4.0,0.0,3.0,0.0,0.0,2.0,2.0,0.0,0.0,0.0,0.0,0.0,0.0,2.0,0.0,0.0,0.0,0.0,0.0,0.0,0.0,0.0,0.0,0.0,77.0,0.0,62.0,65,2,6,3,9,9,1,2,3.0,2,2,5,74,1178,5161,903061,3,1,2,9,9,1,74,1178,5198
90306103103.0,90306103,903061031,52.91666666666666,52.91666666666666,46.0,39.0,7.0,0.0,0.0,6.91666666666666,6.58333333333333,0.0,3.0,0.83333333333333,0.0,0.0,0.16666666666666,2.58333333333333,0.33333333333333,0.33333333333333,0.0,0.0,0.0,0.0,0.0,0.0,0.0,0.33333333333333,0.33333333333333,0.0,0.0,0.0,0.0,0.0,0.0,0.0,0.0,79.0,0.0,66.0,37,1,8,4,9,9,1,2,4.0,2,2,1,74,1178,5199,903061,3,1,3,9,9,1,74,1178,5198
90306104101.0,90306104,903061041,92.91666666666666,92.91666666666666,80.5,70.0,10.5,0.0,0.0,12.41666666666666,5.41666666666666,1.16666666666666,0.0,0.66666666666666,0.0,2.0,0.41666666666666,1.16666666666666,7.0,7.0,0.0,0.0,0.0,0.0,0.0,0.0,7.0,0.0,0.0,0.0,0.0,0.0,0.0,0.0,0.0,0.0,0.0,75.0,0.0,41.66666666666666,25,1,8,4,9,9,1,2,4.0,2,2,1,74,1178,5246,903061,4,1,1,9,9,1,74,1178,5198
90306104102.0,90306104,903061041,93.5,93.5,63.0,54.0,9.0,0.0,0.0,30.5,25.5,12.5,8.0,3.0,0.0,2.0,0.0,0.0,5.0,5.0,0.0,0.0,0.0,0.0,0.0,0.0,5.0,0.0,0.0,0.0,0.0,0.0,0.0,0.0,0.0,0.0,0.0,80.5,0.0,56.66666666666666,25,2,8,4,9,9,1,2,4.0,2,2,1,74,1178,5159,903061,4,1,2,9,9,1,74,1178,5198
90306104103.0,90306104,903061041,96.0,96.0,45.0,36.0,9.0,0.0,1.0,50.0,42.0,16.0,15.5,4.5,0.25,1.5,0.25,4.0,0.0,0.0,0.0,0.0,0.0,0.0,0.0,0.0,0.0,0.0,0.0,8.0,0.0,0.0,0.0,0.0,8.0,0.0,0.0,66.5,0.0,48.66666666666666,23,2,8,4,9,9,1,2,4.0,2,2,1,74,1178,5220,903061,4,1,3,9,9,1,74,1178,5198
91583105102.0,91583105,915831051,75.75,75.75,27.0,15.0,12.0,0.0,0.0,48.75,43.75,18.5,14.66666666666666,2.0,0.0,6.0,2.0,0.58333333333333,0.0,0.0,0.0,0.0,0.0,0.0,0.0,0.0,0.0,0.0,0.0,5.0,5.0,5.0,0.0,0.0,0.0,0.0,0.0,64.0,0.0,37.5,52,2,6,3,9,9,1,2,3.0,2,2,1,74,1276,5308,915831,5,1,2,9,9,1,74,1276,5351
91583105103.0,91583105,915831051,55.41666666666666,55.41666666666666,25.0,20.0,5.0,0.0,0.0,30.41666666666666,30.41666666666666,14.0,12.91666666666666,1.66666666666666,0.0,1.0,0.5,0.33333333333333,0.0,0.0,0.0,0.0,0.0,0.0,0.0,0.0,0.0,0.0,0.0,0.0,0.0,0.0,0.0,0.0,0.0,0.0,0.0,57.33333333333333,0.0,28.8,29,2,8,4,9,9,1,2,4.0,2,2,1,74,1276,5311,915831,5,1,3,9,9,1,74,1276,5351
91583105104.0,91583105,915831051,89.96666666666665,89.96666666666665,60.0,40.0,20.0,0.0,0.0,29.96666666666666,20.96666666666666,7.5,6.0,3.5,0.0,2.0,0.0,1.96666666666666,9.0,9.0,0.0,0.0,0.0,0.0,0.0,0.0,9.0,0.0,0.0,0.0,0.0,0.0,0.0,0.0,0.0,0.0,0.0,64.5,5.0,49.91666666666666,29,2,8,3,9,9,1,2,4.0,2,2,1,74,1276,5311,915831,5,1,4,9,9,1,74,1276,5351
91583105105.0,91583105,915831051,13.83333333333333,13.83333333333333,0.0,0.0,0.0,0.0,0.0,13.83333333333333,10.83333333333333,3.66666666666666,3.75,1.83333333333333,0.08333333333333,0.33333333333333,0.0,1.16666666666666,0.83333333333333,0.83333333333333,0.0,0.0,0.0,0.0,0.0,0.0,0.83333333333333,0.0,0.0,2.16666666666666,2.16666666666666,0.0,0.5,1.66666666666666,0.0,0.0,0.0,58.5,86.0,76.5,20,1,8,1,9,9,1,2,4.0,2,2,4,74,1276,5430,915831,5,1,5,9,9,1,74,1276,5351
91597902101.0,91597902,915979021,96.75,96.75,45.0,36.0,9.0,0.0,3.16666666666666,48.58333333333333,38.41666666666666,12.0,13.75,2.5,0.0,3.83333333333333,4.0,2.33333333333333,1.66666666666666,1.66666666666666,0.0,0.0,0.0,0.0,0.0,0.0,1.66666666666666,0.0,0.0,8.5,8.5,8.5,0.0,0.0,0.0,0.0,0.0,66.16666666666666,0.0,28.58333333333333,43,2,5,3,9,9,1,2,3.0,2,2,1,74,1277,4587,915979,2,1,1,9,9,1,74,1277,4653
91597902102.0,91597902,915979021,28.3,28.3,18.0,12.0,6.0,0.0,0.0,10.3,10.3,7.0,1.16666666666666,1.91666666666666,0.0,0.0,0.0,0.21666666666666,0.0,0.0,0.0,0.0,0.0,0.0,0.0,0.0,0.0,0.0,0.0,0.0,0.0,0.0,0.0,0.0,0.0,0.0,0.0,38.5,0.0,8.0,64,1,6,3,9,9,1,2,3.0,1,2,1,74,1277,4626,915979,2,1,2,9,9,1,74,1277,4653
91597902103.0,91597902,915979021,76.9,76.9,67.0,63.0,4.0,0.0,0.0,9.9,9.9,7.0,1.16666666666666,1.5,0.0,0.0,0.0,0.23333333333333,0.0,0.0,0.0,0.0,0.0,0.0,0.0,0.0,0.0,0.0,0.0,0.0,0.0,0.0,0.0,0.0,0.0,0.0,0.0,99.16666666666666,0.0,42.0,23,1,6,3,9,9,1,2,3.0,2,2,1,74,1277,4721,915979,2,1,3,9,9,1,74,1277,4653
90861104101.0,90861104,908611041,9.58333333333333,9.58333333333333,0.0,0.0,0.0,0.0,0.0,9.58333333333333,7.58333333333333,0.75,4.33333333333333,0.0,0.0,1.0,1.33333333333333,0.16666666666666,1.5,1.5,0.0,0.0,0.0,0.0,0.0,0.0,1.5,0.0,0.0,0.5,0.5,0.5,0.0,0.0,0.0,0.0,0.0,78.16666666666666,0.0,22.5,67,1,6,2,9,9,1,2,3.0,2,1,6,76,1218,4087,908611,4,1,1,9,9,1,76,1218,4093
90861104102.0,90861104,908611041,44.41666666666666,44.41666666666666,0.0,0.0,0.0,0.0,0.0,44.41666666666666,29.91666666666666,17.5,7.91666666666666,1.0,0.0,3.0,0.33333333333333,0.16666666666666,0.5,0.5,0.0,0.0,0.0,0.0,0.0,0.0,0.5,0.0,0.0,14.0,14.0,0.0,14.0,0.0,0.0,0.0,0.0,65.75,0.0,24.5,58,2,3,3,9,9,1,2,2.0,2,2,5,76,1218,4020,908611,4,1,2,9,9,1,76,1218,4093
90861104103.0,90861104,908611041,45.0,45.0,33.0,27.0,6.0,0.0,0.0,12.0,10.33333333333333,7.0,2.33333333333333,0.0,0.0,1.0,0.0,0.0,1.66666666666666,1.66666666666666,0.0,0.0,0.0,0.0,0.0,0.0,1.66666666666666,0.0,0.0,0.0,0.0,0.0,0.0,0.0,0.0,0.0,0.0,65.0,56.0,21.33333333333333,23,2,6,3,9,9,1,2,3.0,2,2,1,76,1218,4135,908611,4,1,3,9,9,1,76,1218,4093
90861105101.0,90861105,908611051,158.16666666666666,123.16666666666666,64.0,61.0,3.0,0.0,0.0,94.16666666666666,38.58333333333333,13.0,17.08333333333333,5.5,0.0,0.0,1.0,2.0,55.58333333333333,20.58333333333333,41.58333333333333,6.58333333333333,0.0,0.0,0.0,0.0,14.0,0.0,0.0,0.0,0.0,0.0,0.0,0.0,0.0,0.0,0.0,82.25,0.0,17.83333333333333,46,2,6,3,9,9,1,2,3.0,2,2,1,76,1218,4052,908611,5,1,1,9,9,1,76,1218,4093
90861105102.0,90861105,908611051,64.0,64.0,44.0,40.0,4.0,0.0,0.0,20.0,13.0,5.0,6.0,0.0,0.0,1.0,0.0,1.0,7.0,7.0,1.0,1.0,0.0,0.0,0.0,0.0,6.0,0.0,0.0,0.0,0.0,0.0,0.0,0.0,0.0,0.0,0.0,65.5,0.0,11.0,41,1,8,4,9,9,1,2,4.0,2,2,1,76,1218,4195,908611,5,1,2,9,9,1,76,1218,4093
90861105103.0,90861105,908611051,31.6,30.93333333333333,15.0,8.0,7.0,0.0,0.5,16.1,15.26666666666666,7.66666666666666,6.33333333333333,0.5,0.0,0.33333333333333,0.0,0.43333333333333,0.83333333333333,0.16666666666666,0.83333333333333,0.16666666666666,0.0,0.0,0.0,0.0,0.0,0.0,0.0,0.0,0.0,0.0,0.0,0.0,0.0,0.0,0.0,50.0,0.0,7.53333333333333,29,2,8,5,9,9,1,2,4.0,2,2,1,76,1218,4087,908611,5,1,3,9,9,1,76,1218,4093
90861105104.0,90861105,908611051,18.74999999999999,18.74999999999999,0.0,0.0,0.0,0.0,0.0,18.74999999999999,12.24999999999999,5.83333333333333,5.58333333333333,0.25,0.0,0.0,0.0,0.58333333333333,6.5,6.5,5.16666666666666,5.16666666666666,0.0,0.0,0.0,0.0,1.33333333333333,0.0,0.0,0.0,0.0,0.0,0.0,0.0,0.0,0.0,0.0,70.0,47.0,59.33333333333333,15,2,3,3,9,9,1,2,2.0,2,2,4,76,1218,4131,908611,5,1,4,9,9,1,76,1218,4093
91566301104.0,91566301,915663011,47.61666666666666,47.61666666666666,32.0,29.0,3.0,0.0,0.0,15.61666666666666,5.61666666666666,0.0,4.33333333333333,0.53333333333333,0.0,0.08333333333333,0.08333333333333,0.58333333333333,2.0,2.0,0.0,0.0,0.0,0.0,0.0,0.0,2.0,0.0,0.0,8.0,8.0,0.0,8.0,0.0,0.0,0.0,0.0,73.0,0.0,17.16666666666666,56,2,6,3,9,9,1,2,3.0,2,2,1,74,1274,3513,915663,1,1,4,9,9,1,74,1274,3599
91566301105.0,91566301,915663011,27.88333333333333,27.88333333333333,10.13333333333333,10.0,0.13333333333333,0.0,0.0,17.75,7.16666666666666,2.5,2.16666666666666,1.58333333333333,0.0,0.25,0.0,0.66666666666666,0.0,0.0,0.0,0.0,0.0,0.0,0.0,0.0,0.0,0.0,0.0,10.58333333333333,0.08333333333333,0.0,0.0,0.08333333333333,10.5,0.0,0.0,98.0,10.0,27.5,23,2,3,3,9,9,1,2,2.0,1,2,1,74,1274,3614,915663,1,1,5,9,9,1,74,1274,3599
91566302101.0,91566302,915663021,89.5,89.5,55.0,54.0,1.0,0.0,0.0,34.5,34.5,13.0,9.58333333333333,7.75,0.5,2.41666666666666,0.58333333333333,0.66666666666666,0.0,0.0,0.0,0.0,0.0,0.0,0.0,0.0,0.0,0.0,0.0,0.0,0.0,0.0,0.0,0.0,0.0,0.0,0.0,73.16666666666666,0.0,25.5,48,2,8,5,9,9,1,2,4.0,2,2,1,74,1274,3542,915663,2,1,1,9,9,1,74,1274,3599
91566303101.0,91566303,915663031,132.31666666666666,83.31666666666666,52.0,40.0,12.0,0.0,0.0,80.31666666666666,22.73333333333333,9.0,4.66666666666666,3.33333333333333,1.66666666666666,2.0,0.91666666666666,1.15,57.58333333333333,8.58333333333333,0.0,0.0,0.0,0.0,57.58333333333333,8.58333333333333,0.0,0.0,0.0,0.0,0.0,0.0,0.0,0.0,0.0,0.0,0.0,49.58333333333333,0.0,22.0,50,1,8,5,9,9,1,2,4.0,2,2,1,74,1274,3605,915663,3,1,1,9,9,1,74,1274,3599
91566304101.0,91566304,915663041,31.41666666666666,31.41666666666666,0.0,0.0,0.0,0.0,0.0,31.41666666666666,28.16666666666666,16.33333333333333,3.33333333333333,3.33333333333333,0.0,3.0,0.33333333333333,1.83333333333333,3.0,3.0,0.0,0.0,0.0,0.0,0.0,0.0,3.0,0.0,0.0,0.25,0.0,0.0,0.0,0.0,0.25,0.0,0.0,94.08333333333331,0.0,36.58333333333333,69,1,8,4,9,9,1,2,4.0,2,2,3,74,1274,3572,915663,4,1,1,9,9,1,74,1274,3599
91566304102.0,91566304,915663041,27.25,27.25,0.0,0.0,0.0,0.0,0.0,27.25,23.75,13.0,6.58333333333333,2.0,0.0,1.0,0.0,1.16666666666666,3.5,3.5,0.0,0.0,0.0,0.0,0.0,0.0,3.5,0.0,0.0,0.0,0.0,0.0,0.0,0.0,0.0,0.0,0.0,71.5,0.0,38.83333333333333,38,2,10,2,9,9,1,2,5.0,2,2,4,74,1274,3548,915663,4,1,2,9,9,1,74,1274,3599
91566304103.0,91566304,915663041,69.5,69.5,52.5,45.0,7.5,0.0,0.0,17.0,15.0,2.66666666666666,0.83333333333333,1.0,0.0,1.5,2.0,7.0,1.0,1.0,0.0,0.0,0.0,0.0,0.0,0.0,1.0,0.0,0.0,1.0,1.0,1.0,0.0,0.0,0.0,0.0,0.0,64.0,0.0,51.75,34,2,10,2,9,9,1,2,5.0,2,2,1,74,1274,3553,915663,4,1,3,9,9,1,74,1274,3599
90306105101.0,90306105,903061051,22.66666666666666,22.66666666666666,0.0,0.0,0.0,0.0,0.0,22.66666666666666,22.66666666666666,9.5,11.25,1.5,0.0,0.0,0.0,0.41666666666666,0.0,0.0,0.0,0.0,0.0,0.0,0.0,0.0,0.0,0.0,0.0,0.0,0.0,0.0,0.0,0.0,0.0,0.0,0.0,87.5,0.0,64.33333333333333,80,2,2,6,9,9,1,2,2.0,2,2,5,74,1178,5332,903061,5,1,1,9,9,1,74,1178,5198
90327901101.0,90327901,903279011,42.16666666666666,42.16666666666666,0.0,0.0,0.0,0.0,2.0,40.16666666666666,39.16666666666666,12.66666666666666,22.16666666666666,4.0,0.0,0.0,0.0,0.33333333333333,1.0,1.0,0.0,0.0,0.0,0.0,1.0,1.0,0.0,0.0,0.0,0.0,0.0,0.0,0.0,0.0,0.0,0.0,0.0,43.5,0.0,3.0,75,2,2,4,9,9,1,2,2.0,2,2,3,76,1179,4026,903279,1,1,1,9,9,1,76,1179,3999
90327901102.0,90327901,903279011,20.25,20.25,0.0,0.0,0.0,0.0,0.0,20.25,14.75,9.0,3.0,2.0,0.0,0.0,0.5,0.25,5.5,5.5,0.0,0.0,0.0,0.0,3.5,3.5,2.0,0.0,0.0,0.0,0.0,0.0,0.0,0.0,0.0,0.0,0.0,63.5,0.0,14.16666666666666,40,2,7,3,9,9,1,2,4.0,2,2,5,76,1179,3966,903279,1,1,2,9,9,1,76,1179,3999
90327901103.0,90327901,903279011,71.1,71.1,68.0,56.0,12.0,0.0,0.0,3.1,3.1,0.0,0.0,0.0,0.0,3.0,0.0,0.1,0.0,0.0,0.0,0.0,0.0,0.0,0.0,0.0,0.0,0.0,0.0,0.0,0.0,0.0,0.0,0.0,0.0,0.0,0.0,63.83333333333333,0.0,15.16666666666666,50,1,6,3,9,9,1,2,3.0,2,2,1,76,1179,4029,903279,1,1,3,9,9,1,76,1179,3999
90327901104.0,90327901,903279011,74.25,74.25,70.0,60.0,10.0,0.0,0.0,4.25,4.25,0.0,3.08333333333333,1.16666666666666,0.0,0.0,0.0,0.0,0.0,0.0,0.0,0.0,0.0,0.0,0.0,0.0,0.0,0.0,0.0,0.0,0.0,0.0,0.0,0.0,0.0,0.0,0.0,66.5,0.0,6.25,22,1,6,3,9,9,1,2,3.0,2,2,1,76,1179,4082,903279,1,1,4,9,9,1,76,1179,3999
90327901105.0,90327901,903279011,53.36666666666666,45.36666666666666,39.0,36.0,3.0,0.0,0.0,14.36666666666666,5.86666666666666,0.0,3.66666666666666,0.83333333333333,0.0,1.13333333333333,0.0,0.23333333333333,8.5,0.5,0.0,0.0,0.0,0.0,0.0,0.0,0.0,8.5,0.5,0.0,0.0,0.0,0.0,0.0,0.0,0.0,0.0,108.16666666666666,0.0,27.0,18,1,6,3,9,9,1,2,3.0,2,2,1,76,1179,4050,903279,1,1,5,9,9,1,76,1179,3999
90327901106.0,90327901,903279011,6.11666666666666,6.11666666666666,0.0,0.0,0.0,0.0,0.0,6.11666666666666,5.61666666666666,0.0,4.33333333333333,1.16666666666666,0.0,0.0,0.0,0.11666666666666,0.5,0.5,0.0,0.0,0.0,0.0,0.0,0.0,0.0,0.5,0.5,0.0,0.0,0.0,0.0,0.0,0.0,0.0,0.0,66.5,36.5,22.16666666666666,14,1,3,2,9,9,1,2,2.0,2,2,4,76,1179,4039,903279,1,1,6,9,9,1,76,1179,3999
90688401101.0,90688401,906884011,87.13333333333333,87.13333333333333,79.0,72.0,7.0,0.0,0.0,8.13333333333333,4.13333333333333,1.66666666666666,0.0,1.0,0.0,1.0,0.0,0.46666666666666,4.0,4.0,0.0,0.0,0.0,0.0,0.0,0.0,4.0,0.0,0.0,0.0,0.0,0.0,0.0,0.0,0.0,0.0,0.0,65.5,0.0,14.0,24,1,3,3,9,9,1,2,2.0,2,2,1,76,1209,4252,906884,1,1,1,9,9,1,76,1209,4165
90688401102.0,90688401,906884011,59.75,59.75,27.0,23.0,4.0,0.0,0.0,32.75,32.75,8.5,17.25,7.0,0.0,0.0,0.0,0.0,0.0,0.0,0.0,0.0,0.0,0.0,0.0,0.0,0.0,0.0,0.0,0.0,0.0,0.0,0.0,0.0,0.0,0.0,0.0,74.5,0.0,20.5,36,2,2,6,9,9,1,2,2.0,1,2,1,76,1209,4131,906884,1,1,2,9,9,1,76,1209,4165
90688402101.0,90688402,906884021,113.5,113.5,90.0,88.0,2.0,0.0,0.0,23.5,13.0,6.5,5.25,1.0,0.0,0.0,0.0,0.25,10.5,10.5,0.0,0.0,0.0,0.0,0.0,0.0,10.5,0.0,0.0,0.0,0.0,0.0,0.0,0.0,0.0,0.0,0.0,56.83333333333333,0.0,20.83333333333333,44,1,2,6,9,9,1,2,2.0,2,2,1,76,1209,4269,906884,2,1,1,9,9,1,76,1209,4165
90688402102.0,90688402,906884021,81.33333333333333,81.33333333333333,50.83333333333333,50.0,0.83333333333333,0.0,0.0,30.49999999999999,25.49999999999999,9.83333333333333,9.25,3.83333333333333,0.0,2.0,0.0,0.58333333333333,5.0,5.0,0.0,0.0,0.0,0.0,0.0,0.0,5.0,0.0,0.0,0.0,0.0,0.0,0.0,0.0,0.0,0.0,0.0,60.0,0.0,22.5,44,2,3,2,9,9,1,2,2.0,1,2,1,76,1209,4131,906884,2,1,2,9,9,1,76,1209,4165
90688402103.0,90688402,906884021,56.41666666666666,56.41666666666666,55.0,40.0,15.0,0.0,0.0,1.41666666666666,1.33333333333333,0.08333333333333,0.83333333333333,0.41666666666666,0.0,0.0,0.0,0.0,0.08333333333333,0.08333333333333,0.0,0.0,0.0,0.0,0.0,0.0,0.08333333333333,0.0,0.0,0.0,0.0,0.0,0.0,0.0,0.0,0.0,0.0,73.5,10.66666666666666,29.16666666666666,22,1,6,3,9,9,1,2,3.0,2,1,1,76,1209,4252,906884,2,1,3,9,9,1,76,1209,4165
90688402104.0,90688402,906884021,23.58333333333333,23.58333333333333,0.0,0.0,0.0,0.0,0.0,23.58333333333333,23.58333333333333,4.5,17.08333333333333,2.0,0.0,0.0,0.0,0.0,0.0,0.0,0.0,0.0,0.0,0.0,0.0,0.0,0.0,0.0,0.0,0.0,0.0,0.0,0.0,0.0,0.0,0.0,0.0,84.0,51.0,49.0,15,2,3,3,9,9,1,2,2.0,2,2,4,76,1209,4203,906884,2,1,4,9,9,1,76,1209,4165
90688403101.0,90688403,906884031,43.25,43.25,36.5,36.0,0.5,0.0,0.0,6.75,6.75,4.33333333333333,1.58333333333333,0.66666666666666,0.0,0.0,0.0,0.16666666666666,0.0,0.0,0.0,0.0,0.0,0.0,0.0,0.0,0.0,0.0,0.0,0.0,0.0,0.0,0.0,0.0,0.0,0.0,0.0,64.33333333333333,0.0,14.0,62,1,3,3,9,9,1,2,2.0,2,2,1,76,1209,4166,906884,3,1,1,9,9,1,76,1209,4165
90861105105.0,90861105,908611051,2.25,2.25,0.0,0.0,0.0,0.0,0.0,2.25,2.25,0.08333333333333,1.25,0.91666666666666,0.0,0.0,0.0,0.0,0.0,0.0,0.0,0.0,0.0,0.0,0.0,0.0,0.0,0.0,0.0,0.0,0.0,0.0,0.0,0.0,0.0,0.0,0.0,84.0,48.83333333333333,24.0,12,2,2,6,9,9,1,2,2.0,1,2,4,76,1218,4109,908611,5,1,5,9,9,1,76,1218,4093
90861105106.0,90861105,908611051,74.41666666666666,73.41666666666666,55.0,40.0,15.0,0.0,0.0,19.41666666666666,11.25,2.33333333333333,5.58333333333333,1.75,0.83333333333333,0.5,0.0,0.25,8.16666666666666,7.16666666666666,5.66666666666666,4.66666666666666,0.0,0.0,0.0,0.0,2.5,0.0,0.0,0.0,0.0,0.0,0.0,0.0,0.0,0.0,0.0,67.88333333333333,0.0,24.0,56,1,6,1,9,9,1,2,3.0,1,2,1,76,1218,4135,908611,5,1,6,9,9,1,76,1218,4093
90875602101.0,90875602,908756021,148.75,148.75,121.5,112.0,9.5,0.0,0.0,27.25,16.25,3.0,3.5,1.0,0.0,6.0,2.25,0.5,11.0,11.0,0.0,0.0,0.0,0.0,7.0,7.0,4.0,0.0,0.0,0.0,0.0,0.0,0.0,0.0,0.0,0.0,0.0,44.83333333333333,0.0,6.0,42,1,6,3,9,9,1,2,3.0,2,1,1,76,1219,4078,908756,2,1,1,9,9,1,76,1219,3980
91597902104.0,91597902,915979021,52.75,52.75,15.0,12.0,3.0,0.0,3.0,34.75,29.75,13.0,10.16666666666666,1.5,0.0,4.5,0.0,0.58333333333333,0.0,0.0,0.0,0.0,0.0,0.0,0.0,0.0,0.0,0.0,0.0,5.0,0.0,0.0,0.0,0.0,5.0,0.0,0.0,70.0,46.0,57.0,22,2,6,3,9,9,1,2,3.0,2,2,1,74,1277,4672,915979,2,1,4,9,9,1,74,1277,4653
91597902105.0,91597902,915979021,8.41666666666666,8.41666666666666,0.0,0.0,0.0,0.0,0.0,8.41666666666666,4.08333333333333,0.0,3.5,0.0,0.0,0.0,0.0,0.58333333333333,4.33333333333333,4.33333333333333,0.0,0.0,0.0,0.0,0.0,0.0,4.33333333333333,0.0,0.0,0.0,0.0,0.0,0.0,0.0,0.0,0.0,0.0,89.0,0.0,56.0,18,2,7,1,9,9,1,2,4.0,2,2,5,74,1277,4667,915979,2,1,5,9,9,1,74,1277,4653
91597903101.0,91597903,915979031,162.0,150.0,58.0,54.0,4.0,0.0,5.0,99.0,40.0,18.0,9.58333333333333,7.0,0.0,4.0,0.16666666666666,1.25,59.0,47.0,0.0,0.0,0.0,0.0,49.0,37.0,10.0,0.0,0.0,0.0,0.0,0.0,0.0,0.0,0.0,0.0,0.0,52.5,0.0,17.5,35,1,3,3,9,9,1,2,2.0,2,2,1,74,1277,4654,915979,3,1,1,9,9,1,74,1277,4653
91597903102.0,91597903,915979031,97.05,87.05,48.0,36.0,12.0,0.0,0.0,49.05,16.55,4.0,10.41666666666666,1.5,0.0,0.0,0.5,0.13333333333333,32.5,22.5,0.0,0.0,0.0,0.0,25.0,15.0,7.5,0.0,0.0,0.0,0.0,0.0,0.0,0.0,0.0,0.0,0.0,71.91666666666666,0.0,12.91666666666666,25,2,3,3,9,9,1,2,2.0,2,2,1,74,1277,4618,915979,3,1,2,9,9,1,74,1277,4653
91566305101.0,91566305,915663051,33.58333333333333,33.58333333333333,6.41666666666666,6.0,0.41666666666666,0.0,0.0,27.16666666666666,24.66666666666666,10.0,5.41666666666666,2.16666666666666,0.0,5.0,1.5,0.58333333333333,2.5,2.5,0.0,0.0,0.0,0.0,0.0,0.0,2.5,0.0,0.0,0.0,0.0,0.0,0.0,0.0,0.0,0.0,0.0,64.0,0.0,18.5,59,2,7,4,9,9,1,2,4.0,2,2,1,74,1274,3513,915663,5,1,1,9,9,1,74,1274,3599
91566305102.0,91566305,915663051,88.96666666666665,88.96666666666665,56.5,44.0,12.5,0.0,0.0,32.46666666666666,19.46666666666666,6.5,3.8,2.5,3.0,1.0,0.08333333333333,2.58333333333333,5.0,5.0,0.0,0.0,0.0,0.0,0.0,0.0,5.0,0.0,0.0,8.0,0.0,0.0,0.0,0.0,8.0,0.0,0.0,70.0,0.0,15.33333333333333,33,1,8,5,9,9,1,2,4.0,2,2,1,74,1274,3656,915663,5,1,2,9,9,1,74,1274,3599
91566305103.0,91566305,915663051,55.41666666666666,55.41666666666666,36.0,35.0,1.0,0.0,0.0,19.41666666666666,17.91666666666666,9.5,3.91666666666666,1.33333333333333,0.0,0.0,2.0,1.16666666666666,1.5,1.5,0.0,0.0,0.0,0.0,0.0,0.0,1.5,0.0,0.0,0.0,0.0,0.0,0.0,0.0,0.0,0.0,0.0,62.5,51.0,5.91666666666666,28,1,8,1,9,9,1,2,4.0,2,2,1,74,1274,3632,915663,5,1,3,9,9,1,74,1274,3599
91566305104.0,91566305,915663051,48.5,48.5,39.55,36.0,3.55,0.0,0.0,8.95,7.11666666666666,4.0,1.0,1.33333333333333,0.0,0.66666666666666,0.01666666666666,0.1,1.83333333333333,1.83333333333333,0.0,0.0,0.0,0.0,0.0,0.0,1.83333333333333,0.0,0.0,0.0,0.0,0.0,0.0,0.0,0.0,0.0,0.0,71.5,0.0,31.16666666666666,25,1,6,1,9,9,1,2,3.0,2,2,1,74,1274,3632,915663,5,1,4,9,9,1,74,1274,3599
91566305105.0,91566305,915663051,65.48333333333333,65.48333333333333,28.23333333333333,28.0,0.23333333333333,0.0,0.0,37.25,25.91666666666666,8.16666666666666,13.0,1.91666666666666,0.0,0.5,0.0,2.33333333333333,3.83333333333333,3.83333333333333,0.0,0.0,0.0,0.0,0.0,0.0,3.83333333333333,0.0,0.0,7.5,6.0,1.0,3.0,2.0,1.5,0.0,0.0,72.0,0.0,96.5,26,1,8,4,9,9,1,2,4.0,2,2,1,74,1274,3632,915663,5,1,5,9,9,1,74,1274,3599
91581001101.0,91581001,915810011,123.33333333333331,123.33333333333331,109.0,99.0,10.0,0.0,0.0,14.33333333333333,12.83333333333333,5.0,3.0,1.58333333333333,0.0,3.0,0.0,0.25,1.5,1.5,0.0,0.0,0.0,0.0,0.0,0.0,1.5,0.0,0.0,0.0,0.0,0.0,0.0,0.0,0.0,0.0,0.0,35.83333333333333,0.0,0.66666666666666,50,2,3,3,9,9,1,2,2.0,2,2,1,74,1275,4830,915810,1,1,1,9,9,1,74,1275,4869
91581001102.0,91581001,915810011,126.16666666666666,126.16666666666666,98.0,77.0,21.0,0.0,3.0,25.16666666666666,19.83333333333333,4.66666666666666,2.33333333333333,5.83333333333333,0.33333333333333,2.0,3.5,1.16666666666666,5.33333333333333,5.33333333333333,0.0,0.0,0.0,0.0,0.0,0.0,5.33333333333333,0.0,0.0,0.0,0.0,0.0,0.0,0.0,0.0,0.0,0.0,42.0,0.0,7.0,53,1,6,3,9,9,1,2,3.0,1,2,1,74,1275,4877,915810,1,1,2,9,9,1,74,1275,4869
90679301102.0,90679301,906793011,85.66666666666666,85.66666666666666,74.0,59.0,15.0,0.0,0.0,11.66666666666666,4.16666666666666,2.0,1.16666666666666,0.41666666666666,0.0,0.0,0.0,0.58333333333333,7.5,7.5,0.0,0.0,0.0,0.0,0.0,0.0,7.5,0.0,0.0,0.0,0.0,0.0,0.0,0.0,0.0,0.0,0.0,60.5,0.0,9.0,47,1,6,3,9,9,1,2,3.0,2,2,1,76,1207,4736,906793,1,1,2,9,9,1,76,1207,4678
90679301103.0,90679301,906793011,4.7,4.7,2.03333333333333,2.0,0.03333333333333,0.0,0.0,2.66666666666666,2.66666666666666,1.66666666666666,0.0,1.0,0.0,0.0,0.0,0.0,0.0,0.0,0.0,0.0,0.0,0.0,0.0,0.0,0.0,0.0,0.0,0.0,0.0,0.0,0.0,0.0,0.0,0.0,0.0,75.0,48.5,42.0,17,2,6,2,9,9,1,2,3.0,2,2,1,76,1207,4721,906793,1,1,3,9,9,1,76,1207,4678
90679303101.0,90679303,906793031,76.91666666666666,76.91666666666666,60.0,48.0,12.0,0.0,0.0,16.91666666666666,16.91666666666666,9.5,7.0,0.16666666666666,0.0,0.0,0.0,0.25,0.0,0.0,0.0,0.0,0.0,0.0,0.0,0.0,0.0,0.0,0.0,0.0,0.0,0.0,0.0,0.0,0.0,0.0,0.0,70.5,0.0,18.5,65,2,2,6,9,9,1,2,2.0,2,2,1,76,1207,4673,906793,3,1,1,9,9,1,76,1207,4678
90679304101.0,90679304,906793041,87.16666666666666,87.16666666666666,15.0,12.0,3.0,0.0,0.0,72.16666666666666,59.66666666666666,28.0,12.66666666666666,12.0,0.0,7.0,0.0,0.0,12.5,12.5,0.0,0.0,0.0,0.0,12.5,12.5,0.0,0.0,0.0,0.0,0.0,0.0,0.0,0.0,0.0,0.0,0.0,70.0,0.0,0.0,44,2,3,3,9,9,1,2,2.0,2,2,1,76,1207,4639,906793,4,1,1,9,9,1,76,1207,4678
90679304102.0,90679304,906793041,42.7,42.7,37.0,35.0,2.0,0.0,0.0,5.7,5.7,2.0,0.0,3.5,0.0,0.0,0.0,0.2,0.0,0.0,0.0,0.0,0.0,0.0,0.0,0.0,0.0,0.0,0.0,0.0,0.0,0.0,0.0,0.0,0.0,0.0,0.0,61.83333333333333,0.0,13.0,63,2,3,3,9,9,1,2,2.0,2,2,1,76,1207,4633,906793,4,1,2,9,9,1,76,1207,4678
90679304103.0,90679304,906793041,37.41666666666666,37.41666666666666,35.0,0.0,0.0,35.0,0.0,2.41666666666666,1.41666666666666,1.16666666666666,0.0,0.0,0.0,0.0,0.0,0.25,1.0,1.0,0.0,0.0,0.0,0.0,1.0,1.0,0.0,0.0,0.0,0.0,0.0,0.0,0.0,0.0,0.0,0.0,0.0,65.25,0.0,15.0,22,1,7,3,9,9,1,2,4.0,2,2,2,76,1207,4776,906793,4,1,3,9,9,1,76,1207,4678
90679305101.0,90679305,906793051,2.28333333333333,2.28333333333333,0.0,0.0,0.0,0.0,0.0,2.28333333333333,2.28333333333333,2.0,0.16666666666666,0.0,0.0,0.0,0.0,0.11666666666666,0.0,0.0,0.0,0.0,0.0,0.0,0.0,0.0,0.0,0.0,0.0,0.0,0.0,0.0,0.0,0.0,0.0,0.0,0.0,135.0,0.0,25.0,83,1,0,0,9,9,1,2,1.0,2,1,5,76,1207,4838,906793,5,1,1,9,9,1,76,1207,4678
91597903103.0,91597903,915979031,12.74999999999999,12.74999999999999,0.0,0.0,0.0,0.0,0.0,12.74999999999999,8.91666666666666,1.66666666666666,4.33333333333333,1.66666666666666,0.0,0.83333333333333,0.0,0.41666666666666,3.83333333333333,3.83333333333333,0.0,0.0,0.0,0.0,3.83333333333333,3.83333333333333,0.0,0.0,0.0,0.0,0.0,0.0,0.0,0.0,0.0,0.0,0.0,90.5,42.0,22.5,13,2,3,1,9,9,1,2,2.0,2,2,4,74,1277,4643,915979,3,1,3,9,9,1,74,1277,4653
91597904101.0,91597904,915979041,10.65,10.65,0.0,0.0,0.0,0.0,0.0,10.65,0.98333333333333,0.0,0.58333333333333,0.16666666666666,0.0,0.0,0.0,0.23333333333333,8.0,8.0,0.0,0.0,0.0,0.0,0.0,0.0,8.0,0.0,0.0,1.66666666666666,1.66666666666666,1.66666666666666,0.0,0.0,0.0,0.0,0.0,95.5,0.0,52.0,63,1,3,3,9,9,1,2,2.0,2,1,6,74,1277,4626,915979,4,1,1,9,9,1,74,1277,4653
91597904102.0,91597904,915979041,141.83333333333331,95.83333333333331,32.0,30.0,2.0,0.0,6.0,103.83333333333331,24.33333333333333,10.0,8.66666666666666,4.25,0.0,0.0,0.0,1.41666666666666,53.5,7.5,53.5,7.5,0.0,0.0,0.0,0.0,0.0,0.0,0.0,26.0,26.0,5.0,0.0,21.0,0.0,0.0,0.0,87.0,0.0,60.5,58,2,3,3,9,9,1,2,2.0,2,2,1,74,1277,4542,915979,4,1,2,9,9,1,74,1277,4653
91597905101.0,91597905,915979051,72.61666666666666,72.61666666666666,72.2,72.0,0.2,0.0,0.0,0.41666666666666,0.41666666666666,0.0,0.0,0.0,0.0,0.0,0.41666666666666,0.0,0.0,0.0,0.0,0.0,0.0,0.0,0.0,0.0,0.0,0.0,0.0,0.0,0.0,0.0,0.0,0.0,0.0,0.0,0.0,49.58333333333333,0.0,20.0,27,1,3,3,9,9,1,2,2.0,2,2,1,74,1277,4696,915979,5,1,1,9,9,1,74,1277,4653
91597905102.0,91597905,915979051,143.35,73.35,25.25,25.0,0.25,0.0,2.0,116.1,28.43333333333333,14.0,5.83333333333333,5.33333333333333,0.0,2.5,0.0,0.76666666666666,87.66666666666666,17.66666666666666,0.0,0.0,0.0,0.0,87.16666666666666,17.16666666666666,0.5,0.0,0.0,0.0,0.0,0.0,0.0,0.0,0.0,0.0,0.0,76.08333333333333,0.0,23.5,29,2,3,3,9,9,1,2,2.0,2,2,1,74,1277,4618,915979,5,1,2,9,9,1,74,1277,4653
91597905103.0,91597905,915979051,25.25,25.25,0.0,0.0,0.0,0.0,0.5,24.75,19.75,7.25,9.0,0.83333333333333,0.0,1.5,0.0,1.16666666666666,5.0,5.0,0.0,0.0,0.0,0.0,0.0,0.0,5.0,0.0,0.0,0.0,0.0,0.0,0.0,0.0,0.0,0.0,0.0,79.5,0.0,62.5,26,2,6,1,9,9,1,2,3.0,2,2,5,74,1277,4618,915979,5,1,3,9,9,1,74,1277,4653
91597905104.0,91597905,915979051,18.16666666666666,15.83333333333333,0.0,0.0,0.0,0.0,0.83333333333333,17.33333333333333,11.75,2.33333333333333,3.0,3.75,0.0,1.0,0.16666666666666,1.5,5.58333333333333,3.25,0.0,0.0,0.0,0.0,3.08333333333333,0.75,2.5,0.0,0.0,0.0,0.0,0.0,0.0,0.0,0.0,0.0,0.0,108.16666666666666,52.5,25.5,13,2,3,1,9,9,1,2,2.0,1,2,4,74,1277,4643,915979,5,1,4,9,9,1,74,1277,4653
90719705104.0,90719705,907197051,2.33333333333333,2.33333333333333,0.0,0.0,0.0,0.0,0.0,2.33333333333333,2.33333333333333,0.0,2.33333333333333,0.0,0.0,0.0,0.0,0.0,0.0,0.0,0.0,0.0,0.0,0.0,0.0,0.0,0.0,0.0,0.0,0.0,0.0,0.0,0.0,0.0,0.0,0.0,0.0,68.33333333333333,30.83333333333333,15.0,15,1,3,3,9,9,1,2,2.0,9,2,4,76,1211,4843,907197,5,1,4,9,9,1,76,1211,4782
90727501101.0,90727501,907275011,95.25,95.25,54.16666666666666,29.0,25.16666666666666,0.0,0.0,41.08333333333333,23.58333333333333,7.25,10.0,2.33333333333333,0.0,2.0,0.5,1.5,17.5,17.5,0.0,0.0,0.0,0.0,0.0,0.0,17.5,0.0,0.0,0.0,0.0,0.0,0.0,0.0,0.0,0.0,0.0,63.0,0.0,12.66666666666666,56,1,7,3,9,9,1,2,4.0,2,2,1,76,1212,3786,907275,1,1,1,9,9,1,76,1212,3748
90727501102.0,90727501,907275011,100.5,100.5,69.0,66.0,3.0,0.0,0.0,31.49999999999999,25.16666666666666,4.33333333333333,14.25,2.0,0.0,2.83333333333333,0.0,1.75,5.0,5.0,0.0,0.0,0.0,0.0,0.0,0.0,5.0,0.0,0.0,1.33333333333333,1.33333333333333,1.33333333333333,0.0,0.0,0.0,0.0,0.0,67.5,20.0,27.25,21,2,8,1,9,9,1,2,4.0,2,2,1,76,1212,3786,907275,1,1,2,9,9,1,76,1212,3748
90727501103.0,90727501,907275011,39.33333333333333,39.33333333333333,26.0,20.0,6.0,0.0,0.0,13.33333333333333,13.33333333333333,7.5,2.5,3.33333333333333,0.0,0.0,0.0,0.0,0.0,0.0,0.0,0.0,0.0,0.0,0.0,0.0,0.0,0.0,0.0,0.0,0.0,0.0,0.0,0.0,0.0,0.0,0.0,61.0,0.0,14.0,19,2,6,3,9,9,1,2,3.0,2,2,1,76,1212,3782,907275,1,1,3,9,9,1,76,1212,3748
90727501104.0,90727501,907275011,48.24999999999999,48.24999999999999,0.0,0.0,0.0,0.0,3.0,45.24999999999999,38.24999999999999,18.0,18.58333333333333,0.25,0.33333333333333,0.16666666666666,0.0,0.91666666666666,7.0,7.0,0.0,0.0,0.0,0.0,0.0,0.0,7.0,0.0,0.0,0.0,0.0,0.0,0.0,0.0,0.0,0.0,0.0,79.0,66.0,54.24999999999999,17,2,6,1,9,9,1,2,3.0,2,2,4,76,1212,3782,907275,1,1,4,9,9,1,76,1212,3748
90727502101.0,90727502,907275021,184.91666666666663,170.91666666666666,77.0,63.0,14.0,0.0,0.0,107.91666666666666,27.25,10.5,10.83333333333333,3.41666666666666,0.0,0.0,1.16666666666666,1.33333333333333,80.66666666666666,66.66666666666666,79.66666666666666,65.66666666666666,0.0,0.0,0.0,0.0,1.0,0.0,0.0,0.0,0.0,0.0,0.0,0.0,0.0,0.0,0.0,70.5,0.0,8.16666666666666,51,2,6,3,9,9,1,2,3.0,2,2,1,76,1212,3740,907275,2,1,1,9,9,1,76,1212,3748
91581001103.0,91581001,915810011,34.88333333333333,34.88333333333333,0.0,0.0,0.0,0.0,1.0,33.88333333333333,30.88333333333333,18.8,4.16666666666666,4.0,0.0,3.5,0.0,0.41666666666666,3.0,3.0,0.0,0.0,0.0,0.0,0.0,0.0,3.0,0.0,0.0,0.0,0.0,0.0,0.0,0.0,0.0,0.0,0.0,61.5,0.0,2.0,26,2,3,3,9,9,1,2,2.0,2,2,5,74,1275,4833,915810,1,1,3,9,9,1,74,1275,4869
90671402101.0,90671402,906714021,99.58333333333331,91.58333333333331,84.0,56.0,28.0,0.0,0.0,15.58333333333333,0.58333333333333,0.0,0.0,0.0,0.0,0.0,0.0,0.58333333333333,15.0,7.0,0.0,0.0,0.0,0.0,8.0,0.0,7.0,0.0,0.0,0.0,0.0,0.0,0.0,0.0,0.0,0.0,0.0,50.0,0.0,6.5,58,1,3,3,9,9,1,2,2.0,2,2,1,76,1206,4687,906714,2,1,1,9,9,1,76,1206,4640
90671402102.0,90671402,906714021,78.25,43.25,0.0,0.0,0.0,0.0,0.0,78.25,43.25,15.75,18.66666666666666,2.16666666666666,0.0,6.0,0.0,0.66666666666666,35.0,0.0,0.0,0.0,0.0,0.0,35.0,0.0,0.0,0.0,0.0,0.0,0.0,0.0,0.0,0.0,0.0,0.0,0.0,69.66666666666666,0.0,35.0,58,2,2,6,9,9,1,2,2.0,2,2,5,76,1206,4556,906714,2,1,2,9,9,1,76,1206,4640
90671402103.0,90671402,906714021,13.41666666666666,13.41666666666666,0.0,0.0,0.0,0.0,0.0,13.41666666666666,13.41666666666666,1.66666666666666,8.41666666666666,2.5,0.0,0.0,0.0,0.83333333333333,0.0,0.0,0.0,0.0,0.0,0.0,0.0,0.0,0.0,0.0,0.0,0.0,0.0,0.0,0.0,0.0,0.0,0.0,0.0,87.5,47.5,34.0,13,1,3,2,9,9,1,2,2.0,2,2,4,76,1206,4687,906714,2,1,3,9,9,1,76,1206,4640
90671402104.0,90671402,906714021,135.25,133.25,127.0,123.0,4.0,0.0,0.0,8.25,4.25,0.0,3.0,1.0,0.0,0.0,0.0,0.25,4.0,2.0,0.0,0.0,0.0,0.0,4.0,2.0,0.0,0.0,0.0,0.0,0.0,0.0,0.0,0.0,0.0,0.0,0.0,41.0,0.0,2.0,30,2,6,3,9,9,1,2,3.0,2,2,1,76,1206,4608,906714,2,1,4,9,9,1,76,1206,4640
90671403101.0,90671403,906714031,111.66666666666666,111.66666666666666,105.66666666666666,99.0,6.66666666666666,0.0,0.0,6.0,6.0,3.33333333333333,0.66666666666666,1.33333333333333,0.0,0.0,0.0,0.66666666666666,0.0,0.0,0.0,0.0,0.0,0.0,0.0,0.0,0.0,0.0,0.0,0.0,0.0,0.0,0.0,0.0,0.0,0.0,0.0,42.66666666666666,0.0,14.83333333333333,24,1,3,3,9,9,1,2,2.0,2,2,1,76,1206,4737,906714,3,1,1,9,9,1,76,1206,4640
90671404101.0,90671404,906714041,137.83333333333331,137.83333333333331,108.66666666666666,96.0,12.66666666666666,0.0,10.0,19.16666666666666,15.5,2.16666666666666,6.16666666666666,3.5,1.0,0.0,1.0,1.66666666666666,2.66666666666666,2.66666666666666,0.0,0.0,0.0,0.0,0.0,0.0,2.66666666666666,0.0,0.0,1.0,1.0,0.0,0.0,1.0,0.0,0.0,0.0,41.5,0.0,14.08333333333333,42,1,6,3,9,9,1,2,3.0,1,1,1,76,1206,4755,906714,4,1,1,9,9,1,76,1206,4640
90688001101.0,90688001,906880011,63.36666666666666,63.36666666666666,58.0,48.0,10.0,0.0,0.0,5.36666666666666,5.36666666666666,0.0,1.25,0.0,0.0,3.0,1.0,0.11666666666666,0.0,0.0,0.0,0.0,0.0,0.0,0.0,0.0,0.0,0.0,0.0,0.0,0.0,0.0,0.0,0.0,0.0,0.0,0.0,59.76666666666666,0.0,26.5,63,1,6,1,9,9,1,2,3.0,1,2,1,74,1208,4058,906880,1,1,1,9,9,1,74,1208,4081
90688001102.0,90688001,906880011,83.5,83.5,0.0,0.0,0.0,0.0,0.0,83.5,0.0,0.0,0.0,0.0,0.0,0.0,0.0,0.0,0.0,0.0,0.0,0.0,0.0,0.0,0.0,0.0,0.0,0.0,0.0,83.5,83.5,27.5,56.0,0.0,0.0,0.0,0.0,64.16666666666666,0.0,80.5,58,2,3,3,9,9,1,2,2.0,2,2,1,74,1208,3984,906880,1,1,2,9,9,1,74,1208,4081
90688002101.0,90688002,906880021,82.66666666666666,82.66666666666666,63.33333333333333,63.0,0.33333333333333,0.0,0.0,19.33333333333333,16.33333333333333,3.16666666666666,4.0,0.83333333333333,5.33333333333333,0.0,1.0,2.0,3.0,3.0,0.0,0.0,0.0,0.0,0.0,0.0,0.0,3.0,3.0,0.0,0.0,0.0,0.0,0.0,0.0,0.0,0.0,71.5,0.0,11.08333333333333,71,1,2,3,9,9,1,2,2.0,2,1,1,74,1208,4032,906880,2,1,1,9,9,1,74,1208,4081
90688002102.0,90688002,906880021,33.16666666666666,33.16666666666666,0.0,0.0,0.0,0.0,0.0,33.16666666666666,33.16666666666666,17.5,11.58333333333333,1.33333333333333,0.0,1.0,0.58333333333333,1.16666666666666,0.0,0.0,0.0,0.0,0.0,0.0,0.0,0.0,0.0,0.0,0.0,0.0,0.0,0.0,0.0,0.0,0.0,0.0,0.0,63.66666666666666,0.0,39.5,66,2,3,3,9,9,1,2,2.0,2,2,3,74,1208,4053,906880,2,1,2,9,9,1,74,1208,4081
90688003101.0,90688003,906880031,13.33333333333333,13.33333333333333,0.0,0.0,0.0,0.0,1.33333333333333,12.0,12.0,0.5,11.0,0.5,0.0,0.0,0.0,0.0,0.0,0.0,0.0,0.0,0.0,0.0,0.0,0.0,0.0,0.0,0.0,0.0,0.0,0.0,0.0,0.0,0.0,0.0,0.0,92.0,0.0,25.0,84,2,0,0,9,9,1,2,1.0,1,1,5,74,1208,4187,906880,3,1,1,9,9,1,74,1208,4081
90688004101.0,90688004,906880041,112.16666666666666,112.16666666666666,91.0,90.0,1.0,0.0,4.0,17.16666666666666,17.16666666666666,0.0,4.33333333333333,2.5,4.0,2.5,0.25,3.58333333333333,0.0,0.0,0.0,0.0,0.0,0.0,0.0,0.0,0.0,0.0,0.0,0.0,0.0,0.0,0.0,0.0,0.0,0.0,0.0,159.0,0.0,22.5,42,1,3,3,9,9,1,2,2.0,2,2,1,74,1208,4158,906880,4,1,1,9,9,1,74,1208,4081
90688005101.0,90688005,906880051,45.58333333333333,42.08333333333333,0.0,0.0,0.0,0.0,0.0,45.58333333333333,27.33333333333333,14.0,7.16666666666666,2.91666666666666,0.0,2.5,0.0,0.75,18.25,14.75,18.25,14.75,0.0,0.0,0.0,0.0,0.0,0.0,0.0,0.0,0.0,0.0,0.0,0.0,0.0,0.0,0.0,77.75,0.0,29.5,79,1,6,3,9,9,1,2,3.0,1,2,5,74,1208,4155,906880,5,1,1,9,9,1,74,1208,4081
91634401101.0,91634401,916344011,138.75,116.75,76.0,55.0,21.0,0.0,0.5,62.25,23.91666666666666,6.33333333333333,6.58333333333333,7.0,0.16666666666666,2.0,0.0,1.83333333333333,38.33333333333333,16.33333333333333,0.0,0.0,0.0,0.0,0.0,0.0,4.33333333333333,34.0,12.0,0.0,0.0,0.0,0.0,0.0,0.0,0.0,0.0,51.08333333333333,0.0,4.58333333333333,60,1,7,3,9,9,1,2,4.0,2,2,1,74,1278,4189,916344,1,1,1,9,9,1,74,1278,4213
91634401102.0,91634401,916344011,29.41666666666666,24.41666666666666,0.0,0.0,0.0,0.0,7.0,22.41666666666666,6.0,1.66666666666666,0.66666666666666,2.25,0.0,1.16666666666666,0.0,0.25,16.0,11.0,0.0,0.0,0.0,0.0,0.0,0.0,5.66666666666666,10.33333333333333,5.33333333333333,0.41666666666666,0.0,0.0,0.0,0.0,0.41666666666666,0.0,0.0,73.83333333333333,0.0,21.33333333333333,86,2,2,6,9,9,1,2,2.0,2,2,5,74,1278,4613,916344,1,1,2,9,9,1,74,1278,4213
91634401103.0,91634401,916344011,93.76666666666667,93.76666666666667,59.0,49.0,10.0,0.0,0.33333333333333,34.43333333333333,25.93333333333333,5.0,14.08333333333333,0.76666666666666,0.0,5.5,0.0,0.58333333333333,8.5,8.5,0.0,0.0,0.0,0.0,0.0,0.0,4.5,4.0,4.0,0.0,0.0,0.0,0.0,0.0,0.0,0.0,0.0,77.5,25.16666666666666,46.83333333333333,29,2,8,4,9,9,1,2,4.0,2,2,1,74,1278,4182,916344,1,1,3,9,9,1,74,1278,4213
91634401104.0,91634401,916344011,28.75,25.75,0.0,0.0,0.0,0.0,0.0,28.75,20.5,5.66666666666666,10.33333333333333,1.83333333333333,0.08333333333333,1.0,0.0,1.58333333333333,5.91666666666666,2.91666666666666,0.0,0.0,0.0,0.0,0.0,0.0,2.91666666666666,3.0,0.0,2.33333333333333,2.33333333333333,2.0,0.08333333333333,0.25,0.0,0.0,0.0,84.5,35.5,22.75,24,2,8,1,9,9,1,2,4.0,2,2,4,74,1278,4231,916344,1,1,4,9,9,1,74,1278,4213
91634402101.0,91634402,916344021,42.16666666666666,28.16666666666666,15.83333333333333,15.0,0.83333333333333,0.0,0.0,26.33333333333333,5.33333333333333,1.16666666666666,0.83333333333333,0.5,1.0,1.0,0.33333333333333,0.5,21.0,7.0,0.0,0.0,0.0,0.0,0.0,0.0,0.0,21.0,7.0,0.0,0.0,0.0,0.0,0.0,0.0,0.0,0.0,91.0,0.0,55.5,69,1,8,5,9,9,1,2,4.0,2,2,1,74,1278,4182,916344,2,1,1,9,9,1,74,1278,4213
91634402102.0,91634402,916344021,54.33333333333333,33.33333333333333,0.0,0.0,0.0,0.0,0.0,54.33333333333333,26.33333333333333,12.5,8.5,3.0,0.0,1.66666666666666,0.0,0.66666666666666,28.0,7.0,0.0,0.0,0.0,0.0,0.0,0.0,0.0,28.0,7.0,0.0,0.0,0.0,0.0,0.0,0.0,0.0,0.0,91.0,0.0,47.0,75,2,2,6,9,9,1,2,2.0,2,2,5,74,1278,4217,916344,2,1,2,9,9,1,74,1278,4213
91634403101.0,91634403,916344031,12.83333333333333,12.83333333333333,0.0,0.0,0.0,0.0,0.0,12.83333333333333,12.83333333333333,8.75,3.16666666666666,0.33333333333333,0.0,0.0,0.0,0.58333333333333,0.0,0.0,0.0,0.0,0.0,0.0,0.0,0.0,0.0,0.0,0.0,0.0,0.0,0.0,0.0,0.0,0.0,0.0,0.0,117.5,0.0,25.0,59,2,6,3,9,9,1,2,3.0,1,1,5,74,1278,4113,916344,3,1,1,9,9,1,74,1278,4213
90727503101.0,90727503,907275031,42.83333333333333,42.83333333333333,0.0,0.0,0.0,0.0,4.0,38.83333333333333,38.83333333333333,19.0,13.99999999999999,5.0,0.0,0.83333333333333,0.0,0.0,0.0,0.0,0.0,0.0,0.0,0.0,0.0,0.0,0.0,0.0,0.0,0.0,0.0,0.0,0.0,0.0,0.0,0.0,0.0,53.0,0.0,13.0,72,2,2,6,9,9,1,2,2.0,2,2,5,76,1212,3772,907275,3,1,1,9,9,1,76,1212,3748
90727503102.0,90727503,907275031,57.66666666666666,57.66666666666666,53.66666666666666,53.0,0.66666666666666,0.0,0.0,4.0,4.0,0.0,2.0,0.5,0.0,1.0,0.0,0.5,0.0,0.0,0.0,0.0,0.0,0.0,0.0,0.0,0.0,0.0,0.0,0.0,0.0,0.0,0.0,0.0,0.0,0.0,0.0,47.41666666666666,0.0,39.5,38,1,2,6,9,9,1,2,2.0,1,2,1,76,1212,3771,907275,3,1,2,9,9,1,76,1212,3748
90727504101.0,90727504,907275041,85.33333333333333,84.33333333333333,72.0,66.0,6.0,0.0,0.66666666666666,12.66666666666666,5.58333333333333,0.25,3.16666666666666,1.58333333333333,0.0,0.0,0.0,0.58333333333333,7.08333333333333,6.08333333333333,0.0,0.0,5.08333333333333,4.08333333333333,0.0,0.0,2.0,0.0,0.0,0.0,0.0,0.0,0.0,0.0,0.0,0.0,0.0,49.5,0.0,5.33333333333333,50,2,3,3,9,9,1,2,2.0,1,2,1,76,1212,3740,907275,4,1,1,9,9,1,76,1212,3748
90727504102.0,90727504,907275041,200.83333333333331,190.33333333333331,70.0,66.0,4.0,0.0,0.0,130.83333333333331,42.5,10.0,23.33333333333333,5.0,0.0,2.0,1.0,1.16666666666666,88.33333333333333,77.83333333333333,7.16666666666666,3.66666666666666,69.0,62.0,0.0,0.0,12.16666666666666,0.0,0.0,0.0,0.0,0.0,0.0,0.0,0.0,0.0,0.0,69.16666666666666,0.0,12.66666666666666,20,2,6,3,9,9,1,2,3.0,2,2,1,76,1212,3786,907275,4,1,2,9,9,1,76,1212,3748
90727504103.0,90727504,907275041,139.0,132.0,0.0,0.0,0.0,0.0,2.33333333333333,136.66666666666666,13.08333333333333,7.33333333333333,4.41666666666666,0.16666666666666,0.0,0.0,0.0,1.16666666666666,123.58333333333331,116.58333333333331,35.08333333333333,35.08333333333333,87.5,80.5,0.0,0.0,1.0,0.0,0.0,0.0,0.0,0.0,0.0,0.0,0.0,0.0,0.0,65.5,0.0,23.33333333333333,19,2,6,3,9,9,1,2,3.0,1,2,1,76,1212,3782,907275,4,1,3,9,9,1,76,1212,3748
90727504104.0,90727504,907275041,152.08333333333331,142.08333333333331,73.0,66.0,7.0,0.0,4.0,75.08333333333333,22.08333333333333,9.33333333333333,7.5,1.33333333333333,2.0,0.0,1.0,0.91666666666666,53.0,43.0,0.0,0.0,53.0,43.0,0.0,0.0,0.0,0.0,0.0,0.0,0.0,0.0,0.0,0.0,0.0,0.0,0.0,75.0,0.0,18.16666666666666,21,1,6,3,9,9,1,2,3.0,2,2,1,76,1212,3826,907275,4,1,4,9,9,1,76,1212,3748
90671404102.0,90671404,906714041,55.5,55.5,18.0,12.0,6.0,0.0,0.0,37.5,34.0,14.0,14.75,3.25,0.0,2.0,0.0,0.0,3.5,3.5,0.0,0.0,0.0,0.0,0.0,0.0,3.5,0.0,0.0,0.0,0.0,0.0,0.0,0.0,0.0,0.0,0.0,55.0,0.0,17.0,46,2,3,3,9,9,1,2,2.0,2,2,1,76,1206,4594,906714,4,1,2,9,9,1,76,1206,4640
90671404103.0,90671404,906714041,63.66666666666666,63.66666666666666,47.0,44.0,3.0,0.0,3.0,13.66666666666666,12.58333333333333,0.5,8.16666666666666,3.0,0.0,0.0,0.0,0.91666666666666,0.83333333333333,0.83333333333333,0.0,0.0,0.0,0.0,0.0,0.0,0.83333333333333,0.0,0.0,0.25,0.0,0.0,0.0,0.0,0.25,0.0,0.0,80.5,30.83333333333333,29.0,24,2,8,3,9,9,1,2,4.0,2,2,1,76,1206,4687,906714,4,1,3,9,9,1,76,1206,4640
90671404104.0,90671404,906714041,36.75,36.75,22.0,20.0,2.0,0.0,0.0,14.75,14.75,4.0,5.0,3.0,0.0,2.0,0.0,0.75,0.0,0.0,0.0,0.0,0.0,0.0,0.0,0.0,0.0,0.0,0.0,0.0,0.0,0.0,0.0,0.0,0.0,0.0,0.0,64.0,66.0,26.5,18,2,6,3,9,9,1,2,3.0,2,2,1,76,1206,4682,906714,4,1,4,9,9,1,76,1206,4640
90671404105.0,90671404,906714041,81.33333333333333,81.33333333333333,58.0,52.0,6.0,0.0,0.0,23.33333333333333,17.66666666666666,4.5,8.41666666666666,3.16666666666666,0.5,0.5,0.0,0.58333333333333,5.66666666666666,5.66666666666666,0.0,0.0,0.0,0.0,0.0,0.0,5.66666666666666,0.0,0.0,0.0,0.0,0.0,0.0,0.0,0.0,0.0,0.0,79.5,0.0,26.66666666666666,16,1,6,1,9,9,1,2,3.0,2,2,1,76,1206,4699,906714,4,1,5,9,9,1,76,1206,4640
90671405101.0,90671405,906714051,40.45,40.45,38.0,20.0,18.0,0.0,0.0,2.45,0.7,0.0,0.5,0.0,0.0,0.0,0.0,0.2,0.0,0.0,0.0,0.0,0.0,0.0,0.0,0.0,0.0,0.0,0.0,1.75,1.75,0.0,0.0,1.75,0.0,0.0,0.0,70.33333333333333,0.0,17.0,61,1,2,6,9,9,1,2,2.0,2,2,1,76,1206,4641,906714,5,1,1,9,9,1,76,1206,4640
90671405102.0,90671405,906714051,102.83333333333331,102.83333333333331,0.0,0.0,0.0,0.0,6.5,96.33333333333331,56.33333333333333,21.0,21.66666666666666,5.0,0.0,3.0,3.0,2.66666666666666,0.0,0.0,0.0,0.0,0.0,0.0,0.0,0.0,0.0,0.0,0.0,40.0,40.0,0.0,0.0,40.0,0.0,0.0,0.0,70.0,0.0,23.0,55,2,3,3,9,9,1,2,2.0,1,2,5,76,1206,4556,906714,5,1,2,9,9,1,76,1206,4640
90679301101.0,90679301,906793011,41.89999999999999,41.89999999999999,0.0,0.0,0.0,0.0,0.83333333333333,41.06666666666666,27.06666666666666,13.5,5.98333333333333,2.66666666666666,0.0,3.0,1.5,0.41666666666666,14.0,14.0,0.0,0.0,0.0,0.0,0.0,0.0,14.0,0.0,0.0,0.0,0.0,0.0,0.0,0.0,0.0,0.0,0.0,74.0,0.0,40.33333333333333,42,2,6,3,9,9,1,2,3.0,2,2,5,76,1207,4639,906793,1,1,1,9,9,1,76,1207,4678
90688005102.0,90688005,906880051,14.5,14.5,0.0,0.0,0.0,0.0,0.0,14.5,14.5,7.5,7.0,0.0,0.0,0.0,0.0,0.0,0.0,0.0,0.0,0.0,0.0,0.0,0.0,0.0,0.0,0.0,0.0,0.0,0.0,0.0,0.0,0.0,0.0,0.0,0.0,99.75,0.0,29.0,77,2,2,3,9,9,1,2,2.0,1,1,5,74,1208,4085,906880,5,1,2,9,9,1,74,1208,4081
90688005103.0,90688005,906880051,90.46666666666665,79.96666666666665,22.66666666666666,22.5,0.16666666666666,0.0,1.0,66.8,36.55,15.0,13.25,2.66666666666666,0.0,1.5,4.0,0.13333333333333,30.25,19.75,23.25,12.75,0.0,0.0,0.0,0.0,7.0,0.0,0.0,0.0,0.0,0.0,0.0,0.0,0.0,0.0,0.0,76.5,0.0,48.0,52,2,3,2,9,9,1,2,2.0,2,2,1,74,1208,4049,906880,5,1,3,9,9,1,74,1208,4081
90688005104.0,90688005,906880051,42.75,42.75,36.16666666666666,36.0,0.16666666666666,0.0,0.0,6.58333333333333,6.58333333333333,6.0,0.5,0.08333333333333,0.0,0.0,0.0,0.0,0.0,0.0,0.0,0.0,0.0,0.0,0.0,0.0,0.0,0.0,0.0,0.0,0.0,0.0,0.0,0.0,0.0,0.0,0.0,70.13333333333333,0.0,29.0,34,1,6,3,9,9,1,2,3.0,2,2,1,74,1208,4147,906880,5,1,4,9,9,1,74,1208,4081
90688005105.0,90688005,906880051,60.06666666666666,57.81666666666666,40.11666666666666,40.0,0.11666666666666,0.0,0.0,19.95,13.53333333333333,1.66666666666666,8.75,3.0,0.0,0.0,0.0,0.11666666666666,6.41666666666666,4.16666666666666,6.41666666666666,4.16666666666666,0.0,0.0,0.0,0.0,0.0,0.0,0.0,0.0,0.0,0.0,0.0,0.0,0.0,0.0,0.0,91.0,0.0,28.0,24,2,6,3,9,9,1,2,3.0,1,2,1,74,1208,4099,906880,5,1,5,9,9,1,74,1208,4081
90348505101.0,90348505,903485051,120.41666666666666,111.41666666666666,96.0,72.0,24.0,0.0,0.0,24.41666666666666,13.41666666666666,0.0,11.5,1.5,0.0,0.0,0.0,0.41666666666666,11.0,2.0,0.0,0.0,0.0,0.0,11.0,2.0,0.0,0.0,0.0,0.0,0.0,0.0,0.0,0.0,0.0,0.0,0.0,65.33333333333333,0.0,12.16666666666666,36,1,8,1,9,9,1,2,4.0,2,2,1,74,1180,3903,903485,5,1,1,9,9,1,74,1180,3902
90348505102.0,90348505,903485051,90.06666666666666,60.06666666666666,2.33333333333333,2.0,0.33333333333333,0.0,0.0,87.73333333333333,41.9,11.5,17.66666666666666,3.0,1.0,8.0,0.5,0.23333333333333,45.83333333333333,15.83333333333333,0.0,0.0,0.0,0.0,45.83333333333333,15.83333333333333,0.0,0.0,0.0,0.0,0.0,0.0,0.0,0.0,0.0,0.0,0.0,82.25,14.33333333333333,20.5,30,2,6,1,9,9,1,2,3.0,2,2,1,74,1180,3852,903485,5,1,2,9,9,1,74,1180,3902
90348505103.0,90348505,903485051,53.73333333333333,53.73333333333333,40.0,30.0,10.0,0.0,0.0,13.73333333333333,10.73333333333333,0.0,10.5,0.0,0.0,0.0,0.0,0.23333333333333,3.0,3.0,0.0,0.0,0.0,0.0,3.0,3.0,0.0,0.0,0.0,0.0,0.0,0.0,0.0,0.0,0.0,0.0,0.0,66.5,0.0,12.0,58,1,2,6,9,9,1,2,2.0,2,2,1,74,1180,3918,903485,5,1,3,9,9,1,74,1180,3902
91634404101.0,91634404,916344041,83.53333333333333,83.53333333333333,67.0,55.0,12.0,0.0,0.0,16.53333333333333,13.53333333333333,4.75,1.75,0.0,0.0,3.0,1.0,3.03333333333333,3.0,3.0,0.0,0.0,0.0,0.0,0.0,0.0,3.0,0.0,0.0,0.0,0.0,0.0,0.0,0.0,0.0,0.0,0.0,72.83333333333333,0.0,26.41666666666666,37,1,8,4,9,9,1,2,4.0,2,2,1,74,1278,4214,916344,4,1,1,9,9,1,74,1278,4213
91634404102.0,91634404,916344041,5.76666666666666,5.76666666666666,0.0,0.0,0.0,0.0,0.0,5.76666666666666,5.76666666666666,0.58333333333333,2.33333333333333,0.0,0.0,0.0,2.0,0.85,0.0,0.0,0.0,0.0,0.0,0.0,0.0,0.0,0.0,0.0,0.0,0.0,0.0,0.0,0.0,0.0,0.0,0.0,0.0,88.83333333333333,0.0,26.41666666666666,39,2,8,5,9,9,1,2,4.0,2,2,1,74,1278,4154,916344,4,1,2,9,9,1,74,1278,4213
91652201101.0,91652201,916522011,5.25,5.25,0.0,0.0,0.0,0.0,0.0,5.25,5.25,0.0,3.25,0.0,0.0,0.0,0.0,2.0,0.0,0.0,0.0,0.0,0.0,0.0,0.0,0.0,0.0,0.0,0.0,0.0,0.0,0.0,0.0,0.0,0.0,0.0,0.0,80.0,0.0,43.33333333333333,78,1,8,5,9,9,1,2,4.0,2,1,3,73,1279,3972,916522,1,1,1,9,9,1,73,1279,3896
91652201102.0,91652201,916522011,51.69999999999999,47.94999999999999,0.0,0.0,0.0,0.0,0.0,51.69999999999999,47.94999999999999,13.75,25.16666666666666,5.0,0.0,2.5,1.0,0.53333333333333,3.75,0.0,0.0,0.0,0.0,0.0,0.0,0.0,0.0,3.75,0.0,0.0,0.0,0.0,0.0,0.0,0.0,0.0,0.0,79.58333333333333,0.0,30.0,76,2,3,3,9,9,1,2,2.0,2,2,3,73,1279,3905,916522,1,1,2,9,9,1,73,1279,3896
91652203101.0,91652203,916522031,69.58333333333333,60.58333333333333,48.0,45.0,3.0,0.0,0.0,21.58333333333333,7.58333333333333,0.0,7.0,0.0,0.0,0.0,0.25,0.33333333333333,14.0,5.0,0.0,0.0,0.0,0.0,9.0,0.0,5.0,0.0,0.0,0.0,0.0,0.0,0.0,0.0,0.0,0.0,0.0,70.0,0.0,14.5,44,1,6,3,9,9,1,2,3.0,2,2,1,73,1279,3975,916522,3,1,1,9,9,1,73,1279,3896
91652203102.0,91652203,916522031,119.73333333333332,107.73333333333332,39.0,38.0,1.0,0.0,0.0,80.73333333333333,44.65,20.0,12.65,8.0,0.0,3.0,0.5,0.5,36.08333333333333,24.08333333333333,0.0,0.0,0.0,0.0,24.08333333333333,12.08333333333333,12.0,0.0,0.0,0.0,0.0,0.0,0.0,0.0,0.0,0.0,0.0,64.0,0.0,26.0,47,2,6,1,9,9,1,2,3.0,2,2,1,73,1279,3840,916522,3,1,2,9,9,1,73,1279,3896
91652203103.0,91652203,916522031,53.91666666666666,53.91666666666666,45.0,40.0,5.0,0.0,0.0,8.91666666666666,7.91666666666666,0.0,7.16666666666666,0.5,0.0,0.0,0.25,0.0,1.0,1.0,0.0,0.0,0.0,0.0,1.0,1.0,0.0,0.0,0.0,0.0,0.0,0.0,0.0,0.0,0.0,0.0,0.0,70.0,0.0,14.63333333333333,25,1,8,3,9,9,1,2,4.0,2,2,1,73,1279,3938,916522,3,1,3,9,9,1,73,1279,3896
90738004101.0,90738004,907380041,20.91666666666666,20.91666666666666,0.0,0.0,0.0,0.0,0.0,20.91666666666666,20.91666666666666,10.5,4.66666666666666,3.0,0.0,1.5,0.5,0.75,0.0,0.0,0.0,0.0,0.0,0.0,0.0,0.0,0.0,0.0,0.0,0.0,0.0,0.0,0.0,0.0,0.0,0.0,0.0,77.0,0.0,35.5,32,2,3,2,9,9,1,2,2.0,2,2,6,76,1213,4256,907380,4,1,1,9,9,1,76,1213,4285
90738005101.0,90738005,907380051,23.01666666666666,23.01666666666666,0.0,0.0,0.0,0.0,0.0,23.01666666666666,17.01666666666666,15.0,0.41666666666666,0.16666666666666,0.0,0.0,0.0,1.43333333333333,6.0,6.0,0.0,0.0,0.0,0.0,0.0,0.0,6.0,0.0,0.0,0.0,0.0,0.0,0.0,0.0,0.0,0.0,0.0,72.5,0.0,31.5,46,2,5,3,9,9,1,2,3.0,2,2,5,76,1213,4242,907380,5,1,1,9,9,1,76,1213,4285
90738005102.0,90738005,907380051,126.75,126.75,78.0,58.0,20.0,0.0,12.0,36.74999999999999,20.91666666666666,0.0,11.08333333333333,0.75,5.08333333333333,3.33333333333333,0.08333333333333,0.58333333333333,15.83333333333333,15.83333333333333,9.83333333333333,9.83333333333333,0.0,0.0,0.0,0.0,6.0,0.0,0.0,0.0,0.0,0.0,0.0,0.0,0.0,0.0,0.0,53.5,0.0,15.33333333333333,48,1,6,3,9,9,1,2,3.0,2,2,1,76,1213,4338,907380,5,1,2,9,9,1,76,1213,4285
90738005103.0,90738005,907380051,23.66666666666666,23.66666666666666,0.0,0.0,0.0,0.0,0.0,23.66666666666666,21.66666666666666,3.83333333333333,4.75,6.5,1.5,4.0,0.33333333333333,0.75,2.0,2.0,0.5,0.5,0.0,0.0,0.0,0.0,1.5,0.0,0.0,0.0,0.0,0.0,0.0,0.0,0.0,0.0,0.0,60.5,71.66666666666666,26.83333333333333,22,1,8,2,9,9,1,2,4.0,2,2,4,76,1213,4374,907380,5,1,3,9,9,1,76,1213,4285
90738005104.0,90738005,907380051,27.33333333333333,24.33333333333333,0.0,0.0,0.0,0.0,0.0,27.33333333333333,15.75,4.0,6.5,2.41666666666666,0.66666666666666,0.5,0.66666666666666,1.0,9.58333333333333,6.58333333333333,7.58333333333333,4.58333333333333,0.0,0.0,0.0,0.0,2.0,0.0,0.0,2.0,1.5,1.5,0.0,0.0,0.5,0.0,0.0,74.0,43.0,29.83333333333333,20,1,6,3,9,9,1,2,3.0,2,2,4,76,1213,4374,907380,5,1,4,9,9,1,76,1213,4285
90738005105.0,90738005,907380051,106.41666666666666,78.41666666666666,42.5,40.0,2.5,0.0,0.0,63.91666666666666,29.66666666666666,3.16666666666666,20.83333333333333,2.33333333333333,1.25,1.0,0.0,1.08333333333333,33.25,5.25,30.75,2.75,0.0,0.0,0.0,0.0,2.5,0.0,0.0,1.0,1.0,1.0,0.0,0.0,0.0,0.0,0.0,67.16666666666666,16.5,45.58333333333333,15,1,3,3,9,9,1,2,2.0,2,2,1,76,1213,4340,907380,5,1,5,9,9,1,76,1213,4285
90875602102.0,90875602,908756021,101.58333333333331,86.58333333333333,13.33333333333333,10.0,3.33333333333333,0.0,0.0,88.24999999999999,37.91666666666666,18.66666666666666,10.0,5.0,0.0,2.33333333333333,1.33333333333333,0.58333333333333,50.33333333333333,35.33333333333333,0.0,0.0,0.0,0.0,48.66666666666666,33.66666666666666,1.66666666666666,0.0,0.0,0.0,0.0,0.0,0.0,0.0,0.0,0.0,0.0,88.66666666666666,0.0,14.75,40,2,6,3,9,9,1,2,3.0,2,2,1,76,1219,3947,908756,2,1,2,9,9,1,76,1219,3980
90349301101.0,90349301,903493011,86.1,86.1,60.0,48.0,12.0,0.0,0.0,26.1,16.85,6.66666666666666,5.75,1.75,0.66666666666666,1.0,0.25,0.76666666666666,9.25,9.25,0.0,0.0,0.0,0.0,8.25,8.25,1.0,0.0,0.0,0.0,0.0,0.0,0.0,0.0,0.0,0.0,0.0,60.66666666666666,0.0,7.0,43,2,6,3,9,9,1,2,3.0,2,2,1,76,1181,4009,903493,1,1,1,9,9,1,76,1181,4043
90349301102.0,90349301,903493011,22.18333333333333,22.18333333333333,0.0,0.0,0.0,0.0,0.0,22.18333333333333,20.18333333333333,4.66666666666666,12.66666666666666,1.5,0.0,1.0,0.0,0.35,2.0,2.0,0.0,0.0,0.0,0.0,2.0,2.0,0.0,0.0,0.0,0.0,0.0,0.0,0.0,0.0,0.0,0.0,0.0,66.5,45.0,26.0,24,2,8,4,9,9,1,2,4.0,2,2,4,76,1181,4084,903493,1,1,2,9,9,1,76,1181,4043
90349301103.0,90349301,903493011,17.53333333333333,17.53333333333333,0.0,0.0,0.0,0.0,0.0,17.53333333333333,14.53333333333333,3.0,9.5,1.91666666666666,0.0,0.0,0.0,0.11666666666666,3.0,3.0,0.0,0.0,0.0,0.0,3.0,3.0,0.0,0.0,0.0,0.0,0.0,0.0,0.0,0.0,0.0,0.0,0.0,65.5,39.5,21.16666666666666,21,2,6,2,9,9,1,2,3.0,2,2,4,76,1181,4084,903493,1,1,3,9,9,1,76,1181,4043
90349302101.0,90349302,903493021,74.56666666666666,74.56666666666666,72.0,60.0,12.0,0.0,0.0,2.56666666666666,0.23333333333333,0.0,0.0,0.0,0.0,0.0,0.0,0.23333333333333,2.33333333333333,2.33333333333333,2.33333333333333,2.33333333333333,0.0,0.0,0.0,0.0,0.0,0.0,0.0,0.0,0.0,0.0,0.0,0.0,0.0,0.0,0.0,45.5,0.0,3.16666666666666,48,1,3,2,9,9,1,2,2.0,2,2,1,76,1181,4092,903493,2,1,1,9,9,1,76,1181,4043
90349302102.0,90349302,903493021,111.4,69.4,0.0,0.0,0.0,0.0,0.0,111.4,40.56666666666666,17.5,7.16666666666666,8.16666666666666,0.0,7.0,0.5,0.23333333333333,70.83333333333333,28.83333333333333,67.83333333333333,25.83333333333333,0.0,0.0,0.0,0.0,3.0,0.0,0.0,0.0,0.0,0.0,0.0,0.0,0.0,0.0,0.0,47.33333333333333,0.0,7.58333333333333,48,2,3,1,9,9,1,2,2.0,2,2,5,76,1181,4002,903493,2,1,2,9,9,1,76,1181,4043
90349302103.0,90349302,903493021,73.83333333333333,73.83333333333333,58.0,48.0,10.0,0.0,0.0,15.83333333333333,14.5,1.5,12.5,0.5,0.0,0.0,0.0,0.0,1.33333333333333,1.33333333333333,1.33333333333333,1.33333333333333,0.0,0.0,0.0,0.0,0.0,0.0,0.0,0.0,0.0,0.0,0.0,0.0,0.0,0.0,0.0,57.0,0.0,16.66666666666666,24,2,6,2,9,9,1,2,3.0,2,2,1,76,1181,4084,903493,2,1,3,9,9,1,76,1181,4043
90349302104.0,90349302,903493021,6.58333333333333,6.58333333333333,0.0,0.0,0.0,0.0,0.0,6.58333333333333,5.08333333333333,0.0,3.5,1.0,0.0,0.0,0.0,0.58333333333333,1.5,1.5,1.5,1.5,0.0,0.0,0.0,0.0,0.0,0.0,0.0,0.0,0.0,0.0,0.0,0.0,0.0,0.0,0.0,66.5,0.0,21.83333333333333,21,1,3,3,9,9,1,2,2.0,2,2,6,76,1181,4127,903493,2,1,4,9,9,1,76,1181,4043
91652203104.0,91652203,916522031,13.16666666666666,13.16666666666666,0.0,0.0,0.0,0.0,0.0,13.16666666666666,8.16666666666666,0.0,6.5,1.66666666666666,0.0,0.0,0.0,0.0,5.0,5.0,0.0,0.0,0.0,0.0,0.0,0.0,5.0,0.0,0.0,0.0,0.0,0.0,0.0,0.0,0.0,0.0,0.0,75.0,59.5,29.0,12,1,3,1,9,9,1,2,2.0,2,2,4,73,1279,3918,916522,3,1,4,9,9,1,73,1279,3896
91652204101.0,91652204,916522041,24.33333333333333,24.33333333333333,0.0,0.0,0.0,0.0,0.0,24.33333333333333,19.83333333333333,14.33333333333333,0.16666666666666,1.25,0.0,2.5,0.0,1.58333333333333,0.0,0.0,0.0,0.0,0.0,0.0,0.0,0.0,0.0,0.0,0.0,4.5,0.0,0.0,0.0,0.0,4.5,0.0,0.0,76.0,0.0,21.0,88,2,2,6,9,9,1,2,2.0,2,2,3,73,1279,4272,916522,4,1,1,9,9,1,73,1279,3896
91652205101.0,91652205,916522051,105.58333333333331,105.58333333333331,62.0,47.0,15.0,0.0,0.0,43.58333333333333,43.58333333333333,20.5,7.91666666666666,6.0,0.0,4.0,3.0,2.16666666666666,0.0,0.0,0.0,0.0,0.0,0.0,0.0,0.0,0.0,0.0,0.0,0.0,0.0,0.0,0.0,0.0,0.0,0.0,0.0,62.5,0.0,4.5,55,2,8,5,9,9,1,2,4.0,2,2,1,73,1279,3808,916522,5,1,1,9,9,1,73,1279,3896
91652205102.0,91652205,916522051,58.33333333333333,58.33333333333333,45.0,35.0,10.0,0.0,0.0,13.33333333333333,10.33333333333333,2.5,3.5,1.5,0.0,2.0,0.25,0.58333333333333,3.0,3.0,0.0,0.0,0.0,0.0,0.0,0.0,3.0,0.0,0.0,0.0,0.0,0.0,0.0,0.0,0.0,0.0,0.0,45.83333333333333,0.0,27.0,57,1,8,5,9,9,1,2,4.0,2,2,1,73,1279,3918,916522,5,1,2,9,9,1,73,1279,3896
91899403101.0,91899403,918994031,26.5,26.5,0.0,0.0,0.0,0.0,0.0,26.5,23.5,15.5,3.5,1.5,0.0,3.0,0.0,0.0,0.0,0.0,0.0,0.0,0.0,0.0,0.0,0.0,0.0,0.0,0.0,3.0,3.0,0.0,0.0,3.0,0.0,0.0,0.0,96.5,0.0,32.0,76,1,8,4,9,9,1,2,4.0,2,2,3,76,1301,3431,918994,3,1,1,9,9,1,76,1301,3350
91899403102.0,91899403,918994031,79.66666666666666,79.66666666666666,65.0,50.0,15.0,0.0,0.0,14.66666666666666,13.66666666666666,3.0,1.0,5.5,0.0,2.0,0.58333333333333,1.58333333333333,1.0,1.0,0.0,0.0,0.0,0.0,0.0,0.0,0.0,1.0,1.0,0.0,0.0,0.0,0.0,0.0,0.0,0.0,0.0,70.83333333333333,0.0,20.5,72,2,8,4,9,9,1,2,4.0,2,2,1,76,1301,3372,918994,3,1,2,9,9,1,76,1301,3350
91899404101.0,91899404,918994041,71.0,71.0,37.5,35.0,2.5,0.0,3.0,30.5,22.0,5.25,9.66666666666666,4.5,0.0,2.0,0.0,0.58333333333333,0.0,0.0,0.0,0.0,0.0,0.0,0.0,0.0,0.0,0.0,0.0,8.5,8.5,1.5,0.0,7.0,0.0,0.0,0.0,63.0,0.0,48.16666666666666,32,2,6,3,9,9,1,2,3.0,2,2,1,76,1301,3327,918994,4,1,1,9,9,1,76,1301,3350
90875602103.0,90875602,908756021,39.91666666666666,39.91666666666666,20.0,20.0,0.0,0.0,0.0,19.91666666666666,19.91666666666666,2.5,12.0,4.33333333333333,0.0,0.5,0.0,0.58333333333333,0.0,0.0,0.0,0.0,0.0,0.0,0.0,0.0,0.0,0.0,0.0,0.0,0.0,0.0,0.0,0.0,0.0,0.0,0.0,46.0,27.0,33.33333333333333,20,2,8,3,9,9,1,2,4.0,2,2,1,76,1219,4020,908756,2,1,3,9,9,1,76,1219,3980
90875602104.0,90875602,908756021,4.95,4.95,0.0,0.0,0.0,0.0,0.0,4.95,4.95,0.0,4.2,0.58333333333333,0.0,0.16666666666666,0.0,0.0,0.0,0.0,0.0,0.0,0.0,0.0,0.0,0.0,0.0,0.0,0.0,0.0,0.0,0.0,0.0,0.0,0.0,0.0,0.0,75.83333333333333,50.5,27.83333333333333,12,1,2,6,9,9,1,2,2.0,2,2,4,76,1219,4020,908756,2,1,4,9,9,1,76,1219,3980
90875605101.0,90875605,908756051,111.83333333333331,105.83333333333331,53.33333333333333,50.0,3.33333333333333,0.0,0.0,58.5,20.5,9.5,5.83333333333333,0.58333333333333,0.5,1.5,0.83333333333333,1.75,36.0,30.0,0.0,0.0,10.5,8.5,11.5,7.5,14.0,0.0,0.0,2.0,0.0,0.0,0.0,0.0,2.0,0.0,0.0,55.66666666666666,0.0,24.41666666666666,32,1,6,3,9,9,1,2,3.0,2,2,1,76,1219,4067,908756,5,1,1,9,9,1,76,1219,3980
90875605102.0,90875605,908756051,136.71666666666667,133.71666666666667,0.0,0.0,0.0,0.0,0.0,136.71666666666667,75.63333333333333,25.5,23.0,14.13333333333333,0.0,11.0,1.0,1.0,61.08333333333333,58.08333333333333,0.0,0.0,27.33333333333333,26.33333333333333,29.0,27.0,4.75,0.0,0.0,0.0,0.0,0.0,0.0,0.0,0.0,0.0,0.0,89.0,0.0,18.5,34,2,8,3,9,9,1,2,4.0,2,2,5,76,1219,3952,908756,5,1,2,9,9,1,76,1219,3980
90879901101.0,90879901,908799011,23.5,23.5,0.0,0.0,0.0,0.0,0.0,23.5,11.16666666666666,2.5,6.25,1.25,1.0,0.0,0.0,0.16666666666666,12.33333333333333,12.33333333333333,0.0,0.0,0.0,0.0,0.0,0.0,0.0,12.33333333333333,12.33333333333333,0.0,0.0,0.0,0.0,0.0,0.0,0.0,0.0,82.16666666666666,0.0,55.0,77,1,3,3,9,9,1,2,2.0,2,2,5,76,1220,3814,908799,1,1,1,9,9,1,76,1220,3725
90879901102.0,90879901,908799011,64.13333333333333,64.13333333333333,45.0,35.0,10.0,0.0,0.0,19.13333333333333,19.13333333333333,9.0,2.33333333333333,2.5,0.0,2.0,0.0,3.3,0.0,0.0,0.0,0.0,0.0,0.0,0.0,0.0,0.0,0.0,0.0,0.0,0.0,0.0,0.0,0.0,0.0,0.0,0.0,63.0,0.0,29.5,70,2,3,3,9,9,1,2,2.0,2,2,1,76,1220,3749,908799,1,1,2,9,9,1,76,1220,3725
90879902101.0,90879902,908799021,10.99999999999999,10.99999999999999,0.0,0.0,0.0,0.0,0.0,10.99999999999999,7.91666666666666,0.0,4.33333333333333,0.0,3.0,0.0,0.0,0.58333333333333,3.08333333333333,3.08333333333333,0.0,0.0,0.0,0.0,0.0,0.0,3.08333333333333,0.0,0.0,0.0,0.0,0.0,0.0,0.0,0.0,0.0,0.0,134.5,0.0,16.0,38,1,6,3,9,9,1,2,3.0,2,2,1,76,1220,3748,908799,2,1,1,9,9,1,76,1220,3725
90349302105.0,90349302,903493021,13.16666666666666,13.16666666666666,0.0,0.0,0.0,0.0,0.0,13.16666666666666,12.16666666666666,0.0,11.5,0.66666666666666,0.0,0.0,0.0,0.0,1.0,1.0,1.0,1.0,0.0,0.0,0.0,0.0,0.0,0.0,0.0,0.0,0.0,0.0,0.0,0.0,0.0,0.0,0.0,66.5,40.0,18.83333333333333,17,2,6,2,9,9,1,2,3.0,2,2,4,76,1181,4080,903493,2,1,5,9,9,1,76,1181,4043
90349304101.0,90349304,903493041,140.7,105.7,60.0,48.0,12.0,0.0,0.0,80.7,29.86666666666666,17.5,5.33333333333333,2.66666666666666,0.0,4.0,0.25,0.11666666666666,50.83333333333333,15.83333333333333,0.0,0.0,0.0,0.0,50.83333333333333,15.83333333333333,0.0,0.0,0.0,0.0,0.0,0.0,0.0,0.0,0.0,0.0,0.0,50.5,0.0,11.66666666666666,37,2,6,3,9,9,1,2,3.0,2,2,1,76,1181,4009,903493,4,1,1,9,9,1,76,1181,4043
90349304102.0,90349304,903493041,69.45,69.45,60.0,48.0,12.0,0.0,0.0,9.45,5.45,0.0,5.16666666666666,0.16666666666666,0.0,0.0,0.0,0.11666666666666,4.0,4.0,0.0,0.0,0.0,0.0,4.0,4.0,0.0,0.0,0.0,0.0,0.0,0.0,0.0,0.0,0.0,0.0,0.0,61.33333333333333,0.0,11.5,16,1,3,3,9,9,1,2,2.0,2,2,1,76,1181,4094,903493,4,1,2,9,9,1,76,1181,4043
90349305101.0,90349305,903493051,54.79999999999999,54.79999999999999,32.23333333333333,32.0,0.23333333333333,0.0,0.0,22.56666666666666,22.56666666666666,10.5,8.58333333333333,1.75,0.0,1.5,0.0,0.23333333333333,0.0,0.0,0.0,0.0,0.0,0.0,0.0,0.0,0.0,0.0,0.0,0.0,0.0,0.0,0.0,0.0,0.0,0.0,0.0,64.16666666666666,0.0,11.0,61,1,2,2,9,9,1,2,2.0,2,2,1,76,1181,4043,903493,5,1,1,9,9,1,76,1181,4043
90349305102.0,90349305,903493051,41.86666666666666,41.86666666666666,36.13333333333333,36.0,0.13333333333333,0.0,0.0,5.73333333333333,5.73333333333333,1.0,2.0,1.0,0.0,1.5,0.0,0.23333333333333,0.0,0.0,0.0,0.0,0.0,0.0,0.0,0.0,0.0,0.0,0.0,0.0,0.0,0.0,0.0,0.0,0.0,0.0,0.0,58.0,0.0,6.5,27,1,3,3,9,9,1,2,2.0,2,2,1,76,1181,4104,903493,5,1,2,9,9,1,76,1181,4043
90359501101.0,90359501,903595011,63.81666666666666,63.81666666666666,30.5,30.0,0.5,0.0,2.0,31.31666666666666,25.31666666666666,4.5,13.25,7.33333333333333,0.0,0.0,0.0,0.23333333333333,6.0,6.0,0.0,0.0,4.0,4.0,0.0,0.0,2.0,0.0,0.0,0.0,0.0,0.0,0.0,0.0,0.0,0.0,0.0,68.83333333333333,0.0,8.0,58,1,2,6,9,9,1,2,2.0,2,2,1,76,1182,4563,903595,1,1,1,9,9,1,76,1182,4517
90359501102.0,90359501,903595011,35.0,35.0,0.0,0.0,0.0,0.0,2.5,32.5,29.83333333333333,18.0,2.66666666666666,7.16666666666666,0.0,2.0,0.0,0.0,2.66666666666666,2.66666666666666,0.0,0.0,2.0,2.0,0.0,0.0,0.66666666666666,0.0,0.0,0.0,0.0,0.0,0.0,0.0,0.0,0.0,0.0,69.16666666666666,0.0,7.0,57,2,2,6,9,9,1,2,2.0,2,2,5,76,1182,4436,903595,1,1,2,9,9,1,76,1182,4517
91899405101.0,91899405,918994051,16.58333333333333,16.58333333333333,0.0,0.0,0.0,0.0,0.0,16.58333333333333,16.58333333333333,5.0,11.08333333333333,0.0,0.0,0.0,0.5,0.0,0.0,0.0,0.0,0.0,0.0,0.0,0.0,0.0,0.0,0.0,0.0,0.0,0.0,0.0,0.0,0.0,0.0,0.0,0.0,120.5,0.0,64.25,72,1,8,1,9,9,1,2,4.0,2,1,3,76,1301,3329,918994,5,1,1,9,9,1,76,1301,3350
91899405102.0,91899405,918994051,47.08333333333333,47.08333333333333,0.0,0.0,0.0,0.0,0.0,47.08333333333333,38.08333333333333,5.0,31.08333333333333,0.0,0.0,2.0,0.0,0.0,9.0,9.0,9.0,9.0,0.0,0.0,0.0,0.0,0.0,0.0,0.0,0.0,0.0,0.0,0.0,0.0,0.0,0.0,0.0,54.25,0.0,51.5,70,2,6,3,9,9,1,2,3.0,2,2,3,76,1301,3372,918994,5,1,2,9,9,1,76,1301,3350
91921801101.0,91921801,919218011,95.16666666666666,95.16666666666666,66.5,64.0,2.5,0.0,0.0,28.66666666666666,23.66666666666666,15.0,4.16666666666666,0.0,1.0,3.0,0.0,0.5,5.0,5.0,0.0,0.0,0.0,0.0,0.0,0.0,5.0,0.0,0.0,0.0,0.0,0.0,0.0,0.0,0.0,0.0,0.0,65.0,29.0,44.0,45,1,9,3,9,9,1,2,5.0,2,2,1,73,1302,4168,919218,1,1,1,9,9,1,73,1302,4136
91921801102.0,91921801,919218011,104.25,104.25,67.33333333333333,64.0,3.33333333333333,0.0,0.0,36.91666666666666,30.41666666666666,8.5,13.66666666666666,4.5,0.25,2.0,0.0,1.5,1.0,1.0,0.0,0.0,0.0,0.0,0.0,0.0,1.0,0.0,0.0,5.5,5.5,0.5,3.0,2.0,0.0,0.0,0.0,54.58333333333333,24.0,26.91666666666666,43,2,9,3,9,9,1,2,5.0,2,2,1,73,1302,4083,919218,1,1,2,9,9,1,73,1302,4136
91921803101.0,91921803,919218031,78.66666666666666,78.66666666666666,45.0,40.0,5.0,0.0,0.0,33.66666666666666,24.16666666666666,5.5,14.33333333333333,1.5,0.0,2.0,0.16666666666666,0.66666666666666,9.5,9.5,0.0,0.0,0.0,0.0,0.0,0.0,9.5,0.0,0.0,0.0,0.0,0.0,0.0,0.0,0.0,0.0,0.0,59.5,0.0,9.75,57,1,6,3,9,9,1,2,3.0,2,2,1,73,1302,4159,919218,3,1,1,9,9,1,73,1302,4136
91921803102.0,91921803,919218031,21.91666666666666,21.91666666666666,0.0,0.0,0.0,0.0,0.0,21.91666666666666,11.91666666666666,3.5,6.25,1.66666666666666,0.0,0.5,0.0,0.0,10.0,10.0,0.0,0.0,0.0,0.0,0.0,0.0,10.0,0.0,0.0,0.0,0.0,0.0,0.0,0.0,0.0,0.0,0.0,59.5,49.0,27.0,17,2,6,1,9,9,1,2,3.0,2,2,4,73,1302,4155,919218,3,1,2,9,9,1,73,1302,4136
91921804101.0,91921804,919218041,97.16666666666666,97.16666666666666,55.0,50.0,5.0,0.0,0.0,42.16666666666666,22.16666666666666,8.0,8.16666666666666,2.0,1.0,2.0,1.0,0.0,10.0,10.0,0.0,0.0,0.0,0.0,0.0,0.0,10.0,0.0,0.0,10.0,10.0,0.0,10.0,0.0,0.0,0.0,0.0,58.5,0.0,36.0,50,1,8,4,9,9,1,2,4.0,2,2,1,73,1302,4148,919218,4,1,1,9,9,1,73,1302,4136
90727505101.0,90727505,907275051,94.41666666666666,94.41666666666666,76.0,72.0,4.0,0.0,0.0,18.41666666666666,18.41666666666666,5.83333333333333,6.33333333333333,4.0,0.0,2.0,0.0,0.25,0.0,0.0,0.0,0.0,0.0,0.0,0.0,0.0,0.0,0.0,0.0,0.0,0.0,0.0,0.0,0.0,0.0,0.0,0.0,48.16666666666666,0.0,23.33333333333333,26,1,6,2,9,9,1,2,3.0,2,2,1,76,1212,3805,907275,5,1,1,9,9,1,76,1212,3748
90738001101.0,90738001,907380011,76.25,76.25,50.0,35.0,15.0,0.0,0.0,26.25,25.25,12.0,7.08333333333333,2.66666666666666,0.0,3.5,0.0,0.0,1.0,1.0,1.0,1.0,0.0,0.0,0.0,0.0,0.0,0.0,0.0,0.0,0.0,0.0,0.0,0.0,0.0,0.0,0.0,75.83333333333333,0.0,12.75,67,2,3,3,9,9,1,2,2.0,2,2,1,76,1213,4280,907380,1,1,1,9,9,1,76,1213,4285
90738001102.0,90738001,907380011,99.83333333333331,70.33333333333333,14.0,10.0,4.0,0.0,0.0,85.83333333333333,29.5,11.0,15.25,2.0,0.0,0.25,0.0,1.0,56.33333333333333,26.83333333333333,55.83333333333333,26.83333333333333,0.0,0.0,0.0,0.0,0.0,0.5,0.0,0.0,0.0,0.0,0.0,0.0,0.0,0.0,0.0,73.5,0.0,34.25,31,2,8,4,9,9,1,2,4.0,2,2,1,76,1213,4256,907380,1,1,2,9,9,1,76,1213,4285
90738002101.0,90738002,907380021,117.41666666666666,95.41666666666666,79.0,49.0,30.0,0.0,0.0,38.41666666666666,7.58333333333333,2.5,2.5,0.0,0.0,2.0,0.0,0.58333333333333,30.83333333333333,8.83333333333333,0.5,0.5,30.33333333333333,8.33333333333333,0.0,0.0,0.0,0.0,0.0,0.0,0.0,0.0,0.0,0.0,0.0,0.0,0.0,60.33333333333333,0.0,19.0,23,1,6,2,9,9,1,2,3.0,1,2,1,76,1213,4374,907380,2,1,1,9,9,1,76,1213,4285
90738002102.0,90738002,907380021,168.83333333333331,108.83333333333331,40.41666666666666,40.0,0.41666666666666,0.0,0.0,128.41666666666666,32.75,15.16666666666666,14.75,0.66666666666666,0.0,1.5,0.66666666666666,0.0,94.66666666666666,34.66666666666666,0.0,0.0,79.66666666666666,19.66666666666666,0.0,0.0,15.0,0.0,0.0,1.0,1.0,0.0,1.0,0.0,0.0,0.0,0.0,76.5,0.0,11.83333333333333,25,2,6,2,9,9,1,2,3.0,1,2,1,76,1213,4278,907380,2,1,2,9,9,1,76,1213,4285
90738003101.0,90738003,907380031,125.01666666666667,125.01666666666667,108.0,90.0,18.0,0.0,0.16666666666666,16.84999999999999,16.76666666666666,10.5,2.49999999999999,2.0,0.0,0.0,1.41666666666666,0.35,0.08333333333333,0.08333333333333,0.0,0.0,0.0,0.0,0.0,0.0,0.08333333333333,0.0,0.0,0.0,0.0,0.0,0.0,0.0,0.0,0.0,0.0,41.66666666666666,0.0,8.16666666666666,45,1,8,5,9,9,1,2,4.0,2,2,1,76,1213,4338,907380,3,1,1,9,9,1,76,1213,4285
90738003102.0,90738003,907380031,34.41666666666666,34.41666666666666,0.0,0.0,0.0,0.0,0.16666666666666,34.24999999999999,25.24999999999999,4.75,11.08333333333333,2.5,0.0,6.0,0.16666666666666,0.74999999999999,7.0,7.0,0.0,0.0,0.0,0.0,0.0,0.0,7.0,0.0,0.0,2.0,2.0,2.0,0.0,0.0,0.0,0.0,0.0,51.16666666666666,80.0,21.5,20,2,8,1,9,9,1,2,4.0,2,2,4,76,1213,4329,907380,3,1,2,9,9,1,76,1213,4285
90359501103.0,90359501,903595011,76.33333333333333,76.33333333333333,72.0,54.0,18.0,0.0,0.0,4.33333333333333,3.16666666666666,0.0,1.0,0.0,0.0,2.0,0.0,0.16666666666666,1.16666666666666,1.16666666666666,0.0,0.0,0.5,0.5,0.66666666666666,0.66666666666666,0.0,0.0,0.0,0.0,0.0,0.0,0.0,0.0,0.0,0.0,0.0,52.0,0.0,6.0,41,1,3,3,9,9,1,2,2.0,2,2,1,76,1182,4629,903595,1,1,3,9,9,1,76,1182,4517
90359501104.0,90359501,903595011,76.74999999999999,70.74999999999999,61.83333333333333,60.0,1.83333333333333,0.0,0.0,14.91666666666666,0.58333333333333,0.0,0.0,0.0,0.33333333333333,0.0,0.25,0.0,14.33333333333333,8.33333333333333,0.0,0.0,14.33333333333333,8.33333333333333,0.0,0.0,0.0,0.0,0.0,0.0,0.0,0.0,0.0,0.0,0.0,0.0,0.0,48.91666666666666,0.0,12.5,24,1,3,2,9,9,1,2,2.0,2,2,1,76,1182,4611,903595,1,1,4,9,9,1,76,1182,4517
90359501105.0,90359501,903595011,105.25,63.24999999999999,0.0,0.0,0.0,0.0,0.5,104.75,24.91666666666666,9.16666666666666,8.41666666666666,4.5,0.0,2.5,0.33333333333333,0.0,79.83333333333333,37.83333333333333,0.0,0.0,78.83333333333333,36.83333333333333,1.0,1.0,0.0,0.0,0.0,0.0,0.0,0.0,0.0,0.0,0.0,0.0,0.0,65.5,0.0,9.13333333333333,28,2,6,3,9,9,1,2,3.0,2,2,5,76,1182,4509,903595,1,1,5,9,9,1,76,1182,4517
90359501106.0,90359501,903595011,8.5,8.5,0.0,0.0,0.0,0.0,0.0,8.5,6.0,0.0,6.0,0.0,0.0,0.0,0.0,0.0,2.5,2.5,0.0,0.0,2.5,2.5,0.0,0.0,0.0,0.0,0.0,0.0,0.0,0.0,0.0,0.0,0.0,0.0,0.0,75.83333333333333,34.83333333333333,20.5,14,1,3,2,9,9,1,2,2.0,2,2,4,76,1182,4563,903595,1,1,6,9,9,1,76,1182,4517
90359501107.0,90359501,903595011,3.75,3.75,0.0,0.0,0.0,0.0,0.0,3.75,2.58333333333333,0.0,2.58333333333333,0.0,0.0,0.0,0.0,0.0,1.16666666666666,1.16666666666666,0.0,0.0,1.16666666666666,1.16666666666666,0.0,0.0,0.0,0.0,0.0,0.0,0.0,0.0,0.0,0.0,0.0,0.0,0.0,73.5,23.83333333333333,9.0,12,1,2,5,9,9,1,2,2.0,2,2,4,76,1182,4563,903595,1,1,7,9,9,1,76,1182,4517
90359502101.0,90359502,903595021,62.5,62.5,57.5,50.0,7.5,0.0,0.0,5.0,4.0,0.0,0.0,0.0,0.0,3.0,0.0,1.0,1.0,1.0,0.0,0.0,0.0,0.0,0.0,0.0,1.0,0.0,0.0,0.0,0.0,0.0,0.0,0.0,0.0,0.0,0.0,82.5,0.0,18.0,60,1,3,3,9,9,1,2,2.0,2,2,1,76,1182,4518,903595,2,1,1,9,9,1,76,1182,4517
90359502102.0,90359502,903595021,53.91666666666666,53.91666666666666,0.0,0.0,0.0,0.0,0.0,53.91666666666666,40.08333333333333,14.0,15.0,6.66666666666666,0.0,2.0,1.0,1.41666666666666,13.83333333333333,13.83333333333333,0.0,0.0,0.0,0.0,3.83333333333333,3.83333333333333,10.0,0.0,0.0,0.0,0.0,0.0,0.0,0.0,0.0,0.0,0.0,82.5,0.0,12.16666666666666,51,2,3,3,9,9,1,2,2.0,1,2,5,76,1182,4507,903595,2,1,2,9,9,1,76,1182,4517
91921804102.0,91921804,919218041,52.41666666666666,52.41666666666666,20.16666666666666,20.0,0.16666666666666,0.0,0.0,32.24999999999999,26.24999999999999,14.5,6.58333333333333,1.0,0.0,2.0,0.5,1.66666666666666,6.0,6.0,0.0,0.0,0.0,0.0,0.0,0.0,6.0,0.0,0.0,0.0,0.0,0.0,0.0,0.0,0.0,0.0,0.0,61.83333333333333,0.0,18.66666666666666,48,2,8,4,9,9,1,2,4.0,2,2,1,73,1302,4076,919218,4,1,2,9,9,1,73,1302,4136
91921804103.0,91921804,919218041,5.5,5.5,0.0,0.0,0.0,0.0,0.0,5.5,5.5,3.0,1.33333333333333,1.0,0.0,0.16666666666666,0.0,0.0,0.0,0.0,0.0,0.0,0.0,0.0,0.0,0.0,0.0,0.0,0.0,0.0,0.0,0.0,0.0,0.0,0.0,0.0,0.0,65.0,51.0,41.66666666666666,20,2,6,3,9,9,1,2,3.0,2,2,4,73,1302,4159,919218,4,1,3,9,9,1,73,1302,4136
91921804104.0,91921804,919218041,17.75,17.75,0.0,0.0,0.0,0.0,0.0,17.75,7.75,3.08333333333333,3.5,1.16666666666666,0.0,0.0,0.0,0.0,10.0,10.0,0.0,0.0,0.0,0.0,0.0,0.0,10.0,0.0,0.0,0.0,0.0,0.0,0.0,0.0,0.0,0.0,0.0,57.16666666666666,45.33333333333333,22.83333333333333,16,2,3,3,9,9,1,2,2.0,2,2,4,73,1302,4155,919218,4,1,4,9,9,1,73,1302,4136
91921804105.0,91921804,919218041,13.41666666666666,13.41666666666666,0.0,0.0,0.0,0.0,0.0,13.41666666666666,10.41666666666666,2.16666666666666,7.5,0.75,0.0,0.0,0.0,0.0,3.0,3.0,0.0,0.0,0.0,0.0,0.0,0.0,3.0,0.0,0.0,0.0,0.0,0.0,0.0,0.0,0.0,0.0,0.0,73.0,31.66666666666666,32.66666666666666,15,2,3,3,9,9,1,2,2.0,2,2,4,73,1302,4155,919218,4,1,5,9,9,1,73,1302,4136
91921805101.0,91921805,919218051,3.96666666666666,3.96666666666666,0.0,0.0,0.0,0.0,1.5,2.46666666666666,2.46666666666666,1.16666666666666,0.0,0.0,0.0,0.0,0.5,0.8,0.0,0.0,0.0,0.0,0.0,0.0,0.0,0.0,0.0,0.0,0.0,0.0,0.0,0.0,0.0,0.0,0.0,0.0,0.0,65.0,0.0,35.0,53,2,8,4,9,9,1,2,4.0,2,2,1,73,1302,4108,919218,5,1,1,9,9,1,73,1302,4136
91944401101.0,91944401,919444011,93.0,93.0,68.0,56.0,12.0,0.0,0.0,25.0,25.0,10.5,12.5,0.66666666666666,0.5,0.0,0.16666666666666,0.66666666666666,0.0,0.0,0.0,0.0,0.0,0.0,0.0,0.0,0.0,0.0,0.0,0.0,0.0,0.0,0.0,0.0,0.0,0.0,0.0,56.0,0.0,6.16666666666666,54,1,8,5,9,9,1,2,4.0,2,2,1,73,1303,4513,919444,1,1,1,9,9,1,73,1303,4500
91944401102.0,91944401,919444011,26.5,26.5,5.0,0.0,0.0,5.0,0.0,21.5,13.5,2.5,9.5,1.33333333333333,0.0,0.0,0.16666666666666,0.0,0.0,0.0,0.0,0.0,0.0,0.0,0.0,0.0,0.0,0.0,0.0,8.0,8.0,0.0,0.0,8.0,0.0,0.0,0.0,75.0,0.0,31.0,22,1,6,3,9,9,1,2,3.0,2,2,2,73,1303,4572,919444,1,1,2,9,9,1,73,1303,4500
90327902101.0,90327902,903279021,86.43333333333332,86.43333333333332,75.0,60.0,15.0,0.0,0.0,11.43333333333333,4.1,1.83333333333333,0.0,0.0,0.0,2.0,0.0,0.26666666666666,7.33333333333333,7.33333333333333,0.0,0.0,4.16666666666666,4.16666666666666,3.16666666666666,3.16666666666666,0.0,0.0,0.0,0.0,0.0,0.0,0.0,0.0,0.0,0.0,0.0,68.0,0.0,7.5,34,1,3,2,9,9,1,2,2.0,2,2,1,76,1179,4087,903279,2,1,1,9,9,1,76,1179,3999
90327902102.0,90327902,903279021,90.18333333333332,62.18333333333333,0.0,0.0,0.0,0.0,0.0,90.18333333333332,33.35,10.5,17.75,2.66666666666666,0.0,2.0,0.0,0.43333333333333,56.83333333333333,28.83333333333333,0.0,0.0,16.0,16.0,39.83333333333333,11.83333333333333,1.0,0.0,0.0,0.0,0.0,0.0,0.0,0.0,0.0,0.0,0.0,74.83333333333333,0.0,4.0,32,2,3,3,9,9,1,2,2.0,2,2,5,76,1179,3971,903279,2,1,2,9,9,1,76,1179,3999
90327903101.0,90327903,903279031,40.0,40.0,0.0,0.0,0.0,0.0,2.5,37.5,36.5,16.5,14.08333333333333,3.66666666666666,0.0,2.0,0.0,0.25,0.0,0.0,0.0,0.0,0.0,0.0,0.0,0.0,0.0,0.0,0.0,1.0,1.0,0.0,0.0,1.0,0.0,0.0,0.0,65.33333333333333,0.0,8.0,63,2,2,6,9,9,1,2,2.0,2,2,5,76,1179,3960,903279,3,1,1,9,9,1,76,1179,3999
90327904101.0,90327904,903279041,107.58333333333331,91.58333333333331,53.5,53.0,0.5,0.0,0.0,54.08333333333333,18.83333333333333,0.0,10.75,0.0,3.16666666666666,4.5,0.16666666666666,0.25,35.25,19.25,0.0,0.0,32.75,16.75,0.0,0.0,2.5,0.0,0.0,0.0,0.0,0.0,0.0,0.0,0.0,0.0,0.0,74.66666666666666,0.0,26.16666666666666,39,1,7,3,9,9,1,2,4.0,2,2,1,76,1179,4024,903279,4,1,1,9,9,1,76,1179,3999
90327904102.0,90327904,903279041,130.0,106.0,49.0,40.0,9.0,0.0,0.0,81.0,36.0,18.0,13.0,2.0,0.0,2.5,0.33333333333333,0.16666666666666,45.0,21.0,0.0,0.0,45.0,21.0,0.0,0.0,0.0,0.0,0.0,0.0,0.0,0.0,0.0,0.0,0.0,0.0,0.0,73.66666666666666,0.0,21.5,37,2,8,4,9,9,1,2,4.0,2,2,1,76,1179,3966,903279,4,1,2,9,9,1,76,1179,3999
90327905101.0,90327905,903279051,90.0,90.0,75.0,72.0,3.0,0.0,0.0,15.0,13.0,0.0,9.33333333333333,0.0,0.66666666666666,2.0,0.5,0.5,2.0,2.0,0.0,0.0,0.0,0.0,0.0,0.0,2.0,0.0,0.0,0.0,0.0,0.0,0.0,0.0,0.0,0.0,0.0,73.5,0.0,55.66666666666666,58,1,3,3,9,9,1,2,2.0,2,2,1,76,1179,4039,903279,5,1,1,9,9,1,76,1179,3999
90327905102.0,90327905,903279051,73.98333333333333,73.98333333333333,44.5,41.0,3.5,0.0,0.0,29.48333333333333,28.48333333333333,10.5,14.0,1.5,0.0,2.0,0.25,0.23333333333333,1.0,1.0,0.0,0.0,0.0,0.0,0.0,0.0,1.0,0.0,0.0,0.0,0.0,0.0,0.0,0.0,0.0,0.0,0.0,74.66666666666666,0.0,33.0,54,2,3,3,9,9,1,2,2.0,2,2,1,76,1179,3991,903279,5,1,2,9,9,1,76,1179,3999
90359502103.0,90359502,903595021,65.33333333333333,32.33333333333333,0.0,0.0,0.0,0.0,0.0,65.33333333333333,14.5,3.5,2.5,5.5,0.0,3.0,0.0,0.0,50.83333333333333,17.83333333333333,0.0,0.0,0.0,0.0,49.83333333333333,16.83333333333333,1.0,0.0,0.0,0.0,0.0,0.0,0.0,0.0,0.0,0.0,0.0,82.0,0.0,23.5,30,2,6,3,9,9,1,2,3.0,2,2,5,76,1182,4486,903595,2,1,3,9,9,1,76,1182,4517
90359503101.0,90359503,903595031,93.06666666666666,93.06666666666666,83.5,80.0,3.5,0.0,0.0,9.56666666666666,3.23333333333333,0.0,0.0,0.66666666666666,0.0,2.0,0.33333333333333,0.23333333333333,6.33333333333333,6.33333333333333,0.0,0.0,2.33333333333333,2.33333333333333,1.0,1.0,3.0,0.0,0.0,0.0,0.0,0.0,0.0,0.0,0.0,0.0,0.0,52.5,0.0,1.83333333333333,42,1,6,3,9,9,1,2,3.0,2,2,1,76,1182,4629,903595,3,1,1,9,9,1,76,1182,4517
90359503102.0,90359503,903595031,129.83333333333331,79.83333333333333,0.0,0.0,0.0,0.0,0.0,129.83333333333331,51.66666666666666,17.5,21.83333333333333,5.0,0.0,7.0,0.33333333333333,0.0,78.16666666666666,28.16666666666666,0.0,0.0,50.83333333333333,15.83333333333333,27.33333333333333,12.33333333333333,0.0,0.0,0.0,0.0,0.0,0.0,0.0,0.0,0.0,0.0,0.0,58.0,0.0,1.5,36,2,6,3,9,9,1,2,3.0,2,2,5,76,1182,4480,903595,3,1,2,9,9,1,76,1182,4517
90359504101.0,90359504,903595041,9.15,9.15,0.0,0.0,0.0,0.0,0.0,9.15,7.65,0.0,4.16666666666666,0.25,0.5,2.5,0.0,0.23333333333333,1.5,1.5,0.0,0.0,0.0,0.0,0.0,0.0,0.5,1.0,1.0,0.0,0.0,0.0,0.0,0.0,0.0,0.0,0.0,68.83333333333333,0.0,17.0,67,1,8,4,9,9,1,2,4.0,2,2,3,76,1182,4510,903595,4,1,1,9,9,1,76,1182,4517
90359504102.0,90359504,903595041,22.0,22.0,0.0,0.0,0.0,0.0,0.0,22.0,21.0,7.0,10.0,1.5,0.0,2.0,0.16666666666666,0.33333333333333,1.0,1.0,0.0,0.0,0.0,0.0,0.0,0.0,1.0,0.0,0.0,0.0,0.0,0.0,0.0,0.0,0.0,0.0,0.0,74.41666666666666,0.0,11.0,66,2,3,2,9,9,1,2,2.0,2,2,5,76,1182,4512,903595,4,1,2,9,9,1,76,1182,4517
91253105103.0,91253105,912531051,53.53333333333333,53.53333333333333,0.0,0.0,0.0,0.0,0.0,53.53333333333333,51.53333333333333,0.58333333333333,18.0,4.75,25.0,3.0,0.0,0.2,2.0,2.0,0.0,0.0,0.0,0.0,0.0,0.0,2.0,0.0,0.0,0.0,0.0,0.0,0.0,0.0,0.0,0.0,0.0,68.25,0.0,30.0,80,1,2,6,9,9,1,2,2.0,2,2,3,74,1256,4422,912531,5,1,3,9,9,1,74,1256,4301
91253105104.0,91253105,912531051,85.08333333333333,85.08333333333333,57.0,48.0,9.0,0.0,0.0,28.08333333333333,21.75,4.75,12.0,3.5,1.0,0.0,0.0,0.5,4.33333333333333,4.33333333333333,0.0,0.0,0.0,0.0,0.0,0.0,4.33333333333333,0.0,0.0,2.0,0.0,0.0,0.0,0.0,2.0,0.0,0.0,74.0,0.0,50.5,24,1,8,4,9,9,1,2,4.0,2,2,1,74,1256,4365,912531,5,1,4,9,9,1,74,1256,4301
91944402101.0,91944402,919444021,76.08333333333333,76.08333333333333,50.83333333333333,50.0,0.83333333333333,0.0,0.0,25.24999999999999,23.58333333333333,6.0,1.24999999999999,1.83333333333333,0.0,14.0,0.5,0.0,1.66666666666666,1.66666666666666,0.0,0.0,0.0,0.0,0.0,0.0,1.66666666666666,0.0,0.0,0.0,0.0,0.0,0.0,0.0,0.0,0.0,0.0,51.5,0.0,16.5,53,2,3,3,9,9,1,2,2.0,2,2,1,73,1303,4469,919444,2,1,1,9,9,1,73,1303,4500
91944402102.0,91944402,919444021,55.66666666666666,55.66666666666666,49.0,41.0,8.0,0.0,0.0,6.66666666666666,6.66666666666666,5.0,1.0,0.66666666666666,0.0,0.0,0.0,0.0,0.0,0.0,0.0,0.0,0.0,0.0,0.0,0.0,0.0,0.0,0.0,0.0,0.0,0.0,0.0,0.0,0.0,0.0,0.0,61.0,0.0,19.5,24,2,8,3,9,9,1,2,4.0,2,2,1,73,1303,4525,919444,2,1,2,9,9,1,73,1303,4500
91944402103.0,91944402,919444021,38.06666666666666,38.06666666666666,0.0,0.0,0.0,0.0,0.0,38.06666666666666,31.4,10.5,14.16666666666666,2.0,2.5,2.0,0.0,0.23333333333333,6.66666666666666,6.66666666666666,0.0,0.0,0.0,0.0,0.0,0.0,6.66666666666666,0.0,0.0,0.0,0.0,0.0,0.0,0.0,0.0,0.0,0.0,65.5,29.0,42.0,21,2,6,2,9,9,1,2,3.0,2,2,4,73,1303,4525,919444,2,1,3,9,9,1,73,1303,4500
91944402104.0,91944402,919444021,46.91666666666666,46.91666666666666,21.5,20.0,1.5,0.0,0.0,25.41666666666666,22.41666666666666,4.5,11.66666666666666,3.25,0.0,3.0,0.0,0.0,3.0,3.0,0.0,0.0,0.0,0.0,0.0,0.0,3.0,0.0,0.0,0.0,0.0,0.0,0.0,0.0,0.0,0.0,0.0,59.5,46.0,14.5,18,2,3,3,9,9,1,2,2.0,2,2,1,73,1303,4520,919444,2,1,4,9,9,1,73,1303,4500
91944402105.0,91944402,919444021,27.16666666666666,27.16666666666666,0.0,0.0,0.0,0.0,0.0,27.16666666666666,27.16666666666666,9.5,11.66666666666666,2.41666666666666,0.0,3.5,0.0,0.08333333333333,0.0,0.0,0.0,0.0,0.0,0.0,0.0,0.0,0.0,0.0,0.0,0.0,0.0,0.0,0.0,0.0,0.0,0.0,0.0,72.33333333333333,53.0,36.66666666666666,17,2,6,1,9,9,1,2,3.0,2,2,4,73,1303,4520,919444,2,1,5,9,9,1,73,1303,4500
91944403101.0,91944403,919444031,38.94999999999999,18.94999999999999,0.0,0.0,0.0,0.0,0.0,38.94999999999999,15.44999999999999,8.5,2.33333333333333,1.16666666666666,0.0,3.0,0.25,0.2,23.5,3.5,0.0,0.0,0.0,0.0,23.5,3.5,0.0,0.0,0.0,0.0,0.0,0.0,0.0,0.0,0.0,0.0,0.0,62.5,0.0,29.0,62,2,6,3,9,9,1,2,3.0,2,2,3,73,1303,4436,919444,3,1,1,9,9,1,73,1303,4500
91944403102.0,91944403,919444031,139.41666666666666,130.41666666666666,50.0,40.0,10.0,0.0,0.0,89.41666666666666,51.41666666666666,22.5,10.08333333333333,5.75,8.0,4.0,0.5,0.58333333333333,38.0,29.0,0.0,0.0,0.0,0.0,18.0,9.0,5.0,15.0,15.0,0.0,0.0,0.0,0.0,0.0,0.0,0.0,0.0,44.25,0.0,9.0,61,1,6,3,9,9,1,2,3.0,2,2,1,73,1303,4480,919444,3,1,2,9,9,1,73,1303,4500
90348501101.0,90348501,903485011,58.99999999999999,58.99999999999999,39.5,36.0,3.5,0.0,0.0,19.49999999999999,10.16666666666666,0.0,0.58333333333333,4.75,0.83333333333333,4.0,0.0,0.0,9.33333333333333,9.33333333333333,0.0,0.0,0.0,0.0,9.33333333333333,9.33333333333333,0.0,0.0,0.0,0.0,0.0,0.0,0.0,0.0,0.0,0.0,0.0,61.83333333333333,0.0,13.83333333333333,53,1,3,3,9,9,1,2,2.0,2,2,1,74,1180,3908,903485,1,1,1,9,9,1,74,1180,3902
90348501102.0,90348501,903485011,78.11666666666666,78.11666666666666,54.0,48.0,6.0,0.0,0.0,24.11666666666666,19.61666666666666,5.83333333333333,7.5,2.33333333333333,0.0,3.5,0.33333333333333,0.11666666666666,4.5,4.5,0.0,0.0,0.0,0.0,4.0,4.0,0.5,0.0,0.0,0.0,0.0,0.0,0.0,0.0,0.0,0.0,0.0,65.33333333333333,0.0,6.5,54,2,3,3,9,9,1,2,2.0,2,2,1,74,1180,3871,903485,1,1,2,9,9,1,74,1180,3902
90348502101.0,90348502,903485021,17.0,17.0,0.0,0.0,0.0,0.0,0.0,17.0,12.0,0.0,6.16666666666666,0.0,0.0,5.0,0.25,0.58333333333333,5.0,5.0,0.0,0.0,0.0,0.0,0.0,0.0,5.0,0.0,0.0,0.0,0.0,0.0,0.0,0.0,0.0,0.0,0.0,76.0,0.0,24.0,64,1,6,2,9,9,1,2,3.0,2,2,3,74,1180,3880,903485,2,1,1,9,9,1,74,1180,3902
90348502102.0,90348502,903485021,66.18333333333332,66.18333333333332,20.83333333333333,20.0,0.83333333333333,0.0,0.0,45.35,44.35,3.5,30.83333333333333,3.5,0.0,6.0,0.16666666666666,0.35,1.0,1.0,0.0,0.0,0.0,0.0,0.0,0.0,1.0,0.0,0.0,0.0,0.0,0.0,0.0,0.0,0.0,0.0,0.0,70.0,0.0,15.66666666666666,59,2,2,6,9,9,1,2,2.0,2,2,1,74,1180,3809,903485,2,1,2,9,9,1,74,1180,3902
90348502103.0,90348502,903485021,67.33333333333333,67.33333333333333,54.0,48.0,6.0,0.0,0.0,13.33333333333333,6.5,1.0,3.0,2.5,0.0,0.0,0.0,0.0,6.83333333333333,6.83333333333333,0.0,0.0,0.0,0.0,0.0,0.0,6.83333333333333,0.0,0.0,0.0,0.0,0.0,0.0,0.0,0.0,0.0,0.0,64.33333333333333,0.0,13.5,33,2,6,3,9,9,1,2,3.0,2,2,1,74,1180,3852,903485,2,1,3,9,9,1,74,1180,3902
90348502104.0,90348502,903485021,10.5,10.5,0.0,0.0,0.0,0.0,0.0,10.5,6.5,0.0,5.0,1.5,0.0,0.0,0.0,0.0,4.0,4.0,0.0,0.0,0.0,0.0,0.0,0.0,4.0,0.0,0.0,0.0,0.0,0.0,0.0,0.0,0.0,0.0,0.0,64.75,48.0,22.66666666666666,28,1,8,3,9,9,1,2,4.0,2,2,4,74,1180,3938,903485,2,1,4,9,9,1,74,1180,3902
90348503101.0,90348503,903485031,109.91666666666666,95.91666666666666,60.0,40.0,20.0,0.0,0.0,49.91666666666666,16.91666666666666,0.0,13.16666666666666,0.66666666666666,2.33333333333333,0.0,0.16666666666666,0.58333333333333,33.0,19.0,0.0,0.0,0.0,0.0,32.5,18.5,0.5,0.0,0.0,0.0,0.0,0.0,0.0,0.0,0.0,0.0,0.0,63.16666666666666,0.0,6.5,42,1,8,4,9,9,1,2,4.0,2,2,1,74,1180,3975,903485,3,1,1,9,9,1,74,1180,3902
91253105105.0,91253105,912531051,12.66666666666666,12.66666666666666,0.0,0.0,0.0,0.0,0.0,12.66666666666666,12.66666666666666,6.25,3.83333333333333,1.33333333333333,1.0,0.0,0.0,0.25,0.0,0.0,0.0,0.0,0.0,0.0,0.0,0.0,0.0,0.0,0.0,0.0,0.0,0.0,0.0,0.0,0.0,0.0,0.0,77.0,41.0,42.0,21,1,8,3,9,9,1,2,4.0,2,2,4,74,1256,4365,912531,5,1,5,9,9,1,74,1256,4301
91255301101.0,91255301,912553011,59.66666666666666,59.66666666666666,45.0,40.0,5.0,0.0,0.0,14.66666666666666,14.66666666666666,1.75,7.5,2.25,1.0,1.0,0.0,1.16666666666666,0.0,0.0,0.0,0.0,0.0,0.0,0.0,0.0,0.0,0.0,0.0,0.0,0.0,0.0,0.0,0.0,0.0,0.0,0.0,53.5,0.0,18.13333333333333,57,1,8,4,9,9,1,2,4.0,2,2,1,73,1257,3554,912553,1,1,1,9,9,1,73,1257,3535
91255301102.0,91255301,912553011,67.08333333333333,67.08333333333333,50.0,40.0,10.0,0.0,0.0,17.08333333333333,17.08333333333333,5.08333333333333,6.5,4.5,0.0,1.0,0.0,0.0,0.0,0.0,0.0,0.0,0.0,0.0,0.0,0.0,0.0,0.0,0.0,0.0,0.0,0.0,0.0,0.0,0.0,0.0,0.0,72.0,0.0,46.0,32,2,8,4,9,9,1,2,4.0,2,2,1,73,1257,3494,912553,1,1,2,9,9,1,73,1257,3535
91255301103.0,91255301,912553011,72.25,72.25,55.0,40.0,15.0,0.0,0.0,17.25,13.25,5.33333333333333,4.0,0.91666666666666,0.0,3.0,0.0,0.0,1.0,1.0,0.0,0.0,0.0,0.0,0.0,0.0,1.0,0.0,0.0,3.0,3.0,3.0,0.0,0.0,0.0,0.0,0.0,80.0,0.0,42.5,26,2,8,4,9,9,1,2,4.0,2,2,1,73,1257,3513,912553,1,1,3,9,9,1,73,1257,3535
91255302101.0,91255302,912553021,13.78333333333333,13.78333333333333,0.0,0.0,0.0,0.0,0.0,13.78333333333333,10.78333333333333,2.33333333333333,6.0,0.25,0.0,2.0,0.0,0.2,3.0,3.0,0.0,0.0,0.0,0.0,0.0,0.0,0.0,3.0,3.0,0.0,0.0,0.0,0.0,0.0,0.0,0.0,0.0,48.5,0.0,49.0,75,1,8,4,9,9,1,2,4.0,2,2,3,73,1257,3603,912553,2,1,1,9,9,1,73,1257,3535
91255302102.0,91255302,912553021,33.41666666666666,33.41666666666666,0.0,0.0,0.0,0.0,0.0,33.41666666666666,31.41666666666666,14.0,8.5,3.91666666666666,0.0,5.0,0.0,0.0,2.0,2.0,0.0,0.0,0.0,0.0,0.0,0.0,0.0,2.0,2.0,0.0,0.0,0.0,0.0,0.0,0.0,0.0,0.0,61.5,0.0,25.08333333333333,61,2,8,4,9,9,1,2,4.0,2,2,5,73,1257,3485,912553,2,1,2,9,9,1,73,1257,3535
91255303101.0,91255303,912553031,83.91666666666666,78.91666666666666,40.0,28.0,12.0,0.0,0.0,43.91666666666666,22.0,10.66666666666666,3.16666666666666,1.0,1.5,2.0,2.5,1.16666666666666,21.91666666666666,16.91666666666666,0.0,0.0,0.0,0.0,16.91666666666666,11.91666666666666,5.0,0.0,0.0,0.0,0.0,0.0,0.0,0.0,0.0,0.0,0.0,60.33333333333333,0.0,22.5,55,1,8,5,9,9,1,2,4.0,2,2,1,73,1257,3554,912553,3,1,1,9,9,1,73,1257,3535
91944403103.0,91944403,919444031,133.58333333333331,83.58333333333333,54.0,48.0,6.0,0.0,0.0,79.58333333333333,7.25,2.5,1.5,2.16666666666666,0.25,0.0,0.5,0.33333333333333,71.33333333333333,21.33333333333333,0.0,0.0,0.0,0.0,70.83333333333333,20.83333333333333,0.0,0.5,0.5,1.0,1.0,0.0,0.0,1.0,0.0,0.0,0.0,52.66666666666666,0.0,14.16666666666666,32,2,6,3,9,9,1,2,3.0,2,2,1,73,1303,4448,919444,3,1,3,9,9,1,73,1303,4500
91944403104.0,91944403,919444031,3.58333333333333,3.58333333333333,0.0,0.0,0.0,0.0,0.0,3.58333333333333,1.75,0.75,1.0,0.0,0.0,0.0,0.0,0.0,1.83333333333333,1.83333333333333,0.0,0.0,0.0,0.0,1.5,1.5,0.0,0.33333333333333,0.33333333333333,0.0,0.0,0.0,0.0,0.0,0.0,0.0,0.0,61.75,34.0,31.5,12,1,2,6,9,9,1,2,2.0,2,2,4,73,1303,4524,919444,3,1,4,9,9,1,73,1303,4500
91944404101.0,91944404,919444041,84.25,84.25,40.0,20.0,20.0,0.0,0.0,44.25,22.25,8.16666666666666,10.66666666666666,1.0,0.0,2.0,0.0,0.41666666666666,22.0,22.0,0.0,0.0,0.0,0.0,0.0,0.0,22.0,0.0,0.0,0.0,0.0,0.0,0.0,0.0,0.0,0.0,0.0,71.5,0.0,55.33333333333333,35,1,8,5,9,9,1,2,4.0,2,2,1,73,1303,4507,919444,4,1,1,9,9,1,73,1303,4500
91944404102.0,91944404,919444041,89.08333333333333,89.08333333333333,60.0,40.0,20.0,0.0,0.0,29.08333333333333,20.08333333333333,7.0,7.16666666666666,2.16666666666666,0.0,3.5,0.0,0.25,9.0,9.0,0.0,0.0,0.0,0.0,0.0,0.0,9.0,0.0,0.0,0.0,0.0,0.0,0.0,0.0,0.0,0.0,0.0,70.0,0.0,33.0,31,2,8,5,9,9,1,2,4.0,2,2,1,73,1303,4448,919444,4,1,2,9,9,1,73,1303,4500
91944405101.0,91944405,919444051,67.83333333333333,67.83333333333333,45.5,43.0,2.5,0.0,0.0,22.33333333333333,22.33333333333333,11.5,5.66666666666666,0.75,0.0,3.5,0.0,0.91666666666666,0.0,0.0,0.0,0.0,0.0,0.0,0.0,0.0,0.0,0.0,0.0,0.0,0.0,0.0,0.0,0.0,0.0,0.0,0.0,64.5,0.0,30.0,27,2,8,4,9,9,1,2,4.0,2,2,1,73,1303,4472,919444,5,1,1,9,9,1,73,1303,4500
91953701101.0,91953701,919537011,73.96666666666665,73.96666666666665,22.5,21.0,1.5,0.0,0.0,51.46666666666666,35.83333333333333,21.13333333333333,9.33333333333333,1.83333333333333,0.0,2.0,1.0,0.53333333333333,3.63333333333333,3.63333333333333,0.0,0.0,0.0,0.0,0.0,0.0,3.63333333333333,0.0,0.0,12.0,12.0,0.0,0.0,12.0,0.0,0.0,0.0,70.0,0.0,11.66666666666666,64,2,6,3,9,9,1,2,3.0,2,2,1,73,1304,2421,919537,1,1,1,9,9,1,73,1304,2456
90719705103.0,90719705,907197051,4.76666666666666,4.76666666666666,0.0,0.0,0.0,0.0,0.35,4.41666666666666,2.75,0.0,0.25,2.16666666666666,0.0,0.33333333333333,0.0,0.0,0.16666666666666,0.16666666666666,0.0,0.0,0.0,0.0,0.0,0.0,0.16666666666666,0.0,0.0,1.5,1.5,0.0,0.0,1.5,0.0,0.0,0.0,70.08333333333333,55.66666666666666,24.83333333333333,17,2,6,2,9,9,1,2,3.0,2,2,4,76,1211,4826,907197,5,1,3,9,9,1,76,1211,4782
90348503102.0,90348503,903485031,108.16666666666666,98.66666666666666,60.0,45.0,15.0,0.0,0.0,48.16666666666666,30.16666666666666,15.5,7.5,4.0,0.0,3.0,0.0,0.16666666666666,18.0,8.5,0.0,0.0,0.0,0.0,17.5,8.0,0.5,0.0,0.0,0.0,0.0,0.0,0.0,0.0,0.0,0.0,0.0,70.0,0.0,13.0,43,2,8,4,9,9,1,2,4.0,2,2,1,74,1180,3847,903485,3,1,2,9,9,1,74,1180,3902
90348503103.0,90348503,903485031,10.41666666666666,10.41666666666666,0.0,0.0,0.0,0.0,0.0,10.41666666666666,9.41666666666666,2.0,7.08333333333333,0.33333333333333,0.0,0.0,0.0,0.0,1.0,1.0,0.0,0.0,0.0,0.0,1.0,1.0,0.0,0.0,0.0,0.0,0.0,0.0,0.0,0.0,0.0,0.0,0.0,73.5,43.0,14.16666666666666,12,2,2,6,9,9,1,2,2.0,2,2,4,74,1180,3894,903485,3,1,3,9,9,1,74,1180,3902
90348504101.0,90348504,903485041,69.58333333333333,69.58333333333333,50.0,30.0,20.0,0.0,0.0,19.58333333333333,18.58333333333333,8.5,6.08333333333333,0.83333333333333,0.0,3.0,0.16666666666666,0.0,1.0,1.0,0.0,0.0,0.0,0.0,0.0,0.0,1.0,0.0,0.0,0.0,0.0,0.0,0.0,0.0,0.0,0.0,0.0,70.0,0.0,7.33333333333333,58,2,6,1,9,9,1,2,3.0,2,2,1,74,1180,3809,903485,4,1,1,9,9,1,74,1180,3902
90348504102.0,90348504,903485041,58.56666666666666,58.56666666666666,48.0,36.0,12.0,0.0,0.0,10.56666666666666,10.56666666666666,0.0,9.33333333333333,0.33333333333333,0.66666666666666,0.0,0.0,0.23333333333333,0.0,0.0,0.0,0.0,0.0,0.0,0.0,0.0,0.0,0.0,0.0,0.0,0.0,0.0,0.0,0.0,0.0,0.0,0.0,71.66666666666666,16.0,32.0,32,1,6,1,9,9,1,2,3.0,2,2,1,74,1180,3964,903485,4,1,2,9,9,1,74,1180,3902
91230804105.0,91230804,912308041,73.25,73.25,62.33333333333333,56.0,6.33333333333333,0.0,0.0,10.91666666666666,10.91666666666666,0.41666666666666,4.33333333333333,2.16666666666666,2.0,2.0,0.0,0.0,0.0,0.0,0.0,0.0,0.0,0.0,0.0,0.0,0.0,0.0,0.0,0.0,0.0,0.0,0.0,0.0,0.0,0.0,0.0,84.5,0.0,35.25,34,1,8,4,9,9,1,2,4.0,2,2,1,74,1254,3173,912308,4,1,5,9,9,1,74,1254,3123
91230804106.0,91230804,912308041,73.25,63.25,9.0,9.0,0.0,0.0,0.0,64.25,45.25,7.0,24.5,5.5,5.0,3.0,0.0,0.25,18.0,8.0,0.0,0.0,0.0,0.0,0.0,0.0,4.0,14.0,4.0,1.0,1.0,1.0,0.0,0.0,0.0,0.0,0.0,78.5,0.0,31.0,27,2,8,4,9,9,1,2,4.0,2,2,1,74,1254,3100,912308,4,1,6,9,9,1,74,1254,3123
91230805101.0,91230805,912308051,60.5,60.5,40.0,30.0,10.0,0.0,0.0,20.5,20.5,5.75,11.91666666666666,0.83333333333333,0.0,2.0,0.0,0.0,0.0,0.0,0.0,0.0,0.0,0.0,0.0,0.0,0.0,0.0,0.0,0.0,0.0,0.0,0.0,0.0,0.0,0.0,0.0,41.38333333333333,0.0,4.41666666666666,73,2,2,6,9,9,1,2,2.0,2,2,1,74,1254,3125,912308,5,1,1,9,9,1,74,1254,3123
91255303102.0,91255303,912553031,115.83333333333331,73.83333333333333,0.0,0.0,0.0,0.0,2.0,113.83333333333331,38.0,16.5,11.0,5.5,0.0,2.0,2.5,0.5,75.83333333333333,33.83333333333333,0.0,0.0,0.0,0.0,67.83333333333333,25.83333333333333,8.0,0.0,0.0,0.0,0.0,0.0,0.0,0.0,0.0,0.0,0.0,94.0,18.0,31.0,56,2,10,2,9,9,1,2,5.0,2,2,5,73,1257,3455,912553,3,1,2,9,9,1,73,1257,3535
91255304101.0,91255304,912553041,25.75,25.75,0.0,0.0,0.0,0.0,0.0,25.75,25.75,6.83333333333333,16.0,2.66666666666666,0.0,0.0,0.0,0.25,0.0,0.0,0.0,0.0,0.0,0.0,0.0,0.0,0.0,0.0,0.0,0.0,0.0,0.0,0.0,0.0,0.0,0.0,0.0,115.5,0.0,42.0,89,2,2,3,9,9,1,2,2.0,2,1,3,73,1257,3875,912553,4,1,1,9,9,1,73,1257,3535
91255305101.0,91255305,912553051,140.86666666666665,70.86666666666666,0.0,0.0,0.0,0.0,0.0,140.86666666666665,65.03333333333333,21.58333333333333,31.75,4.5,1.0,6.0,0.0,0.2,75.83333333333333,5.83333333333333,74.83333333333333,4.83333333333333,0.0,0.0,0.0,0.0,1.0,0.0,0.0,0.0,0.0,0.0,0.0,0.0,0.0,0.0,0.0,68.5,4.0,42.0,60,2,5,3,9,9,1,2,3.0,2,2,3,73,1257,3485,912553,5,1,1,9,9,1,73,1257,3535
91255305102.0,91255305,912553051,101.0,89.0,57.0,45.0,12.0,0.0,0.0,44.0,11.08333333333333,3.5,2.0,1.0,1.0,1.0,0.25,2.33333333333333,22.91666666666666,10.91666666666666,10.41666666666666,10.41666666666666,0.0,0.0,0.0,0.0,0.0,12.5,0.5,10.0,0.0,0.0,0.0,0.0,10.0,0.0,0.0,63.75,0.0,43.63333333333333,27,1,8,5,9,9,1,2,4.0,2,2,1,73,1257,3572,912553,5,1,2,9,9,1,73,1257,3535
91255305103.0,91255305,912553051,0.66666666666666,0.66666666666666,0.0,0.0,0.0,0.0,0.0,0.66666666666666,0.66666666666666,0.0,0.0,0.66666666666666,0.0,0.0,0.0,0.0,0.0,0.0,0.0,0.0,0.0,0.0,0.0,0.0,0.0,0.0,0.0,0.0,0.0,0.0,0.0,0.0,0.0,0.0,0.0,85.66666666666666,0.0,23.5,70,2,2,6,9,9,1,2,2.0,2,1,3,73,1257,3541,912553,5,1,3,9,9,1,73,1257,3535
91264201101.0,91264201,912642011,94.08333333333331,64.08333333333333,0.0,0.0,0.0,0.0,0.0,94.08333333333331,46.25,14.5,26.33333333333333,0.41666666666666,0.0,5.0,0.0,0.0,45.83333333333333,15.83333333333333,0.0,0.0,45.83333333333333,15.83333333333333,0.0,0.0,0.0,0.0,0.0,2.0,2.0,0.0,0.0,2.0,0.0,0.0,0.0,67.66666666666666,0.0,9.0,65,2,6,2,9,9,1,2,3.0,2,2,5,74,1258,3720,912642,1,1,1,9,9,1,74,1258,3746
91264201102.0,91264201,912642011,129.21666666666667,111.21666666666665,55.0,40.0,15.0,0.0,0.0,74.21666666666665,17.41666666666666,4.58333333333333,7.33333333333333,3.5,0.0,2.0,0.0,0.0,54.8,36.8,0.0,0.0,54.8,36.8,0.0,0.0,0.0,0.0,0.0,2.0,2.0,0.0,0.0,2.0,0.0,0.0,0.0,68.66666666666666,3.0,28.0,39,2,8,4,9,9,1,2,4.0,2,2,1,74,1258,3693,912642,1,1,2,9,9,1,74,1258,3746
90688404101.0,90688404,906884041,68.33333333333333,68.33333333333333,0.0,0.0,0.0,0.0,1.0,67.33333333333333,66.33333333333333,28.0,35.33333333333333,2.0,0.0,0.66666666666666,0.0,0.33333333333333,0.0,0.0,0.0,0.0,0.0,0.0,0.0,0.0,0.0,0.0,0.0,1.0,1.0,1.0,0.0,0.0,0.0,0.0,0.0,70.5,0.0,17.58333333333333,46,2,6,2,9,9,1,2,3.0,2,2,5,76,1209,4124,906884,4,1,1,9,9,1,76,1209,4165
90688405101.0,90688405,906884051,113.48333333333332,113.48333333333332,98.23333333333332,98.0,0.23333333333333,0.0,0.0,15.25,15.25,4.66666666666666,8.25,1.0,0.0,0.16666666666666,0.0,1.16666666666666,0.0,0.0,0.0,0.0,0.0,0.0,0.0,0.0,0.0,0.0,0.0,0.0,0.0,0.0,0.0,0.0,0.0,0.0,0.0,73.0,0.0,21.0,69,1,3,3,9,9,1,2,2.0,1,2,1,76,1209,4159,906884,5,1,1,9,9,1,76,1209,4165
90688405102.0,90688405,906884051,74.25,74.25,62.0,49.0,13.0,0.0,0.0,12.25,12.25,10.0,0.58333333333333,1.08333333333333,0.0,0.16666666666666,0.0,0.41666666666666,0.0,0.0,0.0,0.0,0.0,0.0,0.0,0.0,0.0,0.0,0.0,0.0,0.0,0.0,0.0,0.0,0.0,0.0,0.0,66.5,0.0,11.66666666666666,67,2,2,6,9,9,1,2,2.0,2,2,1,76,1209,4161,906884,5,1,2,9,9,1,76,1209,4165
90704001101.0,90704001,907040011,77.58333333333333,77.08333333333333,73.5,63.0,10.5,0.0,0.0,4.08333333333333,1.16666666666666,0.33333333333333,0.0,0.83333333333333,0.0,0.0,0.0,0.0,2.91666666666666,2.41666666666666,0.0,0.0,0.0,0.0,2.41666666666666,1.91666666666666,0.5,0.0,0.0,0.0,0.0,0.0,0.0,0.0,0.0,0.0,0.0,46.0,0.0,5.5,57,1,3,3,9,9,1,2,2.0,2,2,1,76,1210,4561,907040,1,1,1,9,9,1,76,1210,4515
90704001102.0,90704001,907040011,120.83333333333331,90.83333333333331,54.0,42.0,12.0,0.0,1.0,65.83333333333333,33.5,14.0,10.5,3.83333333333333,0.0,4.0,0.0,1.16666666666666,32.33333333333333,2.33333333333333,0.0,0.0,0.0,0.0,32.33333333333333,2.33333333333333,0.0,0.0,0.0,0.0,0.0,0.0,0.0,0.0,0.0,0.0,0.0,68.16666666666666,0.0,3.83333333333333,50,2,3,3,9,9,1,2,2.0,9,2,1,76,1210,4506,907040,1,1,2,9,9,1,76,1210,4515
90704001103.0,90704001,907040011,31.0,24.0,0.0,0.0,0.0,0.0,0.16666666666666,30.83333333333333,9.0,2.33333333333333,2.5,1.0,0.33333333333333,1.66666666666666,0.0,1.16666666666666,17.83333333333333,10.83333333333333,0.0,0.0,0.0,0.0,11.16666666666666,4.16666666666666,6.66666666666666,0.0,0.0,4.0,4.0,3.0,0.0,1.0,0.0,0.0,0.0,69.5,35.0,17.16666666666666,22,1,8,1,9,9,1,2,4.0,2,2,4,76,1210,4609,907040,1,1,3,9,9,1,76,1210,4515
90704001104.0,90704001,907040011,10.5,10.5,0.0,0.0,0.0,0.0,0.0,10.5,7.0,0.0,7.0,0.0,0.0,0.0,0.0,0.0,3.5,3.5,0.0,0.0,0.0,0.0,0.0,0.0,3.5,0.0,0.0,0.0,0.0,0.0,0.0,0.0,0.0,0.0,0.0,61.16666666666666,35.83333333333333,17.0,13,1,3,1,9,9,1,2,2.0,2,2,4,76,1210,4561,907040,1,1,4,9,9,1,76,1210,4515
91230805102.0,91230805,912308051,96.33333333333331,71.33333333333333,55.0,40.0,15.0,0.0,0.0,41.33333333333333,15.83333333333333,4.58333333333333,8.25,1.0,0.0,2.0,0.0,0.0,25.5,0.5,0.0,0.0,0.0,0.0,0.0,0.0,0.0,25.5,0.5,0.0,0.0,0.0,0.0,0.0,0.0,0.0,0.0,60.83333333333333,0.0,20.75,42,2,8,4,9,9,1,2,4.0,2,2,1,74,1254,3079,912308,5,1,2,9,9,1,74,1254,3123
91237801101.0,91237801,912378011,120.36666666666666,64.36666666666666,0.0,0.0,0.0,0.0,0.0,120.36666666666666,55.86666666666666,17.5,30.25,4.0,0.0,4.0,0.0,0.11666666666666,64.5,8.5,0.0,0.0,0.0,0.0,64.5,8.5,0.0,0.0,0.0,0.0,0.0,0.0,0.0,0.0,0.0,0.0,0.0,73.5,0.0,35.0,46,2,8,5,9,9,1,2,4.0,2,2,5,74,1255,3501,912378,1,1,1,9,9,1,74,1255,3557
91237801102.0,91237801,912378011,0.33333333333333,0.33333333333333,0.0,0.0,0.0,0.0,0.0,0.33333333333333,0.33333333333333,0.0,0.0,0.33333333333333,0.0,0.0,0.0,0.0,0.0,0.0,0.0,0.0,0.0,0.0,0.0,0.0,0.0,0.0,0.0,0.0,0.0,0.0,0.0,0.0,0.0,0.0,0.0,81.66666666666666,41.0,21.0,13,1,2,6,9,9,1,2,2.0,2,2,4,74,1255,3572,912378,1,1,2,9,9,1,74,1255,3557
91237802101.0,91237802,912378021,64.41666666666666,64.41666666666666,60.08333333333333,60.0,0.08333333333333,0.0,0.0,4.33333333333333,4.33333333333333,0.0,3.5,0.0,0.83333333333333,0.0,0.0,0.0,0.0,0.0,0.0,0.0,0.0,0.0,0.0,0.0,0.0,0.0,0.0,0.0,0.0,0.0,0.0,0.0,0.0,0.0,0.0,70.75,0.0,15.5,81,1,2,3,9,9,1,2,2.0,2,2,1,74,1255,3657,912378,2,1,1,9,9,1,74,1255,3557
91237802102.0,91237802,912378021,43.16666666666666,43.16666666666666,0.0,0.0,0.0,0.0,0.0,43.16666666666666,43.16666666666666,22.5,15.16666666666666,2.5,0.0,3.0,0.0,0.0,0.0,0.0,0.0,0.0,0.0,0.0,0.0,0.0,0.0,0.0,0.0,0.0,0.0,0.0,0.0,0.0,0.0,0.0,0.0,92.5,0.0,17.0,78,2,2,2,9,9,1,2,2.0,2,2,5,74,1255,3560,912378,2,1,2,9,9,1,74,1255,3557
91237803101.0,91237803,912378031,105.0,105.0,94.0,80.0,14.0,0.0,0.0,11.0,4.5,0.0,1.5,0.0,2.0,1.0,0.0,0.0,6.5,6.5,0.0,0.0,1.5,1.5,1.5,1.5,3.5,0.0,0.0,0.0,0.0,0.0,0.0,0.0,0.0,0.0,0.0,59.0,0.0,7.5,33,1,8,2,9,9,1,2,4.0,2,2,1,74,1255,3614,912378,3,1,1,9,9,1,74,1255,3557
91237803102.0,91237803,912378031,93.16666666666666,69.16666666666666,0.0,0.0,0.0,0.0,0.0,93.16666666666666,38.25,10.5,9.66666666666666,7.5,0.5,4.0,5.5,0.58333333333333,54.91666666666666,30.91666666666666,0.0,0.0,44.41666666666666,20.41666666666666,7.0,7.0,3.5,0.0,0.0,0.0,0.0,0.0,0.0,0.0,0.0,0.0,0.0,66.58333333333333,0.0,22.75,32,2,6,3,9,9,1,2,3.0,2,2,1,74,1255,3512,912378,3,1,2,9,9,1,74,1255,3557
91264203101.0,91264203,912642031,75.16666666666666,65.16666666666666,43.16666666666666,42.0,1.16666666666666,0.0,8.0,24.0,14.0,4.33333333333333,6.16666666666666,1.5,0.0,2.0,0.0,0.0,10.0,0.0,0.0,0.0,0.0,0.0,10.0,0.0,0.0,0.0,0.0,0.0,0.0,0.0,0.0,0.0,0.0,0.0,0.0,46.0,0.0,36.5,79,2,0,0,9,9,1,2,1.0,2,2,1,74,1258,3749,912642,3,1,1,9,9,1,74,1258,3746
91264203102.0,91264203,912642031,110.58333333333331,87.58333333333333,70.0,56.0,14.0,0.0,0.0,40.58333333333333,15.08333333333333,4.58333333333333,3.83333333333333,4.0,0.0,2.66666666666666,0.0,0.0,25.5,2.5,0.0,0.0,0.0,0.0,25.5,2.5,0.0,0.0,0.0,0.0,0.0,0.0,0.0,0.0,0.0,0.0,0.0,70.0,0.0,14.33333333333333,39,2,3,3,9,9,1,2,2.0,2,2,1,74,1258,3693,912642,3,1,2,9,9,1,74,1258,3746
91264203103.0,91264203,912642031,103.66666666666666,67.66666666666666,60.0,45.0,15.0,0.0,0.0,43.66666666666666,7.33333333333333,4.16666666666666,1.83333333333333,1.33333333333333,0.0,0.0,0.0,0.0,36.33333333333333,0.33333333333333,0.0,0.0,0.0,0.0,0.0,0.0,0.33333333333333,36.0,0.0,0.0,0.0,0.0,0.0,0.0,0.0,0.0,0.0,76.66666666666666,0.0,27.16666666666666,36,1,3,3,9,9,1,2,2.0,2,2,1,74,1258,3747,912642,3,1,3,9,9,1,74,1258,3746
91264203104.0,91264203,912642031,98.51666666666667,98.51666666666667,92.0,80.0,12.0,0.0,0.0,6.51666666666666,5.68333333333333,2.5,1.83333333333333,1.0,0.0,0.0,0.0,0.35,0.83333333333333,0.83333333333333,0.0,0.0,0.0,0.0,0.83333333333333,0.83333333333333,0.0,0.0,0.0,0.0,0.0,0.0,0.0,0.0,0.0,0.0,0.0,67.0,0.0,31.16666666666666,20,1,6,3,9,9,1,2,3.0,2,2,1,74,1258,3801,912642,3,1,4,9,9,1,74,1258,3746
91264203105.0,91264203,912642031,94.91666666666666,94.91666666666666,76.16666666666666,72.0,4.16666666666666,0.0,0.0,18.75,16.16666666666666,1.16666666666666,10.5,2.5,0.0,2.0,0.0,0.0,2.58333333333333,2.58333333333333,0.0,0.0,0.0,0.0,2.08333333333333,2.08333333333333,0.5,0.0,0.0,0.0,0.0,0.0,0.0,0.0,0.0,0.0,0.0,63.0,0.0,36.16666666666666,18,1,6,3,9,9,1,2,3.0,2,2,1,74,1258,3771,912642,3,1,5,9,9,1,74,1258,3746
91264204101.0,91264204,912642041,107.66666666666666,107.66666666666666,0.0,0.0,0.0,0.0,25.0,82.66666666666666,46.75,21.0,19.5,4.5,0.0,0.0,1.33333333333333,0.41666666666666,4.91666666666666,4.91666666666666,0.0,0.0,0.0,0.0,0.0,0.0,3.0,1.91666666666666,1.91666666666666,31.0,31.0,3.0,2.0,26.0,0.0,0.0,0.0,35.5,0.0,12.33333333333333,43,2,2,3,9,9,1,2,2.0,2,2,5,74,1258,3693,912642,4,1,1,9,9,1,74,1258,3746
91264204102.0,91264204,912642041,32.21666666666666,32.21666666666666,0.0,0.0,0.0,0.0,14.0,18.21666666666666,17.21666666666666,7.58333333333333,5.8,0.83333333333333,0.0,3.0,0.0,0.0,0.0,0.0,0.0,0.0,0.0,0.0,0.0,0.0,0.0,0.0,0.0,1.0,1.0,0.0,0.0,1.0,0.0,0.0,0.0,88.75,0.0,51.83333333333333,72,2,0,0,9,9,1,2,1.0,1,2,5,74,1258,3748,912642,4,1,2,9,9,1,74,1258,3746
90704002101.0,90704002,907040021,15.16666666666666,15.16666666666666,10.33333333333333,10.0,0.33333333333333,0.0,0.0,4.83333333333333,4.83333333333333,2.33333333333333,1.0,1.0,0.0,0.0,0.0,0.5,0.0,0.0,0.0,0.0,0.0,0.0,0.0,0.0,0.0,0.0,0.0,0.0,0.0,0.0,0.0,0.0,0.0,0.0,0.0,78.16666666666666,0.0,10.0,59,2,6,3,9,9,1,2,3.0,1,2,1,76,1210,4434,907040,2,1,1,9,9,1,76,1210,4515
90704003101.0,90704003,907040031,68.99999999999999,68.99999999999999,55.0,35.0,20.0,0.0,0.0,13.99999999999999,13.66666666666666,4.0,6.83333333333333,0.33333333333333,1.0,1.0,0.0,0.5,0.33333333333333,0.33333333333333,0.0,0.0,0.0,0.0,0.0,0.0,0.33333333333333,0.0,0.0,0.0,0.0,0.0,0.0,0.0,0.0,0.0,0.0,79.0,0.0,31.5,33,1,10,2,9,9,1,2,5.0,2,2,1,76,1210,4615,907040,3,1,1,9,9,1,76,1210,4515
90704003102.0,90704003,907040031,90.58333333333331,90.58333333333331,48.0,40.0,8.0,0.0,0.0,42.58333333333333,42.58333333333333,12.0,24.0,3.16666666666666,0.0,2.0,0.41666666666666,0.99999999999999,0.0,0.0,0.0,0.0,0.0,0.0,0.0,0.0,0.0,0.0,0.0,0.0,0.0,0.0,0.0,0.0,0.0,0.0,0.0,56.0,12.0,39.66666666666666,31,2,8,4,9,9,1,2,4.0,2,2,1,76,1210,4484,907040,3,1,2,9,9,1,76,1210,4515
90704004101.0,90704004,907040041,8.41666666666666,0.41666666666666,0.0,0.0,0.0,0.0,0.0,8.41666666666666,0.16666666666666,0.0,0.16666666666666,0.0,0.0,0.0,0.0,0.0,8.25,0.25,8.25,0.25,0.0,0.0,0.0,0.0,0.0,0.0,0.0,0.0,0.0,0.0,0.0,0.0,0.0,0.0,0.0,67.5,0.0,38.5,74,1,3,2,9,9,1,2,2.0,2,1,3,76,1210,4487,907040,4,1,1,9,9,1,76,1210,4515
90704004102.0,90704004,907040041,0.0,0.0,0.0,0.0,0.0,0.0,0.0,0.0,0.0,0.0,0.0,0.0,0.0,0.0,0.0,0.0,0.0,0.0,0.0,0.0,0.0,0.0,0.0,0.0,0.0,0.0,0.0,0.0,0.0,0.0,0.0,0.0,0.0,0.0,0.0,112.0,0.0,48.0,70,2,3,3,9,9,1,2,2.0,2,1,6,76,1210,4544,907040,4,1,2,9,9,1,76,1210,4515
90704004103.0,90704004,907040041,78.49999999999999,78.49999999999999,55.0,40.0,15.0,0.0,0.0,23.49999999999999,21.33333333333333,10.5,4.75,4.83333333333333,0.0,0.33333333333333,0.08333333333333,0.83333333333333,2.16666666666666,2.16666666666666,0.16666666666666,0.16666666666666,0.0,0.0,0.0,0.0,2.0,0.0,0.0,0.0,0.0,0.0,0.0,0.0,0.0,0.0,0.0,59.5,0.0,6.66666666666666,48,1,6,3,9,9,1,2,3.0,2,2,1,76,1210,4571,907040,4,1,3,9,9,1,76,1210,4515
90704004104.0,90704004,907040041,129.08333333333331,80.08333333333333,35.33333333333333,32.0,3.33333333333333,0.0,0.0,93.75,39.08333333333333,17.83333333333333,11.5,7.0,0.66666666666666,0.5,1.0,0.58333333333333,54.66666666666666,5.66666666666666,54.66666666666666,5.66666666666666,0.0,0.0,0.0,0.0,0.0,0.0,0.0,0.0,0.0,0.0,0.0,0.0,0.0,0.0,0.0,55.0,0.0,6.0,46,2,8,4,9,9,1,2,4.0,2,2,1,76,1210,4470,907040,4,1,4,9,9,1,76,1210,4515
91237804101.0,91237804,912378041,149.33333333333331,133.33333333333331,100.0,50.0,50.0,0.0,0.0,49.33333333333333,17.16666666666666,8.33333333333333,4.83333333333333,0.0,4.0,0.0,0.0,0.0,31.66666666666666,15.66666666666666,0.0,0.0,31.66666666666666,15.66666666666666,0.0,0.0,0.0,0.0,0.0,0.5,0.0,0.0,0.0,0.0,0.5,0.0,0.0,84.16666666666666,0.0,49.83333333333333,30,1,2,6,9,9,1,2,2.0,2,2,1,74,1255,3614,912378,4,1,1,9,9,1,74,1255,3557
91237804102.0,91237804,912378041,81.08333333333333,81.08333333333333,46.0,42.0,4.0,0.0,0.0,35.08333333333333,19.91666666666666,6.41666666666666,4.0,0.25,8.0,1.0,0.0,0.25,15.16666666666666,15.16666666666666,0.0,0.0,15.16666666666666,15.16666666666666,0.0,0.0,0.0,0.0,0.0,0.0,0.0,0.0,0.0,0.0,0.0,0.0,0.0,60.66666666666666,0.0,45.13333333333333,32,2,3,3,9,9,1,2,2.0,2,2,1,74,1255,3512,912378,4,1,2,9,9,1,74,1255,3557
91237805101.0,91237805,912378051,3.66666666666666,3.66666666666666,0.0,0.0,0.0,0.0,0.0,3.66666666666666,3.66666666666666,0.0,0.0,0.16666666666666,0.0,0.0,0.0,3.5,0.0,0.0,0.0,0.0,0.0,0.0,0.0,0.0,0.0,0.0,0.0,0.0,0.0,0.0,0.0,0.0,0.0,0.0,0.0,122.0,0.0,0.0,92,2,2,6,9,9,1,2,2.0,2,2,5,74,1255,4226,912378,5,1,1,9,9,1,74,1255,3557
91237805102.0,91237805,912378051,28.16666666666666,21.16666666666666,0.0,0.0,0.0,0.0,0.0,28.16666666666666,21.16666666666666,0.0,11.33333333333333,4.83333333333333,1.0,3.0,1.0,0.0,7.0,0.0,0.0,0.0,0.0,0.0,0.0,0.0,0.0,7.0,0.0,0.0,0.0,0.0,0.0,0.0,0.0,0.0,0.0,73.5,0.0,50.83333333333333,65,1,8,5,9,9,1,2,4.0,2,2,3,74,1255,3531,912378,5,1,2,9,9,1,74,1255,3557
91237805103.0,91237805,912378051,37.5,33.5,0.0,0.0,0.0,0.0,0.0,37.5,33.5,11.66666666666666,8.66666666666666,13.0,0.0,0.0,0.0,0.16666666666666,4.0,0.0,0.0,0.0,0.0,0.0,0.0,0.0,0.0,4.0,0.0,0.0,0.0,0.0,0.0,0.0,0.0,0.0,0.0,69.33333333333333,0.0,29.08333333333333,66,2,5,3,9,9,1,2,3.0,2,2,5,74,1255,3532,912378,5,1,3,9,9,1,74,1255,3557
91237805104.0,91237805,912378051,57.75,57.75,57.5,45.0,12.5,0.0,0.0,0.25,0.0,0.0,0.0,0.0,0.0,0.0,0.0,0.0,0.25,0.25,0.0,0.0,0.0,0.0,0.0,0.0,0.0,0.25,0.25,0.0,0.0,0.0,0.0,0.0,0.0,0.0,0.0,70.0,0.0,29.0,35,1,9,2,9,9,1,2,5.0,2,2,1,74,1255,3558,912378,5,1,4,9,9,1,74,1255,3557
91253101101.0,91253101,912531011,75.0,75.0,75.0,60.0,15.0,0.0,0.0,0.0,0.0,0.0,0.0,0.0,0.0,0.0,0.0,0.0,0.0,0.0,0.0,0.0,0.0,0.0,0.0,0.0,0.0,0.0,0.0,0.0,0.0,0.0,0.0,0.0,0.0,0.0,0.0,78.0,0.0,16.75,39,1,8,4,9,9,1,2,4.0,2,2,1,74,1256,4303,912531,1,1,1,9,9,1,74,1256,4301
91264204103.0,91264204,912642041,77.7,77.7,46.0,37.0,9.0,0.0,0.0,31.7,31.2,0.58333333333333,21.5,0.0,4.0,4.0,0.0,1.11666666666666,0.5,0.5,0.0,0.0,0.0,0.0,0.0,0.0,0.5,0.0,0.0,0.0,0.0,0.0,0.0,0.0,0.0,0.0,0.0,63.0,0.0,8.0,25,2,10,2,9,9,1,2,5.0,2,2,1,74,1258,3718,912642,4,1,3,9,9,1,74,1258,3746
91264204104.0,91264204,912642041,19.91666666666666,19.91666666666666,0.0,0.0,0.0,0.0,0.0,19.91666666666666,8.91666666666666,4.41666666666666,4.5,0.0,0.0,0.0,0.0,0.0,1.0,1.0,0.0,0.0,0.0,0.0,0.0,0.0,0.0,1.0,1.0,10.0,10.0,0.0,0.0,10.0,0.0,0.0,0.0,56.0,0.0,16.0,20,2,6,3,9,9,1,2,3.0,2,2,5,74,1258,3762,912642,4,1,4,9,9,1,74,1258,3746
91264205101.0,91264205,912642051,83.5,78.5,66.0,60.0,6.0,0.0,0.0,17.5,8.0,0.0,3.0,0.0,0.0,5.0,0.0,0.0,9.5,4.5,0.0,0.0,0.0,0.0,9.5,4.5,0.0,0.0,0.0,0.0,0.0,0.0,0.0,0.0,0.0,0.0,0.0,73.5,0.0,10.0,32,1,2,6,9,9,1,2,2.0,2,2,1,74,1258,3806,912642,5,1,1,9,9,1,74,1258,3746
91264205102.0,91264205,912642051,100.75,44.75,0.0,0.0,0.0,0.0,0.25,100.5,20.08333333333333,7.58333333333333,6.75,2.75,0.0,3.0,0.0,0.0,80.41666666666666,24.41666666666666,0.0,0.0,0.0,0.0,80.41666666666666,24.41666666666666,0.0,0.0,0.0,0.0,0.0,0.0,0.0,0.0,0.0,0.0,0.0,82.75,0.0,25.33333333333333,30,2,7,3,9,9,1,2,4.0,2,2,5,74,1258,3698,912642,5,1,2,9,9,1,74,1258,3746
91317701101.0,91317701,913177011,22.41666666666666,22.41666666666666,0.0,0.0,0.0,0.0,0.0,22.41666666666666,16.41666666666666,8.83333333333333,1.5,1.0,2.5,2.0,0.0,0.58333333333333,6.0,6.0,0.0,0.0,0.0,0.0,0.0,0.0,0.0,6.0,6.0,0.0,0.0,0.0,0.0,0.0,0.0,0.0,0.0,54.5,0.0,14.0,78,1,6,3,9,9,1,2,3.0,2,2,3,74,1259,3387,913177,1,1,1,9,9,1,74,1259,3327
91317701102.0,91317701,913177011,71.91666666666666,71.91666666666666,57.0,48.0,9.0,0.0,0.5,14.41666666666666,14.41666666666666,7.0,0.0,3.33333333333333,0.0,3.0,0.5,0.58333333333333,0.0,0.0,0.0,0.0,0.0,0.0,0.0,0.0,0.0,0.0,0.0,0.0,0.0,0.0,0.0,0.0,0.0,0.0,0.0,42.0,0.0,19.5,72,2,8,5,9,9,1,2,4.0,2,2,1,74,1259,3329,913177,1,1,2,9,9,1,74,1259,3327
91317701103.0,91317701,913177011,65.5,65.5,57.0,48.0,9.0,0.0,0.0,8.5,0.5,0.0,0.0,0.5,0.0,0.0,0.0,0.0,0.0,0.0,0.0,0.0,0.0,0.0,0.0,0.0,0.0,0.0,0.0,8.0,8.0,0.0,8.0,0.0,0.0,0.0,0.0,61.83333333333333,0.0,22.0,42,1,8,5,9,9,1,2,4.0,2,2,1,74,1259,3390,913177,1,1,3,9,9,1,74,1259,3327
90704004105.0,90704004,907040041,32.33333333333333,32.33333333333333,24.33333333333333,24.0,0.33333333333333,0.0,0.0,8.0,8.0,3.0,1.0,2.5,0.0,1.5,0.0,0.0,0.0,0.0,0.0,0.0,0.0,0.0,0.0,0.0,0.0,0.0,0.0,0.0,0.0,0.0,0.0,0.0,0.0,0.0,0.0,93.0,0.0,41.0,45,2,2,3,9,9,1,2,2.0,2,1,1,76,1210,4470,907040,4,1,5,9,9,1,76,1210,4515
90704004106.0,90704004,907040041,23.16666666666666,19.16666666666666,0.0,0.0,0.0,0.0,0.0,23.16666666666666,18.5,6.5,10.0,1.0,0.0,1.0,0.0,0.0,4.66666666666666,0.66666666666666,4.66666666666666,0.66666666666666,0.0,0.0,0.0,0.0,0.0,0.0,0.0,0.0,0.0,0.0,0.0,0.0,0.0,0.0,0.0,52.5,59.0,22.0,21,1,8,2,9,9,1,2,4.0,2,2,4,76,1210,4609,907040,4,1,6,9,9,1,76,1210,4515
90704004107.0,90704004,907040041,64.16666666666666,52.16666666666666,0.0,0.0,0.0,0.0,0.0,64.16666666666666,36.16666666666666,10.5,18.66666666666666,4.5,0.0,2.0,0.0,0.5,17.0,5.0,12.0,0.0,0.0,0.0,0.0,0.0,5.0,0.0,0.0,11.0,11.0,0.0,0.0,11.0,0.0,0.0,0.0,46.25,62.5,25.5,20,1,8,1,9,9,1,2,4.0,2,2,4,76,1210,4609,907040,4,1,7,9,9,1,76,1210,4515
90719701101.0,90719701,907197011,120.33333333333331,120.33333333333331,87.5,84.0,3.5,0.0,0.0,32.83333333333333,32.83333333333333,10.5,12.08333333333333,4.5,0.0,4.0,0.0,1.75,0.0,0.0,0.0,0.0,0.0,0.0,0.0,0.0,0.0,0.0,0.0,0.0,0.0,0.0,0.0,0.0,0.0,0.0,0.0,63.5,0.0,16.0,33,2,3,3,9,9,1,2,2.0,2,2,1,76,1211,4749,907197,1,1,1,9,9,1,76,1211,4782
90719702101.0,90719702,907197021,69.6,69.6,48.1,48.0,0.1,0.0,1.0,20.5,20.5,10.5,6.5,1.33333333333333,0.0,2.0,0.16666666666666,0.0,0.0,0.0,0.0,0.0,0.0,0.0,0.0,0.0,0.0,0.0,0.0,0.0,0.0,0.0,0.0,0.0,0.0,0.0,0.0,79.0,2.5,5.08333333333333,63,2,3,3,9,9,1,2,2.0,1,2,1,76,1211,4736,907197,2,1,1,9,9,1,76,1211,4782
90719703101.0,90719703,907197031,97.0,95.0,71.16666666666666,70.0,1.16666666666666,0.0,0.0,25.83333333333333,23.41666666666666,7.0,10.66666666666666,3.41666666666666,0.0,2.0,0.33333333333333,0.0,2.41666666666666,0.41666666666666,0.0,0.0,0.0,0.0,2.41666666666666,0.41666666666666,0.0,0.0,0.0,0.0,0.0,0.0,0.0,0.0,0.0,0.0,0.0,91.0,0.0,7.0,82,2,2,3,9,9,1,2,2.0,1,1,1,76,1211,4905,907197,3,1,1,9,9,1,76,1211,4782
90719704101.0,90719704,907197041,25.0,25.0,0.0,0.0,0.0,0.0,6.0,19.0,19.0,5.83333333333333,5.0,6.5,0.0,0.0,1.0,0.66666666666666,0.0,0.0,0.0,0.0,0.0,0.0,0.0,0.0,0.0,0.0,0.0,0.0,0.0,0.0,0.0,0.0,0.0,0.0,0.0,72.5,0.0,30.5,72,2,2,6,9,9,1,2,2.0,2,1,5,76,1211,4813,907197,4,1,1,9,9,1,76,1211,4782
91253101102.0,91253101,912531011,205.56666666666663,87.56666666666666,47.5,40.0,7.5,0.0,0.0,158.06666666666666,9.08333333333333,4.66666666666666,2.5,1.33333333333333,0.0,0.0,0.5,0.08333333333333,148.98333333333332,30.98333333333333,0.0,0.0,80.48333333333333,21.48333333333333,66.5,7.5,2.0,0.0,0.0,0.0,0.0,0.0,0.0,0.0,0.0,0.0,0.0,70.0,2.0,26.5,37,2,8,5,9,9,1,2,4.0,2,2,1,74,1256,4241,912531,1,1,2,9,9,1,74,1256,4301
91253101103.0,91253101,912531011,97.83333333333331,92.83333333333331,30.0,20.0,10.0,0.0,0.0,67.83333333333333,47.33333333333333,9.0,4.5,33.83333333333333,0.0,0.0,0.0,0.0,19.5,14.5,0.0,0.0,10.0,7.5,5.5,3.0,4.0,0.0,0.0,1.0,1.0,1.0,0.0,0.0,0.0,0.0,0.0,76.5,0.0,27.75,42,2,8,4,9,9,1,2,4.0,2,2,1,74,1256,4241,912531,1,1,3,9,9,1,74,1256,4301
91253101104.0,91253101,912531011,72.41666666666666,57.41666666666666,0.0,0.0,0.0,0.0,0.0,72.41666666666666,29.5,3.5,7.25,6.16666666666666,0.0,11.5,0.0,1.08333333333333,42.91666666666666,27.91666666666666,0.0,0.0,24.0,16.5,8.91666666666666,1.41666666666666,10.0,0.0,0.0,0.0,0.0,0.0,0.0,0.0,0.0,0.0,0.0,61.5,0.0,30.0,23,2,8,4,9,9,1,2,4.0,2,2,5,74,1256,4320,912531,1,1,4,9,9,1,74,1256,4301
91253101105.0,91253101,912531011,15.5,15.5,6.0,0.0,0.0,6.0,0.0,9.5,9.0,0.0,7.75,1.25,0.0,0.0,0.0,0.0,0.5,0.5,0.0,0.0,0.0,0.0,0.0,0.0,0.5,0.0,0.0,0.0,0.0,0.0,0.0,0.0,0.0,0.0,0.0,75.53333333333333,0.0,52.83333333333333,20,1,6,3,9,9,1,2,3.0,2,2,2,74,1256,4365,912531,1,1,5,9,9,1,74,1256,4301
91253101108.0,91253101,912531011,4.0,4.0,0.0,0.0,0.0,0.0,0.0,4.0,4.0,0.0,3.0,0.0,0.0,1.0,0.0,0.0,0.0,0.0,0.0,0.0,0.0,0.0,0.0,0.0,0.0,0.0,0.0,0.0,0.0,0.0,0.0,0.0,0.0,0.0,0.0,73.5,47.5,23.5,12,2,2,6,9,9,1,2,2.0,2,2,4,74,1256,4292,912531,1,1,8,9,9,1,74,1256,4301
91253102101.0,91253102,912531021,26.36666666666666,26.36666666666666,0.0,0.0,0.0,0.0,1.0,25.36666666666666,25.36666666666666,9.33333333333333,8.8,6.0,0.0,1.0,0.0,0.23333333333333,0.0,0.0,0.0,0.0,0.0,0.0,0.0,0.0,0.0,0.0,0.0,0.0,0.0,0.0,0.0,0.0,0.0,0.0,0.0,75.83333333333333,0.0,39.75,72,2,5,1,9,9,1,2,3.0,2,2,3,74,1256,4303,912531,2,1,1,9,9,1,74,1256,4301
91253103101.0,91253103,912531031,37.11666666666666,37.11666666666666,21.0,20.0,1.0,0.0,0.0,16.11666666666666,16.11666666666666,12.25,2.66666666666666,0.08333333333333,0.0,0.0,0.0,1.11666666666666,0.0,0.0,0.0,0.0,0.0,0.0,0.0,0.0,0.0,0.0,0.0,0.0,0.0,0.0,0.0,0.0,0.0,0.0,0.0,82.25,0.0,30.13333333333333,64,1,8,5,9,9,1,2,4.0,2,2,1,74,1256,4277,912531,3,1,1,9,9,1,74,1256,4301
91581001104.0,91581001,915810011,92.01666666666667,92.01666666666667,70.58333333333333,70.0,0.58333333333333,0.0,4.0,17.43333333333333,11.93333333333333,4.33333333333333,3.83333333333333,3.35,0.0,0.0,0.0,0.41666666666666,3.5,3.5,0.0,0.0,0.0,0.0,0.0,0.0,3.5,0.0,0.0,2.0,0.0,0.0,0.0,0.0,2.0,0.0,0.0,65.33333333333333,0.0,15.16666666666666,18,1,3,3,9,9,1,2,2.0,2,2,1,74,1275,4902,915810,1,1,4,9,9,1,74,1275,4869
91581002101.0,91581002,915810021,82.26666666666667,72.26666666666667,55.0,35.0,20.0,0.0,0.0,27.26666666666666,12.26666666666666,0.0,6.66666666666666,1.35,1.0,2.0,0.08333333333333,1.16666666666666,15.0,5.0,0.0,0.0,0.0,0.0,14.0,4.0,1.0,0.0,0.0,0.0,0.0,0.0,0.0,0.0,0.0,0.0,0.0,53.63333333333333,0.0,10.5,37,1,8,4,9,9,1,2,4.0,2,2,1,74,1275,4871,915810,2,1,1,9,9,1,74,1275,4869
91581002102.0,91581002,915810021,115.91666666666666,114.58333333333331,32.5,25.0,7.5,0.0,1.0,82.41666666666666,50.41666666666666,24.0,13.16666666666666,6.83333333333333,1.66666666666666,3.0,0.0,1.75,32.0,30.66666666666666,0.0,0.0,0.0,0.0,23.5,22.16666666666666,8.5,0.0,0.0,0.0,0.0,0.0,0.0,0.0,0.0,0.0,0.0,46.5,0.0,12.0,37,2,8,5,9,9,1,2,4.0,2,2,1,74,1275,4801,915810,2,1,2,9,9,1,74,1275,4869
91581003101.0,91581003,915810031,112.2,112.2,88.33333333333333,58.0,30.33333333333333,0.0,0.63333333333333,23.23333333333333,20.9,14.16666666666666,4.0,0.0,0.0,0.0,0.83333333333333,1.9,2.33333333333333,2.33333333333333,0.0,0.0,0.0,0.0,0.0,0.0,2.33333333333333,0.0,0.0,0.0,0.0,0.0,0.0,0.0,0.0,0.0,0.0,87.5,0.0,4.5,45,2,2,6,9,9,1,2,2.0,2,1,1,74,1275,4792,915810,3,1,1,9,9,1,74,1275,4869
91581003102.0,91581003,915810031,76.61666666666666,76.61666666666666,61.0,49.0,12.0,0.0,0.0,15.61666666666666,12.61666666666666,6.33333333333333,2.66666666666666,2.25,0.0,0.16666666666666,0.0,1.2,3.0,3.0,0.0,0.0,0.0,0.0,0.0,0.0,3.0,0.0,0.0,0.0,0.0,0.0,0.0,0.0,0.0,0.0,0.0,55.66666666666666,0.0,9.58333333333333,44,1,3,3,9,9,1,2,2.0,2,2,1,74,1275,4961,915810,3,1,2,9,9,1,74,1275,4869
91581004101.0,91581004,915810041,28.75,28.75,6.16666666666666,6.0,0.16666666666666,0.0,0.0,22.58333333333333,12.75,2.16666666666666,6.5,1.08333333333333,0.0,2.0,0.0,1.0,3.83333333333333,3.83333333333333,0.0,0.0,0.0,0.0,0.0,0.0,3.83333333333333,0.0,0.0,6.0,0.0,0.0,0.0,0.0,6.0,0.0,0.0,68.83333333333333,0.0,22.83333333333333,48,1,7,3,9,9,1,2,4.0,2,2,1,74,1275,4900,915810,4,1,1,9,9,1,74,1275,4869
91581004102.0,91581004,915810041,122.7,122.7,2.06666666666666,2.0,0.06666666666666,0.0,3.5,117.13333333333333,83.13333333333333,50.0,15.88333333333333,6.75,0.0,8.0,1.0,1.5,4.0,4.0,0.0,0.0,0.0,0.0,0.0,0.0,4.0,0.0,0.0,30.0,0.0,0.0,0.0,0.0,30.0,0.0,0.0,91.0,0.0,57.25,49,2,6,1,9,9,1,2,3.0,2,2,1,74,1275,4792,915810,4,1,2,9,9,1,74,1275,4869
90719705101.0,90719705,907197051,96.83333333333331,96.83333333333331,77.0,63.0,14.0,0.0,2.33333333333333,17.5,10.5,0.0,7.5,1.0,0.0,0.0,0.83333333333333,1.16666666666666,7.0,7.0,0.0,0.0,0.0,0.0,0.0,0.0,7.0,0.0,0.0,0.0,0.0,0.0,0.0,0.0,0.0,0.0,0.0,69.5,0.0,14.5,55,1,2,5,9,9,1,2,2.0,1,1,1,76,1211,4802,907197,5,1,1,9,9,1,76,1211,4782
90719705102.0,90719705,907197051,80.08333333333333,80.08333333333333,0.0,0.0,0.0,0.0,3.0,77.08333333333333,66.08333333333333,14.0,16.5,21.0,0.0,14.0,0.0,0.58333333333333,11.0,11.0,0.0,0.0,0.0,0.0,0.0,0.0,11.0,0.0,0.0,0.0,0.0,0.0,0.0,0.0,0.0,0.0,0.0,67.5,0.0,7.0,41,2,0,0,9,9,1,2,1.0,1,2,5,76,1211,4714,907197,5,1,2,9,9,1,76,1211,4782
90776604101.0,90776604,907766041,25.2,25.2,0.0,0.0,0.0,0.0,0.0,25.2,25.2,5.5,16.75,2.75,0.0,0.0,0.03333333333333,0.16666666666666,0.0,0.0,0.0,0.0,0.0,0.0,0.0,0.0,0.0,0.0,0.0,0.0,0.0,0.0,0.0,0.0,0.0,0.0,0.0,70.41666666666666,0.0,28.0,66,2,8,3,9,9,1,2,4.0,2,2,5,73,1216,3887,907766,4,1,1,9,9,1,73,1216,3909
90776604102.0,90776604,907766041,32.91666666666666,32.91666666666666,20.41666666666666,20.0,0.41666666666666,0.0,0.0,12.49999999999999,12.49999999999999,4.0,3.83333333333333,4.58333333333333,0.0,0.0,0.08333333333333,0.0,0.0,0.0,0.0,0.0,0.0,0.0,0.0,0.0,0.0,0.0,0.0,0.0,0.0,0.0,0.0,0.0,0.0,0.0,0.0,80.0,0.0,30.16666666666666,31,2,6,3,9,9,1,2,3.0,2,2,1,73,1216,3864,907766,4,1,2,9,9,1,73,1216,3909
90776605101.0,90776605,907766051,119.83333333333331,116.5,40.58333333333333,40.0,0.58333333333333,0.0,0.0,79.25,22.25,6.0,1.0,0.66666666666666,1.66666666666666,8.0,0.66666666666666,4.25,52.99999999999999,49.66666666666666,0.0,0.0,15.66666666666666,12.33333333333333,22.33333333333333,22.33333333333333,15.0,0.0,0.0,4.0,4.0,0.0,0.0,4.0,0.0,0.0,0.0,62.16666666666666,4.0,13.33333333333333,39,1,8,4,9,9,1,2,4.0,2,2,1,73,1216,3915,907766,5,1,1,9,9,1,73,1216,3909
90776605102.0,90776605,907766051,133.03333333333333,105.03333333333332,22.08333333333333,7.0,15.08333333333333,0.0,0.0,110.95,23.33333333333333,8.0,5.5,3.16666666666666,0.0,6.0,0.0,0.66666666666666,87.61666666666666,59.61666666666666,0.0,0.0,33.95,17.95,46.66666666666666,34.66666666666666,7.0,0.0,0.0,0.0,0.0,0.0,0.0,0.0,0.0,0.0,0.0,74.16666666666666,10.0,8.16666666666666,36,2,8,4,9,9,1,2,4.0,2,2,1,73,1216,3859,907766,5,1,2,9,9,1,73,1216,3909
90776605103.0,90776605,907766051,24.83333333333333,19.33333333333333,0.0,0.0,0.0,0.0,0.0,24.83333333333333,14.25,7.0,3.16666666666666,1.5,0.0,2.0,0.0,0.58333333333333,10.58333333333333,5.08333333333333,0.0,0.0,6.58333333333333,1.08333333333333,4.0,4.0,0.0,0.0,0.0,0.0,0.0,0.0,0.0,0.0,0.0,0.0,0.0,80.5,53.0,23.91666666666666,12,2,2,6,9,9,1,2,2.0,2,2,4,73,1216,3906,907766,5,1,3,9,9,1,73,1216,3909
91253103102.0,91253103,912531031,85.36666666666666,85.36666666666666,78.0,48.0,30.0,0.0,0.0,7.36666666666666,7.36666666666666,1.83333333333333,1.41666666666666,1.0,0.0,3.0,0.0,0.11666666666666,0.0,0.0,0.0,0.0,0.0,0.0,0.0,0.0,0.0,0.0,0.0,0.0,0.0,0.0,0.0,0.0,0.0,0.0,0.0,77.0,0.0,21.0,77,2,3,3,9,9,1,2,2.0,2,2,1,74,1256,4305,912531,3,1,2,9,9,1,74,1256,4301
91253104101.0,91253104,912531041,101.5,101.5,0.0,0.0,0.0,0.0,0.0,101.5,89.5,11.33333333333333,32.75,3.0,31.0,5.66666666666666,4.0,1.75,12.0,12.0,0.0,0.0,0.0,0.0,0.0,0.0,5.0,7.0,7.0,0.0,0.0,0.0,0.0,0.0,0.0,0.0,0.0,81.5,0.0,91.0,63,1,6,3,9,9,1,2,3.0,2,2,3,74,1256,4277,912531,4,1,1,9,9,1,74,1256,4301
91253104102.0,91253104,912531041,62.5,62.5,55.0,35.0,20.0,0.0,0.0,7.5,6.16666666666666,2.25,2.83333333333333,0.25,0.0,0.83333333333333,0.0,0.0,1.33333333333333,1.33333333333333,0.0,0.0,0.0,0.0,0.0,0.0,0.16666666666666,1.16666666666666,1.16666666666666,0.0,0.0,0.0,0.0,0.0,0.0,0.0,0.0,98.5,0.0,56.0,60,2,6,3,9,9,1,2,3.0,2,2,1,74,1256,4235,912531,4,1,2,9,9,1,74,1256,4301
91253104103.0,91253104,912531041,75.5,65.5,50.0,45.0,5.0,0.0,0.0,25.5,15.5,1.16666666666666,13.25,0.08333333333333,0.0,0.0,0.0,1.0,10.0,0.0,0.0,0.0,0.0,0.0,0.0,0.0,0.0,10.0,0.0,0.0,0.0,0.0,0.0,0.0,0.0,0.0,0.0,66.75,0.0,10.25,30,1,6,3,9,9,1,2,3.0,2,2,1,74,1256,4370,912531,4,1,3,9,9,1,74,1256,4301
91253104104.0,91253104,912531041,50.08333333333333,50.08333333333333,8.0,0.0,0.0,8.0,0.0,42.08333333333333,35.74999999999999,10.33333333333333,16.0,2.33333333333333,0.58333333333333,6.5,0.0,0.0,6.33333333333333,6.33333333333333,0.0,0.0,0.0,0.0,0.0,0.0,3.33333333333333,3.0,3.0,0.0,0.0,0.0,0.0,0.0,0.0,0.0,0.0,103.5,0.0,58.5,28,1,8,5,9,9,1,2,4.0,2,2,2,74,1256,4341,912531,4,1,4,9,9,1,74,1256,4301
91253105101.0,91253105,912531051,121.75,121.75,94.0,70.0,24.0,0.0,0.0,27.75,17.75,5.0,4.0,2.16666666666666,6.0,0.0,0.0,0.58333333333333,10.0,10.0,0.0,0.0,0.0,0.0,0.0,0.0,10.0,0.0,0.0,0.0,0.0,0.0,0.0,0.0,0.0,0.0,0.0,49.0,0.0,137.0,50,1,7,3,9,9,1,2,4.0,2,2,1,74,1256,4308,912531,5,1,1,9,9,1,74,1256,4301
91253105102.0,91253105,912531051,50.96666666666666,50.96666666666666,23.0,18.0,5.0,0.0,0.0,27.96666666666666,25.13333333333333,7.83333333333333,10.16666666666666,3.13333333333333,2.0,1.5,0.33333333333333,0.16666666666666,2.83333333333333,2.83333333333333,0.0,0.0,0.0,0.0,0.0,0.0,2.66666666666666,0.16666666666666,0.16666666666666,0.0,0.0,0.0,0.0,0.0,0.0,0.0,0.0,83.5,0.0,25.5,51,2,8,4,9,9,1,2,4.0,2,2,1,74,1256,4267,912531,5,1,2,9,9,1,74,1256,4301
91581004103.0,91581004,915810041,68.23333333333333,68.23333333333333,35.0,25.0,10.0,0.0,0.0,33.23333333333333,20.23333333333333,6.5,8.58333333333333,3.25,0.0,0.0,1.5,0.4,7.0,7.0,0.0,0.0,0.0,0.0,0.0,0.0,7.0,0.0,0.0,6.0,4.0,4.0,0.0,0.0,2.0,0.0,0.0,68.75,0.0,45.5,24,1,6,2,9,9,1,2,3.0,2,2,1,74,1275,4941,915810,4,1,3,9,9,1,74,1275,4869
91581005101.0,91581005,915810051,119.65,59.65,22.0,21.0,1.0,0.0,0.0,97.65,27.15,6.75,16.18333333333333,1.5,0.0,2.33333333333333,0.0,0.38333333333333,66.5,6.5,0.0,0.0,0.0,0.0,66.5,6.5,0.0,0.0,0.0,4.0,0.0,0.0,0.0,0.0,4.0,0.0,0.0,87.0,0.0,67.16666666666666,73,1,2,6,9,9,1,2,2.0,1,2,1,74,1275,4811,915810,5,1,1,9,9,1,74,1275,4869
91581005102.0,91581005,915810051,127.83333333333331,86.83333333333333,7.23333333333333,7.0,0.23333333333333,0.0,6.0,114.6,44.51666666666666,14.13333333333333,10.3,14.83333333333333,0.0,5.0,0.0,0.25,66.08333333333333,25.08333333333333,0.0,0.0,0.0,0.0,35.08333333333333,20.08333333333333,4.0,27.0,1.0,4.0,0.0,0.0,0.0,0.0,4.0,0.0,0.0,50.08333333333333,0.0,7.75,67,2,2,6,9,9,1,2,2.0,1,2,1,74,1275,4835,915810,5,1,2,9,9,1,74,1275,4869
91581005103.0,91581005,915810051,145.91666666666666,83.91666666666666,55.0,40.0,15.0,0.0,0.0,90.91666666666666,16.5,3.5,3.66666666666666,3.66666666666666,0.0,4.16666666666666,0.5,1.0,74.41666666666666,12.41666666666666,0.0,0.0,0.0,0.0,55.91666666666666,8.91666666666666,0.0,18.5,3.5,0.0,0.0,0.0,0.0,0.0,0.0,0.0,0.0,79.5,0.0,22.16666666666666,35,2,8,5,9,9,1,2,4.0,2,2,1,74,1275,4801,915810,5,1,3,9,9,1,74,1275,4869
91583101101.0,91583101,915831011,19.1,12.1,0.0,0.0,0.0,0.0,0.0,19.1,2.1,0.0,1.51666666666666,0.35,0.0,0.0,0.0,0.23333333333333,17.0,10.0,0.0,0.0,0.0,0.0,10.0,3.0,7.0,0.0,0.0,0.0,0.0,0.0,0.0,0.0,0.0,0.0,0.0,102.0,0.0,41.0,55,2,8,4,9,9,1,2,4.0,2,2,5,74,1276,5223,915831,1,1,1,9,9,1,74,1276,5351
91583101102.0,91583101,915831011,180.46666666666664,131.46666666666667,14.5,7.0,7.5,0.0,0.0,165.96666666666667,45.0,19.5,12.5,3.75,1.0,6.0,0.0,2.25,120.96666666666665,71.96666666666665,37.91666666666666,27.91666666666666,0.0,0.0,83.05,44.05,0.0,0.0,0.0,0.0,0.0,0.0,0.0,0.0,0.0,0.0,0.0,89.58333333333333,0.0,68.0,33,2,8,5,9,9,1,2,4.0,2,2,1,74,1276,5282,915831,1,1,2,9,9,1,74,1276,5351
91583102101.0,91583102,915831021,55.0,55.0,30.0,30.0,0.0,0.0,0.0,25.0,18.0,0.83333333333333,3.0,0.0,7.0,4.0,0.0,3.16666666666666,7.0,7.0,0.0,0.0,0.0,0.0,0.0,0.0,7.0,0.0,0.0,0.0,0.0,0.0,0.0,0.0,0.0,0.0,0.0,79.66666666666666,0.0,33.5,56,1,8,3,9,9,1,2,4.0,2,2,1,74,1276,5373,915831,2,1,1,9,9,1,74,1276,5351
90837201101.0,90837201,908372011,84.16666666666666,84.16666666666666,53.58333333333333,53.0,0.58333333333333,0.0,0.0,30.58333333333333,23.58333333333333,12.5,6.5,3.0,0.0,1.0,0.0,0.58333333333333,7.0,7.0,0.0,0.0,0.0,0.0,0.0,0.0,7.0,0.0,0.0,0.0,0.0,0.0,0.0,0.0,0.0,0.0,0.0,60.66666666666666,0.0,5.0,44,1,3,3,9,9,1,2,2.0,2,1,1,74,1217,3276,908372,1,1,1,9,9,1,74,1217,3216
90837201102.0,90837201,908372011,75.88333333333333,75.88333333333333,50.83333333333333,50.0,0.83333333333333,0.0,0.0,25.04999999999999,15.71666666666666,10.63333333333333,3.5,0.0,0.0,1.0,0.0,0.58333333333333,9.33333333333333,9.33333333333333,9.33333333333333,9.33333333333333,0.0,0.0,0.0,0.0,0.0,0.0,0.0,0.0,0.0,0.0,0.0,0.0,0.0,0.0,0.0,63.25,0.0,7.0,44,2,6,3,9,9,1,2,3.0,2,2,1,74,1217,3170,908372,1,1,2,9,9,1,74,1217,3216
90837202101.0,90837202,908372021,66.0,66.0,48.0,42.0,6.0,0.0,0.0,18.0,18.0,7.0,7.0,3.5,0.0,0.0,0.0,0.5,0.0,0.0,0.0,0.0,0.0,0.0,0.0,0.0,0.0,0.0,0.0,0.0,0.0,0.0,0.0,0.0,0.0,0.0,0.0,73.33333333333333,0.0,21.0,75,1,2,6,9,9,1,2,2.0,2,2,1,74,1217,3274,908372,2,1,1,9,9,1,74,1217,3216
90837204101.0,90837204,908372041,110.25,105.25,60.0,50.0,10.0,0.0,0.0,50.25,15.58333333333333,4.83333333333333,8.75,0.0,0.33333333333333,1.5,0.16666666666666,0.0,34.66666666666666,29.66666666666666,11.66666666666666,9.66666666666666,0.0,0.0,23.0,20.0,0.0,0.0,0.0,0.0,0.0,0.0,0.0,0.0,0.0,0.0,0.0,50.5,0.0,8.41666666666666,45,1,8,4,9,9,1,2,4.0,2,2,1,74,1217,3236,908372,4,1,1,9,9,1,74,1217,3216
90837204102.0,90837204,908372041,140.08333333333331,135.08333333333331,5.08333333333333,5.0,0.08333333333333,0.0,0.0,135.0,64.25,10.08333333333333,46.66666666666666,3.0,0.0,4.0,0.5,0.0,69.25,64.25,0.0,0.0,0.0,0.0,45.0,40.0,24.25,0.0,0.0,1.5,1.5,0.5,0.0,1.0,0.0,0.0,0.0,75.33333333333333,0.0,65.0,34,2,6,2,9,9,1,2,3.0,2,1,1,74,1217,3175,908372,4,1,2,9,9,1,74,1217,3216
90837205101.0,90837205,908372051,83.86666666666666,83.86666666666666,60.0,50.0,10.0,0.0,0.0,23.86666666666666,23.36666666666666,7.0,7.5,5.66666666666666,1.5,1.0,0.58333333333333,0.11666666666666,0.0,0.0,0.0,0.0,0.0,0.0,0.0,0.0,0.0,0.0,0.0,0.5,0.5,0.5,0.0,0.0,0.0,0.0,0.0,61.0,0.0,32.33333333333333,22,1,6,3,9,9,1,2,3.0,2,2,1,74,1217,3263,908372,5,1,1,9,9,1,74,1217,3216
90861101101.0,90861101,908611011,30.33333333333333,30.33333333333333,0.0,0.0,0.0,0.0,0.0,30.33333333333333,30.33333333333333,24.0,6.33333333333333,0.0,0.0,0.0,0.0,0.0,0.0,0.0,0.0,0.0,0.0,0.0,0.0,0.0,0.0,0.0,0.0,0.0,0.0,0.0,0.0,0.0,0.0,0.0,0.0,85.0,0.0,7.0,79,2,0,0,9,9,1,2,1.0,1,2,5,76,1218,4121,908611,1,1,1,9,9,1,76,1218,4093
91506903101.0,91506903,915069031,43.75,38.75,14.66666666666666,10.16666666666666,4.5,0.0,0.0,29.08333333333333,14.08333333333333,6.0,3.66666666666666,1.5,1.16666666666666,1.0,0.16666666666666,0.58333333333333,15.0,10.0,0.0,0.0,15.0,10.0,0.0,0.0,0.0,0.0,0.0,0.0,0.0,0.0,0.0,0.0,0.0,0.0,0.0,46.5,0.0,25.0,46,1,8,4,9,9,1,2,4.0,2,1,1,73,1272,4373,915069,3,1,1,9,9,1,73,1272,4340
91506903102.0,91506903,915069031,112.41666666666666,100.41666666666666,54.0,50.0,4.0,0.0,0.0,58.41666666666666,33.91666666666666,5.5,19.25,1.0,0.0,5.0,2.0,1.16666666666666,24.5,12.5,0.0,0.0,24.5,12.5,0.0,0.0,0.0,0.0,0.0,0.0,0.0,0.0,0.0,0.0,0.0,0.0,0.0,55.0,0.0,26.0,39,2,8,1,9,9,1,2,4.0,2,2,1,73,1272,4284,915069,3,1,2,9,9,1,73,1272,4340
91506904101.0,91506904,915069041,10.41666666666666,10.41666666666666,6.0,6.0,0.0,0.0,0.0,4.41666666666666,4.08333333333333,1.0,1.33333333333333,0.33333333333333,0.41666666666666,0.58333333333333,0.0,0.41666666666666,0.33333333333333,0.33333333333333,0.0,0.0,0.0,0.0,0.0,0.0,0.16666666666666,0.16666666666666,0.16666666666666,0.0,0.0,0.0,0.0,0.0,0.0,0.0,0.0,63.35,0.0,9.0,68,1,8,4,9,9,1,2,4.0,2,2,1,73,1272,4314,915069,4,1,1,9,9,1,73,1272,4340
91506904102.0,91506904,915069041,31.3,31.3,0.0,0.0,0.0,0.0,0.0,31.3,24.3,4.0,0.5,10.5,0.0,8.0,1.13333333333333,0.16666666666666,7.0,7.0,0.0,0.0,0.0,0.0,0.0,0.0,0.0,7.0,7.0,0.0,0.0,0.0,0.0,0.0,0.0,0.0,0.0,82.75,9.0,42.0,67,2,8,5,9,9,1,2,4.0,2,2,5,73,1272,4315,915069,4,1,2,9,9,1,73,1272,4340
91506904103.0,91506904,915069041,43.33333333333333,43.33333333333333,40.0,40.0,0.0,0.0,0.0,3.33333333333333,3.33333333333333,0.0,0.33333333333333,0.41666666666666,1.0,1.0,0.0,0.58333333333333,0.0,0.0,0.0,0.0,0.0,0.0,0.0,0.0,0.0,0.0,0.0,0.0,0.0,0.0,0.0,0.0,0.0,0.0,0.0,88.0,0.0,34.08333333333333,34,1,10,2,9,9,1,2,5.0,2,2,1,73,1272,4415,915069,4,1,3,9,9,1,73,1272,4340
91506905101.0,91506905,915069051,11.33333333333333,11.33333333333333,0.0,0.0,0.0,0.0,1.0,10.33333333333333,10.33333333333333,5.83333333333333,0.5,1.5,0.0,1.5,0.0,1.0,0.0,0.0,0.0,0.0,0.0,0.0,0.0,0.0,0.0,0.0,0.0,0.0,0.0,0.0,0.0,0.0,0.0,0.0,0.0,81.25,0.0,0.0,77,2,7,3,9,9,1,2,4.0,2,2,3,73,1272,4349,915069,5,1,1,9,9,1,73,1272,4340
91553402101.0,91553402,915534021,14.0,14.0,0.0,0.0,0.0,0.0,3.5,10.5,10.5,2.5,2.5,0.0,5.5,0.0,0.0,0.0,0.0,0.0,0.0,0.0,0.0,0.0,0.0,0.0,0.0,0.0,0.0,0.0,0.0,0.0,0.0,0.0,0.0,0.0,0.0,61.58333333333333,0.0,24.0,88,1,2,6,9,9,1,2,2.0,2,2,5,73,1273,3668,915534,2,1,1,9,9,1,73,1273,3446
91583102102.0,91583102,915831021,131.45,131.45,79.73333333333333,79.5,0.23333333333333,0.0,15.0,36.71666666666666,32.38333333333333,15.63333333333333,7.0,4.5,0.0,2.0,0.08333333333333,3.16666666666666,4.33333333333333,4.33333333333333,0.0,0.0,0.0,0.0,0.0,0.0,4.33333333333333,0.0,0.0,0.0,0.0,0.0,0.0,0.0,0.0,0.0,0.0,75.16666666666666,0.0,8.91666666666666,52,2,6,3,9,9,1,2,3.0,2,2,1,74,1276,5308,915831,2,1,2,9,9,1,74,1276,5351
91583102103.0,91583102,915831021,75.83333333333333,75.83333333333333,67.0,42.0,25.0,0.0,0.0,8.83333333333333,7.83333333333333,5.0,2.75,0.0,0.0,0.0,0.08333333333333,0.0,1.0,1.0,0.0,0.0,0.0,0.0,0.0,0.0,1.0,0.0,0.0,0.0,0.0,0.0,0.0,0.0,0.0,0.0,0.0,67.66666666666666,0.0,35.5,32,2,10,2,9,9,1,2,5.0,2,2,1,74,1276,5282,915831,2,1,3,9,9,1,74,1276,5351
91583102104.0,91583102,915831021,49.5,49.5,12.0,6.0,6.0,0.0,14.0,23.5,23.33333333333333,12.83333333333333,7.5,2.8,0.0,0.0,0.0,0.2,0.16666666666666,0.16666666666666,0.0,0.0,0.0,0.0,0.0,0.0,0.16666666666666,0.0,0.0,0.0,0.0,0.0,0.0,0.0,0.0,0.0,0.0,76.33333333333333,0.0,50.5,24,2,8,4,9,9,1,2,4.0,2,2,1,74,1276,5373,915831,2,1,4,9,9,1,74,1276,5351
91583103101.0,91583103,915831031,66.33333333333333,66.33333333333333,61.16666666666666,60.0,1.16666666666666,0.0,0.0,5.16666666666666,5.16666666666666,1.58333333333333,1.83333333333333,1.75,0.0,0.0,0.0,0.0,0.0,0.0,0.0,0.0,0.0,0.0,0.0,0.0,0.0,0.0,0.0,0.0,0.0,0.0,0.0,0.0,0.0,0.0,0.0,67.66666666666666,0.0,12.5,60,1,2,6,9,9,1,2,2.0,2,2,1,74,1276,5320,915831,3,1,1,9,9,1,74,1276,5351
91583104101.0,91583104,915831041,78.08333333333333,78.08333333333333,60.0,54.0,6.0,0.0,0.0,18.08333333333333,16.41666666666666,8.33333333333333,1.58333333333333,3.33333333333333,0.0,2.0,0.0,1.16666666666666,1.66666666666666,1.66666666666666,0.0,0.0,0.0,0.0,0.0,0.0,1.66666666666666,0.0,0.0,0.0,0.0,0.0,0.0,0.0,0.0,0.0,0.0,69.5,0.0,13.75,51,2,3,3,9,9,1,2,2.0,1,2,1,74,1276,5308,915831,4,1,1,9,9,1,74,1276,5351
91583104102.0,91583104,915831041,75.91666666666666,75.91666666666666,52.5,50.0,2.5,0.0,0.0,23.41666666666666,19.75,1.0,13.5,3.25,0.5,0.25,0.16666666666666,1.08333333333333,3.66666666666666,3.66666666666666,0.0,0.0,0.0,0.0,0.0,0.0,3.66666666666666,0.0,0.0,0.0,0.0,0.0,0.0,0.0,0.0,0.0,0.0,46.5,45.0,2.0,26,2,8,2,9,9,1,2,4.0,1,2,1,74,1276,5311,915831,4,1,2,9,9,1,74,1276,5351
91583105101.0,91583105,915831051,149.03333333333333,149.03333333333333,140.0,120.0,20.0,0.0,0.0,9.03333333333333,5.03333333333333,3.08333333333333,1.0,0.33333333333333,0.03333333333333,0.0,0.0,0.58333333333333,4.0,4.0,0.0,0.0,0.0,0.0,0.0,0.0,4.0,0.0,0.0,0.0,0.0,0.0,0.0,0.0,0.0,0.0,0.0,85.63333333333333,0.0,7.58333333333333,53,1,6,3,9,9,1,2,3.0,2,2,1,74,1276,5359,915831,5,1,1,9,9,1,74,1276,5351
90861101102.0,90861101,908611011,115.25,101.25,91.0,70.0,21.0,0.0,0.0,24.25,4.75,1.16666666666666,1.75,1.83333333333333,0.0,0.0,0.0,0.0,19.5,5.5,0.0,0.0,0.0,0.0,0.0,0.0,0.5,19.0,5.0,0.0,0.0,0.0,0.0,0.0,0.0,0.0,0.0,56.0,0.0,17.5,55,1,6,2,9,9,1,2,3.0,2,2,1,76,1218,4135,908611,1,1,2,9,9,1,76,1218,4093
90861101103.0,90861101,908611011,61.41666666666666,61.41666666666666,10.33333333333333,10.0,0.33333333333333,0.0,0.0,51.08333333333333,51.08333333333333,17.5,21.0,4.0,0.0,7.0,0.0,1.58333333333333,0.0,0.0,0.0,0.0,0.0,0.0,0.0,0.0,0.0,0.0,0.0,0.0,0.0,0.0,0.0,0.0,0.0,0.0,0.0,76.0,0.0,33.0,37,2,2,6,9,9,1,2,2.0,2,2,1,76,1218,4059,908611,1,1,3,9,9,1,76,1218,4093
90861102101.0,90861102,908611021,101.46666666666665,101.46666666666665,98.0,50.0,48.0,0.0,0.0,3.46666666666666,2.3,0.88333333333333,0.0,1.16666666666666,0.0,0.0,0.0,0.25,1.16666666666666,1.16666666666666,0.0,0.0,0.0,0.0,0.0,0.0,1.16666666666666,0.0,0.0,0.0,0.0,0.0,0.0,0.0,0.0,0.0,0.0,55.5,0.0,19.0,65,1,3,3,9,9,1,2,2.0,1,2,1,76,1218,4087,908611,2,1,1,9,9,1,76,1218,4093
90861102102.0,90861102,908611021,35.58333333333333,35.58333333333333,0.0,0.0,0.0,0.0,0.0,35.58333333333333,35.58333333333333,15.41666666666666,11.91666666666666,2.75,0.0,4.91666666666666,0.0,0.58333333333333,0.0,0.0,0.0,0.0,0.0,0.0,0.0,0.0,0.0,0.0,0.0,0.0,0.0,0.0,0.0,0.0,0.0,0.0,0.0,67.75,0.0,7.24999999999999,57,2,2,6,9,9,1,2,2.0,1,2,5,76,1218,3996,908611,2,1,2,9,9,1,76,1218,4093
90861102103.0,90861102,908611021,67.83333333333333,67.83333333333333,66.0,48.0,18.0,0.0,0.0,1.83333333333333,1.75,0.0,1.16666666666666,0.0,0.0,0.0,0.0,0.58333333333333,0.08333333333333,0.08333333333333,0.0,0.0,0.0,0.0,0.0,0.0,0.08333333333333,0.0,0.0,0.0,0.0,0.0,0.0,0.0,0.0,0.0,0.0,60.75,0.0,5.86666666666666,32,1,3,3,9,9,1,2,2.0,1,2,1,76,1218,4183,908611,2,1,3,9,9,1,76,1218,4093
90861103101.0,90861103,908611031,89.5,89.5,55.0,35.0,20.0,0.0,6.0,28.5,21.5,3.5,7.0,1.66666666666666,2.0,3.0,3.5,0.83333333333333,7.0,7.0,0.0,0.0,0.0,0.0,0.0,0.0,7.0,0.0,0.0,0.0,0.0,0.0,0.0,0.0,0.0,0.0,0.0,37.55,0.0,15.0,61,1,5,3,9,9,1,2,3.0,2,1,1,76,1218,4094,908611,3,1,1,9,9,1,76,1218,4093
90861103102.0,90861103,908611031,108.33333333333331,101.33333333333331,70.0,42.0,28.0,0.0,2.0,36.33333333333333,25.83333333333333,10.5,8.66666666666666,3.33333333333333,0.0,2.5,0.16666666666666,0.66666666666666,10.5,3.5,0.0,0.0,0.0,0.0,0.0,0.0,0.0,10.5,3.5,0.0,0.0,0.0,0.0,0.0,0.0,0.0,0.0,59.5,0.0,22.5,54,2,6,3,9,9,1,2,3.0,2,2,1,76,1218,4085,908611,3,1,2,9,9,1,76,1218,4093
91553402102.0,91553402,915534021,71.41666666666666,71.41666666666666,47.5,40.0,7.5,0.0,0.0,23.91666666666666,23.91666666666666,12.0,3.5,3.5,0.0,3.5,0.58333333333333,0.83333333333333,0.0,0.0,0.0,0.0,0.0,0.0,0.0,0.0,0.0,0.0,0.0,0.0,0.0,0.0,0.0,0.0,0.0,0.0,0.0,67.5,0.0,47.58333333333333,42,2,8,4,9,9,1,2,4.0,2,2,1,73,1273,3402,915534,2,1,2,9,9,1,73,1273,3446
91553403101.0,91553403,915534031,51.91666666666666,33.91666666666666,0.0,0.0,0.0,0.0,0.0,51.91666666666666,15.0,7.0,3.83333333333333,2.0,0.0,2.16666666666666,0.0,0.0,36.91666666666666,18.91666666666666,0.0,0.0,36.91666666666666,18.91666666666666,0.0,0.0,0.0,0.0,0.0,0.0,0.0,0.0,0.0,0.0,0.0,0.0,0.0,67.66666666666666,0.0,25.5,72,2,0,0,9,9,1,2,1.0,2,1,5,73,1273,3453,915534,3,1,1,9,9,1,73,1273,3446
91553403102.0,91553403,915534031,99.0,99.0,99.0,96.0,3.0,0.0,0.0,0.0,0.0,0.0,0.0,0.0,0.0,0.0,0.0,0.0,0.0,0.0,0.0,0.0,0.0,0.0,0.0,0.0,0.0,0.0,0.0,0.0,0.0,0.0,0.0,0.0,0.0,0.0,0.0,41.5,0.0,17.0,54,1,2,6,9,9,1,2,2.0,2,2,1,73,1273,3456,915534,3,1,2,9,9,1,73,1273,3446
91553404101.0,91553404,915534041,45.5,45.5,37.5,36.0,1.5,0.0,0.0,8.0,8.0,0.0,3.5,0.0,0.0,3.0,1.0,0.5,0.0,0.0,0.0,0.0,0.0,0.0,0.0,0.0,0.0,0.0,0.0,0.0,0.0,0.0,0.0,0.0,0.0,0.0,0.0,65.63333333333333,0.0,15.0,55,2,8,5,9,9,1,2,4.0,2,2,1,73,1273,3369,915534,4,1,1,9,9,1,73,1273,3446
91566301101.0,91566301,915663011,50.0,50.0,5.33333333333333,5.0,0.33333333333333,0.0,0.0,44.66666666666666,11.33333333333333,5.0,4.16666666666666,1.16666666666666,0.0,0.0,0.0,1.0,2.5,2.5,0.0,0.0,0.0,0.0,0.0,0.0,2.5,0.0,0.0,30.83333333333333,23.16666666666666,0.0,0.0,23.16666666666666,7.66666666666666,0.0,0.0,78.5,0.0,42.16666666666666,76,2,8,4,9,9,1,2,4.0,2,2,1,74,1274,3602,915663,1,1,1,9,9,1,74,1274,3599
91566301102.0,91566301,915663011,88.66666666666666,63.66666666666666,30.83333333333333,30.0,0.83333333333333,0.0,0.0,57.83333333333333,24.33333333333333,14.0,3.91666666666666,3.0,0.0,3.0,0.0,0.41666666666666,33.5,8.5,0.0,0.0,0.0,0.0,0.0,0.0,8.5,25.0,0.0,0.0,0.0,0.0,0.0,0.0,0.0,0.0,0.0,72.5,0.0,30.5,51,2,8,4,9,9,1,2,4.0,1,2,1,74,1274,3570,915663,1,1,2,9,9,1,74,1274,3599
91566301103.0,91566301,915663011,52.41666666666666,52.41666666666666,42.0,40.0,2.0,0.0,0.0,10.41666666666666,10.41666666666666,3.16666666666666,5.0,1.5,0.0,0.0,0.5,0.25,0.0,0.0,0.0,0.0,0.0,0.0,0.0,0.0,0.0,0.0,0.0,0.0,0.0,0.0,0.0,0.0,0.0,0.0,0.0,109.0,0.0,73.0,28,1,8,4,9,9,1,2,4.0,2,2,1,74,1274,3632,915663,1,1,3,9,9,1,74,1274,3599
91958703101.0,91958703,919587031,72.66666666666666,72.66666666666666,64.5,61.0,3.5,0.0,0.0,8.16666666666666,4.66666666666666,0.0,2.75,1.91666666666666,0.0,0.0,0.0,0.0,0.0,0.0,0.0,0.0,0.0,0.0,0.0,0.0,0.0,0.0,0.0,3.5,3.5,1.0,0.0,2.5,0.0,0.0,0.0,59.25,0.0,18.83333333333333,28,1,8,3,9,9,1,2,4.0,2,2,1,73,1306,4180,919587,3,1,1,9,9,1,73,1306,4136
91958704101.0,91958704,919587041,39.8,39.8,0.0,0.0,0.0,0.0,14.05,25.75,25.75,7.5,4.33333333333333,5.5,3.0,3.0,1.75,0.66666666666666,0.0,0.0,0.0,0.0,0.0,0.0,0.0,0.0,0.0,0.0,0.0,0.0,0.0,0.0,0.0,0.0,0.0,0.0,0.0,71.33333333333333,0.0,26.0,81,2,5,3,9,9,1,2,3.0,2,2,3,73,1306,4249,919587,4,1,1,9,9,1,73,1306,4136
91958705101.0,91958705,919587051,101.0,73.0,42.5,40.0,2.5,0.0,0.0,58.5,24.0,7.5,9.25,0.0,2.5,3.0,0.16666666666666,1.58333333333333,34.5,6.5,0.0,0.0,0.0,0.0,34.5,6.5,0.0,0.0,0.0,0.0,0.0,0.0,0.0,0.0,0.0,0.0,0.0,60.33333333333333,0.0,31.5,40,1,8,3,9,9,1,2,4.0,2,2,1,73,1306,4219,919587,5,1,1,9,9,1,73,1306,4136
91958705102.0,91958705,919587051,72.21666666666665,62.21666666666666,34.0,30.0,4.0,0.0,0.0,38.21666666666666,11.58333333333333,4.0,1.0,3.5,0.0,2.0,0.5,0.58333333333333,22.63333333333333,12.63333333333333,0.0,0.0,0.0,0.0,20.63333333333333,10.63333333333333,2.0,0.0,0.0,4.0,4.0,0.0,0.0,4.0,0.0,0.0,0.0,65.75,0.0,30.33333333333333,40,2,8,3,9,9,1,2,4.0,2,2,1,73,1306,4083,919587,5,1,2,9,9,1,73,1306,4136
91959101101.0,91959101,919591011,63.91666666666666,63.91666666666666,46.5,45.0,1.5,0.0,0.0,17.41666666666666,14.41666666666666,7.5,3.25,1.0,0.0,1.5,1.0,0.16666666666666,3.0,3.0,0.0,0.0,0.0,0.0,0.0,0.0,3.0,0.0,0.0,0.0,0.0,0.0,0.0,0.0,0.0,0.0,0.0,67.0,0.0,27.0,54,1,8,4,9,9,1,2,4.0,2,2,1,73,1307,3996,919591,1,1,1,9,9,1,73,1307,3985
91959101102.0,91959101,919591011,36.21666666666666,36.21666666666666,0.0,0.0,0.0,0.0,3.5,32.71666666666666,32.71666666666666,15.0,14.41666666666666,3.0,0.0,0.0,0.0,0.3,0.0,0.0,0.0,0.0,0.0,0.0,0.0,0.0,0.0,0.0,0.0,0.0,0.0,0.0,0.0,0.0,0.0,0.0,0.0,77.5,0.0,23.83333333333333,52,2,8,4,9,9,1,2,4.0,2,2,5,73,1307,3958,919591,1,1,2,9,9,1,73,1307,3985
90744101101.0,90744101,907441011,185.56666666666663,87.56666666666666,63.23333333333333,63.0,0.23333333333333,0.0,4.0,118.33333333333331,20.33333333333333,10.5,5.58333333333333,1.5,0.0,0.5,0.0,2.25,98.0,0.0,98.0,0.0,0.0,0.0,0.0,0.0,0.0,0.0,0.0,0.0,0.0,0.0,0.0,0.0,0.0,0.0,0.0,61.33333333333333,0.0,0.0,52,2,3,3,9,9,1,2,2.0,2,2,1,76,1214,4623,907441,1,1,1,9,9,1,76,1214,4632
91715703101.0,91715703,917157031,71.68333333333332,71.68333333333332,66.5,56.0,10.5,0.0,0.0,5.18333333333333,5.18333333333333,0.83333333333333,2.46666666666666,1.41666666666666,0.0,0.0,0.0,0.46666666666666,0.0,0.0,0.0,0.0,0.0,0.0,0.0,0.0,0.0,0.0,0.0,0.0,0.0,0.0,0.0,0.0,0.0,0.0,0.0,62.16666666666666,0.0,29.25,41,1,6,3,9,9,1,2,3.0,2,2,1,73,1288,3680,917157,3,1,1,9,9,1,73,1288,3607
91715703102.0,91715703,917157031,79.78333333333333,79.78333333333333,52.25,48.0,4.25,0.0,0.0,27.53333333333333,27.53333333333333,7.66666666666666,8.16666666666666,5.16666666666666,0.0,5.0,0.5,1.03333333333333,0.0,0.0,0.0,0.0,0.0,0.0,0.0,0.0,0.0,0.0,0.0,0.0,0.0,0.0,0.0,0.0,0.0,0.0,0.0,55.41666666666666,0.0,16.08333333333333,41,2,6,3,9,9,1,2,3.0,2,2,1,73,1288,3561,917157,3,1,2,9,9,1,73,1288,3607
91715703103.0,91715703,917157031,6.66666666666666,6.66666666666666,0.0,0.0,0.0,0.0,0.0,6.66666666666666,6.66666666666666,0.91666666666666,2.0,3.25,0.0,0.0,0.25,0.25,0.0,0.0,0.0,0.0,0.0,0.0,0.0,0.0,0.0,0.0,0.0,0.0,0.0,0.0,0.0,0.0,0.0,0.0,0.0,68.25,47.0,26.83333333333333,22,1,8,1,9,9,1,2,4.0,2,2,4,73,1288,3665,917157,3,1,3,9,9,1,73,1288,3607
91715703104.0,91715703,917157031,62.16666666666666,62.16666666666666,57.0,54.0,3.0,0.0,0.0,5.16666666666666,4.66666666666666,0.66666666666666,1.5,0.5,0.0,1.41666666666666,0.0,0.58333333333333,0.5,0.5,0.0,0.0,0.0,0.0,0.0,0.0,0.5,0.0,0.0,0.0,0.0,0.0,0.0,0.0,0.0,0.0,0.0,66.66666666666666,0.0,23.0,20,1,3,3,9,9,1,2,2.0,2,2,1,73,1288,3665,917157,3,1,4,9,9,1,73,1288,3607
91715704101.0,91715704,917157041,116.95,94.95,66.0,51.0,15.0,0.0,0.0,50.95,22.11666666666666,7.25,5.33333333333333,4.25,0.0,3.75,0.5,1.03333333333333,28.83333333333333,6.83333333333333,0.0,0.0,0.0,0.0,28.83333333333333,6.83333333333333,0.0,0.0,0.0,0.0,0.0,0.0,0.0,0.0,0.0,0.0,0.0,64.25,0.0,19.0,38,2,6,3,9,9,1,2,3.0,2,2,1,73,1288,3561,917157,4,1,1,9,9,1,73,1288,3607
91715704102.0,91715704,917157041,60.58333333333333,50.58333333333333,25.0,20.0,5.0,0.0,0.0,35.58333333333333,17.91666666666666,5.33333333333333,4.66666666666666,3.66666666666666,0.0,2.83333333333333,1.0,0.41666666666666,17.66666666666666,7.66666666666666,0.0,0.0,0.0,0.0,15.66666666666666,5.66666666666666,2.0,0.0,0.0,0.0,0.0,0.0,0.0,0.0,0.0,0.0,0.0,64.5,40.0,17.46666666666666,19,2,6,3,9,9,1,2,3.0,2,2,1,73,1288,3623,917157,4,1,2,9,9,1,73,1288,3607
91715704104.0,91715704,917157041,94.68333333333332,83.68333333333332,66.5,54.0,12.5,0.0,0.0,28.18333333333333,13.35,7.75,2.0,2.33333333333333,0.0,1.0,0.0,0.26666666666666,14.83333333333333,3.83333333333333,0.0,0.0,0.0,0.0,12.83333333333333,1.83333333333333,2.0,0.0,0.0,0.0,0.0,0.0,0.0,0.0,0.0,0.0,0.0,60.33333333333333,0.0,24.5,20,1,7,3,9,9,1,2,4.0,2,2,1,73,1288,3665,917157,4,1,4,9,9,1,73,1288,3607
90020305101.0,90020305,900203051,101.75,91.75,75.0,60.0,15.0,0.0,0.0,26.75,2.33333333333333,0.33333333333333,0.08333333333333,0.25,0.16666666666666,1.5,0.0,0.0,24.41666666666666,14.41666666666666,0.0,0.0,22.91666666666666,12.91666666666666,0.0,0.0,1.5,0.0,0.0,0.0,0.0,0.0,0.0,0.0,0.0,0.0,0.0,53.0,0.0,7.0,31,1,6,3,9,9,1,2,3.0,2,2,1,74,1151,4010,900203,5,1,1,9,9,1,74,1151,3947
90020305102.0,90020305,900203051,127.96666666666665,86.96666666666665,24.5,20.0,4.5,0.0,1.0,102.46666666666665,38.96666666666666,17.5,12.08333333333333,5.5,0.0,3.0,0.16666666666666,0.71666666666666,63.5,22.5,0.0,0.0,63.5,22.5,0.0,0.0,0.0,0.0,0.0,0.0,0.0,0.0,0.0,0.0,0.0,0.0,0.0,49.08333333333333,0.0,11.0,30,2,6,3,9,9,1,2,3.0,2,2,1,74,1151,3896,900203,5,1,2,9,9,1,74,1151,3947
90020305103.0,90020305,900203051,5.83333333333333,2.83333333333333,0.0,0.0,0.0,0.0,0.0,5.83333333333333,1.33333333333333,1.16666666666666,0.0,0.16666666666666,0.0,0.0,0.0,0.0,4.5,1.5,0.0,0.0,4.5,1.5,0.0,0.0,0.0,0.0,0.0,0.0,0.0,0.0,0.0,0.0,0.0,0.0,0.0,64.25,48.66666666666666,9.5,14,1,3,2,9,9,1,2,2.0,2,2,4,74,1151,3963,900203,5,1,3,9,9,1,74,1151,3947
90027001101.0,90027001,900270011,17.75,17.75,0.0,0.0,0.0,0.0,0.0,17.75,7.75,0.5,1.66666666666666,0.41666666666666,2.0,3.0,0.0,0.16666666666666,5.0,5.0,0.0,0.0,0.0,0.0,0.0,0.0,0.0,5.0,5.0,5.0,5.0,0.0,5.0,0.0,0.0,0.0,0.0,80.5,0.0,19.0,71,1,3,3,9,9,1,2,2.0,2,2,3,73,1152,3512,900270,1,1,1,9,9,1,73,1152,3550
90027001102.0,90027001,900270011,55.54999999999999,55.54999999999999,0.0,0.0,0.0,0.0,0.0,55.54999999999999,49.54999999999999,16.33333333333333,27.48333333333333,2.5,0.0,3.0,0.0,0.23333333333333,2.0,2.0,0.0,0.0,0.0,0.0,0.0,0.0,0.0,2.0,2.0,4.0,4.0,0.0,4.0,0.0,0.0,0.0,0.0,94.5,0.0,22.5,68,2,3,3,9,9,1,2,2.0,2,2,5,73,1152,3530,900270,1,1,2,9,9,1,73,1152,3550
90027001103.0,90027001,900270011,60.91666666666666,60.91666666666666,45.0,40.0,5.0,0.0,0.0,15.91666666666666,11.58333333333333,0.0,11.0,0.41666666666666,0.0,0.0,0.0,0.16666666666666,4.33333333333333,4.33333333333333,0.0,0.0,0.0,0.0,0.0,0.0,4.33333333333333,0.0,0.0,0.0,0.0,0.0,0.0,0.0,0.0,0.0,0.0,50.0,0.0,34.0,35,1,3,3,9,9,1,2,2.0,2,2,1,73,1152,3556,900270,1,1,3,9,9,1,73,1152,3550
90027001104.0,90027001,900270011,59.83333333333333,59.83333333333333,45.0,35.0,10.0,0.0,0.0,14.83333333333333,14.08333333333333,0.0,9.08333333333333,2.83333333333333,0.0,2.0,0.16666666666666,0.0,0.75,0.75,0.0,0.0,0.0,0.0,0.0,0.0,0.75,0.0,0.0,0.0,0.0,0.0,0.0,0.0,0.0,0.0,0.0,54.33333333333333,0.0,46.66666666666666,30,2,8,4,9,9,1,2,4.0,2,2,1,73,1152,3509,900270,1,1,4,9,9,1,73,1152,3550
91678101102.0,91678101,916781011,11.0,11.0,0.0,0.0,0.0,0.0,0.0,11.0,7.0,3.0,4.0,0.0,0.0,0.0,0.0,0.0,0.0,0.0,0.0,0.0,0.0,0.0,0.0,0.0,0.0,0.0,0.0,4.0,4.0,4.0,0.0,0.0,0.0,0.0,0.0,103.5,0.0,22.0,97,2,2,6,9,9,1,2,2.0,2,1,5,73,1284,4656,916781,1,1,2,9,9,1,73,1284,4094
91678102101.0,91678102,916781021,85.08333333333333,85.08333333333333,69.0,60.0,9.0,0.0,0.0,16.08333333333333,9.08333333333333,2.0,2.08333333333333,3.0,0.0,2.0,0.0,0.0,7.0,7.0,0.0,0.0,0.0,0.0,0.0,0.0,7.0,0.0,0.0,0.0,0.0,0.0,0.0,0.0,0.0,0.0,0.0,72.0,0.0,7.0,67,1,8,5,9,9,1,2,4.0,2,2,1,73,1284,4069,916781,2,1,1,9,9,1,73,1284,4094
91678102102.0,91678102,916781021,67.8,67.8,60.0,55.0,5.0,0.0,0.0,7.8,7.8,0.58333333333333,7.05,0.0,0.0,0.0,0.16666666666666,0.0,0.0,0.0,0.0,0.0,0.0,0.0,0.0,0.0,0.0,0.0,0.0,0.0,0.0,0.0,0.0,0.0,0.0,0.0,0.0,68.0,0.0,20.25,32,2,8,4,9,9,1,2,4.0,2,2,1,73,1284,4047,916781,2,1,2,9,9,1,73,1284,4094
91678103101.0,91678103,916781031,62.83333333333333,62.83333333333333,53.0,44.0,9.0,0.0,0.0,9.83333333333333,9.83333333333333,0.58333333333333,2.0,1.0,0.0,5.0,0.25,1.0,0.0,0.0,0.0,0.0,0.0,0.0,0.0,0.0,0.0,0.0,0.0,0.0,0.0,0.0,0.0,0.0,0.0,0.0,0.0,84.0,0.0,41.08333333333333,36,2,10,2,9,9,1,2,5.0,2,2,1,73,1284,4041,916781,3,1,1,9,9,1,73,1284,4094
91678104101.0,91678104,916781041,12.55,12.55,0.0,0.0,0.0,0.0,0.0,12.55,12.55,0.0,5.3,2.0,3.0,2.0,0.16666666666666,0.08333333333333,0.0,0.0,0.0,0.0,0.0,0.0,0.0,0.0,0.0,0.0,0.0,0.0,0.0,0.0,0.0,0.0,0.0,0.0,0.0,77.0,0.0,23.0,35,1,8,3,9,9,1,2,4.0,2,2,1,73,1284,4100,916781,4,1,1,9,9,1,73,1284,4094
91678104102.0,91678104,916781041,65.66666666666666,65.66666666666666,20.0,0.0,0.0,20.0,0.0,45.66666666666666,26.66666666666666,10.5,8.25,3.0,2.0,0.0,1.75,1.16666666666666,11.0,11.0,0.0,0.0,0.0,0.0,0.0,0.0,11.0,0.0,0.0,8.0,8.0,4.0,0.0,4.0,0.0,0.0,0.0,86.55,0.0,56.58333333333333,28,2,8,5,9,9,1,2,4.0,2,2,2,73,1284,4068,916781,4,1,2,9,9,1,73,1284,4094
91689301101.0,91689301,916893011,95.66666666666666,95.66666666666666,60.0,50.0,10.0,0.0,0.0,35.66666666666666,28.66666666666666,22.5,4.25,0.0,0.0,0.0,0.91666666666666,1.0,7.0,7.0,0.0,0.0,0.0,0.0,0.0,0.0,7.0,0.0,0.0,0.0,0.0,0.0,0.0,0.0,0.0,0.0,0.0,73.05,0.0,28.0,30,2,8,4,9,9,1,2,4.0,2,2,1,73,1285,3407,916893,1,1,1,9,9,1,73,1285,3447
90744101102.0,90744101,907441011,103.38333333333333,101.63333333333333,101.5,98.0,3.5,0.0,0.0,1.88333333333333,0.13333333333333,0.0,0.0,0.0,0.0,0.0,0.0,0.13333333333333,1.75,0.0,1.75,0.0,0.0,0.0,0.0,0.0,0.0,0.0,0.0,0.0,0.0,0.0,0.0,0.0,0.0,0.0,0.0,63.0,0.0,7.0,38,1,2,6,9,9,1,2,2.0,2,2,1,76,1214,4661,907441,1,1,2,9,9,1,76,1214,4632
90744101103.0,90744101,907441011,58.8,58.8,58.66666666666666,52.0,6.66666666666666,0.0,0.0,0.13333333333333,0.13333333333333,0.0,0.0,0.0,0.0,0.0,0.0,0.13333333333333,0.0,0.0,0.0,0.0,0.0,0.0,0.0,0.0,0.0,0.0,0.0,0.0,0.0,0.0,0.0,0.0,0.0,0.0,0.0,66.5,0.0,7.0,20,2,3,3,9,9,1,2,2.0,2,2,1,76,1214,4680,907441,1,1,3,9,9,1,76,1214,4632
90744101104.0,90744101,907441011,7.5,7.5,0.0,0.0,0.0,0.0,0.0,7.5,7.5,4.0,3.5,0.0,0.0,0.0,0.0,0.0,0.0,0.0,0.0,0.0,0.0,0.0,0.0,0.0,0.0,0.0,0.0,0.0,0.0,0.0,0.0,0.0,0.0,0.0,0.0,63.0,0.0,36.0,17,1,3,3,9,9,1,2,2.0,2,2,6,76,1214,4691,907441,1,1,4,9,9,1,76,1214,4632
90744102101.0,90744102,907441021,57.08333333333333,57.08333333333333,45.0,30.0,15.0,0.0,0.0,12.08333333333333,12.08333333333333,0.0,4.33333333333333,1.75,2.0,3.0,1.0,0.0,0.0,0.0,0.0,0.0,0.0,0.0,0.0,0.0,0.0,0.0,0.0,0.0,0.0,0.0,0.0,0.0,0.0,0.0,0.0,68.5,0.0,24.41666666666666,63,1,6,3,9,9,1,2,3.0,2,2,1,76,1214,4633,907441,2,1,1,9,9,1,76,1214,4632
90744103101.0,90744103,907441031,89.68333333333332,89.68333333333332,79.0,64.0,15.0,0.0,0.0,10.68333333333333,3.18333333333333,0.0,0.58333333333333,2.25,0.0,0.0,0.0,0.35,7.5,7.5,0.0,0.0,0.0,0.0,0.0,0.0,7.5,0.0,0.0,0.0,0.0,0.0,0.0,0.0,0.0,0.0,0.0,38.16666666666666,0.0,23.0,33,1,6,3,9,9,1,2,3.0,2,2,1,76,1214,4734,907441,3,1,1,9,9,1,76,1214,4632
90744103102.0,90744103,907441031,80.25,80.25,34.0,28.0,6.0,0.0,3.0,43.25,43.25,24.0,15.0,4.0,0.0,0.0,0.0,0.25,0.0,0.0,0.0,0.0,0.0,0.0,0.0,0.0,0.0,0.0,0.0,0.0,0.0,0.0,0.0,0.0,0.0,0.0,0.0,62.0,0.0,41.5,43,2,8,4,9,9,1,2,4.0,2,2,1,76,1214,4594,907441,3,1,2,9,9,1,76,1214,4632
90744103103.0,90744103,907441031,3.58333333333333,3.58333333333333,0.0,0.0,0.0,0.0,0.0,3.58333333333333,3.58333333333333,0.0,3.41666666666666,0.16666666666666,0.0,0.0,0.0,0.0,0.0,0.0,0.0,0.0,0.0,0.0,0.0,0.0,0.0,0.0,0.0,0.0,0.0,0.0,0.0,0.0,0.0,0.0,0.0,73.0,69.5,48.0,17,1,6,1,9,9,1,2,3.0,2,2,4,76,1214,4691,907441,3,1,3,9,9,1,76,1214,4632
91715705101.0,91715705,917157051,12.5,12.5,0.0,0.0,0.0,0.0,6.0,6.5,5.5,0.0,3.5,2.0,0.0,0.0,0.0,0.0,1.0,1.0,0.0,0.0,0.0,0.0,0.0,0.0,1.0,0.0,0.0,0.0,0.0,0.0,0.0,0.0,0.0,0.0,0.0,75.5,0.0,71.0,74,2,8,4,9,9,1,2,4.0,2,2,3,73,1288,3614,917157,5,1,1,9,9,1,73,1288,3607
91715705102.0,91715705,917157051,110.25,68.25,35.0,30.0,5.0,0.0,0.0,75.25,31.5,11.0,10.41666666666666,6.0,0.0,3.16666666666666,0.0,0.91666666666666,43.75,1.75,43.75,1.75,0.0,0.0,0.0,0.0,0.0,0.0,0.0,0.0,0.0,0.0,0.0,0.0,0.0,0.0,0.0,75.66666666666666,0.0,29.58333333333333,50,2,3,3,9,9,1,2,2.0,2,2,1,73,1288,3583,917157,5,1,2,9,9,1,73,1288,3607
91727301101.0,91727301,917273011,61.5,61.5,47.5,40.0,7.5,0.0,0.0,14.0,14.0,7.5,5.33333333333333,0.0,0.0,0.0,0.0,1.16666666666666,0.0,0.0,0.0,0.0,0.0,0.0,0.0,0.0,0.0,0.0,0.0,0.0,0.0,0.0,0.0,0.0,0.0,0.0,0.0,72.0,0.0,29.0,48,1,8,4,9,9,1,2,4.0,2,2,1,73,1289,3748,917273,1,1,1,9,9,1,73,1289,3719
91727302101.0,91727302,917273021,105.46666666666665,105.46666666666665,94.0,80.0,14.0,0.0,0.0,11.46666666666666,7.46666666666666,2.53333333333333,0.13333333333333,1.5,0.0,2.75,0.0,0.55,0.0,0.0,0.0,0.0,0.0,0.0,0.0,0.0,0.0,0.0,0.0,4.0,4.0,0.0,0.0,4.0,0.0,0.0,0.0,68.0,0.0,15.5,39,1,6,3,9,9,1,2,3.0,2,2,1,73,1289,3725,917273,2,1,1,9,9,1,73,1289,3719
91727303101.0,91727303,917273031,47.08333333333333,47.08333333333333,43.33333333333333,40.0,3.33333333333333,0.0,0.0,3.75,3.75,0.25,3.0,0.5,0.0,0.0,0.0,0.0,0.0,0.0,0.0,0.0,0.0,0.0,0.0,0.0,0.0,0.0,0.0,0.0,0.0,0.0,0.0,0.0,0.0,0.0,0.0,72.0,0.0,32.0,33,1,8,4,9,9,1,2,4.0,2,2,1,73,1289,3784,917273,3,1,1,9,9,1,73,1289,3719
91727303102.0,91727303,917273031,47.13333333333333,47.13333333333333,43.33333333333333,40.0,3.33333333333333,0.0,0.0,3.8,3.8,0.33333333333333,0.16666666666666,0.0,0.0,3.0,0.0,0.3,0.0,0.0,0.0,0.0,0.0,0.0,0.0,0.0,0.0,0.0,0.0,0.0,0.0,0.0,0.0,0.0,0.0,0.0,0.0,75.0,0.0,33.0,34,1,8,5,9,9,1,2,4.0,2,2,1,73,1289,3784,917273,3,1,2,9,9,1,73,1289,3719
91727303103.0,91727303,917273031,60.3,60.3,43.25,40.0,3.25,0.0,0.0,17.05,12.05,2.0,6.3,3.5,0.0,0.0,0.25,0.0,1.0,1.0,0.0,0.0,0.0,0.0,0.0,0.0,1.0,0.0,0.0,4.0,4.0,2.0,0.0,2.0,0.0,0.0,0.0,79.0,0.0,40.88333333333333,28,2,8,5,9,9,1,2,4.0,2,2,1,73,1289,3696,917273,3,1,3,9,9,1,73,1289,3719
90027002101.0,90027002,900270021,100.43333333333332,100.43333333333332,56.0,36.0,20.0,0.0,0.0,44.43333333333333,30.43333333333333,11.0,9.51666666666666,3.5,0.0,5.0,0.08333333333333,1.33333333333333,0.0,0.0,0.0,0.0,0.0,0.0,0.0,0.0,0.0,0.0,0.0,14.0,14.0,2.0,0.0,12.0,0.0,0.0,0.0,72.16666666666666,0.0,24.16666666666666,70,1,6,3,9,9,1,2,3.0,2,2,1,73,1152,3512,900270,2,1,1,9,9,1,73,1152,3550
90027002102.0,90027002,900270021,87.83333333333333,87.83333333333333,69.83333333333333,61.0,8.83333333333333,0.0,0.0,18.0,9.0,1.5,5.0,2.5,0.0,0.0,0.0,0.0,0.0,0.0,0.0,0.0,0.0,0.0,0.0,0.0,0.0,0.0,0.0,9.0,9.0,1.0,0.0,8.0,0.0,0.0,0.0,77.0,0.0,11.91666666666666,53,2,3,3,9,9,1,2,2.0,2,2,1,73,1152,3527,900270,2,1,2,9,9,1,73,1152,3550
90027002103.0,90027002,900270021,45.5,45.5,44.0,30.0,14.0,0.0,0.0,1.5,1.0,0.0,1.0,0.0,0.0,0.0,0.0,0.0,0.5,0.5,0.0,0.0,0.0,0.0,0.0,0.0,0.5,0.0,0.0,0.0,0.0,0.0,0.0,0.0,0.0,0.0,0.0,57.0,0.0,19.33333333333333,60,1,3,3,9,9,1,2,2.0,2,2,1,73,1152,3535,900270,2,1,3,9,9,1,73,1152,3550
90027003101.0,90027003,900270031,84.91666666666666,84.91666666666666,60.0,48.0,12.0,0.0,0.0,24.91666666666666,24.91666666666666,13.5,4.16666666666666,2.25,0.0,3.16666666666666,0.0,1.83333333333333,0.0,0.0,0.0,0.0,0.0,0.0,0.0,0.0,0.0,0.0,0.0,0.0,0.0,0.0,0.0,0.0,0.0,0.0,0.0,63.66666666666666,0.0,22.75,42,2,6,3,9,9,1,2,3.0,2,2,1,73,1152,3505,900270,3,1,1,9,9,1,73,1152,3550
90027004101.0,90027004,900270041,77.86666666666666,69.86666666666666,60.0,50.0,10.0,0.0,0.0,17.86666666666666,6.86666666666666,0.0,4.33333333333333,0.33333333333333,0.08333333333333,2.0,0.0,0.11666666666666,11.0,3.0,0.0,0.0,0.0,0.0,11.0,3.0,0.0,0.0,0.0,0.0,0.0,0.0,0.0,0.0,0.0,0.0,0.0,54.83333333333333,0.0,5.83333333333333,36,1,6,3,9,9,1,2,3.0,2,2,1,73,1152,3556,900270,4,1,1,9,9,1,73,1152,3550
90027004102.0,90027004,900270041,104.81666666666666,58.81666666666666,0.0,0.0,0.0,0.0,0.0,104.81666666666666,45.31666666666666,15.0,21.5,3.25,0.0,5.0,0.0,0.56666666666666,59.5,13.5,0.0,0.0,0.0,0.0,58.5,12.5,1.0,0.0,0.0,0.0,0.0,0.0,0.0,0.0,0.0,0.0,0.0,80.5,0.0,31.25,40,2,8,4,9,9,1,2,4.0,2,2,5,73,1152,3505,900270,4,1,2,9,9,1,73,1152,3550
90027005101.0,90027005,900270051,34.5,34.5,0.0,0.0,0.0,0.0,0.0,34.5,34.5,16.16666666666666,9.25,3.0,3.0,2.0,0.5,0.58333333333333,0.0,0.0,0.0,0.0,0.0,0.0,0.0,0.0,0.0,0.0,0.0,0.0,0.0,0.0,0.0,0.0,0.0,0.0,0.0,56.83333333333333,0.0,31.33333333333333,64,2,3,3,9,9,1,2,2.0,2,2,3,73,1152,3500,900270,5,1,1,9,9,1,73,1152,3550
91689301102.0,91689301,916893011,51.08333333333333,51.08333333333333,40.0,40.0,0.0,0.0,0.0,11.08333333333333,5.08333333333333,0.75,3.0,1.0,0.0,0.0,0.0,0.33333333333333,5.0,5.0,0.0,0.0,0.0,0.0,0.0,0.0,5.0,0.0,0.0,1.0,0.0,0.0,0.0,0.0,1.0,0.0,0.0,69.0,0.0,16.0,28,2,8,4,9,9,1,2,4.0,2,2,1,73,1285,3425,916893,1,1,2,9,9,1,73,1285,3447
91689302101.0,91689302,916893021,26.25,26.25,0.0,0.0,0.0,0.0,0.0,26.25,26.25,11.25,7.25,2.5,0.0,4.0,0.0,1.25,0.0,0.0,0.0,0.0,0.0,0.0,0.0,0.0,0.0,0.0,0.0,0.0,0.0,0.0,0.0,0.0,0.0,0.0,0.0,68.25,0.0,3.66666666666666,71,2,5,2,9,9,1,2,3.0,2,2,3,73,1285,3453,916893,2,1,1,9,9,1,73,1285,3447
91689302102.0,91689302,916893021,36.08333333333333,34.08333333333333,25.0,0.0,0.0,25.0,0.0,11.08333333333333,8.58333333333333,0.0,4.5,0.0,0.0,4.0,0.0,0.08333333333333,2.5,0.5,0.0,0.0,0.0,0.0,0.0,0.0,0.0,2.5,0.5,0.0,0.0,0.0,0.0,0.0,0.0,0.0,0.0,74.5,0.0,14.16666666666666,30,1,6,3,9,9,1,2,3.0,2,2,2,73,1285,3506,916893,2,1,2,9,9,1,73,1285,3447
91689303101.0,91689303,916893031,49.25,49.25,35.0,35.0,0.0,0.0,0.0,14.25,14.25,8.58333333333333,1.16666666666666,2.0,0.0,2.0,0.5,0.0,0.0,0.0,0.0,0.0,0.0,0.0,0.0,0.0,0.0,0.0,0.0,0.0,0.0,0.0,0.0,0.0,0.0,0.0,0.0,83.0,0.0,40.5,37,2,10,2,9,9,1,2,5.0,2,2,1,73,1285,3402,916893,3,1,1,9,9,1,73,1285,3447
91689304101.0,91689304,916893041,60.75,57.75,42.5,2.5,40.0,0.0,0.0,18.25,7.25,2.75,0.25,3.0,0.0,0.0,0.5,0.75,11.0,8.0,0.0,0.0,0.0,0.0,0.0,0.0,0.0,11.0,8.0,0.0,0.0,0.0,0.0,0.0,0.0,0.0,0.0,63.5,0.0,13.0,48,2,10,2,9,9,1,2,5.0,2,2,1,73,1285,3397,916893,4,1,1,9,9,1,73,1285,3447
91689304102.0,91689304,916893041,24.75,24.75,0.0,0.0,0.0,0.0,0.0,24.75,14.75,1.16666666666666,12.25,0.0,0.0,1.0,0.0,0.33333333333333,10.0,10.0,0.0,0.0,0.0,0.0,0.0,0.0,10.0,0.0,0.0,0.0,0.0,0.0,0.0,0.0,0.0,0.0,0.0,84.0,0.0,8.0,73,2,6,3,9,9,1,2,3.0,2,2,5,73,1285,3453,916893,4,1,2,9,9,1,73,1285,3447
91689305101.0,91689305,916893051,10.66666666666666,10.66666666666666,0.0,0.0,0.0,0.0,0.0,10.66666666666666,3.66666666666666,1.16666666666666,0.5,0.0,2.0,0.0,0.0,0.0,7.0,7.0,0.0,0.0,0.0,0.0,0.0,0.0,0.0,7.0,7.0,0.0,0.0,0.0,0.0,0.0,0.0,0.0,0.0,70.18333333333332,0.0,17.55,64,1,10,2,9,9,1,2,5.0,2,2,3,73,1285,3431,916893,5,1,1,9,9,1,73,1285,3447
92025905101.0,92025905,920259051,12.19999999999999,12.19999999999999,0.0,0.0,0.0,0.0,0.0,12.19999999999999,12.19999999999999,5.83333333333333,5.5,0.83333333333333,0.0,0.0,0.0,0.03333333333333,0.0,0.0,0.0,0.0,0.0,0.0,0.0,0.0,0.0,0.0,0.0,0.0,0.0,0.0,0.0,0.0,0.0,0.0,0.0,52.5,0.0,26.0,65,2,3,2,9,9,1,2,2.0,2,2,5,74,1311,3244,920259,5,1,1,9,9,1,74,1311,3267
92038401101.0,92038401,920384011,79.74999999999999,79.74999999999999,65.0,50.0,15.0,0.0,0.0,14.74999999999999,14.74999999999999,2.5,8.41666666666666,2.33333333333333,0.0,0.33333333333333,0.0,1.16666666666666,0.0,0.0,0.0,0.0,0.0,0.0,0.0,0.0,0.0,0.0,0.0,0.0,0.0,0.0,0.0,0.0,0.0,0.0,0.0,63.75,0.0,14.66666666666666,44,1,8,4,9,9,1,2,4.0,2,2,1,74,1312,4000,920384,1,1,1,9,9,1,74,1312,3926
92038402101.0,92038402,920384021,78.6,78.6,63.0,56.0,7.0,0.0,0.0,15.6,15.6,5.5,7.08333333333333,1.5,0.0,1.0,0.0,0.51666666666666,0.0,0.0,0.0,0.0,0.0,0.0,0.0,0.0,0.0,0.0,0.0,0.0,0.0,0.0,0.0,0.0,0.0,0.0,0.0,60.5,0.0,5.0,36,1,2,6,9,9,1,2,2.0,1,2,1,74,1312,3927,920384,2,1,1,9,9,1,74,1312,3926
92038403101.0,92038403,920384031,73.74999999999999,73.74999999999999,23.5,21.0,2.5,0.0,0.0,50.24999999999999,50.24999999999999,31.0,11.83333333333333,2.33333333333333,0.0,4.5,0.0,0.58333333333333,0.0,0.0,0.0,0.0,0.0,0.0,0.0,0.0,0.0,0.0,0.0,0.0,0.0,0.0,0.0,0.0,0.0,0.0,0.0,72.5,0.0,25.83333333333333,59,2,8,3,9,9,1,2,4.0,2,2,1,74,1312,3833,920384,3,1,1,9,9,1,74,1312,3926
92038403102.0,92038403,920384031,108.0,108.0,100.0,96.0,4.0,0.0,0.0,7.99999999999999,7.99999999999999,2.33333333333333,2.0,1.58333333333333,0.0,1.0,0.75,0.33333333333333,0.0,0.0,0.0,0.0,0.0,0.0,0.0,0.0,0.0,0.0,0.0,0.0,0.0,0.0,0.0,0.0,0.0,0.0,0.0,55.0,0.0,15.0,52,2,3,3,9,9,1,2,2.0,2,2,1,74,1312,3895,920384,3,1,2,9,9,1,74,1312,3926
92038403103.0,92038403,920384031,78.25,78.25,50.08333333333333,50.0,0.08333333333333,0.0,0.0,28.16666666666666,28.16666666666666,3.5,16.66666666666666,2.5,2.0,2.5,0.0,1.0,0.0,0.0,0.0,0.0,0.0,0.0,0.0,0.0,0.0,0.0,0.0,0.0,0.0,0.0,0.0,0.0,0.0,0.0,0.0,126.33333333333331,0.0,26.5,47,1,6,3,9,9,1,2,3.0,1,2,1,74,1312,3951,920384,3,1,3,9,9,1,74,1312,3926
92038403104.0,92038403,920384031,101.16666666666666,101.16666666666666,98.0,94.0,4.0,0.0,0.0,3.16666666666666,3.16666666666666,2.16666666666666,0.16666666666666,0.33333333333333,0.0,0.5,0.0,0.0,0.0,0.0,0.0,0.0,0.0,0.0,0.0,0.0,0.0,0.0,0.0,0.0,0.0,0.0,0.0,0.0,0.0,0.0,0.0,57.0,0.0,19.5,52,1,3,3,9,9,1,2,2.0,2,2,1,74,1312,3933,920384,3,1,4,9,9,1,74,1312,3926
90027005102.0,90027005,900270051,76.66666666666666,76.66666666666666,67.5,58.0,9.5,0.0,0.0,9.16666666666666,5.66666666666666,0.0,1.5,2.16666666666666,0.0,2.0,0.0,0.0,3.5,3.5,0.0,0.0,0.0,0.0,0.0,0.0,2.5,1.0,1.0,0.0,0.0,0.0,0.0,0.0,0.0,0.0,0.0,65.5,0.0,6.25,40,2,6,3,9,9,1,2,3.0,2,2,1,73,1152,3505,900270,5,1,2,9,9,1,73,1152,3550
90027005103.0,90027005,900270051,20.55,20.55,0.0,0.0,0.0,0.0,0.0,20.55,20.55,1.0,16.0,1.16666666666666,0.0,2.0,0.0,0.38333333333333,0.0,0.0,0.0,0.0,0.0,0.0,0.0,0.0,0.0,0.0,0.0,0.0,0.0,0.0,0.0,0.0,0.0,0.0,0.0,83.33333333333333,20.0,45.0,18,1,6,2,9,9,1,2,3.0,2,2,4,73,1152,3579,900270,5,1,3,9,9,1,73,1152,3550
90044301101.0,90044301,900443011,33.91666666666666,33.91666666666666,0.0,0.0,0.0,0.0,0.0,33.91666666666666,30.83333333333333,16.66666666666666,7.91666666666666,3.5,0.0,1.5,0.41666666666666,0.83333333333333,3.08333333333333,3.08333333333333,0.0,0.0,0.0,0.0,0.0,0.0,0.5,2.58333333333333,2.58333333333333,0.0,0.0,0.0,0.0,0.0,0.0,0.0,0.0,72.16666666666666,0.0,22.25,69,2,5,3,9,9,1,2,3.0,2,2,3,74,1153,3018,900443,1,1,1,9,9,1,74,1153,3040
90044301102.0,90044301,900443011,40.95,21.95,0.0,0.0,0.0,0.0,0.0,40.95,21.95,5.91666666666666,7.91666666666666,3.86666666666666,0.0,3.41666666666666,0.58333333333333,0.25,19.0,0.0,0.0,0.0,0.0,0.0,0.0,0.0,0.0,19.0,0.0,0.0,0.0,0.0,0.0,0.0,0.0,0.0,0.0,72.66666666666666,0.0,20.16666666666666,70,2,7,3,9,9,1,2,4.0,2,2,3,74,1153,3041,900443,1,1,2,9,9,1,74,1153,3040
90044301103.0,90044301,900443011,57.58333333333333,57.58333333333333,45.0,40.0,5.0,0.0,1.0,11.58333333333333,11.25,4.75,3.0,1.08333333333333,0.0,1.66666666666666,0.16666666666666,0.58333333333333,0.33333333333333,0.33333333333333,0.0,0.0,0.0,0.0,0.0,0.0,0.0,0.33333333333333,0.33333333333333,0.0,0.0,0.0,0.0,0.0,0.0,0.0,0.0,56.5,0.0,66.83333333333333,40,1,8,5,9,9,1,2,4.0,2,2,1,74,1153,3097,900443,1,1,3,9,9,1,74,1153,3040
90044301104.0,90044301,900443011,65.58333333333333,65.58333333333333,45.0,40.0,5.0,0.0,0.0,20.58333333333333,13.75,1.75,3.91666666666666,1.41666666666666,1.0,4.75,0.33333333333333,0.58333333333333,4.83333333333333,4.83333333333333,0.0,0.0,0.0,0.0,0.0,0.0,4.5,0.33333333333333,0.33333333333333,2.0,2.0,2.0,0.0,0.0,0.0,0.0,0.0,47.58333333333333,0.0,23.91666666666666,37,1,6,3,9,9,1,2,3.0,2,2,1,74,1153,3041,900443,1,1,4,9,9,1,74,1153,3040
90044301105.0,90044301,900443011,23.16666666666666,23.16666666666666,0.0,0.0,0.0,0.0,0.0,23.16666666666666,22.0,6.0,7.0,0.5,0.0,8.0,0.5,0.0,1.16666666666666,1.16666666666666,0.0,0.0,0.0,0.0,0.0,0.0,1.16666666666666,0.0,0.0,0.0,0.0,0.0,0.0,0.0,0.0,0.0,0.0,78.0,40.33333333333333,51.0,16,1,6,1,9,9,1,2,3.0,2,2,4,74,1153,3060,900443,1,1,5,9,9,1,74,1153,3040
91776703104.0,91776703,917767031,85.3,85.3,60.0,45.0,15.0,0.0,0.0,25.3,25.3,7.16666666666666,12.66666666666666,5.08333333333333,0.0,0.0,0.0,0.38333333333333,0.0,0.0,0.0,0.0,0.0,0.0,0.0,0.0,0.0,0.0,0.0,0.0,0.0,0.0,0.0,0.0,0.0,0.0,0.0,68.5,0.0,10.58333333333333,56,2,6,3,9,9,1,2,3.0,2,2,1,74,1292,3299,917767,3,1,4,9,9,1,74,1292,3379
91776704101.0,91776704,917767041,64.25,29.25,4.33333333333333,4.0,0.33333333333333,0.0,0.0,59.91666666666666,5.66666666666666,0.0,0.0,0.0,0.0,3.0,0.0,2.66666666666666,52.25,17.25,0.0,0.0,0.0,0.0,45.25,10.25,7.0,0.0,0.0,2.0,0.0,0.0,0.0,0.0,2.0,0.0,0.0,75.0,0.0,30.0,40,1,10,2,9,9,1,2,5.0,2,2,1,74,1292,3443,917767,4,1,1,9,9,1,74,1292,3379
91776704102.0,91776704,917767041,156.83333333333331,115.83333333333331,43.33333333333333,40.0,3.33333333333333,0.0,0.0,113.5,43.25,15.75,14.75,8.33333333333333,0.0,3.75,0.0,0.66666666666666,70.25,29.25,0.0,0.0,0.0,0.0,66.75,25.75,3.5,0.0,0.0,0.0,0.0,0.0,0.0,0.0,0.0,0.0,0.0,65.5,0.0,17.16666666666666,33,2,8,4,9,9,1,2,4.0,2,2,1,74,1292,3336,917767,4,1,2,9,9,1,74,1292,3379
91776705101.0,91776705,917767051,62.0,62.0,56.58333333333333,56.0,0.58333333333333,0.0,0.0,5.41666666666666,1.25,0.0,0.0,0.0,0.0,0.0,0.0,1.25,4.16666666666666,4.16666666666666,0.0,0.0,0.0,0.0,0.0,0.0,3.0,1.16666666666666,1.16666666666666,0.0,0.0,0.0,0.0,0.0,0.0,0.0,0.0,73.73333333333333,0.0,3.5,75,1,2,3,9,9,1,2,2.0,2,1,1,74,1292,3440,917767,5,1,1,9,9,1,74,1292,3379
91776705102.0,91776705,917767051,12.68333333333333,12.68333333333333,0.0,0.0,0.0,0.0,0.0,12.68333333333333,11.18333333333333,1.16666666666666,7.0,2.5,0.0,0.0,0.0,0.51666666666666,1.5,1.5,0.0,0.0,0.0,0.0,0.0,0.0,1.5,0.0,0.0,0.0,0.0,0.0,0.0,0.0,0.0,0.0,0.0,76.75,0.0,37.0,73,2,2,6,9,9,1,2,2.0,2,2,5,74,1292,3381,917767,5,1,2,9,9,1,74,1292,3379
91776705103.0,91776705,917767051,74.24999999999999,74.24999999999999,54.0,45.0,9.0,0.0,0.0,20.24999999999999,12.74999999999999,4.5,0.0,2.33333333333333,0.0,5.0,0.33333333333333,0.58333333333333,7.5,7.5,0.0,0.0,0.0,0.0,0.0,0.0,5.5,2.0,2.0,0.0,0.0,0.0,0.0,0.0,0.0,0.0,0.0,63.58333333333333,0.0,21.5,52,2,8,4,9,9,1,2,4.0,2,2,1,74,1292,3352,917767,5,1,3,9,9,1,74,1292,3379
91776705104.0,91776705,917767051,70.25,70.25,50.0,40.0,10.0,0.0,0.0,20.25,20.25,6.5,6.0,4.83333333333333,0.0,2.0,0.25,0.66666666666666,0.0,0.0,0.0,0.0,0.0,0.0,0.0,0.0,0.0,0.0,0.0,0.0,0.0,0.0,0.0,0.0,0.0,0.0,0.0,71.83333333333333,0.0,17.33333333333333,49,2,8,4,9,9,1,2,4.0,2,2,1,74,1292,3326,917767,5,1,4,9,9,1,74,1292,3379
91689305102.0,91689305,916893051,12.05,12.05,0.0,0.0,0.0,0.0,0.0,12.05,4.05,1.55,1.0,0.5,0.0,0.0,0.0,1.0,7.0,7.0,0.0,0.0,0.0,0.0,0.0,0.0,0.0,7.0,7.0,1.0,1.0,1.0,0.0,0.0,0.0,0.0,0.0,86.63333333333333,0.0,7.41666666666666,63,2,8,5,9,9,1,2,4.0,2,2,5,73,1285,3398,916893,5,1,2,9,9,1,73,1285,3447
91695801101.0,91695801,916958011,66.18333333333332,66.18333333333332,45.0,40.0,5.0,0.0,0.0,21.18333333333333,10.18333333333333,3.58333333333333,2.16666666666666,0.1,2.0,1.0,0.66666666666666,0.66666666666666,11.0,11.0,0.0,0.0,0.0,0.0,0.0,0.0,11.0,0.0,0.0,0.0,0.0,0.0,0.0,0.0,0.0,0.0,0.0,56.5,0.0,29.0,57,1,10,2,9,9,1,2,5.0,2,2,1,73,1286,2876,916958,1,1,1,9,9,1,73,1286,2860
91695801102.0,91695801,916958011,51.58333333333333,51.58333333333333,0.0,0.0,0.0,0.0,0.0,51.58333333333333,41.58333333333333,12.5,24.5,4.33333333333333,0.0,0.0,0.08333333333333,0.16666666666666,10.0,10.0,0.0,0.0,0.0,0.0,0.0,0.0,10.0,0.0,0.0,0.0,0.0,0.0,0.0,0.0,0.0,0.0,0.0,88.5,0.0,37.0,49,2,6,3,9,9,1,2,3.0,2,2,5,73,1286,2818,916958,1,1,2,9,9,1,73,1286,2860
91695801103.0,91695801,916958011,17.33333333333333,17.33333333333333,0.0,0.0,0.0,0.0,0.0,17.33333333333333,5.0,0.0,5.0,0.0,0.0,0.0,0.0,0.0,12.33333333333333,12.33333333333333,0.0,0.0,0.0,0.0,0.0,0.0,12.33333333333333,0.0,0.0,0.0,0.0,0.0,0.0,0.0,0.0,0.0,0.0,98.0,56.0,19.48333333333333,21,2,8,3,9,9,1,2,4.0,2,2,4,73,1286,2876,916958,1,1,3,9,9,1,73,1286,2860
91695802101.0,91695802,916958021,52.88333333333333,52.88333333333333,45.0,40.0,5.0,0.0,0.0,7.88333333333333,7.58333333333333,2.5,2.25,2.5,0.0,0.0,0.0,0.33333333333333,0.0,0.0,0.0,0.0,0.0,0.0,0.0,0.0,0.0,0.0,0.0,0.3,0.3,0.3,0.0,0.0,0.0,0.0,0.0,71.25,0.0,15.0,36,1,8,5,9,9,1,2,4.0,2,2,1,73,1286,2865,916958,2,1,1,9,9,1,73,1286,2860
91695803101.0,91695803,916958031,56.5,56.5,0.0,0.0,0.0,0.0,0.0,56.5,49.5,4.0,23.5,9.5,0.0,3.0,4.5,5.0,7.0,7.0,0.0,0.0,0.0,0.0,0.0,0.0,0.0,7.0,7.0,0.0,0.0,0.0,0.0,0.0,0.0,0.0,0.0,100.16666666666666,0.0,50.0,86,2,8,4,9,9,1,2,4.0,2,2,3,73,1286,3136,916958,3,1,1,9,9,1,73,1286,2860
91695803102.0,91695803,916958031,40.41666666666666,40.41666666666666,40.41666666666666,40.0,0.41666666666666,0.0,0.0,0.0,0.0,0.0,0.0,0.0,0.0,0.0,0.0,0.0,0.0,0.0,0.0,0.0,0.0,0.0,0.0,0.0,0.0,0.0,0.0,0.0,0.0,0.0,0.0,0.0,0.0,0.0,0.0,85.75,0.0,2.0,73,2,0,0,9,9,1,2,1.0,2,2,1,73,1286,2865,916958,3,1,2,9,9,1,73,1286,2860
92038403105.0,92038403,920384031,10.16666666666666,10.16666666666666,0.0,0.0,0.0,0.0,0.0,10.16666666666666,10.16666666666666,3.0,5.66666666666666,1.16666666666666,0.0,0.0,0.0,0.33333333333333,0.0,0.0,0.0,0.0,0.0,0.0,0.0,0.0,0.0,0.0,0.0,0.0,0.0,0.0,0.0,0.0,0.0,0.0,0.0,69.0,0.0,38.16666666666666,26,2,6,3,9,9,1,2,3.0,2,2,5,74,1312,3897,920384,3,1,5,9,9,1,74,1312,3926
92038403106.0,92038403,920384031,18.33333333333333,18.33333333333333,0.0,0.0,0.0,0.0,0.0,18.33333333333333,17.0,7.5,7.91666666666666,1.0,0.0,0.0,0.0,0.58333333333333,1.33333333333333,1.33333333333333,0.0,0.0,0.0,0.0,0.0,0.0,1.33333333333333,0.0,0.0,0.0,0.0,0.0,0.0,0.0,0.0,0.0,0.0,80.0,58.0,79.33333333333333,20,1,6,1,9,9,1,2,3.0,2,2,4,74,1312,3984,920384,3,1,6,9,9,1,74,1312,3926
92038404101.0,92038404,920384041,83.66666666666666,83.66666666666666,63.0,56.0,7.0,0.0,0.0,20.66666666666666,20.66666666666666,7.5,6.58333333333333,3.0,0.0,2.0,1.0,0.58333333333333,0.0,0.0,0.0,0.0,0.0,0.0,0.0,0.0,0.0,0.0,0.0,0.0,0.0,0.0,0.0,0.0,0.0,0.0,0.0,61.5,0.0,25.5,62,2,3,3,9,9,1,2,2.0,2,2,1,74,1312,3866,920384,4,1,1,9,9,1,74,1312,3926
92038404102.0,92038404,920384041,102.41666666666666,102.41666666666666,58.5,56.0,2.5,0.0,0.0,43.91666666666666,19.91666666666666,2.91666666666666,4.0,4.5,0.0,8.0,0.5,0.0,9.0,9.0,0.0,0.0,0.0,0.0,0.0,0.0,0.0,9.0,9.0,15.0,15.0,0.0,0.0,15.0,0.0,0.0,0.0,76.0,0.0,12.5,40,2,8,4,9,9,1,2,4.0,2,2,1,74,1312,3871,920384,4,1,2,9,9,1,74,1312,3926
92038405101.0,92038405,920384051,85.99999999999999,85.99999999999999,71.33333333333333,64.0,7.33333333333333,0.0,0.0,14.66666666666666,14.66666666666666,7.33333333333333,3.66666666666666,2.16666666666666,0.0,1.5,0.0,0.0,0.0,0.0,0.0,0.0,0.0,0.0,0.0,0.0,0.0,0.0,0.0,0.0,0.0,0.0,0.0,0.0,0.0,0.0,0.0,59.5,0.0,11.0,46,1,8,4,9,9,1,2,4.0,2,2,1,74,1312,3951,920384,5,1,1,9,9,1,74,1312,3926
92048801101.0,92048801,920488011,91.58333333333331,91.58333333333331,72.0,60.0,12.0,0.0,0.0,19.58333333333333,19.58333333333333,8.0,4.83333333333333,2.66666666666666,0.0,2.0,0.0,2.08333333333333,0.0,0.0,0.0,0.0,0.0,0.0,0.0,0.0,0.0,0.0,0.0,0.0,0.0,0.0,0.0,0.0,0.0,0.0,0.0,62.5,0.0,22.5,49,1,8,4,9,9,1,2,4.0,2,2,1,74,1313,3134,920488,1,1,1,9,9,1,74,1313,3114
92048802101.0,92048802,920488021,32.56666666666666,32.56666666666666,0.0,0.0,0.0,0.0,3.0,29.56666666666666,27.56666666666666,10.13333333333333,13.16666666666666,3.75,0.0,0.0,0.0,0.51666666666666,0.0,0.0,0.0,0.0,0.0,0.0,0.0,0.0,0.0,0.0,0.0,2.0,2.0,2.0,0.0,0.0,0.0,0.0,0.0,84.63333333333333,0.0,56.16666666666666,69,2,2,6,9,9,1,2,2.0,2,2,5,74,1313,3092,920488,2,1,1,9,9,1,74,1313,3114
90957205103.0,90957205,909572051,17.66666666666666,10.66666666666666,0.0,0.0,0.0,0.0,0.0,17.66666666666666,6.91666666666666,3.16666666666666,2.16666666666666,1.0,0.0,0.0,0.0,0.58333333333333,10.75,3.75,10.75,3.75,0.0,0.0,0.0,0.0,0.0,0.0,0.0,0.0,0.0,0.0,0.0,0.0,0.0,0.0,0.0,66.0,39.5,25.25,15,2,3,3,9,9,1,2,2.0,2,2,4,74,1227,3506,909572,5,1,3,9,9,1,74,1227,3495
90957502101.0,90957502,909575021,86.5,86.5,81.0,74.0,7.0,0.0,0.0,5.5,3.16666666666666,0.0,1.91666666666666,0.5,0.0,0.0,0.16666666666666,0.58333333333333,2.33333333333333,2.33333333333333,0.0,0.0,0.0,0.0,0.0,0.0,2.33333333333333,0.0,0.0,0.0,0.0,0.0,0.0,0.0,0.0,0.0,0.0,57.5,0.0,2.33333333333333,52,1,2,6,9,9,1,2,2.0,2,2,1,76,1228,5836,909575,2,1,1,9,9,1,76,1228,5827
90957502102.0,90957502,909575021,75.49999999999999,75.49999999999999,62.5,54.0,8.5,0.0,0.0,12.99999999999999,12.16666666666666,5.83333333333333,2.66666666666666,2.25,0.0,0.83333333333333,0.0,0.58333333333333,0.83333333333333,0.83333333333333,0.0,0.0,0.0,0.0,0.0,0.0,0.83333333333333,0.0,0.0,0.0,0.0,0.0,0.0,0.0,0.0,0.0,0.0,87.5,0.0,10.16666666666666,25,1,3,3,9,9,1,2,2.0,1,2,1,76,1228,5881,909575,2,1,2,9,9,1,76,1228,5827
90957503101.0,90957503,909575031,94.58333333333331,94.58333333333331,63.0,56.0,7.0,0.0,0.0,31.58333333333333,21.08333333333333,9.08333333333333,5.5,2.0,0.0,2.0,1.5,1.0,10.5,10.5,0.0,0.0,0.0,0.0,0.0,0.0,10.5,0.0,0.0,0.0,0.0,0.0,0.0,0.0,0.0,0.0,0.0,68.83333333333333,0.0,31.5,46,1,3,3,9,9,1,2,2.0,1,2,1,76,1228,5899,909575,3,1,1,9,9,1,76,1228,5827
90957503102.0,90957503,909575031,65.25,65.25,44.0,32.0,12.0,0.0,0.0,21.25,12.25,4.0,4.5,3.33333333333333,0.0,0.0,0.0,0.41666666666666,9.0,9.0,0.0,0.0,0.0,0.0,0.0,0.0,9.0,0.0,0.0,0.0,0.0,0.0,0.0,0.0,0.0,0.0,0.0,62.0,0.0,116.25,29,1,8,5,9,9,1,2,4.0,2,2,1,76,1228,5916,909575,3,1,2,9,9,1,76,1228,5827
90957503103.0,90957503,909575031,87.91666666666666,87.91666666666666,70.0,56.0,14.0,0.0,0.0,17.91666666666666,17.91666666666666,5.16666666666666,7.75,5.0,0.0,0.0,0.0,0.0,0.0,0.0,0.0,0.0,0.0,0.0,0.0,0.0,0.0,0.0,0.0,0.0,0.0,0.0,0.0,0.0,0.0,0.0,0.0,79.5,0.0,14.0,28,1,8,2,9,9,1,2,4.0,2,1,1,76,1228,5916,909575,3,1,3,9,9,1,76,1228,5827
90957503104.0,90957503,909575031,89.74999999999999,89.74999999999999,70.0,56.0,14.0,0.0,0.0,19.74999999999999,12.74999999999999,0.33333333333333,6.91666666666666,5.33333333333333,0.0,0.0,0.08333333333333,0.08333333333333,7.0,7.0,0.0,0.0,0.0,0.0,0.0,0.0,7.0,0.0,0.0,0.0,0.0,0.0,0.0,0.0,0.0,0.0,0.0,70.0,0.0,57.33333333333333,25,1,8,2,9,9,1,2,4.0,2,2,1,76,1228,5916,909575,3,1,4,9,9,1,76,1228,5827
91776705105.0,91776705,917767051,10.65,10.65,0.0,0.0,0.0,0.0,0.0,10.65,10.65,4.75,4.16666666666666,1.33333333333333,0.0,0.0,0.0,0.4,0.0,0.0,0.0,0.0,0.0,0.0,0.0,0.0,0.0,0.0,0.0,0.0,0.0,0.0,0.0,0.0,0.0,0.0,0.0,65.0,60.0,30.66666666666666,30,2,8,2,9,9,1,2,4.0,2,2,4,74,1292,3336,917767,5,1,5,9,9,1,74,1292,3379
91776705106.0,91776705,917767051,75.75,73.75,62.5,45.0,17.5,0.0,0.0,13.25,10.66666666666666,0.0,3.5,3.0,0.0,3.75,0.0,0.41666666666666,2.58333333333333,0.58333333333333,0.0,0.0,0.0,0.0,0.0,0.0,0.0,2.58333333333333,0.58333333333333,0.0,0.0,0.0,0.0,0.0,0.0,0.0,0.0,67.5,0.0,21.25,30,1,8,4,9,9,1,2,4.0,2,2,1,74,1292,3434,917767,5,1,6,9,9,1,74,1292,3379
91779701101.0,91779701,917797011,30.91666666666666,30.91666666666666,0.0,0.0,0.0,0.0,0.0,30.91666666666666,30.91666666666666,10.0,13.16666666666666,4.16666666666666,0.0,2.0,0.0,1.58333333333333,0.0,0.0,0.0,0.0,0.0,0.0,0.0,0.0,0.0,0.0,0.0,0.0,0.0,0.0,0.0,0.0,0.0,0.0,0.0,71.25,0.0,17.5,52,2,2,6,9,9,1,2,2.0,2,2,5,74,1293,3984,917797,1,1,1,9,9,1,74,1293,4016
91779701102.0,91779701,917797011,73.08333333333333,73.08333333333333,52.0,46.0,6.0,0.0,0.0,21.08333333333333,21.08333333333333,8.0,7.33333333333333,2.0,0.0,2.25,0.0,1.5,0.0,0.0,0.0,0.0,0.0,0.0,0.0,0.0,0.0,0.0,0.0,0.0,0.0,0.0,0.0,0.0,0.0,0.0,0.0,59.5,0.0,25.41666666666666,24,2,8,3,9,9,1,2,4.0,2,2,1,74,1293,4033,917797,1,1,2,9,9,1,74,1293,4016
91779702101.0,91779702,917797021,78.08333333333333,78.08333333333333,70.0,60.0,10.0,0.0,0.0,8.08333333333333,8.08333333333333,2.33333333333333,0.0,2.08333333333333,0.0,2.0,0.0,1.66666666666666,0.0,0.0,0.0,0.0,0.0,0.0,0.0,0.0,0.0,0.0,0.0,0.0,0.0,0.0,0.0,0.0,0.0,0.0,0.0,63.58333333333333,0.0,27.0,46,2,8,4,9,9,1,2,4.0,2,2,1,74,1293,3953,917797,2,1,1,9,9,1,74,1293,4016
91959102101.0,91959102,919591021,69.83333333333333,69.83333333333333,55.0,40.0,15.0,0.0,0.0,14.83333333333333,14.83333333333333,6.0,2.83333333333333,2.16666666666666,0.0,2.5,0.66666666666666,0.66666666666666,0.0,0.0,0.0,0.0,0.0,0.0,0.0,0.0,0.0,0.0,0.0,0.0,0.0,0.0,0.0,0.0,0.0,0.0,0.0,63.75,0.0,11.0,45,2,7,3,9,9,1,2,4.0,2,2,1,73,1307,3927,919591,2,1,1,9,9,1,73,1307,3985
91959103101.0,91959103,919591031,69.95,69.95,62.0,59.0,3.0,0.0,0.0,7.95,7.95,2.66666666666666,2.33333333333333,2.33333333333333,0.0,0.5,0.0,0.11666666666666,0.0,0.0,0.0,0.0,0.0,0.0,0.0,0.0,0.0,0.0,0.0,0.0,0.0,0.0,0.0,0.0,0.0,0.0,0.0,48.5,0.0,16.0,34,1,5,2,9,9,1,2,3.0,2,2,1,73,1307,4054,919591,3,1,1,9,9,1,73,1307,3985
91695804101.0,91695804,916958041,11.91666666666666,11.91666666666666,0.0,0.0,0.0,0.0,0.0,11.91666666666666,11.91666666666666,6.0,4.5,0.5,0.0,0.0,0.58333333333333,0.33333333333333,0.0,0.0,0.0,0.0,0.0,0.0,0.0,0.0,0.0,0.0,0.0,0.0,0.0,0.0,0.0,0.0,0.0,0.0,0.0,77.0,99.0,45.0,23,1,8,4,9,9,1,2,4.0,2,2,4,73,1286,2906,916958,4,1,1,9,9,1,73,1286,2860
92025902104.0,92025902,920259021,20.53333333333333,20.53333333333333,0.0,0.0,0.0,0.0,5.0,15.53333333333333,12.78333333333333,7.5,2.28333333333333,1.9,0.0,0.83333333333333,0.0,0.26666666666666,1.25,1.25,0.0,0.0,0.0,0.0,0.0,0.0,1.25,0.0,0.0,1.5,1.5,1.33333333333333,0.0,0.16666666666666,0.0,0.0,0.0,69.0,26.66666666666666,17.08333333333333,12,2,3,1,9,9,1,2,2.0,2,2,4,74,1311,3260,920259,2,1,4,9,9,1,74,1311,3267
92025903101.0,92025903,920259031,81.5,81.5,70.0,56.0,14.0,0.0,0.0,11.5,11.5,0.0,7.0,3.0,0.0,1.5,0.0,0.0,0.0,0.0,0.0,0.0,0.0,0.0,0.0,0.0,0.0,0.0,0.0,0.0,0.0,0.0,0.0,0.0,0.0,0.0,0.0,61.0,0.0,0.0,40,1,8,4,9,9,1,2,4.0,2,2,1,74,1311,3328,920259,3,1,1,9,9,1,74,1311,3267
92025903102.0,92025903,920259031,72.16666666666666,72.16666666666666,55.5,48.0,7.5,0.0,0.0,16.66666666666666,16.66666666666666,6.66666666666666,6.0,2.0,0.0,2.0,0.0,0.0,0.0,0.0,0.0,0.0,0.0,0.0,0.0,0.0,0.0,0.0,0.0,0.0,0.0,0.0,0.0,0.0,0.0,0.0,0.0,66.5,0.0,36.5,37,2,10,2,9,9,1,2,5.0,2,2,1,74,1311,3221,920259,3,1,2,9,9,1,74,1311,3267
92025903103.0,92025903,920259031,61.08333333333333,61.08333333333333,0.0,0.0,0.0,0.0,1.0,60.08333333333333,60.08333333333333,28.0,19.16666666666666,8.33333333333333,0.0,4.0,0.0,0.58333333333333,0.0,0.0,0.0,0.0,0.0,0.0,0.0,0.0,0.0,0.0,0.0,0.0,0.0,0.0,0.0,0.0,0.0,0.0,0.0,76.5,0.0,35.5,61,2,3,3,9,9,1,2,2.0,2,2,5,74,1311,3217,920259,3,1,3,9,9,1,74,1311,3267
92025904101.0,92025904,920259041,78.44999999999999,78.44999999999999,47.5,40.0,7.5,0.0,0.0,30.94999999999999,16.94999999999999,8.83333333333333,4.16666666666666,2.83333333333333,0.0,1.0,0.08333333333333,0.03333333333333,14.0,14.0,0.0,0.0,0.0,0.0,0.0,0.0,14.0,0.0,0.0,0.0,0.0,0.0,0.0,0.0,0.0,0.0,0.0,76.0,0.0,27.88333333333333,46,2,8,2,9,9,1,2,4.0,2,2,1,74,1311,3215,920259,4,1,1,9,9,1,74,1311,3267
92025904102.0,92025904,920259041,31.11666666666666,31.11666666666666,0.0,0.0,0.0,0.0,0.0,31.11666666666666,30.11666666666666,16.0,7.25,6.5,0.0,0.25,0.0,0.11666666666666,1.0,1.0,0.0,0.0,0.0,0.0,0.0,0.0,1.0,0.0,0.0,0.0,0.0,0.0,0.0,0.0,0.0,0.0,0.0,73.5,21.0,72.0,22,2,3,3,9,9,1,2,2.0,2,2,4,74,1311,3281,920259,4,1,2,9,9,1,74,1311,3267
92048802102.0,92048802,920488021,57.83333333333333,57.83333333333333,54.0,48.0,6.0,0.0,0.0,3.83333333333333,3.83333333333333,3.5,0.0,0.33333333333333,0.0,0.0,0.0,0.0,0.0,0.0,0.0,0.0,0.0,0.0,0.0,0.0,0.0,0.0,0.0,0.0,0.0,0.0,0.0,0.0,0.0,0.0,0.0,60.5,0.0,20.5,51,1,8,4,9,9,1,2,4.0,2,2,1,74,1313,3119,920488,2,1,2,9,9,1,74,1313,3114
92048802103.0,92048802,920488021,50.55,50.55,40.0,40.0,0.0,0.0,0.0,10.55,10.55,2.66666666666666,6.58333333333333,1.3,0.0,0.0,0.0,0.0,0.0,0.0,0.0,0.0,0.0,0.0,0.0,0.0,0.0,0.0,0.0,0.0,0.0,0.0,0.0,0.0,0.0,0.0,0.0,78.5,0.0,4.16666666666666,50,1,8,3,9,9,1,2,4.0,2,2,1,74,1313,3119,920488,2,1,3,9,9,1,74,1313,3114
92048803101.0,92048803,920488031,14.25,14.25,0.0,0.0,0.0,0.0,0.0,14.25,14.25,8.0,3.0,3.0,0.0,0.0,0.0,0.25,0.0,0.0,0.0,0.0,0.0,0.0,0.0,0.0,0.0,0.0,0.0,0.0,0.0,0.0,0.0,0.0,0.0,0.0,0.0,63.0,0.0,1.0,72,2,8,5,9,9,1,2,4.0,2,2,3,74,1313,3116,920488,3,1,1,9,9,1,74,1313,3114
92048804101.0,92048804,920488041,16.66666666666666,16.66666666666666,0.0,0.0,0.0,0.0,0.0,16.66666666666666,16.66666666666666,6.5,4.16666666666666,2.5,0.0,3.0,0.5,0.0,0.0,0.0,0.0,0.0,0.0,0.0,0.0,0.0,0.0,0.0,0.0,0.0,0.0,0.0,0.0,0.0,0.0,0.0,0.0,80.0,0.0,28.5,63,1,8,5,9,9,1,2,4.0,2,2,3,74,1313,3096,920488,4,1,1,9,9,1,74,1313,3114
92048805101.0,92048805,920488051,16.0,16.0,1.0,0.0,0.0,1.0,0.0,15.0,13.5,4.33333333333333,4.33333333333333,2.83333333333333,0.0,2.0,0.0,0.0,0.0,0.0,0.0,0.0,0.0,0.0,0.0,0.0,0.0,0.0,0.0,1.5,1.5,0.0,0.0,1.5,0.0,0.0,0.0,72.91666666666666,0.0,24.66666666666666,60,1,2,6,9,9,1,2,2.0,1,2,2,74,1313,3096,920488,5,1,1,9,9,1,74,1313,3114
92048805102.0,92048805,920488051,94.8,94.8,32.0,28.0,4.0,0.0,2.0,60.8,30.8,17.5,6.16666666666666,6.13333333333333,0.0,1.0,0.0,0.0,0.0,0.0,0.0,0.0,0.0,0.0,0.0,0.0,0.0,0.0,0.0,30.0,30.0,6.0,24.0,0.0,0.0,0.0,0.0,65.0,0.0,47.0,64,2,3,2,9,9,1,2,2.0,1,2,1,74,1313,3066,920488,5,1,2,9,9,1,74,1313,3114
92055001101.0,92055001,920550011,54.03333333333333,44.03333333333333,0.0,0.0,0.0,0.0,15.0,39.03333333333333,27.36666666666666,15.0,11.16666666666666,0.83333333333333,0.0,0.0,0.25,0.11666666666666,11.66666666666666,1.66666666666666,0.0,0.0,0.0,0.0,11.66666666666666,1.66666666666666,0.0,0.0,0.0,0.0,0.0,0.0,0.0,0.0,0.0,0.0,0.0,91.5,0.0,12.0,63,2,2,6,9,9,1,2,2.0,2,2,5,73,1314,4123,920550,1,1,1,9,9,1,73,1314,4182
90957504101.0,90957504,909575041,87.0,87.0,78.0,66.0,12.0,0.0,0.0,9.0,9.0,0.0,0.0,0.0,4.0,3.0,0.41666666666666,1.58333333333333,0.0,0.0,0.0,0.0,0.0,0.0,0.0,0.0,0.0,0.0,0.0,0.0,0.0,0.0,0.0,0.0,0.0,0.0,0.0,56.5,0.0,28.0,53,1,3,3,9,9,1,2,2.0,2,2,1,76,1228,5871,909575,4,1,1,9,9,1,76,1228,5827
90957504102.0,90957504,909575041,41.91666666666666,36.91666666666666,0.0,0.0,0.0,0.0,0.0,41.91666666666666,29.41666666666666,14.58333333333333,14.33333333333333,0.5,0.0,0.0,0.0,0.0,12.5,7.5,0.0,0.0,0.0,0.0,12.5,7.5,0.0,0.0,0.0,0.0,0.0,0.0,0.0,0.0,0.0,0.0,0.0,70.0,0.0,9.5,62,2,2,6,9,9,1,2,2.0,2,2,5,76,1228,5771,909575,4,1,2,9,9,1,76,1228,5827
90957504103.0,90957504,909575041,108.75,104.75,82.0,70.0,12.0,0.0,0.0,26.75,4.75,1.16666666666666,2.33333333333333,0.0,0.0,1.0,0.0,0.25,22.0,18.0,0.0,0.0,0.0,0.0,17.0,13.0,5.0,0.0,0.0,0.0,0.0,0.0,0.0,0.0,0.0,0.0,0.0,48.0,0.0,10.5,29,1,3,3,9,9,1,2,2.0,2,2,1,76,1228,5916,909575,4,1,3,9,9,1,76,1228,5827
90957504104.0,90957504,909575041,109.83333333333331,89.83333333333333,0.0,0.0,0.0,0.0,0.0,109.83333333333331,55.33333333333333,21.0,14.83333333333333,15.5,0.0,0.0,3.0,1.0,54.5,34.5,0.0,0.0,0.0,0.0,54.5,34.5,0.0,0.0,0.0,0.0,0.0,0.0,0.0,0.0,0.0,0.0,0.0,80.5,0.0,39.0,28,2,6,1,9,9,1,2,3.0,2,2,5,76,1228,5817,909575,4,1,4,9,9,1,76,1228,5827
90957504201.0,90957504,909575042,91.23333333333332,86.23333333333333,54.0,48.0,6.0,0.0,0.0,37.23333333333333,14.48333333333333,5.0,6.08333333333333,1.0,1.5,0.0,0.66666666666666,0.23333333333333,22.75,17.75,0.0,0.0,11.5,6.5,11.25,11.25,0.0,0.0,0.0,0.0,0.0,0.0,0.0,0.0,0.0,0.0,0.0,72.5,0.0,0.0,36,1,6,3,9,9,1,2,3.0,2,2,1,76,1228,5863,909575,4,2,1,9,9,1,76,1228,5827
90957504202.0,90957504,909575042,177.08333333333331,149.08333333333331,25.0,15.0,10.0,0.0,0.0,152.08333333333331,52.08333333333333,27.0,18.5,5.0,0.0,0.0,1.0,0.58333333333333,100.0,72.0,0.0,0.0,37.0,19.0,63.0,53.0,0.0,0.0,0.0,0.0,0.0,0.0,0.0,0.0,0.0,0.0,0.0,73.5,0.0,46.0,34,2,3,3,9,9,1,2,2.0,2,2,1,76,1228,5786,909575,4,2,2,9,9,1,76,1228,5827
90957505101.0,90957505,909575051,91.58333333333331,84.58333333333333,69.5,63.0,6.5,0.0,0.0,22.08333333333333,6.58333333333333,0.0,3.5,0.0,0.0,1.0,1.5,0.58333333333333,15.5,8.5,0.0,0.0,11.0,4.0,0.0,0.0,4.5,0.0,0.0,0.0,0.0,0.0,0.0,0.0,0.0,0.0,0.0,51.0,0.0,44.5,25,1,3,3,9,9,1,2,2.0,2,2,1,76,1228,5916,909575,5,1,1,9,9,1,76,1228,5827
91986304102.0,91986304,919863041,222.08333333333331,152.08333333333331,0.0,0.0,0.0,0.0,0.0,222.08333333333331,34.58333333333333,15.66666666666666,14.75,1.5,0.0,1.5,0.0,1.16666666666666,187.5,117.5,187.5,117.5,0.0,0.0,0.0,0.0,0.0,0.0,0.0,0.0,0.0,0.0,0.0,0.0,0.0,0.0,0.0,66.08333333333333,0.0,38.16666666666666,33,2,8,6,9,9,1,2,4.0,2,2,5,73,1309,4956,919863,4,1,2,9,9,1,73,1309,5014
91986304103.0,91986304,919863041,69.86666666666666,66.36666666666666,50.0,47.0,3.0,0.0,0.0,19.86666666666666,11.86666666666666,7.16666666666666,2.25,0.83333333333333,0.0,0.75,0.5,0.36666666666666,7.0,3.5,3.5,0.0,0.0,0.0,0.0,0.0,3.5,0.0,0.0,1.0,1.0,1.0,0.0,0.0,0.0,0.0,0.0,68.5,0.0,42.41666666666666,28,1,8,4,9,9,1,2,4.0,2,2,1,73,1309,5067,919863,4,1,3,9,9,1,73,1309,5014
91986305101.0,91986305,919863051,26.2,26.2,0.0,0.0,0.0,0.0,0.0,26.2,26.2,9.0,9.16666666666666,3.0,0.0,1.0,2.5,1.53333333333333,0.0,0.0,0.0,0.0,0.0,0.0,0.0,0.0,0.0,0.0,0.0,0.0,0.0,0.0,0.0,0.0,0.0,0.0,0.0,57.53333333333333,0.0,25.83333333333333,70,1,8,4,9,9,1,2,4.0,2,2,3,73,1309,4960,919863,5,1,1,9,9,1,73,1309,5014
91992701101.0,91992701,919927011,118.41666666666666,118.41666666666666,54.33333333333333,50.0,4.33333333333333,0.0,1.33333333333333,62.75,60.75,14.0,36.5,3.58333333333333,0.0,5.0,0.5,1.16666666666666,2.0,2.0,0.0,0.0,0.0,0.0,0.0,0.0,2.0,0.0,0.0,0.0,0.0,0.0,0.0,0.0,0.0,0.0,0.0,73.5,0.0,48.5,76,2,2,3,9,9,1,2,2.0,2,2,1,76,1310,3239,919927,1,1,1,9,9,1,76,1310,3217
91992701102.0,91992701,919927011,164.58333333333331,134.58333333333331,74.0,38.0,36.0,0.0,2.5,88.08333333333333,34.08333333333333,1.75,31.83333333333333,0.5,0.0,0.0,0.0,0.0,54.0,24.0,0.0,0.0,0.0,0.0,0.0,0.0,0.0,54.0,24.0,0.0,0.0,0.0,0.0,0.0,0.0,0.0,0.0,58.83333333333333,0.0,3.83333333333333,50,1,2,6,9,9,1,2,2.0,2,2,1,76,1310,3242,919927,1,1,2,9,9,1,76,1310,3217
91992701103.0,91992701,919927011,213.83333333333331,206.83333333333331,72.0,48.0,24.0,0.0,3.91666666666666,137.91666666666666,109.91666666666666,7.0,93.83333333333331,2.66666666666666,0.0,1.0,1.0,4.41666666666666,28.0,21.0,0.0,0.0,0.0,0.0,0.0,0.0,0.0,28.0,21.0,0.0,0.0,0.0,0.0,0.0,0.0,0.0,0.0,96.25,0.0,26.83333333333333,49,1,2,4,9,9,1,2,2.0,2,2,1,76,1310,3257,919927,1,1,3,9,9,1,76,1310,3217
91992702101.0,91992702,919927021,72.71666666666665,72.71666666666665,61.13333333333333,56.0,5.13333333333333,0.0,0.0,11.58333333333333,11.58333333333333,0.0,7.41666666666666,3.0,0.0,0.0,0.0,1.16666666666666,0.0,0.0,0.0,0.0,0.0,0.0,0.0,0.0,0.0,0.0,0.0,0.0,0.0,0.0,0.0,0.0,0.0,0.0,0.0,73.5,0.0,35.0,50,1,6,2,9,9,1,2,3.0,2,2,1,76,1310,3242,919927,2,1,1,9,9,1,76,1310,3217
90879902102.0,90879902,908799021,95.16666666666666,95.16666666666666,0.0,0.0,0.0,0.0,3.0,92.16666666666666,36.16666666666666,11.83333333333333,16.66666666666666,4.66666666666666,0.0,3.0,0.0,0.0,0.0,0.0,0.0,0.0,0.0,0.0,0.0,0.0,0.0,0.0,0.0,56.0,56.0,14.0,0.0,42.0,0.0,0.0,0.0,72.5,0.0,35.0,33,2,6,3,9,9,1,2,3.0,2,2,5,76,1220,3699,908799,2,1,2,9,9,1,76,1220,3725
90879903101.0,90879903,908799031,127.25,57.25,0.0,0.0,0.0,0.0,0.0,127.25,25.0,15.0,7.0,1.5,0.0,1.5,0.0,0.0,102.25,32.25,102.25,32.25,0.0,0.0,0.0,0.0,0.0,0.0,0.0,0.0,0.0,0.0,0.0,0.0,0.0,0.0,0.0,70.0,0.0,18.63333333333333,31,2,3,3,9,9,1,2,2.0,2,2,5,76,1220,3699,908799,3,1,1,9,9,1,76,1220,3725
90879904101.0,90879904,908799041,27.33333333333333,27.33333333333333,0.0,0.0,0.0,0.0,7.0,20.33333333333333,10.33333333333333,1.0,5.0,2.0,0.0,2.0,0.0,0.33333333333333,10.0,10.0,0.0,0.0,0.0,0.0,0.0,0.0,6.0,4.0,4.0,0.0,0.0,0.0,0.0,0.0,0.0,0.0,0.0,87.0,0.0,37.0,62,1,2,5,9,9,1,2,2.0,1,2,3,76,1220,3725,908799,4,1,1,9,9,1,76,1220,3725
90879904102.0,90879904,908799041,79.0,78.0,9.0,6.0,3.0,0.0,0.0,70.0,56.0,24.5,24.83333333333333,3.5,0.0,2.0,0.0,1.16666666666666,14.0,13.0,0.0,0.0,0.0,0.0,0.0,0.0,7.0,7.0,6.0,0.0,0.0,0.0,0.0,0.0,0.0,0.0,0.0,82.5,0.0,21.0,65,2,2,6,9,9,1,2,2.0,1,2,1,76,1220,3720,908799,4,1,2,9,9,1,76,1220,3725
90879904103.0,90879904,908799041,27.0,23.0,0.0,0.0,0.0,0.0,2.0,25.0,16.0,4.0,7.0,4.0,0.0,1.0,0.0,0.0,9.0,5.0,0.0,0.0,0.0,0.0,0.0,0.0,0.0,9.0,5.0,0.0,0.0,0.0,0.0,0.0,0.0,0.0,0.0,74.5,59.5,19.5,30,2,8,3,9,9,1,2,4.0,2,2,4,76,1220,3699,908799,4,1,3,9,9,1,76,1220,3725
90879905101.0,90879905,908799051,118.16666666666666,111.16666666666666,80.0,66.0,14.0,0.0,2.0,36.16666666666666,19.66666666666666,6.0,5.16666666666666,3.0,4.0,1.5,0.0,0.0,16.5,9.5,0.0,0.0,0.0,0.0,9.5,2.5,7.0,0.0,0.0,0.0,0.0,0.0,0.0,0.0,0.0,0.0,0.0,63.0,0.0,20.0,54,1,8,2,9,9,1,2,4.0,2,2,1,76,1220,3753,908799,5,1,1,9,9,1,76,1220,3725
90879905102.0,90879905,908799051,159.83333333333331,132.83333333333331,66.0,48.0,18.0,0.0,0.0,93.83333333333331,40.83333333333333,25.0,8.25,3.0,0.0,4.0,0.0,0.58333333333333,32.0,5.0,0.0,0.0,0.0,0.0,32.0,5.0,0.0,0.0,0.0,21.0,21.0,15.0,0.0,6.0,0.0,0.0,0.0,48.5,0.0,7.0,46,2,8,5,9,9,1,2,4.0,2,2,1,76,1220,3687,908799,5,1,2,9,9,1,76,1220,3725
92055001102.0,92055001,920550011,128.2,83.2,45.0,35.0,10.0,0.0,0.0,83.2,19.7,7.0,7.41666666666666,3.0,0.0,2.0,0.16666666666666,0.11666666666666,63.5,18.5,0.0,0.0,0.0,0.0,63.5,18.5,0.0,0.0,0.0,0.0,0.0,0.0,0.0,0.0,0.0,0.0,0.0,84.0,0.0,42.0,34,2,3,3,9,9,1,2,2.0,2,2,1,73,1314,4134,920550,1,1,2,9,9,1,73,1314,4182
92055002101.0,92055002,920550021,95.5,95.5,78.0,72.0,6.0,0.0,0.0,17.49999999999999,17.49999999999999,4.08333333333333,9.16666666666666,1.66666666666666,1.0,1.0,0.0,0.58333333333333,0.0,0.0,0.0,0.0,0.0,0.0,0.0,0.0,0.0,0.0,0.0,0.0,0.0,0.0,0.0,0.0,0.0,0.0,0.0,42.0,0.0,31.5,40,1,6,3,9,9,1,2,3.0,2,2,1,73,1314,4266,920550,2,1,1,9,9,1,73,1314,4182
92055003101.0,92055003,920550031,50.11666666666666,50.11666666666666,33.8,30.13333333333333,3.66666666666666,0.0,0.0,16.31666666666666,16.31666666666666,10.0,5.58333333333333,0.58333333333333,0.0,0.0,0.03333333333333,0.11666666666666,0.0,0.0,0.0,0.0,0.0,0.0,0.0,0.0,0.0,0.0,0.0,0.0,0.0,0.0,0.0,0.0,0.0,0.0,0.0,75.66666666666666,0.0,23.0,34,1,10,2,9,9,1,2,5.0,2,2,1,73,1314,4254,920550,3,1,1,9,9,1,73,1314,4182
90002902102.0,90002902,900029021,85.75,85.75,55.0,54.0,1.0,0.0,0.0,30.75,24.75,5.16666666666666,11.16666666666666,1.0,0.0,2.0,3.5,1.91666666666666,6.0,6.0,0.0,0.0,0.0,0.0,0.0,0.0,6.0,0.0,0.0,0.0,0.0,0.0,0.0,0.0,0.0,0.0,0.0,51.75,0.0,37.08333333333333,26,1,8,5,9,9,1,2,4.0,2,2,1,73,1148,3218,900029,2,1,2,9,9,1,73,1148,3184
90002903101.0,90002903,900029031,73.33333333333333,73.33333333333333,43.33333333333333,40.0,3.33333333333333,0.0,0.0,30.0,26.33333333333333,14.66666666666666,4.5,1.16666666666666,2.0,2.0,2.0,0.0,2.66666666666666,2.66666666666666,0.0,0.0,0.0,0.0,0.0,0.0,2.66666666666666,0.0,0.0,1.0,1.0,0.0,0.0,1.0,0.0,0.0,0.0,67.41666666666666,0.0,41.16666666666666,46,1,8,3,9,9,1,2,4.0,2,2,1,73,1148,3209,900029,3,1,1,9,9,1,73,1148,3184
90002903102.0,90002903,900029031,71.63333333333333,71.63333333333333,46.0,44.0,2.0,0.0,0.0,25.63333333333333,25.63333333333333,12.0,10.66666666666666,0.75,0.0,2.0,0.16666666666666,0.05,0.0,0.0,0.0,0.0,0.0,0.0,0.0,0.0,0.0,0.0,0.0,0.0,0.0,0.0,0.0,0.0,0.0,0.0,0.0,78.0,0.0,50.0,42,2,8,4,9,9,1,2,4.0,2,2,1,73,1148,3143,900029,3,1,2,9,9,1,73,1148,3184
90002904101.0,90002904,900029041,48.78333333333333,48.78333333333333,0.0,0.0,0.0,0.0,0.0,48.78333333333333,47.78333333333333,19.5,10.91666666666666,2.83333333333333,0.0,6.0,3.16666666666666,5.36666666666666,0.0,0.0,0.0,0.0,0.0,0.0,0.0,0.0,0.0,0.0,0.0,1.0,1.0,1.0,0.0,0.0,0.0,0.0,0.0,50.0,0.0,22.66666666666666,58,2,9,1,9,9,1,2,5.0,2,2,3,73,1148,3112,900029,4,1,1,9,9,1,73,1148,3184
90957505102.0,90957505,909575051,93.41666666666666,23.41666666666666,0.0,0.0,0.0,0.0,0.0,93.41666666666666,9.58333333333333,0.0,6.66666666666666,2.33333333333333,0.0,0.58333333333333,0.0,0.0,83.83333333333333,13.83333333333333,0.0,0.0,83.83333333333333,13.83333333333333,0.0,0.0,0.0,0.0,0.0,0.0,0.0,0.0,0.0,0.0,0.0,0.0,0.0,98.0,0.0,40.0,21,2,3,1,9,9,1,2,2.0,2,2,5,76,1228,5886,909575,5,1,2,9,9,1,76,1228,5827
90988301101.0,90988301,909883011,121.0,116.0,66.0,60.0,6.0,0.0,0.0,55.0,35.5,15.33333333333333,16.33333333333333,3.66666666666666,0.0,0.0,0.0,0.16666666666666,19.5,14.5,0.0,0.0,0.0,0.0,12.5,7.5,7.0,0.0,0.0,0.0,0.0,0.0,0.0,0.0,0.0,0.0,0.0,55.0,0.0,19.0,32,2,3,3,9,9,1,2,2.0,2,2,1,74,1229,3258,909883,1,1,1,9,9,1,74,1229,3300
90988301102.0,90988301,909883011,43.83333333333333,38.83333333333333,22.0,18.0,4.0,0.0,0.0,21.83333333333333,15.33333333333333,2.5,9.83333333333333,0.91666666666666,0.0,1.0,0.0,1.08333333333333,6.5,1.5,0.0,0.0,0.0,0.0,6.16666666666666,1.16666666666666,0.33333333333333,0.0,0.0,0.0,0.0,0.0,0.0,0.0,0.0,0.0,0.0,68.0,45.0,15.16666666666666,15,1,3,3,9,9,1,2,2.0,2,2,1,74,1229,3322,909883,1,1,2,9,9,1,74,1229,3300
90988301103.0,90988301,909883011,30.83333333333333,30.83333333333333,0.0,0.0,0.0,0.0,0.0,30.83333333333333,26.0,11.66666666666666,7.33333333333333,1.33333333333333,0.0,4.66666666666666,0.0,1.0,4.83333333333333,4.83333333333333,0.0,0.0,0.0,0.0,4.5,4.5,0.33333333333333,0.0,0.0,0.0,0.0,0.0,0.0,0.0,0.0,0.0,0.0,68.0,59.58333333333333,27.0,13,1,3,1,9,9,1,2,2.0,2,2,4,74,1229,3314,909883,1,1,3,9,9,1,74,1229,3300
90988301105.0,90988301,909883011,148.66666666666666,143.66666666666666,78.5,54.0,24.5,0.0,20.0,50.16666666666666,44.16666666666666,13.5,19.33333333333333,5.5,0.0,3.0,0.33333333333333,2.5,6.0,1.0,0.0,0.0,0.0,0.0,5.5,0.5,0.5,0.0,0.0,0.0,0.0,0.0,0.0,0.0,0.0,0.0,0.0,78.5,0.0,27.83333333333333,21,2,8,4,9,9,1,2,4.0,2,2,1,74,1229,3314,909883,1,1,5,9,9,1,74,1229,3300
90988302101.0,90988302,909883021,112.41666666666666,112.41666666666666,105.0,84.0,21.0,0.0,0.0,7.41666666666666,7.41666666666666,2.91666666666666,1.16666666666666,2.16666666666666,0.0,0.0,0.0,1.16666666666666,0.0,0.0,0.0,0.0,0.0,0.0,0.0,0.0,0.0,0.0,0.0,0.0,0.0,0.0,0.0,0.0,0.0,0.0,0.0,53.5,0.0,21.0,73,1,3,3,9,9,1,2,2.0,2,2,1,74,1229,3260,909883,2,1,1,9,9,1,74,1229,3300
90988302102.0,90988302,909883021,15.0,15.0,0.0,0.0,0.0,0.0,0.0,15.0,15.0,6.5,5.5,2.0,0.0,1.0,0.0,0.0,0.0,0.0,0.0,0.0,0.0,0.0,0.0,0.0,0.0,0.0,0.0,0.0,0.0,0.0,0.0,0.0,0.0,0.0,0.0,72.5,0.0,9.0,71,2,2,3,9,9,1,2,2.0,2,2,5,74,1229,3302,909883,2,1,2,9,9,1,74,1229,3300
91992703101.0,91992703,919927031,85.85,71.85,50.83333333333333,50.0,0.83333333333333,0.0,0.0,35.01666666666666,16.18333333333333,3.83333333333333,2.56666666666666,3.5,0.0,5.0,1.08333333333333,0.2,18.83333333333333,4.83333333333333,0.0,0.0,0.0,0.0,17.83333333333333,3.83333333333333,1.0,0.0,0.0,0.0,0.0,0.0,0.0,0.0,0.0,0.0,0.0,100.66666666666666,0.0,11.06666666666666,34,1,3,3,9,9,1,2,2.0,1,2,1,76,1310,3269,919927,3,1,1,9,9,1,76,1310,3217
91992703102.0,91992703,919927031,105.91666666666666,102.58333333333331,72.5,72.0,0.5,0.0,0.0,33.41666666666666,21.0,6.5,2.16666666666666,3.0,0.0,3.0,1.16666666666666,5.16666666666666,12.16666666666666,8.83333333333333,0.0,0.0,0.0,0.0,5.16666666666666,1.83333333333333,7.0,0.0,0.0,0.25,0.0,0.0,0.0,0.0,0.25,0.0,0.0,77.0,0.0,5.75,40,2,8,1,9,9,1,2,4.0,2,2,1,76,1310,3191,919927,3,1,2,9,9,1,76,1310,3217
91992703103.0,91992703,919927031,39.01666666666666,39.01666666666666,0.0,0.0,0.0,0.0,0.0,39.01666666666666,15.01666666666666,4.25,8.75,1.66666666666666,0.08333333333333,0.0,0.0,0.26666666666666,0.0,0.0,0.0,0.0,0.0,0.0,0.0,0.0,0.0,0.0,0.0,24.0,24.0,0.0,0.0,24.0,0.0,0.0,0.0,88.0,47.66666666666666,22.71666666666666,14,1,3,2,9,9,1,2,2.0,2,2,4,76,1310,3250,919927,3,1,3,9,9,1,76,1310,3217
91992703104.0,91992703,919927031,141.0,137.0,0.0,0.0,0.0,0.0,0.0,141.0,127.5,9.25,14.5,35.5,0.0,3.25,32.0,33.0,9.5,5.5,0.0,0.0,0.0,0.0,9.5,5.5,0.0,0.0,0.0,4.0,4.0,0.0,2.0,2.0,0.0,0.0,0.0,89.0,30.0,54.5,16,1,3,3,9,9,1,2,2.0,2,2,4,76,1310,3258,919927,3,1,4,9,9,1,76,1310,3217
91992704101.0,91992704,919927041,83.35,81.35,59.0,47.0,12.0,0.0,0.0,24.34999999999999,8.84999999999999,1.33333333333333,2.0,2.08333333333333,0.0,1.0,1.08333333333333,1.35,15.49999999999999,13.49999999999999,0.0,0.0,4.99999999999999,2.99999999999999,0.0,0.0,10.5,0.0,0.0,0.0,0.0,0.0,0.0,0.0,0.0,0.0,0.0,73.0,0.0,13.16666666666666,41,1,8,3,9,9,1,2,4.0,2,2,1,76,1310,3297,919927,4,1,1,9,9,1,76,1310,3217
91992704102.0,91992704,919927041,141.66666666666666,120.66666666666666,22.0,10.0,12.0,0.0,0.0,119.66666666666666,42.16666666666666,14.0,12.16666666666666,7.0,0.0,2.0,2.0,5.0,77.5,56.5,0.0,0.0,65.5,44.5,0.0,0.0,12.0,0.0,0.0,0.0,0.0,0.0,0.0,0.0,0.0,0.0,0.0,86.0,0.0,13.5,36,2,6,3,9,9,1,2,3.0,2,2,1,76,1310,3191,919927,4,1,2,9,9,1,76,1310,3217
91992705101.0,91992705,919927051,74.51666666666667,74.51666666666667,70.35,70.0,0.35,0.0,0.0,4.16666666666666,4.16666666666666,0.0,0.0,0.0,0.0,0.0,0.16666666666666,4.0,0.0,0.0,0.0,0.0,0.0,0.0,0.0,0.0,0.0,0.0,0.0,0.0,0.0,0.0,0.0,0.0,0.0,0.0,0.0,60.83333333333333,0.0,7.0,61,1,6,3,9,9,1,2,3.0,2,2,1,76,1310,3218,919927,5,1,1,9,9,1,76,1310,3217
90879905103.0,90879905,908799051,31.16666666666666,7.16666666666666,0.0,0.0,0.0,0.0,0.0,31.16666666666666,5.16666666666666,3.5,1.16666666666666,0.5,0.0,0.0,0.0,0.0,24.0,0.0,0.0,0.0,0.0,0.0,24.0,0.0,0.0,0.0,0.0,2.0,2.0,0.0,0.0,2.0,0.0,0.0,0.0,67.0,96.0,12.0,19,2,8,1,9,9,1,2,4.0,2,2,4,76,1220,3759,908799,5,1,3,9,9,1,76,1220,3725
90879905104.0,90879905,908799051,10.5,10.5,0.0,0.0,0.0,0.0,0.0,10.5,10.5,0.0,7.0,2.5,0.0,1.0,0.0,0.0,0.0,0.0,0.0,0.0,0.0,0.0,0.0,0.0,0.0,0.0,0.0,0.0,0.0,0.0,0.0,0.0,0.0,0.0,0.0,64.83333333333333,36.66666666666666,34.5,13,2,3,1,9,9,1,2,2.0,2,2,4,76,1220,3739,908799,5,1,4,9,9,1,76,1220,3725
90884101101.0,90884101,908841011,98.41666666666666,98.41666666666666,35.16666666666666,35.0,0.16666666666666,0.0,13.5,49.74999999999999,28.74999999999999,18.0,3.08333333333333,4.83333333333333,0.0,0.33333333333333,0.33333333333333,2.16666666666666,21.0,21.0,0.0,0.0,0.0,0.0,0.0,0.0,21.0,0.0,0.0,0.0,0.0,0.0,0.0,0.0,0.0,0.0,0.0,83.5,0.0,37.0,52,2,3,3,9,9,1,2,2.0,2,2,1,74,1221,3749,908841,1,1,1,9,9,1,74,1221,3779
90884101102.0,90884101,908841011,35.36666666666666,35.36666666666666,5.16666666666666,5.0,0.16666666666666,0.0,7.0,23.2,22.95,7.0,14.0,1.0,0.0,0.83333333333333,0.0,0.11666666666666,0.25,0.25,0.0,0.0,0.0,0.0,0.0,0.0,0.25,0.0,0.0,0.0,0.0,0.0,0.0,0.0,0.0,0.0,0.0,84.0,48.0,14.26666666666666,16,1,6,2,9,9,1,2,3.0,2,2,1,74,1221,3805,908841,1,1,2,9,9,1,74,1221,3779
90884101103.0,90884101,908841011,62.08333333333333,62.08333333333333,18.58333333333333,18.0,0.58333333333333,0.0,6.0,37.5,35.0,10.0,18.5,0.5,0.0,3.33333333333333,1.75,0.91666666666666,2.5,2.5,0.0,0.0,0.0,0.0,0.0,0.0,2.5,0.0,0.0,0.0,0.0,0.0,0.0,0.0,0.0,0.0,0.0,108.0,0.0,37.5,26,2,8,3,9,9,1,2,4.0,2,2,1,74,1221,3751,908841,1,1,3,9,9,1,74,1221,3779
90884102101.0,90884102,908841021,106.08333333333331,70.08333333333333,41.0,40.0,1.0,0.0,7.0,58.08333333333333,22.08333333333333,12.83333333333333,7.75,0.5,0.33333333333333,0.5,0.16666666666666,0.0,36.0,0.0,36.0,0.0,0.0,0.0,0.0,0.0,0.0,0.0,0.0,0.0,0.0,0.0,0.0,0.0,0.0,0.0,0.0,74.0,0.0,2.33333333333333,70,1,2,4,9,9,1,2,2.0,2,2,1,74,1221,3734,908841,2,1,1,9,9,1,74,1221,3779
90884102102.0,90884102,908841021,3.75,3.75,0.0,0.0,0.0,0.0,0.0,3.75,3.75,3.33333333333333,0.0,0.0,0.0,0.0,0.0,0.41666666666666,0.0,0.0,0.0,0.0,0.0,0.0,0.0,0.0,0.0,0.0,0.0,0.0,0.0,0.0,0.0,0.0,0.0,0.0,0.0,96.0,0.0,10.0,55,2,2,6,9,9,1,2,2.0,2,1,6,74,1221,3689,908841,2,1,2,9,9,1,74,1221,3779
90002905101.0,90002905,900029051,85.58333333333333,85.58333333333333,80.0,68.0,12.0,0.0,0.0,5.58333333333333,3.58333333333333,2.0,1.25,0.16666666666666,0.0,0.0,0.16666666666666,0.0,2.0,2.0,0.0,0.0,0.0,0.0,0.0,0.0,2.0,0.0,0.0,0.0,0.0,0.0,0.0,0.0,0.0,0.0,0.0,63.5,0.0,29.0,43,1,8,5,9,9,1,2,4.0,2,2,1,73,1148,3248,900029,5,1,1,9,9,1,73,1148,3184
90002905102.0,90002905,900029051,51.5,51.5,16.0,15.0,1.0,0.0,0.0,35.5,35.5,10.0,17.91666666666666,4.83333333333333,0.0,2.0,0.25,0.5,0.0,0.0,0.0,0.0,0.0,0.0,0.0,0.0,0.0,0.0,0.0,0.0,0.0,0.0,0.0,0.0,0.0,0.0,0.0,68.16666666666666,0.0,35.58333333333333,45,2,8,3,9,9,1,2,4.0,2,2,1,73,1148,3138,900029,5,1,2,9,9,1,73,1148,3184
90002905103.0,90002905,900029051,9.33333333333333,9.33333333333333,0.0,0.0,0.0,0.0,0.0,9.33333333333333,8.99999999999999,4.0,3.08333333333333,0.58333333333333,0.0,1.0,0.0,0.33333333333333,0.33333333333333,0.33333333333333,0.0,0.0,0.0,0.0,0.0,0.0,0.33333333333333,0.0,0.0,0.0,0.0,0.0,0.0,0.0,0.0,0.0,0.0,66.0,22.0,61.5,23,2,8,4,9,9,1,2,4.0,2,2,4,73,1148,3202,900029,5,1,3,9,9,1,73,1148,3184
90002905104.0,90002905,900029051,28.66666666666666,28.66666666666666,8.0,6.0,2.0,0.0,0.0,20.66666666666666,14.66666666666666,3.25,8.58333333333333,1.83333333333333,0.0,1.0,0.0,0.0,6.0,6.0,0.0,0.0,0.0,0.0,0.0,0.0,6.0,0.0,0.0,0.0,0.0,0.0,0.0,0.0,0.0,0.0,0.0,68.75,52.0,83.83333333333333,20,1,6,3,9,9,1,2,3.0,2,2,1,73,1148,3236,900029,5,1,4,9,9,1,73,1148,3184
90018101101.0,90018101,900181011,25.51666666666666,25.51666666666666,0.0,0.0,0.0,0.0,0.5,25.01666666666666,24.76666666666666,10.5,6.0,4.66666666666666,0.0,2.0,1.0,0.6,0.25,0.25,0.0,0.0,0.0,0.0,0.0,0.0,0.25,0.0,0.0,0.0,0.0,0.0,0.0,0.0,0.0,0.0,0.0,85.91666666666666,0.0,7.83333333333333,85,2,0,0,9,9,1,2,1.0,2,2,3,73,1149,4136,900181,1,1,1,9,9,1,73,1149,3772
90018101102.0,90018101,900181011,77.94999999999999,76.44999999999999,51.0,48.0,3.0,0.0,3.5,23.44999999999999,16.61666666666666,7.0,3.91666666666666,0.5,0.0,3.0,1.08333333333333,1.11666666666666,6.5,5.0,0.0,0.0,0.0,0.0,0.0,0.0,5.0,1.5,0.0,0.33333333333333,0.0,0.0,0.0,0.0,0.33333333333333,0.0,0.0,66.0,0.0,35.0,43,1,5,3,9,9,1,2,3.0,2,2,1,73,1149,3848,900181,1,1,2,9,9,1,73,1149,3772
90018101103.0,90018101,900181011,67.0,67.0,50.0,40.0,10.0,0.0,2.0,15.0,13.0,4.0,4.0,3.5,0.0,1.5,0.0,0.0,2.0,2.0,0.0,0.0,0.0,0.0,0.0,0.0,1.5,0.5,0.5,0.0,0.0,0.0,0.0,0.0,0.0,0.0,0.0,64.16666666666666,0.0,38.0,38,1,6,3,9,9,1,2,3.0,2,2,1,73,1149,3778,900181,1,1,3,9,9,1,73,1149,3772
90988302103.0,90988302,909883021,37.75,37.75,0.0,0.0,0.0,0.0,0.0,37.75,37.75,19.5,10.0,2.66666666666666,0.0,4.5,0.0,1.08333333333333,0.0,0.0,0.0,0.0,0.0,0.0,0.0,0.0,0.0,0.0,0.0,0.0,0.0,0.0,0.0,0.0,0.0,0.0,0.0,75.5,0.0,10.5,52,2,6,3,9,9,1,2,3.0,2,2,5,74,1229,3274,909883,2,1,3,9,9,1,74,1229,3300
90988302104.0,90988302,909883021,81.41666666666666,81.41666666666666,56.66666666666666,50.0,6.66666666666666,0.0,0.0,24.74999999999999,14.74999999999999,7.5,4.33333333333333,2.33333333333333,0.0,0.0,0.0,0.58333333333333,7.0,7.0,0.0,0.0,0.0,0.0,0.0,0.0,7.0,0.0,0.0,3.0,3.0,0.0,0.0,3.0,0.0,0.0,0.0,69.0,0.0,34.83333333333333,53,1,2,6,9,9,1,2,2.0,2,2,1,74,1229,3305,909883,2,1,4,9,9,1,74,1229,3300
90988302105.0,90988302,909883021,6.58333333333333,6.58333333333333,0.0,0.0,0.0,0.0,0.0,6.58333333333333,6.58333333333333,3.5,3.0,0.0,0.0,0.0,0.08333333333333,0.0,0.0,0.0,0.0,0.0,0.0,0.0,0.0,0.0,0.0,0.0,0.0,0.0,0.0,0.0,0.0,0.0,0.0,0.0,0.0,62.66666666666666,0.0,40.75,28,1,6,3,9,9,1,2,3.0,2,2,6,74,1229,3331,909883,2,1,5,9,9,1,74,1229,3300
90988302106.0,90988302,909883021,81.33333333333333,81.33333333333333,46.0,43.0,3.0,0.0,3.5,31.83333333333333,31.83333333333333,7.5,17.25,1.0,0.0,5.0,0.5,0.58333333333333,0.0,0.0,0.0,0.0,0.0,0.0,0.0,0.0,0.0,0.0,0.0,0.0,0.0,0.0,0.0,0.0,0.0,0.0,0.0,76.0,0.0,15.0,20,1,6,3,9,9,1,2,3.0,2,2,1,74,1229,3349,909883,2,1,6,9,9,1,74,1229,3300
90988303101.0,90988303,909883031,46.5,46.5,0.0,0.0,0.0,0.0,0.0,46.5,41.5,9.5,13.5,13.75,0.0,4.0,0.75,0.0,5.0,5.0,0.0,0.0,0.0,0.0,0.0,0.0,5.0,0.0,0.0,0.0,0.0,0.0,0.0,0.0,0.0,0.0,0.0,69.0,0.0,21.5,63,2,2,6,9,9,1,2,2.0,2,2,5,74,1229,3249,909883,3,1,1,9,9,1,74,1229,3300
90988303102.0,90988303,909883031,57.66666666666666,57.66666666666666,0.0,0.0,0.0,0.0,2.0,55.66666666666666,19.66666666666666,7.0,8.25,3.16666666666666,0.0,1.0,0.0,0.25,27.5,27.5,0.0,0.0,0.0,0.0,15.5,15.5,3.5,8.5,8.5,8.5,4.5,0.5,2.0,2.0,4.0,0.0,0.0,48.5,51.63333333333333,25.0,15,2,3,3,9,9,1,2,2.0,2,2,4,74,1229,3311,909883,3,1,2,9,9,1,74,1229,3300
90988303103.0,90988303,909883031,76.16666666666666,76.16666666666666,73.5,70.0,3.5,0.0,0.0,2.66666666666666,2.66666666666666,0.0,1.0,1.5,0.0,0.0,0.0,0.16666666666666,0.0,0.0,0.0,0.0,0.0,0.0,0.0,0.0,0.0,0.0,0.0,0.0,0.0,0.0,0.0,0.0,0.0,0.0,0.0,65.33333333333333,0.0,5.0,66,1,3,3,9,9,1,2,2.0,2,2,1,74,1229,3276,909883,3,1,3,9,9,1,74,1229,3300
91959104101.0,91959104,919591041,60.11666666666666,60.11666666666666,44.0,38.0,6.0,0.0,0.0,16.11666666666666,16.11666666666666,11.0,2.0,1.0,0.0,2.0,0.0,0.11666666666666,0.0,0.0,0.0,0.0,0.0,0.0,0.0,0.0,0.0,0.0,0.0,0.0,0.0,0.0,0.0,0.0,0.0,0.0,0.0,69.5,0.0,31.0,26,1,10,2,9,9,1,2,5.0,2,2,1,73,1307,4027,919591,4,1,1,9,9,1,73,1307,3985
91959104102.0,91959104,919591041,75.0,75.0,59.0,54.0,5.0,0.0,0.0,16.0,16.0,11.5,0.16666666666666,1.0,0.0,3.0,0.33333333333333,0.0,0.0,0.0,0.0,0.0,0.0,0.0,0.0,0.0,0.0,0.0,0.0,0.0,0.0,0.0,0.0,0.0,0.0,0.0,0.0,60.0,0.0,17.0,50,1,8,5,9,9,1,2,4.0,2,2,1,73,1307,3996,919591,4,1,2,9,9,1,73,1307,3985
91959105101.0,91959105,919591051,41.91666666666666,41.91666666666666,0.0,0.0,0.0,0.0,0.0,41.91666666666666,28.91666666666666,10.0,10.33333333333333,2.0,0.0,5.5,0.16666666666666,0.91666666666666,0.0,0.0,0.0,0.0,0.0,0.0,0.0,0.0,0.0,0.0,0.0,13.0,13.0,13.0,0.0,0.0,0.0,0.0,0.0,79.0,0.0,25.0,57,2,8,4,9,9,1,2,4.0,2,2,5,73,1307,3895,919591,5,1,1,9,9,1,73,1307,3985
91974701101.0,91974701,919747011,68.08333333333333,68.08333333333333,40.0,40.0,0.0,0.0,0.0,28.08333333333333,28.08333333333333,13.0,13.16666666666666,1.33333333333333,0.0,0.0,0.0,0.58333333333333,0.0,0.0,0.0,0.0,0.0,0.0,0.0,0.0,0.0,0.0,0.0,0.0,0.0,0.0,0.0,0.0,0.0,0.0,0.0,64.83333333333333,0.0,37.5,38,1,8,6,9,9,1,2,4.0,2,2,1,73,1308,3754,919747,1,1,1,9,9,1,73,1308,3748
91974701102.0,91974701,919747011,57.5,57.5,40.0,40.0,0.0,0.0,0.0,17.5,17.5,15.5,0.0,0.0,0.0,0.0,2.0,0.0,0.0,0.0,0.0,0.0,0.0,0.0,0.0,0.0,0.0,0.0,0.0,0.0,0.0,0.0,0.0,0.0,0.0,0.0,0.0,72.0,0.0,39.5,38,2,8,6,9,9,1,2,4.0,2,2,1,73,1308,3700,919747,1,1,2,9,9,1,73,1308,3748
91974704101.0,91974704,919747041,40.4,40.4,30.83333333333333,30.0,0.83333333333333,0.0,0.0,9.56666666666666,9.56666666666666,3.83333333333333,0.0,0.5,0.0,3.0,1.33333333333333,0.9,0.0,0.0,0.0,0.0,0.0,0.0,0.0,0.0,0.0,0.0,0.0,0.0,0.0,0.0,0.0,0.0,0.0,0.0,0.0,61.5,0.0,30.75,55,1,6,3,9,9,1,2,3.0,2,2,1,73,1308,3769,919747,4,1,1,9,9,1,73,1308,3748
91986304101.0,91986304,919863041,76.21666666666665,73.21666666666665,63.13333333333333,60.13333333333333,3.0,0.0,0.0,13.08333333333333,2.33333333333333,0.0,0.0,0.0,0.0,2.0,0.33333333333333,0.0,10.75,7.75,10.5,7.5,0.0,0.0,0.0,0.0,0.25,0.0,0.0,0.0,0.0,0.0,0.0,0.0,0.0,0.0,0.0,59.75,0.0,32.5,30,1,8,3,9,9,1,2,4.0,2,2,1,73,1309,5101,919863,4,1,1,9,9,1,73,1309,5014
90884103101.0,90884103,908841031,78.86666666666666,78.86666666666666,58.0,48.0,10.0,0.0,7.0,13.86666666666666,13.36666666666666,2.33333333333333,8.16666666666666,0.75,0.0,2.0,0.0,0.11666666666666,0.5,0.5,0.0,0.0,0.0,0.0,0.0,0.0,0.5,0.0,0.0,0.0,0.0,0.0,0.0,0.0,0.0,0.0,0.0,58.5,0.0,17.5,39,1,3,1,9,9,1,2,2.0,2,2,1,74,1221,3780,908841,3,1,1,9,9,1,74,1221,3779
90884103102.0,90884103,908841031,26.08333333333333,26.08333333333333,0.0,0.0,0.0,0.0,2.0,24.08333333333333,24.08333333333333,10.0,8.41666666666666,2.16666666666666,0.0,2.5,0.5,0.5,0.0,0.0,0.0,0.0,0.0,0.0,0.0,0.0,0.0,0.0,0.0,0.0,0.0,0.0,0.0,0.0,0.0,0.0,0.0,83.0,52.16666666666666,31.66666666666666,17,1,6,2,9,9,1,2,3.0,2,1,4,74,1221,3805,908841,3,1,2,9,9,1,74,1221,3779
90884104101.0,90884104,908841041,42.3,35.3,0.0,0.0,0.0,0.0,0.0,42.3,30.63333333333333,7.13333333333333,13.41666666666666,7.5,0.0,1.0,1.0,0.58333333333333,11.66666666666666,4.66666666666666,0.0,0.0,11.66666666666666,4.66666666666666,0.0,0.0,0.0,0.0,0.0,0.0,0.0,0.0,0.0,0.0,0.0,0.0,0.0,72.0,0.0,7.0,59,2,3,3,9,9,1,2,2.0,2,1,5,74,1221,3689,908841,4,1,1,9,9,1,74,1221,3779
90884104102.0,90884104,908841041,179.41666666666666,109.41666666666666,50.0,40.0,10.0,0.0,0.0,129.41666666666666,27.41666666666666,3.5,15.66666666666666,6.0,0.0,2.0,0.0,0.25,102.0,32.0,0.0,0.0,101.5,31.5,0.0,0.0,0.5,0.0,0.0,0.0,0.0,0.0,0.0,0.0,0.0,0.0,0.0,59.83333333333333,0.0,7.13333333333333,35,2,8,4,9,9,1,2,4.0,2,2,1,74,1221,3726,908841,4,1,2,9,9,1,74,1221,3779
90884105101.0,90884105,908841051,96.66666666666666,96.66666666666666,0.0,0.0,0.0,0.0,0.0,96.66666666666666,16.66666666666666,8.66666666666666,5.5,0.75,0.0,1.0,0.25,0.5,0.0,0.0,0.0,0.0,0.0,0.0,0.0,0.0,0.0,0.0,0.0,80.0,80.0,0.0,0.0,80.0,0.0,0.0,0.0,108.5,0.0,36.0,72,2,2,4,9,9,1,2,2.0,1,2,5,74,1221,3781,908841,5,1,1,9,9,1,74,1221,3779
90892501101.0,90892501,908925011,60.08333333333333,60.08333333333333,55.0,40.0,15.0,0.0,0.0,5.08333333333333,5.08333333333333,0.0,1.0,1.5,1.5,0.0,0.5,0.58333333333333,0.0,0.0,0.0,0.0,0.0,0.0,0.0,0.0,0.0,0.0,0.0,0.0,0.0,0.0,0.0,0.0,0.0,0.0,0.0,51.33333333333333,0.0,15.16666666666666,70,1,6,3,9,9,1,2,3.0,2,1,1,74,1222,3694,908925,1,1,1,9,9,1,74,1222,3739
90892501102.0,90892501,908925011,56.33333333333333,52.33333333333333,0.0,0.0,0.0,0.0,0.0,56.33333333333333,52.33333333333333,25.5,19.5,3.5,0.0,2.0,1.0,0.83333333333333,4.0,0.0,0.0,0.0,0.0,0.0,0.0,0.0,0.0,4.0,0.0,0.0,0.0,0.0,0.0,0.0,0.0,0.0,0.0,80.5,0.0,20.16666666666666,72,2,5,3,9,9,1,2,3.0,1,2,5,74,1222,3741,908925,1,1,2,9,9,1,74,1222,3739
90018104101.0,90018104,900181041,16.16666666666666,16.16666666666666,0.0,0.0,0.0,0.0,0.0,16.16666666666666,14.16666666666666,1.83333333333333,4.66666666666666,0.83333333333333,3.0,2.0,1.0,0.83333333333333,2.0,2.0,0.0,0.0,0.0,0.0,0.0,0.0,0.0,2.0,2.0,0.0,0.0,0.0,0.0,0.0,0.0,0.0,0.0,55.41666666666666,0.0,21.5,70,1,3,3,9,9,1,2,2.0,2,2,3,73,1149,3732,900181,4,1,1,9,9,1,73,1149,3772
90018104102.0,90018104,900181041,24.33333333333333,24.33333333333333,0.0,0.0,0.0,0.0,0.0,24.33333333333333,20.33333333333333,8.83333333333333,3.33333333333333,4.0,0.0,3.0,0.5,0.66666666666666,0.0,0.0,0.0,0.0,0.0,0.0,0.0,0.0,0.0,0.0,0.0,4.0,4.0,0.0,0.0,4.0,0.0,0.0,0.0,68.5,0.0,21.0,69,2,3,3,9,9,1,2,2.0,2,2,5,73,1149,3751,900181,4,1,2,9,9,1,73,1149,3772
90018105101.0,90018105,900181051,83.16666666666666,83.16666666666666,62.0,54.0,8.0,0.0,0.0,21.16666666666666,20.16666666666666,6.16666666666666,10.58333333333333,2.91666666666666,0.0,0.0,0.5,0.0,1.0,1.0,0.0,0.0,0.0,0.0,0.0,0.0,1.0,0.0,0.0,0.0,0.0,0.0,0.0,0.0,0.0,0.0,0.0,52.58333333333333,10.0,14.0,32,1,9,2,9,9,1,2,5.0,2,2,1,73,1149,3838,900181,5,1,1,9,9,1,73,1149,3772
90018105102.0,90018105,900181051,105.66666666666666,105.66666666666666,67.0,46.0,21.0,0.0,0.0,38.66666666666666,38.66666666666666,10.5,14.0,4.0,0.0,2.0,4.0,4.16666666666666,0.0,0.0,0.0,0.0,0.0,0.0,0.0,0.0,0.0,0.0,0.0,0.0,0.0,0.0,0.0,0.0,0.0,0.0,0.0,76.0,0.0,40.0,28,2,8,3,9,9,1,2,4.0,2,2,1,73,1149,3749,900181,5,1,2,9,9,1,73,1149,3772
90018105103.0,90018105,900181051,75.25,75.25,49.0,40.0,9.0,0.0,0.0,26.25,26.25,5.0,13.66666666666666,3.5,0.0,3.5,0.0,0.58333333333333,0.0,0.0,0.0,0.0,0.0,0.0,0.0,0.0,0.0,0.0,0.0,0.0,0.0,0.0,0.0,0.0,0.0,0.0,0.0,63.75,0.0,40.0,26,1,6,3,9,9,1,2,3.0,2,2,1,73,1149,3812,900181,5,1,3,9,9,1,73,1149,3772
90018301101.0,90018301,900183011,69.16666666666666,69.16666666666666,55.0,45.0,10.0,0.0,0.0,14.16666666666666,11.16666666666666,3.58333333333333,3.41666666666666,1.5,1.0,1.5,0.0,0.16666666666666,0.0,0.0,0.0,0.0,0.0,0.0,0.0,0.0,0.0,0.0,0.0,3.0,3.0,0.0,3.0,0.0,0.0,0.0,0.0,70.08333333333333,0.0,22.0,53,2,8,4,9,9,1,2,4.0,2,2,1,74,1150,3644,900183,1,1,1,9,9,1,74,1150,3673
90018301102.0,90018301,900183011,69.38333333333333,69.38333333333333,36.0,35.0,1.0,0.0,6.0,27.38333333333333,27.38333333333333,15.5,8.13333333333333,1.5,0.0,1.0,0.0,1.25,0.0,0.0,0.0,0.0,0.0,0.0,0.0,0.0,0.0,0.0,0.0,0.0,0.0,0.0,0.0,0.0,0.0,0.0,0.0,52.16666666666666,0.0,19.0,41,2,8,4,9,9,1,2,4.0,2,2,1,74,1150,3621,900183,1,1,2,9,9,1,74,1150,3673
90988303104.0,90988303,909883031,96.91666666666666,86.41666666666666,40.41666666666666,40.0,0.41666666666666,0.0,2.0,54.5,26.5,3.5,7.5,10.75,1.5,2.0,0.0,1.25,28.0,17.5,0.0,0.0,0.0,0.0,14.0,7.0,10.5,3.5,0.0,0.0,0.0,0.0,0.0,0.0,0.0,0.0,0.0,91.5,0.0,42.58333333333333,31,1,6,2,9,9,1,2,3.0,2,2,1,74,1229,3353,909883,3,1,4,9,9,1,74,1229,3300
90988303105.0,90988303,909883031,77.25,69.75,52.0,48.0,4.0,0.0,0.0,25.25,7.66666666666666,1.5,1.5,1.66666666666666,0.0,0.0,3.0,0.0,17.58333333333333,10.08333333333333,0.0,0.0,0.0,0.0,17.58333333333333,10.08333333333333,0.0,0.0,0.0,0.0,0.0,0.0,0.0,0.0,0.0,0.0,0.0,67.0,0.0,23.33333333333333,27,2,3,3,9,9,1,2,2.0,2,2,1,74,1229,3275,909883,3,1,5,9,9,1,74,1229,3300
91752203101.0,91752203,917522031,23.66666666666666,23.66666666666666,0.0,0.0,0.0,0.0,0.0,23.66666666666666,17.66666666666666,7.0,4.71666666666666,0.41666666666666,0.0,1.83333333333333,3.58333333333333,0.11666666666666,0.0,0.0,0.0,0.0,0.0,0.0,0.0,0.0,0.0,0.0,0.0,6.0,6.0,6.0,0.0,0.0,0.0,0.0,0.0,67.13333333333333,0.0,21.66666666666666,70,1,8,5,9,9,1,2,4.0,2,2,3,73,1290,2593,917522,3,1,1,9,9,1,73,1290,2621
91752205101.0,91752205,917522051,67.8,67.8,50.83333333333333,48.0,2.83333333333333,0.0,0.0,16.96666666666666,16.96666666666666,4.25,5.16666666666666,1.78333333333333,0.0,4.5,0.5,0.76666666666666,0.0,0.0,0.0,0.0,0.0,0.0,0.0,0.0,0.0,0.0,0.0,0.0,0.0,0.0,0.0,0.0,0.0,0.0,0.0,76.8,0.0,24.16666666666666,46,2,8,4,9,9,1,2,4.0,2,2,1,73,1290,2583,917522,5,1,1,9,9,1,73,1290,2621
91752205102.0,91752205,917522051,27.0,27.0,3.5,0.0,0.0,3.5,0.0,23.5,22.58333333333333,9.16666666666666,7.25,2.16666666666666,0.0,3.5,0.0,0.5,0.91666666666666,0.91666666666666,0.0,0.0,0.0,0.0,0.0,0.0,0.91666666666666,0.0,0.0,0.0,0.0,0.0,0.0,0.0,0.0,0.0,0.0,72.5,0.0,36.0,24,2,8,4,9,9,1,2,4.0,2,2,2,73,1290,2636,917522,5,1,2,9,9,1,73,1290,2621
91764601101.0,91764601,917646011,57.65,57.65,44.0,40.0,4.0,0.0,0.0,13.65,8.65,4.31666666666666,2.0,0.0,0.0,0.0,0.91666666666666,1.41666666666666,5.0,5.0,0.0,0.0,0.0,0.0,0.0,0.0,5.0,0.0,0.0,0.0,0.0,0.0,0.0,0.0,0.0,0.0,0.0,70.5,0.0,25.0,61,2,7,3,9,9,1,2,4.0,2,2,1,73,1291,4361,917646,1,1,1,9,9,1,73,1291,4424
91764601102.0,91764601,917646011,48.55,48.55,30.0,24.0,6.0,0.0,0.0,18.55,16.05,7.0,8.05,0.0,0.0,1.0,0.0,0.0,2.5,2.5,0.0,0.0,0.0,0.0,0.0,0.0,0.0,2.5,2.5,0.0,0.0,0.0,0.0,0.0,0.0,0.0,0.0,77.0,0.0,27.08333333333333,23,1,8,4,9,9,1,2,4.0,2,2,1,73,1291,4495,917646,1,1,2,9,9,1,73,1291,4424
90744104101.0,90744104,907441041,49.08333333333333,49.08333333333333,5.0,3.0,2.0,0.0,1.75,42.33333333333333,40.33333333333333,10.5,13.08333333333333,9.5,0.0,4.0,3.0,0.25,0.0,0.0,0.0,0.0,0.0,0.0,0.0,0.0,0.0,0.0,0.0,2.0,2.0,2.0,0.0,0.0,0.0,0.0,0.0,87.0,0.0,12.0,82,1,2,2,9,9,1,2,2.0,1,2,1,76,1214,4790,907441,4,1,1,9,9,1,76,1214,4632
90744105101.0,90744105,907441051,91.16666666666666,91.16666666666666,86.58333333333333,86.0,0.58333333333333,0.0,0.0,4.58333333333333,4.58333333333333,3.5,0.0,0.0,0.5,0.0,0.0,0.58333333333333,0.0,0.0,0.0,0.0,0.0,0.0,0.0,0.0,0.0,0.0,0.0,0.0,0.0,0.0,0.0,0.0,0.0,0.0,0.0,50.83333333333333,0.0,2.5,53,1,3,3,9,9,1,2,2.0,2,2,1,76,1214,4667,907441,5,1,1,9,9,1,76,1214,4632
90744105102.0,90744105,907441051,114.91666666666666,113.75,39.13333333333333,39.0,0.13333333333333,0.0,0.0,75.78333333333333,37.19999999999999,12.33333333333333,16.83333333333333,3.58333333333333,0.0,3.5,0.58333333333333,0.36666666666666,38.58333333333333,37.41666666666666,27.83333333333333,26.66666666666666,0.0,0.0,0.0,0.0,10.75,0.0,0.0,0.0,0.0,0.0,0.0,0.0,0.0,0.0,0.0,55.66666666666666,0.0,22.5,49,2,3,3,9,9,1,2,2.0,2,2,1,76,1214,4586,907441,5,1,2,9,9,1,76,1214,4632
90744105103.0,90744105,907441051,5.66666666666666,5.66666666666666,0.0,0.0,0.0,0.0,0.0,5.66666666666666,4.91666666666666,1.5,1.75,0.16666666666666,1.5,0.0,0.0,0.0,0.75,0.75,0.75,0.75,0.0,0.0,0.0,0.0,0.0,0.0,0.0,0.0,0.0,0.0,0.0,0.0,0.0,0.0,0.0,67.5,0.0,0.0,79,1,8,4,9,9,1,2,4.0,2,1,5,76,1214,4744,907441,5,1,3,9,9,1,76,1214,4632
90744105104.0,90744105,907441051,0.5,0.5,0.0,0.0,0.0,0.0,0.0,0.5,0.5,0.0,0.0,0.5,0.0,0.0,0.0,0.0,0.0,0.0,0.0,0.0,0.0,0.0,0.0,0.0,0.0,0.0,0.0,0.0,0.0,0.0,0.0,0.0,0.0,0.0,0.0,100.66666666666666,0.0,32.5,68,2,2,3,9,9,1,2,2.0,2,1,5,76,1214,4627,907441,5,1,4,9,9,1,76,1214,4632
90744105105.0,90744105,907441051,43.0,41.0,25.25,25.0,0.25,0.0,0.0,17.75,7.75,2.16666666666666,3.33333333333333,1.33333333333333,0.0,0.0,0.0,0.91666666666666,10.0,8.0,5.83333333333333,3.83333333333333,0.0,0.0,0.0,0.0,4.16666666666666,0.0,0.0,0.0,0.0,0.0,0.0,0.0,0.0,0.0,0.0,56.66666666666666,7.5,23.66666666666666,19,2,6,3,9,9,1,2,3.0,2,2,1,76,1214,4675,907441,5,1,5,9,9,1,76,1214,4632
90744105106.0,90744105,907441051,1.66666666666666,0.33333333333333,0.0,0.0,0.0,0.0,0.0,1.66666666666666,0.33333333333333,0.33333333333333,0.0,0.0,0.0,0.0,0.0,0.0,1.33333333333333,0.0,1.33333333333333,0.0,0.0,0.0,0.0,0.0,0.0,0.0,0.0,0.0,0.0,0.0,0.0,0.0,0.0,0.0,0.0,66.5,40.0,21.66666666666666,15,1,3,3,9,9,1,2,2.0,2,2,4,76,1214,4691,907441,5,1,6,9,9,1,76,1214,4632
90892501103.0,90892501,908925011,55.5,55.5,32.5,20.0,12.5,0.0,0.0,23.0,21.16666666666666,6.75,8.0,2.33333333333333,0.0,1.5,2.0,0.58333333333333,1.83333333333333,1.83333333333333,0.0,0.0,0.0,0.0,0.0,0.0,0.0,1.83333333333333,1.83333333333333,0.0,0.0,0.0,0.0,0.0,0.0,0.0,0.0,75.0,0.0,32.38333333333333,42,1,8,4,9,9,1,2,4.0,2,2,1,74,1222,3809,908925,1,1,3,9,9,1,74,1222,3739
91666701101.0,91666701,916667011,148.16666666666666,106.16666666666666,40.0,40.0,0.0,0.0,0.0,108.16666666666666,49.0,14.0,24.0,4.5,0.5,4.66666666666666,0.33333333333333,1.0,59.16666666666666,17.16666666666666,0.0,0.0,0.0,0.0,38.16666666666666,10.16666666666666,0.0,21.0,7.0,0.0,0.0,0.0,0.0,0.0,0.0,0.0,0.0,71.33333333333333,0.0,10.66666666666666,40,1,8,4,9,9,1,2,4.0,2,2,1,73,1280,2670,916667,1,1,1,9,9,1,73,1280,2618
91666701102.0,91666701,916667011,81.83333333333333,60.83333333333333,0.0,0.0,0.0,0.0,0.0,81.83333333333333,25.83333333333333,10.33333333333333,8.58333333333333,6.33333333333333,0.0,0.0,0.0,0.58333333333333,45.5,24.5,0.0,0.0,0.0,0.0,42.0,21.0,3.5,0.0,0.0,10.5,6.0,0.0,0.0,6.0,4.5,0.0,0.0,76.75,0.0,16.0,62,2,5,3,9,9,1,2,3.0,2,2,5,73,1280,2580,916667,1,1,2,9,9,1,73,1280,2618
91666702101.0,91666702,916667021,87.75,87.75,60.0,45.0,15.0,0.0,0.0,27.75,24.5,10.5,5.11666666666666,4.66666666666666,0.0,3.0,0.0,1.21666666666666,3.25,3.25,0.0,0.0,0.0,0.0,0.0,0.0,3.25,0.0,0.0,0.0,0.0,0.0,0.0,0.0,0.0,0.0,0.0,61.66666666666666,0.0,29.41666666666666,57,2,8,4,9,9,1,2,4.0,2,2,1,73,1280,2559,916667,2,1,1,9,9,1,73,1280,2618
91666702102.0,91666702,916667021,86.75,86.75,70.0,58.0,12.0,0.0,0.0,16.75,13.25,3.91666666666666,4.91666666666666,0.5,0.0,3.33333333333333,0.0,0.58333333333333,3.5,3.5,0.0,0.0,0.0,0.0,0.0,0.0,3.5,0.0,0.0,0.0,0.0,0.0,0.0,0.0,0.0,0.0,0.0,59.25,0.0,14.0,48,2,8,4,9,9,1,2,4.0,2,2,1,73,1280,2579,916667,2,1,2,9,9,1,73,1280,2618
91666702103.0,91666702,916667021,98.05,98.05,82.0,70.0,12.0,0.0,0.66666666666666,15.38333333333333,14.46666666666666,2.58333333333333,3.08333333333333,4.41666666666666,0.13333333333333,2.75,0.33333333333333,1.16666666666666,0.91666666666666,0.91666666666666,0.0,0.0,0.0,0.0,0.0,0.0,0.91666666666666,0.0,0.0,0.0,0.0,0.0,0.0,0.0,0.0,0.0,0.0,59.25,0.0,17.5,50,1,8,4,9,9,1,2,4.0,2,2,1,73,1280,2625,916667,2,1,3,9,9,1,73,1280,2618
91666704101.0,91666704,916667041,145.83333333333331,121.83333333333331,87.0,72.0,15.0,0.0,0.0,58.83333333333333,14.33333333333333,4.66666666666666,8.0,0.0,0.0,0.0,0.5,1.16666666666666,44.5,20.5,0.0,0.0,41.0,17.0,0.0,0.0,3.5,0.0,0.0,0.0,0.0,0.0,0.0,0.0,0.0,0.0,0.0,59.5,0.0,21.5,45,1,8,4,9,9,1,2,4.0,2,2,1,73,1280,2638,916667,4,1,1,9,9,1,73,1280,2618
90018301103.0,90018301,900183011,70.33333333333333,70.33333333333333,54.0,52.0,2.0,0.0,0.0,16.33333333333333,11.33333333333333,3.5,3.16666666666666,2.5,0.0,0.0,0.5,1.66666666666666,0.0,0.0,0.0,0.0,0.0,0.0,0.0,0.0,0.0,0.0,0.0,5.0,5.0,2.0,3.0,0.0,0.0,0.0,0.0,65.25,0.0,16.5,51,2,8,4,9,9,1,2,4.0,2,2,1,74,1150,3644,900183,1,1,3,9,9,1,74,1150,3673
90018302101.0,90018302,900183021,81.78333333333333,81.78333333333333,48.0,42.0,6.0,0.0,1.0,32.78333333333333,32.78333333333333,11.66666666666666,12.91666666666666,6.83333333333333,0.0,1.0,0.16666666666666,0.2,0.0,0.0,0.0,0.0,0.0,0.0,0.0,0.0,0.0,0.0,0.0,0.0,0.0,0.0,0.0,0.0,0.0,0.0,0.0,56.83333333333333,0.0,16.0,57,2,2,6,9,9,1,2,2.0,2,2,1,74,1150,3586,900183,2,1,1,9,9,1,74,1150,3673
90018302102.0,90018302,900183021,76.91666666666666,76.91666666666666,60.0,45.0,15.0,0.0,0.0,16.91666666666666,16.91666666666666,8.0,6.25,2.41666666666666,0.0,0.0,0.08333333333333,0.16666666666666,0.0,0.0,0.0,0.0,0.0,0.0,0.0,0.0,0.0,0.0,0.0,0.0,0.0,0.0,0.0,0.0,0.0,0.0,0.0,62.25,7.0,22.25,25,2,8,5,9,9,1,2,4.0,2,2,1,74,1150,3645,900183,2,1,2,9,9,1,74,1150,3673
90018302103.0,90018302,900183021,55.75,55.75,42.5,40.0,2.5,0.0,0.0,13.25,12.25,5.83333333333333,4.75,1.5,0.0,0.0,0.16666666666666,0.0,1.0,1.0,0.0,0.0,0.0,0.0,0.0,0.0,1.0,0.0,0.0,0.0,0.0,0.0,0.0,0.0,0.0,0.0,0.0,70.41666666666666,0.0,19.08333333333333,23,1,6,3,9,9,1,2,3.0,2,2,1,74,1150,3727,900183,2,1,3,9,9,1,74,1150,3673
90018303101.0,90018303,900183031,77.33333333333333,70.33333333333333,55.0,40.0,15.0,0.0,0.0,22.33333333333333,7.33333333333333,1.0,4.41666666666666,1.0,0.0,0.0,0.33333333333333,0.58333333333333,15.0,8.0,8.0,8.0,0.0,0.0,7.0,0.0,0.0,0.0,0.0,0.0,0.0,0.0,0.0,0.0,0.0,0.0,0.0,47.16666666666666,0.0,19.41666666666666,29,1,6,3,9,9,1,2,3.0,2,2,1,74,1150,3707,900183,3,1,1,9,9,1,74,1150,3673
90018303102.0,90018303,900183031,100.58333333333331,92.58333333333331,72.0,54.0,18.0,0.0,0.0,28.58333333333333,19.08333333333333,6.5,4.41666666666666,3.5,0.0,2.5,1.5,0.66666666666666,9.5,1.5,0.0,0.0,0.0,0.0,9.5,1.5,0.0,0.0,0.0,0.0,0.0,0.0,0.0,0.0,0.0,0.0,0.0,55.58333333333333,0.0,27.0,29,2,6,3,9,9,1,2,3.0,2,2,1,74,1150,3645,900183,3,1,2,9,9,1,74,1150,3673
90018303105.0,90018303,900183031,8.0,8.0,0.0,0.0,0.0,0.0,0.0,8.0,8.0,3.0,3.33333333333333,1.0,0.0,0.5,0.0,0.16666666666666,0.0,0.0,0.0,0.0,0.0,0.0,0.0,0.0,0.0,0.0,0.0,0.0,0.0,0.0,0.0,0.0,0.0,0.0,0.0,91.0,0.0,51.5,59,2,2,6,9,9,1,2,2.0,2,2,6,74,1150,3586,900183,3,1,5,9,9,1,74,1150,3673
91764602101.0,91764602,917646021,51.16666666666666,51.16666666666666,40.0,40.0,0.0,0.0,0.0,11.16666666666666,4.16666666666666,0.0,2.16666666666666,0.0,0.0,2.0,0.0,0.0,7.0,7.0,0.0,0.0,0.0,0.0,0.0,0.0,7.0,0.0,0.0,0.0,0.0,0.0,0.0,0.0,0.0,0.0,0.0,77.0,0.0,41.75,57,1,8,4,9,9,1,2,4.0,2,2,1,73,1291,4449,917646,2,1,1,9,9,1,73,1291,4424
91764602102.0,91764602,917646021,57.58333333333333,57.58333333333333,47.0,35.0,12.0,0.0,0.0,10.58333333333333,10.58333333333333,3.0,5.0,0.0,0.0,2.0,0.23333333333333,0.35,0.0,0.0,0.0,0.0,0.0,0.0,0.0,0.0,0.0,0.0,0.0,0.0,0.0,0.0,0.0,0.0,0.0,0.0,0.0,82.0,0.0,21.91666666666666,46,2,8,5,9,9,1,2,4.0,2,2,1,73,1291,4360,917646,2,1,2,9,9,1,73,1291,4424
91764603101.0,91764603,917646031,55.25,55.25,50.0,40.0,10.0,0.0,0.0,5.25,2.25,1.0,0.16666666666666,0.25,0.0,0.83333333333333,0.0,0.0,3.0,3.0,0.0,0.0,0.0,0.0,0.0,0.0,3.0,0.0,0.0,0.0,0.0,0.0,0.0,0.0,0.0,0.0,0.0,70.75,0.0,7.5,63,1,8,5,9,9,1,2,4.0,2,2,1,73,1291,4405,917646,3,1,1,9,9,1,73,1291,4424
91764603102.0,91764603,917646031,8.49999999999999,8.49999999999999,0.0,0.0,0.0,0.0,0.0,8.49999999999999,2.49999999999999,1.08333333333333,0.33333333333333,0.0,0.0,1.0,0.0,0.08333333333333,6.0,6.0,0.0,0.0,0.0,0.0,0.0,0.0,3.0,3.0,3.0,0.0,0.0,0.0,0.0,0.0,0.0,0.0,0.0,76.0,0.0,9.0,66,1,8,5,9,9,1,2,4.0,2,2,3,73,1291,4397,917646,3,1,2,9,9,1,73,1291,4424
91764603103.0,91764603,917646031,66.68333333333332,66.68333333333332,0.0,0.0,0.0,0.0,0.0,66.68333333333332,57.68333333333333,30.5,22.83333333333333,4.0,0.0,0.0,0.0,0.35,9.0,9.0,0.0,0.0,0.0,0.0,0.0,0.0,3.0,6.0,6.0,0.0,0.0,0.0,0.0,0.0,0.0,0.0,0.0,69.75,0.0,14.0,59,2,3,3,9,9,1,2,2.0,2,2,5,73,1291,4325,917646,3,1,3,9,9,1,73,1291,4424
91764603104.0,91764603,917646031,69.08333333333333,69.08333333333333,57.0,45.5,11.5,0.0,0.0,12.08333333333333,5.58333333333333,2.0,2.58333333333333,0.0,0.0,0.0,1.0,0.0,6.5,6.5,0.0,0.0,0.0,0.0,0.0,0.0,3.75,2.75,2.75,0.0,0.0,0.0,0.0,0.0,0.0,0.0,0.0,78.2,0.0,10.58333333333333,53,1,8,5,9,9,1,2,4.0,2,2,1,73,1291,4437,917646,3,1,4,9,9,1,73,1291,4424
91764604101.0,91764604,917646041,110.0,91.0,44.0,40.0,4.0,0.0,0.0,66.0,14.5,3.5,4.0,0.0,2.0,3.0,2.0,0.0,51.5,32.5,0.0,0.0,21.5,13.5,23.0,12.0,7.0,0.0,0.0,0.0,0.0,0.0,0.0,0.0,0.0,0.0,0.0,65.5,0.0,23.5,38,1,8,5,9,9,1,2,4.0,2,2,1,73,1291,4431,917646,4,1,1,9,9,1,73,1291,4424
90756101101.0,90756101,907561011,73.66666666666666,73.66666666666666,68.0,50.0,18.0,0.0,0.0,5.66666666666666,4.66666666666666,0.83333333333333,2.33333333333333,0.25,0.0,0.0,1.0,0.25,1.0,1.0,0.0,0.0,0.0,0.0,0.0,0.0,1.0,0.0,0.0,0.0,0.0,0.0,0.0,0.0,0.0,0.0,0.0,73.0,0.0,13.0,57,1,3,3,9,9,1,2,2.0,2,2,1,76,1215,4331,907561,1,1,1,9,9,1,76,1215,4287
90756101102.0,90756101,907561011,55.33333333333333,55.33333333333333,0.0,0.0,0.0,0.0,0.0,55.33333333333333,53.33333333333333,28.0,19.0,2.0,0.0,2.0,1.0,1.33333333333333,2.0,2.0,0.0,0.0,0.0,0.0,0.0,0.0,2.0,0.0,0.0,0.0,0.0,0.0,0.0,0.0,0.0,0.0,0.0,70.13333333333333,0.0,13.5,57,2,3,3,9,9,1,2,2.0,2,2,5,76,1215,4210,907561,1,1,2,9,9,1,76,1215,4287
90756101103.0,90756101,907561011,72.11666666666666,72.11666666666666,68.0,50.0,18.0,0.0,0.0,4.11666666666666,2.61666666666666,0.0,2.0,0.5,0.0,0.0,0.0,0.11666666666666,1.5,1.5,0.0,0.0,0.0,0.0,0.0,0.0,1.5,0.0,0.0,0.0,0.0,0.0,0.0,0.0,0.0,0.0,0.0,74.0,0.0,30.0,24,1,3,3,9,9,1,2,2.0,2,2,1,76,1215,4376,907561,1,1,3,9,9,1,76,1215,4287
90756102101.0,90756102,907561021,57.58333333333333,57.58333333333333,46.0,36.0,10.0,0.0,0.41666666666666,11.16666666666666,11.16666666666666,0.83333333333333,7.33333333333333,2.0,0.0,1.0,0.0,0.0,0.0,0.0,0.0,0.0,0.0,0.0,0.0,0.0,0.0,0.0,0.0,0.0,0.0,0.0,0.0,0.0,0.0,0.0,0.0,37.0,0.0,22.16666666666666,66,1,2,6,9,9,1,2,2.0,2,2,1,76,1215,4281,907561,2,1,1,9,9,1,76,1215,4287
90756103101.0,90756103,907561031,213.91666666666663,157.91666666666666,0.0,0.0,0.0,0.0,3.0,210.91666666666663,56.41666666666666,24.5,15.16666666666666,6.0,0.0,10.5,0.0,0.25,154.5,98.5,0.0,0.0,78.5,62.5,62.0,22.0,14.0,0.0,0.0,0.0,0.0,0.0,0.0,0.0,0.0,0.0,0.0,70.0,0.0,19.0,34,2,6,1,9,9,1,2,3.0,2,2,5,76,1215,4257,907561,3,1,1,9,9,1,76,1215,4287
90756103102.0,90756103,907561031,179.0,101.0,12.0,10.0,2.0,0.0,0.0,167.0,8.5,3.5,1.41666666666666,0.0,1.0,2.0,0.0,0.58333333333333,155.5,77.5,74.25,39.25,72.0,37.0,9.25,1.25,0.0,0.0,0.0,3.0,0.0,0.0,0.0,0.0,3.0,0.0,0.0,63.0,0.0,1.0,39,1,0,0,9,9,1,2,1.0,1,1,1,76,1215,4314,907561,3,1,2,9,9,1,76,1215,4287
90756103103.0,90756103,907561031,64.58333333333333,36.58333333333333,0.0,0.0,0.0,0.0,3.0,61.58333333333333,14.08333333333333,7.0,3.5,3.0,0.0,0.0,0.0,0.58333333333333,41.5,13.5,16.5,2.5,17.0,10.0,8.0,1.0,0.0,0.0,0.0,6.0,6.0,0.0,0.0,6.0,0.0,0.0,0.0,70.0,0.0,23.0,14,1,3,2,9,9,1,2,2.0,2,2,5,76,1215,4331,907561,3,1,3,9,9,1,76,1215,4287
91666704102.0,91666704,916667041,153.66666666666666,97.66666666666666,25.41666666666666,25.0,0.41666666666666,0.0,0.0,128.25,20.16666666666666,11.58333333333333,3.5,0.0,0.0,4.5,0.0,0.58333333333333,108.08333333333331,52.08333333333333,0.0,0.0,106.08333333333331,50.08333333333333,0.0,0.0,2.0,0.0,0.0,0.0,0.0,0.0,0.0,0.0,0.0,0.0,0.0,66.5,0.0,11.0,43,2,10,2,9,9,1,2,5.0,2,2,1,73,1280,2584,916667,4,1,2,9,9,1,73,1280,2618
91666705101.0,91666705,916667051,69.28333333333333,69.28333333333333,57.5,50.0,7.5,0.0,0.0,11.78333333333333,11.78333333333333,1.5,3.0,1.25,0.0,2.75,0.41666666666666,2.86666666666666,0.0,0.0,0.0,0.0,0.0,0.0,0.0,0.0,0.0,0.0,0.0,0.0,0.0,0.0,0.0,0.0,0.0,0.0,0.0,63.0,0.0,22.83333333333333,58,2,8,4,9,9,1,2,4.0,2,2,1,73,1280,2559,916667,5,1,1,9,9,1,73,1280,2618
91666705102.0,91666705,916667051,94.33333333333331,94.33333333333331,31.0,25.0,6.0,0.0,0.0,63.33333333333333,38.83333333333333,10.5,25.0,0.75,0.0,2.0,0.0,0.58333333333333,0.5,0.5,0.0,0.0,0.0,0.0,0.0,0.0,0.5,0.0,0.0,24.0,24.0,0.0,0.0,24.0,0.0,0.0,0.0,70.0,0.0,36.83333333333333,28,2,8,4,9,9,1,2,4.0,2,2,1,73,1280,2601,916667,5,1,2,9,9,1,73,1280,2618
91670601101.0,91670601,916706011,93.5,37.5,21.0,18.0,3.0,0.0,0.0,72.5,10.75,0.0,0.16666666666666,0.0,2.0,5.0,3.0,0.58333333333333,61.75,5.75,0.0,0.0,0.0,0.0,0.0,0.0,0.0,61.75,5.75,0.0,0.0,0.0,0.0,0.0,0.0,0.0,0.0,72.41666666666666,0.0,40.33333333333333,70,1,8,4,9,9,1,2,4.0,2,2,1,73,1281,3230,916706,1,1,1,9,9,1,73,1281,3265
91670601102.0,91670601,916706011,98.33333333333331,42.33333333333333,0.0,0.0,0.0,0.0,0.0,98.33333333333331,27.08333333333333,12.83333333333333,7.5,1.25,0.0,5.0,0.0,0.5,71.25,15.25,0.0,0.0,0.0,0.0,0.0,0.0,0.0,71.25,15.25,0.0,0.0,0.0,0.0,0.0,0.0,0.0,0.0,78.25,0.0,52.83333333333333,69,2,5,3,9,9,1,2,3.0,2,2,5,73,1281,3246,916706,1,1,2,9,9,1,73,1281,3265
91670602101.0,91670602,916706021,76.58333333333333,76.58333333333333,66.0,57.0,9.0,0.0,0.0,10.58333333333333,10.58333333333333,0.0,4.75,1.58333333333333,0.0,2.75,0.0,1.5,0.0,0.0,0.0,0.0,0.0,0.0,0.0,0.0,0.0,0.0,0.0,0.0,0.0,0.0,0.0,0.0,0.0,0.0,0.0,53.91666666666666,0.0,20.58333333333333,39,1,8,4,9,9,1,2,4.0,2,2,1,73,1281,3270,916706,2,1,1,9,9,1,73,1281,3265
91670603101.0,91670603,916706031,96.66666666666666,96.66666666666666,77.0,70.0,7.0,0.0,0.0,19.66666666666666,16.16666666666666,3.0,5.91666666666666,1.0,0.0,4.5,0.16666666666666,1.58333333333333,3.5,3.5,0.0,0.0,0.0,0.0,0.0,0.0,3.5,0.0,0.0,0.0,0.0,0.0,0.0,0.0,0.0,0.0,0.0,61.5,0.0,21.0,57,1,6,3,9,9,1,2,3.0,2,2,1,73,1281,3283,916706,3,1,1,9,9,1,73,1281,3265
90018304101.0,90018304,900183041,34.45,34.45,16.33333333333333,16.0,0.33333333333333,0.0,0.0,18.11666666666666,18.11666666666666,12.5,2.33333333333333,0.75,0.0,2.0,0.0,0.53333333333333,0.0,0.0,0.0,0.0,0.0,0.0,0.0,0.0,0.0,0.0,0.0,0.0,0.0,0.0,0.0,0.0,0.0,0.0,0.0,61.5,0.0,10.0,79,2,2,6,9,9,1,2,2.0,2,2,1,74,1150,3676,900183,4,1,1,9,9,1,74,1150,3673
90018304102.0,90018304,900183041,60.08333333333333,56.08333333333333,42.0,40.0,2.0,0.0,0.0,18.08333333333333,13.83333333333333,1.0,5.16666666666666,2.0,0.0,4.0,0.66666666666666,1.0,4.25,0.25,0.0,0.0,0.0,0.0,0.0,0.0,0.0,4.25,0.25,0.0,0.0,0.0,0.0,0.0,0.0,0.0,0.0,67.0,0.0,31.0,22,2,8,3,9,9,1,2,4.0,2,2,1,74,1150,3689,900183,4,1,2,9,9,1,74,1150,3673
90018305101.0,90018305,900183051,163.1833333333333,150.1833333333333,87.0,84.0,3.0,0.0,0.0,76.18333333333332,34.33333333333333,7.0,12.5,10.0,0.0,4.0,0.0,0.83333333333333,41.43333333333333,28.43333333333333,26.85,16.85,11.83333333333333,8.83333333333333,0.0,0.0,2.75,0.0,0.0,0.41666666666666,0.41666666666666,0.41666666666666,0.0,0.0,0.0,0.0,0.0,41.16666666666666,0.0,8.5,54,2,6,3,9,9,1,2,3.0,2,1,1,74,1150,3644,900183,5,1,1,9,9,1,74,1150,3673
90018305102.0,90018305,900183051,127.0,114.0,87.0,84.0,3.0,0.0,0.0,40.0,14.66666666666666,4.83333333333333,1.83333333333333,0.0,3.0,5.0,0.0,0.0,25.33333333333333,12.33333333333333,9.91666666666666,1.91666666666666,7.41666666666666,2.41666666666666,0.0,0.0,8.0,0.0,0.0,0.0,0.0,0.0,0.0,0.0,0.0,0.0,0.0,47.66666666666666,0.0,6.0,50,1,3,3,9,9,1,2,2.0,2,1,1,74,1150,3679,900183,5,1,2,9,9,1,74,1150,3673
90923101103.0,90923101,909231011,140.08333333333331,121.08333333333331,21.66666666666666,20.0,1.66666666666666,0.0,2.5,115.91666666666666,48.08333333333333,15.25,29.66666666666666,3.0,0.0,0.0,0.0,0.16666666666666,67.83333333333333,48.83333333333333,0.0,0.0,33.83333333333333,17.83333333333333,20.0,17.0,14.0,0.0,0.0,0.0,0.0,0.0,0.0,0.0,0.0,0.0,0.0,62.0,0.0,24.0,26,2,2,6,9,9,1,2,2.0,2,1,1,76,1225,4401,909231,1,1,3,9,9,1,76,1225,4408
90923102101.0,90923102,909231021,42.33333333333333,42.33333333333333,8.0,4.0,4.0,0.0,0.0,34.33333333333333,24.83333333333333,15.0,4.0,1.0,2.0,2.0,0.0,0.83333333333333,9.5,9.5,0.0,0.0,0.0,0.0,0.0,0.0,9.5,0.0,0.0,0.0,0.0,0.0,0.0,0.0,0.0,0.0,0.0,72.5,0.0,23.5,38,1,8,3,9,9,1,2,4.0,2,2,1,76,1225,4435,909231,2,1,1,9,9,1,76,1225,4408
90923102102.0,90923102,909231021,84.0,84.0,60.0,55.0,5.0,0.0,0.0,24.0,24.0,9.5,5.5,6.0,0.0,3.0,0.0,0.0,0.0,0.0,0.0,0.0,0.0,0.0,0.0,0.0,0.0,0.0,0.0,0.0,0.0,0.0,0.0,0.0,0.0,0.0,0.0,55.0,0.0,29.5,39,2,8,3,9,9,1,2,4.0,2,2,1,76,1225,4371,909231,2,1,2,9,9,1,76,1225,4408
91764604102.0,91764604,917646041,161.33333333333331,138.33333333333331,42.08333333333333,40.0,2.08333333333333,0.0,0.0,119.25,34.61666666666666,21.0,7.0,0.0,0.0,4.0,2.0,0.61666666666666,84.63333333333333,61.63333333333333,0.0,0.0,60.63333333333333,37.63333333333333,17.0,17.0,7.0,0.0,0.0,0.0,0.0,0.0,0.0,0.0,0.0,0.0,0.0,70.0,0.0,17.5,41,2,8,5,9,9,1,2,4.0,2,2,1,73,1291,4367,917646,4,1,2,9,9,1,73,1291,4424
91764605101.0,91764605,917646051,8.31666666666666,8.31666666666666,0.0,0.0,0.0,0.0,0.0,8.31666666666666,8.31666666666666,1.0,0.0,0.0,0.0,4.0,3.0,0.31666666666666,0.0,0.0,0.0,0.0,0.0,0.0,0.0,0.0,0.0,0.0,0.0,0.0,0.0,0.0,0.0,0.0,0.0,0.0,0.0,78.75,0.0,22.5,68,2,8,5,9,9,1,2,4.0,2,2,5,73,1291,4399,917646,5,1,1,9,9,1,73,1291,4424
91776701101.0,91776701,917767011,36.41666666666666,36.41666666666666,0.0,0.0,0.0,0.0,0.0,36.41666666666666,36.41666666666666,14.0,12.33333333333333,6.58333333333333,0.0,2.33333333333333,0.0,1.16666666666666,0.0,0.0,0.0,0.0,0.0,0.0,0.0,0.0,0.0,0.0,0.0,0.0,0.0,0.0,0.0,0.0,0.0,0.0,0.0,65.16666666666666,0.0,9.0,70,2,2,6,9,9,1,2,2.0,2,2,5,74,1292,3381,917767,1,1,1,9,9,1,74,1292,3379
91776702101.0,91776702,917767021,62.08333333333333,62.08333333333333,51.0,45.0,6.0,0.0,3.16666666666666,7.91666666666666,7.91666666666666,2.66666666666666,2.0,0.75,0.0,0.58333333333333,0.0,1.91666666666666,0.0,0.0,0.0,0.0,0.0,0.0,0.0,0.0,0.0,0.0,0.0,0.0,0.0,0.0,0.0,0.0,0.0,0.0,0.0,57.08333333333333,0.0,11.0,58,1,3,3,9,9,1,2,2.0,2,2,1,74,1292,3394,917767,2,1,1,9,9,1,74,1292,3379
91776703101.0,91776703,917767031,33.5,33.5,0.0,0.0,0.0,0.0,0.0,33.5,33.5,11.0,14.33333333333333,4.0,0.0,3.0,0.0,1.16666666666666,0.0,0.0,0.0,0.0,0.0,0.0,0.0,0.0,0.0,0.0,0.0,0.0,0.0,0.0,0.0,0.0,0.0,0.0,0.0,76.16666666666666,0.0,19.0,65,2,5,3,9,9,1,2,3.0,2,2,5,74,1292,3356,917767,3,1,1,9,9,1,74,1292,3379
91776703102.0,91776703,917767031,25.08333333333333,25.08333333333333,0.0,0.0,0.0,0.0,0.0,25.08333333333333,25.08333333333333,7.0,16.5,0.0,0.0,1.0,0.0,0.58333333333333,0.0,0.0,0.0,0.0,0.0,0.0,0.0,0.0,0.0,0.0,0.0,0.0,0.0,0.0,0.0,0.0,0.0,0.0,0.0,78.75,0.0,41.0,63,2,8,4,9,9,1,2,4.0,2,2,5,74,1292,3327,917767,3,1,2,9,9,1,74,1292,3379
91776703103.0,91776703,917767031,14.78333333333333,14.78333333333333,0.0,0.0,0.0,0.0,0.0,14.78333333333333,12.78333333333333,3.0,6.0,1.0,0.0,2.0,0.0,0.78333333333333,2.0,2.0,0.0,0.0,0.0,0.0,0.0,0.0,2.0,0.0,0.0,0.0,0.0,0.0,0.0,0.0,0.0,0.0,0.0,61.5,0.0,37.5,61,2,6,3,9,9,1,2,3.0,2,2,5,74,1292,3327,917767,3,1,3,9,9,1,74,1292,3379
90756104101.0,90756104,907561041,57.41666666666666,57.41666666666666,13.33333333333333,13.0,0.33333333333333,0.0,0.0,44.08333333333333,3.75,0.25,2.0,0.83333333333333,0.5,0.0,0.0,0.16666666666666,0.16666666666666,0.16666666666666,0.0,0.0,0.0,0.0,0.0,0.0,0.16666666666666,0.0,0.0,40.16666666666666,40.16666666666666,5.0,0.0,35.16666666666666,0.0,0.0,0.0,63.66666666666666,0.0,40.5,62,1,2,6,9,9,1,2,2.0,1,2,1,76,1215,4288,907561,4,1,1,9,9,1,76,1215,4287
90756104102.0,90756104,907561041,95.58333333333331,95.58333333333331,81.0,57.0,24.0,0.0,0.0,14.58333333333333,14.58333333333333,4.41666666666666,7.16666666666666,2.5,0.0,0.0,0.08333333333333,0.41666666666666,0.0,0.0,0.0,0.0,0.0,0.0,0.0,0.0,0.0,0.0,0.0,0.0,0.0,0.0,0.0,0.0,0.0,0.0,0.0,54.66666666666666,0.0,17.66666666666666,28,1,8,5,9,9,1,2,4.0,2,2,1,76,1215,4353,907561,4,1,2,9,9,1,76,1215,4287
90756105101.0,90756105,907561051,95.53333333333332,95.53333333333332,74.0,56.0,18.0,0.0,0.0,21.53333333333333,20.7,6.7,4.5,2.08333333333333,0.0,7.0,0.16666666666666,0.25,0.83333333333333,0.83333333333333,0.0,0.0,0.0,0.0,0.0,0.0,0.83333333333333,0.0,0.0,0.0,0.0,0.0,0.0,0.0,0.0,0.0,0.0,59.0,0.0,0.0,56,2,3,3,9,9,1,2,2.0,2,2,1,76,1215,4210,907561,5,1,1,9,9,1,76,1215,4287
90756105102.0,90756105,907561051,35.91666666666666,35.91666666666666,0.0,0.0,0.0,0.0,0.0,35.91666666666666,34.91666666666666,14.0,16.66666666666666,1.66666666666666,0.0,1.83333333333333,0.0,0.75,1.0,1.0,0.0,0.0,0.0,0.0,0.0,0.0,1.0,0.0,0.0,0.0,0.0,0.0,0.0,0.0,0.0,0.0,0.0,73.0,0.0,26.16666666666666,27,2,6,1,9,9,1,2,3.0,2,2,5,76,1215,4280,907561,5,1,2,9,9,1,76,1215,4287
90776601101.0,90776601,907766011,60.75,60.75,43.0,40.0,3.0,0.0,0.0,17.75,17.75,6.0,0.5,7.0,0.0,4.0,0.0,0.25,0.0,0.0,0.0,0.0,0.0,0.0,0.0,0.0,0.0,0.0,0.0,0.0,0.0,0.0,0.0,0.0,0.0,0.0,0.0,64.75,0.0,28.0,37,2,8,5,9,9,1,2,4.0,2,2,1,73,1216,3859,907766,1,1,1,9,9,1,73,1216,3909
90776602101.0,90776602,907766021,4.91666666666666,4.91666666666666,0.0,0.0,0.0,0.0,0.0,4.91666666666666,4.91666666666666,0.0,3.75,0.0,1.0,0.0,0.0,0.16666666666666,0.0,0.0,0.0,0.0,0.0,0.0,0.0,0.0,0.0,0.0,0.0,0.0,0.0,0.0,0.0,0.0,0.0,0.0,0.0,91.5,0.0,17.0,72,1,8,5,9,9,1,2,4.0,2,1,5,73,1216,3867,907766,2,1,1,9,9,1,73,1216,3909
90776602102.0,90776602,907766021,8.75,8.75,0.0,0.0,0.0,0.0,0.0,8.75,8.75,4.08333333333333,3.25,1.25,0.0,0.0,0.0,0.16666666666666,0.0,0.0,0.0,0.0,0.0,0.0,0.0,0.0,0.0,0.0,0.0,0.0,0.0,0.0,0.0,0.0,0.0,0.0,0.0,87.16666666666666,0.0,11.83333333333333,57,2,2,6,9,9,1,2,2.0,2,2,5,73,1216,3821,907766,2,1,2,9,9,1,73,1216,3909
91670603102.0,91670603,916706031,24.65,24.65,5.0,3.0,2.0,0.0,0.0,19.65,11.15,4.25,4.16666666666666,1.0,1.0,0.0,0.0,0.73333333333333,8.5,8.5,0.0,0.0,0.0,0.0,0.0,0.0,8.5,0.0,0.0,0.0,0.0,0.0,0.0,0.0,0.0,0.0,0.0,70.5,33.5,75.0,21,1,8,1,9,9,1,2,4.0,2,2,1,73,1281,3318,916706,3,1,2,9,9,1,73,1281,3265
91670605101.0,91670605,916706051,27.91666666666666,27.91666666666666,0.0,0.0,0.0,0.0,0.0,27.91666666666666,27.91666666666666,10.5,5.16666666666666,4.0,0.0,8.0,0.0,0.25,0.0,0.0,0.0,0.0,0.0,0.0,0.0,0.0,0.0,0.0,0.0,0.0,0.0,0.0,0.0,0.0,0.0,0.0,0.0,63.25,0.0,27.5,69,2,8,4,9,9,1,2,4.0,2,2,5,73,1281,3246,916706,5,1,1,9,9,1,73,1281,3265
91670605102.0,91670605,916706051,20.76666666666666,20.76666666666666,0.0,0.0,0.0,0.0,0.0,20.76666666666666,20.76666666666666,8.83333333333333,6.16666666666666,3.5,0.0,2.0,0.0,0.26666666666666,0.0,0.0,0.0,0.0,0.0,0.0,0.0,0.0,0.0,0.0,0.0,0.0,0.0,0.0,0.0,0.0,0.0,0.0,0.0,71.0,0.0,36.73333333333333,69,1,8,4,9,9,1,2,4.0,2,2,3,73,1281,3245,916706,5,1,2,9,9,1,73,1281,3265
91670605103.0,91670605,916706051,73.2,67.2,51.33333333333333,48.0,3.33333333333333,0.0,0.0,21.86666666666666,12.2,5.16666666666666,1.83333333333333,2.16666666666666,0.0,2.5,0.33333333333333,0.2,7.66666666666666,1.66666666666666,0.0,0.0,0.0,0.0,0.0,0.0,0.0,7.66666666666666,1.66666666666666,2.0,0.0,0.0,0.0,0.0,2.0,0.0,0.0,77.5,0.0,45.5,36,1,8,4,9,9,1,2,4.0,2,2,1,73,1281,3270,916706,5,1,3,9,9,1,73,1281,3265
91674201101.0,91674201,916742011,8.66666666666666,8.66666666666666,0.0,0.0,0.0,0.0,0.0,8.66666666666666,8.66666666666666,0.66666666666666,4.16666666666666,0.0,0.0,3.0,0.0,0.83333333333333,0.0,0.0,0.0,0.0,0.0,0.0,0.0,0.0,0.0,0.0,0.0,0.0,0.0,0.0,0.0,0.0,0.0,0.0,0.0,77.25,0.0,41.0,65,1,8,5,9,9,1,2,4.0,2,2,3,73,1282,4298,916742,1,1,1,9,9,1,73,1282,4324
91674202101.0,91674202,916742021,52.5,52.5,50.0,44.0,6.0,0.0,0.0,2.5,2.5,0.0,0.0,2.0,0.0,0.0,0.0,0.5,0.0,0.0,0.0,0.0,0.0,0.0,0.0,0.0,0.0,0.0,0.0,0.0,0.0,0.0,0.0,0.0,0.0,0.0,0.0,64.0,0.0,38.0,43,1,10,2,9,9,1,2,5.0,2,2,1,73,1282,4411,916742,2,1,1,9,9,1,73,1282,4324
91674203101.0,91674203,916742031,84.5,84.5,63.0,47.0,16.0,0.0,0.0,21.5,17.5,3.0,11.0,0.0,0.0,2.0,1.16666666666666,0.33333333333333,4.0,4.0,0.0,0.0,0.0,0.0,0.0,0.0,4.0,0.0,0.0,0.0,0.0,0.0,0.0,0.0,0.0,0.0,0.0,56.41666666666666,0.0,10.16666666666666,35,1,8,4,9,9,1,2,4.0,2,2,1,73,1282,4331,916742,3,1,1,9,9,1,73,1282,4324
90923102103.0,90923102,909231021,0.25,0.25,0.0,0.0,0.0,0.0,0.0,0.25,0.25,0.0,0.0,0.0,0.0,0.0,0.0,0.25,0.0,0.0,0.0,0.0,0.0,0.0,0.0,0.0,0.0,0.0,0.0,0.0,0.0,0.0,0.0,0.0,0.0,0.0,0.0,62.5,48.0,60.5,15,1,3,3,9,9,1,2,2.0,2,2,4,76,1225,4464,909231,2,1,3,9,9,1,76,1225,4408
90923103101.0,90923103,909231031,21.08333333333333,21.08333333333333,0.0,0.0,0.0,0.0,0.0,21.08333333333333,21.08333333333333,8.0,6.5,4.5,0.0,2.0,0.0,0.08333333333333,0.0,0.0,0.0,0.0,0.0,0.0,0.0,0.0,0.0,0.0,0.0,0.0,0.0,0.0,0.0,0.0,0.0,0.0,0.0,70.0,0.0,5.0,65,2,5,3,9,9,1,2,3.0,2,1,3,76,1225,4403,909231,3,1,1,9,9,1,76,1225,4408
90923103102.0,90923103,909231031,79.29999999999998,75.79999999999998,0.0,0.0,0.0,0.0,7.0,72.29999999999998,51.29999999999999,14.0,24.5,4.83333333333333,1.0,3.5,0.0,3.46666666666666,21.0,17.5,21.0,17.5,0.0,0.0,0.0,0.0,0.0,0.0,0.0,0.0,0.0,0.0,0.0,0.0,0.0,0.0,0.0,82.25,0.0,10.5,61,1,3,3,9,9,1,2,2.0,2,1,3,76,1225,4409,909231,3,1,2,9,9,1,76,1225,4408
90923103103.0,90923103,909231031,38.5,38.5,12.0,10.0,2.0,0.0,0.0,26.5,26.5,10.5,8.66666666666666,2.0,0.0,5.0,0.0,0.33333333333333,0.0,0.0,0.0,0.0,0.0,0.0,0.0,0.0,0.0,0.0,0.0,0.0,0.0,0.0,0.0,0.0,0.0,0.0,0.0,44.5,0.0,23.0,68,1,3,2,9,9,1,2,2.0,2,2,1,76,1225,4401,909231,3,1,3,9,9,1,76,1225,4408
90923104101.0,90923104,909231041,74.95,74.95,50.0,36.0,14.0,0.0,0.0,24.95,21.45,4.66666666666666,9.16666666666666,3.0,0.0,4.0,0.33333333333333,0.28333333333333,3.5,3.5,0.0,0.0,0.0,0.0,0.0,0.0,3.5,0.0,0.0,0.0,0.0,0.0,0.0,0.0,0.0,0.0,0.0,56.25,0.0,42.83333333333333,64,1,6,1,9,9,1,2,3.0,1,2,1,76,1225,4409,909231,4,1,1,9,9,1,76,1225,4408
90923104102.0,90923104,909231041,139.45,131.45,60.0,45.0,15.0,0.0,7.0,72.45,59.45,16.0,22.0,9.0,0.0,12.0,0.33333333333333,0.11666666666666,13.0,5.0,0.0,0.0,0.0,0.0,0.0,0.0,0.0,13.0,5.0,0.0,0.0,0.0,0.0,0.0,0.0,0.0,0.0,70.5,0.0,45.5,28,2,8,3,9,9,1,2,4.0,2,2,1,76,1225,4401,909231,4,1,2,9,9,1,76,1225,4408
90923105101.0,90923105,909231051,62.16666666666666,62.16666666666666,50.0,40.0,10.0,0.0,0.0,12.16666666666666,12.16666666666666,3.0,4.0,4.5,0.0,0.0,0.0,0.66666666666666,0.0,0.0,0.0,0.0,0.0,0.0,0.0,0.0,0.0,0.0,0.0,0.0,0.0,0.0,0.0,0.0,0.0,0.0,0.0,80.0,0.0,12.0,25,1,3,3,9,9,1,2,2.0,2,2,1,76,1225,4475,909231,5,1,1,9,9,1,76,1225,4408
91727304101.0,91727304,917273041,91.83333333333331,91.83333333333331,70.0,60.0,10.0,0.0,0.0,21.83333333333333,21.83333333333333,2.5,13.08333333333333,2.0,0.0,3.0,0.0,1.25,0.0,0.0,0.0,0.0,0.0,0.0,0.0,0.0,0.0,0.0,0.0,0.0,0.0,0.0,0.0,0.0,0.0,0.0,0.0,59.5,0.0,35.0,51,1,10,2,9,9,1,2,5.0,2,2,1,73,1289,3730,917273,4,1,1,9,9,1,73,1289,3719
91727305101.0,91727305,917273051,85.55,85.55,57.0,45.0,12.0,0.0,0.0,28.55,28.55,12.5,7.0,4.16666666666666,0.0,4.0,0.16666666666666,0.71666666666666,0.0,0.0,0.0,0.0,0.0,0.0,0.0,0.0,0.0,0.0,0.0,0.0,0.0,0.0,0.0,0.0,0.0,0.0,0.0,47.0,0.0,17.33333333333333,57,1,3,3,9,9,1,2,2.0,2,2,1,73,1289,3740,917273,5,1,1,9,9,1,73,1289,3719
92055005101.0,92055005,920550051,88.46666666666665,88.46666666666665,71.0,56.0,15.0,0.0,0.0,17.46666666666666,17.46666666666666,7.0,4.0,2.66666666666666,0.63333333333333,1.5,0.5,1.16666666666666,0.0,0.0,0.0,0.0,0.0,0.0,0.0,0.0,0.0,0.0,0.0,0.0,0.0,0.0,0.0,0.0,0.0,0.0,0.0,72.25,0.0,13.3,44,1,8,4,9,9,1,2,4.0,2,2,1,73,1314,4266,920550,5,1,1,9,9,1,73,1314,4182
92055005102.0,92055005,920550051,4.5,4.5,0.0,0.0,0.0,0.0,0.0,4.5,4.5,3.5,0.0,0.0,0.0,0.0,0.0,1.0,0.0,0.0,0.0,0.0,0.0,0.0,0.0,0.0,0.0,0.0,0.0,0.0,0.0,0.0,0.0,0.0,0.0,0.0,0.0,76.83333333333333,40.5,30.5,98,2,8,2,9,9,1,2,4.0,2,2,4,73,1314,4756,920550,5,1,2,9,9,1,73,1314,4182
92055005103.0,92055005,920550051,7.0,7.0,0.0,0.0,0.0,0.0,0.0,7.0,7.0,7.0,0.0,0.0,0.0,0.0,0.0,0.0,0.0,0.0,0.0,0.0,0.0,0.0,0.0,0.0,0.0,0.0,0.0,0.0,0.0,0.0,0.0,0.0,0.0,0.0,0.0,89.0,43.5,34.5,98,1,6,2,9,9,1,2,3.0,2,2,4,73,1314,4439,920550,5,1,3,9,9,1,73,1314,4182
92055005104.0,92055005,920550051,10.66666666666666,10.66666666666666,0.0,0.0,0.0,0.0,0.0,10.66666666666666,9.66666666666666,5.83333333333333,0.0,0.83333333333333,0.0,0.0,0.0,3.0,1.0,1.0,0.0,0.0,0.0,0.0,0.0,0.0,1.0,0.0,0.0,0.0,0.0,0.0,0.0,0.0,0.0,0.0,0.0,75.5,45.66666666666666,21.0,98,1,8,3,9,9,1,2,4.0,2,2,4,73,1314,4439,920550,5,1,4,9,9,1,73,1314,4182
92071101101.0,92071101,920711011,62.03333333333333,62.03333333333333,57.5,50.0,7.5,0.0,0.0,4.53333333333333,4.53333333333333,0.0,3.11666666666666,0.25,0.0,0.0,0.0,1.16666666666666,0.0,0.0,0.0,0.0,0.0,0.0,0.0,0.0,0.0,0.0,0.0,0.0,0.0,0.0,0.0,0.0,0.0,0.0,0.0,67.35,0.0,45.33333333333333,39,1,10,2,9,9,1,2,5.0,2,2,1,73,1315,1964,920711,1,1,1,9,9,1,73,1315,1961
90776603101.0,90776603,907766031,53.75,53.75,0.0,0.0,0.0,0.0,0.0,53.75,53.75,24.5,10.0,12.5,3.0,2.0,0.0,1.75,0.0,0.0,0.0,0.0,0.0,0.0,0.0,0.0,0.0,0.0,0.0,0.0,0.0,0.0,0.0,0.0,0.0,0.0,0.0,80.5,0.0,30.5,63,1,6,3,9,9,1,2,3.0,2,2,3,73,1216,3892,907766,3,1,1,9,9,1,73,1216,3909
90776603102.0,90776603,907766031,41.0,41.0,0.0,0.0,0.0,0.0,0.0,41.0,41.0,19.0,10.0,9.0,0.0,2.0,0.0,1.0,0.0,0.0,0.0,0.0,0.0,0.0,0.0,0.0,0.0,0.0,0.0,0.0,0.0,0.0,0.0,0.0,0.0,0.0,0.0,80.5,0.0,12.0,60,2,7,3,9,9,1,2,4.0,2,2,3,73,1216,3854,907766,3,1,2,9,9,1,73,1216,3909
90892502101.0,90892502,908925021,100.58333333333331,60.58333333333333,48.5,48.0,0.5,0.0,4.0,48.08333333333333,8.08333333333333,0.0,5.5,1.16666666666666,0.33333333333333,1.0,0.08333333333333,0.0,40.0,0.0,0.0,0.0,0.0,0.0,0.0,0.0,0.0,40.0,0.0,0.0,0.0,0.0,0.0,0.0,0.0,0.0,0.0,50.0,8.0,43.16666666666666,42,1,8,4,9,9,1,2,4.0,1,2,1,74,1222,3809,908925,2,1,1,9,9,1,74,1222,3739
90892502102.0,90892502,908925021,46.91666666666666,46.91666666666666,20.16666666666666,20.0,0.16666666666666,0.0,0.0,26.75,26.75,13.25,12.46666666666666,0.5,0.0,0.25,0.03333333333333,0.25,0.0,0.0,0.0,0.0,0.0,0.0,0.0,0.0,0.0,0.0,0.0,0.0,0.0,0.0,0.0,0.0,0.0,0.0,0.0,80.5,0.0,15.5,62,2,5,3,9,9,1,2,3.0,2,2,1,74,1222,3681,908925,2,1,2,9,9,1,74,1222,3739
90892502103.0,90892502,908925021,39.91666666666666,39.91666666666666,0.0,0.0,0.0,0.0,0.0,39.91666666666666,26.41666666666666,7.0,9.58333333333333,5.16666666666666,2.0,0.5,1.0,1.16666666666666,13.5,13.5,0.0,0.0,0.0,0.0,0.0,0.0,0.0,13.5,13.5,0.0,0.0,0.0,0.0,0.0,0.0,0.0,0.0,71.16666666666666,0.0,45.75,64,2,5,3,9,9,1,2,3.0,2,2,5,74,1222,3681,908925,2,1,3,9,9,1,74,1222,3739
90892503101.0,90892503,908925031,32.66666666666666,32.66666666666666,0.0,0.0,0.0,0.0,0.0,32.66666666666666,32.66666666666666,3.5,22.5,3.5,0.0,1.5,0.0,1.66666666666666,0.0,0.0,0.0,0.0,0.0,0.0,0.0,0.0,0.0,0.0,0.0,0.0,0.0,0.0,0.0,0.0,0.0,0.0,0.0,87.5,0.0,73.0,77,2,2,6,9,9,1,2,2.0,2,2,5,74,1222,3742,908925,3,1,1,9,9,1,74,1222,3739
90892504101.0,90892504,908925041,62.66666666666666,62.66666666666666,36.66666666666666,35.0,1.66666666666666,0.0,0.0,25.99999999999999,25.99999999999999,0.0,19.66666666666666,0.83333333333333,3.0,0.0,0.5,2.0,0.0,0.0,0.0,0.0,0.0,0.0,0.0,0.0,0.0,0.0,0.0,0.0,0.0,0.0,0.0,0.0,0.0,0.0,0.0,58.16666666666666,0.0,30.33333333333333,69,1,8,2,9,9,1,2,4.0,2,2,1,74,1222,3711,908925,4,1,1,9,9,1,74,1222,3739
91674203102.0,91674203,916742031,75.25,75.25,44.0,40.0,4.0,0.0,0.0,31.25,31.25,7.0,16.5,6.0,0.0,0.0,0.0,1.75,0.0,0.0,0.0,0.0,0.0,0.0,0.0,0.0,0.0,0.0,0.0,0.0,0.0,0.0,0.0,0.0,0.0,0.0,0.0,69.0,0.0,39.0,35,2,8,5,9,9,1,2,4.0,2,2,1,73,1282,4269,916742,3,1,2,9,9,1,73,1282,4324
91674204101.0,91674204,916742041,84.75,77.75,42.66666666666666,40.0,2.66666666666666,0.0,0.0,42.08333333333333,24.08333333333333,17.83333333333333,0.25,0.0,0.0,3.0,0.0,3.0,18.0,11.0,0.0,0.0,0.0,0.0,15.0,8.0,3.0,0.0,0.0,0.0,0.0,0.0,0.0,0.0,0.0,0.0,0.0,77.0,0.0,29.0,42,1,8,5,9,9,1,2,4.0,2,2,1,73,1282,4411,916742,4,1,1,9,9,1,73,1282,4324
91674204102.0,91674204,916742041,89.41666666666666,82.41666666666666,42.66666666666666,40.0,2.66666666666666,0.0,0.0,46.74999999999999,31.74999999999999,15.83333333333333,4.25,5.0,2.0,2.0,0.16666666666666,2.5,15.0,8.0,0.0,0.0,0.0,0.0,15.0,8.0,0.0,0.0,0.0,0.0,0.0,0.0,0.0,0.0,0.0,0.0,0.0,77.0,0.0,32.0,44,2,8,5,9,9,1,2,4.0,2,2,1,73,1282,4269,916742,4,1,2,9,9,1,73,1282,4324
91674204103.0,91674204,916742041,7.0,7.0,0.0,0.0,0.0,0.0,0.0,7.0,7.0,0.0,5.0,0.0,0.0,2.0,0.0,0.0,0.0,0.0,0.0,0.0,0.0,0.0,0.0,0.0,0.0,0.0,0.0,0.0,0.0,0.0,0.0,0.0,0.0,0.0,0.0,77.0,0.0,31.0,14,2,3,2,9,9,1,2,2.0,2,2,4,73,1282,4321,916742,4,1,3,9,9,1,73,1282,4324
91674205101.0,91674205,916742051,13.0,13.0,0.0,0.0,0.0,0.0,0.0,13.0,9.0,0.0,2.0,1.0,0.0,0.0,4.0,2.0,4.0,4.0,0.0,0.0,0.0,0.0,0.0,0.0,0.0,4.0,4.0,0.0,0.0,0.0,0.0,0.0,0.0,0.0,0.0,78.66666666666666,0.0,40.75,65,1,8,4,9,9,1,2,4.0,2,2,3,73,1282,4298,916742,5,1,1,9,9,1,73,1282,4324
91674205102.0,91674205,916742051,8.63333333333333,8.63333333333333,0.0,0.0,0.0,0.0,0.0,8.63333333333333,8.63333333333333,3.0,1.5,0.0,0.0,3.0,0.0,1.13333333333333,0.0,0.0,0.0,0.0,0.0,0.0,0.0,0.0,0.0,0.0,0.0,0.0,0.0,0.0,0.0,0.0,0.0,0.0,0.0,78.66666666666666,0.0,28.5,80,2,5,2,9,9,1,2,3.0,2,2,3,73,1282,4442,916742,5,1,2,9,9,1,73,1282,4324
91674205103.0,91674205,916742051,2.0,2.0,0.0,0.0,0.0,0.0,0.0,2.0,2.0,0.0,0.0,1.0,0.0,0.0,1.0,0.0,0.0,0.0,0.0,0.0,0.0,0.0,0.0,0.0,0.0,0.0,0.0,0.0,0.0,0.0,0.0,0.0,0.0,0.0,0.0,78.75,0.0,51.11666666666666,70,1,8,5,9,9,1,2,4.0,2,2,3,73,1282,4278,916742,5,1,3,9,9,1,73,1282,4324
90944101101.0,90944101,909441011,88.68333333333332,88.26666666666667,69.0,60.0,9.0,0.0,0.0,19.68333333333333,15.26666666666666,6.5,5.41666666666666,0.0,1.0,2.0,0.0,0.35,4.41666666666666,4.0,0.0,0.0,0.0,0.0,0.0,0.0,0.0,4.41666666666666,4.0,0.0,0.0,0.0,0.0,0.0,0.0,0.0,0.0,67.66666666666666,0.0,10.96666666666666,63,1,3,2,9,9,1,2,2.0,2,2,1,76,1226,6862,909441,1,1,1,9,9,1,76,1226,6861
90944101102.0,90944101,909441011,64.18333333333332,64.18333333333332,18.0,10.0,8.0,0.0,0.0,46.18333333333333,33.01666666666666,9.76666666666666,16.5,5.16666666666666,0.0,1.0,0.0,0.58333333333333,1.16666666666666,1.16666666666666,0.0,0.0,0.0,0.0,0.0,0.0,0.0,1.16666666666666,1.16666666666666,12.0,12.0,12.0,0.0,0.0,0.0,0.0,0.0,96.0,0.0,10.16666666666666,61,2,3,1,9,9,1,2,2.0,2,1,1,76,1226,6795,909441,1,1,2,9,9,1,76,1226,6861
90944102101.0,90944102,909441021,107.66666666666666,101.66666666666666,65.0,51.0,14.0,0.0,0.0,42.66666666666666,8.66666666666666,3.0,4.0,1.0,0.0,0.0,0.0,0.66666666666666,34.0,28.0,0.0,0.0,27.0,21.0,0.0,0.0,7.0,0.0,0.0,0.0,0.0,0.0,0.0,0.0,0.0,0.0,0.0,85.0,0.0,23.5,28,1,6,1,9,9,1,2,3.0,2,2,1,76,1226,6966,909441,2,1,1,9,9,1,76,1226,6861
90944102102.0,90944102,909441021,145.91666666666666,85.91666666666666,7.5,5.0,2.5,0.0,0.0,138.41666666666666,38.41666666666666,21.0,8.0,5.0,0.0,3.5,0.16666666666666,0.75,100.0,40.0,0.0,0.0,100.0,40.0,0.0,0.0,0.0,0.0,0.0,0.0,0.0,0.0,0.0,0.0,0.0,0.0,0.0,76.0,13.0,17.25,28,2,8,1,9,9,1,2,4.0,2,2,1,76,1226,6850,909441,2,1,2,9,9,1,76,1226,6861
90944104101.0,90944104,909441041,117.0,103.0,77.0,70.0,7.0,0.0,0.0,40.0,0.0,0.0,0.0,0.0,0.0,0.0,0.0,0.0,40.0,26.0,0.0,0.0,0.0,0.0,40.0,26.0,0.0,0.0,0.0,0.0,0.0,0.0,0.0,0.0,0.0,0.0,0.0,43.75,0.0,0.0,30,1,6,3,9,9,1,2,3.0,2,2,1,76,1226,7012,909441,4,1,1,9,9,1,76,1226,6861
90944104102.0,90944104,909441041,90.85,86.85,60.0,50.0,10.0,0.0,0.0,30.84999999999999,22.34999999999999,8.0,3.83333333333333,7.93333333333333,0.0,1.33333333333333,0.66666666666666,0.58333333333333,8.5,4.5,0.0,0.0,0.0,0.0,7.5,3.5,1.0,0.0,0.0,0.0,0.0,0.0,0.0,0.0,0.0,0.0,0.0,66.33333333333333,0.0,19.0,51,2,6,3,9,9,1,2,3.0,1,2,1,76,1226,6847,909441,4,1,2,9,9,1,76,1226,6861
90944104103.0,90944104,909441041,181.16666666666663,111.16666666666666,0.0,0.0,0.0,0.0,0.0,181.16666666666663,69.16666666666666,23.5,22.16666666666666,9.0,0.0,7.0,4.0,3.5,112.0,42.0,0.0,0.0,0.0,0.0,98.0,28.0,14.0,0.0,0.0,0.0,0.0,0.0,0.0,0.0,0.0,0.0,0.0,98.0,0.0,32.0,25,2,6,3,9,9,1,2,3.0,2,2,5,76,1226,6850,909441,4,1,3,9,9,1,76,1226,6861
92071103101.0,92071103,920711031,116.0,116.0,90.0,84.0,6.0,0.0,0.0,26.0,24.83333333333333,10.5,7.25,2.41666666666666,0.0,1.5,0.16666666666666,3.0,1.16666666666666,1.16666666666666,0.0,0.0,0.0,0.0,0.0,0.0,1.16666666666666,0.0,0.0,0.0,0.0,0.0,0.0,0.0,0.0,0.0,0.0,59.33333333333333,0.0,8.33333333333333,53,2,8,5,9,9,1,2,4.0,2,2,1,73,1315,1948,920711,3,1,1,9,9,1,73,1315,1961
92071103102.0,92071103,920711031,27.7,27.7,5.0,0.0,0.0,5.0,0.0,22.7,20.7,8.75,5.41666666666666,1.41666666666666,1.83333333333333,2.7,0.0,0.58333333333333,2.0,2.0,0.0,0.0,0.0,0.0,0.0,0.0,2.0,0.0,0.0,0.0,0.0,0.0,0.0,0.0,0.0,0.0,0.0,63.33333333333333,0.0,40.08333333333333,56,1,8,4,9,9,1,2,4.0,2,2,2,73,1315,1972,920711,3,1,2,9,9,1,73,1315,1961
92071103103.0,92071103,920711031,14.86666666666666,14.86666666666666,0.0,0.0,0.0,0.0,0.0,14.86666666666666,9.86666666666666,3.08333333333333,3.0,3.58333333333333,0.0,0.0,0.0,0.2,5.0,5.0,0.0,0.0,0.0,0.0,0.0,0.0,5.0,0.0,0.0,0.0,0.0,0.0,0.0,0.0,0.0,0.0,0.0,78.0,70.5,33.66666666666666,19,2,6,2,9,9,1,2,3.0,2,2,4,73,1315,1970,920711,3,1,3,9,9,1,73,1315,1961
92071104101.0,92071104,920711041,87.66666666666666,87.66666666666666,50.83333333333333,45.0,5.83333333333333,0.0,0.0,36.83333333333333,36.83333333333333,17.5,6.75,1.33333333333333,0.0,4.0,5.0,2.25,0.0,0.0,0.0,0.0,0.0,0.0,0.0,0.0,0.0,0.0,0.0,0.0,0.0,0.0,0.0,0.0,0.0,0.0,0.0,104.0,0.0,87.5,37,1,6,3,9,9,1,2,3.0,2,2,1,73,1315,1964,920711,4,1,1,9,9,1,73,1315,1961
92071105101.0,92071105,920711051,62.35,62.35,53.33333333333333,50.0,3.33333333333333,0.0,0.0,9.01666666666666,8.18333333333333,2.0,0.01666666666666,0.5,0.0,2.0,0.0,3.66666666666666,0.83333333333333,0.83333333333333,0.0,0.0,0.0,0.0,0.0,0.0,0.83333333333333,0.0,0.0,0.0,0.0,0.0,0.0,0.0,0.0,0.0,0.0,75.75,0.0,37.25,52,2,10,2,9,9,1,2,5.0,2,2,1,73,1315,1948,920711,5,1,1,9,9,1,73,1315,1961
92071105102.0,92071105,920711051,60.66666666666666,60.66666666666666,53.33333333333333,50.0,3.33333333333333,0.0,0.0,7.33333333333333,3.16666666666666,0.0,1.0,0.0,0.0,0.0,0.0,2.16666666666666,4.16666666666666,4.16666666666666,0.0,0.0,0.0,0.0,0.0,0.0,4.16666666666666,0.0,0.0,0.0,0.0,0.0,0.0,0.0,0.0,0.0,0.0,63.0,0.0,47.5,25,1,6,3,9,9,1,2,3.0,2,2,1,73,1315,1982,920711,5,1,2,9,9,1,73,1315,1961
92076701101.0,92076701,920767011,63.91666666666666,63.91666666666666,46.0,40.0,6.0,0.0,0.0,17.91666666666666,17.91666666666666,6.0,9.25,2.0,0.0,0.0,0.0,0.66666666666666,0.0,0.0,0.0,0.0,0.0,0.0,0.0,0.0,0.0,0.0,0.0,0.0,0.0,0.0,0.0,0.0,0.0,0.0,0.0,71.13333333333333,0.0,26.0,38,2,6,3,9,9,1,2,3.0,2,2,1,74,1316,4045,920767,1,1,1,9,9,1,74,1316,4103
90892504102.0,90892504,908925041,77.91666666666666,77.91666666666666,69.0,60.0,9.0,0.0,0.0,8.91666666666666,8.91666666666666,3.58333333333333,1.25,2.58333333333333,0.0,0.0,0.33333333333333,1.16666666666666,0.0,0.0,0.0,0.0,0.0,0.0,0.0,0.0,0.0,0.0,0.0,0.0,0.0,0.0,0.0,0.0,0.0,0.0,0.0,62.0,0.0,22.0,61,2,3,3,9,9,1,2,2.0,2,2,1,74,1222,3681,908925,4,1,2,9,9,1,74,1222,3739
90892504103.0,90892504,908925041,70.74999999999999,67.24999999999999,0.0,0.0,0.0,0.0,0.0,70.74999999999999,51.91666666666666,10.5,30.33333333333333,4.0,1.0,0.0,1.0,5.08333333333333,18.83333333333333,15.33333333333333,0.0,0.0,0.0,0.0,0.0,0.0,6.0,12.83333333333333,9.33333333333333,0.0,0.0,0.0,0.0,0.0,0.0,0.0,0.0,69.41666666666666,0.0,31.25,37,2,6,1,9,9,1,2,3.0,2,2,5,74,1222,3686,908925,4,1,3,9,9,1,74,1222,3739
90892504104.0,90892504,908925041,61.66666666666666,61.66666666666666,48.0,32.0,16.0,0.0,0.0,13.66666666666666,6.16666666666666,1.25,3.91666666666666,0.25,0.0,0.0,0.0,0.75,2.5,2.5,0.0,0.0,0.0,0.0,0.0,0.0,2.5,0.0,0.0,5.0,5.0,0.0,0.0,5.0,0.0,0.0,0.0,80.83333333333333,0.0,16.0,41,1,6,2,9,9,1,2,3.0,1,2,1,74,1222,3809,908925,4,1,4,9,9,1,74,1222,3739
90892504105.0,90892504,908925041,28.16666666666666,14.16666666666666,0.0,0.0,0.0,0.0,0.0,28.16666666666666,12.0,3.08333333333333,8.16666666666666,0.75,0.0,0.0,0.0,0.0,16.16666666666666,2.16666666666666,0.0,0.0,0.0,0.0,0.0,0.0,1.66666666666666,14.5,0.5,0.0,0.0,0.0,0.0,0.0,0.0,0.0,0.0,81.5,30.0,7.58333333333333,20,2,6,3,9,9,1,2,3.0,1,2,4,74,1222,3755,908925,4,1,5,9,9,1,74,1222,3739
90892504106.0,90892504,908925041,16.0,12.5,0.0,0.0,0.0,0.0,0.0,16.0,10.5,0.0,10.5,0.0,0.0,0.0,0.0,0.0,5.5,2.0,0.0,0.0,0.0,0.0,0.0,0.0,0.0,5.5,2.0,0.0,0.0,0.0,0.0,0.0,0.0,0.0,0.0,75.5,40.0,11.5,16,2,3,3,9,9,1,2,2.0,2,2,4,74,1222,3751,908925,4,1,6,9,9,1,74,1222,3739
90892505101.0,90892505,908925051,60.41666666666666,60.41666666666666,33.0,30.0,3.0,0.0,0.0,27.41666666666666,18.41666666666666,2.0,12.0,3.0,1.0,0.0,0.16666666666666,0.25,9.0,9.0,0.0,0.0,0.0,0.0,0.0,0.0,9.0,0.0,0.0,0.0,0.0,0.0,0.0,0.0,0.0,0.0,0.0,70.0,0.0,9.5,59,1,3,2,9,9,1,2,2.0,2,2,1,74,1222,3754,908925,5,1,1,9,9,1,74,1222,3739
90892505102.0,90892505,908925051,28.33333333333333,28.33333333333333,0.0,0.0,0.0,0.0,2.0,26.33333333333333,26.33333333333333,10.5,8.16666666666666,5.0,0.0,2.0,0.5,0.16666666666666,0.0,0.0,0.0,0.0,0.0,0.0,0.0,0.0,0.0,0.0,0.0,0.0,0.0,0.0,0.0,0.0,0.0,0.0,0.0,70.0,0.0,7.5,56,2,2,6,9,9,1,2,2.0,2,2,5,74,1222,3650,908925,5,1,2,9,9,1,74,1222,3739
91674205201.0,91674205,916742052,68.06666666666666,68.06666666666666,60.5,60.0,0.5,0.0,0.0,7.56666666666666,7.56666666666666,0.0,4.21666666666666,3.0,0.0,0.0,0.0,0.35,0.0,0.0,0.0,0.0,0.0,0.0,0.0,0.0,0.0,0.0,0.0,0.0,0.0,0.0,0.0,0.0,0.0,0.0,0.0,66.5,0.0,20.0,42,1,3,3,9,9,1,2,2.0,2,2,1,73,1282,4411,916742,5,2,1,9,9,1,73,1282,4324
91674205202.0,91674205,916742052,77.21666666666665,77.21666666666665,60.5,60.0,0.5,0.0,0.0,16.71666666666666,16.71666666666666,8.25,7.25,1.0,0.0,0.0,0.0,0.21666666666666,0.0,0.0,0.0,0.0,0.0,0.0,0.0,0.0,0.0,0.0,0.0,0.0,0.0,0.0,0.0,0.0,0.0,0.0,0.0,66.0,0.0,22.76666666666666,40,2,3,3,9,9,1,2,2.0,2,2,1,73,1282,4269,916742,5,2,2,9,9,1,73,1282,4324
91674205203.0,91674205,916742052,7.0,7.0,0.0,0.0,0.0,0.0,0.0,7.0,7.0,0.0,5.0,2.0,0.0,0.0,0.0,0.0,0.0,0.0,0.0,0.0,0.0,0.0,0.0,0.0,0.0,0.0,0.0,0.0,0.0,0.0,0.0,0.0,0.0,0.0,0.0,77.0,0.0,36.66666666666666,19,2,8,1,9,9,1,2,4.0,2,2,4,73,1282,4344,916742,5,2,3,9,9,1,73,1282,4324
91676501101.0,91676501,916765011,92.45,92.45,77.5,60.0,17.5,0.0,0.0,14.95,6.95,0.0,0.33333333333333,1.28333333333333,1.0,1.0,0.91666666666666,2.41666666666666,8.0,8.0,0.0,0.0,0.0,0.0,3.33333333333333,3.33333333333333,4.66666666666666,0.0,0.0,0.0,0.0,0.0,0.0,0.0,0.0,0.0,0.0,57.91666666666666,0.0,17.83333333333333,39,1,8,4,9,9,1,2,4.0,2,2,1,73,1283,2980,916765,1,1,1,9,9,1,73,1283,2976
91953701102.0,91953701,919537011,64.13333333333333,64.13333333333333,56.96666666666666,48.13333333333333,8.83333333333333,0.0,0.0,7.16666666666666,7.0,0.0,3.08333333333333,1.0,0.0,1.5,1.08333333333333,0.33333333333333,0.16666666666666,0.16666666666666,0.0,0.0,0.0,0.0,0.0,0.0,0.0,0.16666666666666,0.16666666666666,0.0,0.0,0.0,0.0,0.0,0.0,0.0,0.0,71.46666666666665,0.0,27.33333333333333,37,2,8,3,9,9,1,2,4.0,2,2,1,73,1304,2425,919537,1,1,2,9,9,1,73,1304,2456
91953702101.0,91953702,919537021,21.31666666666666,21.31666666666666,4.0,3.0,1.0,0.0,4.5,12.81666666666666,12.15,4.5,5.58333333333333,1.75,0.0,0.0,0.08333333333333,0.23333333333333,0.0,0.0,0.0,0.0,0.0,0.0,0.0,0.0,0.0,0.0,0.0,0.66666666666666,0.66666666666666,0.0,0.0,0.66666666666666,0.0,0.0,0.0,71.16666666666666,0.0,29.66666666666666,77,2,7,2,9,9,1,2,4.0,2,1,1,73,1304,2461,919537,2,1,1,9,9,1,73,1304,2456
91953703101.0,91953703,919537031,107.75,85.74999999999999,63.0,58.0,5.0,0.0,0.0,44.74999999999999,4.91666666666666,0.5,0.75,0.83333333333333,0.25,1.5,0.33333333333333,0.75,39.83333333333333,17.83333333333333,0.0,0.0,0.0,0.0,29.33333333333333,7.33333333333333,10.5,0.0,0.0,0.0,0.0,0.0,0.0,0.0,0.0,0.0,0.0,48.83333333333333,0.0,19.5,43,1,8,5,9,9,1,2,4.0,2,2,1,73,1304,2505,919537,3,1,1,9,9,1,73,1304,2456
90944105101.0,90944105,909441051,86.35,84.6,0.0,0.0,0.0,0.0,0.0,86.35,55.93333333333333,36.0,18.33333333333333,1.5,0.0,0.0,0.0,0.1,30.41666666666666,28.66666666666666,27.91666666666666,26.16666666666666,0.0,0.0,0.0,0.0,2.5,0.0,0.0,0.0,0.0,0.0,0.0,0.0,0.0,0.0,0.0,79.0,0.0,19.0,50,2,3,3,9,9,1,2,2.0,2,2,5,76,1226,6847,909441,5,1,1,9,9,1,76,1226,6861
90944105102.0,90944105,909441051,7.0,7.0,0.0,0.0,0.0,0.0,0.0,7.0,0.0,0.0,0.0,0.0,0.0,0.0,0.0,0.0,7.0,7.0,0.0,0.0,0.0,0.0,0.0,0.0,7.0,0.0,0.0,0.0,0.0,0.0,0.0,0.0,0.0,0.0,0.0,115.0,0.0,58.0,52,1,6,3,9,9,1,2,3.0,2,1,6,76,1226,6913,909441,5,1,2,9,9,1,76,1226,6861
90944105103.0,90944105,909441051,69.38333333333333,49.38333333333333,20.0,20.0,0.0,0.0,0.0,49.38333333333333,18.96666666666666,6.0,10.5,1.5,0.0,0.63333333333333,0.0,0.33333333333333,30.41666666666666,10.41666666666666,30.41666666666666,10.41666666666666,0.0,0.0,0.0,0.0,0.0,0.0,0.0,0.0,0.0,0.0,0.0,0.0,0.0,0.0,0.0,82.66666666666666,0.0,44.83333333333333,30,2,10,2,9,9,1,2,5.0,2,2,1,76,1226,6814,909441,5,1,3,9,9,1,76,1226,6861
90944105104.0,90944105,909441051,120.75,89.75,38.0,38.0,0.0,0.0,0.0,82.75,36.0,11.0,18.0,2.0,0.0,2.0,1.0,2.0,46.75,15.75,39.75,8.75,0.0,0.0,0.0,0.0,7.0,0.0,0.0,0.0,0.0,0.0,0.0,0.0,0.0,0.0,0.0,82.75,9.0,74.0,29,2,8,4,9,9,1,2,4.0,2,2,1,76,1226,6850,909441,5,1,4,9,9,1,76,1226,6861
90957201101.0,90957201,909572011,86.5,74.5,65.0,45.0,20.0,0.0,0.0,21.5,2.33333333333333,0.0,0.0,0.0,0.0,2.0,0.33333333333333,0.0,19.16666666666666,7.16666666666666,0.0,0.0,19.16666666666666,7.16666666666666,0.0,0.0,0.0,0.0,0.0,0.0,0.0,0.0,0.0,0.0,0.0,0.0,0.0,73.66666666666666,0.0,23.5,41,1,8,4,9,9,1,2,4.0,2,1,1,74,1227,3561,909572,1,1,1,9,9,1,74,1227,3495
90957201102.0,90957201,909572011,162.0,84.99999999999999,0.0,0.0,0.0,0.0,2.5,159.5,35.75,12.5,13.58333333333333,4.16666666666666,0.0,2.0,0.5,3.0,123.75,46.74999999999999,0.0,0.0,57.91666666666666,15.91666666666666,44.83333333333333,9.83333333333333,21.0,0.0,0.0,0.0,0.0,0.0,0.0,0.0,0.0,0.0,0.0,59.75,0.0,25.0,45,2,7,3,9,9,1,2,4.0,2,1,5,74,1227,3440,909572,1,1,2,9,9,1,74,1227,3495
90957201103.0,90957201,909572011,21.33333333333333,12.33333333333333,0.0,0.0,0.0,0.0,0.0,21.33333333333333,0.0,0.0,0.0,0.0,0.0,0.0,0.0,0.0,21.33333333333333,12.33333333333333,0.0,0.0,10.33333333333333,6.33333333333333,11.0,6.0,0.0,0.0,0.0,0.0,0.0,0.0,0.0,0.0,0.0,0.0,0.0,58.5,67.0,36.0,15,2,3,3,9,9,1,2,2.0,2,2,4,74,1227,3506,909572,1,1,3,9,9,1,74,1227,3495
92076702101.0,92076702,920767021,29.0,29.0,0.0,0.0,0.0,0.0,0.0,29.0,12.0,0.33333333333333,10.0,0.0,0.0,0.0,0.0,1.66666666666666,17.0,17.0,0.0,0.0,0.0,0.0,0.0,0.0,7.0,10.0,10.0,0.0,0.0,0.0,0.0,0.0,0.0,0.0,0.0,62.08333333333333,0.0,38.0,84,1,6,1,9,9,1,2,3.0,2,2,3,74,1316,4218,920767,2,1,1,9,9,1,74,1316,4103
92076702102.0,92076702,920767021,73.5,64.5,0.0,0.0,0.0,0.0,7.0,66.5,52.5,15.0,28.83333333333333,5.0,0.0,3.0,0.0,0.66666666666666,14.0,5.0,0.0,0.0,0.0,0.0,0.0,0.0,1.0,13.0,4.0,0.0,0.0,0.0,0.0,0.0,0.0,0.0,0.0,61.21666666666666,0.0,24.0,70,2,3,3,9,9,1,2,2.0,2,2,5,74,1316,4105,920767,2,1,2,9,9,1,74,1316,4103
92076702103.0,92076702,920767021,84.16666666666666,75.16666666666666,57.5,40.0,17.5,0.0,0.0,26.66666666666666,7.66666666666666,1.16666666666666,4.5,2.0,0.0,0.0,0.0,0.0,19.0,10.0,0.0,0.0,0.0,0.0,0.0,0.0,2.0,17.0,8.0,0.0,0.0,0.0,0.0,0.0,0.0,0.0,0.0,51.91666666666666,0.0,20.0,45,2,7,3,9,9,1,2,4.0,2,2,1,74,1316,4038,920767,2,1,3,9,9,1,74,1316,4103
92076702104.0,92076702,920767021,96.41666666666666,85.41666666666666,57.0,45.0,12.0,0.0,0.0,39.41666666666666,18.41666666666666,0.41666666666666,13.0,3.0,0.0,2.0,0.0,0.0,21.0,10.0,0.0,0.0,0.0,0.0,0.0,0.0,0.0,21.0,10.0,0.0,0.0,0.0,0.0,0.0,0.0,0.0,0.0,78.41666666666666,0.0,41.06666666666666,35,2,6,3,9,9,1,2,3.0,2,2,1,74,1316,4045,920767,2,1,4,9,9,1,74,1316,4103
92076704101.0,92076704,920767041,95.75,95.75,81.0,72.0,9.0,0.0,0.0,14.75,14.75,7.58333333333333,3.16666666666666,3.0,0.0,0.0,0.0,1.0,0.0,0.0,0.0,0.0,0.0,0.0,0.0,0.0,0.0,0.0,0.0,0.0,0.0,0.0,0.0,0.0,0.0,0.0,0.0,54.75,0.0,54.0,46,1,6,3,9,9,1,2,3.0,2,2,1,74,1316,4129,920767,4,1,1,9,9,1,74,1316,4103
92076705101.0,92076705,920767051,62.08333333333333,62.08333333333333,50.0,40.0,10.0,0.0,0.0,12.08333333333333,5.08333333333333,0.0,2.08333333333333,1.0,0.0,2.0,0.0,0.0,7.0,7.0,0.0,0.0,0.0,0.0,0.0,0.0,7.0,0.0,0.0,0.0,0.0,0.0,0.0,0.0,0.0,0.0,0.0,66.5,0.0,11.0,70,1,6,3,9,9,1,2,3.0,2,2,1,74,1316,4054,920767,5,1,1,9,9,1,74,1316,4103
92076705102.0,92076705,920767051,62.58333333333333,55.58333333333333,48.0,36.0,12.0,0.0,0.0,14.58333333333333,7.58333333333333,0.0,4.16666666666666,2.0,0.0,1.0,0.08333333333333,0.33333333333333,7.0,0.0,0.0,0.0,0.0,0.0,0.0,0.0,0.0,7.0,0.0,0.0,0.0,0.0,0.0,0.0,0.0,0.0,0.0,53.91666666666666,0.0,57.0,42,1,6,3,9,9,1,2,3.0,2,2,1,74,1316,4180,920767,5,1,2,9,9,1,74,1316,4103
90899401101.0,90899401,908994011,53.75,53.75,24.0,20.0,4.0,0.0,0.0,29.75,29.75,21.0,2.75,2.0,0.0,3.0,1.0,0.0,0.0,0.0,0.0,0.0,0.0,0.0,0.0,0.0,0.0,0.0,0.0,0.0,0.0,0.0,0.0,0.0,0.0,0.0,0.0,81.5,0.0,46.75,34,2,10,2,9,9,1,2,5.0,2,2,1,73,1223,3246,908994,1,1,1,9,9,1,73,1223,3284
90899401102.0,90899401,908994011,75.83333333333333,75.83333333333333,57.33333333333333,48.0,9.33333333333333,0.0,0.0,18.49999999999999,18.49999999999999,6.83333333333333,5.91666666666666,1.58333333333333,0.0,3.83333333333333,0.0,0.33333333333333,0.0,0.0,0.0,0.0,0.0,0.0,0.0,0.0,0.0,0.0,0.0,0.0,0.0,0.0,0.0,0.0,0.0,0.0,0.0,65.16666666666666,0.0,45.41666666666666,40,2,8,4,9,9,1,2,4.0,2,2,1,73,1223,3241,908994,1,1,2,9,9,1,73,1223,3284
90899402101.0,90899402,908994021,49.99999999999999,46.99999999999999,25.33333333333333,24.0,1.33333333333333,0.0,0.0,24.66666666666666,21.41666666666666,10.5,8.91666666666666,2.0,0.0,0.0,0.0,0.0,3.25,0.25,0.0,0.0,0.0,0.0,0.0,0.0,0.0,3.25,0.25,0.0,0.0,0.0,0.0,0.0,0.0,0.0,0.0,47.16666666666666,0.0,46.66666666666666,61,2,5,2,9,9,1,2,3.0,2,2,1,73,1223,3237,908994,2,1,1,9,9,1,73,1223,3284
90899402102.0,90899402,908994021,59.83333333333333,59.83333333333333,42.5,35.0,7.5,0.0,0.0,17.33333333333333,13.58333333333333,5.25,5.83333333333333,0.0,0.0,1.5,0.41666666666666,0.58333333333333,3.75,3.75,0.0,0.0,0.0,0.0,0.0,0.0,1.25,2.5,2.5,0.0,0.0,0.0,0.0,0.0,0.0,0.0,0.0,69.0,0.0,20.91666666666666,63,1,6,3,9,9,1,2,3.0,2,2,1,73,1223,3269,908994,2,1,2,9,9,1,73,1223,3284
90899402103.0,90899402,908994021,68.83333333333333,68.83333333333333,53.0,51.0,2.0,0.0,0.0,15.83333333333333,14.83333333333333,6.25,6.83333333333333,0.91666666666666,0.0,0.0,0.83333333333333,0.0,1.0,1.0,0.0,0.0,0.0,0.0,0.0,0.0,1.0,0.0,0.0,0.0,0.0,0.0,0.0,0.0,0.0,0.0,0.0,64.5,0.0,48.83333333333333,34,2,8,3,9,9,1,2,4.0,1,2,1,73,1223,3246,908994,2,1,3,9,9,1,73,1223,3284
90899402104.0,90899402,908994021,18.91666666666666,18.91666666666666,0.0,0.0,0.0,0.0,0.0,18.91666666666666,18.91666666666666,8.0,5.5,3.5,0.0,1.08333333333333,0.0,0.83333333333333,0.0,0.0,0.0,0.0,0.0,0.0,0.0,0.0,0.0,0.0,0.0,0.0,0.0,0.0,0.0,0.0,0.0,0.0,0.0,70.0,37.0,47.0,25,2,8,1,9,9,1,2,4.0,2,2,4,73,1223,3263,908994,2,1,4,9,9,1,73,1223,3284
90899403101.0,90899403,908994031,12.25,12.25,0.0,0.0,0.0,0.0,0.0,12.25,12.25,0.0,11.66666666666666,0.33333333333333,0.0,0.0,0.0,0.25,0.0,0.0,0.0,0.0,0.0,0.0,0.0,0.0,0.0,0.0,0.0,0.0,0.0,0.0,0.0,0.0,0.0,0.0,0.0,87.5,0.0,22.91666666666666,70,1,8,4,9,9,1,2,4.0,2,2,3,73,1223,3248,908994,3,1,1,9,9,1,73,1223,3284
91953703102.0,91953703,919537031,95.53333333333332,76.53333333333333,42.5,40.0,2.5,0.0,0.0,53.03333333333333,20.95,12.0,3.91666666666666,2.66666666666666,0.0,1.5,0.33333333333333,0.53333333333333,32.08333333333333,13.08333333333333,0.0,0.0,0.0,0.0,26.58333333333333,7.58333333333333,5.5,0.0,0.0,0.0,0.0,0.0,0.0,0.0,0.0,0.0,0.0,53.83333333333333,0.0,28.0,43,2,8,4,9,9,1,2,4.0,2,2,1,73,1304,2424,919537,3,1,2,9,9,1,73,1304,2456
91953703103.0,91953703,919537031,21.0,11.0,0.0,0.0,0.0,0.0,0.0,21.0,9.5,6.0,2.33333333333333,1.16666666666666,0.0,0.0,0.0,0.0,11.5,1.5,0.0,0.0,0.0,0.0,11.5,1.5,0.0,0.0,0.0,0.0,0.0,0.0,0.0,0.0,0.0,0.0,0.0,67.0,71.0,21.0,22,2,8,1,9,9,1,2,4.0,2,2,4,73,1304,2470,919537,3,1,3,9,9,1,73,1304,2456
91953703104.0,91953703,919537031,67.16666666666666,67.16666666666666,0.0,0.0,0.0,0.0,0.0,67.16666666666666,61.16666666666666,54.33333333333333,5.83333333333333,1.0,0.0,0.0,0.0,0.0,6.0,6.0,0.0,0.0,0.0,0.0,0.0,0.0,6.0,0.0,0.0,0.0,0.0,0.0,0.0,0.0,0.0,0.0,0.0,62.66666666666666,68.0,21.0,21,2,8,1,9,9,1,2,4.0,2,2,4,73,1304,2470,919537,3,1,4,9,9,1,73,1304,2456
91953704101.0,91953704,919537041,67.58333333333333,67.58333333333333,0.0,0.0,0.0,0.0,0.0,67.58333333333333,47.58333333333333,22.5,18.91666666666666,2.0,0.0,2.0,1.0,1.16666666666666,8.0,8.0,0.0,0.0,0.0,0.0,0.0,0.0,4.5,3.5,3.5,12.0,12.0,10.0,0.0,2.0,0.0,0.0,0.0,98.75,0.0,17.63333333333333,72,2,4,3,9,9,1,2,3.0,2,2,5,73,1304,2460,919537,4,1,1,9,9,1,73,1304,2456
91953704102.0,91953704,919537041,37.83333333333333,37.83333333333333,0.0,0.0,0.0,0.0,0.0,37.83333333333333,19.83333333333333,2.33333333333333,10.5,2.0,1.0,3.0,1.0,0.0,18.0,18.0,0.0,0.0,0.0,0.0,0.0,0.0,7.0,11.0,11.0,0.0,0.0,0.0,0.0,0.0,0.0,0.0,0.0,73.75,0.0,29.0,73,1,8,4,9,9,1,2,4.0,2,2,3,73,1304,2430,919537,4,1,2,9,9,1,73,1304,2456
91953704103.0,91953704,919537041,62.7,62.7,50.0,40.0,10.0,0.0,0.0,12.7,5.7,1.75,1.28333333333333,0.33333333333333,0.0,1.0,0.0,1.33333333333333,7.0,7.0,0.0,0.0,0.0,0.0,0.0,0.0,0.0,7.0,7.0,0.0,0.0,0.0,0.0,0.0,0.0,0.0,0.0,71.5,5.0,54.08333333333333,49,2,10,2,9,9,1,2,5.0,2,2,1,73,1304,2420,919537,4,1,3,9,9,1,73,1304,2456
91953704104.0,91953704,919537041,91.66666666666666,91.66666666666666,66.0,60.0,6.0,0.0,0.0,25.66666666666666,14.66666666666666,2.0,3.5,4.16666666666666,0.0,3.0,2.0,0.0,6.5,6.5,0.0,0.0,0.0,0.0,0.0,0.0,2.5,4.0,4.0,4.5,4.5,4.5,0.0,0.0,0.0,0.0,0.0,51.0,0.0,40.13333333333333,28,1,8,4,9,9,1,2,4.0,2,2,1,73,1304,2482,919537,4,1,4,9,9,1,73,1304,2456
90957202101.0,90957202,909572021,43.88333333333333,43.88333333333333,11.0,8.0,3.0,0.0,3.5,29.38333333333333,29.38333333333333,14.71666666666666,11.41666666666666,0.0,0.0,3.0,0.0,0.25,0.0,0.0,0.0,0.0,0.0,0.0,0.0,0.0,0.0,0.0,0.0,0.0,0.0,0.0,0.0,0.0,0.0,0.0,0.0,47.25,0.0,21.0,46,2,6,3,9,9,1,2,3.0,2,1,1,74,1227,3440,909572,2,1,1,9,9,1,74,1227,3495
90957203101.0,90957203,909572031,37.38333333333333,37.38333333333333,30.0,25.0,5.0,0.0,0.0,7.38333333333333,7.38333333333333,2.5,3.75,0.0,0.0,0.0,1.0,0.13333333333333,0.0,0.0,0.0,0.0,0.0,0.0,0.0,0.0,0.0,0.0,0.0,0.0,0.0,0.0,0.0,0.0,0.0,0.0,0.0,66.5,0.0,6.0,55,1,7,3,9,9,1,2,4.0,2,2,1,74,1227,3510,909572,3,1,1,9,9,1,74,1227,3495
90957203102.0,90957203,909572031,61.83333333333333,61.83333333333333,56.0,48.0,8.0,0.0,0.0,5.83333333333333,5.83333333333333,5.83333333333333,0.0,0.0,0.0,0.0,0.0,0.0,0.0,0.0,0.0,0.0,0.0,0.0,0.0,0.0,0.0,0.0,0.0,0.0,0.0,0.0,0.0,0.0,0.0,0.0,0.0,58.5,0.0,6.0,52,2,7,3,9,9,1,2,4.0,2,2,1,74,1227,3467,909572,3,1,2,9,9,1,74,1227,3495
90957203103.0,90957203,909572031,54.25,36.25,0.0,0.0,0.0,0.0,0.0,54.25,19.83333333333333,11.5,7.33333333333333,1.0,0.0,0.0,0.0,0.0,34.41666666666666,16.41666666666666,0.0,0.0,34.41666666666666,16.41666666666666,0.0,0.0,0.0,0.0,0.0,0.0,0.0,0.0,0.0,0.0,0.0,0.0,0.0,62.0,0.0,20.0,30,2,6,3,9,9,1,2,3.0,2,2,5,74,1227,3450,909572,3,1,3,9,9,1,74,1227,3495
90957204101.0,90957204,909572041,88.53333333333333,88.53333333333333,61.0,50.0,11.0,0.0,0.0,27.53333333333333,27.53333333333333,9.0,14.83333333333333,0.0,1.5,1.5,0.5,0.2,0.0,0.0,0.0,0.0,0.0,0.0,0.0,0.0,0.0,0.0,0.0,0.0,0.0,0.0,0.0,0.0,0.0,0.0,0.0,53.5,0.0,34.0,56,1,8,4,9,9,1,2,4.0,2,2,1,74,1227,3510,909572,4,1,1,9,9,1,74,1227,3495
90957205101.0,90957205,909572051,152.91666666666666,96.91666666666666,58.33333333333333,56.0,2.33333333333333,0.0,0.0,94.58333333333331,25.08333333333333,12.5,6.83333333333333,4.5,0.0,0.0,0.33333333333333,0.91666666666666,69.5,13.5,67.33333333333333,11.33333333333333,0.0,0.0,0.0,0.0,2.16666666666666,0.0,0.0,0.0,0.0,0.0,0.0,0.0,0.0,0.0,0.0,58.5,0.0,44.0,42,2,6,2,9,9,1,2,3.0,2,2,1,74,1227,3446,909572,5,1,1,9,9,1,74,1227,3495
90957205102.0,90957205,909572051,30.5,27.5,0.0,0.0,0.0,0.0,0.0,30.5,24.5,7.0,14.0,0.0,0.0,0.0,0.0,3.5,6.0,3.0,6.0,3.0,0.0,0.0,0.0,0.0,0.0,0.0,0.0,0.0,0.0,0.0,0.0,0.0,0.0,0.0,0.0,54.5,57.0,18.0,23,2,8,4,9,9,1,2,4.0,2,2,4,74,1227,3510,909572,5,1,2,9,9,1,74,1227,3495
92079201101.0,92079201,920792011,75.75,75.75,64.0,58.0,6.0,0.0,0.0,11.75,11.75,6.25,2.0,2.5,0.0,1.0,0.0,0.0,0.0,0.0,0.0,0.0,0.0,0.0,0.0,0.0,0.0,0.0,0.0,0.0,0.0,0.0,0.0,0.0,0.0,0.0,0.0,70.0,0.0,20.0,22,1,8,3,9,9,1,2,4.0,2,2,1,73,1317,3444,920792,1,1,1,9,9,1,73,1317,3390
92079202101.0,92079202,920792021,0.25,0.25,0.0,0.0,0.0,0.0,0.0,0.25,0.25,0.0,0.25,0.0,0.0,0.0,0.0,0.0,0.0,0.0,0.0,0.0,0.0,0.0,0.0,0.0,0.0,0.0,0.0,0.0,0.0,0.0,0.0,0.0,0.0,0.0,0.0,107.66666666666666,0.0,22.16666666666666,95,2,3,3,9,9,1,2,2.0,2,2,6,73,1317,3855,920792,2,1,1,9,9,1,73,1317,3390
92079202102.0,92079202,920792021,56.08333333333333,34.08333333333333,0.0,0.0,0.0,0.0,0.0,56.08333333333333,34.08333333333333,18.25,11.66666666666666,3.5,0.0,0.0,0.0,0.66666666666666,22.0,0.0,0.0,0.0,0.0,0.0,0.0,0.0,0.0,22.0,0.0,0.0,0.0,0.0,0.0,0.0,0.0,0.0,0.0,66.0,0.0,40.33333333333333,65,2,3,3,9,9,1,2,2.0,2,2,5,73,1317,3370,920792,2,1,2,9,9,1,73,1317,3390
92079202103.0,92079202,920792021,32.66666666666666,32.66666666666666,0.0,0.0,0.0,0.0,0.0,32.66666666666666,32.66666666666666,11.0,17.5,2.16666666666666,0.0,1.41666666666666,0.0,0.58333333333333,0.0,0.0,0.0,0.0,0.0,0.0,0.0,0.0,0.0,0.0,0.0,0.0,0.0,0.0,0.0,0.0,0.0,0.0,0.0,84.0,0.0,25.5,64,2,6,3,9,9,1,2,3.0,2,2,5,73,1317,3342,920792,2,1,3,9,9,1,73,1317,3390
92079203102.0,92079203,920792031,121.5,76.5,0.0,0.0,0.0,0.0,0.0,121.5,49.5,20.0,13.5,5.0,0.0,11.0,0.0,0.0,72.0,27.0,72.0,27.0,0.0,0.0,0.0,0.0,0.0,0.0,0.0,0.0,0.0,0.0,0.0,0.0,0.0,0.0,0.0,63.0,0.0,40.0,69,1,6,3,9,9,1,2,3.0,2,2,3,73,1317,3369,920792,3,1,2,9,9,1,73,1317,3390
92079203103.0,92079203,920792031,33.25,27.25,0.0,0.0,0.0,0.0,0.0,33.25,22.25,11.0,8.66666666666666,2.0,0.0,0.0,0.0,0.58333333333333,11.0,5.0,11.0,5.0,0.0,0.0,0.0,0.0,0.0,0.0,0.0,0.0,0.0,0.0,0.0,0.0,0.0,0.0,0.0,70.0,0.0,30.0,58,2,6,3,9,9,1,2,3.0,2,2,5,73,1317,3313,920792,3,1,3,9,9,1,73,1317,3390
90899403102.0,90899403,908994031,33.33333333333333,33.33333333333333,0.0,0.0,0.0,0.0,0.0,33.33333333333333,30.33333333333333,18.5,9.83333333333333,0.66666666666666,0.0,1.33333333333333,0.0,0.0,3.0,3.0,0.0,0.0,0.0,0.0,0.0,0.0,0.0,3.0,3.0,0.0,0.0,0.0,0.0,0.0,0.0,0.0,0.0,89.0,0.0,17.0,65,2,8,4,9,9,1,2,4.0,2,2,3,73,1223,3265,908994,3,1,2,9,9,1,73,1223,3284
90899403103.0,90899403,908994031,82.5,82.5,47.0,40.0,7.0,0.0,0.0,35.5,35.5,18.0,8.0,3.5,0.0,4.5,0.0,1.5,0.0,0.0,0.0,0.0,0.0,0.0,0.0,0.0,0.0,0.0,0.0,0.0,0.0,0.0,0.0,0.0,0.0,0.0,0.0,82.0,0.0,25.0,30,2,11,3,9,9,1,2,5.0,2,2,1,73,1223,3246,908994,3,1,3,9,9,1,73,1223,3284
90922202101.0,90922202,909222021,8.58333333333333,8.58333333333333,0.0,0.0,0.0,0.0,4.0,4.58333333333333,2.25,0.75,0.33333333333333,0.0,0.0,0.0,1.16666666666666,0.0,2.33333333333333,2.33333333333333,0.0,0.0,0.0,0.0,0.0,0.0,2.33333333333333,0.0,0.0,0.0,0.0,0.0,0.0,0.0,0.0,0.0,0.0,45.5,0.0,37.25,82,2,8,5,9,9,1,2,4.0,2,1,3,74,1224,4461,909222,2,1,1,9,9,1,74,1224,4349
90922202102.0,90922202,909222021,112.35,112.1,0.0,0.0,0.0,0.0,6.0,106.35,99.35,24.5,55.26666666666666,0.0,0.66666666666666,14.0,2.5,2.41666666666666,7.0,6.75,7.0,6.75,0.0,0.0,0.0,0.0,0.0,0.0,0.0,0.0,0.0,0.0,0.0,0.0,0.0,0.0,0.0,53.5,0.0,22.3,55,2,5,4,9,9,1,2,3.0,2,1,5,74,1224,4245,909222,2,1,2,9,9,1,74,1224,4349
90922204101.0,90922204,909222041,84.2,84.2,48.0,42.0,6.0,0.0,0.0,36.2,26.2,7.16666666666666,8.66666666666666,5.83333333333333,1.5,2.66666666666666,0.25,0.11666666666666,10.0,10.0,0.0,0.0,0.0,0.0,0.0,0.0,10.0,0.0,0.0,0.0,0.0,0.0,0.0,0.0,0.0,0.0,0.0,57.08333333333333,16.0,20.75,54,2,8,4,9,9,1,2,4.0,2,2,1,74,1224,4314,909222,4,1,1,9,9,1,74,1224,4349
90922204102.0,90922204,909222041,61.16666666666666,61.16666666666666,34.5,32.0,2.5,0.0,0.0,26.66666666666666,21.66666666666666,7.83333333333333,9.0,1.0,2.0,1.5,0.0,0.33333333333333,5.0,5.0,0.0,0.0,0.0,0.0,0.0,0.0,5.0,0.0,0.0,0.0,0.0,0.0,0.0,0.0,0.0,0.0,0.0,69.5,0.0,22.83333333333333,56,1,6,3,9,9,1,2,3.0,1,2,1,74,1224,4367,909222,4,1,2,9,9,1,74,1224,4349
90922204103.0,90922204,909222041,58.33333333333333,58.33333333333333,49.0,49.0,0.0,0.0,0.0,9.33333333333333,3.16666666666666,0.58333333333333,2.16666666666666,0.41666666666666,0.0,0.0,0.0,0.0,6.16666666666666,6.16666666666666,0.0,0.0,0.0,0.0,0.0,0.0,6.16666666666666,0.0,0.0,0.0,0.0,0.0,0.0,0.0,0.0,0.0,0.0,81.33333333333333,0.0,37.0,25,2,8,5,9,9,1,2,4.0,2,2,1,74,1224,4316,909222,4,1,3,9,9,1,74,1224,4349
91953705101.0,91953705,919537051,46.5,46.5,35.41666666666666,35.0,0.41666666666666,0.0,0.0,11.08333333333333,11.08333333333333,3.5,2.0,1.0,0.0,2.0,0.0,2.58333333333333,0.0,0.0,0.0,0.0,0.0,0.0,0.0,0.0,0.0,0.0,0.0,0.0,0.0,0.0,0.0,0.0,0.0,0.0,0.0,59.5,0.0,21.5,71,1,6,2,9,9,1,2,3.0,2,2,1,73,1304,2430,919537,5,1,1,9,9,1,73,1304,2456
91955501101.0,91955501,919555011,79.0,79.0,71.75,70.0,1.75,0.0,0.0,7.25,7.25,3.5,1.91666666666666,1.16666666666666,0.0,0.5,0.0,0.16666666666666,0.0,0.0,0.0,0.0,0.0,0.0,0.0,0.0,0.0,0.0,0.0,0.0,0.0,0.0,0.0,0.0,0.0,0.0,0.0,52.25,0.0,17.5,58,1,2,6,9,9,1,2,2.0,2,2,1,74,1305,3834,919555,1,1,1,9,9,1,74,1305,3818
91955502101.0,91955502,919555021,137.83333333333331,137.83333333333331,107.0,104.0,3.0,0.0,0.0,30.83333333333333,21.83333333333333,5.0,10.0,0.83333333333333,0.0,0.0,4.75,1.25,9.0,9.0,0.0,0.0,0.0,0.0,0.0,0.0,9.0,0.0,0.0,0.0,0.0,0.0,0.0,0.0,0.0,0.0,0.0,45.0,0.0,0.0,64,2,2,6,9,9,1,2,2.0,2,2,1,74,1305,3759,919555,2,1,1,9,9,1,74,1305,3818
91955502102.0,91955502,919555021,56.99999999999999,53.49999999999999,50.0,40.0,10.0,0.0,0.0,6.99999999999999,3.49999999999999,1.5,0.58333333333333,1.0,0.0,0.0,0.08333333333333,0.33333333333333,3.5,0.0,0.0,0.0,0.0,0.0,0.0,0.0,0.0,3.5,0.0,0.0,0.0,0.0,0.0,0.0,0.0,0.0,0.0,55.0,5.66666666666666,2.0,21,2,8,3,9,9,1,2,4.0,2,1,1,74,1305,3834,919555,2,1,2,9,9,1,74,1305,3818
91955502103.0,91955502,919555021,71.16666666666666,71.16666666666666,63.0,60.0,3.0,0.0,0.0,8.16666666666666,8.16666666666666,0.5,6.91666666666666,0.41666666666666,0.0,0.0,0.33333333333333,0.0,0.0,0.0,0.0,0.0,0.0,0.0,0.0,0.0,0.0,0.0,0.0,0.0,0.0,0.0,0.0,0.0,0.0,0.0,0.0,37.5,0.0,18.0,68,1,2,6,9,9,1,2,2.0,2,1,1,74,1305,3790,919555,2,1,3,9,9,1,74,1305,3818
91955503101.0,91955503,919555031,67.98333333333333,67.98333333333333,51.0,45.0,6.0,0.0,0.0,16.98333333333333,14.9,2.66666666666666,1.91666666666666,8.41666666666666,0.0,1.5,0.16666666666666,0.23333333333333,2.08333333333333,2.08333333333333,0.0,0.0,0.0,0.0,0.0,0.0,2.08333333333333,0.0,0.0,0.0,0.0,0.0,0.0,0.0,0.0,0.0,0.0,71.0,0.0,22.0,45,1,8,5,9,9,1,2,4.0,2,2,1,74,1305,3842,919555,3,1,1,9,9,1,74,1305,3818
91955503102.0,91955503,919555031,84.58333333333333,84.58333333333333,50.13333333333333,40.13333333333333,10.0,0.0,0.0,34.45,33.58333333333333,17.0,8.91666666666666,5.0,0.0,2.5,0.0,0.16666666666666,0.86666666666666,0.86666666666666,0.0,0.0,0.0,0.0,0.0,0.0,0.86666666666666,0.0,0.0,0.0,0.0,0.0,0.0,0.0,0.0,0.0,0.0,52.0,0.0,3.41666666666666,46,2,8,4,9,9,1,2,4.0,2,2,1,74,1305,3757,919555,3,1,2,9,9,1,74,1305,3818
91695804201.0,91695804,916958042,53.13333333333333,53.13333333333333,29.0,28.0,1.0,0.0,0.0,24.13333333333333,24.13333333333333,12.0,6.83333333333333,1.66666666666666,0.0,3.0,0.16666666666666,0.46666666666666,0.0,0.0,0.0,0.0,0.0,0.0,0.0,0.0,0.0,0.0,0.0,0.0,0.0,0.0,0.0,0.0,0.0,0.0,0.0,88.5,0.0,65.0,25,1,8,4,9,9,1,2,4.0,2,2,1,73,1286,2890,916958,4,2,1,9,9,1,73,1286,2860
91695805101.0,91695805,916958051,106.58333333333331,106.58333333333331,89.0,75.0,14.0,0.0,0.0,17.58333333333333,6.41666666666666,1.83333333333333,2.0,0.0,0.0,2.0,0.25,0.33333333333333,11.0,11.0,0.0,0.0,0.0,0.0,0.0,0.0,11.0,0.0,0.0,0.16666666666666,0.16666666666666,0.16666666666666,0.0,0.0,0.0,0.0,0.0,60.0,0.0,12.5,36,1,8,5,9,9,1,2,4.0,2,2,1,73,1286,2865,916958,5,1,1,9,9,1,73,1286,2860
91695805102.0,91695805,916958051,79.41666666666666,79.41666666666666,46.0,40.0,6.0,0.0,0.0,33.41666666666666,24.41666666666666,5.75,16.16666666666666,2.0,0.0,0.0,0.0,0.5,9.0,9.0,0.0,0.0,0.0,0.0,0.0,0.0,9.0,0.0,0.0,0.0,0.0,0.0,0.0,0.0,0.0,0.0,0.0,74.75,0.0,17.5,26,2,8,5,9,9,1,2,4.0,2,2,1,73,1286,2842,916958,5,1,2,9,9,1,73,1286,2860
91696001101.0,91696001,916960011,70.3,70.3,22.0,19.0,3.0,0.0,0.0,48.3,21.3,14.41666666666666,2.91666666666666,2.75,0.0,0.0,0.5,0.71666666666666,7.0,7.0,0.0,0.0,0.0,0.0,0.0,0.0,7.0,0.0,0.0,20.0,0.0,0.0,0.0,0.0,20.0,0.0,0.0,73.05,0.0,4.0,64,2,6,3,9,9,1,2,3.0,2,2,1,73,1287,3234,916960,1,1,1,9,9,1,73,1287,3281
91696001102.0,91696001,916960011,75.58333333333333,75.58333333333333,44.5,42.0,2.5,0.0,0.0,31.08333333333333,30.58333333333333,0.0,0.0,0.0,0.0,0.0,0.0,30.58333333333333,0.5,0.5,0.0,0.0,0.0,0.0,0.0,0.0,0.0,0.5,0.5,0.0,0.0,0.0,0.0,0.0,0.0,0.0,0.0,59.5,0.0,23.88333333333333,28,1,8,4,9,9,1,2,4.0,2,2,1,73,1287,3316,916960,1,1,2,9,9,1,73,1287,3281
91696002101.0,91696002,916960021,9.16666666666666,9.16666666666666,0.0,0.0,0.0,0.0,0.0,9.16666666666666,9.16666666666666,3.58333333333333,0.08333333333333,4.5,0.0,0.0,0.0,1.0,0.0,0.0,0.0,0.0,0.0,0.0,0.0,0.0,0.0,0.0,0.0,0.0,0.0,0.0,0.0,0.0,0.0,0.0,0.0,73.75,0.0,17.0,70,2,8,4,9,9,1,2,4.0,2,2,3,73,1287,3287,916960,2,1,1,9,9,1,73,1287,3281
91696004101.0,91696004,916960041,94.0,94.0,88.0,70.0,18.0,0.0,0.0,6.0,3.0,0.0,0.0,1.0,0.0,0.0,0.0,2.0,3.0,3.0,0.0,0.0,0.0,0.0,0.0,0.0,3.0,0.0,0.0,0.0,0.0,0.0,0.0,0.0,0.0,0.0,0.0,50.08333333333333,0.0,21.5,51,1,9,2,9,9,1,2,5.0,2,2,1,73,1287,3290,916960,4,1,1,9,9,1,73,1287,3281
92079204101.0,92079204,920792041,91.66666666666666,91.66666666666666,84.0,77.0,7.0,0.0,0.0,7.66666666666666,7.66666666666666,0.0,4.0,0.66666666666666,0.0,1.0,1.5,0.5,0.0,0.0,0.0,0.0,0.0,0.0,0.0,0.0,0.0,0.0,0.0,0.0,0.0,0.0,0.0,0.0,0.0,0.0,0.0,67.41666666666666,0.0,31.16666666666666,63,1,6,3,9,9,1,2,3.0,2,2,1,73,1317,3375,920792,4,1,1,9,9,1,73,1317,3390
92079204102.0,92079204,920792041,100.25,100.25,73.0,66.0,7.0,0.0,0.0,27.25,27.25,17.5,6.5,1.66666666666666,0.0,1.08333333333333,0.0,0.5,0.0,0.0,0.0,0.0,0.0,0.0,0.0,0.0,0.0,0.0,0.0,0.0,0.0,0.0,0.0,0.0,0.0,0.0,0.0,66.5,0.0,19.33333333333333,61,2,6,3,9,9,1,2,3.0,2,2,1,73,1317,3342,920792,4,1,2,9,9,1,73,1317,3390
92079204103.0,92079204,920792041,62.91666666666666,62.91666666666666,42.0,36.0,6.0,0.0,0.0,20.91666666666666,19.99999999999999,2.75,11.83333333333333,2.25,0.0,1.5,1.33333333333333,0.33333333333333,0.91666666666666,0.91666666666666,0.0,0.0,0.0,0.0,0.0,0.0,0.0,0.91666666666666,0.91666666666666,0.0,0.0,0.0,0.0,0.0,0.0,0.0,0.0,82.16666666666666,0.0,45.5,36,2,6,3,9,9,1,2,3.0,2,2,1,73,1317,3346,920792,4,1,3,9,9,1,73,1317,3390
92079205101.0,92079205,920792051,13.66666666666666,13.66666666666666,0.0,0.0,0.0,0.0,0.0,13.66666666666666,13.66666666666666,8.0,1.16666666666666,2.25,0.0,1.91666666666666,0.0,0.33333333333333,0.0,0.0,0.0,0.0,0.0,0.0,0.0,0.0,0.0,0.0,0.0,0.0,0.0,0.0,0.0,0.0,0.0,0.0,0.0,51.75,0.0,7.33333333333333,82,1,8,5,9,9,1,2,4.0,2,2,3,73,1317,3489,920792,5,1,1,9,9,1,73,1317,3390
92104101101.0,92104101,921041011,118.41666666666666,118.41666666666666,17.0,16.0,1.0,0.0,0.0,101.41666666666666,91.58333333333331,14.0,63.0,10.0,0.0,4.0,0.0,0.58333333333333,9.83333333333333,9.83333333333333,0.0,0.0,0.0,0.0,8.83333333333333,8.83333333333333,1.0,0.0,0.0,0.0,0.0,0.0,0.0,0.0,0.0,0.0,0.0,67.5,0.0,19.0,35,2,6,2,9,9,1,2,3.0,2,2,1,74,1318,4163,921041,1,1,1,9,9,1,74,1318,4223
92104101102.0,92104101,921041011,63.91666666666666,63.91666666666666,39.5,38.0,1.5,0.0,0.0,24.41666666666666,16.83333333333333,3.5,5.83333333333333,1.91666666666666,4.5,1.08333333333333,0.0,0.0,7.58333333333333,7.58333333333333,0.0,0.0,0.0,0.0,0.58333333333333,0.58333333333333,7.0,0.0,0.0,0.0,0.0,0.0,0.0,0.0,0.0,0.0,0.0,78.2,38.66666666666666,20.5,17,1,6,2,9,9,1,2,3.0,2,2,1,74,1318,4251,921041,1,1,2,9,9,1,74,1318,4223
90018305103.0,90018305,900183051,19.49999999999999,11.49999999999999,0.0,0.0,0.0,0.0,0.0,19.49999999999999,5.83333333333333,1.33333333333333,3.33333333333333,0.83333333333333,0.0,0.33333333333333,0.0,0.0,13.66666666666666,5.66666666666666,0.0,0.0,13.66666666666666,5.66666666666666,0.0,0.0,0.0,0.0,0.0,0.0,0.0,0.0,0.0,0.0,0.0,0.0,0.0,102.5,40.83333333333333,26.0,14,2,3,2,9,9,1,2,2.0,2,1,4,74,1150,3665,900183,5,1,3,9,9,1,74,1150,3673
90922205101.0,90922205,909222051,172.41666666666666,157.41666666666666,47.5,40.0,7.5,0.0,10.5,114.41666666666666,55.41666666666666,27.0,19.0,3.16666666666666,0.0,4.0,1.5,0.75,59.0,44.0,46.0,36.0,0.0,0.0,13.0,8.0,0.0,0.0,0.0,0.0,0.0,0.0,0.0,0.0,0.0,0.0,0.0,78.0,0.0,21.0,38,2,8,4,9,9,1,2,4.0,2,2,1,74,1224,4287,909222,5,1,1,9,9,1,74,1224,4349
90922205102.0,90922205,909222051,23.58333333333333,21.08333333333333,0.0,0.0,0.0,0.0,0.0,23.58333333333333,16.33333333333333,10.33333333333333,5.33333333333333,0.5,0.0,0.0,0.0,0.16666666666666,7.25,4.75,7.25,4.75,0.0,0.0,0.0,0.0,0.0,0.0,0.0,0.0,0.0,0.0,0.0,0.0,0.0,0.0,0.0,65.0,39.5,8.0,12,1,2,6,9,9,1,2,2.0,2,2,4,74,1224,4367,909222,5,1,2,9,9,1,74,1224,4349
90923101101.0,90923101,909231011,123.55,120.05,56.0,52.5,3.5,0.0,5.0,62.54999999999999,1.91666666666666,0.0,0.25,0.58333333333333,0.0,0.0,0.33333333333333,0.75,60.63333333333333,57.13333333333333,0.0,0.0,17.5,15.0,36.0,35.0,7.13333333333333,0.0,0.0,0.0,0.0,0.0,0.0,0.0,0.0,0.0,0.0,83.5,0.0,0.0,52,1,3,3,9,9,1,2,2.0,2,1,1,76,1225,4441,909231,1,1,1,9,9,1,76,1225,4408
90923101102.0,90923101,909231011,119.75,117.75,60.5,60.0,0.5,0.0,6.0,53.25,38.0,17.5,7.16666666666666,8.0,0.0,4.0,1.0,0.33333333333333,15.25,13.25,0.0,0.0,10.0,10.0,3.75,1.75,1.5,0.0,0.0,0.0,0.0,0.0,0.0,0.0,0.0,0.0,0.0,55.16666666666666,0.0,3.5,52,2,2,6,9,9,1,2,2.0,1,1,1,76,1225,4398,909231,1,1,2,9,9,1,76,1225,4408
91676501102.0,91676501,916765011,105.33333333333331,69.33333333333333,28.33333333333333,25.0,3.33333333333333,0.0,0.0,77.0,24.25,7.75,8.75,3.16666666666666,0.0,3.0,0.0,1.58333333333333,52.75,16.75,0.0,0.0,0.0,0.0,50.0,14.0,2.75,0.0,0.0,0.0,0.0,0.0,0.0,0.0,0.0,0.0,0.0,71.5,0.0,23.7,42,2,8,4,9,9,1,2,4.0,2,2,1,73,1283,2937,916765,1,1,2,9,9,1,73,1283,2976
91676502101.0,91676502,916765021,74.28333333333333,74.28333333333333,50.0,40.0,10.0,0.0,0.0,24.28333333333333,24.28333333333333,6.0,10.33333333333333,2.5,0.0,3.25,0.2,2.0,0.0,0.0,0.0,0.0,0.0,0.0,0.0,0.0,0.0,0.0,0.0,0.0,0.0,0.0,0.0,0.0,0.0,0.0,0.0,56.0,0.0,17.5,41,2,8,4,9,9,1,2,4.0,2,2,1,73,1283,2937,916765,2,1,1,9,9,1,73,1283,2976
91676503101.0,91676503,916765031,85.0,65.0,47.5,40.0,7.5,0.0,0.0,37.5,13.0,6.41666666666666,1.58333333333333,0.66666666666666,0.16666666666666,2.0,0.0,2.16666666666666,24.5,4.5,0.0,0.0,0.0,0.0,0.0,0.0,0.0,24.5,4.5,0.0,0.0,0.0,0.0,0.0,0.0,0.0,0.0,59.58333333333333,3.33333333333333,19.66666666666666,58,1,10,2,9,9,1,2,5.0,2,2,1,73,1283,2992,916765,3,1,1,9,9,1,73,1283,2976
91955503103.0,91955503,919555031,1.58333333333333,1.58333333333333,0.0,0.0,0.0,0.0,0.0,1.58333333333333,1.58333333333333,0.0,1.58333333333333,0.0,0.0,0.0,0.0,0.0,0.0,0.0,0.0,0.0,0.0,0.0,0.0,0.0,0.0,0.0,0.0,0.0,0.0,0.0,0.0,0.0,0.0,0.0,0.0,80.0,72.5,10.33333333333333,15,2,3,3,9,9,1,2,2.0,2,2,4,74,1305,3830,919555,3,1,3,9,9,1,74,1305,3818
91955504101.0,91955504,919555041,77.08333333333333,77.08333333333333,0.0,0.0,0.0,0.0,14.0,63.08333333333333,63.08333333333333,14.0,38.5,5.25,0.0,3.5,0.5,1.33333333333333,0.0,0.0,0.0,0.0,0.0,0.0,0.0,0.0,0.0,0.0,0.0,0.0,0.0,0.0,0.0,0.0,0.0,0.0,0.0,76.55,0.0,31.5,66,2,4,3,9,9,1,2,3.0,2,2,3,74,1305,3791,919555,4,1,1,9,9,1,74,1305,3818
91955505101.0,91955505,919555051,97.5,89.5,54.5,44.0,10.5,0.0,0.0,43.0,10.5,0.0,0.0,1.0,6.0,0.0,3.0,0.5,32.5,24.5,26.0,18.0,0.0,0.0,0.0,0.0,6.5,0.0,0.0,0.0,0.0,0.0,0.0,0.0,0.0,0.0,0.0,75.5,22.0,43.66666666666666,40,1,8,5,9,9,1,2,4.0,2,1,1,74,1305,3890,919555,5,1,1,9,9,1,74,1305,3818
91955505102.0,91955505,919555051,135.81666666666666,110.81666666666666,0.0,0.0,0.0,0.0,7.0,128.81666666666666,64.81666666666666,43.0,13.08333333333333,4.83333333333333,0.0,2.0,0.5,1.4,62.0,37.0,56.75,31.75,0.0,0.0,0.0,0.0,5.25,0.0,0.0,2.0,2.0,1.0,1.0,0.0,0.0,0.0,0.0,46.25,0.0,15.58333333333333,46,2,6,3,9,9,1,2,3.0,2,2,5,74,1305,3757,919555,5,1,2,9,9,1,74,1305,3818
91955505103.0,91955505,919555051,8.91666666666666,8.91666666666666,0.0,0.0,0.0,0.0,0.0,8.91666666666666,3.91666666666666,1.0,1.41666666666666,1.0,0.0,0.5,0.0,0.0,5.0,5.0,0.0,0.0,0.0,0.0,0.0,0.0,5.0,0.0,0.0,0.0,0.0,0.0,0.0,0.0,0.0,0.0,0.0,70.33333333333333,62.5,49.83333333333333,15,1,3,3,9,9,1,2,2.0,2,2,4,74,1305,3844,919555,5,1,3,9,9,1,74,1305,3818
91958701101.0,91958701,919587011,160.38333333333333,112.38333333333333,45.0,40.0,5.0,0.0,0.0,115.38333333333333,33.38333333333333,21.0,8.16666666666666,2.71666666666666,0.0,1.0,0.33333333333333,0.16666666666666,82.0,34.0,0.0,0.0,55.0,25.0,27.0,9.0,0.0,0.0,0.0,0.0,0.0,0.0,0.0,0.0,0.0,0.0,0.0,70.0,0.0,29.0,29,2,6,3,9,9,1,2,3.0,2,2,1,73,1306,4110,919587,1,1,1,9,9,1,73,1306,4136
91958701102.0,91958701,919587011,115.75,95.75,60.0,50.0,10.0,0.0,0.0,55.75,12.75,10.5,0.0,1.0,0.0,1.0,0.25,0.0,43.0,23.0,0.0,0.0,16.5,14.5,26.5,8.5,0.0,0.0,0.0,0.0,0.0,0.0,0.0,0.0,0.0,0.0,0.0,68.5,0.0,7.0,35,1,8,4,9,9,1,2,4.0,2,2,1,73,1306,4143,919587,1,1,2,9,9,1,73,1306,4136
91696004102.0,91696004,916960041,68.66666666666666,68.66666666666666,41.5,40.0,1.5,0.0,0.0,27.16666666666666,24.16666666666666,11.33333333333333,9.5,0.0,0.0,3.0,0.0,0.33333333333333,3.0,3.0,0.0,0.0,0.0,0.0,0.0,0.0,3.0,0.0,0.0,0.0,0.0,0.0,0.0,0.0,0.0,0.0,0.0,72.0,0.0,17.0,50,2,8,4,9,9,1,2,4.0,2,2,1,73,1287,3259,916960,4,1,2,9,9,1,73,1287,3281
91696004103.0,91696004,916960041,68.33333333333333,68.33333333333333,57.0,50.0,7.0,0.0,0.0,11.33333333333333,7.33333333333333,1.0,2.0,1.0,0.0,3.0,0.25,0.08333333333333,4.0,4.0,0.0,0.0,0.0,0.0,0.0,0.0,4.0,0.0,0.0,0.0,0.0,0.0,0.0,0.0,0.0,0.0,0.0,77.0,0.0,32.96666666666666,30,1,8,5,9,9,1,2,4.0,2,2,1,73,1287,3338,916960,4,1,3,9,9,1,73,1287,3281
91715701101.0,91715701,917157011,100.33333333333331,95.83333333333331,60.0,54.0,6.0,0.0,0.0,40.33333333333333,23.66666666666666,10.5,8.16666666666666,2.5,0.0,1.0,0.33333333333333,1.16666666666666,16.66666666666666,12.16666666666666,0.0,0.0,0.0,0.0,16.66666666666666,12.16666666666666,0.0,0.0,0.0,0.0,0.0,0.0,0.0,0.0,0.0,0.0,0.0,63.0,0.0,27.0,28,2,3,3,9,9,1,2,2.0,2,2,1,73,1288,3585,917157,1,1,1,9,9,1,73,1288,3607
91715702101.0,91715702,917157021,79.71666666666665,79.71666666666665,71.5,59.0,12.5,0.0,0.0,8.21666666666666,6.71666666666666,0.5,2.16666666666666,0.0,0.0,3.5,0.08333333333333,0.46666666666666,1.5,1.5,0.0,0.0,0.0,0.0,0.0,0.0,1.5,0.0,0.0,0.0,0.0,0.0,0.0,0.0,0.0,0.0,0.0,51.5,0.0,17.5,52,1,8,4,9,9,1,2,4.0,2,2,1,73,1288,3618,917157,2,1,1,9,9,1,73,1288,3607
91715702102.0,91715702,917157021,43.41666666666666,43.41666666666666,0.0,0.0,0.0,0.0,0.0,43.41666666666666,41.66666666666666,24.0,13.08333333333333,4.08333333333333,0.0,0.0,0.0,0.5,1.75,1.75,0.0,0.0,0.0,0.0,0.0,0.0,1.75,0.0,0.0,0.0,0.0,0.0,0.0,0.0,0.0,0.0,0.0,64.08333333333333,0.0,12.0,46,2,7,3,9,9,1,2,4.0,2,2,5,73,1288,3555,917157,2,1,2,9,9,1,73,1288,3607
91715702103.0,91715702,917157021,15.16666666666666,15.16666666666666,6.0,4.0,2.0,0.0,0.0,9.16666666666666,8.16666666666666,2.0,1.5,2.16666666666666,0.0,2.0,0.0,0.5,0.0,0.0,0.0,0.0,0.0,0.0,0.0,0.0,0.0,0.0,0.0,1.0,1.0,0.0,0.0,1.0,0.0,0.0,0.0,73.5,0.0,29.25,18,1,6,3,9,9,1,2,3.0,2,2,1,73,1288,3636,917157,2,1,3,9,9,1,73,1288,3607
91715702104.0,91715702,917157021,6.7,6.7,0.0,0.0,0.0,0.0,0.0,6.7,5.2,1.16666666666666,1.16666666666666,0.75,0.0,1.83333333333333,0.08333333333333,0.2,1.5,1.5,0.0,0.0,0.0,0.0,0.0,0.0,1.5,0.0,0.0,0.0,0.0,0.0,0.0,0.0,0.0,0.0,0.0,69.0,58.0,17.0,21,1,8,2,9,9,1,2,4.0,2,2,4,73,1288,3665,917157,2,1,4,9,9,1,73,1288,3607
90020301101.0,90020301,900203011,45.75,30.75,0.0,0.0,0.0,0.0,0.0,45.75,30.25,7.83333333333333,6.75,2.0,8.0,3.0,1.0,1.66666666666666,15.5,0.5,15.5,0.5,0.0,0.0,0.0,0.0,0.0,0.0,0.0,0.0,0.0,0.0,0.0,0.0,0.0,0.0,0.0,61.0,0.0,32.16666666666666,65,1,3,3,9,9,1,2,2.0,2,2,3,74,1151,3918,900203,1,1,1,9,9,1,74,1151,3947
90020301102.0,90020301,900203011,31.58333333333333,31.58333333333333,0.0,0.0,0.0,0.0,0.0,31.58333333333333,31.58333333333333,13.5,9.58333333333333,5.0,0.0,3.0,0.5,0.0,0.0,0.0,0.0,0.0,0.0,0.0,0.0,0.0,0.0,0.0,0.0,0.0,0.0,0.0,0.0,0.0,0.0,0.0,0.0,80.5,0.0,26.5,62,2,3,3,9,9,1,2,2.0,2,2,5,74,1151,3886,900203,1,1,2,9,9,1,74,1151,3947
90020302101.0,90020302,900203021,17.78333333333333,17.78333333333333,0.0,0.0,0.0,0.0,0.0,17.78333333333333,17.78333333333333,10.0,3.91666666666666,2.0,0.0,0.75,0.5,0.61666666666666,0.0,0.0,0.0,0.0,0.0,0.0,0.0,0.0,0.0,0.0,0.0,0.0,0.0,0.0,0.0,0.0,0.0,0.0,0.0,57.0,0.0,11.83333333333333,61,2,6,2,9,9,1,2,3.0,2,2,5,74,1151,3886,900203,2,1,1,9,9,1,74,1151,3947
90020303101.0,90020303,900203031,51.5,51.5,31.0,30.0,1.0,0.0,0.0,20.5,20.5,7.5,7.0,3.0,0.0,2.0,0.5,0.5,0.0,0.0,0.0,0.0,0.0,0.0,0.0,0.0,0.0,0.0,0.0,0.0,0.0,0.0,0.0,0.0,0.0,0.0,0.0,64.5,0.0,26.0,52,2,3,3,9,9,1,2,2.0,2,2,1,74,1151,3915,900203,3,1,1,9,9,1,74,1151,3947
90020303102.0,90020303,900203031,43.88333333333333,43.88333333333333,34.66666666666666,32.0,2.66666666666666,0.0,0.0,9.21666666666666,9.21666666666666,1.5,2.83333333333333,1.16666666666666,3.05,0.0,0.0,0.66666666666666,0.0,0.0,0.0,0.0,0.0,0.0,0.0,0.0,0.0,0.0,0.0,0.0,0.0,0.0,0.0,0.0,0.0,0.0,0.0,66.0,0.0,19.0,26,1,6,2,9,9,1,2,3.0,2,2,1,74,1151,3984,900203,3,1,2,9,9,1,74,1151,3947
90020304101.0,90020304,900203041,59.45,59.45,49.0,46.0,3.0,0.0,3.5,6.95,6.95,0.0,2.0,0.5,0.0,1.0,3.16666666666666,0.28333333333333,0.0,0.0,0.0,0.0,0.0,0.0,0.0,0.0,0.0,0.0,0.0,0.0,0.0,0.0,0.0,0.0,0.0,0.0,0.0,67.75,0.0,29.25,68,1,2,6,9,9,1,2,2.0,2,2,1,74,1151,3918,900203,4,1,1,9,9,1,74,1151,3947
90020304102.0,90020304,900203041,28.03333333333333,28.03333333333333,0.0,0.0,0.0,0.0,0.0,28.03333333333333,28.03333333333333,15.0,2.75,3.66666666666666,0.0,5.0,1.25,0.36666666666666,0.0,0.0,0.0,0.0,0.0,0.0,0.0,0.0,0.0,0.0,0.0,0.0,0.0,0.0,0.0,0.0,0.0,0.0,0.0,67.0,0.0,18.5,72,2,3,3,9,9,1,2,2.0,2,2,5,74,1151,3949,900203,4,1,2,9,9,1,74,1151,3947
91676503102.0,91676503,916765031,44.73333333333333,44.73333333333333,0.0,0.0,0.0,0.0,0.0,44.73333333333333,37.73333333333333,17.5,12.0,5.75,0.0,0.0,1.0,1.48333333333333,7.0,7.0,0.0,0.0,0.0,0.0,0.0,0.0,7.0,0.0,0.0,0.0,0.0,0.0,0.0,0.0,0.0,0.0,0.0,85.75,0.0,46.91666666666666,84,2,5,3,9,9,1,2,3.0,2,2,5,73,1283,3057,916765,3,1,2,9,9,1,73,1283,2976
91676504101.0,91676504,916765041,49.16666666666666,49.16666666666666,20.41666666666666,20.0,0.41666666666666,0.0,0.0,28.74999999999999,21.74999999999999,7.0,11.08333333333333,0.5,0.0,0.5,0.33333333333333,2.33333333333333,7.0,7.0,0.0,0.0,0.0,0.0,0.0,0.0,7.0,0.0,0.0,0.0,0.0,0.0,0.0,0.0,0.0,0.0,0.0,87.5,0.0,16.5,72,1,8,4,9,9,1,2,4.0,2,2,1,73,1283,2944,916765,4,1,1,9,9,1,73,1283,2976
91676504102.0,91676504,916765041,34.33333333333333,34.33333333333333,15.41666666666666,15.0,0.41666666666666,0.0,0.0,18.91666666666666,18.58333333333333,9.0,3.83333333333333,0.5,0.0,4.0,0.0,1.25,0.33333333333333,0.33333333333333,0.0,0.0,0.0,0.0,0.0,0.0,0.0,0.33333333333333,0.33333333333333,0.0,0.0,0.0,0.0,0.0,0.0,0.0,0.0,98.33333333333331,0.0,41.83333333333333,40,1,8,5,9,9,1,2,4.0,2,2,1,73,1283,3036,916765,4,1,2,9,9,1,73,1283,2976
91676505101.0,91676505,916765051,57.68333333333333,57.68333333333333,0.0,0.0,0.0,0.0,0.0,57.68333333333333,46.68333333333333,23.83333333333333,11.41666666666666,5.83333333333333,0.0,4.5,0.0,1.1,11.0,11.0,0.0,0.0,0.0,0.0,0.0,0.0,11.0,0.0,0.0,0.0,0.0,0.0,0.0,0.0,0.0,0.0,0.0,96.25,0.0,23.58333333333333,62,2,8,4,9,9,1,2,4.0,2,2,5,73,1283,2934,916765,5,1,1,9,9,1,73,1283,2976
91676505102.0,91676505,916765051,97.0,86.0,72.0,66.0,6.0,0.0,0.0,25.0,10.66666666666666,0.5,1.41666666666666,2.58333333333333,0.0,5.0,0.25,0.91666666666666,14.33333333333333,3.33333333333333,0.0,0.0,0.0,0.0,0.0,0.0,0.0,14.33333333333333,3.33333333333333,0.0,0.0,0.0,0.0,0.0,0.0,0.0,0.0,62.5,0.0,17.58333333333333,36,2,8,5,9,9,1,2,4.0,2,2,1,73,1283,2938,916765,5,1,2,9,9,1,73,1283,2976
91676505103.0,91676505,916765051,35.35,35.35,15.58333333333333,15.0,0.58333333333333,0.0,0.0,19.76666666666666,19.76666666666666,13.5,3.6,1.0,0.0,0.5,0.0,1.16666666666666,0.0,0.0,0.0,0.0,0.0,0.0,0.0,0.0,0.0,0.0,0.0,0.0,0.0,0.0,0.0,0.0,0.0,0.0,0.0,105.0,0.0,35.33333333333333,27,1,8,4,9,9,1,2,4.0,2,2,1,73,1283,3007,916765,5,1,3,9,9,1,73,1283,2976
91678101101.0,91678101,916781011,50.0,30.0,21.58333333333333,21.0,0.58333333333333,0.0,2.0,26.41666666666666,2.16666666666666,0.0,0.5,0.0,0.0,0.0,0.25,1.41666666666666,24.25,4.25,24.25,4.25,0.0,0.0,0.0,0.0,0.0,0.0,0.0,0.0,0.0,0.0,0.0,0.0,0.0,0.0,0.0,72.58333333333333,0.0,22.0,82,2,8,2,9,9,1,2,4.0,2,2,1,73,1284,4205,916781,1,1,1,9,9,1,73,1284,4094
91780502101.0,91780502,917805021,51.36666666666666,51.36666666666666,46.66666666666666,40.0,6.66666666666666,0.0,0.5,4.2,4.2,0.0,1.26666666666666,1.75,0.0,1.0,0.0,0.18333333333333,0.0,0.0,0.0,0.0,0.0,0.0,0.0,0.0,0.0,0.0,0.0,0.0,0.0,0.0,0.0,0.0,0.0,0.0,0.0,68.0,0.0,16.41666666666666,72,1,5,1,9,9,1,2,3.0,2,2,1,73,1294,3316,917805,2,1,1,9,9,1,73,1294,3352
91780503101.0,91780503,917805031,21.0,21.0,0.0,0.0,0.0,0.0,0.0,21.0,21.0,7.5,8.0,2.0,0.0,2.5,0.0,1.0,0.0,0.0,0.0,0.0,0.0,0.0,0.0,0.0,0.0,0.0,0.0,0.0,0.0,0.0,0.0,0.0,0.0,0.0,0.0,64.0,0.0,57.0,57,2,6,4,9,9,1,2,3.0,2,2,5,73,1294,3276,917805,3,1,1,9,9,1,73,1294,3352
91780503102.0,91780503,917805031,14.33333333333333,14.33333333333333,0.0,0.0,0.0,0.0,0.0,14.33333333333333,14.33333333333333,5.83333333333333,3.75,1.08333333333333,0.0,3.5,0.16666666666666,0.0,0.0,0.0,0.0,0.0,0.0,0.0,0.0,0.0,0.0,0.0,0.0,0.0,0.0,0.0,0.0,0.0,0.0,0.0,0.0,47.83333333333333,0.0,38.0,59,1,8,5,9,9,1,2,4.0,2,2,6,73,1294,3370,917805,3,1,2,9,9,1,73,1294,3352
91780503103.0,91780503,917805031,47.0,47.0,22.0,20.0,2.0,0.0,0.0,25.0,25.0,6.0,17.0,2.0,0.0,0.0,0.0,0.0,0.0,0.0,0.0,0.0,0.0,0.0,0.0,0.0,0.0,0.0,0.0,0.0,0.0,0.0,0.0,0.0,0.0,0.0,0.0,85.0,0.0,56.0,31,2,8,5,9,9,1,2,4.0,2,2,1,73,1294,3313,917805,3,1,3,9,9,1,73,1294,3352
91780504101.0,91780504,917805041,107.5,86.5,50.0,45.0,5.0,0.0,0.0,57.5,1.5,0.0,0.0,0.0,0.0,0.0,1.5,0.0,56.0,35.0,31.0,10.0,0.0,0.0,0.0,0.0,25.0,0.0,0.0,0.0,0.0,0.0,0.0,0.0,0.0,0.0,0.0,72.0,0.0,55.0,36,1,10,2,9,9,1,2,5.0,2,2,1,73,1294,3357,917805,4,1,1,9,9,1,73,1294,3352
91780504102.0,91780504,917805041,296.96666666666664,226.96666666666664,0.0,0.0,0.0,0.0,0.0,296.96666666666664,117.8,59.5,50.96666666666666,0.0,0.0,5.0,1.5,0.83333333333333,179.16666666666666,109.16666666666666,147.16666666666666,77.16666666666666,0.0,0.0,0.0,0.0,32.0,0.0,0.0,0.0,0.0,0.0,0.0,0.0,0.0,0.0,0.0,84.0,0.0,37.5,35,2,10,2,9,9,1,2,5.0,2,2,5,73,1294,3309,917805,4,1,2,9,9,1,73,1294,3352
91780505101.0,91780505,917805051,46.28333333333333,46.28333333333333,24.0,24.0,0.0,0.0,0.0,22.28333333333333,14.28333333333333,8.5,2.16666666666666,1.0,0.0,2.0,0.16666666666666,0.45,8.0,8.0,0.0,0.0,0.0,0.0,0.0,0.0,8.0,0.0,0.0,0.0,0.0,0.0,0.0,0.0,0.0,0.0,0.0,62.5,0.0,22.5,43,1,10,2,9,9,1,2,5.0,2,2,1,73,1294,3419,917805,5,1,1,9,9,1,73,1294,3352
91103901102.0,91103901,911039011,86.41666666666666,86.41666666666666,37.5,30.0,7.5,0.0,0.0,48.91666666666666,48.91666666666666,14.58333333333333,32.5,1.33333333333333,0.0,0.5,0.0,0.0,0.0,0.0,0.0,0.0,0.0,0.0,0.0,0.0,0.0,0.0,0.0,0.0,0.0,0.0,0.0,0.0,0.0,0.0,0.0,70.0,0.0,21.83333333333333,66,2,2,6,9,9,1,2,2.0,2,2,1,76,1236,4515,911039,1,1,2,9,9,1,76,1236,4521
91103901103.0,91103901,911039011,75.08333333333333,67.08333333333333,55.0,45.0,10.0,0.0,0.0,20.08333333333333,12.08333333333333,2.41666666666666,5.16666666666666,1.5,0.0,3.0,0.0,0.0,8.0,0.0,0.0,0.0,0.0,0.0,0.0,0.0,0.0,8.0,0.0,0.0,0.0,0.0,0.0,0.0,0.0,0.0,0.0,63.0,0.0,29.5,43,2,7,3,9,9,1,2,4.0,2,2,1,76,1236,4483,911039,1,1,3,9,9,1,76,1236,4521
91103902101.0,91103902,911039021,107.83333333333331,67.83333333333333,0.0,0.0,0.0,0.0,0.0,107.83333333333331,22.83333333333333,5.16666666666666,7.0,7.66666666666666,0.0,3.0,0.0,0.0,40.0,0.0,0.0,0.0,0.0,0.0,0.0,0.0,0.0,40.0,0.0,45.0,45.0,20.0,0.0,25.0,0.0,0.0,0.0,74.66666666666666,0.0,16.0,73,2,6,2,9,9,1,2,3.0,2,2,5,76,1236,4550,911039,2,1,1,9,9,1,76,1236,4521
91103902102.0,91103902,911039021,64.86666666666666,46.86666666666666,0.0,0.0,0.0,0.0,0.0,64.86666666666666,11.86666666666666,0.0,8.75,0.0,0.0,3.0,0.0,0.11666666666666,39.0,21.0,0.0,0.0,0.0,0.0,0.0,0.0,0.0,39.0,21.0,14.0,14.0,0.0,0.0,14.0,0.0,0.0,0.0,72.5,0.0,47.0,75,1,6,2,9,9,1,2,3.0,2,2,3,76,1236,4629,911039,2,1,2,9,9,1,76,1236,4521
91103903101.0,91103903,911039031,105.08333333333331,105.08333333333331,61.0,55.0,6.0,0.0,0.0,44.08333333333333,22.08333333333333,5.5,10.33333333333333,3.25,0.0,3.0,0.0,0.0,22.0,22.0,0.0,0.0,0.0,0.0,0.0,0.0,22.0,0.0,0.0,0.0,0.0,0.0,0.0,0.0,0.0,0.0,0.0,74.5,0.0,7.0,42,2,6,2,9,9,1,2,3.0,2,2,1,76,1236,4483,911039,3,1,1,9,9,1,76,1236,4521
91103903102.0,91103903,911039031,70.0,70.0,43.0,42.0,1.0,0.0,0.0,27.0,25.0,2.0,18.0,5.0,0.0,0.0,0.0,0.0,2.0,2.0,0.0,0.0,0.0,0.0,0.0,0.0,2.0,0.0,0.0,0.0,0.0,0.0,0.0,0.0,0.0,0.0,0.0,84.0,0.0,59.0,19,2,6,1,9,9,1,2,3.0,2,2,1,76,1236,4562,911039,3,1,2,9,9,1,76,1236,4521
91103904101.0,91103904,911039041,70.36666666666666,70.36666666666666,45.0,40.0,5.0,0.0,0.0,25.36666666666666,17.36666666666666,1.25,9.58333333333333,3.41666666666666,0.0,3.0,0.0,0.11666666666666,8.0,8.0,0.0,0.0,0.0,0.0,0.0,0.0,8.0,0.0,0.0,0.0,0.0,0.0,0.0,0.0,0.0,0.0,0.0,70.0,0.0,33.25,44,1,6,2,9,9,1,2,3.0,2,2,1,76,1236,4633,911039,4,1,1,9,9,1,76,1236,4521
91890305303.0,91890305,918903053,75.66666666666666,75.66666666666666,70.0,56.0,14.0,0.0,0.0,5.66666666666666,0.66666666666666,0.66666666666666,0.0,0.0,0.0,0.0,0.0,0.0,5.0,5.0,0.0,0.0,0.0,0.0,0.0,0.0,5.0,0.0,0.0,0.0,0.0,0.0,0.0,0.0,0.0,0.0,0.0,70.0,0.0,21.0,26,2,8,5,9,9,1,2,4.0,2,2,1,76,1299,4249,918903,5,3,3,9,9,1,76,1299,4256
91890305304.0,91890305,918903053,73.58333333333333,73.58333333333333,71.16666666666666,70.0,1.16666666666666,0.0,0.0,2.41666666666666,2.41666666666666,0.41666666666666,2.0,0.0,0.0,0.0,0.0,0.0,0.0,0.0,0.0,0.0,0.0,0.0,0.0,0.0,0.0,0.0,0.0,0.0,0.0,0.0,0.0,0.0,0.0,0.0,0.0,70.0,0.0,41.0,22,2,6,3,9,9,1,2,3.0,2,2,1,76,1299,4300,918903,5,3,4,9,9,1,76,1299,4256
91896301101.0,91896301,918963011,85.68333333333332,85.68333333333332,74.66666666666666,70.0,4.66666666666666,0.0,0.0,11.01666666666666,11.01666666666666,1.58333333333333,3.58333333333333,2.08333333333333,0.0,1.5,0.91666666666666,1.35,0.0,0.0,0.0,0.0,0.0,0.0,0.0,0.0,0.0,0.0,0.0,0.0,0.0,0.0,0.0,0.0,0.0,0.0,0.0,55.25,0.0,7.75,43,2,3,3,9,9,1,2,2.0,2,2,1,76,1300,4628,918963,1,1,1,9,9,1,76,1300,4666
91896301102.0,91896301,918963011,73.29999999999998,73.29999999999998,60.0,58.0,2.0,0.0,0.0,13.29999999999999,12.29999999999999,0.83333333333333,6.66666666666666,1.83333333333333,0.0,2.5,0.0,0.46666666666666,1.0,1.0,0.0,0.0,0.0,0.0,0.0,0.0,1.0,0.0,0.0,0.0,0.0,0.0,0.0,0.0,0.0,0.0,0.0,47.83333333333333,36.0,17.58333333333333,23,2,3,3,9,9,1,2,2.0,2,2,1,76,1300,4714,918963,1,1,2,9,9,1,76,1300,4666
91896302101.0,91896302,918963021,66.11666666666666,66.11666666666666,60.5,57.0,3.5,0.0,2.5,3.11666666666666,3.11666666666666,0.0,1.25,0.16666666666666,0.0,1.41666666666666,0.16666666666666,0.11666666666666,0.0,0.0,0.0,0.0,0.0,0.0,0.0,0.0,0.0,0.0,0.0,0.0,0.0,0.0,0.0,0.0,0.0,0.0,0.0,59.5,0.0,15.0,26,1,3,2,9,9,1,2,2.0,2,2,1,76,1300,4738,918963,2,1,1,9,9,1,76,1300,4666
91896304101.0,91896304,918963041,7.41666666666666,7.41666666666666,0.0,0.0,0.0,0.0,0.0,7.41666666666666,5.16666666666666,0.0,3.5,1.5,0.0,0.0,0.0,0.16666666666666,2.25,2.25,0.0,0.0,0.0,0.0,0.0,0.0,2.25,0.0,0.0,0.0,0.0,0.0,0.0,0.0,0.0,0.0,0.0,73.5,0.0,31.5,72,2,2,6,9,9,1,2,2.0,2,2,5,76,1300,4696,918963,4,1,1,9,9,1,76,1300,4666
91896304102.0,91896304,918963041,102.11666666666666,72.11666666666666,45.5,42.0,3.5,0.0,0.0,56.61666666666666,26.61666666666666,14.0,9.0,1.0,0.0,2.0,0.0,0.61666666666666,30.0,0.0,0.0,0.0,0.0,0.0,0.0,0.0,0.0,30.0,0.0,0.0,0.0,0.0,0.0,0.0,0.0,0.0,0.0,49.0,0.0,3.5,47,2,6,3,9,9,1,2,3.0,2,2,1,76,1300,4620,918963,4,1,2,9,9,1,76,1300,4666
90072405101.0,90072405,900724051,81.33333333333333,81.33333333333333,72.0,60.0,12.0,0.0,0.0,9.33333333333333,9.33333333333333,3.75,2.16666666666666,1.66666666666666,0.0,1.5,0.0,0.25,0.0,0.0,0.0,0.0,0.0,0.0,0.0,0.0,0.0,0.0,0.0,0.0,0.0,0.0,0.0,0.0,0.0,0.0,0.0,58.0,0.0,16.5,66,1,8,5,9,9,1,2,4.0,2,2,1,73,1157,4329,900724,5,1,1,9,9,1,73,1157,4356
90072405102.0,90072405,900724051,74.33333333333333,74.33333333333333,66.0,60.0,6.0,0.0,0.0,8.33333333333333,8.33333333333333,3.5,2.0,0.83333333333333,0.0,2.0,0.0,0.0,0.0,0.0,0.0,0.0,0.0,0.0,0.0,0.0,0.0,0.0,0.0,0.0,0.0,0.0,0.0,0.0,0.0,0.0,0.0,52.5,0.0,26.5,30,1,8,5,9,9,1,2,4.0,2,2,1,73,1157,4431,900724,5,1,2,9,9,1,73,1157,4356
90088601101.0,90088601,900886011,95.0,76.99999999999999,59.83333333333333,57.0,2.83333333333333,0.0,0.0,35.16666666666666,13.33333333333333,4.5,3.0,0.5,2.0,3.0,0.33333333333333,0.0,21.83333333333333,3.83333333333333,0.0,0.0,0.0,0.0,20.83333333333333,2.83333333333333,1.0,0.0,0.0,0.0,0.0,0.0,0.0,0.0,0.0,0.0,0.0,63.0,0.0,14.0,43,1,3,3,9,9,1,2,2.0,2,2,1,74,1158,4236,900886,1,1,1,9,9,1,74,1158,4158
90088601102.0,90088601,900886011,84.31666666666666,84.31666666666666,53.0,46.0,7.0,0.0,0.0,31.31666666666666,26.56666666666666,13.0,7.0,3.16666666666666,0.0,3.0,0.16666666666666,0.23333333333333,4.75,4.75,0.0,0.0,0.0,0.0,4.08333333333333,4.08333333333333,0.66666666666666,0.0,0.0,0.0,0.0,0.0,0.0,0.0,0.0,0.0,0.0,61.5,0.0,4.0,39,2,6,3,9,9,1,2,3.0,2,2,1,74,1158,4099,900886,1,1,2,9,9,1,74,1158,4158
90088601103.0,90088601,900886011,6.5,6.5,0.0,0.0,0.0,0.0,0.0,6.5,6.5,1.5,2.5,0.0,0.0,2.5,0.0,0.0,0.0,0.0,0.0,0.0,0.0,0.0,0.0,0.0,0.0,0.0,0.0,0.0,0.0,0.0,0.0,0.0,0.0,0.0,0.0,79.16666666666666,14.5,12.0,14,2,3,2,9,9,1,2,2.0,2,2,4,74,1158,4149,900886,1,1,3,9,9,1,74,1158,4158
90088602101.0,90088602,900886021,71.58333333333333,71.58333333333333,59.75,58.0,1.75,0.0,0.0,11.83333333333333,11.83333333333333,5.75,2.91666666666666,2.41666666666666,0.0,0.5,0.25,0.0,0.0,0.0,0.0,0.0,0.0,0.0,0.0,0.0,0.0,0.0,0.0,0.0,0.0,0.0,0.0,0.0,0.0,0.0,0.0,61.33333333333333,0.0,7.41666666666666,52,2,6,1,9,9,1,2,3.0,2,2,1,74,1158,4125,900886,2,1,1,9,9,1,74,1158,4158
90088602102.0,90088602,900886021,68.58333333333333,68.58333333333333,55.0,50.0,5.0,0.0,0.0,13.58333333333333,13.33333333333333,3.66666666666666,3.0,3.5,1.33333333333333,1.41666666666666,0.08333333333333,0.33333333333333,0.0,0.0,0.0,0.0,0.0,0.0,0.0,0.0,0.0,0.0,0.0,0.25,0.0,0.0,0.0,0.0,0.25,0.0,0.0,65.75,0.0,18.5,32,1,6,3,9,9,1,2,3.0,2,2,1,74,1158,4225,900886,2,1,2,9,9,1,74,1158,4158
91780505102.0,91780505,917805051,56.91666666666666,56.91666666666666,43.33333333333333,40.0,3.33333333333333,0.0,0.0,13.58333333333333,7.58333333333333,3.5,1.16666666666666,0.33333333333333,0.0,2.0,0.33333333333333,0.25,6.0,6.0,0.0,0.0,0.0,0.0,0.0,0.0,6.0,0.0,0.0,0.0,0.0,0.0,0.0,0.0,0.0,0.0,0.0,61.0,0.0,25.0,46,1,8,4,9,9,1,2,4.0,2,2,1,73,1294,3377,917805,5,1,2,9,9,1,73,1294,3352
91826601101.0,91826601,918266011,69.43333333333332,69.43333333333332,55.0,45.0,10.0,0.0,0.0,14.43333333333333,7.01666666666666,0.75,2.66666666666666,1.0,0.0,2.0,0.0,0.6,7.41666666666666,7.41666666666666,0.0,0.0,0.0,0.0,0.0,0.0,7.41666666666666,0.0,0.0,0.0,0.0,0.0,0.0,0.0,0.0,0.0,0.0,61.5,0.0,17.16666666666666,62,1,8,4,9,9,1,2,4.0,2,2,1,74,1295,4156,918266,1,1,1,9,9,1,74,1295,4180
91826601102.0,91826601,918266011,87.24999999999999,79.24999999999999,55.0,45.0,10.0,0.0,0.0,32.24999999999999,22.74999999999999,10.75,6.08333333333333,2.58333333333333,0.0,2.5,0.0,0.83333333333333,9.5,1.5,0.0,0.0,0.0,0.0,0.0,0.0,0.0,9.5,1.5,0.0,0.0,0.0,0.0,0.0,0.0,0.0,0.0,57.5,0.0,8.5,56,2,8,4,9,9,1,2,4.0,2,2,1,74,1295,4080,918266,1,1,2,9,9,1,74,1295,4180
91826602101.0,91826602,918266021,75.13333333333333,75.13333333333333,55.5,52.0,3.5,0.0,0.0,19.63333333333333,19.63333333333333,3.91666666666666,5.75,2.41666666666666,0.0,5.8,0.16666666666666,1.58333333333333,0.0,0.0,0.0,0.0,0.0,0.0,0.0,0.0,0.0,0.0,0.0,0.0,0.0,0.0,0.0,0.0,0.0,0.0,0.0,58.5,0.0,32.33333333333333,38,2,6,3,9,9,1,2,3.0,2,2,1,74,1295,4121,918266,2,1,1,9,9,1,74,1295,4180
91826603101.0,91826603,918266031,104.25,61.25,0.0,0.0,0.0,0.0,0.0,104.25,38.75,14.5,11.0,5.25,0.0,7.0,0.0,1.0,65.5,22.5,0.0,0.0,64.5,21.5,0.0,0.0,1.0,0.0,0.0,0.0,0.0,0.0,0.0,0.0,0.0,0.0,0.0,63.5,0.0,7.33333333333333,27,2,3,3,9,9,1,2,2.0,2,2,5,74,1295,4148,918266,3,1,1,9,9,1,74,1295,4180
91826603102.0,91826603,918266031,86.41666666666666,82.41666666666666,71.0,64.0,7.0,0.0,0.0,15.41666666666666,4.58333333333333,0.0,0.0,0.58333333333333,0.58333333333333,3.16666666666666,0.0,0.25,10.83333333333333,6.83333333333333,0.0,0.0,9.83333333333333,5.83333333333333,0.0,0.0,1.0,0.0,0.0,0.0,0.0,0.0,0.0,0.0,0.0,0.0,0.0,49.25,0.0,20.0,25,1,3,3,9,9,1,2,2.0,2,2,1,74,1295,4219,918266,3,1,2,9,9,1,74,1295,4180
91826604101.0,91826604,918266041,46.83333333333333,4.83333333333333,0.0,0.0,0.0,0.0,0.0,46.83333333333333,4.83333333333333,1.16666666666666,1.5,1.16666666666666,0.0,0.0,0.0,1.0,42.0,0.0,0.0,0.0,0.0,0.0,0.0,0.0,0.0,42.0,0.0,0.0,0.0,0.0,0.0,0.0,0.0,0.0,0.0,65.5,0.0,41.0,88,1,2,1,9,9,1,2,2.0,2,2,3,74,1295,4443,918266,4,1,1,9,9,1,74,1295,4180
90473104102.0,90473104,904731041,42.33333333333333,42.33333333333333,0.0,0.0,0.0,0.0,0.0,42.33333333333333,39.33333333333333,11.0,14.66666666666666,11.66666666666666,0.0,0.0,2.0,0.0,0.0,0.0,0.0,0.0,0.0,0.0,0.0,0.0,0.0,0.0,0.0,3.0,3.0,3.0,0.0,0.0,0.0,0.0,0.0,85.5,0.0,38.5,65,2,5,3,9,9,1,2,3.0,2,2,3,76,1188,4004,904731,4,1,2,9,9,1,76,1188,4009
90473104103.0,90473104,904731041,136.75,76.75,3.08333333333333,3.0,0.08333333333333,0.0,0.0,133.66666666666666,52.66666666666666,22.0,14.5,3.66666666666666,1.5,7.0,1.5,2.5,81.0,21.0,0.0,0.0,0.0,0.0,0.0,0.0,13.0,68.0,8.0,0.0,0.0,0.0,0.0,0.0,0.0,0.0,0.0,75.0,0.0,52.0,67,2,6,2,9,9,1,2,3.0,2,2,1,76,1188,4004,904731,4,1,3,9,9,1,76,1188,4009
90473104104.0,90473104,904731041,56.08333333333333,56.08333333333333,0.0,0.0,0.0,0.0,0.0,56.08333333333333,42.08333333333333,16.0,15.08333333333333,3.83333333333333,1.0,2.0,0.5,3.66666666666666,5.0,5.0,0.0,0.0,0.0,0.0,0.0,0.0,2.0,3.0,3.0,9.0,9.0,0.0,0.0,9.0,0.0,0.0,0.0,108.0,0.0,50.16666666666666,63,2,8,4,9,9,1,2,4.0,2,2,3,76,1188,3970,904731,4,1,4,9,9,1,76,1188,4009
90473104105.0,90473104,904731041,66.5,66.5,50.0,40.0,10.0,0.0,0.0,16.5,12.5,1.5,8.0,3.0,0.0,0.0,0.0,0.0,4.0,4.0,0.0,0.0,0.0,0.0,0.0,0.0,0.0,4.0,4.0,0.0,0.0,0.0,0.0,0.0,0.0,0.0,0.0,63.5,0.0,19.0,60,2,6,3,9,9,1,2,3.0,2,2,1,76,1188,3970,904731,4,1,5,9,9,1,76,1188,4009
90473104106.0,90473104,904731041,69.0,69.0,54.0,45.0,9.0,0.0,0.0,15.0,7.0,0.0,2.0,3.0,0.0,0.0,0.5,1.5,8.0,8.0,0.0,0.0,0.0,0.0,0.0,0.0,0.0,8.0,8.0,0.0,0.0,0.0,0.0,0.0,0.0,0.0,0.0,81.5,0.0,48.0,30,2,10,2,9,9,1,2,5.0,2,2,1,76,1188,3981,904731,4,1,6,9,9,1,76,1188,4009
90473105101.0,90473105,904731051,48.96666666666666,48.96666666666666,30.0,25.0,5.0,0.0,0.0,18.96666666666666,18.96666666666666,5.83333333333333,10.3,0.66666666666666,0.0,1.0,0.0,1.16666666666666,0.0,0.0,0.0,0.0,0.0,0.0,0.0,0.0,0.0,0.0,0.0,0.0,0.0,0.0,0.0,0.0,0.0,0.0,0.0,69.13333333333333,0.0,12.5,55,1,8,5,9,9,1,2,4.0,2,2,1,76,1188,4049,904731,5,1,1,9,9,1,76,1188,4009
90484701101.0,90484701,904847011,77.91666666666666,77.91666666666666,50.83333333333333,50.0,0.83333333333333,0.0,0.0,27.08333333333333,27.08333333333333,8.0,6.66666666666666,3.41666666666666,0.5,4.0,0.5,4.0,0.0,0.0,0.0,0.0,0.0,0.0,0.0,0.0,0.0,0.0,0.0,0.0,0.0,0.0,0.0,0.0,0.0,0.0,0.0,63.58333333333333,0.0,19.91666666666666,50,1,10,2,9,9,1,2,5.0,2,2,1,74,1189,4438,904847,1,1,1,9,9,1,74,1189,4431
91896305101.0,91896305,918963051,60.41666666666666,60.41666666666666,51.0,48.0,3.0,0.0,0.0,9.41666666666666,5.33333333333333,0.0,2.58333333333333,0.58333333333333,0.16666666666666,1.0,0.0,1.0,4.08333333333333,4.08333333333333,0.0,0.0,0.0,0.0,0.0,0.0,4.08333333333333,0.0,0.0,0.0,0.0,0.0,0.0,0.0,0.0,0.0,0.0,62.0,0.0,27.0,25,1,3,3,9,9,1,2,2.0,2,2,1,76,1300,4738,918963,5,1,1,9,9,1,76,1300,4666
91896305102.0,91896305,918963051,70.91666666666666,70.91666666666666,52.0,48.0,4.0,0.0,0.0,18.91666666666666,17.58333333333333,4.0,5.08333333333333,3.0,0.0,4.83333333333333,0.0,0.66666666666666,1.33333333333333,1.33333333333333,0.0,0.0,0.0,0.0,0.0,0.0,1.33333333333333,0.0,0.0,0.0,0.0,0.0,0.0,0.0,0.0,0.0,0.0,66.08333333333333,0.0,19.91666666666666,25,2,3,3,9,9,1,2,2.0,2,2,1,76,1300,4659,918963,5,1,2,9,9,1,76,1300,4666
91896305103.0,91896305,918963051,72.41666666666666,72.41666666666666,52.0,48.0,4.0,0.0,0.0,20.41666666666666,17.41666666666666,6.0,4.58333333333333,3.0,0.0,3.0,0.0,0.83333333333333,3.0,3.0,0.0,0.0,0.0,0.0,0.0,0.0,3.0,0.0,0.0,0.0,0.0,0.0,0.0,0.0,0.0,0.0,0.0,68.33333333333333,0.0,10.66666666666666,19,2,3,3,9,9,1,2,2.0,2,2,1,76,1300,4709,918963,5,1,3,9,9,1,76,1300,4666
91896305104.0,91896305,918963051,59.74999999999999,59.74999999999999,51.16666666666666,48.0,3.16666666666666,0.0,0.0,8.58333333333333,8.58333333333333,2.25,1.91666666666666,1.58333333333333,0.0,1.83333333333333,0.0,1.0,0.0,0.0,0.0,0.0,0.0,0.0,0.0,0.0,0.0,0.0,0.0,0.0,0.0,0.0,0.0,0.0,0.0,0.0,0.0,66.76666666666667,0.0,26.75,30,1,3,3,9,9,1,2,2.0,2,2,1,76,1300,4769,918963,5,1,4,9,9,1,76,1300,4666
91899401101.0,91899401,918994011,54.0,54.0,50.0,50.0,0.0,0.0,0.0,4.0,4.0,0.0,3.91666666666666,0.0,0.0,0.0,0.08333333333333,0.0,0.0,0.0,0.0,0.0,0.0,0.0,0.0,0.0,0.0,0.0,0.0,0.0,0.0,0.0,0.0,0.0,0.0,0.0,0.0,66.5,0.0,16.75,48,1,8,5,9,9,1,2,4.0,2,2,1,76,1301,3392,918994,1,1,1,9,9,1,76,1301,3350
91899401102.0,91899401,918994011,67.0,67.0,52.5,45.0,7.5,0.0,0.0,14.5,13.5,4.5,7.33333333333333,0.0,0.0,0.0,0.66666666666666,1.0,1.0,1.0,0.0,0.0,0.0,0.0,0.0,0.0,1.0,0.0,0.0,0.0,0.0,0.0,0.0,0.0,0.0,0.0,0.0,72.33333333333333,0.0,22.33333333333333,98,2,8,5,9,9,1,2,4.0,2,2,1,76,1301,3828,918994,1,1,2,9,9,1,76,1301,3350
90473104101.0,90473104,904731041,1.5,1.5,0.0,0.0,0.0,0.0,0.0,1.5,0.0,0.0,0.0,0.0,0.0,0.0,0.0,0.0,1.5,1.5,0.0,0.0,0.0,0.0,0.0,0.0,1.5,0.0,0.0,0.0,0.0,0.0,0.0,0.0,0.0,0.0,0.0,73.0,0.0,74.0,91,2,2,6,9,9,1,2,2.0,2,2,3,76,1188,4790,904731,4,1,1,9,9,1,76,1188,4009
91076901105.0,91076901,910769011,12.59999999999999,12.59999999999999,0.0,0.0,0.0,0.0,0.0,12.59999999999999,12.59999999999999,5.13333333333333,6.46666666666666,0.83333333333333,0.0,0.0,0.0,0.16666666666666,0.0,0.0,0.0,0.0,0.0,0.0,0.0,0.0,0.0,0.0,0.0,0.0,0.0,0.0,0.0,0.0,0.0,0.0,0.0,67.83333333333333,83.76666666666667,33.63333333333333,17,1,6,1,9,9,1,2,3.0,2,2,4,76,1233,5070,910769,1,1,5,9,9,1,76,1233,5006
91076901106.0,91076901,910769011,45.91666666666666,45.91666666666666,8.66666666666666,7.0,1.66666666666666,0.0,6.0,31.25,28.58333333333333,16.5,5.91666666666666,3.0,1.5,1.5,0.0,0.16666666666666,0.5,0.5,0.5,0.5,0.0,0.0,0.0,0.0,0.0,0.0,0.0,2.16666666666666,2.16666666666666,0.0,0.0,2.16666666666666,0.0,0.0,0.0,66.0,88.5,42.33333333333333,17,1,6,1,9,9,1,2,3.0,2,2,1,76,1233,5070,910769,1,1,6,9,9,1,76,1233,5006
91076902101.0,91076902,910769021,134.16666666666666,134.16666666666666,84.0,66.0,18.0,0.0,4.0,46.16666666666666,46.16666666666666,12.5,12.5,14.5,3.0,2.5,0.5,0.66666666666666,0.0,0.0,0.0,0.0,0.0,0.0,0.0,0.0,0.0,0.0,0.0,0.0,0.0,0.0,0.0,0.0,0.0,0.0,0.0,69.16666666666666,0.0,65.0,20,1,3,3,9,9,1,2,2.0,2,2,1,76,1233,5110,910769,2,1,1,9,9,1,76,1233,5006
91076903101.0,91076903,910769031,38.58333333333333,38.58333333333333,38.0,37.5,0.5,0.0,0.0,0.58333333333333,0.58333333333333,0.0,0.0,0.0,0.0,0.0,0.0,0.58333333333333,0.0,0.0,0.0,0.0,0.0,0.0,0.0,0.0,0.0,0.0,0.0,0.0,0.0,0.0,0.0,0.0,0.0,0.0,0.0,45.5,0.0,12.0,66,1,3,3,9,9,1,2,2.0,2,2,1,76,1233,4999,910769,3,1,1,9,9,1,76,1233,5006
91076903102.0,91076903,910769031,7.5,7.5,0.0,0.0,0.0,0.0,0.0,7.5,7.5,3.0,1.0,0.0,0.0,3.5,0.0,0.0,0.0,0.0,0.0,0.0,0.0,0.0,0.0,0.0,0.0,0.0,0.0,0.0,0.0,0.0,0.0,0.0,0.0,0.0,0.0,85.5,0.0,44.16666666666666,67,2,2,6,9,9,1,2,2.0,2,1,6,76,1233,5000,910769,3,1,2,9,9,1,76,1233,5006
91076904101.0,91076904,910769041,88.0,88.0,48.0,48.0,0.0,0.0,0.0,40.0,12.33333333333333,3.0,5.0,0.0,3.0,0.0,0.16666666666666,1.16666666666666,27.66666666666666,27.66666666666666,0.0,0.0,8.16666666666666,8.16666666666666,5.5,5.5,14.0,0.0,0.0,0.0,0.0,0.0,0.0,0.0,0.0,0.0,0.0,61.5,0.0,24.5,36,1,8,4,9,9,1,2,4.0,2,2,1,76,1233,5037,910769,4,1,1,9,9,1,76,1233,5006
91076904102.0,91076904,910769041,58.75,55.75,0.0,0.0,0.0,0.0,0.0,58.75,31.25,18.0,6.0,2.0,0.0,3.66666666666666,1.0,0.58333333333333,27.5,24.5,0.0,0.0,6.0,6.0,17.5,14.5,4.0,0.0,0.0,0.0,0.0,0.0,0.0,0.0,0.0,0.0,0.0,73.5,0.0,19.5,30,2,8,4,9,9,1,2,4.0,2,2,5,76,1233,4971,910769,4,1,2,9,9,1,76,1233,5006
91097602102.0,91097602,910976021,77.75,77.75,60.0,50.0,10.0,0.0,0.0,17.75,16.75,8.75,2.0,4.0,0.0,2.0,0.0,0.0,1.0,1.0,0.0,0.0,0.0,0.0,0.0,0.0,1.0,0.0,0.0,0.0,0.0,0.0,0.0,0.0,0.0,0.0,0.0,56.5,0.0,18.0,59,1,8,5,9,9,1,2,4.0,2,2,1,74,1235,3030,910976,2,1,2,9,9,1,74,1235,3018
91097602103.0,91097602,910976021,58.83333333333333,58.83333333333333,34.0,30.0,4.0,0.0,0.0,24.83333333333333,19.83333333333333,5.0,2.0,7.0,1.0,4.0,0.66666666666666,0.16666666666666,5.0,5.0,0.0,0.0,0.0,0.0,0.0,0.0,3.0,2.0,2.0,0.0,0.0,0.0,0.0,0.0,0.0,0.0,0.0,67.0,0.0,31.5,24,2,99,9,9,9,1,2,,2,2,1,74,1235,3031,910976,2,1,3,9,9,1,74,1235,3018
91097603101.0,91097603,910976031,71.16666666666666,71.16666666666666,53.0,50.0,3.0,0.0,0.0,18.16666666666666,18.16666666666666,0.0,12.5,0.66666666666666,1.0,4.0,0.0,0.0,0.0,0.0,0.0,0.0,0.0,0.0,0.0,0.0,0.0,0.0,0.0,0.0,0.0,0.0,0.0,0.0,0.0,0.0,0.0,72.0,0.0,11.5,48,1,3,3,9,9,1,2,2.0,2,2,1,74,1235,3037,910976,3,1,1,9,9,1,74,1235,3018
91097603102.0,91097603,910976031,88.33333333333333,88.33333333333333,37.5,35.0,2.5,0.0,0.0,50.83333333333333,49.83333333333333,15.33333333333333,21.0,3.5,0.0,10.0,0.0,0.0,0.0,0.0,0.0,0.0,0.0,0.0,0.0,0.0,0.0,0.0,0.0,1.0,1.0,0.0,0.0,1.0,0.0,0.0,0.0,79.0,0.0,26.5,47,2,3,3,9,9,1,2,2.0,2,2,1,74,1235,2970,910976,3,1,2,9,9,1,74,1235,3018
91097603103.0,91097603,910976031,71.66666666666666,71.66666666666666,56.0,50.0,6.0,0.0,0.0,15.66666666666666,15.16666666666666,3.33333333333333,5.33333333333333,0.5,6.0,0.0,0.0,0.0,0.5,0.5,0.0,0.0,0.0,0.0,0.0,0.0,0.5,0.0,0.0,0.0,0.0,0.0,0.0,0.0,0.0,0.0,0.0,86.0,0.0,29.0,27,1,8,2,9,9,1,2,4.0,2,2,1,74,1235,3046,910976,3,1,3,9,9,1,74,1235,3018
91097603104.0,91097603,910976031,66.66666666666666,66.66666666666666,48.33333333333333,45.0,3.33333333333333,0.0,0.0,18.33333333333333,15.33333333333333,4.66666666666666,6.91666666666666,3.33333333333333,0.0,0.33333333333333,0.0,0.08333333333333,1.0,1.0,0.0,0.0,0.0,0.0,0.0,0.0,1.0,0.0,0.0,2.0,0.0,0.0,0.0,0.0,2.0,0.0,0.0,63.16666666666666,0.0,46.5,24,2,8,3,9,9,1,2,4.0,2,2,1,74,1235,3031,910976,3,1,4,9,9,1,74,1235,3018
91097604101.0,91097604,910976041,82.08333333333333,82.08333333333333,61.0,55.0,6.0,0.0,0.0,21.08333333333333,18.08333333333333,4.58333333333333,7.33333333333333,1.66666666666666,0.0,2.0,2.0,0.5,0.0,0.0,0.0,0.0,0.0,0.0,0.0,0.0,0.0,0.0,0.0,3.0,3.0,0.0,0.0,3.0,0.0,0.0,0.0,67.75,0.0,15.66666666666666,62,1,7,3,9,9,1,2,4.0,2,2,1,74,1235,3000,910976,4,1,1,9,9,1,74,1235,3018
90484702101.0,90484702,904847021,55.0,55.0,0.0,0.0,0.0,0.0,0.0,55.0,54.25,25.0,22.25,3.33333333333333,0.0,2.5,0.0,1.16666666666666,0.0,0.0,0.0,0.0,0.0,0.0,0.0,0.0,0.0,0.0,0.0,0.75,0.0,0.0,0.0,0.0,0.75,0.0,0.0,64.5,0.0,53.0,63,2,6,3,9,9,1,2,3.0,2,2,5,74,1189,4362,904847,2,1,1,9,9,1,74,1189,4431
90484702102.0,90484702,904847021,69.7,69.7,60.0,50.0,10.0,0.0,0.0,9.7,7.2,0.0,1.08333333333333,1.0,0.0,4.0,1.0,0.11666666666666,2.5,2.5,0.0,0.0,0.0,0.0,0.0,0.0,0.5,2.0,2.0,0.0,0.0,0.0,0.0,0.0,0.0,0.0,0.0,54.83333333333333,8.0,28.0,29,2,8,4,9,9,1,2,4.0,2,2,1,74,1189,4397,904847,2,1,2,9,9,1,74,1189,4431
90484702103.0,90484702,904847021,52.66666666666666,52.66666666666666,45.0,40.0,5.0,0.0,0.0,7.66666666666666,5.66666666666666,1.0,1.25,0.66666666666666,0.0,1.0,0.0,1.75,2.0,2.0,1.0,1.0,0.0,0.0,0.0,0.0,0.0,1.0,1.0,0.0,0.0,0.0,0.0,0.0,0.0,0.0,0.0,63.41666666666666,0.0,18.5,64,1,8,4,9,9,1,2,4.0,2,2,1,74,1189,4405,904847,2,1,3,9,9,1,74,1189,4431
90484702104.0,90484702,904847021,46.33333333333333,46.33333333333333,45.0,40.0,5.0,0.0,0.0,1.33333333333333,1.33333333333333,1.0,0.0,0.16666666666666,0.0,0.16666666666666,0.0,0.0,0.0,0.0,0.0,0.0,0.0,0.0,0.0,0.0,0.0,0.0,0.0,0.0,0.0,0.0,0.0,0.0,0.0,0.0,0.0,68.0,0.0,44.0,25,1,8,4,9,9,1,2,4.0,2,2,1,74,1189,4472,904847,2,1,4,9,9,1,74,1189,4431
90484703101.0,90484703,904847031,79.28333333333333,79.28333333333333,0.0,0.0,0.0,0.0,0.25,79.03333333333333,2.03333333333333,0.0,0.66666666666666,0.66666666666666,0.0,0.5,0.08333333333333,0.11666666666666,0.0,0.0,0.0,0.0,0.0,0.0,0.0,0.0,0.0,0.0,0.0,77.0,70.0,0.0,70.0,0.0,7.0,0.0,0.0,72.0,0.0,17.25,42,1,8,4,9,9,1,2,4.0,2,2,5,74,1189,4514,904847,3,1,1,9,9,1,74,1189,4431
90484704101.0,90484704,904847041,15.83333333333333,15.83333333333333,1.0,0.0,0.0,1.0,0.0,14.83333333333333,7.33333333333333,1.33333333333333,3.08333333333333,0.0,0.33333333333333,2.0,0.0,0.58333333333333,7.5,7.5,0.0,0.0,0.0,0.0,0.0,0.0,7.5,0.0,0.0,0.0,0.0,0.0,0.0,0.0,0.0,0.0,0.0,59.16666666666666,0.0,36.0,53,1,8,4,9,9,1,2,4.0,2,2,2,74,1189,4438,904847,4,1,1,9,9,1,74,1189,4431
90484704102.0,90484704,904847041,60.08333333333333,60.08333333333333,16.33333333333333,16.0,0.33333333333333,0.0,0.0,43.75,42.75,19.0,9.33333333333333,6.66666666666666,0.0,6.0,0.0,1.75,1.0,1.0,0.0,0.0,0.0,0.0,0.0,0.0,1.0,0.0,0.0,0.0,0.0,0.0,0.0,0.0,0.0,0.0,0.0,71.16666666666666,0.0,18.0,52,2,3,3,9,9,1,2,2.0,2,2,1,74,1189,4395,904847,4,1,2,9,9,1,74,1189,4431
90484704103.0,90484704,904847041,98.76666666666667,98.76666666666667,60.0,60.0,0.0,0.0,0.0,38.76666666666666,34.76666666666666,5.33333333333333,21.33333333333333,2.66666666666666,0.5,4.0,0.0,0.93333333333333,4.0,4.0,0.0,0.0,0.0,0.0,0.0,0.0,4.0,0.0,0.0,0.0,0.0,0.0,0.0,0.0,0.0,0.0,0.0,59.83333333333333,0.0,38.0,33,2,8,4,9,9,1,2,4.0,2,2,1,74,1189,4374,904847,4,1,3,9,9,1,74,1189,4431
90484704104.0,90484704,904847041,70.5,70.5,61.0,55.0,6.0,0.0,0.0,9.5,8.0,0.58333333333333,1.75,0.58333333333333,1.66666666666666,3.0,0.16666666666666,0.25,1.5,1.5,0.0,0.0,0.0,0.0,0.0,0.0,1.5,0.0,0.0,0.0,0.0,0.0,0.0,0.0,0.0,0.0,0.0,59.66666666666666,0.0,54.0,28,2,7,3,9,9,1,2,4.0,2,2,1,74,1189,4397,904847,4,1,4,9,9,1,74,1189,4431
90484704105.0,90484704,904847041,27.5,27.5,0.0,0.0,0.0,0.0,0.0,27.5,24.0,2.91666666666666,6.83333333333333,8.5,0.0,3.16666666666666,0.08333333333333,2.5,1.5,1.5,0.0,0.0,0.0,0.0,0.0,0.0,1.5,0.0,0.0,2.0,2.0,0.0,0.0,2.0,0.0,0.0,0.0,73.0,34.63333333333333,86.33333333333333,21,2,6,3,9,9,1,2,3.0,2,2,4,74,1189,4449,904847,4,1,5,9,9,1,74,1189,4431
90484704106.0,90484704,904847041,75.83333333333333,75.83333333333333,60.5,60.0,0.5,0.0,0.0,15.33333333333333,12.33333333333333,1.5,7.5,1.5,0.0,1.0,0.0,0.83333333333333,3.0,3.0,0.0,0.0,0.0,0.0,0.0,0.0,3.0,0.0,0.0,0.0,0.0,0.0,0.0,0.0,0.0,0.0,0.0,68.66666666666666,0.0,23.0,33,1,3,3,9,9,1,2,2.0,2,2,1,74,1189,4502,904847,4,1,6,9,9,1,74,1189,4431
90484705101.0,90484705,904847051,77.61666666666666,69.61666666666666,55.0,45.0,10.0,0.0,0.0,22.61666666666666,6.61666666666666,0.16666666666666,1.45,0.58333333333333,0.91666666666666,1.5,0.16666666666666,1.83333333333333,16.0,8.0,0.0,0.0,0.0,0.0,15.0,7.0,1.0,0.0,0.0,0.0,0.0,0.0,0.0,0.0,0.0,0.0,0.0,64.5,0.0,32.66666666666666,33,1,8,4,9,9,1,2,4.0,2,2,1,74,1189,4502,904847,5,1,1,9,9,1,74,1189,4431
90484705102.0,90484705,904847051,123.13333333333333,117.13333333333333,64.0,52.0,12.0,0.0,0.0,59.13333333333333,37.29999999999999,10.33333333333333,11.81666666666666,8.83333333333333,0.0,4.16666666666666,1.41666666666666,0.73333333333333,19.83333333333333,13.83333333333333,0.0,0.0,0.0,0.0,18.83333333333333,12.83333333333333,1.0,0.0,0.0,2.0,2.0,2.0,0.0,0.0,0.0,0.0,0.0,63.0,0.0,15.5,30,2,8,4,9,9,1,2,4.0,2,2,1,74,1189,4374,904847,5,1,2,9,9,1,74,1189,4431
90514101101.0,90514101,905141011,70.16666666666666,70.16666666666666,56.5,54.0,2.5,0.0,0.0,13.66666666666666,11.66666666666666,0.0,2.66666666666666,2.66666666666666,0.0,3.0,0.16666666666666,3.16666666666666,2.0,2.0,0.0,0.0,0.0,0.0,0.0,0.0,2.0,0.0,0.0,0.0,0.0,0.0,0.0,0.0,0.0,0.0,0.0,80.0,0.0,19.0,47,1,3,3,9,9,1,2,2.0,2,2,1,73,1190,3910,905141,1,1,1,9,9,1,73,1190,3880
91076904103.0,91076904,910769041,0.0,0.0,0.0,0.0,0.0,0.0,0.0,0.0,0.0,0.0,0.0,0.0,0.0,0.0,0.0,0.0,0.0,0.0,0.0,0.0,0.0,0.0,0.0,0.0,0.0,0.0,0.0,0.0,0.0,0.0,0.0,0.0,0.0,0.0,0.0,72.0,33.5,28.0,12,1,2,6,9,9,1,2,2.0,2,2,4,76,1233,5057,910769,4,1,3,9,9,1,76,1233,5006
91076905101.0,91076905,910769051,119.33333333333331,118.33333333333331,72.0,54.0,18.0,0.0,0.0,47.33333333333333,12.99999999999999,1.0,4.83333333333333,1.5,1.0,2.0,1.0,1.66666666666666,33.33333333333333,32.33333333333333,0.0,0.0,17.16666666666666,16.16666666666666,0.0,0.0,16.16666666666666,0.0,0.0,1.0,1.0,1.0,0.0,0.0,0.0,0.0,0.0,63.66666666666666,0.0,29.13333333333333,31,1,6,3,9,9,1,2,3.0,1,2,1,76,1233,5116,910769,5,1,1,9,9,1,76,1233,5006
91076905102.0,91076905,910769051,164.0,160.5,20.0,12.0,8.0,0.0,6.0,138.0,65.16666666666666,26.0,32.83333333333333,1.83333333333333,0.0,3.0,0.25,1.25,58.83333333333333,55.33333333333333,0.0,0.0,44.83333333333333,41.33333333333333,0.0,0.0,14.0,0.0,0.0,14.0,14.0,14.0,0.0,0.0,0.0,0.0,0.0,89.0,0.0,51.75,28,2,6,3,9,9,1,2,3.0,2,2,1,76,1233,4998,910769,5,1,2,9,9,1,76,1233,5006
91077802101.0,91077802,910778021,0.0,0.0,0.0,0.0,0.0,0.0,0.0,0.0,0.0,0.0,0.0,0.0,0.0,0.0,0.0,0.0,0.0,0.0,0.0,0.0,0.0,0.0,0.0,0.0,0.0,0.0,0.0,0.0,0.0,0.0,0.0,0.0,0.0,0.0,0.0,103.16666666666666,0.0,7.0,86,2,2,6,9,9,1,2,2.0,2,1,3,74,1234,4074,910778,2,1,1,9,9,1,74,1234,3720
91077803101.0,91077803,910778031,83.03333333333333,83.03333333333333,72.0,58.0,14.0,0.0,0.0,11.03333333333333,11.03333333333333,3.8,3.5,1.5,0.0,2.0,0.0,0.23333333333333,0.0,0.0,0.0,0.0,0.0,0.0,0.0,0.0,0.0,0.0,0.0,0.0,0.0,0.0,0.0,0.0,0.0,0.0,0.0,61.0,0.0,10.0,21,1,3,3,9,9,1,2,2.0,2,2,1,74,1234,3775,910778,3,1,1,9,9,1,74,1234,3720
91077804101.0,91077804,910778041,24.41666666666666,24.41666666666666,0.0,0.0,0.0,0.0,0.5,23.91666666666666,20.91666666666666,4.66666666666666,8.5,2.5,0.5,3.0,1.0,0.75,0.0,0.0,0.0,0.0,0.0,0.0,0.0,0.0,0.0,0.0,0.0,3.0,3.0,3.0,0.0,0.0,0.0,0.0,0.0,69.5,0.0,28.0,77,1,7,3,9,9,1,2,4.0,2,2,3,74,1234,3787,910778,4,1,1,9,9,1,74,1234,3720
91077804201.0,91077804,910778042,73.65,73.65,43.46666666666666,40.13333333333333,3.33333333333333,0.0,0.0,30.18333333333333,24.35,7.5,12.0,0.83333333333333,0.0,3.5,0.16666666666666,0.35,3.83333333333333,3.83333333333333,0.0,0.0,0.0,0.0,0.0,0.0,3.83333333333333,0.0,0.0,2.0,2.0,0.0,0.0,2.0,0.0,0.0,0.0,78.8,0.0,19.41666666666666,49,2,8,5,9,9,1,2,4.0,2,2,1,74,1234,3662,910778,4,2,1,9,9,1,74,1234,3720
91097605101.0,91097605,910976051,62.08333333333333,39.08333333333333,0.0,0.0,0.0,0.0,0.0,62.08333333333333,29.08333333333333,3.5,8.0,5.0,0.0,6.0,6.0,0.58333333333333,27.0,4.0,0.0,0.0,0.0,0.0,0.0,0.0,0.0,27.0,4.0,6.0,6.0,6.0,0.0,0.0,0.0,0.0,0.0,97.0,0.0,51.0,65,1,8,4,9,9,1,2,4.0,2,2,3,74,1235,2996,910976,5,1,1,9,9,1,74,1235,3018
91097605102.0,91097605,910976051,74.83333333333333,43.83333333333333,0.0,0.0,0.0,0.0,0.0,74.83333333333333,40.83333333333333,7.41666666666666,18.75,5.66666666666666,1.0,2.0,6.0,0.0,31.0,0.0,0.0,0.0,0.0,0.0,0.0,0.0,0.0,31.0,0.0,3.0,3.0,0.0,0.0,3.0,0.0,0.0,0.0,96.0,0.0,59.0,64,2,8,4,9,9,1,2,4.0,2,2,5,74,1235,2971,910976,5,1,2,9,9,1,74,1235,3018
91103901101.0,91103901,911039011,17.16666666666666,17.16666666666666,0.0,0.0,0.0,0.0,0.0,17.16666666666666,17.16666666666666,3.0,10.16666666666666,2.0,2.0,0.0,0.0,0.0,0.0,0.0,0.0,0.0,0.0,0.0,0.0,0.0,0.0,0.0,0.0,0.0,0.0,0.0,0.0,0.0,0.0,0.0,0.0,68.0,0.0,34.83333333333333,70,1,2,6,9,9,1,2,2.0,2,2,3,76,1236,4493,911039,1,1,1,9,9,1,76,1236,4521
91829101103.0,91829101,918291011,20.24999999999999,20.24999999999999,3.0,0.0,0.0,3.0,0.0,17.24999999999999,16.91666666666666,4.33333333333333,4.83333333333333,1.66666666666666,0.0,4.0,1.58333333333333,0.5,0.33333333333333,0.33333333333333,0.0,0.0,0.0,0.0,0.0,0.0,0.33333333333333,0.0,0.0,0.0,0.0,0.0,0.0,0.0,0.0,0.0,0.0,71.5,21.0,35.41666666666666,26,2,8,3,9,9,1,2,4.0,2,2,2,73,1296,3158,918291,1,1,3,9,9,1,73,1296,3178
91829102101.0,91829102,918291021,39.36666666666666,9.36666666666666,0.0,0.0,0.0,0.0,0.0,39.36666666666666,9.36666666666666,0.0,2.5,1.16666666666666,0.0,1.0,3.0,1.7,30.0,0.0,0.0,0.0,0.0,0.0,0.0,0.0,0.0,30.0,0.0,0.0,0.0,0.0,0.0,0.0,0.0,0.0,0.0,74.66666666666666,0.0,27.0,83,1,8,4,9,9,1,2,4.0,2,2,3,73,1296,3271,918291,2,1,1,9,9,1,73,1296,3178
91829102102.0,91829102,918291021,61.25,33.25,0.0,0.0,0.0,0.0,0.0,61.25,29.58333333333333,10.5,9.16666666666666,5.25,0.0,3.5,0.0,1.16666666666666,31.66666666666666,3.66666666666666,31.66666666666666,3.66666666666666,0.0,0.0,0.0,0.0,0.0,0.0,0.0,0.0,0.0,0.0,0.0,0.0,0.0,0.0,0.0,78.16666666666666,0.0,17.33333333333333,84,2,5,3,9,9,1,2,3.0,2,2,5,73,1296,3264,918291,2,1,2,9,9,1,73,1296,3178
91829103101.0,91829103,918291031,84.03333333333333,84.03333333333333,47.5,40.0,7.5,0.0,0.0,36.53333333333333,23.28333333333333,7.66666666666666,8.41666666666666,2.33333333333333,0.16666666666666,2.0,0.36666666666666,2.33333333333333,13.25,13.25,0.0,0.0,0.0,0.0,0.0,0.0,13.25,0.0,0.0,0.0,0.0,0.0,0.0,0.0,0.0,0.0,0.0,62.16666666666666,0.0,24.08333333333333,40,1,8,4,9,9,1,2,4.0,2,2,1,73,1296,3242,918291,3,1,1,9,9,1,73,1296,3178
90162901101.0,90162901,901629011,104.83333333333331,104.83333333333331,78.08333333333333,77.0,1.08333333333333,0.0,0.0,26.75,22.75,11.0,7.25,1.5,0.0,2.0,0.5,0.5,4.0,4.0,0.0,0.0,0.0,0.0,0.0,0.0,4.0,0.0,0.0,0.0,0.0,0.0,0.0,0.0,0.0,0.0,0.0,54.0,0.0,13.5,61,2,2,6,9,9,1,2,2.0,2,2,1,73,1162,4355,901629,1,1,1,9,9,1,73,1162,4418
90162901102.0,90162901,901629011,66.0,66.0,50.0,40.0,10.0,0.0,0.0,16.0,16.0,6.0,6.0,1.5,0.0,1.0,0.16666666666666,1.33333333333333,0.0,0.0,0.0,0.0,0.0,0.0,0.0,0.0,0.0,0.0,0.0,0.0,0.0,0.0,0.0,0.0,0.0,0.0,0.0,69.55,0.0,42.0,30,1,8,1,9,9,1,2,4.0,2,2,1,73,1162,4494,901629,1,1,2,9,9,1,73,1162,4418
90162903101.0,90162903,901629031,11.33333333333333,11.33333333333333,0.0,0.0,0.0,0.0,0.0,11.33333333333333,8.33333333333333,3.0,2.08333333333333,0.25,1.0,2.0,0.0,0.0,0.0,0.0,0.0,0.0,0.0,0.0,0.0,0.0,0.0,0.0,0.0,3.0,0.0,0.0,0.0,0.0,3.0,0.0,0.0,74.75,0.0,8.0,83,1,9,2,9,9,1,2,5.0,2,2,3,73,1162,4547,901629,3,1,1,9,9,1,73,1162,4418
90162903102.0,90162903,901629031,31.0,24.0,0.0,0.0,0.0,0.0,0.0,31.0,16.0,9.83333333333333,1.0,1.0,0.0,2.0,0.5,1.66666666666666,12.0,5.0,0.0,0.0,0.0,0.0,0.0,0.0,0.0,12.0,5.0,3.0,0.0,0.0,0.0,0.0,3.0,0.0,0.0,82.66666666666666,0.0,17.0,75,2,6,3,9,9,1,2,3.0,2,2,5,73,1162,4427,901629,3,1,2,9,9,1,73,1162,4418
90162904101.0,90162904,901629041,31.91666666666666,31.91666666666666,0.0,0.0,0.0,0.0,0.0,31.91666666666666,27.91666666666666,8.5,10.25,3.0,1.0,2.0,0.5,2.66666666666666,4.0,4.0,0.0,0.0,0.0,0.0,0.0,0.0,4.0,0.0,0.0,0.0,0.0,0.0,0.0,0.0,0.0,0.0,0.0,83.0,0.0,44.0,66,1,9,2,9,9,1,2,5.0,2,2,3,73,1162,4391,901629,4,1,1,9,9,1,73,1162,4418
90162904102.0,90162904,901629041,30.83333333333333,30.83333333333333,0.0,0.0,0.0,0.0,0.0,30.83333333333333,27.83333333333333,10.5,8.83333333333333,4.0,0.0,3.0,0.75,0.75,3.0,3.0,0.0,0.0,0.0,0.0,0.0,0.0,1.0,2.0,2.0,0.0,0.0,0.0,0.0,0.0,0.0,0.0,0.0,79.0,0.0,30.5,52,2,8,4,9,9,1,2,4.0,2,2,5,73,1162,4388,901629,4,1,2,9,9,1,73,1162,4418
90162904103.0,90162904,901629041,21.81666666666666,21.81666666666666,0.0,0.0,0.0,0.0,0.0,21.81666666666666,20.06666666666666,7.5,8.25,2.16666666666666,1.0,0.0,0.66666666666666,0.48333333333333,1.75,1.75,0.0,0.0,0.0,0.0,0.0,0.0,0.75,1.0,1.0,0.0,0.0,0.0,0.0,0.0,0.0,0.0,0.0,70.0,77.0,49.0,19,2,6,3,9,9,1,2,3.0,2,2,4,73,1162,4438,901629,4,1,3,9,9,1,73,1162,4418
90514101102.0,90514101,905141011,68.83333333333333,68.83333333333333,54.0,48.0,6.0,0.0,0.0,14.83333333333333,11.16666666666666,5.83333333333333,3.33333333333333,2.0,0.0,0.0,0.0,0.0,3.66666666666666,3.66666666666666,2.66666666666666,2.66666666666666,0.0,0.0,0.0,0.0,1.0,0.0,0.0,0.0,0.0,0.0,0.0,0.0,0.0,0.0,0.0,74.33333333333333,0.0,20.0,26,2,6,3,9,9,1,2,3.0,2,2,1,73,1190,3856,905141,1,1,2,9,9,1,73,1190,3880
90514101103.0,90514101,905141011,45.83333333333333,45.83333333333333,0.0,0.0,0.0,0.0,3.5,42.33333333333333,38.33333333333333,10.0,19.0,2.33333333333333,0.0,7.0,0.0,0.0,4.0,4.0,0.0,0.0,0.0,0.0,0.0,0.0,4.0,0.0,0.0,0.0,0.0,0.0,0.0,0.0,0.0,0.0,0.0,89.83333333333333,0.0,27.0,25,1,6,3,9,9,1,2,3.0,2,2,5,73,1190,3921,905141,1,1,3,9,9,1,73,1190,3880
90514101104.0,90514101,905141011,119.16666666666666,116.16666666666666,71.0,60.0,11.0,0.0,7.0,41.16666666666666,28.5,11.0,9.83333333333333,4.5,0.0,0.0,0.0,3.16666666666666,12.66666666666666,9.66666666666666,9.66666666666666,6.66666666666666,0.0,0.0,0.0,0.0,3.0,0.0,0.0,0.0,0.0,0.0,0.0,0.0,0.0,0.0,0.0,80.33333333333333,0.0,30.0,21,1,6,3,9,9,1,2,3.0,2,2,1,73,1190,3943,905141,1,1,4,9,9,1,73,1190,3880
90514102101.0,90514102,905141021,20.0,20.0,0.0,0.0,0.0,0.0,0.0,20.0,0.0,0.0,0.0,0.0,0.0,0.0,0.0,0.0,20.0,20.0,0.0,0.0,0.0,0.0,0.0,0.0,7.0,13.0,13.0,0.0,0.0,0.0,0.0,0.0,0.0,0.0,0.0,107.0,0.0,56.5,81,1,8,5,9,9,1,2,4.0,2,2,3,73,1190,3994,905141,2,1,1,9,9,1,73,1190,3880
90514102102.0,90514102,905141021,51.33333333333333,51.33333333333333,0.0,0.0,0.0,0.0,0.0,51.33333333333333,48.33333333333333,21.0,20.0,0.0,0.0,6.0,0.0,1.33333333333333,3.0,3.0,0.0,0.0,0.0,0.0,0.0,0.0,0.0,3.0,3.0,0.0,0.0,0.0,0.0,0.0,0.0,0.0,0.0,97.0,0.0,34.16666666666666,72,2,5,3,9,9,1,2,3.0,2,2,5,73,1190,3887,905141,2,1,2,9,9,1,73,1190,3880
90514102103.0,90514102,905141021,90.66666666666666,90.66666666666666,70.0,60.0,10.0,0.0,0.0,20.66666666666666,5.66666666666666,0.0,0.0,0.0,0.0,2.0,1.0,2.66666666666666,15.0,15.0,0.0,0.0,0.0,0.0,0.0,0.0,15.0,0.0,0.0,0.0,0.0,0.0,0.0,0.0,0.0,0.0,0.0,48.0,0.0,28.5,52,1,10,2,9,9,1,2,5.0,2,2,1,73,1190,3891,905141,2,1,3,9,9,1,73,1190,3880
90514102104.0,90514102,905141021,112.33333333333331,49.33333333333333,0.0,0.0,0.0,0.0,1.0,111.33333333333331,36.33333333333333,10.5,12.83333333333333,6.0,0.0,5.5,0.0,1.5,75.0,12.0,0.0,0.0,0.0,0.0,0.0,0.0,12.0,63.0,0.0,0.0,0.0,0.0,0.0,0.0,0.0,0.0,0.0,82.5,0.0,31.66666666666666,50,2,10,2,9,9,1,2,5.0,2,2,5,73,1190,3854,905141,2,1,4,9,9,1,73,1190,3880
91077804202.0,91077804,910778042,9.75,9.75,0.0,0.0,0.0,0.0,0.0,9.75,7.25,2.5,1.5,1.25,0.0,2.0,0.0,0.0,2.5,2.5,0.0,0.0,0.0,0.0,0.0,0.0,2.5,0.0,0.0,0.0,0.0,0.0,0.0,0.0,0.0,0.0,0.0,56.96666666666666,63.13333333333333,12.5,22,1,8,3,9,9,1,2,4.0,2,2,4,74,1234,3775,910778,4,2,2,9,9,1,74,1234,3720
91077804301.0,91077804,910778043,53.33333333333333,53.33333333333333,32.5,31.0,1.5,0.0,0.0,20.83333333333333,19.83333333333333,8.16666666666666,5.83333333333333,0.41666666666666,3.0,2.0,0.0,0.41666666666666,0.0,0.0,0.0,0.0,0.0,0.0,0.0,0.0,0.0,0.0,0.0,1.0,1.0,1.0,0.0,0.0,0.0,0.0,0.0,76.5,0.0,36.13333333333333,40,1,8,4,9,9,1,2,4.0,2,2,1,74,1234,3790,910778,4,3,1,9,9,1,74,1234,3720
91097601101.0,91097601,910976011,68.43333333333332,68.43333333333332,48.1,48.0,0.1,0.0,0.0,20.33333333333333,18.5,4.41666666666666,9.08333333333333,0.91666666666666,0.0,4.0,0.0,0.08333333333333,1.83333333333333,1.83333333333333,0.0,0.0,0.0,0.0,0.0,0.0,1.83333333333333,0.0,0.0,0.0,0.0,0.0,0.0,0.0,0.0,0.0,0.0,60.66666666666666,0.0,17.5,51,1,6,3,9,9,1,2,3.0,2,2,1,74,1235,3023,910976,1,1,1,9,9,1,74,1235,3018
91097601102.0,91097601,910976011,70.65,70.65,45.0,30.0,15.0,0.0,0.0,25.65,25.65,10.0,6.41666666666666,2.0,0.0,7.0,0.0,0.23333333333333,0.0,0.0,0.0,0.0,0.0,0.0,0.0,0.0,0.0,0.0,0.0,0.0,0.0,0.0,0.0,0.0,0.0,0.0,0.0,68.33333333333333,0.0,26.0,48,2,6,3,9,9,1,2,3.0,2,2,1,74,1235,2970,910976,1,1,2,9,9,1,74,1235,3018
91097601103.0,91097601,910976011,72.25,72.25,63.0,50.0,13.0,0.0,0.0,9.25,8.25,3.25,5.0,0.0,0.0,0.0,0.0,0.0,1.0,1.0,0.0,0.0,0.0,0.0,0.0,0.0,1.0,0.0,0.0,0.0,0.0,0.0,0.0,0.0,0.0,0.0,0.0,67.0,0.0,10.0,26,2,8,4,9,9,1,2,4.0,2,2,1,74,1235,2995,910976,1,1,3,9,9,1,74,1235,3018
91097601104.0,91097601,910976011,6.58333333333333,6.58333333333333,0.0,0.0,0.0,0.0,0.0,6.58333333333333,6.41666666666666,1.16666666666666,5.0,0.25,0.0,0.0,0.0,0.0,0.16666666666666,0.16666666666666,0.0,0.0,0.0,0.0,0.0,0.0,0.16666666666666,0.0,0.0,0.0,0.0,0.0,0.0,0.0,0.0,0.0,0.0,55.16666666666666,52.5,48.5,22,1,8,4,9,9,1,2,4.0,2,2,4,74,1235,3062,910976,1,1,4,9,9,1,74,1235,3018
91097602101.0,91097602,910976021,34.33333333333333,34.33333333333333,0.0,0.0,0.0,0.0,0.0,34.33333333333333,32.33333333333333,18.58333333333333,6.58333333333333,4.83333333333333,0.0,2.0,0.0,0.33333333333333,0.0,0.0,0.0,0.0,0.0,0.0,0.0,0.0,0.0,0.0,0.0,2.0,0.0,0.0,0.0,0.0,2.0,0.0,0.0,81.33333333333333,0.0,39.0,60,2,6,3,9,9,1,2,3.0,2,2,3,74,1235,2971,910976,2,1,1,9,9,1,74,1235,3018
91829103102.0,91829103,918291031,59.16666666666666,59.16666666666666,45.0,40.0,5.0,0.0,0.0,14.16666666666666,11.5,3.66666666666666,3.58333333333333,0.33333333333333,0.0,2.16666666666666,0.0,1.75,1.66666666666666,1.66666666666666,0.0,0.0,0.0,0.0,0.0,0.0,1.66666666666666,0.0,0.0,1.0,0.0,0.0,0.0,0.0,1.0,0.0,0.0,64.16666666666666,0.0,25.66666666666666,35,2,8,4,9,9,1,2,4.0,2,2,1,73,1296,3137,918291,3,1,2,9,9,1,73,1296,3178
91829104101.0,91829104,918291041,141.83333333333331,101.83333333333331,85.0,85.0,0.0,0.0,0.0,56.83333333333333,6.33333333333333,1.08333333333333,0.0,1.58333333333333,0.0,2.0,1.33333333333333,0.33333333333333,50.5,10.5,0.0,0.0,48.5,8.5,0.0,0.0,2.0,0.0,0.0,0.0,0.0,0.0,0.0,0.0,0.0,0.0,0.0,66.5,0.0,8.25,45,1,8,4,9,9,1,2,4.0,2,2,1,73,1296,3203,918291,4,1,1,9,9,1,73,1296,3178
91829104102.0,91829104,918291041,130.75,88.75,0.0,0.0,0.0,0.0,0.0,130.75,35.75,12.16666666666666,8.5,5.25,0.0,8.5,0.5,0.83333333333333,95.0,53.0,0.0,0.0,95.0,53.0,0.0,0.0,0.0,0.0,0.0,0.0,0.0,0.0,0.0,0.0,0.0,0.0,0.0,75.5,0.0,30.83333333333333,40,2,10,2,9,9,1,2,5.0,2,2,5,73,1296,3137,918291,4,1,2,9,9,1,73,1296,3178
91829105101.0,91829105,918291051,57.91666666666666,57.91666666666666,29.0,24.0,5.0,0.0,0.0,28.91666666666666,28.91666666666666,10.5,8.66666666666666,5.0,0.0,2.75,0.0,2.0,0.0,0.0,0.0,0.0,0.0,0.0,0.0,0.0,0.0,0.0,0.0,0.0,0.0,0.0,0.0,0.0,0.0,0.0,0.0,57.41666666666666,0.0,15.0,58,2,3,3,9,9,1,2,2.0,2,2,1,73,1296,3106,918291,5,1,1,9,9,1,73,1296,3178
91829105102.0,91829105,918291051,69.16666666666666,69.16666666666666,58.0,51.0,7.0,0.0,0.0,11.16666666666666,9.16666666666666,1.83333333333333,1.5,2.83333333333333,0.58333333333333,1.5,0.0,0.91666666666666,2.0,2.0,0.0,0.0,0.0,0.0,0.0,0.0,2.0,0.0,0.0,0.0,0.0,0.0,0.0,0.0,0.0,0.0,0.0,61.5,0.0,17.75,33,1,6,3,9,9,1,2,3.0,2,2,1,73,1296,3233,918291,5,1,2,9,9,1,73,1296,3178
91829105103.0,91829105,918291051,69.11666666666666,69.11666666666666,60.0,54.0,6.0,0.0,0.0,9.11666666666666,8.61666666666666,4.5,1.11666666666666,1.5,0.0,1.33333333333333,0.0,0.16666666666666,0.5,0.5,0.0,0.0,0.0,0.0,0.0,0.0,0.5,0.0,0.0,0.0,0.0,0.0,0.0,0.0,0.0,0.0,0.0,70.5,0.0,22.0,27,1,6,3,9,9,1,2,3.0,2,2,1,73,1296,3212,918291,5,1,3,9,9,1,73,1296,3178
91853602101.0,91853602,918536021,63.25,63.25,53.66666666666666,46.0,7.66666666666666,0.0,0.0,9.58333333333333,9.58333333333333,3.33333333333333,1.66666666666666,0.66666666666666,0.66666666666666,1.5,0.25,1.5,0.0,0.0,0.0,0.0,0.0,0.0,0.0,0.0,0.0,0.0,0.0,0.0,0.0,0.0,0.0,0.0,0.0,0.0,0.0,56.5,0.0,21.83333333333333,56,1,8,5,9,9,1,2,4.0,2,2,1,73,1297,4440,918536,2,1,1,9,9,1,73,1297,4415
91119104102.0,91119104,911191041,73.1,73.1,55.0,35.0,20.0,0.0,0.0,18.1,18.1,3.33333333333333,8.99999999999999,0.33333333333333,0.0,5.0,0.08333333333333,0.35,0.0,0.0,0.0,0.0,0.0,0.0,0.0,0.0,0.0,0.0,0.0,0.0,0.0,0.0,0.0,0.0,0.0,0.0,0.0,51.71666666666666,0.0,3.41666666666666,67,2,7,3,9,9,1,2,4.0,2,2,1,73,1239,3780,911191,4,1,2,9,9,1,73,1239,3802
91119401101.0,91119401,911194011,17.13333333333333,17.13333333333333,0.0,0.0,0.0,0.0,0.0,17.13333333333333,12.96666666666666,2.0,0.0,0.0,0.0,2.33333333333333,0.83333333333333,7.8,4.16666666666666,4.16666666666666,0.0,0.0,0.0,0.0,0.0,0.0,4.16666666666666,0.0,0.0,0.0,0.0,0.0,0.0,0.0,0.0,0.0,0.0,70.5,0.0,40.5,50,2,10,2,9,9,1,2,5.0,2,2,1,73,1240,2789,911194,1,1,1,9,9,1,73,1240,2808
91119401102.0,91119401,911194011,6.0,6.0,0.0,0.0,0.0,0.0,0.0,6.0,5.25,3.75,0.0,0.0,0.0,0.5,0.16666666666666,0.83333333333333,0.75,0.75,0.0,0.0,0.0,0.0,0.0,0.0,0.75,0.0,0.0,0.0,0.0,0.0,0.0,0.0,0.0,0.0,0.0,87.16666666666666,32.0,59.5,25,2,10,1,9,9,1,2,5.0,2,2,4,73,1240,2790,911194,1,1,2,9,9,1,73,1240,2808
91119402101.0,91119402,911194021,27.01666666666666,27.01666666666666,10.0,0.0,0.0,10.0,0.0,17.01666666666666,15.01666666666666,6.33333333333333,2.41666666666666,3.91666666666666,0.0,1.16666666666666,0.83333333333333,0.35,0.0,0.0,0.0,0.0,0.0,0.0,0.0,0.0,0.0,0.0,0.0,2.0,2.0,2.0,0.0,0.0,0.0,0.0,0.0,73.5,0.0,23.91666666666666,58,2,8,4,9,9,1,2,4.0,2,2,2,73,1240,2745,911194,2,1,1,9,9,1,73,1240,2808
91119403101.0,91119403,911194031,76.66666666666666,76.66666666666666,50.0,40.0,10.0,0.0,0.0,26.66666666666666,7.66666666666666,0.0,1.33333333333333,0.0,0.83333333333333,1.0,2.0,2.5,19.0,19.0,0.0,0.0,0.0,0.0,7.0,7.0,12.0,0.0,0.0,0.0,0.0,0.0,0.0,0.0,0.0,0.0,0.0,76.5,0.0,38.16666666666666,42,1,8,4,9,9,1,2,4.0,2,2,1,73,1240,2864,911194,3,1,1,9,9,1,73,1240,2808
91119403102.0,91119403,911194031,89.08333333333333,86.24999999999999,21.33333333333333,20.0,1.33333333333333,0.0,0.0,67.74999999999999,27.24999999999999,5.5,13.5,1.0,0.0,4.5,1.83333333333333,0.91666666666666,40.49999999999999,37.66666666666666,0.0,0.0,0.0,0.0,34.49999999999999,31.66666666666666,6.0,0.0,0.0,0.0,0.0,0.0,0.0,0.0,0.0,0.0,0.0,72.0,0.0,30.83333333333333,40,2,8,5,9,9,1,2,4.0,2,2,1,73,1240,2772,911194,3,1,2,9,9,1,73,1240,2808
91119404101.0,91119404,911194041,9.01666666666666,9.01666666666666,0.0,0.0,0.0,0.0,0.0,9.01666666666666,9.01666666666666,6.66666666666666,0.0,0.0,0.0,0.83333333333333,0.16666666666666,1.35,0.0,0.0,0.0,0.0,0.0,0.0,0.0,0.0,0.0,0.0,0.0,0.0,0.0,0.0,0.0,0.0,0.0,0.0,0.0,89.5,0.0,45.0,70,2,8,4,9,9,1,2,4.0,2,2,3,73,1240,2813,911194,4,1,1,9,9,1,73,1240,2808
90514102105.0,90514102,905141021,7.0,7.0,0.0,0.0,0.0,0.0,0.0,7.0,3.0,0.0,1.0,2.0,0.0,0.0,0.0,0.0,4.0,4.0,0.0,0.0,0.0,0.0,0.0,0.0,2.0,2.0,2.0,0.0,0.0,0.0,0.0,0.0,0.0,0.0,0.0,71.5,84.5,43.0,21,2,8,2,9,9,1,2,4.0,2,2,4,73,1190,3902,905141,2,1,5,9,9,1,73,1190,3880
90514102106.0,90514102,905141021,15.0,15.0,0.0,0.0,0.0,0.0,0.0,15.0,9.5,1.0,6.5,2.0,0.0,0.0,0.0,0.0,5.5,5.5,0.0,0.0,0.0,0.0,0.0,0.0,0.0,5.5,5.5,0.0,0.0,0.0,0.0,0.0,0.0,0.0,0.0,71.63333333333333,55.5,53.0,17,2,6,2,9,9,1,2,3.0,2,2,4,73,1190,3897,905141,2,1,6,9,9,1,73,1190,3880
90120505103.0,90120505,901205051,56.83333333333333,56.83333333333333,45.0,40.0,5.0,0.0,0.0,11.83333333333333,9.08333333333333,4.75,1.5,0.0,0.5,2.0,0.0,0.33333333333333,2.75,2.75,0.0,0.0,0.0,0.0,1.75,1.75,1.0,0.0,0.0,0.0,0.0,0.0,0.0,0.0,0.0,0.0,0.0,76.75,0.0,63.5,22,1,8,4,9,9,1,2,4.0,2,2,1,73,1160,4253,901205,5,1,3,9,9,1,73,1160,4185
90120505104.0,90120505,901205051,10.39999999999999,9.81666666666666,0.0,0.0,0.0,0.0,0.0,10.39999999999999,7.06666666666666,3.0,3.24999999999999,0.08333333333333,0.33333333333333,0.0,0.0,0.4,3.24999999999999,2.66666666666666,0.0,0.0,0.0,0.0,0.91666666666666,0.33333333333333,2.33333333333333,0.0,0.0,0.08333333333333,0.08333333333333,0.08333333333333,0.0,0.0,0.0,0.0,0.0,58.0,37.5,35.41666666666666,20,1,8,2,9,9,1,2,4.0,2,2,4,73,1160,4253,901205,5,1,4,9,9,1,73,1160,4185
90120505105.0,90120505,901205051,16.3,16.3,0.0,0.0,0.0,0.0,0.0,16.3,7.96666666666666,2.91666666666666,4.08333333333333,0.0,0.0,0.5,0.16666666666666,0.3,8.33333333333333,8.33333333333333,0.0,0.0,0.0,0.0,0.5,0.5,7.83333333333333,0.0,0.0,0.0,0.0,0.0,0.0,0.0,0.0,0.0,0.0,67.5,67.0,53.91666666666666,19,1,8,1,9,9,1,2,4.0,2,2,4,73,1160,4219,901205,5,1,5,9,9,1,73,1160,4185
90120505106.0,90120505,901205051,4.0,4.0,0.0,0.0,0.0,0.0,0.0,4.0,3.5,1.0,2.5,0.0,0.0,0.0,0.0,0.0,0.0,0.0,0.0,0.0,0.0,0.0,0.0,0.0,0.0,0.0,0.0,0.5,0.5,0.5,0.0,0.0,0.0,0.0,0.0,79.5,45.0,32.5,14,2,3,1,9,9,1,2,2.0,2,2,4,73,1160,4182,901205,5,1,6,9,9,1,73,1160,4185
90150001101.0,90150001,901500011,87.24999999999999,87.24999999999999,46.5,46.0,0.5,0.0,0.0,40.74999999999999,35.74999999999999,11.0,17.33333333333333,3.58333333333333,0.0,2.0,1.0,0.83333333333333,2.0,2.0,0.0,0.0,0.0,0.0,0.0,0.0,2.0,0.0,0.0,3.0,3.0,0.0,0.0,3.0,0.0,0.0,0.0,62.83333333333333,0.0,13.0,38,2,3,2,9,9,1,2,2.0,2,2,1,74,1161,3188,901500,1,1,1,9,9,1,74,1161,3234
91992705102.0,91992705,919927051,168.33333333333331,168.33333333333331,0.0,0.0,0.0,0.0,2.33333333333333,166.0,77.0,28.0,17.41666666666666,2.66666666666666,0.25,2.5,1.0,25.16666666666666,5.0,5.0,0.0,0.0,0.0,0.0,0.0,0.0,5.0,0.0,0.0,84.0,84.0,0.0,42.0,42.0,0.0,0.0,0.0,47.3,0.0,19.0,60,2,5,3,9,9,1,2,3.0,2,2,5,76,1310,3186,919927,5,1,2,9,9,1,76,1310,3217
91992705103.0,91992705,919927051,70.23333333333333,70.23333333333333,63.23333333333333,63.0,0.23333333333333,0.0,0.0,7.0,7.0,0.0,0.0,0.0,0.0,0.0,0.0,7.0,0.0,0.0,0.0,0.0,0.0,0.0,0.0,0.0,0.0,0.0,0.0,0.0,0.0,0.0,0.0,0.0,0.0,0.0,0.0,52.5,12.33333333333333,22.0,28,1,8,2,9,9,1,2,4.0,2,2,1,76,1310,3267,919927,5,1,3,9,9,1,76,1310,3217
92025901101.0,92025901,920259011,69.0,69.0,0.0,0.0,0.0,0.0,0.0,69.0,69.0,24.5,19.0,15.0,0.0,10.0,0.0,0.5,0.0,0.0,0.0,0.0,0.0,0.0,0.0,0.0,0.0,0.0,0.0,0.0,0.0,0.0,0.0,0.0,0.0,0.0,0.0,70.0,0.0,26.0,88,2,2,6,9,9,1,2,2.0,2,2,5,74,1311,3577,920259,1,1,1,9,9,1,74,1311,3267
92025901102.0,92025901,920259011,88.36666666666666,4.36666666666666,0.0,0.0,0.0,0.0,0.0,88.36666666666666,4.36666666666666,4.23333333333333,0.0,0.0,0.0,0.0,0.0,0.13333333333333,84.0,0.0,0.0,0.0,0.0,0.0,0.0,0.0,0.0,84.0,0.0,0.0,0.0,0.0,0.0,0.0,0.0,0.0,0.0,61.0,0.0,52.25,65,1,8,4,9,9,1,2,4.0,2,2,6,74,1311,3243,920259,1,1,2,9,9,1,74,1311,3267
92025902101.0,92025902,920259021,136.11666666666665,131.11666666666665,40.83333333333333,40.0,0.83333333333333,0.0,17.0,78.28333333333333,47.61666666666666,19.0,10.93333333333333,6.16666666666666,0.0,2.0,1.5,8.01666666666666,27.66666666666666,22.66666666666666,0.0,0.0,0.0,0.0,17.16666666666666,12.16666666666666,10.5,0.0,0.0,3.0,3.0,3.0,0.0,0.0,0.0,0.0,0.0,65.0,7.5,24.16666666666666,35,2,6,3,9,9,1,2,3.0,2,2,1,74,1311,3221,920259,2,1,1,9,9,1,74,1311,3267
92025902102.0,92025902,920259021,0.0,0.0,0.0,0.0,0.0,0.0,0.0,0.0,0.0,0.0,0.0,0.0,0.0,0.0,0.0,0.0,0.0,0.0,0.0,0.0,0.0,0.0,0.0,0.0,0.0,0.0,0.0,0.0,0.0,0.0,0.0,0.0,0.0,0.0,0.0,58.0,16.66666666666666,11.0,16,1,6,2,9,9,1,2,3.0,2,1,4,74,1311,3289,920259,2,1,2,9,9,1,74,1311,3267
92025902103.0,92025902,920259021,24.5,22.16666666666666,0.0,0.0,0.0,0.0,1.5,23.0,15.16666666666666,3.0,4.66666666666666,3.5,0.0,0.83333333333333,0.41666666666666,2.75,7.83333333333333,5.5,0.0,0.0,0.0,0.0,5.5,3.16666666666666,2.33333333333333,0.0,0.0,0.0,0.0,0.0,0.0,0.0,0.0,0.0,0.0,48.5,50.33333333333333,88.5,15,1,6,1,9,9,1,2,3.0,2,2,4,74,1311,3289,920259,2,1,3,9,9,1,74,1311,3267
91853604101.0,91853604,918536041,37.58333333333333,37.58333333333333,25.0,24.0,1.0,0.0,0.0,12.58333333333333,9.58333333333333,4.5,1.0,1.83333333333333,0.0,0.66666666666666,1.0,0.58333333333333,0.0,0.0,0.0,0.0,0.0,0.0,0.0,0.0,0.0,0.0,0.0,3.0,3.0,0.0,0.0,3.0,0.0,0.0,0.0,74.16666666666666,0.0,55.0,27,2,8,4,9,9,1,2,4.0,2,2,1,73,1297,4388,918536,4,1,1,9,9,1,73,1297,4415
91853604201.0,91853604,918536042,64.78333333333333,64.78333333333333,24.0,24.0,0.0,0.0,0.0,40.78333333333333,40.78333333333333,6.66666666666666,24.66666666666666,2.0,0.0,2.0,5.0,0.45,0.0,0.0,0.0,0.0,0.0,0.0,0.0,0.0,0.0,0.0,0.0,0.0,0.0,0.0,0.0,0.0,0.0,0.0,0.0,80.33333333333333,14.0,25.16666666666666,38,2,8,5,9,9,1,2,4.0,2,2,1,73,1297,4359,918536,4,2,1,9,9,1,73,1297,4415
91853605101.0,91853605,918536051,69.61666666666666,69.61666666666666,51.0,47.0,4.0,0.0,0.0,18.61666666666666,18.61666666666666,10.5,3.83333333333333,2.16666666666666,0.0,1.0,0.16666666666666,0.95,0.0,0.0,0.0,0.0,0.0,0.0,0.0,0.0,0.0,0.0,0.0,0.0,0.0,0.0,0.0,0.0,0.0,0.0,0.0,74.16666666666666,0.0,31.5,38,1,8,5,9,9,1,2,4.0,2,2,1,73,1297,4422,918536,5,1,1,9,9,1,73,1297,4415
91853605102.0,91853605,918536051,56.0,56.0,52.5,48.0,4.5,0.0,0.0,3.5,3.5,0.0,3.5,0.0,0.0,0.0,0.0,0.0,0.0,0.0,0.0,0.0,0.0,0.0,0.0,0.0,0.0,0.0,0.0,0.0,0.0,0.0,0.0,0.0,0.0,0.0,0.0,70.5,0.0,19.66666666666666,37,1,8,3,9,9,1,2,4.0,2,2,1,73,1297,4422,918536,5,1,2,9,9,1,73,1297,4415
91879901101.0,91879901,918799011,194.5,82.5,0.0,0.0,0.0,0.0,0.0,194.5,43.5,19.5,14.41666666666666,4.16666666666666,0.0,4.0,0.25,1.16666666666666,151.0,39.0,106.83333333333331,36.83333333333333,0.0,0.0,43.16666666666666,1.16666666666666,1.0,0.0,0.0,0.0,0.0,0.0,0.0,0.0,0.0,0.0,0.0,70.58333333333333,0.0,28.5,36,2,3,3,9,9,1,2,2.0,2,2,5,76,1298,5575,918799,1,1,1,9,9,1,76,1298,5621
91879901103.0,91879901,918799011,41.58333333333333,23.58333333333333,0.0,0.0,0.0,0.0,0.0,41.58333333333333,8.25,1.66666666666666,4.5,2.08333333333333,0.0,0.0,0.0,0.0,27.0,9.0,27.0,9.0,0.0,0.0,0.0,0.0,0.0,0.0,0.0,6.33333333333333,6.33333333333333,6.33333333333333,0.0,0.0,0.0,0.0,0.0,64.5,38.66666666666666,55.5,13,2,2,6,9,9,1,2,2.0,2,2,4,76,1298,5643,918799,1,1,3,9,9,1,76,1298,5621
91879901104.0,91879901,918799011,50.83333333333333,20.83333333333333,4.0,0.0,0.0,4.0,0.0,46.83333333333333,7.41666666666666,0.0,3.58333333333333,0.0,0.0,1.75,0.0,2.08333333333333,39.41666666666666,9.41666666666666,37.66666666666666,7.66666666666666,0.0,0.0,1.75,1.75,0.0,0.0,0.0,0.0,0.0,0.0,0.0,0.0,0.0,0.0,0.0,70.0,0.0,28.5,40,1,3,3,9,9,1,2,2.0,2,2,2,76,1298,5761,918799,1,1,4,9,9,1,76,1298,5621
91120204101.0,91120204,911202041,74.08333333333333,74.08333333333333,55.0,50.0,5.0,0.0,0.0,19.08333333333333,0.75,0.0,0.0,0.0,0.0,0.5,0.25,0.0,18.33333333333333,18.33333333333333,0.0,0.0,5.33333333333333,5.33333333333333,0.0,0.0,13.0,0.0,0.0,0.0,0.0,0.0,0.0,0.0,0.0,0.0,0.0,55.0,0.0,42.0,36,1,10,2,9,9,1,2,5.0,2,2,1,73,1241,3995,911202,4,1,1,9,9,1,73,1241,3989
91120204102.0,91120204,911202041,46.29999999999999,41.29999999999999,0.0,0.0,0.0,0.0,0.0,46.29999999999999,12.79999999999999,2.0,4.0,1.33333333333333,0.0,2.83333333333333,0.66666666666666,1.96666666666666,33.5,28.5,0.0,0.0,32.0,27.0,0.0,0.0,1.5,0.0,0.0,0.0,0.0,0.0,0.0,0.0,0.0,0.0,0.0,77.0,0.0,45.33333333333333,35,2,9,1,9,9,1,2,5.0,2,2,5,73,1241,3938,911202,4,1,2,9,9,1,73,1241,3989
91120205101.0,91120205,911202051,45.71666666666666,38.71666666666666,0.0,0.0,0.0,0.0,0.0,45.71666666666666,24.71666666666666,7.5,3.5,2.63333333333333,3.0,2.0,4.5,1.58333333333333,21.0,14.0,0.0,0.0,0.0,0.0,0.0,0.0,0.0,21.0,14.0,0.0,0.0,0.0,0.0,0.0,0.0,0.0,0.0,94.66666666666666,0.0,40.83333333333333,77,1,8,4,9,9,1,2,4.0,2,2,3,73,1241,4066,911202,5,1,1,9,9,1,73,1241,3989
91120205102.0,91120205,911202051,42.25,35.25,0.0,0.0,0.0,0.0,5.0,37.25,25.25,8.5,5.0,0.0,4.0,6.0,0.0,1.75,12.0,5.0,0.0,0.0,0.0,0.0,0.0,0.0,0.0,12.0,5.0,0.0,0.0,0.0,0.0,0.0,0.0,0.0,0.0,97.33333333333331,0.0,55.83333333333333,69,2,8,4,9,9,1,2,4.0,2,2,5,73,1241,3966,911202,5,1,2,9,9,1,73,1241,3989
91129301101.0,91129301,911293011,75.98333333333333,75.98333333333333,5.0,4.0,1.0,0.0,2.0,68.98333333333333,68.98333333333333,35.0,20.33333333333333,8.0,0.0,5.0,0.41666666666666,0.23333333333333,0.0,0.0,0.0,0.0,0.0,0.0,0.0,0.0,0.0,0.0,0.0,0.0,0.0,0.0,0.0,0.0,0.0,0.0,0.0,67.08333333333333,0.0,7.0,58,2,3,3,9,9,3,2,2.0,1,2,1,75,1242,5478,911293,1,1,1,9,9,3,75,1242,5612
91317702101.0,91317702,913177021,78.83333333333333,78.83333333333333,40.41666666666666,40.0,0.41666666666666,0.0,0.0,38.41666666666666,13.58333333333333,3.5,6.5,1.0,0.0,2.0,0.58333333333333,0.0,24.83333333333333,24.83333333333333,0.0,0.0,0.0,0.0,17.83333333333333,17.83333333333333,7.0,0.0,0.0,0.0,0.0,0.0,0.0,0.0,0.0,0.0,0.0,63.0,0.0,32.5,54,1,7,3,9,9,1,2,4.0,2,2,1,74,1259,3333,913177,2,1,1,9,9,1,74,1259,3327
91317702102.0,91317702,913177021,67.91666666666666,67.91666666666666,25.58333333333333,25.0,0.58333333333333,0.0,0.0,42.33333333333333,38.83333333333333,13.0,21.83333333333333,4.0,0.0,0.0,0.0,0.0,3.5,3.5,0.0,0.0,0.0,0.0,3.5,3.5,0.0,0.0,0.0,0.0,0.0,0.0,0.0,0.0,0.0,0.0,0.0,70.0,0.0,19.0,54,2,6,3,9,9,1,2,3.0,1,2,1,74,1259,3301,913177,2,1,2,9,9,1,74,1259,3327
90150001102.0,90150001,901500011,11.16666666666666,11.16666666666666,0.0,0.0,0.0,0.0,0.0,11.16666666666666,11.16666666666666,0.5,5.16666666666666,4.0,0.0,1.5,0.0,0.0,0.0,0.0,0.0,0.0,0.0,0.0,0.0,0.0,0.0,0.0,0.0,0.0,0.0,0.0,0.0,0.0,0.0,0.0,0.0,48.83333333333333,34.5,17.0,19,2,6,2,9,9,1,2,3.0,2,2,6,74,1161,3244,901500,1,1,2,9,9,1,74,1161,3234
90150002101.0,90150002,901500021,90.16666666666666,90.16666666666666,74.5,64.0,10.5,0.0,0.0,15.66666666666666,12.66666666666666,8.0,2.25,0.0,0.0,2.0,0.0,0.41666666666666,3.0,3.0,0.0,0.0,0.0,0.0,0.0,0.0,3.0,0.0,0.0,0.0,0.0,0.0,0.0,0.0,0.0,0.0,0.0,53.33333333333333,0.0,13.5,44,1,6,3,9,9,1,2,3.0,2,2,1,74,1161,3295,901500,2,1,1,9,9,1,74,1161,3234
90150002102.0,90150002,901500021,151.25,151.25,50.83333333333333,50.0,0.83333333333333,0.0,0.0,100.41666666666666,55.41666666666666,20.0,28.33333333333333,4.0,0.0,2.0,0.5,0.58333333333333,0.0,0.0,0.0,0.0,0.0,0.0,0.0,0.0,0.0,0.0,0.0,45.0,45.0,0.0,30.0,15.0,0.0,0.0,0.0,53.16666666666666,0.0,18.83333333333333,51,2,3,3,9,9,1,2,2.0,2,2,1,74,1161,3208,901500,2,1,2,9,9,1,74,1161,3234
90150002103.0,90150002,901500021,37.16666666666666,37.16666666666666,0.0,0.0,0.0,0.0,0.0,37.16666666666666,27.83333333333333,2.91666666666666,18.0,0.5,0.0,5.0,0.25,1.16666666666666,1.33333333333333,1.33333333333333,0.0,0.0,0.0,0.0,0.0,0.0,1.33333333333333,0.0,0.0,8.0,8.0,5.0,3.0,0.0,0.0,0.0,0.0,68.0,55.0,76.0,20,1,8,1,9,9,1,2,4.0,2,2,4,74,1161,3282,901500,2,1,3,9,9,1,74,1161,3234
90150003101.0,90150003,901500031,77.08333333333333,74.08333333333333,45.0,44.0,1.0,0.0,10.0,22.08333333333333,10.91666666666666,0.66666666666666,4.0,3.0,0.16666666666666,2.0,0.08333333333333,1.0,11.16666666666666,8.16666666666666,6.33333333333333,3.33333333333333,0.0,0.0,2.5,2.5,2.33333333333333,0.0,0.0,0.0,0.0,0.0,0.0,0.0,0.0,0.0,0.0,71.33333333333333,0.0,55.5,41,1,3,3,9,9,1,2,2.0,2,2,1,74,1161,3295,901500,3,1,1,9,9,1,74,1161,3234
90150003102.0,90150003,901500031,138.53333333333333,131.86666666666665,70.0,50.0,20.0,0.0,0.0,68.53333333333333,46.11666666666666,15.03333333333333,21.91666666666666,3.0,0.0,4.0,1.58333333333333,0.58333333333333,22.41666666666666,15.75,8.41666666666666,2.75,0.0,0.0,13.0,12.0,1.0,0.0,0.0,0.0,0.0,0.0,0.0,0.0,0.0,0.0,0.0,70.5,0.0,34.91666666666666,35,2,3,3,9,9,1,2,2.0,2,2,1,74,1161,3188,901500,3,1,2,9,9,1,74,1161,3234
90150003103.0,90150003,901500031,25.91666666666666,25.91666666666666,12.0,10.0,2.0,0.0,0.0,13.91666666666666,13.91666666666666,2.66666666666666,2.75,1.25,7.0,0.0,0.0,0.25,0.0,0.0,0.0,0.0,0.0,0.0,0.0,0.0,0.0,0.0,0.0,0.0,0.0,0.0,0.0,0.0,0.0,0.0,0.0,81.0,0.0,35.5,50,1,3,3,9,9,1,2,2.0,2,1,1,74,1161,3239,901500,3,1,3,9,9,1,74,1161,3234
90044302101.0,90044302,900443021,148.06666666666666,68.06666666666666,0.0,0.0,0.0,0.0,0.0,148.06666666666666,38.9,17.5,12.33333333333333,3.5,0.0,4.0,0.75,0.81666666666666,109.16666666666666,29.16666666666666,61.25,21.25,47.91666666666666,7.91666666666666,0.0,0.0,0.0,0.0,0.0,0.0,0.0,0.0,0.0,0.0,0.0,0.0,0.0,66.58333333333333,0.0,10.66666666666666,51,2,7,3,9,9,1,2,4.0,2,2,1,74,1153,3016,900443,2,1,1,9,9,1,74,1153,3040
90044302102.0,90044302,900443021,98.45,34.45,0.0,0.0,0.0,0.0,0.0,98.45,3.11666666666666,0.0,1.91666666666666,1.0,0.0,0.0,0.0,0.2,95.33333333333331,31.33333333333333,0.0,0.0,95.33333333333331,31.33333333333333,0.0,0.0,0.0,0.0,0.0,0.0,0.0,0.0,0.0,0.0,0.0,0.0,0.0,113.58333333333331,0.0,21.66666666666666,21,2,6,2,9,9,1,2,3.0,2,2,6,74,1153,3053,900443,2,1,2,9,9,1,74,1153,3040
90044303101.0,90044303,900443031,30.8,30.8,0.0,0.0,0.0,0.0,2.5,28.3,26.71666666666666,9.16666666666666,9.71666666666666,4.83333333333333,0.0,2.33333333333333,0.0,0.66666666666666,1.58333333333333,1.58333333333333,0.0,0.0,0.0,0.0,0.0,0.0,1.58333333333333,0.0,0.0,0.0,0.0,0.0,0.0,0.0,0.0,0.0,0.0,80.08333333333333,0.0,58.0,75,2,0,0,9,9,1,2,1.0,2,2,5,74,1153,3042,900443,3,1,1,9,9,1,74,1153,3040
90044303102.0,90044303,900443031,71.58333333333333,67.58333333333333,52.5,45.0,7.5,0.0,0.0,19.08333333333333,15.08333333333333,4.5,3.5,4.16666666666666,0.0,2.66666666666666,0.0,0.25,4.0,0.0,0.0,0.0,0.0,0.0,0.0,0.0,0.0,4.0,0.0,0.0,0.0,0.0,0.0,0.0,0.0,0.0,0.0,65.25,0.0,34.0,33,2,8,3,9,9,1,2,4.0,2,2,1,74,1153,3001,900443,3,1,2,9,9,1,74,1153,3040
90044304101.0,90044304,900443041,34.23333333333333,34.23333333333333,0.0,0.0,0.0,0.0,0.0,34.23333333333333,34.23333333333333,15.5,8.0,4.5,0.0,5.91666666666666,0.0,0.31666666666666,0.0,0.0,0.0,0.0,0.0,0.0,0.0,0.0,0.0,0.0,0.0,0.0,0.0,0.0,0.0,0.0,0.0,0.0,0.0,70.5,0.0,33.0,65,2,6,3,9,9,1,2,3.0,2,2,5,74,1153,3018,900443,4,1,1,9,9,1,74,1153,3040
90044304102.0,90044304,900443041,10.58333333333333,10.58333333333333,0.0,0.0,0.0,0.0,1.16666666666666,9.41666666666666,9.41666666666666,1.75,3.08333333333333,0.0,0.66666666666666,3.33333333333333,0.0,0.58333333333333,0.0,0.0,0.0,0.0,0.0,0.0,0.0,0.0,0.0,0.0,0.0,0.0,0.0,0.0,0.0,0.0,0.0,0.0,0.0,65.58333333333333,0.0,30.5,65,1,8,2,9,9,1,2,4.0,2,2,3,74,1153,3018,900443,4,1,2,9,9,1,74,1153,3040
90044304103.0,90044304,900443041,53.93333333333333,53.93333333333333,47.5,40.0,7.5,0.0,0.0,6.43333333333333,6.43333333333333,0.0,2.66666666666666,2.5,0.0,1.0,0.0,0.26666666666666,0.0,0.0,0.0,0.0,0.0,0.0,0.0,0.0,0.0,0.0,0.0,0.0,0.0,0.0,0.0,0.0,0.0,0.0,0.0,65.0,0.0,46.25,35,1,6,3,9,9,1,2,3.0,2,2,1,74,1153,3041,900443,4,1,3,9,9,1,74,1153,3040
91879902101.0,91879902,918799021,53.58333333333333,53.58333333333333,45.66666666666666,42.0,3.66666666666666,0.0,0.0,7.91666666666666,4.91666666666666,0.0,1.5,0.0,0.5,2.5,0.0,0.41666666666666,3.0,3.0,0.0,0.0,0.0,0.0,3.0,3.0,0.0,0.0,0.0,0.0,0.0,0.0,0.0,0.0,0.0,0.0,0.0,70.0,0.0,33.5,36,1,3,3,9,9,1,2,2.0,2,2,1,76,1298,5656,918799,2,1,1,9,9,1,76,1298,5621
91879902102.0,91879902,918799021,97.26666666666667,56.26666666666666,0.0,0.0,0.0,0.0,0.0,97.26666666666667,45.84999999999999,19.5,19.75,3.41666666666666,0.0,2.83333333333333,0.0,0.35,51.41666666666666,10.41666666666666,0.0,0.0,0.0,0.0,51.16666666666666,10.16666666666666,0.25,0.0,0.0,0.0,0.0,0.0,0.0,0.0,0.0,0.0,0.0,63.0,0.0,20.0,30,2,3,3,9,9,1,2,2.0,2,2,5,76,1298,5582,918799,2,1,2,9,9,1,76,1298,5621
91879903101.0,91879903,918799031,81.05,77.05,64.0,60.0,4.0,0.0,0.0,17.05,7.05,0.0,2.75,2.0,0.0,2.0,0.0,0.3,10.0,6.0,0.0,0.0,10.0,6.0,0.0,0.0,0.0,0.0,0.0,0.0,0.0,0.0,0.0,0.0,0.0,0.0,0.0,59.66666666666666,0.0,23.5,52,1,6,3,9,9,1,2,3.0,2,2,1,76,1298,5664,918799,3,1,1,9,9,1,76,1298,5621
91879903102.0,91879903,918799031,78.28333333333333,53.28333333333333,0.0,0.0,0.0,0.0,0.0,78.28333333333333,41.28333333333333,15.75,15.58333333333333,7.0,0.0,2.5,0.16666666666666,0.28333333333333,37.0,12.0,0.0,0.0,37.0,12.0,0.0,0.0,0.0,0.0,0.0,0.0,0.0,0.0,0.0,0.0,0.0,0.0,0.0,65.08333333333333,0.0,27.0,55,2,3,3,9,9,1,2,2.0,2,2,5,76,1298,5520,918799,3,1,2,9,9,1,76,1298,5621
91879903103.0,91879903,918799031,63.25,61.25,49.0,45.0,4.0,0.0,0.0,14.25,7.75,2.08333333333333,1.5,0.83333333333333,0.0,2.75,0.0,0.58333333333333,6.5,4.5,0.0,0.0,6.5,4.5,0.0,0.0,0.0,0.0,0.0,0.0,0.0,0.0,0.0,0.0,0.0,0.0,0.0,66.66666666666666,0.0,39.25,29,1,6,3,9,9,1,2,3.0,2,2,1,76,1298,5707,918799,3,1,3,9,9,1,76,1298,5621
91879903104.0,91879903,918799031,127.91666666666666,102.91666666666666,58.0,54.0,4.0,0.0,0.0,69.91666666666666,17.83333333333333,4.5,7.16666666666666,2.41666666666666,0.0,2.0,0.58333333333333,1.16666666666666,52.08333333333333,27.08333333333333,0.0,0.0,50.58333333333333,25.58333333333333,0.0,0.0,1.5,0.0,0.0,0.0,0.0,0.0,0.0,0.0,0.0,0.0,0.0,67.0,0.0,36.66666666666666,28,2,8,4,9,9,1,2,4.0,2,2,1,76,1298,5612,918799,3,1,4,9,9,1,76,1298,5621
91879904101.0,91879904,918799041,110.08333333333331,54.08333333333333,45.0,42.0,3.0,0.0,0.0,65.08333333333333,7.33333333333333,0.0,4.0,0.0,0.16666666666666,2.0,0.0,1.16666666666666,57.75,1.75,0.0,0.0,0.0,0.0,0.0,0.0,0.0,57.75,1.75,0.0,0.0,0.0,0.0,0.0,0.0,0.0,0.0,61.16666666666666,0.0,21.0,77,1,6,3,9,9,1,2,3.0,2,2,1,76,1298,5757,918799,4,1,1,9,9,1,76,1298,5621
90179701101.0,90179701,901797011,74.83333333333333,74.83333333333333,50.0,50.0,0.0,0.0,0.0,24.83333333333333,24.83333333333333,10.0,9.5,1.0,0.0,2.0,1.0,1.33333333333333,0.0,0.0,0.0,0.0,0.0,0.0,0.0,0.0,0.0,0.0,0.0,0.0,0.0,0.0,0.0,0.0,0.0,0.0,0.0,77.0,0.0,44.0,35,1,8,5,9,9,1,2,4.0,2,2,1,74,1163,3272,901797,1,1,1,9,9,1,74,1163,3271
90179701102.0,90179701,901797011,78.78333333333333,78.78333333333333,45.0,45.0,0.0,0.0,0.0,33.78333333333333,29.78333333333333,19.0,5.43333333333333,1.83333333333333,0.0,1.0,1.5,1.01666666666666,0.0,0.0,0.0,0.0,0.0,0.0,0.0,0.0,0.0,0.0,0.0,4.0,4.0,4.0,0.0,0.0,0.0,0.0,0.0,72.26666666666667,0.0,43.5,35,2,10,2,9,9,1,2,5.0,2,2,1,74,1163,3224,901797,1,1,2,9,9,1,74,1163,3271
90179702101.0,90179702,901797021,58.01666666666666,58.01666666666666,0.0,0.0,0.0,0.0,0.0,58.01666666666666,58.01666666666666,11.0,28.0,8.0,0.0,7.0,3.5,0.51666666666666,0.0,0.0,0.0,0.0,0.0,0.0,0.0,0.0,0.0,0.0,0.0,0.0,0.0,0.0,0.0,0.0,0.0,0.0,0.0,71.0,0.0,54.0,62,2,8,1,9,9,1,2,4.0,2,2,3,74,1163,3220,901797,2,1,1,9,9,1,74,1163,3271
91116601102.0,91116601,911166011,64.75,64.75,0.0,0.0,0.0,0.0,0.0,64.75,43.08333333333333,18.0,10.33333333333333,2.5,5.0,3.75,1.33333333333333,2.16666666666666,21.66666666666666,21.66666666666666,0.0,0.0,0.0,0.0,21.0,21.0,0.66666666666666,0.0,0.0,0.0,0.0,0.0,0.0,0.0,0.0,0.0,0.0,69.5,0.0,15.33333333333333,40,2,8,4,9,9,1,2,4.0,2,2,5,73,1238,4051,911166,1,1,2,9,9,1,73,1238,4104
91116602101.0,91116602,911166021,154.3,149.3,57.5,40.0,17.5,0.0,12.0,84.8,53.8,22.63333333333333,13.25,3.5,0.16666666666666,4.5,1.0,8.75,31.0,26.0,0.0,0.0,0.0,0.0,24.0,19.0,7.0,0.0,0.0,0.0,0.0,0.0,0.0,0.0,0.0,0.0,0.0,66.5,0.0,21.13333333333333,46,2,6,3,9,9,1,2,3.0,2,2,1,73,1238,4044,911166,2,1,1,9,9,1,73,1238,4104
91116602102.0,91116602,911166021,65.16666666666666,65.16666666666666,44.0,43.0,1.0,0.0,0.0,21.16666666666666,17.24999999999999,10.0,3.33333333333333,2.83333333333333,0.0,0.5,0.0,0.58333333333333,3.91666666666666,3.91666666666666,0.0,0.0,0.0,0.0,2.66666666666666,2.66666666666666,1.25,0.0,0.0,0.0,0.0,0.0,0.0,0.0,0.0,0.0,0.0,81.0,0.0,53.16666666666666,25,1,6,2,9,9,1,2,3.0,2,2,1,73,1238,4147,911166,2,1,2,9,9,1,73,1238,4104
91116603101.0,91116603,911166031,8.91666666666666,8.91666666666666,0.0,0.0,0.0,0.0,0.0,8.91666666666666,8.91666666666666,3.33333333333333,0.33333333333333,0.0,0.0,0.0,5.0,0.25,0.0,0.0,0.0,0.0,0.0,0.0,0.0,0.0,0.0,0.0,0.0,0.0,0.0,0.0,0.0,0.0,0.0,0.0,0.0,95.5,0.0,30.83333333333333,50,1,6,3,9,9,1,2,3.0,2,2,6,73,1238,4115,911166,3,1,1,9,9,1,73,1238,4104
90150003104.0,90150003,901500031,24.5,23.33333333333333,0.0,0.0,0.0,0.0,0.0,24.5,17.91666666666666,5.5,6.66666666666666,4.0,0.0,1.16666666666666,0.0,0.58333333333333,3.08333333333333,1.91666666666666,1.75,0.58333333333333,0.0,0.0,0.0,0.0,1.33333333333333,0.0,0.0,3.5,3.5,1.5,0.0,2.0,0.0,0.0,0.0,72.0,46.58333333333333,44.0,14,1,2,6,9,9,1,2,2.0,2,2,4,74,1161,3247,901500,3,1,4,9,9,1,74,1161,3234
90150004101.0,90150004,901500041,84.58333333333333,83.08333333333333,62.0,44.0,18.0,0.0,0.0,22.58333333333333,19.08333333333333,4.75,2.66666666666666,6.16666666666666,0.0,3.5,0.83333333333333,1.16666666666666,3.5,2.0,0.0,0.0,1.5,0.5,0.0,0.0,0.5,1.5,1.0,0.0,0.0,0.0,0.0,0.0,0.0,0.0,0.0,59.91666666666666,0.0,10.73333333333333,64,2,7,3,9,9,1,2,4.0,2,2,1,74,1161,3184,901500,4,1,1,9,9,1,74,1161,3234
90150004102.0,90150004,901500041,15.41666666666666,14.25,0.0,0.0,0.0,0.0,0.0,15.41666666666666,6.75,1.0,0.0,0.0,0.0,0.0,5.16666666666666,0.58333333333333,8.66666666666666,7.5,0.0,0.0,2.0,2.0,0.0,0.0,3.5,3.16666666666666,2.0,0.0,0.0,0.0,0.0,0.0,0.0,0.0,0.0,78.0,0.0,40.5,87,1,3,3,9,9,1,2,2.0,2,2,3,74,1161,3437,901500,4,1,2,9,9,1,74,1161,3234
90150004103.0,90150004,901500041,45.5,33.5,16.5,16.0,0.5,0.0,0.0,29.0,13.0,0.0,3.5,3.5,6.0,0.0,0.0,0.0,16.0,4.0,0.0,0.0,0.0,0.0,0.0,0.0,0.0,16.0,4.0,0.0,0.0,0.0,0.0,0.0,0.0,0.0,0.0,75.0,0.0,66.5,67,1,6,3,9,9,1,2,3.0,2,2,1,74,1161,3210,901500,4,1,3,9,9,1,74,1161,3234
90150004104.0,90150004,901500041,91.05,81.71666666666665,42.5,42.0,0.5,0.0,0.0,48.55,16.58333333333333,5.0,3.41666666666666,3.0,0.0,2.0,2.5,0.66666666666666,31.96666666666666,22.63333333333333,0.0,0.0,25.63333333333333,18.63333333333333,0.0,0.0,2.5,3.83333333333333,1.5,0.0,0.0,0.0,0.0,0.0,0.0,0.0,0.0,66.5,0.0,28.66666666666666,43,1,6,3,9,9,1,2,3.0,2,2,1,74,1161,3295,901500,4,1,4,9,9,1,74,1161,3234
90150004105.0,90150004,901500041,46.38333333333333,43.46666666666666,0.0,0.0,0.0,0.0,0.0,46.38333333333333,32.91666666666666,16.25,6.25,7.33333333333333,0.0,2.0,0.75,0.33333333333333,13.46666666666666,10.55,0.0,0.0,13.46666666666666,10.55,0.0,0.0,0.0,0.0,0.0,0.0,0.0,0.0,0.0,0.0,0.0,0.0,0.0,79.0,0.0,20.5,28,2,3,3,9,9,1,2,2.0,2,2,5,74,1161,3209,901500,4,1,5,9,9,1,74,1161,3234
90150004106.0,90150004,901500041,14.33333333333333,14.33333333333333,0.0,0.0,0.0,0.0,0.0,14.33333333333333,4.16666666666666,1.0,0.66666666666666,0.5,0.0,0.66666666666666,0.0,1.33333333333333,0.66666666666666,0.66666666666666,0.0,0.0,0.66666666666666,0.66666666666666,0.0,0.0,0.0,0.0,0.0,9.5,9.5,2.5,0.0,7.0,0.0,0.0,0.0,84.75,56.0,100.0,17,1,6,2,9,9,1,2,3.0,2,2,4,74,1161,3256,901500,4,1,6,9,9,1,74,1161,3234
90044304104.0,90044304,900443041,59.93333333333333,59.93333333333333,47.5,40.0,7.5,0.0,0.0,12.43333333333333,7.6,2.0,3.66666666666666,0.86666666666666,0.0,0.75,0.0,0.31666666666666,3.83333333333333,3.83333333333333,0.0,0.0,0.0,0.0,0.0,0.0,3.83333333333333,0.0,0.0,1.0,1.0,0.0,0.0,1.0,0.0,0.0,0.0,70.5,0.0,52.86666666666666,40,2,8,4,9,9,1,2,4.0,2,2,1,74,1153,2997,900443,4,1,4,9,9,1,74,1153,3040
90044305101.0,90044305,900443051,82.3,82.3,59.0,53.0,6.0,0.0,0.0,23.3,23.3,9.75,6.33333333333333,4.41666666666666,0.0,2.0,0.0,0.8,0.0,0.0,0.0,0.0,0.0,0.0,0.0,0.0,0.0,0.0,0.0,0.0,0.0,0.0,0.0,0.0,0.0,0.0,0.0,69.16666666666666,0.0,28.41666666666666,60,2,6,3,9,9,1,2,3.0,2,2,1,74,1153,2993,900443,5,1,1,9,9,1,74,1153,3040
90044305102.0,90044305,900443051,16.38333333333333,16.38333333333333,6.0,0.0,0.0,6.0,0.0,10.38333333333333,7.38333333333333,2.41666666666666,2.86666666666666,0.7,0.0,1.16666666666666,0.0,0.23333333333333,3.0,3.0,0.0,0.0,0.0,0.0,0.0,0.0,0.0,3.0,3.0,0.0,0.0,0.0,0.0,0.0,0.0,0.0,0.0,69.5,0.0,30.16666666666666,30,1,8,4,9,9,1,2,4.0,2,2,2,74,1153,3088,900443,5,1,2,9,9,1,74,1153,3040
90049401101.0,90049401,900494011,32.4,32.4,17.0,12.0,5.0,0.0,0.0,15.4,13.4,10.0,1.16666666666666,0.0,0.0,2.0,0.03333333333333,0.2,2.0,2.0,2.0,2.0,0.0,0.0,0.0,0.0,0.0,0.0,0.0,0.0,0.0,0.0,0.0,0.0,0.0,0.0,0.0,72.08333333333333,0.0,22.5,80,1,9,3,9,9,1,2,5.0,2,2,1,73,1154,4258,900494,1,1,1,9,9,1,73,1154,4137
90049401102.0,90049401,900494011,138.08333333333331,138.08333333333331,56.0,46.0,10.0,0.0,0.0,82.08333333333333,70.08333333333333,12.0,3.95,6.63333333333333,0.0,6.0,0.5,41.0,10.0,10.0,0.0,0.0,0.0,0.0,0.0,0.0,0.0,10.0,10.0,2.0,2.0,0.0,0.0,2.0,0.0,0.0,0.0,70.16666666666666,0.0,23.16666666666666,50,2,10,2,9,9,1,2,5.0,2,2,1,73,1154,4109,900494,1,1,2,9,9,1,73,1154,4137
90049402101.0,90049402,900494021,19.58333333333333,19.58333333333333,0.0,0.0,0.0,0.0,0.0,19.58333333333333,15.08333333333333,5.0,4.91666666666666,0.66666666666666,2.0,2.5,0.0,0.0,4.5,4.5,0.0,0.0,0.0,0.0,0.0,0.0,4.0,0.5,0.5,0.0,0.0,0.0,0.0,0.0,0.0,0.0,0.0,62.5,0.0,16.16666666666666,65,1,3,3,9,9,1,2,2.0,2,2,5,73,1154,4112,900494,2,1,1,9,9,1,73,1154,4137
90049402102.0,90049402,900494021,82.5,82.5,60.0,45.0,15.0,0.0,0.0,22.5,2.5,0.0,0.0,0.0,0.0,2.5,0.0,0.0,0.0,0.0,0.0,0.0,0.0,0.0,0.0,0.0,0.0,0.0,0.0,20.0,20.0,0.0,20.0,0.0,0.0,0.0,0.0,26.83333333333333,0.0,0.0,63,2,7,3,9,9,1,2,4.0,2,2,1,73,1154,4078,900494,2,1,2,9,9,1,73,1154,4137
91879904102.0,91879904,918799041,106.31666666666666,83.31666666666666,51.0,48.0,3.0,0.0,0.0,55.31666666666666,31.81666666666666,14.5,9.83333333333333,4.08333333333333,0.0,3.0,0.0,0.4,23.5,0.5,0.0,0.0,0.0,0.0,0.0,0.0,0.0,23.5,0.5,0.0,0.0,0.0,0.0,0.0,0.0,0.0,0.0,64.41666666666666,0.0,29.0,71,2,2,6,9,9,1,2,2.0,2,2,1,76,1298,5658,918799,4,1,2,9,9,1,76,1298,5621
91879905101.0,91879905,918799051,21.21666666666666,21.21666666666666,0.0,0.0,0.0,0.0,0.0,21.21666666666666,20.71666666666666,3.58333333333333,7.75,1.13333333333333,2.08333333333333,4.83333333333333,0.0,1.33333333333333,0.5,0.5,0.0,0.0,0.0,0.0,0.0,0.0,0.0,0.5,0.5,0.0,0.0,0.0,0.0,0.0,0.0,0.0,0.0,70.58333333333333,0.0,35.16666666666666,72,1,2,1,9,9,1,2,2.0,2,2,5,76,1298,5587,918799,5,1,1,9,9,1,76,1298,5621
91879905102.0,91879905,918799051,73.98333333333333,31.98333333333333,0.0,0.0,0.0,0.0,0.0,73.98333333333333,26.98333333333333,12.75,7.53333333333333,4.08333333333333,0.0,2.16666666666666,0.0,0.45,42.0,0.0,0.0,0.0,0.0,0.0,0.0,0.0,0.0,42.0,0.0,5.0,0.0,0.0,0.0,0.0,5.0,0.0,0.0,73.41666666666666,0.0,29.5,68,2,3,3,9,9,1,2,2.0,2,2,5,76,1298,5615,918799,5,1,2,9,9,1,76,1298,5621
90419805101.0,90419805,904198051,39.91666666666666,39.91666666666666,35.16666666666666,35.0,0.16666666666666,0.0,0.0,4.75,4.75,1.5,1.0,0.08333333333333,0.0,1.0,0.0,1.16666666666666,0.0,0.0,0.0,0.0,0.0,0.0,0.0,0.0,0.0,0.0,0.0,0.0,0.0,0.0,0.0,0.0,0.0,0.0,0.0,74.5,0.0,22.5,90,1,3,1,9,9,1,2,2.0,2,2,1,74,1185,3312,904198,5,1,1,9,9,1,74,1185,3226
90429001101.0,90429001,904290011,80.08333333333333,80.08333333333333,50.0,40.0,10.0,0.0,0.0,30.08333333333333,28.08333333333333,12.5,10.0,2.0,0.0,3.0,0.0,0.58333333333333,2.0,2.0,0.0,0.0,0.0,0.0,0.0,0.0,2.0,0.0,0.0,0.0,0.0,0.0,0.0,0.0,0.0,0.0,0.0,72.0,0.0,37.0,48,2,2,6,9,9,1,2,2.0,2,2,1,74,1186,3201,904290,1,1,1,9,9,1,74,1186,3252
90429001102.0,90429001,904290011,84.25,84.25,46.0,40.0,6.0,0.0,0.0,38.25,35.25,12.66666666666666,16.41666666666666,2.66666666666666,0.0,3.0,0.25,0.25,3.0,3.0,0.0,0.0,0.0,0.0,0.0,0.0,3.0,0.0,0.0,0.0,0.0,0.0,0.0,0.0,0.0,0.0,0.0,73.5,0.0,52.0,28,2,8,4,9,9,1,2,4.0,2,2,1,74,1186,3228,904290,1,1,2,9,9,1,74,1186,3252
90429002101.0,90429002,904290021,1.83333333333333,1.83333333333333,0.0,0.0,0.0,0.0,0.0,1.83333333333333,1.83333333333333,0.58333333333333,0.25,1.0,0.0,0.0,0.0,0.0,0.0,0.0,0.0,0.0,0.0,0.0,0.0,0.0,0.0,0.0,0.0,0.0,0.0,0.0,0.0,0.0,0.0,0.0,0.0,89.0,0.0,63.0,71,2,2,2,9,9,1,2,2.0,2,2,3,74,1186,3254,904290,2,1,1,9,9,1,74,1186,3252
91119405101.0,91119405,911194051,14.85,14.85,0.0,0.0,0.0,0.0,0.0,14.85,14.85,2.16666666666666,5.0,0.0,0.0,5.0,0.0,2.68333333333333,0.0,0.0,0.0,0.0,0.0,0.0,0.0,0.0,0.0,0.0,0.0,0.0,0.0,0.0,0.0,0.0,0.0,0.0,0.0,80.83333333333333,0.0,31.5,50,2,10,2,9,9,1,2,5.0,2,2,1,73,1240,2789,911194,5,1,1,9,9,1,73,1240,2808
91120201101.0,91120201,911202011,5.91666666666666,5.91666666666666,0.0,0.0,0.0,0.0,0.0,5.91666666666666,5.91666666666666,0.0,0.0,0.0,0.0,3.0,0.83333333333333,2.08333333333333,0.0,0.0,0.0,0.0,0.0,0.0,0.0,0.0,0.0,0.0,0.0,0.0,0.0,0.0,0.0,0.0,0.0,0.0,0.0,81.83333333333333,0.0,48.49999999999999,98,1,8,4,9,9,1,2,4.0,2,2,3,73,1241,4234,911202,1,1,1,9,9,1,73,1241,3989
91120201102.0,91120201,911202011,7.66666666666666,7.66666666666666,0.0,0.0,0.0,0.0,0.0,7.66666666666666,7.66666666666666,2.5,0.0,1.0,0.0,1.16666666666666,0.0,3.0,0.0,0.0,0.0,0.0,0.0,0.0,0.0,0.0,0.0,0.0,0.0,0.0,0.0,0.0,0.0,0.0,0.0,0.0,0.0,90.5,0.0,52.16666666666666,98,2,8,4,9,9,1,2,4.0,2,2,5,73,1241,4537,911202,1,1,2,9,9,1,73,1241,3989
91120202101.0,91120202,911202021,104.75,104.75,40.0,40.0,0.0,0.0,0.0,64.75,49.75,15.0,18.5,1.5,0.75,7.0,2.0,5.0,15.0,15.0,0.0,0.0,0.0,0.0,0.0,0.0,15.0,0.0,0.0,0.0,0.0,0.0,0.0,0.0,0.0,0.0,0.0,64.0,0.0,89.08333333333333,37,1,8,4,9,9,1,2,4.0,2,2,1,73,1241,3995,911202,2,1,1,9,9,1,73,1241,3989
91120202102.0,91120202,911202021,82.66666666666666,82.66666666666666,40.5,40.0,0.5,0.0,0.0,42.16666666666666,41.16666666666666,11.0,20.0,3.0,1.0,3.0,2.5,0.66666666666666,0.0,0.0,0.0,0.0,0.0,0.0,0.0,0.0,0.0,0.0,0.0,1.0,1.0,0.5,0.0,0.5,0.0,0.0,0.0,71.0,0.0,93.0,36,2,8,4,9,9,1,2,4.0,1,2,1,73,1241,3938,911202,2,1,2,9,9,1,73,1241,3989
91120203101.0,91120203,911202031,73.5,69.5,53.0,43.0,10.0,0.0,0.0,20.5,5.0,0.0,1.0,0.0,0.0,3.0,1.0,0.0,15.5,11.5,0.0,0.0,0.0,0.0,13.0,9.0,2.5,0.0,0.0,0.0,0.0,0.0,0.0,0.0,0.0,0.0,0.0,76.26666666666667,0.0,40.01666666666666,47,1,11,3,9,9,1,2,5.0,2,2,1,73,1241,4020,911202,3,1,1,9,9,1,73,1241,3989
91120203102.0,91120203,911202031,62.71666666666666,61.66666666666666,0.0,0.0,0.0,0.0,0.0,62.71666666666666,36.66666666666666,5.83333333333333,12.33333333333333,1.5,0.0,2.0,0.0,15.0,26.05,25.0,0.0,0.0,0.0,0.0,12.05,11.0,14.0,0.0,0.0,0.0,0.0,0.0,0.0,0.0,0.0,0.0,0.0,94.5,0.0,33.0,46,2,10,2,9,9,1,2,5.0,2,2,6,73,1241,3931,911202,3,1,2,9,9,1,73,1241,3989
91826604102.0,91826604,918266041,96.66666666666666,48.66666666666666,0.0,0.0,0.0,0.0,0.0,96.66666666666666,32.66666666666666,19.5,10.66666666666666,2.16666666666666,0.0,0.0,0.0,0.33333333333333,48.0,0.0,0.0,0.0,0.0,0.0,0.0,0.0,0.0,48.0,0.0,16.0,0.0,0.0,0.0,0.0,16.0,0.0,0.0,55.08333333333333,0.0,18.33333333333333,76,2,3,3,9,9,1,2,2.0,2,2,5,74,1295,4183,918266,4,1,2,9,9,1,74,1295,4180
91826605101.0,91826605,918266051,58.43333333333333,35.43333333333333,23.33333333333333,20.0,3.33333333333333,0.0,0.0,35.1,12.1,6.75,2.25,0.0,0.0,2.75,0.0,0.35,23.0,0.0,0.0,0.0,0.0,0.0,23.0,0.0,0.0,0.0,0.0,0.0,0.0,0.0,0.0,0.0,0.0,0.0,0.0,59.0,0.0,23.16666666666666,49,2,3,3,9,9,1,2,2.0,2,2,1,74,1295,4114,918266,5,1,1,9,9,1,74,1295,4180
91826605102.0,91826605,918266051,16.73333333333333,16.73333333333333,0.0,0.0,0.0,0.0,0.0,16.73333333333333,9.23333333333333,3.33333333333333,3.08333333333333,1.31666666666666,0.0,1.5,0.0,0.0,7.5,7.5,0.0,0.0,0.0,0.0,0.0,0.0,7.5,0.0,0.0,0.0,0.0,0.0,0.0,0.0,0.0,0.0,0.0,57.16666666666666,48.5,66.33333333333333,13,2,3,1,9,9,1,2,2.0,2,2,4,74,1295,4171,918266,5,1,2,9,9,1,74,1295,4180
91826605103.0,91826605,918266051,63.88333333333333,63.88333333333333,56.0,50.0,6.0,0.0,0.0,7.88333333333333,3.38333333333333,0.0,1.66666666666666,0.0,0.0,1.5,0.0,0.21666666666666,4.5,4.5,0.0,0.0,0.0,0.0,0.0,0.0,4.5,0.0,0.0,0.0,0.0,0.0,0.0,0.0,0.0,0.0,0.0,55.83333333333333,0.0,0.0,51,1,6,3,9,9,1,2,3.0,2,2,1,74,1295,4187,918266,5,1,3,9,9,1,74,1295,4180
91829101101.0,91829101,918291011,86.08333333333333,86.08333333333333,70.58333333333333,70.0,0.58333333333333,0.0,0.0,15.5,12.5,0.0,2.0,0.0,5.0,2.0,0.0,3.5,3.0,3.0,0.0,0.0,0.0,0.0,0.0,0.0,3.0,0.0,0.0,0.0,0.0,0.0,0.0,0.0,0.0,0.0,0.0,55.08333333333333,0.0,17.0,54,1,6,3,9,9,1,2,3.0,2,2,1,73,1296,3187,918291,1,1,1,9,9,1,73,1296,3178
91829101102.0,91829101,918291011,35.78333333333333,35.78333333333333,0.0,0.0,0.0,0.0,0.0,35.78333333333333,28.78333333333333,8.66666666666666,9.45,4.0,0.0,3.83333333333333,0.0,2.83333333333333,7.0,7.0,0.0,0.0,0.0,0.0,0.0,0.0,7.0,0.0,0.0,0.0,0.0,0.0,0.0,0.0,0.0,0.0,0.0,65.0,0.0,32.83333333333333,52,2,6,3,9,9,1,2,3.0,2,2,5,73,1296,3157,918291,1,1,2,9,9,1,73,1296,3178
90359504103.0,90359504,903595041,48.95,48.95,18.5,18.0,0.5,0.0,0.0,30.45,30.45,17.0,10.25,2.08333333333333,0.0,1.0,0.0,0.11666666666666,0.0,0.0,0.0,0.0,0.0,0.0,0.0,0.0,0.0,0.0,0.0,0.0,0.0,0.0,0.0,0.0,0.0,0.0,0.0,64.75,0.0,6.0,48,1,8,4,9,9,1,2,4.0,2,2,1,76,1182,4573,903595,4,1,3,9,9,1,76,1182,4517
90049402103.0,90049402,900494021,5.75,5.75,0.0,0.0,0.0,0.0,0.0,5.75,4.75,0.0,3.0,1.75,0.0,0.0,0.0,0.0,1.0,1.0,0.0,0.0,0.0,0.0,0.0,0.0,1.0,0.0,0.0,0.0,0.0,0.0,0.0,0.0,0.0,0.0,0.0,55.66666666666666,13.0,7.66666666666666,29,2,8,4,9,9,1,2,4.0,2,2,4,73,1154,4111,900494,2,1,3,9,9,1,73,1154,4137
90049402104.0,90049402,900494021,5.83333333333333,5.83333333333333,0.0,0.0,0.0,0.0,0.0,5.83333333333333,4.16666666666666,1.0,2.0,1.16666666666666,0.0,0.0,0.0,0.0,1.66666666666666,1.66666666666666,0.0,0.0,0.0,0.0,0.0,0.0,0.66666666666666,1.0,1.0,0.0,0.0,0.0,0.0,0.0,0.0,0.0,0.0,56.0,41.0,6.25,24,2,8,5,9,9,1,2,4.0,2,2,4,73,1154,4160,900494,2,1,4,9,9,1,73,1154,4137
90049402105.0,90049402,900494021,9.75,9.75,0.0,0.0,0.0,0.0,0.0,9.75,7.75,2.75,4.0,1.0,0.0,0.0,0.0,0.0,2.0,2.0,0.0,0.0,0.0,0.0,0.0,0.0,2.0,0.0,0.0,0.0,0.0,0.0,0.0,0.0,0.0,0.0,0.0,73.5,0.0,10.16666666666666,22,2,3,3,9,9,1,2,2.0,2,1,4,73,1154,4160,900494,2,1,5,9,9,1,73,1154,4137
90049402106.0,90049402,900494021,4.0,4.0,0.0,0.0,0.0,0.0,0.0,4.0,4.0,1.83333333333333,1.0,1.16666666666666,0.0,0.0,0.0,0.0,0.0,0.0,0.0,0.0,0.0,0.0,0.0,0.0,0.0,0.0,0.0,0.0,0.0,0.0,0.0,0.0,0.0,0.0,0.0,60.0,53.33333333333333,4.33333333333333,17,2,6,1,9,9,1,2,3.0,2,2,4,73,1154,4155,900494,2,1,6,9,9,1,73,1154,4137
90049403101.0,90049403,900494031,70.21666666666665,70.21666666666665,58.0,47.0,11.0,0.0,0.0,12.21666666666666,12.21666666666666,5.5,3.58333333333333,1.5,0.0,1.0,0.05,0.58333333333333,0.0,0.0,0.0,0.0,0.0,0.0,0.0,0.0,0.0,0.0,0.0,0.0,0.0,0.0,0.0,0.0,0.0,0.0,0.0,71.0,0.0,12.66666666666666,54,2,8,4,9,9,1,2,4.0,1,2,1,73,1154,4109,900494,3,1,1,9,9,1,73,1154,4137
90049403102.0,90049403,900494031,89.11666666666666,89.11666666666666,50.0,40.0,10.0,0.0,0.0,39.11666666666666,35.86666666666666,15.0,7.5,3.0,0.5,8.0,1.75,0.11666666666666,3.25,3.25,0.0,0.0,0.0,0.0,0.0,0.0,3.25,0.0,0.0,0.0,0.0,0.0,0.0,0.0,0.0,0.0,0.0,59.5,0.0,8.5,54,1,6,3,9,9,1,2,3.0,2,2,1,73,1154,4149,900494,3,1,2,9,9,1,73,1154,4137
90049403103.0,90049403,900494031,3.73333333333333,3.73333333333333,0.0,0.0,0.0,0.0,0.0,3.73333333333333,3.61666666666666,0.81666666666666,0.2,0.6,0.0,2.0,0.0,0.0,0.11666666666666,0.11666666666666,0.0,0.0,0.0,0.0,0.0,0.0,0.11666666666666,0.0,0.0,0.0,0.0,0.0,0.0,0.0,0.0,0.0,0.0,65.33333333333333,54.5,51.75,22,1,8,2,9,9,1,2,4.0,2,1,4,73,1154,4203,900494,3,1,3,9,9,1,73,1154,4137
90429003101.0,90429003,904290031,39.5,39.5,0.0,0.0,0.0,0.0,0.0,39.5,35.83333333333333,15.16666666666666,11.08333333333333,1.5,2.0,5.0,0.5,0.58333333333333,3.66666666666666,3.66666666666666,0.0,0.0,0.0,0.0,0.0,0.0,3.66666666666666,0.0,0.0,0.0,0.0,0.0,0.0,0.0,0.0,0.0,0.0,95.66666666666666,0.0,43.5,57,1,6,3,9,9,1,2,3.0,2,2,3,74,1186,3266,904290,3,1,1,9,9,1,74,1186,3252
90429003102.0,90429003,904290031,75.16666666666666,75.16666666666666,60.0,48.0,12.0,0.0,0.0,15.16666666666666,14.16666666666666,5.83333333333333,6.0,1.33333333333333,0.0,1.0,0.0,0.0,1.0,1.0,0.0,0.0,0.0,0.0,0.0,0.0,1.0,0.0,0.0,0.0,0.0,0.0,0.0,0.0,0.0,0.0,0.0,62.5,0.0,32.5,27,1,6,2,9,9,1,2,3.0,2,2,1,74,1186,3283,904290,3,1,2,9,9,1,74,1186,3252
90429003103.0,90429003,904290031,13.5,13.5,0.0,0.0,0.0,0.0,0.0,13.5,11.5,5.0,5.16666666666666,1.33333333333333,0.0,0.0,0.0,0.0,2.0,2.0,0.0,0.0,0.0,0.0,0.0,0.0,2.0,0.0,0.0,0.0,0.0,0.0,0.0,0.0,0.0,0.0,0.0,82.0,47.0,60.16666666666666,18,1,6,2,9,9,1,2,3.0,2,2,4,74,1186,3275,904290,3,1,3,9,9,1,74,1186,3252
90429003104.0,90429003,904290031,14.5,14.5,0.0,0.0,0.0,0.0,0.0,14.5,11.0,3.5,5.0,1.5,0.0,1.0,0.0,0.0,3.5,3.5,0.0,0.0,0.0,0.0,0.0,0.0,3.5,0.0,0.0,0.0,0.0,0.0,0.0,0.0,0.0,0.0,0.0,71.5,65.0,29.16666666666666,24,2,8,3,9,9,1,2,4.0,2,2,4,74,1186,3266,904290,3,1,4,9,9,1,74,1186,3252
90429004101.0,90429004,904290041,43.25,43.25,0.0,0.0,0.0,0.0,0.0,43.25,33.25,11.5,14.91666666666666,2.5,0.0,2.0,0.25,2.08333333333333,10.0,10.0,0.0,0.0,0.0,0.0,0.0,0.0,10.0,0.0,0.0,0.0,0.0,0.0,0.0,0.0,0.0,0.0,0.0,84.0,0.0,56.5,48,2,8,4,9,9,1,2,4.0,2,2,3,74,1186,3201,904290,4,1,1,9,9,1,74,1186,3252
90429004102.0,90429004,904290041,17.5,17.5,0.0,0.0,0.0,0.0,0.0,17.5,17.16666666666666,3.5,11.08333333333333,0.5,0.0,1.5,0.0,0.58333333333333,0.33333333333333,0.33333333333333,0.0,0.0,0.0,0.0,0.0,0.0,0.33333333333333,0.0,0.0,0.0,0.0,0.0,0.0,0.0,0.0,0.0,0.0,85.0,43.0,47.08333333333333,17,2,6,1,9,9,1,2,3.0,2,2,4,74,1186,3263,904290,4,1,2,9,9,1,74,1186,3252
90429005101.0,90429005,904290051,131.5,99.5,52.0,48.0,4.0,0.0,0.0,79.5,22.83333333333333,8.5,6.5,3.0,0.0,3.0,0.66666666666666,1.16666666666666,51.66666666666666,19.66666666666666,0.0,0.0,30.0,14.0,17.66666666666666,1.66666666666666,4.0,0.0,0.0,5.0,5.0,0.0,0.0,5.0,0.0,0.0,0.0,76.66666666666666,0.0,24.5,25,1,3,3,9,9,1,2,2.0,2,2,1,74,1186,3283,904290,5,1,1,9,9,1,74,1186,3252
91317702103.0,91317702,913177021,126.16666666666666,112.16666666666666,40.33333333333333,40.0,0.33333333333333,0.0,0.0,85.83333333333333,39.16666666666666,17.5,15.16666666666666,6.5,0.0,0.0,0.0,0.0,46.66666666666666,32.66666666666666,0.0,0.0,0.0,0.0,46.66666666666666,32.66666666666666,0.0,0.0,0.0,0.0,0.0,0.0,0.0,0.0,0.0,0.0,0.0,61.5,0.0,26.5,32,2,3,3,9,9,1,2,2.0,2,2,1,74,1259,3285,913177,2,1,3,9,9,1,74,1259,3327
91317703101.0,91317703,913177031,39.66666666666666,39.66666666666666,30.0,20.0,10.0,0.0,0.0,9.66666666666666,9.66666666666666,2.0,7.0,0.66666666666666,0.0,0.0,0.0,0.0,0.0,0.0,0.0,0.0,0.0,0.0,0.0,0.0,0.0,0.0,0.0,0.0,0.0,0.0,0.0,0.0,0.0,0.0,0.0,71.16666666666666,0.0,21.33333333333333,98,1,8,5,9,9,1,2,4.0,2,2,1,74,1259,3527,913177,3,1,1,9,9,1,74,1259,3327
91317704101.0,91317704,913177041,99.5,99.5,65.0,55.0,10.0,0.0,0.0,34.5,20.5,3.5,9.75,4.0,0.0,2.0,1.0,0.25,14.0,14.0,0.0,0.0,0.0,0.0,0.0,0.0,7.0,7.0,7.0,0.0,0.0,0.0,0.0,0.0,0.0,0.0,0.0,61.0,0.0,42.83333333333333,67,2,8,5,9,9,1,2,4.0,2,2,1,74,1259,3304,913177,4,1,1,9,9,1,74,1259,3327
91317704102.0,91317704,913177041,70.33333333333333,70.33333333333333,55.0,45.0,10.0,0.0,0.0,15.33333333333333,8.33333333333333,1.75,5.0,1.0,0.0,0.0,0.0,0.58333333333333,7.0,7.0,0.0,0.0,0.0,0.0,0.0,0.0,3.5,3.5,3.5,0.0,0.0,0.0,0.0,0.0,0.0,0.0,0.0,66.5,0.0,37.0,62,2,8,5,9,9,1,2,4.0,2,2,1,74,1259,3276,913177,4,1,2,9,9,1,74,1259,3327
91317704103.0,91317704,913177041,73.86666666666666,73.86666666666666,43.0,40.0,3.0,0.0,0.0,30.86666666666666,26.86666666666666,9.0,12.08333333333333,3.5,0.0,2.16666666666666,0.03333333333333,0.08333333333333,4.0,4.0,0.0,0.0,0.0,0.0,0.0,0.0,0.0,4.0,4.0,0.0,0.0,0.0,0.0,0.0,0.0,0.0,0.0,50.0,0.0,54.0,38,1,8,5,9,9,1,2,4.0,2,2,1,74,1259,3328,913177,4,1,3,9,9,1,74,1259,3327
91317705101.0,91317705,913177051,14.0,14.0,0.0,0.0,0.0,0.0,0.0,14.0,14.0,3.5,6.5,2.0,0.0,2.0,0.0,0.0,0.0,0.0,0.0,0.0,0.0,0.0,0.0,0.0,0.0,0.0,0.0,0.0,0.0,0.0,0.0,0.0,0.0,0.0,0.0,61.0,0.0,22.0,54,1,8,5,9,9,1,2,4.0,2,2,1,74,1259,3333,913177,5,1,1,9,9,1,74,1259,3327
91317705102.0,91317705,913177051,34.25,34.25,0.0,0.0,0.0,0.0,0.0,34.25,34.25,9.5,15.66666666666666,5.66666666666666,0.0,2.0,0.0,1.41666666666666,0.0,0.0,0.0,0.0,0.0,0.0,0.0,0.0,0.0,0.0,0.0,0.0,0.0,0.0,0.0,0.0,0.0,0.0,0.0,66.5,0.0,8.0,58,2,7,3,9,9,1,2,4.0,2,2,5,74,1259,3248,913177,5,1,2,9,9,1,74,1259,3327
90359505101.0,90359505,903595051,72.91666666666666,72.91666666666666,57.0,48.0,9.0,0.0,0.0,15.91666666666666,15.41666666666666,4.0,6.58333333333333,2.5,0.16666666666666,2.0,0.16666666666666,0.0,0.5,0.5,0.0,0.0,0.0,0.0,0.0,0.0,0.5,0.0,0.0,0.0,0.0,0.0,0.0,0.0,0.0,0.0,0.0,62.66666666666666,0.0,15.0,55,2,2,6,9,9,1,2,2.0,2,2,1,76,1182,4436,903595,5,1,1,9,9,1,76,1182,4517
90359505102.0,90359505,903595051,69.71666666666665,69.71666666666665,52.0,48.0,4.0,0.0,0.0,17.71666666666666,16.71666666666666,6.5,7.33333333333333,1.0,0.0,1.5,0.25,0.13333333333333,1.0,1.0,0.0,0.0,0.0,0.0,0.0,0.0,1.0,0.0,0.0,0.0,0.0,0.0,0.0,0.0,0.0,0.0,0.0,59.5,0.0,18.16666666666666,31,2,6,3,9,9,1,2,3.0,2,2,1,76,1182,4486,903595,5,1,2,9,9,1,76,1182,4517
90359505103.0,90359505,903595051,23.58333333333333,23.58333333333333,0.0,0.0,0.0,0.0,0.0,23.58333333333333,23.58333333333333,11.0,10.66666666666666,0.66666666666666,0.0,1.0,0.0,0.25,0.0,0.0,0.0,0.0,0.0,0.0,0.0,0.0,0.0,0.0,0.0,0.0,0.0,0.0,0.0,0.0,0.0,0.0,0.0,70.0,40.0,28.83333333333333,15,2,3,3,9,9,1,2,2.0,2,2,4,76,1182,4558,903595,5,1,3,9,9,1,76,1182,4517
90384801101.0,90384801,903848011,3.5,3.5,0.0,0.0,0.0,0.0,0.0,3.5,3.5,0.0,0.0,0.5,0.0,3.0,0.0,0.0,0.0,0.0,0.0,0.0,0.0,0.0,0.0,0.0,0.0,0.0,0.0,0.0,0.0,0.0,0.0,0.0,0.0,0.0,0.0,86.66666666666666,0.0,12.5,85,2,2,4,9,9,1,2,2.0,2,2,5,76,1183,4527,903848,1,1,1,9,9,1,76,1183,4111
90384801102.0,90384801,903848011,19.91666666666666,19.91666666666666,0.0,0.0,0.0,0.0,0.0,19.91666666666666,17.91666666666666,8.75,3.08333333333333,2.5,0.0,3.0,0.0,0.58333333333333,2.0,2.0,0.0,0.0,0.0,0.0,0.0,0.0,0.0,2.0,2.0,0.0,0.0,0.0,0.0,0.0,0.0,0.0,0.0,72.0,0.0,13.33333333333333,59,1,6,2,9,9,1,2,3.0,2,2,1,76,1183,4152,903848,1,1,2,9,9,1,76,1183,4111
90384802101.0,90384802,903848021,44.35,44.35,36.66666666666666,35.0,1.66666666666666,0.0,0.0,7.68333333333333,2.68333333333333,0.0,0.41666666666666,0.0,0.0,2.0,0.0,0.26666666666666,5.0,5.0,0.0,0.0,0.0,0.0,5.0,5.0,0.0,0.0,0.0,0.0,0.0,0.0,0.0,0.0,0.0,0.0,0.0,61.5,0.0,18.16666666666666,49,1,6,3,9,9,1,2,3.0,2,2,1,76,1183,4161,903848,2,1,1,9,9,1,76,1183,4111
90384802102.0,90384802,903848021,192.25,162.25,77.25,77.0,0.25,0.0,0.0,115.0,58.99999999999999,24.5,28.5,2.91666666666666,0.0,1.5,1.0,0.58333333333333,56.0,26.0,0.0,0.0,0.0,0.0,56.0,26.0,0.0,0.0,0.0,0.0,0.0,0.0,0.0,0.0,0.0,0.0,0.0,59.5,0.0,1.16666666666666,44,2,2,6,9,9,1,2,2.0,2,2,1,76,1183,4076,903848,2,1,2,9,9,1,76,1183,4111
90049403104.0,90049403,900494031,15.25,15.25,0.0,0.0,0.0,0.0,0.0,15.25,15.25,10.5,3.16666666666666,1.41666666666666,0.0,0.0,0.0,0.16666666666666,0.0,0.0,0.0,0.0,0.0,0.0,0.0,0.0,0.0,0.0,0.0,0.0,0.0,0.0,0.0,0.0,0.0,0.0,0.0,57.66666666666666,0.0,58.0,18,1,6,3,9,9,1,2,3.0,2,2,5,73,1154,4170,900494,3,1,4,9,9,1,73,1154,4137
90049404101.0,90049404,900494041,80.08333333333333,80.08333333333333,61.0,49.0,12.0,0.0,0.0,19.08333333333333,19.08333333333333,9.5,5.16666666666666,1.83333333333333,0.0,2.0,0.0,0.58333333333333,0.0,0.0,0.0,0.0,0.0,0.0,0.0,0.0,0.0,0.0,0.0,0.0,0.0,0.0,0.0,0.0,0.0,0.0,0.0,52.5,0.0,4.5,53,2,6,3,9,9,1,2,3.0,2,2,1,73,1154,4109,900494,4,1,1,9,9,1,73,1154,4137
90049405101.0,90049405,900494051,112.26666666666667,94.26666666666667,41.46666666666666,40.13333333333333,1.33333333333333,0.0,0.0,70.8,20.8,5.0,9.91666666666666,1.63333333333333,0.66666666666666,1.5,1.5,0.58333333333333,47.0,29.0,0.0,0.0,0.0,0.0,31.5,13.5,15.5,0.0,0.0,3.0,3.0,3.0,0.0,0.0,0.0,0.0,0.0,67.0,0.0,26.5,27,1,8,5,9,9,1,2,4.0,2,2,1,73,1154,4181,900494,5,1,1,9,9,1,73,1154,4137
90049405102.0,90049405,900494051,58.58333333333333,50.58333333333333,0.0,0.0,0.0,0.0,0.0,58.58333333333333,36.08333333333333,12.5,10.66666666666666,8.33333333333333,1.0,2.0,1.0,0.58333333333333,22.5,14.5,0.0,0.0,0.0,0.0,15.5,7.5,7.0,0.0,0.0,0.0,0.0,0.0,0.0,0.0,0.0,0.0,0.0,66.5,18.0,5.0,26,2,6,3,9,9,1,2,3.0,2,2,5,73,1154,4111,900494,5,1,2,9,9,1,73,1154,4137
90061801101.0,90061801,900618011,97.73333333333332,97.73333333333332,72.5,58.0,14.5,0.0,0.66666666666666,24.56666666666666,15.06666666666666,0.0,10.25,3.0,0.0,1.5,0.0,0.31666666666666,9.5,9.5,0.0,0.0,0.0,0.0,9.5,9.5,0.0,0.0,0.0,0.0,0.0,0.0,0.0,0.0,0.0,0.0,0.0,56.08333333333333,0.0,1.0,37,2,6,3,9,9,1,2,3.0,2,2,1,74,1155,3459,900618,1,1,1,9,9,1,74,1155,3508
90061801102.0,90061801,900618011,8.5,8.5,0.0,0.0,0.0,0.0,0.33333333333333,8.16666666666666,8.16666666666666,0.0,8.16666666666666,0.0,0.0,0.0,0.0,0.0,0.0,0.0,0.0,0.0,0.0,0.0,0.0,0.0,0.0,0.0,0.0,0.0,0.0,0.0,0.0,0.0,0.0,0.0,0.0,64.16666666666666,47.5,25.16666666666666,13,1,3,1,9,9,1,2,2.0,2,2,4,74,1155,3523,900618,1,1,2,9,9,1,74,1155,3508
90061801103.0,90061801,900618011,5.16666666666666,5.16666666666666,0.0,0.0,0.0,0.0,0.0,5.16666666666666,5.16666666666666,0.0,5.16666666666666,0.0,0.0,0.0,0.0,0.0,0.0,0.0,0.0,0.0,0.0,0.0,0.0,0.0,0.0,0.0,0.0,0.0,0.0,0.0,0.0,0.0,0.0,0.0,0.0,71.5,50.5,22.33333333333333,12,1,2,6,9,9,1,2,2.0,2,2,4,74,1155,3523,900618,1,1,3,9,9,1,74,1155,3508
90429005102.0,90429005,904290051,102.9,47.89999999999999,0.0,0.0,0.0,0.0,0.0,102.9,5.31666666666666,0.83333333333333,0.75,3.25,0.0,0.0,0.0,0.48333333333333,97.58333333333331,42.58333333333333,0.0,0.0,75.25,35.25,22.33333333333333,7.33333333333333,0.0,0.0,0.0,0.0,0.0,0.0,0.0,0.0,0.0,0.0,0.0,64.0,0.0,30.63333333333333,27,2,3,3,9,9,1,2,2.0,2,2,5,74,1186,3228,904290,5,1,2,9,9,1,74,1186,3252
90439601101.0,90439601,904396011,67.25,67.25,49.0,40.0,9.0,0.0,0.0,18.25,13.08333333333333,2.5,4.75,3.75,0.0,1.5,0.25,0.33333333333333,5.16666666666666,5.16666666666666,0.0,0.0,0.0,0.0,0.0,0.0,5.16666666666666,0.0,0.0,0.0,0.0,0.0,0.0,0.0,0.0,0.0,0.0,52.5,0.0,17.63333333333333,47,1,8,4,9,9,1,2,4.0,2,2,1,74,1187,3803,904396,1,1,1,9,9,1,74,1187,3779
90439601102.0,90439601,904396011,79.41666666666666,79.41666666666666,51.0,48.0,3.0,0.0,0.0,28.41666666666666,23.74999999999999,14.5,3.33333333333333,3.33333333333333,0.0,1.5,0.0,1.08333333333333,4.0,4.0,0.0,0.0,0.0,0.0,0.0,0.0,4.0,0.0,0.0,0.66666666666666,0.66666666666666,0.66666666666666,0.0,0.0,0.0,0.0,0.0,83.5,0.0,64.5,51,2,8,4,9,9,1,2,4.0,2,2,1,74,1187,3749,904396,1,1,2,9,9,1,74,1187,3779
90439602101.0,90439602,904396021,40.16666666666666,40.16666666666666,11.33333333333333,10.0,1.33333333333333,0.0,0.0,28.83333333333333,28.83333333333333,10.5,10.66666666666666,3.0,0.0,3.5,0.0,1.16666666666666,0.0,0.0,0.0,0.0,0.0,0.0,0.0,0.0,0.0,0.0,0.0,0.0,0.0,0.0,0.0,0.0,0.0,0.0,0.0,80.5,0.0,14.0,79,2,2,6,9,9,1,2,2.0,2,2,1,74,1187,3782,904396,2,1,1,9,9,1,74,1187,3779
90439603101.0,90439603,904396031,78.0,78.0,47.5,40.0,7.5,0.0,0.0,30.5,23.5,9.0,6.5,4.0,0.0,4.0,0.0,0.0,7.0,7.0,0.0,0.0,0.0,0.0,0.0,0.0,7.0,0.0,0.0,0.0,0.0,0.0,0.0,0.0,0.0,0.0,0.0,74.0,0.0,17.5,64,2,2,6,9,9,1,2,2.0,2,2,1,74,1187,3721,904396,3,1,1,9,9,1,74,1187,3779
90439603102.0,90439603,904396031,158.16666666666666,102.16666666666666,59.33333333333333,56.0,3.33333333333333,0.0,0.0,98.83333333333331,28.83333333333333,7.0,15.83333333333333,3.0,0.0,3.0,0.0,0.0,70.0,14.0,0.0,0.0,0.0,0.0,0.0,0.0,14.0,56.0,0.0,0.0,0.0,0.0,0.0,0.0,0.0,0.0,0.0,45.66666666666666,0.0,56.0,38,2,6,3,9,9,1,2,3.0,2,2,1,74,1187,3726,904396,3,1,2,9,9,1,74,1187,3779
90439603103.0,90439603,904396031,92.25,92.25,74.0,60.0,14.0,0.0,0.0,18.25,18.25,8.33333333333333,5.0,4.75,0.0,0.0,0.16666666666666,0.0,0.0,0.0,0.0,0.0,0.0,0.0,0.0,0.0,0.0,0.0,0.0,0.0,0.0,0.0,0.0,0.0,0.0,0.0,0.0,66.5,0.0,11.5,33,2,6,3,9,9,1,2,3.0,2,2,1,74,1187,3731,904396,3,1,3,9,9,1,74,1187,3779
91116605101.0,91116605,911166051,56.18333333333333,56.18333333333333,25.41666666666666,25.0,0.41666666666666,0.0,0.0,30.76666666666666,23.76666666666666,5.0,10.16666666666666,0.33333333333333,0.0,8.0,0.0,0.26666666666666,7.0,7.0,0.0,0.0,0.0,0.0,0.0,0.0,7.0,0.0,0.0,0.0,0.0,0.0,0.0,0.0,0.0,0.0,0.0,76.25,0.0,36.0,60,2,5,3,9,9,1,2,3.0,2,2,1,73,1238,4045,911166,5,1,1,9,9,1,73,1238,4104
91116605102.0,91116605,911166051,56.1,56.1,0.0,0.0,0.0,0.0,0.0,56.1,47.1,22.0,13.58333333333333,1.08333333333333,1.5,8.41666666666666,0.0,0.51666666666666,1.0,1.0,0.0,0.0,0.0,0.0,0.0,0.0,0.0,1.0,1.0,8.0,8.0,0.0,0.0,8.0,0.0,0.0,0.0,76.5,0.0,24.91666666666666,59,1,8,2,9,9,1,2,4.0,2,2,3,73,1238,4126,911166,5,1,2,9,9,1,73,1238,4104
91119101101.0,91119101,911191011,7.0,7.0,0.0,0.0,0.0,0.0,0.0,7.0,7.0,3.5,3.5,0.0,0.0,0.0,0.0,0.0,0.0,0.0,0.0,0.0,0.0,0.0,0.0,0.0,0.0,0.0,0.0,0.0,0.0,0.0,0.0,0.0,0.0,0.0,0.0,91.0,0.0,72.0,77,2,5,3,9,9,1,2,3.0,2,1,6,73,1239,3810,911191,1,1,1,9,9,1,73,1239,3802
91119102101.0,91119102,911191021,145.46666666666667,145.46666666666667,64.0,52.0,12.0,0.0,0.0,81.46666666666665,21.46666666666666,0.0,11.33333333333333,2.96666666666666,0.0,3.16666666666666,1.5,2.5,58.0,58.0,0.0,0.0,58.0,58.0,0.0,0.0,0.0,0.0,0.0,2.0,2.0,1.0,0.0,1.0,0.0,0.0,0.0,59.5,0.0,12.25,39,2,9,1,9,9,1,2,5.0,2,2,1,73,1239,3753,911191,2,1,1,9,9,1,73,1239,3802
91119103101.0,91119103,911191031,65.66666666666666,65.66666666666666,49.0,43.0,6.0,0.0,0.0,16.66666666666666,16.66666666666666,7.5,5.0,2.0,0.08333333333333,1.5,0.0,0.58333333333333,0.0,0.0,0.0,0.0,0.0,0.0,0.0,0.0,0.0,0.0,0.0,0.0,0.0,0.0,0.0,0.0,0.0,0.0,0.0,68.25,0.0,39.5,66,1,9,1,9,9,1,2,5.0,2,2,1,73,1239,3779,911191,3,1,1,9,9,1,73,1239,3802
91119103102.0,91119103,911191031,67.25,67.25,47.5,45.0,2.5,0.0,0.0,19.75,17.75,7.0,5.16666666666666,1.5,0.66666666666666,3.0,0.08333333333333,0.33333333333333,0.0,0.0,0.0,0.0,0.0,0.0,0.0,0.0,0.0,0.0,0.0,2.0,2.0,2.0,0.0,0.0,0.0,0.0,0.0,64.33333333333333,0.0,15.41666666666666,31,2,8,3,9,9,1,2,4.0,2,2,1,73,1239,3759,911191,3,1,2,9,9,1,73,1239,3802
91119104101.0,91119104,911191041,8.39999999999999,8.39999999999999,0.0,0.0,0.0,0.0,0.0,8.39999999999999,8.39999999999999,4.08333333333333,2.5,0.58333333333333,0.0,1.0,0.0,0.23333333333333,0.0,0.0,0.0,0.0,0.0,0.0,0.0,0.0,0.0,0.0,0.0,0.0,0.0,0.0,0.0,0.0,0.0,0.0,0.0,45.63333333333333,0.0,22.5,62,2,5,3,9,9,1,2,3.0,2,2,5,73,1239,3748,911191,4,1,1,9,9,1,73,1239,3802
90384802103.0,90384802,903848021,69.66666666666666,69.66666666666666,54.0,36.0,18.0,0.0,0.0,15.66666666666666,10.16666666666666,0.5,5.16666666666666,0.91666666666666,0.0,3.0,0.0,0.58333333333333,5.0,5.0,0.0,0.0,0.0,0.0,4.0,4.0,1.0,0.0,0.0,0.5,0.5,0.5,0.0,0.0,0.0,0.0,0.0,58.5,10.0,12.0,21,1,8,1,9,9,1,2,4.0,2,2,1,76,1183,4196,903848,2,1,3,9,9,1,76,1183,4111
90384802104.0,90384802,903848021,55.25,55.25,49.0,42.0,7.0,0.0,0.0,6.25,6.0,0.0,3.5,2.5,0.0,0.0,0.0,0.0,0.25,0.25,0.0,0.0,0.0,0.0,0.0,0.0,0.25,0.0,0.0,0.0,0.0,0.0,0.0,0.0,0.0,0.0,0.0,66.5,0.0,21.16666666666666,28,2,8,4,9,9,1,2,4.0,2,2,1,76,1183,4104,903848,2,1,4,9,9,1,76,1183,4111
90384803101.0,90384803,903848031,93.0,93.0,91.0,70.0,21.0,0.0,0.0,2.0,2.0,0.0,0.0,0.0,0.0,2.0,0.0,0.0,0.0,0.0,0.0,0.0,0.0,0.0,0.0,0.0,0.0,0.0,0.0,0.0,0.0,0.0,0.0,0.0,0.0,0.0,0.0,49.16666666666666,0.0,3.0,36,1,2,6,9,9,1,2,2.0,2,2,1,76,1183,4136,903848,3,1,1,9,9,1,76,1183,4111
90384803102.0,90384803,903848031,75.23333333333333,33.23333333333333,0.0,0.0,0.0,0.0,0.0,75.23333333333333,22.06666666666666,6.86666666666666,7.08333333333333,3.5,0.0,4.5,0.0,0.11666666666666,53.16666666666666,11.16666666666666,0.0,0.0,45.5,10.5,7.66666666666666,0.66666666666666,0.0,0.0,0.0,0.0,0.0,0.0,0.0,0.0,0.0,0.0,0.0,76.0,0.0,2.0,33,2,2,5,9,9,1,2,2.0,2,2,5,76,1183,4082,903848,3,1,2,9,9,1,76,1183,4111
90384804101.0,90384804,903848041,0.0,0.0,0.0,0.0,0.0,0.0,0.0,0.0,0.0,0.0,0.0,0.0,0.0,0.0,0.0,0.0,0.0,0.0,0.0,0.0,0.0,0.0,0.0,0.0,0.0,0.0,0.0,0.0,0.0,0.0,0.0,0.0,0.0,0.0,0.0,84.5,0.0,6.5,65,1,8,4,9,9,1,2,4.0,2,2,3,76,1183,4105,903848,4,1,1,9,9,1,76,1183,4111
90384804102.0,90384804,903848041,51.0,51.0,0.0,0.0,0.0,0.0,0.0,51.0,36.5,10.33333333333333,19.16666666666666,3.5,0.0,3.0,0.25,0.25,14.5,14.5,14.5,14.5,0.0,0.0,0.0,0.0,0.0,0.0,0.0,0.0,0.0,0.0,0.0,0.0,0.0,0.0,0.0,66.5,0.0,10.0,63,2,3,3,9,9,1,2,2.0,2,2,5,76,1183,4071,903848,4,1,2,9,9,1,76,1183,4111
90384804103.0,90384804,903848041,65.75,65.75,52.5,45.0,7.5,0.0,0.0,13.25,11.08333333333333,3.83333333333333,3.0,1.91666666666666,0.0,2.0,0.33333333333333,0.0,2.16666666666666,2.16666666666666,1.16666666666666,1.16666666666666,0.0,0.0,0.0,0.0,0.0,1.0,1.0,0.0,0.0,0.0,0.0,0.0,0.0,0.0,0.0,58.83333333333333,0.0,10.33333333333333,33,2,8,4,9,9,1,2,4.0,2,2,1,76,1183,4082,903848,4,1,3,9,9,1,76,1183,4111
90061802101.0,90061802,900618021,60.08333333333333,60.08333333333333,50.0,50.0,0.0,0.0,0.0,10.08333333333333,8.08333333333333,0.0,5.5,0.0,0.0,2.0,0.08333333333333,0.5,2.0,2.0,0.0,0.0,0.0,0.0,0.0,0.0,2.0,0.0,0.0,0.0,0.0,0.0,0.0,0.0,0.0,0.0,0.0,58.25,0.0,13.0,38,1,8,4,9,9,1,2,4.0,2,2,1,74,1155,3509,900618,2,1,1,9,9,1,74,1155,3508
90061802102.0,90061802,900618021,68.58333333333333,68.58333333333333,45.0,45.0,0.0,0.0,0.0,23.58333333333333,22.08333333333333,7.5,11.33333333333333,1.25,0.0,2.0,0.0,0.0,1.5,1.5,0.0,0.0,0.0,0.0,0.0,0.0,1.5,0.0,0.0,0.0,0.0,0.0,0.0,0.0,0.0,0.0,0.0,77.75,0.0,17.0,38,2,8,4,9,9,1,2,4.0,2,2,1,74,1155,3459,900618,2,1,2,9,9,1,74,1155,3508
90988304101.0,90988304,909883041,31.41666666666666,31.41666666666666,17.5,15.0,2.5,0.0,0.0,13.91666666666666,11.91666666666666,1.5,6.5,2.0,0.5,0.0,0.5,0.91666666666666,2.0,2.0,1.5,1.5,0.0,0.0,0.0,0.0,0.5,0.0,0.0,0.0,0.0,0.0,0.0,0.0,0.0,0.0,0.0,56.0,0.0,9.75,71,1,6,3,9,9,1,2,3.0,2,1,1,74,1229,3260,909883,4,1,1,9,9,1,74,1229,3300
90988304102.0,90988304,909883041,64.58333333333333,64.58333333333333,0.0,0.0,0.0,0.0,0.0,64.58333333333333,44.08333333333333,31.5,9.0,2.0,0.0,0.0,1.0,0.58333333333333,15.5,15.5,0.0,0.0,0.0,0.0,0.0,0.0,7.0,8.5,8.5,5.0,5.0,0.0,5.0,0.0,0.0,0.0,0.0,80.5,0.0,19.75,68,2,7,3,9,9,1,2,4.0,2,1,5,74,1229,3277,909883,4,1,2,9,9,1,74,1229,3300
90988304103.0,90988304,909883041,144.41666666666666,112.41666666666666,76.0,56.0,20.0,0.0,0.0,68.41666666666666,15.25,7.0,5.16666666666666,2.16666666666666,0.0,0.25,0.58333333333333,0.08333333333333,53.16666666666666,21.16666666666666,26.0,10.0,0.0,0.0,0.0,0.0,0.0,27.16666666666666,11.16666666666666,0.0,0.0,0.0,0.0,0.0,0.0,0.0,0.0,65.5,4.0,13.0,34,2,10,2,9,9,1,2,5.0,2,2,1,74,1229,3258,909883,4,1,3,9,9,1,74,1229,3300
90988305101.0,90988305,909883051,87.96666666666665,87.96666666666665,61.0,60.0,1.0,0.0,0.0,26.96666666666666,26.96666666666666,7.0,13.66666666666666,1.33333333333333,0.16666666666666,3.13333333333333,0.91666666666666,0.75,0.0,0.0,0.0,0.0,0.0,0.0,0.0,0.0,0.0,0.0,0.0,0.0,0.0,0.0,0.0,0.0,0.0,0.0,0.0,63.0,0.0,22.83333333333333,68,1,11,6,9,9,1,2,5.0,2,2,1,74,1229,3276,909883,5,1,1,9,9,1,74,1229,3300
91019501101.0,91019501,910195011,58.53333333333333,54.53333333333333,0.0,0.0,0.0,0.0,0.0,58.53333333333333,33.53333333333333,10.0,7.41666666666666,7.5,4.0,4.0,0.5,0.11666666666666,24.0,20.0,24.0,20.0,0.0,0.0,0.0,0.0,0.0,0.0,0.0,1.0,1.0,1.0,0.0,0.0,0.0,0.0,0.0,49.0,0.0,16.0,62,1,4,4,9,9,1,2,3.0,2,2,3,76,1230,4434,910195,1,1,1,9,9,1,76,1230,4433
90439603104.0,90439603,904396031,8.0,8.0,0.0,0.0,0.0,0.0,0.0,8.0,5.83333333333333,2.33333333333333,3.0,0.5,0.0,0.0,0.0,0.0,2.16666666666666,2.16666666666666,0.0,0.0,0.0,0.0,0.0,0.0,0.0,2.16666666666666,2.16666666666666,0.0,0.0,0.0,0.0,0.0,0.0,0.0,0.0,88.0,0.0,49.66666666666666,16,2,5,1,9,9,1,2,3.0,2,2,4,74,1187,3791,904396,3,1,4,9,9,1,74,1187,3779
90439603105.0,90439603,904396031,9.16666666666666,9.16666666666666,0.0,0.0,0.0,0.0,0.0,9.16666666666666,9.0,7.0,1.0,1.0,0.0,0.0,0.0,0.0,0.16666666666666,0.16666666666666,0.0,0.0,0.0,0.0,0.0,0.0,0.0,0.16666666666666,0.16666666666666,0.0,0.0,0.0,0.0,0.0,0.0,0.0,0.0,103.5,52.5,17.0,15,1,3,1,9,9,1,2,2.0,2,2,4,74,1187,3805,904396,3,1,5,9,9,1,74,1187,3779
90439604101.0,90439604,904396041,179.16666666666666,127.16666666666666,57.0,48.0,9.0,0.0,0.0,122.16666666666666,32.16666666666666,14.5,9.83333333333333,3.0,0.0,3.0,0.0,1.83333333333333,90.0,38.0,0.0,0.0,56.0,30.0,34.0,8.0,0.0,0.0,0.0,0.0,0.0,0.0,0.0,0.0,0.0,0.0,0.0,46.83333333333333,0.0,28.0,39,2,10,2,9,9,1,2,5.0,2,2,1,74,1187,3726,904396,4,1,1,9,9,1,74,1187,3779
90439605101.0,90439605,904396051,55.08333333333333,55.08333333333333,47.0,40.0,7.0,0.0,0.0,8.08333333333333,7.08333333333333,0.0,2.16666666666666,2.91666666666666,0.0,2.0,0.0,0.0,1.0,1.0,0.0,0.0,0.0,0.0,0.0,0.0,0.0,1.0,1.0,0.0,0.0,0.0,0.0,0.0,0.0,0.0,0.0,74.0,0.0,17.0,70,1,6,3,9,9,1,2,3.0,2,2,1,74,1187,3734,904396,5,1,1,9,9,1,74,1187,3779
90439605102.0,90439605,904396051,109.33333333333331,109.33333333333331,0.0,0.0,0.0,0.0,0.0,109.33333333333331,46.33333333333333,21.0,18.66666666666666,4.0,0.0,2.66666666666666,0.0,0.0,7.0,7.0,0.0,0.0,0.0,0.0,0.0,0.0,2.0,5.0,5.0,56.0,56.0,0.0,0.0,56.0,0.0,0.0,0.0,87.66666666666666,0.0,37.55,66,2,3,1,9,9,1,2,2.0,2,2,5,74,1187,3753,904396,5,1,2,9,9,1,74,1187,3779
90439605103.0,90439605,904396051,93.41666666666666,93.41666666666666,74.5,70.0,4.5,0.0,0.0,18.91666666666666,17.41666666666666,7.0,7.16666666666666,3.0,0.0,0.0,0.25,0.0,1.5,1.5,0.0,0.0,0.0,0.0,0.0,0.0,0.0,1.5,1.5,0.0,0.0,0.0,0.0,0.0,0.0,0.0,0.0,53.33333333333333,0.0,45.5,36,1,3,3,9,9,1,2,2.0,2,2,1,74,1187,3780,904396,5,1,3,9,9,1,74,1187,3779
90473101101.0,90473101,904731011,124.48333333333332,110.48333333333332,77.0,63.0,14.0,0.0,0.0,47.48333333333333,20.28333333333333,5.25,8.75,4.66666666666666,0.0,1.5,0.0,0.11666666666666,23.7,9.7,23.7,9.7,0.0,0.0,0.0,0.0,0.0,0.0,0.0,3.5,3.5,0.0,0.0,3.5,0.0,0.0,0.0,74.66666666666666,0.0,42.83333333333333,61,1,6,3,9,9,1,2,3.0,2,2,1,76,1188,4009,904731,1,1,1,9,9,1,76,1188,4009
91103904102.0,91103904,911039041,90.08333333333331,90.08333333333331,55.0,48.0,7.0,0.0,7.0,28.08333333333333,22.08333333333333,5.58333333333333,7.5,6.0,0.0,3.0,0.0,0.0,0.0,0.0,0.0,0.0,0.0,0.0,0.0,0.0,0.0,0.0,0.0,6.0,6.0,0.0,0.0,6.0,0.0,0.0,0.0,72.5,0.0,24.0,44,2,8,1,9,9,1,2,4.0,2,2,1,76,1236,4483,911039,4,1,2,9,9,1,76,1236,4521
91103904103.0,91103904,911039041,17.25,17.25,0.0,0.0,0.0,0.0,0.0,17.25,11.25,0.25,11.0,0.0,0.0,0.0,0.0,0.0,2.0,2.0,0.0,0.0,0.0,0.0,0.0,0.0,2.0,0.0,0.0,4.0,4.0,0.0,0.0,4.0,0.0,0.0,0.0,68.08333333333333,55.0,41.0,22,2,8,2,9,9,1,2,4.0,2,2,4,76,1236,4567,911039,4,1,3,9,9,1,76,1236,4521
91103904104.0,91103904,911039041,9.0,9.0,0.0,0.0,0.0,0.0,0.0,9.0,5.0,0.0,2.0,0.0,0.0,3.0,0.0,0.0,0.0,0.0,0.0,0.0,0.0,0.0,0.0,0.0,0.0,0.0,0.0,4.0,4.0,0.0,0.0,4.0,0.0,0.0,0.0,68.83333333333333,63.5,37.5,20,2,8,2,9,9,1,2,4.0,2,2,4,76,1236,4567,911039,4,1,4,9,9,1,76,1236,4521
91103905101.0,91103905,911039051,82.95,82.95,55.0,40.0,15.0,0.0,0.0,27.95,15.95,0.5,5.58333333333333,7.75,0.0,2.0,0.0,0.11666666666666,0.0,0.0,0.0,0.0,0.0,0.0,0.0,0.0,0.0,0.0,0.0,12.0,12.0,0.0,0.0,12.0,0.0,0.0,0.0,64.16666666666666,0.0,35.5,38,1,6,3,9,9,1,2,3.0,2,2,1,76,1236,4549,911039,5,1,1,9,9,1,76,1236,4521
91103905102.0,91103905,911039051,107.41666666666666,107.41666666666666,55.0,40.0,15.0,0.0,0.0,52.41666666666666,25.91666666666666,8.58333333333333,9.33333333333333,2.5,0.0,5.5,0.0,0.0,2.5,2.5,0.0,0.0,0.0,0.0,0.0,0.0,2.5,0.0,0.0,24.0,24.0,0.0,0.0,24.0,0.0,0.0,0.0,68.5,0.0,6.0,51,2,3,3,9,9,1,2,2.0,2,2,1,76,1236,4511,911039,5,1,2,9,9,1,76,1236,4521
91116001101.0,91116001,911160011,0.0,0.0,0.0,0.0,0.0,0.0,0.0,0.0,0.0,0.0,0.0,0.0,0.0,0.0,0.0,0.0,0.0,0.0,0.0,0.0,0.0,0.0,0.0,0.0,0.0,0.0,0.0,0.0,0.0,0.0,0.0,0.0,0.0,0.0,0.0,78.0,0.0,18.0,78,2,0,0,9,9,1,2,1.0,2,1,5,76,1237,3654,911160,1,1,1,9,9,1,76,1237,3629
91116002101.0,91116002,911160021,91.76666666666667,91.76666666666667,90.0,72.0,18.0,0.0,0.0,1.76666666666666,1.76666666666666,0.0,1.5,0.0,0.0,0.0,0.0,0.26666666666666,0.0,0.0,0.0,0.0,0.0,0.0,0.0,0.0,0.0,0.0,0.0,0.0,0.0,0.0,0.0,0.0,0.0,0.0,0.0,56.0,0.0,7.75,47,1,7,3,9,9,1,2,4.0,2,2,1,76,1237,3674,911160,2,1,1,9,9,1,76,1237,3629
90384804104.0,90384804,903848041,13.33333333333333,13.33333333333333,0.0,0.0,0.0,0.0,0.0,13.33333333333333,13.33333333333333,0.0,9.75,0.0,0.0,3.0,0.0,0.58333333333333,0.0,0.0,0.0,0.0,0.0,0.0,0.0,0.0,0.0,0.0,0.0,0.0,0.0,0.0,0.0,0.0,0.0,0.0,0.0,94.0,0.0,66.33333333333333,25,1,6,3,9,9,1,2,3.0,2,2,6,76,1183,4173,903848,4,1,4,9,9,1,76,1183,4111
90384804105.0,90384804,903848041,58.66666666666666,58.66666666666666,56.0,54.0,2.0,0.0,0.0,2.66666666666666,2.66666666666666,1.33333333333333,0.0,0.66666666666666,0.66666666666666,0.0,0.0,0.0,0.0,0.0,0.0,0.0,0.0,0.0,0.0,0.0,0.0,0.0,0.0,0.0,0.0,0.0,0.0,0.0,0.0,0.0,0.0,59.5,0.0,27.33333333333333,20,1,6,3,9,9,1,2,3.0,2,2,1,76,1183,4196,903848,4,1,5,9,9,1,76,1183,4111
90384805101.0,90384805,903848051,77.33333333333333,77.33333333333333,67.0,60.0,7.0,0.0,0.0,10.33333333333333,5.16666666666666,0.0,0.0,0.0,0.0,1.5,0.16666666666666,3.5,5.16666666666666,5.16666666666666,0.0,0.0,4.5,4.5,0.66666666666666,0.66666666666666,0.0,0.0,0.0,0.0,0.0,0.0,0.0,0.0,0.0,0.0,0.0,73.5,0.0,11.5,31,1,3,3,9,9,1,2,2.0,2,2,1,76,1183,4201,903848,5,1,1,9,9,1,76,1183,4111
90384805102.0,90384805,903848051,165.41666666666666,150.41666666666666,0.0,0.0,0.0,0.0,0.0,165.41666666666666,47.91666666666666,14.0,16.83333333333333,12.66666666666666,0.0,1.5,0.25,2.66666666666666,44.5,29.5,0.0,0.0,37.66666666666666,22.66666666666666,6.83333333333333,6.83333333333333,0.0,0.0,0.0,73.0,73.0,3.0,0.0,70.0,0.0,0.0,0.0,63.5,0.0,35.16666666666666,30,2,6,3,9,9,1,2,3.0,2,2,5,76,1183,4082,903848,5,1,2,9,9,1,76,1183,4111
90396101101.0,90396101,903961011,135.25,135.25,102.0,90.0,12.0,0.0,0.0,33.25,31.08333333333333,7.5,12.58333333333333,1.33333333333333,1.0,3.5,0.66666666666666,4.5,2.16666666666666,2.16666666666666,0.0,0.0,0.0,0.0,0.0,0.0,2.16666666666666,0.0,0.0,0.0,0.0,0.0,0.0,0.0,0.0,0.0,0.0,42.5,0.0,36.16666666666666,27,1,8,4,9,9,1,2,4.0,2,2,1,73,1184,3715,903961,1,1,1,9,9,1,73,1184,3676
90396101102.0,90396101,903961011,80.08333333333333,80.08333333333333,54.0,48.0,6.0,0.0,0.0,26.08333333333333,23.58333333333333,7.0,12.0,3.0,0.0,1.0,0.0,0.58333333333333,2.5,2.5,0.0,0.0,0.0,0.0,0.0,0.0,2.5,0.0,0.0,0.0,0.0,0.0,0.0,0.0,0.0,0.0,0.0,72.0,0.0,36.0,32,2,7,3,9,9,1,2,4.0,2,2,1,73,1184,3634,903961,1,1,2,9,9,1,73,1184,3676
90396103101.0,90396103,903961031,38.0,38.0,0.0,0.0,0.0,0.0,0.0,38.0,31.0,13.66666666666666,11.16666666666666,2.16666666666666,0.0,2.0,1.0,1.0,0.0,0.0,0.0,0.0,0.0,0.0,0.0,0.0,0.0,0.0,0.0,7.0,7.0,0.0,0.0,7.0,0.0,0.0,0.0,63.0,0.0,35.0,63,2,5,3,9,9,1,2,3.0,2,2,3,73,1184,3624,903961,3,1,1,9,9,1,73,1184,3676
91019501102.0,91019501,910195011,59.5,59.5,0.0,0.0,0.0,0.0,0.0,59.5,50.0,21.0,17.0,2.0,0.0,5.0,5.0,0.0,0.0,0.0,0.0,0.0,0.0,0.0,0.0,0.0,0.0,0.0,0.0,9.5,8.0,0.0,0.0,8.0,1.5,0.0,0.0,69.0,0.0,17.0,58,2,8,3,9,9,1,2,4.0,2,2,3,76,1230,4353,910195,1,1,2,9,9,1,76,1230,4433
91019502101.0,91019502,910195021,37.46666666666666,37.46666666666666,25.5,24.0,1.5,0.0,0.0,11.96666666666666,2.46666666666666,1.16666666666666,0.55,0.25,0.5,0.0,0.0,0.0,3.5,3.5,0.0,0.0,0.0,0.0,0.0,0.0,3.5,0.0,0.0,6.0,6.0,0.0,0.0,6.0,0.0,0.0,0.0,60.25,0.0,2.0,55,1,3,3,9,9,1,2,2.0,1,2,1,76,1230,4478,910195,2,1,1,9,9,1,76,1230,4433
91019502102.0,91019502,910195021,23.16666666666666,23.16666666666666,17.66666666666666,16.0,1.66666666666666,0.0,0.0,5.5,5.33333333333333,4.0,1.16666666666666,0.0,0.0,0.0,0.0,0.16666666666666,0.16666666666666,0.16666666666666,0.0,0.0,0.0,0.0,0.0,0.0,0.16666666666666,0.0,0.0,0.0,0.0,0.0,0.0,0.0,0.0,0.0,0.0,65.33333333333333,0.0,41.0,58,2,2,6,9,9,1,2,2.0,2,2,1,76,1230,4353,910195,2,1,2,9,9,1,76,1230,4433
91019502103.0,91019502,910195021,73.6,73.6,65.5,62.0,3.5,0.0,0.0,8.1,1.1,0.0,0.5,0.1,0.0,0.0,0.5,0.0,7.0,7.0,0.0,0.0,0.0,0.0,0.0,0.0,7.0,0.0,0.0,0.0,0.0,0.0,0.0,0.0,0.0,0.0,0.0,60.66666666666666,0.0,61.0,30,1,6,3,9,9,1,2,3.0,2,2,1,76,1230,4531,910195,2,1,3,9,9,1,76,1230,4433
91019502104.0,91019502,910195021,73.16666666666666,73.16666666666666,52.0,46.0,6.0,0.0,0.0,21.16666666666666,21.16666666666666,3.0,12.5,5.16666666666666,0.0,0.5,0.0,0.0,0.0,0.0,0.0,0.0,0.0,0.0,0.0,0.0,0.0,0.0,0.0,0.0,0.0,0.0,0.0,0.0,0.0,0.0,0.0,79.83333333333333,0.0,39.5,27,2,7,3,9,9,1,2,4.0,2,2,1,76,1230,4426,910195,2,1,4,9,9,1,76,1230,4433
91019503101.0,91019503,910195031,49.16666666666666,49.16666666666666,35.08333333333333,35.0,0.08333333333333,0.0,0.0,14.08333333333333,14.08333333333333,4.5,7.33333333333333,0.0,0.0,2.0,0.0,0.25,0.0,0.0,0.0,0.0,0.0,0.0,0.0,0.0,0.0,0.0,0.0,0.0,0.0,0.0,0.0,0.0,0.0,0.0,0.0,76.66666666666666,0.0,13.0,28,1,3,3,9,9,1,2,2.0,2,2,1,76,1230,4501,910195,3,1,1,9,9,1,76,1230,4433
91019504101.0,91019504,910195041,6.83333333333333,6.83333333333333,0.0,0.0,0.0,0.0,0.0,6.83333333333333,6.83333333333333,6.5,0.0,0.0,0.0,0.33333333333333,0.0,0.0,0.0,0.0,0.0,0.0,0.0,0.0,0.0,0.0,0.0,0.0,0.0,0.0,0.0,0.0,0.0,0.0,0.0,0.0,0.0,148.0,0.0,9.5,60,2,3,3,9,9,1,2,2.0,2,1,5,76,1230,4390,910195,4,1,1,9,9,1,76,1230,4433
90473101102.0,90473101,904731011,9.16666666666666,9.16666666666666,0.0,0.0,0.0,0.0,0.0,9.16666666666666,3.5,3.5,0.0,0.0,0.0,0.0,0.0,0.0,5.66666666666666,5.66666666666666,0.0,0.0,0.0,0.0,0.0,0.0,0.0,5.66666666666666,5.66666666666666,0.0,0.0,0.0,0.0,0.0,0.0,0.0,0.0,85.5,0.0,62.0,61,2,2,6,9,9,1,2,2.0,2,1,5,76,1188,3970,904731,1,1,2,9,9,1,76,1188,4009
90473102101.0,90473102,904731021,102.91666666666666,102.91666666666666,63.0,56.0,7.0,0.0,3.0,36.91666666666666,27.41666666666666,0.0,20.66666666666666,0.0,0.0,3.0,3.75,0.0,9.5,9.5,0.0,0.0,0.0,0.0,6.33333333333333,6.33333333333333,3.16666666666666,0.0,0.0,0.0,0.0,0.0,0.0,0.0,0.0,0.0,0.0,62.66666666666666,0.0,28.03333333333333,55,1,8,4,9,9,1,2,4.0,2,2,1,76,1188,4049,904731,2,1,1,9,9,1,76,1188,4009
90473102102.0,90473102,904731021,139.5,83.5,0.0,0.0,0.0,0.0,0.0,139.5,61.5,24.5,26.0,7.5,0.0,3.5,0.0,0.0,78.0,22.0,0.0,0.0,0.0,0.0,73.0,17.0,5.0,0.0,0.0,0.0,0.0,0.0,0.0,0.0,0.0,0.0,0.0,72.5,0.0,46.0,53,2,5,3,9,9,1,2,3.0,2,2,5,76,1188,4000,904731,2,1,2,9,9,1,76,1188,4009
90473103101.0,90473103,904731031,90.91666666666666,90.91666666666666,40.16666666666666,40.0,0.16666666666666,0.0,5.0,45.75,42.75,18.0,15.66666666666666,3.0,0.0,5.0,0.5,0.58333333333333,3.0,3.0,0.0,0.0,0.0,0.0,0.0,0.0,3.0,0.0,0.0,0.0,0.0,0.0,0.0,0.0,0.0,0.0,0.0,40.0,0.0,1.63333333333333,58,2,3,2,9,9,1,2,2.0,2,2,1,76,1188,3936,904731,3,1,1,9,9,1,76,1188,4009
90473103102.0,90473103,904731031,173.0,113.0,40.16666666666666,40.0,0.16666666666666,0.0,0.0,132.83333333333331,55.5,35.0,11.5,3.0,0.0,5.0,0.0,1.0,77.33333333333333,17.33333333333333,0.0,0.0,0.0,0.0,73.16666666666666,13.16666666666666,4.16666666666666,0.0,0.0,0.0,0.0,0.0,0.0,0.0,0.0,0.0,0.0,58.83333333333333,0.0,8.75,33,2,6,2,9,9,1,2,3.0,2,2,1,76,1188,3981,904731,3,1,2,9,9,1,76,1188,4009
90088602103.0,90088602,900886021,71.0,71.0,63.0,60.0,3.0,0.0,0.0,8.0,8.0,1.5,3.0,3.33333333333333,0.0,0.0,0.0,0.16666666666666,0.0,0.0,0.0,0.0,0.0,0.0,0.0,0.0,0.0,0.0,0.0,0.0,0.0,0.0,0.0,0.0,0.0,0.0,0.0,57.75,0.0,9.16666666666666,26,1,6,3,9,9,1,2,3.0,2,2,1,74,1158,4197,900886,2,1,3,9,9,1,74,1158,4158
90088602104.0,90088602,900886021,6.0,6.0,0.0,0.0,0.0,0.0,0.0,6.0,6.0,1.0,3.5,1.5,0.0,0.0,0.0,0.0,0.0,0.0,0.0,0.0,0.0,0.0,0.0,0.0,0.0,0.0,0.0,0.0,0.0,0.0,0.0,0.0,0.0,0.0,0.0,80.5,0.0,16.58333333333333,22,2,6,1,9,9,1,2,3.0,2,2,6,74,1158,4176,900886,2,1,4,9,9,1,74,1158,4158
91116003101.0,91116003,911160031,67.66666666666666,67.66666666666666,65.0,45.0,20.0,0.0,0.0,2.66666666666666,1.66666666666666,0.41666666666666,0.5,0.0,0.16666666666666,0.0,0.0,0.58333333333333,1.0,1.0,0.0,0.0,1.0,1.0,0.0,0.0,0.0,0.0,0.0,0.0,0.0,0.0,0.0,0.0,0.0,0.0,0.0,58.5,0.0,6.0,64,1,2,6,9,9,1,2,2.0,2,2,1,76,1237,3630,911160,3,1,1,9,9,1,76,1237,3629
91116003102.0,91116003,911160031,15.41666666666666,15.41666666666666,0.0,0.0,0.0,0.0,0.33333333333333,15.08333333333333,15.08333333333333,9.25,2.75,0.83333333333333,0.0,2.0,0.0,0.25,0.0,0.0,0.0,0.0,0.0,0.0,0.0,0.0,0.0,0.0,0.0,0.0,0.0,0.0,0.0,0.0,0.0,0.0,0.0,61.75,0.0,14.83333333333333,55,2,2,6,9,9,1,2,2.0,2,2,5,76,1237,3564,911160,3,1,2,9,9,1,76,1237,3629
91116003103.0,91116003,911160031,131.5,99.5,48.0,38.0,10.0,0.0,0.0,83.49999999999999,22.16666666666666,7.5,7.33333333333333,2.58333333333333,0.0,4.0,0.16666666666666,0.58333333333333,61.33333333333333,29.33333333333333,0.0,0.0,37.83333333333333,21.83333333333333,23.5,7.5,0.0,0.0,0.0,0.0,0.0,0.0,0.0,0.0,0.0,0.0,0.0,66.0,0.0,7.75,35,2,8,4,9,9,1,2,4.0,2,2,1,76,1237,3599,911160,3,1,3,9,9,1,76,1237,3629
91116003104.0,91116003,911160031,124.41666666666666,124.41666666666666,123.5,120.0,3.5,0.0,0.0,0.91666666666666,0.91666666666666,0.0,0.5,0.0,0.25,0.0,0.0,0.16666666666666,0.0,0.0,0.0,0.0,0.0,0.0,0.0,0.0,0.0,0.0,0.0,0.0,0.0,0.0,0.0,0.0,0.0,0.0,0.0,41.5,0.0,3.0,32,1,3,3,9,9,1,2,2.0,2,2,1,76,1237,3709,911160,3,1,4,9,9,1,76,1237,3629
91116003105.0,91116003,911160031,68.66666666666666,68.66666666666666,60.0,40.0,20.0,0.0,0.0,8.66666666666666,8.66666666666666,3.83333333333333,3.25,0.0,0.0,1.0,0.25,0.33333333333333,0.0,0.0,0.0,0.0,0.0,0.0,0.0,0.0,0.0,0.0,0.0,0.0,0.0,0.0,0.0,0.0,0.0,0.0,0.0,56.0,0.0,11.0,24,2,2,6,9,9,1,2,2.0,2,2,1,76,1237,3666,911160,3,1,5,9,9,1,76,1237,3629
91116004101.0,91116004,911160041,44.33333333333333,44.33333333333333,27.0,24.0,3.0,0.0,0.0,17.33333333333333,17.08333333333333,9.5,4.5,2.5,0.0,0.0,0.0,0.58333333333333,0.25,0.25,0.0,0.0,0.25,0.25,0.0,0.0,0.0,0.0,0.0,0.0,0.0,0.0,0.0,0.0,0.0,0.0,0.0,66.0,0.0,5.83333333333333,51,2,3,1,9,9,1,2,2.0,2,2,1,76,1237,3622,911160,4,1,1,9,9,1,76,1237,3629
91116004102.0,91116004,911160041,131.75,121.75,99.5,90.0,9.5,0.0,0.0,32.25,3.0,0.0,0.0,0.0,0.0,3.0,0.0,0.0,29.25,19.25,0.0,0.0,21.75,11.75,0.0,0.0,7.5,0.0,0.0,0.0,0.0,0.0,0.0,0.0,0.0,0.0,0.0,48.0,0.0,2.0,28,1,6,3,9,9,1,2,3.0,2,2,1,76,1237,3685,911160,4,1,2,9,9,1,76,1237,3629
90396103102.0,90396103,903961031,62.0,62.0,48.0,40.0,8.0,0.0,0.0,14.0,14.0,8.5,2.0,3.0,0.0,0.5,0.0,0.0,0.0,0.0,0.0,0.0,0.0,0.0,0.0,0.0,0.0,0.0,0.0,0.0,0.0,0.0,0.0,0.0,0.0,0.0,0.0,65.33333333333333,0.0,18.0,41,1,8,5,9,9,1,2,4.0,2,2,1,73,1184,3750,903961,3,1,2,9,9,1,73,1184,3676
90396104101.0,90396104,903961041,12.99999999999999,12.99999999999999,0.0,0.0,0.0,0.0,0.0,12.99999999999999,12.99999999999999,4.08333333333333,6.83333333333333,0.0,0.0,0.0,1.0,1.08333333333333,0.0,0.0,0.0,0.0,0.0,0.0,0.0,0.0,0.0,0.0,0.0,0.0,0.0,0.0,0.0,0.0,0.0,0.0,0.0,92.0,0.0,18.0,71,2,5,3,9,9,1,2,3.0,2,2,5,73,1184,3683,903961,4,1,1,9,9,1,73,1184,3676
90419801101.0,90419801,904198011,24.25,24.25,0.0,0.0,0.0,0.0,1.0,23.25,23.25,11.0,6.0,0.0,0.0,5.0,0.0,1.25,0.0,0.0,0.0,0.0,0.0,0.0,0.0,0.0,0.0,0.0,0.0,0.0,0.0,0.0,0.0,0.0,0.0,0.0,0.0,84.83333333333333,0.0,10.0,69,2,2,4,9,9,1,2,2.0,2,2,5,74,1185,3204,904198,1,1,1,9,9,1,74,1185,3226
90419802101.0,90419802,904198021,97.58333333333331,27.58333333333333,5.0,2.0,3.0,0.0,0.0,92.58333333333331,19.08333333333333,6.0,7.58333333333333,0.66666666666666,0.0,2.0,2.25,0.58333333333333,73.5,3.5,0.0,0.0,0.0,0.0,0.0,0.0,0.0,73.5,3.5,0.0,0.0,0.0,0.0,0.0,0.0,0.0,0.0,84.25,0.0,22.0,76,1,3,3,9,9,1,2,2.0,2,2,1,74,1185,3284,904198,2,1,1,9,9,1,74,1185,3226
90419802102.0,90419802,904198021,93.5,23.5,0.0,0.0,0.0,0.0,0.0,93.5,23.5,10.5,10.0,3.0,0.0,0.0,0.0,0.0,70.0,0.0,0.0,0.0,0.0,0.0,0.0,0.0,0.0,70.0,0.0,0.0,0.0,0.0,0.0,0.0,0.0,0.0,0.0,89.83333333333333,0.0,21.0,72,2,2,4,9,9,1,2,2.0,2,2,5,74,1185,3228,904198,2,1,2,9,9,1,74,1185,3226
90419802103.0,90419802,904198021,77.4,77.4,70.0,56.0,14.0,0.0,0.0,7.4,7.4,1.0,3.5,2.66666666666666,0.0,0.0,0.0,0.23333333333333,0.0,0.0,0.0,0.0,0.0,0.0,0.0,0.0,0.0,0.0,0.0,0.0,0.0,0.0,0.0,0.0,0.0,0.0,0.0,77.0,0.0,51.0,35,1,8,1,9,9,1,2,4.0,2,2,1,74,1185,3227,904198,2,1,3,9,9,1,74,1185,3226
90419803101.0,90419803,904198031,72.83333333333333,72.83333333333333,50.0,40.0,10.0,0.0,0.0,22.83333333333333,22.83333333333333,9.33333333333333,6.23333333333333,2.08333333333333,2.0,2.0,0.33333333333333,0.85,0.0,0.0,0.0,0.0,0.0,0.0,0.0,0.0,0.0,0.0,0.0,0.0,0.0,0.0,0.0,0.0,0.0,0.0,0.0,68.16666666666666,0.0,40.5,55,1,6,3,9,9,1,2,3.0,2,2,1,74,1185,3240,904198,3,1,1,9,9,1,74,1185,3226
91060001101.0,91060001,910600011,13.03333333333333,13.03333333333333,0.0,0.0,0.0,0.0,0.0,13.03333333333333,8.03333333333333,3.58333333333333,3.16666666666666,0.0,1.0,0.03333333333333,0.0,0.25,0.0,0.0,0.0,0.0,0.0,0.0,0.0,0.0,0.0,0.0,0.0,5.0,5.0,0.0,0.0,5.0,0.0,0.0,0.0,112.0,0.0,40.5,73,1,10,1,9,9,1,2,5.0,2,2,3,73,1231,4451,910600,1,1,1,9,9,1,73,1231,4499
91060001102.0,91060001,910600011,84.25,84.25,0.0,0.0,0.0,0.0,0.0,84.25,44.0,28.0,15.16666666666666,0.5,0.0,0.0,0.0,0.33333333333333,5.25,5.25,5.25,5.25,0.0,0.0,0.0,0.0,0.0,0.0,0.0,35.0,35.0,0.0,0.0,35.0,0.0,0.0,0.0,41.66666666666666,0.0,7.0,70,2,8,4,9,9,1,2,4.0,2,2,3,73,1231,4507,910600,1,1,2,9,9,1,73,1231,4499
91060001103.0,91060001,910600011,50.41666666666666,50.41666666666666,0.0,0.0,0.0,0.0,36.0,14.41666666666666,14.41666666666666,7.0,4.75,2.5,0.0,0.0,0.0,0.16666666666666,0.0,0.0,0.0,0.0,0.0,0.0,0.0,0.0,0.0,0.0,0.0,0.0,0.0,0.0,0.0,0.0,0.0,0.0,0.0,52.25,0.0,36.0,61,2,6,3,9,9,1,2,3.0,2,2,1,73,1231,4436,910600,1,1,3,9,9,1,73,1231,4499
91060003101.0,91060003,910600031,80.16666666666666,79.66666666666666,15.33333333333333,12.0,3.33333333333333,0.0,14.0,50.83333333333333,15.33333333333333,9.5,2.5,2.33333333333333,1.0,0.0,0.0,0.0,35.5,35.0,0.0,0.0,0.0,0.0,35.5,35.0,0.0,0.0,0.0,0.0,0.0,0.0,0.0,0.0,0.0,0.0,0.0,61.0,0.0,30.25,28,1,8,1,9,9,1,2,4.0,2,2,1,73,1231,4547,910600,3,1,1,9,9,1,73,1231,4499
91060003102.0,91060003,910600031,120.25,89.25,48.5,48.0,0.5,0.0,0.0,71.75,20.75,7.0,9.5,2.0,0.0,2.0,0.0,0.25,51.0,20.0,0.0,0.0,0.0,0.0,51.0,20.0,0.0,0.0,0.0,0.0,0.0,0.0,0.0,0.0,0.0,0.0,0.0,56.0,0.0,28.0,32,2,10,2,9,9,1,2,5.0,2,2,1,73,1231,4448,910600,3,1,2,9,9,1,73,1231,4499
91060005101.0,91060005,910600051,77.16666666666666,77.16666666666666,50.0,35.0,15.0,0.0,6.0,21.16666666666666,14.16666666666666,5.5,2.66666666666666,2.0,2.5,0.0,1.0,0.5,0.0,0.0,0.0,0.0,0.0,0.0,0.0,0.0,0.0,0.0,0.0,7.0,7.0,0.0,0.0,7.0,0.0,0.0,0.0,39.0,0.0,44.0,43,1,8,4,9,9,1,2,4.0,2,2,1,73,1231,4590,910600,5,1,1,9,9,1,73,1231,4499
91065501101.0,91065501,910655011,3.99999999999999,3.99999999999999,0.0,0.0,0.0,0.0,0.0,3.99999999999999,3.99999999999999,3.0,0.33333333333333,0.58333333333333,0.0,0.0,0.0,0.08333333333333,0.0,0.0,0.0,0.0,0.0,0.0,0.0,0.0,0.0,0.0,0.0,0.0,0.0,0.0,0.0,0.0,0.0,0.0,0.0,68.5,0.0,64.0,94,2,2,2,9,9,1,2,2.0,2,1,5,74,1232,5033,910655,1,1,1,9,9,1,74,1232,4237
90088603101.0,90088603,900886031,76.41666666666666,76.41666666666666,72.0,72.0,0.0,0.0,0.0,4.41666666666666,3.41666666666666,0.0,2.0,0.25,0.0,1.0,0.0,0.16666666666666,1.0,1.0,0.0,0.0,0.0,0.0,1.0,1.0,0.0,0.0,0.0,0.0,0.0,0.0,0.0,0.0,0.0,0.0,0.0,81.66666666666666,0.0,12.33333333333333,48,1,3,3,9,9,1,2,2.0,2,2,1,74,1158,4185,900886,3,1,1,9,9,1,74,1158,4158
90088603102.0,90088603,900886031,97.33333333333331,51.33333333333333,0.0,0.0,0.0,0.0,0.0,97.33333333333331,43.16666666666666,19.16666666666666,18.49999999999999,2.66666666666666,0.0,1.5,0.0,1.33333333333333,54.16666666666666,8.16666666666666,0.0,0.0,0.0,0.0,54.16666666666666,8.16666666666666,0.0,0.0,0.0,0.0,0.0,0.0,0.0,0.0,0.0,0.0,0.0,83.66666666666666,0.0,3.0,36,2,6,3,9,9,1,2,3.0,2,2,5,74,1158,4099,900886,3,1,2,9,9,1,74,1158,4158
90088604101.0,90088604,900886041,51.43333333333333,51.43333333333333,47.5,40.0,7.5,0.0,0.0,3.93333333333333,3.93333333333333,0.0,0.33333333333333,0.25,0.0,2.0,1.0,0.35,0.0,0.0,0.0,0.0,0.0,0.0,0.0,0.0,0.0,0.0,0.0,0.0,0.0,0.0,0.0,0.0,0.0,0.0,0.0,75.73333333333333,0.0,7.08333333333333,58,1,8,5,9,9,1,2,4.0,2,2,1,74,1158,4176,900886,4,1,1,9,9,1,74,1158,4158
90088604102.0,90088604,900886041,64.66666666666666,64.66666666666666,46.66666666666666,40.0,6.66666666666666,0.0,0.0,18.0,18.0,6.5,5.33333333333333,2.66666666666666,0.0,3.5,0.0,0.0,0.0,0.0,0.0,0.0,0.0,0.0,0.0,0.0,0.0,0.0,0.0,0.0,0.0,0.0,0.0,0.0,0.0,0.0,0.0,72.0,0.0,4.41666666666666,56,2,6,3,9,9,1,2,3.0,2,2,1,74,1158,4059,900886,4,1,2,9,9,1,74,1158,4158
90088605101.0,90088605,900886051,87.66666666666666,87.66666666666666,66.16666666666666,60.0,6.16666666666666,0.0,0.0,21.5,18.5,5.0,8.0,2.5,1.0,1.0,1.0,0.0,0.0,0.0,0.0,0.0,0.0,0.0,0.0,0.0,0.0,0.0,0.0,3.0,0.0,0.0,0.0,0.0,3.0,0.0,0.0,70.0,0.0,8.0,54,2,3,3,9,9,1,2,2.0,2,2,1,74,1158,4125,900886,5,1,1,9,9,1,74,1158,4158
90088605102.0,90088605,900886051,20.71666666666666,20.71666666666666,0.0,0.0,0.0,0.0,1.0,19.71666666666666,17.71666666666666,8.0,5.41666666666666,1.0,0.0,3.0,0.0,0.3,2.0,2.0,0.0,0.0,0.0,0.0,0.0,0.0,2.0,0.0,0.0,0.0,0.0,0.0,0.0,0.0,0.0,0.0,0.0,69.0,35.0,23.5,24,1,8,4,9,9,1,2,4.0,2,2,4,74,1158,4220,900886,5,1,2,9,9,1,74,1158,4158
90088605103.0,90088605,900886051,29.36666666666666,29.36666666666666,20.0,16.0,4.0,0.0,0.0,9.36666666666666,9.36666666666666,6.0,3.08333333333333,0.16666666666666,0.0,0.0,0.0,0.11666666666666,0.0,0.0,0.0,0.0,0.0,0.0,0.0,0.0,0.0,0.0,0.0,0.0,0.0,0.0,0.0,0.0,0.0,0.0,0.0,50.5,70.0,12.0,19,1,8,1,9,9,1,2,4.0,2,2,1,74,1158,4186,900886,5,1,3,9,9,1,74,1158,4158
91116004103.0,91116004,911160041,170.58333333333331,114.58333333333331,0.0,0.0,0.0,0.0,0.0,170.58333333333331,60.08333333333333,28.0,26.08333333333333,3.0,0.0,3.0,0.0,0.0,110.5,54.5,0.0,0.0,110.5,54.5,0.0,0.0,0.0,0.0,0.0,0.0,0.0,0.0,0.0,0.0,0.0,0.0,0.0,84.0,0.0,21.0,26,2,7,3,9,9,1,2,4.0,2,2,5,76,1237,3623,911160,4,1,3,9,9,1,76,1237,3629
91116004104.0,91116004,911160041,158.0,116.0,66.0,48.0,18.0,0.0,0.0,92.0,33.5,14.0,14.5,3.0,0.0,2.0,0.0,0.0,58.5,16.5,0.0,0.0,0.0,0.0,47.0,5.0,11.5,0.0,0.0,0.0,0.0,0.0,0.0,0.0,0.0,0.0,0.0,59.0,0.0,18.5,31,2,6,3,9,9,1,2,3.0,1,2,1,76,1237,3604,911160,4,1,4,9,9,1,76,1237,3629
91116004105.0,91116004,911160041,17.83333333333333,12.83333333333333,0.0,0.0,0.0,0.0,1.0,16.83333333333333,10.83333333333333,3.33333333333333,5.83333333333333,1.66666666666666,0.0,0.0,0.0,0.0,6.0,1.0,0.0,0.0,5.0,0.0,1.0,1.0,0.0,0.0,0.0,0.0,0.0,0.0,0.0,0.0,0.0,0.0,0.0,77.13333333333333,24.0,20.0,17,1,3,3,9,9,1,2,2.0,2,2,4,76,1237,3676,911160,4,1,5,9,9,1,76,1237,3629
91116005101.0,91116005,911160051,72.5,72.5,58.0,48.0,10.0,0.0,0.0,14.5,10.5,5.66666666666666,2.83333333333333,0.0,0.0,1.0,0.0,1.0,4.0,4.0,0.0,0.0,0.0,0.0,0.0,0.0,4.0,0.0,0.0,0.0,0.0,0.0,0.0,0.0,0.0,0.0,0.0,69.0,0.0,53.5,50,1,3,3,9,9,1,2,2.0,2,2,1,76,1237,3657,911160,5,1,1,9,9,1,76,1237,3629
91116005102.0,91116005,911160051,71.08333333333333,71.08333333333333,60.0,40.0,20.0,0.0,0.0,11.08333333333333,9.58333333333333,1.75,3.41666666666666,1.66666666666666,0.0,2.0,0.5,0.25,1.5,1.5,0.0,0.0,0.0,0.0,1.5,1.5,0.0,0.0,0.0,0.0,0.0,0.0,0.0,0.0,0.0,0.0,0.0,52.16666666666666,0.0,20.33333333333333,56,2,3,3,9,9,1,2,2.0,2,2,1,76,1237,3564,911160,5,1,2,9,9,1,76,1237,3629
91116005103.0,91116005,911160051,125.58333333333331,125.58333333333331,70.0,68.0,2.0,0.0,5.0,50.58333333333333,32.25,7.0,10.0,0.5,7.0,1.0,0.33333333333333,6.41666666666666,18.33333333333333,18.33333333333333,0.0,0.0,0.0,0.0,15.33333333333333,15.33333333333333,3.0,0.0,0.0,0.0,0.0,0.0,0.0,0.0,0.0,0.0,0.0,65.0,0.0,10.0,33,1,6,3,9,9,1,2,3.0,2,2,1,76,1237,3709,911160,5,1,3,9,9,1,76,1237,3629
91116005104.0,91116005,911160051,90.91666666666666,78.91666666666666,43.33333333333333,40.0,3.33333333333333,0.0,0.0,47.58333333333333,18.58333333333333,9.5,1.66666666666666,5.5,0.0,1.5,0.0,0.41666666666666,29.0,17.0,0.0,0.0,0.0,0.0,29.0,17.0,0.0,0.0,0.0,0.0,0.0,0.0,0.0,0.0,0.0,0.0,0.0,59.33333333333333,0.0,31.0,31,2,6,3,9,9,1,2,3.0,2,2,1,76,1237,3604,911160,5,1,4,9,9,1,76,1237,3629
90419804101.0,90419804,904198041,80.41666666666666,80.41666666666666,77.0,70.0,7.0,0.0,0.0,3.41666666666666,3.41666666666666,0.0,0.0,0.0,0.0,2.0,0.25,1.16666666666666,0.0,0.0,0.0,0.0,0.0,0.0,0.0,0.0,0.0,0.0,0.0,0.0,0.0,0.0,0.0,0.0,0.0,0.0,0.0,73.5,0.0,14.0,50,1,6,3,9,9,1,2,3.0,2,2,1,74,1185,3231,904198,4,1,1,9,9,1,74,1185,3226
90419804102.0,90419804,904198041,72.41666666666666,72.41666666666666,35.0,25.0,10.0,0.0,0.0,37.41666666666666,30.91666666666666,11.5,12.41666666666666,3.0,0.0,4.0,0.0,0.0,2.5,2.5,0.0,0.0,0.0,0.0,0.0,0.0,2.5,0.0,0.0,4.0,4.0,0.0,4.0,0.0,0.0,0.0,0.0,65.0,0.0,14.0,52,2,3,3,9,9,1,2,2.0,2,2,1,74,1185,3200,904198,4,1,2,9,9,1,74,1185,3226
90419804103.0,90419804,904198041,72.25,72.25,54.0,48.0,6.0,0.0,0.0,18.25,17.25,7.0,8.0,1.25,0.0,1.0,0.0,0.0,1.0,1.0,0.0,0.0,0.0,0.0,0.0,0.0,1.0,0.0,0.0,0.0,0.0,0.0,0.0,0.0,0.0,0.0,0.0,70.0,0.0,40.5,27,2,7,3,9,9,1,2,4.0,2,2,1,74,1185,3202,904198,4,1,3,9,9,1,74,1185,3226
90061803101.0,90061803,900618031,53.91666666666666,53.91666666666666,0.0,0.0,0.0,0.0,0.0,53.91666666666666,47.91666666666666,41.0,4.41666666666666,1.75,0.0,0.0,0.33333333333333,0.41666666666666,0.0,0.0,0.0,0.0,0.0,0.0,0.0,0.0,0.0,0.0,0.0,6.0,6.0,0.0,0.0,6.0,0.0,0.0,0.0,69.5,0.0,9.0,78,2,5,3,9,9,1,2,3.0,2,2,5,74,1155,3511,900618,3,1,1,9,9,1,74,1155,3508
90061803102.0,90061803,900618031,68.81666666666666,68.81666666666666,40.16666666666666,40.0,0.16666666666666,0.0,0.0,28.65,11.15,3.66666666666666,4.0,3.25,0.0,0.0,0.0,0.23333333333333,8.5,8.5,0.0,0.0,0.0,0.0,0.0,0.0,0.0,8.5,8.5,9.0,9.0,0.0,0.0,9.0,0.0,0.0,0.0,71.5,0.0,18.16666666666666,52,2,8,4,9,9,1,2,4.0,2,2,1,74,1155,3480,900618,3,1,2,9,9,1,74,1155,3508
90061804101.0,90061804,900618041,2.5,2.5,0.0,0.0,0.0,0.0,0.0,2.5,0.5,0.0,0.5,0.0,0.0,0.0,0.0,0.0,2.0,2.0,0.0,0.0,0.0,0.0,0.0,0.0,0.0,2.0,2.0,0.0,0.0,0.0,0.0,0.0,0.0,0.0,0.0,66.41666666666666,0.0,21.33333333333333,70,1,2,6,9,9,1,2,2.0,2,2,3,74,1155,3466,900618,4,1,1,9,9,1,74,1155,3508
90061804102.0,90061804,900618041,20.04999999999999,20.04999999999999,0.0,0.0,0.0,0.0,0.0,20.04999999999999,20.04999999999999,11.0,6.73333333333333,1.83333333333333,0.0,0.0,0.0,0.48333333333333,0.0,0.0,0.0,0.0,0.0,0.0,0.0,0.0,0.0,0.0,0.0,0.0,0.0,0.0,0.0,0.0,0.0,0.0,0.0,97.33333333333331,0.0,1.5,70,2,2,6,9,9,1,2,2.0,2,2,5,74,1155,3510,900618,4,1,2,9,9,1,74,1155,3508
91065502101.0,91065502,910655021,287.06666666666666,145.06666666666666,0.0,0.0,0.0,0.0,0.0,287.06666666666666,65.39999999999999,18.5,24.66666666666666,9.58333333333333,4.0,7.5,0.03333333333333,1.11666666666666,221.66666666666663,79.66666666666666,0.0,0.0,112.33333333333331,56.33333333333333,52.5,22.5,0.0,56.83333333333333,0.83333333333333,0.0,0.0,0.0,0.0,0.0,0.0,0.0,0.0,61.5,0.0,19.25,38,2,8,5,9,9,1,2,4.0,2,2,5,74,1232,4177,910655,2,1,1,9,9,1,74,1232,4237
91065502102.0,91065502,910655021,99.75,90.75,0.0,0.0,0.0,0.0,10.0,89.74999999999999,67.83333333333333,33.0,27.16666666666666,1.58333333333333,0.0,4.5,1.0,0.58333333333333,21.91666666666666,12.91666666666666,0.0,0.0,18.41666666666666,10.41666666666666,3.5,2.5,0.0,0.0,0.0,0.0,0.0,0.0,0.0,0.0,0.0,0.0,0.0,87.5,0.0,9.0,65,2,2,5,9,9,1,2,2.0,1,2,3,74,1232,4207,910655,2,1,2,9,9,1,74,1232,4237
91065503101.0,91065503,910655031,62.33333333333333,62.33333333333333,47.5,32.5,15.0,0.0,0.0,14.83333333333333,14.83333333333333,0.0,10.0,1.5,0.0,3.0,0.0,0.33333333333333,0.0,0.0,0.0,0.0,0.0,0.0,0.0,0.0,0.0,0.0,0.0,0.0,0.0,0.0,0.0,0.0,0.0,0.0,0.0,58.0,0.0,16.0,39,2,6,3,9,9,1,2,3.0,2,2,1,74,1232,4177,910655,3,1,1,9,9,1,74,1232,4237
91065504101.0,91065504,910655041,78.5,77.5,68.0,44.0,24.0,0.0,0.0,10.5,7.5,5.5,0.0,1.5,0.0,0.0,0.5,0.0,3.0,2.0,0.0,0.0,0.0,0.0,3.0,2.0,0.0,0.0,0.0,0.0,0.0,0.0,0.0,0.0,0.0,0.0,0.0,73.5,0.0,16.5,48,1,2,6,9,9,1,2,2.0,1,2,1,74,1232,4264,910655,4,1,1,9,9,1,74,1232,4237
91065504102.0,91065504,910655041,143.16666666666666,87.16666666666666,7.0,6.0,1.0,0.0,0.0,136.16666666666666,64.41666666666666,21.0,26.5,4.66666666666666,0.0,9.0,1.5,1.75,68.75,12.75,0.0,0.0,0.0,0.0,68.75,12.75,0.0,0.0,0.0,3.0,0.0,0.0,0.0,0.0,3.0,0.0,0.0,69.5,0.0,32.0,44,2,6,3,9,9,1,2,3.0,2,2,1,74,1232,4177,910655,4,1,2,9,9,1,74,1232,4237
91065505101.0,91065505,910655051,105.41666666666666,87.41666666666666,55.0,40.0,15.0,0.0,0.0,50.41666666666666,20.58333333333333,6.0,6.0,2.0,2.0,3.0,1.0,0.58333333333333,29.83333333333333,11.83333333333333,0.0,0.0,0.0,0.0,26.83333333333333,8.83333333333333,3.0,0.0,0.0,0.0,0.0,0.0,0.0,0.0,0.0,0.0,0.0,61.0,0.0,23.0,37,1,6,3,9,9,1,2,3.0,2,2,1,74,1232,4238,910655,5,1,1,9,9,1,74,1232,4237
91065505102.0,91065505,910655051,130.03333333333333,71.03333333333333,0.0,0.0,0.0,0.0,0.0,130.03333333333333,46.53333333333333,21.0,17.0,7.0,0.0,0.0,1.0,0.53333333333333,83.5,24.5,0.0,0.0,0.0,0.0,76.5,17.5,7.0,0.0,0.0,0.0,0.0,0.0,0.0,0.0,0.0,0.0,0.0,79.0,0.0,33.0,35,2,3,3,9,9,1,2,2.0,2,2,5,74,1232,4177,910655,5,1,2,9,9,1,74,1232,4237
90088605104.0,90088605,900886051,69.16666666666666,69.16666666666666,57.66666666666666,56.0,1.66666666666666,0.0,0.0,11.5,11.5,3.0,2.0,3.5,1.0,2.0,0.0,0.0,0.0,0.0,0.0,0.0,0.0,0.0,0.0,0.0,0.0,0.0,0.0,0.0,0.0,0.0,0.0,0.0,0.0,0.0,0.0,75.5,0.0,18.5,57,2,8,5,9,9,1,2,4.0,2,2,1,74,1158,4059,900886,5,1,4,9,9,1,74,1158,4158
90116101101.0,90116101,901161011,66.66666666666666,66.66666666666666,55.0,40.0,15.0,0.0,0.0,11.66666666666666,11.66666666666666,4.25,2.0,2.5,0.0,2.0,0.33333333333333,0.58333333333333,0.0,0.0,0.0,0.0,0.0,0.0,0.0,0.0,0.0,0.0,0.0,0.0,0.0,0.0,0.0,0.0,0.0,0.0,0.0,70.83333333333333,0.0,12.0,49,2,6,3,9,9,1,2,3.0,2,2,1,73,1159,4487,901161,1,1,1,9,9,1,73,1159,4554
90116102101.0,90116102,901161021,89.75,85.75,43.0,42.0,1.0,0.0,0.0,46.75,28.75,22.0,2.66666666666666,0.0,0.0,3.0,0.25,0.83333333333333,18.0,14.0,0.0,0.0,0.0,0.0,18.0,14.0,0.0,0.0,0.0,0.0,0.0,0.0,0.0,0.0,0.0,0.0,0.0,70.0,0.0,37.0,33,2,10,2,9,9,1,2,5.0,2,2,1,73,1159,4501,901161,2,1,1,9,9,1,73,1159,4554
90116102102.0,90116102,901161021,83.08333333333333,79.08333333333333,24.0,24.0,0.0,0.0,0.0,59.08333333333333,19.08333333333333,5.83333333333333,5.41666666666666,5.0,1.0,1.5,0.0,0.33333333333333,40.0,36.0,0.0,0.0,0.0,0.0,38.0,34.0,2.0,0.0,0.0,0.0,0.0,0.0,0.0,0.0,0.0,0.0,0.0,86.83333333333333,4.0,24.0,35,1,8,5,9,9,1,2,4.0,2,2,1,73,1159,4561,901161,2,1,2,9,9,1,73,1159,4554
90116103101.0,90116103,901161031,166.75,166.25,58.75,48.0,10.75,0.0,0.0,108.0,15.0,11.0,0.5,1.66666666666666,0.0,0.33333333333333,0.0,1.5,93.0,92.5,0.0,0.0,71.0,70.5,0.0,0.0,22.0,0.0,0.0,0.0,0.0,0.0,0.0,0.0,0.0,0.0,0.0,76.5,0.0,3.16666666666666,43,1,8,3,9,9,1,2,4.0,2,2,1,73,1159,4645,901161,3,1,1,9,9,1,73,1159,4554
90116103102.0,90116103,901161031,111.33333333333331,96.33333333333331,55.0,45.0,10.0,0.0,0.0,56.33333333333333,23.83333333333333,9.5,3.5,4.5,0.0,5.0,0.75,0.58333333333333,32.5,17.5,0.0,0.0,31.5,16.5,0.0,0.0,1.0,0.0,0.0,0.0,0.0,0.0,0.0,0.0,0.0,0.0,0.0,57.91666666666666,0.0,13.0,40,2,8,4,9,9,1,2,4.0,2,2,1,73,1159,4495,901161,3,1,2,9,9,1,73,1159,4554
90116103103.0,90116103,901161031,49.16666666666666,29.16666666666666,0.0,0.0,0.0,0.0,0.0,49.16666666666666,22.33333333333333,16.5,3.0,1.33333333333333,0.0,1.5,0.0,0.0,23.83333333333333,3.83333333333333,0.0,0.0,23.83333333333333,3.83333333333333,0.0,0.0,0.0,0.0,0.0,3.0,3.0,3.0,0.0,0.0,0.0,0.0,0.0,67.58333333333333,0.0,11.66666666666666,67,2,5,2,9,9,1,2,3.0,2,2,5,73,1159,4528,901161,3,1,3,9,9,1,73,1159,4554
91116005105.0,91116005,911160051,4.41666666666666,4.41666666666666,0.0,0.0,0.0,0.0,0.0,4.41666666666666,4.41666666666666,1.0,1.58333333333333,1.08333333333333,0.0,0.33333333333333,0.0,0.41666666666666,0.0,0.0,0.0,0.0,0.0,0.0,0.0,0.0,0.0,0.0,0.0,0.0,0.0,0.0,0.0,0.0,0.0,0.0,0.0,48.83333333333333,32.83333333333333,42.66666666666666,27,1,8,2,9,9,1,2,4.0,2,2,4,76,1237,3685,911160,5,1,5,9,9,1,76,1237,3629
91116005106.0,91116005,911160051,16.16666666666666,16.16666666666666,0.0,0.0,0.0,0.0,2.0,14.16666666666666,14.16666666666666,5.33333333333333,5.66666666666666,1.25,0.0,1.0,0.0,0.91666666666666,0.0,0.0,0.0,0.0,0.0,0.0,0.0,0.0,0.0,0.0,0.0,0.0,0.0,0.0,0.0,0.0,0.0,0.0,0.0,68.0,48.0,41.33333333333333,27,2,8,3,9,9,1,2,4.0,2,2,4,76,1237,3623,911160,5,1,6,9,9,1,76,1237,3629
91116601101.0,91116601,911166011,122.21666666666665,122.21666666666665,53.33333333333333,50.0,3.33333333333333,0.0,0.0,68.88333333333333,48.13333333333333,10.5,8.0,1.0,5.0,10.83333333333333,9.25,3.55,20.75,20.75,0.0,0.0,0.0,0.0,17.75,17.75,3.0,0.0,0.0,0.0,0.0,0.0,0.0,0.0,0.0,0.0,0.0,56.83333333333333,0.0,10.16666666666666,44,1,8,4,9,9,1,2,4.0,2,2,1,73,1238,4186,911166,1,1,1,9,9,1,73,1238,4104
91890301101.0,91890301,918903011,107.25,100.25,59.16666666666666,56.0,3.16666666666666,0.0,0.0,48.08333333333333,41.08333333333333,14.0,18.45,2.0,1.0,2.63333333333333,2.0,1.0,7.0,0.0,0.0,0.0,0.0,0.0,7.0,0.0,0.0,0.0,0.0,0.0,0.0,0.0,0.0,0.0,0.0,0.0,0.0,59.16666666666666,0.0,17.0,35,2,6,1,9,9,1,2,3.0,1,2,1,76,1299,4221,918903,1,1,1,9,9,1,76,1299,4256
91890301102.0,91890301,918903011,51.0,51.0,8.0,0.0,0.0,8.0,0.0,43.0,0.0,0.0,0.0,0.0,0.0,0.0,0.0,0.0,0.0,0.0,0.0,0.0,0.0,0.0,0.0,0.0,0.0,0.0,0.0,43.0,43.0,2.0,0.0,41.0,0.0,0.0,0.0,70.0,0.0,26.0,36,1,3,3,9,9,1,2,2.0,2,2,2,76,1299,4283,918903,1,1,2,9,9,1,76,1299,4256
91890301103.0,91890301,918903011,11.25,11.25,0.0,0.0,0.0,0.0,0.0,11.25,11.25,0.0,11.25,0.0,0.0,0.0,0.0,0.0,0.0,0.0,0.0,0.0,0.0,0.0,0.0,0.0,0.0,0.0,0.0,0.0,0.0,0.0,0.0,0.0,0.0,0.0,0.0,70.0,56.0,45.0,12,1,2,6,9,9,1,2,2.0,2,2,4,76,1299,4299,918903,1,1,3,9,9,1,76,1299,4256
91890302101.0,91890302,918903021,58.79999999999999,33.79999999999999,6.33333333333333,6.0,0.33333333333333,0.0,0.0,52.46666666666666,18.63333333333333,8.0,6.33333333333333,4.0,0.0,0.0,0.0,0.3,33.83333333333333,8.83333333333333,33.83333333333333,8.83333333333333,0.0,0.0,0.0,0.0,0.0,0.0,0.0,0.0,0.0,0.0,0.0,0.0,0.0,0.0,0.0,65.08333333333333,0.0,1.25,74,2,2,6,9,9,1,2,2.0,2,2,1,76,1299,4284,918903,2,1,1,9,9,1,76,1299,4256
90061805101.0,90061805,900618051,104.58333333333331,93.58333333333331,59.0,38.0,21.0,0.0,0.0,45.58333333333333,16.58333333333333,2.5,4.83333333333333,0.0,3.0,6.0,0.0,0.25,29.0,18.0,0.0,0.0,23.0,12.0,0.0,0.0,6.0,0.0,0.0,0.0,0.0,0.0,0.0,0.0,0.0,0.0,0.0,74.0,0.0,13.0,32,1,3,3,9,9,1,2,2.0,2,2,1,74,1155,3565,900618,5,1,1,9,9,1,74,1155,3508
90061805102.0,90061805,900618051,164.66666666666666,122.66666666666666,37.0,36.0,1.0,0.0,0.0,127.66666666666666,25.16666666666666,11.0,7.16666666666666,4.0,0.0,3.0,0.0,0.0,102.5,60.5,0.0,0.0,97.5,55.5,0.0,0.0,5.0,0.0,0.0,0.0,0.0,0.0,0.0,0.0,0.0,0.0,0.0,71.5,0.0,5.0,35,2,6,2,9,9,1,2,3.0,2,2,1,74,1155,3459,900618,5,1,2,9,9,1,74,1155,3508
90065901101.0,90065901,900659011,4.25,4.25,0.0,0.0,0.0,0.0,0.0,4.25,4.25,0.0,0.16666666666666,0.0,2.0,1.5,0.0,0.58333333333333,0.0,0.0,0.0,0.0,0.0,0.0,0.0,0.0,0.0,0.0,0.0,0.0,0.0,0.0,0.0,0.0,0.0,0.0,0.0,84.0,0.0,18.0,70,1,3,3,9,9,1,2,2.0,2,2,3,73,1156,4984,900659,1,1,1,9,9,1,73,1156,5038
90065901102.0,90065901,900659011,26.49999999999999,26.49999999999999,0.0,0.0,0.0,0.0,0.0,26.49999999999999,23.99999999999999,8.0,3.58333333333333,8.49999999999999,0.16666666666666,3.5,0.0,0.25,2.5,2.5,0.0,0.0,0.0,0.0,0.0,0.0,0.0,2.5,2.5,0.0,0.0,0.0,0.0,0.0,0.0,0.0,0.0,67.25,0.0,7.5,67,2,3,3,9,9,1,2,2.0,2,2,3,73,1156,5009,900659,1,1,2,9,9,1,73,1156,5038
90065902101.0,90065902,900659021,83.73333333333333,68.73333333333333,52.0,46.0,6.0,0.0,0.0,31.73333333333333,5.23333333333333,0.0,3.0,0.0,0.0,0.0,0.5,1.73333333333333,26.5,11.5,0.0,0.0,25.5,10.5,0.0,0.0,1.0,0.0,0.0,0.0,0.0,0.0,0.0,0.0,0.0,0.0,0.0,72.33333333333333,0.0,27.5,30,1,8,5,9,9,1,2,4.0,2,2,1,73,1156,5125,900659,2,1,1,9,9,1,73,1156,5038
90065902102.0,90065902,900659021,106.0,81.0,51.0,45.0,6.0,0.0,0.0,55.0,5.5,0.0,3.5,1.5,0.0,0.0,0.0,0.5,49.5,24.5,0.0,0.0,49.5,24.5,0.0,0.0,0.0,0.0,0.0,0.0,0.0,0.0,0.0,0.0,0.0,0.0,0.0,70.0,0.0,20.16666666666666,29,2,8,5,9,9,1,2,4.0,2,2,1,73,1156,5006,900659,2,1,2,9,9,1,73,1156,5038
90065902103.0,90065902,900659021,125.25,83.25,0.0,0.0,0.0,0.0,0.0,125.25,26.75,14.0,5.25,3.5,0.0,4.0,0.0,0.0,98.5,56.5,0.0,0.0,98.5,56.5,0.0,0.0,0.0,0.0,0.0,0.0,0.0,0.0,0.0,0.0,0.0,0.0,0.0,70.0,0.0,7.5,62,2,8,4,9,9,1,2,4.0,2,2,5,73,1156,4966,900659,2,1,3,9,9,1,73,1156,5038
91065505103.0,91065505,910655051,62.45,13.45,0.0,0.0,0.0,0.0,0.0,62.45,10.45,2.91666666666666,5.66666666666666,1.75,0.0,0.0,0.0,0.11666666666666,52.0,3.0,0.0,0.0,0.0,0.0,52.0,3.0,0.0,0.0,0.0,0.0,0.0,0.0,0.0,0.0,0.0,0.0,0.0,71.5,59.83333333333333,31.83333333333333,14,2,3,2,9,9,1,2,2.0,2,2,4,74,1232,4228,910655,5,1,3,9,9,1,74,1232,4237
91076901101.0,91076901,910769011,171.5,168.0,62.0,55.0,7.0,0.0,40.0,69.5,47.0,14.0,12.5,1.0,1.0,10.0,5.0,3.5,14.5,11.0,10.5,7.0,0.0,0.0,0.0,0.0,4.0,0.0,0.0,8.0,7.0,0.0,0.0,7.0,1.0,0.0,0.0,59.5,0.0,35.0,49,1,6,2,9,9,1,2,3.0,1,2,1,76,1233,5068,910769,1,1,1,9,9,1,76,1233,5006
91076901102.0,91076901,910769011,86.83333333333333,86.83333333333333,75.0,45.0,30.0,0.0,0.0,11.83333333333333,8.83333333333333,0.0,6.83333333333333,0.5,0.0,0.0,0.66666666666666,0.83333333333333,3.0,3.0,0.0,0.0,0.0,0.0,0.0,0.0,3.0,0.0,0.0,0.0,0.0,0.0,0.0,0.0,0.0,0.0,0.0,32.0,0.0,17.66666666666666,44,2,7,3,9,9,1,2,4.0,2,2,1,76,1233,4965,910769,1,1,2,9,9,1,76,1233,5006
91076901103.0,91076901,910769011,0.0,0.0,0.0,0.0,0.0,0.0,0.0,0.0,0.0,0.0,0.0,0.0,0.0,0.0,0.0,0.0,0.0,0.0,0.0,0.0,0.0,0.0,0.0,0.0,0.0,0.0,0.0,0.0,0.0,0.0,0.0,0.0,0.0,0.0,0.0,41.83333333333333,90.0,6.0,24,1,8,4,9,9,1,2,4.0,2,2,4,76,1233,5110,910769,1,1,3,9,9,1,76,1233,5006
91076901104.0,91076901,910769011,81.66666666666666,81.66666666666666,73.0,48.0,25.0,0.0,0.0,8.66666666666666,6.66666666666666,2.33333333333333,3.0,1.33333333333333,0.0,0.0,0.0,0.0,2.0,2.0,0.0,0.0,0.0,0.0,0.0,0.0,2.0,0.0,0.0,0.0,0.0,0.0,0.0,0.0,0.0,0.0,0.0,46.5,0.0,12.0,18,2,6,2,9,9,1,2,3.0,2,2,1,76,1233,5052,910769,1,1,4,9,9,1,76,1233,5006
91779702102.0,91779702,917797021,85.0,85.0,60.0,48.0,12.0,0.0,0.0,25.0,20.25,8.75,3.5,0.0,0.16666666666666,6.5,0.0,1.33333333333333,4.75,4.75,0.0,0.0,0.0,0.0,0.0,0.0,4.75,0.0,0.0,0.0,0.0,0.0,0.0,0.0,0.0,0.0,0.0,62.08333333333333,0.0,36.83333333333333,50,1,8,3,9,9,1,2,4.0,2,2,1,74,1293,4023,917797,2,1,2,9,9,1,74,1293,4016
91779702103.0,91779702,917797021,111.16666666666666,111.16666666666666,78.5,72.0,6.5,0.0,0.0,32.66666666666666,31.83333333333333,1.0,24.16666666666666,2.91666666666666,1.0,2.75,0.0,0.0,0.66666666666666,0.66666666666666,0.0,0.0,0.0,0.0,0.0,0.0,0.66666666666666,0.0,0.0,0.16666666666666,0.0,0.0,0.0,0.0,0.16666666666666,0.0,0.0,41.5,0.0,36.91666666666666,38,1,6,3,9,9,1,2,3.0,2,2,1,74,1293,4017,917797,2,1,3,9,9,1,74,1293,4016
90116104101.0,90116104,901161041,198.0,195.0,66.0,64.0,2.0,0.0,0.16666666666666,131.83333333333331,81.33333333333333,15.5,1.33333333333333,7.5,0.0,4.0,2.0,51.0,50.5,47.5,0.0,0.0,0.0,0.0,50.0,47.0,0.5,0.0,0.0,0.0,0.0,0.0,0.0,0.0,0.0,0.0,0.0,42.16666666666666,4.0,8.0,31,1,6,3,9,9,1,2,3.0,2,2,1,73,1159,4633,901161,4,1,1,9,9,1,73,1159,4554
90116104102.0,90116104,901161041,114.66666666666666,93.66666666666666,62.33333333333333,56.0,6.33333333333333,0.0,0.0,52.33333333333333,21.33333333333333,7.08333333333333,3.5,5.0,1.66666666666666,2.5,0.0,1.58333333333333,31.0,10.0,0.0,0.0,0.0,0.0,31.0,10.0,0.0,0.0,0.0,0.0,0.0,0.0,0.0,0.0,0.0,0.0,0.0,62.83333333333333,0.0,7.0,33,2,8,4,9,9,1,2,4.0,2,2,1,73,1159,4501,901161,4,1,2,9,9,1,73,1159,4554
90116104103.0,90116104,901161041,67.54999999999998,67.54999999999998,36.33333333333333,35.0,1.33333333333333,0.0,0.0,31.21666666666666,31.21666666666666,21.13333333333333,3.91666666666666,4.58333333333333,0.0,1.5,0.0,0.08333333333333,0.0,0.0,0.0,0.0,0.0,0.0,0.0,0.0,0.0,0.0,0.0,0.0,0.0,0.0,0.0,0.0,0.0,0.0,0.0,76.8,3.0,27.49999999999999,40,2,10,2,9,9,1,2,5.0,2,2,1,73,1159,4495,901161,4,1,3,9,9,1,73,1159,4554
90116105101.0,90116105,901161051,22.83333333333333,7.83333333333333,0.0,0.0,0.0,0.0,0.0,22.83333333333333,0.83333333333333,0.0,0.0,0.0,0.0,0.0,0.0,0.83333333333333,21.0,6.0,0.0,0.0,0.0,0.0,0.0,0.0,0.0,21.0,6.0,1.0,0.0,0.0,0.0,0.0,1.0,0.0,0.0,76.58333333333333,0.0,25.0,85,2,11,2,9,9,1,2,5.0,2,2,3,73,1159,4992,901161,5,1,1,9,9,1,73,1159,4554
90116105102.0,90116105,901161051,0.0,0.0,0.0,0.0,0.0,0.0,0.0,0.0,0.0,0.0,0.0,0.0,0.0,0.0,0.0,0.0,0.0,0.0,0.0,0.0,0.0,0.0,0.0,0.0,0.0,0.0,0.0,0.0,0.0,0.0,0.0,0.0,0.0,0.0,0.0,79.0,0.0,21.5,96,1,8,5,9,9,1,2,4.0,2,2,3,73,1159,4833,901161,5,1,2,9,9,1,73,1159,4554
90120501101.0,90120501,901205011,120.3,120.3,70.33333333333333,70.0,0.33333333333333,0.0,0.0,49.96666666666666,49.96666666666666,15.0,22.66666666666666,1.16666666666666,0.08333333333333,0.66666666666666,9.21666666666666,1.16666666666666,0.0,0.0,0.0,0.0,0.0,0.0,0.0,0.0,0.0,0.0,0.0,0.0,0.0,0.0,0.0,0.0,0.0,0.0,0.0,65.0,0.0,35.0,56,1,8,4,9,9,1,2,4.0,2,2,1,73,1160,4208,901205,1,1,1,9,9,1,73,1160,4185
90120501102.0,90120501,901205011,60.33333333333333,60.33333333333333,42.5,40.0,2.5,0.0,0.0,17.83333333333333,17.83333333333333,0.0,14.66666666666666,1.5,0.0,0.5,0.33333333333333,0.83333333333333,0.0,0.0,0.0,0.0,0.0,0.0,0.0,0.0,0.0,0.0,0.0,0.0,0.0,0.0,0.0,0.0,0.0,0.0,0.0,66.5,0.0,24.5,59,2,7,3,9,9,1,2,4.0,2,2,1,73,1160,4091,901205,1,1,2,9,9,1,73,1160,4185
91890303101.0,91890303,918903031,96.2,96.2,60.0,56.0,4.0,0.0,0.0,36.2,19.81666666666666,2.0,12.85,1.18333333333333,0.0,3.0,0.16666666666666,0.61666666666666,16.38333333333333,16.38333333333333,0.0,0.0,0.0,0.0,12.75,12.75,3.63333333333333,0.0,0.0,0.0,0.0,0.0,0.0,0.0,0.0,0.0,0.0,52.88333333333333,0.0,14.41666666666666,37,1,8,4,9,9,1,2,4.0,2,2,1,76,1299,4283,918903,3,1,1,9,9,1,76,1299,4256
91890303102.0,91890303,918903031,135.83333333333331,135.83333333333331,68.0,47.0,21.0,0.0,0.0,67.83333333333333,32.83333333333333,7.0,24.66666666666666,0.0,0.0,0.0,0.0,1.16666666666666,35.0,35.0,0.0,0.0,0.0,0.0,27.0,27.0,8.0,0.0,0.0,0.0,0.0,0.0,0.0,0.0,0.0,0.0,0.0,68.13333333333333,0.0,12.0,31,2,8,4,9,9,1,2,4.0,2,2,1,76,1299,4227,918903,3,1,2,9,9,1,76,1299,4256
91890304101.0,91890304,918903041,30.0,30.0,0.0,0.0,0.0,0.0,0.0,30.0,11.0,1.0,9.0,0.0,0.0,0.0,0.0,1.0,19.0,19.0,0.0,0.0,0.0,0.0,0.0,0.0,12.0,7.0,7.0,0.0,0.0,0.0,0.0,0.0,0.0,0.0,0.0,84.0,0.0,35.0,92,1,2,6,9,9,1,2,2.0,2,2,3,76,1299,4395,918903,4,1,1,9,9,1,76,1299,4256
91890304102.0,91890304,918903041,44.96666666666666,44.96666666666666,43.11666666666666,43.0,0.11666666666666,0.0,0.0,1.85,1.85,0.58333333333333,0.41666666666666,0.0,0.0,0.0,0.5,0.35,0.0,0.0,0.0,0.0,0.0,0.0,0.0,0.0,0.0,0.0,0.0,0.0,0.0,0.0,0.0,0.0,0.0,0.0,0.0,42.5,0.0,40.0,60,1,8,2,9,9,1,2,4.0,2,2,1,76,1299,4257,918903,4,1,2,9,9,1,76,1299,4256
91890304103.0,91890304,918903041,54.06666666666666,54.06666666666666,42.58333333333333,42.0,0.58333333333333,0.0,0.0,11.48333333333333,11.48333333333333,0.23333333333333,9.08333333333333,1.0,0.0,0.5,0.33333333333333,0.33333333333333,0.0,0.0,0.0,0.0,0.0,0.0,0.0,0.0,0.0,0.0,0.0,0.0,0.0,0.0,0.0,0.0,0.0,0.0,0.0,71.13333333333333,0.0,21.5,41,2,8,4,9,9,1,2,4.0,2,2,1,76,1299,4221,918903,4,1,3,9,9,1,76,1299,4256
91890305101.0,91890305,918903051,75.41666666666666,75.41666666666666,57.16666666666666,56.0,1.16666666666666,0.0,0.0,18.25,15.75,5.16666666666666,4.16666666666666,2.25,0.0,3.5,0.08333333333333,0.58333333333333,2.5,2.5,0.0,0.0,0.0,0.0,0.0,0.0,2.5,0.0,0.0,0.0,0.0,0.0,0.0,0.0,0.0,0.0,0.0,66.0,0.0,7.5,66,2,6,3,9,9,1,2,3.0,2,2,1,76,1299,4251,918903,5,1,1,9,9,1,76,1299,4256
90065903101.0,90065903,900659031,31.58333333333333,31.58333333333333,15.0,12.0,3.0,0.0,0.0,16.58333333333333,16.58333333333333,0.0,14.66666666666666,0.5,0.0,0.0,1.0,0.41666666666666,0.0,0.0,0.0,0.0,0.0,0.0,0.0,0.0,0.0,0.0,0.0,0.0,0.0,0.0,0.0,0.0,0.0,0.0,0.0,59.5,0.0,6.5,70,1,9,2,9,9,1,2,5.0,2,2,1,73,1156,4984,900659,3,1,1,9,9,1,73,1156,5038
90065904101.0,90065904,900659041,80.25,80.25,57.0,54.0,3.0,0.0,0.0,23.25,17.25,4.0,4.25,4.5,0.0,4.0,0.0,0.5,6.0,6.0,0.0,0.0,3.0,3.0,3.0,3.0,0.0,0.0,0.0,0.0,0.0,0.0,0.0,0.0,0.0,0.0,0.0,77.0,0.0,2.75,49,2,6,1,9,9,1,2,3.0,2,2,1,73,1156,4964,900659,4,1,1,9,9,1,73,1156,5038
90065904102.0,90065904,900659041,109.0,102.0,57.0,54.0,3.0,0.0,0.0,52.0,13.75,6.75,4.5,2.5,0.0,0.0,0.0,0.0,38.25,31.25,0.0,0.0,28.0,21.0,8.25,8.25,2.0,0.0,0.0,0.0,0.0,0.0,0.0,0.0,0.0,0.0,0.0,70.0,0.0,6.5,27,2,6,1,9,9,1,2,3.0,2,2,1,73,1156,5006,900659,4,1,2,9,9,1,73,1156,5038
90065904103.0,90065904,900659041,93.16666666666666,83.16666666666666,38.5,36.0,2.5,0.0,0.0,54.66666666666666,15.91666666666666,5.5,2.5,3.75,0.0,3.5,0.0,0.66666666666666,38.75,28.75,0.0,0.0,28.25,22.25,7.5,3.5,3.0,0.0,0.0,0.0,0.0,0.0,0.0,0.0,0.0,0.0,0.0,75.25,0.0,16.0,28,2,6,2,9,9,1,2,3.0,2,2,1,73,1156,5006,900659,4,1,3,9,9,1,73,1156,5038
90065905101.0,90065905,900659051,0.0,0.0,0.0,0.0,0.0,0.0,0.0,0.0,0.0,0.0,0.0,0.0,0.0,0.0,0.0,0.0,0.0,0.0,0.0,0.0,0.0,0.0,0.0,0.0,0.0,0.0,0.0,0.0,0.0,0.0,0.0,0.0,0.0,0.0,0.0,105.0,0.0,2.0,83,1,2,6,9,9,1,2,2.0,2,2,3,73,1156,5185,900659,5,1,1,9,9,1,73,1156,5038
90065905102.0,90065905,900659051,83.2,76.2,7.33333333333333,6.0,1.33333333333333,0.0,0.0,75.86666666666666,59.28333333333333,26.0,20.91666666666666,10.25,0.0,2.0,0.0,0.11666666666666,16.58333333333333,9.58333333333333,0.0,0.0,16.08333333333333,9.08333333333333,0.0,0.0,0.5,0.0,0.0,0.0,0.0,0.0,0.0,0.0,0.0,0.0,0.0,73.5,0.0,7.0,53,2,6,3,9,9,1,2,3.0,2,2,1,73,1156,5004,900659,5,1,2,9,9,1,73,1156,5038
90065905103.0,90065905,900659051,65.83333333333333,65.83333333333333,63.83333333333333,63.0,0.83333333333333,0.0,0.0,2.0,0.0,0.0,0.0,0.0,0.0,0.0,0.0,0.0,2.0,2.0,0.0,0.0,2.0,2.0,0.0,0.0,0.0,0.0,0.0,0.0,0.0,0.0,0.0,0.0,0.0,0.0,0.0,73.83333333333333,0.0,0.0,52,1,6,3,9,9,1,2,3.0,2,2,1,73,1156,5052,900659,5,1,3,9,9,1,73,1156,5038
91779702104.0,91779702,917797021,69.75,69.75,45.0,45.0,0.0,0.0,0.0,24.75,19.58333333333333,3.5,6.83333333333333,6.0,0.0,2.0,0.0,1.25,5.16666666666666,5.16666666666666,0.0,0.0,0.0,0.0,0.0,0.0,5.16666666666666,0.0,0.0,0.0,0.0,0.0,0.0,0.0,0.0,0.0,0.0,84.0,0.0,49.66666666666666,32,2,6,3,9,9,1,2,3.0,2,2,1,74,1293,3965,917797,2,1,4,9,9,1,74,1293,4016
91779703101.0,91779703,917797031,103.1,81.1,56.0,50.0,6.0,0.0,0.0,47.1,12.6,3.41666666666666,4.0,0.0,0.0,2.75,0.0,2.43333333333333,34.5,12.5,0.0,0.0,34.5,12.5,0.0,0.0,0.0,0.0,0.0,0.0,0.0,0.0,0.0,0.0,0.0,0.0,0.0,60.83333333333333,0.0,12.99999999999999,32,2,11,4,9,9,1,2,5.0,2,2,1,74,1293,3965,917797,3,1,1,9,9,1,74,1293,4016
91779703102.0,91779703,917797031,132.5,114.5,63.0,54.0,9.0,0.0,0.0,69.5,31.5,13.0,7.75,4.41666666666666,0.25,5.5,0.0,0.58333333333333,38.0,20.0,0.0,0.0,35.91666666666666,17.91666666666666,0.0,0.0,2.08333333333333,0.0,0.0,0.0,0.0,0.0,0.0,0.0,0.0,0.0,0.0,68.0,0.0,36.0,33,1,3,3,9,9,1,2,2.0,2,2,1,74,1293,4081,917797,3,1,2,9,9,1,74,1293,4016
91779703104.0,91779703,917797031,61.0,48.0,0.0,0.0,0.0,0.0,0.0,61.0,29.91666666666666,11.5,8.66666666666666,4.0,0.0,4.5,0.58333333333333,0.66666666666666,31.08333333333333,18.08333333333333,0.0,0.0,30.66666666666666,17.66666666666666,0.0,0.0,0.41666666666666,0.0,0.0,0.0,0.0,0.0,0.0,0.0,0.0,0.0,0.0,66.58333333333333,52.5,46.75,20,2,8,2,9,9,1,2,4.0,2,2,4,74,1293,4033,917797,3,1,4,9,9,1,74,1293,4016
91779705101.0,91779705,917797051,122.08333333333331,102.08333333333331,67.0,66.0,1.0,0.0,0.0,55.08333333333333,27.0,8.16666666666666,7.58333333333333,1.33333333333333,3.41666666666666,2.25,0.25,4.0,28.08333333333333,8.08333333333333,0.0,0.0,0.0,0.0,27.75,7.75,0.33333333333333,0.0,0.0,0.0,0.0,0.0,0.0,0.0,0.0,0.0,0.0,60.08333333333333,0.0,8.16666666666666,57,1,8,4,9,9,1,2,4.0,2,2,1,74,1293,4033,917797,5,1,1,9,9,1,74,1293,4016
91779705102.0,91779705,917797051,121.33333333333331,109.33333333333331,63.0,54.0,9.0,0.0,0.0,58.33333333333333,37.99999999999999,15.5,9.91666666666666,6.0,0.0,5.5,0.0,1.08333333333333,20.33333333333333,8.33333333333333,0.0,0.0,0.0,0.0,20.16666666666666,8.16666666666666,0.16666666666666,0.0,0.0,0.0,0.0,0.0,0.0,0.0,0.0,0.0,0.0,71.33333333333333,0.0,7.16666666666666,49,2,6,3,9,9,1,2,3.0,2,2,1,74,1293,3953,917797,5,1,2,9,9,1,74,1293,4016
91779705103.0,91779705,917797051,5.5,5.5,0.0,0.0,0.0,0.0,0.0,5.5,5.5,0.83333333333333,3.5,1.16666666666666,0.0,0.0,0.0,0.0,0.0,0.0,0.0,0.0,0.0,0.0,0.0,0.0,0.0,0.0,0.0,0.0,0.0,0.0,0.0,0.0,0.0,0.0,0.0,84.0,41.16666666666666,21.5,13,1,3,2,9,9,1,2,2.0,2,2,4,74,1293,4033,917797,5,1,3,9,9,1,74,1293,4016
90120501103.0,90120501,901205011,84.41666666666666,84.41666666666666,67.0,58.0,9.0,0.0,0.0,17.41666666666666,14.08333333333333,3.0,7.91666666666666,0.83333333333333,0.0,2.0,0.25,0.08333333333333,3.33333333333333,3.33333333333333,0.0,0.0,0.0,0.0,0.0,0.0,3.33333333333333,0.0,0.0,0.0,0.0,0.0,0.0,0.0,0.0,0.0,0.0,71.5,0.0,35.33333333333333,29,2,8,4,9,9,1,2,4.0,2,2,1,73,1160,4159,901205,1,1,3,9,9,1,73,1160,4185
90120502101.0,90120502,901205021,72.16666666666666,72.16666666666666,36.0,36.0,0.0,0.0,0.0,36.16666666666666,35.66666666666666,11.83333333333333,19.16666666666666,1.83333333333333,0.0,1.0,1.16666666666666,0.66666666666666,0.5,0.5,0.0,0.0,0.0,0.0,0.0,0.0,0.5,0.0,0.0,0.0,0.0,0.0,0.0,0.0,0.0,0.0,0.0,73.0,0.0,45.83333333333333,44,2,11,5,9,9,1,2,5.0,2,2,1,73,1160,4132,901205,2,1,1,9,9,1,73,1160,4185
90120502102.0,90120502,901205021,53.73333333333333,53.73333333333333,20.0,20.0,0.0,0.0,0.0,33.73333333333333,30.73333333333333,4.75,21.21666666666666,2.75,0.0,1.0,0.0,1.01666666666666,3.0,3.0,0.0,0.0,0.0,0.0,0.0,0.0,3.0,0.0,0.0,0.0,0.0,0.0,0.0,0.0,0.0,0.0,0.0,74.5,0.0,49.83333333333333,44,1,11,5,9,9,1,2,5.0,1,2,1,73,1160,4270,901205,2,1,2,9,9,1,73,1160,4185
90120503101.0,90120503,901205031,5.85,5.85,0.0,0.0,0.0,0.0,0.0,5.85,5.85,0.0,0.5,0.0,0.0,1.0,0.75,3.6,0.0,0.0,0.0,0.0,0.0,0.0,0.0,0.0,0.0,0.0,0.0,0.0,0.0,0.0,0.0,0.0,0.0,0.0,0.0,98.16666666666666,0.0,49.5,69,1,8,4,9,9,1,2,4.0,2,2,3,73,1160,4160,901205,3,1,1,9,9,1,73,1160,4185
90120504101.0,90120504,901205041,71.25,71.25,67.0,58.0,9.0,0.0,0.0,4.25,4.25,0.0,0.16666666666666,0.5,2.0,0.0,0.0,1.58333333333333,0.0,0.0,0.0,0.0,0.0,0.0,0.0,0.0,0.0,0.0,0.0,0.0,0.0,0.0,0.0,0.0,0.0,0.0,0.0,68.5,0.0,2.0,36,1,6,3,9,9,1,2,3.0,2,2,1,73,1160,4192,901205,4,1,1,9,9,1,73,1160,4185
90120505101.0,90120505,901205051,80.16666666666666,80.16666666666666,62.5,60.0,2.5,0.0,0.0,17.66666666666666,8.91666666666666,2.5,1.66666666666666,0.0,1.25,1.5,0.5,1.5,8.75,8.75,0.0,0.0,0.0,0.0,8.75,8.75,0.0,0.0,0.0,0.0,0.0,0.0,0.0,0.0,0.0,0.0,0.0,59.5,0.0,34.0,53,1,8,5,9,9,1,2,4.0,2,2,1,73,1160,4198,901205,5,1,1,9,9,1,73,1160,4185
90120505102.0,90120505,901205051,60.54999999999999,60.54999999999999,13.63333333333333,12.13333333333333,1.5,0.0,0.0,46.91666666666666,36.91666666666666,14.5,13.0,4.5,0.0,2.5,1.0,1.41666666666666,7.0,7.0,0.0,0.0,0.0,0.0,4.0,4.0,3.0,0.0,0.0,3.0,0.0,0.0,0.0,0.0,3.0,0.0,0.0,63.13333333333333,0.0,25.0,49,2,8,5,9,9,1,2,4.0,2,2,1,73,1160,4125,901205,5,1,2,9,9,1,73,1160,4185
91890305102.0,91890305,918903051,75.76666666666667,73.76666666666667,56.58333333333333,56.0,0.58333333333333,0.0,0.0,19.18333333333333,10.18333333333333,0.0,8.75,1.13333333333333,0.0,0.0,0.0,0.3,9.0,7.0,0.0,0.0,0.0,0.0,0.0,0.0,0.0,9.0,7.0,0.0,0.0,0.0,0.0,0.0,0.0,0.0,0.0,71.75,0.0,11.0,58,1,8,4,9,9,1,2,4.0,2,2,1,76,1299,4299,918903,5,1,2,9,9,1,76,1299,4256
91890305201.0,91890305,918903052,95.05,95.05,58.83333333333333,48.0,10.83333333333333,0.0,0.0,36.21666666666666,24.08333333333333,9.58333333333333,7.0,4.0,0.0,3.0,0.25,0.25,12.13333333333333,12.13333333333333,0.0,0.0,0.0,0.0,0.0,0.0,12.13333333333333,0.0,0.0,0.0,0.0,0.0,0.0,0.0,0.0,0.0,0.0,55.5,0.0,17.0,46,2,6,3,9,9,1,2,3.0,2,2,1,76,1299,4214,918903,5,2,1,9,9,1,76,1299,4256
91890305202.0,91890305,918903052,82.96666666666665,82.96666666666665,61.83333333333333,48.0,13.83333333333333,0.0,0.0,21.13333333333333,12.13333333333333,1.0,7.13333333333333,4.0,0.0,0.0,0.0,0.0,9.0,9.0,0.0,0.0,0.0,0.0,0.0,0.0,9.0,0.0,0.0,0.0,0.0,0.0,0.0,0.0,0.0,0.0,0.0,70.0,0.0,16.75,25,2,6,3,9,9,1,2,3.0,2,2,1,76,1299,4249,918903,5,2,2,9,9,1,76,1299,4256
91890305203.0,91890305,918903052,5.0,5.0,0.0,0.0,0.0,0.0,0.0,5.0,5.0,0.0,4.0,1.0,0.0,0.0,0.0,0.0,0.0,0.0,0.0,0.0,0.0,0.0,0.0,0.0,0.0,0.0,0.0,0.0,0.0,0.0,0.0,0.0,0.0,0.0,0.0,95.0,0.0,22.0,23,1,6,3,9,9,1,2,3.0,2,2,6,76,1299,4345,918903,5,2,3,9,9,1,76,1299,4256
91890305204.0,91890305,918903052,0.91666666666666,0.91666666666666,0.0,0.0,0.0,0.0,0.0,0.91666666666666,0.91666666666666,0.33333333333333,0.0,0.58333333333333,0.0,0.0,0.0,0.0,0.0,0.0,0.0,0.0,0.0,0.0,0.0,0.0,0.0,0.0,0.0,0.0,0.0,0.0,0.0,0.0,0.0,0.0,0.0,70.0,52.5,45.0,19,1,6,3,9,9,1,2,3.0,2,2,4,76,1299,4310,918903,5,2,4,9,9,1,76,1299,4256
91890305301.0,91890305,918903053,85.66666666666666,85.66666666666666,57.16666666666666,56.0,1.16666666666666,0.0,0.0,28.5,21.5,8.66666666666666,7.0,0.25,2.0,3.0,0.25,0.33333333333333,7.0,7.0,0.0,0.0,0.0,0.0,0.0,0.0,7.0,0.0,0.0,0.0,0.0,0.0,0.0,0.0,0.0,0.0,0.0,70.0,0.0,21.16666666666666,47,2,6,3,9,9,1,2,3.0,2,2,1,76,1299,4214,918903,5,3,1,9,9,1,76,1299,4256
91890305302.0,91890305,918903053,76.66666666666666,76.66666666666666,71.16666666666666,70.0,1.16666666666666,0.0,0.0,5.5,0.5,0.0,0.5,0.0,0.0,0.0,0.0,0.0,5.0,5.0,0.0,0.0,0.0,0.0,0.0,0.0,5.0,0.0,0.0,0.0,0.0,0.0,0.0,0.0,0.0,0.0,0.0,66.5,0.0,14.0,50,1,6,3,9,9,1,2,3.0,2,2,1,76,1299,4288,918903,5,3,2,9,9,1,76,1299,4256
90065905104.0,90065905,900659051,119.5,107.5,71.5,64.0,7.5,0.0,0.0,48.0,7.0,0.0,3.0,2.0,0.0,2.0,0.0,0.0,41.0,29.0,0.0,0.0,41.0,29.0,0.0,0.0,0.0,0.0,0.0,0.0,0.0,0.0,0.0,0.0,0.0,0.0,0.0,61.25,0.0,3.66666666666666,34,2,6,3,9,9,1,2,3.0,2,2,1,73,1156,4980,900659,5,1,4,9,9,1,73,1156,5038
90065905106.0,90065905,900659051,78.41666666666666,78.41666666666666,60.41666666666666,60.0,0.41666666666666,0.0,0.0,18.0,13.0,0.0,9.33333333333333,0.0,0.0,3.5,0.0,0.16666666666666,5.0,5.0,0.0,0.0,1.0,1.0,0.0,0.0,0.0,4.0,4.0,0.0,0.0,0.0,0.0,0.0,0.0,0.0,0.0,82.5,0.0,20.0,43,1,3,3,9,9,1,2,2.0,2,2,1,73,1156,5139,900659,5,1,6,9,9,1,73,1156,5038
90065905107.0,90065905,900659051,95.66666666666666,95.66666666666666,65.0,56.0,9.0,0.0,0.0,30.66666666666666,27.66666666666666,9.0,11.0,4.0,0.0,3.5,0.0,0.16666666666666,3.0,3.0,0.0,0.0,0.0,0.0,0.0,0.0,0.0,3.0,3.0,0.0,0.0,0.0,0.0,0.0,0.0,0.0,0.0,77.0,0.0,26.66666666666666,28,2,6,2,9,9,1,2,3.0,2,2,1,73,1156,5006,900659,5,1,7,9,9,1,73,1156,5038
90072401101.0,90072401,900724011,16.5,16.5,0.0,0.0,0.0,0.0,0.0,16.5,13.5,1.33333333333333,7.5,1.25,1.0,2.0,0.0,0.41666666666666,3.0,3.0,0.0,0.0,0.0,0.0,0.0,0.0,3.0,0.0,0.0,0.0,0.0,0.0,0.0,0.0,0.0,0.0,0.0,84.0,0.0,11.5,68,1,8,4,9,9,1,2,4.0,2,2,3,73,1157,4329,900724,1,1,1,9,9,1,73,1157,4356
90072401102.0,90072401,900724011,79.83333333333333,79.83333333333333,52.0,50.0,2.0,0.0,0.0,27.83333333333333,24.33333333333333,0.0,19.16666666666666,0.75,2.0,2.0,0.16666666666666,0.25,3.0,3.0,0.0,0.0,0.0,0.0,0.0,0.0,0.0,3.0,3.0,0.5,0.5,0.5,0.0,0.0,0.0,0.0,0.0,64.5,0.0,15.0,32,1,10,2,9,9,1,2,5.0,2,2,1,73,1157,4431,900724,1,1,2,9,9,1,73,1157,4356
90072403101.0,90072403,900724031,14.79999999999999,14.79999999999999,0.0,0.0,0.0,0.0,0.0,14.79999999999999,14.79999999999999,4.5,5.33333333333333,1.25,0.0,3.13333333333333,0.0,0.58333333333333,0.0,0.0,0.0,0.0,0.0,0.0,0.0,0.0,0.0,0.0,0.0,0.0,0.0,0.0,0.0,0.0,0.0,0.0,0.0,56.0,0.0,10.08333333333333,52,2,8,4,9,9,1,2,4.0,2,2,5,73,1157,4326,900724,3,1,1,9,9,1,73,1157,4356
90072404101.0,90072404,900724041,5.25,5.25,0.0,0.0,0.0,0.0,0.0,5.25,5.25,0.0,1.5,0.0,0.0,3.0,0.0,0.75,0.0,0.0,0.0,0.0,0.0,0.0,0.0,0.0,0.0,0.0,0.0,0.0,0.0,0.0,0.0,0.0,0.0,0.0,0.0,87.5,0.0,15.5,67,2,8,4,9,9,1,2,4.0,2,2,5,73,1157,4331,900724,4,1,1,9,9,1,73,1157,4356
90202504101.0,90202504,902025041,40.58333333333333,40.58333333333333,0.0,0.0,0.0,0.0,0.0,40.58333333333333,23.58333333333333,15.0,3.0,3.0,1.0,1.0,0.0,0.58333333333333,17.0,17.0,0.0,0.0,0.0,0.0,9.0,9.0,8.0,0.0,0.0,0.0,0.0,0.0,0.0,0.0,0.0,0.0,0.0,82.66666666666666,6.0,21.0,48,2,6,3,9,9,1,2,3.0,2,2,6,73,1165,3940,902025,4,1,1,9,9,1,73,1165,3998
90202504102.0,90202504,902025041,3.0,3.0,0.0,0.0,0.0,0.0,0.0,3.0,0.0,0.0,0.0,0.0,0.0,0.0,0.0,0.0,3.0,3.0,0.0,0.0,0.0,0.0,3.0,3.0,0.0,0.0,0.0,0.0,0.0,0.0,0.0,0.0,0.0,0.0,0.0,74.5,22.66666666666666,27.0,19,2,8,1,9,9,1,2,4.0,2,2,4,73,1165,4016,902025,4,1,2,9,9,1,73,1165,3998
90202504103.0,90202504,902025041,4.25,4.25,0.0,0.0,0.0,0.0,0.0,4.25,4.25,0.0,1.0,3.25,0.0,0.0,0.0,0.0,0.0,0.0,0.0,0.0,0.0,0.0,0.0,0.0,0.0,0.0,0.0,0.0,0.0,0.0,0.0,0.0,0.0,0.0,0.0,76.83333333333333,48.0,19.0,13,2,3,2,9,9,1,2,2.0,2,2,4,73,1165,3995,902025,4,1,3,9,9,1,73,1165,3998
90202505101.0,90202505,902025051,42.33333333333333,42.33333333333333,0.0,0.0,0.0,0.0,0.0,42.33333333333333,38.33333333333333,15.5,8.33333333333333,12.0,0.0,2.0,0.5,0.0,4.0,4.0,4.0,4.0,0.0,0.0,0.0,0.0,0.0,0.0,0.0,0.0,0.0,0.0,0.0,0.0,0.0,0.0,0.0,66.5,0.0,20.0,70,2,2,6,9,9,1,2,2.0,2,2,3,73,1165,4005,902025,5,1,1,9,9,1,73,1165,3998
90202505102.0,90202505,902025051,16.16666666666666,16.16666666666666,0.0,0.0,0.0,0.0,0.0,16.16666666666666,8.16666666666666,3.0,1.5,0.0,0.0,2.0,1.0,0.66666666666666,8.0,8.0,0.0,0.0,0.0,0.0,0.0,0.0,0.0,8.0,8.0,0.0,0.0,0.0,0.0,0.0,0.0,0.0,0.0,78.75,0.0,11.5,76,1,2,6,9,9,1,2,2.0,2,1,3,73,1165,4075,902025,5,1,2,9,9,1,73,1165,3998
91129301102.0,91129301,911293011,71.0,71.0,60.66666666666666,56.0,4.66666666666666,0.0,0.0,10.33333333333333,3.33333333333333,0.0,2.0,0.33333333333333,0.0,0.0,0.0,1.0,7.0,7.0,0.0,0.0,0.0,0.0,0.0,0.0,7.0,0.0,0.0,0.0,0.0,0.0,0.0,0.0,0.0,0.0,0.0,95.0,0.0,20.5,65,1,3,3,9,9,3,2,2.0,1,2,1,75,1242,5571,911293,1,1,2,9,9,3,75,1242,5612
91129302101.0,91129302,911293021,98.73333333333332,98.73333333333332,63.33333333333333,56.0,7.33333333333333,0.0,0.0,35.4,12.9,4.66666666666666,2.16666666666666,1.33333333333333,1.5,1.5,0.0,1.73333333333333,0.0,0.0,0.0,0.0,0.0,0.0,0.0,0.0,0.0,0.0,0.0,22.5,22.5,6.5,0.0,16.0,0.0,0.0,0.0,65.5,0.0,20.0,57,1,6,3,9,9,3,2,3.0,1,2,1,75,1242,5636,911293,2,1,1,9,9,3,75,1242,5612
90598903106.0,90598903,905989031,20.33333333333333,20.33333333333333,0.0,0.0,0.0,0.0,0.0,20.33333333333333,19.75,9.83333333333333,6.25,1.75,0.0,1.41666666666666,0.0,0.5,0.58333333333333,0.58333333333333,0.0,0.0,0.0,0.0,0.0,0.0,0.33333333333333,0.25,0.25,0.0,0.0,0.0,0.0,0.0,0.0,0.0,0.0,87.0,0.0,64.66666666666666,18,2,6,3,9,9,1,2,3.0,2,2,6,74,1197,3513,905989,3,1,6,9,9,1,74,1197,3502
90598904101.0,90598904,905989041,0.0,0.0,0.0,0.0,0.0,0.0,0.0,0.0,0.0,0.0,0.0,0.0,0.0,0.0,0.0,0.0,0.0,0.0,0.0,0.0,0.0,0.0,0.0,0.0,0.0,0.0,0.0,0.0,0.0,0.0,0.0,0.0,0.0,0.0,0.0,76.25,0.0,4.66666666666666,88,1,2,3,9,9,1,2,2.0,2,2,3,74,1197,3722,905989,4,1,1,9,9,1,74,1197,3502
90598904102.0,90598904,905989041,22.43333333333333,21.96666666666666,0.0,0.0,0.0,0.0,1.0,21.43333333333333,20.96666666666666,4.66666666666666,5.0,9.3,0.0,2.0,0.0,0.0,0.46666666666666,0.0,0.0,0.0,0.0,0.0,0.0,0.0,0.0,0.46666666666666,0.0,0.0,0.0,0.0,0.0,0.0,0.0,0.0,0.0,74.83333333333333,0.0,4.66666666666666,78,2,2,6,9,9,1,2,2.0,2,2,5,74,1197,3505,905989,4,1,2,9,9,1,74,1197,3502
90598905101.0,90598905,905989051,96.56666666666666,96.56666666666666,63.0,50.0,13.0,0.0,9.0,24.56666666666666,23.73333333333333,6.0,15.5,2.0,0.0,0.0,0.0,0.23333333333333,0.83333333333333,0.83333333333333,0.0,0.0,0.0,0.0,0.0,0.0,0.83333333333333,0.0,0.0,0.0,0.0,0.0,0.0,0.0,0.0,0.0,0.0,68.0,0.0,16.75,41,1,6,3,9,9,1,2,3.0,2,2,1,74,1197,3568,905989,5,1,1,9,9,1,74,1197,3502
90598905102.0,90598905,905989051,62.99999999999999,62.99999999999999,25.0,20.0,5.0,0.0,10.0,27.99999999999999,21.49999999999999,9.0,6.66666666666666,3.0,0.0,1.0,0.0,1.83333333333333,6.5,6.5,0.0,0.0,0.0,0.0,6.5,6.5,0.0,0.0,0.0,0.0,0.0,0.0,0.0,0.0,0.0,0.0,0.0,73.5,0.0,23.83333333333333,42,2,6,3,9,9,1,2,3.0,2,2,1,74,1197,3452,905989,5,1,2,9,9,1,74,1197,3502
90598905103.0,90598905,905989051,31.74999999999999,31.74999999999999,12.0,7.0,5.0,0.0,0.0,19.74999999999999,17.24999999999999,6.0,7.83333333333333,2.5,0.0,0.33333333333333,0.0,0.58333333333333,2.5,2.5,0.0,0.0,0.0,0.0,2.5,2.5,0.0,0.0,0.0,0.0,0.0,0.0,0.0,0.0,0.0,0.0,0.0,74.0,30.0,42.0,18,2,6,3,9,9,1,2,3.0,2,2,1,74,1197,3513,905989,5,1,3,9,9,1,74,1197,3502
90598905104.0,90598905,905989051,11.71666666666666,11.71666666666666,0.0,0.0,0.0,0.0,0.0,11.71666666666666,11.55,5.0,5.71666666666666,0.33333333333333,0.0,0.0,0.0,0.5,0.16666666666666,0.16666666666666,0.0,0.0,0.0,0.0,0.0,0.0,0.16666666666666,0.0,0.0,0.0,0.0,0.0,0.0,0.0,0.0,0.0,0.0,94.5,44.5,61.01666666666666,13,2,3,2,9,9,1,2,2.0,2,2,4,74,1197,3494,905989,5,1,4,9,9,1,74,1197,3502
91193603103.0,91193603,911936031,11.58333333333333,11.58333333333333,0.0,0.0,0.0,0.0,0.0,11.58333333333333,11.58333333333333,3.5,6.08333333333333,0.0,0.0,2.0,0.0,0.0,0.0,0.0,0.0,0.0,0.0,0.0,0.0,0.0,0.0,0.0,0.0,0.0,0.0,0.0,0.0,0.0,0.0,0.0,0.0,84.58333333333333,61.0,23.0,13,1,2,6,9,9,1,2,2.0,2,2,4,73,1248,3866,911936,3,1,3,9,9,1,73,1248,3845
91193604101.0,91193604,911936041,52.2,52.2,41.5,40.0,1.5,0.0,0.0,10.7,10.7,4.41666666666666,3.25,0.91666666666666,0.0,2.0,0.0,0.11666666666666,0.0,0.0,0.0,0.0,0.0,0.0,0.0,0.0,0.0,0.0,0.0,0.0,0.0,0.0,0.0,0.0,0.0,0.0,0.0,72.0,0.0,40.05,29,1,10,2,9,9,1,2,5.0,2,2,1,73,1248,3886,911936,4,1,1,9,9,1,73,1248,3845
91193605101.0,91193605,911936051,108.06666666666666,108.06666666666666,64.08333333333333,58.0,6.08333333333333,0.0,0.0,43.98333333333333,43.98333333333333,18.25,22.08333333333333,0.41666666666666,0.0,3.0,0.0,0.23333333333333,0.0,0.0,0.0,0.0,0.0,0.0,0.0,0.0,0.0,0.0,0.0,0.0,0.0,0.0,0.0,0.0,0.0,0.0,0.0,73.0,0.0,30.5,59,2,5,3,9,9,1,2,3.0,2,2,1,73,1248,3758,911936,5,1,1,9,9,1,73,1248,3845
91198701101.0,91198701,911987011,60.41666666666666,60.41666666666666,0.0,0.0,0.0,0.0,0.0,60.41666666666666,60.41666666666666,24.5,26.25,1.5,0.0,7.0,0.0,1.16666666666666,0.0,0.0,0.0,0.0,0.0,0.0,0.0,0.0,0.0,0.0,0.0,0.0,0.0,0.0,0.0,0.0,0.0,0.0,0.0,78.16666666666666,0.0,32.5,66,2,5,3,9,9,1,2,3.0,2,2,3,74,1249,4046,911987,1,1,1,9,9,1,74,1249,4075
91198701102.0,91198701,911987011,21.41666666666666,21.41666666666666,0.0,0.0,0.0,0.0,0.0,21.41666666666666,2.41666666666666,0.0,0.0,0.5,0.0,1.5,0.0,0.41666666666666,0.0,0.0,0.0,0.0,0.0,0.0,0.0,0.0,0.0,0.0,0.0,19.0,19.0,0.0,19.0,0.0,0.0,0.0,0.0,56.83333333333333,0.0,17.0,50,1,3,3,9,9,1,2,2.0,2,2,3,74,1249,4081,911987,1,1,2,9,9,1,74,1249,4075
91198702101.0,91198702,911987021,37.5,37.5,0.0,0.0,0.0,0.0,0.0,37.5,37.5,8.5,24.66666666666666,0.0,0.0,3.0,0.0,1.33333333333333,0.0,0.0,0.0,0.0,0.0,0.0,0.0,0.0,0.0,0.0,0.0,0.0,0.0,0.0,0.0,0.0,0.0,0.0,0.0,71.16666666666666,0.0,42.5,72,2,6,3,9,9,1,2,3.0,2,2,5,74,1249,4077,911987,2,1,1,9,9,1,74,1249,4075
91198703101.0,91198703,911987031,106.75,36.75,0.0,0.0,0.0,0.0,0.0,106.75,35.75,14.5,17.25,2.0,0.0,1.5,0.0,0.5,71.0,1.0,71.0,1.0,0.0,0.0,0.0,0.0,0.0,0.0,0.0,0.0,0.0,0.0,0.0,0.0,0.0,0.0,0.0,77.0,0.0,22.0,72,2,4,2,9,9,1,2,3.0,2,2,3,74,1249,4077,911987,3,1,1,9,9,1,74,1249,4075
90579802101.0,90579802,905798021,23.58333333333333,23.58333333333333,0.0,0.0,0.0,0.0,0.0,23.58333333333333,23.58333333333333,14.0,6.58333333333333,3.0,0.0,0.0,0.0,0.0,0.0,0.0,0.0,0.0,0.0,0.0,0.0,0.0,0.0,0.0,0.0,0.0,0.0,0.0,0.0,0.0,0.0,0.0,0.0,62.5,0.0,22.5,63,2,8,4,9,9,1,2,4.0,2,2,5,74,1195,3602,905798,2,1,1,9,9,1,74,1195,3659
90579802102.0,90579802,905798021,67.83333333333333,67.83333333333333,50.0,40.0,10.0,0.0,0.0,17.83333333333333,17.83333333333333,0.58333333333333,13.5,3.75,0.0,0.0,0.0,0.0,0.0,0.0,0.0,0.0,0.0,0.0,0.0,0.0,0.0,0.0,0.0,0.0,0.0,0.0,0.0,0.0,0.0,0.0,0.0,73.66666666666666,0.0,32.66666666666666,40,2,8,4,9,9,1,2,4.0,2,2,1,74,1195,3607,905798,2,1,2,9,9,1,74,1195,3659
90579803101.0,90579803,905798031,56.5,56.5,49.0,42.0,7.0,0.0,0.0,7.5,7.5,3.5,1.5,0.0,2.0,0.5,0.0,0.0,0.0,0.0,0.0,0.0,0.0,0.0,0.0,0.0,0.0,0.0,0.0,0.0,0.0,0.0,0.0,0.0,0.0,0.0,0.0,54.5,0.0,24.0,50,1,8,4,9,9,1,2,4.0,2,2,1,74,1195,3665,905798,3,1,1,9,9,1,74,1195,3659
90579803102.0,90579803,905798031,27.66666666666666,27.66666666666666,0.0,0.0,0.0,0.0,0.0,27.66666666666666,27.66666666666666,11.5,9.16666666666666,1.75,0.0,4.66666666666666,0.0,0.58333333333333,0.0,0.0,0.0,0.0,0.0,0.0,0.0,0.0,0.0,0.0,0.0,0.0,0.0,0.0,0.0,0.0,0.0,0.0,0.0,70.0,0.0,36.0,49,2,6,3,9,9,1,2,3.0,2,2,1,74,1195,3601,905798,3,1,2,9,9,1,74,1195,3659
90579803103.0,90579803,905798031,9.16666666666666,9.16666666666666,0.0,0.0,0.0,0.0,0.0,9.16666666666666,9.16666666666666,0.0,8.0,1.16666666666666,0.0,0.0,0.0,0.0,0.0,0.0,0.0,0.0,0.0,0.0,0.0,0.0,0.0,0.0,0.0,0.0,0.0,0.0,0.0,0.0,0.0,0.0,0.0,56.0,0.0,39.5,23,2,6,3,9,9,1,2,3.0,2,2,5,74,1195,3674,905798,3,1,3,9,9,1,74,1195,3659
90579803104.0,90579803,905798031,2.5,2.5,0.0,0.0,0.0,0.0,0.0,2.5,2.5,0.0,1.0,0.5,0.0,1.0,0.0,0.0,0.0,0.0,0.0,0.0,0.0,0.0,0.0,0.0,0.0,0.0,0.0,0.0,0.0,0.0,0.0,0.0,0.0,0.0,0.0,76.0,45.0,32.16666666666666,21,1,8,2,9,9,1,2,4.0,2,2,4,74,1195,3713,905798,3,1,4,9,9,1,74,1195,3659
90579803105.0,90579803,905798031,11.66666666666666,11.66666666666666,0.0,0.0,0.0,0.0,0.0,11.66666666666666,11.66666666666666,5.5,5.66666666666666,0.5,0.0,0.0,0.0,0.0,0.0,0.0,0.0,0.0,0.0,0.0,0.0,0.0,0.0,0.0,0.0,0.0,0.0,0.0,0.0,0.0,0.0,0.0,0.0,78.66666666666666,52.83333333333333,30.16666666666666,16,2,6,1,9,9,1,2,3.0,2,2,4,74,1195,3670,905798,3,1,5,9,9,1,74,1195,3659
91129303101.0,91129303,911293031,70.65,70.65,50.0,40.0,10.0,0.0,0.0,20.65,13.65,0.41666666666666,0.0,2.0,9.0,2.0,0.0,0.23333333333333,7.0,7.0,0.0,0.0,0.0,0.0,0.0,0.0,4.0,3.0,3.0,0.0,0.0,0.0,0.0,0.0,0.0,0.0,0.0,60.25,0.0,21.0,61,1,3,2,9,9,3,2,2.0,1,2,1,75,1242,5580,911293,3,1,1,9,9,3,75,1242,5612
91129303102.0,91129303,911293031,45.36666666666666,45.36666666666666,8.16666666666666,7.0,1.16666666666666,0.0,0.0,37.2,21.7,10.5,3.7,3.0,0.0,3.0,0.33333333333333,1.16666666666666,3.5,3.5,0.0,0.0,0.0,0.0,0.0,0.0,3.5,0.0,0.0,12.0,12.0,0.0,0.0,12.0,0.0,0.0,0.0,63.0,0.0,34.0,61,2,2,6,9,9,3,2,2.0,2,1,1,75,1242,5525,911293,3,1,2,9,9,3,75,1242,5612
91129303103.0,91129303,911293031,108.23333333333332,64.23333333333333,35.16666666666666,35.0,0.16666666666666,0.0,0.0,73.06666666666666,22.06666666666666,8.5,10.5,2.83333333333333,0.0,0.0,0.0,0.23333333333333,51.0,7.0,0.0,0.0,0.0,0.0,0.0,0.0,0.0,51.0,7.0,0.0,0.0,0.0,0.0,0.0,0.0,0.0,0.0,60.5,53.5,23.5,19,2,6,3,9,9,3,2,3.0,2,2,1,75,1242,5630,911293,3,1,3,9,9,3,75,1242,5612
91129304101.0,91129304,911293041,37.36666666666666,37.36666666666666,0.0,0.0,0.0,0.0,0.0,37.36666666666666,19.36666666666666,7.0,10.5,1.0,0.0,0.0,0.0,0.86666666666666,4.0,4.0,0.0,0.0,0.0,0.0,0.0,0.0,4.0,0.0,0.0,14.0,14.0,0.0,0.0,14.0,0.0,0.0,0.0,63.0,0.0,52.63333333333333,69,1,2,6,9,9,3,2,2.0,1,1,3,75,1242,5571,911293,4,1,1,9,9,3,75,1242,5612
91129304102.0,91129304,911293041,103.55,102.96666666666665,42.83333333333333,35.0,7.83333333333333,0.0,10.66666666666666,50.05,24.21666666666666,13.33333333333333,4.8,3.5,0.0,2.0,0.0,0.58333333333333,10.83333333333333,10.25,8.83333333333333,8.25,0.0,0.0,0.0,0.0,2.0,0.0,0.0,15.0,15.0,0.0,0.0,15.0,0.0,0.0,0.0,55.91666666666666,0.0,21.85,54,2,3,3,9,9,3,2,2.0,2,2,1,75,1242,5567,911293,4,1,2,9,9,3,75,1242,5612
91129304103.0,91129304,911293041,81.0,75.0,60.0,40.0,20.0,0.0,0.0,21.0,7.0,0.66666666666666,1.83333333333333,1.83333333333333,0.0,2.0,0.16666666666666,0.5,14.0,8.0,6.0,0.0,0.0,0.0,0.0,0.0,8.0,0.0,0.0,0.0,0.0,0.0,0.0,0.0,0.0,0.0,0.0,64.66666666666666,0.0,22.5,37,1,6,3,9,9,3,2,3.0,1,2,1,75,1242,5614,911293,4,1,3,9,9,3,75,1242,5612
91129305101.0,91129305,911293051,127.5,102.5,45.0,40.0,5.0,0.0,0.0,82.49999999999999,30.99999999999999,11.25,7.33333333333333,5.08333333333333,0.0,5.0,0.0,2.33333333333333,51.5,26.5,0.0,0.0,0.0,0.0,46.5,21.5,5.0,0.0,0.0,0.0,0.0,0.0,0.0,0.0,0.0,0.0,0.0,57.5,0.0,13.5,55,2,3,3,9,9,3,2,2.0,2,2,1,75,1242,5478,911293,5,1,1,9,9,3,75,1242,5612
90609101101.0,90609101,906091011,17.83333333333333,17.83333333333333,0.0,0.0,0.0,0.0,0.0,17.83333333333333,10.83333333333333,0.0,9.5,1.33333333333333,0.0,0.0,0.0,0.0,0.0,0.0,0.0,0.0,0.0,0.0,0.0,0.0,0.0,0.0,0.0,7.0,7.0,0.0,0.0,7.0,0.0,0.0,0.0,67.33333333333333,0.0,28.0,62,1,3,3,9,9,1,2,2.0,2,2,3,73,1198,3889,906091,1,1,1,9,9,1,73,1198,3906
90609101102.0,90609101,906091011,54.41666666666666,54.41666666666666,41.66666666666666,40.0,1.66666666666666,0.0,1.5,11.25,11.25,3.5,4.5,2.25,0.0,1.0,0.0,0.0,0.0,0.0,0.0,0.0,0.0,0.0,0.0,0.0,0.0,0.0,0.0,0.0,0.0,0.0,0.0,0.0,0.0,0.0,0.0,93.33333333333331,0.0,19.25,32,2,8,4,9,9,1,2,4.0,2,2,1,73,1198,3862,906091,1,1,2,9,9,1,73,1198,3906
90609102101.0,90609102,906091021,8.83333333333333,8.83333333333333,0.0,0.0,0.0,0.0,0.0,8.83333333333333,8.83333333333333,2.58333333333333,2.75,3.5,0.0,0.0,0.0,0.0,0.0,0.0,0.0,0.0,0.0,0.0,0.0,0.0,0.0,0.0,0.0,0.0,0.0,0.0,0.0,0.0,0.0,0.0,0.0,67.66666666666666,0.0,5.0,67,2,6,3,9,9,1,2,3.0,2,2,5,73,1198,3884,906091,2,1,1,9,9,1,73,1198,3906
90609103101.0,90609103,906091031,29.33333333333333,29.33333333333333,0.0,0.0,0.0,0.0,0.0,29.33333333333333,29.33333333333333,17.5,9.33333333333333,2.5,0.0,0.0,0.0,0.0,0.0,0.0,0.0,0.0,0.0,0.0,0.0,0.0,0.0,0.0,0.0,0.0,0.0,0.0,0.0,0.0,0.0,0.0,0.0,91.0,0.0,25.08333333333333,68,2,5,2,9,9,1,2,3.0,2,2,5,73,1198,3884,906091,3,1,1,9,9,1,73,1198,3906
90232504102.0,90232504,902325041,61.06666666666666,61.06666666666666,40.58333333333333,40.0,0.58333333333333,0.0,0.0,20.48333333333333,19.81666666666666,10.33333333333333,4.75,1.16666666666666,0.0,2.25,1.08333333333333,0.23333333333333,0.66666666666666,0.66666666666666,0.0,0.0,0.0,0.0,0.0,0.0,0.66666666666666,0.0,0.0,0.0,0.0,0.0,0.0,0.0,0.0,0.0,0.0,66.99999999999999,0.0,50.66666666666666,34,1,10,2,9,9,1,2,5.0,2,2,1,73,1168,3397,902325,4,1,2,9,9,1,73,1168,3339
90232505101.0,90232505,902325051,66.16666666666666,66.16666666666666,36.0,20.0,16.0,0.0,0.0,30.16666666666666,29.16666666666666,8.5,5.91666666666666,2.66666666666666,3.0,3.0,5.0,1.08333333333333,0.0,0.0,0.0,0.0,0.0,0.0,0.0,0.0,0.0,0.0,0.0,1.0,1.0,1.0,0.0,0.0,0.0,0.0,0.0,54.5,0.0,16.0,63,2,9,1,9,9,1,2,5.0,2,2,1,73,1168,3292,902325,5,1,1,9,9,1,73,1168,3339
90239801101.0,90239801,902398011,83.25,82.0,34.33333333333333,32.0,2.33333333333333,0.0,0.0,48.91666666666666,41.0,5.83333333333333,11.08333333333333,0.0,20.0,3.0,0.0,1.08333333333333,7.91666666666666,6.66666666666666,0.0,0.0,0.0,0.0,6.25,5.0,1.66666666666666,0.0,0.0,0.0,0.0,0.0,0.0,0.0,0.0,0.0,0.0,55.5,0.0,17.5,56,2,6,3,9,9,1,2,3.0,2,2,1,73,1169,2221,902398,1,1,1,9,9,1,73,1169,2272
91198703102.0,91198703,911987031,0.0,0.0,0.0,0.0,0.0,0.0,0.0,0.0,0.0,0.0,0.0,0.0,0.0,0.0,0.0,0.0,0.0,0.0,0.0,0.0,0.0,0.0,0.0,0.0,0.0,0.0,0.0,0.0,0.0,0.0,0.0,0.0,0.0,0.0,0.0,109.5,0.0,42.0,50,1,7,3,9,9,1,2,4.0,2,1,6,74,1249,4081,911987,3,1,2,9,9,1,74,1249,4075
91198704101.0,91198704,911987041,78.16666666666666,73.16666666666666,57.0,51.0,6.0,0.0,0.0,21.16666666666666,9.16666666666666,3.16666666666666,3.0,3.0,0.0,0.0,0.0,0.0,6.0,1.0,0.0,0.0,0.0,0.0,6.0,1.0,0.0,0.0,0.0,6.0,6.0,3.0,0.0,3.0,0.0,0.0,0.0,69.5,0.0,14.5,43,2,8,5,9,9,1,2,4.0,2,2,1,74,1249,4017,911987,4,1,1,9,9,1,74,1249,4075
91198704102.0,91198704,911987041,57.99999999999999,50.49999999999999,36.33333333333333,35.0,1.33333333333333,0.0,0.0,21.66666666666666,5.33333333333333,0.0,5.0,0.25,0.0,0.0,0.08333333333333,0.0,16.33333333333333,8.83333333333333,0.0,0.0,0.0,0.0,10.83333333333333,3.33333333333333,5.5,0.0,0.0,0.0,0.0,0.0,0.0,0.0,0.0,0.0,0.0,66.16666666666666,0.0,22.0,26,1,3,2,9,9,1,2,2.0,2,2,1,74,1249,4113,911987,4,1,2,9,9,1,74,1249,4075
91198704103.0,91198704,911987041,52.59999999999999,52.59999999999999,4.16666666666666,4.0,0.16666666666666,0.0,0.0,48.43333333333333,32.93333333333333,9.13333333333333,11.29999999999999,5.5,0.0,7.0,0.0,0.0,15.5,15.5,0.0,0.0,0.0,0.0,15.5,15.5,0.0,0.0,0.0,0.0,0.0,0.0,0.0,0.0,0.0,0.0,0.0,42.0,0.0,11.5,25,2,3,3,9,9,1,2,2.0,2,2,1,74,1249,4044,911987,4,1,3,9,9,1,74,1249,4075
91198704104.0,91198704,911987041,141.41666666666666,106.41666666666666,72.5,72.0,0.5,0.0,0.0,68.91666666666666,25.41666666666666,10.5,10.91666666666666,1.66666666666666,0.0,2.0,0.25,0.08333333333333,43.5,8.5,0.0,0.0,0.0,0.0,43.5,8.5,0.0,0.0,0.0,0.0,0.0,0.0,0.0,0.0,0.0,0.0,0.0,29.5,0.0,53.5,22,2,7,3,9,9,1,2,4.0,1,2,1,74,1249,4092,911987,4,1,4,9,9,1,74,1249,4075
91198705101.0,91198705,911987051,70.16666666666666,70.16666666666666,61.0,54.0,7.0,0.0,0.0,9.16666666666666,9.16666666666666,0.0,4.5,2.66666666666666,0.0,2.0,0.0,0.0,0.0,0.0,0.0,0.0,0.0,0.0,0.0,0.0,0.0,0.0,0.0,0.0,0.0,0.0,0.0,0.0,0.0,0.0,0.0,68.0,0.0,37.0,40,2,8,5,9,9,1,2,4.0,2,2,1,74,1249,4017,911987,5,1,1,9,9,1,74,1249,4075
91198705102.0,91198705,911987051,29.0,29.0,0.0,0.0,0.0,0.0,0.0,29.0,29.0,21.0,7.16666666666666,0.83333333333333,0.0,0.0,0.0,0.0,0.0,0.0,0.0,0.0,0.0,0.0,0.0,0.0,0.0,0.0,0.0,0.0,0.0,0.0,0.0,0.0,0.0,0.0,0.0,59.5,0.0,21.0,82,1,3,3,9,9,1,2,2.0,2,2,3,74,1249,4189,911987,5,1,2,9,9,1,74,1249,4075
90579804101.0,90579804,905798041,20.08333333333333,20.08333333333333,0.0,0.0,0.0,0.0,0.0,20.08333333333333,20.08333333333333,9.5,7.83333333333333,0.0,0.0,2.0,0.33333333333333,0.41666666666666,0.0,0.0,0.0,0.0,0.0,0.0,0.0,0.0,0.0,0.0,0.0,0.0,0.0,0.0,0.0,0.0,0.0,0.0,0.0,57.08333333333333,0.0,21.16666666666666,77,1,3,3,9,9,1,2,2.0,2,2,3,74,1195,3725,905798,4,1,1,9,9,1,74,1195,3659
90579804102.0,90579804,905798041,77.83333333333333,77.83333333333333,72.0,66.0,6.0,0.0,0.0,5.83333333333333,5.83333333333333,1.16666666666666,2.0,0.83333333333333,0.0,1.5,0.0,0.33333333333333,0.0,0.0,0.0,0.0,0.0,0.0,0.0,0.0,0.0,0.0,0.0,0.0,0.0,0.0,0.0,0.0,0.0,0.0,0.0,44.0,0.0,19.0,42,1,3,3,9,9,1,2,2.0,2,2,1,74,1195,3727,905798,4,1,2,9,9,1,74,1195,3659
90579804103.0,90579804,905798041,7.5,7.5,0.0,0.0,0.0,0.0,0.0,7.5,6.83333333333333,2.0,3.5,0.41666666666666,0.0,0.91666666666666,0.0,0.0,0.66666666666666,0.66666666666666,0.0,0.0,0.0,0.0,0.0,0.0,0.0,0.66666666666666,0.66666666666666,0.0,0.0,0.0,0.0,0.0,0.0,0.0,0.0,67.16666666666666,0.0,33.16666666666666,16,1,3,3,9,9,1,2,2.0,2,2,5,74,1195,3684,905798,4,1,3,9,9,1,74,1195,3659
90579805101.0,90579805,905798051,84.58333333333333,84.58333333333333,53.0,45.0,8.0,0.0,0.0,31.58333333333333,31.58333333333333,10.5,18.58333333333333,2.0,0.0,0.0,0.5,0.0,0.0,0.0,0.0,0.0,0.0,0.0,0.0,0.0,0.0,0.0,0.0,0.0,0.0,0.0,0.0,0.0,0.0,0.0,0.0,50.5,0.0,17.5,49,2,6,3,9,9,1,2,3.0,2,2,1,74,1195,3601,905798,5,1,1,9,9,1,74,1195,3659
90594101101.0,90594101,905941011,51.58333333333333,51.58333333333333,30.08333333333333,30.0,0.08333333333333,0.0,0.0,21.5,21.5,6.5,14.0,1.0,0.0,0.0,0.0,0.0,0.0,0.0,0.0,0.0,0.0,0.0,0.0,0.0,0.0,0.0,0.0,0.0,0.0,0.0,0.0,0.0,0.0,0.0,0.0,79.0,0.0,26.5,37,1,8,4,9,9,1,2,4.0,2,2,1,74,1196,3134,905941,1,1,1,9,9,1,74,1196,3133
90594101102.0,90594101,905941011,43.5,43.5,0.0,0.0,0.0,0.0,0.0,43.5,43.5,24.5,16.5,1.5,0.0,1.0,0.0,0.0,0.0,0.0,0.0,0.0,0.0,0.0,0.0,0.0,0.0,0.0,0.0,0.0,0.0,0.0,0.0,0.0,0.0,0.0,0.0,84.0,0.0,30.33333333333333,39,2,6,3,9,9,1,2,3.0,2,2,5,74,1196,3089,905941,1,1,2,9,9,1,74,1196,3133
90594102101.0,90594102,905941021,69.25,69.25,0.0,0.0,0.0,0.0,0.0,69.25,69.25,47.25,17.75,4.25,0.0,0.0,0.0,0.0,0.0,0.0,0.0,0.0,0.0,0.0,0.0,0.0,0.0,0.0,0.0,0.0,0.0,0.0,0.0,0.0,0.0,0.0,0.0,84.66666666666666,0.0,33.0,69,1,2,6,9,9,1,2,2.0,2,2,3,74,1196,3110,905941,2,1,1,9,9,1,74,1196,3133
90208703103.0,90208703,902087031,30.91666666666666,30.91666666666666,3.0,0.0,0.0,3.0,0.0,27.91666666666666,27.91666666666666,5.5,20.25,1.0,0.0,1.0,0.0,0.16666666666666,0.0,0.0,0.0,0.0,0.0,0.0,0.0,0.0,0.0,0.0,0.0,0.0,0.0,0.0,0.0,0.0,0.0,0.0,0.0,72.0,0.0,42.3,53,1,8,5,9,9,1,2,4.0,2,2,2,73,1166,4283,902087,3,1,3,9,9,1,73,1166,4271
90208704101.0,90208704,902087041,70.58333333333333,62.58333333333333,43.33333333333333,40.0,3.33333333333333,0.0,0.0,27.25,2.75,0.0,0.25,0.0,1.0,0.0,0.5,1.0,24.5,16.5,0.0,0.0,0.0,0.0,24.5,16.5,0.0,0.0,0.0,0.0,0.0,0.0,0.0,0.0,0.0,0.0,0.0,53.0,0.0,12.41666666666666,41,1,6,1,9,9,1,2,3.0,2,2,1,73,1166,4357,902087,4,1,1,9,9,1,73,1166,4271
90208704102.0,90208704,902087041,56.75,42.75,16.0,13.0,3.0,0.0,0.0,40.75,15.75,9.33333333333333,5.25,0.5,0.0,0.66666666666666,0.0,0.0,25.0,11.0,0.0,0.0,0.0,0.0,25.0,11.0,0.0,0.0,0.0,0.0,0.0,0.0,0.0,0.0,0.0,0.0,0.0,54.33333333333333,0.0,6.75,43,2,8,3,9,9,1,2,4.0,2,2,1,73,1166,4216,902087,4,1,2,9,9,1,73,1166,4271
90208705101.0,90208705,902087051,28.75,28.75,0.0,0.0,0.0,0.0,0.5,28.25,28.25,10.0,12.08333333333333,3.0,0.0,2.0,0.0,1.16666666666666,0.0,0.0,0.0,0.0,0.0,0.0,0.0,0.0,0.0,0.0,0.0,0.0,0.0,0.0,0.0,0.0,0.0,0.0,0.0,57.5,0.0,16.91666666666666,60,2,8,6,9,9,1,2,4.0,2,1,5,73,1166,4211,902087,5,1,1,9,9,1,73,1166,4271
90208705102.0,90208705,902087051,82.25,82.25,52.0,50.0,2.0,0.0,0.0,30.25,30.25,4.0,18.66666666666666,3.0,0.0,4.0,0.0,0.58333333333333,0.0,0.0,0.0,0.0,0.0,0.0,0.0,0.0,0.0,0.0,0.0,0.0,0.0,0.0,0.0,0.0,0.0,0.0,0.0,51.0,0.0,42.0,35,2,10,2,9,9,1,2,5.0,2,2,1,73,1166,4216,902087,5,1,2,9,9,1,73,1166,4271
90208705103.0,90208705,902087051,60.5,60.5,41.5,40.0,1.5,0.0,0.0,19.0,18.33333333333333,2.5,13.0,0.0,0.0,0.25,0.0,2.58333333333333,0.66666666666666,0.66666666666666,0.0,0.0,0.0,0.0,0.0,0.0,0.66666666666666,0.0,0.0,0.0,0.0,0.0,0.0,0.0,0.0,0.0,0.0,51.0,0.0,31.58333333333333,34,2,6,3,9,9,1,2,3.0,2,2,1,73,1166,4222,902087,5,1,3,9,9,1,73,1166,4271
90209201101.0,90209201,902092011,32.66666666666666,27.66666666666666,0.0,0.0,0.0,0.0,0.0,32.66666666666666,20.16666666666666,7.5,1.41666666666666,8.0,0.0,2.0,0.0,1.25,12.5,7.5,0.0,0.0,0.0,0.0,12.5,7.5,0.0,0.0,0.0,0.0,0.0,0.0,0.0,0.0,0.0,0.0,0.0,60.25,0.0,10.0,66,2,5,3,9,9,1,2,3.0,2,2,5,73,1167,4113,902092,1,1,1,9,9,1,73,1167,4136
90609103104.0,90609103,906091031,8.0,8.0,0.0,0.0,0.0,0.0,0.0,8.0,8.0,5.16666666666666,2.83333333333333,0.0,0.0,0.0,0.0,0.0,0.0,0.0,0.0,0.0,0.0,0.0,0.0,0.0,0.0,0.0,0.0,0.0,0.0,0.0,0.0,0.0,0.0,0.0,0.0,72.0,0.0,26.33333333333333,40,1,6,3,9,9,1,2,3.0,2,2,1,73,1198,3985,906091,3,1,4,9,9,1,73,1198,3906
90609103105.0,90609103,906091031,28.75,28.75,0.0,0.0,0.0,0.0,0.0,28.75,28.75,17.5,7.25,0.75,0.0,3.0,0.0,0.25,0.0,0.0,0.0,0.0,0.0,0.0,0.0,0.0,0.0,0.0,0.0,0.0,0.0,0.0,0.0,0.0,0.0,0.0,0.0,73.5,0.0,41.58333333333333,39,2,3,3,9,9,1,2,2.0,2,2,5,73,1198,3856,906091,3,1,5,9,9,1,73,1198,3906
90609104101.0,90609104,906091041,72.33333333333333,72.33333333333333,59.0,52.0,7.0,0.0,0.0,13.33333333333333,13.33333333333333,6.5,3.66666666666666,0.91666666666666,0.0,2.0,0.0,0.25,0.0,0.0,0.0,0.0,0.0,0.0,0.0,0.0,0.0,0.0,0.0,0.0,0.0,0.0,0.0,0.0,0.0,0.0,0.0,61.66666666666666,0.0,32.16666666666666,55,2,8,4,9,9,1,2,4.0,2,2,1,73,1198,3818,906091,4,1,1,9,9,1,73,1198,3906
90609105101.0,90609105,906091051,59.5,59.5,49.0,42.0,7.0,0.0,0.0,10.5,10.5,1.33333333333333,6.5,0.0,0.0,2.66666666666666,0.0,0.0,0.0,0.0,0.0,0.0,0.0,0.0,0.0,0.0,0.0,0.0,0.0,0.0,0.0,0.0,0.0,0.0,0.0,0.0,0.0,60.66666666666666,0.0,39.5,53,1,8,4,9,9,1,2,4.0,2,2,1,73,1198,3918,906091,5,1,1,9,9,1,73,1198,3906
90609105102.0,90609105,906091051,67.18333333333332,67.18333333333332,45.0,40.0,5.0,0.0,0.0,22.18333333333333,22.18333333333333,4.0,14.85,0.75,0.0,2.0,0.0,0.58333333333333,0.0,0.0,0.0,0.0,0.0,0.0,0.0,0.0,0.0,0.0,0.0,0.0,0.0,0.0,0.0,0.0,0.0,0.0,0.0,67.66666666666666,0.0,15.83333333333333,48,2,8,4,9,9,1,2,4.0,2,2,1,73,1198,3850,906091,5,1,2,9,9,1,73,1198,3906
90621801101.0,90621801,906218011,72.5,72.5,60.0,54.0,6.0,0.0,0.0,12.5,12.5,6.41666666666666,3.16666666666666,0.83333333333333,0.0,1.66666666666666,0.0,0.41666666666666,0.0,0.0,0.0,0.0,0.0,0.0,0.0,0.0,0.0,0.0,0.0,0.0,0.0,0.0,0.0,0.0,0.0,0.0,0.0,66.5,0.0,26.16666666666666,42,1,6,3,9,9,1,2,3.0,2,2,1,74,1199,3789,906218,1,1,1,9,9,1,74,1199,3719
90621803101.0,90621803,906218031,11.41666666666666,11.41666666666666,9.41666666666666,9.0,0.41666666666666,0.0,0.0,2.0,2.0,0.0,0.5,1.0,0.0,0.0,0.25,0.25,0.0,0.0,0.0,0.0,0.0,0.0,0.0,0.0,0.0,0.0,0.0,0.0,0.0,0.0,0.0,0.0,0.0,0.0,0.0,78.25,0.0,17.91666666666666,75,1,8,5,9,9,1,2,4.0,2,1,1,74,1199,3786,906218,3,1,1,9,9,1,74,1199,3719
91202301101.0,91202301,912023011,103.16666666666666,103.16666666666666,84.0,72.0,12.0,0.0,0.0,19.16666666666666,16.66666666666666,10.5,3.83333333333333,1.33333333333333,0.0,1.0,0.0,0.0,2.5,2.5,0.0,0.0,0.0,0.0,0.0,0.0,2.5,0.0,0.0,0.0,0.0,0.0,0.0,0.0,0.0,0.0,0.0,74.5,0.0,25.0,48,1,8,5,9,9,1,2,4.0,2,2,1,73,1250,4141,912023,1,1,1,9,9,1,73,1250,4109
91202301102.0,91202301,912023011,6.25,6.25,0.0,0.0,0.0,0.0,0.0,6.25,6.25,3.25,0.0,2.5,0.0,0.5,0.0,0.0,0.0,0.0,0.0,0.0,0.0,0.0,0.0,0.0,0.0,0.0,0.0,0.0,0.0,0.0,0.0,0.0,0.0,0.0,0.0,63.0,0.0,44.0,40,2,8,5,9,9,1,2,4.0,2,2,1,73,1250,4056,912023,1,1,2,9,9,1,73,1250,4109
91416203102.0,91416203,914162031,23.83333333333333,23.83333333333333,13.25,3.25,10.0,0.0,0.0,10.58333333333333,10.58333333333333,1.5,3.75,2.0,0.0,3.0,0.33333333333333,0.0,0.0,0.0,0.0,0.0,0.0,0.0,0.0,0.0,0.0,0.0,0.0,0.0,0.0,0.0,0.0,0.0,0.0,0.0,0.0,65.0,4.0,25.33333333333333,35,2,8,5,9,9,1,2,4.0,2,2,1,74,1265,4422,914162,3,1,2,9,9,1,74,1265,4485
91416203103.0,91416203,914162031,80.33333333333333,80.33333333333333,65.0,45.0,20.0,0.0,0.0,15.33333333333333,15.08333333333333,2.5,4.33333333333333,5.0,0.0,2.0,0.0,1.25,0.25,0.25,0.0,0.0,0.0,0.0,0.0,0.0,0.0,0.25,0.25,0.0,0.0,0.0,0.0,0.0,0.0,0.0,0.0,52.91666666666666,0.0,63.0,30,2,8,5,9,9,1,2,4.0,2,2,1,74,1265,4428,914162,3,1,3,9,9,1,74,1265,4485
91416204101.0,91416204,914162041,81.0,81.0,62.0,55.0,7.0,0.0,0.0,19.0,11.0,0.0,3.5,1.5,3.0,1.0,0.83333333333333,1.16666666666666,7.0,7.0,0.0,0.0,0.0,0.0,0.0,0.0,0.5,6.5,6.5,1.0,0.0,0.0,0.0,0.0,1.0,0.0,0.0,63.0,0.0,24.5,40,1,6,3,9,9,1,2,3.0,2,2,1,74,1265,4570,914162,4,1,1,9,9,1,74,1265,4485
91416204102.0,91416204,914162041,85.16666666666666,85.16666666666666,50.0,40.0,10.0,0.0,0.0,35.16666666666666,12.83333333333333,4.0,3.5,1.83333333333333,0.0,3.0,0.0,0.5,20.33333333333333,20.33333333333333,0.0,0.0,0.0,0.0,0.0,0.0,7.83333333333333,12.5,12.5,2.0,0.0,0.0,0.0,0.0,2.0,0.0,0.0,64.5,0.0,20.0,32,1,6,3,9,9,1,2,3.0,2,2,1,74,1265,4557,914162,4,1,2,9,9,1,74,1265,4485
91416204103.0,91416204,914162041,64.8,64.8,40.5,40.0,0.5,0.0,1.5,22.8,22.8,3.13333333333333,6.5,6.0,0.0,4.0,3.0,0.16666666666666,0.0,0.0,0.0,0.0,0.0,0.0,0.0,0.0,0.0,0.0,0.0,0.0,0.0,0.0,0.0,0.0,0.0,0.0,0.0,67.33333333333333,0.0,4.0,70,2,3,3,9,9,1,2,2.0,2,2,1,74,1265,4487,914162,4,1,3,9,9,1,74,1265,4485
90594102102.0,90594102,905941021,49.5,49.5,48.0,30.0,18.0,0.0,0.0,1.5,1.5,0.0,0.0,1.5,0.0,0.0,0.0,0.0,0.0,0.0,0.0,0.0,0.0,0.0,0.0,0.0,0.0,0.0,0.0,0.0,0.0,0.0,0.0,0.0,0.0,0.0,0.0,57.0,0.0,13.0,46,1,8,4,9,9,1,2,4.0,2,2,1,74,1196,3153,905941,2,1,2,9,9,1,74,1196,3133
90594103101.0,90594103,905941031,2.58333333333333,2.58333333333333,0.0,0.0,0.0,0.0,0.0,2.58333333333333,2.58333333333333,0.66666666666666,1.91666666666666,0.0,0.0,0.0,0.0,0.0,0.0,0.0,0.0,0.0,0.0,0.0,0.0,0.0,0.0,0.0,0.0,0.0,0.0,0.0,0.0,0.0,0.0,0.0,0.0,38.0,0.0,12.5,76,1,2,2,9,9,1,2,2.0,2,1,5,74,1196,3189,905941,3,1,1,9,9,1,74,1196,3133
90594103102.0,90594103,905941031,92.5,92.5,87.0,80.0,7.0,0.0,0.0,5.5,5.5,3.5,0.0,0.0,2.0,0.0,0.0,0.0,0.0,0.0,0.0,0.0,0.0,0.0,0.0,0.0,0.0,0.0,0.0,0.0,0.0,0.0,0.0,0.0,0.0,0.0,0.0,52.5,0.0,10.5,51,1,3,3,9,9,1,2,2.0,2,2,1,74,1196,3138,905941,3,1,2,9,9,1,74,1196,3133
90202505103.0,90202505,902025051,94.0,94.0,76.0,70.0,6.0,0.0,0.0,18.0,18.0,7.0,4.0,2.0,0.0,3.0,0.5,1.5,0.0,0.0,0.0,0.0,0.0,0.0,0.0,0.0,0.0,0.0,0.0,0.0,0.0,0.0,0.0,0.0,0.0,0.0,0.0,56.5,0.0,14.0,42,2,6,3,9,9,1,2,3.0,1,2,1,73,1165,3947,902025,5,1,3,9,9,1,73,1165,3998
90202505104.0,90202505,902025051,8.83333333333333,8.83333333333333,0.0,0.0,0.0,0.0,0.0,8.83333333333333,8.83333333333333,4.66666666666666,2.25,1.5,0.0,0.0,0.0,0.41666666666666,0.0,0.0,0.0,0.0,0.0,0.0,0.0,0.0,0.0,0.0,0.0,0.0,0.0,0.0,0.0,0.0,0.0,0.0,0.0,63.66666666666666,18.0,35.25,22,2,6,3,9,9,1,2,3.0,2,2,4,73,1165,4020,902025,5,1,4,9,9,1,73,1165,3998
90202505105.0,90202505,902025051,20.2,20.2,0.0,0.0,0.0,0.0,0.0,20.2,16.2,3.0,6.7,0.5,4.0,0.0,0.0,2.0,4.0,4.0,0.0,0.0,0.0,0.0,0.0,0.0,0.0,4.0,4.0,0.0,0.0,0.0,0.0,0.0,0.0,0.0,0.0,47.0,47.0,10.0,20,1,8,1,9,9,1,2,4.0,2,2,4,73,1165,4062,902025,5,1,5,9,9,1,73,1165,3998
90202505106.0,90202505,902025051,9.25,9.25,0.0,0.0,0.0,0.0,0.0,9.25,9.25,8.0,0.0,0.41666666666666,0.0,0.0,0.0,0.83333333333333,0.0,0.0,0.0,0.0,0.0,0.0,0.0,0.0,0.0,0.0,0.0,0.0,0.0,0.0,0.0,0.0,0.0,0.0,0.0,81.0,60.0,30.0,15,2,3,3,9,9,1,2,2.0,2,2,4,73,1165,4016,902025,5,1,6,9,9,1,73,1165,3998
90209201102.0,90209201,902092011,97.25,89.25,50.83333333333333,40.0,10.83333333333333,0.0,0.0,46.41666666666666,21.41666666666666,5.83333333333333,8.16666666666666,5.0,0.0,2.0,0.0,0.41666666666666,25.0,17.0,0.0,0.0,0.0,0.0,25.0,17.0,0.0,0.0,0.0,0.0,0.0,0.0,0.0,0.0,0.0,0.0,0.0,61.5,0.0,8.0,33,2,6,3,9,9,1,2,3.0,2,2,1,73,1167,4089,902092,1,1,2,9,9,1,73,1167,4136
90209202101.0,90209202,902092021,68.91666666666666,68.91666666666666,42.0,32.0,10.0,0.0,0.0,26.91666666666666,26.91666666666666,14.16666666666666,4.33333333333333,5.0,0.0,2.0,0.75,0.66666666666666,0.0,0.0,0.0,0.0,0.0,0.0,0.0,0.0,0.0,0.0,0.0,0.0,0.0,0.0,0.0,0.0,0.0,0.0,0.0,58.25,0.0,10.16666666666666,53,2,10,2,9,9,1,2,5.0,2,2,1,73,1167,4109,902092,2,1,1,9,9,1,73,1167,4136
90209202102.0,90209202,902092021,48.2,48.2,45.0,40.0,5.0,0.0,0.0,3.2,3.2,1.41666666666666,0.25,0.08333333333333,0.0,0.75,0.0,0.7,0.0,0.0,0.0,0.0,0.0,0.0,0.0,0.0,0.0,0.0,0.0,0.0,0.0,0.0,0.0,0.0,0.0,0.0,0.0,65.0,0.0,21.73333333333333,24,2,8,4,9,9,1,2,4.0,2,2,1,73,1167,4159,902092,2,1,2,9,9,1,73,1167,4136
90209202103.0,90209202,902092021,19.66666666666666,19.66666666666666,8.0,6.0,2.0,0.0,0.0,11.66666666666666,11.66666666666666,5.5,2.58333333333333,0.16666666666666,0.0,3.0,0.0,0.41666666666666,0.0,0.0,0.0,0.0,0.0,0.0,0.0,0.0,0.0,0.0,0.0,0.0,0.0,0.0,0.0,0.0,0.0,0.0,0.0,77.33333333333333,19.0,13.66666666666666,21,2,8,4,9,9,1,2,4.0,2,2,1,73,1167,4159,902092,2,1,3,9,9,1,73,1167,4136
90209204101.0,90209204,902092041,65.33333333333333,65.33333333333333,50.0,35.0,15.0,0.0,0.0,15.33333333333333,15.33333333333333,10.0,2.25,1.5,0.0,1.0,0.0,0.58333333333333,0.0,0.0,0.0,0.0,0.0,0.0,0.0,0.0,0.0,0.0,0.0,0.0,0.0,0.0,0.0,0.0,0.0,0.0,0.0,68.0,0.0,11.0,50,2,3,3,9,9,1,2,2.0,2,2,1,73,1167,4109,902092,4,1,1,9,9,1,73,1167,4136
90209204102.0,90209204,902092041,59.25,59.25,50.0,40.0,10.0,0.0,0.0,9.25,9.25,5.33333333333333,1.5,0.41666666666666,0.0,0.75,0.0,1.25,0.0,0.0,0.0,0.0,0.0,0.0,0.0,0.0,0.0,0.0,0.0,0.0,0.0,0.0,0.0,0.0,0.0,0.0,0.0,65.0,0.0,21.66666666666666,59,2,3,3,9,9,1,2,2.0,2,2,1,73,1167,4043,902092,4,1,2,9,9,1,73,1167,4136
90209204103.0,90209204,902092041,3.33333333333333,3.33333333333333,0.0,0.0,0.0,0.0,0.0,3.33333333333333,0.83333333333333,0.0,0.25,0.0,0.25,0.0,0.0,0.33333333333333,2.5,2.5,0.0,0.0,0.0,0.0,0.0,0.0,2.5,0.0,0.0,0.0,0.0,0.0,0.0,0.0,0.0,0.0,0.0,57.5,0.0,5.0,44,1,3,3,9,9,1,2,2.0,2,2,6,73,1167,4220,902092,4,1,3,9,9,1,73,1167,4136
90621803102.0,90621803,906218031,33.33333333333333,33.33333333333333,0.0,0.0,0.0,0.0,7.0,26.33333333333333,22.33333333333333,17.5,2.33333333333333,0.83333333333333,0.0,1.41666666666666,0.0,0.25,4.0,4.0,4.0,4.0,0.0,0.0,0.0,0.0,0.0,0.0,0.0,0.0,0.0,0.0,0.0,0.0,0.0,0.0,0.0,67.16666666666666,0.0,34.16666666666666,69,2,3,3,9,9,1,2,2.0,2,2,5,74,1199,3693,906218,3,1,2,9,9,1,74,1199,3719
90621803103.0,90621803,906218031,81.5,81.5,60.0,48.0,12.0,0.0,0.0,21.5,21.5,4.66666666666666,14.33333333333333,1.0,0.0,1.5,0.0,0.0,0.0,0.0,0.0,0.0,0.0,0.0,0.0,0.0,0.0,0.0,0.0,0.0,0.0,0.0,0.0,0.0,0.0,0.0,0.0,77.0,0.0,12.33333333333333,46,2,10,2,9,9,1,2,5.0,2,2,1,74,1199,3660,906218,3,1,3,9,9,1,74,1199,3719
90621804101.0,90621804,906218041,31.16666666666666,31.16666666666666,0.0,0.0,0.0,0.0,0.0,31.16666666666666,27.16666666666666,14.0,7.83333333333333,0.25,1.5,3.0,0.0,0.58333333333333,4.0,4.0,0.0,0.0,0.0,0.0,0.0,0.0,0.0,4.0,4.0,0.0,0.0,0.0,0.0,0.0,0.0,0.0,0.0,78.0,0.0,22.0,78,1,3,3,9,9,1,2,2.0,2,2,3,74,1199,3786,906218,4,1,1,9,9,1,74,1199,3719
90621804102.0,90621804,906218041,21.0,21.0,0.0,0.0,0.0,0.0,0.0,21.0,21.0,14.0,3.5,3.5,0.0,0.0,0.0,0.0,0.0,0.0,0.0,0.0,0.0,0.0,0.0,0.0,0.0,0.0,0.0,0.0,0.0,0.0,0.0,0.0,0.0,0.0,0.0,82.0,0.0,36.5,72,2,2,6,9,9,1,2,2.0,2,2,5,74,1199,3721,906218,4,1,2,9,9,1,74,1199,3719
90621804103.0,90621804,906218041,2.08333333333333,2.08333333333333,0.0,0.0,0.0,0.0,0.0,2.08333333333333,2.08333333333333,0.5,1.16666666666666,0.0,0.0,0.41666666666666,0.0,0.0,0.0,0.0,0.0,0.0,0.0,0.0,0.0,0.0,0.0,0.0,0.0,0.0,0.0,0.0,0.0,0.0,0.0,0.0,0.0,59.0,44.5,41.58333333333333,20,2,8,2,9,9,1,2,4.0,2,2,4,74,1199,3735,906218,4,1,3,9,9,1,74,1199,3719
90621805101.0,90621805,906218051,6.5,6.5,0.0,0.0,0.0,0.0,0.0,6.5,6.5,3.0,3.5,0.0,0.0,0.0,0.0,0.0,0.0,0.0,0.0,0.0,0.0,0.0,0.0,0.0,0.0,0.0,0.0,0.0,0.0,0.0,0.0,0.0,0.0,0.0,0.0,74.5,0.0,38.0,74,1,2,2,9,9,1,2,2.0,2,2,3,74,1199,3674,906218,5,1,1,9,9,1,74,1199,3719
90621805102.0,90621805,906218051,39.41666666666666,39.41666666666666,0.0,0.0,0.0,0.0,0.0,39.41666666666666,37.41666666666666,22.0,10.91666666666666,2.0,0.0,2.25,0.0,0.25,2.0,2.0,0.0,0.0,0.0,0.0,0.0,0.0,0.0,2.0,2.0,0.0,0.0,0.0,0.0,0.0,0.0,0.0,0.0,85.0,0.0,34.0,78,2,2,4,9,9,1,2,2.0,2,2,5,74,1199,3722,906218,5,1,2,9,9,1,74,1199,3719
91416205101.0,91416205,914162051,61.33333333333333,61.33333333333333,41.0,35.0,6.0,0.0,0.0,20.33333333333333,17.83333333333333,3.5,6.66666666666666,3.66666666666666,0.0,1.0,1.16666666666666,1.83333333333333,2.5,2.5,0.0,0.0,0.0,0.0,0.0,0.0,0.0,2.5,2.5,0.0,0.0,0.0,0.0,0.0,0.0,0.0,0.0,71.0,0.0,27.0,61,1,3,3,9,9,1,2,2.0,2,2,1,74,1265,4460,914162,5,1,1,9,9,1,74,1265,4485
91416205102.0,91416205,914162051,26.41666666666666,26.41666666666666,0.0,0.0,0.0,0.0,0.0,26.41666666666666,23.91666666666666,18.5,0.5,1.5,0.0,2.5,0.33333333333333,0.58333333333333,2.5,2.5,0.0,0.0,0.0,0.0,0.0,0.0,0.0,2.5,2.5,0.0,0.0,0.0,0.0,0.0,0.0,0.0,0.0,80.0,0.0,27.0,64,2,3,3,9,9,1,2,2.0,2,2,3,74,1265,4416,914162,5,1,2,9,9,1,74,1265,4485
91419901101.0,91419901,914199011,52.08333333333333,38.08333333333333,13.16666666666666,13.0,0.16666666666666,0.0,0.0,38.91666666666666,8.41666666666666,3.5,1.75,1.0,0.0,2.0,0.0,0.16666666666666,30.5,16.5,0.0,0.0,25.5,11.5,0.0,0.0,5.0,0.0,0.0,0.0,0.0,0.0,0.0,0.0,0.0,0.0,0.0,64.75,0.0,10.0,32,1,9,2,9,9,1,2,5.0,2,2,1,74,1266,3236,914199,1,1,1,9,9,1,74,1266,3185
91419901102.0,91419901,914199011,77.06666666666666,68.06666666666666,15.16666666666666,15.0,0.16666666666666,0.0,0.0,61.9,23.98333333333333,12.0,6.25,4.5,0.0,1.0,0.0,0.23333333333333,37.91666666666666,28.91666666666666,0.0,0.0,37.91666666666666,28.91666666666666,0.0,0.0,0.0,0.0,0.0,0.0,0.0,0.0,0.0,0.0,0.0,0.0,0.0,74.0,0.0,13.25,34,2,9,2,9,9,1,2,5.0,2,2,1,74,1266,3144,914199,1,1,2,9,9,1,74,1266,3185
91419901103.0,91419901,914199011,71.33333333333333,67.33333333333333,0.0,0.0,0.0,0.0,3.75,67.58333333333333,34.58333333333333,10.0,18.0,6.16666666666666,0.0,0.0,0.0,0.41666666666666,10.0,6.0,0.0,0.0,10.0,6.0,0.0,0.0,0.0,0.0,0.0,23.0,23.0,15.0,0.0,8.0,0.0,0.0,0.0,73.0,0.0,36.0,63,2,6,3,9,9,1,2,3.0,1,2,5,74,1266,3136,914199,1,1,3,9,9,1,74,1266,3185
91419902101.0,91419902,914199021,15.5,15.5,0.0,0.0,0.0,0.0,0.0,15.5,13.5,0.0,3.0,0.0,7.5,1.25,1.5,0.25,2.0,2.0,0.0,0.0,0.0,0.0,0.0,0.0,0.0,2.0,2.0,0.0,0.0,0.0,0.0,0.0,0.0,0.0,0.0,64.25,0.0,68.25,68,1,8,5,9,9,1,2,4.0,2,2,3,74,1266,3162,914199,2,1,1,9,9,1,74,1266,3185
91419902102.0,91419902,914199021,27.25,27.25,0.0,0.0,0.0,0.0,0.0,27.25,27.25,17.5,8.0,1.25,0.0,0.5,0.0,0.0,0.0,0.0,0.0,0.0,0.0,0.0,0.0,0.0,0.0,0.0,0.0,0.0,0.0,0.0,0.0,0.0,0.0,0.0,0.0,59.75,0.0,23.0,68,2,6,3,9,9,1,2,3.0,2,2,5,74,1266,3163,914199,2,1,2,9,9,1,74,1266,3185
90208701101.0,90208701,902087011,15.75,15.75,0.0,0.0,0.0,0.0,0.0,15.75,11.75,1.16666666666666,4.5,1.33333333333333,0.66666666666666,3.5,0.0,0.58333333333333,4.0,4.0,0.0,0.0,0.0,0.0,0.0,0.0,0.0,4.0,4.0,0.0,0.0,0.0,0.0,0.0,0.0,0.0,0.0,70.25,0.0,16.0,73,1,3,3,9,9,1,2,2.0,2,2,5,73,1166,4225,902087,1,1,1,9,9,1,73,1166,4271
90208701102.0,90208701,902087011,24.16666666666666,24.16666666666666,0.0,0.0,0.0,0.0,0.0,24.16666666666666,24.16666666666666,18.91666666666666,2.41666666666666,0.5,0.0,2.0,0.0,0.33333333333333,0.0,0.0,0.0,0.0,0.0,0.0,0.0,0.0,0.0,0.0,0.0,0.0,0.0,0.0,0.0,0.0,0.0,0.0,0.0,65.16666666666666,0.0,20.5,64,2,5,2,9,9,1,2,3.0,2,2,5,73,1166,4211,902087,1,1,2,9,9,1,73,1166,4271
90208702101.0,90208702,902087021,33.91666666666666,29.41666666666666,0.0,0.0,0.0,0.0,0.0,33.91666666666666,26.91666666666666,22.0,1.5,0.0,1.0,1.5,0.08333333333333,0.83333333333333,6.5,2.0,0.0,0.0,0.0,0.0,0.0,0.0,1.0,5.5,1.0,0.5,0.0,0.0,0.0,0.0,0.5,0.0,0.0,50.83333333333333,0.0,27.58333333333333,67,1,3,3,9,9,1,2,2.0,2,2,3,73,1166,4245,902087,2,1,1,9,9,1,73,1166,4271
90208702102.0,90208702,902087021,56.33333333333333,56.33333333333333,42.25,40.0,2.25,0.0,0.0,14.08333333333333,12.16666666666666,3.83333333333333,2.75,3.0,0.0,2.0,0.0,0.58333333333333,0.41666666666666,0.41666666666666,0.0,0.0,0.0,0.0,0.0,0.0,0.41666666666666,0.0,0.0,1.5,1.5,1.5,0.0,0.0,0.0,0.0,0.0,63.0,0.0,19.13333333333333,66,2,5,3,9,9,1,2,3.0,2,2,1,73,1166,4247,902087,2,1,2,9,9,1,73,1166,4271
90208702103.0,90208702,902087021,42.66666666666666,42.66666666666666,37.0,34.0,3.0,0.0,0.0,5.66666666666666,5.66666666666666,3.41666666666666,1.66666666666666,0.5,0.0,0.0,0.0,0.08333333333333,0.0,0.0,0.0,0.0,0.0,0.0,0.0,0.0,0.0,0.0,0.0,0.0,0.0,0.0,0.0,0.0,0.0,0.0,0.0,62.75,0.0,19.5,38,1,8,4,9,9,1,2,4.0,2,2,1,73,1166,4278,902087,2,1,3,9,9,1,73,1166,4271
90208703101.0,90208703,902087031,37.11666666666666,37.11666666666666,22.5,20.0,2.5,0.0,0.0,14.61666666666666,14.61666666666666,9.5,1.25,0.28333333333333,0.0,2.0,1.0,0.58333333333333,0.0,0.0,0.0,0.0,0.0,0.0,0.0,0.0,0.0,0.0,0.0,0.0,0.0,0.0,0.0,0.0,0.0,0.0,0.0,60.5,0.0,9.66666666666666,48,2,3,3,9,9,1,2,2.0,2,2,1,73,1166,4209,902087,3,1,1,9,9,1,73,1166,4271
90208703102.0,90208703,902087031,90.33333333333331,90.33333333333331,70.0,58.0,12.0,0.0,0.0,20.33333333333333,20.33333333333333,6.5,7.0,2.75,0.0,3.0,0.5,0.58333333333333,0.0,0.0,0.0,0.0,0.0,0.0,0.0,0.0,0.0,0.0,0.0,0.0,0.0,0.0,0.0,0.0,0.0,0.0,0.0,78.0,0.0,16.5,58,1,6,3,9,9,1,2,3.0,2,2,1,73,1166,4295,902087,3,1,2,9,9,1,73,1166,4271
90209205101.0,90209205,902092051,69.25,69.25,69.0,55.0,14.0,0.0,0.0,0.25,0.25,0.0,0.0,0.0,0.0,0.0,0.0,0.25,0.0,0.0,0.0,0.0,0.0,0.0,0.0,0.0,0.0,0.0,0.0,0.0,0.0,0.0,0.0,0.0,0.0,0.0,0.0,66.5,0.0,18.25,43,1,8,4,9,9,1,2,4.0,2,2,1,73,1167,4220,902092,5,1,1,9,9,1,73,1167,4136
90209205102.0,90209205,902092051,69.79999999999998,67.29999999999998,47.5,40.0,7.5,0.0,0.0,22.29999999999999,17.3,11.63333333333333,3.16666666666666,1.0,0.0,1.0,0.0,0.5,4.99999999999999,2.49999999999999,0.0,0.0,4.66666666666666,2.16666666666666,0.33333333333333,0.33333333333333,0.0,0.0,0.0,0.0,0.0,0.0,0.0,0.0,0.0,0.0,0.0,44.0,30.0,23.0,44,2,8,4,9,9,1,2,4.0,2,2,1,73,1167,4083,902092,5,1,2,9,9,1,73,1167,4136
90232501101.0,90232501,902325011,20.75,20.75,0.0,0.0,0.0,0.0,0.0,20.75,19.25,5.0,8.0,3.0,0.0,2.5,0.5,0.25,1.5,1.5,0.0,0.0,0.0,0.0,0.0,0.0,1.5,0.0,0.0,0.0,0.0,0.0,0.0,0.0,0.0,0.0,0.0,56.13333333333333,0.0,68.83333333333333,72,2,8,1,9,9,1,2,4.0,2,2,3,73,1168,3345,902325,1,1,1,9,9,1,73,1168,3339
90232501102.0,90232501,902325011,16.66666666666666,16.66666666666666,5.0,0.0,0.0,5.0,0.0,11.66666666666666,5.66666666666666,0.0,2.08333333333333,0.0,1.0,2.0,0.0,0.58333333333333,6.0,6.0,0.0,0.0,0.0,0.0,0.0,0.0,0.0,6.0,6.0,0.0,0.0,0.0,0.0,0.0,0.0,0.0,0.0,70.0,0.0,44.0,40,1,8,4,9,9,1,2,4.0,2,2,2,73,1168,3406,902325,1,1,2,9,9,1,73,1168,3339
90232502101.0,90232502,902325021,7.43333333333333,7.43333333333333,0.0,0.0,0.0,0.0,0.0,7.43333333333333,7.43333333333333,0.83333333333333,0.0,0.0,0.0,2.0,0.83333333333333,3.76666666666666,0.0,0.0,0.0,0.0,0.0,0.0,0.0,0.0,0.0,0.0,0.0,0.0,0.0,0.0,0.0,0.0,0.0,0.0,0.0,74.66666666666666,0.0,40.33333333333333,70,1,8,4,9,9,1,2,4.0,2,2,3,73,1168,3303,902325,2,1,1,9,9,1,73,1168,3339
90232503101.0,90232503,902325031,74.16666666666666,74.16666666666666,45.0,40.0,5.0,0.0,0.0,29.16666666666666,29.16666666666666,17.33333333333333,8.5,1.0,0.0,1.5,0.66666666666666,0.16666666666666,0.0,0.0,0.0,0.0,0.0,0.0,0.0,0.0,0.0,0.0,0.0,0.0,0.0,0.0,0.0,0.0,0.0,0.0,0.0,66.83333333333333,0.0,50.75,26,1,8,5,9,9,1,2,4.0,2,2,1,73,1168,3375,902325,3,1,1,9,9,1,73,1168,3339
90232504101.0,90232504,902325041,94.76666666666667,94.76666666666667,45.41666666666666,45.0,0.41666666666666,0.0,0.0,49.35,46.1,12.5,25.05,3.33333333333333,0.0,5.0,0.0,0.21666666666666,3.25,3.25,0.0,0.0,0.0,0.0,0.0,0.0,3.25,0.0,0.0,0.0,0.0,0.0,0.0,0.0,0.0,0.0,0.0,76.16666666666666,0.0,55.0,33,2,10,2,9,9,1,2,5.0,2,2,1,73,1168,3301,902325,4,1,1,9,9,1,73,1168,3339
90621805103.0,90621805,906218051,0.0,0.0,0.0,0.0,0.0,0.0,0.0,0.0,0.0,0.0,0.0,0.0,0.0,0.0,0.0,0.0,0.0,0.0,0.0,0.0,0.0,0.0,0.0,0.0,0.0,0.0,0.0,0.0,0.0,0.0,0.0,0.0,0.0,0.0,0.0,67.5,0.0,31.0,53,1,8,2,9,9,1,2,4.0,2,1,6,74,1199,3725,906218,5,1,3,9,9,1,74,1199,3719
90621805104.0,90621805,906218051,97.91666666666666,52.91666666666666,0.0,0.0,0.0,0.0,0.0,97.91666666666666,36.41666666666666,18.0,14.25,1.66666666666666,0.0,2.0,0.0,0.5,61.5,16.5,61.5,16.5,0.0,0.0,0.0,0.0,0.0,0.0,0.0,0.0,0.0,0.0,0.0,0.0,0.0,0.0,0.0,88.5,0.0,29.0,59,2,3,3,9,9,1,2,2.0,2,2,5,74,1199,3630,906218,5,1,4,9,9,1,74,1199,3719
90621805105.0,90621805,906218051,68.41666666666666,59.41666666666666,42.66666666666666,36.0,6.66666666666666,0.0,0.0,25.75,7.75,1.0,4.0,0.75,0.0,1.75,0.0,0.25,18.0,9.0,18.0,9.0,0.0,0.0,0.0,0.0,0.0,0.0,0.0,0.0,0.0,0.0,0.0,0.0,0.0,0.0,0.0,68.5,0.0,38.5,31,1,6,3,9,9,1,2,3.0,2,2,1,74,1199,3778,906218,5,1,5,9,9,1,74,1199,3719
90630001101.0,90630001,906300011,3.16666666666666,3.16666666666666,0.0,0.0,0.0,0.0,0.0,3.16666666666666,3.16666666666666,0.5,1.25,0.41666666666666,0.0,0.0,1.0,0.0,0.0,0.0,0.0,0.0,0.0,0.0,0.0,0.0,0.0,0.0,0.0,0.0,0.0,0.0,0.0,0.0,0.0,0.0,0.0,76.5,0.0,10.5,59,1,2,6,9,9,1,2,2.0,2,2,5,76,1200,4742,906300,1,1,1,9,9,1,76,1200,4694
90630002101.0,90630002,906300021,54.08333333333333,54.08333333333333,47.08333333333333,45.0,2.08333333333333,0.0,0.0,7.0,7.0,3.0,2.0,0.0,0.0,2.0,0.0,0.0,0.0,0.0,0.0,0.0,0.0,0.0,0.0,0.0,0.0,0.0,0.0,0.0,0.0,0.0,0.0,0.0,0.0,0.0,0.0,55.0,0.0,22.0,47,1,6,3,9,9,1,2,3.0,2,2,1,76,1200,4752,906300,2,1,1,9,9,1,76,1200,4694
90630003101.0,90630003,906300031,62.58333333333333,62.58333333333333,43.75,40.0,3.75,0.0,0.0,18.83333333333333,18.83333333333333,5.08333333333333,4.91666666666666,3.25,0.16666666666666,3.5,0.75,1.16666666666666,0.0,0.0,0.0,0.0,0.0,0.0,0.0,0.0,0.0,0.0,0.0,0.0,0.0,0.0,0.0,0.0,0.0,0.0,0.0,56.16666666666666,0.0,11.16666666666666,49,1,8,4,9,9,1,2,4.0,2,2,1,76,1200,4752,906300,3,1,1,9,9,1,76,1200,4694
90630004101.0,90630004,906300041,2.91666666666666,2.91666666666666,0.0,0.0,0.0,0.0,0.0,2.91666666666666,2.91666666666666,0.0,2.41666666666666,0.5,0.0,0.0,0.0,0.0,0.0,0.0,0.0,0.0,0.0,0.0,0.0,0.0,0.0,0.0,0.0,0.0,0.0,0.0,0.0,0.0,0.0,0.0,0.0,76.0,0.0,20.0,80,2,3,3,9,9,1,2,2.0,2,1,5,76,1200,4844,906300,4,1,1,9,9,1,76,1200,4694
91419903101.0,91419903,914199031,13.41666666666666,13.41666666666666,0.0,0.0,0.0,0.0,2.5,10.91666666666666,8.91666666666666,2.25,4.33333333333333,0.0,0.0,2.0,0.0,0.33333333333333,2.0,2.0,0.0,0.0,0.0,0.0,0.0,0.0,0.0,2.0,2.0,0.0,0.0,0.0,0.0,0.0,0.0,0.0,0.0,75.5,0.0,33.0,66,1,2,6,9,9,1,2,2.0,2,2,5,74,1266,3162,914199,3,1,1,9,9,1,74,1266,3185
91419903102.0,91419903,914199031,44.66666666666666,44.66666666666666,0.0,0.0,0.0,0.0,2.5,42.16666666666666,42.16666666666666,20.83333333333333,13.25,7.41666666666666,0.0,0.0,0.41666666666666,0.25,0.0,0.0,0.0,0.0,0.0,0.0,0.0,0.0,0.0,0.0,0.0,0.0,0.0,0.0,0.0,0.0,0.0,0.0,0.0,52.16666666666666,0.0,20.5,64,2,3,2,9,9,1,2,2.0,2,2,5,74,1266,3136,914199,3,1,2,9,9,1,74,1266,3185
91419903103.0,91419903,914199031,70.75,70.75,51.5,48.0,3.5,0.0,1.75,17.5,16.5,3.16666666666666,10.33333333333333,1.66666666666666,0.0,0.0,1.0,0.33333333333333,1.0,1.0,0.0,0.0,0.0,0.0,0.0,0.0,0.0,1.0,1.0,0.0,0.0,0.0,0.0,0.0,0.0,0.0,0.0,69.33333333333333,0.0,4.5,40,1,6,1,9,9,1,2,3.0,2,2,1,74,1266,3245,914199,3,1,3,9,9,1,74,1266,3185
91419903104.0,91419903,914199031,103.75,103.75,45.5,45.0,0.5,0.0,2.5,55.74999999999999,55.74999999999999,21.0,22.25,7.0,0.0,1.0,1.5,2.99999999999999,0.0,0.0,0.0,0.0,0.0,0.0,0.0,0.0,0.0,0.0,0.0,0.0,0.0,0.0,0.0,0.0,0.0,0.0,0.0,54.66666666666666,0.0,13.5,43,2,7,3,9,9,1,2,4.0,1,2,1,74,1266,3140,914199,3,1,4,9,9,1,74,1266,3185
91419903105.0,91419903,914199031,62.25,62.25,55.0,44.0,11.0,0.0,0.0,7.25,7.25,0.91666666666666,4.33333333333333,2.0,0.0,0.0,0.0,0.0,0.0,0.0,0.0,0.0,0.0,0.0,0.0,0.0,0.0,0.0,0.0,0.0,0.0,0.0,0.0,0.0,0.0,0.0,0.0,63.33333333333333,0.0,12.5,60,1,2,3,9,9,1,2,2.0,2,2,1,74,1266,3167,914199,3,1,5,9,9,1,74,1266,3185
91419903106.0,91419903,914199031,19.5,19.5,0.0,0.0,0.0,0.0,0.0,19.5,19.5,8.0,9.5,1.33333333333333,0.0,0.41666666666666,0.0,0.25,0.0,0.0,0.0,0.0,0.0,0.0,0.0,0.0,0.0,0.0,0.0,0.0,0.0,0.0,0.0,0.0,0.0,0.0,0.0,59.83333333333333,45.0,15.0,15,2,3,3,9,9,1,2,2.0,2,2,4,74,1266,3195,914199,3,1,6,9,9,1,74,1266,3185
91419904101.0,91419904,914199041,84.58333333333333,84.58333333333333,72.0,60.0,12.0,0.0,0.0,12.58333333333333,9.33333333333333,4.0,0.5,1.25,0.0,2.0,0.5,1.08333333333333,3.25,3.25,0.0,0.0,0.0,0.0,0.0,0.0,3.25,0.0,0.0,0.0,0.0,0.0,0.0,0.0,0.0,0.0,0.0,72.0,0.0,20.16666666666666,54,1,8,4,9,9,1,2,4.0,2,2,1,74,1266,3190,914199,4,1,1,9,9,1,74,1266,3185
91317705103.0,91317705,913177051,23.66666666666666,23.66666666666666,0.0,0.0,0.0,0.0,0.0,23.66666666666666,16.66666666666666,5.75,7.0,2.66666666666666,0.0,1.0,0.0,0.25,7.0,7.0,0.0,0.0,0.0,0.0,0.0,0.0,7.0,0.0,0.0,0.0,0.0,0.0,0.0,0.0,0.0,0.0,0.0,60.66666666666666,57.0,47.5,24,2,8,2,9,9,1,2,4.0,2,2,4,74,1259,3341,913177,5,1,3,9,9,1,74,1259,3327
91319201101.0,91319201,913192011,52.71666666666666,52.71666666666666,50.0,45.0,5.0,0.0,0.0,2.71666666666666,2.71666666666666,0.0,2.63333333333333,0.0,0.0,0.0,0.08333333333333,0.0,0.0,0.0,0.0,0.0,0.0,0.0,0.0,0.0,0.0,0.0,0.0,0.0,0.0,0.0,0.0,0.0,0.0,0.0,0.0,70.0,0.0,9.0,46,1,6,3,9,9,1,2,3.0,2,2,1,76,1260,5185,913192,1,1,1,9,9,1,76,1260,5121
91319201102.0,91319201,913192011,71.5,71.5,59.0,53.0,6.0,0.0,0.0,12.5,12.5,3.0,8.16666666666666,0.33333333333333,0.0,1.0,0.0,0.0,0.0,0.0,0.0,0.0,0.0,0.0,0.0,0.0,0.0,0.0,0.0,0.0,0.0,0.0,0.0,0.0,0.0,0.0,0.0,62.66666666666666,0.0,14.0,45,2,8,5,9,9,1,2,4.0,2,2,1,76,1260,5070,913192,1,1,2,9,9,1,76,1260,5121
91319201103.0,91319201,913192011,60.41666666666666,60.41666666666666,0.0,0.0,0.0,0.0,0.0,60.41666666666666,53.41666666666666,10.5,38.75,2.0,0.0,1.0,0.0,1.16666666666666,7.0,7.0,0.0,0.0,0.0,0.0,0.0,0.0,7.0,0.0,0.0,0.0,0.0,0.0,0.0,0.0,0.0,0.0,0.0,65.16666666666666,0.0,39.55,65,2,2,6,9,9,1,2,2.0,2,2,5,76,1260,5116,913192,1,1,3,9,9,1,76,1260,5121
91319201104.0,91319201,913192011,52.24999999999999,38.24999999999999,0.0,0.0,0.0,0.0,0.0,52.24999999999999,13.24999999999999,0.91666666666666,9.24999999999999,1.58333333333333,0.0,0.33333333333333,0.0,1.16666666666666,39.0,25.0,0.0,0.0,0.0,0.0,0.0,0.0,7.5,31.5,17.5,0.0,0.0,0.0,0.0,0.0,0.0,0.0,0.0,57.5,15.0,39.5,20,2,8,2,9,9,1,2,4.0,2,2,4,76,1260,5174,913192,1,1,4,9,9,1,76,1260,5121
91319202101.0,91319202,913192021,94.0,94.0,66.0,60.0,6.0,0.0,0.0,28.0,6.5,1.0,4.0,1.5,0.0,0.0,0.0,0.0,21.5,21.5,0.0,0.0,14.5,14.5,0.0,0.0,7.0,0.0,0.0,0.0,0.0,0.0,0.0,0.0,0.0,0.0,0.0,84.0,0.0,33.5,30,1,6,3,9,9,1,2,3.0,1,2,1,76,1260,5203,913192,2,1,1,9,9,1,76,1260,5121
91319202102.0,91319202,913192021,135.25,110.25,0.0,0.0,0.0,0.0,4.0,131.25,61.75,21.0,33.08333333333333,4.0,0.0,3.0,0.0,0.66666666666666,69.5,44.5,0.0,0.0,58.5,33.5,0.0,0.0,11.0,0.0,0.0,0.0,0.0,0.0,0.0,0.0,0.0,0.0,0.0,106.0,0.0,50.0,30,2,3,3,9,9,1,2,2.0,2,2,5,76,1260,5086,913192,2,1,2,9,9,1,76,1260,5121
91157003103.0,91157003,911570031,77.81666666666666,77.81666666666666,54.0,48.0,6.0,0.0,0.0,23.81666666666666,23.81666666666666,8.66666666666666,5.23333333333333,9.91666666666666,0.0,0.0,0.0,0.0,0.0,0.0,0.0,0.0,0.0,0.0,0.0,0.0,0.0,0.0,0.0,0.0,0.0,0.0,0.0,0.0,0.0,0.0,0.0,67.83333333333333,0.0,49.5,21,1,6,3,9,9,1,2,3.0,2,2,1,74,1244,4403,911570,3,1,3,9,9,1,74,1244,4339
91157003104.0,91157003,911570031,80.25,80.25,31.0,30.0,1.0,0.0,0.0,49.25,49.25,14.75,29.0,2.0,0.0,3.5,0.0,0.0,0.0,0.0,0.0,0.0,0.0,0.0,0.0,0.0,0.0,0.0,0.0,0.0,0.0,0.0,0.0,0.0,0.0,0.0,0.0,74.16666666666666,0.0,9.0,54,2,3,3,9,9,1,2,2.0,2,2,1,74,1244,4304,911570,3,1,4,9,9,1,74,1244,4339
91157004101.0,91157004,911570041,41.03333333333333,41.03333333333333,0.0,0.0,0.0,0.0,0.0,41.03333333333333,41.03333333333333,14.25,18.0,3.66666666666666,0.0,5.0,0.0,0.11666666666666,0.0,0.0,0.0,0.0,0.0,0.0,0.0,0.0,0.0,0.0,0.0,0.0,0.0,0.0,0.0,0.0,0.0,0.0,0.0,84.0,0.0,20.5,56,2,6,3,9,9,1,2,3.0,2,2,5,74,1244,4236,911570,4,1,1,9,9,1,74,1244,4339
91157005101.0,91157005,911570051,65.48333333333333,65.48333333333333,46.0,40.0,6.0,0.0,0.0,19.48333333333333,19.48333333333333,4.0,13.25,0.0,0.0,2.0,0.0,0.23333333333333,0.0,0.0,0.0,0.0,0.0,0.0,0.0,0.0,0.0,0.0,0.0,0.0,0.0,0.0,0.0,0.0,0.0,0.0,0.0,82.63333333333333,0.0,31.0,32,2,8,4,9,9,1,2,4.0,2,2,1,74,1244,4284,911570,5,1,1,9,9,1,74,1244,4339
91190601101.0,91190601,911906011,102.53333333333332,102.53333333333332,74.23333333333333,74.0,0.23333333333333,0.0,0.0,28.3,25.3,14.13333333333333,7.58333333333333,0.0,0.0,3.0,0.11666666666666,0.46666666666666,0.0,0.0,0.0,0.0,0.0,0.0,0.0,0.0,0.0,0.0,0.0,3.0,0.0,0.0,0.0,0.0,3.0,0.0,0.0,103.0,0.0,11.5,31,1,6,3,9,9,1,2,3.0,2,2,1,73,1245,4152,911906,1,1,1,9,9,1,73,1245,4081
91190602101.0,91190602,911906021,73.25,73.25,53.0,45.0,8.0,0.0,0.0,20.25,20.25,10.91666666666666,5.0,2.33333333333333,0.0,2.0,0.0,0.0,0.0,0.0,0.0,0.0,0.0,0.0,0.0,0.0,0.0,0.0,0.0,0.0,0.0,0.0,0.0,0.0,0.0,0.0,0.0,60.83333333333333,0.0,39.33333333333333,68,2,3,3,9,9,1,2,2.0,2,2,1,73,1245,4057,911906,2,1,1,9,9,1,73,1245,4081
91190602102.0,91190602,911906021,44.03333333333333,38.03333333333333,0.0,0.0,0.0,0.0,0.0,44.03333333333333,18.03333333333333,3.5,7.0,1.33333333333333,0.0,2.0,4.0,0.2,16.0,10.0,0.0,0.0,0.0,0.0,0.0,0.0,1.0,15.0,9.0,10.0,10.0,10.0,0.0,0.0,0.0,0.0,0.0,66.5,0.0,69.13333333333333,24,1,8,5,9,9,1,2,4.0,2,2,4,73,1245,4147,911906,2,1,2,9,9,1,73,1245,4081
90630005103.0,90630005,906300051,6.91666666666666,6.91666666666666,0.0,0.0,0.0,0.0,0.0,6.91666666666666,4.75,0.0,4.0,0.5,0.0,0.25,0.0,0.0,2.16666666666666,2.16666666666666,0.0,0.0,2.16666666666666,2.16666666666666,0.0,0.0,0.0,0.0,0.0,0.0,0.0,0.0,0.0,0.0,0.0,0.0,0.0,70.0,40.83333333333333,33.5,15,2,3,3,9,9,1,2,2.0,2,2,4,76,1200,4737,906300,5,1,3,9,9,1,76,1200,4694
90635801101.0,90635801,906358011,73.83333333333333,73.83333333333333,70.33333333333333,70.0,0.33333333333333,0.0,0.0,3.5,2.0,0.0,1.66666666666666,0.33333333333333,0.0,0.0,0.0,0.0,1.5,1.5,0.0,0.0,0.0,0.0,0.0,0.0,1.5,0.0,0.0,0.0,0.0,0.0,0.0,0.0,0.0,0.0,0.0,59.5,0.0,31.83333333333333,39,1,6,3,9,9,1,2,3.0,2,2,1,74,1201,3716,906358,1,1,1,9,9,1,74,1201,3714
90258004101.0,90258004,902580041,49.5,49.5,0.0,0.0,0.0,0.0,0.0,49.5,49.5,14.0,30.33333333333333,4.0,0.0,0.0,0.0,1.16666666666666,0.0,0.0,0.0,0.0,0.0,0.0,0.0,0.0,0.0,0.0,0.0,0.0,0.0,0.0,0.0,0.0,0.0,0.0,0.0,74.0,0.0,36.5,50,2,6,3,9,9,1,2,3.0,2,2,5,73,1171,3850,902580,4,1,1,9,9,1,73,1171,3876
90258005101.0,90258005,902580051,86.08333333333333,86.08333333333333,72.0,60.0,12.0,0.0,0.0,14.08333333333333,10.08333333333333,2.41666666666666,3.0,2.08333333333333,0.0,2.0,0.0,0.58333333333333,4.0,4.0,0.0,0.0,0.0,0.0,4.0,4.0,0.0,0.0,0.0,0.0,0.0,0.0,0.0,0.0,0.0,0.0,0.0,61.66666666666666,0.0,22.0,49,1,10,2,9,9,1,2,5.0,2,2,1,73,1171,3906,902580,5,1,1,9,9,1,73,1171,3876
90258005102.0,90258005,902580051,84.83333333333333,70.83333333333333,50.0,40.0,10.0,0.0,0.0,34.83333333333333,16.83333333333333,6.0,7.0,2.33333333333333,0.0,1.5,0.0,0.0,18.0,4.0,0.0,0.0,0.0,0.0,18.0,4.0,0.0,0.0,0.0,0.0,0.0,0.0,0.0,0.0,0.0,0.0,0.0,61.08333333333333,0.0,24.0,41,2,10,2,9,9,1,2,5.0,2,2,1,73,1171,3827,902580,5,1,2,9,9,1,73,1171,3876
90258005103.0,90258005,902580051,85.66666666666666,60.66666666666666,15.0,15.0,0.0,0.0,0.0,70.66666666666666,36.66666666666666,8.5,27.16666666666666,0.5,0.0,0.0,0.08333333333333,0.41666666666666,34.0,9.0,0.0,0.0,0.0,0.0,34.0,9.0,0.0,0.0,0.0,0.0,0.0,0.0,0.0,0.0,0.0,0.0,0.0,66.5,0.0,34.5,35,2,8,5,9,9,1,2,4.0,2,2,1,73,1171,3827,902580,5,1,3,9,9,1,73,1171,3876
90258005104.0,90258005,902580051,11.0,11.0,0.0,0.0,0.0,0.0,0.0,11.0,11.0,3.0,5.0,3.0,0.0,0.0,0.0,0.0,0.0,0.0,0.0,0.0,0.0,0.0,0.0,0.0,0.0,0.0,0.0,0.0,0.0,0.0,0.0,0.0,0.0,0.0,0.0,72.08333333333333,57.0,27.0,14,1,3,2,9,9,1,2,2.0,2,2,4,73,1171,3898,902580,5,1,4,9,9,1,73,1171,3876
91419904102.0,91419904,914199041,71.75,71.75,40.0,35.0,5.0,0.0,0.0,31.75,26.75,7.0,15.41666666666666,1.16666666666666,0.33333333333333,2.0,0.25,0.58333333333333,5.0,5.0,0.0,0.0,0.0,0.0,0.0,0.0,5.0,0.0,0.0,0.0,0.0,0.0,0.0,0.0,0.0,0.0,0.0,67.08333333333333,0.0,13.16666666666666,50,2,6,3,9,9,1,2,3.0,2,2,1,74,1266,3159,914199,4,1,2,9,9,1,74,1266,3185
91419904103.0,91419904,914199041,68.08333333333333,68.08333333333333,57.5,50.0,7.5,0.0,0.83333333333333,9.75,7.25,4.5,2.25,0.5,0.0,0.0,0.0,0.0,2.5,2.5,0.0,0.0,0.0,0.0,0.0,0.0,2.5,0.0,0.0,0.0,0.0,0.0,0.0,0.0,0.0,0.0,0.0,79.5,0.0,40.5,26,2,8,1,9,9,1,2,4.0,2,2,1,74,1266,3161,914199,4,1,3,9,9,1,74,1266,3185
91419904104.0,91419904,914199041,86.33333333333333,86.33333333333333,62.0,60.0,2.0,0.0,0.0,24.33333333333333,17.33333333333333,5.83333333333333,8.24999999999999,1.66666666666666,1.0,0.0,0.0,0.58333333333333,7.0,7.0,0.0,0.0,0.0,0.0,0.0,0.0,7.0,0.0,0.0,0.0,0.0,0.0,0.0,0.0,0.0,0.0,0.0,57.5,0.0,44.16666666666666,22,1,8,1,9,9,1,2,4.0,2,2,1,74,1266,3232,914199,4,1,4,9,9,1,74,1266,3185
91419905101.0,91419905,914199051,58.5,58.5,40.0,30.0,10.0,0.0,0.5,18.0,18.0,5.66666666666666,4.0,4.5,0.33333333333333,2.0,0.0,1.5,0.0,0.0,0.0,0.0,0.0,0.0,0.0,0.0,0.0,0.0,0.0,0.0,0.0,0.0,0.0,0.0,0.0,0.0,0.0,57.75,0.0,22.16666666666666,56,1,6,3,9,9,1,2,3.0,1,1,1,74,1266,3198,914199,5,1,1,9,9,1,74,1266,3185
91419905102.0,91419905,914199051,81.0,81.0,70.0,50.0,20.0,0.0,0.0,11.0,11.0,3.75,2.16666666666666,4.0,0.0,0.0,0.5,0.58333333333333,0.0,0.0,0.0,0.0,0.0,0.0,0.0,0.0,0.0,0.0,0.0,0.0,0.0,0.0,0.0,0.0,0.0,0.0,0.0,59.0,0.0,18.5,54,1,6,3,9,9,1,2,3.0,2,2,1,74,1266,3190,914199,5,1,2,9,9,1,74,1266,3185
91419905103.0,91419905,914199051,95.91666666666666,95.91666666666666,53.0,47.0,6.0,0.0,0.0,42.91666666666666,9.66666666666666,1.66666666666666,4.33333333333333,0.5,0.5,2.0,0.0,0.66666666666666,33.25,33.25,0.0,0.0,0.0,0.0,16.16666666666666,16.16666666666666,17.08333333333333,0.0,0.0,0.0,0.0,0.0,0.0,0.0,0.0,0.0,0.0,59.91666666666666,0.0,22.5,45,1,6,3,9,9,1,2,3.0,2,2,1,74,1266,3205,914199,5,1,3,9,9,1,74,1266,3185
91419905104.0,91419905,914199051,44.16666666666666,30.16666666666666,0.0,0.0,0.0,0.0,0.0,44.16666666666666,14.66666666666666,2.0,5.83333333333333,3.0,0.0,3.5,0.0,0.33333333333333,29.5,15.5,0.0,0.0,0.0,0.0,29.5,15.5,0.0,0.0,0.0,0.0,0.0,0.0,0.0,0.0,0.0,0.0,0.0,64.0,44.0,44.0,22,1,8,2,9,9,1,2,4.0,2,2,4,74,1266,3232,914199,5,1,4,9,9,1,74,1266,3185
91319203101.0,91319203,913192031,83.41666666666666,83.41666666666666,65.0,50.0,15.0,0.0,0.0,18.41666666666666,13.41666666666666,4.16666666666666,4.33333333333333,2.0,0.0,1.0,1.33333333333333,0.58333333333333,5.0,5.0,0.0,0.0,0.0,0.0,0.0,0.0,5.0,0.0,0.0,0.0,0.0,0.0,0.0,0.0,0.0,0.0,0.0,77.0,0.0,17.5,44,1,6,3,9,9,1,2,3.0,2,2,1,76,1260,5248,913192,3,1,1,9,9,1,76,1260,5121
91319203102.0,91319203,913192031,65.33333333333333,65.33333333333333,47.5,42.5,5.0,0.0,0.0,17.83333333333333,17.83333333333333,8.75,5.91666666666666,1.25,0.0,0.0,0.5,1.41666666666666,0.0,0.0,0.0,0.0,0.0,0.0,0.0,0.0,0.0,0.0,0.0,0.0,0.0,0.0,0.0,0.0,0.0,0.0,0.0,73.5,0.0,30.0,41,1,6,3,9,9,1,2,3.0,2,2,1,76,1260,5248,913192,3,1,2,9,9,1,76,1260,5121
91319204101.0,91319204,913192041,106.91666666666666,106.91666666666666,55.41666666666666,55.0,0.41666666666666,0.0,0.0,51.5,16.83333333333333,8.75,2.5,3.0,0.5,1.25,0.0,0.83333333333333,34.66666666666666,34.66666666666666,0.0,0.0,0.0,0.0,20.66666666666666,20.66666666666666,14.0,0.0,0.0,0.0,0.0,0.0,0.0,0.0,0.0,0.0,0.0,57.58333333333333,0.0,43.16666666666666,40,1,6,3,9,9,1,2,3.0,1,2,1,76,1260,5248,913192,4,1,1,9,9,1,76,1260,5121
91319204102.0,91319204,913192041,141.75,80.75,50.0,40.0,10.0,0.0,0.0,91.75,15.25,7.0,5.66666666666666,2.0,0.0,0.0,0.0,0.58333333333333,76.5,15.5,0.0,0.0,0.0,0.0,55.5,15.5,0.0,21.0,0.0,0.0,0.0,0.0,0.0,0.0,0.0,0.0,0.0,58.0,0.0,24.0,38,2,6,3,9,9,1,2,3.0,2,2,1,76,1260,5079,913192,4,1,2,9,9,1,76,1260,5121
91319204103.0,91319204,913192041,25.0,25.0,0.0,0.0,0.0,0.0,0.0,25.0,24.0,14.0,8.0,0.0,0.0,0.0,0.0,2.0,1.0,1.0,0.0,0.0,0.0,0.0,1.0,1.0,0.0,0.0,0.0,0.0,0.0,0.0,0.0,0.0,0.0,0.0,0.0,63.0,0.0,28.0,67,1,6,3,9,9,1,2,3.0,2,1,3,76,1260,5114,913192,4,1,3,9,9,1,76,1260,5121
91319205101.0,91319205,913192051,21.08333333333333,21.08333333333333,0.0,0.0,0.0,0.0,0.0,21.08333333333333,21.08333333333333,10.5,7.0,3.0,0.0,0.0,0.0,0.58333333333333,0.0,0.0,0.0,0.0,0.0,0.0,0.0,0.0,0.0,0.0,0.0,0.0,0.0,0.0,0.0,0.0,0.0,0.0,0.0,63.0,0.0,16.0,98,2,6,3,9,9,1,2,3.0,2,2,1,76,1260,5851,913192,5,1,1,9,9,1,76,1260,5121
91342401101.0,91342401,913424011,21.33333333333333,21.33333333333333,15.08333333333333,15.0,0.08333333333333,0.0,0.0,6.25,6.25,2.0,0.66666666666666,2.0,0.0,1.0,0.0,0.58333333333333,0.0,0.0,0.0,0.0,0.0,0.0,0.0,0.0,0.0,0.0,0.0,0.0,0.0,0.0,0.0,0.0,0.0,0.0,0.0,55.0,32.5,3.16666666666666,21,1,8,1,9,9,1,2,4.0,1,2,1,74,1261,3962,913424,1,1,1,9,9,1,74,1261,3904
91190602103.0,91190602,911906021,112.5,112.5,65.5,48.0,17.5,0.0,0.0,47.0,28.0,21.0,0.0,5.0,0.0,0.0,2.0,0.0,12.0,12.0,0.0,0.0,0.0,0.0,0.0,0.0,10.0,2.0,2.0,7.0,4.0,4.0,0.0,0.0,3.0,0.0,0.0,69.5,3.0,21.0,45,2,8,4,9,9,1,2,4.0,2,2,1,73,1245,4021,911906,2,1,3,9,9,1,73,1245,4081
91190602104.0,91190602,911906021,121.58333333333331,121.58333333333331,91.0,70.0,21.0,0.0,0.0,30.58333333333333,30.58333333333333,0.83333333333333,8.0,7.75,0.0,0.0,14.0,0.0,0.0,0.0,0.0,0.0,0.0,0.0,0.0,0.0,0.0,0.0,0.0,0.0,0.0,0.0,0.0,0.0,0.0,0.0,0.0,63.0,0.0,14.16666666666666,46,1,8,4,9,9,1,2,4.0,2,2,1,73,1245,4112,911906,2,1,4,9,9,1,73,1245,4081
91190603101.0,91190603,911906031,65.73333333333333,59.73333333333333,50.0,40.0,10.0,0.0,0.0,15.73333333333333,8.73333333333333,0.0,4.0,2.5,0.0,2.0,0.0,0.23333333333333,7.0,1.0,0.0,0.0,0.0,0.0,6.5,0.5,0.5,0.0,0.0,0.0,0.0,0.0,0.0,0.0,0.0,0.0,0.0,70.0,0.0,33.83333333333333,36,1,6,3,9,9,1,2,3.0,2,2,1,73,1245,4087,911906,3,1,1,9,9,1,73,1245,4081
91190603102.0,91190603,911906031,97.16666666666666,90.16666666666666,45.0,40.0,5.0,0.0,0.0,52.16666666666666,38.83333333333333,12.5,19.0,4.33333333333333,0.0,3.0,0.0,0.0,13.33333333333333,6.33333333333333,0.0,0.0,0.0,0.0,10.49999999999999,3.49999999999999,2.83333333333333,0.0,0.0,0.0,0.0,0.0,0.0,0.0,0.0,0.0,0.0,66.66666666666666,0.0,48.5,34,2,6,3,9,9,1,2,3.0,2,2,1,73,1245,4034,911906,3,1,2,9,9,1,73,1245,4081
91190603103.0,91190603,911906031,0.0,0.0,0.0,0.0,0.0,0.0,0.0,0.0,0.0,0.0,0.0,0.0,0.0,0.0,0.0,0.0,0.0,0.0,0.0,0.0,0.0,0.0,0.0,0.0,0.0,0.0,0.0,0.0,0.0,0.0,0.0,0.0,0.0,0.0,0.0,72.33333333333333,33.83333333333333,34.0,15,1,3,1,9,9,1,2,2.0,2,2,4,73,1245,4114,911906,3,1,3,9,9,1,73,1245,4081
91190605101.0,91190605,911906051,173.4,124.4,42.0,42.0,0.0,0.0,0.0,131.4,40.91666666666666,8.16666666666666,24.41666666666666,4.08333333333333,1.25,3.0,0.0,0.0,90.48333333333332,41.48333333333333,0.0,0.0,62.85,20.85,18.33333333333333,11.33333333333333,9.3,0.0,0.0,0.0,0.0,0.0,0.0,0.0,0.0,0.0,0.0,58.83333333333333,0.0,41.83333333333333,38,1,10,2,9,9,1,2,5.0,2,2,1,73,1245,4087,911906,5,1,1,9,9,1,73,1245,4081
91190605102.0,91190605,911906051,158.81666666666666,102.81666666666666,42.11666666666666,42.0,0.11666666666666,0.0,0.0,116.7,17.2,4.83333333333333,7.0,2.0,0.0,3.0,0.08333333333333,0.28333333333333,90.5,34.49999999999999,0.0,0.0,77.58333333333333,21.58333333333333,10.5,10.5,2.41666666666666,0.0,0.0,9.0,7.0,0.0,0.0,7.0,2.0,0.0,0.0,26.0,0.0,19.58333333333333,39,2,6,3,9,9,1,2,3.0,2,2,1,73,1245,4028,911906,5,1,2,9,9,1,73,1245,4081
90283904104.0,90283904,902839041,86.91666666666666,86.91666666666666,76.0,70.0,6.0,0.0,0.0,10.91666666666666,9.41666666666666,5.33333333333333,3.5,0.0,0.0,0.0,0.0,0.58333333333333,1.16666666666666,1.16666666666666,0.0,0.0,0.0,0.0,0.0,0.0,1.16666666666666,0.0,0.0,0.33333333333333,0.33333333333333,0.33333333333333,0.0,0.0,0.0,0.0,0.0,60.16666666666666,0.0,66.83333333333333,19,2,3,3,9,9,2,2,2.0,1,2,1,75,1174,5191,902839,4,1,4,9,9,2,75,1174,5175
90283905101.0,90283905,902839051,84.5,84.5,0.0,0.0,0.0,0.0,21.0,63.5,57.5,21.0,17.0,14.0,0.0,0.0,0.0,5.5,6.0,6.0,0.0,0.0,0.0,0.0,0.0,0.0,6.0,0.0,0.0,0.0,0.0,0.0,0.0,0.0,0.0,0.0,0.0,63.5,0.0,15.0,62,2,2,3,9,9,2,2,2.0,2,2,5,75,1174,5095,902839,5,1,1,9,9,2,75,1174,5175
90283905102.0,90283905,902839051,123.76666666666667,123.76666666666667,110.0,60.0,50.0,0.0,0.0,13.76666666666666,13.76666666666666,4.13333333333333,4.5,1.38333333333333,2.0,0.0,0.16666666666666,1.58333333333333,0.0,0.0,0.0,0.0,0.0,0.0,0.0,0.0,0.0,0.0,0.0,0.0,0.0,0.0,0.0,0.0,0.0,0.0,0.0,59.0,0.0,17.33333333333333,23,1,3,1,9,9,2,2,2.0,1,2,1,75,1174,5251,902839,5,1,2,9,9,2,75,1174,5175
90283905103.0,90283905,902839051,61.01666666666666,61.01666666666666,60.0,54.0,6.0,0.0,0.0,1.01666666666666,1.01666666666666,0.0,0.35,0.5,0.0,0.0,0.16666666666666,0.0,0.0,0.0,0.0,0.0,0.0,0.0,0.0,0.0,0.0,0.0,0.0,0.0,0.0,0.0,0.0,0.0,0.0,0.0,0.0,50.0,0.0,5.58333333333333,22,2,6,3,9,9,2,2,3.0,2,2,1,75,1174,5197,902839,5,1,3,9,9,2,75,1174,5175
90285901101.0,90285901,902859011,69.91666666666666,69.91666666666666,52.0,26.0,26.0,0.0,0.0,17.91666666666666,17.91666666666666,5.5,6.5,3.16666666666666,0.0,2.5,0.25,0.0,0.0,0.0,0.0,0.0,0.0,0.0,0.0,0.0,0.0,0.0,0.0,0.0,0.0,0.0,0.0,0.0,0.0,0.0,0.0,83.0,0.0,17.5,62,1,8,4,9,9,1,2,4.0,2,2,1,74,1175,3790,902859,1,1,1,9,9,1,74,1175,3812
90285901102.0,90285901,902859011,49.1,49.1,31.1,31.0,0.1,0.0,0.0,18.0,18.0,9.5,4.0,3.0,0.0,1.5,0.0,0.0,0.0,0.0,0.0,0.0,0.0,0.0,0.0,0.0,0.0,0.0,0.0,0.0,0.0,0.0,0.0,0.0,0.0,0.0,0.0,72.66666666666666,0.0,19.0,40,1,8,4,9,9,1,2,4.0,2,2,1,74,1175,3884,902859,1,1,2,9,9,1,74,1175,3812
90285902101.0,90285902,902859021,35.41666666666666,35.41666666666666,25.0,20.0,5.0,0.0,0.0,10.41666666666666,10.41666666666666,3.5,2.0,1.25,0.0,1.5,1.0,1.16666666666666,0.0,0.0,0.0,0.0,0.0,0.0,0.0,0.0,0.0,0.0,0.0,0.0,0.0,0.0,0.0,0.0,0.0,0.0,0.0,63.5,0.0,51.0,70,1,2,3,9,9,1,2,2.0,2,2,1,74,1175,3766,902859,2,1,1,9,9,1,74,1175,3812
91419905105.0,91419905,914199051,26.08333333333333,26.08333333333333,0.0,0.0,0.0,0.0,0.0,26.08333333333333,26.08333333333333,0.16666666666666,25.16666666666666,0.33333333333333,0.0,0.0,0.0,0.41666666666666,0.0,0.0,0.0,0.0,0.0,0.0,0.0,0.0,0.0,0.0,0.0,0.0,0.0,0.0,0.0,0.0,0.0,0.0,0.0,95.83333333333331,33.0,10.0,13,1,3,1,9,9,1,2,2.0,2,2,4,74,1266,3198,914199,5,1,5,9,9,1,74,1266,3185
91419905106.0,91419905,914199051,68.83333333333333,68.83333333333333,35.83333333333333,30.0,5.83333333333333,0.0,1.5,31.49999999999999,26.49999999999999,10.5,7.83333333333333,2.0,0.0,3.0,1.5,1.66666666666666,5.0,5.0,0.0,0.0,0.0,0.0,5.0,5.0,0.0,0.0,0.0,0.0,0.0,0.0,0.0,0.0,0.0,0.0,0.0,70.5,0.0,4.0,50,1,8,6,9,9,1,2,4.0,2,2,1,74,1266,3190,914199,5,1,6,9,9,1,74,1266,3185
91429101101.0,91429101,914291011,8.08333333333333,8.08333333333333,0.0,0.0,0.0,0.0,0.0,8.08333333333333,8.08333333333333,6.58333333333333,0.41666666666666,0.0,0.0,0.0,0.5,0.58333333333333,0.0,0.0,0.0,0.0,0.0,0.0,0.0,0.0,0.0,0.0,0.0,0.0,0.0,0.0,0.0,0.0,0.0,0.0,0.0,74.0,0.0,16.0,74,1,3,3,9,9,1,2,2.0,2,1,3,74,1267,2746,914291,1,1,1,9,9,1,74,1267,2780
91429101102.0,91429101,914291011,42.16666666666666,42.16666666666666,20.25,20.0,0.25,0.0,0.0,21.91666666666666,14.91666666666666,3.0,3.33333333333333,3.0,0.0,5.0,0.0,0.58333333333333,7.0,7.0,0.0,0.0,0.0,0.0,0.0,0.0,7.0,0.0,0.0,0.0,0.0,0.0,0.0,0.0,0.0,0.0,0.0,71.5,0.0,27.5,40,2,3,3,9,9,1,2,2.0,2,2,1,74,1267,2740,914291,1,1,2,9,9,1,74,1267,2780
91429101103.0,91429101,914291011,31.5,31.5,0.0,0.0,0.0,0.0,0.0,31.5,31.5,0.0,2.25,4.0,0.0,0.25,0.0,25.0,0.0,0.0,0.0,0.0,0.0,0.0,0.0,0.0,0.0,0.0,0.0,0.0,0.0,0.0,0.0,0.0,0.0,0.0,0.0,72.0,58.0,33.0,19,2,8,2,9,9,1,2,4.0,2,2,4,74,1267,2789,914291,1,1,3,9,9,1,74,1267,2780
90609103102.0,90609103,906091031,83.83333333333333,83.83333333333333,80.0,66.0,14.0,0.0,0.0,3.83333333333333,3.5,0.0,2.5,0.0,0.0,1.0,0.0,0.0,0.33333333333333,0.33333333333333,0.0,0.0,0.0,0.0,0.0,0.0,0.33333333333333,0.0,0.0,0.0,0.0,0.0,0.0,0.0,0.0,0.0,0.0,56.0,0.0,20.0,36,1,6,3,9,9,1,2,3.0,2,2,1,73,1198,3913,906091,3,1,2,9,9,1,73,1198,3906
90609103103.0,90609103,906091031,97.33333333333331,97.33333333333331,80.0,66.0,14.0,0.0,0.0,17.33333333333333,17.33333333333333,6.0,9.0,1.41666666666666,0.0,0.66666666666666,0.0,0.25,0.0,0.0,0.0,0.0,0.0,0.0,0.0,0.0,0.0,0.0,0.0,0.0,0.0,0.0,0.0,0.0,0.0,0.0,0.0,71.0,0.0,32.5,38,2,6,3,9,9,1,2,3.0,2,2,1,73,1198,3856,906091,3,1,3,9,9,1,73,1198,3906
91342402101.0,91342402,913424021,144.28333333333333,111.28333333333332,62.0,60.0,2.0,0.0,0.0,82.28333333333333,31.61666666666666,12.5,7.91666666666666,7.5,1.0,2.5,0.0,0.2,50.66666666666666,17.66666666666666,0.0,0.0,29.33333333333333,17.33333333333333,21.33333333333333,0.33333333333333,0.0,0.0,0.0,0.0,0.0,0.0,0.0,0.0,0.0,0.0,0.0,52.5,0.0,2.0,30,2,3,3,9,9,1,2,2.0,2,2,1,74,1261,3854,913424,2,1,1,9,9,1,74,1261,3904
91342402102.0,91342402,913424021,6.41666666666666,5.74999999999999,0.0,0.0,0.0,0.0,0.0,6.41666666666666,4.25,0.0,0.41666666666666,2.83333333333333,0.0,0.0,0.0,1.0,2.16666666666666,1.49999999999999,0.0,0.0,2.16666666666666,1.49999999999999,0.0,0.0,0.0,0.0,0.0,0.0,0.0,0.0,0.0,0.0,0.0,0.0,0.0,84.0,41.0,21.5,13,1,3,1,9,9,1,2,2.0,2,2,4,74,1261,3920,913424,2,1,2,9,9,1,74,1261,3904
91342403101.0,91342403,913424031,63.5,63.5,54.0,42.0,12.0,0.0,0.0,9.5,8.66666666666666,2.33333333333333,3.5,0.58333333333333,0.0,0.0,0.08333333333333,2.16666666666666,0.83333333333333,0.83333333333333,0.0,0.0,0.0,0.0,0.0,0.0,0.83333333333333,0.0,0.0,0.0,0.0,0.0,0.0,0.0,0.0,0.0,0.0,85.83333333333333,0.0,35.91666666666666,44,1,8,2,9,9,1,2,4.0,2,2,1,74,1261,3977,913424,3,1,1,9,9,1,74,1261,3904
91342403102.0,91342403,913424031,28.08333333333333,28.08333333333333,0.0,0.0,0.0,0.0,0.0,28.08333333333333,28.08333333333333,14.0,8.16666666666666,5.08333333333333,0.0,0.0,0.41666666666666,0.41666666666666,0.0,0.0,0.0,0.0,0.0,0.0,0.0,0.0,0.0,0.0,0.0,0.0,0.0,0.0,0.0,0.0,0.0,0.0,0.0,77.75,0.0,7.0,44,2,6,2,9,9,1,2,3.0,2,2,5,74,1261,3849,913424,3,1,2,9,9,1,74,1261,3904
91342403103.0,91342403,913424031,76.41666666666666,76.41666666666666,51.33333333333333,48.0,3.33333333333333,0.0,0.0,25.08333333333333,20.08333333333333,4.66666666666666,5.75,0.33333333333333,0.0,2.0,4.5,2.83333333333333,5.0,5.0,0.0,0.0,0.0,0.0,0.0,0.0,5.0,0.0,0.0,0.0,0.0,0.0,0.0,0.0,0.0,0.0,0.0,82.0,8.0,8.08333333333333,24,2,8,4,9,9,1,2,4.0,1,2,1,74,1261,3920,913424,3,1,3,9,9,1,74,1261,3904
91342403104.0,91342403,913424031,38.96666666666666,38.96666666666666,0.0,0.0,0.0,0.0,0.0,38.96666666666666,19.05,6.0,8.83333333333333,0.5,0.0,1.66666666666666,1.0,1.05,6.91666666666666,6.91666666666666,0.0,0.0,0.0,0.0,0.0,0.0,6.91666666666666,0.0,0.0,13.0,13.0,0.0,0.0,13.0,0.0,0.0,0.0,74.0,20.0,70.5,19,1,6,3,9,9,1,2,3.0,2,2,4,74,1261,3930,913424,3,1,4,9,9,1,74,1261,3904
91342404101.0,91342404,913424041,93.9,93.9,78.0,60.0,18.0,0.0,0.0,15.9,12.4,7.75,4.25,0.0,0.0,0.0,0.16666666666666,0.23333333333333,3.5,3.5,0.0,0.0,0.0,0.0,0.0,0.0,3.5,0.0,0.0,0.0,0.0,0.0,0.0,0.0,0.0,0.0,0.0,92.0,0.0,10.83333333333333,50,1,3,3,9,9,1,2,2.0,2,2,1,74,1261,3910,913424,4,1,1,9,9,1,74,1261,3904
91190605103.0,91190605,911906051,17.83333333333333,17.83333333333333,0.0,0.0,0.0,0.0,0.0,17.83333333333333,13.66666666666666,3.5,8.58333333333333,1.0,0.0,0.0,0.0,0.58333333333333,4.16666666666666,4.16666666666666,0.0,0.0,1.5,1.5,2.66666666666666,2.66666666666666,0.0,0.0,0.0,0.0,0.0,0.0,0.0,0.0,0.0,0.0,0.0,74.5,59.13333333333333,13.58333333333333,17,2,6,1,9,9,1,2,3.0,2,2,4,73,1245,4099,911906,5,1,3,9,9,1,73,1245,4081
91190701101.0,91190701,911907011,48.75,48.75,0.0,0.0,0.0,0.0,0.0,48.75,8.25,3.16666666666666,5.0,0.0,0.0,0.0,0.0,0.08333333333333,0.5,0.5,0.0,0.0,0.5,0.5,0.0,0.0,0.0,0.0,0.0,40.0,40.0,0.0,0.0,40.0,0.0,0.0,0.0,64.66666666666666,0.0,13.0,71,2,3,3,9,9,1,2,2.0,2,2,5,73,1246,3497,911907,1,1,1,9,9,1,73,1246,3491
91190701102.0,91190701,911907011,59.23333333333333,59.23333333333333,55.23333333333333,55.0,0.23333333333333,0.0,0.0,4.0,4.0,0.0,0.0,0.0,2.0,2.0,0.0,0.0,0.0,0.0,0.0,0.0,0.0,0.0,0.0,0.0,0.0,0.0,0.0,0.0,0.0,0.0,0.0,0.0,0.0,0.0,0.0,66.0,0.0,34.33333333333333,71,1,2,4,9,9,1,2,2.0,2,2,1,73,1246,3454,911907,1,1,2,9,9,1,73,1246,3491
91190701103.0,91190701,911907011,76.55,67.55,57.0,56.0,1.0,0.0,0.0,19.55,4.91666666666666,1.91666666666666,1.5,0.66666666666666,0.16666666666666,0.66666666666666,0.0,0.0,14.63333333333333,5.63333333333333,0.0,0.0,14.63333333333333,5.63333333333333,0.0,0.0,0.0,0.0,0.0,0.0,0.0,0.0,0.0,0.0,0.0,0.0,0.0,56.58333333333333,0.0,24.71666666666666,51,2,6,3,9,9,1,2,3.0,2,2,1,73,1246,3468,911907,1,1,3,9,9,1,73,1246,3491
91190701104.0,91190701,911907011,64.18333333333332,58.18333333333333,45.0,40.0,5.0,0.0,0.0,19.18333333333333,6.35,5.08333333333333,0.31666666666666,0.83333333333333,0.0,0.0,0.0,0.11666666666666,12.83333333333333,6.83333333333333,0.0,0.0,9.16666666666666,5.16666666666666,0.0,0.0,1.5,2.16666666666666,0.16666666666666,0.0,0.0,0.0,0.0,0.0,0.0,0.0,0.0,61.75,0.0,9.66666666666666,50,1,7,3,9,9,1,2,4.0,2,2,1,73,1246,3501,911907,1,1,4,9,9,1,73,1246,3491
91190702101.0,91190702,911907021,97.76666666666667,97.76666666666667,90.0,66.0,24.0,0.0,0.0,7.76666666666666,4.76666666666666,0.33333333333333,3.0,0.41666666666666,0.0,1.0,0.0,0.01666666666666,0.0,0.0,0.0,0.0,0.0,0.0,0.0,0.0,0.0,0.0,0.0,3.0,3.0,3.0,0.0,0.0,0.0,0.0,0.0,58.0,0.0,17.5,44,1,8,2,9,9,1,2,4.0,2,2,1,73,1246,3561,911907,2,1,1,9,9,1,73,1246,3491
91190702102.0,91190702,911907021,48.16666666666666,48.16666666666666,26.33333333333333,25.0,1.33333333333333,0.0,0.0,21.83333333333333,21.83333333333333,9.33333333333333,10.0,1.33333333333333,0.0,1.0,0.0,0.16666666666666,0.0,0.0,0.0,0.0,0.0,0.0,0.0,0.0,0.0,0.0,0.0,0.0,0.0,0.0,0.0,0.0,0.0,0.0,0.0,73.5,0.0,26.0,44,2,8,4,9,9,1,2,4.0,2,2,1,73,1246,3446,911907,2,1,2,9,9,1,73,1246,3491
90630004102.0,90630004,906300041,58.75,58.75,54.5,45.0,9.5,0.0,0.0,4.25,4.25,0.0,3.25,0.75,0.0,0.0,0.25,0.0,0.0,0.0,0.0,0.0,0.0,0.0,0.0,0.0,0.0,0.0,0.0,0.0,0.0,0.0,0.0,0.0,0.0,0.0,0.0,60.5,0.0,45.83333333333333,46,1,8,4,9,9,1,2,4.0,2,2,1,76,1200,4752,906300,4,1,2,9,9,1,76,1200,4694
90630004103.0,90630004,906300041,11.33333333333333,11.33333333333333,5.0,0.0,0.0,5.0,0.0,6.33333333333333,6.33333333333333,2.16666666666666,2.0,0.75,0.0,0.66666666666666,0.75,0.0,0.0,0.0,0.0,0.0,0.0,0.0,0.0,0.0,0.0,0.0,0.0,0.0,0.0,0.0,0.0,0.0,0.0,0.0,0.0,57.33333333333333,0.0,32.16666666666666,53,1,6,3,9,9,1,2,3.0,2,2,2,76,1200,4730,906300,4,1,3,9,9,1,76,1200,4694
90630004104.0,90630004,906300041,69.75,69.75,35.33333333333333,35.0,0.33333333333333,0.0,0.0,34.41666666666666,30.41666666666666,17.5,8.16666666666666,2.5,0.0,2.0,0.0,0.25,4.0,4.0,0.0,0.0,0.0,0.0,0.0,0.0,0.0,4.0,4.0,0.0,0.0,0.0,0.0,0.0,0.0,0.0,0.0,68.66666666666666,0.0,35.0,49,2,8,2,9,9,1,2,4.0,2,2,1,76,1200,4647,906300,4,1,4,9,9,1,76,1200,4694
90630004105.0,90630004,906300041,9.0,9.0,0.0,0.0,0.0,0.0,0.0,9.0,8.5,2.5,4.58333333333333,0.0,0.0,1.41666666666666,0.0,0.0,0.5,0.5,0.0,0.0,0.0,0.0,0.0,0.0,0.5,0.0,0.0,0.0,0.0,0.0,0.0,0.0,0.0,0.0,0.0,55.66666666666666,53.0,48.0,24,1,8,2,9,9,1,2,4.0,2,2,4,76,1200,4792,906300,4,1,5,9,9,1,76,1200,4694
90630004106.0,90630004,906300041,13.75,13.75,0.0,0.0,0.0,0.0,0.0,13.75,13.75,7.0,4.5,1.41666666666666,0.0,0.66666666666666,0.0,0.16666666666666,0.0,0.0,0.0,0.0,0.0,0.0,0.0,0.0,0.0,0.0,0.0,0.0,0.0,0.0,0.0,0.0,0.0,0.0,0.0,64.5,0.0,28.0,20,2,6,3,9,9,1,2,3.0,2,2,5,76,1200,4742,906300,4,1,6,9,9,1,76,1200,4694
90630005101.0,90630005,906300051,80.08333333333333,76.08333333333333,72.0,60.0,12.0,0.0,0.0,8.08333333333333,1.83333333333333,0.41666666666666,0.66666666666666,0.0,0.5,0.0,0.0,0.25,6.25,2.25,0.0,0.0,6.25,2.25,0.0,0.0,0.0,0.0,0.0,0.0,0.0,0.0,0.0,0.0,0.0,0.0,0.0,68.5,0.0,22.0,40,1,3,3,9,9,1,2,2.0,2,2,1,76,1200,4811,906300,5,1,1,9,9,1,76,1200,4694
90630005102.0,90630005,906300051,81.5,53.5,0.0,0.0,0.0,0.0,0.0,81.5,34.5,22.0,8.25,1.58333333333333,0.0,2.16666666666666,0.0,0.5,47.0,19.0,0.0,0.0,42.33333333333333,14.33333333333333,0.0,0.0,4.66666666666666,0.0,0.0,0.0,0.0,0.0,0.0,0.0,0.0,0.0,0.0,75.0,0.0,35.0,40,2,3,3,9,9,1,2,2.0,2,2,5,76,1200,4656,906300,5,1,2,9,9,1,76,1200,4694
91129305102.0,91129305,911293051,63.75,61.75,12.0,8.0,4.0,0.0,1.5,50.25,21.75,0.83333333333333,7.0,9.25,1.0,1.0,0.0,2.66666666666666,6.5,4.5,0.0,0.0,0.0,0.0,4.0,2.0,2.5,0.0,0.0,22.0,22.0,2.0,20.0,0.0,0.0,0.0,0.0,61.0,55.0,5.75,22,1,6,2,9,9,3,2,3.0,2,2,1,75,1242,5695,911293,5,1,2,9,9,3,75,1242,5612
91129305103.0,91129305,911293051,13.58333333333333,13.58333333333333,1.33333333333333,1.0,0.33333333333333,0.0,0.0,12.24999999999999,10.24999999999999,0.0,7.83333333333333,0.83333333333333,0.0,1.0,0.0,0.58333333333333,2.0,2.0,0.0,0.0,0.0,0.0,0.0,0.0,2.0,0.0,0.0,0.0,0.0,0.0,0.0,0.0,0.0,0.0,0.0,88.83333333333333,52.0,10.33333333333333,12,1,2,6,9,9,3,2,2.0,2,1,1,75,1242,5635,911293,5,1,3,9,9,3,75,1242,5612
91152201101.0,91152201,911522011,55.91666666666666,55.91666666666666,0.0,0.0,0.0,0.0,2.5,53.41666666666666,50.08333333333333,10.5,27.0,10.33333333333333,0.0,1.5,0.0,0.75,3.33333333333333,3.33333333333333,0.0,0.0,0.0,0.0,0.0,0.0,3.33333333333333,0.0,0.0,0.0,0.0,0.0,0.0,0.0,0.0,0.0,0.0,47.66666666666666,0.0,14.33333333333333,54,2,3,3,9,9,2,2,2.0,2,2,5,75,1243,6752,911522,1,1,1,9,9,2,75,1243,6806
91152201102.0,91152201,911522011,27.38333333333333,27.38333333333333,0.0,0.0,0.0,0.0,0.0,27.38333333333333,26.38333333333333,7.0,14.0,4.5,0.0,0.3,0.0,0.58333333333333,1.0,1.0,0.0,0.0,0.0,0.0,0.0,0.0,1.0,0.0,0.0,0.0,0.0,0.0,0.0,0.0,0.0,0.0,0.0,54.5,74.0,20.0,26,2,8,4,9,9,2,2,4.0,1,2,4,75,1243,6755,911522,1,1,2,9,9,2,75,1243,6806
91152201103.0,91152201,911522011,28.16666666666666,28.16666666666666,7.0,6.0,1.0,0.0,0.0,21.16666666666666,20.16666666666666,5.83333333333333,9.5,4.16666666666666,0.0,0.0,0.0,0.66666666666666,0.99999999999999,0.99999999999999,0.0,0.0,0.0,0.0,0.0,0.0,0.99999999999999,0.0,0.0,0.0,0.0,0.0,0.0,0.0,0.0,0.0,0.0,52.5,25.0,5.5,21,1,8,2,9,9,2,2,4.0,2,2,1,75,1243,6907,911522,1,1,3,9,9,2,75,1243,6806
91152202101.0,91152202,911522021,99.01666666666667,99.01666666666667,57.16666666666666,56.0,1.16666666666666,0.0,0.0,41.84999999999999,26.76666666666666,10.5,5.58333333333333,1.5,3.0,2.25,2.08333333333333,1.85,12.75,12.75,0.0,0.0,0.0,0.0,0.0,0.0,12.75,0.0,0.0,2.33333333333333,0.33333333333333,0.33333333333333,0.0,0.0,2.0,0.0,0.0,56.0,0.0,20.0,62,1,8,5,9,9,2,2,4.0,1,2,1,75,1243,6767,911522,2,1,1,9,9,2,75,1243,6806
91152202102.0,91152202,911522021,93.75,85.75,32.0,28.0,4.0,0.0,0.0,61.75,27.75,7.66666666666666,5.33333333333333,6.66666666666666,0.33333333333333,5.16666666666666,2.0,0.58333333333333,20.0,12.0,0.0,0.0,0.0,0.0,0.0,0.0,0.0,20.0,12.0,14.0,12.0,0.0,0.0,12.0,2.0,0.0,0.0,76.0,0.0,35.0,44,2,6,2,9,9,2,2,3.0,1,2,1,75,1243,6710,911522,2,1,2,9,9,2,75,1243,6806
90514103101.0,90514103,905141031,85.08333333333333,85.08333333333333,62.33333333333333,60.0,2.33333333333333,0.0,0.0,22.75,22.75,9.5,5.0,1.5,0.0,3.66666666666666,0.16666666666666,2.91666666666666,0.0,0.0,0.0,0.0,0.0,0.0,0.0,0.0,0.0,0.0,0.0,0.0,0.0,0.0,0.0,0.0,0.0,0.0,0.0,70.0,0.0,35.0,49,1,9,2,9,9,1,2,5.0,2,2,1,73,1190,3910,905141,3,1,1,9,9,1,73,1190,3880
90514104101.0,90514104,905141041,91.5,91.5,60.0,50.0,10.0,0.0,0.0,31.5,15.0,6.16666666666666,4.91666666666666,1.16666666666666,0.16666666666666,2.0,0.41666666666666,0.16666666666666,10.5,10.5,0.0,0.0,0.0,0.0,0.0,0.0,10.5,0.0,0.0,6.0,6.0,0.0,3.0,3.0,0.0,0.0,0.0,60.0,0.0,10.5,50,1,8,4,9,9,1,2,4.0,2,2,1,73,1190,3891,905141,4,1,1,9,9,1,73,1190,3880
90514104102.0,90514104,905141041,89.58333333333333,89.58333333333333,45.0,30.0,15.0,0.0,0.0,44.58333333333333,32.58333333333333,14.0,6.58333333333333,7.0,0.0,5.0,0.0,0.0,6.0,6.0,0.0,0.0,0.0,0.0,0.0,0.0,6.0,0.0,0.0,6.0,6.0,0.0,3.0,3.0,0.0,0.0,0.0,65.0,0.0,35.0,48,2,8,3,9,9,1,2,4.0,2,2,1,73,1190,3824,905141,4,1,2,9,9,1,73,1190,3880
90514105101.0,90514105,905141051,34.55,34.55,20.16666666666666,20.0,0.16666666666666,0.0,0.0,14.38333333333333,14.38333333333333,6.5,2.5,1.75,0.0,2.0,0.5,1.13333333333333,0.0,0.0,0.0,0.0,0.0,0.0,0.0,0.0,0.0,0.0,0.0,0.0,0.0,0.0,0.0,0.0,0.0,0.0,0.0,90.5,0.0,20.66666666666666,80,1,8,5,9,9,1,2,4.0,2,2,1,73,1190,3994,905141,5,1,1,9,9,1,73,1190,3880
90537201101.0,90537201,905372011,0.41666666666666,0.41666666666666,0.0,0.0,0.0,0.0,0.0,0.41666666666666,0.41666666666666,0.0,0.0,0.0,0.0,0.0,0.08333333333333,0.33333333333333,0.0,0.0,0.0,0.0,0.0,0.0,0.0,0.0,0.0,0.0,0.0,0.0,0.0,0.0,0.0,0.0,0.0,0.0,0.0,64.16666666666666,0.0,15.0,93,1,8,4,9,9,1,2,4.0,2,2,3,73,1191,4483,905372,1,1,1,9,9,1,73,1191,4361
90537202101.0,90537202,905372021,0.0,0.0,0.0,0.0,0.0,0.0,0.0,0.0,0.0,0.0,0.0,0.0,0.0,0.0,0.0,0.0,0.0,0.0,0.0,0.0,0.0,0.0,0.0,0.0,0.0,0.0,0.0,0.0,0.0,0.0,0.0,0.0,0.0,0.0,0.0,67.5,0.0,23.0,88,2,6,3,9,9,1,2,3.0,2,1,6,73,1191,4781,905372,2,1,1,9,9,1,73,1191,4361
90537202102.0,90537202,905372021,40.26666666666666,40.26666666666666,0.0,0.0,0.0,0.0,0.0,40.26666666666666,25.35,11.66666666666666,9.08333333333333,1.25,0.0,3.0,0.0,0.35,14.91666666666666,14.91666666666666,14.91666666666666,14.91666666666666,0.0,0.0,0.0,0.0,0.0,0.0,0.0,0.0,0.0,0.0,0.0,0.0,0.0,0.0,0.0,41.33333333333333,0.0,0.0,62,2,5,3,9,9,1,2,3.0,2,2,5,73,1191,4299,905372,2,1,2,9,9,1,73,1191,4361
91190703101.0,91190703,911907031,62.66666666666666,62.66666666666666,45.33333333333333,45.0,0.33333333333333,0.0,0.0,17.33333333333333,15.83333333333333,2.5,8.0,0.0,0.0,3.0,2.0,0.33333333333333,1.5,1.5,0.0,0.0,0.0,0.0,0.0,0.0,1.5,0.0,0.0,0.0,0.0,0.0,0.0,0.0,0.0,0.0,0.0,78.5,0.0,37.0,56,1,6,3,9,9,1,2,3.0,2,2,1,73,1246,3510,911907,3,1,1,9,9,1,73,1246,3491
91190703102.0,91190703,911907031,36.08333333333333,36.08333333333333,12.08333333333333,12.0,0.08333333333333,0.0,0.0,24.0,23.0,12.58333333333333,5.0,0.83333333333333,0.0,4.0,0.5,0.08333333333333,1.0,1.0,0.0,0.0,0.0,0.0,0.0,0.0,1.0,0.0,0.0,0.0,0.0,0.0,0.0,0.0,0.0,0.0,0.0,104.5,0.0,43.5,23,2,6,3,9,9,1,2,3.0,2,2,1,73,1246,3511,911907,3,1,2,9,9,1,73,1246,3491
91190703103.0,91190703,911907031,34.9,34.9,0.0,0.0,0.0,0.0,0.0,34.9,32.9,18.23333333333333,9.0,2.66666666666666,0.0,3.0,0.0,0.0,2.0,2.0,0.0,0.0,0.0,0.0,0.0,0.0,2.0,0.0,0.0,0.0,0.0,0.0,0.0,0.0,0.0,0.0,0.0,53.66666666666666,0.0,33.16666666666666,47,2,2,6,9,9,1,2,2.0,2,2,5,73,1246,3440,911907,3,1,3,9,9,1,73,1246,3491
91190704101.0,91190704,911907041,50.33333333333333,50.33333333333333,48.0,46.0,2.0,0.0,0.0,2.33333333333333,1.5,0.41666666666666,0.0,1.08333333333333,0.0,0.0,0.0,0.0,0.83333333333333,0.83333333333333,0.0,0.0,0.0,0.0,0.83333333333333,0.83333333333333,0.0,0.0,0.0,0.0,0.0,0.0,0.0,0.0,0.0,0.0,0.0,46.66666666666666,0.0,28.16666666666666,44,1,8,4,9,9,1,2,4.0,2,2,1,73,1246,3561,911907,4,1,1,9,9,1,73,1246,3491
91190704102.0,91190704,911907041,136.58333333333331,115.58333333333331,42.5,40.0,2.5,0.0,0.0,94.08333333333331,41.75,15.66666666666666,22.08333333333333,2.0,0.0,2.0,0.0,0.0,52.33333333333333,31.33333333333333,0.0,0.0,0.0,0.0,47.33333333333333,26.33333333333333,5.0,0.0,0.0,0.0,0.0,0.0,0.0,0.0,0.0,0.0,0.0,71.75,0.0,49.5,40,2,8,4,9,9,1,2,4.0,2,2,1,73,1246,3446,911907,4,1,2,9,9,1,73,1246,3491
91190705101.0,91190705,911907051,33.96666666666666,33.96666666666666,17.0,16.0,1.0,0.0,0.0,16.96666666666666,16.96666666666666,4.58333333333333,7.5,1.16666666666666,0.0,3.5,0.0,0.21666666666666,0.0,0.0,0.0,0.0,0.0,0.0,0.0,0.0,0.0,0.0,0.0,0.0,0.0,0.0,0.0,0.0,0.0,0.0,0.0,73.5,0.0,19.66666666666666,62,1,8,5,9,9,1,2,4.0,2,2,1,73,1246,3476,911907,5,1,1,9,9,1,73,1246,3491
91191101101.0,91191101,911911011,77.2,77.2,62.5,60.0,2.5,0.0,0.0,14.7,14.7,5.0,3.16666666666666,5.33333333333333,0.0,1.0,0.0,0.2,0.0,0.0,0.0,0.0,0.0,0.0,0.0,0.0,0.0,0.0,0.0,0.0,0.0,0.0,0.0,0.0,0.0,0.0,0.0,73.5,0.0,46.0,47,1,6,3,9,9,1,2,3.0,2,2,1,73,1247,4067,911911,1,1,1,9,9,1,73,1247,4036
90275703101.0,90275703,902757031,68.49999999999999,68.49999999999999,60.0,50.0,10.0,0.0,0.0,8.49999999999999,8.49999999999999,3.75,2.0,1.33333333333333,0.0,0.5,0.0,0.91666666666666,0.0,0.0,0.0,0.0,0.0,0.0,0.0,0.0,0.0,0.0,0.0,0.0,0.0,0.0,0.0,0.0,0.0,0.0,0.0,66.66666666666666,0.0,40.5,40,1,8,5,9,9,1,2,4.0,2,2,1,73,1172,3576,902757,3,1,1,9,9,1,73,1172,3506
90280301101.0,90280301,902803011,24.91666666666666,24.91666666666666,0.0,0.0,0.0,0.0,0.0,24.91666666666666,24.91666666666666,17.5,5.0,0.83333333333333,0.0,1.0,0.0,0.58333333333333,0.0,0.0,0.0,0.0,0.0,0.0,0.0,0.0,0.0,0.0,0.0,0.0,0.0,0.0,0.0,0.0,0.0,0.0,0.0,60.33333333333333,0.0,17.0,40,2,6,3,9,9,1,2,3.0,2,2,5,73,1173,4082,902803,1,1,1,9,9,1,73,1173,4135
90280303101.0,90280303,902803031,6.25,6.25,0.0,0.0,0.0,0.0,0.0,6.25,6.25,3.66666666666666,0.0,0.0,0.0,2.0,0.0,0.58333333333333,0.0,0.0,0.0,0.0,0.0,0.0,0.0,0.0,0.0,0.0,0.0,0.0,0.0,0.0,0.0,0.0,0.0,0.0,0.0,73.5,0.0,39.0,72,1,8,5,9,9,1,2,4.0,2,2,3,73,1173,4091,902803,3,1,1,9,9,1,73,1173,4135
90280304101.0,90280304,902803041,68.58333333333333,68.58333333333333,60.0,60.0,0.0,0.0,0.0,8.58333333333333,8.58333333333333,4.66666666666666,0.0,0.0,0.0,0.33333333333333,0.0,3.58333333333333,0.0,0.0,0.0,0.0,0.0,0.0,0.0,0.0,0.0,0.0,0.0,0.0,0.0,0.0,0.0,0.0,0.0,0.0,0.0,66.5,0.0,38.0,28,2,8,5,9,9,1,2,4.0,2,2,1,73,1173,4110,902803,4,1,1,9,9,1,73,1173,4135
90283901101.0,90283901,902839011,86.25,78.25,64.0,58.0,6.0,0.0,0.0,22.25,7.25,1.25,3.0,3.0,0.0,0.0,0.0,0.0,15.0,7.0,0.0,0.0,0.0,0.0,11.5,3.5,3.5,0.0,0.0,0.0,0.0,0.0,0.0,0.0,0.0,0.0,0.0,58.0,0.0,18.0,54,1,6,3,9,9,2,2,3.0,2,2,1,75,1174,5183,902839,1,1,1,9,9,2,75,1174,5175
90283901102.0,90283901,902839011,78.91666666666666,48.91666666666666,0.0,0.0,0.0,0.0,0.0,78.91666666666666,29.41666666666666,10.25,10.66666666666666,8.5,0.0,0.0,0.0,0.0,49.5,19.5,0.0,0.0,0.0,0.0,41.25,11.25,8.25,0.0,0.0,0.0,0.0,0.0,0.0,0.0,0.0,0.0,0.0,78.66666666666666,0.0,29.55,47,2,6,3,9,9,2,2,3.0,2,2,1,75,1174,5093,902839,1,1,2,9,9,2,75,1174,5175
90283901103.0,90283901,902839011,66.36666666666666,62.36666666666666,41.0,32.0,9.0,0.0,0.0,25.36666666666666,12.36666666666666,2.0,7.5,1.5,0.0,1.0,0.0,0.36666666666666,13.0,9.0,0.0,0.0,0.0,0.0,6.0,2.0,7.0,0.0,0.0,0.0,0.0,0.0,0.0,0.0,0.0,0.0,0.0,63.0,34.0,27.0,25,1,6,3,9,9,2,2,3.0,2,2,1,75,1174,5223,902839,1,1,3,9,9,2,75,1174,5175
91152203101.0,91152203,911522031,94.53333333333332,94.53333333333332,84.75,84.0,0.75,0.0,2.0,7.78333333333333,7.78333333333333,0.0,5.5,1.5,0.0,0.0,0.0,0.78333333333333,0.0,0.0,0.0,0.0,0.0,0.0,0.0,0.0,0.0,0.0,0.0,0.0,0.0,0.0,0.0,0.0,0.0,0.0,0.0,56.16666666666666,0.0,9.0,52,1,2,6,9,9,2,2,2.0,2,2,1,75,1243,6817,911522,3,1,1,9,9,2,75,1243,6806
91152204101.0,91152204,911522041,7.0,7.0,0.0,0.0,0.0,0.0,0.0,7.0,0.0,0.0,0.0,0.0,0.0,0.0,0.0,0.0,7.0,7.0,0.0,0.0,0.0,0.0,0.0,0.0,7.0,0.0,0.0,0.0,0.0,0.0,0.0,0.0,0.0,0.0,0.0,91.0,0.0,10.0,56,2,2,6,9,9,2,2,2.0,2,1,6,75,1243,6644,911522,4,1,1,9,9,2,75,1243,6806
91152204102.0,91152204,911522041,21.91666666666666,21.91666666666666,0.0,0.0,0.0,0.0,0.0,21.91666666666666,11.91666666666666,2.0,5.66666666666666,4.0,0.0,0.0,0.0,0.25,10.0,10.0,0.0,0.0,0.0,0.0,0.0,0.0,10.0,0.0,0.0,0.0,0.0,0.0,0.0,0.0,0.0,0.0,0.0,68.33333333333333,0.0,10.0,29,2,6,1,9,9,2,2,3.0,2,2,5,75,1243,6755,911522,4,1,2,9,9,2,75,1243,6806
91152205101.0,91152205,911522051,162.45,89.94999999999999,49.13333333333333,35.0,14.13333333333333,0.0,0.0,113.31666666666666,8.23333333333333,4.08333333333333,0.58333333333333,1.33333333333333,0.0,0.0,0.0,2.23333333333333,105.08333333333331,32.58333333333333,50.58333333333333,18.58333333333333,0.0,0.0,40.0,3.0,1.0,13.5,10.0,0.0,0.0,0.0,0.0,0.0,0.0,0.0,0.0,77.0,0.0,10.5,72,1,3,3,9,9,2,2,2.0,1,2,1,75,1243,6724,911522,5,1,1,9,9,2,75,1243,6806
91152205102.0,91152205,911522051,131.31666666666666,105.31666666666666,58.0,55.0,3.0,0.0,0.0,73.31666666666666,39.64999999999999,24.5,4.0,2.66666666666666,0.0,6.5,1.75,0.23333333333333,33.66666666666666,7.66666666666666,13.91666666666666,6.91666666666666,0.0,0.0,7.25,0.25,0.5,12.0,0.0,0.0,0.0,0.0,0.0,0.0,0.0,0.0,0.0,87.0,0.0,16.7,64,2,6,2,9,9,2,2,3.0,1,1,1,75,1243,6701,911522,5,1,2,9,9,2,75,1243,6806
91152205103.0,91152205,911522051,141.9333333333333,139.4333333333333,95.5,92.0,3.5,0.0,0.0,46.43333333333333,18.51666666666666,8.0,3.5,3.33333333333333,0.0,2.5,0.83333333333333,0.35,27.91666666666666,25.41666666666666,18.08333333333333,16.41666666666666,0.0,0.0,9.83333333333333,9.0,0.0,0.0,0.0,0.0,0.0,0.0,0.0,0.0,0.0,0.0,0.0,56.0,0.0,0.0,32,2,8,2,9,9,2,2,4.0,2,2,1,75,1243,6719,911522,5,1,3,9,9,2,75,1243,6806
91152205104.0,91152205,911522051,26.31666666666666,18.14999999999999,2.66666666666666,2.0,0.66666666666666,0.0,0.0,23.64999999999999,11.81666666666666,8.16666666666666,0.5,2.91666666666666,0.0,0.0,0.0,0.23333333333333,11.83333333333333,3.66666666666666,1.66666666666666,0.5,0.0,0.0,0.0,0.0,0.83333333333333,9.33333333333333,2.33333333333333,0.0,0.0,0.0,0.0,0.0,0.0,0.0,0.0,111.66666666666666,48.33333333333333,29.83333333333333,12,1,3,1,9,9,2,2,2.0,2,2,1,75,1243,6835,911522,5,1,4,9,9,2,75,1243,6806
90537203101.0,90537203,905372031,46.88333333333333,46.88333333333333,40.66666666666666,40.0,0.66666666666666,0.0,0.0,6.21666666666666,4.21666666666666,1.5,0.25,0.0,0.0,2.0,0.0,0.46666666666666,2.0,2.0,0.0,0.0,0.0,0.0,0.0,0.0,2.0,0.0,0.0,0.0,0.0,0.0,0.0,0.0,0.0,0.0,0.0,65.46666666666665,0.0,10.58333333333333,43,1,11,4,9,9,1,2,5.0,2,2,1,73,1191,4449,905372,3,1,1,9,9,1,73,1191,4361
90537203102.0,90537203,905372031,22.91666666666666,22.91666666666666,1.33333333333333,1.0,0.33333333333333,0.0,0.0,21.58333333333333,18.58333333333333,8.16666666666666,7.66666666666666,0.75,0.0,2.0,0.0,0.0,3.0,3.0,0.0,0.0,0.0,0.0,0.0,0.0,3.0,0.0,0.0,0.0,0.0,0.0,0.0,0.0,0.0,0.0,0.0,91.0,0.0,17.5,35,2,10,2,9,9,1,2,5.0,2,2,1,73,1191,4305,905372,3,1,2,9,9,1,73,1191,4361
90537204101.0,90537204,905372041,64.71666666666665,64.71666666666665,55.0,45.0,10.0,0.0,0.0,9.71666666666666,9.71666666666666,2.16666666666666,4.41666666666666,0.16666666666666,0.0,2.0,0.0,0.96666666666666,0.0,0.0,0.0,0.0,0.0,0.0,0.0,0.0,0.0,0.0,0.0,0.0,0.0,0.0,0.0,0.0,0.0,0.0,0.0,50.16666666666666,0.0,6.0,54,2,8,4,9,9,1,2,4.0,2,2,1,73,1191,4332,905372,4,1,1,9,9,1,73,1191,4361
90537204102.0,90537204,905372041,59.41666666666666,59.41666666666666,52.16666666666666,48.0,4.16666666666666,0.0,0.0,7.24999999999999,7.24999999999999,0.66666666666666,3.58333333333333,0.33333333333333,0.25,1.0,0.08333333333333,1.33333333333333,0.0,0.0,0.0,0.0,0.0,0.0,0.0,0.0,0.0,0.0,0.0,0.0,0.0,0.0,0.0,0.0,0.0,0.0,0.0,60.91666666666666,0.0,10.0,63,1,8,4,9,9,1,2,4.0,2,2,1,73,1191,4342,905372,4,1,2,9,9,1,73,1191,4361
90537204103.0,90537204,905372041,61.95,61.95,51.25,45.0,6.25,0.0,0.0,10.7,10.7,0.25,6.33333333333333,0.66666666666666,0.0,2.5,0.16666666666666,0.78333333333333,0.0,0.0,0.0,0.0,0.0,0.0,0.0,0.0,0.0,0.0,0.0,0.0,0.0,0.0,0.0,0.0,0.0,0.0,0.0,56.66666666666666,0.0,11.5,50,2,8,4,9,9,1,2,4.0,2,2,1,73,1191,4332,905372,4,1,3,9,9,1,73,1191,4361
90537204104.0,90537204,905372041,13.91666666666666,13.91666666666666,0.0,0.0,0.0,0.0,0.0,13.91666666666666,13.91666666666666,2.0,9.83333333333333,0.5,0.0,0.0,0.0,1.58333333333333,0.0,0.0,0.0,0.0,0.0,0.0,0.0,0.0,0.0,0.0,0.0,0.0,0.0,0.0,0.0,0.0,0.0,0.0,0.0,64.66666666666666,47.5,23.33333333333333,20,2,8,2,9,9,1,2,4.0,2,2,4,73,1191,4385,905372,4,1,4,9,9,1,73,1191,4361
90537204105.0,90537204,905372041,7.89999999999999,7.89999999999999,0.0,0.0,0.0,0.0,0.0,7.89999999999999,7.89999999999999,0.83333333333333,5.5,0.33333333333333,0.0,1.0,0.0,0.23333333333333,0.0,0.0,0.0,0.0,0.0,0.0,0.0,0.0,0.0,0.0,0.0,0.0,0.0,0.0,0.0,0.0,0.0,0.0,0.0,60.5,56.5,13.25,25,2,8,4,9,9,1,2,4.0,2,2,4,73,1191,4334,905372,4,1,5,9,9,1,73,1191,4361
91191102101.0,91191102,911911021,68.5,68.5,45.0,45.0,0.0,0.0,0.0,23.5,17.33333333333333,10.33333333333333,4.0,0.0,0.16666666666666,2.0,0.5,0.33333333333333,6.16666666666666,6.16666666666666,0.0,0.0,0.0,0.0,0.0,0.0,6.16666666666666,0.0,0.0,0.0,0.0,0.0,0.0,0.0,0.0,0.0,0.0,64.83333333333333,0.0,46.0,52,1,8,2,9,9,1,2,4.0,2,2,1,73,1247,4048,911911,2,1,1,9,9,1,73,1247,4036
91369201101.0,91369201,913692011,117.41666666666666,117.41666666666666,80.0,60.0,20.0,0.0,0.0,37.41666666666666,29.08333333333333,12.0,8.16666666666666,4.0,0.66666666666666,2.5,0.41666666666666,1.33333333333333,6.83333333333333,6.83333333333333,0.0,0.0,0.0,0.0,3.16666666666666,3.16666666666666,0.83333333333333,2.83333333333333,2.83333333333333,1.5,0.0,0.0,0.0,0.0,1.5,0.0,0.0,50.33333333333333,0.0,18.5,65,1,10,2,9,9,1,2,5.0,2,2,1,74,1263,4518,913692,1,1,1,9,9,1,74,1263,4551
91369201102.0,91369201,913692011,80.25,70.25,0.0,0.0,0.0,0.0,0.0,80.25,59.25,16.0,16.16666666666666,12.66666666666666,0.66666666666666,9.5,2.5,1.75,18.0,8.0,0.0,0.0,0.0,0.0,18.0,8.0,0.0,0.0,0.0,3.0,0.0,0.0,0.0,0.0,3.0,0.0,0.0,85.0,0.0,11.5,63,2,11,2,9,9,1,2,5.0,2,2,3,74,1263,4481,913692,1,1,2,9,9,1,74,1263,4551
91369201103.0,91369201,913692011,118.16666666666666,83.16666666666666,40.0,30.0,10.0,0.0,0.0,78.16666666666666,32.66666666666666,5.83333333333333,6.66666666666666,10.5,0.5,7.83333333333333,0.83333333333333,0.5,45.5,10.5,0.0,0.0,0.0,0.0,45.5,10.5,0.0,0.0,0.0,0.0,0.0,0.0,0.0,0.0,0.0,0.0,0.0,77.66666666666666,0.0,9.91666666666666,39,2,11,2,9,9,1,2,5.0,2,2,1,74,1263,4487,913692,1,1,3,9,9,1,74,1263,4551
91369202101.0,91369202,913692021,91.25,91.25,66.0,48.0,18.0,0.0,0.0,25.25,20.25,12.0,1.33333333333333,2.5,0.0,0.75,0.5,3.16666666666666,5.0,5.0,0.0,0.0,0.0,0.0,0.0,0.0,5.0,0.0,0.0,0.0,0.0,0.0,0.0,0.0,0.0,0.0,0.0,60.5,0.0,19.41666666666666,52,2,6,3,9,9,1,2,3.0,2,2,1,74,1263,4515,913692,2,1,1,9,9,1,74,1263,4551
91369202102.0,91369202,913692021,46.75,46.75,0.0,0.0,0.0,0.0,0.0,46.75,27.75,11.0,11.25,4.5,0.0,0.0,0.0,1.0,8.0,8.0,0.0,0.0,0.0,0.0,0.0,0.0,8.0,0.0,0.0,11.0,11.0,1.0,0.0,10.0,0.0,0.0,0.0,81.0,0.0,25.75,25,2,8,4,9,9,1,2,4.0,2,2,5,74,1263,4517,913692,2,1,2,9,9,1,74,1263,4551
91369203101.0,91369203,913692031,79.66666666666666,79.66666666666666,45.0,40.0,5.0,0.0,0.0,34.66666666666666,32.91666666666666,10.5,7.0,2.33333333333333,6.0,5.33333333333333,0.16666666666666,1.58333333333333,1.75,1.75,0.0,0.0,0.0,0.0,0.0,0.0,1.75,0.0,0.0,0.0,0.0,0.0,0.0,0.0,0.0,0.0,0.0,73.83333333333333,0.0,10.83333333333333,58,1,6,3,9,9,1,2,3.0,2,2,1,74,1263,4570,913692,3,1,1,9,9,1,74,1263,4551
90283901104.0,90283901,902839011,3.91666666666666,3.91666666666666,0.0,0.0,0.0,0.0,0.0,3.91666666666666,3.91666666666666,0.0,3.0,0.16666666666666,0.0,0.75,0.0,0.0,0.0,0.0,0.0,0.0,0.0,0.0,0.0,0.0,0.0,0.0,0.0,0.0,0.0,0.0,0.0,0.0,0.0,0.0,0.0,68.66666666666666,67.0,4.16666666666666,13,2,3,1,9,9,2,2,2.0,2,2,4,75,1174,5164,902839,1,1,4,9,9,2,75,1174,5175
90283902101.0,90283902,902839021,83.41666666666666,83.41666666666666,16.0,14.0,2.0,0.0,0.0,67.41666666666666,60.41666666666666,15.75,37.16666666666666,5.5,0.0,2.0,0.0,0.0,7.0,7.0,0.0,0.0,0.0,0.0,0.0,0.0,7.0,0.0,0.0,0.0,0.0,0.0,0.0,0.0,0.0,0.0,0.0,70.0,0.0,20.0,64,2,3,3,9,9,2,2,2.0,1,2,1,75,1174,5095,902839,2,1,1,9,9,2,75,1174,5175
90283902102.0,90283902,902839021,45.33333333333333,45.33333333333333,16.0,14.0,2.0,0.0,0.0,29.33333333333333,18.83333333333333,4.0,9.83333333333333,5.0,0.0,0.0,0.0,0.0,10.5,10.5,0.0,0.0,0.0,0.0,0.0,0.0,0.0,10.5,10.5,0.0,0.0,0.0,0.0,0.0,0.0,0.0,0.0,73.5,0.0,25.0,37,1,6,3,9,9,2,2,3.0,2,2,1,75,1174,5176,902839,2,1,2,9,9,2,75,1174,5175
90283903101.0,90283903,902839031,64.0,64.0,27.25,27.0,0.25,0.0,0.0,36.75,36.75,14.0,10.75,11.0,0.0,0.0,0.0,1.0,0.0,0.0,0.0,0.0,0.0,0.0,0.0,0.0,0.0,0.0,0.0,0.0,0.0,0.0,0.0,0.0,0.0,0.0,0.0,63.16666666666666,0.0,7.0,73,1,2,3,9,9,2,2,2.0,2,1,1,75,1174,5113,902839,3,1,1,9,9,2,75,1174,5175
90283904101.0,90283904,902839041,104.16666666666666,104.16666666666666,80.0,56.0,24.0,0.0,0.0,24.16666666666666,17.16666666666666,1.75,7.5,5.75,0.0,1.0,0.0,1.16666666666666,7.0,7.0,0.0,0.0,0.0,0.0,0.0,0.0,7.0,0.0,0.0,0.0,0.0,0.0,0.0,0.0,0.0,0.0,0.0,68.0,0.0,26.75,26,1,6,3,9,9,2,2,3.0,2,2,1,75,1174,5223,902839,4,1,1,9,9,2,75,1174,5175
90283904102.0,90283904,902839041,29.66666666666666,29.66666666666666,0.0,0.0,0.0,0.0,0.0,29.66666666666666,22.66666666666666,10.5,6.0,5.0,0.0,0.0,0.16666666666666,1.0,7.0,7.0,0.0,0.0,0.0,0.0,0.0,0.0,7.0,0.0,0.0,0.0,0.0,0.0,0.0,0.0,0.0,0.0,0.0,73.5,0.0,39.16666666666666,31,2,8,3,9,9,2,2,4.0,2,2,1,75,1174,5109,902839,4,1,2,9,9,2,75,1174,5175
90283904103.0,90283904,902839041,90.75,90.75,65.0,60.0,5.0,0.0,0.0,25.75,18.16666666666666,5.33333333333333,10.16666666666666,1.25,0.0,0.0,0.0,1.41666666666666,7.58333333333333,7.58333333333333,0.0,0.0,0.0,0.0,0.0,0.0,7.58333333333333,0.0,0.0,0.0,0.0,0.0,0.0,0.0,0.0,0.0,0.0,56.5,0.0,43.75,20,1,3,3,9,9,2,2,2.0,2,2,1,75,1174,5251,902839,4,1,3,9,9,2,75,1174,5175
91157001101.0,91157001,911570011,71.91666666666666,71.91666666666666,57.5,50.0,7.5,0.0,0.0,14.41666666666666,14.41666666666666,3.25,3.66666666666666,3.41666666666666,0.0,1.0,3.0,0.08333333333333,0.0,0.0,0.0,0.0,0.0,0.0,0.0,0.0,0.0,0.0,0.0,0.0,0.0,0.0,0.0,0.0,0.0,0.0,0.0,61.83333333333333,0.0,19.5,65,1,6,3,9,9,1,2,3.0,2,2,1,74,1244,4307,911570,1,1,1,9,9,1,74,1244,4339
91157002101.0,91157002,911570021,92.28333333333332,92.28333333333332,72.0,60.0,12.0,0.0,0.0,20.28333333333333,20.28333333333333,7.83333333333333,10.0,0.83333333333333,0.0,1.5,0.0,0.11666666666666,0.0,0.0,0.0,0.0,0.0,0.0,0.0,0.0,0.0,0.0,0.0,0.0,0.0,0.0,0.0,0.0,0.0,0.0,0.0,56.0,0.0,25.0,50,2,2,6,9,9,1,2,2.0,2,2,1,74,1244,4304,911570,2,1,1,9,9,1,74,1244,4339
91157002102.0,91157002,911570021,14.74999999999999,14.74999999999999,0.0,0.0,0.0,0.0,0.0,14.74999999999999,7.74999999999999,1.0,4.66666666666666,0.99999999999999,0.0,1.0,0.08333333333333,0.0,7.0,7.0,0.0,0.0,0.0,0.0,0.0,0.0,7.0,0.0,0.0,0.0,0.0,0.0,0.0,0.0,0.0,0.0,0.0,43.66666666666666,38.0,17.66666666666666,20,2,8,1,9,9,1,2,4.0,2,2,4,74,1244,4357,911570,2,1,2,9,9,1,74,1244,4339
91157003101.0,91157003,911570031,72.08333333333333,72.08333333333333,65.0,50.0,15.0,0.0,0.0,7.08333333333333,7.08333333333333,0.58333333333333,3.5,2.0,0.0,1.0,0.0,0.0,0.0,0.0,0.0,0.0,0.0,0.0,0.0,0.0,0.0,0.0,0.0,0.0,0.0,0.0,0.0,0.0,0.0,0.0,0.0,61.16666666666666,0.0,23.0,50,1,3,3,9,9,1,2,2.0,2,2,1,74,1244,4346,911570,3,1,1,9,9,1,74,1244,4339
91157003102.0,91157003,911570031,97.83333333333331,97.83333333333331,74.0,56.0,18.0,0.0,0.0,23.83333333333333,20.0,0.0,17.0,0.0,1.0,2.0,0.0,0.0,0.33333333333333,0.33333333333333,0.0,0.0,0.0,0.0,0.0,0.0,0.33333333333333,0.0,0.0,3.5,3.5,0.0,0.0,3.5,0.0,0.0,0.0,51.33333333333333,0.0,71.5,55,1,2,6,9,9,1,2,2.0,2,2,1,74,1244,4357,911570,3,1,2,9,9,1,74,1244,4339
91342404102.0,91342404,913424041,99.33333333333331,99.33333333333331,57.5,47.5,10.0,0.0,0.0,41.83333333333333,35.83333333333333,11.33333333333333,15.16666666666666,4.66666666666666,0.0,3.0,0.33333333333333,1.33333333333333,2.0,2.0,0.0,0.0,0.0,0.0,0.0,0.0,2.0,0.0,0.0,4.0,2.5,0.5,0.0,2.0,1.5,0.0,0.0,48.41666666666666,6.0,22.75,50,2,10,2,9,9,1,2,5.0,2,2,1,74,1261,3873,913424,4,1,2,9,9,1,74,1261,3904
91342404103.0,91342404,913424041,45.24999999999999,45.24999999999999,30.0,15.0,15.0,0.0,0.0,15.24999999999999,3.74999999999999,1.33333333333333,1.75,0.0,0.0,0.0,0.08333333333333,0.58333333333333,11.5,11.5,0.0,0.0,0.0,0.0,0.0,0.0,11.5,0.0,0.0,0.0,0.0,0.0,0.0,0.0,0.0,0.0,0.0,56.16666666666666,60.0,14.75,26,1,8,5,9,9,1,2,4.0,2,2,1,74,1261,3940,913424,4,1,3,9,9,1,74,1261,3904
90537204106.0,90537204,905372041,63.0,63.0,55.0,45.0,10.0,0.0,0.0,8.0,8.0,0.66666666666666,4.5,0.5,0.0,1.0,0.33333333333333,1.0,0.0,0.0,0.0,0.0,0.0,0.0,0.0,0.0,0.0,0.0,0.0,0.0,0.0,0.0,0.0,0.0,0.0,0.0,0.0,56.33333333333333,0.0,19.0,28,1,8,4,9,9,1,2,4.0,2,2,1,73,1191,4407,905372,4,1,6,9,9,1,73,1191,4361
90538701101.0,90538701,905387011,4.75,4.75,0.0,0.0,0.0,0.0,0.0,4.75,4.75,0.0,2.58333333333333,0.0,0.0,2.0,0.0,0.16666666666666,0.0,0.0,0.0,0.0,0.0,0.0,0.0,0.0,0.0,0.0,0.0,0.0,0.0,0.0,0.0,0.0,0.0,0.0,0.0,77.0,0.0,16.0,72,1,8,5,9,9,1,2,4.0,2,2,5,73,1192,4214,905387,1,1,1,9,9,1,73,1192,4260
90538701102.0,90538701,905387011,17.0,17.0,0.0,0.0,0.0,0.0,0.0,17.0,13.0,8.0,2.0,0.0,0.0,3.0,0.0,0.0,4.0,4.0,0.0,0.0,0.0,0.0,0.0,0.0,1.0,3.0,3.0,0.0,0.0,0.0,0.0,0.0,0.0,0.0,0.0,78.5,0.0,21.66666666666666,75,2,8,4,9,9,1,2,4.0,2,2,3,73,1192,4269,905387,1,1,2,9,9,1,73,1192,4260
90538701103.0,90538701,905387011,41.25,41.25,37.0,33.0,4.0,0.0,0.0,4.25,4.25,1.5,2.0,0.0,0.0,0.0,0.5,0.25,0.0,0.0,0.0,0.0,0.0,0.0,0.0,0.0,0.0,0.0,0.0,0.0,0.0,0.0,0.0,0.0,0.0,0.0,0.0,64.16666666666666,0.0,4.0,42,1,8,4,9,9,1,2,4.0,2,2,1,73,1192,4346,905387,1,1,3,9,9,1,73,1192,4260
90538702101.0,90538702,905387021,13.5,13.5,0.0,0.0,0.0,0.0,0.0,13.5,9.75,3.0,2.0,1.0,0.0,3.0,0.0,0.75,0.0,0.0,0.0,0.0,0.0,0.0,0.0,0.0,0.0,0.0,0.0,3.75,3.75,0.0,0.0,3.75,0.0,0.0,0.0,67.0,0.0,3.5,72,2,8,4,9,9,1,2,4.0,2,2,3,73,1192,4268,905387,2,1,1,9,9,1,73,1192,4260
90538703101.0,90538703,905387031,46.33333333333333,46.33333333333333,42.5,40.0,2.5,0.0,0.0,3.83333333333333,3.83333333333333,0.0,1.25,0.0,0.0,2.0,0.0,0.58333333333333,0.0,0.0,0.0,0.0,0.0,0.0,0.0,0.0,0.0,0.0,0.0,0.0,0.0,0.0,0.0,0.0,0.0,0.0,0.0,70.0,0.0,4.0,98,1,6,3,9,9,1,2,3.0,2,2,1,73,1192,4521,905387,3,1,1,9,9,1,73,1192,4260
90538704101.0,90538704,905387041,63.25,63.25,55.0,50.0,5.0,0.0,0.0,8.25,6.25,0.0,4.5,0.0,1.0,0.0,0.0,0.75,2.0,2.0,0.0,0.0,0.0,0.0,0.0,0.0,2.0,0.0,0.0,0.0,0.0,0.0,0.0,0.0,0.0,0.0,0.0,53.5,0.0,4.66666666666666,57,1,8,5,9,9,1,2,4.0,2,2,1,73,1192,4283,905387,4,1,1,9,9,1,73,1192,4260
91369203102.0,91369203,913692031,60.83333333333333,60.83333333333333,40.41666666666666,40.0,0.41666666666666,0.0,0.0,20.41666666666666,20.41666666666666,4.08333333333333,11.16666666666666,2.66666666666666,0.66666666666666,1.0,0.25,0.58333333333333,0.0,0.0,0.0,0.0,0.0,0.0,0.0,0.0,0.0,0.0,0.0,0.0,0.0,0.0,0.0,0.0,0.0,0.0,0.0,83.5,0.0,53.58333333333333,49,1,2,6,9,9,1,2,2.0,1,2,1,74,1263,4580,913692,3,1,2,9,9,1,74,1263,4551
91369203103.0,91369203,913692031,75.08333333333333,75.08333333333333,57.0,45.0,12.0,0.0,0.0,18.08333333333333,12.08333333333333,2.33333333333333,2.16666666666666,3.66666666666666,1.5,1.0,0.83333333333333,0.58333333333333,4.0,4.0,0.0,0.0,0.0,0.0,0.0,0.0,4.0,0.0,0.0,2.0,2.0,2.0,0.0,0.0,0.0,0.0,0.0,76.5,0.0,42.5,23,1,8,5,9,9,1,2,4.0,2,2,1,74,1263,4619,913692,3,1,3,9,9,1,74,1263,4551
91369204101.0,91369204,913692041,35.83333333333333,35.83333333333333,25.0,10.0,15.0,0.0,0.0,10.83333333333333,10.83333333333333,0.0,8.66666666666666,1.16666666666666,0.0,0.0,0.0,1.0,0.0,0.0,0.0,0.0,0.0,0.0,0.0,0.0,0.0,0.0,0.0,0.0,0.0,0.0,0.0,0.0,0.0,0.0,0.0,56.58333333333333,0.0,10.25,68,1,3,1,9,9,1,2,2.0,2,2,1,74,1263,4518,913692,4,1,1,9,9,1,74,1263,4551
91369205101.0,91369205,913692051,107.91666666666666,80.91666666666666,40.0,30.0,10.0,0.0,0.0,67.91666666666666,30.0,10.5,8.58333333333333,3.16666666666666,0.5,3.5,2.58333333333333,1.16666666666666,37.91666666666666,10.91666666666666,0.0,0.0,0.0,0.0,32.75,5.75,5.16666666666666,0.0,0.0,0.0,0.0,0.0,0.0,0.0,0.0,0.0,0.0,60.0,0.0,45.66666666666666,44,1,8,5,9,9,1,2,4.0,2,2,1,74,1263,4637,913692,5,1,1,9,9,1,74,1263,4551
91369205102.0,91369205,913692051,117.41666666666666,115.08333333333331,22.66666666666666,21.0,1.66666666666666,0.0,9.5,85.24999999999999,47.08333333333333,16.33333333333333,13.66666666666666,9.33333333333333,0.0,4.5,0.75,2.5,38.16666666666666,35.83333333333333,0.0,0.0,0.0,0.0,35.83333333333333,33.5,2.33333333333333,0.0,0.0,0.0,0.0,0.0,0.0,0.0,0.0,0.0,0.0,75.66666666666666,0.0,18.16666666666666,42,2,8,5,9,9,1,2,4.0,2,2,1,74,1263,4487,913692,5,1,2,9,9,1,74,1263,4551
91408101101.0,91408101,914081011,38.33333333333333,24.33333333333333,0.0,0.0,0.0,0.0,3.5,34.83333333333333,17.33333333333333,7.0,4.66666666666666,4.5,0.0,0.33333333333333,0.0,0.83333333333333,17.5,3.5,0.0,0.0,0.0,0.0,0.0,0.0,3.5,14.0,0.0,0.0,0.0,0.0,0.0,0.0,0.0,0.0,0.0,64.0,0.0,39.5,74,2,0,0,9,9,1,2,1.0,1,2,5,74,1264,3872,914081,1,1,1,9,9,1,74,1264,3870
91408101102.0,91408101,914081011,63.41666666666666,49.41666666666666,33.33333333333333,30.0,3.33333333333333,0.0,0.0,30.08333333333333,11.41666666666666,1.75,5.66666666666666,2.08333333333333,0.0,1.33333333333333,0.0,0.58333333333333,18.66666666666666,4.66666666666666,0.0,0.0,0.0,0.0,0.0,0.0,1.75,16.91666666666666,2.91666666666666,0.0,0.0,0.0,0.0,0.0,0.0,0.0,0.0,61.58333333333333,0.0,28.5,84,1,8,4,9,9,1,2,4.0,2,2,1,74,1264,3978,914081,1,1,2,9,9,1,74,1264,3870
90239801102.0,90239801,902398011,102.63333333333333,97.5,84.0,72.0,12.0,0.0,0.0,18.63333333333333,0.0,0.0,0.0,0.0,0.0,0.0,0.0,0.0,18.63333333333333,13.5,0.0,0.0,0.0,0.0,15.13333333333333,10.0,3.5,0.0,0.0,0.0,0.0,0.0,0.0,0.0,0.0,0.0,0.0,55.25,0.0,12.66666666666666,57,1,7,3,9,9,1,2,4.0,2,2,1,73,1169,2285,902398,1,1,2,9,9,1,73,1169,2272
90239801103.0,90239801,902398011,91.58333333333331,91.08333333333331,61.66666666666666,60.0,1.66666666666666,0.0,0.0,29.91666666666666,8.83333333333333,0.0,5.16666666666666,0.0,2.5,0.5,0.0,0.66666666666666,13.58333333333333,13.08333333333333,0.0,0.0,0.0,0.0,13.0,12.5,0.58333333333333,0.0,0.0,7.5,7.5,2.5,0.0,5.0,0.0,0.0,0.0,65.5,0.0,38.0,26,2,6,3,9,9,1,2,3.0,2,2,1,73,1169,2258,902398,1,1,3,9,9,1,73,1169,2272
90239801104.0,90239801,902398011,15.08333333333333,15.08333333333333,0.0,0.0,0.0,0.0,0.0,15.08333333333333,2.08333333333333,0.0,0.33333333333333,0.16666666666666,0.66666666666666,0.33333333333333,0.0,0.58333333333333,6.5,6.5,0.0,0.0,0.0,0.0,5.5,5.5,1.0,0.0,0.0,6.5,6.0,0.0,0.0,6.0,0.5,0.0,0.0,79.0,65.0,39.0,18,1,6,2,9,9,1,2,3.0,2,2,4,73,1169,2290,902398,1,1,4,9,9,1,73,1169,2272
90239802101.0,90239802,902398021,30.91666666666666,30.91666666666666,0.0,0.0,0.0,0.0,0.0,30.91666666666666,18.91666666666666,7.5,3.5,3.0,0.0,4.0,0.33333333333333,0.58333333333333,0.0,0.0,0.0,0.0,0.0,0.0,0.0,0.0,0.0,0.0,0.0,12.0,12.0,0.0,0.0,12.0,0.0,0.0,0.0,50.0,0.0,35.0,62,2,3,3,9,9,1,2,2.0,2,2,5,73,1169,2240,902398,2,1,1,9,9,1,73,1169,2272
90239803101.0,90239803,902398031,22.5,22.5,0.0,0.0,0.0,0.0,0.0,22.5,22.5,7.75,10.0,1.16666666666666,0.0,2.0,1.0,0.58333333333333,0.0,0.0,0.0,0.0,0.0,0.0,0.0,0.0,0.0,0.0,0.0,0.0,0.0,0.0,0.0,0.0,0.0,0.0,0.0,75.0,0.0,32.33333333333333,71,2,2,6,9,9,1,2,2.0,2,2,3,73,1169,2276,902398,3,1,1,9,9,1,73,1169,2272
90239804101.0,90239804,902398041,67.58333333333333,67.58333333333333,60.0,50.0,10.0,0.0,0.0,7.58333333333333,6.75,0.0,0.0,2.66666666666666,0.0,3.0,0.5,0.58333333333333,0.5,0.5,0.0,0.0,0.0,0.0,0.0,0.0,0.5,0.0,0.0,0.33333333333333,0.0,0.0,0.0,0.0,0.33333333333333,0.0,0.0,60.0,0.0,15.46666666666666,46,2,8,5,9,9,1,2,4.0,2,2,1,73,1169,2239,902398,4,1,1,9,9,1,73,1169,2272
90239804102.0,90239804,902398041,77.91666666666666,77.91666666666666,65.0,45.0,20.0,0.0,0.0,12.91666666666666,11.75,3.16666666666666,4.16666666666666,2.0,0.0,1.0,1.41666666666666,0.0,1.16666666666666,1.16666666666666,0.0,0.0,0.0,0.0,0.0,0.0,0.0,1.16666666666666,1.16666666666666,0.0,0.0,0.0,0.0,0.0,0.0,0.0,0.0,75.0,0.0,24.0,29,2,10,2,9,9,1,2,5.0,2,2,1,73,1169,2258,902398,4,1,2,9,9,1,73,1169,2272
91342404104.0,91342404,913424041,9.16666666666666,9.16666666666666,0.0,0.0,0.0,0.0,0.0,9.16666666666666,4.16666666666666,1.0,1.0,0.58333333333333,0.0,1.0,0.0,0.58333333333333,5.0,5.0,0.0,0.0,0.0,0.0,0.0,0.0,5.0,0.0,0.0,0.0,0.0,0.0,0.0,0.0,0.0,0.0,0.0,46.58333333333333,71.0,42.0,23,2,8,4,9,9,1,2,4.0,2,2,4,74,1261,3920,913424,4,1,4,9,9,1,74,1261,3904
91342405101.0,91342405,913424051,89.26666666666667,69.26666666666667,42.5,40.0,2.5,0.0,0.5,46.26666666666666,5.18333333333333,0.91666666666666,2.91666666666666,1.0,0.0,0.0,0.0,0.35,41.08333333333333,21.08333333333333,10.91666666666666,10.91666666666666,30.16666666666666,10.16666666666666,0.0,0.0,0.0,0.0,0.0,0.0,0.0,0.0,0.0,0.0,0.0,0.0,0.0,43.75,0.0,9.0,41,1,6,3,9,9,1,2,3.0,2,2,1,74,1261,3977,913424,5,1,1,9,9,1,74,1261,3904
91342405102.0,91342405,913424051,117.66666666666666,53.66666666666666,5.16666666666666,5.0,0.16666666666666,0.0,2.5,110.0,21.83333333333333,8.5,0.91666666666666,3.66666666666666,0.0,5.66666666666666,0.0,3.08333333333333,88.16666666666666,24.16666666666666,0.0,0.0,81.16666666666666,17.16666666666666,0.0,0.0,7.0,0.0,0.0,0.0,0.0,0.0,0.0,0.0,0.0,0.0,0.0,84.0,0.0,12.75,39,2,6,2,9,9,1,2,3.0,1,1,1,74,1261,3849,913424,5,1,2,9,9,1,74,1261,3904
91342405201.0,91342405,913424052,88.8,88.8,66.0,48.0,18.0,0.0,0.0,22.8,20.46666666666666,7.91666666666666,4.91666666666666,4.33333333333333,0.0,2.83333333333333,0.0,0.46666666666666,2.33333333333333,2.33333333333333,0.0,0.0,0.0,0.0,0.0,0.0,2.33333333333333,0.0,0.0,0.0,0.0,0.0,0.0,0.0,0.0,0.0,0.0,69.66666666666666,0.0,18.08333333333333,42,2,8,5,9,9,1,2,4.0,2,2,1,74,1261,3849,913424,5,2,1,9,9,1,74,1261,3904
91342405202.0,91342405,913424052,94.83333333333331,94.83333333333331,74.0,60.0,14.0,0.0,0.0,20.83333333333333,18.99999999999999,8.33333333333333,5.33333333333333,4.66666666666666,0.0,0.0,0.0,0.66666666666666,1.83333333333333,1.83333333333333,0.0,0.0,0.0,0.0,0.0,0.0,1.83333333333333,0.0,0.0,0.0,0.0,0.0,0.0,0.0,0.0,0.0,0.0,62.58333333333333,0.0,18.41666666666666,50,2,8,5,9,9,1,2,4.0,2,2,1,74,1261,3873,913424,5,2,2,9,9,1,74,1261,3904
91342405203.0,91342405,913424052,94.58333333333331,94.58333333333331,81.0,73.0,8.0,0.0,1.5,12.08333333333333,9.58333333333333,1.91666666666666,2.83333333333333,2.41666666666666,0.0,2.0,0.0,0.41666666666666,2.5,2.5,0.0,0.0,0.0,0.0,0.0,0.0,2.5,0.0,0.0,0.0,0.0,0.0,0.0,0.0,0.0,0.0,0.0,69.33333333333333,0.0,18.83333333333333,50,1,8,5,9,9,1,2,4.0,2,2,1,74,1261,3910,913424,5,2,3,9,9,1,74,1261,3904
91342405204.0,91342405,913424052,17.91666666666666,17.91666666666666,0.0,0.0,0.0,0.0,0.0,17.91666666666666,7.91666666666666,5.0,0.5,0.66666666666666,0.66666666666666,0.5,0.0,0.58333333333333,0.33333333333333,0.33333333333333,0.0,0.0,0.0,0.0,0.0,0.0,0.33333333333333,0.0,0.0,9.66666666666666,9.66666666666666,0.66666666666666,0.0,9.0,0.0,0.0,0.0,70.5,50.0,43.66666666666666,21,1,8,2,9,9,1,2,4.0,2,2,4,74,1261,3962,913424,5,2,4,9,9,1,74,1261,3904
90538704102.0,90538704,905387041,84.73333333333333,84.73333333333333,63.75,60.0,3.75,0.0,0.0,20.98333333333333,18.98333333333333,4.75,8.75,1.25,0.0,3.0,0.0,1.23333333333333,2.0,2.0,0.0,0.0,0.0,0.0,0.0,0.0,2.0,0.0,0.0,0.0,0.0,0.0,0.0,0.0,0.0,0.0,0.0,56.0,0.0,0.0,57,2,9,2,9,9,1,2,5.0,2,2,1,73,1192,4164,905387,4,1,2,9,9,1,73,1192,4260
90538704103.0,90538704,905387041,55.83333333333333,55.83333333333333,40.0,40.0,0.0,0.0,0.0,15.83333333333333,11.83333333333333,2.5,8.33333333333333,1.0,0.0,0.0,0.0,0.0,4.0,4.0,0.0,0.0,0.0,0.0,0.0,0.0,4.0,0.0,0.0,0.0,0.0,0.0,0.0,0.0,0.0,0.0,0.0,68.55,0.0,9.33333333333333,27,2,8,4,9,9,1,2,4.0,2,2,1,73,1192,4233,905387,4,1,3,9,9,1,73,1192,4260
90556901101.0,90556901,905569011,78.31666666666666,78.31666666666666,63.0,51.0,12.0,0.0,0.0,15.31666666666666,10.48333333333333,4.16666666666666,3.25,2.33333333333333,0.0,0.5,0.0,0.23333333333333,4.83333333333333,4.83333333333333,0.0,0.0,2.83333333333333,2.83333333333333,2.0,2.0,0.0,0.0,0.0,0.0,0.0,0.0,0.0,0.0,0.0,0.0,0.0,55.16666666666666,0.0,3.0,33,2,8,3,9,9,1,2,4.0,2,2,1,73,1193,4748,905569,1,1,1,9,9,1,73,1193,4803
90556901102.0,90556901,905569011,3.0,3.0,0.0,0.0,0.0,0.0,0.0,3.0,1.0,0.0,0.0,1.0,0.0,0.0,0.0,0.0,2.0,2.0,0.0,0.0,2.0,2.0,0.0,0.0,0.0,0.0,0.0,0.0,0.0,0.0,0.0,0.0,0.0,0.0,0.0,71.5,14.5,17.0,12,2,2,6,9,9,1,2,2.0,2,2,4,73,1193,4799,905569,1,1,2,9,9,1,73,1193,4803
90556902101.0,90556902,905569021,200.25,144.25,102.0,90.0,12.0,0.0,0.0,98.25,18.24999999999999,8.16666666666666,7.91666666666666,1.16666666666666,0.0,1.0,0.0,0.0,73.0,17.0,0.0,0.0,0.0,0.0,66.0,10.0,7.0,0.0,0.0,7.0,7.0,0.0,0.0,7.0,0.0,0.0,0.0,59.16666666666666,0.0,44.91666666666666,47,2,6,3,9,9,1,2,3.0,2,2,1,73,1193,4733,905569,2,1,1,9,9,1,73,1193,4803
90556902103.0,90556902,905569021,88.61666666666666,46.61666666666666,33.0,30.0,3.0,0.0,0.0,55.61666666666666,11.78333333333333,4.66666666666666,5.66666666666666,1.16666666666666,0.0,0.0,0.16666666666666,0.11666666666666,43.83333333333333,1.83333333333333,0.0,0.0,0.0,0.0,43.5,1.5,0.33333333333333,0.0,0.0,0.0,0.0,0.0,0.0,0.0,0.0,0.0,0.0,77.0,0.0,80.66666666666666,19,1,6,3,9,9,1,2,3.0,2,2,1,73,1193,4842,905569,2,1,3,9,9,1,73,1193,4803
90556903101.0,90556903,905569031,72.8,72.8,42.5,40.0,2.5,0.0,0.0,30.3,24.16666666666666,12.0,7.16666666666666,2.0,0.0,3.0,0.0,0.0,6.13333333333333,6.13333333333333,0.0,0.0,0.0,0.0,0.0,0.0,6.13333333333333,0.0,0.0,0.0,0.0,0.0,0.0,0.0,0.0,0.0,0.0,80.0,0.0,52.0,31,1,10,2,9,9,1,2,5.0,2,2,1,73,1193,4886,905569,3,1,1,9,9,1,73,1193,4803
91408101103.0,91408101,914081011,13.23333333333333,13.23333333333333,0.0,0.0,0.0,0.0,0.0,13.23333333333333,10.56666666666666,5.41666666666666,2.16666666666666,1.33333333333333,0.66666666666666,0.66666666666666,0.0,0.31666666666666,2.66666666666666,2.66666666666666,0.0,0.0,0.0,0.0,0.0,0.0,0.0,2.66666666666666,2.66666666666666,0.0,0.0,0.0,0.0,0.0,0.0,0.0,0.0,54.5,46.5,24.0,15,1,3,3,9,9,1,2,2.0,2,2,4,74,1264,3896,914081,1,1,3,9,9,1,74,1264,3870
91408102101.0,91408102,914081021,30.5,30.5,0.0,0.0,0.0,0.0,4.0,26.5,22.5,6.5,8.66666666666666,1.0,2.0,0.33333333333333,0.0,4.0,4.0,4.0,0.0,0.0,0.0,0.0,0.0,0.0,4.0,0.0,0.0,0.0,0.0,0.0,0.0,0.0,0.0,0.0,0.0,71.0,0.0,20.0,58,1,3,3,9,9,1,2,2.0,2,1,5,74,1264,3886,914081,2,1,1,9,9,1,74,1264,3870
91408102102.0,91408102,914081021,119.5,119.5,73.0,72.0,1.0,0.0,6.0,40.5,26.5,14.0,9.33333333333333,2.5,0.0,0.0,0.0,0.66666666666666,14.0,14.0,0.0,0.0,0.0,0.0,0.0,0.0,14.0,0.0,0.0,0.0,0.0,0.0,0.0,0.0,0.0,0.0,0.0,77.0,0.0,42.16666666666666,55,2,3,3,9,9,1,2,2.0,1,2,1,74,1264,3778,914081,2,1,2,9,9,1,74,1264,3870
91408103101.0,91408103,914081031,20.0,20.0,0.0,0.0,0.0,0.0,0.0,20.0,15.0,6.0,6.66666666666666,1.58333333333333,0.0,0.0,0.0,0.75,5.0,5.0,0.0,0.0,0.0,0.0,0.0,0.0,5.0,0.0,0.0,0.0,0.0,0.0,0.0,0.0,0.0,0.0,0.0,68.0,0.0,15.16666666666666,65,2,2,6,9,9,1,2,2.0,2,2,5,74,1264,3843,914081,3,1,1,9,9,1,74,1264,3870
91408103102.0,91408103,914081031,73.99999999999999,73.99999999999999,63.33333333333333,60.0,3.33333333333333,0.0,0.0,10.66666666666666,9.66666666666666,4.75,3.33333333333333,0.33333333333333,0.0,0.0,0.0,1.25,0.0,0.0,0.0,0.0,0.0,0.0,0.0,0.0,0.0,0.0,0.0,1.0,0.0,0.0,0.0,0.0,1.0,0.0,0.0,56.0,0.0,28.75,46,1,6,3,9,9,1,2,3.0,2,2,1,74,1264,3894,914081,3,1,2,9,9,1,74,1264,3870
91408103103.0,91408103,914081031,67.33333333333333,62.66666666666666,30.66666666666666,28.0,2.66666666666666,0.0,1.5,35.16666666666666,22.83333333333333,11.5,1.5,2.0,0.0,5.0,0.5,2.33333333333333,12.0,7.33333333333333,0.0,0.0,0.0,0.0,0.0,0.0,2.66666666666666,9.33333333333333,4.66666666666666,0.33333333333333,0.33333333333333,0.33333333333333,0.0,0.0,0.0,0.0,0.0,76.5,0.0,62.16666666666666,40,2,6,1,9,9,1,2,3.0,1,2,1,74,1264,3815,914081,3,1,3,9,9,1,74,1264,3870
91408104101.0,91408104,914081041,99.33333333333331,99.33333333333331,60.83333333333333,60.0,0.83333333333333,0.0,0.0,38.5,23.5,2.91666666666666,1.08333333333333,1.5,0.0,17.0,0.0,1.0,14.0,14.0,0.0,0.0,0.0,0.0,0.0,0.0,14.0,0.0,0.0,1.0,0.5,0.5,0.0,0.0,0.5,0.0,0.0,74.5,0.0,18.25,52,2,8,3,9,9,1,2,4.0,2,2,1,74,1264,3839,914081,4,1,1,9,9,1,74,1264,3870
90239804103.0,90239804,902398041,69.66666666666666,69.66666666666666,51.5,47.0,4.5,0.0,0.0,18.16666666666666,14.66666666666666,1.16666666666666,5.33333333333333,3.0,4.0,1.0,0.16666666666666,0.0,3.0,3.0,0.0,0.0,0.0,0.0,0.0,0.0,3.0,0.0,0.0,0.5,0.0,0.0,0.0,0.0,0.5,0.0,0.0,73.0,0.0,21.58333333333333,24,1,8,5,9,9,1,2,4.0,2,2,1,73,1169,2309,902398,4,1,3,9,9,1,73,1169,2272
90239804104.0,90239804,902398041,12.5,12.5,0.0,0.0,0.0,0.0,0.0,12.5,12.5,7.5,3.0,2.0,0.0,0.0,0.0,0.0,0.0,0.0,0.0,0.0,0.0,0.0,0.0,0.0,0.0,0.0,0.0,0.0,0.0,0.0,0.0,0.0,0.0,0.0,0.0,77.0,0.0,61.5,88,2,3,3,9,9,1,2,2.0,2,1,5,73,1169,2491,902398,4,1,4,9,9,1,73,1169,2272
90239805101.0,90239805,902398051,17.76666666666666,17.76666666666666,0.0,0.0,0.0,0.0,0.0,17.76666666666666,14.76666666666666,0.0,5.83333333333333,0.0,1.33333333333333,2.5,1.33333333333333,3.76666666666666,0.0,0.0,0.0,0.0,0.0,0.0,0.0,0.0,0.0,0.0,0.0,3.0,3.0,0.0,0.0,3.0,0.0,0.0,0.0,89.83333333333333,0.0,52.66666666666666,71,1,8,4,9,9,1,2,4.0,2,2,3,73,1169,2248,902398,5,1,1,9,9,1,73,1169,2272
90253501101.0,90253501,902535011,74.25,74.25,56.16666666666666,48.0,8.16666666666666,0.0,0.0,18.08333333333333,9.66666666666666,1.16666666666666,7.5,1.0,0.0,0.0,0.0,0.0,1.41666666666666,1.41666666666666,0.0,0.0,0.0,0.0,0.0,0.0,1.41666666666666,0.0,0.0,7.0,7.0,7.0,0.0,0.0,0.0,0.0,0.0,36.16666666666666,0.0,2.33333333333333,54,1,3,3,9,9,1,2,2.0,2,2,1,74,1170,4026,902535,1,1,1,9,9,1,74,1170,4020
90253501102.0,90253501,902535011,81.0,81.0,62.16666666666666,54.0,8.16666666666666,0.0,0.0,18.83333333333333,16.83333333333333,9.5,6.5,0.83333333333333,0.0,0.0,0.0,0.0,2.0,2.0,0.0,0.0,0.0,0.0,0.0,0.0,2.0,0.0,0.0,0.0,0.0,0.0,0.0,0.0,0.0,0.0,0.0,66.66666666666666,0.0,12.5,56,2,3,2,9,9,1,2,2.0,2,2,1,74,1170,3924,902535,1,1,2,9,9,1,74,1170,4020
90253501103.0,90253501,902535011,80.5,80.5,69.0,57.0,12.0,0.0,0.0,11.5,11.5,3.0,5.0,3.5,0.0,0.0,0.0,0.0,0.0,0.0,0.0,0.0,0.0,0.0,0.0,0.0,0.0,0.0,0.0,0.0,0.0,0.0,0.0,0.0,0.0,0.0,0.0,68.41666666666666,0.0,23.5,31,1,6,3,9,9,1,2,3.0,2,2,1,74,1170,4084,902535,1,1,3,9,9,1,74,1170,4020
90253501104.0,90253501,902535011,10.75,10.75,0.0,0.0,0.0,0.0,0.0,10.75,10.75,1.75,7.0,2.0,0.0,0.0,0.0,0.0,0.0,0.0,0.0,0.0,0.0,0.0,0.0,0.0,0.0,0.0,0.0,0.0,0.0,0.0,0.0,0.0,0.0,0.0,0.0,75.16666666666666,0.0,34.33333333333333,28,1,6,3,9,9,1,2,3.0,2,2,1,74,1170,4057,902535,1,1,4,9,9,1,74,1170,4020
91364301101.0,91364301,913643011,74.15,57.15,3.5,3.0,0.5,0.0,0.66666666666666,69.98333333333333,44.65,21.0,15.53333333333333,5.0,0.0,3.0,0.0,0.11666666666666,25.33333333333333,8.33333333333333,0.0,0.0,21.33333333333333,7.33333333333333,4.0,1.0,0.0,0.0,0.0,0.0,0.0,0.0,0.0,0.0,0.0,0.0,0.0,52.0,0.0,14.73333333333333,56,2,3,3,9,9,1,2,2.0,2,2,1,76,1262,4205,913643,1,1,1,9,9,1,76,1262,4282
91364301102.0,91364301,913643011,101.23333333333332,88.23333333333333,74.0,56.0,18.0,0.0,0.0,27.23333333333333,4.23333333333333,0.0,3.0,0.0,0.0,0.0,0.0,1.23333333333333,23.0,10.0,0.0,0.0,21.0,8.0,2.0,2.0,0.0,0.0,0.0,0.0,0.0,0.0,0.0,0.0,0.0,0.0,0.0,42.0,0.0,0.5,33,2,2,2,9,9,1,2,2.0,2,2,1,76,1262,4252,913643,1,1,2,9,9,1,76,1262,4282
91364301103.0,91364301,913643011,6.11666666666666,6.11666666666666,0.0,0.0,0.0,0.0,0.58333333333333,5.53333333333333,5.03333333333333,0.33333333333333,3.5,1.0,0.0,0.0,0.0,0.2,0.5,0.5,0.0,0.0,0.5,0.5,0.0,0.0,0.0,0.0,0.0,0.0,0.0,0.0,0.0,0.0,0.0,0.0,0.0,80.5,0.0,31.0,16,1,3,1,9,9,1,2,2.0,2,2,5,76,1262,4337,913643,1,1,3,9,9,1,76,1262,4282
91364301104.0,91364301,913643011,67.75,67.75,62.0,44.0,18.0,0.0,1.5,4.25,3.75,1.25,1.5,1.0,0.0,0.0,0.0,0.0,0.5,0.5,0.0,0.0,0.5,0.5,0.0,0.0,0.0,0.0,0.0,0.0,0.0,0.0,0.0,0.0,0.0,0.0,0.0,69.75,0.0,7.5,15,1,2,6,9,9,1,2,2.0,9,2,1,76,1262,4337,913643,1,1,4,9,9,1,76,1262,4282
91364302101.0,91364302,913643021,161.61666666666665,126.61666666666666,3.0,1.0,2.0,0.0,0.0,158.61666666666665,112.95,17.5,49.0,42.0,0.0,4.0,0.33333333333333,0.11666666666666,45.66666666666666,10.66666666666666,0.0,0.0,45.66666666666666,10.66666666666666,0.0,0.0,0.0,0.0,0.0,0.0,0.0,0.0,0.0,0.0,0.0,0.0,0.0,42.5,0.0,7.0,64,2,3,3,9,9,1,2,2.0,2,1,1,76,1262,4241,913643,2,1,1,9,9,1,76,1262,4282
91364302102.0,91364302,913643021,51.0,30.0,6.5,6.0,0.5,0.0,0.0,44.5,0.25,0.0,0.0,0.0,0.0,0.0,0.0,0.25,44.25,23.25,0.0,0.0,21.25,9.25,0.0,0.0,7.0,16.0,7.0,0.0,0.0,0.0,0.0,0.0,0.0,0.0,0.0,87.5,0.0,14.0,59,1,2,2,9,9,1,2,2.0,2,1,1,76,1262,4325,913643,2,1,2,9,9,1,76,1262,4282
91364302103.0,91364302,913643021,126.4,126.4,120.0,100.0,20.0,0.0,0.0,6.4,0.36666666666666,0.0,0.0,0.25,0.0,0.0,0.0,0.11666666666666,6.03333333333333,6.03333333333333,0.0,0.0,3.03333333333333,3.03333333333333,0.0,0.0,3.0,0.0,0.0,0.0,0.0,0.0,0.0,0.0,0.0,0.0,0.0,42.0,0.0,4.5,21,1,6,3,9,9,1,2,3.0,2,2,1,76,1262,4371,913643,2,1,3,9,9,1,76,1262,4282
90556903102.0,90556903,905569031,65.41666666666666,65.41666666666666,42.5,40.0,2.5,0.0,0.0,22.91666666666666,16.91666666666666,3.5,9.0,1.0,0.0,3.0,0.0,0.41666666666666,6.0,6.0,0.0,0.0,0.0,0.0,0.0,0.0,6.0,0.0,0.0,0.0,0.0,0.0,0.0,0.0,0.0,0.0,0.0,71.0,4.0,27.25,30,1,10,2,9,9,1,2,5.0,2,2,1,73,1193,4886,905569,3,1,2,9,9,1,73,1193,4803
90556904101.0,90556904,905569041,14.33333333333333,14.33333333333333,0.0,0.0,0.0,0.0,0.0,14.33333333333333,14.33333333333333,6.0,6.83333333333333,1.5,0.0,0.0,0.0,0.0,0.0,0.0,0.0,0.0,0.0,0.0,0.0,0.0,0.0,0.0,0.0,0.0,0.0,0.0,0.0,0.0,0.0,0.0,0.0,77.0,0.0,15.0,66,2,2,5,9,9,1,2,2.0,1,2,1,73,1193,4776,905569,4,1,1,9,9,1,73,1193,4803
90556905101.0,90556905,905569051,79.66666666666666,79.66666666666666,63.0,60.0,3.0,0.0,0.0,16.66666666666666,16.66666666666666,3.83333333333333,6.49999999999999,3.0,0.0,2.5,0.25,0.58333333333333,0.0,0.0,0.0,0.0,0.0,0.0,0.0,0.0,0.0,0.0,0.0,0.0,0.0,0.0,0.0,0.0,0.0,0.0,0.0,61.0,0.0,35.5,34,2,3,3,9,9,1,2,2.0,2,2,1,73,1193,4748,905569,5,1,1,9,9,1,73,1193,4803
90179702102.0,90179702,901797021,86.0,86.0,49.0,45.0,4.0,0.0,0.0,37.0,25.33333333333333,6.66666666666666,13.75,0.0,0.91666666666666,0.75,0.5,2.75,7.66666666666666,7.66666666666666,0.0,0.0,0.0,0.0,0.0,0.0,6.66666666666666,1.0,1.0,4.0,0.0,0.0,0.0,0.0,4.0,0.0,0.0,69.75,0.0,26.0,33,1,8,5,9,9,1,2,4.0,2,2,1,74,1163,3323,901797,2,1,2,9,9,1,74,1163,3271
90179702103.0,90179702,901797021,83.66666666666666,83.66666666666666,71.0,53.0,18.0,0.0,0.0,12.66666666666666,11.33333333333333,3.0,2.83333333333333,1.0,0.0,2.33333333333333,0.5,1.66666666666666,1.33333333333333,1.33333333333333,0.0,0.0,0.0,0.0,0.0,0.0,1.33333333333333,0.0,0.0,0.0,0.0,0.0,0.0,0.0,0.0,0.0,0.0,64.0,0.0,29.0,29,2,8,4,9,9,1,2,4.0,2,2,1,74,1163,3246,901797,2,1,3,9,9,1,74,1163,3271
90179703101.0,90179703,901797031,51.68333333333333,51.68333333333333,36.0,32.0,4.0,0.0,0.0,15.68333333333333,15.68333333333333,5.0,4.5,2.83333333333333,0.5,1.5,1.0,0.35,0.0,0.0,0.0,0.0,0.0,0.0,0.0,0.0,0.0,0.0,0.0,0.0,0.0,0.0,0.0,0.0,0.0,0.0,0.0,68.5,0.0,16.16666666666666,47,1,3,2,9,9,1,2,2.0,2,2,1,74,1163,3291,901797,3,1,1,9,9,1,74,1163,3271
90179703102.0,90179703,901797031,34.84999999999999,34.84999999999999,10.33333333333333,10.0,0.33333333333333,0.0,0.0,24.51666666666666,19.68333333333333,8.0,7.16666666666666,1.33333333333333,0.5,1.0,0.33333333333333,1.35,2.33333333333333,2.33333333333333,0.0,0.0,0.0,0.0,0.0,0.0,2.33333333333333,0.0,0.0,2.5,2.5,0.0,0.0,2.5,0.0,0.0,0.0,74.5,35.0,41.16666666666666,27,1,8,4,9,9,1,2,4.0,2,2,1,74,1163,3301,901797,3,1,2,9,9,1,74,1163,3271
91408104102.0,91408104,914081041,104.25,104.25,54.33333333333333,50.0,4.33333333333333,0.0,0.0,49.91666666666666,32.58333333333333,10.5,7.75,1.08333333333333,1.5,10.83333333333333,0.33333333333333,0.58333333333333,15.33333333333333,15.33333333333333,0.0,0.0,0.0,0.0,0.0,0.0,15.33333333333333,0.0,0.0,2.0,2.0,2.0,0.0,0.0,0.0,0.0,0.0,54.5,0.0,48.66666666666666,22,1,6,3,9,9,1,2,3.0,2,2,1,74,1264,3927,914081,4,1,2,9,9,1,74,1264,3870
91408105101.0,91408105,914081051,142.0,96.0,55.33333333333333,48.0,7.33333333333333,0.0,0.0,86.66666666666666,16.66666666666666,4.16666666666666,11.58333333333333,0.33333333333333,0.0,0.0,0.0,0.58333333333333,70.0,24.0,0.0,0.0,0.0,0.0,70.0,24.0,0.0,0.0,0.0,0.0,0.0,0.0,0.0,0.0,0.0,0.0,0.0,90.0,0.0,25.0,31,2,8,5,9,9,1,2,4.0,2,1,1,74,1264,3820,914081,5,1,1,9,9,1,74,1264,3870
91408105102.0,91408105,914081051,129.08333333333331,117.08333333333331,96.0,60.0,36.0,0.0,0.0,33.08333333333333,12.58333333333333,2.58333333333333,2.16666666666666,2.58333333333333,0.0,3.0,1.16666666666666,1.08333333333333,20.5,8.5,0.0,0.0,0.0,0.0,14.0,2.0,6.5,0.0,0.0,0.0,0.0,0.0,0.0,0.0,0.0,0.0,0.0,61.41666666666666,0.0,15.08333333333333,33,1,8,5,9,9,1,2,4.0,2,2,1,74,1264,3932,914081,5,1,2,9,9,1,74,1264,3870
91416201101.0,91416201,914162011,19.56666666666666,19.56666666666666,0.0,0.0,0.0,0.0,0.0,19.56666666666666,19.56666666666666,10.5,4.16666666666666,2.0,0.0,2.33333333333333,0.33333333333333,0.23333333333333,0.0,0.0,0.0,0.0,0.0,0.0,0.0,0.0,0.0,0.0,0.0,0.0,0.0,0.0,0.0,0.0,0.0,0.0,0.0,77.0,0.0,41.66666666666666,81,2,2,3,9,9,1,2,2.0,2,2,3,74,1265,4601,914162,1,1,1,9,9,1,74,1265,4485
91416202101.0,91416202,914162021,108.08333333333331,105.16666666666666,78.0,64.0,14.0,0.0,0.0,30.08333333333333,17.83333333333333,3.66666666666666,7.66666666666666,0.0,2.25,2.5,0.41666666666666,1.33333333333333,11.25,8.33333333333333,0.0,0.0,0.0,0.0,8.25,5.33333333333333,3.0,0.0,0.0,1.0,1.0,1.0,0.0,0.0,0.0,0.0,0.0,51.16666666666666,0.0,12.58333333333333,42,1,11,4,9,9,1,2,5.0,1,2,1,74,1265,4570,914162,2,1,1,9,9,1,74,1265,4485
91416202102.0,91416202,914162021,86.41666666666666,44.41666666666666,0.0,0.0,0.0,0.0,0.0,86.41666666666666,31.0,9.0,10.58333333333333,9.5,0.0,1.0,0.0,0.91666666666666,55.41666666666666,13.41666666666666,0.0,0.0,0.0,0.0,55.41666666666666,13.41666666666666,0.0,0.0,0.0,0.0,0.0,0.0,0.0,0.0,0.0,0.0,0.0,81.66666666666666,0.0,34.5,35,2,7,3,9,9,1,2,4.0,2,2,5,74,1265,4422,914162,2,1,2,9,9,1,74,1265,4485
91416203101.0,91416203,914162031,42.33333333333333,42.33333333333333,0.0,0.0,0.0,0.0,0.0,42.33333333333333,32.33333333333333,15.0,11.0,3.0,0.0,3.0,0.0,0.33333333333333,0.0,0.0,0.0,0.0,0.0,0.0,0.0,0.0,0.0,0.0,0.0,10.0,0.0,0.0,0.0,0.0,10.0,0.0,0.0,66.83333333333333,0.0,21.0,63,2,3,3,9,9,1,2,2.0,1,2,5,74,1265,4416,914162,3,1,1,9,9,1,74,1265,4485
90253501105.0,90253501,902535011,79.5,79.5,59.0,53.0,6.0,0.0,0.0,20.5,20.5,10.5,0.0,3.0,7.0,0.0,0.0,0.0,0.0,0.0,0.0,0.0,0.0,0.0,0.0,0.0,0.0,0.0,0.0,0.0,0.0,0.0,0.0,0.0,0.0,0.0,0.0,68.5,0.0,36.0,20,2,6,3,9,9,1,2,3.0,2,2,1,74,1170,4037,902535,1,1,5,9,9,1,74,1170,4020
90253501106.0,90253501,902535011,24.25,24.25,0.0,0.0,0.0,0.0,0.0,24.25,22.25,8.75,10.5,3.0,0.0,0.0,0.0,0.0,2.0,2.0,0.0,0.0,0.0,0.0,0.0,0.0,2.0,0.0,0.0,0.0,0.0,0.0,0.0,0.0,0.0,0.0,0.0,66.5,42.5,38.0,18,2,6,2,9,9,1,2,3.0,2,2,4,74,1170,4033,902535,1,1,6,9,9,1,74,1170,4020
90253502101.0,90253502,902535021,64.5,24.5,6.0,3.0,3.0,0.0,0.0,58.5,11.5,4.0,6.0,0.0,1.5,0.0,0.0,0.0,47.0,7.0,47.0,7.0,0.0,0.0,0.0,0.0,0.0,0.0,0.0,0.0,0.0,0.0,0.0,0.0,0.0,0.0,0.0,87.33333333333333,0.0,17.33333333333333,62,1,2,6,9,9,1,2,2.0,2,2,1,74,1170,3997,902535,2,1,1,9,9,1,74,1170,4020
90253502102.0,90253502,902535021,70.58333333333333,70.58333333333333,10.16666666666666,10.0,0.16666666666666,0.0,0.0,60.41666666666666,49.25,23.5,21.66666666666666,3.5,0.0,0.0,0.0,0.58333333333333,1.16666666666666,1.16666666666666,0.0,0.0,0.0,0.0,0.0,0.0,1.0,0.16666666666666,0.16666666666666,10.0,10.0,0.0,0.0,10.0,0.0,0.0,0.0,69.66666666666666,0.0,46.0,59,2,2,5,9,9,1,2,2.0,2,1,1,74,1170,3924,902535,2,1,2,9,9,1,74,1170,4020
90253502103.0,90253502,902535021,94.41666666666666,94.41666666666666,88.0,70.0,18.0,0.0,0.0,6.41666666666666,3.91666666666666,1.75,0.0,0.0,2.0,0.0,0.16666666666666,0.0,1.5,1.5,0.0,0.0,0.0,0.0,0.0,0.0,0.0,1.5,1.5,1.0,1.0,0.0,0.0,1.0,0.0,0.0,0.0,73.0,0.0,59.25,30,1,10,1,9,9,1,2,5.0,2,2,1,74,1170,4084,902535,2,1,3,9,9,1,74,1170,4020
90253503101.0,90253503,902535031,132.75,132.75,105.25,105.0,0.25,0.0,0.0,27.5,27.5,5.5,15.5,4.66666666666666,0.0,1.5,0.0,0.33333333333333,0.0,0.0,0.0,0.0,0.0,0.0,0.0,0.0,0.0,0.0,0.0,0.0,0.0,0.0,0.0,0.0,0.0,0.0,0.0,60.0,0.0,5.25,40,1,8,2,9,9,1,2,4.0,2,2,1,74,1170,4095,902535,3,1,1,9,9,1,74,1170,4020
90258001101.0,90258001,902580011,105.08333333333331,101.58333333333331,46.0,34.0,12.0,0.0,0.0,59.08333333333333,35.91666666666666,17.5,13.41666666666666,0.0,0.0,2.0,1.5,1.5,21.16666666666666,17.66666666666666,0.0,0.0,0.0,0.0,12.33333333333333,8.83333333333333,8.83333333333333,0.0,0.0,2.0,2.0,0.0,0.0,2.0,0.0,0.0,0.0,67.0,0.0,17.5,53,1,3,3,9,9,1,2,2.0,2,2,1,73,1171,3888,902580,1,1,1,9,9,1,73,1171,3876
91364303101.0,91364303,913643031,82.83333333333333,61.83333333333333,0.0,0.0,0.0,0.0,0.0,82.83333333333333,43.16666666666666,14.0,12.16666666666666,5.0,0.0,9.0,0.0,3.0,39.66666666666666,18.66666666666666,39.66666666666666,18.66666666666666,0.0,0.0,0.0,0.0,0.0,0.0,0.0,0.0,0.0,0.0,0.0,0.0,0.0,0.0,0.0,72.5,0.0,9.0,67,2,2,6,9,9,1,2,2.0,2,2,5,76,1262,4277,913643,3,1,1,9,9,1,76,1262,4282
91364303102.0,91364303,913643031,46.99999999999999,42.99999999999999,10.0,6.0,4.0,0.0,0.0,36.99999999999999,25.16666666666666,4.5,9.33333333333333,2.33333333333333,0.0,9.0,0.0,0.0,11.83333333333333,7.83333333333333,11.83333333333333,7.83333333333333,0.0,0.0,0.0,0.0,0.0,0.0,0.0,0.0,0.0,0.0,0.0,0.0,0.0,0.0,0.0,66.0,0.0,2.33333333333333,45,2,3,3,9,9,1,2,2.0,2,2,1,76,1262,4239,913643,3,1,2,9,9,1,76,1262,4282
91364303103.0,91364303,913643031,95.13333333333333,95.13333333333333,94.13333333333333,80.13333333333333,14.0,0.0,0.0,1.0,1.0,0.0,0.0,0.0,0.0,0.0,1.0,0.0,0.0,0.0,0.0,0.0,0.0,0.0,0.0,0.0,0.0,0.0,0.0,0.0,0.0,0.0,0.0,0.0,0.0,0.0,0.0,47.5,0.0,3.0,46,1,3,3,9,9,1,2,2.0,1,2,1,76,1262,4335,913643,3,1,3,9,9,1,76,1262,4282
91364303104.0,91364303,913643031,17.41666666666666,17.41666666666666,0.0,0.0,0.0,0.0,0.0,17.41666666666666,16.91666666666666,7.16666666666666,7.5,2.16666666666666,0.0,0.0,0.0,0.08333333333333,0.5,0.5,0.0,0.0,0.0,0.0,0.0,0.0,0.5,0.0,0.0,0.0,0.0,0.0,0.0,0.0,0.0,0.0,0.0,63.5,47.5,41.33333333333333,14,1,3,2,9,9,1,2,2.0,2,2,4,76,1262,4325,913643,3,1,4,9,9,1,76,1262,4282
91364304101.0,91364304,913643041,24.66666666666666,24.66666666666666,0.0,0.0,0.0,0.0,0.0,24.66666666666666,24.66666666666666,13.5,7.83333333333333,3.33333333333333,0.0,0.0,0.0,0.0,0.0,0.0,0.0,0.0,0.0,0.0,0.0,0.0,0.0,0.0,0.0,0.0,0.0,0.0,0.0,0.0,0.0,0.0,0.0,50.5,0.0,26.83333333333333,69,2,2,4,9,9,1,2,2.0,2,2,5,76,1262,4277,913643,4,1,1,9,9,1,76,1262,4282
91364304102.0,91364304,913643041,118.66666666666666,93.66666666666666,74.0,50.0,24.0,0.0,0.0,44.66666666666666,12.16666666666666,4.33333333333333,3.0,4.5,0.0,0.0,0.33333333333333,0.0,32.5,7.5,0.0,0.0,0.0,0.0,26.5,7.5,0.0,6.0,0.0,0.0,0.0,0.0,0.0,0.0,0.0,0.0,0.0,45.5,0.0,7.0,35,2,3,3,9,9,1,2,2.0,2,2,1,76,1262,4247,913643,4,1,2,9,9,1,76,1262,4282
91364304103.0,91364304,913643041,3.58333333333333,3.58333333333333,0.0,0.0,0.0,0.0,0.0,3.58333333333333,3.58333333333333,0.0,3.25,0.33333333333333,0.0,0.0,0.0,0.0,0.0,0.0,0.0,0.0,0.0,0.0,0.0,0.0,0.0,0.0,0.0,0.0,0.0,0.0,0.0,0.0,0.0,0.0,0.0,70.0,39.66666666666666,14.0,13,2,3,1,9,9,1,2,2.0,2,2,4,76,1262,4298,913643,4,1,3,9,9,1,76,1262,4282
90179703103.0,90179703,901797031,79.25,79.25,75.5,72.0,3.5,0.0,0.0,3.75,3.75,0.33333333333333,0.66666666666666,2.5,0.0,0.0,0.0,0.25,0.0,0.0,0.0,0.0,0.0,0.0,0.0,0.0,0.0,0.0,0.0,0.0,0.0,0.0,0.0,0.0,0.0,0.0,0.0,62.0,0.0,11.0,24,1,6,1,9,9,1,2,3.0,2,2,1,74,1163,3319,901797,3,1,3,9,9,1,74,1163,3271
90179703104.0,90179703,901797031,91.16666666666666,91.16666666666666,87.5,84.0,3.5,0.0,0.0,3.66666666666666,3.66666666666666,0.5,0.83333333333333,0.66666666666666,0.0,1.5,0.0,0.16666666666666,0.0,0.0,0.0,0.0,0.0,0.0,0.0,0.0,0.0,0.0,0.0,0.0,0.0,0.0,0.0,0.0,0.0,0.0,0.0,52.5,0.0,12.16666666666666,17,1,3,3,9,9,1,2,2.0,2,2,1,74,1163,3293,901797,3,1,4,9,9,1,74,1163,3271
90179704101.0,90179704,901797041,153.33333333333331,151.33333333333331,96.0,90.0,6.0,0.0,0.0,57.33333333333333,34.33333333333333,11.0,9.75,4.25,4.0,3.0,1.5,0.83333333333333,10.0,8.0,0.0,0.0,0.0,0.0,0.0,0.0,0.0,10.0,8.0,13.0,0.0,0.0,0.0,0.0,13.0,0.0,0.0,53.5,0.0,14.0,60,1,8,5,9,9,1,2,4.0,2,2,1,74,1163,3252,901797,4,1,1,9,9,1,74,1163,3271
90179704102.0,90179704,901797041,46.08333333333333,46.08333333333333,9.0,8.0,1.0,0.0,0.0,37.08333333333333,18.08333333333333,12.5,0.0,0.0,0.0,4.0,1.0,0.58333333333333,0.0,0.0,0.0,0.0,0.0,0.0,0.0,0.0,0.0,0.0,0.0,19.0,13.0,5.0,3.0,5.0,6.0,0.0,0.0,83.33333333333333,0.0,50.5,60,1,10,2,9,9,1,2,5.0,2,2,1,74,1163,3252,901797,4,1,2,9,9,1,74,1163,3271
90179705101.0,90179705,901797051,18.01666666666666,18.01666666666666,10.0,5.0,5.0,0.0,0.0,8.01666666666666,8.01666666666666,2.33333333333333,3.08333333333333,0.75,0.0,0.5,1.0,0.35,0.0,0.0,0.0,0.0,0.0,0.0,0.0,0.0,0.0,0.0,0.0,0.0,0.0,0.0,0.0,0.0,0.0,0.0,0.0,75.0,10.5,24.5,21,2,6,3,9,9,1,2,3.0,2,2,1,74,1163,3284,901797,5,1,1,9,9,1,74,1163,3271
90198701101.0,90198701,901987011,74.88333333333333,74.88333333333333,65.0,50.0,15.0,0.0,0.0,9.88333333333333,9.88333333333333,3.0,3.33333333333333,1.08333333333333,0.0,0.83333333333333,0.91666666666666,0.71666666666666,0.0,0.0,0.0,0.0,0.0,0.0,0.0,0.0,0.0,0.0,0.0,0.0,0.0,0.0,0.0,0.0,0.0,0.0,0.0,73.0,0.0,18.33333333333333,52,1,8,4,9,9,1,2,4.0,2,2,1,74,1164,3037,901987,1,1,1,9,9,1,74,1164,3032
90198702101.0,90198702,901987021,60.08333333333333,60.08333333333333,48.41666666666666,48.0,0.41666666666666,0.0,0.0,11.66666666666666,11.5,4.0,3.33333333333333,0.75,0.0,3.0,0.0,0.41666666666666,0.16666666666666,0.16666666666666,0.0,0.0,0.0,0.0,0.0,0.0,0.16666666666666,0.0,0.0,0.0,0.0,0.0,0.0,0.0,0.0,0.0,0.0,66.5,0.0,36.33333333333333,54,1,6,3,9,9,1,2,3.0,2,2,1,74,1164,3037,901987,2,1,1,9,9,1,74,1164,3032
90594103103.0,90594103,905941031,21.43333333333333,21.43333333333333,0.0,0.0,0.0,0.0,0.0,21.43333333333333,21.43333333333333,15.16666666666666,3.58333333333333,0.33333333333333,0.0,2.0,0.0,0.35,0.0,0.0,0.0,0.0,0.0,0.0,0.0,0.0,0.0,0.0,0.0,0.0,0.0,0.0,0.0,0.0,0.0,0.0,0.0,55.5,0.0,25.0,74,2,2,6,9,9,1,2,2.0,2,2,5,74,1196,3134,905941,3,1,3,9,9,1,74,1196,3133
90594103104.0,90594103,905941031,37.83333333333333,37.83333333333333,0.0,0.0,0.0,0.0,0.66666666666666,37.16666666666666,32.66666666666666,17.5,11.66666666666666,2.0,0.0,1.5,0.0,0.0,4.5,4.5,0.0,0.0,0.0,0.0,4.5,4.5,0.0,0.0,0.0,0.0,0.0,0.0,0.0,0.0,0.0,0.0,0.0,53.66666666666666,0.0,24.5,53,2,8,5,9,9,1,2,4.0,2,2,5,74,1196,3108,905941,3,1,4,9,9,1,74,1196,3133
90594103105.0,90594103,905941031,70.13333333333333,70.13333333333333,57.0,48.0,9.0,0.0,0.0,13.13333333333333,12.13333333333333,2.83333333333333,5.75,2.16666666666666,0.0,0.5,0.66666666666666,0.21666666666666,1.0,1.0,0.0,0.0,0.0,0.0,0.66666666666666,0.66666666666666,0.33333333333333,0.0,0.0,0.0,0.0,0.0,0.0,0.0,0.0,0.0,0.0,60.0,0.0,44.33333333333333,33,1,6,3,9,9,1,2,3.0,2,2,1,74,1196,3183,905941,3,1,5,9,9,1,74,1196,3133
90594103106.0,90594103,905941031,7.08333333333333,7.08333333333333,0.0,0.0,0.0,0.0,0.0,7.08333333333333,7.08333333333333,2.5,2.16666666666666,1.5,0.0,0.91666666666666,0.0,0.0,0.0,0.0,0.0,0.0,0.0,0.0,0.0,0.0,0.0,0.0,0.0,0.0,0.0,0.0,0.0,0.0,0.0,0.0,0.0,60.0,0.0,48.0,19,1,6,3,9,9,1,2,3.0,2,2,5,74,1196,3154,905941,3,1,6,9,9,1,74,1196,3133
90594103107.0,90594103,905941031,6.5,6.5,0.0,0.0,0.0,0.0,0.0,6.5,6.5,5.0,1.0,0.5,0.0,0.0,0.0,0.0,0.0,0.0,0.0,0.0,0.0,0.0,0.0,0.0,0.0,0.0,0.0,0.0,0.0,0.0,0.0,0.0,0.0,0.0,0.0,69.0,39.0,38.0,14,2,3,2,9,9,1,2,2.0,2,2,4,74,1196,3126,905941,3,1,7,9,9,1,74,1196,3133
90594104101.0,90594104,905941041,50.58333333333333,50.58333333333333,0.0,0.0,0.0,0.0,5.0,45.58333333333333,45.58333333333333,21.0,19.75,1.33333333333333,0.0,1.5,2.0,0.0,0.0,0.0,0.0,0.0,0.0,0.0,0.0,0.0,0.0,0.0,0.0,0.0,0.0,0.0,0.0,0.0,0.0,0.0,0.0,70.0,0.0,33.5,66,2,8,4,9,9,1,2,4.0,2,2,5,74,1196,3111,905941,4,1,1,9,9,1,74,1196,3133
90594104102.0,90594104,905941041,57.66666666666666,57.66666666666666,45.0,40.0,5.0,0.0,0.0,12.66666666666666,9.66666666666666,7.33333333333333,1.08333333333333,1.25,0.0,0.0,0.0,0.0,3.0,3.0,0.0,0.0,0.0,0.0,0.0,0.0,0.0,3.0,3.0,0.0,0.0,0.0,0.0,0.0,0.0,0.0,0.0,59.5,0.0,16.0,36,2,10,2,9,9,1,2,5.0,2,2,1,74,1196,3089,905941,4,1,2,9,9,1,74,1196,3133
90258001102.0,90258001,902580011,73.66666666666666,73.66666666666666,45.33333333333333,40.0,5.33333333333333,0.0,0.0,28.33333333333333,20.66666666666666,0.0,12.16666666666666,4.5,0.0,2.0,1.33333333333333,0.66666666666666,7.66666666666666,7.66666666666666,0.0,0.0,0.0,0.0,7.66666666666666,7.66666666666666,0.0,0.0,0.0,0.0,0.0,0.0,0.0,0.0,0.0,0.0,0.0,60.16666666666666,0.0,8.83333333333333,48,2,8,4,9,9,1,2,4.0,2,2,1,73,1171,3820,902580,1,1,2,9,9,1,73,1171,3876
90258001103.0,90258001,902580011,29.41666666666666,28.41666666666666,0.0,0.0,0.0,0.0,0.0,29.41666666666666,24.41666666666666,5.08333333333333,15.5,1.24999999999999,1.0,0.0,0.0,1.58333333333333,5.0,4.0,0.0,0.0,0.0,0.0,3.0,2.0,2.0,0.0,0.0,0.0,0.0,0.0,0.0,0.0,0.0,0.0,0.0,58.0,52.0,61.0,14,1,3,2,9,9,1,2,2.0,2,2,4,73,1171,3898,902580,1,1,3,9,9,1,73,1171,3876
90258001104.0,90258001,902580011,13.0,13.0,0.0,0.0,0.0,0.0,0.0,13.0,13.0,3.16666666666666,7.16666666666666,2.25,0.0,0.0,0.0,0.41666666666666,0.0,0.0,0.0,0.0,0.0,0.0,0.0,0.0,0.0,0.0,0.0,0.0,0.0,0.0,0.0,0.0,0.0,0.0,0.0,72.5,50.25,17.91666666666666,12,1,2,6,9,9,1,2,2.0,2,1,4,73,1171,3898,902580,1,1,4,9,9,1,73,1171,3876
90258002101.0,90258002,902580021,24.24999999999999,24.24999999999999,0.0,0.0,0.0,0.0,0.0,24.24999999999999,10.24999999999999,3.08333333333333,5.25,1.33333333333333,0.0,0.0,0.0,0.58333333333333,14.0,14.0,0.0,0.0,0.0,0.0,0.0,0.0,14.0,0.0,0.0,0.0,0.0,0.0,0.0,0.0,0.0,0.0,0.0,64.0,74.0,61.0,18,2,6,3,9,9,1,2,3.0,2,2,4,73,1171,3894,902580,2,1,1,9,9,1,73,1171,3876
90258002102.0,90258002,902580021,97.96666666666665,97.96666666666665,60.0,50.0,10.0,0.0,0.0,37.96666666666666,20.55,5.5,7.08333333333333,1.46666666666666,0.0,2.0,4.5,0.0,0.41666666666666,0.41666666666666,0.0,0.0,0.0,0.0,0.0,0.0,0.41666666666666,0.0,0.0,17.0,15.0,0.0,0.0,15.0,2.0,0.0,0.0,56.0,0.0,14.0,49,2,8,3,9,9,1,2,4.0,2,2,1,73,1171,3820,902580,2,1,2,9,9,1,73,1171,3876
90258003101.0,90258003,902580031,54.5,54.5,0.0,0.0,0.0,0.0,0.0,54.5,44.5,24.0,10.0,8.5,0.0,2.0,0.0,0.0,0.0,0.0,0.0,0.0,0.0,0.0,0.0,0.0,0.0,0.0,0.0,10.0,10.0,2.0,0.0,8.0,0.0,0.0,0.0,98.0,0.0,20.0,98,2,6,3,9,9,1,2,3.0,2,2,1,73,1171,4409,902580,3,1,1,9,9,1,73,1171,3876
91191102102.0,91191102,911911021,41.4,41.4,26.25,25.0,1.25,0.0,0.0,15.15,15.15,7.58333333333333,6.83333333333333,0.5,0.0,0.0,0.0,0.23333333333333,0.0,0.0,0.0,0.0,0.0,0.0,0.0,0.0,0.0,0.0,0.0,0.0,0.0,0.0,0.0,0.0,0.0,0.0,0.0,106.5,0.0,0.0,48,2,8,4,9,9,1,2,4.0,2,2,1,73,1247,3978,911911,2,1,2,9,9,1,73,1247,4036
91364304104.0,91364304,913643041,38.49999999999999,38.49999999999999,0.0,0.0,0.0,0.0,0.0,38.49999999999999,17.91666666666666,3.0,13.58333333333333,0.0,0.0,0.0,0.0,1.33333333333333,20.58333333333333,20.58333333333333,0.0,0.0,0.0,0.0,19.41666666666666,19.41666666666666,0.0,1.16666666666666,1.16666666666666,0.0,0.0,0.0,0.0,0.0,0.0,0.0,0.0,64.5,48.83333333333333,7.0,12,2,2,6,9,9,1,2,2.0,2,2,4,76,1262,4298,913643,4,1,4,9,9,1,76,1262,4282
91364305101.0,91364305,913643051,95.75,89.75,40.0,36.0,4.0,0.0,0.0,55.75,39.75,28.66666666666666,10.66666666666666,0.0,0.0,0.0,0.0,0.41666666666666,16.0,10.0,15.0,9.0,0.0,0.0,0.0,0.0,1.0,0.0,0.0,0.0,0.0,0.0,0.0,0.0,0.0,0.0,0.0,66.5,0.0,43.0,63,1,6,2,9,9,1,2,3.0,2,1,1,76,1262,4283,913643,5,1,1,9,9,1,76,1262,4282
91364305102.0,91364305,913643051,67.98333333333333,30.98333333333333,0.0,0.0,0.0,0.0,0.58333333333333,67.4,14.88333333333333,5.25,3.3,5.75,0.0,0.0,0.0,0.58333333333333,52.51666666666666,15.51666666666666,45.51666666666666,15.51666666666666,0.0,0.0,0.0,0.0,0.0,7.0,0.0,0.0,0.0,0.0,0.0,0.0,0.0,0.0,0.0,53.5,0.0,7.0,63,2,3,3,9,9,1,2,2.0,2,1,5,76,1262,4241,913643,5,1,2,9,9,1,76,1262,4282
91364305103.0,91364305,913643051,59.66666666666666,59.66666666666666,50.0,44.0,6.0,0.0,0.0,9.66666666666666,9.66666666666666,0.25,1.08333333333333,4.58333333333333,3.0,0.5,0.0,0.25,0.0,0.0,0.0,0.0,0.0,0.0,0.0,0.0,0.0,0.0,0.0,0.0,0.0,0.0,0.0,0.0,0.0,0.0,0.0,66.0,0.0,30.0,36,1,6,3,9,9,1,2,3.0,2,2,1,76,1262,4309,913643,5,1,3,9,9,1,76,1262,4282
91364305104.0,91364305,913643051,15.0,15.0,0.0,0.0,0.0,0.0,0.0,15.0,15.0,0.0,14.0,1.0,0.0,0.0,0.0,0.0,0.0,0.0,0.0,0.0,0.0,0.0,0.0,0.0,0.0,0.0,0.0,0.0,0.0,0.0,0.0,0.0,0.0,0.0,0.0,65.16666666666666,0.0,19.0,37,2,0,0,9,9,1,2,1.0,2,1,5,76,1262,4247,913643,5,1,4,9,9,1,76,1262,4282
90561501101.0,90561501,905615011,21.0,21.0,0.0,0.0,0.0,0.0,0.0,21.0,21.0,6.0,12.0,3.0,0.0,0.0,0.0,0.0,0.0,0.0,0.0,0.0,0.0,0.0,0.0,0.0,0.0,0.0,0.0,0.0,0.0,0.0,0.0,0.0,0.0,0.0,0.0,107.5,0.0,27.0,90,2,3,2,9,9,1,2,2.0,2,2,5,74,1194,5101,905615,1,1,1,9,9,1,74,1194,4294
90561502101.0,90561502,905615021,103.33333333333331,103.33333333333331,77.5,68.0,9.5,0.0,5.0,20.83333333333333,20.33333333333333,5.5,5.66666666666666,2.5,5.5,0.0,0.5,0.66666666666666,0.5,0.5,0.0,0.0,0.0,0.0,0.0,0.0,0.5,0.0,0.0,0.0,0.0,0.0,0.0,0.0,0.0,0.0,0.0,61.16666666666666,0.0,10.13333333333333,25,1,8,1,9,9,1,2,4.0,2,2,1,74,1194,4334,905615,2,1,1,9,9,1,74,1194,4294
90198702102.0,90198702,901987021,53.58333333333333,53.58333333333333,40.0,30.0,10.0,0.0,0.0,13.58333333333333,7.58333333333333,1.0,0.33333333333333,1.33333333333333,0.0,4.5,0.41666666666666,0.0,0.0,0.0,0.0,0.0,0.0,0.0,0.0,0.0,0.0,0.0,0.0,6.0,6.0,6.0,0.0,0.0,0.0,0.0,0.0,68.0,0.0,41.0,54,2,8,4,9,9,1,2,4.0,2,2,1,74,1164,3008,901987,2,1,2,9,9,1,74,1164,3032
90198702103.0,90198702,901987021,68.76666666666667,68.76666666666667,37.33333333333333,36.0,1.33333333333333,0.0,4.5,26.93333333333333,25.6,12.0,7.75,1.66666666666666,0.0,3.5,0.33333333333333,0.35,1.33333333333333,1.33333333333333,0.0,0.0,0.0,0.0,0.0,0.0,1.33333333333333,0.0,0.0,0.0,0.0,0.0,0.0,0.0,0.0,0.0,0.0,70.58333333333333,0.0,86.75,21,1,6,3,9,9,1,2,3.0,2,2,1,74,1164,3077,901987,2,1,3,9,9,1,74,1164,3032
90198703101.0,90198703,901987031,23.16666666666666,23.16666666666666,0.0,0.0,0.0,0.0,1.5,21.66666666666666,8.66666666666666,3.33333333333333,2.5,0.83333333333333,0.0,1.0,1.0,0.0,1.0,1.0,0.0,0.0,0.0,0.0,0.0,0.0,1.0,0.0,0.0,12.0,0.0,0.0,0.0,0.0,12.0,0.0,0.0,75.83333333333333,0.0,29.0,82,2,2,2,9,9,1,2,2.0,2,2,5,74,1164,3111,901987,3,1,1,9,9,1,74,1164,3032
90198703102.0,90198703,901987031,52.5,52.5,0.0,0.0,0.0,0.0,0.0,52.5,45.5,21.0,15.08333333333333,3.5,0.0,4.0,1.0,0.91666666666666,7.0,7.0,0.0,0.0,0.0,0.0,0.0,0.0,7.0,0.0,0.0,0.0,0.0,0.0,0.0,0.0,0.0,0.0,0.0,74.5,0.0,46.0,56,2,5,3,9,9,1,2,3.0,2,2,5,74,1164,2960,901987,3,1,2,9,9,1,74,1164,3032
90198703103.0,90198703,901987031,119.33333333333331,119.33333333333331,98.0,68.0,30.0,0.0,0.0,21.33333333333333,21.33333333333333,7.0,5.33333333333333,2.25,0.58333333333333,3.0,2.5,0.66666666666666,0.0,0.0,0.0,0.0,0.0,0.0,0.0,0.0,0.0,0.0,0.0,0.0,0.0,0.0,0.0,0.0,0.0,0.0,0.0,47.83333333333333,0.0,16.33333333333333,65,1,8,4,9,9,1,2,4.0,2,2,1,74,1164,3010,901987,3,1,3,9,9,1,74,1164,3032
90198703104.0,90198703,901987031,10.0,10.0,0.0,0.0,0.0,0.0,0.0,10.0,9.66666666666666,5.0,3.5,0.0,0.0,1.16666666666666,0.0,0.0,0.33333333333333,0.33333333333333,0.0,0.0,0.0,0.0,0.0,0.0,0.0,0.33333333333333,0.33333333333333,0.0,0.0,0.0,0.0,0.0,0.0,0.0,0.0,92.83333333333331,45.0,41.5,20,2,6,3,9,9,1,2,3.0,2,2,4,74,1164,3045,901987,3,1,4,9,9,1,74,1164,3032
90198704101.0,90198704,901987041,74.03333333333333,74.03333333333333,42.5,40.0,2.5,0.0,0.0,31.53333333333333,16.53333333333333,3.16666666666666,3.83333333333333,4.33333333333333,0.0,4.0,1.0,0.2,0.0,0.0,0.0,0.0,0.0,0.0,0.0,0.0,0.0,0.0,0.0,15.0,15.0,0.0,0.0,15.0,0.0,0.0,0.0,61.0,0.0,19.83333333333333,34,1,6,3,9,9,1,2,3.0,2,2,1,74,1164,3081,901987,4,1,1,9,9,1,74,1164,3032
90594104103.0,90594104,905941041,11.41666666666666,11.41666666666666,0.0,0.0,0.0,0.0,0.0,11.41666666666666,10.91666666666666,5.5,3.0,1.0,0.0,0.83333333333333,0.0,0.58333333333333,0.0,0.0,0.0,0.0,0.0,0.0,0.0,0.0,0.0,0.0,0.0,0.5,0.5,0.5,0.0,0.0,0.0,0.0,0.0,70.0,63.0,33.0,17,1,6,2,9,9,1,2,3.0,2,2,4,74,1196,3154,905941,4,1,3,9,9,1,74,1196,3133
90594105101.0,90594105,905941051,0.58333333333333,0.58333333333333,0.0,0.0,0.0,0.0,0.0,0.58333333333333,0.58333333333333,0.0,0.58333333333333,0.0,0.0,0.0,0.0,0.0,0.0,0.0,0.0,0.0,0.0,0.0,0.0,0.0,0.0,0.0,0.0,0.0,0.0,0.0,0.0,0.0,0.0,0.0,0.0,98.0,0.0,15.5,88,1,2,6,9,9,1,2,2.0,2,2,5,74,1196,3330,905941,5,1,1,9,9,1,74,1196,3133
90594105102.0,90594105,905941051,33.33333333333333,26.33333333333333,0.0,0.0,0.0,0.0,0.0,33.33333333333333,26.33333333333333,14.0,11.0,1.0,0.0,0.0,0.0,0.33333333333333,7.0,0.0,0.0,0.0,0.0,0.0,0.0,0.0,0.0,7.0,0.0,0.0,0.0,0.0,0.0,0.0,0.0,0.0,0.0,63.5,0.0,18.0,65,2,6,3,9,9,1,2,3.0,2,2,5,74,1196,3111,905941,5,1,2,9,9,1,74,1196,3133
90598901101.0,90598901,905989011,21.5,21.5,0.0,0.0,0.0,0.0,0.0,21.5,21.5,14.0,6.5,1.0,0.0,0.0,0.0,0.0,0.0,0.0,0.0,0.0,0.0,0.0,0.0,0.0,0.0,0.0,0.0,0.0,0.0,0.0,0.0,0.0,0.0,0.0,0.0,97.0,0.0,12.0,69,2,8,2,9,9,1,2,4.0,2,2,6,74,1197,3477,905989,1,1,1,9,9,1,74,1197,3502
90598901102.0,90598901,905989011,74.16666666666666,74.16666666666666,72.0,60.0,12.0,0.0,0.0,2.16666666666666,2.16666666666666,0.0,0.0,2.0,0.0,0.0,0.0,0.16666666666666,0.0,0.0,0.0,0.0,0.0,0.0,0.0,0.0,0.0,0.0,0.0,0.0,0.0,0.0,0.0,0.0,0.0,0.0,0.0,46.0,0.0,24.5,40,1,6,3,9,9,1,2,3.0,2,2,1,74,1197,3568,905989,1,1,2,9,9,1,74,1197,3502
90598901103.0,90598901,905989011,30.0,30.0,6.0,4.0,2.0,0.0,3.0,21.0,21.0,4.66666666666666,11.33333333333333,2.0,0.0,2.0,0.0,1.0,0.0,0.0,0.0,0.0,0.0,0.0,0.0,0.0,0.0,0.0,0.0,0.0,0.0,0.0,0.0,0.0,0.0,0.0,0.0,53.0,0.0,17.5,32,2,8,3,9,9,1,2,4.0,2,2,1,74,1197,3457,905989,1,1,3,9,9,1,74,1197,3502
90598901104.0,90598901,905989011,74.91666666666666,74.91666666666666,70.0,60.0,10.0,0.0,0.0,4.91666666666666,4.91666666666666,0.0,1.0,1.66666666666666,0.0,1.91666666666666,0.0,0.33333333333333,0.0,0.0,0.0,0.0,0.0,0.0,0.0,0.0,0.0,0.0,0.0,0.0,0.0,0.0,0.0,0.0,0.0,0.0,0.0,56.0,0.0,37.5,30,1,10,2,9,9,1,2,5.0,2,2,1,74,1197,3558,905989,1,1,4,9,9,1,74,1197,3502
91191102103.0,91191102,911911021,41.66666666666666,41.66666666666666,40.83333333333333,40.0,0.83333333333333,0.0,0.0,0.83333333333333,0.83333333333333,0.0,0.0,0.83333333333333,0.0,0.0,0.0,0.0,0.0,0.0,0.0,0.0,0.0,0.0,0.0,0.0,0.0,0.0,0.0,0.0,0.0,0.0,0.0,0.0,0.0,0.0,0.0,65.0,0.0,23.0,28,1,6,2,9,9,1,2,3.0,2,2,1,73,1247,4079,911911,2,1,3,9,9,1,73,1247,4036
91191102104.0,91191102,911911021,2.0,2.0,0.0,0.0,0.0,0.0,0.0,2.0,0.0,0.0,0.0,0.0,0.0,0.0,0.0,0.0,2.0,2.0,0.0,0.0,0.0,0.0,0.0,0.0,2.0,0.0,0.0,0.0,0.0,0.0,0.0,0.0,0.0,0.0,0.0,78.33333333333333,55.0,25.0,22,2,8,4,9,9,1,2,4.0,2,2,4,73,1247,4059,911911,2,1,4,9,9,1,73,1247,4036
91191102105.0,91191102,911911021,36.41666666666666,36.41666666666666,36.0,30.0,6.0,0.0,0.0,0.41666666666666,0.41666666666666,0.0,0.41666666666666,0.0,0.0,0.0,0.0,0.0,0.0,0.0,0.0,0.0,0.0,0.0,0.0,0.0,0.0,0.0,0.0,0.0,0.0,0.0,0.0,0.0,0.0,0.0,0.0,59.5,45.0,17.91666666666666,18,2,6,3,9,9,1,2,3.0,2,2,1,73,1247,4055,911911,2,1,5,9,9,1,73,1247,4036
91191103101.0,91191103,911911031,112.08333333333331,91.08333333333331,37.33333333333333,35.0,2.33333333333333,0.0,0.0,74.75,46.75,28.33333333333333,8.25,4.0,0.0,6.0,0.0,0.16666666666666,28.0,7.0,0.0,0.0,0.0,0.0,0.0,0.0,0.0,28.0,7.0,0.0,0.0,0.0,0.0,0.0,0.0,0.0,0.0,58.0,0.0,6.66666666666666,49,2,8,4,9,9,1,2,4.0,2,2,1,73,1247,3978,911911,3,1,1,9,9,1,73,1247,4036
91191103102.0,91191103,911911031,8.66666666666666,8.66666666666666,0.0,0.0,0.0,0.0,7.0,1.66666666666666,1.66666666666666,0.0,0.66666666666666,0.33333333333333,0.0,0.0,0.66666666666666,0.0,0.0,0.0,0.0,0.0,0.0,0.0,0.0,0.0,0.0,0.0,0.0,0.0,0.0,0.0,0.0,0.0,0.0,0.0,0.0,97.0,0.0,47.5,80,2,5,3,9,9,1,2,3.0,2,2,3,73,1247,4146,911911,3,1,2,9,9,1,73,1247,4036
91191103103.0,91191103,911911031,28.73333333333333,28.73333333333333,0.0,0.0,0.0,0.0,0.0,28.73333333333333,20.56666666666666,12.83333333333333,4.5,3.0,0.0,0.0,0.0,0.23333333333333,8.16666666666666,8.16666666666666,0.0,0.0,0.0,0.0,0.0,0.0,5.0,3.16666666666666,3.16666666666666,0.0,0.0,0.0,0.0,0.0,0.0,0.0,0.0,58.83333333333333,66.0,11.58333333333333,20,2,8,2,9,9,1,2,4.0,2,2,4,73,1247,4059,911911,3,1,3,9,9,1,73,1247,4036
91191103104.0,91191103,911911031,16.49999999999999,6.08333333333333,0.0,0.0,0.0,0.0,0.0,16.49999999999999,4.74999999999999,0.25,3.33333333333333,0.5,0.0,0.58333333333333,0.08333333333333,0.0,10.91666666666666,0.5,0.0,0.0,0.0,0.0,0.0,0.0,0.0,10.91666666666666,0.5,0.83333333333333,0.83333333333333,0.0,0.0,0.83333333333333,0.0,0.0,0.0,73.5,49.0,117.83333333333331,18,2,6,3,9,9,1,2,3.0,2,2,4,73,1247,4055,911911,3,1,4,9,9,1,73,1247,4036
90561502102.0,90561502,905615021,55.58333333333333,55.58333333333333,0.0,0.0,0.0,0.0,0.0,55.58333333333333,50.58333333333333,26.16666666666666,15.16666666666666,7.0,0.0,0.0,0.0,2.25,5.0,5.0,0.0,0.0,0.0,0.0,0.0,0.0,0.0,5.0,5.0,0.0,0.0,0.0,0.0,0.0,0.0,0.0,0.0,70.5,0.0,26.0,47,2,3,3,9,9,1,2,2.0,2,2,5,74,1194,4226,905615,2,1,2,9,9,1,74,1194,4294
90561502103.0,90561502,905615021,64.33333333333333,64.33333333333333,0.0,0.0,0.0,0.0,0.0,64.33333333333333,50.33333333333333,24.5,23.0,2.5,0.0,0.0,0.0,0.33333333333333,14.0,14.0,0.0,0.0,0.0,0.0,0.0,0.0,14.0,0.0,0.0,0.0,0.0,0.0,0.0,0.0,0.0,0.0,0.0,83.0,0.0,38.0,61,2,2,6,9,9,1,2,2.0,2,2,3,74,1194,4228,905615,2,1,3,9,9,1,74,1194,4294
90561503101.0,90561503,905615031,109.91666666666666,109.91666666666666,85.83333333333333,36.0,49.83333333333333,0.0,0.0,24.08333333333333,17.83333333333333,7.0,5.0,2.0,0.0,2.0,0.0,1.83333333333333,5.0,5.0,0.0,0.0,0.0,0.0,0.0,0.0,5.0,0.0,0.0,1.25,1.25,1.0,0.25,0.0,0.0,0.0,0.0,81.5,0.0,33.0,52,1,6,3,9,9,1,2,3.0,2,2,1,74,1194,4301,905615,3,1,1,9,9,1,74,1194,4294
90561503102.0,90561503,905615031,54.83333333333333,54.83333333333333,0.0,0.0,0.0,0.0,0.0,54.83333333333333,54.83333333333333,20.0,21.0,8.0,0.0,5.0,0.0,0.83333333333333,0.0,0.0,0.0,0.0,0.0,0.0,0.0,0.0,0.0,0.0,0.0,0.0,0.0,0.0,0.0,0.0,0.0,0.0,0.0,92.5,0.0,36.0,53,2,3,3,9,9,1,2,2.0,2,2,5,74,1194,4260,905615,3,1,2,9,9,1,74,1194,4294
90561503103.0,90561503,905615031,71.98333333333333,71.98333333333333,57.0,48.0,9.0,0.0,0.0,14.98333333333333,5.98333333333333,3.5,1.33333333333333,1.0,0.0,0.0,0.0,0.15,9.0,9.0,0.0,0.0,0.0,0.0,0.0,0.0,9.0,0.0,0.0,0.0,0.0,0.0,0.0,0.0,0.0,0.0,0.0,51.0,0.0,26.08333333333333,27,2,6,1,9,9,1,2,3.0,2,2,1,74,1194,4262,905615,3,1,3,9,9,1,74,1194,4294
90561503104.0,90561503,905615031,58.83333333333333,58.83333333333333,46.33333333333333,41.0,5.33333333333333,0.0,0.0,12.5,9.5,0.0,4.41666666666666,0.5,0.0,3.0,0.0,1.58333333333333,3.0,3.0,0.0,0.0,0.0,0.0,0.0,0.0,3.0,0.0,0.0,0.0,0.0,0.0,0.0,0.0,0.0,0.0,0.0,77.0,0.0,15.0,19,1,3,3,9,9,1,2,2.0,2,2,1,74,1194,4323,905615,3,1,4,9,9,1,74,1194,4294
90561504101.0,90561504,905615041,75.08333333333333,75.08333333333333,71.0,57.0,14.0,0.0,0.0,4.08333333333333,4.08333333333333,0.0,1.33333333333333,0.58333333333333,0.0,0.0,1.0,1.16666666666666,0.0,0.0,0.0,0.0,0.0,0.0,0.0,0.0,0.0,0.0,0.0,0.0,0.0,0.0,0.0,0.0,0.0,0.0,0.0,65.33333333333333,0.0,38.5,62,1,7,3,9,9,1,2,4.0,2,2,1,74,1194,4270,905615,4,1,1,9,9,1,74,1194,4294
90198705101.0,90198705,901987051,98.91666666666666,98.91666666666666,0.0,0.0,0.0,0.0,3.0,95.91666666666666,39.91666666666666,20.0,11.83333333333333,4.0,0.0,3.5,0.0,0.58333333333333,0.0,0.0,0.0,0.0,0.0,0.0,0.0,0.0,0.0,0.0,0.0,56.0,56.0,28.0,28.0,0.0,0.0,0.0,0.0,60.41666666666666,0.0,25.0,59,2,2,6,9,9,1,2,2.0,2,2,5,74,1164,2960,901987,5,1,1,9,9,1,74,1164,3032
90202501101.0,90202501,902025011,85.61666666666666,85.61666666666666,42.5,40.0,2.5,0.0,0.0,43.11666666666666,28.11666666666666,12.5,11.83333333333333,1.66666666666666,0.0,2.0,0.11666666666666,0.0,10.0,10.0,0.0,0.0,0.0,0.0,7.5,7.5,2.5,0.0,0.0,5.0,5.0,0.0,0.0,5.0,0.0,0.0,0.0,50.41666666666666,0.0,16.75,46,2,8,4,9,9,1,2,4.0,2,2,1,73,1165,3940,902025,1,1,1,9,9,1,73,1165,3998
90202501102.0,90202501,902025011,7.83333333333333,7.83333333333333,0.0,0.0,0.0,0.0,0.0,7.83333333333333,3.66666666666666,1.0,2.0,0.0,0.0,0.5,0.0,0.16666666666666,3.16666666666666,3.16666666666666,0.0,0.0,0.0,0.0,1.16666666666666,1.16666666666666,2.0,0.0,0.0,1.0,1.0,0.0,0.0,1.0,0.0,0.0,0.0,33.5,0.0,27.5,22,1,3,3,9,9,1,2,2.0,2,2,6,73,1165,4062,902025,1,1,2,9,9,1,73,1165,3998
90202501103.0,90202501,902025011,11.41666666666666,11.41666666666666,0.0,0.0,0.0,0.0,0.0,11.41666666666666,11.41666666666666,8.58333333333333,1.16666666666666,0.16666666666666,0.0,1.5,0.0,0.0,0.0,0.0,0.0,0.0,0.0,0.0,0.0,0.0,0.0,0.0,0.0,0.0,0.0,0.0,0.0,0.0,0.0,0.0,0.0,60.13333333333333,52.5,8.41666666666666,12,1,2,6,9,9,1,2,2.0,2,2,4,73,1165,4020,902025,1,1,3,9,9,1,73,1165,3998
90202502101.0,90202502,902025021,51.56666666666666,51.56666666666666,32.5,20.0,12.5,0.0,0.0,19.06666666666666,19.06666666666666,5.66666666666666,5.66666666666666,6.0,0.0,1.5,0.0,0.23333333333333,0.0,0.0,0.0,0.0,0.0,0.0,0.0,0.0,0.0,0.0,0.0,0.0,0.0,0.0,0.0,0.0,0.0,0.0,0.0,80.0,0.0,39.5,78,2,5,1,9,9,1,2,3.0,2,2,1,73,1165,4006,902025,2,1,1,9,9,1,73,1165,3998
90202503101.0,90202503,902025031,91.5,91.5,48.0,36.0,12.0,0.0,0.0,43.49999999999999,43.49999999999999,4.33333333333333,33.66666666666666,1.33333333333333,0.75,2.0,1.0,0.41666666666666,0.0,0.0,0.0,0.0,0.0,0.0,0.0,0.0,0.0,0.0,0.0,0.0,0.0,0.0,0.0,0.0,0.0,0.0,0.0,54.91666666666666,5.0,20.83333333333333,29,2,8,4,9,9,1,2,4.0,2,2,1,73,1165,3973,902025,3,1,1,9,9,1,73,1165,3998
90202503102.0,90202503,902025031,77.66666666666666,77.66666666666666,54.0,50.0,4.0,0.0,0.0,23.66666666666666,10.66666666666666,2.0,3.91666666666666,1.0,0.33333333333333,2.25,0.83333333333333,0.33333333333333,13.0,13.0,0.0,0.0,0.0,0.0,0.0,0.0,13.0,0.0,0.0,0.0,0.0,0.0,0.0,0.0,0.0,0.0,0.0,61.5,0.0,20.25,30,1,8,4,9,9,1,2,4.0,2,2,1,73,1165,4067,902025,3,1,2,9,9,1,73,1165,3998
90598902101.0,90598902,905989021,131.5,99.5,18.0,14.0,4.0,0.0,5.0,108.5,29.66666666666666,12.5,7.75,5.0,0.0,4.0,0.0,0.41666666666666,76.83333333333333,44.83333333333333,0.0,0.0,71.5,39.5,5.33333333333333,5.33333333333333,0.0,0.0,0.0,2.0,2.0,2.0,0.0,0.0,0.0,0.0,0.0,80.83333333333333,0.0,43.16666666666666,35,2,3,3,9,9,1,2,2.0,2,2,1,74,1197,3452,905989,2,1,1,9,9,1,74,1197,3502
90598902102.0,90598902,905989021,32.91666666666666,20.08333333333333,0.0,0.0,0.0,0.0,0.0,32.91666666666666,13.25,9.5,3.0,0.5,0.0,0.25,0.0,0.0,19.66666666666666,6.83333333333333,0.0,0.0,19.66666666666666,6.83333333333333,0.0,0.0,0.0,0.0,0.0,0.0,0.0,0.0,0.0,0.0,0.0,0.0,0.0,73.5,37.33333333333333,41.0,12,2,2,6,9,9,1,2,2.0,2,2,4,74,1197,3494,905989,2,1,2,9,9,1,74,1197,3502
90598903101.0,90598903,905989031,96.9,96.9,45.0,40.0,5.0,0.0,0.0,51.9,45.9,28.13333333333333,15.26666666666666,2.5,0.0,0.0,0.0,0.0,6.0,6.0,0.0,0.0,0.0,0.0,0.0,0.0,6.0,0.0,0.0,0.0,0.0,0.0,0.0,0.0,0.0,0.0,0.0,70.0,0.0,23.0,71,2,2,6,9,9,1,2,2.0,2,2,1,74,1197,3503,905989,3,1,1,9,9,1,74,1197,3502
90598903102.0,90598903,905989031,72.33333333333333,72.33333333333333,72.0,64.0,8.0,0.0,0.0,0.33333333333333,0.33333333333333,0.0,0.0,0.0,0.0,0.33333333333333,0.0,0.0,0.0,0.0,0.0,0.0,0.0,0.0,0.0,0.0,0.0,0.0,0.0,0.0,0.0,0.0,0.0,0.0,0.0,0.0,0.0,65.5,0.0,22.0,50,1,6,3,9,9,1,2,3.0,2,2,1,74,1197,3507,905989,3,1,2,9,9,1,74,1197,3502
90598903103.0,90598903,905989031,77.91666666666666,77.91666666666666,72.0,60.0,12.0,0.0,0.0,5.91666666666666,5.91666666666666,1.66666666666666,2.5,0.0,0.75,1.0,0.0,0.0,0.0,0.0,0.0,0.0,0.0,0.0,0.0,0.0,0.0,0.0,0.0,0.0,0.0,0.0,0.0,0.0,0.0,0.0,0.0,63.5,0.0,25.5,44,1,3,3,9,9,1,2,2.0,2,2,1,74,1197,3568,905989,3,1,3,9,9,1,74,1197,3502
90598903104.0,90598903,905989031,12.0,12.0,4.0,0.0,0.0,4.0,0.0,8.0,8.0,5.0,2.0,1.0,0.0,0.0,0.0,0.0,0.0,0.0,0.0,0.0,0.0,0.0,0.0,0.0,0.0,0.0,0.0,0.0,0.0,0.0,0.0,0.0,0.0,0.0,0.0,66.5,0.0,13.0,46,1,6,3,9,9,1,2,3.0,2,2,2,74,1197,3524,905989,3,1,4,9,9,1,74,1197,3502
90598903105.0,90598903,905989031,17.33333333333333,17.33333333333333,0.0,0.0,0.0,0.0,0.0,17.33333333333333,16.66666666666666,7.5,3.83333333333333,2.0,0.0,3.33333333333333,0.0,0.0,0.66666666666666,0.66666666666666,0.0,0.0,0.0,0.0,0.0,0.0,0.66666666666666,0.0,0.0,0.0,0.0,0.0,0.0,0.0,0.0,0.0,0.0,72.0,0.0,68.16666666666666,21,1,6,3,9,9,1,2,3.0,2,2,6,74,1197,3554,905989,3,1,5,9,9,1,74,1197,3502
91191104101.0,91191104,911911041,85.41666666666666,85.41666666666666,60.0,35.0,25.0,0.0,0.0,25.41666666666666,18.41666666666666,7.41666666666666,9.66666666666666,0.25,0.0,0.0,1.0,0.08333333333333,0.0,0.0,0.0,0.0,0.0,0.0,0.0,0.0,0.0,0.0,0.0,7.0,7.0,7.0,0.0,0.0,0.0,0.0,0.0,90.0,0.0,5.5,44,2,3,3,9,9,1,2,2.0,2,2,1,73,1247,3985,911911,4,1,1,9,9,1,73,1247,4036
91191105101.0,91191105,911911051,55.58333333333333,55.58333333333333,0.0,0.0,0.0,0.0,0.0,55.58333333333333,44.58333333333333,26.0,16.75,0.33333333333333,0.0,1.5,0.0,0.0,11.0,11.0,0.0,0.0,0.0,0.0,0.0,0.0,0.0,11.0,11.0,0.0,0.0,0.0,0.0,0.0,0.0,0.0,0.0,99.0,0.0,14.13333333333333,43,1,8,4,9,9,1,2,4.0,2,2,1,73,1247,4118,911911,5,1,1,9,9,1,73,1247,4036
91191105102.0,91191105,911911051,79.91666666666666,19.91666666666666,0.0,0.0,0.0,0.0,0.0,79.91666666666666,11.91666666666666,1.0,10.0,0.66666666666666,0.0,0.0,0.0,0.25,68.0,8.0,0.0,0.0,0.0,0.0,0.0,0.0,0.5,67.5,7.5,0.0,0.0,0.0,0.0,0.0,0.0,0.0,0.0,81.0,0.0,42.0,75,1,6,3,9,9,1,2,3.0,2,2,3,73,1247,4115,911911,5,1,2,9,9,1,73,1247,4036
91191105103.0,91191105,911911051,84.2,14.2,0.0,0.0,0.0,0.0,0.0,84.2,14.2,6.5,5.0,2.66666666666666,0.0,0.0,0.0,0.03333333333333,70.0,0.0,0.0,0.0,0.0,0.0,0.0,0.0,0.0,70.0,0.0,0.0,0.0,0.0,0.0,0.0,0.0,0.0,0.0,111.5,0.0,34.0,73,2,6,2,9,9,1,2,3.0,2,1,3,73,1247,4044,911911,5,1,3,9,9,1,73,1247,4036
91193602101.0,91193602,911936021,59.43333333333333,59.43333333333333,40.08333333333333,40.0,0.08333333333333,0.0,0.0,19.35,14.35,6.1,5.16666666666666,0.0,0.0,3.0,0.0,0.08333333333333,0.0,0.0,0.0,0.0,0.0,0.0,0.0,0.0,0.0,0.0,0.0,5.0,0.0,0.0,0.0,0.0,5.0,0.0,0.0,89.33333333333333,0.0,33.5,57,2,8,4,9,9,1,2,4.0,2,2,1,73,1248,3758,911936,2,1,1,9,9,1,73,1248,3845
91193603101.0,91193603,911936031,81.58333333333333,81.58333333333333,73.0,56.0,17.0,0.0,0.0,8.58333333333333,4.83333333333333,1.0,1.5,0.0,2.0,0.0,0.33333333333333,0.0,3.75,3.75,0.0,0.0,0.0,0.0,2.75,2.75,1.0,0.0,0.0,0.0,0.0,0.0,0.0,0.0,0.0,0.0,0.0,59.33333333333333,0.0,27.33333333333333,57,1,8,4,9,9,1,2,4.0,2,2,1,73,1248,3866,911936,3,1,1,9,9,1,73,1248,3845
91193603102.0,91193603,911936031,120.16666666666666,120.16666666666666,55.0,45.0,10.0,0.0,0.0,65.16666666666666,37.66666666666666,14.16666666666666,10.0,8.41666666666666,0.0,4.0,0.5,0.58333333333333,27.5,27.5,0.0,0.0,0.0,0.0,26.0,26.0,1.5,0.0,0.0,0.0,0.0,0.0,0.0,0.0,0.0,0.0,0.0,76.5,0.0,16.05,51,2,6,2,9,9,1,2,3.0,2,2,1,73,1248,3819,911936,3,1,2,9,9,1,73,1248,3845
90561504102.0,90561504,905615041,87.16666666666666,87.16666666666666,71.0,57.0,14.0,0.0,0.0,16.16666666666666,16.16666666666666,8.16666666666666,6.0,2.0,0.0,0.0,0.0,0.0,0.0,0.0,0.0,0.0,0.0,0.0,0.0,0.0,0.0,0.0,0.0,0.0,0.0,0.0,0.0,0.0,0.0,0.0,0.0,70.0,0.0,25.5,65,2,8,4,9,9,1,2,4.0,2,2,1,74,1194,4264,905615,4,1,2,9,9,1,74,1194,4294
90561504103.0,90561504,905615041,94.66666666666666,94.66666666666666,71.0,57.0,14.0,0.0,0.0,23.66666666666666,23.66666666666666,8.16666666666666,11.0,1.5,0.0,3.0,0.0,0.0,0.0,0.0,0.0,0.0,0.0,0.0,0.0,0.0,0.0,0.0,0.0,0.0,0.0,0.0,0.0,0.0,0.0,0.0,0.0,68.83333333333333,0.0,28.0,75,2,7,3,9,9,1,2,4.0,2,2,1,74,1194,4298,905615,4,1,3,9,9,1,74,1194,4294
90561505101.0,90561505,905615051,81.41666666666666,17.41666666666666,0.0,0.0,0.0,0.0,0.0,81.41666666666666,17.41666666666666,2.5,9.0,0.0,0.0,3.0,0.33333333333333,2.58333333333333,64.0,0.0,0.0,0.0,0.0,0.0,0.0,0.0,0.0,64.0,0.0,0.0,0.0,0.0,0.0,0.0,0.0,0.0,0.0,60.0,0.0,53.5,67,1,6,3,9,9,1,2,3.0,2,2,3,74,1194,4263,905615,5,1,1,9,9,1,74,1194,4294
90561505102.0,90561505,905615051,46.91666666666666,46.91666666666666,0.0,0.0,0.0,0.0,0.0,46.91666666666666,26.91666666666666,8.5,11.66666666666666,3.0,0.0,3.0,0.16666666666666,0.58333333333333,0.0,0.0,0.0,0.0,0.0,0.0,0.0,0.0,0.0,0.0,0.0,20.0,20.0,0.0,0.0,20.0,0.0,0.0,0.0,60.5,0.0,50.0,62,2,10,2,9,9,1,2,5.0,2,2,5,74,1194,4228,905615,5,1,2,9,9,1,74,1194,4294
90579801101.0,90579801,905798011,13.93333333333333,13.93333333333333,0.0,0.0,0.0,0.0,4.0,9.93333333333333,9.68333333333333,4.25,2.35,3.08333333333333,0.0,0.0,0.0,0.0,0.25,0.25,0.0,0.0,0.0,0.0,0.0,0.0,0.0,0.25,0.25,0.0,0.0,0.0,0.0,0.0,0.0,0.0,0.0,83.0,0.0,57.41666666666666,75,2,3,3,9,9,1,2,2.0,2,1,5,74,1195,3662,905798,1,1,1,9,9,1,74,1195,3659
90579801102.0,90579801,905798011,21.5,21.5,0.0,0.0,0.0,0.0,0.0,21.5,21.5,17.5,0.0,2.0,0.0,2.0,0.0,0.0,0.0,0.0,0.0,0.0,0.0,0.0,0.0,0.0,0.0,0.0,0.0,0.0,0.0,0.0,0.0,0.0,0.0,0.0,0.0,61.5,0.0,17.16666666666666,74,2,8,4,9,9,1,2,4.0,2,2,5,74,1195,3661,905798,1,1,2,9,9,1,74,1195,3659
90579801103.0,90579801,905798011,6.01666666666666,6.01666666666666,0.0,0.0,0.0,0.0,0.0,6.01666666666666,6.01666666666666,0.5,3.16666666666666,0.0,0.0,2.0,0.0,0.35,0.0,0.0,0.0,0.0,0.0,0.0,0.0,0.0,0.0,0.0,0.0,0.0,0.0,0.0,0.0,0.0,0.0,0.0,0.0,59.5,0.0,22.0,73,2,8,4,9,9,1,2,4.0,2,2,5,74,1195,3661,905798,1,1,3,9,9,1,74,1195,3659
90635804101.0,90635804,906358041,27.0,27.0,0.0,0.0,0.0,0.0,0.0,27.0,27.0,14.0,7.0,2.5,0.0,3.5,0.0,0.0,0.0,0.0,0.0,0.0,0.0,0.0,0.0,0.0,0.0,0.0,0.0,0.0,0.0,0.0,0.0,0.0,0.0,0.0,0.0,80.5,0.0,50.0,75,2,5,3,9,9,1,2,3.0,2,2,5,74,1201,3718,906358,4,1,1,9,9,1,74,1201,3714
90635804102.0,90635804,906358041,79.33333333333333,79.33333333333333,57.16666666666666,56.0,1.16666666666666,0.0,2.33333333333333,19.83333333333333,14.83333333333333,4.5,4.33333333333333,1.0,2.0,2.0,1.0,0.0,5.0,5.0,3.0,3.0,0.0,0.0,2.0,2.0,0.0,0.0,0.0,0.0,0.0,0.0,0.0,0.0,0.0,0.0,0.0,77.0,0.0,29.0,50,1,6,3,9,9,1,2,3.0,2,2,1,74,1201,3720,906358,4,1,2,9,9,1,74,1201,3714
90635804103.0,90635804,906358041,175.25,156.25,56.0,55.0,1.0,0.0,3.0,116.25,66.91666666666666,21.0,22.25,7.5,0.0,5.0,10.0,1.16666666666666,49.33333333333333,30.33333333333333,21.83333333333333,7.83333333333333,0.0,0.0,27.5,22.5,0.0,0.0,0.0,0.0,0.0,0.0,0.0,0.0,0.0,0.0,0.0,41.0,0.0,81.0,47,2,8,7,9,9,1,2,4.0,2,2,1,74,1201,3656,906358,4,1,3,9,9,1,74,1201,3714
90635804104.0,90635804,906358041,7.58333333333333,7.58333333333333,0.0,0.0,0.0,0.0,0.0,7.58333333333333,5.83333333333333,3.5,2.33333333333333,0.0,0.0,0.0,0.0,0.0,1.75,1.75,0.0,0.0,0.0,0.0,0.0,0.0,1.75,0.0,0.0,0.0,0.0,0.0,0.0,0.0,0.0,0.0,0.0,70.5,45.41666666666666,60.08333333333333,13,1,3,2,9,9,1,2,2.0,2,2,4,74,1201,3730,906358,4,1,4,9,9,1,74,1201,3714
90637401101.0,90637401,906374011,76.41666666666666,76.41666666666666,66.0,60.0,6.0,0.0,0.0,10.41666666666666,7.41666666666666,2.0,2.33333333333333,2.16666666666666,0.0,0.91666666666666,0.0,0.0,3.0,3.0,0.0,0.0,0.0,0.0,0.0,0.0,0.0,3.0,3.0,0.0,0.0,0.0,0.0,0.0,0.0,0.0,0.0,51.66666666666666,0.0,26.5,61,2,6,3,9,9,1,2,3.0,2,2,1,74,1202,3341,906374,1,1,1,9,9,1,74,1202,3393
90637401102.0,90637401,906374011,5.16666666666666,5.16666666666666,0.0,0.0,0.0,0.0,0.0,5.16666666666666,5.16666666666666,3.5,1.66666666666666,0.0,0.0,0.0,0.0,0.0,0.0,0.0,0.0,0.0,0.0,0.0,0.0,0.0,0.0,0.0,0.0,0.0,0.0,0.0,0.0,0.0,0.0,0.0,0.0,51.16666666666666,0.0,13.0,65,1,6,3,9,9,1,2,3.0,2,2,5,74,1202,3368,906374,1,1,2,9,9,1,74,1202,3393
90637401103.0,90637401,906374011,44.58333333333333,44.58333333333333,0.0,0.0,0.0,0.0,0.0,44.58333333333333,44.58333333333333,24.5,14.83333333333333,2.0,0.0,3.0,0.0,0.25,0.0,0.0,0.0,0.0,0.0,0.0,0.0,0.0,0.0,0.0,0.0,0.0,0.0,0.0,0.0,0.0,0.0,0.0,0.0,56.5,0.0,33.5,64,2,5,3,9,9,1,2,3.0,2,2,5,74,1202,3341,906374,1,1,3,9,9,1,74,1202,3393
91230801104.0,91230801,912308011,16.0,16.0,0.0,0.0,0.0,0.0,0.0,16.0,16.0,1.25,4.83333333333333,5.41666666666666,0.0,1.0,3.5,0.0,0.0,0.0,0.0,0.0,0.0,0.0,0.0,0.0,0.0,0.0,0.0,0.0,0.0,0.0,0.0,0.0,0.0,0.0,0.0,76.0,56.0,24.5,24,2,8,4,9,9,1,2,4.0,2,2,4,74,1254,3136,912308,1,1,4,9,9,1,74,1254,3123
91230801105.0,91230801,912308011,21.58333333333333,21.58333333333333,0.0,0.0,0.0,0.0,0.0,21.58333333333333,20.08333333333333,2.5,12.5,4.25,0.0,0.83333333333333,0.0,0.0,1.5,1.5,0.0,0.0,0.0,0.0,0.0,0.0,1.5,0.0,0.0,0.0,0.0,0.0,0.0,0.0,0.0,0.0,0.0,81.5,55.0,77.0,21,1,8,2,9,9,1,2,4.0,2,2,4,74,1254,3169,912308,1,1,5,9,9,1,74,1254,3123
91230802101.0,91230802,912308021,68.2,12.2,0.0,0.0,0.0,0.0,0.0,68.2,12.2,0.58333333333333,7.83333333333333,0.66666666666666,0.0,3.0,0.0,0.11666666666666,56.0,0.0,0.0,0.0,0.0,0.0,0.0,0.0,0.0,56.0,0.0,0.0,0.0,0.0,0.0,0.0,0.0,0.0,0.0,76.5,0.0,28.0,75,1,3,3,9,9,1,2,2.0,2,2,3,74,1254,3179,912308,2,1,1,9,9,1,74,1254,3123
91230802102.0,91230802,912308021,0.0,0.0,0.0,0.0,0.0,0.0,0.0,0.0,0.0,0.0,0.0,0.0,0.0,0.0,0.0,0.0,0.0,0.0,0.0,0.0,0.0,0.0,0.0,0.0,0.0,0.0,0.0,0.0,0.0,0.0,0.0,0.0,0.0,0.0,0.0,72.25,0.0,16.0,69,2,2,6,9,9,1,2,2.0,2,2,3,74,1254,3101,912308,2,1,2,9,9,1,74,1254,3123
91230803101.0,91230803,912308031,118.0,104.0,69.0,60.0,9.0,0.0,0.0,49.0,10.0,0.0,4.0,4.0,0.0,2.0,0.0,0.0,39.0,25.0,0.0,0.0,39.0,25.0,0.0,0.0,0.0,0.0,0.0,0.0,0.0,0.0,0.0,0.0,0.0,0.0,0.0,53.5,0.0,31.16666666666666,24,1,3,2,9,9,1,2,2.0,2,2,1,74,1254,3169,912308,3,1,1,9,9,1,74,1254,3123
91230803102.0,91230803,912308031,107.83333333333331,51.83333333333333,0.0,0.0,0.0,0.0,0.0,107.83333333333331,10.16666666666666,3.5,4.66666666666666,2.0,0.0,0.0,0.0,0.0,90.66666666666666,34.66666666666666,0.0,0.0,90.66666666666666,34.66666666666666,0.0,0.0,0.0,0.0,0.0,7.0,0.0,0.0,0.0,0.0,7.0,0.0,0.0,76.66666666666666,0.0,52.5,22,2,6,1,9,9,1,2,3.0,2,2,5,74,1254,3136,912308,3,1,2,9,9,1,74,1254,3123
91230804101.0,91230804,912308041,10.58333333333333,10.58333333333333,0.0,0.0,0.0,0.0,0.0,10.58333333333333,8.58333333333333,0.58333333333333,5.0,0.0,0.0,3.0,0.0,0.0,2.0,2.0,0.0,0.0,0.0,0.0,0.0,0.0,2.0,0.0,0.0,0.0,0.0,0.0,0.0,0.0,0.0,0.0,0.0,122.0,0.0,34.0,63,2,6,3,9,9,1,2,3.0,2,2,5,74,1254,3075,912308,4,1,1,9,9,1,74,1254,3123
90637401104.0,90637401,906374011,74.16666666666666,74.16666666666666,60.0,48.0,12.0,0.0,0.0,14.16666666666666,14.16666666666666,3.5,4.41666666666666,2.25,0.0,3.0,0.0,1.0,0.0,0.0,0.0,0.0,0.0,0.0,0.0,0.0,0.0,0.0,0.0,0.0,0.0,0.0,0.0,0.0,0.0,0.0,0.0,79.5,0.0,28.58333333333333,60,2,3,2,9,9,1,2,2.0,2,2,1,74,1202,3341,906374,1,1,4,9,9,1,74,1202,3393
90637402101.0,90637402,906374021,18.0,18.0,0.0,0.0,0.0,0.0,0.0,18.0,18.0,12.5,5.0,0.5,0.0,0.0,0.0,0.0,0.0,0.0,0.0,0.0,0.0,0.0,0.0,0.0,0.0,0.0,0.0,0.0,0.0,0.0,0.0,0.0,0.0,0.0,0.0,81.5,0.0,8.0,82,2,2,6,9,9,1,2,2.0,2,2,5,74,1202,3481,906374,2,1,1,9,9,1,74,1202,3393
90637403101.0,90637403,906374031,29.5,29.5,6.0,0.0,0.0,6.0,14.0,9.5,9.5,0.0,6.58333333333333,0.66666666666666,0.0,2.0,0.0,0.25,0.0,0.0,0.0,0.0,0.0,0.0,0.0,0.0,0.0,0.0,0.0,0.0,0.0,0.0,0.0,0.0,0.0,0.0,0.0,74.5,0.0,37.0,60,1,6,3,9,9,1,2,3.0,2,2,2,74,1202,3374,906374,3,1,1,9,9,1,74,1202,3393
90637403102.0,90637403,906374031,58.25,58.25,45.0,40.0,5.0,0.0,0.0,13.25,13.25,7.0,2.5,1.83333333333333,0.0,1.5,0.0,0.41666666666666,0.0,0.0,0.0,0.0,0.0,0.0,0.0,0.0,0.0,0.0,0.0,0.0,0.0,0.0,0.0,0.0,0.0,0.0,0.0,74.5,0.0,31.5,56,2,8,4,9,9,1,2,4.0,2,2,1,74,1202,3312,906374,3,1,2,9,9,1,74,1202,3393
90637404101.0,90637404,906374041,20.5,20.5,0.0,0.0,0.0,0.0,0.0,20.5,14.5,0.0,7.5,2.0,0.0,3.0,0.0,2.0,0.0,0.0,0.0,0.0,0.0,0.0,0.0,0.0,0.0,0.0,0.0,6.0,6.0,0.0,0.0,6.0,0.0,0.0,0.0,74.5,0.0,42.0,63,1,6,3,9,9,1,2,3.0,2,2,5,74,1202,3374,906374,4,1,1,9,9,1,74,1202,3393
90637405101.0,90637405,906374051,111.5,97.5,8.0,6.0,2.0,0.0,0.0,103.5,80.0,28.0,35.5,8.5,0.0,6.0,2.0,0.0,23.5,9.5,23.5,9.5,0.0,0.0,0.0,0.0,0.0,0.0,0.0,0.0,0.0,0.0,0.0,0.0,0.0,0.0,0.0,63.0,0.0,15.0,63,2,3,3,9,9,1,2,2.0,2,2,1,74,1202,3341,906374,5,1,1,9,9,1,74,1202,3393
90637405102.0,90637405,906374051,48.08333333333333,48.08333333333333,44.0,38.0,6.0,0.0,0.0,4.08333333333333,4.08333333333333,0.0,2.83333333333333,0.91666666666666,0.0,0.0,0.0,0.33333333333333,0.0,0.0,0.0,0.0,0.0,0.0,0.0,0.0,0.0,0.0,0.0,0.0,0.0,0.0,0.0,0.0,0.0,0.0,0.0,50.5,0.0,47.41666666666666,28,1,8,4,9,9,1,2,4.0,2,2,1,74,1202,3425,906374,5,1,2,9,9,1,74,1202,3393
91230804102.0,91230804,912308041,107.5,107.5,105.25,105.0,0.25,0.0,0.0,2.25,2.25,0.25,0.0,0.0,2.0,0.0,0.0,0.0,0.0,0.0,0.0,0.0,0.0,0.0,0.0,0.0,0.0,0.0,0.0,0.0,0.0,0.0,0.0,0.0,0.0,0.0,0.0,48.5,0.0,3.66666666666666,42,1,6,1,9,9,1,2,3.0,2,2,1,74,1254,3182,912308,4,1,2,9,9,1,74,1254,3123
91230804103.0,91230804,912308041,126.83333333333331,88.83333333333333,78.0,48.0,30.0,0.0,0.0,48.83333333333333,10.33333333333333,4.58333333333333,2.0,0.75,0.0,3.0,0.0,0.0,38.5,0.5,0.0,0.0,0.0,0.0,0.0,0.0,0.0,38.5,0.5,0.0,0.0,0.0,0.0,0.0,0.0,0.0,0.0,55.0,0.0,24.0,38,2,6,3,9,9,1,2,3.0,2,2,1,74,1254,3079,912308,4,1,3,9,9,1,74,1254,3123
91230804104.0,91230804,912308041,87.75,87.75,68.0,54.0,14.0,0.0,0.0,19.75,19.75,4.16666666666666,10.0,3.58333333333333,0.0,2.0,0.0,0.0,0.0,0.0,0.0,0.0,0.0,0.0,0.0,0.0,0.0,0.0,0.0,0.0,0.0,0.0,0.0,0.0,0.0,0.0,0.0,80.0,0.0,20.0,36,1,6,3,9,9,1,2,3.0,2,2,1,74,1254,3124,912308,4,1,4,9,9,1,74,1254,3123
91491505102.0,91491505,914915051,114.5,114.5,76.0,58.0,18.0,0.0,0.0,38.5,28.5,16.5,2.0,6.0,0.0,3.0,1.0,0.0,10.0,10.0,0.0,0.0,0.0,0.0,6.5,6.5,3.5,0.0,0.0,0.0,0.0,0.0,0.0,0.0,0.0,0.0,0.0,75.5,0.0,27.0,36,2,6,3,9,9,1,2,3.0,2,2,1,73,1269,3946,914915,5,1,2,9,9,1,73,1269,3997
91491505103.0,91491505,914915051,7.83333333333333,7.83333333333333,0.0,0.0,0.0,0.0,0.0,7.83333333333333,7.0,1.5,4.5,1.0,0.0,0.0,0.0,0.0,0.83333333333333,0.83333333333333,0.0,0.0,0.0,0.0,0.83333333333333,0.83333333333333,0.0,0.0,0.0,0.0,0.0,0.0,0.0,0.0,0.0,0.0,0.0,81.33333333333333,45.0,37.5,15,1,3,2,9,9,1,2,2.0,2,2,4,73,1269,4029,914915,5,1,3,9,9,1,73,1269,3997
91491505104.0,91491505,914915051,4.0,4.0,0.0,0.0,0.0,0.0,0.0,4.0,4.0,1.0,2.0,1.0,0.0,0.0,0.0,0.0,0.0,0.0,0.0,0.0,0.0,0.0,0.0,0.0,0.0,0.0,0.0,0.0,0.0,0.0,0.0,0.0,0.0,0.0,0.0,73.5,43.0,23.0,12,2,2,6,9,9,1,2,2.0,2,2,4,73,1269,3994,914915,5,1,4,9,9,1,73,1269,3997
91496501101.0,91496501,914965011,32.58333333333333,32.58333333333333,0.0,0.0,0.0,0.0,0.0,32.58333333333333,32.58333333333333,9.0,15.25,3.5,1.0,3.0,0.5,0.33333333333333,0.0,0.0,0.0,0.0,0.0,0.0,0.0,0.0,0.0,0.0,0.0,0.0,0.0,0.0,0.0,0.0,0.0,0.0,0.0,65.25,0.0,29.66666666666666,66,1,8,5,9,9,1,2,4.0,2,2,3,74,1270,3951,914965,1,1,1,9,9,1,74,1270,3980
91499002103.0,91499002,914990021,52.25,52.25,18.5,15.0,3.5,0.0,17.0,16.75,10.75,0.5,6.16666666666666,1.5,0.0,1.0,1.58333333333333,0.0,0.0,0.0,0.0,0.0,0.0,0.0,0.0,0.0,0.0,0.0,0.0,6.0,6.0,0.0,0.0,6.0,0.0,0.0,0.0,55.25,0.0,12.0,25,1,6,2,9,9,1,2,3.0,2,2,1,74,1271,4427,914990,2,1,3,9,9,1,74,1271,4386
91499002104.0,91499002,914990021,40.66666666666666,40.66666666666666,0.0,0.0,0.0,0.0,10.0,30.66666666666666,30.66666666666666,4.33333333333333,21.0,5.0,0.0,0.0,0.0,0.33333333333333,0.0,0.0,0.0,0.0,0.0,0.0,0.0,0.0,0.0,0.0,0.0,0.0,0.0,0.0,0.0,0.0,0.0,0.0,0.0,80.0,7.0,25.0,17,1,6,2,9,9,1,2,3.0,2,2,4,74,1271,4416,914990,2,1,4,9,9,1,74,1271,4386
91499003101.0,91499003,914990031,45.66666666666666,45.66666666666666,40.0,35.0,5.0,0.0,1.0,4.66666666666666,2.66666666666666,1.0,1.16666666666666,0.0,0.0,0.0,0.5,0.0,2.0,2.0,0.0,0.0,2.0,2.0,0.0,0.0,0.0,0.0,0.0,0.0,0.0,0.0,0.0,0.0,0.0,0.0,0.0,57.5,0.0,7.5,39,1,2,6,9,9,1,2,2.0,1,2,1,74,1271,4387,914990,3,1,1,9,9,1,74,1271,4386
91499003102.0,91499003,914990031,97.16666666666666,89.16666666666666,42.5,40.0,2.5,0.0,2.0,52.66666666666666,21.66666666666666,14.0,2.0,3.0,0.0,1.5,0.0,1.16666666666666,31.0,23.0,0.0,0.0,31.0,23.0,0.0,0.0,0.0,0.0,0.0,0.0,0.0,0.0,0.0,0.0,0.0,0.0,0.0,52.0,0.0,15.0,35,2,0,0,9,9,1,2,1.0,2,2,1,74,1271,4324,914990,3,1,2,9,9,1,74,1271,4386
91499003103.0,91499003,914990031,41.16666666666666,41.16666666666666,0.0,0.0,0.0,0.0,15.0,26.16666666666666,19.16666666666666,9.5,5.16666666666666,1.5,1.0,2.0,0.0,0.0,7.0,7.0,0.0,0.0,7.0,7.0,0.0,0.0,0.0,0.0,0.0,0.0,0.0,0.0,0.0,0.0,0.0,0.0,0.0,88.66666666666666,0.0,28.0,17,2,6,1,9,9,1,2,3.0,2,2,5,74,1271,4400,914990,3,1,3,9,9,1,74,1271,4386
91499004101.0,91499004,914990041,172.08333333333331,132.08333333333331,42.5,40.0,2.5,0.0,0.0,129.58333333333331,40.08333333333333,19.5,10.0,3.0,2.0,3.0,0.5,2.08333333333333,89.5,49.5,0.0,0.0,89.5,49.5,0.0,0.0,0.0,0.0,0.0,0.0,0.0,0.0,0.0,0.0,0.0,0.0,0.0,51.5,0.0,22.33333333333333,33,2,8,4,9,9,1,2,4.0,2,2,1,74,1271,4330,914990,4,1,1,9,9,1,74,1271,4386
91499005101.0,91499005,914990051,73.46666666666665,73.46666666666665,60.0,40.0,20.0,0.0,0.0,13.46666666666666,13.46666666666666,2.05,10.0,0.5,0.0,0.0,0.5,0.41666666666666,0.0,0.0,0.0,0.0,0.0,0.0,0.0,0.0,0.0,0.0,0.0,0.0,0.0,0.0,0.0,0.0,0.0,0.0,0.0,59.5,0.0,24.5,64,1,3,3,9,9,1,2,2.0,2,2,1,74,1271,4361,914990,5,1,1,9,9,1,74,1271,4386
91496501102.0,91496501,914965011,22.0,22.0,0.0,0.0,0.0,0.0,0.0,22.0,18.0,9.0,5.5,0.0,0.0,2.0,1.0,0.5,4.0,4.0,0.0,0.0,0.0,0.0,0.0,0.0,0.0,4.0,4.0,0.0,0.0,0.0,0.0,0.0,0.0,0.0,0.0,76.5,0.0,31.0,60,2,6,3,9,9,1,2,3.0,2,2,5,74,1270,3918,914965,1,1,2,9,9,1,74,1270,3980
91496501103.0,91496501,914965011,74.91666666666666,74.91666666666666,41.5,40.0,1.5,0.0,0.0,33.41666666666666,24.41666666666666,10.5,6.33333333333333,4.0,0.0,2.0,1.0,0.58333333333333,9.0,9.0,0.0,0.0,0.0,0.0,0.0,0.0,0.0,9.0,9.0,0.0,0.0,0.0,0.0,0.0,0.0,0.0,0.0,74.5,0.0,35.0,29,2,8,4,9,9,1,2,4.0,2,2,1,74,1270,3950,914965,1,1,3,9,9,1,74,1270,3980
91496502101.0,91496502,914965021,91.0,88.5,54.5,46.0,8.5,0.0,16.0,20.5,13.0,5.0,3.33333333333333,1.66666666666666,0.0,2.75,0.0,0.25,7.5,5.0,0.0,0.0,7.5,5.0,0.0,0.0,0.0,0.0,0.0,0.0,0.0,0.0,0.0,0.0,0.0,0.0,0.0,53.33333333333333,0.0,18.75,63,1,3,3,9,9,1,2,2.0,2,2,1,74,1270,3957,914965,2,1,1,9,9,1,74,1270,3980
91496502102.0,91496502,914965021,107.41666666666666,97.41666666666666,50.0,40.0,10.0,0.0,2.0,55.41666666666666,35.41666666666666,14.5,9.41666666666666,8.08333333333333,0.0,3.0,0.0,0.41666666666666,20.0,10.0,0.0,0.0,20.0,10.0,0.0,0.0,0.0,0.0,0.0,0.0,0.0,0.0,0.0,0.0,0.0,0.0,0.0,69.16666666666666,0.0,17.0,62,2,6,2,9,9,1,2,3.0,1,2,1,74,1270,3918,914965,2,1,2,9,9,1,74,1270,3980
91496502103.0,91496502,914965021,40.41666666666666,40.41666666666666,28.0,24.0,4.0,0.0,0.0,12.41666666666666,12.41666666666666,1.5,8.25,1.16666666666666,0.66666666666666,0.16666666666666,0.0,0.66666666666666,0.0,0.0,0.0,0.0,0.0,0.0,0.0,0.0,0.0,0.0,0.0,0.0,0.0,0.0,0.0,0.0,0.0,0.0,0.0,77.25,0.0,24.75,27,1,8,5,9,9,1,2,4.0,2,2,1,74,1270,4017,914965,2,1,3,9,9,1,74,1270,3980
91496502104.0,91496502,914965021,101.33333333333331,100.33333333333331,90.0,70.0,20.0,0.0,0.0,11.33333333333333,4.83333333333333,1.0,0.5,0.25,0.25,2.0,0.25,0.58333333333333,6.5,5.5,0.0,0.0,3.5,2.5,0.0,0.0,3.0,0.0,0.0,0.0,0.0,0.0,0.0,0.0,0.0,0.0,0.0,64.5,0.0,13.0,34,1,8,5,9,9,1,2,4.0,2,2,1,74,1270,4044,914965,2,1,4,9,9,1,74,1270,3980
91496502105.0,91496502,914965021,145.08333333333331,132.08333333333331,94.0,70.0,24.0,0.0,0.0,51.08333333333333,14.08333333333333,5.5,2.5,3.0,0.0,2.0,0.25,0.83333333333333,37.0,24.0,0.0,0.0,36.0,23.0,0.0,0.0,0.0,1.0,1.0,0.0,0.0,0.0,0.0,0.0,0.0,0.0,0.0,59.5,0.0,11.0,34,2,8,5,9,9,1,2,4.0,2,2,1,74,1270,3929,914965,2,1,5,9,9,1,74,1270,3980
91499005102.0,91499005,914990051,79.75,79.75,42.0,36.0,6.0,0.0,0.0,37.75,36.75,8.0,24.5,3.75,0.0,0.0,0.0,0.5,0.0,0.0,0.0,0.0,0.0,0.0,0.0,0.0,0.0,0.0,0.0,1.0,0.0,0.0,0.0,0.0,1.0,0.0,0.0,65.25,0.0,19.5,55,2,7,4,9,9,1,2,4.0,2,2,1,74,1271,4281,914990,5,1,2,9,9,1,74,1271,4386
91506901101.0,91506901,915069011,2.0,2.0,0.0,0.0,0.0,0.0,0.0,2.0,2.0,0.0,0.41666666666666,1.0,0.0,0.0,0.25,0.33333333333333,0.0,0.0,0.0,0.0,0.0,0.0,0.0,0.0,0.0,0.0,0.0,0.0,0.0,0.0,0.0,0.0,0.0,0.0,0.0,69.33333333333333,0.0,22.0,58,1,8,3,9,9,1,2,4.0,2,2,3,73,1272,4364,915069,1,1,1,9,9,1,73,1272,4340
91506901102.0,91506901,915069011,6.75,6.75,0.0,0.0,0.0,0.0,0.0,6.75,6.75,5.25,0.0,1.0,0.0,0.0,0.0,0.5,0.0,0.0,0.0,0.0,0.0,0.0,0.0,0.0,0.0,0.0,0.0,0.0,0.0,0.0,0.0,0.0,0.0,0.0,0.0,83.5,0.0,18.25,60,2,6,3,9,9,1,2,3.0,2,2,5,73,1272,4278,915069,1,1,2,9,9,1,73,1272,4340
91506902101.0,91506902,915069021,18.08333333333333,18.08333333333333,0.0,0.0,0.0,0.0,0.0,18.08333333333333,15.08333333333333,5.0,1.25,2.5,1.0,5.0,0.0,0.33333333333333,3.0,3.0,0.0,0.0,0.0,0.0,0.0,0.0,3.0,0.0,0.0,0.0,0.0,0.0,0.0,0.0,0.0,0.0,0.0,77.25,0.0,16.0,77,2,3,3,9,9,1,2,2.0,2,2,5,73,1272,4349,915069,2,1,1,9,9,1,73,1272,4340
91506902102.0,91506902,915069021,53.91666666666666,49.91666666666666,45.0,45.0,0.0,0.0,0.0,8.91666666666666,4.91666666666666,4.83333333333333,0.08333333333333,0.0,0.0,0.0,0.0,0.0,4.0,0.0,0.0,0.0,0.0,0.0,0.0,0.0,0.0,4.0,0.0,0.0,0.0,0.0,0.0,0.0,0.0,0.0,0.0,32.5,5.75,4.5,44,1,8,3,9,9,1,2,4.0,2,2,1,73,1272,4427,915069,2,1,2,9,9,1,73,1272,4340
91506902103.0,91506902,915069021,27.0,27.0,27.0,24.0,3.0,0.0,0.0,0.0,0.0,0.0,0.0,0.0,0.0,0.0,0.0,0.0,0.0,0.0,0.0,0.0,0.0,0.0,0.0,0.0,0.0,0.0,0.0,0.0,0.0,0.0,0.0,0.0,0.0,0.0,0.0,91.0,0.0,9.5,44,1,3,3,9,9,1,2,2.0,2,2,1,73,1272,4427,915069,2,1,3,9,9,1,73,1272,4340
91506902104.0,91506902,915069021,51.16666666666666,39.16666666666666,35.0,35.0,0.0,0.0,0.0,16.16666666666666,4.16666666666666,2.16666666666666,1.0,1.0,0.0,0.0,0.0,0.0,12.0,0.0,0.0,0.0,0.0,0.0,0.0,0.0,0.0,12.0,0.0,0.0,0.0,0.0,0.0,0.0,0.0,0.0,0.0,69.5,0.0,22.5,35,2,8,4,9,9,1,2,4.0,2,2,1,73,1272,4284,915069,2,1,4,9,9,1,73,1272,4340
91496503101.0,91496503,914965031,91.83333333333331,91.83333333333331,76.33333333333333,74.0,2.33333333333333,0.0,0.0,15.49999999999999,15.49999999999999,9.33333333333333,1.75,1.83333333333333,0.0,2.0,0.0,0.58333333333333,0.0,0.0,0.0,0.0,0.0,0.0,0.0,0.0,0.0,0.0,0.0,0.0,0.0,0.0,0.0,0.0,0.0,0.0,0.0,56.0,0.0,11.5,42,2,6,2,9,9,1,2,3.0,2,2,1,74,1270,3924,914965,3,1,1,9,9,1,74,1270,3980
91496504101.0,91496504,914965041,84.66666666666666,84.66666666666666,15.0,12.0,3.0,0.0,5.0,64.66666666666666,21.66666666666666,9.5,5.0,5.0,0.0,1.0,0.5,0.66666666666666,39.0,39.0,0.0,0.0,0.0,0.0,22.0,22.0,17.0,0.0,0.0,4.0,0.0,0.0,0.0,0.0,4.0,0.0,0.0,53.0,0.0,28.41666666666666,35,2,3,2,9,9,1,2,2.0,1,2,1,74,1270,3924,914965,4,1,1,9,9,1,74,1270,3980
91496504102.0,91496504,914965041,42.08333333333333,23.08333333333333,0.0,0.0,0.0,0.0,0.0,42.08333333333333,6.08333333333333,4.0,1.5,0.0,0.0,0.0,0.0,0.58333333333333,36.0,17.0,0.0,0.0,0.0,0.0,24.0,5.0,12.0,0.0,0.0,0.0,0.0,0.0,0.0,0.0,0.0,0.0,0.0,84.5,56.0,16.5,15,2,3,3,9,9,1,2,2.0,2,2,4,74,1270,3993,914965,4,1,2,9,9,1,74,1270,3980
91496505101.0,91496505,914965051,83.33333333333333,83.33333333333333,65.0,45.0,20.0,0.0,0.0,18.33333333333333,18.33333333333333,7.5,7.66666666666666,0.33333333333333,0.0,2.0,0.0,0.83333333333333,0.0,0.0,0.0,0.0,0.0,0.0,0.0,0.0,0.0,0.0,0.0,0.0,0.0,0.0,0.0,0.0,0.0,0.0,0.0,72.5,0.0,15.0,48,1,8,5,9,9,1,2,4.0,2,2,1,74,1270,4005,914965,5,1,1,9,9,1,74,1270,3980
91499001101.0,91499001,914990011,103.08333333333331,103.08333333333331,84.0,60.0,24.0,0.0,0.0,19.08333333333333,19.08333333333333,7.66666666666666,4.33333333333333,3.0,0.0,3.0,0.5,0.58333333333333,0.0,0.0,0.0,0.0,0.0,0.0,0.0,0.0,0.0,0.0,0.0,0.0,0.0,0.0,0.0,0.0,0.0,0.0,0.0,42.0,0.0,28.0,28,1,6,3,9,9,1,2,3.0,1,2,1,74,1271,4427,914990,1,1,1,9,9,1,74,1271,4386
91499002101.0,91499002,914990021,65.33333333333333,65.33333333333333,42.0,40.0,2.0,0.0,11.0,12.33333333333333,5.33333333333333,1.0,1.16666666666666,1.16666666666666,0.0,2.0,0.0,0.0,0.0,0.0,0.0,0.0,0.0,0.0,0.0,0.0,0.0,0.0,0.0,7.0,7.0,0.0,0.0,7.0,0.0,0.0,0.0,80.0,0.0,4.5,50,1,3,2,9,9,1,2,2.0,2,2,1,74,1271,4393,914990,2,1,1,9,9,1,74,1271,4386
91499002102.0,91499002,914990021,112.83333333333331,112.83333333333331,72.0,60.0,12.0,0.0,5.16666666666666,35.66666666666666,35.66666666666666,24.0,8.16666666666666,1.5,0.0,2.0,0.0,0.0,0.0,0.0,0.0,0.0,0.0,0.0,0.0,0.0,0.0,0.0,0.0,0.0,0.0,0.0,0.0,0.0,0.0,0.0,0.0,55.16666666666666,0.0,5.83333333333333,47,2,3,3,9,9,1,2,2.0,1,2,1,74,1271,4316,914990,2,1,2,9,9,1,74,1271,4386
90642205101.0,90642205,906422051,79.83333333333333,79.83333333333333,64.16666666666666,63.0,1.16666666666666,0.0,0.0,15.66666666666666,15.66666666666666,4.25,9.5,1.33333333333333,0.0,0.33333333333333,0.0,0.25,0.0,0.0,0.0,0.0,0.0,0.0,0.0,0.0,0.0,0.0,0.0,0.0,0.0,0.0,0.0,0.0,0.0,0.0,0.0,66.5,0.0,7.83333333333333,59,1,6,2,9,9,1,2,3.0,2,2,1,74,1203,3334,906422,5,1,1,9,9,1,74,1203,3320
90652201101.0,90652201,906522011,57.08333333333333,57.08333333333333,52.5,40.0,12.5,0.0,0.0,4.58333333333333,4.58333333333333,1.5,1.5,0.0,0.0,1.33333333333333,0.0,0.25,0.0,0.0,0.0,0.0,0.0,0.0,0.0,0.0,0.0,0.0,0.0,0.0,0.0,0.0,0.0,0.0,0.0,0.0,0.0,60.5,0.0,6.5,75,1,3,2,9,9,1,2,2.0,2,1,1,76,1204,4929,906522,1,1,1,9,9,1,76,1204,4813
90652201102.0,90652201,906522011,0.0,0.0,0.0,0.0,0.0,0.0,0.0,0.0,0.0,0.0,0.0,0.0,0.0,0.0,0.0,0.0,0.0,0.0,0.0,0.0,0.0,0.0,0.0,0.0,0.0,0.0,0.0,0.0,0.0,0.0,0.0,0.0,0.0,0.0,0.0,84.0,0.0,8.0,48,1,3,3,9,9,1,2,2.0,2,1,6,76,1204,4873,906522,1,1,2,9,9,1,76,1204,4813
90652201103.0,90652201,906522011,122.58333333333331,122.58333333333331,106.0,70.0,36.0,0.0,3.0,13.58333333333333,11.66666666666666,8.16666666666666,0.5,0.0,0.0,0.0,0.0,3.0,1.91666666666666,1.91666666666666,1.91666666666666,1.91666666666666,0.0,0.0,0.0,0.0,0.0,0.0,0.0,0.0,0.0,0.0,0.0,0.0,0.0,0.0,0.0,38.5,0.0,0.0,48,2,7,3,9,9,1,2,4.0,2,2,1,76,1204,4765,906522,1,1,3,9,9,1,76,1204,4813
90652202101.0,90652202,906522021,66.33333333333333,66.33333333333333,40.83333333333333,40.0,0.83333333333333,0.0,5.0,20.5,15.16666666666666,5.0,8.16666666666666,0.5,1.5,0.0,0.0,0.0,5.33333333333333,5.33333333333333,0.0,0.0,5.33333333333333,5.33333333333333,0.0,0.0,0.0,0.0,0.0,0.0,0.0,0.0,0.0,0.0,0.0,0.0,0.0,50.5,0.0,8.0,27,1,6,2,9,9,1,2,3.0,2,2,1,76,1204,4887,906522,2,1,1,9,9,1,76,1204,4813
90652202102.0,90652202,906522021,88.91666666666666,88.91666666666666,35.16666666666666,35.0,0.16666666666666,0.0,0.0,53.75,47.58333333333333,7.83333333333333,37.75,1.0,0.0,0.0,0.0,1.0,6.16666666666666,6.16666666666666,0.0,0.0,6.16666666666666,6.16666666666666,0.0,0.0,0.0,0.0,0.0,0.0,0.0,0.0,0.0,0.0,0.0,0.0,0.0,66.0,0.0,24.0,31,2,6,3,9,9,1,2,3.0,2,2,1,76,1204,4780,906522,2,1,2,9,9,1,76,1204,4813
90652202103.0,90652202,906522021,15.0,15.0,0.0,0.0,0.0,0.0,0.0,15.0,15.0,4.0,11.0,0.0,0.0,0.0,0.0,0.0,0.0,0.0,0.0,0.0,0.0,0.0,0.0,0.0,0.0,0.0,0.0,0.0,0.0,0.0,0.0,0.0,0.0,0.0,0.0,65.75,0.0,14.0,73,2,2,6,9,9,1,2,2.0,2,2,5,76,1204,4844,906522,2,1,3,9,9,1,76,1204,4813
90285903101.0,90285903,902859031,114.25,114.25,48.0,36.0,12.0,0.0,0.0,66.24999999999999,45.24999999999999,21.0,13.16666666666666,7.0,0.0,3.5,0.0,0.58333333333333,1.0,1.0,0.0,0.0,0.0,0.0,0.0,0.0,1.0,0.0,0.0,20.0,20.0,15.0,5.0,0.0,0.0,0.0,0.0,94.5,0.0,29.0,44,2,0,0,9,9,1,2,1.0,2,2,1,74,1175,3758,902859,3,1,1,9,9,1,74,1175,3812
90285903102.0,90285903,902859031,6.83333333333333,6.83333333333333,0.0,0.0,0.0,0.0,0.0,6.83333333333333,5.58333333333333,0.0,3.0,2.0,0.0,0.0,0.0,0.58333333333333,1.25,1.25,0.0,0.0,0.0,0.0,0.0,0.0,1.25,0.0,0.0,0.0,0.0,0.0,0.0,0.0,0.0,0.0,0.0,90.33333333333331,49.5,25.33333333333333,16,1,6,2,9,9,1,2,3.0,2,2,4,74,1175,3838,902859,3,1,2,9,9,1,74,1175,3812
90285904101.0,90285904,902859041,70.5,70.5,54.0,48.0,6.0,0.0,0.0,16.5,16.5,5.66666666666666,6.91666666666666,1.33333333333333,0.0,2.0,0.0,0.58333333333333,0.0,0.0,0.0,0.0,0.0,0.0,0.0,0.0,0.0,0.0,0.0,0.0,0.0,0.0,0.0,0.0,0.0,0.0,0.0,66.0,0.0,36.0,65,1,3,3,9,9,1,2,2.0,2,2,1,74,1175,3784,902859,4,1,1,9,9,1,74,1175,3812
90285905101.0,90285905,902859051,108.56666666666666,108.56666666666666,63.0,57.0,6.0,0.0,0.0,45.56666666666666,16.06666666666666,9.0,4.74999999999999,1.5,0.0,0.5,0.08333333333333,0.23333333333333,29.5,29.5,21.5,21.5,0.0,0.0,0.0,0.0,0.0,8.0,8.0,0.0,0.0,0.0,0.0,0.0,0.0,0.0,0.0,32.0,0.0,42.08333333333333,51,2,3,3,9,9,1,2,2.0,2,2,1,74,1175,3782,902859,5,1,1,9,9,1,74,1175,3812
90285905102.0,90285905,902859051,35.16666666666666,35.16666666666666,0.0,0.0,0.0,0.0,0.0,35.16666666666666,28.16666666666666,14.0,14.16666666666666,0.0,0.0,0.0,0.0,0.0,7.0,7.0,7.0,7.0,0.0,0.0,0.0,0.0,0.0,0.0,0.0,0.0,0.0,0.0,0.0,0.0,0.0,0.0,0.0,90.0,0.0,77.0,73,2,2,6,9,9,1,2,2.0,2,2,5,74,1175,3814,902859,5,1,2,9,9,1,74,1175,3812
90285905103.0,90285905,902859051,15.0,15.0,0.0,0.0,0.0,0.0,0.0,15.0,0.0,0.0,0.0,0.0,0.0,0.0,0.0,0.0,15.0,15.0,0.0,0.0,0.0,0.0,0.0,0.0,7.0,8.0,8.0,0.0,0.0,0.0,0.0,0.0,0.0,0.0,0.0,121.0,0.0,84.0,27,1,8,3,9,9,1,2,4.0,2,1,6,74,1175,3847,902859,5,1,3,9,9,1,74,1175,3812
91202301103.0,91202301,912023011,92.16666666666666,92.16666666666666,66.0,60.0,6.0,0.0,0.0,26.16666666666666,26.16666666666666,9.0,14.16666666666666,3.0,0.0,0.0,0.0,0.0,0.0,0.0,0.0,0.0,0.0,0.0,0.0,0.0,0.0,0.0,0.0,0.0,0.0,0.0,0.0,0.0,0.0,0.0,0.0,69.16666666666666,0.0,14.0,38,2,8,5,9,9,1,2,4.0,1,2,1,73,1250,4056,912023,1,1,3,9,9,1,73,1250,4109
90652203101.0,90652203,906522031,1.41666666666666,1.41666666666666,0.0,0.0,0.0,0.0,0.0,1.41666666666666,1.41666666666666,0.0,0.41666666666666,0.5,0.0,0.5,0.0,0.0,0.0,0.0,0.0,0.0,0.0,0.0,0.0,0.0,0.0,0.0,0.0,0.0,0.0,0.0,0.0,0.0,0.0,0.0,0.0,74.0,0.0,37.0,75,2,2,6,9,9,1,2,2.0,2,2,5,76,1204,4846,906522,3,1,1,9,9,1,76,1204,4813
90652203102.0,90652203,906522031,81.16666666666666,81.16666666666666,65.0,52.0,13.0,0.0,0.0,16.16666666666666,14.16666666666666,6.0,1.16666666666666,4.0,0.0,3.0,0.0,0.0,2.0,2.0,0.0,0.0,0.0,0.0,0.0,0.0,2.0,0.0,0.0,0.0,0.0,0.0,0.0,0.0,0.0,0.0,0.0,51.66666666666666,0.0,10.5,51,2,6,3,9,9,1,2,3.0,2,2,1,76,1204,4803,906522,3,1,2,9,9,1,76,1204,4813
90652203103.0,90652203,906522031,65.33333333333333,65.33333333333333,51.0,45.0,6.0,0.0,0.0,14.33333333333333,2.33333333333333,0.0,2.0,0.0,0.0,0.0,0.33333333333333,0.0,10.0,10.0,0.0,0.0,0.0,0.0,0.0,0.0,10.0,0.0,0.0,2.0,2.0,2.0,0.0,0.0,0.0,0.0,0.0,57.5,13.5,27.5,23,2,6,3,9,9,1,2,3.0,2,2,1,76,1204,4862,906522,3,1,3,9,9,1,76,1204,4813
90652203104.0,90652203,906522031,25.9,25.9,22.4,22.0,0.4,0.0,0.0,3.5,3.5,0.0,2.0,1.5,0.0,0.0,0.0,0.0,0.0,0.0,0.0,0.0,0.0,0.0,0.0,0.0,0.0,0.0,0.0,0.0,0.0,0.0,0.0,0.0,0.0,0.0,0.0,66.0,63.0,8.33333333333333,21,2,8,1,9,9,1,2,4.0,2,2,1,76,1204,4862,906522,3,1,4,9,9,1,76,1204,4813
90652204101.0,90652204,906522041,70.58333333333333,70.58333333333333,56.5,53.0,3.5,0.0,0.0,14.08333333333333,11.08333333333333,6.0,2.08333333333333,3.0,0.0,0.0,0.0,0.0,3.0,3.0,0.0,0.0,0.0,0.0,0.0,0.0,3.0,0.0,0.0,0.0,0.0,0.0,0.0,0.0,0.0,0.0,0.0,91.5,0.0,12.0,34,2,3,2,9,9,1,2,2.0,2,2,1,76,1204,4780,906522,4,1,1,9,9,1,76,1204,4813
90652204102.0,90652204,906522041,17.25,17.25,0.0,0.0,0.0,0.0,0.0,17.25,0.25,0.0,0.0,0.25,0.0,0.0,0.0,0.0,12.0,12.0,0.0,0.0,0.0,0.0,0.0,0.0,12.0,0.0,0.0,5.0,5.0,5.0,0.0,0.0,0.0,0.0,0.0,104.5,47.5,33.5,16,1,6,1,9,9,1,2,3.0,2,2,4,76,1204,4875,906522,4,1,2,9,9,1,76,1204,4813
90652205101.0,90652205,906522051,0.0,0.0,0.0,0.0,0.0,0.0,0.0,0.0,0.0,0.0,0.0,0.0,0.0,0.0,0.0,0.0,0.0,0.0,0.0,0.0,0.0,0.0,0.0,0.0,0.0,0.0,0.0,0.0,0.0,0.0,0.0,0.0,0.0,0.0,0.0,69.0,0.0,11.5,66,2,2,6,9,9,1,2,2.0,2,1,6,76,1204,4808,906522,5,1,1,9,9,1,76,1204,4813
91202302101.0,91202302,912023021,68.75,68.75,54.0,48.0,6.0,0.0,0.0,14.75,3.75,0.0,2.58333333333333,0.66666666666666,0.0,0.0,0.5,0.0,11.0,11.0,0.0,0.0,0.0,0.0,0.0,0.0,11.0,0.0,0.0,0.0,0.0,0.0,0.0,0.0,0.0,0.0,0.0,66.16666666666666,0.0,48.5,30,1,6,3,9,9,1,2,3.0,2,2,1,73,1250,4180,912023,2,1,1,9,9,1,73,1250,4109
91202302102.0,91202302,912023021,11.33333333333333,11.33333333333333,0.0,0.0,0.0,0.0,0.0,11.33333333333333,11.33333333333333,0.75,5.0,3.0,0.0,2.5,0.08333333333333,0.0,0.0,0.0,0.0,0.0,0.0,0.0,0.0,0.0,0.0,0.0,0.0,0.0,0.0,0.0,0.0,0.0,0.0,0.0,0.0,152.0,0.0,17.25,30,2,8,5,9,9,1,2,4.0,2,2,5,73,1250,4062,912023,2,1,2,9,9,1,73,1250,4109
91202303101.0,91202303,912023031,61.24999999999999,61.24999999999999,45.0,35.0,10.0,0.0,0.0,16.24999999999999,16.24999999999999,3.5,4.08333333333333,8.0,0.0,0.0,0.08333333333333,0.58333333333333,0.0,0.0,0.0,0.0,0.0,0.0,0.0,0.0,0.0,0.0,0.0,0.0,0.0,0.0,0.0,0.0,0.0,0.0,0.0,79.5,0.0,36.0,59,2,3,3,9,9,1,2,2.0,2,2,1,73,1250,4016,912023,3,1,1,9,9,1,73,1250,4109
91202303102.0,91202303,912023031,79.5,79.5,50.0,40.0,10.0,0.0,0.0,29.5,18.5,3.5,10.5,0.33333333333333,0.0,1.5,1.25,1.41666666666666,7.5,7.5,0.0,0.0,0.0,0.0,0.0,0.0,7.5,0.0,0.0,3.5,3.5,0.0,0.0,3.5,0.0,0.0,0.0,74.0,0.0,50.0,33,2,8,5,9,9,1,2,4.0,2,2,1,73,1250,4062,912023,3,1,2,9,9,1,73,1250,4109
91202303103.0,91202303,912023031,67.61666666666666,67.61666666666666,58.0,51.0,7.0,0.0,0.0,9.61666666666666,2.61666666666666,1.33333333333333,0.03333333333333,0.0,0.0,1.0,0.0,0.25,7.0,7.0,0.0,0.0,0.0,0.0,0.0,0.0,7.0,0.0,0.0,0.0,0.0,0.0,0.0,0.0,0.0,0.0,0.0,65.66666666666666,4.0,29.24999999999999,33,1,8,5,9,9,1,2,4.0,2,2,1,73,1250,4180,912023,3,1,3,9,9,1,73,1250,4109
91202304101.0,91202304,912023041,76.49999999999999,76.49999999999999,60.0,50.0,10.0,0.0,0.0,16.49999999999999,16.49999999999999,3.25,10.08333333333333,2.33333333333333,0.0,0.33333333333333,0.0,0.5,0.0,0.0,0.0,0.0,0.0,0.0,0.0,0.0,0.0,0.0,0.0,0.0,0.0,0.0,0.0,0.0,0.0,0.0,0.0,70.0,0.0,21.0,42,1,6,3,9,9,1,2,3.0,2,2,1,73,1250,4192,912023,4,1,1,9,9,1,73,1250,4109
91202304102.0,91202304,912023041,81.66666666666666,81.66666666666666,66.0,54.0,12.0,0.0,0.0,15.66666666666666,15.66666666666666,6.0,9.0,0.66666666666666,0.0,0.0,0.0,0.0,0.0,0.0,0.0,0.0,0.0,0.0,0.0,0.0,0.0,0.0,0.0,0.0,0.0,0.0,0.0,0.0,0.0,0.0,0.0,62.5,0.0,29.33333333333333,32,2,3,3,9,9,1,2,2.0,2,2,1,73,1250,4062,912023,4,1,2,9,9,1,73,1250,4109
90652205102.0,90652205,906522051,65.66666666666666,65.66666666666666,60.0,54.0,6.0,0.0,0.0,5.66666666666666,4.16666666666666,1.66666666666666,0.0,0.5,2.0,0.0,0.0,0.0,1.5,1.5,1.5,1.5,0.0,0.0,0.0,0.0,0.0,0.0,0.0,0.0,0.0,0.0,0.0,0.0,0.0,0.0,0.0,61.0,0.0,28.66666666666666,54,1,6,3,9,9,1,2,3.0,2,2,1,76,1204,4849,906522,5,1,2,9,9,1,76,1204,4813
90652205103.0,90652205,906522051,38.35,38.35,0.0,0.0,0.0,0.0,0.0,38.35,31.85,17.33333333333333,7.83333333333333,1.83333333333333,0.0,4.5,0.0,0.35,6.5,6.5,6.5,6.5,0.0,0.0,0.0,0.0,0.0,0.0,0.0,0.0,0.0,0.0,0.0,0.0,0.0,0.0,0.0,67.0,0.0,46.0,49,2,3,3,9,9,1,2,2.0,2,2,5,76,1204,4765,906522,5,1,3,9,9,1,76,1204,4813
90652205104.0,90652205,906522051,17.91666666666666,17.91666666666666,0.0,0.0,0.0,0.0,0.0,17.91666666666666,14.41666666666666,2.0,6.0,2.41666666666666,0.0,4.0,0.0,0.0,3.5,3.5,3.5,3.5,0.0,0.0,0.0,0.0,0.0,0.0,0.0,0.0,0.0,0.0,0.0,0.0,0.0,0.0,0.0,82.0,0.0,74.83333333333333,23,1,6,3,9,9,1,2,3.0,2,2,5,76,1204,4913,906522,5,1,4,9,9,1,76,1204,4813
90652205105.0,90652205,906522051,22.16666666666666,22.16666666666666,0.0,0.0,0.0,0.0,0.0,22.16666666666666,15.66666666666666,6.0,9.0,0.66666666666666,0.0,0.0,0.0,0.0,1.5,1.5,1.5,1.5,0.0,0.0,0.0,0.0,0.0,0.0,0.0,5.0,5.0,5.0,0.0,0.0,0.0,0.0,0.0,70.0,59.0,66.0,16,2,6,1,9,9,1,2,3.0,2,2,4,76,1204,4857,906522,5,1,5,9,9,1,76,1204,4813
90666401101.0,90666401,906664011,23.45,22.45,0.0,0.0,0.0,0.0,0.0,23.45,17.78333333333333,9.33333333333333,5.33333333333333,0.78333333333333,0.0,1.0,0.16666666666666,1.16666666666666,5.66666666666666,4.66666666666666,5.66666666666666,4.66666666666666,0.0,0.0,0.0,0.0,0.0,0.0,0.0,0.0,0.0,0.0,0.0,0.0,0.0,0.0,0.0,72.5,0.0,21.83333333333333,84,1,0,0,9,9,1,2,1.0,2,1,5,76,1205,4665,906664,1,1,1,9,9,1,76,1205,4512
90666401102.0,90666401,906664011,70.0,70.0,50.0,35.0,15.0,0.0,0.0,20.0,20.0,10.5,4.66666666666666,2.91666666666666,0.0,1.5,0.0,0.41666666666666,0.0,0.0,0.0,0.0,0.0,0.0,0.0,0.0,0.0,0.0,0.0,0.0,0.0,0.0,0.0,0.0,0.0,0.0,0.0,55.25,0.0,14.0,74,2,0,0,9,9,1,2,1.0,1,2,1,76,1205,4541,906664,1,1,2,9,9,1,76,1205,4512
90666401103.0,90666401,906664011,88.74999999999999,81.74999999999999,47.0,35.0,12.0,0.0,0.0,41.74999999999999,31.74999999999999,21.0,9.66666666666666,0.0,0.0,0.0,0.83333333333333,0.25,10.0,3.0,10.0,3.0,0.0,0.0,0.0,0.0,0.0,0.0,0.0,0.0,0.0,0.0,0.0,0.0,0.0,0.0,0.0,73.5,0.0,17.5,43,2,6,3,9,9,1,2,3.0,1,1,1,76,1205,4474,906664,1,1,3,9,9,1,76,1205,4512
91202305101.0,91202305,912023051,77.08333333333333,77.08333333333333,58.0,46.0,12.0,0.0,0.0,19.08333333333333,19.08333333333333,7.0,10.08333333333333,2.0,0.0,0.0,0.0,0.0,0.0,0.0,0.0,0.0,0.0,0.0,0.0,0.0,0.0,0.0,0.0,0.0,0.0,0.0,0.0,0.0,0.0,0.0,0.0,66.0,0.0,12.25,30,2,10,2,9,9,1,2,5.0,2,2,1,73,1250,4062,912023,5,1,1,9,9,1,73,1250,4109
91202305201.0,91202305,912023052,65.0,65.0,50.0,40.0,10.0,0.0,0.0,15.0,15.0,5.5,4.0,3.5,0.0,2.0,0.0,0.0,0.0,0.0,0.0,0.0,0.0,0.0,0.0,0.0,0.0,0.0,0.0,0.0,0.0,0.0,0.0,0.0,0.0,0.0,0.0,63.33333333333333,0.0,28.0,30,2,8,5,9,9,1,2,4.0,2,2,1,73,1250,4062,912023,5,2,1,9,9,1,73,1250,4109
91207001101.0,91207001,912070011,83.25,83.25,68.0,54.0,14.0,0.0,0.0,15.25,15.25,3.83333333333333,6.66666666666666,2.75,0.0,2.0,0.0,0.0,0.0,0.0,0.0,0.0,0.0,0.0,0.0,0.0,0.0,0.0,0.0,0.0,0.0,0.0,0.0,0.0,0.0,0.0,0.0,69.25,0.0,15.0,33,1,3,2,9,9,1,2,2.0,2,2,1,74,1251,3110,912070,1,1,1,9,9,1,74,1251,3061
91207002101.0,91207002,912070021,66.33333333333333,66.33333333333333,47.0,40.0,7.0,0.0,0.0,19.33333333333333,16.75,3.5,7.5,2.33333333333333,0.5,0.5,1.08333333333333,1.33333333333333,2.25,2.25,0.0,0.0,0.0,0.0,0.0,0.0,2.25,0.0,0.0,0.33333333333333,0.33333333333333,0.0,0.0,0.33333333333333,0.0,0.0,0.0,70.41666666666666,0.0,8.0,45,2,3,3,9,9,1,2,2.0,1,2,1,74,1251,3013,912070,2,1,1,9,9,1,74,1251,3061
91207002102.0,91207002,912070021,68.5,68.5,40.0,32.0,8.0,0.0,0.0,28.5,28.5,17.0,9.0,1.5,0.0,1.0,0.0,0.0,0.0,0.0,0.0,0.0,0.0,0.0,0.0,0.0,0.0,0.0,0.0,0.0,0.0,0.0,0.0,0.0,0.0,0.0,0.0,72.66666666666666,0.0,5.83333333333333,48,2,8,4,9,9,1,2,4.0,1,2,1,74,1251,3013,912070,2,1,2,9,9,1,74,1251,3061
91207003101.0,91207003,912070031,14.08333333333333,14.08333333333333,0.0,0.0,0.0,0.0,0.0,14.08333333333333,1.08333333333333,1.0,0.0,0.08333333333333,0.0,0.0,0.0,0.0,13.0,13.0,0.0,0.0,0.0,0.0,0.0,0.0,7.5,5.5,5.5,0.0,0.0,0.0,0.0,0.0,0.0,0.0,0.0,71.5,0.0,52.0,83,2,5,3,9,9,1,2,3.0,2,1,3,74,1251,3140,912070,3,1,1,9,9,1,74,1251,3061
91207003102.0,91207003,912070031,60.16666666666666,60.16666666666666,45.0,40.0,5.0,0.0,0.0,15.16666666666666,7.16666666666666,1.16666666666666,2.75,2.58333333333333,0.0,0.0,0.08333333333333,0.58333333333333,8.0,8.0,1.0,1.0,0.0,0.0,0.0,0.0,7.0,0.0,0.0,0.0,0.0,0.0,0.0,0.0,0.0,0.0,0.0,57.33333333333333,0.0,30.33333333333333,63,2,11,2,9,9,1,2,5.0,2,2,1,74,1251,3014,912070,3,1,2,9,9,1,74,1251,3061
90666402101.0,90666402,906664021,74.33333333333333,74.33333333333333,73.0,66.0,7.0,0.0,0.0,1.33333333333333,0.83333333333333,0.0,0.83333333333333,0.0,0.0,0.0,0.0,0.0,0.5,0.5,0.0,0.0,0.0,0.0,0.0,0.0,0.0,0.5,0.5,0.0,0.0,0.0,0.0,0.0,0.0,0.0,0.0,68.5,0.0,7.0,72,1,2,1,9,9,1,2,2.0,2,2,1,76,1205,4484,906664,2,1,1,9,9,1,76,1205,4512
90666402102.0,90666402,906664021,50.08333333333333,50.08333333333333,0.0,0.0,0.0,0.0,5.0,45.08333333333333,38.08333333333333,17.5,12.0,4.0,0.0,4.0,0.0,0.58333333333333,7.0,7.0,0.0,0.0,0.0,0.0,0.0,0.0,0.0,7.0,7.0,0.0,0.0,0.0,0.0,0.0,0.0,0.0,0.0,46.5,0.0,8.5,69,2,2,6,9,9,1,2,2.0,2,2,5,76,1205,4506,906664,2,1,2,9,9,1,76,1205,4512
90666403101.0,90666403,906664031,28.66666666666666,28.66666666666666,20.0,15.0,5.0,0.0,0.0,8.66666666666666,8.66666666666666,0.0,1.16666666666666,0.0,7.5,0.0,0.0,0.0,0.0,0.0,0.0,0.0,0.0,0.0,0.0,0.0,0.0,0.0,0.0,0.0,0.0,0.0,0.0,0.0,0.0,0.0,0.0,68.0,0.0,18.5,66,1,3,2,9,9,1,2,2.0,1,1,1,76,1205,4505,906664,3,1,1,9,9,1,76,1205,4512
90666403102.0,90666403,906664031,78.83333333333333,57.83333333333333,17.5,15.0,2.5,0.0,0.0,61.33333333333333,33.16666666666666,17.5,8.66666666666666,3.0,0.0,4.0,0.0,0.0,26.16666666666666,5.16666666666666,22.66666666666666,1.66666666666666,0.0,0.0,0.0,0.0,0.0,3.5,3.5,2.0,2.0,2.0,0.0,0.0,0.0,0.0,0.0,68.5,0.0,11.0,65,2,2,6,9,9,1,2,2.0,2,2,1,76,1205,4506,906664,3,1,2,9,9,1,76,1205,4512
90666403103.0,90666403,906664031,66.33333333333333,66.33333333333333,63.0,51.0,12.0,0.0,0.0,3.33333333333333,3.33333333333333,0.0,2.33333333333333,1.0,0.0,0.0,0.0,0.0,0.0,0.0,0.0,0.0,0.0,0.0,0.0,0.0,0.0,0.0,0.0,0.0,0.0,0.0,0.0,0.0,0.0,0.0,0.0,77.5,0.0,7.0,62,1,0,0,9,9,1,2,1.0,1,2,1,76,1205,4512,906664,3,1,3,9,9,1,76,1205,4512
90666403104.0,90666403,906664031,7.0,7.0,0.0,0.0,0.0,0.0,0.0,7.0,7.0,0.16666666666666,2.5,0.33333333333333,0.0,3.5,0.0,0.5,0.0,0.0,0.0,0.0,0.0,0.0,0.0,0.0,0.0,0.0,0.0,0.0,0.0,0.0,0.0,0.0,0.0,0.0,0.0,69.16666666666666,0.0,9.0,70,2,2,6,9,9,1,2,2.0,2,1,6,76,1205,4541,906664,3,1,4,9,9,1,76,1205,4512
90666404101.0,90666404,906664041,112.16666666666666,82.16666666666666,48.25,48.0,0.25,0.0,0.0,63.91666666666666,26.91666666666666,10.5,8.0,1.41666666666666,0.0,7.0,0.0,0.0,37.0,7.0,0.0,0.0,0.0,0.0,37.0,7.0,0.0,0.0,0.0,0.0,0.0,0.0,0.0,0.0,0.0,0.0,0.0,65.25,0.0,15.08333333333333,45,2,2,6,9,9,1,2,2.0,2,2,1,76,1205,4467,906664,4,1,1,9,9,1,76,1205,4512
90637405103.0,90637405,906374051,0.0,0.0,0.0,0.0,0.0,0.0,0.0,0.0,0.0,0.0,0.0,0.0,0.0,0.0,0.0,0.0,0.0,0.0,0.0,0.0,0.0,0.0,0.0,0.0,0.0,0.0,0.0,0.0,0.0,0.0,0.0,0.0,0.0,0.0,0.0,86.5,0.0,34.5,83,1,2,2,9,9,1,2,2.0,2,1,6,74,1202,3488,906374,5,1,3,9,9,1,74,1202,3393
90642201101.0,90642201,906422011,78.35,78.35,70.66666666666666,66.0,4.66666666666666,0.0,0.0,7.68333333333333,7.68333333333333,1.16666666666666,4.16666666666666,0.41666666666666,0.0,1.0,0.08333333333333,0.85,0.0,0.0,0.0,0.0,0.0,0.0,0.0,0.0,0.0,0.0,0.0,0.0,0.0,0.0,0.0,0.0,0.0,0.0,0.0,77.5,0.0,44.5,25,1,6,3,9,9,1,2,3.0,2,2,1,74,1203,3351,906422,1,1,1,9,9,1,74,1203,3320
90642202101.0,90642202,906422021,84.33333333333333,84.33333333333333,66.0,60.0,6.0,0.0,0.0,18.33333333333333,7.83333333333333,2.33333333333333,3.66666666666666,0.66666666666666,0.0,0.5,0.66666666666666,0.0,7.5,7.5,0.0,0.0,0.0,0.0,0.0,0.0,7.5,0.0,0.0,3.0,3.0,0.0,0.0,3.0,0.0,0.0,0.0,69.0,0.0,18.0,56,1,6,3,9,9,1,2,3.0,2,2,1,74,1203,3334,906422,2,1,1,9,9,1,74,1203,3320
90642202102.0,90642202,906422021,35.91666666666666,35.91666666666666,0.0,0.0,0.0,0.0,0.0,35.91666666666666,30.91666666666666,18.0,8.66666666666666,2.08333333333333,0.0,1.75,0.0,0.41666666666666,5.0,5.0,0.0,0.0,0.0,0.0,0.0,0.0,5.0,0.0,0.0,0.0,0.0,0.0,0.0,0.0,0.0,0.0,0.0,96.0,0.0,31.0,55,2,6,3,9,9,1,2,3.0,2,2,5,74,1203,3241,906422,2,1,2,9,9,1,74,1203,3320
90642202103.0,90642202,906422021,67.33333333333333,67.33333333333333,64.0,58.0,6.0,0.0,0.0,3.33333333333333,3.33333333333333,0.0,2.91666666666666,0.41666666666666,0.0,0.0,0.0,0.0,0.0,0.0,0.0,0.0,0.0,0.0,0.0,0.0,0.0,0.0,0.0,0.0,0.0,0.0,0.0,0.0,0.0,0.0,0.0,67.5,0.0,27.58333333333333,35,1,6,3,9,9,1,2,3.0,2,2,1,74,1203,3321,906422,2,1,3,9,9,1,74,1203,3320
90642202104.0,90642202,906422021,7.0,7.0,0.0,0.0,0.0,0.0,0.0,7.0,7.0,2.0,4.5,0.5,0.0,0.0,0.0,0.0,0.0,0.0,0.0,0.0,0.0,0.0,0.0,0.0,0.0,0.0,0.0,0.0,0.0,0.0,0.0,0.0,0.0,0.0,0.0,92.5,48.0,31.75,17,2,6,2,9,9,1,2,3.0,2,2,4,74,1203,3330,906422,2,1,4,9,9,1,74,1203,3320
90642203101.0,90642203,906422031,65.16666666666666,65.16666666666666,54.0,48.0,6.0,0.0,0.0,11.16666666666666,11.16666666666666,3.0,3.0,1.5,0.0,2.0,1.0,0.66666666666666,0.0,0.0,0.0,0.0,0.0,0.0,0.0,0.0,0.0,0.0,0.0,0.0,0.0,0.0,0.0,0.0,0.0,0.0,0.0,69.0,0.0,19.0,57,1,10,2,9,9,1,2,5.0,2,2,1,74,1203,3334,906422,3,1,1,9,9,1,74,1203,3320
91207003103.0,91207003,912070031,8.0,8.0,0.0,0.0,0.0,0.0,0.0,8.0,2.0,2.0,0.0,0.0,0.0,0.0,0.0,0.0,1.0,1.0,0.0,0.0,0.0,0.0,0.0,0.0,0.0,1.0,1.0,5.0,5.0,0.0,0.0,5.0,0.0,0.0,0.0,39.0,0.0,40.0,64,1,10,2,9,9,1,2,5.0,2,2,3,74,1251,3044,912070,3,1,3,9,9,1,74,1251,3061
91207003104.0,91207003,912070031,8.0,8.0,0.0,0.0,0.0,0.0,0.0,8.0,8.0,3.0,5.0,0.0,0.0,0.0,0.0,0.0,0.0,0.0,0.0,0.0,0.0,0.0,0.0,0.0,0.0,0.0,0.0,0.0,0.0,0.0,0.0,0.0,0.0,0.0,0.0,76.16666666666666,0.0,0.0,57,2,7,3,9,9,1,2,4.0,2,1,3,74,1251,2988,912070,3,1,4,9,9,1,74,1251,3061
91207003105.0,91207003,912070031,84.48333333333333,34.48333333333333,0.0,0.0,0.0,0.0,0.0,84.48333333333333,30.98333333333333,14.0,13.66666666666666,2.08333333333333,0.0,1.0,0.0,0.23333333333333,53.5,3.5,53.5,3.5,0.0,0.0,0.0,0.0,0.0,0.0,0.0,0.0,0.0,0.0,0.0,0.0,0.0,0.0,0.0,73.5,0.0,16.5,59,2,8,4,9,9,1,2,4.0,2,2,5,74,1251,2988,912070,3,1,5,9,9,1,74,1251,3061
91207004101.0,91207004,912070041,67.16666666666666,67.16666666666666,48.58333333333333,48.0,0.58333333333333,0.0,0.0,18.58333333333333,18.58333333333333,9.33333333333333,5.25,0.83333333333333,0.0,2.0,0.0,1.16666666666666,0.0,0.0,0.0,0.0,0.0,0.0,0.0,0.0,0.0,0.0,0.0,0.0,0.0,0.0,0.0,0.0,0.0,0.0,0.0,75.16666666666666,0.0,8.0,53,1,3,2,9,9,1,2,2.0,2,2,1,74,1251,3066,912070,4,1,1,9,9,1,74,1251,3061
91207004102.0,91207004,912070041,103.75,103.75,72.0,60.0,12.0,0.0,0.0,31.75,12.75,7.0,4.0,1.75,0.0,0.0,0.0,0.0,12.0,12.0,0.0,0.0,0.0,0.0,0.0,0.0,12.0,0.0,0.0,7.0,7.0,7.0,0.0,0.0,0.0,0.0,0.0,68.33333333333333,0.0,18.5,51,2,3,3,9,9,1,2,2.0,2,2,1,74,1251,3037,912070,4,1,2,9,9,1,74,1251,3061
91207004103.0,91207004,912070041,98.25,98.25,72.0,60.0,12.0,0.0,0.0,26.25,14.25,7.75,5.0,1.5,0.0,0.0,0.0,0.0,12.0,12.0,0.0,0.0,0.0,0.0,0.0,0.0,12.0,0.0,0.0,0.0,0.0,0.0,0.0,0.0,0.0,0.0,0.0,70.0,0.0,29.5,21,1,6,3,9,9,1,2,3.0,2,2,1,74,1251,3106,912070,4,1,3,9,9,1,74,1251,3061
91207005101.0,91207005,912070051,87.58333333333333,87.58333333333333,60.0,48.0,12.0,0.0,0.0,27.58333333333333,13.58333333333333,3.5,7.08333333333333,0.0,0.0,3.0,0.0,0.0,14.0,14.0,0.0,0.0,0.0,0.0,0.0,0.0,14.0,0.0,0.0,0.0,0.0,0.0,0.0,0.0,0.0,0.0,0.0,50.16666666666666,0.0,29.0,28,1,6,2,9,9,1,2,3.0,1,2,1,74,1251,3090,912070,5,1,1,9,9,1,74,1251,3061
90671401101.0,90671401,906714011,74.83333333333333,72.83333333333333,65.0,50.0,15.0,0.0,4.0,5.83333333333333,3.83333333333333,1.5,1.16666666666666,0.5,0.0,0.0,0.25,0.41666666666666,2.0,0.0,0.0,0.0,0.0,0.0,2.0,0.0,0.0,0.0,0.0,0.0,0.0,0.0,0.0,0.0,0.0,0.0,0.0,78.58333333333333,0.0,17.0,56,1,2,6,9,9,1,2,2.0,1,2,1,76,1206,4687,906714,1,1,1,9,9,1,76,1206,4640
90671401102.0,90671401,906714011,88.5,65.5,0.0,0.0,0.0,0.0,0.0,88.5,51.16666666666666,18.0,25.5,3.0,0.0,3.66666666666666,0.33333333333333,0.66666666666666,37.33333333333333,14.33333333333333,0.0,0.0,0.0,0.0,37.33333333333333,14.33333333333333,0.0,0.0,0.0,0.0,0.0,0.0,0.0,0.0,0.0,0.0,0.0,74.66666666666666,0.0,29.0,31,2,3,3,9,9,1,2,2.0,2,2,5,76,1206,4608,906714,1,1,2,9,9,1,76,1206,4640
90671401103.0,90671401,906714011,82.55,76.55,56.55,48.0,8.55,0.0,0.0,26.0,8.0,5.5,2.0,0.0,0.0,0.0,0.0,0.5,18.0,12.0,0.0,0.0,0.0,0.0,12.0,6.0,6.0,0.0,0.0,0.0,0.0,0.0,0.0,0.0,0.0,0.0,0.0,72.83333333333333,0.0,39.0,21,2,6,2,9,9,1,2,3.0,2,2,1,76,1206,4687,906714,1,1,3,9,9,1,76,1206,4640
90671401104.0,90671401,906714011,34.75,29.75,0.0,0.0,0.0,0.0,1.5,33.25,23.25,6.0,11.0,2.5,0.0,3.0,0.0,0.75,9.0,4.0,0.0,0.0,0.0,0.0,7.0,2.0,2.0,0.0,0.0,1.0,1.0,0.0,0.0,1.0,0.0,0.0,0.0,57.16666666666666,40.5,21.5,17,1,6,2,9,9,1,2,3.0,1,2,4,76,1206,4699,906714,1,1,4,9,9,1,76,1206,4640
90642204101.0,90642204,906422041,5.91666666666666,5.91666666666666,0.0,0.0,0.0,0.0,0.0,5.91666666666666,5.91666666666666,1.33333333333333,4.08333333333333,0.5,0.0,0.0,0.0,0.0,0.0,0.0,0.0,0.0,0.0,0.0,0.0,0.0,0.0,0.0,0.0,0.0,0.0,0.0,0.0,0.0,0.0,0.0,0.0,74.0,0.0,33.83333333333333,64,1,8,4,9,9,1,2,4.0,2,2,3,74,1203,3301,906422,4,1,1,9,9,1,74,1203,3320
90642204102.0,90642204,906422041,35.5,35.5,0.0,0.0,0.0,0.0,0.33333333333333,35.16666666666666,35.16666666666666,14.0,17.41666666666666,1.41666666666666,0.0,2.0,0.0,0.33333333333333,0.0,0.0,0.0,0.0,0.0,0.0,0.0,0.0,0.0,0.0,0.0,0.0,0.0,0.0,0.0,0.0,0.0,0.0,0.0,57.66666666666666,0.0,38.33333333333333,65,2,8,4,9,9,1,2,4.0,2,2,5,74,1203,3296,906422,4,1,2,9,9,1,74,1203,3320
90642204103.0,90642204,906422041,65.16666666666666,65.16666666666666,52.5,42.0,10.5,0.0,0.0,12.66666666666666,12.66666666666666,5.83333333333333,2.33333333333333,2.08333333333333,0.0,2.0,0.0,0.41666666666666,0.0,0.0,0.0,0.0,0.0,0.0,0.0,0.0,0.0,0.0,0.0,0.0,0.0,0.0,0.0,0.0,0.0,0.0,0.0,59.5,0.0,42.33333333333333,32,2,8,5,9,9,1,2,4.0,2,2,1,74,1203,3277,906422,4,1,3,9,9,1,74,1203,3320
90288301101.0,90288301,902883011,61.2,61.2,50.2,50.0,0.2,0.0,0.0,11.0,11.0,5.66666666666666,2.66666666666666,1.25,0.0,0.0,0.25,1.16666666666666,0.0,0.0,0.0,0.0,0.0,0.0,0.0,0.0,0.0,0.0,0.0,0.0,0.0,0.0,0.0,0.0,0.0,0.0,0.0,67.0,0.0,27.0,52,1,6,1,9,9,1,2,3.0,2,2,1,74,1176,3575,902883,1,1,1,9,9,1,74,1176,3569
90288302101.0,90288302,902883021,8.98333333333333,8.98333333333333,0.0,0.0,0.0,0.0,0.0,8.98333333333333,6.98333333333333,0.0,0.9,1.0,0.0,5.0,0.0,0.08333333333333,2.0,2.0,0.0,0.0,0.0,0.0,0.0,0.0,0.0,2.0,2.0,0.0,0.0,0.0,0.0,0.0,0.0,0.0,0.0,81.0,0.0,63.0,72,1,2,6,9,9,1,2,2.0,2,2,3,74,1176,3526,902883,2,1,1,9,9,1,74,1176,3569
90288302102.0,90288302,902883021,24.16666666666666,24.16666666666666,0.0,0.0,0.0,0.0,0.0,24.16666666666666,24.16666666666666,17.0,4.0,2.0,0.0,1.0,0.16666666666666,0.0,0.0,0.0,0.0,0.0,0.0,0.0,0.0,0.0,0.0,0.0,0.0,0.0,0.0,0.0,0.0,0.0,0.0,0.0,0.0,77.5,0.0,44.0,72,2,5,3,9,9,1,2,3.0,2,2,5,74,1176,3571,902883,2,1,2,9,9,1,74,1176,3569
90288303101.0,90288303,902883031,61.41666666666666,61.41666666666666,56.0,42.0,14.0,0.0,0.0,5.41666666666666,3.41666666666666,1.33333333333333,0.33333333333333,0.41666666666666,0.0,0.0,0.25,1.08333333333333,2.0,2.0,0.0,0.0,0.0,0.0,0.0,0.0,2.0,0.0,0.0,0.0,0.0,0.0,0.0,0.0,0.0,0.0,0.0,59.5,0.0,20.0,55,1,8,4,9,9,1,2,4.0,2,2,1,74,1176,3584,902883,3,1,1,9,9,1,74,1176,3569
91207005103.0,91207005,912070051,159.58333333333331,94.58333333333331,0.0,0.0,0.0,0.0,0.0,159.58333333333331,80.91666666666666,19.0,49.41666666666666,12.5,0.0,0.0,0.0,0.0,78.66666666666666,13.66666666666666,73.66666666666666,8.66666666666666,0.0,0.0,0.0,0.0,5.0,0.0,0.0,0.0,0.0,0.0,0.0,0.0,0.0,0.0,0.0,49.66666666666666,0.0,25.0,26,2,6,3,9,9,1,2,3.0,1,2,5,74,1251,3038,912070,5,1,3,9,9,1,74,1251,3061
91216301101.0,91216301,912163011,76.83333333333333,76.66666666666666,0.0,0.0,0.0,0.0,1.0,75.83333333333333,59.91666666666666,21.0,28.66666666666666,7.5,0.0,2.0,0.0,0.75,12.91666666666666,12.75,0.0,0.0,0.0,0.0,2.41666666666666,2.25,10.5,0.0,0.0,3.0,3.0,0.0,1.0,2.0,0.0,0.0,0.0,59.96666666666666,0.0,30.0,33,2,3,2,9,9,1,2,2.0,2,2,5,76,1252,4988,912163,1,1,1,9,9,1,76,1252,5022
91216301102.0,91216301,912163011,113.91666666666666,113.91666666666666,46.41666666666666,46.0,0.41666666666666,0.0,3.0,64.5,40.5,3.0,17.83333333333333,2.0,0.0,2.0,1.0,14.66666666666666,14.0,14.0,0.0,0.0,0.0,0.0,6.0,6.0,8.0,0.0,0.0,10.0,10.0,0.0,0.0,10.0,0.0,0.0,0.0,71.75,0.0,36.0,49,1,3,3,9,9,1,2,2.0,1,2,1,76,1252,5084,912163,1,1,2,9,9,1,76,1252,5022
91216301103.0,91216301,912163011,19.74999999999999,19.24999999999999,0.0,0.0,0.0,0.0,0.0,19.74999999999999,15.41666666666666,2.0,11.91666666666666,1.0,0.0,0.0,0.0,0.5,3.33333333333333,2.83333333333333,0.0,0.0,0.0,0.0,2.33333333333333,1.83333333333333,1.0,0.0,0.0,1.0,1.0,0.0,0.0,1.0,0.0,0.0,0.0,67.66666666666666,68.5,60.0,15,2,3,3,9,9,1,2,2.0,2,2,4,76,1252,5068,912163,1,1,3,9,9,1,76,1252,5022
91216301104.0,91216301,912163011,35.0,35.0,0.0,0.0,0.0,0.0,0.0,35.0,31.5,10.5,17.5,3.5,0.0,0.0,0.0,0.0,3.5,3.5,0.0,0.0,0.0,0.0,0.0,0.0,3.5,0.0,0.0,0.0,0.0,0.0,0.0,0.0,0.0,0.0,0.0,94.0,26.33333333333333,29.5,13,2,3,1,9,9,1,2,2.0,2,2,4,76,1252,5042,912163,1,1,4,9,9,1,76,1252,5022
91216302101.0,91216302,912163021,86.08333333333333,86.08333333333333,82.33333333333333,80.0,2.33333333333333,0.0,0.0,3.75,3.75,0.0,2.0,0.16666666666666,0.0,1.0,0.0,0.58333333333333,0.0,0.0,0.0,0.0,0.0,0.0,0.0,0.0,0.0,0.0,0.0,0.0,0.0,0.0,0.0,0.0,0.0,0.0,0.0,50.25,0.0,19.25,33,1,6,3,9,9,1,2,3.0,2,2,1,76,1252,5133,912163,2,1,1,9,9,1,76,1252,5022
91216303101.0,91216303,912163031,70.91666666666666,70.91666666666666,42.0,36.0,6.0,0.0,0.0,28.91666666666666,21.91666666666666,9.33333333333333,10.91666666666666,0.91666666666666,0.16666666666666,0.0,0.0,0.58333333333333,0.0,0.0,0.0,0.0,0.0,0.0,0.0,0.0,0.0,0.0,0.0,7.0,7.0,0.0,7.0,0.0,0.0,0.0,0.0,71.0,0.0,35.0,56,1,3,2,9,9,1,2,2.0,1,2,1,76,1252,5073,912163,3,1,1,9,9,1,76,1252,5022
90288303102.0,90288303,902883031,61.65,61.65,23.0,20.0,3.0,0.0,0.0,38.65,37.65,21.0,10.66666666666666,5.0,0.0,0.0,0.75,0.23333333333333,1.0,1.0,0.0,0.0,0.0,0.0,0.0,0.0,1.0,0.0,0.0,0.0,0.0,0.0,0.0,0.0,0.0,0.0,0.0,78.5,0.0,16.5,54,2,8,4,9,9,1,2,4.0,2,2,1,74,1176,3540,902883,3,1,2,9,9,1,74,1176,3569
90288303103.0,90288303,902883031,8.5,8.5,0.0,0.0,0.0,0.0,0.0,8.5,8.5,6.0,2.0,0.5,0.0,0.0,0.0,0.0,0.0,0.0,0.0,0.0,0.0,0.0,0.0,0.0,0.0,0.0,0.0,0.0,0.0,0.0,0.0,0.0,0.0,0.0,0.0,79.5,63.5,54.91666666666666,21,2,8,2,9,9,1,2,4.0,2,2,4,74,1176,3584,902883,3,1,3,9,9,1,74,1176,3569
90288303104.0,90288303,902883031,11.08333333333333,11.08333333333333,0.0,0.0,0.0,0.0,0.0,11.08333333333333,11.08333333333333,7.0,3.0,0.5,0.0,0.0,0.0,0.58333333333333,0.0,0.0,0.0,0.0,0.0,0.0,0.0,0.0,0.0,0.0,0.0,0.0,0.0,0.0,0.0,0.0,0.0,0.0,0.0,87.5,73.0,37.66666666666666,18,2,6,2,9,9,1,2,3.0,2,2,4,74,1176,3580,902883,3,1,4,9,9,1,74,1176,3569
90288304101.0,90288304,902883041,0.41666666666666,0.41666666666666,0.0,0.0,0.0,0.0,0.0,0.41666666666666,0.41666666666666,0.0,0.41666666666666,0.0,0.0,0.0,0.0,0.0,0.0,0.0,0.0,0.0,0.0,0.0,0.0,0.0,0.0,0.0,0.0,0.0,0.0,0.0,0.0,0.0,0.0,0.0,0.0,87.5,0.0,37.0,80,1,8,4,9,9,1,2,4.0,2,2,3,74,1176,3669,902883,4,1,1,9,9,1,74,1176,3569
90288304102.0,90288304,902883041,67.66666666666666,67.66666666666666,60.0,40.0,20.0,0.0,0.0,7.66666666666666,3.16666666666666,0.0,1.16666666666666,0.0,0.0,2.0,0.0,0.0,4.5,4.5,0.0,0.0,0.0,0.0,0.0,0.0,1.5,3.0,3.0,0.0,0.0,0.0,0.0,0.0,0.0,0.0,0.0,69.0,0.0,30.0,61,1,10,2,9,9,1,2,5.0,2,2,1,74,1176,3548,902883,4,1,2,9,9,1,74,1176,3569
90288304103.0,90288304,902883041,74.83333333333333,74.83333333333333,50.0,40.0,10.0,0.0,0.0,24.83333333333333,24.83333333333333,10.0,9.33333333333333,3.0,0.0,2.0,0.08333333333333,0.41666666666666,0.0,0.0,0.0,0.0,0.0,0.0,0.0,0.0,0.0,0.0,0.0,0.0,0.0,0.0,0.0,0.0,0.0,0.0,0.0,68.0,0.0,51.0,53,2,10,2,9,9,1,2,5.0,2,2,1,74,1176,3540,902883,4,1,3,9,9,1,74,1176,3569
90288305101.0,90288305,902883051,89.33333333333333,89.33333333333333,48.0,45.0,3.0,0.0,0.0,41.33333333333333,19.66666666666666,6.5,9.5,0.5,1.0,0.0,1.16666666666666,1.0,21.66666666666666,21.66666666666666,0.0,0.0,0.0,0.0,18.16666666666666,18.16666666666666,3.5,0.0,0.0,0.0,0.0,0.0,0.0,0.0,0.0,0.0,0.0,66.5,0.0,5.0,44,1,6,3,9,9,1,2,3.0,2,2,1,74,1176,3636,902883,5,1,1,9,9,1,74,1176,3569
91216304101.0,91216304,912163041,93.08333333333331,93.08333333333331,79.0,72.0,7.0,0.0,0.0,14.08333333333333,14.08333333333333,6.0,3.5,2.0,0.0,2.0,0.0,0.58333333333333,0.0,0.0,0.0,0.0,0.0,0.0,0.0,0.0,0.0,0.0,0.0,0.0,0.0,0.0,0.0,0.0,0.0,0.0,0.0,56.0,0.0,21.0,98,2,6,3,9,9,1,2,3.0,2,2,1,76,1252,5738,912163,4,1,1,9,9,1,76,1252,5022
91216305101.0,91216305,912163051,82.5,82.5,64.0,52.0,12.0,0.0,0.0,18.5,15.5,5.5,7.0,1.0,0.0,2.0,0.0,0.0,3.0,3.0,0.0,0.0,0.0,0.0,0.0,0.0,3.0,0.0,0.0,0.0,0.0,0.0,0.0,0.0,0.0,0.0,0.0,66.5,0.0,35.0,57,2,6,3,9,9,1,2,3.0,2,2,1,76,1252,4932,912163,5,1,1,9,9,1,76,1252,5022
91216305102.0,91216305,912163051,51.41666666666666,51.41666666666666,14.0,0.0,0.0,14.0,2.0,35.41666666666666,32.08333333333333,8.75,7.08333333333333,12.66666666666666,0.0,0.25,0.75,2.58333333333333,3.33333333333333,3.33333333333333,0.0,0.0,0.0,0.0,0.0,0.0,3.33333333333333,0.0,0.0,0.0,0.0,0.0,0.0,0.0,0.0,0.0,0.0,70.5,0.0,82.0,31,1,6,3,9,9,1,2,3.0,2,2,2,76,1252,5133,912163,5,1,2,9,9,1,76,1252,5022
91429102101.0,91429102,914291021,36.83333333333333,28.83333333333333,0.0,0.0,0.0,0.0,0.25,36.58333333333333,15.08333333333333,0.0,3.33333333333333,0.33333333333333,6.0,2.0,3.0,0.41666666666666,18.5,10.5,0.0,0.0,0.0,0.0,0.0,0.0,0.0,18.5,10.5,3.0,3.0,0.0,0.0,3.0,0.0,0.0,0.0,83.0,0.0,42.0,80,1,3,3,9,9,1,2,2.0,2,2,3,74,1267,2857,914291,2,1,1,9,9,1,74,1267,2780
91429102102.0,91429102,914291021,11.0,11.0,0.0,0.0,0.0,0.0,0.0,11.0,11.0,7.0,0.91666666666666,2.5,0.0,0.0,0.5,0.08333333333333,0.0,0.0,0.0,0.0,0.0,0.0,0.0,0.0,0.0,0.0,0.0,0.0,0.0,0.0,0.0,0.0,0.0,0.0,0.0,33.75,0.0,14.0,70,2,6,3,9,9,1,2,3.0,2,2,5,74,1267,2781,914291,2,1,2,9,9,1,74,1267,2780
91429103101.0,91429103,914291031,55.16666666666666,55.16666666666666,48.0,36.0,12.0,0.0,0.0,7.16666666666666,7.16666666666666,2.5,0.33333333333333,0.0,0.0,2.0,1.0,1.33333333333333,0.0,0.0,0.0,0.0,0.0,0.0,0.0,0.0,0.0,0.0,0.0,0.0,0.0,0.0,0.0,0.0,0.0,0.0,0.0,55.5,0.0,29.0,39,2,8,4,9,9,1,2,4.0,2,2,1,74,1267,2740,914291,3,1,1,9,9,1,74,1267,2780
91429103102.0,91429103,914291031,55.83333333333333,55.83333333333333,48.0,36.0,12.0,0.0,0.0,7.83333333333333,7.83333333333333,1.33333333333333,0.0,3.41666666666666,0.0,2.0,0.5,0.58333333333333,0.0,0.0,0.0,0.0,0.0,0.0,0.0,0.0,0.0,0.0,0.0,0.0,0.0,0.0,0.0,0.0,0.0,0.0,0.0,78.83333333333333,0.0,31.5,41,1,8,4,9,9,1,2,4.0,2,2,1,74,1267,2832,914291,3,1,2,9,9,1,74,1267,2780
90288305102.0,90288305,902883051,127.0,91.0,45.0,40.0,5.0,0.0,0.0,82.0,35.5,18.0,11.0,4.0,0.0,2.5,0.0,0.0,46.5,10.5,0.0,0.0,0.0,0.0,43.0,7.0,3.5,0.0,0.0,0.0,0.0,0.0,0.0,0.0,0.0,0.0,0.0,70.0,0.0,23.0,39,2,3,3,9,9,1,2,2.0,2,2,1,74,1176,3519,902883,5,1,2,9,9,1,74,1176,3569
90288305103.0,90288305,902883051,13.91666666666666,13.91666666666666,0.0,0.0,0.0,0.0,0.0,13.91666666666666,10.41666666666666,4.66666666666666,3.83333333333333,0.91666666666666,0.0,1.0,0.0,0.0,3.5,3.5,0.0,0.0,0.0,0.0,2.5,2.5,1.0,0.0,0.0,0.0,0.0,0.0,0.0,0.0,0.0,0.0,0.0,74.5,66.0,25.25,20,1,7,3,9,9,1,2,4.0,2,2,4,74,1176,3622,902883,5,1,3,9,9,1,74,1176,3569
90288305104.0,90288305,902883051,12.75,12.75,0.0,0.0,0.0,0.0,0.0,12.75,12.58333333333333,5.5,3.58333333333333,1.0,1.0,1.5,0.0,0.0,0.16666666666666,0.16666666666666,0.0,0.0,0.0,0.0,0.0,0.0,0.16666666666666,0.0,0.0,0.0,0.0,0.0,0.0,0.0,0.0,0.0,0.0,86.0,44.5,48.0,16,1,3,3,9,9,1,2,2.0,2,2,4,74,1176,3593,902883,5,1,4,9,9,1,74,1176,3569
90295601101.0,90295601,902956011,44.66666666666666,44.66666666666666,0.0,0.0,0.0,0.0,0.0,44.66666666666666,34.66666666666666,17.5,11.5,4.5,0.0,0.0,0.0,1.16666666666666,10.0,10.0,0.0,0.0,0.0,0.0,0.0,0.0,0.0,10.0,10.0,0.0,0.0,0.0,0.0,0.0,0.0,0.0,0.0,84.0,0.0,48.0,68,2,5,3,9,9,1,2,3.0,2,2,3,73,1177,4274,902956,1,1,1,9,9,1,73,1177,4298
90295601102.0,90295601,902956011,33.5,33.5,0.0,0.0,0.0,0.0,0.0,33.5,28.5,14.0,11.0,3.0,0.0,0.0,0.0,0.5,5.0,5.0,0.0,0.0,0.0,0.0,0.0,0.0,0.0,5.0,5.0,0.0,0.0,0.0,0.0,0.0,0.0,0.0,0.0,88.0,0.0,43.5,67,2,5,3,9,9,1,2,3.0,2,2,3,73,1177,4274,902956,1,1,2,9,9,1,73,1177,4298
90295602101.0,90295602,902956021,45.13333333333333,45.13333333333333,0.0,0.0,0.0,0.0,1.63333333333333,43.5,43.5,14.0,17.0,4.0,1.5,3.0,1.5,2.5,0.0,0.0,0.0,0.0,0.0,0.0,0.0,0.0,0.0,0.0,0.0,0.0,0.0,0.0,0.0,0.0,0.0,0.0,0.0,67.5,0.0,27.0,62,1,8,4,9,9,1,2,4.0,2,2,3,73,1177,4279,902956,2,1,1,9,9,1,73,1177,4298
90295603101.0,90295603,902956031,107.25,107.25,76.0,70.0,6.0,0.0,1.0,30.25,23.25,8.5,7.5,0.0,2.5,3.0,0.75,1.0,1.0,1.0,0.0,0.0,0.0,0.0,0.0,0.0,1.0,0.0,0.0,6.0,6.0,3.0,3.0,0.0,0.0,0.0,0.0,69.0,0.0,12.83333333333333,41,1,6,3,9,9,1,2,3.0,2,2,1,73,1177,4385,902956,3,1,1,9,9,1,73,1177,4298
91429103103.0,91429103,914291031,24.83333333333333,24.83333333333333,17.0,15.0,2.0,0.0,0.0,7.83333333333333,4.83333333333333,1.0,0.33333333333333,0.0,0.0,3.0,0.0,0.5,3.0,3.0,0.0,0.0,0.0,0.0,0.0,0.0,3.0,0.0,0.0,0.0,0.0,0.0,0.0,0.0,0.0,0.0,0.0,68.5,0.0,17.5,42,1,6,3,9,9,1,2,3.0,2,2,1,74,1267,2832,914291,3,1,3,9,9,1,74,1267,2780
91429103104.0,91429103,914291031,72.75,72.75,54.0,50.0,4.0,0.0,0.0,18.75,18.75,7.0,3.0,6.0,0.0,2.0,0.33333333333333,0.41666666666666,0.0,0.0,0.0,0.0,0.0,0.0,0.0,0.0,0.0,0.0,0.0,0.0,0.0,0.0,0.0,0.0,0.0,0.0,0.0,74.5,0.0,20.0,40,2,8,4,9,9,1,2,4.0,2,2,1,74,1267,2740,914291,3,1,4,9,9,1,74,1267,2780
91429104101.0,91429104,914291041,24.16666666666666,24.16666666666666,0.0,0.0,0.0,0.0,2.0,22.16666666666666,22.16666666666666,3.25,11.0,0.33333333333333,0.0,7.0,0.0,0.58333333333333,0.0,0.0,0.0,0.0,0.0,0.0,0.0,0.0,0.0,0.0,0.0,0.0,0.0,0.0,0.0,0.0,0.0,0.0,0.0,56.0,0.0,26.5,64,1,2,1,9,9,1,2,2.0,1,2,6,74,1267,2764,914291,4,1,1,9,9,1,74,1267,2780
91429104102.0,91429104,914291041,62.66666666666666,62.66666666666666,50.0,40.0,10.0,0.0,0.0,12.66666666666666,12.66666666666666,2.25,2.5,5.0,0.0,2.0,0.41666666666666,0.5,0.0,0.0,0.0,0.0,0.0,0.0,0.0,0.0,0.0,0.0,0.0,0.0,0.0,0.0,0.0,0.0,0.0,0.0,0.0,48.5,0.0,36.5,58,2,3,3,9,9,1,2,2.0,2,2,1,74,1267,2713,914291,4,1,2,9,9,1,74,1267,2780
91429105101.0,91429105,914291051,112.08333333333331,112.08333333333331,90.0,70.0,20.0,0.0,0.0,22.08333333333333,22.08333333333333,5.5,8.16666666666666,2.5,0.5,2.0,0.5,2.91666666666666,0.0,0.0,0.0,0.0,0.0,0.0,0.0,0.0,0.0,0.0,0.0,0.0,0.0,0.0,0.0,0.0,0.0,0.0,0.0,55.0,10.0,39.0,54,2,11,2,9,9,1,2,5.0,2,2,1,74,1267,2757,914291,5,1,1,9,9,1,74,1267,2780
91429105102.0,91429105,914291051,78.83333333333333,78.83333333333333,50.0,40.0,10.0,0.0,0.0,28.83333333333333,28.83333333333333,13.33333333333333,6.33333333333333,7.0,0.0,2.0,0.0,0.16666666666666,0.0,0.0,0.0,0.0,0.0,0.0,0.0,0.0,0.0,0.0,0.0,0.0,0.0,0.0,0.0,0.0,0.0,0.0,0.0,74.66666666666666,0.0,23.0,50,2,2,6,9,9,1,2,2.0,2,2,1,74,1267,2757,914291,5,1,2,9,9,1,74,1267,2780
91466001101.0,91466001,914660011,48.91666666666666,44.91666666666666,30.41666666666666,30.0,0.41666666666666,0.0,0.0,18.5,13.5,4.66666666666666,1.41666666666666,4.16666666666666,0.0,2.5,0.0,0.75,5.0,1.0,0.0,0.0,5.0,1.0,0.0,0.0,0.0,0.0,0.0,0.0,0.0,0.0,0.0,0.0,0.0,0.0,0.0,73.66666666666666,0.0,6.0,66,2,2,1,9,9,1,2,2.0,2,2,1,74,1268,3930,914660,1,1,1,9,9,1,74,1268,3958
90295603102.0,90295603,902956031,77.66666666666666,77.66666666666666,54.0,48.0,6.0,0.0,0.0,23.66666666666666,20.66666666666666,10.5,5.0,2.0,0.0,3.0,0.16666666666666,0.0,3.0,3.0,0.0,0.0,0.0,0.0,0.0,0.0,3.0,0.0,0.0,0.0,0.0,0.0,0.0,0.0,0.0,0.0,0.0,73.5,0.0,37.0,52,2,8,4,9,9,1,2,4.0,2,2,1,73,1177,4270,902956,3,1,2,9,9,1,73,1177,4298
90295604101.0,90295604,902956041,72.83333333333333,72.83333333333333,60.0,45.0,15.0,0.0,0.0,12.83333333333333,9.83333333333333,8.0,0.0,1.0,0.0,0.0,0.25,0.58333333333333,3.0,3.0,0.0,0.0,0.0,0.0,0.0,0.0,3.0,0.0,0.0,0.0,0.0,0.0,0.0,0.0,0.0,0.0,0.0,46.83333333333333,0.0,24.58333333333333,51,2,5,3,9,9,1,2,3.0,2,2,1,73,1177,4270,902956,4,1,1,9,9,1,73,1177,4298
90295604102.0,90295604,902956041,79.5,79.5,40.0,40.0,0.0,0.0,0.0,39.5,27.5,9.5,7.16666666666666,6.0,0.0,4.5,0.0,0.33333333333333,5.0,5.0,0.0,0.0,0.0,0.0,0.0,0.0,5.0,0.0,0.0,7.0,7.0,0.0,7.0,0.0,0.0,0.0,0.0,71.5,0.0,46.5,22,2,8,4,9,9,1,2,4.0,2,2,1,73,1177,4322,902956,4,1,2,9,9,1,73,1177,4298
90295605101.0,90295605,902956051,85.0,85.0,54.0,48.0,6.0,0.0,0.0,31.0,20.0,10.5,4.25,3.0,0.0,2.0,0.0,0.25,11.0,11.0,0.0,0.0,0.0,0.0,5.0,5.0,2.0,4.0,4.0,0.0,0.0,0.0,0.0,0.0,0.0,0.0,0.0,96.0,0.0,39.58333333333333,53,2,3,3,9,9,1,2,2.0,2,2,1,73,1177,4270,902956,5,1,1,9,9,1,73,1177,4298
90295605102.0,90295605,902956051,101.4,46.39999999999999,0.0,0.0,0.0,0.0,0.0,101.4,29.39999999999999,16.33333333333333,9.33333333333333,0.0,0.0,3.0,0.5,0.23333333333333,72.0,17.0,0.0,0.0,0.0,0.0,68.0,13.0,4.0,0.0,0.0,0.0,0.0,0.0,0.0,0.0,0.0,0.0,0.0,74.66666666666666,0.0,37.5,73,1,8,5,9,9,1,2,4.0,2,2,3,73,1177,4252,902956,5,1,2,9,9,1,73,1177,4298
90295605103.0,90295605,902956051,46.33333333333333,46.33333333333333,0.0,0.0,0.0,0.0,0.0,46.33333333333333,7.83333333333333,3.33333333333333,2.5,0.0,0.0,1.5,0.08333333333333,0.41666666666666,38.49999999999999,38.49999999999999,0.0,0.0,0.0,0.0,5.0,5.0,1.83333333333333,31.66666666666666,31.66666666666666,0.0,0.0,0.0,0.0,0.0,0.0,0.0,0.0,65.5,47.5,38.5,19,1,6,3,9,9,1,2,3.0,2,2,4,73,1177,4333,902956,5,1,3,9,9,1,73,1177,4298
90295605104.0,90295605,902956051,15.83333333333333,15.83333333333333,0.0,0.0,0.0,0.0,0.0,15.83333333333333,13.33333333333333,8.5,4.16666666666666,0.66666666666666,0.0,0.0,0.0,0.0,2.5,2.5,0.0,0.0,0.0,0.0,0.0,0.0,2.5,0.0,0.0,0.0,0.0,0.0,0.0,0.0,0.0,0.0,0.0,82.0,62.0,58.5,14,1,3,3,9,9,1,2,2.0,2,2,4,73,1177,4322,902956,5,1,4,9,9,1,73,1177,4298
91466001102.0,91466001,914660011,80.0,77.0,50.0,40.0,10.0,0.0,1.0,29.0,22.33333333333333,10.5,7.25,2.5,0.0,1.0,0.0,1.08333333333333,4.66666666666666,1.66666666666666,0.0,0.0,4.66666666666666,1.66666666666666,0.0,0.0,0.0,0.0,0.0,2.0,0.0,0.0,0.0,0.0,2.0,0.0,0.0,75.83333333333333,1.0,10.83333333333333,36,2,3,3,9,9,1,2,2.0,1,2,1,74,1268,3902,914660,1,1,2,9,9,1,74,1268,3958
91466001103.0,91466001,914660011,55.41666666666666,55.41666666666666,3.33333333333333,3.0,0.33333333333333,0.0,0.0,52.08333333333333,13.58333333333333,2.0,7.33333333333333,1.5,0.0,2.0,0.0,0.75,38.5,38.5,0.0,0.0,29.5,29.5,0.0,0.0,9.0,0.0,0.0,0.0,0.0,0.0,0.0,0.0,0.0,0.0,0.0,72.0,0.0,1.0,34,2,8,5,9,9,1,2,4.0,1,2,1,74,1268,3907,914660,1,1,3,9,9,1,74,1268,3958
91466002101.0,91466002,914660021,77.41666666666666,77.41666666666666,58.0,54.0,4.0,0.0,0.0,19.41666666666666,15.41666666666666,6.16666666666666,2.33333333333333,3.0,0.0,2.0,1.0,0.91666666666666,4.0,4.0,0.0,0.0,0.0,0.0,4.0,4.0,0.0,0.0,0.0,0.0,0.0,0.0,0.0,0.0,0.0,0.0,0.0,67.0,0.0,9.0,46,2,3,3,9,9,1,2,2.0,2,2,1,74,1268,3895,914660,2,1,1,9,9,1,74,1268,3958
91466002102.0,91466002,914660021,18.58333333333333,18.58333333333333,0.0,0.0,0.0,0.0,0.0,18.58333333333333,18.58333333333333,7.0,6.0,4.0,0.0,1.0,0.0,0.58333333333333,0.0,0.0,0.0,0.0,0.0,0.0,0.0,0.0,0.0,0.0,0.0,0.0,0.0,0.0,0.0,0.0,0.0,0.0,0.0,77.5,46.0,24.0,13,2,3,1,9,9,1,2,2.0,2,2,4,74,1268,3949,914660,2,1,2,9,9,1,74,1268,3958
91466002103.0,91466002,914660021,70.83333333333333,70.83333333333333,60.0,48.0,12.0,0.0,0.0,10.83333333333333,10.83333333333333,2.5,1.0,4.0,0.0,2.5,0.25,0.58333333333333,0.0,0.0,0.0,0.0,0.0,0.0,0.0,0.0,0.0,0.0,0.0,0.0,0.0,0.0,0.0,0.0,0.0,0.0,0.0,64.0,0.0,21.0,19,2,6,3,9,9,1,2,3.0,2,2,1,74,1268,3970,914660,2,1,3,9,9,1,74,1268,3958
91466002104.0,91466002,914660021,71.5,71.5,60.0,48.0,12.0,0.0,0.0,11.5,11.5,2.5,3.0,0.0,3.0,3.0,0.0,0.0,0.0,0.0,0.0,0.0,0.0,0.0,0.0,0.0,0.0,0.0,0.0,0.0,0.0,0.0,0.0,0.0,0.0,0.0,0.0,63.5,0.0,21.25,22,1,6,2,9,9,1,2,3.0,2,2,1,74,1268,4016,914660,2,1,4,9,9,1,74,1268,3958
91466003101.0,91466003,914660031,20.33333333333333,20.33333333333333,0.0,0.0,0.0,0.0,0.0,20.33333333333333,20.33333333333333,10.83333333333333,3.0,4.0,0.0,2.0,0.0,0.5,0.0,0.0,0.0,0.0,0.0,0.0,0.0,0.0,0.0,0.0,0.0,0.0,0.0,0.0,0.0,0.0,0.0,0.0,0.0,57.66666666666666,0.0,13.0,35,2,3,3,9,9,1,2,2.0,2,2,6,74,1268,3902,914660,3,1,1,9,9,1,74,1268,3958
90306101101.0,90306101,903061011,73.01666666666667,73.01666666666667,0.0,0.0,0.0,0.0,0.0,73.01666666666667,52.01666666666666,13.0,27.68333333333333,3.75,0.0,6.0,1.0,0.58333333333333,21.0,21.0,0.0,0.0,0.0,0.0,0.0,0.0,21.0,0.0,0.0,0.0,0.0,0.0,0.0,0.0,0.0,0.0,0.0,77.5,0.0,77.0,62,2,3,3,9,9,1,2,2.0,2,2,3,74,1178,5118,903061,1,1,1,9,9,1,74,1178,5198
90306101102.0,90306101,903061011,95.75,95.75,62.0,55.0,7.0,0.0,0.0,33.75,27.75,9.0,12.25,3.66666666666666,0.0,2.0,0.25,0.58333333333333,6.0,6.0,0.0,0.0,0.0,0.0,0.0,0.0,3.0,3.0,3.0,0.0,0.0,0.0,0.0,0.0,0.0,0.0,0.0,73.5,0.0,38.0,38,2,8,4,9,9,1,2,4.0,2,2,1,74,1178,5125,903061,1,1,2,9,9,1,74,1178,5198
90306101103.0,90306101,903061011,8.25,8.25,0.0,0.0,0.0,0.0,0.0,8.25,2.83333333333333,0.33333333333333,2.0,0.5,0.0,0.0,0.0,0.0,5.41666666666666,5.41666666666666,0.0,0.0,0.0,0.0,0.0,0.0,3.0,2.41666666666666,2.41666666666666,0.0,0.0,0.0,0.0,0.0,0.0,0.0,0.0,58.33333333333333,65.0,64.08333333333333,20,1,8,1,9,9,1,2,4.0,2,2,4,74,1178,5275,903061,1,1,3,9,9,1,74,1178,5198
90306102101.0,90306102,903061021,65.66666666666666,65.66666666666666,50.0,40.0,10.0,0.0,0.0,15.66666666666666,15.66666666666666,5.83333333333333,6.0,3.25,0.0,0.0,0.0,0.58333333333333,0.0,0.0,0.0,0.0,0.0,0.0,0.0,0.0,0.0,0.0,0.0,0.0,0.0,0.0,0.0,0.0,0.0,0.0,0.0,81.66666666666666,0.0,21.0,61,1,8,4,9,9,1,2,4.0,2,2,1,74,1178,5168,903061,2,1,1,9,9,1,74,1178,5198
90306102102.0,90306102,903061021,77.0,77.0,55.0,40.0,15.0,0.0,0.0,22.0,17.5,7.0,7.0,1.5,0.0,2.0,0.0,0.0,4.5,4.5,0.0,0.0,0.0,0.0,0.0,0.0,1.5,3.0,3.0,0.0,0.0,0.0,0.0,0.0,0.0,0.0,0.0,78.16666666666666,0.0,28.0,70,2,2,6,9,9,1,2,2.0,2,2,1,74,1178,5201,903061,2,1,2,9,9,1,74,1178,5198
90306102103.0,90306102,903061021,86.41666666666666,86.41666666666666,47.5,40.0,7.5,0.0,0.0,38.91666666666666,33.91666666666666,14.0,12.41666666666666,2.5,0.0,5.0,0.0,0.0,5.0,5.0,0.0,0.0,0.0,0.0,0.0,0.0,5.0,0.0,0.0,0.0,0.0,0.0,0.0,0.0,0.0,0.0,0.0,75.5,0.0,28.5,59,2,3,3,9,9,1,2,2.0,2,2,1,74,1178,5074,903061,2,1,3,9,9,1,74,1178,5198
90306102104.0,90306102,903061021,17.2,17.2,0.0,0.0,0.0,0.0,0.0,17.2,13.7,7.33333333333333,3.66666666666666,1.5,0.0,1.0,0.08333333333333,0.11666666666666,0.5,0.5,0.0,0.0,0.0,0.0,0.0,0.0,0.5,0.0,0.0,3.0,3.0,0.0,0.0,3.0,0.0,0.0,0.0,76.0,57.0,66.68333333333332,25,1,10,1,9,9,1,2,5.0,2,2,4,74,1178,5246,903061,2,1,4,9,9,1,74,1178,5198
91466003102.0,91466003,914660031,4.66666666666666,4.66666666666666,0.0,0.0,0.0,0.0,0.0,4.66666666666666,4.66666666666666,1.0,0.0,2.0,0.0,0.0,1.0,0.66666666666666,0.0,0.0,0.0,0.0,0.0,0.0,0.0,0.0,0.0,0.0,0.0,0.0,0.0,0.0,0.0,0.0,0.0,0.0,0.0,59.0,0.0,14.75,35,1,3,3,9,9,1,2,2.0,2,2,6,74,1268,3959,914660,3,1,2,9,9,1,74,1268,3958
91466003103.0,91466003,914660031,6.49999999999999,6.49999999999999,0.0,0.0,0.0,0.0,0.0,6.49999999999999,6.49999999999999,2.33333333333333,1.08333333333333,1.0,0.0,1.5,0.0,0.58333333333333,0.0,0.0,0.0,0.0,0.0,0.0,0.0,0.0,0.0,0.0,0.0,0.0,0.0,0.0,0.0,0.0,0.0,0.0,0.0,57.5,0.0,11.0,25,1,3,3,9,9,1,2,2.0,2,2,6,74,1268,3995,914660,3,1,3,9,9,1,74,1268,3958
91466004101.0,91466004,914660041,68.58333333333333,68.58333333333333,52.5,50.0,2.5,0.0,0.0,16.08333333333333,15.74999999999999,3.75,4.66666666666666,4.0,0.33333333333333,1.33333333333333,0.33333333333333,1.33333333333333,0.33333333333333,0.33333333333333,0.0,0.0,0.0,0.0,0.0,0.0,0.33333333333333,0.0,0.0,0.0,0.0,0.0,0.0,0.0,0.0,0.0,0.0,89.5,0.0,47.5,52,2,6,2,9,9,1,2,3.0,2,2,1,74,1268,3926,914660,4,1,1,9,9,1,74,1268,3958
91466004102.0,91466004,914660041,59.16666666666666,59.16666666666666,53.16666666666666,49.66666666666666,3.5,0.0,0.0,6.0,6.0,2.25,0.58333333333333,2.41666666666666,0.0,0.0,0.33333333333333,0.41666666666666,0.0,0.0,0.0,0.0,0.0,0.0,0.0,0.0,0.0,0.0,0.0,0.0,0.0,0.0,0.0,0.0,0.0,0.0,0.0,56.25,5.66666666666666,13.0,29,1,8,4,9,9,1,2,4.0,2,2,1,74,1268,3995,914660,4,1,2,9,9,1,74,1268,3958
91466004103.0,91466004,914660041,88.58333333333333,88.58333333333333,79.5,76.0,3.5,0.0,0.16666666666666,8.91666666666666,6.58333333333333,2.5,1.58333333333333,1.5,0.0,0.0,1.0,0.0,2.0,2.0,0.0,0.0,0.0,0.0,0.0,0.0,2.0,0.0,0.0,0.33333333333333,0.0,0.0,0.0,0.0,0.33333333333333,0.0,0.0,44.3,5.13333333333333,63.08333333333333,21,2,8,2,9,9,1,2,4.0,2,2,1,74,1268,3975,914660,4,1,3,9,9,1,74,1268,3958
91466005101.0,91466005,914660051,18.74999999999999,18.74999999999999,0.0,0.0,0.0,0.0,0.0,18.74999999999999,18.74999999999999,5.33333333333333,4.08333333333333,5.5,0.0,2.0,1.5,0.33333333333333,0.0,0.0,0.0,0.0,0.0,0.0,0.0,0.0,0.0,0.0,0.0,0.0,0.0,0.0,0.0,0.0,0.0,0.0,0.0,67.8,0.0,7.25,53,2,8,3,9,9,1,2,4.0,1,2,5,74,1268,3926,914660,5,1,1,9,9,1,74,1268,3958
91466005102.0,91466005,914660051,69.16666666666666,69.16666666666666,60.0,50.0,10.0,0.0,2.0,7.16666666666666,7.16666666666666,2.16666666666666,2.66666666666666,2.0,0.0,0.0,0.0,0.33333333333333,0.0,0.0,0.0,0.0,0.0,0.0,0.0,0.0,0.0,0.0,0.0,0.0,0.0,0.0,0.0,0.0,0.0,0.0,0.0,69.0,0.0,25.0,28,1,8,4,9,9,1,2,4.0,2,2,1,74,1268,3995,914660,5,1,2,9,9,1,74,1268,3958
91216305103.0,91216305,912163051,66.53333333333333,66.53333333333333,55.0,40.0,15.0,0.0,0.0,11.53333333333333,11.53333333333333,5.5,3.03333333333333,3.0,0.0,0.0,0.0,0.0,0.0,0.0,0.0,0.0,0.0,0.0,0.0,0.0,0.0,0.0,0.0,0.0,0.0,0.0,0.0,0.0,0.0,0.0,0.0,88.0,0.0,78.0,28,2,8,5,9,9,1,2,4.0,2,2,1,76,1252,5014,912163,5,1,3,9,9,1,76,1252,5022
91225801101.0,91225801,912258011,35.99999999999999,35.99999999999999,0.0,0.0,0.0,0.0,0.0,35.99999999999999,30.99999999999999,21.0,7.41666666666666,0.58333333333333,0.0,2.0,0.0,0.0,0.0,0.0,0.0,0.0,0.0,0.0,0.0,0.0,0.0,0.0,0.0,5.0,5.0,0.0,0.0,5.0,0.0,0.0,0.0,46.41666666666666,0.0,38.66666666666666,69,2,2,5,9,9,1,2,2.0,2,2,5,73,1253,3971,912258,1,1,1,9,9,1,73,1253,3994
91225801102.0,91225801,912258011,89.61666666666666,89.61666666666666,78.0,66.0,12.0,0.0,0.0,11.61666666666666,11.11666666666666,0.0,9.0,0.5,0.0,1.5,0.0,0.11666666666666,0.5,0.5,0.0,0.0,0.0,0.0,0.0,0.0,0.0,0.5,0.5,0.0,0.0,0.0,0.0,0.0,0.0,0.0,0.0,63.0,0.0,31.5,52,1,6,1,9,9,1,2,3.0,2,2,1,73,1253,4005,912258,1,1,2,9,9,1,73,1253,3994
91225802101.0,91225802,912258021,10.5,10.5,0.0,0.0,0.0,0.0,0.0,10.5,8.0,0.0,2.0,1.0,1.0,1.0,3.0,0.0,2.5,2.5,0.0,0.0,0.0,0.0,0.0,0.0,2.5,0.0,0.0,0.0,0.0,0.0,0.0,0.0,0.0,0.0,0.0,68.33333333333333,0.0,27.5,56,1,7,3,9,9,1,2,4.0,2,2,3,73,1253,4016,912258,2,1,1,9,9,1,73,1253,3994
91225802102.0,91225802,912258021,60.08333333333333,60.08333333333333,0.0,0.0,0.0,0.0,0.0,60.08333333333333,26.58333333333333,11.08333333333333,10.0,4.0,0.0,1.5,0.0,0.0,3.5,3.5,0.0,0.0,0.0,0.0,0.0,0.0,3.5,0.0,0.0,30.0,30.0,0.0,0.0,30.0,0.0,0.0,0.0,77.5,0.0,58.5,56,2,8,4,9,9,1,2,4.0,2,2,3,73,1253,3904,912258,2,1,2,9,9,1,73,1253,3994
91225802103.0,91225802,912258021,31.41666666666666,31.41666666666666,0.0,0.0,0.0,0.0,0.0,31.41666666666666,31.16666666666666,14.0,14.0,0.5,0.0,2.0,0.5,0.16666666666666,0.25,0.25,0.0,0.0,0.0,0.0,0.0,0.0,0.25,0.0,0.0,0.0,0.0,0.0,0.0,0.0,0.0,0.0,0.0,63.5,57.0,35.75,22,1,8,2,9,9,1,2,4.0,2,2,4,73,1253,4058,912258,2,1,3,9,9,1,73,1253,3994
91225802104.0,91225802,912258021,17.75,17.75,0.0,0.0,0.0,0.0,0.0,17.75,17.75,2.58333333333333,13.5,0.66666666666666,0.0,1.0,0.0,0.0,0.0,0.0,0.0,0.0,0.0,0.0,0.0,0.0,0.0,0.0,0.0,0.0,0.0,0.0,0.0,0.0,0.0,0.0,0.0,77.0,48.0,79.0,17,2,6,3,9,9,1,2,3.0,2,2,4,73,1253,4012,912258,2,1,4,9,9,1,73,1253,3994
91466005103.0,91466005,914660051,44.83333333333333,44.83333333333333,34.0,32.0,2.0,0.0,0.0,10.83333333333333,10.83333333333333,7.33333333333333,0.41666666666666,1.66666666666666,0.0,0.0,0.66666666666666,0.75,0.0,0.0,0.0,0.0,0.0,0.0,0.0,0.0,0.0,0.0,0.0,0.0,0.0,0.0,0.0,0.0,0.0,0.0,0.0,53.5,0.0,4.0,22,2,6,3,9,9,1,2,3.0,2,2,1,74,1268,3975,914660,5,1,3,9,9,1,74,1268,3958
91466005104.0,91466005,914660051,7.58333333333333,7.58333333333333,0.0,0.0,0.0,0.0,0.0,7.58333333333333,7.58333333333333,1.66666666666666,2.41666666666666,3.5,0.0,0.0,0.0,0.0,0.0,0.0,0.0,0.0,0.0,0.0,0.0,0.0,0.0,0.0,0.0,0.0,0.0,0.0,0.0,0.0,0.0,0.0,0.0,76.0,15.0,12.0,17,1,3,3,9,9,1,2,2.0,2,2,4,74,1268,3985,914660,5,1,4,9,9,1,74,1268,3958
91491501101.0,91491501,914915011,84.25,84.25,64.0,44.0,20.0,0.0,0.0,20.25,20.25,17.0,0.5,0.0,0.0,1.0,0.16666666666666,1.58333333333333,0.0,0.0,0.0,0.0,0.0,0.0,0.0,0.0,0.0,0.0,0.0,0.0,0.0,0.0,0.0,0.0,0.0,0.0,0.0,65.08333333333333,0.0,12.0,75,2,8,5,9,9,1,2,4.0,2,2,1,73,1269,4005,914915,1,1,1,9,9,1,73,1269,3997
91491502101.0,91491502,914915021,60.75,60.75,30.0,20.0,10.0,0.0,0.0,30.75,17.58333333333333,10.0,3.66666666666666,0.91666666666666,0.0,1.5,0.33333333333333,1.16666666666666,6.66666666666666,6.66666666666666,0.0,0.0,0.0,0.0,6.66666666666666,6.66666666666666,0.0,0.0,0.0,6.5,6.5,0.0,0.0,6.5,0.0,0.0,0.0,55.0,0.0,9.0,39,2,9,1,9,9,1,2,5.0,2,2,1,73,1269,3946,914915,2,1,1,9,9,1,73,1269,3997
91491502102.0,91491502,914915021,2.58333333333333,2.58333333333333,0.0,0.0,0.0,0.0,0.0,2.58333333333333,0.0,0.0,0.0,0.0,0.0,0.0,0.0,0.0,2.58333333333333,2.58333333333333,0.0,0.0,0.0,0.0,2.58333333333333,2.58333333333333,0.0,0.0,0.0,0.0,0.0,0.0,0.0,0.0,0.0,0.0,0.0,74.0,43.83333333333333,20.74999999999999,14,2,3,2,9,9,1,2,2.0,2,2,4,73,1269,3994,914915,2,1,2,9,9,1,73,1269,3997
91491505101.0,91491505,914915051,94.25,94.25,76.0,58.0,18.0,0.0,0.0,18.25,8.25,0.0,2.0,0.0,1.0,4.5,0.5,0.25,10.0,10.0,0.0,0.0,0.0,0.0,5.0,5.0,5.0,0.0,0.0,0.0,0.0,0.0,0.0,0.0,0.0,0.0,0.0,72.0,0.0,28.0,36,1,3,3,9,9,1,2,2.0,2,2,1,73,1269,4003,914915,5,1,1,9,9,1,73,1269,3997
90635801102.0,90635801,906358011,28.5,28.5,0.0,0.0,0.0,0.0,0.0,28.5,28.5,17.5,6.25,2.0,0.0,2.5,0.0,0.25,0.0,0.0,0.0,0.0,0.0,0.0,0.0,0.0,0.0,0.0,0.0,0.0,0.0,0.0,0.0,0.0,0.0,0.0,0.0,62.5,0.0,35.08333333333333,41,2,3,3,9,9,1,2,2.0,2,2,5,74,1201,3662,906358,1,1,2,9,9,1,74,1201,3714
91225803101.0,91225803,912258031,96.83333333333331,96.83333333333331,0.0,0.0,0.0,0.0,0.0,96.83333333333331,73.16666666666666,14.58333333333333,45.58333333333333,8.0,0.0,2.0,3.0,0.0,6.66666666666666,6.66666666666666,0.0,0.0,1.66666666666666,1.66666666666666,5.0,5.0,0.0,0.0,0.0,17.0,5.0,0.0,0.0,5.0,12.0,0.0,0.0,77.0,0.0,0.0,72,2,0,0,9,9,1,2,1.0,2,2,5,73,1253,4001,912258,3,1,1,9,9,1,73,1253,3994
91225803102.0,91225803,912258031,92.83333333333331,84.83333333333333,42.5,40.0,2.5,0.0,0.0,50.33333333333333,18.0,0.0,14.0,0.0,0.0,4.0,0.0,0.0,18.33333333333333,10.33333333333333,0.0,0.0,8.5,4.5,9.75,5.75,0.08333333333333,0.0,0.0,14.0,14.0,14.0,0.0,0.0,0.0,0.0,0.0,58.13333333333333,0.0,18.16666666666666,28,1,3,3,9,9,1,2,2.0,2,2,1,73,1253,4036,912258,3,1,2,9,9,1,73,1253,3994
91225803103.0,91225803,912258031,72.73333333333333,72.73333333333333,56.0,54.0,2.0,0.0,0.0,16.73333333333333,16.4,4.66666666666666,8.0,1.66666666666666,2.0,0.0,0.0,0.06666666666666,0.33333333333333,0.33333333333333,0.0,0.0,0.0,0.0,0.0,0.0,0.0,0.33333333333333,0.33333333333333,0.0,0.0,0.0,0.0,0.0,0.0,0.0,0.0,80.0,0.0,41.5,25,1,8,3,9,9,1,2,4.0,2,2,1,73,1253,4036,912258,3,1,3,9,9,1,73,1253,3994
91225803104.0,91225803,912258031,27.91666666666666,27.91666666666666,0.0,0.0,0.0,0.0,0.0,27.91666666666666,25.91666666666666,15.75,6.91666666666666,2.5,0.75,0.0,0.0,0.0,2.0,2.0,0.0,0.0,0.0,0.0,0.0,0.0,0.0,2.0,2.0,0.0,0.0,0.0,0.0,0.0,0.0,0.0,0.0,79.5,0.0,36.0,33,2,6,3,9,9,1,2,3.0,2,2,5,73,1253,3948,912258,3,1,4,9,9,1,73,1253,3994
91225803105.0,91225803,912258031,116.66666666666666,46.66666666666666,0.0,0.0,0.0,0.0,0.0,116.66666666666666,22.08333333333333,0.58333333333333,16.5,3.0,0.0,2.0,0.0,0.0,94.58333333333331,24.58333333333333,0.0,0.0,59.66666666666666,13.66666666666666,34.83333333333333,10.83333333333333,0.0,0.08333333333333,0.08333333333333,0.0,0.0,0.0,0.0,0.0,0.0,0.0,0.0,86.5,0.0,57.08333333333333,25,2,3,3,9,9,1,2,2.0,2,2,5,73,1253,3969,912258,3,1,5,9,9,1,73,1253,3994
91225803108.0,91225803,912258031,93.28333333333332,81.28333333333333,51.0,48.0,3.0,0.0,0.0,42.28333333333333,25.78333333333333,17.58333333333333,4.16666666666666,2.0,0.0,2.0,0.0,0.03333333333333,16.5,4.5,0.0,0.0,6.5,3.5,3.0,1.0,0.0,7.0,0.0,0.0,0.0,0.0,0.0,0.0,0.0,0.0,0.0,58.5,0.0,23.5,50,2,3,2,9,9,1,2,2.0,2,2,1,73,1253,3967,912258,3,1,8,9,9,1,73,1253,3994
91225804101.0,91225804,912258041,96.36666666666666,94.36666666666666,81.0,60.0,21.0,0.0,0.0,15.36666666666666,9.45,0.0,8.0,0.33333333333333,0.0,1.0,0.0,0.11666666666666,5.91666666666666,3.91666666666666,0.0,0.0,5.91666666666666,3.91666666666666,0.0,0.0,0.0,0.0,0.0,0.0,0.0,0.0,0.0,0.0,0.0,0.0,0.0,56.0,0.0,30.0,56,1,6,1,9,9,1,2,3.0,2,2,1,73,1253,4016,912258,4,1,1,9,9,1,73,1253,3994
90635802101.0,90635802,906358021,89.16666666666666,89.16666666666666,84.58333333333333,84.0,0.58333333333333,0.0,0.0,4.58333333333333,4.58333333333333,0.0,3.33333333333333,0.0,0.0,0.0,1.0,0.25,0.0,0.0,0.0,0.0,0.0,0.0,0.0,0.0,0.0,0.0,0.0,0.0,0.0,0.0,0.0,0.0,0.0,0.0,0.0,89.0,0.0,30.0,54,1,3,3,9,9,1,2,2.0,2,2,1,74,1201,3720,906358,2,1,1,9,9,1,74,1201,3714
90635802102.0,90635802,906358021,83.41666666666666,83.41666666666666,66.0,54.0,12.0,0.0,0.0,17.41666666666666,17.41666666666666,12.0,2.5,1.33333333333333,0.0,1.0,0.0,0.58333333333333,0.0,0.0,0.0,0.0,0.0,0.0,0.0,0.0,0.0,0.0,0.0,0.0,0.0,0.0,0.0,0.0,0.0,0.0,0.0,70.16666666666666,0.0,22.5,38,2,6,3,9,9,1,2,3.0,2,2,1,74,1201,3662,906358,2,1,2,9,9,1,74,1201,3714
90635802103.0,90635802,906358021,55.0,55.0,50.0,48.0,2.0,0.0,0.0,5.0,5.0,1.5,2.75,0.75,0.0,0.0,0.0,0.0,0.0,0.0,0.0,0.0,0.0,0.0,0.0,0.0,0.0,0.0,0.0,0.0,0.0,0.0,0.0,0.0,0.0,0.0,0.0,80.66666666666666,0.0,41.58333333333333,20,1,6,1,9,9,1,2,3.0,2,2,1,74,1201,3769,906358,2,1,3,9,9,1,74,1201,3714
90635802104.0,90635802,906358021,8.0,8.0,0.0,0.0,0.0,0.0,0.0,8.0,8.0,0.0,7.0,0.5,0.0,0.5,0.0,0.0,0.0,0.0,0.0,0.0,0.0,0.0,0.0,0.0,0.0,0.0,0.0,0.0,0.0,0.0,0.0,0.0,0.0,0.0,0.0,63.0,35.0,43.75,19,2,8,1,9,9,1,2,4.0,2,2,4,74,1201,3726,906358,2,1,4,9,9,1,74,1201,3714
90635803101.0,90635803,906358031,56.0,56.0,45.0,40.0,5.0,0.0,0.0,11.0,11.0,0.0,7.0,2.0,2.0,0.0,0.0,0.0,0.0,0.0,0.0,0.0,0.0,0.0,0.0,0.0,0.0,0.0,0.0,0.0,0.0,0.0,0.0,0.0,0.0,0.0,0.0,60.0,0.0,66.5,61,1,3,3,9,9,1,2,2.0,2,1,1,74,1201,3693,906358,3,1,1,9,9,1,74,1201,3714
90635803102.0,90635803,906358031,84.74999999999999,50.74999999999999,0.0,0.0,0.0,0.0,0.0,84.74999999999999,34.74999999999999,17.5,11.16666666666666,2.0,0.0,3.5,0.0,0.58333333333333,50.0,16.0,0.0,0.0,0.0,0.0,36.0,2.0,14.0,0.0,0.0,0.0,0.0,0.0,0.0,0.0,0.0,0.0,0.0,64.75,0.0,12.0,56,2,3,2,9,9,1,2,2.0,2,2,5,74,1201,3626,906358,3,1,2,9,9,1,74,1201,3714
90635803103.0,90635803,906358031,19.41666666666666,19.41666666666666,0.0,0.0,0.0,0.0,0.0,19.41666666666666,15.25,9.33333333333333,3.41666666666666,0.5,0.0,2.0,0.0,0.0,4.16666666666666,4.16666666666666,0.0,0.0,0.0,0.0,4.16666666666666,4.16666666666666,0.0,0.0,0.0,0.0,0.0,0.0,0.0,0.0,0.0,0.0,0.0,66.5,0.0,27.0,33,2,6,3,9,9,1,2,3.0,2,2,5,74,1201,3667,906358,3,1,3,9,9,1,74,1201,3714
91225804102.0,91225804,912258041,102.16666666666666,99.16666666666666,70.0,50.0,20.0,0.0,0.0,32.16666666666666,24.5,11.66666666666666,9.16666666666666,1.66666666666666,0.0,2.0,0.0,0.0,7.66666666666666,4.66666666666666,0.0,0.0,6.66666666666666,3.66666666666666,0.0,0.0,1.0,0.0,0.0,0.0,0.0,0.0,0.0,0.0,0.0,0.0,0.0,65.58333333333333,0.0,31.5,54,2,3,3,9,9,1,2,2.0,2,2,1,73,1253,3967,912258,4,1,2,9,9,1,73,1253,3994
91225804103.0,91225804,912258041,41.0,35.0,4.0,0.0,0.0,4.0,0.0,37.0,15.0,3.0,10.0,0.0,0.0,2.0,0.0,0.0,22.0,16.0,0.0,0.0,19.5,13.5,0.0,0.0,2.5,0.0,0.0,0.0,0.0,0.0,0.0,0.0,0.0,0.0,0.0,84.0,0.0,63.16666666666666,22,1,6,3,9,9,1,2,3.0,2,2,2,73,1253,4058,912258,4,1,3,9,9,1,73,1253,3994
91225804104.0,91225804,912258041,88.03333333333333,32.03333333333333,0.0,0.0,0.0,0.0,0.0,88.03333333333333,7.69999999999999,2.7,0.33333333333333,1.33333333333333,0.33333333333333,2.5,0.5,0.0,80.33333333333333,24.33333333333333,0.0,0.0,73.83333333333333,17.83333333333333,0.0,0.0,6.5,0.0,0.0,0.0,0.0,0.0,0.0,0.0,0.0,0.0,0.0,68.75,0.0,34.05,28,2,6,3,9,9,1,2,3.0,2,2,5,73,1253,3969,912258,4,1,4,9,9,1,73,1253,3994
91225805101.0,91225805,912258051,15.34999999999999,15.34999999999999,0.0,0.0,0.0,0.0,0.0,15.34999999999999,9.34999999999999,5.03333333333333,0.25,1.33333333333333,0.0,2.5,0.0,0.23333333333333,0.0,0.0,0.0,0.0,0.0,0.0,0.0,0.0,0.0,0.0,0.0,6.0,6.0,6.0,0.0,0.0,0.0,0.0,0.0,74.75,0.0,2.66666666666666,47,2,2,6,9,9,1,2,2.0,2,2,5,73,1253,3936,912258,5,1,1,9,9,1,73,1253,3994
91230801101.0,91230801,912308011,25.41666666666666,25.41666666666666,0.0,0.0,0.0,0.0,0.0,25.41666666666666,25.41666666666666,10.5,8.08333333333333,4.33333333333333,0.0,2.0,0.5,0.0,0.0,0.0,0.0,0.0,0.0,0.0,0.0,0.0,0.0,0.0,0.0,0.0,0.0,0.0,0.0,0.0,0.0,0.0,0.0,68.5,0.0,28.33333333333333,49,1,3,3,9,9,1,2,2.0,2,2,1,74,1254,3143,912308,1,1,1,9,9,1,74,1254,3123
91230801102.0,91230801,912308011,107.41666666666666,107.41666666666666,78.0,60.0,18.0,0.0,0.0,29.41666666666666,29.41666666666666,9.58333333333333,10.0,4.83333333333333,0.0,5.0,0.0,0.0,0.0,0.0,0.0,0.0,0.0,0.0,0.0,0.0,0.0,0.0,0.0,0.0,0.0,0.0,0.0,0.0,0.0,0.0,0.0,67.0,0.0,17.0,45,2,6,3,9,9,1,2,3.0,2,2,1,74,1254,3074,912308,1,1,2,9,9,1,74,1254,3123
91230801103.0,91230801,912308011,51.75,51.75,43.66666666666666,40.0,3.66666666666666,0.0,0.0,8.08333333333333,7.58333333333333,0.83333333333333,2.83333333333333,0.66666666666666,0.0,3.0,0.0,0.25,0.5,0.5,0.0,0.0,0.0,0.0,0.0,0.0,0.5,0.0,0.0,0.0,0.0,0.0,0.0,0.0,0.0,0.0,0.0,71.75,0.0,47.5,25,1,8,4,9,9,1,2,4.0,2,2,1,74,1254,3152,912308,1,1,3,9,9,1,74,1254,3123
92109101102.0,92109101,921091011,30.0,30.0,2.0,0.0,0.0,2.0,0.0,28.0,22.0,7.0,7.0,3.0,0.0,3.0,0.5,1.5,6.0,6.0,0.0,0.0,0.0,0.0,0.0,0.0,0.0,6.0,6.0,0.0,0.0,0.0,0.0,0.0,0.0,0.0,0.0,70.0,0.0,44.0,40,1,8,4,9,9,1,2,4.0,2,2,2,73,1319,3819,921091,1,1,2,9,9,1,73,1319,3744
92109102101.0,92109102,921091021,20.43333333333333,18.09999999999999,0.0,0.0,0.0,0.0,0.0,20.43333333333333,13.43333333333333,5.5,2.33333333333333,2.16666666666666,0.0,2.33333333333333,0.33333333333333,0.76666666666666,7.0,4.66666666666666,0.0,0.0,0.0,0.0,7.0,4.66666666666666,0.0,0.0,0.0,0.0,0.0,0.0,0.0,0.0,0.0,0.0,0.0,65.5,0.0,31.16666666666666,67,2,5,3,9,9,1,2,3.0,2,2,5,73,1319,3723,921091,2,1,1,9,9,1,73,1319,3744
92109102103.0,92109102,921091021,70.58333333333333,70.58333333333333,23.0,20.0,3.0,0.0,0.0,47.58333333333333,24.41666666666666,6.0,9.0,2.66666666666666,0.0,5.0,1.5,0.25,23.16666666666666,23.16666666666666,0.0,0.0,0.0,0.0,21.16666666666666,21.16666666666666,0.0,2.0,2.0,0.0,0.0,0.0,0.0,0.0,0.0,0.0,0.0,73.0,0.0,33.33333333333333,40,2,10,2,9,9,1,2,5.0,2,2,1,73,1319,3696,921091,2,1,3,9,9,1,73,1319,3744
92109103101.0,92109103,921091031,75.8,75.8,52.66666666666666,48.0,4.66666666666666,0.0,0.0,23.13333333333333,23.13333333333333,8.75,9.05,1.75,0.0,1.5,0.66666666666666,1.41666666666666,0.0,0.0,0.0,0.0,0.0,0.0,0.0,0.0,0.0,0.0,0.0,0.0,0.0,0.0,0.0,0.0,0.0,0.0,0.0,49.0,0.0,12.33333333333333,30,1,6,3,9,9,1,2,3.0,2,2,1,73,1319,3809,921091,3,1,1,9,9,1,73,1319,3744
92109103102.0,92109103,921091031,71.6,71.6,30.0,24.0,6.0,0.0,0.0,41.59999999999999,41.59999999999999,11.0,22.5,1.08333333333333,2.13333333333333,2.38333333333333,0.41666666666666,2.08333333333333,0.0,0.0,0.0,0.0,0.0,0.0,0.0,0.0,0.0,0.0,0.0,0.0,0.0,0.0,0.0,0.0,0.0,0.0,0.0,71.83333333333333,0.0,60.0,35,1,6,3,9,9,1,2,3.0,2,2,1,73,1319,3750,921091,3,1,2,9,9,1,73,1319,3744
92109104101.0,92109104,921091041,83.63333333333333,83.63333333333333,45.0,45.0,0.0,0.0,0.0,38.63333333333333,22.63333333333333,4.08333333333333,11.71666666666666,0.0,0.0,2.0,2.5,2.33333333333333,0.0,0.0,0.0,0.0,0.0,0.0,0.0,0.0,0.0,0.0,0.0,16.0,16.0,4.0,8.0,4.0,0.0,0.0,0.0,84.33333333333333,0.0,36.66666666666666,46,2,10,2,9,9,1,2,5.0,2,2,1,73,1319,3690,921091,4,1,1,9,9,1,73,1319,3744
92109105101.0,92109105,921091051,99.85,99.85,69.0,66.0,3.0,0.0,0.0,30.85,22.85,3.33333333333333,12.5,0.0,2.0,3.0,1.5,0.51666666666666,0.0,0.0,0.0,0.0,0.0,0.0,0.0,0.0,0.0,0.0,0.0,8.0,7.0,5.0,0.0,2.0,1.0,0.0,0.0,47.83333333333333,0.0,39.66666666666666,40,1,10,2,9,9,1,2,5.0,2,2,1,73,1319,3819,921091,5,1,1,9,9,1,73,1319,3744
92110701101.0,92110701,921107011,133.38333333333333,121.38333333333333,71.0,67.0,4.0,0.0,0.0,62.38333333333333,25.21666666666666,12.83333333333333,7.41666666666666,1.08333333333333,0.0,2.0,1.5,0.38333333333333,27.16666666666666,15.16666666666666,0.0,0.0,0.0,0.0,27.16666666666666,15.16666666666666,0.0,0.0,0.0,10.0,10.0,0.0,0.0,10.0,0.0,0.0,0.0,56.08333333333333,0.0,10.58333333333333,34,2,8,4,9,9,1,2,4.0,2,2,1,73,1320,4988,921107,1,1,1,9,9,1,73,1320,5046
92110702101.0,92110702,921107021,76.41666666666666,74.41666666666666,42.5,40.0,2.5,0.0,0.0,33.91666666666666,17.91666666666666,6.5,2.41666666666666,0.5,1.33333333333333,5.0,0.66666666666666,1.5,16.0,14.0,0.0,0.0,0.0,0.0,13.0,11.0,3.0,0.0,0.0,0.0,0.0,0.0,0.0,0.0,0.0,0.0,0.0,64.0,0.0,58.5,36,1,8,1,9,9,1,2,4.0,2,2,1,73,1320,5054,921107,2,1,1,9,9,1,73,1320,5046
92110702102.0,92110702,921107021,69.7,69.7,45.0,40.0,5.0,0.0,0.0,24.7,17.95,5.83333333333333,8.5,1.5,0.0,2.0,0.0,0.11666666666666,6.75,6.75,0.0,0.0,0.0,0.0,6.75,6.75,0.0,0.0,0.0,0.0,0.0,0.0,0.0,0.0,0.0,0.0,0.0,61.5,0.0,29.0,35,2,6,3,9,9,1,2,3.0,2,2,1,73,1320,4982,921107,2,1,2,9,9,1,73,1320,5046
92110702103.0,92110702,921107021,9.08333333333333,9.08333333333333,0.0,0.0,0.0,0.0,0.0,9.08333333333333,8.08333333333333,1.16666666666666,3.5,1.41666666666666,0.0,2.0,0.0,0.0,1.0,1.0,0.0,0.0,0.0,0.0,0.0,0.0,1.0,0.0,0.0,0.0,0.0,0.0,0.0,0.0,0.0,0.0,0.0,76.16666666666666,53.33333333333333,35.5,12,1,2,6,9,9,1,2,2.0,2,2,4,73,1320,5074,921107,2,1,3,9,9,1,73,1320,5046
92110704101.0,92110704,921107041,20.41666666666666,20.41666666666666,0.0,0.0,0.0,0.0,0.0,20.41666666666666,20.41666666666666,5.83333333333333,5.83333333333333,3.33333333333333,0.0,3.0,2.0,0.41666666666666,0.0,0.0,0.0,0.0,0.0,0.0,0.0,0.0,0.0,0.0,0.0,0.0,0.0,0.0,0.0,0.0,0.0,0.0,0.0,77.0,0.0,11.16666666666666,71,2,3,3,9,9,1,2,2.0,2,2,3,73,1320,5055,921107,4,1,1,9,9,1,73,1320,5046
92120801101.0,92120801,921208011,77.25,77.25,72.66666666666666,72.0,0.66666666666666,0.0,0.0,4.58333333333333,4.58333333333333,1.33333333333333,0.0,0.0,0.0,2.0,0.66666666666666,0.58333333333333,0.0,0.0,0.0,0.0,0.0,0.0,0.0,0.0,0.0,0.0,0.0,0.0,0.0,0.0,0.0,0.0,0.0,0.0,0.0,47.0,0.0,2.66666666666666,44,1,8,3,9,9,1,2,4.0,2,2,1,73,1321,4069,921208,1,1,1,9,9,1,73,1321,3989
92120802101.0,92120802,921208021,57.66666666666666,57.66666666666666,45.0,38.0,7.0,0.0,0.0,12.66666666666666,10.16666666666666,0.0,2.25,2.91666666666666,0.0,2.0,1.0,2.0,2.5,2.5,0.0,0.0,0.0,0.0,0.0,0.0,2.5,0.0,0.0,0.0,0.0,0.0,0.0,0.0,0.0,0.0,0.0,74.5,0.0,12.5,59,1,8,4,9,9,1,2,4.0,2,2,1,73,1321,4011,921208,2,1,1,9,9,1,73,1321,3989
92120802102.0,92120802,921208021,27.08333333333333,27.08333333333333,0.0,0.0,0.0,0.0,0.0,27.08333333333333,27.08333333333333,11.0,4.41666666666666,6.0,0.0,4.0,1.0,0.66666666666666,0.0,0.0,0.0,0.0,0.0,0.0,0.0,0.0,0.0,0.0,0.0,0.0,0.0,0.0,0.0,0.0,0.0,0.0,0.0,67.83333333333333,0.0,32.0,60,2,8,5,9,9,1,2,4.0,2,2,3,73,1321,3932,921208,2,1,2,9,9,1,73,1321,3989
92120802103.0,92120802,921208021,61.99999999999999,61.99999999999999,53.0,47.0,6.0,0.0,0.0,8.99999999999999,7.91666666666666,0.0,1.75,1.08333333333333,0.0,4.0,0.33333333333333,0.75,1.08333333333333,1.08333333333333,0.0,0.0,0.0,0.0,0.0,0.0,0.75,0.33333333333333,0.33333333333333,0.0,0.0,0.0,0.0,0.0,0.0,0.0,0.0,63.0,26.0,17.0,27,2,8,4,9,9,1,2,4.0,2,2,1,73,1321,3964,921208,2,1,3,9,9,1,73,1321,3989
92120802104.0,92120802,921208021,65.5,65.5,53.0,48.0,5.0,0.0,0.0,12.5,9.5,6.0,1.0,2.0,0.0,0.0,0.5,0.0,3.0,3.0,0.0,0.0,0.0,0.0,0.0,0.0,2.0,1.0,1.0,0.0,0.0,0.0,0.0,0.0,0.0,0.0,0.0,61.0,0.0,30.0,28,1,8,5,9,9,1,2,4.0,2,2,1,73,1321,4031,921208,2,1,4,9,9,1,73,1321,3989
92120803101.0,92120803,921208031,88.58333333333333,88.58333333333333,38.5,31.0,7.5,0.0,0.5,49.58333333333333,19.58333333333333,6.5,4.08333333333333,1.83333333333333,0.0,5.0,1.5,0.66666666666666,0.0,0.0,0.0,0.0,0.0,0.0,0.0,0.0,0.0,0.0,0.0,30.0,30.0,30.0,0.0,0.0,0.0,0.0,0.0,78.58333333333333,0.0,21.83333333333333,61,2,10,2,9,9,1,2,5.0,2,2,1,73,1321,3932,921208,3,1,1,9,9,1,73,1321,3989
92120804101.0,92120804,921208041,63.08333333333333,63.08333333333333,56.0,50.0,6.0,0.0,0.0,7.08333333333333,7.08333333333333,0.0,3.25,0.0,0.0,1.5,1.33333333333333,1.0,0.0,0.0,0.0,0.0,0.0,0.0,0.0,0.0,0.0,0.0,0.0,0.0,0.0,0.0,0.0,0.0,0.0,0.0,0.0,77.83333333333333,0.0,24.5,41,2,8,5,9,9,1,2,4.0,2,1,1,73,1321,3938,921208,4,1,1,9,9,1,73,1321,3989
92120804103.0,92120804,921208041,82.91666666666666,78.91666666666666,40.0,40.0,0.0,0.0,0.0,42.91666666666666,14.91666666666666,5.5,0.0,1.5,0.0,2.5,3.0,2.41666666666666,28.0,24.0,17.0,14.0,0.0,0.0,11.0,10.0,0.0,0.0,0.0,0.0,0.0,0.0,0.0,0.0,0.0,0.0,0.0,79.0,0.0,97.0,40,1,10,2,9,9,1,2,5.0,2,2,1,73,1321,4069,921208,4,1,3,9,9,1,73,1321,3989
92120805101.0,92120805,921208051,36.16666666666666,36.16666666666666,0.0,0.0,0.0,0.0,0.0,36.16666666666666,26.16666666666666,22.0,0.33333333333333,0.0,0.0,2.0,0.0,1.83333333333333,0.0,0.0,0.0,0.0,0.0,0.0,0.0,0.0,0.0,0.0,0.0,10.0,10.0,0.0,0.0,10.0,0.0,0.0,0.0,61.83333333333333,0.0,16.16666666666666,66,2,7,3,9,9,1,2,4.0,2,2,3,73,1321,3966,921208,5,1,1,9,9,1,73,1321,3989
92120805102.0,92120805,921208051,49.46666666666666,49.46666666666666,45.0,40.0,5.0,0.0,0.0,4.46666666666666,2.96666666666666,0.0,0.0,0.0,2.63333333333333,0.0,0.0,0.33333333333333,1.5,1.5,0.0,0.0,0.0,0.0,0.0,0.0,0.0,1.5,1.5,0.0,0.0,0.0,0.0,0.0,0.0,0.0,0.0,67.66666666666666,0.0,33.0,66,1,7,3,9,9,1,2,4.0,2,2,1,73,1321,3965,921208,5,1,2,9,9,1,73,1321,3989
92123501101.0,92123501,921235011,55.83333333333333,55.83333333333333,0.0,0.0,0.0,0.0,0.0,55.83333333333333,53.83333333333333,9.33333333333333,31.25,6.0,0.0,4.0,0.41666666666666,2.83333333333333,2.0,2.0,0.0,0.0,0.0,0.0,0.0,0.0,2.0,0.0,0.0,0.0,0.0,0.0,0.0,0.0,0.0,0.0,0.0,52.5,0.0,25.5,70,2,7,3,9,9,1,2,4.0,2,2,3,74,1322,4437,921235,1,1,1,9,9,1,74,1322,4435
92104102101.0,92104102,921041021,3.01666666666666,3.01666666666666,0.0,0.0,0.0,0.0,0.0,3.01666666666666,3.01666666666666,0.0,2.66666666666666,0.0,0.0,0.0,0.0,0.35,0.0,0.0,0.0,0.0,0.0,0.0,0.0,0.0,0.0,0.0,0.0,0.0,0.0,0.0,0.0,0.0,0.0,0.0,0.0,82.25,0.0,9.5,83,1,3,1,9,9,1,2,2.0,2,2,6,74,1318,4341,921041,2,1,1,9,9,1,74,1318,4223
92104102102.0,92104102,921041021,61.41666666666666,61.41666666666666,0.0,0.0,0.0,0.0,0.0,61.41666666666666,58.91666666666666,26.25,19.16666666666666,6.5,0.0,7.0,0.0,0.0,2.5,2.5,0.0,0.0,0.0,0.0,0.0,0.0,0.0,2.5,2.5,0.0,0.0,0.0,0.0,0.0,0.0,0.0,0.0,91.0,0.0,23.75,76,2,2,6,9,9,1,2,2.0,2,2,5,74,1318,4226,921041,2,1,2,9,9,1,74,1318,4223
92104103101.0,92104103,921041031,84.16666666666666,84.16666666666666,66.0,54.0,12.0,0.0,0.0,18.16666666666666,18.16666666666666,5.5,4.58333333333333,5.75,0.0,2.0,0.0,0.33333333333333,0.0,0.0,0.0,0.0,0.0,0.0,0.0,0.0,0.0,0.0,0.0,0.0,0.0,0.0,0.0,0.0,0.0,0.0,0.0,75.5,0.0,0.58333333333333,49,2,3,3,9,9,1,2,2.0,2,2,1,74,1318,4156,921041,3,1,1,9,9,1,74,1318,4223
92104103102.0,92104103,921041031,72.16666666666666,72.16666666666666,66.0,54.0,12.0,0.0,0.0,6.16666666666666,6.16666666666666,0.0,5.83333333333333,0.0,0.0,0.0,0.0,0.33333333333333,0.0,0.0,0.0,0.0,0.0,0.0,0.0,0.0,0.0,0.0,0.0,0.0,0.0,0.0,0.0,0.0,0.0,0.0,0.0,68.5,0.0,6.16666666666666,18,2,6,1,9,9,1,2,3.0,2,2,1,74,1318,4236,921041,3,1,2,9,9,1,74,1318,4223
92104104101.0,92104104,921041041,89.41666666666666,89.41666666666666,81.0,68.0,13.0,0.0,0.0,8.41666666666666,8.41666666666666,0.0,4.16666666666666,0.0,0.0,2.0,0.0,2.25,0.0,0.0,0.0,0.0,0.0,0.0,0.0,0.0,0.0,0.0,0.0,0.0,0.0,0.0,0.0,0.0,0.0,0.0,0.0,64.5,0.0,7.5,36,1,8,1,9,9,1,2,4.0,2,2,1,74,1318,4224,921041,4,1,1,9,9,1,74,1318,4223
92104105101.0,92104105,921041051,76.58333333333333,76.58333333333333,50.0,40.0,10.0,0.0,0.0,26.58333333333333,22.58333333333333,11.5,5.83333333333333,3.0,0.0,2.0,0.0,0.25,0.0,0.0,0.0,0.0,0.0,0.0,0.0,0.0,0.0,0.0,0.0,4.0,4.0,0.0,4.0,0.0,0.0,0.0,0.0,62.5,0.0,14.16666666666666,58,2,3,3,9,9,1,2,2.0,2,2,1,74,1318,4122,921041,5,1,1,9,9,1,74,1318,4223
92109101101.0,92109101,921091011,32.5,32.5,6.33333333333333,6.0,0.33333333333333,0.0,0.0,26.16666666666666,25.16666666666666,6.0,8.75,4.5,0.16666666666666,3.0,1.5,1.25,1.0,1.0,0.0,0.0,0.0,0.0,0.0,0.0,1.0,0.0,0.0,0.0,0.0,0.0,0.0,0.0,0.0,0.0,0.0,91.5,0.0,84.5,70,2,8,4,9,9,1,2,4.0,2,2,1,73,1319,3751,921091,1,1,1,9,9,1,73,1319,3744
92188505102.0,92188505,921885051,47.66666666666666,47.66666666666666,40.0,40.0,0.0,0.0,0.0,7.66666666666666,7.66666666666666,0.0,3.5,0.41666666666666,0.0,3.5,0.25,0.0,0.0,0.0,0.0,0.0,0.0,0.0,0.0,0.0,0.0,0.0,0.0,0.0,0.0,0.0,0.0,0.0,0.0,0.0,0.0,66.0,0.0,30.5,63,2,8,4,9,9,1,2,4.0,2,2,1,73,1326,3724,921885,5,1,2,9,9,1,73,1326,3778
92188505103.0,92188505,921885051,18.33333333333333,18.33333333333333,0.0,0.0,0.0,0.0,0.0,18.33333333333333,18.33333333333333,1.41666666666666,16.75,0.0,0.0,0.0,0.0,0.16666666666666,0.0,0.0,0.0,0.0,0.0,0.0,0.0,0.0,0.0,0.0,0.0,0.0,0.0,0.0,0.0,0.0,0.0,0.0,0.0,52.5,0.0,14.5,54,2,2,6,9,9,1,2,2.0,1,2,5,73,1326,3748,921885,5,1,3,9,9,1,73,1326,3778
92251401101.0,92251401,922514011,108.08333333333331,108.08333333333331,61.0,46.0,15.0,0.0,3.0,44.08333333333333,31.08333333333333,8.0,6.5,4.0,0.0,4.5,2.16666666666666,5.91666666666666,10.0,10.0,0.0,0.0,0.0,0.0,0.0,0.0,10.0,0.0,0.0,3.0,3.0,0.0,0.0,3.0,0.0,0.0,0.0,65.0,0.0,47.0,36,1,10,2,9,9,1,2,5.0,2,2,1,73,1328,3995,922514,1,1,1,9,9,1,73,1328,3988
92251401102.0,92251401,922514011,52.24999999999999,52.24999999999999,0.0,0.0,0.0,0.0,3.0,49.24999999999999,33.24999999999999,13.33333333333333,14.0,0.0,0.0,0.0,5.08333333333333,0.83333333333333,7.0,7.0,0.0,0.0,0.0,0.0,0.0,0.0,7.0,0.0,0.0,9.0,9.0,0.0,0.0,9.0,0.0,0.0,0.0,86.0,0.0,65.45,41,2,10,2,9,9,1,2,5.0,2,2,5,73,1328,3937,922514,1,1,2,9,9,1,73,1328,3988
92331101103.0,92331101,923311011,28.58333333333333,28.58333333333333,0.0,0.0,0.0,0.0,0.0,28.58333333333333,21.0,2.0,14.0,5.0,0.0,0.0,0.0,0.0,7.58333333333333,7.58333333333333,0.0,0.0,0.0,0.0,0.0,0.0,7.58333333333333,0.0,0.0,0.0,0.0,0.0,0.0,0.0,0.0,0.0,0.0,82.33333333333333,56.0,28.5,12,1,2,6,9,9,1,2,2.0,2,2,4,74,1331,4201,923311,1,1,3,9,9,1,74,1331,4183
92331102101.0,92331102,923311021,57.55,57.55,50.0,40.0,10.0,0.0,0.0,7.55,7.55,3.0,0.0,3.0,0.0,1.0,0.0,0.55,0.0,0.0,0.0,0.0,0.0,0.0,0.0,0.0,0.0,0.0,0.0,0.0,0.0,0.0,0.0,0.0,0.0,0.0,0.0,77.08333333333333,0.0,23.0,54,2,3,3,9,9,1,2,2.0,2,2,1,74,1331,4150,923311,2,1,1,9,9,1,74,1331,4183
92331102102.0,92331102,923311021,106.15,91.15,40.0,35.0,5.0,0.0,0.0,66.15,17.31666666666666,7.0,4.73333333333333,4.0,0.0,1.0,0.08333333333333,0.5,48.83333333333333,33.83333333333333,0.0,0.0,41.83333333333333,26.83333333333333,7.0,7.0,0.0,0.0,0.0,0.0,0.0,0.0,0.0,0.0,0.0,0.0,0.0,38.25,0.0,20.0,33,2,6,3,9,9,1,2,3.0,2,2,1,74,1331,4130,923311,2,1,2,9,9,1,74,1331,4183
92331102103.0,92331102,923311021,37.58333333333333,37.58333333333333,19.0,10.0,9.0,0.0,0.0,18.58333333333333,15.58333333333333,5.58333333333333,7.0,0.0,0.0,3.0,0.0,0.0,0.0,0.0,0.0,0.0,0.0,0.0,0.0,0.0,0.0,0.0,0.0,3.0,3.0,0.0,0.0,3.0,0.0,0.0,0.0,58.0,59.5,19.0,24,2,8,4,9,9,1,2,4.0,2,2,1,74,1331,4201,923311,2,1,3,9,9,1,74,1331,4183
92331103101.0,92331103,923311031,113.66666666666666,82.66666666666666,55.0,40.0,15.0,0.0,0.0,58.66666666666666,2.66666666666666,0.5,0.0,0.5,0.0,1.0,0.08333333333333,0.58333333333333,56.0,25.0,0.0,0.0,23.0,7.0,23.0,8.0,10.0,0.0,0.0,0.0,0.0,0.0,0.0,0.0,0.0,0.0,0.0,56.5,0.0,14.0,28,1,8,4,9,9,1,2,4.0,2,2,1,74,1331,4222,923311,3,1,1,9,9,1,74,1331,4183
92331103102.0,92331103,923311031,139.16666666666666,127.16666666666666,55.0,40.0,15.0,0.0,0.0,84.16666666666666,20.16666666666666,10.16666666666666,7.0,3.0,0.0,0.0,0.0,0.0,64.0,52.0,0.0,0.0,54.0,42.0,10.0,10.0,0.0,0.0,0.0,0.0,0.0,0.0,0.0,0.0,0.0,0.0,0.0,60.0,0.0,14.0,30,2,6,3,9,9,1,2,3.0,2,2,1,74,1331,4130,923311,3,1,2,9,9,1,74,1331,4183
92331104101.0,92331104,923311041,0.25,0.25,0.0,0.0,0.0,0.0,0.0,0.25,0.25,0.0,0.25,0.0,0.0,0.0,0.0,0.0,0.0,0.0,0.0,0.0,0.0,0.0,0.0,0.0,0.0,0.0,0.0,0.0,0.0,0.0,0.0,0.0,0.0,0.0,0.0,76.25,0.0,34.0,78,1,2,6,9,9,1,2,2.0,2,2,5,74,1331,4259,923311,4,1,1,9,9,1,74,1331,4183
92331104102.0,92331104,923311041,39.0,39.0,0.0,0.0,0.0,0.0,0.0,39.0,36.25,14.4,16.5,2.0,0.0,3.0,0.0,0.35,2.75,2.75,2.75,2.75,0.0,0.0,0.0,0.0,0.0,0.0,0.0,0.0,0.0,0.0,0.0,0.0,0.0,0.0,0.0,76.75,0.0,31.58333333333333,76,2,2,6,9,9,1,2,2.0,2,2,4,74,1331,4187,923311,4,1,2,9,9,1,74,1331,4183
92331104103.0,92331104,923311041,97.0,87.0,67.0,58.0,9.0,0.0,0.0,30.0,11.66666666666666,4.66666666666666,2.5,3.5,0.0,0.0,1.0,0.0,18.33333333333333,8.33333333333333,12.33333333333333,2.33333333333333,0.0,0.0,0.0,0.0,1.0,5.0,5.0,0.0,0.0,0.0,0.0,0.0,0.0,0.0,0.0,56.16666666666666,0.0,11.5,53,1,8,5,9,9,1,2,4.0,2,2,1,74,1331,4190,923311,4,1,3,9,9,1,74,1331,4183
92331104104.0,92331104,923311041,82.25,82.25,62.0,48.0,14.0,0.0,0.0,20.25,8.41666666666666,1.16666666666666,3.83333333333333,3.0,0.0,0.0,0.0,0.41666666666666,11.83333333333333,11.83333333333333,3.83333333333333,3.83333333333333,0.0,0.0,0.0,0.0,8.0,0.0,0.0,0.0,0.0,0.0,0.0,0.0,0.0,0.0,0.0,62.0,0.0,23.58333333333333,47,2,6,3,9,9,1,2,3.0,2,2,1,74,1331,4117,923311,4,1,4,9,9,1,74,1331,4183
92331104105.0,92331104,923311041,96.25,88.25,62.0,48.0,14.0,0.0,0.0,34.25,12.25,1.25,5.0,3.0,0.0,3.0,0.0,0.0,22.0,14.0,8.0,0.0,0.0,0.0,0.0,0.0,8.0,6.0,6.0,0.0,0.0,0.0,0.0,0.0,0.0,0.0,0.0,69.0,0.0,38.16666666666666,26,2,6,3,9,9,1,2,3.0,2,2,1,74,1331,4152,923311,4,1,5,9,9,1,74,1331,4183
92331105101.0,92331105,923311051,94.08333333333331,94.08333333333331,66.33333333333333,63.0,3.33333333333333,0.0,0.0,27.75,23.75,7.0,14.0,2.0,0.0,0.0,0.0,0.75,4.0,4.0,0.0,0.0,0.0,0.0,0.0,0.0,4.0,0.0,0.0,0.0,0.0,0.0,0.0,0.0,0.0,0.0,0.0,66.5,0.0,0.0,52,2,2,6,9,9,1,2,2.0,2,2,1,74,1331,4150,923311,5,1,1,9,9,1,74,1331,4183
92331105102.0,92331105,923311051,7.0,7.0,0.0,0.0,0.0,0.0,0.0,7.0,7.0,0.0,7.0,0.0,0.0,0.0,0.0,0.0,0.0,0.0,0.0,0.0,0.0,0.0,0.0,0.0,0.0,0.0,0.0,0.0,0.0,0.0,0.0,0.0,0.0,0.0,0.0,70.0,44.33333333333333,14.0,18,1,6,2,9,9,1,2,3.0,2,2,4,74,1331,4212,923311,5,1,2,9,9,1,74,1331,4183
92331105103.0,92331105,923311051,68.91666666666666,68.91666666666666,54.0,48.0,6.0,0.0,0.0,14.91666666666666,9.91666666666666,0.58333333333333,7.0,2.0,0.0,0.0,0.0,0.33333333333333,5.0,5.0,0.0,0.0,0.0,0.0,0.0,0.0,5.0,0.0,0.0,0.0,0.0,0.0,0.0,0.0,0.0,0.0,0.0,70.0,0.0,13.0,27,2,6,3,9,9,1,2,3.0,2,2,1,74,1331,4152,923311,5,1,3,9,9,1,74,1331,4183
96002001101.0,96002001,960020011,120.33333333333331,103.33333333333331,92.0,50.0,42.0,0.0,0.0,28.33333333333333,10.83333333333333,7.0,0.66666666666666,0.0,0.0,2.0,0.0,1.16666666666666,17.5,0.5,0.0,0.0,0.0,0.0,17.5,0.5,0.0,0.0,0.0,0.0,0.0,0.0,0.0,0.0,0.0,0.0,0.0,56.58333333333333,0.0,37.5,36,1,7,2,9,9,4,1,4.0,2,2,1,77,1332,1066,960020,1,1,1,9,9,4,77,1332,1065
96002001102.0,96002001,960020011,151.95,91.95,35.0,30.0,5.0,0.0,0.0,116.95,39.11666666666666,14.0,15.75,3.5,0.0,3.0,0.58333333333333,2.28333333333333,77.83333333333333,17.83333333333333,0.0,0.0,0.0,0.0,77.83333333333333,17.83333333333333,0.0,0.0,0.0,0.0,0.0,0.0,0.0,0.0,0.0,0.0,0.0,77.5,0.0,18.0,35,2,7,3,9,9,4,1,4.0,1,2,1,77,1332,1050,960020,1,1,2,9,9,4,77,1332,1065
92123501102.0,92123501,921235011,39.55,39.55,8.0,0.0,0.0,8.0,0.0,31.55,25.55,3.25,21.0,0.0,0.0,0.0,0.0,1.3,6.0,6.0,0.0,0.0,0.0,0.0,0.0,0.0,0.0,6.0,6.0,0.0,0.0,0.0,0.0,0.0,0.0,0.0,0.0,80.5,0.0,44.0,41,1,6,3,9,9,1,2,3.0,2,2,2,74,1322,4518,921235,1,1,2,9,9,1,74,1322,4435
92123502101.0,92123502,921235021,68.41666666666666,68.41666666666666,55.0,45.0,10.0,0.0,0.0,13.41666666666666,13.41666666666666,5.25,6.0,1.0,0.0,0.0,0.0,1.16666666666666,0.0,0.0,0.0,0.0,0.0,0.0,0.0,0.0,0.0,0.0,0.0,0.0,0.0,0.0,0.0,0.0,0.0,0.0,0.0,70.16666666666666,0.0,20.66666666666666,52,1,6,3,9,9,1,2,3.0,2,2,1,74,1322,4442,921235,2,1,1,9,9,1,74,1322,4435
92123502102.0,92123502,921235021,57.25,57.25,0.0,0.0,0.0,0.0,0.0,57.25,43.75,17.5,21.66666666666666,1.75,0.0,2.0,0.0,0.83333333333333,3.5,3.5,0.0,0.0,0.0,0.0,0.0,0.0,3.5,0.0,0.0,10.0,10.0,0.0,0.0,10.0,0.0,0.0,0.0,63.0,0.0,23.66666666666666,55,2,3,3,9,9,1,2,2.0,2,2,5,74,1322,4329,921235,2,1,2,9,9,1,74,1322,4435
92123502103.0,92123502,921235021,11.0,11.0,0.0,0.0,0.0,0.0,0.0,11.0,9.5,5.25,3.5,0.75,0.0,0.0,0.0,0.0,1.5,1.5,0.0,0.0,0.0,0.0,0.0,0.0,1.5,0.0,0.0,0.0,0.0,0.0,0.0,0.0,0.0,0.0,0.0,67.66666666666666,57.0,25.5,19,2,6,3,9,9,1,2,3.0,2,2,4,74,1322,4449,921235,2,1,3,9,9,1,74,1322,4435
92123503101.0,92123503,921235031,84.58333333333333,84.58333333333333,66.0,60.0,6.0,0.0,0.0,18.58333333333333,8.58333333333333,2.83333333333333,3.0,2.0,0.0,0.0,0.0,0.75,10.0,10.0,0.0,0.0,0.0,0.0,0.0,0.0,10.0,0.0,0.0,0.0,0.0,0.0,0.0,0.0,0.0,0.0,0.0,75.5,0.0,13.16666666666666,58,1,8,3,9,9,1,2,4.0,2,2,1,74,1322,4453,921235,3,1,1,9,9,1,74,1322,4435
92123503102.0,92123503,921235031,78.38333333333333,78.38333333333333,50.0,47.5,2.5,0.0,0.0,28.38333333333333,24.88333333333333,2.33333333333333,19.5,3.0,0.0,0.0,0.05,0.0,3.5,3.5,0.0,0.0,0.0,0.0,0.0,0.0,3.5,0.0,0.0,0.0,0.0,0.0,0.0,0.0,0.0,0.0,0.0,57.66666666666666,0.0,29.5,25,2,6,3,9,9,1,2,3.0,2,2,1,74,1322,4401,921235,3,1,2,9,9,1,74,1322,4435
92123503103.0,92123503,921235031,14.83333333333333,14.83333333333333,0.0,0.0,0.0,0.0,0.0,14.83333333333333,6.83333333333333,1.16666666666666,4.5,0.0,0.0,0.0,0.0,1.16666666666666,8.0,8.0,0.0,0.0,0.0,0.0,0.0,0.0,8.0,0.0,0.0,0.0,0.0,0.0,0.0,0.0,0.0,0.0,0.0,70.0,0.0,26.33333333333333,21,1,6,3,9,9,1,2,3.0,2,2,1,74,1322,4500,921235,3,1,3,9,9,1,74,1322,4435
96002001103.0,96002001,960020011,84.16666666666666,70.16666666666666,0.0,0.0,0.0,0.0,0.0,84.16666666666666,34.66666666666666,3.5,26.66666666666666,3.33333333333333,0.0,0.0,0.0,1.16666666666666,48.5,34.5,0.0,0.0,0.0,0.0,34.5,20.5,14.0,0.0,0.0,1.0,1.0,1.0,0.0,0.0,0.0,0.0,0.0,111.5,52.5,62.0,13,2,3,2,9,9,4,1,2.0,1,2,4,77,1332,1063,960020,1,1,3,9,9,4,77,1332,1065
96002002101.0,96002002,960020021,191.61666666666665,127.61666666666666,50.0,40.0,10.0,0.0,4.0,137.61666666666665,51.28333333333333,26.75,7.83333333333333,4.58333333333333,0.0,12.0,0.0,0.11666666666666,86.33333333333333,22.33333333333333,0.0,0.0,0.0,0.0,86.33333333333333,22.33333333333333,0.0,0.0,0.0,0.0,0.0,0.0,0.0,0.0,0.0,4.0,21.0,73.58333333333333,0.0,19.5,24,2,6,3,9,9,4,1,3.0,2,2,1,77,1332,1070,960020,2,1,1,9,9,4,77,1332,1065
96002003101.0,96002003,960020031,110.58333333333331,108.58333333333331,79.33333333333333,70.0,9.33333333333333,0.0,0.91666666666666,30.33333333333333,10.66666666666666,0.0,6.66666666666666,1.16666666666666,0.0,1.0,0.0,1.83333333333333,19.66666666666666,17.66666666666666,0.0,0.0,0.0,0.0,6.66666666666666,4.66666666666666,13.0,0.0,0.0,0.0,0.0,0.0,0.0,0.0,0.0,0.0,0.0,63.0,0.0,9.5,47,1,3,3,9,9,4,1,2.0,2,2,1,77,1332,1072,960020,3,1,1,9,9,4,77,1332,1065
96002003102.0,96002003,960020031,121.66666666666666,114.66666666666666,0.0,0.0,0.0,0.0,3.83333333333333,117.83333333333331,55.33333333333333,22.0,13.16666666666666,8.83333333333333,0.0,5.0,5.0,1.33333333333333,62.5,55.5,0.0,0.0,0.0,0.0,55.5,48.5,7.0,0.0,0.0,0.0,0.0,0.0,0.0,0.0,0.0,2.33333333333333,2.0,53.83333333333333,0.0,34.0,44,2,3,3,9,9,4,1,2.0,1,2,5,77,1332,1050,960020,3,1,2,9,9,4,77,1332,1065
96002003103.0,96002003,960020031,112.95,105.95,90.0,78.0,12.0,0.0,0.0,22.95,8.95,4.0,1.25,3.5,0.0,0.0,0.0,0.2,14.0,7.0,0.0,0.0,0.0,0.0,13.0,6.0,1.0,0.0,0.0,0.0,0.0,0.0,0.0,0.0,0.0,0.0,0.0,52.5,0.0,11.5,21,1,3,3,9,9,4,1,2.0,2,2,1,77,1332,1081,960020,3,1,3,9,9,4,77,1332,1065
96002003104.0,96002003,960020031,19.91666666666666,19.91666666666666,18.0,15.0,3.0,0.0,0.0,1.91666666666666,1.75,0.5,0.0,1.25,0.0,0.0,0.0,0.0,0.16666666666666,0.16666666666666,0.0,0.0,0.0,0.0,0.0,0.0,0.16666666666666,0.0,0.0,0.0,0.0,0.0,0.0,0.0,0.0,0.0,0.0,70.0,0.0,70.0,16,1,3,3,9,9,4,1,2.0,2,2,1,77,1332,1073,960020,3,1,4,9,9,4,77,1332,1065
96002004101.0,96002004,960020041,76.11666666666666,67.11666666666666,55.66666666666666,46.0,9.66666666666666,0.0,0.0,20.45,0.11666666666666,0.0,0.0,0.0,0.0,0.0,0.0,0.11666666666666,20.33333333333333,11.33333333333333,20.33333333333333,11.33333333333333,0.0,0.0,0.0,0.0,0.0,0.0,0.0,0.0,0.0,0.0,0.0,0.0,0.0,0.0,0.0,70.0,0.0,11.41666666666666,66,1,0,0,9,9,4,1,1.0,1,2,1,77,1332,1058,960020,4,1,1,9,9,4,77,1332,1065
92123503104.0,92123503,921235031,122.21666666666665,122.21666666666665,0.0,0.0,0.0,0.0,0.0,122.21666666666665,85.21666666666665,35.13333333333333,30.0,16.5,0.0,0.0,2.08333333333333,1.5,21.0,21.0,0.0,0.0,0.0,0.0,0.0,0.0,21.0,0.0,0.0,16.0,16.0,8.0,8.0,0.0,0.0,0.0,0.0,77.13333333333333,0.0,29.0,52,2,8,3,9,9,1,2,4.0,2,2,5,74,1322,4399,921235,3,1,4,9,9,1,74,1322,4435
92123504101.0,92123504,921235041,104.16666666666666,60.16666666666666,18.0,15.0,3.0,0.0,0.0,86.16666666666666,34.25,14.0,15.33333333333333,4.0,0.0,0.0,0.33333333333333,0.58333333333333,51.91666666666666,7.91666666666666,0.0,0.0,0.0,0.0,51.91666666666666,7.91666666666666,0.0,0.0,0.0,0.0,0.0,0.0,0.0,0.0,0.0,0.0,0.0,68.0,0.0,13.5,39,2,6,3,9,9,1,2,3.0,2,2,1,74,1322,4372,921235,4,1,1,9,9,1,74,1322,4435
92123504102.0,92123504,921235041,68.0,68.0,51.66666666666666,50.0,1.66666666666666,0.0,0.0,16.33333333333333,13.16666666666666,4.33333333333333,4.91666666666666,3.33333333333333,0.0,0.0,0.0,0.58333333333333,3.16666666666666,3.16666666666666,0.0,0.0,0.0,0.0,2.0,2.0,1.16666666666666,0.0,0.0,0.0,0.0,0.0,0.0,0.0,0.0,0.0,0.0,66.0,0.0,13.08333333333333,20,1,6,3,9,9,1,2,3.0,1,2,1,74,1322,4500,921235,4,1,2,9,9,1,74,1322,4435
92123504104.0,92123504,921235041,51.41666666666666,50.41666666666666,48.66666666666666,46.66666666666666,2.0,0.0,0.0,2.75,0.91666666666666,0.0,0.75,0.16666666666666,0.0,0.0,0.0,0.0,1.83333333333333,0.83333333333333,0.0,0.0,0.0,0.0,1.83333333333333,0.83333333333333,0.0,0.0,0.0,0.0,0.0,0.0,0.0,0.0,0.0,0.0,0.0,81.0,0.0,14.0,44,1,2,6,9,9,1,2,2.0,2,2,1,74,1322,4518,921235,4,1,4,9,9,1,74,1322,4435
92123505101.0,92123505,921235051,59.41666666666666,59.41666666666666,0.0,0.0,0.0,0.0,0.0,59.41666666666666,24.16666666666666,10.5,9.5,2.0,0.0,2.0,0.16666666666666,0.0,35.0,35.0,0.0,0.0,0.0,0.0,0.0,0.0,0.0,35.0,35.0,0.25,0.25,0.0,0.0,0.25,0.0,0.0,0.0,74.8,0.0,36.0,77,2,2,6,9,9,1,2,2.0,2,2,5,74,1322,4438,921235,5,1,1,9,9,1,74,1322,4435
92123505102.0,92123505,921235051,44.41666666666666,44.41666666666666,0.0,0.0,0.0,0.0,0.0,44.41666666666666,20.91666666666666,5.5,7.33333333333333,2.5,0.0,1.25,1.0,3.33333333333333,21.5,21.5,0.0,0.0,0.0,0.0,0.0,0.0,0.0,21.5,21.5,2.0,2.0,0.0,0.0,2.0,0.0,0.0,0.0,74.1,0.0,55.21666666666666,82,1,2,6,9,9,1,2,2.0,2,2,3,74,1322,4559,921235,5,1,2,9,9,1,74,1322,4435
92132201101.0,92132201,921322011,126.66666666666666,126.66666666666666,66.0,60.0,6.0,0.0,0.0,60.66666666666666,43.66666666666666,10.5,19.83333333333333,7.33333333333333,1.0,3.5,0.16666666666666,1.33333333333333,17.0,17.0,0.0,0.0,0.0,0.0,0.0,0.0,17.0,0.0,0.0,0.0,0.0,0.0,0.0,0.0,0.0,0.0,0.0,70.0,0.0,37.0,36,1,8,5,9,9,2,2,4.0,2,2,1,75,1323,5683,921322,1,1,1,9,9,2,75,1323,5681
96002004102.0,96002004,960020041,57.0,36.0,0.0,0.0,0.0,0.0,0.0,57.0,8.0,0.0,3.5,1.5,0.0,0.0,0.0,3.0,28.0,7.0,0.0,0.0,0.0,0.0,0.0,0.0,0.0,28.0,7.0,21.0,21.0,0.0,0.0,21.0,0.0,0.0,0.0,75.25,0.0,38.5,59,2,0,0,9,9,4,1,1.0,2,2,1,77,1332,1040,960020,4,1,2,9,9,4,77,1332,1065
96002005101.0,96002005,960020051,137.5,129.0,45.0,40.0,5.0,0.0,23.0,69.49999999999999,19.49999999999999,0.33333333333333,7.83333333333333,1.75,2.0,5.5,1.5,0.58333333333333,46.0,37.5,9.5,9.5,24.0,15.5,8.5,8.5,4.0,0.0,0.0,4.0,0.0,0.0,0.0,0.0,4.0,21.0,0.33333333333333,78.16666666666666,0.0,32.0,27,1,3,2,9,9,4,1,2.0,1,1,1,77,1332,1075,960020,5,1,1,9,9,4,77,1332,1065
96002005102.0,96002005,960020051,198.23333333333332,159.73333333333332,0.0,0.0,0.0,0.0,1.66666666666666,196.56666666666663,36.18333333333333,12.33333333333333,15.5,4.5,0.0,3.5,0.0,0.35,137.38333333333333,98.88333333333333,36.91666666666666,26.41666666666666,53.0,46.0,36.96666666666666,15.96666666666666,10.5,0.0,0.0,23.0,23.0,19.0,4.0,0.0,0.0,1.16666666666666,3.0,82.5,0.0,33.0,29,2,2,6,9,9,4,1,2.0,2,2,5,77,1332,1057,960020,5,1,2,9,9,4,77,1332,1065
96002006101.0,96002006,960020061,45.43333333333333,45.43333333333333,0.0,0.0,0.0,0.0,4.0,41.43333333333333,27.43333333333333,9.5,12.5,4.58333333333333,0.0,0.0,0.0,0.85,7.0,7.0,0.0,0.0,0.0,0.0,0.0,0.0,7.0,0.0,0.0,7.0,7.0,0.0,0.0,7.0,0.0,4.0,0.0,91.0,0.0,25.0,61,1,2,6,9,9,4,1,2.0,2,1,5,77,1332,1059,960020,6,1,1,9,9,4,77,1332,1065
96002006102.0,96002006,960020061,101.75,93.75,0.0,0.0,0.0,0.0,0.0,101.75,34.75,24.0,5.66666666666666,0.0,0.0,4.5,0.0,0.58333333333333,23.0,15.0,0.0,0.0,0.0,0.0,0.0,0.0,1.5,21.5,13.5,44.0,44.0,0.0,0.0,44.0,0.0,0.0,0.0,60.0,0.0,16.0,56,2,2,2,9,9,4,1,2.0,1,1,5,77,1332,1040,960020,6,1,2,9,9,4,77,1332,1065
96002006103.0,96002006,960020061,102.56666666666666,98.56666666666666,84.0,60.0,24.0,0.0,3.0,15.56666666666666,11.56666666666666,3.4,4.5,2.5,0.0,0.0,0.0,1.16666666666666,4.0,0.0,0.0,0.0,0.0,0.0,0.0,0.0,0.0,4.0,0.0,0.0,0.0,0.0,0.0,0.0,0.0,0.0,0.0,59.66666666666666,0.0,30.0,35,1,3,3,9,9,4,1,2.0,1,2,1,77,1332,1066,960020,6,1,3,9,9,4,77,1332,1065
96002007101.0,96002007,960020071,126.4,91.4,50.5,50.0,0.5,0.0,3.0,72.9,16.15,4.0,5.25,1.58333333333333,3.75,0.0,1.33333333333333,0.23333333333333,52.75,17.75,0.0,0.0,51.75,16.75,0.0,0.0,1.0,0.0,0.0,4.0,3.0,0.0,0.0,3.0,1.0,0.0,0.0,73.5,0.0,39.83333333333333,20,1,6,3,9,9,4,1,3.0,2,2,1,77,1332,1081,960020,7,1,1,9,9,4,77,1332,1065
92132201102.0,92132201,921322011,27.5,27.5,0.0,0.0,0.0,0.0,0.0,27.5,20.5,10.5,7.0,3.0,0.0,0.0,0.0,0.0,7.0,7.0,0.0,0.0,0.0,0.0,0.0,0.0,7.0,0.0,0.0,0.0,0.0,0.0,0.0,0.0,0.0,0.0,0.0,78.5,0.0,28.0,30,2,8,5,9,9,2,2,4.0,2,2,1,75,1323,5609,921322,1,1,2,9,9,2,75,1323,5681
92132202101.0,92132202,921322021,61.83333333333333,61.83333333333333,51.0,48.0,3.0,0.0,0.0,10.83333333333333,7.83333333333333,5.25,2.58333333333333,0.0,0.0,0.0,0.0,0.0,3.0,3.0,3.0,3.0,0.0,0.0,0.0,0.0,0.0,0.0,0.0,0.0,0.0,0.0,0.0,0.0,0.0,0.0,0.0,78.16666666666666,0.0,20.0,63,1,3,3,9,9,2,2,2.0,2,2,1,75,1323,5649,921322,2,1,1,9,9,2,75,1323,5681
92132202102.0,92132202,921322021,155.0,85.0,0.0,0.0,0.0,0.0,0.0,155.0,38.58333333333333,14.0,14.58333333333333,10.0,0.0,0.0,0.0,0.0,84.41666666666666,14.41666666666666,84.41666666666666,14.41666666666666,0.0,0.0,0.0,0.0,0.0,0.0,0.0,32.0,32.0,32.0,0.0,0.0,0.0,0.0,0.0,56.0,0.0,65.0,61,2,7,3,9,9,2,2,4.0,1,2,5,75,1323,5594,921322,2,1,2,9,9,2,75,1323,5681
92132202103.0,92132202,921322021,13.0,13.0,0.0,0.0,0.0,0.0,0.0,13.0,13.0,0.0,13.0,0.0,0.0,0.0,0.0,0.0,0.0,0.0,0.0,0.0,0.0,0.0,0.0,0.0,0.0,0.0,0.0,0.0,0.0,0.0,0.0,0.0,0.0,0.0,0.0,65.66666666666666,0.0,61.0,28,1,3,1,9,9,2,2,2.0,2,1,3,75,1323,5734,921322,2,1,3,9,9,2,75,1323,5681
92132203101.0,92132203,921322031,83.0,83.0,71.0,57.0,14.0,0.0,0.0,12.0,0.0,0.0,0.0,0.0,0.0,0.0,0.0,0.0,12.0,12.0,0.0,0.0,2.0,2.0,2.0,2.0,3.0,5.0,5.0,0.0,0.0,0.0,0.0,0.0,0.0,0.0,0.0,73.5,0.0,7.5,66,1,2,6,9,9,2,2,2.0,2,2,1,75,1323,5640,921322,3,1,1,9,9,2,75,1323,5681
92132203102.0,92132203,921322031,85.0,85.0,45.0,36.0,9.0,0.0,0.0,40.0,39.0,0.0,14.0,21.0,0.0,4.0,0.0,0.0,1.0,1.0,0.0,0.0,0.5,0.5,0.5,0.5,0.0,0.0,0.0,0.0,0.0,0.0,0.0,0.0,0.0,0.0,0.0,59.5,0.0,14.5,62,2,5,3,9,9,2,2,3.0,1,2,1,75,1323,5594,921322,3,1,2,9,9,2,75,1323,5681
92132203103.0,92132203,921322031,87.83333333333333,87.83333333333333,74.16666666666666,72.0,2.16666666666666,0.0,0.0,13.66666666666666,6.66666666666666,1.16666666666666,5.0,0.5,0.0,0.0,0.0,0.0,7.0,7.0,0.0,0.0,1.0,1.0,1.0,1.0,2.0,3.0,3.0,0.0,0.0,0.0,0.0,0.0,0.0,0.0,0.0,64.0,0.0,5.0,37,1,3,3,9,9,2,2,2.0,2,2,1,75,1323,5683,921322,3,1,3,9,9,2,75,1323,5681
92132203104.0,92132203,921322031,261.3333333333333,196.33333333333331,0.0,0.0,0.0,0.0,14.0,247.33333333333331,71.61666666666666,23.33333333333333,25.66666666666666,18.08333333333333,0.0,2.0,0.66666666666666,1.86666666666666,175.71666666666667,110.71666666666665,0.0,0.0,77.66666666666666,47.66666666666666,79.05,44.05,5.0,14.0,14.0,0.0,0.0,0.0,0.0,0.0,0.0,0.0,0.0,83.5,0.0,23.16666666666666,31,2,7,3,9,9,2,2,4.0,2,2,1,75,1323,5609,921322,3,1,4,9,9,2,75,1323,5681
92132203105.0,92132203,921322031,22.25,22.25,0.0,0.0,0.0,0.0,0.0,22.25,6.25,1.25,4.0,1.0,0.0,0.0,0.0,0.0,16.0,16.0,0.0,0.0,6.0,6.0,0.0,0.0,7.0,3.0,3.0,0.0,0.0,0.0,0.0,0.0,0.0,0.0,0.0,91.0,0.0,43.0,29,2,10,2,9,9,2,2,5.0,2,2,1,75,1323,5639,921322,3,1,5,9,9,2,75,1323,5681
92132203106.0,92132203,921322031,114.91666666666666,107.91666666666666,62.0,48.0,14.0,0.0,0.0,52.91666666666666,7.25,3.5,1.25,1.5,0.0,1.0,0.0,0.0,45.66666666666666,38.66666666666666,0.0,0.0,31.66666666666666,24.66666666666666,0.0,0.0,7.0,7.0,7.0,0.0,0.0,0.0,0.0,0.0,0.0,0.0,0.0,70.0,0.0,8.75,30,1,3,3,9,9,2,2,2.0,2,2,1,75,1323,5772,921322,3,1,6,9,9,2,75,1323,5681
92132204101.0,92132204,921322041,21.0,21.0,0.0,0.0,0.0,0.0,0.0,21.0,17.0,3.5,10.75,1.66666666666666,0.0,0.0,0.25,0.83333333333333,4.0,4.0,0.0,0.0,0.0,0.0,0.0,0.0,0.0,4.0,4.0,0.0,0.0,0.0,0.0,0.0,0.0,0.0,0.0,77.0,0.0,14.5,76,1,6,2,9,9,2,2,3.0,2,2,3,75,1323,5784,921322,4,1,1,9,9,2,75,1323,5681
92132204102.0,92132204,921322041,89.41666666666666,89.41666666666666,0.0,0.0,0.0,0.0,0.0,89.41666666666666,58.41666666666666,17.5,36.75,3.0,0.0,0.0,0.0,1.16666666666666,31.0,31.0,0.0,0.0,0.0,0.0,0.0,0.0,5.0,26.0,26.0,0.0,0.0,0.0,0.0,0.0,0.0,0.0,0.0,73.5,0.0,28.0,61,2,8,4,9,9,2,2,4.0,2,2,5,75,1323,5594,921322,4,1,2,9,9,2,75,1323,5681
92132204103.0,92132204,921322041,27.0,27.0,0.0,0.0,0.0,0.0,0.0,27.0,16.0,3.0,8.0,3.0,0.0,0.0,0.0,2.0,11.0,11.0,0.0,0.0,0.0,0.0,0.0,0.0,0.0,11.0,11.0,0.0,0.0,0.0,0.0,0.0,0.0,0.0,0.0,57.0,26.0,40.0,29,1,10,1,9,9,2,2,5.0,2,2,1,75,1323,5734,921322,4,1,3,9,9,2,75,1323,5681
92132205101.0,92132205,921322051,62.75,62.75,27.0,24.0,3.0,0.0,0.0,35.75,35.75,10.5,24.08333333333333,1.16666666666666,0.0,0.0,0.0,0.0,0.0,0.0,0.0,0.0,0.0,0.0,0.0,0.0,0.0,0.0,0.0,0.0,0.0,0.0,0.0,0.0,0.0,0.0,0.0,52.5,0.0,47.5,51,2,3,3,9,9,2,2,2.0,2,2,1,75,1323,5636,921322,5,1,1,9,9,2,75,1323,5681
92132205102.0,92132205,921322051,76.0,76.0,60.0,40.0,20.0,0.0,0.0,16.0,16.0,3.5,10.0,0.0,0.0,2.5,0.0,0.0,0.0,0.0,0.0,0.0,0.0,0.0,0.0,0.0,0.0,0.0,0.0,0.0,0.0,0.0,0.0,0.0,0.0,0.0,0.0,68.0,0.0,76.21666666666665,25,1,6,3,9,9,2,2,3.0,2,2,1,75,1323,5734,921322,5,1,2,9,9,2,75,1323,5681
92132205103.0,92132205,921322051,13.0,13.0,0.0,0.0,0.0,0.0,0.0,13.0,13.0,4.33333333333333,8.16666666666666,0.5,0.0,0.0,0.0,0.0,0.0,0.0,0.0,0.0,0.0,0.0,0.0,0.0,0.0,0.0,0.0,0.0,0.0,0.0,0.0,0.0,0.0,0.0,0.0,60.0,0.0,23.5,28,1,8,2,9,9,2,2,4.0,2,2,1,75,1323,5734,921322,5,1,3,9,9,2,75,1323,5681
92159801101.0,92159801,921598011,81.58333333333333,81.0,52.5,49.0,3.5,0.0,0.0,29.08333333333333,28.5,3.16666666666666,22.5,1.25,0.33333333333333,1.0,0.0,0.25,0.58333333333333,0.0,0.0,0.0,0.0,0.0,0.0,0.0,0.0,0.58333333333333,0.0,0.0,0.0,0.0,0.0,0.0,0.0,0.0,0.0,73.5,0.0,8.16666666666666,59,1,3,1,9,9,1,2,2.0,1,2,1,76,1324,4991,921598,1,1,1,9,9,1,76,1324,4941
92159801102.0,92159801,921598011,45.66666666666666,45.66666666666666,0.0,0.0,0.0,0.0,0.0,45.66666666666666,45.66666666666666,10.5,22.16666666666666,2.25,0.0,10.5,0.0,0.25,0.0,0.0,0.0,0.0,0.0,0.0,0.0,0.0,0.0,0.0,0.0,0.0,0.0,0.0,0.0,0.0,0.0,0.0,0.0,60.75,0.0,22.33333333333333,63,2,2,6,9,9,1,2,2.0,2,1,5,76,1324,4894,921598,1,1,2,9,9,1,76,1324,4941
92251402101.0,92251402,922514021,14.5,14.5,0.0,0.0,0.0,0.0,0.0,14.5,14.5,8.25,0.25,3.0,0.0,3.0,0.0,0.0,0.0,0.0,0.0,0.0,0.0,0.0,0.0,0.0,0.0,0.0,0.0,0.0,0.0,0.0,0.0,0.0,0.0,0.0,0.0,82.0,0.0,10.0,66,2,8,5,9,9,1,2,4.0,2,2,3,73,1328,3966,922514,2,1,1,9,9,1,73,1328,3988
92251404101.0,92251404,922514041,43.83333333333333,32.83333333333333,0.0,0.0,0.0,0.0,0.0,43.83333333333333,7.83333333333333,0.5,2.0,0.0,0.0,5.0,0.0,0.33333333333333,36.0,25.0,0.0,0.0,0.0,0.0,17.0,13.0,9.0,10.0,3.0,0.0,0.0,0.0,0.0,0.0,0.0,0.0,0.0,67.08333333333333,0.0,14.5,72,1,8,5,9,9,1,2,4.0,2,2,3,73,1328,3946,922514,4,1,1,9,9,1,73,1328,3988
92251404102.0,92251404,922514041,65.5,65.5,0.0,0.0,0.0,0.0,0.0,65.5,40.5,15.5,15.33333333333333,5.0,0.0,4.0,0.66666666666666,0.0,25.0,25.0,0.0,0.0,0.0,0.0,5.0,5.0,9.0,11.0,11.0,0.0,0.0,0.0,0.0,0.0,0.0,0.0,0.0,79.13333333333333,0.0,15.0,76,2,8,5,9,9,1,2,4.0,2,2,3,73,1328,3997,922514,4,1,2,9,9,1,73,1328,3988
92251404103.0,92251404,922514041,57.75,55.75,41.25,40.0,1.25,0.0,0.0,16.5,9.5,0.0,0.0,1.5,2.0,3.0,0.0,3.0,7.0,5.0,0.0,0.0,0.0,0.0,2.5,2.5,0.0,4.5,2.5,0.0,0.0,0.0,0.0,0.0,0.0,0.0,0.0,82.0,0.0,14.83333333333333,42,2,8,5,9,9,1,2,4.0,2,2,1,73,1328,3937,922514,4,1,3,9,9,1,73,1328,3988
92271501101.0,92271501,922715011,69.63333333333333,65.63333333333333,56.0,40.0,16.0,0.0,0.0,13.63333333333333,7.13333333333333,2.16666666666666,2.08333333333333,0.33333333333333,0.0,2.0,0.0,0.55,6.5,2.5,0.0,0.0,0.0,0.0,6.5,2.5,0.0,0.0,0.0,0.0,0.0,0.0,0.0,0.0,0.0,0.0,0.0,73.75,0.0,32.13333333333333,47,2,8,4,9,9,1,2,4.0,2,2,1,74,1329,4410,922715,1,1,1,9,9,1,74,1329,4481
92271501102.0,92271501,922715011,7.88333333333333,7.88333333333333,0.0,0.0,0.0,0.0,0.0,7.88333333333333,7.88333333333333,0.58333333333333,7.3,0.0,0.0,0.0,0.0,0.0,0.0,0.0,0.0,0.0,0.0,0.0,0.0,0.0,0.0,0.0,0.0,0.0,0.0,0.0,0.0,0.0,0.0,0.0,0.0,70.13333333333333,52.16666666666666,21.0,12,2,2,6,9,9,1,2,2.0,2,2,4,74,1329,4471,922715,1,1,2,9,9,1,74,1329,4481
92271502101.0,92271502,922715021,75.41666666666666,59.41666666666666,52.83333333333333,48.0,4.83333333333333,0.0,0.0,22.58333333333333,6.0,1.83333333333333,4.16666666666666,0.0,0.0,0.0,0.0,0.0,16.58333333333333,0.58333333333333,0.0,0.0,0.0,0.0,16.58333333333333,0.58333333333333,0.0,0.0,0.0,0.0,0.0,0.0,0.0,0.0,0.0,0.0,0.0,70.0,0.0,36.5,48,1,3,3,9,9,1,2,2.0,2,2,1,74,1329,4509,922715,2,1,1,9,9,1,74,1329,4481
92271502102.0,92271502,922715021,106.1,90.1,55.0,50.0,5.0,0.0,0.0,51.09999999999999,32.51666666666666,16.38333333333333,8.25,3.25,0.0,3.5,0.25,0.88333333333333,16.5,0.5,0.0,0.0,0.0,0.0,16.5,0.5,0.0,0.0,0.0,2.08333333333333,2.08333333333333,0.08333333333333,0.0,2.0,0.0,0.0,0.0,82.0,0.0,28.75,43,2,6,3,9,9,1,2,3.0,2,2,1,74,1329,4417,922715,2,1,2,9,9,1,74,1329,4481
92271502103.0,92271502,922715021,25.25,18.25,0.0,0.0,0.0,0.0,0.0,25.25,9.08333333333333,0.0,5.83333333333333,2.25,0.0,1.0,0.0,0.0,16.16666666666666,9.16666666666666,0.0,0.0,0.0,0.0,15.5,8.5,0.66666666666666,0.0,0.0,0.0,0.0,0.0,0.0,0.0,0.0,0.0,0.0,74.0,42.25,49.58333333333333,14,1,3,3,9,9,1,2,2.0,2,2,4,74,1329,4499,922715,2,1,3,9,9,1,74,1329,4481
92271502104.0,92271502,922715021,13.16666666666666,13.16666666666666,0.0,0.0,0.0,0.0,0.0,13.16666666666666,10.5,0.0,8.66666666666666,1.83333333333333,0.0,0.0,0.0,0.0,2.66666666666666,2.66666666666666,0.0,0.0,0.0,0.0,0.16666666666666,0.16666666666666,2.5,0.0,0.0,0.0,0.0,0.0,0.0,0.0,0.0,0.0,0.0,70.0,41.25,28.0,12,1,2,6,9,9,1,2,2.0,2,2,4,74,1329,4499,922715,2,1,4,9,9,1,74,1329,4481
92271503101.0,92271503,922715031,84.33333333333333,65.33333333333333,60.0,50.0,10.0,0.0,0.0,24.33333333333333,5.33333333333333,1.0,2.08333333333333,0.0,0.0,2.0,0.0,0.25,19.0,0.0,0.0,0.0,0.0,0.0,0.0,0.0,0.0,19.0,0.0,0.0,0.0,0.0,0.0,0.0,0.0,0.0,0.0,63.0,0.0,10.0,48,1,3,3,9,9,1,2,2.0,2,2,1,74,1329,4509,922715,3,1,1,9,9,1,74,1329,4481
92271503102.0,92271503,922715031,53.58333333333333,53.58333333333333,0.0,0.0,0.0,0.0,12.0,41.58333333333333,39.58333333333333,22.75,8.33333333333333,7.0,0.0,0.0,0.0,1.5,2.0,2.0,0.0,0.0,0.0,0.0,0.0,0.0,2.0,0.0,0.0,0.0,0.0,0.0,0.0,0.0,0.0,0.0,0.0,68.0,0.0,13.0,60,2,3,3,9,9,1,2,2.0,2,2,5,74,1329,4411,922715,3,1,2,9,9,1,74,1329,4481
92271503103.0,92271503,922715031,21.75,21.75,0.0,0.0,0.0,0.0,0.0,21.75,14.5,0.0,4.08333333333333,5.0,0.0,4.0,1.0,0.41666666666666,7.25,7.25,0.0,0.0,0.0,0.0,0.0,0.0,7.0,0.25,0.25,0.0,0.0,0.0,0.0,0.0,0.0,0.0,0.0,78.5,0.0,14.0,18,2,6,3,9,9,1,2,3.0,2,2,5,74,1329,4495,922715,3,1,3,9,9,1,74,1329,4481
92271505101.0,92271505,922715051,32.41666666666666,32.41666666666666,0.0,0.0,0.0,0.0,0.0,32.41666666666666,32.41666666666666,15.5,9.5,4.0,0.0,3.0,0.0,0.41666666666666,0.0,0.0,0.0,0.0,0.0,0.0,0.0,0.0,0.0,0.0,0.0,0.0,0.0,0.0,0.0,0.0,0.0,0.0,0.0,78.75,0.0,6.0,73,2,5,3,9,9,1,2,3.0,2,2,3,74,1329,4483,922715,5,1,1,9,9,1,74,1329,4481
92327801101.0,92327801,923278011,114.08333333333331,108.08333333333331,76.0,60.0,16.0,0.0,0.0,38.08333333333333,3.25,0.0,0.0,0.0,0.0,3.0,0.0,0.25,34.83333333333333,28.83333333333333,0.0,0.0,21.83333333333333,15.83333333333333,0.0,0.0,13.0,0.0,0.0,0.0,0.0,0.0,0.0,0.0,0.0,0.0,0.0,51.5,0.0,15.0,35,1,8,4,9,9,1,2,4.0,2,2,1,73,1330,4652,923278,1,1,1,9,9,1,73,1330,4645
92327801102.0,92327801,923278011,123.76666666666667,107.76666666666667,42.75,40.0,2.75,0.0,0.0,81.01666666666667,14.93333333333333,4.33333333333333,3.21666666666666,4.0,0.0,3.0,0.0,0.38333333333333,66.08333333333333,50.08333333333333,0.0,0.0,66.08333333333333,50.08333333333333,0.0,0.0,0.0,0.0,0.0,0.0,0.0,0.0,0.0,0.0,0.0,0.0,0.0,56.0,0.0,18.0,33,2,8,4,9,9,1,2,4.0,2,2,1,73,1330,4591,923278,1,1,2,9,9,1,73,1330,4645
92159802101.0,92159802,921598021,98.91666666666666,98.91666666666666,66.0,48.0,18.0,0.0,7.25,25.66666666666666,25.66666666666666,1.16666666666666,6.08333333333333,8.83333333333333,7.0,1.0,1.33333333333333,0.25,0.0,0.0,0.0,0.0,0.0,0.0,0.0,0.0,0.0,0.0,0.0,0.0,0.0,0.0,0.0,0.0,0.0,0.0,0.0,57.16666666666666,0.0,29.16666666666666,46,1,6,2,9,9,1,2,3.0,2,2,1,76,1324,5002,921598,2,1,1,9,9,1,76,1324,4941
92159803101.0,92159803,921598031,46.25,43.75,0.0,0.0,0.0,0.0,3.5,42.75,36.75,14.0,12.0,5.5,0.0,5.0,0.16666666666666,0.08333333333333,6.0,3.5,2.5,0.0,0.0,0.0,0.0,0.0,3.5,0.0,0.0,0.0,0.0,0.0,0.0,0.0,0.0,0.0,0.0,71.33333333333333,0.0,0.0,70,2,2,5,9,9,1,2,2.0,2,1,5,76,1324,4973,921598,3,1,1,9,9,1,76,1324,4941
92159803102.0,92159803,921598031,109.0,95.0,0.0,0.0,0.0,0.0,0.0,109.0,81.0,35.0,28.0,14.0,0.0,3.0,1.0,0.0,28.0,14.0,28.0,14.0,0.0,0.0,0.0,0.0,0.0,0.0,0.0,0.0,0.0,0.0,0.0,0.0,0.0,0.0,0.0,77.0,0.0,0.0,23,2,6,3,9,9,1,2,3.0,2,2,5,76,1324,4992,921598,3,1,2,9,9,1,76,1324,4941
92159803103.0,92159803,921598031,4.5,4.5,0.0,0.0,0.0,0.0,0.0,4.5,4.5,1.0,3.5,0.0,0.0,0.0,0.0,0.0,0.0,0.0,0.0,0.0,0.0,0.0,0.0,0.0,0.0,0.0,0.0,0.0,0.0,0.0,0.0,0.0,0.0,0.0,0.0,87.5,0.0,28.0,17,2,3,3,9,9,1,2,2.0,2,2,6,76,1324,4987,921598,3,1,3,9,9,1,76,1324,4941
92159804101.0,92159804,921598041,42.28333333333333,42.28333333333333,0.0,0.0,0.0,0.0,0.0,42.28333333333333,36.28333333333333,10.5,15.5,3.16666666666666,0.0,7.0,0.0,0.11666666666666,6.0,6.0,0.0,0.0,0.0,0.0,0.0,0.0,6.0,0.0,0.0,0.0,0.0,0.0,0.0,0.0,0.0,0.0,0.0,105.75,0.0,9.0,60,2,5,3,9,9,1,2,3.0,2,2,5,76,1324,4894,921598,4,1,1,9,9,1,76,1324,4941
92159804102.0,92159804,921598041,66.91666666666666,66.91666666666666,62.0,56.0,6.0,0.0,0.0,4.91666666666666,1.91666666666666,1.66666666666666,0.0,0.0,0.0,0.0,0.0,0.25,3.0,3.0,0.0,0.0,0.0,0.0,0.0,0.0,0.0,3.0,3.0,0.0,0.0,0.0,0.0,0.0,0.0,0.0,0.0,67.16666666666666,0.0,8.5,29,2,6,3,9,9,1,2,3.0,2,2,1,76,1324,4933,921598,4,1,2,9,9,1,76,1324,4941
92159805101.0,92159805,921598051,136.16666666666666,101.16666666666666,84.0,56.0,28.0,0.0,0.0,52.16666666666666,7.75,7.0,0.5,0.0,0.0,0.0,0.0,0.25,44.41666666666666,9.41666666666666,0.0,0.0,42.08333333333333,7.08333333333333,0.0,0.0,2.33333333333333,0.0,0.0,0.0,0.0,0.0,0.0,0.0,0.0,0.0,0.0,58.33333333333333,0.0,7.0,30,1,3,3,9,9,1,2,2.0,2,2,1,76,1324,5050,921598,5,1,1,9,9,1,76,1324,4941
92327802101.0,92327802,923278021,56.15,56.15,50.0,40.0,10.0,0.0,0.0,6.15,6.15,0.4,2.0,0.0,0.0,3.0,0.08333333333333,0.66666666666666,0.0,0.0,0.0,0.0,0.0,0.0,0.0,0.0,0.0,0.0,0.0,0.0,0.0,0.0,0.0,0.0,0.0,0.0,0.0,66.5,0.0,20.0,54,1,8,5,9,9,1,2,4.0,2,2,1,73,1330,4658,923278,2,1,1,9,9,1,73,1330,4645
92327802102.0,92327802,923278021,74.23333333333333,74.23333333333333,47.5,40.0,7.5,0.0,0.0,26.73333333333333,17.73333333333333,8.91666666666666,3.25,3.0,0.0,2.0,0.0,0.56666666666666,9.0,9.0,0.0,0.0,0.0,0.0,0.0,0.0,9.0,0.0,0.0,0.0,0.0,0.0,0.0,0.0,0.0,0.0,0.0,70.83333333333333,0.0,31.0,56,2,8,5,9,9,1,2,4.0,2,2,1,73,1330,4540,923278,2,1,2,9,9,1,73,1330,4645
92327802103.0,92327802,923278021,50.25,50.25,40.0,40.0,0.0,0.0,0.0,10.25,3.25,0.0,0.0,0.0,0.0,3.0,0.25,0.0,7.0,7.0,0.0,0.0,0.0,0.0,0.0,0.0,7.0,0.0,0.0,0.0,0.0,0.0,0.0,0.0,0.0,0.0,0.0,66.63333333333333,0.0,41.0,30,1,8,5,9,9,1,2,4.0,2,2,1,73,1330,4725,923278,2,1,3,9,9,1,73,1330,4645
92327802104.0,92327802,923278021,10.0,10.0,0.0,0.0,0.0,0.0,0.0,10.0,10.0,0.0,8.0,2.0,0.0,0.0,0.0,0.0,0.0,0.0,0.0,0.0,0.0,0.0,0.0,0.0,0.0,0.0,0.0,0.0,0.0,0.0,0.0,0.0,0.0,0.0,0.0,83.0,49.33333333333333,20.5,16,2,6,1,9,9,1,2,3.0,2,2,4,73,1330,4665,923278,2,1,4,9,9,1,73,1330,4645
92327803101.0,92327803,923278031,102.86666666666666,88.86666666666666,74.0,60.0,14.0,0.0,0.0,28.86666666666666,4.1,0.0,0.0,0.0,0.0,3.5,0.25,0.35,24.76666666666666,10.76666666666666,0.0,0.0,0.0,0.0,15.26666666666666,1.26666666666666,9.5,0.0,0.0,0.0,0.0,0.0,0.0,0.0,0.0,0.0,0.0,59.0,0.0,35.58333333333333,42,1,6,3,9,9,1,2,3.0,2,2,1,73,1330,4738,923278,3,1,1,9,9,1,73,1330,4645
92327803102.0,92327803,923278031,43.45,43.45,0.0,0.0,0.0,0.0,0.0,43.45,28.45,8.66666666666666,12.11666666666666,4.5,0.0,2.0,0.0,1.16666666666666,15.0,15.0,0.0,0.0,0.0,0.0,6.0,6.0,9.0,0.0,0.0,0.0,0.0,0.0,0.0,0.0,0.0,0.0,0.0,66.5,0.0,29.0,35,2,6,3,9,9,1,2,3.0,2,2,5,73,1330,4585,923278,3,1,2,9,9,1,73,1330,4645
92327803103.0,92327803,923278031,13.5,13.5,0.0,0.0,0.0,0.0,0.0,13.5,10.5,0.0,7.5,3.0,0.0,0.0,0.0,0.0,3.0,3.0,0.0,0.0,0.0,0.0,0.0,0.0,3.0,0.0,0.0,0.0,0.0,0.0,0.0,0.0,0.0,0.0,0.0,78.0,37.5,22.08333333333333,19,2,6,2,9,9,1,2,3.0,2,2,4,73,1330,4665,923278,3,1,3,9,9,1,73,1330,4645
92159805102.0,92159805,921598051,137.0,53.0,0.0,0.0,0.0,0.0,0.0,137.0,39.0,10.5,10.5,7.5,0.0,10.5,0.0,0.0,98.0,14.0,0.0,0.0,98.0,14.0,0.0,0.0,0.0,0.0,0.0,0.0,0.0,0.0,0.0,0.0,0.0,0.0,0.0,66.5,0.0,15.0,24,2,3,3,9,9,1,2,2.0,2,2,5,76,1324,4992,921598,5,1,2,9,9,1,76,1324,4941
92166401101.0,92166401,921664011,78.25,68.25,50.0,38.0,12.0,0.0,0.0,28.25,4.08333333333333,0.0,2.66666666666666,0.66666666666666,0.0,0.0,0.33333333333333,0.41666666666666,24.16666666666666,14.16666666666666,0.0,0.0,17.16666666666666,7.16666666666666,0.0,0.0,7.0,0.0,0.0,0.0,0.0,0.0,0.0,0.0,0.0,0.0,0.0,56.0,0.0,54.5,39,1,8,4,9,9,1,2,4.0,2,2,1,74,1325,4584,921664,1,1,1,9,9,1,74,1325,4583
92166401102.0,92166401,921664011,126.25,71.25,0.0,0.0,0.0,0.0,0.0,126.25,24.75,14.0,7.58333333333333,1.5,0.0,1.66666666666666,0.0,0.0,101.5,46.5,0.0,0.0,101.5,46.5,0.0,0.0,0.0,0.0,0.0,0.0,0.0,0.0,0.0,0.0,0.0,0.0,0.0,57.5,0.0,28.96666666666666,41,2,6,3,9,9,1,2,3.0,2,2,5,74,1325,4518,921664,1,1,2,9,9,1,74,1325,4583
92166402101.0,92166402,921664021,68.41666666666666,65.41666666666666,46.0,36.0,10.0,0.0,0.0,22.41666666666666,8.91666666666666,1.83333333333333,2.08333333333333,0.0,0.33333333333333,4.0,0.08333333333333,0.58333333333333,13.5,10.5,0.0,0.0,13.5,10.5,0.0,0.0,0.0,0.0,0.0,0.0,0.0,0.0,0.0,0.0,0.0,0.0,0.0,73.0,0.0,46.5,41,1,6,3,9,9,1,2,3.0,2,2,1,74,1325,4669,921664,2,1,1,9,9,1,74,1325,4583
92166402102.0,92166402,921664021,87.33333333333333,57.33333333333333,0.0,0.0,0.0,0.0,0.0,87.33333333333333,25.33333333333333,20.0,3.16666666666666,1.75,0.0,0.0,0.0,0.41666666666666,62.0,32.0,0.0,0.0,62.0,32.0,0.0,0.0,0.0,0.0,0.0,0.0,0.0,0.0,0.0,0.0,0.0,0.0,0.0,71.0,0.0,47.66666666666666,26,2,6,3,9,9,1,2,3.0,2,2,5,74,1325,4549,921664,2,1,2,9,9,1,74,1325,4583
92166403101.0,92166403,921664031,53.08333333333333,53.08333333333333,40.5,35.0,5.5,0.0,0.0,12.58333333333333,12.33333333333333,4.33333333333333,4.66666666666666,1.25,1.0,1.0,0.08333333333333,0.0,0.25,0.25,0.25,0.25,0.0,0.0,0.0,0.0,0.0,0.0,0.0,0.0,0.0,0.0,0.0,0.0,0.0,0.0,0.0,64.0,0.0,12.5,71,1,5,3,9,9,1,2,3.0,2,2,1,74,1325,4528,921664,3,1,1,9,9,1,74,1325,4583
92166403102.0,92166403,921664031,82.08333333333333,70.08333333333333,30.0,25.0,5.0,0.0,0.0,52.08333333333333,33.41666666666666,18.0,10.16666666666666,2.75,0.0,2.5,0.0,0.0,18.66666666666666,6.66666666666666,18.66666666666666,6.66666666666666,0.0,0.0,0.0,0.0,0.0,0.0,0.0,0.0,0.0,0.0,0.0,0.0,0.0,0.0,0.0,49.0,0.0,12.83333333333333,68,2,5,3,9,9,1,2,3.0,2,2,1,74,1325,4551,921664,3,1,2,9,9,1,74,1325,4583
92327803104.0,92327803,923278031,20.0,20.0,0.0,0.0,0.0,0.0,0.0,20.0,14.0,0.0,7.0,4.0,0.0,3.0,0.0,0.0,6.0,6.0,0.0,0.0,0.0,0.0,0.0,0.0,6.0,0.0,0.0,0.0,0.0,0.0,0.0,0.0,0.0,0.0,0.0,74.5,42.66666666666666,50.0,15,2,3,3,9,9,1,2,2.0,2,2,4,73,1330,4665,923278,3,1,4,9,9,1,73,1330,4645
92327804101.0,92327804,923278041,90.58333333333331,80.58333333333333,42.5,40.0,2.5,0.0,0.0,48.08333333333333,27.58333333333333,13.5,7.83333333333333,5.91666666666666,0.0,0.0,0.0,0.33333333333333,20.5,10.5,0.0,0.0,20.5,10.5,0.0,0.0,0.0,0.0,0.0,0.0,0.0,0.0,0.0,0.0,0.0,0.0,0.0,68.41666666666666,0.0,27.0,39,2,8,5,9,9,1,2,4.0,2,2,1,73,1330,4585,923278,4,1,1,9,9,1,73,1330,4645
92327804102.0,92327804,923278041,96.21666666666665,88.21666666666665,52.13333333333333,48.0,4.13333333333333,0.0,0.0,44.08333333333333,13.75,0.41666666666666,5.25,0.0,0.0,5.0,0.08333333333333,3.0,30.33333333333333,22.33333333333333,0.0,0.0,26.66666666666666,18.66666666666666,0.0,0.0,3.66666666666666,0.0,0.0,0.0,0.0,0.0,0.0,0.0,0.0,0.0,0.0,67.18333333333332,0.0,38.21666666666666,41,1,6,3,9,9,1,2,3.0,2,2,1,73,1330,4738,923278,4,1,2,9,9,1,73,1330,4645
92327805101.0,92327805,923278051,11.03333333333333,11.03333333333333,0.0,0.0,0.0,0.0,0.0,11.03333333333333,6.03333333333333,2.5,0.91666666666666,2.0,0.0,0.0,0.25,0.36666666666666,5.0,5.0,0.0,0.0,0.0,0.0,0.0,0.0,5.0,0.0,0.0,0.0,0.0,0.0,0.0,0.0,0.0,0.0,0.0,65.0,45.0,28.0,21,2,8,1,9,9,1,2,4.0,2,2,4,73,1330,4670,923278,5,1,1,9,9,1,73,1330,4645
92327805102.0,92327805,923278051,5.48333333333333,5.48333333333333,0.0,0.0,0.0,0.0,0.0,5.48333333333333,3.48333333333333,2.41666666666666,0.25,0.58333333333333,0.0,0.0,0.0,0.23333333333333,2.0,2.0,0.0,0.0,0.0,0.0,0.0,0.0,2.0,0.0,0.0,0.0,0.0,0.0,0.0,0.0,0.0,0.0,0.0,62.66666666666666,57.0,56.0,20,2,8,3,9,9,1,2,4.0,2,2,4,73,1330,4670,923278,5,1,2,9,9,1,73,1330,4645
92327805201.0,92327805,923278052,62.25,62.25,53.16666666666666,45.0,8.16666666666666,0.0,0.0,9.08333333333333,9.08333333333333,0.0,5.08333333333333,2.0,0.0,1.0,1.0,0.0,0.0,0.0,0.0,0.0,0.0,0.0,0.0,0.0,0.0,0.0,0.0,0.0,0.0,0.0,0.0,0.0,0.0,0.0,0.0,67.66666666666666,0.0,41.0,27,1,8,5,9,9,1,2,4.0,2,2,1,73,1330,4694,923278,5,2,1,9,9,1,73,1330,4645
92331101101.0,92331101,923311011,10.08333333333333,3.08333333333333,0.0,0.0,0.0,0.0,0.0,10.08333333333333,3.08333333333333,0.0,3.08333333333333,0.0,0.0,0.0,0.0,0.0,7.0,0.0,0.0,0.0,0.0,0.0,7.0,0.0,0.0,0.0,0.0,0.0,0.0,0.0,0.0,0.0,0.0,0.0,0.0,79.5,0.0,42.0,75,1,8,5,9,9,1,2,4.0,2,2,3,74,1331,4259,923311,1,1,1,9,9,1,74,1331,4183
92166403103.0,92166403,921664031,21.33333333333333,21.33333333333333,0.0,0.0,0.0,0.0,12.0,9.33333333333333,6.83333333333333,0.75,5.0,0.83333333333333,0.0,0.0,0.0,0.25,2.5,2.5,1.5,1.5,0.0,0.0,0.0,0.0,0.0,1.0,1.0,0.0,0.0,0.0,0.0,0.0,0.0,0.0,0.0,69.0,0.0,54.41666666666666,21,1,6,3,9,9,1,2,3.0,2,2,6,74,1325,4651,921664,3,1,3,9,9,1,74,1325,4583
92166403104.0,92166403,921664031,0.0,0.0,0.0,0.0,0.0,0.0,0.0,0.0,0.0,0.0,0.0,0.0,0.0,0.0,0.0,0.0,0.0,0.0,0.0,0.0,0.0,0.0,0.0,0.0,0.0,0.0,0.0,0.0,0.0,0.0,0.0,0.0,0.0,0.0,0.0,90.5,0.0,20.0,80,1,3,3,9,9,1,2,2.0,2,1,6,74,1325,4711,921664,3,1,4,9,9,1,74,1325,4583
92166405101.0,92166405,921664051,1.25,1.25,0.0,0.0,0.0,0.0,0.0,1.25,1.25,0.0,0.08333333333333,0.5,0.0,0.66666666666666,0.0,0.0,0.0,0.0,0.0,0.0,0.0,0.0,0.0,0.0,0.0,0.0,0.0,0.0,0.0,0.0,0.0,0.0,0.0,0.0,0.0,69.0,0.0,16.0,85,1,3,3,9,9,1,2,2.0,2,2,3,74,1325,4871,921664,5,1,1,9,9,1,74,1325,4583
92166405102.0,92166405,921664051,14.58333333333333,14.58333333333333,0.0,0.0,0.0,0.0,0.0,14.58333333333333,14.58333333333333,7.0,5.16666666666666,0.5,0.0,1.08333333333333,0.0,0.83333333333333,0.0,0.0,0.0,0.0,0.0,0.0,0.0,0.0,0.0,0.0,0.0,0.0,0.0,0.0,0.0,0.0,0.0,0.0,0.0,65.75,0.0,30.0,56,2,6,3,9,9,1,2,3.0,2,2,5,74,1325,4474,921664,5,1,2,9,9,1,74,1325,4583
92166405103.0,92166405,921664051,73.66666666666666,73.66666666666666,58.33333333333333,58.0,0.33333333333333,0.0,0.0,15.33333333333333,9.33333333333333,1.0,1.5,0.0,2.0,4.83333333333333,0.0,0.0,6.0,6.0,0.0,0.0,0.0,0.0,0.0,0.0,0.0,6.0,6.0,0.0,0.0,0.0,0.0,0.0,0.0,0.0,0.0,61.0,0.0,26.5,52,1,3,3,9,9,1,2,2.0,2,2,1,74,1325,4590,921664,5,1,3,9,9,1,74,1325,4583
92166405104.0,92166405,921664051,12.58333333333333,12.58333333333333,0.0,0.0,0.0,0.0,0.0,12.58333333333333,12.58333333333333,7.5,2.0,0.66666666666666,0.0,2.0,0.0,0.41666666666666,0.0,0.0,0.0,0.0,0.0,0.0,0.0,0.0,0.0,0.0,0.0,0.0,0.0,0.0,0.0,0.0,0.0,0.0,0.0,59.5,0.0,19.5,50,2,5,3,9,9,1,2,3.0,2,2,5,74,1325,4546,921664,5,1,4,9,9,1,74,1325,4583
92166405105.0,92166405,921664051,61.58333333333333,61.58333333333333,57.0,54.0,3.0,0.0,0.0,4.58333333333333,4.58333333333333,1.0,2.66666666666666,0.91666666666666,0.0,0.0,0.0,0.0,0.0,0.0,0.0,0.0,0.0,0.0,0.0,0.0,0.0,0.0,0.0,0.0,0.0,0.0,0.0,0.0,0.0,0.0,0.0,55.5,4.5,29.66666666666666,18,2,6,2,9,9,1,2,3.0,2,2,1,74,1325,4598,921664,5,1,5,9,9,1,74,1325,4583
92331101102.0,92331101,923311011,124.28333333333332,114.28333333333332,60.58333333333333,60.0,0.58333333333333,0.0,0.0,63.69999999999999,19.69999999999999,0.58333333333333,12.11666666666666,7.0,0.0,0.0,0.0,0.0,44.0,34.0,0.0,0.0,0.0,0.0,44.0,34.0,0.0,0.0,0.0,0.0,0.0,0.0,0.0,0.0,0.0,0.0,0.0,70.33333333333333,0.0,25.5,49,2,6,3,9,9,1,2,3.0,2,2,1,74,1331,4117,923311,1,1,2,9,9,1,74,1331,4183
92188501101.0,92188501,921885011,71.16666666666666,71.16666666666666,42.5,40.0,2.5,0.0,0.0,28.66666666666666,25.66666666666666,5.83333333333333,6.91666666666666,2.0,2.0,3.0,1.0,4.91666666666666,3.0,3.0,0.0,0.0,0.0,0.0,0.0,0.0,3.0,0.0,0.0,0.0,0.0,0.0,0.0,0.0,0.0,0.0,0.0,93.0,0.0,30.5,39,1,10,2,9,9,1,2,5.0,2,2,1,73,1326,3784,921885,1,1,1,9,9,1,73,1326,3778
92188501102.0,92188501,921885011,64.5,64.5,57.5,50.0,7.5,0.0,0.0,7.0,7.0,1.5,4.0,1.5,0.0,0.0,0.0,0.0,0.0,0.0,0.0,0.0,0.0,0.0,0.0,0.0,0.0,0.0,0.0,0.0,0.0,0.0,0.0,0.0,0.0,0.0,0.0,94.5,0.0,13.16666666666666,43,2,9,1,9,9,1,2,5.0,2,2,1,73,1326,3729,921885,1,1,2,9,9,1,73,1326,3778
92188502101.0,92188502,921885021,23.61666666666666,23.61666666666666,0.0,0.0,0.0,0.0,0.0,23.61666666666666,23.61666666666666,7.58333333333333,10.0,0.75,0.0,4.0,0.5,0.78333333333333,0.0,0.0,0.0,0.0,0.0,0.0,0.0,0.0,0.0,0.0,0.0,0.0,0.0,0.0,0.0,0.0,0.0,0.0,0.0,49.0,0.0,25.5,58,2,10,2,9,9,1,2,5.0,2,2,1,73,1326,3693,921885,2,1,1,9,9,1,73,1326,3778
92188503101.0,92188503,921885031,48.41666666666666,48.41666666666666,0.0,0.0,0.0,0.0,0.0,48.41666666666666,39.91666666666666,15.5,16.25,2.0,0.0,3.0,1.5,1.66666666666666,2.5,2.5,0.0,0.0,0.0,0.0,0.0,0.0,2.5,0.0,0.0,6.0,5.0,0.0,0.0,5.0,1.0,0.0,0.0,74.0,0.0,23.0,58,2,8,4,9,9,1,2,4.0,2,2,5,73,1326,3693,921885,3,1,1,9,9,1,73,1326,3778
92188503102.0,92188503,921885031,9.33333333333333,9.33333333333333,0.0,0.0,0.0,0.0,0.0,9.33333333333333,9.33333333333333,2.16666666666666,5.16666666666666,0.91666666666666,0.0,0.0,0.5,0.58333333333333,0.0,0.0,0.0,0.0,0.0,0.0,0.0,0.0,0.0,0.0,0.0,0.0,0.0,0.0,0.0,0.0,0.0,0.0,0.0,63.5,57.0,61.16666666666666,19,1,6,3,9,9,1,2,3.0,2,2,4,73,1326,3808,921885,3,1,2,9,9,1,73,1326,3778
92188504101.0,92188504,921885041,44.0,44.0,35.0,25.0,10.0,0.0,0.0,9.0,4.5,0.0,0.0,2.0,0.0,2.0,0.5,0.0,0.0,0.0,0.0,0.0,0.0,0.0,0.0,0.0,0.0,0.0,0.0,4.5,4.5,2.5,0.0,2.0,0.0,0.0,0.0,99.0,0.0,30.5,41,2,10,2,9,9,1,2,5.0,2,2,1,73,1326,3729,921885,4,1,1,9,9,1,73,1326,3778
92188505101.0,92188505,921885051,55.58333333333333,55.58333333333333,43.38333333333333,40.05,3.33333333333333,0.0,0.0,12.2,12.2,5.5,3.5,0.16666666666666,3.0,0.0,0.0,0.03333333333333,0.0,0.0,0.0,0.0,0.0,0.0,0.0,0.0,0.0,0.0,0.0,0.0,0.0,0.0,0.0,0.0,0.0,0.0,0.0,66.5,0.0,50.5,63,1,8,4,9,9,1,2,4.0,2,2,1,73,1326,3761,921885,5,1,1,9,9,1,73,1326,3778
96004507102.0,96004507,960045071,49.75,49.75,8.0,6.0,2.0,0.0,2.0,39.75,32.75,17.5,11.66666666666666,0.0,0.0,3.0,0.0,0.58333333333333,7.0,7.0,0.0,0.0,0.0,0.0,0.0,0.0,7.0,0.0,0.0,0.0,0.0,0.0,0.0,0.0,0.0,0.0,0.0,77.5,0.0,16.41666666666666,50,2,3,3,9,9,4,1,2.0,1,2,1,77,1333,1469,960045,7,1,2,9,9,4,77,1333,1481
96004507103.0,96004507,960045071,110.5,110.5,90.0,70.0,20.0,0.0,2.0,18.5,15.5,3.5,6.0,5.0,0.0,0.0,0.0,1.0,3.0,3.0,0.0,0.0,0.0,0.0,0.0,0.0,3.0,0.0,0.0,0.0,0.0,0.0,0.0,0.0,0.0,0.0,0.0,56.0,0.0,30.0,31,2,8,5,9,9,4,1,4.0,1,2,1,77,1333,1462,960045,7,1,3,9,9,4,77,1333,1481
96004507104.0,96004507,960045071,88.24999999999999,88.24999999999999,62.0,44.0,18.0,0.0,1.5,24.74999999999999,13.91666666666666,5.16666666666666,4.0,3.58333333333333,0.08333333333333,0.5,0.0,0.58333333333333,2.83333333333333,2.83333333333333,0.0,0.0,0.0,0.0,0.0,0.0,2.83333333333333,0.0,0.0,8.0,5.0,3.0,0.0,2.0,3.0,0.0,0.0,52.75,0.0,36.33333333333333,25,1,3,3,9,9,4,1,2.0,2,1,1,77,1333,1495,960045,7,1,4,9,9,4,77,1333,1481
96004508101.0,96004508,960045081,93.25,93.25,55.0,40.0,15.0,0.0,4.0,34.24999999999999,32.24999999999999,16.33333333333333,5.16666666666666,2.83333333333333,0.0,3.5,3.83333333333333,0.58333333333333,0.0,0.0,0.0,0.0,0.0,0.0,0.0,0.0,0.0,0.0,0.0,2.0,0.0,0.0,0.0,0.0,2.0,0.0,0.0,88.0,0.0,19.91666666666666,58,1,6,3,9,9,4,1,3.0,2,2,1,77,1333,1487,960045,8,1,1,9,9,4,77,1333,1481
96004509101.0,96004509,960045091,107.25,63.25,0.0,0.0,0.0,0.0,15.0,92.25,30.25,14.0,4.5,5.16666666666666,0.0,6.0,0.0,0.58333333333333,45.0,1.0,0.0,0.0,0.0,0.0,45.0,1.0,0.0,0.0,0.0,17.0,17.0,16.0,0.0,1.0,0.0,0.0,0.0,49.0,0.0,7.41666666666666,43,2,6,2,9,9,4,1,3.0,1,2,5,77,1333,1460,960045,9,1,1,9,9,4,77,1333,1481
96004509102.0,96004509,960045091,5.0,5.0,0.0,0.0,0.0,0.0,0.0,5.0,3.33333333333333,0.0,0.33333333333333,1.16666666666666,0.0,0.66666666666666,0.0,1.16666666666666,1.5,1.5,0.0,0.0,0.0,0.0,0.0,0.0,1.5,0.0,0.0,0.16666666666666,0.16666666666666,0.16666666666666,0.0,0.0,0.0,0.0,0.0,60.91666666666666,13.16666666666666,27.83333333333333,13,1,3,1,9,9,4,1,2.0,2,2,4,77,1333,1487,960045,9,1,2,9,9,4,77,1333,1481
96004510101.0,96004510,960045101,84.16666666666666,53.16666666666666,0.0,0.0,0.0,0.0,1.16666666666666,83.0,39.5,10.5,17.41666666666666,6.83333333333333,0.0,4.0,0.0,0.75,43.5,12.5,0.0,0.0,0.0,0.0,38.0,7.0,5.5,0.0,0.0,0.0,0.0,0.0,0.0,0.0,0.0,0.0,0.0,67.5,0.0,4.41666666666666,44,2,3,3,9,9,4,1,2.0,2,2,5,77,1333,1460,960045,10,1,1,9,9,4,77,1333,1481
96004510102.0,96004510,960045101,3.5,3.5,0.0,0.0,0.0,0.0,0.0,3.5,2.33333333333333,0.58333333333333,1.16666666666666,0.0,0.0,0.0,0.0,0.58333333333333,1.16666666666666,1.16666666666666,0.0,0.0,0.0,0.0,0.0,0.0,1.16666666666666,0.0,0.0,0.0,0.0,0.0,0.0,0.0,0.0,0.0,0.0,75.33333333333333,36.83333333333333,10.5,16,1,3,3,9,9,4,1,2.0,2,2,5,77,1333,1491,960045,10,1,2,9,9,4,77,1333,1481
96004510103.0,96004510,960045101,14.0,14.0,0.0,0.0,0.0,0.0,0.0,14.0,13.58333333333333,7.0,4.16666666666666,1.16666666666666,0.0,0.5,0.0,0.75,0.41666666666666,0.41666666666666,0.0,0.0,0.0,0.0,0.0,0.0,0.41666666666666,0.0,0.0,0.0,0.0,0.0,0.0,0.0,0.0,0.0,0.0,82.5,32.33333333333333,32.0,14,2,3,2,9,9,4,1,2.0,2,2,4,77,1333,1478,960045,10,1,3,9,9,4,77,1333,1481
96002007102.0,96002007,960020071,187.05,152.05,38.5,35.0,3.5,0.0,0.0,148.55,40.04999999999999,13.0,7.33333333333333,8.13333333333333,0.0,6.0,0.0,5.58333333333333,108.5,73.5,0.0,0.0,101.83333333333331,66.83333333333333,0.0,0.0,6.66666666666666,0.0,0.0,0.0,0.0,0.0,0.0,0.0,0.0,0.0,0.0,79.66666666666666,0.0,51.0,19,2,6,3,9,9,4,1,3.0,2,2,1,77,1332,1069,960020,7,1,2,9,9,4,77,1332,1065
96002008101.0,96002008,960020081,80.2,79.7,57.0,54.0,3.0,0.0,4.0,19.2,1.7,0.0,1.2,0.0,0.0,0.0,0.0,0.5,17.5,17.0,0.0,0.0,0.0,0.0,5.5,5.0,12.0,0.0,0.0,0.0,0.0,0.0,0.0,0.0,0.0,0.0,0.0,88.0,0.0,41.0,32,1,0,0,9,9,4,1,1.0,1,2,1,77,1332,1083,960020,8,1,1,9,9,4,77,1332,1065
96002008102.0,96002008,960020081,98.0,83.0,0.0,0.0,0.0,0.0,0.0,98.0,46.0,17.5,16.0,8.5,0.0,0.0,4.0,0.0,51.0,36.0,0.0,0.0,0.0,0.0,30.0,15.0,21.0,0.0,0.0,1.0,1.0,0.0,0.0,1.0,0.0,0.0,0.0,68.5,0.0,12.5,42,2,3,3,9,9,4,1,2.0,2,2,5,77,1332,1050,960020,8,1,2,9,9,4,77,1332,1065
96002009101.0,96002009,960020091,91.25,91.25,63.0,48.0,15.0,0.0,0.5,27.75,19.75,3.66666666666666,8.08333333333333,3.66666666666666,0.0,1.0,0.16666666666666,3.16666666666666,7.0,7.0,0.0,0.0,0.0,0.0,0.0,0.0,7.0,0.0,0.0,1.0,0.0,0.0,0.0,0.0,1.0,0.0,0.0,77.5,0.0,21.16666666666666,48,1,6,3,9,9,4,1,3.0,2,2,1,77,1332,1072,960020,9,1,1,9,9,4,77,1332,1065
96002009102.0,96002009,960020091,89.08333333333333,89.08333333333333,65.0,40.0,25.0,0.0,1.0,23.08333333333333,12.08333333333333,5.5,1.58333333333333,0.33333333333333,0.0,2.0,1.16666666666666,1.5,11.0,11.0,0.0,0.0,0.0,0.0,0.0,0.0,11.0,0.0,0.0,0.0,0.0,0.0,0.0,0.0,0.0,0.0,0.0,45.66666666666666,11.0,26.0,44,2,6,3,9,9,4,1,3.0,2,2,1,77,1332,1050,960020,9,1,2,9,9,4,77,1332,1065
96002009103.0,96002009,960020091,47.33333333333333,47.33333333333333,0.0,0.0,0.0,0.0,2.0,45.33333333333333,44.16666666666666,16.5,18.66666666666666,2.0,0.0,7.0,0.0,0.0,1.16666666666666,1.16666666666666,0.0,0.0,0.0,0.0,0.0,0.0,1.16666666666666,0.0,0.0,0.0,0.0,0.0,0.0,0.0,0.0,0.0,0.0,73.0,71.98333333333333,45.9,20,2,8,2,9,9,4,1,4.0,1,2,4,77,1332,1070,960020,9,1,3,9,9,4,77,1332,1065
96002009104.0,96002009,960020091,34.24999999999999,34.24999999999999,7.58333333333333,7.0,0.58333333333333,0.0,1.0,25.66666666666666,25.0,6.5,15.41666666666666,2.0,0.5,0.0,0.0,0.58333333333333,0.66666666666666,0.66666666666666,0.0,0.0,0.0,0.0,0.0,0.0,0.66666666666666,0.0,0.0,0.0,0.0,0.0,0.0,0.0,0.0,0.0,0.0,72.66666666666666,45.0,21.33333333333333,17,2,6,2,9,9,4,1,3.0,2,2,1,77,1332,1069,960020,9,1,4,9,9,4,77,1332,1065
96002010101.0,96002010,960020101,150.11666666666665,138.11666666666665,124.0,88.0,36.0,0.0,0.0,26.11666666666666,0.11666666666666,0.0,0.0,0.0,0.0,0.0,0.0,0.11666666666666,23.0,11.0,0.0,0.0,20.5,8.5,0.0,0.0,2.5,0.0,0.0,3.0,3.0,0.0,0.0,3.0,0.0,0.0,0.0,44.5,0.0,15.58333333333333,50,1,3,2,9,9,4,1,2.0,1,2,1,77,1332,1067,960020,10,1,1,9,9,4,77,1332,1065
96002010102.0,96002010,960020101,102.5,102.5,68.0,66.0,2.0,0.0,0.0,34.5,25.0,21.0,0.0,4.0,0.0,0.0,0.0,0.0,9.5,9.5,0.0,0.0,9.5,9.5,0.0,0.0,0.0,0.0,0.0,0.0,0.0,0.0,0.0,0.0,0.0,0.0,0.0,81.0,0.0,2.0,48,2,3,3,9,9,4,1,2.0,2,2,1,77,1332,1049,960020,10,1,2,9,9,4,77,1332,1065
96002010103.0,96002010,960020101,109.75,97.75,60.0,30.0,30.0,0.0,0.0,49.75,10.16666666666666,3.0,1.5,0.0,0.0,4.0,0.5,1.16666666666666,37.58333333333333,25.58333333333333,0.0,0.0,37.58333333333333,25.58333333333333,0.0,0.0,0.0,0.0,0.0,2.0,1.0,0.0,1.0,0.0,1.0,0.0,0.0,65.5,0.0,42.0,21,1,3,3,9,9,4,1,2.0,2,1,1,77,1332,1081,960020,10,1,3,9,9,4,77,1332,1065
96002010104.0,96002010,960020101,66.16666666666666,56.16666666666666,26.0,20.0,6.0,0.0,0.5,39.66666666666666,10.16666666666666,2.0,4.66666666666666,3.5,0.0,0.0,0.0,0.0,29.5,19.5,0.0,0.0,29.5,19.5,0.0,0.0,0.0,0.0,0.0,0.0,0.0,0.0,0.0,0.0,0.0,0.0,0.0,56.0,56.0,12.0,23,2,3,3,9,9,4,1,2.0,2,2,1,77,1332,1070,960020,10,1,4,9,9,4,77,1332,1065
96004501101.0,96004501,960045011,80.16666666666666,74.16666666666666,45.0,40.0,5.0,0.0,0.0,35.16666666666666,29.16666666666666,3.83333333333333,7.16666666666666,7.58333333333333,0.5,7.91666666666666,1.16666666666666,1.0,6.0,0.0,0.0,0.0,6.0,0.0,0.0,0.0,0.0,0.0,0.0,0.0,0.0,0.0,0.0,0.0,0.0,0.0,0.0,70.0,0.0,45.5,39,2,3,3,9,9,4,1,2.0,2,2,1,77,1333,1460,960045,1,1,1,9,9,4,77,1333,1481
96004501102.0,96004501,960045011,149.75,114.75,46.91666666666666,44.0,2.91666666666666,0.0,0.0,102.83333333333331,45.33333333333333,20.83333333333333,12.0,3.0,0.0,9.5,0.0,0.0,57.5,22.5,0.0,0.0,57.5,22.5,0.0,0.0,0.0,0.0,0.0,0.0,0.0,0.0,0.0,0.0,0.0,0.0,0.0,66.16666666666666,0.0,41.0,20,2,3,3,9,9,4,1,2.0,2,2,1,77,1333,1487,960045,1,1,2,9,9,4,77,1333,1481
96004501103.0,96004501,960045011,14.49999999999999,14.49999999999999,0.0,0.0,0.0,0.0,0.0,14.49999999999999,13.33333333333333,1.16666666666666,4.5,6.5,0.0,0.33333333333333,0.0,0.83333333333333,1.16666666666666,1.16666666666666,0.0,0.0,0.0,0.0,0.0,0.0,1.16666666666666,0.0,0.0,0.0,0.0,0.0,0.0,0.0,0.0,0.0,0.0,68.16666666666666,40.0,45.0,15,1,3,3,9,9,4,1,2.0,2,2,4,77,1333,1491,960045,1,1,3,9,9,4,77,1333,1481
96004502101.0,96004502,960045021,0.0,0.0,0.0,0.0,0.0,0.0,0.0,0.0,0.0,0.0,0.0,0.0,0.0,0.0,0.0,0.0,0.0,0.0,0.0,0.0,0.0,0.0,0.0,0.0,0.0,0.0,0.0,0.0,0.0,0.0,0.0,0.0,0.0,0.0,0.0,86.5,0.0,15.0,63,1,2,6,9,9,4,1,2.0,2,2,6,77,1333,1473,960045,2,1,1,9,9,4,77,1333,1481
96004502102.0,96004502,960045021,75.5,72.5,70.0,56.0,14.0,0.0,0.0,5.5,2.5,1.75,0.75,0.0,0.0,0.0,0.0,0.0,3.0,0.0,3.0,0.0,0.0,0.0,0.0,0.0,0.0,0.0,0.0,0.0,0.0,0.0,0.0,0.0,0.0,0.0,0.0,48.5,0.0,12.0,62,2,3,3,9,9,4,1,2.0,2,2,1,77,1333,1458,960045,2,1,2,9,9,4,77,1333,1481
96004502103.0,96004502,960045021,26.91666666666666,26.91666666666666,0.0,0.0,0.0,0.0,0.0,26.91666666666666,26.91666666666666,7.0,18.91666666666666,0.0,0.0,0.0,0.0,1.0,0.0,0.0,0.0,0.0,0.0,0.0,0.0,0.0,0.0,0.0,0.0,0.0,0.0,0.0,0.0,0.0,0.0,0.0,0.0,48.5,48.0,7.5,27,1,3,3,9,9,4,1,2.0,2,2,5,77,1333,1495,960045,2,1,3,9,9,4,77,1333,1481
96004502104.0,96004502,960045021,111.0,111.0,72.66666666666666,54.0,18.66666666666666,0.0,0.0,38.33333333333333,35.33333333333333,24.5,8.83333333333333,2.0,0.0,0.0,0.0,0.0,3.0,3.0,0.0,0.0,0.0,0.0,0.0,0.0,3.0,0.0,0.0,0.0,0.0,0.0,0.0,0.0,0.0,0.0,0.0,63.0,0.0,16.08333333333333,33,2,6,3,9,9,4,1,3.0,2,2,1,77,1333,1462,960045,2,1,4,9,9,4,77,1333,1481
96004503101.0,96004503,960045031,33.08333333333333,33.08333333333333,30.0,15.0,15.0,0.0,0.66666666666666,2.41666666666666,2.41666666666666,0.0,0.75,0.58333333333333,0.5,0.0,0.0,0.58333333333333,0.0,0.0,0.0,0.0,0.0,0.0,0.0,0.0,0.0,0.0,0.0,0.0,0.0,0.0,0.0,0.0,0.0,0.0,0.0,65.0,0.0,11.83333333333333,64,1,2,1,9,9,4,1,2.0,1,2,1,77,1333,1473,960045,3,1,1,9,9,4,77,1333,1481
96004503102.0,96004503,960045031,57.7,57.7,14.6,14.0,0.6,0.0,0.0,43.1,40.1,14.0,18.0,6.0,0.0,1.5,0.25,0.35,0.0,0.0,0.0,0.0,0.0,0.0,0.0,0.0,0.0,0.0,0.0,3.0,3.0,0.0,0.0,3.0,0.0,0.0,0.0,62.66666666666666,0.0,3.5,63,2,2,2,9,9,4,1,2.0,2,2,1,77,1333,1458,960045,3,1,2,9,9,4,77,1333,1481
96004504101.0,96004504,960045041,116.0,86.0,36.0,18.0,18.0,0.0,0.33333333333333,79.66666666666666,39.66666666666666,22.5,3.41666666666666,4.83333333333333,0.0,6.0,2.0,0.91666666666666,40.0,10.0,0.0,0.0,0.0,0.0,25.0,10.0,0.0,15.0,0.0,0.0,0.0,0.0,0.0,0.0,0.0,0.0,0.0,52.51666666666666,0.0,1.25,50,1,6,1,9,9,4,1,3.0,1,2,1,77,1333,1483,960045,4,1,1,9,9,4,77,1333,1481
96004504102.0,96004504,960045041,120.23333333333332,50.23333333333333,0.0,0.0,0.0,0.0,0.0,120.23333333333332,20.23333333333333,12.0,3.5,4.5,0.0,0.0,0.0,0.23333333333333,100.0,30.0,0.0,0.0,0.0,0.0,42.0,7.0,3.0,55.0,20.0,0.0,0.0,0.0,0.0,0.0,0.0,0.0,0.0,77.5,0.0,28.0,76,2,0,0,9,9,4,1,1.0,1,1,5,77,1333,1482,960045,4,1,2,9,9,4,77,1333,1481
96004504103.0,96004504,960045041,106.9,46.9,0.0,0.0,0.0,0.0,0.0,106.9,4.9,0.0,3.66666666666666,1.0,0.0,0.0,0.0,0.23333333333333,102.0,42.0,0.0,0.0,0.0,0.0,34.0,9.0,17.0,51.0,16.0,0.0,0.0,0.0,0.0,0.0,0.0,0.0,0.0,75.83333333333333,0.0,34.0,79,1,0,0,9,9,4,1,1.0,1,1,6,77,1333,1508,960045,4,1,3,9,9,4,77,1333,1481
96004505101.0,96004505,960045051,97.33333333333331,83.33333333333333,57.0,56.0,1.0,0.0,0.0,40.33333333333333,4.41666666666666,0.0,0.0,0.16666666666666,3.0,0.0,0.66666666666666,0.58333333333333,35.58333333333333,21.58333333333333,0.0,0.0,11.83333333333333,4.83333333333333,11.75,4.75,8.5,3.5,3.5,0.33333333333333,0.33333333333333,0.0,0.0,0.33333333333333,0.0,0.0,0.0,53.66666666666666,0.0,14.83333333333333,40,1,2,6,9,9,4,1,2.0,1,2,1,77,1333,1509,960045,5,1,1,9,9,4,77,1333,1481
96004505102.0,96004505,960045051,71.41666666666666,69.08333333333333,10.0,5.0,5.0,0.0,0.0,61.41666666666666,37.91666666666666,17.5,10.0,4.41666666666666,0.0,1.0,4.0,1.0,23.5,21.16666666666666,0.0,0.0,15.33333333333333,14.16666666666666,8.16666666666666,7.0,0.0,0.0,0.0,0.0,0.0,0.0,0.0,0.0,0.0,0.0,0.0,77.66666666666666,0.0,5.58333333333333,33,2,2,6,9,9,4,1,2.0,2,2,1,77,1333,1462,960045,5,1,2,9,9,4,77,1333,1481
96004505103.0,96004505,960045051,23.75,23.75,14.0,0.0,0.0,14.0,3.5,6.25,3.91666666666666,0.33333333333333,1.25,0.66666666666666,0.0,0.0,0.0,1.66666666666666,2.33333333333333,2.33333333333333,0.0,0.0,0.0,0.0,0.0,0.0,0.0,2.33333333333333,2.33333333333333,0.0,0.0,0.0,0.0,0.0,0.0,0.0,0.0,64.86666666666666,0.0,6.0,62,1,2,6,9,9,4,1,2.0,1,2,2,77,1333,1473,960045,5,1,3,9,9,4,77,1333,1481
96004505104.0,96004505,960045051,32.16666666666666,32.16666666666666,0.0,0.0,0.0,0.0,0.0,32.16666666666666,32.16666666666666,14.5,12.5,3.0,0.0,0.0,0.0,2.16666666666666,0.0,0.0,0.0,0.0,0.0,0.0,0.0,0.0,0.0,0.0,0.0,0.0,0.0,0.0,0.0,0.0,0.0,0.0,0.0,71.83333333333333,0.0,7.75,60,2,2,6,9,9,4,1,2.0,2,2,5,77,1333,1458,960045,5,1,4,9,9,4,77,1333,1481
96004506101.0,96004506,960045061,125.33333333333331,125.33333333333331,32.0,20.0,12.0,0.0,25.0,68.33333333333333,62.83333333333333,15.0,23.16666666666666,16.0,0.0,6.0,0.0,2.66666666666666,3.5,3.5,0.0,0.0,0.0,0.0,0.0,0.0,3.5,0.0,0.0,2.0,0.0,0.0,0.0,0.0,2.0,16.0,3.0,45.5,0.0,6.91666666666666,55,2,3,3,9,9,4,1,2.0,2,1,1,77,1333,1446,960045,6,1,1,9,9,4,77,1333,1481
96004506102.0,96004506,960045061,111.0,111.0,100.0,70.0,30.0,0.0,3.33333333333333,7.66666666666666,5.41666666666666,0.66666666666666,2.66666666666666,0.0,0.0,0.0,0.0,2.08333333333333,1.58333333333333,1.58333333333333,0.0,0.0,0.0,0.0,0.0,0.0,1.58333333333333,0.0,0.0,0.66666666666666,0.66666666666666,0.0,0.0,0.66666666666666,0.0,3.33333333333333,0.0,57.0,0.0,23.0,19,1,6,1,9,9,4,1,3.0,2,2,1,77,1333,1491,960045,6,1,2,9,9,4,77,1333,1481
96004507101.0,96004507,960045071,76.08333333333333,76.08333333333333,68.0,48.0,20.0,0.0,0.5,7.58333333333333,7.58333333333333,2.5,4.08333333333333,0.5,0.0,0.0,0.0,0.5,0.0,0.0,0.0,0.0,0.0,0.0,0.0,0.0,0.0,0.0,0.0,0.0,0.0,0.0,0.0,0.0,0.0,0.0,0.0,52.66666666666666,0.0,4.0,54,1,3,3,9,9,4,1,2.0,2,2,1,77,1333,1483,960045,7,1,1,9,9,4,77,1333,1481
