{"type":"FeatureCollection","features":[{"type":"Feature","geometry":{"type":"Point","coordinates":[-99.15177,19.4729]},"properties":{"id_cultural":"TEATRO_474","id_sic":"474","tipo_cultural":"TEATRO","nombre":"Foro Cultural Azcapotzalco","fecha_fundacion":"1978-10-04","adscripcion_original":"Delegación Azcapotzalco","tipo_gestion":"PUBLICO","criterio_clasificacion":"EVIDENCIA_INSTITUCIONAL_PUBLICA","fuente_revision_gestion":"","nota_revision_gestion":"","estado_id":"9","entidad":"Ciudad de México","municipio_id":"2","municipio":"Azcapotzalco","localidad_id":"1","localidad":"Azcapotzalco","calle_numero":"Av. Cuitláhuac s/n esq. Pino","colonia":"Col. Liberación","cp":"2930.0","telefono":"55 5355 0376","pagina_web":"https://inba.gob.mx/recinto/696","email":"foroculturalazcapotzalco@hotmail.com","facebook":"https://www.facebook.com/Eventos-Foro-Cultural-Azcapotzalco-2095605673989730","twitter":"foroazcapotzalc","instagram":"","aforo":872,"tipo_escenario":"semicircular","num_pantallas":"","link_sic":"http://sic.gob.mx/ficha.php?table=teatro&table_id=474","fecha_modificacion":"2021-09-20 11:31:18-05","es_pilares":"NO","dataset_relacionado":"","revision_manual":"NO","motivo_revision":"","fuente":"Sistema de Información Cultural (SIC)"}},{"type":"Feature","geometry":{"type":"Point","coordinates":[-99.16405,19.35738]},"properties":{"id_cultural":"TEATRO_378","id_sic":"378","tipo_cultural":"TEATRO","nombre":"Teatro La Capilla","fecha_fundacion":"1953-01-20","adscripcion_original":"Compañía Los Endebles A.C.","tipo_gestion":"PRIVADO","criterio_clasificacion":"EVIDENCIA_INSTITUCIONAL_PRIVADA","fuente_revision_gestion":"","nota_revision_gestion":"","estado_id":"9","entidad":"Ciudad de México","municipio_id":"3","municipio":"Coyoacán","localidad_id":"1","localidad":"Coyoacán","calle_numero":"Madrid 13","colonia":"Col. Del Carmen Coyoacán","cp":"4100.0","telefono":"55 3095 4077","pagina_web":"https://www.teatrolacapilla.com/","email":"info@teatrolacapilla.com","facebook":"https://www.facebook.com/LaCapillaTeatro","twitter":"","instagram":"https://www.instagram.com/teatrolacapilla/","aforo":100,"tipo_escenario":"italiano","num_pantallas":"","link_sic":"http://sic.gob.mx/ficha.php?table=teatro&table_id=378","fecha_modificacion":"2025-03-14 15:03:16-06","es_pilares":"NO","dataset_relacionado":"","revision_manual":"NO","motivo_revision":"","fuente":"Sistema de Información Cultural (SIC)"}},{"type":"Feature","geometry":{"type":"Point","coordinates":[-99.16975,19.34949]},"properties":{"id_cultural":"TEATRO_771","id_sic":"771","tipo_cultural":"TEATRO","nombre":"Sala Héctor Mendoza","fecha_fundacion":"2009-01-01","adscripcion_original":"Secretaría de Cultura/INBA/Compañía Nacional de Teatro","tipo_gestion":"PUBLICO","criterio_clasificacion":"EVIDENCIA_INSTITUCIONAL_PUBLICA","fuente_revision_gestion":"","nota_revision_gestion":"","estado_id":"9","entidad":"Ciudad de México","municipio_id":"3","municipio":"Coyoacán","localidad_id":"1","localidad":"Coyoacán","calle_numero":"Francisco Sosa 159","colonia":"Barrio Santa Catarina","cp":"4000.0","telefono":"55 8647 5621","pagina_web":"http://www.cnteatro.bellasartes.gob.mx","email":"publicos.cnteatro@inba.gob.mx","facebook":"https://www.facebook.com/CNTeatromx/","twitter":"CNTeatromx","instagram":"https://www.instagram.com/cnteatromx/","aforo":96,"tipo_escenario":"italiano","num_pantallas":"","link_sic":"http://sic.gob.mx/ficha.php?table=teatro&table_id=771","fecha_modificacion":"2025-09-04 19:28:58-06","es_pilares":"NO","dataset_relacionado":"","revision_manual":"NO","motivo_revision":"","fuente":"Sistema de Información Cultural (SIC)"}},{"type":"Feature","geometry":{"type":"Point","coordinates":[-99.17127,19.34956]},"properties":{"id_cultural":"TEATRO_458","id_sic":"458","tipo_cultural":"TEATRO","nombre":"Teatro Santa Catarina","fecha_fundacion":"1970-08-05","adscripcion_original":"UNAM / Dirección de Teatro","tipo_gestion":"PUBLICO","criterio_clasificacion":"EVIDENCIA_INSTITUCIONAL_PUBLICA","fuente_revision_gestion":"","nota_revision_gestion":"","estado_id":"9","entidad":"Ciudad de México","municipio_id":"3","municipio":"Coyoacán","localidad_id":"1","localidad":"Coyoacán","calle_numero":"Jardín de Santa Catarina 10 esq. Progreso y Francisco Sosa","colonia":"Barrio de Santa Catarina","cp":"4000.0","telefono":"55 5658 0560","pagina_web":"http://www.teatro.unam.mx/wwwteatrounam/Paginas/stacatarina.html","email":"contactoteatrounam@gmail.com","facebook":"","twitter":"","instagram":"","aforo":80,"tipo_escenario":"multimodal","num_pantallas":"","link_sic":"http://sic.gob.mx/ficha.php?table=teatro&table_id=458","fecha_modificacion":"2021-10-28 12:37:39-05","es_pilares":"NO","dataset_relacionado":"","revision_manual":"NO","motivo_revision":"","fuente":"Sistema de Información Cultural (SIC)"}},{"type":"Feature","geometry":{"type":"Point","coordinates":[-99.16328,19.34598]},"properties":{"id_cultural":"TEATRO_952","id_sic":"952","tipo_cultural":"TEATRO","nombre":"Foro teatral del Albergue del Arte","fecha_fundacion":"2009-01-01","adscripcion_original":"Asociación Civil","tipo_gestion":"PRIVADO","criterio_clasificacion":"EVIDENCIA_INSTITUCIONAL_PRIVADA","fuente_revision_gestion":"","nota_revision_gestion":"","estado_id":"9","entidad":"Ciudad de México","municipio_id":"3","municipio":"Coyoacán","localidad_id":"1","localidad":"Coyoacán","calle_numero":"Alberto Zamora 32","colonia":"Col. Villa Coyoacán","cp":"40000.0","telefono":"55 5554 6228","pagina_web":"","email":"tadecos08@hotmail.com","facebook":"https://www.facebook.com/AlberguedelArte?rf=1463106837251971","twitter":"tadecoteatro","instagram":"","aforo":0,"tipo_escenario":"","num_pantallas":"","link_sic":"http://sic.gob.mx/ficha.php?table=teatro&table_id=952","fecha_modificacion":"2021-10-01 09:34:08-05","es_pilares":"NO","dataset_relacionado":"","revision_manual":"NO","motivo_revision":"","fuente":"Sistema de Información Cultural (SIC)"}},{"type":"Feature","geometry":{"type":"Point","coordinates":[-99.1633,19.35671]},"properties":{"id_cultural":"TEATRO_915","id_sic":"915","tipo_cultural":"TEATRO","nombre":"Foro Viena","fecha_fundacion":"2017-03-31","adscripcion_original":"","tipo_gestion":"NO_DETERMINADO","criterio_clasificacion":"SIN_ADSCRIPCION","fuente_revision_gestion":"","nota_revision_gestion":"","estado_id":"9","entidad":"Ciudad de México","municipio_id":"3","municipio":"Coyoacán","localidad_id":"1","localidad":"Coyoacán","calle_numero":"Centenario 159","colonia":"Col. Del Carmen","cp":"4100.0","telefono":"55 2155 9308","pagina_web":"https://www.facebook.com/FOROVIENACOYOACAN/","email":"","facebook":"","twitter":"","instagram":"","aforo":250,"tipo_escenario":"italiano","num_pantallas":"","link_sic":"http://sic.gob.mx/ficha.php?table=teatro&table_id=915","fecha_modificacion":"2023-12-05 13:21:14-06","es_pilares":"NO","dataset_relacionado":"","revision_manual":"SI","motivo_revision":"No existe adscripción disponible para determinar el tipo de gestión.","fuente":"Sistema de Información Cultural (SIC)"}},{"type":"Feature","geometry":{"type":"Point","coordinates":[-99.18465,19.31354]},"properties":{"id_cultural":"TEATRO_487","id_sic":"487","tipo_cultural":"TEATRO","nombre":"Foro Sor Juana Inés de la Cruz","fecha_fundacion":"1979-02-26","adscripcion_original":"UNAM/Centro Cultural Universitario","tipo_gestion":"PUBLICO","criterio_clasificacion":"EVIDENCIA_INSTITUCIONAL_PUBLICA","fuente_revision_gestion":"","nota_revision_gestion":"","estado_id":"9","entidad":"Ciudad de México","municipio_id":"3","municipio":"Coyoacán","localidad_id":"1","localidad":"Coyoacán","calle_numero":"Av. Insurgentes Sur 3000","colonia":"Col. Ciudad Universitaria","cp":"4510.0","telefono":"55 5665 5021","pagina_web":"https://www.fundacionunam.org.mx/donde-paso/celebra-la-unam-40-anos-del-foro-sor-juana-ines-y-del-teatro-juan-ruiz-de-alarcon/","email":"teatrounam@hotmail.com y mergold@servidor.unam.mx","facebook":"","twitter":"","instagram":"","aforo":180,"tipo_escenario":"multimodal","num_pantallas":"","link_sic":"http://sic.gob.mx/ficha.php?table=teatro&table_id=487","fecha_modificacion":"2021-10-01 08:43:59-05","es_pilares":"NO","dataset_relacionado":"","revision_manual":"NO","motivo_revision":"","fuente":"Sistema de Información Cultural (SIC)"}},{"type":"Feature","geometry":{"type":"Point","coordinates":[-99.16409,19.35053]},"properties":{"id_cultural":"TEATRO_481","id_sic":"481","tipo_cultural":"TEATRO","nombre":"Espacio C Héctor Azar","fecha_fundacion":"2005-04-02","adscripcion_original":"Centro de Arte Dramático, A.C.","tipo_gestion":"PRIVADO","criterio_clasificacion":"EVIDENCIA_INSTITUCIONAL_PRIVADA","fuente_revision_gestion":"","nota_revision_gestion":"","estado_id":"9","entidad":"Ciudad de México","municipio_id":"3","municipio":"Coyoacán","localidad_id":"1","localidad":"Coyoacán","calle_numero":"Av. Centenario 26 esq. Belisario Domínguez","colonia":"Col. Del Carmen","cp":"4000.0","telefono":"55 5554 9091","pagina_web":"https://cadac1975.wordpress.com/espacio-c-hector-azar/","email":"cadac1975@hotmail.com","facebook":"","twitter":"","instagram":"","aforo":280,"tipo_escenario":"escénico","num_pantallas":"","link_sic":"http://sic.gob.mx/ficha.php?table=teatro&table_id=481","fecha_modificacion":"2021-09-29 15:13:42-05","es_pilares":"NO","dataset_relacionado":"","revision_manual":"NO","motivo_revision":"","fuente":"Sistema de Información Cultural (SIC)"}},{"type":"Feature","geometry":{"type":"Point","coordinates":[-99.15343,19.35474]},"properties":{"id_cultural":"TEATRO_978","id_sic":"978","tipo_cultural":"TEATRO","nombre":"Cirkóptero (espacio de creación, entrenamiento y presentación de artes circenses)","fecha_fundacion":"2019-05-04","adscripcion_original":"","tipo_gestion":"NO_DETERMINADO","criterio_clasificacion":"SIN_ADSCRIPCION","fuente_revision_gestion":"","nota_revision_gestion":"","estado_id":"9","entidad":"Ciudad de México","municipio_id":"3","municipio":"Coyoacán","localidad_id":"1","localidad":"Coyoacán","calle_numero":"Xicoténcatl 110","colonia":"Col. Del Carmen","cp":"4100.0","telefono":"55 7030 6833","pagina_web":"http://www.cirkoptero.com.mx","email":"crucesintervencion.ac@gmail.com","facebook":"https://www.facebook.com/Cirkoptero/","twitter":"","instagram":"","aforo":30,"tipo_escenario":"multimodal","num_pantallas":"","link_sic":"http://sic.gob.mx/ficha.php?table=teatro&table_id=978","fecha_modificacion":"2021-09-24 06:25:17-05","es_pilares":"NO","dataset_relacionado":"","revision_manual":"SI","motivo_revision":"No existe adscripción disponible para determinar el tipo de gestión.","fuente":"Sistema de Información Cultural (SIC)"}},{"type":"Feature","geometry":{"type":"Point","coordinates":[-99.18727,19.33443]},"properties":{"id_cultural":"TEATRO_660","id_sic":"660","tipo_cultural":"TEATRO","nombre":"Aula Teatro Escenario Justo Sierra de la Facultad de Filosofía y Letras","fecha_fundacion":"1960-01-01","adscripcion_original":"Colegio de Literatura Dramática y Teatro/UNAM","tipo_gestion":"PUBLICO","criterio_clasificacion":"EVIDENCIA_INSTITUCIONAL_PUBLICA","fuente_revision_gestion":"","nota_revision_gestion":"","estado_id":"9","entidad":"Ciudad de México","municipio_id":"3","municipio":"Coyoacán","localidad_id":"1","localidad":"Coyoacán","calle_numero":"","colonia":"Cd. Universitaria","cp":"4510.0","telefono":"55 5622 1884","pagina_web":"http://teatro.filos.unam.mx/inicio/estudiantes/area-de-teatros/","email":"teatro@filos.unam.mx","facebook":"","twitter":"","instagram":"","aforo":50,"tipo_escenario":"","num_pantallas":"","link_sic":"http://sic.gob.mx/ficha.php?table=teatro&table_id=660","fecha_modificacion":"2021-09-29 07:45:04-05","es_pilares":"NO","dataset_relacionado":"","revision_manual":"NO","motivo_revision":"","fuente":"Sistema de Información Cultural (SIC)"}},{"type":"Feature","geometry":{"type":"Point","coordinates":[-99.15025,19.3513]},"properties":{"id_cultural":"TEATRO_486","id_sic":"486","tipo_cultural":"TEATRO","nombre":"Foro Rodolfo Usigli","fecha_fundacion":"1989-07-01","adscripcion_original":"SOGEM/Centro Cultural José María Fernández Unsaín","tipo_gestion":"PRIVADO","criterio_clasificacion":"REVISION_MANUAL","fuente_revision_gestion":"","nota_revision_gestion":"","estado_id":"9","entidad":"Ciudad de México","municipio_id":"3","municipio":"Coyoacán","localidad_id":"1","localidad":"Coyoacán","calle_numero":"Héroes del 47","colonia":"Col. San Mateo Churubusco","cp":"4120.0","telefono":"55 5337 0230 ext. 819","pagina_web":"https://www.sogem.org/foro-rodolfo-usigli","email":"steatro2@sogem.org.mx","facebook":"","twitter":"","instagram":"","aforo":170,"tipo_escenario":"isabelino","num_pantallas":"","link_sic":"http://sic.gob.mx/ficha.php?table=teatro&table_id=486","fecha_modificacion":"2023-12-05 13:32:20-06","es_pilares":"NO","dataset_relacionado":"","revision_manual":"NO","motivo_revision":"","fuente":"Sistema de Información Cultural (SIC)"}},{"type":"Feature","geometry":{"type":"Point","coordinates":[-99.13892,19.35628]},"properties":{"id_cultural":"TEATRO_466","id_sic":"466","tipo_cultural":"TEATRO","nombre":"Teatro de las Artes","fecha_fundacion":"1994-11-24","adscripcion_original":"Secretaría de Cultura/Centro Nacional de las Artes (CENART)","tipo_gestion":"PUBLICO","criterio_clasificacion":"EVIDENCIA_INSTITUCIONAL_PUBLICA","fuente_revision_gestion":"","nota_revision_gestion":"","estado_id":"9","entidad":"Ciudad de México","municipio_id":"3","municipio":"Coyoacán","localidad_id":"1","localidad":"Coyoacán","calle_numero":"Av. Río Churubusco 79","colonia":"Col. Country Club","cp":"4220.0","telefono":"55 4155 0000 ext. 1273","pagina_web":"http://www.cenart.gob.mx/ubicaciones/teatro-de-las-artes/","email":"edelavega@cultura.gob.mx; vjuradol@cultura.gob.mx; aceballosr@cultura.gob.mx; juribec@cultra.gob.mx","facebook":"","twitter":"","instagram":"","aforo":565,"tipo_escenario":"italiano","num_pantallas":"","link_sic":"http://sic.gob.mx/ficha.php?table=teatro&table_id=466","fecha_modificacion":"2026-01-06 14:28:44-06","es_pilares":"NO","dataset_relacionado":"","revision_manual":"NO","motivo_revision":"","fuente":"Sistema de Información Cultural (SIC)"}},{"type":"Feature","geometry":{"type":"Point","coordinates":[-99.1873,19.33439]},"properties":{"id_cultural":"TEATRO_658","id_sic":"658","tipo_cultural":"TEATRO","nombre":"Aula Teatro Enrique Ruelas de la Facultad de Filosofía y Letras","fecha_fundacion":"1960-01-01","adscripcion_original":"UNAM/Colegio de Literatura Dramática y Teatro","tipo_gestion":"PUBLICO","criterio_clasificacion":"EVIDENCIA_INSTITUCIONAL_PUBLICA","fuente_revision_gestion":"","nota_revision_gestion":"","estado_id":"9","entidad":"Ciudad de México","municipio_id":"3","municipio":"Coyoacán","localidad_id":"1","localidad":"Coyoacán","calle_numero":"Circuito Interior s/n, edif.Adolfo Sánchez Vázquez","colonia":"Col. Ciudad Universitaria","cp":"4510.0","telefono":"55 5622 1884","pagina_web":"http://www.filos.unam.mx/LICENCIATURA/Teatro","email":"teatro@filos.unam.mx","facebook":"https://www.facebook.com/facultaddefilosofiayletras/","twitter":"filos_unam","instagram":"","aforo":50,"tipo_escenario":"","num_pantallas":"","link_sic":"http://sic.gob.mx/ficha.php?table=teatro&table_id=658","fecha_modificacion":"2021-09-29 07:41:26-05","es_pilares":"NO","dataset_relacionado":"","revision_manual":"NO","motivo_revision":"","fuente":"Sistema de Información Cultural (SIC)"}},{"type":"Feature","geometry":{"type":"Point","coordinates":[-99.14159,19.35626]},"properties":{"id_cultural":"TEATRO_471","id_sic":"471","tipo_cultural":"TEATRO","nombre":"Foro Experimental Black Box","fecha_fundacion":"1995-07-15","adscripcion_original":"Secretaría de Cultura /CENART/Escuela Nacional de Danza Clásica y Contemporánea","tipo_gestion":"PUBLICO","criterio_clasificacion":"EVIDENCIA_INSTITUCIONAL_PUBLICA","fuente_revision_gestion":"","nota_revision_gestion":"","estado_id":"9","entidad":"Ciudad de México","municipio_id":"3","municipio":"Coyoacán","localidad_id":"1","localidad":"Coyoacán","calle_numero":"Río Churubusco s/n esq. Calz. de Tlalpan","colonia":"Col. Country Club","cp":"4220.0","telefono":"55 4155 0000","pagina_web":"http://www.cenart.gob.mx/ubicaciones/foro-experimental-black-box/","email":"","facebook":"https://www.facebook.com/cenartmexico/","twitter":"","instagram":"","aforo":90,"tipo_escenario":"multimodal","num_pantallas":"","link_sic":"http://sic.gob.mx/ficha.php?table=teatro&table_id=471","fecha_modificacion":"2021-10-01 08:35:11-05","es_pilares":"NO","dataset_relacionado":"","revision_manual":"NO","motivo_revision":"","fuente":"Sistema de Información Cultural (SIC)"}},{"type":"Feature","geometry":{"type":"Point","coordinates":[-99.1642,19.35739]},"properties":{"id_cultural":"TEATRO_701","id_sic":"701","tipo_cultural":"TEATRO","nombre":"Teatro Bar El Vicio","fecha_fundacion":"2005-09-02","adscripcion_original":"","tipo_gestion":"NO_DETERMINADO","criterio_clasificacion":"SIN_ADSCRIPCION","fuente_revision_gestion":"","nota_revision_gestion":"","estado_id":"9","entidad":"Ciudad de México","municipio_id":"3","municipio":"Coyoacán","localidad_id":"1","localidad":"Coyoacán","calle_numero":"Madrid 13","colonia":"Col. Del Carmen","cp":"4000.0","telefono":"55 5659 1139","pagina_web":"http://www.elvicio.com.mx/","email":"","facebook":"https://www.facebook.com/teatrobarelvicio?fref=ts","twitter":"","instagram":"","aforo":0,"tipo_escenario":"italiano","num_pantallas":"","link_sic":"http://sic.gob.mx/ficha.php?table=teatro&table_id=701","fecha_modificacion":"2021-09-14 05:38:10-05","es_pilares":"NO","dataset_relacionado":"","revision_manual":"SI","motivo_revision":"No existe adscripción disponible para determinar el tipo de gestión.","fuente":"Sistema de Información Cultural (SIC)"}},{"type":"Feature","geometry":{"type":"Point","coordinates":[-99.1511,19.32275]},"properties":{"id_cultural":"TEATRO_679","id_sic":"679","tipo_cultural":"TEATRO","nombre":"Foro Enrique Alonso","fecha_fundacion":"1994-09-10","adscripcion_original":"Casa de Cultura Raúl Anguiano","tipo_gestion":"PUBLICO","criterio_clasificacion":"REVISION_EXTERNA","fuente_revision_gestion":"Alcaldía Coyoacán / SIC","nota_revision_gestion":"Recinto cultural registrado por la Alcaldía Coyoacán.","estado_id":"9","entidad":"Ciudad de México","municipio_id":"3","municipio":"Coyoacán","localidad_id":"1","localidad":"Coyoacán","calle_numero":"Rey Nezahualcóyotl esq. Yaquis s/n","colonia":"Col. Ajusco Huayamilpas","cp":"4300.0","telefono":"55 5617 9189","pagina_web":"http://cdmxtravel.com/es/lugares/casa-cultural-raul-anguiano.html","email":"casaculturalraulanguiano@hotmail.com","facebook":"","twitter":"","instagram":"","aforo":280,"tipo_escenario":"","num_pantallas":"","link_sic":"http://sic.gob.mx/ficha.php?table=teatro&table_id=679","fecha_modificacion":"2021-10-01 07:53:59-05","es_pilares":"NO","dataset_relacionado":"","revision_manual":"NO","motivo_revision":"","fuente":"Sistema de Información Cultural (SIC)"}},{"type":"Feature","geometry":{"type":"Point","coordinates":[-99.167,19.34944]},"properties":{"id_cultural":"TEATRO_963","id_sic":"963","tipo_cultural":"TEATRO","nombre":"Foro del Centro Cultural Los Talleres","fecha_fundacion":"1993-01-01","adscripcion_original":"","tipo_gestion":"NO_DETERMINADO","criterio_clasificacion":"SIN_ADSCRIPCION","fuente_revision_gestion":"","nota_revision_gestion":"","estado_id":"9","entidad":"Ciudad de México","municipio_id":"3","municipio":"Coyoacán","localidad_id":"1","localidad":"Coyoacán","calle_numero":"Francisco Sosa 29","colonia":"Del Carmen","cp":"4000.0","telefono":"55 5658 7288","pagina_web":"http://www.lostalleres.com.mx","email":"talleres@lostalleres.com.mx","facebook":"https://www.facebook.com/lostalleresoficial/","twitter":"lostalleres","instagram":"","aforo":60,"tipo_escenario":"italiano","num_pantallas":"","link_sic":"http://sic.gob.mx/ficha.php?table=teatro&table_id=963","fecha_modificacion":"2025-09-22 14:16:20-06","es_pilares":"NO","dataset_relacionado":"","revision_manual":"SI","motivo_revision":"No existe adscripción disponible para determinar el tipo de gestión.","fuente":"Sistema de Información Cultural (SIC)"}},{"type":"Feature","geometry":{"type":"Point","coordinates":[-99.18135,19.31109]},"properties":{"id_cultural":"TEATRO_485","id_sic":"485","tipo_cultural":"TEATRO","nombre":"Teatro Dr. Jorge Flores Valdés","fecha_fundacion":"1992-12-12","adscripcion_original":"UNAM/Centro Cultural Universitario/Museo de las Ciencias Universum","tipo_gestion":"PUBLICO","criterio_clasificacion":"EVIDENCIA_INSTITUCIONAL_PUBLICA","fuente_revision_gestion":"","nota_revision_gestion":"","estado_id":"9","entidad":"Ciudad de México","municipio_id":"3","municipio":"Coyoacán","localidad_id":"1","localidad":"Coyoacán","calle_numero":"Circuito Mario de la Cueva s/n","colonia":"Ciudad Universitaria","cp":"4510.0","telefono":"55 5622 7260, 55 5622 7287","pagina_web":"http://www.universum.unam.mx","email":"centrotelefonico@dgdc.unam.mx","facebook":"","twitter":"","instagram":"","aforo":232,"tipo_escenario":"italiano","num_pantallas":"","link_sic":"http://sic.gob.mx/ficha.php?table=teatro&table_id=485","fecha_modificacion":"2023-10-19 08:42:14-06","es_pilares":"NO","dataset_relacionado":"","revision_manual":"NO","motivo_revision":"","fuente":"Sistema de Información Cultural (SIC)"}},{"type":"Feature","geometry":{"type":"Point","coordinates":[-99.15991,19.34688]},"properties":{"id_cultural":"TEATRO_492","id_sic":"492","tipo_cultural":"TEATRO","nombre":"Foro Casa del Teatro","fecha_fundacion":"1991-03-18","adscripcion_original":"La Casa del Teatro, A.C.","tipo_gestion":"PRIVADO","criterio_clasificacion":"EVIDENCIA_INSTITUCIONAL_PRIVADA","fuente_revision_gestion":"","nota_revision_gestion":"","estado_id":"9","entidad":"Ciudad de México","municipio_id":"3","municipio":"Coyoacán","localidad_id":"1","localidad":"Coyoacán","calle_numero":"Vallarta 31-A, Plaza de la Conchita","colonia":"Col. La Concepción","cp":"4020.0","telefono":"55 5659 4238","pagina_web":"https://www.casadelteatro.com.mx/","email":"casadelteatrocoordinacion@gmail.com; foros.tallereslacasadelteatro@gmail.com","facebook":"https://es-la.facebook.com/LaCasadelTeatro/","twitter":"","instagram":"","aforo":50,"tipo_escenario":"italiano","num_pantallas":"","link_sic":"http://sic.gob.mx/ficha.php?table=teatro&table_id=492","fecha_modificacion":"2022-01-21 13:19:31-06","es_pilares":"NO","dataset_relacionado":"","revision_manual":"NO","motivo_revision":"","fuente":"Sistema de Información Cultural (SIC)"}},{"type":"Feature","geometry":{"type":"Point","coordinates":[-99.14311,19.35634]},"properties":{"id_cultural":"TEATRO_344","id_sic":"344","tipo_cultural":"TEATRO","nombre":"Teatro Salvador Novo","fecha_fundacion":"1995-08-24","adscripcion_original":"Secretaría de Cultura/Centro Nacional de las Artes (CENART)","tipo_gestion":"PUBLICO","criterio_clasificacion":"EVIDENCIA_INSTITUCIONAL_PUBLICA","fuente_revision_gestion":"","nota_revision_gestion":"","estado_id":"9","entidad":"Ciudad de México","municipio_id":"3","municipio":"Coyoacán","localidad_id":"1","localidad":"Coyoacán","calle_numero":"Río Churubusco 79 esq. Calz. de Tlalpan","colonia":"Col. Country Club","cp":"4220.0","telefono":"55 4155 0000 exts. 1008, 1321, 1322","pagina_web":"https://www.cenart.gob.mx/espacios-escenicos/","email":"abriz@cultura.gob.mx; vjuradol@cultura.gob.mx; aceballosr@cultura.gob.mx; juribec@cultra.gob.mx","facebook":"https://www.facebook.com/pages/Teatro-Salvador-Novo/201291023323743?locale=es_LA","twitter":"","instagram":"https://www.instagram.com/explore/locations/289469484/teatro-salvador-novo-cna/","aforo":270,"tipo_escenario":"italiano","num_pantallas":"","link_sic":"http://sic.gob.mx/ficha.php?table=teatro&table_id=344","fecha_modificacion":"2026-01-06 14:28:41-06","es_pilares":"NO","dataset_relacionado":"","revision_manual":"NO","motivo_revision":"","fuente":"Sistema de Información Cultural (SIC)"}},{"type":"Feature","geometry":{"type":"Point","coordinates":[-99.16194,19.35021]},"properties":{"id_cultural":"TEATRO_1034","id_sic":"1034","tipo_cultural":"TEATRO","nombre":"Teatro Lola Cueto","fecha_fundacion":"1000-01-01","adscripcion_original":"","tipo_gestion":"NO_DETERMINADO","criterio_clasificacion":"SIN_ADSCRIPCION","fuente_revision_gestion":"","nota_revision_gestion":"","estado_id":"9","entidad":"Ciudad de México","municipio_id":"3","municipio":"Coyoacán","localidad_id":"1","localidad":"Coyoacán","calle_numero":"Av. Francisco Sosa 298","colonia":"Barrio de Santa Catarina","cp":"4010.0","telefono":"55 3051 0601","pagina_web":"","email":"teatrodelamateria@gmail.com","facebook":"https://www.facebook.com/pages/Teatro%20Lola%20Cueto/2087192818220667/","twitter":"teatrololacueto298","instagram":"https://www.instagram.com/teatrololacueto298/?hl=es","aforo":35,"tipo_escenario":"Italiano","num_pantallas":"","link_sic":"http://sic.gob.mx/ficha.php?table=teatro&table_id=1034","fecha_modificacion":"2026-01-05 14:40:19-06","es_pilares":"NO","dataset_relacionado":"","revision_manual":"SI","motivo_revision":"No existe adscripción disponible para determinar el tipo de gestión.","fuente":"Sistema de Información Cultural (SIC)"}},{"type":"Feature","geometry":{"type":"Point","coordinates":[-99.18038,19.32198]},"properties":{"id_cultural":"TEATRO_532","id_sic":"532","tipo_cultural":"TEATRO","nombre":"Teatro Juan Ruiz de Alarcón","fecha_fundacion":"1979-02-26","adscripcion_original":"UNAM/Centro Cultural Universitario","tipo_gestion":"PUBLICO","criterio_clasificacion":"EVIDENCIA_INSTITUCIONAL_PUBLICA","fuente_revision_gestion":"","nota_revision_gestion":"","estado_id":"9","entidad":"Ciudad de México","municipio_id":"3","municipio":"Coyoacán","localidad_id":"1","localidad":"Coyoacán","calle_numero":"Av. Insurgentes Sur 3000","colonia":"Cd. Universitaria","cp":"4510.0","telefono":"55 5665 6956","pagina_web":"","email":"contactoteatrounam@gmail.com","facebook":"","twitter":"","instagram":"","aforo":417,"tipo_escenario":"italiano","num_pantallas":"","link_sic":"http://sic.gob.mx/ficha.php?table=teatro&table_id=532","fecha_modificacion":"2023-12-05 12:59:31-06","es_pilares":"NO","dataset_relacionado":"","revision_manual":"NO","motivo_revision":"","fuente":"Sistema de Información Cultural (SIC)"}},{"type":"Feature","geometry":{"type":"Point","coordinates":[-99.15029,19.35094]},"properties":{"id_cultural":"TEATRO_331","id_sic":"331","tipo_cultural":"TEATRO","nombre":"Teatro Enrique Lizalde","fecha_fundacion":"1963-10-23","adscripcion_original":"Sociedad General de Escritores de México (SOGEM)/Centro Cultural José María Fernández Unsaín","tipo_gestion":"PRIVADO","criterio_clasificacion":"REVISION_MANUAL","fuente_revision_gestion":"","nota_revision_gestion":"","estado_id":"9","entidad":"Ciudad de México","municipio_id":"3","municipio":"Coyoacán","localidad_id":"1","localidad":"Coyoacán","calle_numero":"Eleuterio Méndez 11 y Héroes del 47","colonia":"Col. Churubusco Coyoacán","cp":"4120.0","telefono":"55 5337 0230  ext.819","pagina_web":"https://www.sogem.org/enrique-lizalde","email":"contacto@sogem.org; jgutierrez@sogem.org.mx","facebook":"https://www.facebook.com/TeatroEnriqueLizalde","twitter":"","instagram":"","aforo":160,"tipo_escenario":"italiano","num_pantallas":"","link_sic":"http://sic.gob.mx/ficha.php?table=teatro&table_id=331","fecha_modificacion":"2023-10-25 06:57:29-06","es_pilares":"NO","dataset_relacionado":"","revision_manual":"NO","motivo_revision":"","fuente":"Sistema de Información Cultural (SIC)"}},{"type":"Feature","geometry":{"type":"Point","coordinates":[-99.15288,19.35606]},"properties":{"id_cultural":"TEATRO_493","id_sic":"493","tipo_cultural":"TEATRO","nombre":"Teatro Ramiro Jiménez","fecha_fundacion":"1996-06-19","adscripcion_original":"Particular","tipo_gestion":"PRIVADO","criterio_clasificacion":"CLASIFICACION_EXPLICITA","fuente_revision_gestion":"","nota_revision_gestion":"","estado_id":"9","entidad":"Ciudad de México","municipio_id":"3","municipio":"Coyoacán","localidad_id":"1","localidad":"Coyoacán","calle_numero":"Av. División del Norte 2545","colonia":"Col. Del Carmen Coyoacán","cp":"4100.0","telefono":"55 5688 5340","pagina_web":"http://carteleradeteatro.mx/teatro/sur/teatro-ramiro-jimenez/","email":"contacto@teatroramirojimenez.com","facebook":"https://www.facebook.com/Teatro-Ramiro-Jim%C3%A9nez-553350894718865/","twitter":"","instagram":"","aforo":655,"tipo_escenario":"italiano","num_pantallas":"","link_sic":"http://sic.gob.mx/ficha.php?table=teatro&table_id=493","fecha_modificacion":"2020-02-28 11:32:26-06","es_pilares":"NO","dataset_relacionado":"","revision_manual":"NO","motivo_revision":"","fuente":"Sistema de Información Cultural (SIC)"}},{"type":"Feature","geometry":{"type":"Point","coordinates":[-99.1626,19.3441]},"properties":{"id_cultural":"TEATRO_461","id_sic":"461","tipo_cultural":"TEATRO","nombre":"Teatro Rafael Solana","fecha_fundacion":"1992-11-23","adscripcion_original":"Centro  Social Veracruzano, A.C.","tipo_gestion":"PRIVADO","criterio_clasificacion":"EVIDENCIA_INSTITUCIONAL_PRIVADA","fuente_revision_gestion":"","nota_revision_gestion":"","estado_id":"9","entidad":"Ciudad de México","municipio_id":"3","municipio":"Coyoacán","localidad_id":"1","localidad":"Coyoacán","calle_numero":"Miguel Ángel de Quevedo 687","colonia":"Barrio del Cuadrante de San Francisco","cp":"4320.0","telefono":"55 5554 1633","pagina_web":"","email":"jarochos@prodigy.nett.mx","facebook":"https://www.facebook.com/TeatroRafaelSolanaMx/?locale=es_LA","twitter":"TeatroRafaelSolanaMx","instagram":"","aforo":289,"tipo_escenario":"italiano","num_pantallas":"","link_sic":"http://sic.gob.mx/ficha.php?table=teatro&table_id=461","fecha_modificacion":"2023-11-21 05:11:20-06","es_pilares":"NO","dataset_relacionado":"","revision_manual":"NO","motivo_revision":"","fuente":"Sistema de Información Cultural (SIC)"}},{"type":"Feature","geometry":{"type":"Point","coordinates":[-99.15792,19.34544]},"properties":{"id_cultural":"TEATRO_555","id_sic":"555","tipo_cultural":"TEATRO","nombre":"Foro Cultural Ana María Hernández","fecha_fundacion":"1985-01-01","adscripcion_original":"Centro de Capacitación y Oficinas de Desarrollo Social/Secretaría de Cultural del D.F.","tipo_gestion":"PUBLICO","criterio_clasificacion":"EVIDENCIA_INSTITUCIONAL_PUBLICA","fuente_revision_gestion":"","nota_revision_gestion":"","estado_id":"9","entidad":"Ciudad de México","municipio_id":"3","municipio":"Coyoacán","localidad_id":"1","localidad":"Coyoacán","calle_numero":"Av. Pacífico 181","colonia":"Barrio La Concepción","cp":"4020.0","telefono":"55 5658 9744","pagina_web":"","email":"foro.anamaria.cultura.coyoacan@gmail.com","facebook":"https://es-la.facebook.com/forocultiralanamariahdez/","twitter":"","instagram":"","aforo":239,"tipo_escenario":"","num_pantallas":"","link_sic":"http://sic.gob.mx/ficha.php?table=teatro&table_id=555","fecha_modificacion":"2026-01-13 11:33:24-06","es_pilares":"NO","dataset_relacionado":"","revision_manual":"NO","motivo_revision":"","fuente":"Sistema de Información Cultural (SIC)"}},{"type":"Feature","geometry":{"type":"Point","coordinates":[-99.10258,19.32313]},"properties":{"id_cultural":"TEATRO_432","id_sic":"432","tipo_cultural":"TEATRO","nombre":"Teatro Carlos Ancira","fecha_fundacion":"1986-04-01","adscripcion_original":"Alcaldía Coyoacán/Casa de la Cultura Ricardo Flores Magón","tipo_gestion":"PUBLICO","criterio_clasificacion":"EVIDENCIA_INSTITUCIONAL_PUBLICA","fuente_revision_gestion":"","nota_revision_gestion":"","estado_id":"9","entidad":"Ciudad de México","municipio_id":"3","municipio":"Coyoacán","localidad_id":"1","localidad":"Coyoacán","calle_numero":"Calz. de la Virgen esq. Canal Nacional","colonia":"Col. Carmen Serdán","cp":"4910.0","telefono":"55 5607 0888","pagina_web":"https://carteleradeteatro.mx/teatro/sur/teatro-carlos-ancira/","email":"casadelacultura.floresmagon@gmail.com","facebook":"https://www.facebook.com/culturacoyoacan","twitter":"","instagram":"","aforo":307,"tipo_escenario":"italiano","num_pantallas":"","link_sic":"http://sic.gob.mx/ficha.php?table=teatro&table_id=432","fecha_modificacion":"2025-11-11 11:50:53-06","es_pilares":"NO","dataset_relacionado":"","revision_manual":"NO","motivo_revision":"","fuente":"Sistema de Información Cultural (SIC)"}},{"type":"Feature","geometry":{"type":"Point","coordinates":[-99.18713,19.33072]},"properties":{"id_cultural":"TEATRO_482","id_sic":"482","tipo_cultural":"TEATRO","nombre":"Teatro Carlos Lazo","fecha_fundacion":"1960-01-01","adscripcion_original":"UNAM/Facultad de Arquitectura","tipo_gestion":"PUBLICO","criterio_clasificacion":"EVIDENCIA_INSTITUCIONAL_PUBLICA","fuente_revision_gestion":"","nota_revision_gestion":"","estado_id":"9","entidad":"Ciudad de México","municipio_id":"3","municipio":"Coyoacán","localidad_id":"1","localidad":"Coyoacán","calle_numero":"Circuito Escolar s/n, Int. Fac. de Arquitectura","colonia":"Cd. Universitaria","cp":"4510.0","telefono":"55 5616 0545","pagina_web":"","email":"","facebook":"","twitter":"","instagram":"","aforo":422,"tipo_escenario":"italiano","num_pantallas":"","link_sic":"http://sic.gob.mx/ficha.php?table=teatro&table_id=482","fecha_modificacion":"2023-02-24 07:05:40-06","es_pilares":"NO","dataset_relacionado":"","revision_manual":"NO","motivo_revision":"","fuente":"Sistema de Información Cultural (SIC)"}},{"type":"Feature","geometry":{"type":"Point","coordinates":[-99.16206,19.35065]},"properties":{"id_cultural":"TEATRO_247","id_sic":"247","tipo_cultural":"TEATRO","nombre":"Foro Cultural Coyoacanense Hugo Argüelles","fecha_fundacion":"1977-10-13","adscripcion_original":"Gobierno de la ciudad de México/Alcaldía Coyoacán","tipo_gestion":"PUBLICO","criterio_clasificacion":"EVIDENCIA_INSTITUCIONAL_PUBLICA","fuente_revision_gestion":"","nota_revision_gestion":"","estado_id":"9","entidad":"Ciudad de México","municipio_id":"3","municipio":"Coyoacán","localidad_id":"1","localidad":"Coyoacán","calle_numero":"Ignacio Allende 36","colonia":"Col. Del Carmen","cp":"4100.0","telefono":"55 5554 0738","pagina_web":"https://coyoacan.cdmx.gob.mx/mapas/ForosCasasDeCultura/indexforocultural.php","email":"forocoyoacanense@gmail.com","facebook":"https://www.facebook.com/foroculturalcoyoacanense/?locale=es_LA","twitter":"","instagram":"https://www.instagram.com/foro_cultural_coyoacanense/","aforo":216,"tipo_escenario":"italiano","num_pantallas":"","link_sic":"http://sic.gob.mx/ficha.php?table=teatro&table_id=247","fecha_modificacion":"2026-06-03 13:08:54-06","es_pilares":"NO","dataset_relacionado":"","revision_manual":"NO","motivo_revision":"","fuente":"Sistema de Información Cultural (SIC)"}},{"type":"Feature","geometry":{"type":"Point","coordinates":[-99.14267,19.35626]},"properties":{"id_cultural":"TEATRO_469","id_sic":"469","tipo_cultural":"TEATRO","nombre":"Teatro Raúl Flores Canelo","fecha_fundacion":"1995-07-15","adscripcion_original":"Secretaría de Cultura/Centro Nacional de las Artes (CENART)","tipo_gestion":"PUBLICO","criterio_clasificacion":"EVIDENCIA_INSTITUCIONAL_PUBLICA","fuente_revision_gestion":"","nota_revision_gestion":"","estado_id":"9","entidad":"Ciudad de México","municipio_id":"3","municipio":"Coyoacán","localidad_id":"1","localidad":"Coyoacán","calle_numero":"Río Churubusco 79 esq. Calz. de Tlalpan","colonia":"Col. Country Club","cp":"4220.0","telefono":"55 4155 0000 exts. 1508, 1513","pagina_web":"http://www.cenart.gob.mx","email":"vjuradol@cultura.gob.mx; aceballosr@cultura.gob.mx; juribec@cultra.gob.mx","facebook":"https://www.facebook.com/pages/Teatro-Ra%C3%BAl-Flores-Canelo/1434228000157234?locale=es_LA","twitter":"","instagram":"https://www.instagram.com/explore/locations/306786340/teatro-raul-flores-canelo/","aforo":336,"tipo_escenario":"italiano","num_pantallas":"","link_sic":"http://sic.gob.mx/ficha.php?table=teatro&table_id=469","fecha_modificacion":"2026-01-06 14:28:52-06","es_pilares":"NO","dataset_relacionado":"","revision_manual":"NO","motivo_revision":"","fuente":"Sistema de Información Cultural (SIC)"}},{"type":"Feature","geometry":{"type":"Point","coordinates":[-99.18706,19.33452]},"properties":{"id_cultural":"TEATRO_1035","id_sic":"1035","tipo_cultural":"TEATRO","nombre":"Foro Experimental José Luis Ibáñez","fecha_fundacion":"2016-09-21","adscripcion_original":"UNAM/Facultad de Filosofía y Letras/Colegio de Literatura Dramática y Teatro","tipo_gestion":"PUBLICO","criterio_clasificacion":"EVIDENCIA_INSTITUCIONAL_PUBLICA","fuente_revision_gestion":"","nota_revision_gestion":"","estado_id":"9","entidad":"Ciudad de México","municipio_id":"3","municipio":"Coyoacán","localidad_id":"1","localidad":"Coyoacán","calle_numero":"Facultad de Filosofía y Letras, Circuito Interior s/n","colonia":"Ciudad Universitaria","cp":"4510.0","telefono":"55508013, 56221868","pagina_web":"https://www.filos.unam.mx/extension/foro-experimental-jose-luis-ibanez/","email":"extensionacademica@filos.unam.mx","facebook":"https://www.facebook.com/facultaddefilosofiayletras","twitter":"","instagram":"","aforo":0,"tipo_escenario":"","num_pantallas":"","link_sic":"http://sic.gob.mx/ficha.php?table=teatro&table_id=1035","fecha_modificacion":"2024-04-05 13:20:14-06","es_pilares":"NO","dataset_relacionado":"","revision_manual":"NO","motivo_revision":"","fuente":"Sistema de Información Cultural (SIC)"}},{"type":"Feature","geometry":{"type":"Point","coordinates":[-99.14323,19.35634]},"properties":{"id_cultural":"TEATRO_470","id_sic":"470","tipo_cultural":"TEATRO","nombre":"Foro Antonio López Mancera","fecha_fundacion":"1995-08-17","adscripcion_original":"Secretaría de Cultura/Centro Nacional de las Artes (CENART)/Escuela Nacional de Arte Teatral","tipo_gestion":"PUBLICO","criterio_clasificacion":"EVIDENCIA_INSTITUCIONAL_PUBLICA","fuente_revision_gestion":"","nota_revision_gestion":"","estado_id":"9","entidad":"Ciudad de México","municipio_id":"3","municipio":"Coyoacán","localidad_id":"1","localidad":"Coyoacán","calle_numero":"Río Churubusco s/n esq. Calz. de Tlalpan","colonia":"Col. Country Club","cp":"4200.0","telefono":"55 4155 0000 ext. 1008","pagina_web":"http://www.cenart.gob.mx/ubicaciones/foro-antonio-lopez-mancera/","email":"abriz@cultura.gob.mx; vjuradol@cultura.gob.mx; aceballosr@cultura.gob.mx; juribec@cultra.gob.mx","facebook":"","twitter":"","instagram":"","aforo":72,"tipo_escenario":"multimodal","num_pantallas":"","link_sic":"http://sic.gob.mx/ficha.php?table=teatro&table_id=470","fecha_modificacion":"2026-01-06 14:28:48-06","es_pilares":"NO","dataset_relacionado":"","revision_manual":"NO","motivo_revision":"","fuente":"Sistema de Información Cultural (SIC)"}},{"type":"Feature","geometry":{"type":"Point","coordinates":[-99.13703,19.35389]},"properties":{"id_cultural":"TEATRO_468","id_sic":"468","tipo_cultural":"TEATRO","nombre":"Foro de las Artes","fecha_fundacion":"2000-11-14","adscripcion_original":"Secretaría de Cultura /CENART","tipo_gestion":"PUBLICO","criterio_clasificacion":"EVIDENCIA_INSTITUCIONAL_PUBLICA","fuente_revision_gestion":"","nota_revision_gestion":"","estado_id":"9","entidad":"Ciudad de México","municipio_id":"3","municipio":"Coyoacán","localidad_id":"1","localidad":"Coyoacán","calle_numero":"Río Churubusco 79 esq. Calz. de Tlalpan","colonia":"Col. Country Club","cp":"4220.0","telefono":"55 4155 0000 ext. 1008","pagina_web":"http://www.cenart.gob.mx/ubicaciones/foro-de-las-artes/","email":"","facebook":"","twitter":"","instagram":"","aforo":96,"tipo_escenario":"multimodal","num_pantallas":"","link_sic":"http://sic.gob.mx/ficha.php?table=teatro&table_id=468","fecha_modificacion":"2021-10-01 07:02:17-05","es_pilares":"NO","dataset_relacionado":"","revision_manual":"NO","motivo_revision":"","fuente":"Sistema de Información Cultural (SIC)"}},{"type":"Feature","geometry":{"type":"Point","coordinates":[-99.29972,19.35735]},"properties":{"id_cultural":"TEATRO_1054","id_sic":"1054","tipo_cultural":"TEATRO","nombre":"Teatro Morelos","fecha_fundacion":"2015-01-01","adscripcion_original":"Alcaldía Cuajimalpa de Morelos/Subdirección de Derechos Culturales","tipo_gestion":"PUBLICO","criterio_clasificacion":"EVIDENCIA_INSTITUCIONAL_PUBLICA","fuente_revision_gestion":"","nota_revision_gestion":"","estado_id":"9","entidad":"Ciudad de México","municipio_id":"4","municipio":"Cuajimalpa de Morelos","localidad_id":"1","localidad":"Cuajimalpa de Morelos","calle_numero":"Av. Juárez s/n, esq. Av. México","colonia":"Cuajimalpa","cp":"5000.0","telefono":"55 5814 1150","pagina_web":"","email":"sdc@cuajimalpacdmx.gob.mx","facebook":"https://www.facebook.com/photo/?fbid=122141104640538864&set=a.122108741000538864","twitter":"","instagram":"","aforo":400,"tipo_escenario":"","num_pantallas":"","link_sic":"http://sic.gob.mx/ficha.php?table=teatro&table_id=1054","fecha_modificacion":"2025-03-27 13:44:12-06","es_pilares":"NO","dataset_relacionado":"","revision_manual":"NO","motivo_revision":"","fuente":"Sistema de Información Cultural (SIC)"}},{"type":"Feature","geometry":{"type":"Point","coordinates":[-99.27323,19.35532]},"properties":{"id_cultural":"TEATRO_994","id_sic":"994","tipo_cultural":"TEATRO","nombre":"Anfiteatro La Mexicana","fecha_fundacion":"2018-11-25","adscripcion_original":"Gobierno de la Ciudad de México","tipo_gestion":"PUBLICO","criterio_clasificacion":"EVIDENCIA_INSTITUCIONAL_PUBLICA","fuente_revision_gestion":"","nota_revision_gestion":"","estado_id":"9","entidad":"Ciudad de México","municipio_id":"4","municipio":"Cuajimalpa de Morelos","localidad_id":"1","localidad":"Cuajimalpa de Morelos","calle_numero":"Av. Luis Barragán 505","colonia":"Col. Santa Fe","cp":"5348.0","telefono":"","pagina_web":"https://parquelamexicana.mx/","email":"info@parquelamexicana.mx","facebook":"https://www.facebook.com/parquelamexicanaoficial","twitter":"https://x.com/mexicanaparque","instagram":"https://www.instagram.com/parquelamexicana_oficial/?hl=es","aforo":600,"tipo_escenario":"Irregular","num_pantallas":"","link_sic":"http://sic.gob.mx/ficha.php?table=teatro&table_id=994","fecha_modificacion":"2025-06-06 14:20:27-06","es_pilares":"NO","dataset_relacionado":"","revision_manual":"NO","motivo_revision":"","fuente":"Sistema de Información Cultural (SIC)"}},{"type":"Feature","geometry":{"type":"Point","coordinates":[-99.0793,19.4613]},"properties":{"id_cultural":"TEATRO_402","id_sic":"402","tipo_cultural":"TEATRO","nombre":"Teatro al Aire Libre Tío Gamboín","fecha_fundacion":"1972-12-01","adscripcion_original":"Gobierno de la Ciudad de México/Secretaría del Medio Ambiente/Centro de Convivencia Infantil","tipo_gestion":"PUBLICO","criterio_clasificacion":"EVIDENCIA_INSTITUCIONAL_PUBLICA","fuente_revision_gestion":"","nota_revision_gestion":"","estado_id":"9","entidad":"Ciudad de México","municipio_id":"5","municipio":"Gustavo A. Madero","localidad_id":"1","localidad":"Gustavo A. Madero","calle_numero":"Av. Loreto Fabela s/n, Bosque de San Juan de Aragón","colonia":"","cp":"7920.0","telefono":"55 5100 2829 ext. 109","pagina_web":"https://www.sedema.cdmx.gob.mx","email":"bosquearagon@hotmail.com","facebook":"","twitter":"","instagram":"","aforo":1500,"tipo_escenario":"isabelino","num_pantallas":"","link_sic":"http://sic.gob.mx/ficha.php?table=teatro&table_id=402","fecha_modificacion":"2023-12-06 07:36:37-06","es_pilares":"NO","dataset_relacionado":"","revision_manual":"NO","motivo_revision":"","fuente":"Sistema de Información Cultural (SIC)"}},{"type":"Feature","geometry":{"type":"Point","coordinates":[-99.12801,19.49283]},"properties":{"id_cultural":"TEATRO_439","id_sic":"439","tipo_cultural":"TEATRO","nombre":"Teatro Francisco Fuentes Madaleno","fecha_fundacion":"1952-01-01","adscripcion_original":"Gobierno de la Ciudad de México/Alcaldía Gustavo A. Madero","tipo_gestion":"PUBLICO","criterio_clasificacion":"EVIDENCIA_INSTITUCIONAL_PUBLICA","fuente_revision_gestion":"","nota_revision_gestion":"","estado_id":"9","entidad":"Ciudad de México","municipio_id":"5","municipio":"Gustavo A. Madero","localidad_id":"1","localidad":"Gustavo A. Madero","calle_numero":"Av. Lindavista s/n entre Matanzas y Lima, Parque Deportivo Miguel Alemán","colonia":"Col. Lindavista","cp":"7300.0","telefono":"55 5119 5364","pagina_web":"https://www.gamadero.cdmx.gob.mx","email":"","facebook":"","twitter":"","instagram":"","aforo":250,"tipo_escenario":"italiano","num_pantallas":"","link_sic":"http://sic.gob.mx/ficha.php?table=teatro&table_id=439","fecha_modificacion":"2023-12-06 08:32:06-06","es_pilares":"NO","dataset_relacionado":"","revision_manual":"NO","motivo_revision":"","fuente":"Sistema de Información Cultural (SIC)"}},{"type":"Feature","geometry":{"type":"Point","coordinates":[-99.09733,19.47848]},"properties":{"id_cultural":"TEATRO_199","id_sic":"199","tipo_cultural":"TEATRO","nombre":"Teatro Morelos IMSS","fecha_fundacion":"1962-02-23","adscripcion_original":"Instituto Mexicano del Seguro Social (IMSS)","tipo_gestion":"PUBLICO","criterio_clasificacion":"EVIDENCIA_INSTITUCIONAL_PUBLICA","fuente_revision_gestion":"","nota_revision_gestion":"","estado_id":"9","entidad":"Ciudad de México","municipio_id":"5","municipio":"Gustavo A. Madero","localidad_id":"1","localidad":"Gustavo A. Madero","calle_numero":"Av. San Juan de Aragón 311 esq. Eduardo Molina","colonia":"Col. San Pedro El Chico","cp":"7480.0","telefono":"55 5781 4390","pagina_web":"https://teatrodelanacion.com.mx/teatros/teatro-morelos/","email":"teatros.metropolitanos@fidteatros.com.mx","facebook":"","twitter":"","instagram":"","aforo":412,"tipo_escenario":"italiano","num_pantallas":"","link_sic":"http://sic.gob.mx/ficha.php?table=teatro&table_id=199","fecha_modificacion":"2023-12-05 13:48:50-06","es_pilares":"NO","dataset_relacionado":"","revision_manual":"NO","motivo_revision":"","fuente":"Sistema de Información Cultural (SIC)"}},{"type":"Feature","geometry":{"type":"Point","coordinates":[-99.11692,19.48911]},"properties":{"id_cultural":"TEATRO_685","id_sic":"685","tipo_cultural":"TEATRO","nombre":"Sala de Conciertos Tepecuicatl","fecha_fundacion":"1993-03-17","adscripcion_original":"Alcaldía Gustavo A. Madero/Subdirección de Promoción y Difusión Cultural","tipo_gestion":"PUBLICO","criterio_clasificacion":"EVIDENCIA_INSTITUCIONAL_PUBLICA","fuente_revision_gestion":"","nota_revision_gestion":"","estado_id":"9","entidad":"Ciudad de México","municipio_id":"5","municipio":"Gustavo A. Madero","localidad_id":"1","localidad":"Gustavo A. Madero","calle_numero":"Av. Cantera 12 esq. Misterios","colonia":"Barrio Rosas del Tepeyac","cp":"7010.0","telefono":"55 5748 0949, 55 4291 8699","pagina_web":"","email":"gam.spdc@gmail.com","facebook":"https://www.facebook.com/profile.php?id=100067120839643","twitter":"","instagram":"","aforo":0,"tipo_escenario":"","num_pantallas":"","link_sic":"http://sic.gob.mx/ficha.php?table=teatro&table_id=685","fecha_modificacion":"2024-03-15 07:12:19-06","es_pilares":"NO","dataset_relacionado":"","revision_manual":"NO","motivo_revision":"","fuente":"Sistema de Información Cultural (SIC)"}},{"type":"Feature","geometry":{"type":"Point","coordinates":[-99.08091,19.49541]},"properties":{"id_cultural":"TEATRO_440","id_sic":"440","tipo_cultural":"TEATRO","nombre":"Teatro al Aire Libre Carlos Colorado","fecha_fundacion":"1984-01-01","adscripcion_original":"Gobierno de la Ciudad de México/Alcaldía Gustavo A. Madero","tipo_gestion":"PUBLICO","criterio_clasificacion":"EVIDENCIA_INSTITUCIONAL_PUBLICA","fuente_revision_gestion":"","nota_revision_gestion":"","estado_id":"9","entidad":"Ciudad de México","municipio_id":"5","municipio":"Gustavo A. Madero","localidad_id":"1","localidad":"Gustavo A. Madero","calle_numero":"Av. Ejido esq. Benito Juárez","colonia":"Col. 25 de Julio","cp":"7520.0","telefono":"55 5118 2800 ext. 7201","pagina_web":"http://www.gamadero.gob.mx","email":"carloscolorado.gam@gmail.com","facebook":"https://www.facebook.com/profile.php?id=100064949131330","twitter":"","instagram":"","aforo":1000,"tipo_escenario":"Cuadrado Frontal","num_pantallas":"","link_sic":"http://sic.gob.mx/ficha.php?table=teatro&table_id=440","fecha_modificacion":"2023-12-06 06:18:47-06","es_pilares":"NO","dataset_relacionado":"","revision_manual":"NO","motivo_revision":"","fuente":"Sistema de Información Cultural (SIC)"}},{"type":"Feature","geometry":{"type":"Point","coordinates":[-99.12127,19.47342]},"properties":{"id_cultural":"TEATRO_252","id_sic":"252","tipo_cultural":"TEATRO","nombre":"Teatro Tepeyac Carmen Montejo","fecha_fundacion":"1960-06-01","adscripcion_original":"Instituto Mexicano del Seguro Social (IMSS)","tipo_gestion":"PUBLICO","criterio_clasificacion":"EVIDENCIA_INSTITUCIONAL_PUBLICA","fuente_revision_gestion":"","nota_revision_gestion":"","estado_id":"9","entidad":"Ciudad de México","municipio_id":"5","municipio":"Gustavo A. Madero","localidad_id":"1","localidad":"Gustavo A. Madero","calle_numero":"Calz. de Guadalupe 497","colonia":"Col. Estrella","cp":"7810.0","telefono":"55 5517 6560","pagina_web":"https://teatrodelanacion.com.mx/teatros/teatro-tepeyac/","email":"magaly.gayosso@imss.gob.mx","facebook":"https://www.facebook.com/TeatroTepeyacOficial","twitter":"","instagram":"","aforo":688,"tipo_escenario":"italiano con escenario giratorio","num_pantallas":"","link_sic":"http://sic.gob.mx/ficha.php?table=teatro&table_id=252","fecha_modificacion":"2023-12-06 09:07:33-06","es_pilares":"NO","dataset_relacionado":"","revision_manual":"NO","motivo_revision":"","fuente":"Sistema de Información Cultural (SIC)"}},{"type":"Feature","geometry":{"type":"Point","coordinates":[-99.11116,19.36668]},"properties":{"id_cultural":"TEATRO_728","id_sic":"728","tipo_cultural":"TEATRO","nombre":"Teatro del Centro Cultural Fausto Vega","fecha_fundacion":"2014-03-09","adscripcion_original":"Alcaldía Iztapalapa/Dirección Ejecutiva de Cultura","tipo_gestion":"PUBLICO","criterio_clasificacion":"EVIDENCIA_INSTITUCIONAL_PUBLICA","fuente_revision_gestion":"","nota_revision_gestion":"","estado_id":"9","entidad":"Ciudad de México","municipio_id":"7","municipio":"Iztapalapa","localidad_id":"1","localidad":"Iztapalapa","calle_numero":"Alfonso del Toro s/n","colonia":"Col. Escuadrón 201","cp":"9000.0","telefono":"55 4528 2551","pagina_web":"https://carteleradeteatro.mx/teatro/teatro-del-centro-cultural-fausto-vega/","email":"fidel.sandoval70@gmail.com; promocionculturaliztapalapa@gmail.com","facebook":"","twitter":"","instagram":"","aforo":1164,"tipo_escenario":"Italiano","num_pantallas":"","link_sic":"http://sic.gob.mx/ficha.php?table=teatro&table_id=728","fecha_modificacion":"2021-10-21 09:26:08-05","es_pilares":"NO","dataset_relacionado":"","revision_manual":"NO","motivo_revision":"","fuente":"Sistema de Información Cultural (SIC)"}},{"type":"Feature","geometry":{"type":"Point","coordinates":[-99.01008,19.36994]},"properties":{"id_cultural":"TEATRO_735","id_sic":"735","tipo_cultural":"TEATRO","nombre":"Foro Escénico del Faro de Oriente","fecha_fundacion":"2011-09-01","adscripcion_original":"Secretaría de Cultura de la Ciudad de México","tipo_gestion":"PUBLICO","criterio_clasificacion":"EVIDENCIA_INSTITUCIONAL_PUBLICA","fuente_revision_gestion":"","nota_revision_gestion":"","estado_id":"9","entidad":"Ciudad de México","municipio_id":"7","municipio":"Iztapalapa","localidad_id":"1","localidad":"Iztapalapa","calle_numero":"Calz. Ignacio Zaragoza s/n","colonia":"Col. Fuentes de Zaragoza","cp":"9150.0","telefono":"(55) 5738 7443","pagina_web":"https://www.cultura.cdmx.gob.mx/recintos/faro-oriente","email":"farodeorientedireccion@yahoo.com.mx","facebook":"https://www.facebook.com/faro.deoriente/?locale=es_LA","twitter":"","instagram":"https://www.instagram.com/farodeoriente","aforo":0,"tipo_escenario":"","num_pantallas":"","link_sic":"http://sic.gob.mx/ficha.php?table=teatro&table_id=735","fecha_modificacion":"2026-02-20 18:15:10-06","es_pilares":"NO","dataset_relacionado":"","revision_manual":"NO","motivo_revision":"","fuente":"Sistema de Información Cultural (SIC)"}},{"type":"Feature","geometry":{"type":"Point","coordinates":[-99.07245,19.36128]},"properties":{"id_cultural":"TEATRO_315","id_sic":"315","tipo_cultural":"TEATRO","nombre":"Teatro del Fuego Nuevo","fecha_fundacion":"1979-05-04","adscripcion_original":"Universidad Autónoma Metropolitana, Unidad Iztapalapa","tipo_gestion":"PUBLICO","criterio_clasificacion":"EVIDENCIA_INSTITUCIONAL_PUBLICA","fuente_revision_gestion":"","nota_revision_gestion":"","estado_id":"9","entidad":"Ciudad de México","municipio_id":"7","municipio":"Iztapalapa","localidad_id":"1","localidad":"Iztapalapa","calle_numero":"Av. San Rafael Atlixco 186, edif. B,  P.B.","colonia":"Col. Vicentina","cp":"9340.0","telefono":"55 5804 4820, 55 5804 4821","pagina_web":"http://www.comunicacionsocial.uam.mx/cultura.html","email":"","facebook":"https://www.facebook.com/p/Teatro-del-Fuego-Nuevo-UAM-Iztapalapa-100063536589739/","twitter":"","instagram":"","aforo":190,"tipo_escenario":"italiano","num_pantallas":"","link_sic":"http://sic.gob.mx/ficha.php?table=teatro&table_id=315","fecha_modificacion":"2023-12-06 10:17:07-06","es_pilares":"NO","dataset_relacionado":"","revision_manual":"NO","motivo_revision":"","fuente":"Sistema de Información Cultural (SIC)"}},{"type":"Feature","geometry":{"type":"Point","coordinates":[-99.20972,19.33404]},"properties":{"id_cultural":"TEATRO_417","id_sic":"417","tipo_cultural":"TEATRO","nombre":"Teatro San Jerónimo Independencia","fecha_fundacion":"1962-04-01","adscripcion_original":"","tipo_gestion":"NO_DETERMINADO","criterio_clasificacion":"SIN_ADSCRIPCION","fuente_revision_gestion":"","nota_revision_gestion":"","estado_id":"9","entidad":"Ciudad de México","municipio_id":"8","municipio":"La Magdalena Contreras","localidad_id":"1","localidad":"La Magdalena Contreras","calle_numero":"Periférico Sur 3400, Unidad Independencia","colonia":"Col. San Jerónimo Lídice","cp":"10100.0","telefono":"55 5595 2117","pagina_web":"","email":"","facebook":"","twitter":"","instagram":"https://www.instagram.com/teatrosanjeronimoindependencia","aforo":467,"tipo_escenario":"italiano","num_pantallas":"","link_sic":"http://sic.gob.mx/ficha.php?table=teatro&table_id=417","fecha_modificacion":"2023-12-05 10:14:10-06","es_pilares":"NO","dataset_relacionado":"","revision_manual":"SI","motivo_revision":"No existe adscripción disponible para determinar el tipo de gestión.","fuente":"Sistema de Información Cultural (SIC)"}},{"type":"Feature","geometry":{"type":"Point","coordinates":[-99.18987,19.35301]},"properties":{"id_cultural":"TEATRO_478","id_sic":"478","tipo_cultural":"TEATRO","nombre":"Claustro Románico","fecha_fundacion":"1979-06-12","adscripcion_original":"Secretaría de Cultura","tipo_gestion":"PUBLICO","criterio_clasificacion":"EVIDENCIA_INSTITUCIONAL_PUBLICA","fuente_revision_gestion":"","nota_revision_gestion":"","estado_id":"9","entidad":"Ciudad de México","municipio_id":"10","municipio":"Álvaro Obregón","localidad_id":"1","localidad":"Álvaro Obregón","calle_numero":"Av. Revolución 1500","colonia":"Col. Guadalupe Inn","cp":"1020.0","telefono":"55 1885 8445","pagina_web":"https://helenico.edu.mx/","email":"ich@helenico.edu.mx; vinculacion@helenico.edu.mx","facebook":"https://www.facebook.com/InstitutoHelenico","twitter":"https://x.com/IHelenico","instagram":"","aforo":300,"tipo_escenario":"multimodal","num_pantallas":"","link_sic":"http://sic.gob.mx/ficha.php?table=teatro&table_id=478","fecha_modificacion":"2025-12-18 12:17:39-06","es_pilares":"NO","dataset_relacionado":"","revision_manual":"NO","motivo_revision":"","fuente":"Sistema de Información Cultural (SIC)"}},{"type":"Feature","geometry":{"type":"Point","coordinates":[-99.18541,19.35495]},"properties":{"id_cultural":"TEATRO_931","id_sic":"931","tipo_cultural":"TEATRO","nombre":"Foro 1869","fecha_fundacion":"1000-01-01","adscripcion_original":"Privado","tipo_gestion":"PRIVADO","criterio_clasificacion":"CLASIFICACION_EXPLICITA","fuente_revision_gestion":"","nota_revision_gestion":"","estado_id":"9","entidad":"Ciudad de México","municipio_id":"10","municipio":"Álvaro Obregón","localidad_id":"1","localidad":"Álvaro Obregón","calle_numero":"Insurgentes Sur 1869","colonia":"Col. Guadalupe Inn","cp":"1020.0","telefono":"55 7743 5982","pagina_web":"http://foro1869.com","email":"foro1869@gmail.com","facebook":"https://www.facebook.com/Foro1869/","twitter":"","instagram":"","aforo":250,"tipo_escenario":"","num_pantallas":"","link_sic":"http://sic.gob.mx/ficha.php?table=teatro&table_id=931","fecha_modificacion":"2025-06-17 13:30:31-06","es_pilares":"NO","dataset_relacionado":"","revision_manual":"NO","motivo_revision":"","fuente":"Sistema de Información Cultural (SIC)"}},{"type":"Feature","geometry":{"type":"Point","coordinates":[-99.19472,19.39025]},"properties":{"id_cultural":"TEATRO_422","id_sic":"422","tipo_cultural":"TEATRO","nombre":"Teatro de la Juventud","fecha_fundacion":"1989-01-01","adscripcion_original":"Alcaldía Álvaro Obregón/Dirección General de Cultura, Educación y Deporte/Coordinación de Fomento Cultural y Educación","tipo_gestion":"PUBLICO","criterio_clasificacion":"EVIDENCIA_INSTITUCIONAL_PUBLICA","fuente_revision_gestion":"","nota_revision_gestion":"","estado_id":"9","entidad":"Ciudad de México","municipio_id":"10","municipio":"Álvaro Obregón","localidad_id":"1","localidad":"Álvaro Obregón","calle_numero":"Calle 10 s/n esq. Canario","colonia":"Col. Tolteca","cp":"1150.0","telefono":"55 5276 6865","pagina_web":"","email":"teatro_juventud_dao@hotmail.com","facebook":"https://www.facebook.com/carteleradeteatrocdmx/","twitter":"","instagram":"","aforo":1195,"tipo_escenario":"italiano","num_pantallas":"","link_sic":"http://sic.gob.mx/ficha.php?table=teatro&table_id=422","fecha_modificacion":"2025-10-30 11:06:21-06","es_pilares":"NO","dataset_relacionado":"","revision_manual":"NO","motivo_revision":"","fuente":"Sistema de Información Cultural (SIC)"}},{"type":"Feature","geometry":{"type":"Point","coordinates":[-99.19005,19.35306]},"properties":{"id_cultural":"TEATRO_511","id_sic":"511","tipo_cultural":"TEATRO","nombre":"Teatro del Centro Cultural Helénico","fecha_fundacion":"1979-06-12","adscripcion_original":"Secretaría de Cultura Federal/Centro Cultural Helénico","tipo_gestion":"PUBLICO","criterio_clasificacion":"EVIDENCIA_INSTITUCIONAL_PUBLICA","fuente_revision_gestion":"","nota_revision_gestion":"","estado_id":"9","entidad":"Ciudad de México","municipio_id":"10","municipio":"Álvaro Obregón","localidad_id":"1","localidad":"Álvaro Obregón","calle_numero":"Av. Revolución 1500","colonia":"Col. Guadalupe Inn","cp":"1020.0","telefono":"55 4155 0900 y 01","pagina_web":"//www.helenico.gob.mx","email":"helenico@cultura.gob.mx","facebook":"//www.facebook.com/CCHelenico/?ref=bookmarks","twitter":"Helenico","instagram":"","aforo":460,"tipo_escenario":"italiano","num_pantallas":"","link_sic":"http://sic.gob.mx/ficha.php?table=teatro&table_id=511","fecha_modificacion":"2023-12-05 10:37:31-06","es_pilares":"NO","dataset_relacionado":"","revision_manual":"NO","motivo_revision":"","fuente":"Sistema de Información Cultural (SIC)"}},{"type":"Feature","geometry":{"type":"Point","coordinates":[-99.20458,19.38827]},"properties":{"id_cultural":"TEATRO_251","id_sic":"251","tipo_cultural":"TEATRO","nombre":"Teatro Santa Fe/Unidad Médico Familiar 12","fecha_fundacion":"1958-03-07","adscripcion_original":"Instituto Mexicano del Seguro Social (IMSS)","tipo_gestion":"PUBLICO","criterio_clasificacion":"EVIDENCIA_INSTITUCIONAL_PUBLICA","fuente_revision_gestion":"","nota_revision_gestion":"","estado_id":"9","entidad":"Ciudad de México","municipio_id":"10","municipio":"Álvaro Obregón","localidad_id":"1","localidad":"Álvaro Obregón","calle_numero":"Plaza de los Héroes  s/n","colonia":"U.H. Santa Fe","cp":"1170.0","telefono":"55 9208 8961","pagina_web":"","email":"teatrosantafeimss@hotmail.com","facebook":"https://www.facebook.com/p/Teatro-Santa-Fe-Oficial-100052557536326","twitter":"tsantafeimss","instagram":"","aforo":270,"tipo_escenario":"cuadrado","num_pantallas":"","link_sic":"http://sic.gob.mx/ficha.php?table=teatro&table_id=251","fecha_modificacion":"2026-03-23 10:51:51-06","es_pilares":"NO","dataset_relacionado":"","revision_manual":"NO","motivo_revision":"","fuente":"Sistema de Información Cultural (SIC)"}},{"type":"Feature","geometry":{"type":"Point","coordinates":[-99.18856,19.34571]},"properties":{"id_cultural":"TEATRO_477","id_sic":"477","tipo_cultural":"TEATRO","nombre":"Teatro Carpa Geodésica","fecha_fundacion":"1975-01-06","adscripcion_original":"Teatro de Papel, A.C.","tipo_gestion":"PRIVADO","criterio_clasificacion":"EVIDENCIA_INSTITUCIONAL_PRIVADA","fuente_revision_gestion":"","nota_revision_gestion":"","estado_id":"9","entidad":"Ciudad de México","municipio_id":"10","municipio":"Álvaro Obregón","localidad_id":"1","localidad":"Álvaro Obregón","calle_numero":"Av. de los Insurgentes Sur 2135","colonia":"Col. San Ángel","cp":"1000.0","telefono":"55 5616 0866","pagina_web":"","email":"teatrocarpageodesica@hotmail.com","facebook":"https://www.facebook.com/CarpaGeodesicaTeatro","twitter":"","instagram":"","aforo":250,"tipo_escenario":"isabelino","num_pantallas":"","link_sic":"http://sic.gob.mx/ficha.php?table=teatro&table_id=477","fecha_modificacion":"2021-09-20 06:24:57-05","es_pilares":"NO","dataset_relacionado":"","revision_manual":"NO","motivo_revision":"","fuente":"Sistema de Información Cultural (SIC)"}},{"type":"Feature","geometry":{"type":"Point","coordinates":[-99.19013,19.35245]},"properties":{"id_cultural":"TEATRO_512","id_sic":"512","tipo_cultural":"TEATRO","nombre":"Foro La Gruta","fecha_fundacion":"1988-01-13","adscripcion_original":"Secretaría de Cultura/Centro Cultural Helénico","tipo_gestion":"PUBLICO","criterio_clasificacion":"EVIDENCIA_INSTITUCIONAL_PUBLICA","fuente_revision_gestion":"","nota_revision_gestion":"","estado_id":"9","entidad":"Ciudad de México","municipio_id":"10","municipio":"Álvaro Obregón","localidad_id":"1","localidad":"Álvaro Obregón","calle_numero":"Av. Revolución 1500","colonia":"Col. Guadalupe Inn","cp":"1020.0","telefono":"55 4155 0919","pagina_web":"http://www.helenico.gob.mx","email":"","facebook":"https://www.facebook.com/CCHelenico/?ref=bookmarks","twitter":"Helenico","instagram":"","aforo":80,"tipo_escenario":"multimodal","num_pantallas":"","link_sic":"http://sic.gob.mx/ficha.php?table=teatro&table_id=512","fecha_modificacion":"2022-07-22 12:27:17-05","es_pilares":"NO","dataset_relacionado":"","revision_manual":"NO","motivo_revision":"","fuente":"Sistema de Información Cultural (SIC)"}},{"type":"Feature","geometry":{"type":"Point","coordinates":[-99.18987,19.35302]},"properties":{"id_cultural":"TEATRO_513","id_sic":"513","tipo_cultural":"TEATRO","nombre":"Capilla Gótica del Siglo XIV","fecha_fundacion":"1979-06-12","adscripcion_original":"Instituto Cultural Helénico, A.C.","tipo_gestion":"PRIVADO","criterio_clasificacion":"EVIDENCIA_INSTITUCIONAL_PRIVADA","fuente_revision_gestion":"","nota_revision_gestion":"","estado_id":"9","entidad":"Ciudad de México","municipio_id":"10","municipio":"Álvaro Obregón","localidad_id":"1","localidad":"Álvaro Obregón","calle_numero":"Av. Revolución 1500","colonia":"Col. Guadalupe Inn","cp":"1020.0","telefono":"55 1885 8445","pagina_web":"https://helenico.edu.mx/","email":"ich@helenico.edu.mx; vinculacion@helenico.edu.mx","facebook":"https://www.facebook.com/InstitutoHelenico/","twitter":"IHelenico","instagram":"","aforo":300,"tipo_escenario":"rectangular","num_pantallas":"","link_sic":"http://sic.gob.mx/ficha.php?table=teatro&table_id=513","fecha_modificacion":"2026-01-26 14:09:44-06","es_pilares":"NO","dataset_relacionado":"","revision_manual":"NO","motivo_revision":"","fuente":"Sistema de Información Cultural (SIC)"}},{"type":"Feature","geometry":{"type":"Point","coordinates":[-99.19038,19.34542]},"properties":{"id_cultural":"TEATRO_423","id_sic":"423","tipo_cultural":"TEATRO","nombre":"Teatro López Tarso","fecha_fundacion":"1988-01-29","adscripcion_original":"Gobierno de la ciudad de México/Centro Cultural San Ángel","tipo_gestion":"PUBLICO","criterio_clasificacion":"EVIDENCIA_INSTITUCIONAL_PUBLICA","fuente_revision_gestion":"","nota_revision_gestion":"","estado_id":"9","entidad":"Ciudad de México","municipio_id":"10","municipio":"Álvaro Obregón","localidad_id":"1","localidad":"Álvaro Obregón","calle_numero":"Av. Revolución 1733 esq. Francisco I. Madero","colonia":"Col. San Ángel","cp":"1000.0","telefono":"55 5616 1254","pagina_web":"","email":"centroculturalsanangel@hotmail.com","facebook":"https://www.facebook.com/teatroignaciolopeztarso/","twitter":"","instagram":"","aforo":400,"tipo_escenario":"italiano","num_pantallas":"","link_sic":"http://sic.gob.mx/ficha.php?table=teatro&table_id=423","fecha_modificacion":"2021-09-17 14:59:40-05","es_pilares":"NO","dataset_relacionado":"","revision_manual":"NO","motivo_revision":"","fuente":"Sistema de Información Cultural (SIC)"}},{"type":"Feature","geometry":{"type":"Point","coordinates":[-99.20023,19.30365]},"properties":{"id_cultural":"TEATRO_914","id_sic":"914","tipo_cultural":"TEATRO","nombre":"Teatro Royal Pedregal","fecha_fundacion":"2017-03-31","adscripcion_original":"Privado","tipo_gestion":"PRIVADO","criterio_clasificacion":"CLASIFICACION_EXPLICITA","fuente_revision_gestion":"","nota_revision_gestion":"","estado_id":"9","entidad":"Ciudad de México","municipio_id":"12","municipio":"Tlalpan","localidad_id":"1","localidad":"Tlalpan","calle_numero":"Periférico Sur 4363","colonia":"Col. Jardines en la Montaña","cp":"14210.0","telefono":"55 2155 3420","pagina_web":"","email":"","facebook":"https://www.facebook.com/elroyalpedregal/?locale=es_LA","twitter":"","instagram":"https://www.instagram.com/teatroroyalpedregal/?hl=en","aforo":384,"tipo_escenario":"italiano","num_pantallas":"","link_sic":"http://sic.gob.mx/ficha.php?table=teatro&table_id=914","fecha_modificacion":"2025-11-12 11:15:51-06","es_pilares":"NO","dataset_relacionado":"","revision_manual":"NO","motivo_revision":"","fuente":"Sistema de Información Cultural (SIC)"}},{"type":"Feature","geometry":{"type":"Point","coordinates":[-99.17168,19.29387]},"properties":{"id_cultural":"TEATRO_332","id_sic":"332","tipo_cultural":"TEATRO","nombre":"Foro José Solé","fecha_fundacion":"1999-11-21","adscripcion_original":"Delegación Zona Regional Sur del ISSSTE/Subdirección de Acción Cultural","tipo_gestion":"PUBLICO","criterio_clasificacion":"EVIDENCIA_INSTITUCIONAL_PUBLICA","fuente_revision_gestion":"","nota_revision_gestion":"","estado_id":"9","entidad":"Ciudad de México","municipio_id":"12","municipio":"Tlalpan","localidad_id":"1","localidad":"Tlalpan","calle_numero":"San Fernando 15","colonia":"Col. Toriello Guerra","cp":"14050.0","telefono":"55 5665 1245","pagina_web":"","email":"","facebook":"","twitter":"","instagram":"","aforo":130,"tipo_escenario":"frontal","num_pantallas":"","link_sic":"http://sic.gob.mx/ficha.php?table=teatro&table_id=332","fecha_modificacion":"2025-05-27 08:53:45-06","es_pilares":"NO","dataset_relacionado":"","revision_manual":"NO","motivo_revision":"","fuente":"Sistema de Información Cultural (SIC)"}},{"type":"Feature","geometry":{"type":"Point","coordinates":[-99.14324,19.39779]},"properties":{"id_cultural":"TEATRO_839","id_sic":"839","tipo_cultural":"TEATRO","nombre":"Amacalone. Teatro de arte dramático","fecha_fundacion":"2013-07-01","adscripcion_original":"","tipo_gestion":"NO_DETERMINADO","criterio_clasificacion":"SIN_ADSCRIPCION","fuente_revision_gestion":"","nota_revision_gestion":"","estado_id":"9","entidad":"Ciudad de México","municipio_id":"14","municipio":"Benito Juárez","localidad_id":"1","localidad":"Benito Juárez","calle_numero":"Soria 65","colonia":"Col. Alamos","cp":"3400.0","telefono":"55 1360 6384","pagina_web":"","email":"amacalone@hotmail.com","facebook":"https://www.facebook.com/FEITHM/","twitter":"","instagram":"","aforo":0,"tipo_escenario":"","num_pantallas":"","link_sic":"http://sic.gob.mx/ficha.php?table=teatro&table_id=839","fecha_modificacion":"2021-09-20 11:46:38-05","es_pilares":"NO","dataset_relacionado":"","revision_manual":"SI","motivo_revision":"No existe adscripción disponible para determinar el tipo de gestión.","fuente":"Sistema de Información Cultural (SIC)"}},{"type":"Feature","geometry":{"type":"Point","coordinates":[-99.15194,19.40237]},"properties":{"id_cultural":"TEATRO_484","id_sic":"484","tipo_cultural":"TEATRO","nombre":"Teatrín Pedro Infante","fecha_fundacion":"2000-10-21","adscripcion_original":"Asociación Nacional de Actores (ANDA)","tipo_gestion":"PRIVADO","criterio_clasificacion":"REVISION_MANUAL","fuente_revision_gestion":"","nota_revision_gestion":"","estado_id":"9","entidad":"Ciudad de México","municipio_id":"14","municipio":"Benito Juárez","localidad_id":"1","localidad":"Benito Juárez","calle_numero":"Petén 45 Nte.","colonia":"Col. Narvarte","cp":"3020.0","telefono":"55 5519 3507","pagina_web":"","email":"iasoler@institutoandressoler.com","facebook":"","twitter":"","instagram":"","aforo":0,"tipo_escenario":"italiano","num_pantallas":"","link_sic":"http://sic.gob.mx/ficha.php?table=teatro&table_id=484","fecha_modificacion":"2021-07-09 15:17:47-05","es_pilares":"NO","dataset_relacionado":"","revision_manual":"NO","motivo_revision":"","fuente":"Sistema de Información Cultural (SIC)"}},{"type":"Feature","geometry":{"type":"Point","coordinates":[-99.14747,19.38309]},"properties":{"id_cultural":"TEATRO_429","id_sic":"429","tipo_cultural":"TEATRO","nombre":"Teatro María Tereza Montoya","fecha_fundacion":"1985-05-01","adscripcion_original":"Alcaldía  Benito Juárez/Coordinación de Cultura/Subdirección de Derechos Culturales Recreativos y Educativos","tipo_gestion":"PUBLICO","criterio_clasificacion":"EVIDENCIA_INSTITUCIONAL_PUBLICA","fuente_revision_gestion":"","nota_revision_gestion":"","estado_id":"9","entidad":"Ciudad de México","municipio_id":"14","municipio":"Benito Juárez","localidad_id":"1","localidad":"Benito Juárez","calle_numero":"Eje Central Lázaro Cárdenas 912","colonia":"Col. Segunda del Periodista","cp":"3620.0","telefono":"55 5674 2533","pagina_web":"","email":"Tmariaterezamontoya@gmail.com","facebook":"https://www.facebook.com/TeatroMariaTerezaMontoya","twitter":"","instagram":"","aforo":396,"tipo_escenario":"italiano","num_pantallas":"","link_sic":"http://sic.gob.mx/ficha.php?table=teatro&table_id=429","fecha_modificacion":"2025-12-19 17:42:43-06","es_pilares":"NO","dataset_relacionado":"","revision_manual":"NO","motivo_revision":"","fuente":"Sistema de Información Cultural (SIC)"}},{"type":"Feature","geometry":{"type":"Point","coordinates":[-99.13699,19.3735]},"properties":{"id_cultural":"TEATRO_1060","id_sic":"1060","tipo_cultural":"TEATRO","nombre":"Foro de la Casa de Cultura Zacahuitzco","fecha_fundacion":"1980-03-01","adscripcion_original":"Alcaldía Benito Juárez","tipo_gestion":"PUBLICO","criterio_clasificacion":"EVIDENCIA_INSTITUCIONAL_PUBLICA","fuente_revision_gestion":"","nota_revision_gestion":"","estado_id":"9","entidad":"Ciudad de México","municipio_id":"14","municipio":"Benito Juárez","localidad_id":"1","localidad":"Benito Juárez","calle_numero":"Valdivia 87","colonia":"Col. Zacahuitzco","cp":"3550.0","telefono":"55 2065 1616","pagina_web":"","email":"c.c.zacahuitzco@gmail.com","facebook":"https://www.facebook.com/profile.php?id=100089897811364","twitter":"","instagram":"https://www.instagram.com/c.c._zacahuitzco/","aforo":50,"tipo_escenario":"Italiano","num_pantallas":"","link_sic":"http://sic.gob.mx/ficha.php?table=teatro&table_id=1060","fecha_modificacion":"2025-06-06 13:03:11-06","es_pilares":"NO","dataset_relacionado":"","revision_manual":"NO","motivo_revision":"","fuente":"Sistema de Información Cultural (SIC)"}},{"type":"Feature","geometry":{"type":"Point","coordinates":[-99.16475,19.36047]},"properties":{"id_cultural":"TEATRO_509","id_sic":"509","tipo_cultural":"TEATRO","nombre":"Foro al aire libre Gabriel Figueroa","fecha_fundacion":"2012-11-08","adscripcion_original":"Secretaría de Cultura/Cineteca Nacional","tipo_gestion":"PUBLICO","criterio_clasificacion":"EVIDENCIA_INSTITUCIONAL_PUBLICA","fuente_revision_gestion":"","nota_revision_gestion":"","estado_id":"9","entidad":"Ciudad de México","municipio_id":"14","municipio":"Benito Juárez","localidad_id":"1","localidad":"Benito Juárez","calle_numero":"Av. México Coyoacán 389","colonia":"Col. Xoco","cp":"3330.0","telefono":"55 4155 1200","pagina_web":"https://www.cinetecanacional.net/controlador.php?opcion=FoAL","email":"info@cinetecanacional.net","facebook":"https://www.facebook.com/CinetecaMexico/","twitter":"","instagram":"","aforo":600,"tipo_escenario":"frontal","num_pantallas":"","link_sic":"http://sic.gob.mx/ficha.php?table=teatro&table_id=509","fecha_modificacion":"2021-11-11 11:38:30-06","es_pilares":"NO","dataset_relacionado":"","revision_manual":"NO","motivo_revision":"","fuente":"Sistema de Información Cultural (SIC)"}},{"type":"Feature","geometry":{"type":"Point","coordinates":[-99.18057,19.39281]},"properties":{"id_cultural":"TEATRO_494","id_sic":"494","tipo_cultural":"TEATRO","nombre":"Foro Contigo América","fecha_fundacion":"1990-08-18","adscripcion_original":"Contigo America Institución Teatral Independiente, A.C.","tipo_gestion":"PRIVADO","criterio_clasificacion":"EVIDENCIA_INSTITUCIONAL_PRIVADA","fuente_revision_gestion":"","nota_revision_gestion":"","estado_id":"9","entidad":"Ciudad de México","municipio_id":"14","municipio":"Benito Juárez","localidad_id":"1","localidad":"Benito Juárez","calle_numero":"Arizona 156","colonia":"Col. Nápoles","cp":"3810.0","telefono":"55 5669 3589","pagina_web":"http://contigoamerica.org.mx","email":"contigoamerica@yahoo.com.mx","facebook":"https://www.facebook.com/ContigoAmerica","twitter":"","instagram":"","aforo":90,"tipo_escenario":"multimodal","num_pantallas":"","link_sic":"http://sic.gob.mx/ficha.php?table=teatro&table_id=494","fecha_modificacion":"2021-09-20 12:18:42-05","es_pilares":"NO","dataset_relacionado":"","revision_manual":"NO","motivo_revision":"","fuente":"Sistema de Información Cultural (SIC)"}},{"type":"Feature","geometry":{"type":"Point","coordinates":[-99.16608,19.39834]},"properties":{"id_cultural":"TEATRO_389","id_sic":"389","tipo_cultural":"TEATRO","nombre":"Sala Julián Carrillo","fecha_fundacion":"1976-10-11","adscripcion_original":"UNAM/Radio UNAM","tipo_gestion":"PUBLICO","criterio_clasificacion":"EVIDENCIA_INSTITUCIONAL_PUBLICA","fuente_revision_gestion":"","nota_revision_gestion":"","estado_id":"9","entidad":"Ciudad de México","municipio_id":"14","municipio":"Benito Juárez","localidad_id":"1","localidad":"Benito Juárez","calle_numero":"Adolfo Prieto 133","colonia":"Col. del Valle","cp":"3100.0","telefono":"55 5623 3281","pagina_web":"http://www.radiounam.unam.mx/","email":"radio@unam.com","facebook":"https://www.facebook.com/radiounam?fref=ts","twitter":"","instagram":"","aforo":180,"tipo_escenario":"italiano","num_pantallas":"","link_sic":"http://sic.gob.mx/ficha.php?table=teatro&table_id=389","fecha_modificacion":"2021-09-21 13:54:57-05","es_pilares":"NO","dataset_relacionado":"","revision_manual":"NO","motivo_revision":"","fuente":"Sistema de Información Cultural (SIC)"}},{"type":"Feature","geometry":{"type":"Point","coordinates":[-99.18242,19.36408]},"properties":{"id_cultural":"TEATRO_522","id_sic":"522","tipo_cultural":"TEATRO","nombre":"Teatro de los Insurgentes","fecha_fundacion":"1953-04-30","adscripcion_original":"Televisa, S.A. de C.V.","tipo_gestion":"PRIVADO","criterio_clasificacion":"EVIDENCIA_INSTITUCIONAL_PRIVADA","fuente_revision_gestion":"","nota_revision_gestion":"","estado_id":"9","entidad":"Ciudad de México","municipio_id":"14","municipio":"Benito Juárez","localidad_id":"1","localidad":"Benito Juárez","calle_numero":"Insurgentes Sur 1587","colonia":"Col. San José Insurgentes","cp":"3900.0","telefono":"55 5598 6894","pagina_web":"http://cdmxtravel.com/es/lugares/teatro-de-los-insurgentes.html","email":"teatroinsurgentes@prodigy.net.mx","facebook":"https://www.facebook.com/teatroinsurgentes/","twitter":"","instagram":"","aforo":959,"tipo_escenario":"italiano","num_pantallas":"","link_sic":"http://sic.gob.mx/ficha.php?table=teatro&table_id=522","fecha_modificacion":"2021-09-28 08:42:22-05","es_pilares":"NO","dataset_relacionado":"","revision_manual":"NO","motivo_revision":"","fuente":"Sistema de Información Cultural (SIC)"}},{"type":"Feature","geometry":{"type":"Point","coordinates":[-99.18243,19.36606]},"properties":{"id_cultural":"TEATRO_811","id_sic":"811","tipo_cultural":"TEATRO","nombre":"El Telón de Asfalto","fecha_fundacion":"1995-03-14","adscripcion_original":"","tipo_gestion":"NO_DETERMINADO","criterio_clasificacion":"SIN_ADSCRIPCION","fuente_revision_gestion":"","nota_revision_gestion":"","estado_id":"9","entidad":"Ciudad de México","municipio_id":"14","municipio":"Benito Juárez","localidad_id":"1","localidad":"Benito Juárez","calle_numero":"Perpetua 4","colonia":"Col. San José Insurgentes","cp":"3900.0","telefono":"55 5615 0598","pagina_web":"http://www.telondeasfalto.com.mx/","email":"info@telondeasfalto.com.mx","facebook":"https://www.facebook.com/telondeasfalto/","twitter":"TELONDEASFALTO","instagram":"","aforo":200,"tipo_escenario":"","num_pantallas":"","link_sic":"http://sic.gob.mx/ficha.php?table=teatro&table_id=811","fecha_modificacion":"2021-09-21 06:10:16-05","es_pilares":"NO","dataset_relacionado":"","revision_manual":"SI","motivo_revision":"No existe adscripción disponible para determinar el tipo de gestión.","fuente":"Sistema de Información Cultural (SIC)"}},{"type":"Feature","geometry":{"type":"Point","coordinates":[-99.16431,19.40007]},"properties":{"id_cultural":"TEATRO_846","id_sic":"846","tipo_cultural":"TEATRO","nombre":"Foro El Cubo","fecha_fundacion":"2015-06-04","adscripcion_original":"Compañía Perro Teatro","tipo_gestion":"PRIVADO","criterio_clasificacion":"REVISION_MANUAL","fuente_revision_gestion":"","nota_revision_gestion":"","estado_id":"9","entidad":"Ciudad de México","municipio_id":"14","municipio":"Benito Juárez","localidad_id":"1","localidad":"Benito Juárez","calle_numero":"Lic. Grajales Robles 28 esq. Adolfo Prieto y Mier y Pesado","colonia":"Col. Del Valle","cp":"3103.0","telefono":"55 3389 0767","pagina_web":"https://www.timeoutmexico.mx/ciudad-de-mexico/teatro/foro-el-cubo","email":"perroteatro@yahoo.com; foroelcubo@gmail.com","facebook":"https://www.facebook.com/ForoelCubo2015/","twitter":"foroelcubo","instagram":"","aforo":40,"tipo_escenario":"multimodal","num_pantallas":"","link_sic":"http://sic.gob.mx/ficha.php?table=teatro&table_id=846","fecha_modificacion":"2021-09-21 13:05:14-05","es_pilares":"NO","dataset_relacionado":"","revision_manual":"NO","motivo_revision":"","fuente":"Sistema de Información Cultural (SIC)"}},{"type":"Feature","geometry":{"type":"Point","coordinates":[-99.14793,19.39782]},"properties":{"id_cultural":"TEATRO_918","id_sic":"918","tipo_cultural":"TEATRO","nombre":"Foro Teatral Bellescene","fecha_fundacion":"2017-04-08","adscripcion_original":"","tipo_gestion":"NO_DETERMINADO","criterio_clasificacion":"SIN_ADSCRIPCION","fuente_revision_gestion":"","nota_revision_gestion":"","estado_id":"9","entidad":"Ciudad de México","municipio_id":"14","municipio":"Benito Juárez","localidad_id":"1","localidad":"Benito Juárez","calle_numero":"Zempoala 90, esq. La Morena y Xola","colonia":"Col. Narvarte","cp":"3020.0","telefono":"55 7576 9084","pagina_web":"https://www.timeoutmexico.mx/ciudad-de-mexico/teatro/foro-cultural-bellescene","email":"socialbellescene@gmail.com","facebook":"https://www.facebook.com/ForoBellescene/?fref=mentions","twitter":"ForoBellescene","instagram":"","aforo":0,"tipo_escenario":"italiano","num_pantallas":"","link_sic":"http://sic.gob.mx/ficha.php?table=teatro&table_id=918","fecha_modificacion":"2021-09-21 13:11:44-05","es_pilares":"NO","dataset_relacionado":"","revision_manual":"SI","motivo_revision":"No existe adscripción disponible para determinar el tipo de gestión.","fuente":"Sistema de Información Cultural (SIC)"}},{"type":"Feature","geometry":{"type":"Point","coordinates":[-99.15607,19.37314]},"properties":{"id_cultural":"TEATRO_689","id_sic":"689","tipo_cultural":"TEATRO","nombre":"Foro de los Hermanos Soler","fecha_fundacion":"1957-01-01","adscripcion_original":"Gobierno de la Ciudad de México/Alcaldía Benito Juárez","tipo_gestion":"PUBLICO","criterio_clasificacion":"EVIDENCIA_INSTITUCIONAL_PUBLICA","fuente_revision_gestion":"","nota_revision_gestion":"","estado_id":"9","entidad":"Ciudad de México","municipio_id":"14","municipio":"Benito Juárez","localidad_id":"1","localidad":"Benito Juárez","calle_numero":"Miguel Laurent entre Dr. Vertiz y División del Norte","colonia":"Col. Santa Cruz Atoyac","cp":"3310.0","telefono":"","pagina_web":"","email":"","facebook":"","twitter":"","instagram":"","aforo":0,"tipo_escenario":"","num_pantallas":"","link_sic":"http://sic.gob.mx/ficha.php?table=teatro&table_id=689","fecha_modificacion":"2026-05-15 10:07:39-06","es_pilares":"NO","dataset_relacionado":"","revision_manual":"NO","motivo_revision":"","fuente":"Sistema de Información Cultural (SIC)"}},{"type":"Feature","geometry":{"type":"Point","coordinates":[-99.15069,19.39661]},"properties":{"id_cultural":"TEATRO_483","id_sic":"483","tipo_cultural":"TEATRO","nombre":"Teatro 11 de Julio","fecha_fundacion":"1960-04-29","adscripcion_original":"Sindicato de Trabajadores Mineros, Metalúrgicos y Similares de la R.M.","tipo_gestion":"PRIVADO","criterio_clasificacion":"REVISION_MANUAL","fuente_revision_gestion":"","nota_revision_gestion":"","estado_id":"9","entidad":"Ciudad de México","municipio_id":"14","municipio":"Benito Juárez","localidad_id":"1","localidad":"Benito Juárez","calle_numero":"Doctor Vértiz 668","colonia":"Col. Narvarte","cp":"3020.0","telefono":"55 5538 2964","pagina_web":"http://cdmxtravel.com/es/lugares/teatro-11-de-julio.html","email":"","facebook":"","twitter":"","instagram":"","aforo":533,"tipo_escenario":"italiano","num_pantallas":"","link_sic":"http://sic.gob.mx/ficha.php?table=teatro&table_id=483","fecha_modificacion":"2021-09-27 11:39:36-05","es_pilares":"NO","dataset_relacionado":"","revision_manual":"NO","motivo_revision":"","fuente":"Sistema de Información Cultural (SIC)"}},{"type":"Feature","geometry":{"type":"Point","coordinates":[-99.18653,19.36422]},"properties":{"id_cultural":"TEATRO_342","id_sic":"342","tipo_cultural":"TEATRO","nombre":"Teatro de la Comedia - Wilberto Cantón","fecha_fundacion":"1983-04-13","adscripcion_original":"Sociedad General de Escritores de México SOGEM","tipo_gestion":"PRIVADO","criterio_clasificacion":"REVISION_MANUAL","fuente_revision_gestion":"","nota_revision_gestion":"","estado_id":"9","entidad":"Ciudad de México","municipio_id":"14","municipio":"Benito Juárez","localidad_id":"1","localidad":"Benito Juárez","calle_numero":"José María Velasco 59","colonia":"Col. San José Insurgentes","cp":"3900.0","telefono":"55 5660 8590","pagina_web":"https://www.sogem.org/teatrowilbertocanton","email":"teatrodelacomedia@gmail.com; jgutierrez@sogem.org.mx","facebook":"https://www.facebook.com/pages/Teatro%20Wilberto%20Canton/440058462798614/","twitter":"","instagram":"","aforo":370,"tipo_escenario":"italiano","num_pantallas":"","link_sic":"http://sic.gob.mx/ficha.php?table=teatro&table_id=342","fecha_modificacion":"2021-09-28 08:28:35-05","es_pilares":"NO","dataset_relacionado":"","revision_manual":"NO","motivo_revision":"","fuente":"Sistema de Información Cultural (SIC)"}},{"type":"Feature","geometry":{"type":"Point","coordinates":[-99.1734,19.39333]},"properties":{"id_cultural":"TEATRO_424","id_sic":"424","tipo_cultural":"TEATRO","nombre":"Teatro Polyforum","fecha_fundacion":"1971-12-15","adscripcion_original":"Polyforum Cultural Siqueiros, A.C.","tipo_gestion":"PRIVADO","criterio_clasificacion":"EVIDENCIA_INSTITUCIONAL_PRIVADA","fuente_revision_gestion":"","nota_revision_gestion":"","estado_id":"9","entidad":"Ciudad de México","municipio_id":"14","municipio":"Benito Juárez","localidad_id":"1","localidad":"Benito Juárez","calle_numero":"Insurgentes Sur 701 esq. Filadelfia","colonia":"Col. Nápoles","cp":"3810.0","telefono":"55 5536 4520 ext. 102","pagina_web":"http://cdmxtravel.com/es/lugares/polyforum-cultural-siqueiros.html","email":"dralfredosuarez@polyforumsiqueiros.com","facebook":"","twitter":"","instagram":"","aforo":550,"tipo_escenario":"arena","num_pantallas":"","link_sic":"http://sic.gob.mx/ficha.php?table=teatro&table_id=424","fecha_modificacion":"2021-09-29 05:57:16-05","es_pilares":"NO","dataset_relacionado":"","revision_manual":"NO","motivo_revision":"","fuente":"Sistema de Información Cultural (SIC)"}},{"type":"Feature","geometry":{"type":"Point","coordinates":[-99.18054,19.36308]},"properties":{"id_cultural":"TEATRO_521","id_sic":"521","tipo_cultural":"TEATRO","nombre":"Nuevo Teatro  Libanés","fecha_fundacion":"1986-01-23","adscripcion_original":"Centro Libanés, A.C.","tipo_gestion":"PRIVADO","criterio_clasificacion":"EVIDENCIA_INSTITUCIONAL_PRIVADA","fuente_revision_gestion":"","nota_revision_gestion":"","estado_id":"9","entidad":"Ciudad de México","municipio_id":"14","municipio":"Benito Juárez","localidad_id":"1","localidad":"Benito Juárez","calle_numero":"Barranca del Muerto esq. 2 de Abril","colonia":"Col. Crédito Constructor","cp":"3940.0","telefono":"555801 3165","pagina_web":"https://carteleradeteatro.mx/teatro/sur/teatro-libanes/","email":"","facebook":"","twitter":"","instagram":"","aforo":535,"tipo_escenario":"italiano","num_pantallas":"","link_sic":"http://sic.gob.mx/ficha.php?table=teatro&table_id=521","fecha_modificacion":"2022-07-25 06:38:29-05","es_pilares":"NO","dataset_relacionado":"","revision_manual":"NO","motivo_revision":"","fuente":"Sistema de Información Cultural (SIC)"}},{"type":"Feature","geometry":{"type":"Point","coordinates":[-99.16114,19.39602]},"properties":{"id_cultural":"TEATRO_204","id_sic":"204","tipo_cultural":"TEATRO","nombre":"Teatro Julio Prieto","fecha_fundacion":"1960-05-19","adscripcion_original":"Instituto Mexicano del Seguro Social (IMSS)","tipo_gestion":"PUBLICO","criterio_clasificacion":"EVIDENCIA_INSTITUCIONAL_PUBLICA","fuente_revision_gestion":"","nota_revision_gestion":"","estado_id":"9","entidad":"Ciudad de México","municipio_id":"14","municipio":"Benito Juárez","localidad_id":"1","localidad":"Benito Juárez","calle_numero":"Av. Xola 809 esq. Nicolás San Juan","colonia":"Col. Del Valle","cp":"3100.0","telefono":"55 5639 9816","pagina_web":"","email":"eric.santos@imss.gob.mx","facebook":"https://www.facebook.com/TeatroXolaJulioPrieto/","twitter":"","instagram":"","aforo":501,"tipo_escenario":"Italiano","num_pantallas":"","link_sic":"http://sic.gob.mx/ficha.php?table=teatro&table_id=204","fecha_modificacion":"2021-09-28 09:02:17-05","es_pilares":"NO","dataset_relacionado":"","revision_manual":"NO","motivo_revision":"","fuente":"Sistema de Información Cultural (SIC)"}},{"type":"Feature","geometry":{"type":"Point","coordinates":[-99.14328,19.37473]},"properties":{"id_cultural":"TEATRO_431","id_sic":"431","tipo_cultural":"TEATRO","nombre":"Foro Cultural San Simón","fecha_fundacion":"1989-05-06","adscripcion_original":"Alcaldía  Benito Juárez/Coordinación de Cultura/Subdirección de Derechos Culturales Recreativos y Educativos","tipo_gestion":"PUBLICO","criterio_clasificacion":"EVIDENCIA_INSTITUCIONAL_PUBLICA","fuente_revision_gestion":"","nota_revision_gestion":"","estado_id":"9","entidad":"Ciudad de México","municipio_id":"14","municipio":"Benito Juárez","localidad_id":"1","localidad":"Benito Juárez","calle_numero":"Parque Pascual Ortiz Rubio s/n entre Centenario y Juan Escutia","colonia":"Col. San Simón Ticumác","cp":"3660.0","telefono":"55 5609 0753","pagina_web":"https://inba.gob.mx/recinto/485","email":"foroculturalbj@gmail.com","facebook":"https://www.facebook.com/ForoCulturalSanSimonABJ?mibextid=ZbWKwL","twitter":"https://twitter.com/ritamobu","instagram":"foro.cultural.san.simonabj y ritamobu69","aforo":150,"tipo_escenario":"italiano","num_pantallas":"","link_sic":"http://sic.gob.mx/ficha.php?table=teatro&table_id=431","fecha_modificacion":"2024-06-05 10:21:41-06","es_pilares":"NO","dataset_relacionado":"","revision_manual":"NO","motivo_revision":"","fuente":"Sistema de Información Cultural (SIC)"}},{"type":"Feature","geometry":{"type":"Point","coordinates":[-99.15931,19.41919]},"properties":{"id_cultural":"TEATRO_871","id_sic":"871","tipo_cultural":"TEATRO","nombre":"Foro La Teatrería","fecha_fundacion":"2015-02-25","adscripcion_original":"","tipo_gestion":"NO_DETERMINADO","criterio_clasificacion":"SIN_ADSCRIPCION","fuente_revision_gestion":"","nota_revision_gestion":"","estado_id":"9","entidad":"Ciudad de México","municipio_id":"15","municipio":"Cuauhtémoc","localidad_id":"0","localidad":"Total del Municipio","calle_numero":"Tabasco 152","colonia":"Col. Roma","cp":"","telefono":"(55) 5207 3234","pagina_web":"http://lateatreria.com","email":"shoshana@lateatreria.com","facebook":"","twitter":"","instagram":"","aforo":100,"tipo_escenario":"italiano","num_pantallas":"","link_sic":"http://sic.gob.mx/ficha.php?table=teatro&table_id=871","fecha_modificacion":"2017-03-13 13:57:55-06","es_pilares":"NO","dataset_relacionado":"","revision_manual":"SI","motivo_revision":"No existe adscripción disponible para determinar el tipo de gestión.","fuente":"Sistema de Información Cultural (SIC)"}},{"type":"Feature","geometry":{"type":"Point","coordinates":[-99.1499,19.4536]},"properties":{"id_cultural":"TEATRO_288","id_sic":"288","tipo_cultural":"TEATRO","nombre":"Teatro Ferrocarrilero Gudelio Morales","fecha_fundacion":"1968-12-24","adscripcion_original":"Sindicato de Trabajadores Ferrocarrileros de la República Mexicana (STFRM)","tipo_gestion":"PRIVADO","criterio_clasificacion":"REVISION_MANUAL","fuente_revision_gestion":"","nota_revision_gestion":"","estado_id":"9","entidad":"Ciudad de México","municipio_id":"15","municipio":"Cuauhtémoc","localidad_id":"1","localidad":"Cuauhtémoc","calle_numero":"Av. Ricardo Flores Magón 206","colonia":"Col. Guerrero","cp":"6300.0","telefono":"55 5597 1055","pagina_web":"https://historico.alcaldiacuauhtemoc.mx/nope/teatro-ferrocarrilero/","email":"","facebook":"","twitter":"","instagram":"","aforo":1800,"tipo_escenario":"italiano","num_pantallas":"","link_sic":"http://sic.gob.mx/ficha.php?table=teatro&table_id=288","fecha_modificacion":"2025-03-31 12:12:18-06","es_pilares":"NO","dataset_relacionado":"","revision_manual":"NO","motivo_revision":"","fuente":"Sistema de Información Cultural (SIC)"}},{"type":"Feature","geometry":{"type":"Point","coordinates":[-99.15391,19.42512]},"properties":{"id_cultural":"TEATRO_356","id_sic":"356","tipo_cultural":"TEATRO","nombre":"Centro Cultural Teatro 2","fecha_fundacion":"1996-09-28","adscripcion_original":"Gou Producciones","tipo_gestion":"PRIVADO","criterio_clasificacion":"CLASIFICACION_EXPLICITA","fuente_revision_gestion":"","nota_revision_gestion":"","estado_id":"9","entidad":"Ciudad de México","municipio_id":"15","municipio":"Cuauhtémoc","localidad_id":"1","localidad":"Cuauhtémoc","calle_numero":"Av. Cuauhtémoc 19","colonia":"Col. Roma","cp":"6700.0","telefono":"55 5514 1935","pagina_web":"https://www.gouproducciones.mx/teatros-gou-producciones-cct1-cct2-aldama/","email":"","facebook":"https://www.facebook.com/CentroCulturalTeatroDos/?locale=es_LA","twitter":"","instagram":"https://www.instagram.com/explore/locations/2203104739908822/centro-cultural-teatro-2/","aforo":1208,"tipo_escenario":"italiano","num_pantallas":"","link_sic":"http://sic.gob.mx/ficha.php?table=teatro&table_id=356","fecha_modificacion":"2023-12-05 11:17:43-06","es_pilares":"NO","dataset_relacionado":"","revision_manual":"NO","motivo_revision":"","fuente":"Sistema de Información Cultural (SIC)"}},{"type":"Feature","geometry":{"type":"Point","coordinates":[-99.14788,19.43027]},"properties":{"id_cultural":"TEATRO_797","id_sic":"797","tipo_cultural":"TEATRO","nombre":"Patio Central de la Casa de Cultura de Tamaulipas","fecha_fundacion":"1998-01-30","adscripcion_original":"Patronato de la Casa de Cultura de Tamaulipas, A.C.","tipo_gestion":"PRIVADO","criterio_clasificacion":"EVIDENCIA_INSTITUCIONAL_PRIVADA","fuente_revision_gestion":"","nota_revision_gestion":"","estado_id":"9","entidad":"Ciudad de México","municipio_id":"15","municipio":"Cuauhtémoc","localidad_id":"1","localidad":"Cuauhtémoc","calle_numero":"Ernesto Pugibet 73","colonia":"Centro","cp":"6070.0","telefono":"55 4853 7554","pagina_web":"","email":"cctamaulipasdf@hotmail.com","facebook":"https://www.facebook.com/PatronatoCCTCDMX/","twitter":"","instagram":"","aforo":200,"tipo_escenario":"multimodal","num_pantallas":"","link_sic":"http://sic.gob.mx/ficha.php?table=teatro&table_id=797","fecha_modificacion":"2023-10-31 04:30:41-06","es_pilares":"NO","dataset_relacionado":"","revision_manual":"NO","motivo_revision":"","fuente":"Sistema de Información Cultural (SIC)"}},{"type":"Feature","geometry":{"type":"Point","coordinates":[-99.17655,19.41563]},"properties":{"id_cultural":"TEATRO_1003","id_sic":"1003","tipo_cultural":"TEATRO","nombre":"Foro Sugar","fecha_fundacion":"2011-01-01","adscripcion_original":"Centro Cultural Sylvia Pasquel","tipo_gestion":"PRIVADO","criterio_clasificacion":"CLASIFICACION_EXPLICITA","fuente_revision_gestion":"","nota_revision_gestion":"","estado_id":"9","entidad":"Ciudad de México","municipio_id":"15","municipio":"Cuauhtémoc","localidad_id":"1","localidad":"Cuauhtémoc","calle_numero":"Av. Juan Escutia 96","colonia":"Col. Condesa","cp":"6140.0","telefono":"55 5211 4941","pagina_web":"https://forosylviapasquel.com/foro-sugar","email":"foropasquel@hotmail.com","facebook":"https://www.facebook.com/foro.pasquel","twitter":"foropasquel","instagram":"","aforo":55,"tipo_escenario":"frontal","num_pantallas":"","link_sic":"http://sic.gob.mx/ficha.php?table=teatro&table_id=1003","fecha_modificacion":"2022-07-08 06:53:56-05","es_pilares":"NO","dataset_relacionado":"","revision_manual":"NO","motivo_revision":"","fuente":"Sistema de Información Cultural (SIC)"}},{"type":"Feature","geometry":{"type":"Point","coordinates":[-99.17241,19.41612]},"properties":{"id_cultural":"TEATRO_380","id_sic":"380","tipo_cultural":"TEATRO","nombre":"Foro El Círculo Teatral","fecha_fundacion":"2004-04-07","adscripcion_original":"El Círculo Teatral, S.C.","tipo_gestion":"PRIVADO","criterio_clasificacion":"EVIDENCIA_INSTITUCIONAL_PRIVADA","fuente_revision_gestion":"","nota_revision_gestion":"","estado_id":"9","entidad":"Ciudad de México","municipio_id":"15","municipio":"Cuauhtémoc","localidad_id":"1","localidad":"Cuauhtémoc","calle_numero":"Veracruz 107","colonia":"Col. Condesa","cp":"6140.0","telefono":"55 5553 1383","pagina_web":"https://www.elcirculoteatral.com/?fbclid=IwY2xjawPUz4JleHRuA2FlbQIxMABicmlkETFBbzdDbDFYTHZ5ZEk4bXBOc3J0YwZhcHBfaWQQMjIyMDM5MTc4ODIwMDg5MgABHhFGbUfU0HiZBmoux6HFYVMR2_tOPN7x8LM0uoF5Bu-H4FMyDzD1tgmfFthn_aem_mvMFTbqZfzygTpGkdb5R7w","email":"elcirculoteatralmx@gmail.com","facebook":"https://www.facebook.com/elcirculoteatral","twitter":"","instagram":"https://www.instagram.com/elcirculoteatral/?fbclid=IwY2xjawPUzs1leHRuA2FlbQIxMABicmlkETFBbzdDbDFYTHZ5ZEk4bXBOc3J0YwZhcHBfaWQQMjIyMDM5MTc4ODIwMDg5MgABHu4U1tp3XbH5SmPbIhGgRk137FdlWiIaS6vf1CZKmLPOcU-k-5lt8t6LgqZK_aem_SYG5fvKsO8pMQOFgOzUwlQ#","aforo":70,"tipo_escenario":"","num_pantallas":"","link_sic":"http://sic.gob.mx/ficha.php?table=teatro&table_id=380","fecha_modificacion":"2026-01-14 14:01:09-06","es_pilares":"NO","dataset_relacionado":"","revision_manual":"NO","motivo_revision":"","fuente":"Sistema de Información Cultural (SIC)"}},{"type":"Feature","geometry":{"type":"Point","coordinates":[-99.16773,19.41528]},"properties":{"id_cultural":"TEATRO_827","id_sic":"827","tipo_cultural":"TEATRO","nombre":"Sala de teatro Así que pasen cinco años","fecha_fundacion":"2013-10-24","adscripcion_original":"Telemakia Teatro","tipo_gestion":"PRIVADO","criterio_clasificacion":"CLASIFICACION_EXPLICITA","fuente_revision_gestion":"","nota_revision_gestion":"","estado_id":"9","entidad":"Ciudad de México","municipio_id":"15","municipio":"Cuauhtémoc","localidad_id":"1","localidad":"Cuauhtémoc","calle_numero":"Cacahuamilpa 24","colonia":"Col. Hipodroma Condesa","cp":"","telefono":"55 6390 2422","pagina_web":"http://www.facebook.com/telemakia.heleannejuancristobalcastillo","email":"heleannebs@hotmail.com","facebook":"","twitter":"","instagram":"","aforo":17,"tipo_escenario":"irregular","num_pantallas":"","link_sic":"http://sic.gob.mx/ficha.php?table=teatro&table_id=827","fecha_modificacion":"2021-05-27 04:29:12-05","es_pilares":"NO","dataset_relacionado":"","revision_manual":"NO","motivo_revision":"","fuente":"Sistema de Información Cultural (SIC)"}},{"type":"Feature","geometry":{"type":"Point","coordinates":[-99.1509,19.43016]},"properties":{"id_cultural":"TEATRO_452","id_sic":"452","tipo_cultural":"TEATRO","nombre":"Teatro Ciudadela","fecha_fundacion":"1954-11-01","adscripcion_original":"Subdirección de Acción Cultural del ISSSTE/Sindicato Nacional de los Trabajadores","tipo_gestion":"PUBLICO","criterio_clasificacion":"EVIDENCIA_INSTITUCIONAL_PUBLICA","fuente_revision_gestion":"","nota_revision_gestion":"","estado_id":"9","entidad":"Ciudad de México","municipio_id":"15","municipio":"Cuauhtémoc","localidad_id":"1","localidad":"Cuauhtémoc","calle_numero":"Tres Guerras 9","colonia":"Centro","cp":"6040.0","telefono":"","pagina_web":"","email":"","facebook":"","twitter":"","instagram":"","aforo":422,"tipo_escenario":"italiano","num_pantallas":"","link_sic":"http://sic.gob.mx/ficha.php?table=teatro&table_id=452","fecha_modificacion":"2025-05-27 12:54:47-06","es_pilares":"NO","dataset_relacionado":"","revision_manual":"NO","motivo_revision":"","fuente":"Sistema de Información Cultural (SIC)"}},{"type":"Feature","geometry":{"type":"Point","coordinates":[-99.17643,19.41978]},"properties":{"id_cultural":"TEATRO_453","id_sic":"453","tipo_cultural":"TEATRO","nombre":"Foro Shakespeare","fecha_fundacion":"1983-06-21","adscripcion_original":"Centro Cultural Foro Shakespeare, A.C.","tipo_gestion":"PRIVADO","criterio_clasificacion":"EVIDENCIA_INSTITUCIONAL_PRIVADA","fuente_revision_gestion":"","nota_revision_gestion":"","estado_id":"9","entidad":"Ciudad de México","municipio_id":"15","municipio":"Cuauhtémoc","localidad_id":"1","localidad":"Cuauhtémoc","calle_numero":"Zamora 7 esq. Veracruz","colonia":"Col. Condesa","cp":"6140.0","telefono":"+52 55 5256 0014","pagina_web":"http://www.foroshakespeare.com/","email":"hola@foroshakespeare.com","facebook":"https://www.facebook.com/foroshakespeare","twitter":"ForoShakespeare","instagram":"https://www.instagram.com/foro.shakespeare/","aforo":284,"tipo_escenario":"multimodal","num_pantallas":"","link_sic":"http://sic.gob.mx/ficha.php?table=teatro&table_id=453","fecha_modificacion":"2025-07-29 10:33:54-06","es_pilares":"NO","dataset_relacionado":"","revision_manual":"NO","motivo_revision":"","fuente":"Sistema de Información Cultural (SIC)"}},{"type":"Feature","geometry":{"type":"Point","coordinates":[-99.16185,19.43804]},"properties":{"id_cultural":"TEATRO_294","id_sic":"294","tipo_cultural":"TEATRO","nombre":"Teatro Aldama","fecha_fundacion":"1984-07-17","adscripcion_original":"Gou Producciones","tipo_gestion":"PRIVADO","criterio_clasificacion":"CLASIFICACION_EXPLICITA","fuente_revision_gestion":"","nota_revision_gestion":"","estado_id":"9","entidad":"Ciudad de México","municipio_id":"15","municipio":"Cuauhtémoc","localidad_id":"1","localidad":"Cuauhtémoc","calle_numero":"Rosas Moreno 71","colonia":"Col. San Rafael","cp":"6470.0","telefono":"55 5546 3740","pagina_web":"https://carteleradeteatro.mx/teatro/centro/teatro-aldama/","email":"enrique.gomez@gouproducciones.mx","facebook":"https://www.facebook.com/pages/Teatro-Aldama/366475700464444?locale=es_LA","twitter":"","instagram":"","aforo":849,"tipo_escenario":"italiano","num_pantallas":"","link_sic":"http://sic.gob.mx/ficha.php?table=teatro&table_id=294","fecha_modificacion":"2025-07-29 14:33:24-06","es_pilares":"NO","dataset_relacionado":"","revision_manual":"NO","motivo_revision":"","fuente":"Sistema de Información Cultural (SIC)"}},{"type":"Feature","geometry":{"type":"Point","coordinates":[-99.17391,19.4206]},"properties":{"id_cultural":"TEATRO_401","id_sic":"401","tipo_cultural":"TEATRO","nombre":"Teatro Profr. Ismael Rodríguez Aragón SNTSS","fecha_fundacion":"1990-12-31","adscripcion_original":"Unidad Cultural y Recreativa, Sindicato Nacional de Trabajadores del Seguro Social (SNTSS)","tipo_gestion":"PRIVADO","criterio_clasificacion":"REVISION_MANUAL","fuente_revision_gestion":"","nota_revision_gestion":"","estado_id":"9","entidad":"Ciudad de México","municipio_id":"15","municipio":"Cuauhtémoc","localidad_id":"1","localidad":"Cuauhtémoc","calle_numero":"Sonora 13","colonia":"Col. Roma","cp":"6700.0","telefono":"55 5286 10 59","pagina_web":"http://www.sntss.org.mx","email":"gonzalezgar_1323@hotmail.com","facebook":"","twitter":"","instagram":"","aforo":157,"tipo_escenario":"italiano","num_pantallas":"","link_sic":"http://sic.gob.mx/ficha.php?table=teatro&table_id=401","fecha_modificacion":"2024-07-05 11:53:26-06","es_pilares":"NO","dataset_relacionado":"","revision_manual":"NO","motivo_revision":"","fuente":"Sistema de Información Cultural (SIC)"}},{"type":"Feature","geometry":{"type":"Point","coordinates":[-99.15876,19.43457]},"properties":{"id_cultural":"TEATRO_507","id_sic":"507","tipo_cultural":"TEATRO","nombre":"Teatro Venustiano Carranza","fecha_fundacion":"1974-10-24","adscripcion_original":"Confederación de Trabajadores de México (CTM)","tipo_gestion":"PRIVADO","criterio_clasificacion":"REVISION_MANUAL","fuente_revision_gestion":"","nota_revision_gestion":"","estado_id":"9","entidad":"Ciudad de México","municipio_id":"15","municipio":"Cuauhtémoc","localidad_id":"1","localidad":"Cuauhtémoc","calle_numero":"Antonio Caso 67","colonia":"Col. San Rafael","cp":"6470.0","telefono":"(55) 5546 3940","pagina_web":"","email":"varelaproduccionesteatrales@yahoo.com.mx","facebook":"","twitter":"","instagram":"","aforo":550,"tipo_escenario":"italiano","num_pantallas":"","link_sic":"http://sic.gob.mx/ficha.php?table=teatro&table_id=507","fecha_modificacion":"2026-01-06 16:32:38-06","es_pilares":"NO","dataset_relacionado":"","revision_manual":"NO","motivo_revision":"","fuente":"Sistema de Información Cultural (SIC)"}},{"type":"Feature","geometry":{"type":"Point","coordinates":[-99.17373,19.42312]},"properties":{"id_cultural":"TEATRO_677","id_sic":"677","tipo_cultural":"TEATRO","nombre":"Teatro Reforma IMSS Juan Moisés Calleja","fecha_fundacion":"1953-09-04","adscripcion_original":"IMSS","tipo_gestion":"PUBLICO","criterio_clasificacion":"EVIDENCIA_INSTITUCIONAL_PUBLICA","fuente_revision_gestion":"","nota_revision_gestion":"","estado_id":"9","entidad":"Ciudad de México","municipio_id":"15","municipio":"Cuauhtémoc","localidad_id":"1","localidad":"Cuauhtémoc","calle_numero":"Av. Reforma 476 y Burdeos","colonia":"Col. Juárez","cp":"6600.0","telefono":"55 5238 2700 ext. 10010","pagina_web":"","email":"jesus.ramirezt@imss.gob.mx","facebook":"","twitter":"","instagram":"","aforo":0,"tipo_escenario":"","num_pantallas":"","link_sic":"http://sic.gob.mx/ficha.php?table=teatro&table_id=677","fecha_modificacion":"2024-05-14 15:25:22-06","es_pilares":"NO","dataset_relacionado":"","revision_manual":"NO","motivo_revision":"","fuente":"Sistema de Información Cultural (SIC)"}},{"type":"Feature","geometry":{"type":"Point","coordinates":[-99.16559,19.44109]},"properties":{"id_cultural":"TEATRO_425","id_sic":"425","tipo_cultural":"TEATRO","nombre":"Teatro Fernando Soler","fecha_fundacion":"1995-04-07","adscripcion_original":"Producciones Mafe, S.A. de C.V.","tipo_gestion":"PRIVADO","criterio_clasificacion":"EVIDENCIA_INSTITUCIONAL_PRIVADA","fuente_revision_gestion":"","nota_revision_gestion":"","estado_id":"9","entidad":"Ciudad de México","municipio_id":"15","municipio":"Cuauhtémoc","localidad_id":"1","localidad":"Cuauhtémoc","calle_numero":"Velázquez de León 31","colonia":"San Rafael","cp":"6470.0","telefono":"55 5546 1431, 55 5566 4321","pagina_web":"http://www.manolofabregas.com.mx","email":"produccfabregas@hotmail.com","facebook":"","twitter":"","instagram":"","aforo":428,"tipo_escenario":"","num_pantallas":"","link_sic":"http://sic.gob.mx/ficha.php?table=teatro&table_id=425","fecha_modificacion":"2024-06-03 11:07:21-06","es_pilares":"NO","dataset_relacionado":"","revision_manual":"NO","motivo_revision":"","fuente":"Sistema de Información Cultural (SIC)"}},{"type":"Feature","geometry":{"type":"Point","coordinates":[-99.15458,19.4523]},"properties":{"id_cultural":"TEATRO_872","id_sic":"872","tipo_cultural":"TEATRO","nombre":"Teatro Lúcido","fecha_fundacion":"2014-01-23","adscripcion_original":"","tipo_gestion":"NO_DETERMINADO","criterio_clasificacion":"SIN_ADSCRIPCION","fuente_revision_gestion":"","nota_revision_gestion":"","estado_id":"9","entidad":"Ciudad de México","municipio_id":"15","municipio":"Cuauhtémoc","localidad_id":"1","localidad":"Cuauhtémoc","calle_numero":"Dr. Enrique González Martínez 234","colonia":"Col. Santa María La Ribera","cp":"6400.0","telefono":"55 7517 9508","pagina_web":"","email":"lucidoteatrolucido@gmail.com","facebook":"https://www.facebook.com/teatrolucido/?locale=es_LA","twitter":"","instagram":"https://www.instagram.com/teatrolucido/?hl=en","aforo":0,"tipo_escenario":"multimodal","num_pantallas":"","link_sic":"http://sic.gob.mx/ficha.php?table=teatro&table_id=872","fecha_modificacion":"2024-05-17 14:03:25-06","es_pilares":"NO","dataset_relacionado":"","revision_manual":"SI","motivo_revision":"No existe adscripción disponible para determinar el tipo de gestión.","fuente":"Sistema de Información Cultural (SIC)"}},{"type":"Feature","geometry":{"type":"Point","coordinates":[-99.15483,19.43134]},"properties":{"id_cultural":"TEATRO_1033","id_sic":"1033","tipo_cultural":"TEATRO","nombre":"Nuevo Teatro Versalles","fecha_fundacion":"2023-02-01","adscripcion_original":"","tipo_gestion":"NO_DETERMINADO","criterio_clasificacion":"SIN_ADSCRIPCION","fuente_revision_gestion":"","nota_revision_gestion":"","estado_id":"9","entidad":"Ciudad de México","municipio_id":"15","municipio":"Cuauhtémoc","localidad_id":"1","localidad":"Cuauhtémoc","calle_numero":"Versalles 27, 4° piso","colonia":"Col. Juárez","cp":"6600.0","telefono":"55 5546 2975","pagina_web":"","email":"","facebook":"","twitter":"","instagram":"","aforo":150,"tipo_escenario":"","num_pantallas":"","link_sic":"http://sic.gob.mx/ficha.php?table=teatro&table_id=1033","fecha_modificacion":"2023-03-14 09:02:12-06","es_pilares":"NO","dataset_relacionado":"","revision_manual":"SI","motivo_revision":"No existe adscripción disponible para determinar el tipo de gestión.","fuente":"Sistema de Información Cultural (SIC)"}},{"type":"Feature","geometry":{"type":"Point","coordinates":[-99.14038,19.4545]},"properties":{"id_cultural":"TEATRO_262","id_sic":"262","tipo_cultural":"TEATRO","nombre":"Teatro Félix Azuela Padilla","fecha_fundacion":"1974-12-01","adscripcion_original":"Instituto Mexicano del Seguro Social (IMSS)","tipo_gestion":"PUBLICO","criterio_clasificacion":"EVIDENCIA_INSTITUCIONAL_PUBLICA","fuente_revision_gestion":"","nota_revision_gestion":"","estado_id":"9","entidad":"Ciudad de México","municipio_id":"15","municipio":"Cuauhtémoc","localidad_id":"1","localidad":"Cuauhtémoc","calle_numero":"Av. Manuel González 368","colonia":"Col. Nonoalco Tlatelolco","cp":"6900.0","telefono":"55 5597 7409","pagina_web":"http://www.fidteatros.com.mx","email":"david.botelloc@imss.gob.mx","facebook":"","twitter":"","instagram":"","aforo":371,"tipo_escenario":"semicircular","num_pantallas":"","link_sic":"http://sic.gob.mx/ficha.php?table=teatro&table_id=262","fecha_modificacion":"2024-05-24 10:04:57-06","es_pilares":"NO","dataset_relacionado":"","revision_manual":"NO","motivo_revision":"","fuente":"Sistema de Información Cultural (SIC)"}},{"type":"Feature","geometry":{"type":"Point","coordinates":[-99.16375,19.42215]},"properties":{"id_cultural":"TEATRO_759","id_sic":"759","tipo_cultural":"TEATRO","nombre":"Foro Puebla 186","fecha_fundacion":"1000-01-01","adscripcion_original":"","tipo_gestion":"NO_DETERMINADO","criterio_clasificacion":"SIN_ADSCRIPCION","fuente_revision_gestion":"","nota_revision_gestion":"","estado_id":"9","entidad":"Ciudad de México","municipio_id":"15","municipio":"Cuauhtémoc","localidad_id":"1","localidad":"Cuauhtémoc","calle_numero":"Puebla 186","colonia":"Col. Roma Norte","cp":"6721.0","telefono":"55 5511 5946","pagina_web":"https://foropuebla.com/","email":"contrataciones@venues.eco; taquilla.fpuebla@venues.eco","facebook":"https://www.facebook.com/ForoPueblaCDMX","twitter":"","instagram":"https://www.instagram.com/foropuebla186/","aforo":800,"tipo_escenario":"","num_pantallas":"","link_sic":"http://sic.gob.mx/ficha.php?table=teatro&table_id=759","fecha_modificacion":"2026-01-09 17:27:14-06","es_pilares":"NO","dataset_relacionado":"","revision_manual":"SI","motivo_revision":"No existe adscripción disponible para determinar el tipo de gestión.","fuente":"Sistema de Información Cultural (SIC)"}},{"type":"Feature","geometry":{"type":"Point","coordinates":[-99.16562,19.44082]},"properties":{"id_cultural":"TEATRO_388","id_sic":"388","tipo_cultural":"TEATRO","nombre":"Teatro México Centro Teatral Manolo Fábregas","fecha_fundacion":"1995-04-06","adscripcion_original":"Producciones Mafe, S.A. de C.V.","tipo_gestion":"PRIVADO","criterio_clasificacion":"EVIDENCIA_INSTITUCIONAL_PRIVADA","fuente_revision_gestion":"","nota_revision_gestion":"","estado_id":"9","entidad":"Ciudad de México","municipio_id":"15","municipio":"Cuauhtémoc","localidad_id":"1","localidad":"Cuauhtémoc","calle_numero":"Velázquez de León 31","colonia":"Col. San Rafael","cp":"6470.0","telefono":"(55) 5566 4321","pagina_web":"http://www.manolofabregas.com.mx","email":"produccfabregas@hotmail.com","facebook":"","twitter":"","instagram":"","aforo":794,"tipo_escenario":"","num_pantallas":"","link_sic":"http://sic.gob.mx/ficha.php?table=teatro&table_id=388","fecha_modificacion":"2018-09-26 07:55:26-05","es_pilares":"NO","dataset_relacionado":"","revision_manual":"NO","motivo_revision":"","fuente":"Sistema de Información Cultural (SIC)"}},{"type":"Feature","geometry":{"type":"Point","coordinates":[-99.16932,19.41619]},"properties":{"id_cultural":"TEATRO_505","id_sic":"505","tipo_cultural":"TEATRO","nombre":"Teatro Sala Chopin","fecha_fundacion":"1952-04-25","adscripcion_original":"Grupo Gomo, Coorporativo de la Sala Chopin","tipo_gestion":"PRIVADO","criterio_clasificacion":"REVISION_MANUAL","fuente_revision_gestion":"","nota_revision_gestion":"","estado_id":"9","entidad":"Ciudad de México","municipio_id":"15","municipio":"Cuauhtémoc","localidad_id":"1","localidad":"Cuauhtémoc","calle_numero":"Álvaro Obregón 302","colonia":"Col. Roma","cp":"6700.0","telefono":"55 5211 3257","pagina_web":"http://www.salachopin.com.mx","email":"contacto@salachopin.com","facebook":"www.facebook.com/salachopinmexico","twitter":"","instagram":"www.instagram.com/salachopin/","aforo":285,"tipo_escenario":"italiano","num_pantallas":"","link_sic":"http://sic.gob.mx/ficha.php?table=teatro&table_id=505","fecha_modificacion":"2026-01-26 10:40:18-06","es_pilares":"NO","dataset_relacionado":"","revision_manual":"NO","motivo_revision":"","fuente":"Sistema de Información Cultural (SIC)"}},{"type":"Feature","geometry":{"type":"Point","coordinates":[-99.13872,19.43675]},"properties":{"id_cultural":"TEATRO_399","id_sic":"399","tipo_cultural":"TEATRO","nombre":"Teatro Fru Fru","fecha_fundacion":"1899-01-01","adscripcion_original":"Particular","tipo_gestion":"PRIVADO","criterio_clasificacion":"CLASIFICACION_EXPLICITA","fuente_revision_gestion":"","nota_revision_gestion":"","estado_id":"9","entidad":"Ciudad de México","municipio_id":"15","municipio":"Cuauhtémoc","localidad_id":"1","localidad":"Cuauhtémoc","calle_numero":"Donceles 24","colonia":"Centro","cp":"6010.0","telefono":"(55) 4202 3788","pagina_web":"","email":"hugocesar_rico@hotmail.com","facebook":"https://www.facebook.com/TeatroFruFruOficial/?locale=es_LA","twitter":"https://x.com/TeatroFruFruOf1","instagram":"https://www.instagram.com/teatrofrufruoficial/?hl=es","aforo":1300,"tipo_escenario":"","num_pantallas":"","link_sic":"http://sic.gob.mx/ficha.php?table=teatro&table_id=399","fecha_modificacion":"2025-11-24 19:44:54-06","es_pilares":"NO","dataset_relacionado":"","revision_manual":"NO","motivo_revision":"","fuente":"Sistema de Información Cultural (SIC)"}},{"type":"Feature","geometry":{"type":"Point","coordinates":[-99.17006,19.41163]},"properties":{"id_cultural":"TEATRO_435","id_sic":"435","tipo_cultural":"TEATRO","nombre":"Teatro al Aire Libre Coronel Lindbergh","fecha_fundacion":"1928-06-01","adscripcion_original":"Gobierno del Distrito Federal / Delegación Cuauhtémoc","tipo_gestion":"PUBLICO","criterio_clasificacion":"EVIDENCIA_INSTITUCIONAL_PUBLICA","fuente_revision_gestion":"","nota_revision_gestion":"","estado_id":"9","entidad":"Ciudad de México","municipio_id":"15","municipio":"Cuauhtémoc","localidad_id":"1","localidad":"Cuauhtémoc","calle_numero":"Parque México entre Michoacán y Av. México","colonia":"Col. Hipódromo Condesa","cp":"6170.0","telefono":"55 2452 3219 Servicios culturales de la Delegación Cuauhtémoc","pagina_web":"","email":"","facebook":"","twitter":"","instagram":"","aforo":1000,"tipo_escenario":"frontal","num_pantallas":"","link_sic":"http://sic.gob.mx/ficha.php?table=teatro&table_id=435","fecha_modificacion":"2026-09-01 11:15:38-06","es_pilares":"NO","dataset_relacionado":"","revision_manual":"NO","motivo_revision":"","fuente":"Sistema de Información Cultural (SIC)"}},{"type":"Feature","geometry":{"type":"Point","coordinates":[-99.16585,19.44158]},"properties":{"id_cultural":"TEATRO_397","id_sic":"397","tipo_cultural":"TEATRO","nombre":"Teatro San Rafael","fecha_fundacion":"1977-05-17","adscripcion_original":"Producciones Mafe, S.A. de C.V.","tipo_gestion":"PRIVADO","criterio_clasificacion":"EVIDENCIA_INSTITUCIONAL_PRIVADA","fuente_revision_gestion":"","nota_revision_gestion":"","estado_id":"9","entidad":"Ciudad de México","municipio_id":"15","municipio":"Cuauhtémoc","localidad_id":"1","localidad":"Cuauhtémoc","calle_numero":"Virginia Fábregas 40","colonia":"Col. San Rafael","cp":"6470.0","telefono":"55 5592 2954","pagina_web":"https://carteleradeteatro.mx/teatro/centro/teatro-san-rafael/","email":"produccfabregas@hotmail.com","facebook":"","twitter":"","instagram":"","aforo":1372,"tipo_escenario":"italiano","num_pantallas":"","link_sic":"http://sic.gob.mx/ficha.php?table=teatro&table_id=397","fecha_modificacion":"2023-12-04 04:08:12-06","es_pilares":"NO","dataset_relacionado":"","revision_manual":"NO","motivo_revision":"","fuente":"Sistema de Información Cultural (SIC)"}},{"type":"Feature","geometry":{"type":"Point","coordinates":[-99.13824,19.42108]},"properties":{"id_cultural":"TEATRO_270","id_sic":"270","tipo_cultural":"TEATRO","nombre":"Teatro San Millán de Loyola","fecha_fundacion":"1989-06-28","adscripcion_original":"Sindicato Único de Trabajadores del Gobierno del Distrito Federal Sección 21","tipo_gestion":"PUBLICO","criterio_clasificacion":"EVIDENCIA_INSTITUCIONAL_PUBLICA","fuente_revision_gestion":"","nota_revision_gestion":"","estado_id":"9","entidad":"Ciudad de México","municipio_id":"15","municipio":"Cuauhtémoc","localidad_id":"1","localidad":"Cuauhtémoc","calle_numero":"Lucas Alamán s/n","colonia":"Col. Obrera","cp":"6800.0","telefono":"55 5566 3233 (sindicato)","pagina_web":"https://www.facebook.com/pages/Teatro-San-Millan/179220558833602","email":"","facebook":"","twitter":"","instagram":"","aforo":380,"tipo_escenario":"italiano","num_pantallas":"","link_sic":"http://sic.gob.mx/ficha.php?table=teatro&table_id=270","fecha_modificacion":"2023-12-05 11:53:56-06","es_pilares":"NO","dataset_relacionado":"","revision_manual":"NO","motivo_revision":"","fuente":"Sistema de Información Cultural (SIC)"}},{"type":"Feature","geometry":{"type":"Point","coordinates":[-99.16583,19.4424]},"properties":{"id_cultural":"TEATRO_297","id_sic":"297","tipo_cultural":"TEATRO","nombre":"Teatro al Aire Libre Juan Ruiz de Alarcón","fecha_fundacion":"1980-12-01","adscripcion_original":"Centro Cultural Juan Ruiz de Alarcón/Alcaldía Cuauhtémoc","tipo_gestion":"PUBLICO","criterio_clasificacion":"EVIDENCIA_INSTITUCIONAL_PUBLICA","fuente_revision_gestion":"","nota_revision_gestion":"","estado_id":"9","entidad":"Ciudad de México","municipio_id":"15","municipio":"Cuauhtémoc","localidad_id":"1","localidad":"Cuauhtémoc","calle_numero":"Virginia Fábregas esq. Av. Ribera de San Cosme","colonia":"Col. San Rafael","cp":"6470.0","telefono":"55 1808.2772","pagina_web":"https://historico.alcaldiacuauhtemoc.mx/nope/centro-juan-ruiz-de-alarcon/","email":"","facebook":"","twitter":"","instagram":"","aforo":500,"tipo_escenario":"italiano","num_pantallas":"","link_sic":"http://sic.gob.mx/ficha.php?table=teatro&table_id=297","fecha_modificacion":"2023-09-25 05:41:18-06","es_pilares":"NO","dataset_relacionado":"","revision_manual":"NO","motivo_revision":"","fuente":"Sistema de Información Cultural (SIC)"}},{"type":"Feature","geometry":{"type":"Point","coordinates":[-99.16698,19.40895]},"properties":{"id_cultural":"TEATRO_269","id_sic":"269","tipo_cultural":"TEATRO","nombre":"Centro Cultural El Foco (antes Foro de la Comedia)","fecha_fundacion":"1993-05-31","adscripcion_original":"Compañía de Teatro de Árbol, A.C.","tipo_gestion":"PRIVADO","criterio_clasificacion":"EVIDENCIA_INSTITUCIONAL_PRIVADA","fuente_revision_gestion":"","nota_revision_gestion":"","estado_id":"9","entidad":"Ciudad de México","municipio_id":"15","municipio":"Cuauhtémoc","localidad_id":"1","localidad":"Cuauhtémoc","calle_numero":"Tlacotalpan 16","colonia":"Col. Roma Sur","cp":"6700.0","telefono":"55 5574 9011","pagina_web":"","email":"contactoelfoco@gmail.com","facebook":"https://www.facebook.com/CCElFoco/?locale=es_LA","twitter":"","instagram":"","aforo":81,"tipo_escenario":"isabelino","num_pantallas":"","link_sic":"http://sic.gob.mx/ficha.php?table=teatro&table_id=269","fecha_modificacion":"2026-01-20 14:03:35-06","es_pilares":"NO","dataset_relacionado":"","revision_manual":"NO","motivo_revision":"","fuente":"Sistema de Información Cultural (SIC)"}},{"type":"Feature","geometry":{"type":"Point","coordinates":[-99.15655,19.43042]},"properties":{"id_cultural":"TEATRO_647","id_sic":"647","tipo_cultural":"TEATRO","nombre":"Teatro El Milagro","fecha_fundacion":"2008-04-05","adscripcion_original":"Arte El Milagro, A.C.","tipo_gestion":"PRIVADO","criterio_clasificacion":"EVIDENCIA_INSTITUCIONAL_PRIVADA","fuente_revision_gestion":"","nota_revision_gestion":"","estado_id":"9","entidad":"Ciudad de México","municipio_id":"15","municipio":"Cuauhtémoc","localidad_id":"1","localidad":"Cuauhtémoc","calle_numero":"Milán 24","colonia":"Col. Juárez","cp":"6600.0","telefono":"55 5535 1291","pagina_web":"http://www.elmilagro.org.mx/","email":"difusion@elmilagro.org.mx","facebook":"","twitter":"","instagram":"","aforo":0,"tipo_escenario":"","num_pantallas":"","link_sic":"http://sic.gob.mx/ficha.php?table=teatro&table_id=647","fecha_modificacion":"2021-06-08 07:57:38-05","es_pilares":"NO","dataset_relacionado":"","revision_manual":"NO","motivo_revision":"","fuente":"Sistema de Información Cultural (SIC)"}},{"type":"Feature","geometry":{"type":"Point","coordinates":[-99.1416,19.43681]},"properties":{"id_cultural":"TEATRO_248","id_sic":"248","tipo_cultural":"TEATRO","nombre":"Teatro Hidalgo Ignacio Retes","fecha_fundacion":"1962-05-09","adscripcion_original":"Fideicomiso de administración de Teatros y salas de espectáculos del IMSS","tipo_gestion":"PUBLICO","criterio_clasificacion":"EVIDENCIA_INSTITUCIONAL_PUBLICA","fuente_revision_gestion":"","nota_revision_gestion":"","estado_id":"9","entidad":"Ciudad de México","municipio_id":"15","municipio":"Cuauhtémoc","localidad_id":"1","localidad":"Cuauhtémoc","calle_numero":"Av. Hidalgo 23","colonia":"Col. Guerrero","cp":"6300.0","telefono":"55 5326 5445 Ext. 27095","pagina_web":"http://www.teatrodelanacion.com.mx","email":"roberto.guzmanre@imss.gob.mx","facebook":"","twitter":"","instagram":"","aforo":816,"tipo_escenario":"italiano","num_pantallas":"","link_sic":"http://sic.gob.mx/ficha.php?table=teatro&table_id=248","fecha_modificacion":"2025-04-11 14:26:26-06","es_pilares":"NO","dataset_relacionado":"","revision_manual":"NO","motivo_revision":"","fuente":"Sistema de Información Cultural (SIC)"}},{"type":"Feature","geometry":{"type":"Point","coordinates":[-99.16095,19.43199]},"properties":{"id_cultural":"TEATRO_427","id_sic":"427","tipo_cultural":"TEATRO","nombre":"Teatro Benito Juárez","fecha_fundacion":"1984-01-01","adscripcion_original":"Secretaría de Cultura del Gobierno de la Ciudad de México","tipo_gestion":"PUBLICO","criterio_clasificacion":"EVIDENCIA_INSTITUCIONAL_PUBLICA","fuente_revision_gestion":"","nota_revision_gestion":"","estado_id":"9","entidad":"Ciudad de México","municipio_id":"15","municipio":"Cuauhtémoc","localidad_id":"1","localidad":"Cuauhtémoc","calle_numero":"Villalongín 15","colonia":"Col. Cuauhtémoc","cp":"6500.0","telefono":"55 55 92 73 89","pagina_web":"https://www.cultura.cdmx.gob.mx/recintos/tbj","email":"cst.benitojuarez@gmail.com","facebook":"","twitter":"","instagram":"","aforo":280,"tipo_escenario":"italiano","num_pantallas":"","link_sic":"http://sic.gob.mx/ficha.php?table=teatro&table_id=427","fecha_modificacion":"2023-12-05 11:01:06-06","es_pilares":"NO","dataset_relacionado":"","revision_manual":"NO","motivo_revision":"","fuente":"Sistema de Información Cultural (SIC)"}},{"type":"Feature","geometry":{"type":"Point","coordinates":[-99.15676,19.42996]},"properties":{"id_cultural":"TEATRO_899","id_sic":"899","tipo_cultural":"TEATRO","nombre":"Teatro Milán","fecha_fundacion":"2013-03-17","adscripcion_original":"Teletec","tipo_gestion":"PRIVADO","criterio_clasificacion":"REVISION_MANUAL","fuente_revision_gestion":"","nota_revision_gestion":"","estado_id":"9","entidad":"Ciudad de México","municipio_id":"15","municipio":"Cuauhtémoc","localidad_id":"1","localidad":"Cuauhtémoc","calle_numero":"Lucerna 64","colonia":"Col. Juárez","cp":"6600.0","telefono":"55 5535 4178","pagina_web":"http://www.teatromilan.com/","email":"info@teatromilanforolucerna.com","facebook":"https://www.facebook.com/TeatroMilanForoLucerna","twitter":"teatro_milan","instagram":"@teatromilan_forolucerna","aforo":260,"tipo_escenario":"Italiano","num_pantallas":"","link_sic":"http://sic.gob.mx/ficha.php?table=teatro&table_id=899","fecha_modificacion":"2024-10-18 12:14:41-06","es_pilares":"NO","dataset_relacionado":"","revision_manual":"NO","motivo_revision":"","fuente":"Sistema de Información Cultural (SIC)"}},{"type":"Feature","geometry":{"type":"Point","coordinates":[-99.14997,19.42916]},"properties":{"id_cultural":"TEATRO_777","id_sic":"777","tipo_cultural":"TEATRO","nombre":"Foro Polivalente Antonieta Rivas Mercado","fecha_fundacion":"2013-08-28","adscripcion_original":"Secretaría de Cultura Federal/Biblioteca de México","tipo_gestion":"PUBLICO","criterio_clasificacion":"EVIDENCIA_INSTITUCIONAL_PUBLICA","fuente_revision_gestion":"","nota_revision_gestion":"","estado_id":"9","entidad":"Ciudad de México","municipio_id":"15","municipio":"Cuauhtémoc","localidad_id":"1","localidad":"Cuauhtémoc","calle_numero":"Plaza de la Ciudadela 4","colonia":"Centro","cp":"6040.0","telefono":"(55) 4155 0830 ext. 3856","pagina_web":"https://www.bibliotecademexico.gob.mx/info_detalle_mx.php?id=90&area=SC","email":"","facebook":"https://www.facebook.com/pages/Foro-Polivalente-Antonieta-Rivas-Mercado/273065132901897?fref=ts","twitter":"","instagram":"","aforo":172,"tipo_escenario":"multimodal","num_pantallas":"","link_sic":"http://sic.gob.mx/ficha.php?table=teatro&table_id=777","fecha_modificacion":"2021-11-11 11:37:29-06","es_pilares":"NO","dataset_relacionado":"","revision_manual":"NO","motivo_revision":"","fuente":"Sistema de Información Cultural (SIC)"}},{"type":"Feature","geometry":{"type":"Point","coordinates":[-99.14269,19.45134]},"properties":{"id_cultural":"TEATRO_255","id_sic":"255","tipo_cultural":"TEATRO","nombre":"Teatro Auditorio Congreso del Trabajo","fecha_fundacion":"1976-09-01","adscripcion_original":"Congreso del Trabajo","tipo_gestion":"PRIVADO","criterio_clasificacion":"EVIDENCIA_INSTITUCIONAL_PRIVADA","fuente_revision_gestion":"","nota_revision_gestion":"","estado_id":"9","entidad":"Ciudad de México","municipio_id":"15","municipio":"Cuauhtémoc","localidad_id":"1","localidad":"Cuauhtémoc","calle_numero":"Av. Ricardo Flores Magón 44,  piso 7","colonia":"Col. Guerrero","cp":"6300.0","telefono":"55 5583 7787","pagina_web":"","email":"oficialmayor@eninfinitum.com","facebook":"https://www.facebook.com/profile.php?id=220352387998155&paipv=0&eav=AfZqDMo3-x0GvOXYy5mgfb5QWI7D-wpDRNgWArsCILCFZMFmnGyFASGTRgfYwDHQLfE&_rdr","twitter":"","instagram":"","aforo":710,"tipo_escenario":"Italiano","num_pantallas":"","link_sic":"http://sic.gob.mx/ficha.php?table=teatro&table_id=255","fecha_modificacion":"2023-10-11 04:54:59-06","es_pilares":"NO","dataset_relacionado":"","revision_manual":"NO","motivo_revision":"","fuente":"Sistema de Información Cultural (SIC)"}},{"type":"Feature","geometry":{"type":"Point","coordinates":[-99.14693,19.4335]},"properties":{"id_cultural":"TEATRO_459","id_sic":"459","tipo_cultural":"TEATRO","nombre":"Teatro Metropólitan","fecha_fundacion":"1943-09-08","adscripcion_original":"Operadora de Centros de Espectáculos, S.A.","tipo_gestion":"PRIVADO","criterio_clasificacion":"EVIDENCIA_INSTITUCIONAL_PRIVADA","fuente_revision_gestion":"","nota_revision_gestion":"","estado_id":"9","entidad":"Ciudad de México","municipio_id":"15","municipio":"Cuauhtémoc","localidad_id":"1","localidad":"Cuauhtémoc","calle_numero":"Independencia 90","colonia":"Centro","cp":"6050.0","telefono":"(55) 5510 1045 ext. 2100","pagina_web":"https://www.teatrometropolitan.mx/","email":"sbautista@ocesa.com.mx","facebook":"https://www.facebook.com/TeatroMetropolitan/?locale=es_LA","twitter":"@TMetropolitanMx","instagram":"","aforo":3165,"tipo_escenario":"italiano","num_pantallas":"","link_sic":"http://sic.gob.mx/ficha.php?table=teatro&table_id=459","fecha_modificacion":"2026-01-22 19:49:24-06","es_pilares":"NO","dataset_relacionado":"","revision_manual":"NO","motivo_revision":"","fuente":"Sistema de Información Cultural (SIC)"}},{"type":"Feature","geometry":{"type":"Point","coordinates":[-99.15648,19.43449]},"properties":{"id_cultural":"TEATRO_312","id_sic":"312","tipo_cultural":"TEATRO","nombre":"Teatro FSTSE","fecha_fundacion":"2000-10-23","adscripcion_original":"Federación de Sindicatos de Trabajadores al Servicio del Estado","tipo_gestion":"PRIVADO","criterio_clasificacion":"REVISION_MANUAL","fuente_revision_gestion":"","nota_revision_gestion":"","estado_id":"9","entidad":"Ciudad de México","municipio_id":"15","municipio":"Cuauhtémoc","localidad_id":"1","localidad":"Cuauhtémoc","calle_numero":"Ezequiel Montes 92","colonia":"Col. Tabacalera","cp":"6030.0","telefono":"(55) 5128 1600","pagina_web":"","email":"rocambra@gmail.com","facebook":"","twitter":"","instagram":"","aforo":573,"tipo_escenario":"italiano","num_pantallas":"","link_sic":"http://sic.gob.mx/ficha.php?table=teatro&table_id=312","fecha_modificacion":"2026-02-17 17:58:38-06","es_pilares":"NO","dataset_relacionado":"","revision_manual":"NO","motivo_revision":"","fuente":"Sistema de Información Cultural (SIC)"}},{"type":"Feature","geometry":{"type":"Point","coordinates":[-99.14854,19.43751]},"properties":{"id_cultural":"TEATRO_463","id_sic":"463","tipo_cultural":"TEATRO","nombre":"Teatro Lotería Nacional","fecha_fundacion":"1974-06-01","adscripcion_original":"Lotería Nacional para la Asistencia Pública","tipo_gestion":"PUBLICO","criterio_clasificacion":"EVIDENCIA_INSTITUCIONAL_PUBLICA","fuente_revision_gestion":"","nota_revision_gestion":"","estado_id":"9","entidad":"Ciudad de México","municipio_id":"15","municipio":"Cuauhtémoc","localidad_id":"1","localidad":"Cuauhtémoc","calle_numero":"Av. Hidalgo 130","colonia":"Col. Tabacalera","cp":"6030.0","telefono":"55 5140 7000 exts. 3605, 3140, 3141","pagina_web":"http://www.lotenal.gob.mx","email":"correo@lotenal.gob.mx","facebook":"https://www.facebook.com/LoteriaNacional.Mx/?locale=es_LA","twitter":"https://x.com/LN_electronicos","instagram":"https://www.instagram.com/loterianacional_mx/","aforo":214,"tipo_escenario":"italiano","num_pantallas":"","link_sic":"http://sic.gob.mx/ficha.php?table=teatro&table_id=463","fecha_modificacion":"2026-02-20 11:39:13-06","es_pilares":"NO","dataset_relacionado":"","revision_manual":"NO","motivo_revision":"","fuente":"Sistema de Información Cultural (SIC)"}},{"type":"Feature","geometry":{"type":"Point","coordinates":[-99.13492,19.44915]},"properties":{"id_cultural":"TEATRO_438","id_sic":"438","tipo_cultural":"TEATRO","nombre":"Centro Cultural de las Artes Escénicas Ernesto Gómez Cruz","fecha_fundacion":"1996-10-12","adscripcion_original":"Alcaldía Cuauhtémoc/Centro Social y Deportivo Club Antonio Caso","tipo_gestion":"PUBLICO","criterio_clasificacion":"EVIDENCIA_INSTITUCIONAL_PUBLICA","fuente_revision_gestion":"","nota_revision_gestion":"","estado_id":"9","entidad":"Ciudad de México","municipio_id":"15","municipio":"Cuauhtémoc","localidad_id":"1","localidad":"Cuauhtémoc","calle_numero":"Av. Paseo de la Reforma Norte 668, 3ra sección","colonia":"Col. Tlatelolco","cp":"6900.0","telefono":"55 4335 8006 ext. 109","pagina_web":"https://www.facebook.com/pages/Centro-Cultural-de-las-Artes-Esc%C3%A9nicas-Ernesto-G%C3%B3mez-Cruz/293696827331257","email":"centroculturalernestogomezcruz@yahoo.com.mx","facebook":"","twitter":"","instagram":"","aforo":425,"tipo_escenario":"italiano","num_pantallas":"","link_sic":"http://sic.gob.mx/ficha.php?table=teatro&table_id=438","fecha_modificacion":"2023-02-24 07:13:54-06","es_pilares":"NO","dataset_relacionado":"","revision_manual":"NO","motivo_revision":"","fuente":"Sistema de Información Cultural (SIC)"}},{"type":"Feature","geometry":{"type":"Point","coordinates":[-99.15719,19.41958]},"properties":{"id_cultural":"TEATRO_768","id_sic":"768","tipo_cultural":"TEATRO","nombre":"Foro Lenin","fecha_fundacion":"1985-01-01","adscripcion_original":"Centro Mexicano de Estudios Culturales y Sociales, A.C.","tipo_gestion":"PRIVADO","criterio_clasificacion":"EVIDENCIA_INSTITUCIONAL_PRIVADA","fuente_revision_gestion":"","nota_revision_gestion":"","estado_id":"9","entidad":"Ciudad de México","municipio_id":"15","municipio":"Cuauhtémoc","localidad_id":"1","localidad":"Cuauhtémoc","calle_numero":"Mérida 98 esq. Tabasco","colonia":"Col. Roma","cp":"6700.0","telefono":"55 5511 1027, 5514 7865","pagina_web":"https://forolenin.com/el-foro/","email":"forolenin@gmail.com; info@forolenin.gom","facebook":"https://www.facebook.com/Forolenin/","twitter":"","instagram":"forolenin","aforo":220,"tipo_escenario":"","num_pantallas":"","link_sic":"http://sic.gob.mx/ficha.php?table=teatro&table_id=768","fecha_modificacion":"2024-12-02 13:30:33-06","es_pilares":"NO","dataset_relacionado":"","revision_manual":"NO","motivo_revision":"","fuente":"Sistema de Información Cultural (SIC)"}},{"type":"Feature","geometry":{"type":"Point","coordinates":[-99.20132,19.43682]},"properties":{"id_cultural":"TEATRO_475","id_sic":"475","tipo_cultural":"TEATRO","nombre":"Sala Moliere (En remodelación)","fecha_fundacion":"1949-01-01","adscripcion_original":"Instituto Francés de América Latina (IFAL)","tipo_gestion":"PUBLICO","criterio_clasificacion":"REVISION_MANUAL","fuente_revision_gestion":"","nota_revision_gestion":"","estado_id":"9","entidad":"Ciudad de México","municipio_id":"15","municipio":"Cuauhtémoc","localidad_id":"1","localidad":"Cuauhtémoc","calle_numero":"Río Nazas 43","colonia":"Col. Cuauhtémoc","cp":"6500.0","telefono":"55 5566 0777 al 80","pagina_web":"https://ifal.mx/lecinema/cartelera","email":"informes@ifal.mx;  lecinema@ifal.mx","facebook":"https://www.facebook.com/lecinemaifal","twitter":"","instagram":"","aforo":236,"tipo_escenario":"","num_pantallas":"","link_sic":"http://sic.gob.mx/ficha.php?table=teatro&table_id=475","fecha_modificacion":"2025-06-18 11:37:13-06","es_pilares":"NO","dataset_relacionado":"","revision_manual":"NO","motivo_revision":"","fuente":"Sistema de Información Cultural (SIC)"}},{"type":"Feature","geometry":{"type":"Point","coordinates":[-99.16611,19.44153]},"properties":{"id_cultural":"TEATRO_394","id_sic":"394","tipo_cultural":"TEATRO","nombre":"Teatro Virginia Fábregas","fecha_fundacion":"1990-03-01","adscripcion_original":"Producciones Mafe, S.A. de C.V.","tipo_gestion":"PRIVADO","criterio_clasificacion":"EVIDENCIA_INSTITUCIONAL_PRIVADA","fuente_revision_gestion":"","nota_revision_gestion":"","estado_id":"9","entidad":"Ciudad de México","municipio_id":"15","municipio":"Cuauhtémoc","localidad_id":"1","localidad":"Cuauhtémoc","calle_numero":"Joaquín Velázquez de León 29","colonia":"Col. San Rafael","cp":"6470.0","telefono":"55 5535 5424","pagina_web":"","email":"direccionccvf@gmail.com","facebook":"https://www.facebook.com/CCVFOficial/?locale=es_LA","twitter":"","instagram":"","aforo":180,"tipo_escenario":"italiano","num_pantallas":"","link_sic":"http://sic.gob.mx/ficha.php?table=teatro&table_id=394","fecha_modificacion":"2026-01-26 13:50:24-06","es_pilares":"NO","dataset_relacionado":"","revision_manual":"NO","motivo_revision":"","fuente":"Sistema de Información Cultural (SIC)"}},{"type":"Feature","geometry":{"type":"Point","coordinates":[-99.14277,19.45512]},"properties":{"id_cultural":"TEATRO_883","id_sic":"883","tipo_cultural":"TEATRO","nombre":"Centro Cultural de las Artes Escénicas Teatro María Rojo","fecha_fundacion":"1964-11-21","adscripcion_original":"Secretaría de Cultura del Gobierno Federal","tipo_gestion":"PUBLICO","criterio_clasificacion":"EVIDENCIA_INSTITUCIONAL_PUBLICA","fuente_revision_gestion":"","nota_revision_gestion":"","estado_id":"9","entidad":"Ciudad de México","municipio_id":"15","municipio":"Cuauhtémoc","localidad_id":"1","localidad":"Cuauhtémoc","calle_numero":"Manuel González 2a. Secc. atrás del metro Tlatelolco","colonia":"Unidad Habitacional Nonoalco Tlatelolco","cp":"6900.0","telefono":"(55) 4335 8095","pagina_web":"https://www.facebook.com/Centro-Cultural-de-las-Artes-Esc%C3%A9nicas-Teatro-Mar%C3%ADa-Rojo-384096345041303/photos","email":"barbaracardonamatias@hotmail.com","facebook":"","twitter":"","instagram":"","aforo":0,"tipo_escenario":"","num_pantallas":"","link_sic":"http://sic.gob.mx/ficha.php?table=teatro&table_id=883","fecha_modificacion":"2017-02-27 12:57:49-06","es_pilares":"NO","dataset_relacionado":"","revision_manual":"NO","motivo_revision":"","fuente":"Sistema de Información Cultural (SIC)"}},{"type":"Feature","geometry":{"type":"Point","coordinates":[-99.15472,19.43117]},"properties":{"id_cultural":"TEATRO_518","id_sic":"518","tipo_cultural":"TEATRO","nombre":"Teatro Silvia Pinal","fecha_fundacion":"1991-05-02","adscripcion_original":"Particular","tipo_gestion":"PRIVADO","criterio_clasificacion":"CLASIFICACION_EXPLICITA","fuente_revision_gestion":"","nota_revision_gestion":"","estado_id":"9","entidad":"Ciudad de México","municipio_id":"15","municipio":"Cuauhtémoc","localidad_id":"1","localidad":"Cuauhtémoc","calle_numero":"Versalles 27","colonia":"Col. Juárez","cp":"6600.0","telefono":"55 5546 2975","pagina_web":"","email":"","facebook":"","twitter":"","instagram":"","aforo":660,"tipo_escenario":"italiano","num_pantallas":"","link_sic":"http://sic.gob.mx/ficha.php?table=teatro&table_id=518","fecha_modificacion":"2023-03-14 08:27:19-06","es_pilares":"NO","dataset_relacionado":"","revision_manual":"NO","motivo_revision":"","fuente":"Sistema de Información Cultural (SIC)"}},{"type":"Feature","geometry":{"type":"Point","coordinates":[-99.15167,19.44165]},"properties":{"id_cultural":"TEATRO_987","id_sic":"987","tipo_cultural":"TEATRO","nombre":"Foro La Nabe","fecha_fundacion":"2016-01-01","adscripcion_original":"","tipo_gestion":"NO_DETERMINADO","criterio_clasificacion":"SIN_ADSCRIPCION","fuente_revision_gestion":"","nota_revision_gestion":"","estado_id":"9","entidad":"Ciudad de México","municipio_id":"15","municipio":"Cuauhtémoc","localidad_id":"1","localidad":"Cuauhtémoc","calle_numero":"Linares 26","colonia":"Col. Roma Sur","cp":"6760.0","telefono":"55 2322 9306","pagina_web":"https://forolanabe.com/","email":"forolanabe@hotmail.com","facebook":"https://www.facebook.com/forolanabe/","twitter":"ForolaNabe","instagram":"","aforo":0,"tipo_escenario":"","num_pantallas":"","link_sic":"http://sic.gob.mx/ficha.php?table=teatro&table_id=987","fecha_modificacion":"2020-05-20 16:00:05-05","es_pilares":"NO","dataset_relacionado":"","revision_manual":"SI","motivo_revision":"No existe adscripción disponible para determinar el tipo de gestión.","fuente":"Sistema de Información Cultural (SIC)"}},{"type":"Feature","geometry":{"type":"Point","coordinates":[-99.15389,19.42472]},"properties":{"id_cultural":"TEATRO_832","id_sic":"832","tipo_cultural":"TEATRO","nombre":"Centro Cultural Teatro 1","fecha_fundacion":"1995-10-30","adscripcion_original":"Gou Producciones","tipo_gestion":"PRIVADO","criterio_clasificacion":"CLASIFICACION_EXPLICITA","fuente_revision_gestion":"","nota_revision_gestion":"","estado_id":"9","entidad":"Ciudad de México","municipio_id":"15","municipio":"Cuauhtémoc","localidad_id":"1","localidad":"Cuauhtémoc","calle_numero":"Av. Cuauhtémoc 19","colonia":"Col. Roma","cp":"6700.0","telefono":"55 4000 5631","pagina_web":"https://www.gouproducciones.mx/teatros-gou-producciones-cct1-cct2-aldama/","email":"","facebook":"https://www.facebook.com/centroculturalteatro1?locale=es_LA","twitter":"gouproducciones","instagram":"https://www.instagram.com/centroculturalteatro1/","aforo":2197,"tipo_escenario":"Italiano","num_pantallas":"","link_sic":"http://sic.gob.mx/ficha.php?table=teatro&table_id=832","fecha_modificacion":"2025-12-04 10:57:00-06","es_pilares":"NO","dataset_relacionado":"","revision_manual":"NO","motivo_revision":"","fuente":"Sistema de Información Cultural (SIC)"}},{"type":"Feature","geometry":{"type":"Point","coordinates":[-99.17941,19.41623]},"properties":{"id_cultural":"TEATRO_841","id_sic":"841","tipo_cultural":"TEATRO","nombre":"Bajo Circuito Multiforo Urbano","fecha_fundacion":"2014-10-01","adscripcion_original":"Grupo Litoral","tipo_gestion":"PRIVADO","criterio_clasificacion":"CLASIFICACION_EXPLICITA","fuente_revision_gestion":"","nota_revision_gestion":"","estado_id":"9","entidad":"Ciudad de México","municipio_id":"15","municipio":"Cuauhtémoc","localidad_id":"1","localidad":"Cuauhtémoc","calle_numero":"Bajo Puente de Circuito Interior s/n esq. Juan Escutia","colonia":"Col. Condesa","cp":"6140.0","telefono":"55 5211 7631","pagina_web":"","email":"infobc@arterial.mx; soporte@passline.mx","facebook":"https://www.facebook.com/pages/Bajo-Circuito/346862878812488?sk=timeline","twitter":"","instagram":"https://www.instagram.com/bajocircuito/?hl=es","aforo":250,"tipo_escenario":"multimodal","num_pantallas":"","link_sic":"http://sic.gob.mx/ficha.php?table=teatro&table_id=841","fecha_modificacion":"2026-06-10 12:24:56-06","es_pilares":"NO","dataset_relacionado":"","revision_manual":"NO","motivo_revision":"","fuente":"Sistema de Información Cultural (SIC)"}},{"type":"Feature","geometry":{"type":"Point","coordinates":[-99.162,19.43861]},"properties":{"id_cultural":"TEATRO_748","id_sic":"748","tipo_cultural":"TEATRO","nombre":"Espacio Universitario de Cultura Off Spring","fecha_fundacion":"2012-08-27","adscripcion_original":"","tipo_gestion":"NO_DETERMINADO","criterio_clasificacion":"SIN_ADSCRIPCION","fuente_revision_gestion":"","nota_revision_gestion":"","estado_id":"9","entidad":"Ciudad de México","municipio_id":"15","municipio":"Cuauhtémoc","localidad_id":"1","localidad":"Cuauhtémoc","calle_numero":"Francisco Pimentel 14 (entre José Rosas Moreno e Ignacio Altamirano)","colonia":"Col. San Rafael","cp":"6470.0","telefono":"(55) 5592 0619","pagina_web":"","email":"foroffspring@hotmail.com","facebook":"","twitter":"","instagram":"","aforo":300,"tipo_escenario":"","num_pantallas":"","link_sic":"http://sic.gob.mx/ficha.php?table=teatro&table_id=748","fecha_modificacion":"2018-08-23 05:25:00-05","es_pilares":"NO","dataset_relacionado":"","revision_manual":"SI","motivo_revision":"No existe adscripción disponible para determinar el tipo de gestión.","fuente":"Sistema de Información Cultural (SIC)"}},{"type":"Feature","geometry":{"type":"Point","coordinates":[-99.15915,19.41863]},"properties":{"id_cultural":"TEATRO_770","id_sic":"770","tipo_cultural":"TEATRO","nombre":"Foro del Tejedor","fecha_fundacion":"1991-01-01","adscripcion_original":"Cafebrería el Péndulo S.A. de C.V.","tipo_gestion":"PRIVADO","criterio_clasificacion":"EVIDENCIA_INSTITUCIONAL_PRIVADA","fuente_revision_gestion":"","nota_revision_gestion":"","estado_id":"9","entidad":"Ciudad de México","municipio_id":"15","municipio":"Cuauhtémoc","localidad_id":"1","localidad":"Cuauhtémoc","calle_numero":"Alvaro Obregon 86, piso 3 (entre Orizaba y Córdova)","colonia":"Col. Roma","cp":"6700.0","telefono":"55 5574 7034","pagina_web":"http://forodeltejedor.com","email":"esteban@pendulo.com; xana@pendulo.com","facebook":"","twitter":"","instagram":"","aforo":114,"tipo_escenario":"","num_pantallas":"","link_sic":"http://sic.gob.mx/ficha.php?table=teatro&table_id=770","fecha_modificacion":"2025-06-09 16:59:52-06","es_pilares":"NO","dataset_relacionado":"","revision_manual":"NO","motivo_revision":"","fuente":"Sistema de Información Cultural (SIC)"}},{"type":"Feature","geometry":{"type":"Point","coordinates":[-99.13767,19.45259]},"properties":{"id_cultural":"TEATRO_249","id_sic":"249","tipo_cultural":"TEATRO","nombre":"Teatro Isabela Corona","fecha_fundacion":"1962-02-15","adscripcion_original":"Instituto Mexicano del Seguro Social (IMSS)","tipo_gestion":"PUBLICO","criterio_clasificacion":"EVIDENCIA_INSTITUCIONAL_PUBLICA","fuente_revision_gestion":"","nota_revision_gestion":"","estado_id":"9","entidad":"Ciudad de México","municipio_id":"15","municipio":"Cuauhtémoc","localidad_id":"1","localidad":"Cuauhtémoc","calle_numero":"Eje Central Lázaro Cárdenas 445","colonia":"Col. Unidad Nonoalco-Tlatelolco","cp":"6900.0","telefono":"(55) 5782 1646","pagina_web":"https://carteleradeteatro.mx/teatro/centro/teatro-isabela-corona/","email":"chavalone_62@hotmail.com","facebook":"","twitter":"","instagram":"","aforo":482,"tipo_escenario":"Italiano","num_pantallas":"","link_sic":"http://sic.gob.mx/ficha.php?table=teatro&table_id=249","fecha_modificacion":"2026-02-16 16:30:42-06","es_pilares":"NO","dataset_relacionado":"","revision_manual":"NO","motivo_revision":"","fuente":"Sistema de Información Cultural (SIC)"}},{"type":"Feature","geometry":{"type":"Point","coordinates":[-99.17124,19.41961]},"properties":{"id_cultural":"TEATRO_421","id_sic":"421","tipo_cultural":"TEATRO","nombre":"Teatro Casa de la Paz","fecha_fundacion":"1965-03-24","adscripcion_original":"UAM/Coordinación General de Difusión","tipo_gestion":"PUBLICO","criterio_clasificacion":"EVIDENCIA_INSTITUCIONAL_PUBLICA","fuente_revision_gestion":"","nota_revision_gestion":"","estado_id":"9","entidad":"Ciudad de México","municipio_id":"15","municipio":"Cuauhtémoc","localidad_id":"1","localidad":"Cuauhtémoc","calle_numero":"Cozumel 33","colonia":"Col. Roma Nte.","cp":"6700.0","telefono":"55 5286 5315","pagina_web":"https://teatrocasadelapaz.uam.mx/","email":"tdelapaz@correo.uam.mx","facebook":"https://www.facebook.com/teatrocasadelapaz/","twitter":"","instagram":"https://www.instagram.com/teatrocasadelapaz/","aforo":164,"tipo_escenario":"italiano","num_pantallas":"","link_sic":"http://sic.gob.mx/ficha.php?table=teatro&table_id=421","fecha_modificacion":"2026-02-23 14:29:13-06","es_pilares":"NO","dataset_relacionado":"","revision_manual":"NO","motivo_revision":"","fuente":"Sistema de Información Cultural (SIC)"}},{"type":"Feature","geometry":{"type":"Point","coordinates":[-99.13729,19.43708]},"properties":{"id_cultural":"TEATRO_683","id_sic":"683","tipo_cultural":"TEATRO","nombre":"Foro A Poco No. Teatro Cabaret","fecha_fundacion":"2009-11-11","adscripcion_original":"Secretaría de Cultura de la Ciudad de México/Coordinación del Sistema de Teatros","tipo_gestion":"PUBLICO","criterio_clasificacion":"EVIDENCIA_INSTITUCIONAL_PUBLICA","fuente_revision_gestion":"","nota_revision_gestion":"","estado_id":"9","entidad":"Ciudad de México","municipio_id":"15","municipio":"Cuauhtémoc","localidad_id":"1","localidad":"Cuauhtémoc","calle_numero":"República de Cuba 49 esq. República de Chile y Allende","colonia":"Centro Histórico","cp":"6010.0","telefono":"55 5130 5740 ext. 2018","pagina_web":"http://teatros.cultura.cdmx.gob.mx/foro/foro-poco-no?fbclid=IwY2xjawL_TXdleHRuA2FlbQIxMABicmlkETFRaFpRUDhJTnJrNHZrTHhZAR74BsNCf2-L59FCzZ5k6VdvL1DxvPpntDvm2j2nrX071ac-uTFRczTEvFcsmg_aem_5fVRfd7xXOFOCNOGdnI_yg","email":"cst.foroapocono@gmail.com","facebook":"https://www.facebook.com/foro.apocono?fref=ts","twitter":"","instagram":"","aforo":60,"tipo_escenario":"italiano","num_pantallas":"","link_sic":"http://sic.gob.mx/ficha.php?table=teatro&table_id=683","fecha_modificacion":"2025-08-05 14:50:21-06","es_pilares":"NO","dataset_relacionado":"","revision_manual":"NO","motivo_revision":"","fuente":"Sistema de Información Cultural (SIC)"}},{"type":"Feature","geometry":{"type":"Point","coordinates":[-99.1634,19.43493]},"properties":{"id_cultural":"TEATRO_473","id_sic":"473","tipo_cultural":"TEATRO","nombre":"Teatro Jorge Negrete","fecha_fundacion":"1957-12-05","adscripcion_original":"Asociación Nacional de Actores (ANDA)","tipo_gestion":"PRIVADO","criterio_clasificacion":"REVISION_MANUAL","fuente_revision_gestion":"","nota_revision_gestion":"","estado_id":"9","entidad":"Ciudad de México","municipio_id":"15","municipio":"Cuauhtémoc","localidad_id":"1","localidad":"Cuauhtémoc","calle_numero":"Manuel Ignacio Altamirano 128","colonia":"Col. San Rafael","cp":"6470.0","telefono":"55 5535 2246","pagina_web":"","email":"jorgenegreteteatro@hotmail.com","facebook":"https://www.facebook.com/pages/Teatro%20Jorge%20Negrete%20M%C3%A9xico%20DF/140629062660175/?locale=es_LA","twitter":"","instagram":"","aforo":602,"tipo_escenario":"italiano","num_pantallas":"","link_sic":"http://sic.gob.mx/ficha.php?table=teatro&table_id=473","fecha_modificacion":"2023-12-05 10:04:46-06","es_pilares":"NO","dataset_relacionado":"","revision_manual":"NO","motivo_revision":"","fuente":"Sistema de Información Cultural (SIC)"}},{"type":"Feature","geometry":{"type":"Point","coordinates":[-99.17108,19.4139]},"properties":{"id_cultural":"TEATRO_929","id_sic":"929","tipo_cultural":"TEATRO","nombre":"Un Teatro","fecha_fundacion":"2013-04-30","adscripcion_original":"Realzando Ideas, A.C.","tipo_gestion":"PRIVADO","criterio_clasificacion":"EVIDENCIA_INSTITUCIONAL_PRIVADA","fuente_revision_gestion":"","nota_revision_gestion":"","estado_id":"9","entidad":"Ciudad de México","municipio_id":"15","municipio":"Cuauhtémoc","localidad_id":"1","localidad":"Cuauhtémoc","calle_numero":"Av. Nuevo León 46","colonia":"Col. Hipodromo Condesa","cp":"6170.0","telefono":"55 6449 7866","pagina_web":"http://www.unteatro.org/","email":"unteatrodifusion@gmail.com","facebook":"https://www.facebook.com/unteatro","twitter":"","instagram":"","aforo":75,"tipo_escenario":"Italiano","num_pantallas":"","link_sic":"http://sic.gob.mx/ficha.php?table=teatro&table_id=929","fecha_modificacion":"2026-01-14 14:21:31-06","es_pilares":"NO","dataset_relacionado":"","revision_manual":"NO","motivo_revision":"","fuente":"Sistema de Información Cultural (SIC)"}},{"type":"Feature","geometry":{"type":"Point","coordinates":[-99.15672,19.42996]},"properties":{"id_cultural":"TEATRO_900","id_sic":"900","tipo_cultural":"TEATRO","nombre":"Foro Lucerna","fecha_fundacion":"2013-03-17","adscripcion_original":"","tipo_gestion":"NO_DETERMINADO","criterio_clasificacion":"SIN_ADSCRIPCION","fuente_revision_gestion":"","nota_revision_gestion":"","estado_id":"9","entidad":"Ciudad de México","municipio_id":"15","municipio":"Cuauhtémoc","localidad_id":"1","localidad":"Cuauhtémoc","calle_numero":"Lucerna 64","colonia":"Col. Juárez","cp":"6600.0","telefono":"55 5535 4178","pagina_web":"www.teatromilan.com","email":"info@teatromilanforolucerna.com","facebook":"facebook.com/TeatroMilanForoLucerna","twitter":"@ForoLucerna","instagram":"@teatromilan_forolucerna","aforo":90,"tipo_escenario":"Italiano","num_pantallas":"","link_sic":"http://sic.gob.mx/ficha.php?table=teatro&table_id=900","fecha_modificacion":"2024-10-18 12:28:57-06","es_pilares":"NO","dataset_relacionado":"","revision_manual":"SI","motivo_revision":"No existe adscripción disponible para determinar el tipo de gestión.","fuente":"Sistema de Información Cultural (SIC)"}},{"type":"Feature","geometry":{"type":"Point","coordinates":[-99.16891,19.42565]},"properties":{"id_cultural":"TEATRO_1002","id_sic":"1002","tipo_cultural":"TEATRO","nombre":"Teatro Varsovia","fecha_fundacion":"2022-03-03","adscripcion_original":"","tipo_gestion":"NO_DETERMINADO","criterio_clasificacion":"SIN_ADSCRIPCION","fuente_revision_gestion":"","nota_revision_gestion":"","estado_id":"9","entidad":"Ciudad de México","municipio_id":"15","municipio":"Cuauhtémoc","localidad_id":"1","localidad":"Cuauhtémoc","calle_numero":"Varsovia 9","colonia":"Col. Juárez","cp":"6600.0","telefono":"55 4894 9259","pagina_web":"","email":"teatrovarsovia@gmail.com","facebook":"https://www.facebook.com/teatrovarsovia","twitter":"teatrovarsovia","instagram":"","aforo":180,"tipo_escenario":"italiano","num_pantallas":"","link_sic":"http://sic.gob.mx/ficha.php?table=teatro&table_id=1002","fecha_modificacion":"2022-03-04 08:28:21-06","es_pilares":"NO","dataset_relacionado":"","revision_manual":"SI","motivo_revision":"No existe adscripción disponible para determinar el tipo de gestión.","fuente":"Sistema de Información Cultural (SIC)"}},{"type":"Feature","geometry":{"type":"Point","coordinates":[-99.13101,19.4358]},"properties":{"id_cultural":"TEATRO_476","id_sic":"476","tipo_cultural":"TEATRO","nombre":"Anfiteatro Simón Bolívar","fecha_fundacion":"1910-09-22","adscripcion_original":"UNAM/Antiguo Colegio de San Ildefonso","tipo_gestion":"PUBLICO","criterio_clasificacion":"EVIDENCIA_INSTITUCIONAL_PUBLICA","fuente_revision_gestion":"","nota_revision_gestion":"","estado_id":"9","entidad":"Ciudad de México","municipio_id":"15","municipio":"Cuauhtémoc","localidad_id":"1","localidad":"Cuauhtémoc","calle_numero":"Justo Sierra 16","colonia":"Centro","cp":"6000.0","telefono":"55 5702 4221","pagina_web":"https://culturaunam.mx/vertice/index.php/venue/anfiteatro-simon-bolivar/","email":"anfi@servidorunam.com; anfi@unam.mx","facebook":"","twitter":"","instagram":"","aforo":457,"tipo_escenario":"italiano","num_pantallas":"","link_sic":"http://sic.gob.mx/ficha.php?table=teatro&table_id=476","fecha_modificacion":"2025-05-14 13:31:16-06","es_pilares":"NO","dataset_relacionado":"","revision_manual":"NO","motivo_revision":"","fuente":"Sistema de Información Cultural (SIC)"}},{"type":"Feature","geometry":{"type":"Point","coordinates":[-99.14123,19.43566]},"properties":{"id_cultural":"TEATRO_396","id_sic":"396","tipo_cultural":"TEATRO","nombre":"Teatro del Palacio de Bellas Artes","fecha_fundacion":"1934-09-29","adscripcion_original":"Secretaría de Cultura/INBA","tipo_gestion":"PUBLICO","criterio_clasificacion":"EVIDENCIA_INSTITUCIONAL_PUBLICA","fuente_revision_gestion":"","nota_revision_gestion":"","estado_id":"9","entidad":"Ciudad de México","municipio_id":"15","municipio":"Cuauhtémoc","localidad_id":"1","localidad":"Cuauhtémoc","calle_numero":"Av. Juárez 1","colonia":"Centro","cp":"6050.0","telefono":"55 8647 6500 exts. 2152, 2153, 2154","pagina_web":"http://www.palacio.bellasartes.gob.mx/","email":"gpba.palaciodebellasartes@inba.gob.mx; gerenciapba@inba.gob.mx","facebook":"","twitter":"","instagram":"","aforo":1590,"tipo_escenario":"Italiano","num_pantallas":"","link_sic":"http://sic.gob.mx/ficha.php?table=teatro&table_id=396","fecha_modificacion":"2025-06-06 13:46:45-06","es_pilares":"NO","dataset_relacionado":"","revision_manual":"NO","motivo_revision":"","fuente":"Sistema de Información Cultural (SIC)"}},{"type":"Feature","geometry":{"type":"Point","coordinates":[-99.17655,19.41563]},"properties":{"id_cultural":"TEATRO_813","id_sic":"813","tipo_cultural":"TEATRO","nombre":"Foro Claudia","fecha_fundacion":"2011-01-01","adscripcion_original":"Centro Cultural Sylvia Pasquel","tipo_gestion":"PRIVADO","criterio_clasificacion":"CLASIFICACION_EXPLICITA","fuente_revision_gestion":"","nota_revision_gestion":"","estado_id":"9","entidad":"Ciudad de México","municipio_id":"15","municipio":"Cuauhtémoc","localidad_id":"1","localidad":"Cuauhtémoc","calle_numero":"Av. Juan Escutia 96","colonia":"Col. Condesa","cp":"6140.0","telefono":"(55) 5211 4941","pagina_web":"https://forosylviapasquel.com/foro-claudia","email":"foropasquel@hotmail.com; marisol@centroculturalsylviapasquel.com","facebook":"https://www.facebook.com/foro.pasquel","twitter":"foropasquel","instagram":"","aforo":55,"tipo_escenario":"","num_pantallas":"","link_sic":"http://sic.gob.mx/ficha.php?table=teatro&table_id=813","fecha_modificacion":"2022-07-08 06:48:27-05","es_pilares":"NO","dataset_relacionado":"","revision_manual":"NO","motivo_revision":"","fuente":"Sistema de Información Cultural (SIC)"}},{"type":"Feature","geometry":{"type":"Point","coordinates":[-99.15617,19.41665]},"properties":{"id_cultural":"TEATRO_837","id_sic":"837","tipo_cultural":"TEATRO","nombre":"Foro Indie Rocks","fecha_fundacion":"1000-01-01","adscripcion_original":"Grupo Indie Rocks","tipo_gestion":"PRIVADO","criterio_clasificacion":"CLASIFICACION_EXPLICITA","fuente_revision_gestion":"","nota_revision_gestion":"","estado_id":"9","entidad":"Ciudad de México","municipio_id":"15","municipio":"Cuauhtémoc","localidad_id":"1","localidad":"Cuauhtémoc","calle_numero":"Zacatecas 39","colonia":"Col. Roma Nte.","cp":"6700.0","telefono":"55 6394 7745","pagina_web":"https://www.indierocks.mx/","email":"","facebook":"https://www.facebook.com/foroindierocks/timeline","twitter":"indierocks","instagram":"https://www.instagram.com/indierocksmagazine","aforo":1500,"tipo_escenario":"italiano","num_pantallas":"","link_sic":"http://sic.gob.mx/ficha.php?table=teatro&table_id=837","fecha_modificacion":"2023-09-27 11:19:55-06","es_pilares":"NO","dataset_relacionado":"","revision_manual":"NO","motivo_revision":"","fuente":"Sistema de Información Cultural (SIC)"}},{"type":"Feature","geometry":{"type":"Point","coordinates":[-99.16448,19.41324]},"properties":{"id_cultural":"TEATRO_902","id_sic":"902","tipo_cultural":"TEATRO","nombre":"Sensorama","fecha_fundacion":"2013-01-01","adscripcion_original":"","tipo_gestion":"NO_DETERMINADO","criterio_clasificacion":"SIN_ADSCRIPCION","fuente_revision_gestion":"","nota_revision_gestion":"","estado_id":"9","entidad":"Ciudad de México","municipio_id":"15","municipio":"Cuauhtémoc","localidad_id":"1","localidad":"Cuauhtémoc","calle_numero":"Zacatecas 155","colonia":"Col. Roma Norte","cp":"6700.0","telefono":"55 1998 2586","pagina_web":"http://www.sensorama.mx/","email":"delfinsensorama@gmail.com; preventa.sensorama@gmail.com","facebook":"https://www.facebook.com/sensorama.mx/","twitter":"","instagram":"","aforo":0,"tipo_escenario":"","num_pantallas":"","link_sic":"http://sic.gob.mx/ficha.php?table=teatro&table_id=902","fecha_modificacion":"2020-05-25 15:59:39-05","es_pilares":"NO","dataset_relacionado":"","revision_manual":"SI","motivo_revision":"No existe adscripción disponible para determinar el tipo de gestión.","fuente":"Sistema de Información Cultural (SIC)"}},{"type":"Feature","geometry":{"type":"Point","coordinates":[-99.16068,19.44529]},"properties":{"id_cultural":"TEATRO_428","id_sic":"428","tipo_cultural":"TEATRO","nombre":"Teatro Sergio Magaña","fecha_fundacion":"1991-07-26","adscripcion_original":"Secretaría de Cultura de la Ciudad de México","tipo_gestion":"PUBLICO","criterio_clasificacion":"EVIDENCIA_INSTITUCIONAL_PUBLICA","fuente_revision_gestion":"","nota_revision_gestion":"","estado_id":"9","entidad":"Ciudad de México","municipio_id":"15","municipio":"Cuauhtémoc","localidad_id":"1","localidad":"Cuauhtémoc","calle_numero":"Sor Juana Inés de la Cruz 114","colonia":"Col. Santa María la Ribera","cp":"6400.0","telefono":"(55) 5547 0931","pagina_web":"http://teatros.cultura.cdmx.gob.mx/foro/teatro-sergio-maga%C3%B1a","email":"teatrosergiomagana@df.gob.mx","facebook":"https://www.facebook.com/TeatroSergioMagana/","twitter":"","instagram":"","aforo":321,"tipo_escenario":"italiano","num_pantallas":"","link_sic":"http://sic.gob.mx/ficha.php?table=teatro&table_id=428","fecha_modificacion":"2019-10-25 07:11:49-05","es_pilares":"NO","dataset_relacionado":"","revision_manual":"NO","motivo_revision":"","fuente":"Sistema de Información Cultural (SIC)"}},{"type":"Feature","geometry":{"type":"Point","coordinates":[-99.13725,19.43669]},"properties":{"id_cultural":"TEATRO_420","id_sic":"420","tipo_cultural":"TEATRO","nombre":"Teatro de la Ciudad Esperanza Iris","fecha_fundacion":"1918-05-25","adscripcion_original":"Secretaría de Cultura del Gobierno de la Ciudad de México","tipo_gestion":"PUBLICO","criterio_clasificacion":"EVIDENCIA_INSTITUCIONAL_PUBLICA","fuente_revision_gestion":"","nota_revision_gestion":"","estado_id":"9","entidad":"Ciudad de México","municipio_id":"15","municipio":"Cuauhtémoc","localidad_id":"1","localidad":"Cuauhtémoc","calle_numero":"Donceles 36","colonia":"Centro","cp":"6010.0","telefono":"55 1719 3000 ext. 2006","pagina_web":"http://teatros.cultura.cdmx.gob.mx/foro/teatro-de-la-ciudad-esperanza-iris","email":"teatros.esperanzairis@gmail.com","facebook":"https://www.facebook.com/TeatroDeLaCdEsperanzaIris","twitter":"","instagram":"","aforo":1326,"tipo_escenario":"italiano","num_pantallas":"","link_sic":"http://sic.gob.mx/ficha.php?table=teatro&table_id=420","fecha_modificacion":"2026-04-07 14:04:08-06","es_pilares":"NO","dataset_relacionado":"","revision_manual":"NO","motivo_revision":"","fuente":"Sistema de Información Cultural (SIC)"}},{"type":"Feature","geometry":{"type":"Point","coordinates":[-99.17655,19.41563]},"properties":{"id_cultural":"TEATRO_812","id_sic":"812","tipo_cultural":"TEATRO","nombre":"Foro Nahui Olin","fecha_fundacion":"2011-01-01","adscripcion_original":"Centro Cultural Sylvia Pasquel","tipo_gestion":"PRIVADO","criterio_clasificacion":"CLASIFICACION_EXPLICITA","fuente_revision_gestion":"","nota_revision_gestion":"","estado_id":"9","entidad":"Ciudad de México","municipio_id":"15","municipio":"Cuauhtémoc","localidad_id":"1","localidad":"Cuauhtémoc","calle_numero":"Av. Juan Escutia 96","colonia":"Col. Condesa","cp":"6140.0","telefono":"55 5211 4941","pagina_web":"http://www.centroculturalsylviapasquel.com/NAHUI.html","email":"foropasquel@hotmail.com; marisol@centroculturalsylviapasquel.com","facebook":"https://www.facebook.com/foro.pasquel","twitter":"foropasquel","instagram":"","aforo":140,"tipo_escenario":"","num_pantallas":"","link_sic":"http://sic.gob.mx/ficha.php?table=teatro&table_id=812","fecha_modificacion":"2022-07-08 06:45:53-05","es_pilares":"NO","dataset_relacionado":"","revision_manual":"NO","motivo_revision":"","fuente":"Sistema de Información Cultural (SIC)"}},{"type":"Feature","geometry":{"type":"Point","coordinates":[-99.17165,19.40025]},"properties":{"id_cultural":"TEATRO_282","id_sic":"282","tipo_cultural":"TEATRO","nombre":"Foro del Centro Cultural Roldán Sandoval","fecha_fundacion":"1997-01-13","adscripcion_original":"Centro Cultural Roldán Sandoval S.C.","tipo_gestion":"PRIVADO","criterio_clasificacion":"EVIDENCIA_INSTITUCIONAL_PRIVADA","fuente_revision_gestion":"","nota_revision_gestion":"","estado_id":"9","entidad":"Ciudad de México","municipio_id":"16","municipio":"Miguel Hidalgo","localidad_id":"1","localidad":"Miguel Hidalgo","calle_numero":"José Martí 280","colonia":"Col. Escandón","cp":"11800.0","telefono":"(55) 5273 7631","pagina_web":"http://www.fredroldan.com","email":"fredroldanactor@gmail.com","facebook":"https://www.facebook.com/Centroculturalroldansandoval","twitter":"","instagram":"","aforo":100,"tipo_escenario":"isabelino","num_pantallas":"","link_sic":"http://sic.gob.mx/ficha.php?table=teatro&table_id=282","fecha_modificacion":"2025-07-07 19:19:45-06","es_pilares":"NO","dataset_relacionado":"","revision_manual":"NO","motivo_revision":"","fuente":"Sistema de Información Cultural (SIC)"}},{"type":"Feature","geometry":{"type":"Point","coordinates":[-99.19504,19.42355]},"properties":{"id_cultural":"TEATRO_449","id_sic":"449","tipo_cultural":"TEATRO","nombre":"Teatro Julio Castillo","fecha_fundacion":"1957-05-03","adscripcion_original":"Secretaría de Cultura/INBA/Centro Cultural del Bosque","tipo_gestion":"PUBLICO","criterio_clasificacion":"EVIDENCIA_INSTITUCIONAL_PUBLICA","fuente_revision_gestion":"","nota_revision_gestion":"","estado_id":"9","entidad":"Ciudad de México","municipio_id":"16","municipio":"Miguel Hidalgo","localidad_id":"1","localidad":"Miguel Hidalgo","calle_numero":"Campo Marte s/n esq. Paseo de la Reforma","colonia":"Col. Chapultepec Polanco","cp":"11560.0","telefono":"55 52 83 46 00 exts. 4420, 4423","pagina_web":"","email":"","facebook":"","twitter":"","instagram":"","aforo":1000,"tipo_escenario":"italiano","num_pantallas":"","link_sic":"http://sic.gob.mx/ficha.php?table=teatro&table_id=449","fecha_modificacion":"2023-12-05 12:40:23-06","es_pilares":"NO","dataset_relacionado":"","revision_manual":"NO","motivo_revision":"","fuente":"Sistema de Información Cultural (SIC)"}},{"type":"Feature","geometry":{"type":"Point","coordinates":[-99.18276,19.43712]},"properties":{"id_cultural":"TEATRO_36","id_sic":"36","tipo_cultural":"TEATRO","nombre":"Teatro Ofelia","fecha_fundacion":"1996-10-24","adscripcion_original":"","tipo_gestion":"NO_DETERMINADO","criterio_clasificacion":"SIN_ADSCRIPCION","fuente_revision_gestion":"","nota_revision_gestion":"","estado_id":"9","entidad":"Ciudad de México","municipio_id":"16","municipio":"Miguel Hidalgo","localidad_id":"1","localidad":"Miguel Hidalgo","calle_numero":"Eje 3 Poniente Thiers 287","colonia":"Col. Anzures","cp":"11590.0","telefono":"55 4140 5685","pagina_web":"https://teatroofelia.com/","email":"contact@teatroofelia.com","facebook":"https://www.facebook.com/teatrofelia","twitter":"teatroofelia","instagram":"https://www.instagram.com/teatroofelia/?hl=es","aforo":325,"tipo_escenario":"italiano","num_pantallas":"","link_sic":"http://sic.gob.mx/ficha.php?table=teatro&table_id=36","fecha_modificacion":"2023-12-05 12:05:16-06","es_pilares":"NO","dataset_relacionado":"","revision_manual":"SI","motivo_revision":"No existe adscripción disponible para determinar el tipo de gestión.","fuente":"Sistema de Información Cultural (SIC)"}},{"type":"Feature","geometry":{"type":"Point","coordinates":[-99.17918,19.42567]},"properties":{"id_cultural":"TEATRO_727","id_sic":"727","tipo_cultural":"TEATRO","nombre":"Foro Cultural Chapultepec","fecha_fundacion":"2012-01-01","adscripcion_original":"Centro Deportivo Chapultepec, A.C.","tipo_gestion":"PRIVADO","criterio_clasificacion":"EVIDENCIA_INSTITUCIONAL_PRIVADA","fuente_revision_gestion":"","nota_revision_gestion":"","estado_id":"9","entidad":"Ciudad de México","municipio_id":"16","municipio":"Miguel Hidalgo","localidad_id":"1","localidad":"Miguel Hidalgo","calle_numero":"Mariano Escobedo 665","colonia":"Col. Anzures","cp":"11590.0","telefono":"55 5254 3232 ext. 1057","pagina_web":"https://deportivochapultepec.com/instalaciones-socioculturales/","email":"sugerencias@cdch.com.mx","facebook":"https://es-es.facebook.com/foroculturalchapultepec/","twitter":"","instagram":"https://www.instagram.com/foroculturalchapultepec/","aforo":650,"tipo_escenario":"","num_pantallas":"","link_sic":"http://sic.gob.mx/ficha.php?table=teatro&table_id=727","fecha_modificacion":"2025-07-17 11:32:00-06","es_pilares":"NO","dataset_relacionado":"","revision_manual":"NO","motivo_revision":"","fuente":"Sistema de Información Cultural (SIC)"}},{"type":"Feature","geometry":{"type":"Point","coordinates":[-99.20137,19.43669]},"properties":{"id_cultural":"TEATRO_838","id_sic":"838","tipo_cultural":"TEATRO","nombre":"Gran Teatro Moliere","fecha_fundacion":"2014-11-04","adscripcion_original":"Clandestino Club. Destino Entertainment","tipo_gestion":"PRIVADO","criterio_clasificacion":"CLASIFICACION_EXPLICITA","fuente_revision_gestion":"","nota_revision_gestion":"","estado_id":"9","entidad":"Ciudad de México","municipio_id":"16","municipio":"Miguel Hidalgo","localidad_id":"1","localidad":"Miguel Hidalgo","calle_numero":"Av. Moliere 328 esq. Homero y Ejército Nacional","colonia":"Col. Polanco","cp":"11560.0","telefono":"55 9688 6806","pagina_web":"https://carteleradeteatro.mx/teatro/poniente/foro-polanco/","email":"informacion@destinoent.com","facebook":"https://www.facebook.com/carteleradeteatrocdmx/","twitter":"","instagram":"","aforo":1500,"tipo_escenario":"multimodal","num_pantallas":"","link_sic":"http://sic.gob.mx/ficha.php?table=teatro&table_id=838","fecha_modificacion":"2023-11-17 07:32:27-06","es_pilares":"NO","dataset_relacionado":"","revision_manual":"NO","motivo_revision":"","fuente":"Sistema de Información Cultural (SIC)"}},{"type":"Feature","geometry":{"type":"Point","coordinates":[-99.18662,19.42204]},"properties":{"id_cultural":"TEATRO_657","id_sic":"657","tipo_cultural":"TEATRO","nombre":"Foro al Aire Libre 1","fecha_fundacion":"2007-10-01","adscripcion_original":"UNAM/Casa del Lago Juan José Arreola","tipo_gestion":"PUBLICO","criterio_clasificacion":"EVIDENCIA_INSTITUCIONAL_PUBLICA","fuente_revision_gestion":"","nota_revision_gestion":"","estado_id":"9","entidad":"Ciudad de México","municipio_id":"16","municipio":"Miguel Hidalgo","localidad_id":"1","localidad":"Miguel Hidalgo","calle_numero":"Bosque de Chapultepec, 1a. Sección","colonia":"Chapultepec Polanco","cp":"11850.0","telefono":"55 5211 1099","pagina_web":"","email":"apgrobet@casadellago.unam.mx","facebook":"https://www.facebook.com/profile.php?id=100064667050546&locale=es_ES#","twitter":"","instagram":"","aforo":0,"tipo_escenario":"","num_pantallas":"","link_sic":"http://sic.gob.mx/ficha.php?table=teatro&table_id=657","fecha_modificacion":"2026-05-08 11:02:49-06","es_pilares":"NO","dataset_relacionado":"","revision_manual":"NO","motivo_revision":"","fuente":"Sistema de Información Cultural (SIC)"}},{"type":"Feature","geometry":{"type":"Point","coordinates":[-99.19497,19.42346]},"properties":{"id_cultural":"TEATRO_497","id_sic":"497","tipo_cultural":"TEATRO","nombre":"Teatro de la Danza Guillermina Bravo","fecha_fundacion":"1969-09-19","adscripcion_original":"Secretaría de Cultura Federal/INBA/Centro Cultural del Bosque","tipo_gestion":"PUBLICO","criterio_clasificacion":"EVIDENCIA_INSTITUCIONAL_PUBLICA","fuente_revision_gestion":"","nota_revision_gestion":"","estado_id":"9","entidad":"Ciudad de México","municipio_id":"16","municipio":"Miguel Hidalgo","localidad_id":"1","localidad":"Miguel Hidalgo","calle_numero":"Reforma y Campo Marte s/n","colonia":"Col. Chapultepec Polanco","cp":"11100.0","telefono":"55 1000 5600","pagina_web":"https://inba.gob.mx/recinto/109","email":"coordinacion.danza@inba.gob.mx","facebook":"https://www.facebook.com/danzaINBAL/?locale=es_LA","twitter":"","instagram":"","aforo":340,"tipo_escenario":"italiano","num_pantallas":"","link_sic":"http://sic.gob.mx/ficha.php?table=teatro&table_id=497","fecha_modificacion":"2026-05-14 18:07:26-06","es_pilares":"NO","dataset_relacionado":"","revision_manual":"NO","motivo_revision":"","fuente":"Sistema de Información Cultural (SIC)"}},{"type":"Feature","geometry":{"type":"Point","coordinates":[-99.18582,19.42238]},"properties":{"id_cultural":"TEATRO_455","id_sic":"455","tipo_cultural":"TEATRO","nombre":"Teatro Rosario Castellanos","fecha_fundacion":"1959-05-18","adscripcion_original":"UNAM/Casa del Lago Juan José Arreola","tipo_gestion":"PUBLICO","criterio_clasificacion":"EVIDENCIA_INSTITUCIONAL_PUBLICA","fuente_revision_gestion":"","nota_revision_gestion":"","estado_id":"9","entidad":"Ciudad de México","municipio_id":"16","municipio":"Miguel Hidalgo","localidad_id":"1","localidad":"Miguel Hidalgo","calle_numero":"Bosque de Chapultepec, 1a. Sección s/n","colonia":"Col. San Miguel Chapultepec","cp":"11850.0","telefono":"55 5211 6086","pagina_web":"http://www.casadellago.unam.mx","email":"contacto@casadellago.unam.mx","facebook":"","twitter":"","instagram":"","aforo":90,"tipo_escenario":"italiano","num_pantallas":"","link_sic":"http://sic.gob.mx/ficha.php?table=teatro&table_id=455","fecha_modificacion":"2025-07-03 12:35:17-06","es_pilares":"NO","dataset_relacionado":"","revision_manual":"NO","motivo_revision":"","fuente":"Sistema de Información Cultural (SIC)"}},{"type":"Feature","geometry":{"type":"Point","coordinates":[-99.19446,19.42343]},"properties":{"id_cultural":"TEATRO_826","id_sic":"826","tipo_cultural":"TEATRO","nombre":"Plaza al aire libre Ángel Salas","fecha_fundacion":"1969-01-01","adscripcion_original":"Secretaría de Cultura Federal/INBA/Centro Cultural del Bosque","tipo_gestion":"PUBLICO","criterio_clasificacion":"EVIDENCIA_INSTITUCIONAL_PUBLICA","fuente_revision_gestion":"","nota_revision_gestion":"","estado_id":"9","entidad":"Ciudad de México","municipio_id":"16","municipio":"Miguel Hidalgo","localidad_id":"1","localidad":"Miguel Hidalgo","calle_numero":"Campo Marte s/n esq. Paseo de la Reforma","colonia":"Col. Chapultepec Polanco","cp":"11560.0","telefono":"(55) 5283 4600 ext. 4408","pagina_web":"http://www.ccb.bellasartes.gob.mx/recintos/angelsalas","email":"cnd.gentededanza@inba.gob.mx; ccb@inba.gob.mx .","facebook":"","twitter":"","instagram":"","aforo":200,"tipo_escenario":"","num_pantallas":"","link_sic":"http://sic.gob.mx/ficha.php?table=teatro&table_id=826","fecha_modificacion":"2026-01-07 19:55:25-06","es_pilares":"NO","dataset_relacionado":"","revision_manual":"NO","motivo_revision":"","fuente":"Sistema de Información Cultural (SIC)"}},{"type":"Feature","geometry":{"type":"Point","coordinates":[-99.19865,19.4527]},"properties":{"id_cultural":"TEATRO_198","id_sic":"198","tipo_cultural":"TEATRO","nombre":"Teatro Legaria","fecha_fundacion":"1960-07-01","adscripcion_original":"IMSS","tipo_gestion":"PUBLICO","criterio_clasificacion":"EVIDENCIA_INSTITUCIONAL_PUBLICA","fuente_revision_gestion":"","nota_revision_gestion":"","estado_id":"9","entidad":"Ciudad de México","municipio_id":"16","municipio":"Miguel Hidalgo","localidad_id":"1","localidad":"Miguel Hidalgo","calle_numero":"Calz. Legaria s/n esq. Lago Gran Oso","colonia":"Col. Pensil","cp":"11430.0","telefono":"55 5527 1920","pagina_web":"http://www.imss.gob.mx","email":"chavalote@hotmail.com","facebook":"","twitter":"","instagram":"","aforo":293,"tipo_escenario":"Italiano","num_pantallas":"","link_sic":"http://sic.gob.mx/ficha.php?table=teatro&table_id=198","fecha_modificacion":"2021-09-01 10:14:57-05","es_pilares":"NO","dataset_relacionado":"","revision_manual":"NO","motivo_revision":"","fuente":"Sistema de Información Cultural (SIC)"}},{"type":"Feature","geometry":{"type":"Point","coordinates":[-99.19388,19.42457]},"properties":{"id_cultural":"TEATRO_1038","id_sic":"1038","tipo_cultural":"TEATRO","nombre":"Jardín y Pabellón Escénico","fecha_fundacion":"2024-02-29","adscripcion_original":"Secretaría de Cultura /INBAL","tipo_gestion":"PUBLICO","criterio_clasificacion":"EVIDENCIA_INSTITUCIONAL_PUBLICA","fuente_revision_gestion":"","nota_revision_gestion":"","estado_id":"9","entidad":"Ciudad de México","municipio_id":"16","municipio":"Miguel Hidalgo","localidad_id":"1","localidad":"Miguel Hidalgo","calle_numero":"Auditorio Nacional, Bosque de Chapultepec I Secc","colonia":"","cp":"11580.0","telefono":"","pagina_web":"https://inba.gob.mx/prensa/19554/el-jardin-escenico-nuevo-espacio-para-las-artes-y-la-experimentacion-artistica-en-dialogo-con-la-naturaleza","email":"","facebook":"","twitter":"","instagram":"","aforo":400,"tipo_escenario":"","num_pantallas":"","link_sic":"http://sic.gob.mx/ficha.php?table=teatro&table_id=1038","fecha_modificacion":"2024-02-29 14:10:39-06","es_pilares":"NO","dataset_relacionado":"","revision_manual":"NO","motivo_revision":"","fuente":"Sistema de Información Cultural (SIC)"}},{"type":"Feature","geometry":{"type":"Point","coordinates":[-99.20388,19.44089]},"properties":{"id_cultural":"TEATRO_786","id_sic":"786","tipo_cultural":"TEATRO","nombre":"Teatro Telcel","fecha_fundacion":"2013-10-17","adscripcion_original":"Grupo CARSO/OCESA","tipo_gestion":"PRIVADO","criterio_clasificacion":"CLASIFICACION_EXPLICITA","fuente_revision_gestion":"","nota_revision_gestion":"","estado_id":"9","entidad":"Ciudad de México","municipio_id":"16","municipio":"Miguel Hidalgo","localidad_id":"1","localidad":"Miguel Hidalgo","calle_numero":"Lago Zurich 245","colonia":"Col.  Ampl. Granada","cp":"11529.0","telefono":"55 5207 1498","pagina_web":"http://wickedelmusical.com.mx/","email":"promociones@mejorteatro.com.mx","facebook":"","twitter":"","instagram":"","aforo":1380,"tipo_escenario":"italiano","num_pantallas":"","link_sic":"http://sic.gob.mx/ficha.php?table=teatro&table_id=786","fecha_modificacion":"2021-09-07 07:59:33-05","es_pilares":"NO","dataset_relacionado":"","revision_manual":"NO","motivo_revision":"","fuente":"Sistema de Información Cultural (SIC)"}},{"type":"Feature","geometry":{"type":"Point","coordinates":[-99.195,19.42351]},"properties":{"id_cultural":"TEATRO_450","id_sic":"450","tipo_cultural":"TEATRO","nombre":"Sala Xavier Villaurrutia","fecha_fundacion":"1957-08-23","adscripcion_original":"Secretaría de Cultura Federal/INBA/Centro Cultural del Bosque","tipo_gestion":"PUBLICO","criterio_clasificacion":"EVIDENCIA_INSTITUCIONAL_PUBLICA","fuente_revision_gestion":"","nota_revision_gestion":"","estado_id":"9","entidad":"Ciudad de México","municipio_id":"16","municipio":"Miguel Hidalgo","localidad_id":"1","localidad":"Miguel Hidalgo","calle_numero":"Campo Marte s/n esq. Paseo de la Reforma","colonia":"Col. Chapultepec Polanco","cp":"11560.0","telefono":"55 52 83 46 00 exts. 4420, 4423","pagina_web":"http://www.teatro.bellasartes.gob.mx","email":"","facebook":"","twitter":"","instagram":"","aforo":109,"tipo_escenario":"italiano","num_pantallas":"","link_sic":"http://sic.gob.mx/ficha.php?table=teatro&table_id=450","fecha_modificacion":"2023-12-05 12:36:40-06","es_pilares":"NO","dataset_relacionado":"","revision_manual":"NO","motivo_revision":"","fuente":"Sistema de Información Cultural (SIC)"}},{"type":"Feature","geometry":{"type":"Point","coordinates":[-99.19458,19.42369]},"properties":{"id_cultural":"TEATRO_443","id_sic":"443","tipo_cultural":"TEATRO","nombre":"Teatro El Granero Xavier Rojas","fecha_fundacion":"1956-09-04","adscripcion_original":"Secretaría de Cultura/INBA/Centro Cultural del Bosque","tipo_gestion":"PUBLICO","criterio_clasificacion":"EVIDENCIA_INSTITUCIONAL_PUBLICA","fuente_revision_gestion":"","nota_revision_gestion":"","estado_id":"9","entidad":"Ciudad de México","municipio_id":"16","municipio":"Miguel Hidalgo","localidad_id":"1","localidad":"Miguel Hidalgo","calle_numero":"Campo Marte s/n esq. Paseo de la Reforma","colonia":"Col. Chapultepec Polanco","cp":"11560.0","telefono":"55 5280 8771 ext. 411","pagina_web":"https://inba.gob.mx/recinto/111","email":"inbaspt@yahoo.com","facebook":"","twitter":"","instagram":"","aforo":203,"tipo_escenario":"arena","num_pantallas":"","link_sic":"http://sic.gob.mx/ficha.php?table=teatro&table_id=443","fecha_modificacion":"2024-07-18 10:23:56-06","es_pilares":"NO","dataset_relacionado":"","revision_manual":"NO","motivo_revision":"","fuente":"Sistema de Información Cultural (SIC)"}},{"type":"Feature","geometry":{"type":"Point","coordinates":[-99.19506,19.42336]},"properties":{"id_cultural":"TEATRO_451","id_sic":"451","tipo_cultural":"TEATRO","nombre":"Teatro Orientación","fecha_fundacion":"1957-08-01","adscripcion_original":"Secretaría de Cultura/INBA/Centro Cultural del Bosque","tipo_gestion":"PUBLICO","criterio_clasificacion":"EVIDENCIA_INSTITUCIONAL_PUBLICA","fuente_revision_gestion":"","nota_revision_gestion":"","estado_id":"9","entidad":"Ciudad de México","municipio_id":"16","municipio":"Miguel Hidalgo","localidad_id":"1","localidad":"Miguel Hidalgo","calle_numero":"Campo Marte s/n esq. Paseo de la Reforma","colonia":"Col. Chapultepec Polanco","cp":"11560.0","telefono":"(55) 5280 8771 ext. 502","pagina_web":"http://www.teatro.bellasartes.gob.mx/index.php?option=com_content&view=article&id=249&Itemid=130 http://ftor-inbaspt.blogspot.mx/","email":"ccbgerencia@hotmail.com","facebook":"","twitter":"","instagram":"","aforo":351,"tipo_escenario":"italiano","num_pantallas":"","link_sic":"http://sic.gob.mx/ficha.php?table=teatro&table_id=451","fecha_modificacion":"2022-07-22 12:28:03-05","es_pilares":"NO","dataset_relacionado":"","revision_manual":"NO","motivo_revision":"","fuente":"Sistema de Información Cultural (SIC)"}},{"type":"Feature","geometry":{"type":"Point","coordinates":[-99.19493,19.42396]},"properties":{"id_cultural":"TEATRO_447","id_sic":"447","tipo_cultural":"TEATRO","nombre":"Teatro el Galeón,  Abraham Oceransky","fecha_fundacion":"1972-11-20","adscripcion_original":"Secretaría de Cultura Federal/INBA/Centro Cultural del Bosque","tipo_gestion":"PUBLICO","criterio_clasificacion":"EVIDENCIA_INSTITUCIONAL_PUBLICA","fuente_revision_gestion":"","nota_revision_gestion":"","estado_id":"9","entidad":"Ciudad de México","municipio_id":"16","municipio":"Miguel Hidalgo","localidad_id":"1","localidad":"Miguel Hidalgo","calle_numero":"Campo Marte s/n esq. Paseo de la Reforma","colonia":"Col. Chapultepec Polanco","cp":"11560.0","telefono":"55 5280 2738","pagina_web":"https://inba.gob.mx/recinto/110","email":"gentedeteatro@inba.gob.mx","facebook":"https://carteleradeteatro.mx/teatro/poniente/teatro-el-galeon/","twitter":"","instagram":"","aforo":350,"tipo_escenario":"multimodal","num_pantallas":"","link_sic":"http://sic.gob.mx/ficha.php?table=teatro&table_id=447","fecha_modificacion":"2025-07-07 11:50:49-06","es_pilares":"NO","dataset_relacionado":"","revision_manual":"NO","motivo_revision":"","fuente":"Sistema de Información Cultural (SIC)"}},{"type":"Feature","geometry":{"type":"Point","coordinates":[-99.19503,19.42352]},"properties":{"id_cultural":"TEATRO_825","id_sic":"825","tipo_cultural":"TEATRO","nombre":"Sala CCB","fecha_fundacion":"1996-01-01","adscripcion_original":"Secretaría de Cultura/INBA/Centro Cultural del Bosque","tipo_gestion":"PUBLICO","criterio_clasificacion":"EVIDENCIA_INSTITUCIONAL_PUBLICA","fuente_revision_gestion":"","nota_revision_gestion":"","estado_id":"9","entidad":"Ciudad de México","municipio_id":"16","municipio":"Miguel Hidalgo","localidad_id":"1","localidad":"Miguel Hidalgo","calle_numero":"Campo Marte s/n esq. Paseo de la Reforma","colonia":"Col. Chapultepec Polanco","cp":"11560.0","telefono":"(55) 1000 5600 ext. 4636","pagina_web":"https://inba.gob.mx/recinto/68","email":"ccb@inba.gob.mx","facebook":"https://www.facebook.com/CCB.INBA/?locale=es_LA","twitter":"","instagram":"","aforo":110,"tipo_escenario":"","num_pantallas":"","link_sic":"http://sic.gob.mx/ficha.php?table=teatro&table_id=825","fecha_modificacion":"2026-02-13 17:10:25-06","es_pilares":"NO","dataset_relacionado":"","revision_manual":"NO","motivo_revision":"","fuente":"Sistema de Información Cultural (SIC)"}},{"type":"Feature","geometry":{"type":"Point","coordinates":[-99.20496,19.43223]},"properties":{"id_cultural":"TEATRO_903","id_sic":"903","tipo_cultural":"TEATRO","nombre":"Teatro del Seminario de Cultura Mexicana","fecha_fundacion":"2016-10-11","adscripcion_original":"Seminario de Cultura Mexicana","tipo_gestion":"PUBLICO","criterio_clasificacion":"REVISION_EXTERNA","fuente_revision_gestion":"Ley Orgánica del Seminario de Cultura Mexicana / SCM","nota_revision_gestion":"Institución creada mediante legislación federal y vinculada institucionalmente con la SEP.","estado_id":"9","entidad":"Ciudad de México","municipio_id":"16","municipio":"Miguel Hidalgo","localidad_id":"1","localidad":"Miguel Hidalgo","calle_numero":"Presidente Masaryk 526","colonia":"Col. Polanco","cp":"11560.0","telefono":"55 5281 6661","pagina_web":"https://seminariodeculturamexicana.com/","email":"contacto@culturamexicana.org.mx","facebook":"https://www.facebook.com/seminariodeculturamx/","twitter":"seminariocultmx","instagram":"https://www.instagram.com/seminariodeculturamx","aforo":124,"tipo_escenario":"italiano","num_pantallas":"","link_sic":"http://sic.gob.mx/ficha.php?table=teatro&table_id=903","fecha_modificacion":"2023-12-05 12:21:53-06","es_pilares":"NO","dataset_relacionado":"","revision_manual":"NO","motivo_revision":"","fuente":"Sistema de Información Cultural (SIC)"}},{"type":"Feature","geometry":{"type":"Point","coordinates":[-99.19424,19.42909]},"properties":{"id_cultural":"TEATRO_519","id_sic":"519","tipo_cultural":"TEATRO","nombre":"Teatro al Aire Libre Ángela Peralta","fecha_fundacion":"1939-06-11","adscripcion_original":"Delegación Miguel Hidalgo","tipo_gestion":"PUBLICO","criterio_clasificacion":"EVIDENCIA_INSTITUCIONAL_PUBLICA","fuente_revision_gestion":"","nota_revision_gestion":"","estado_id":"9","entidad":"Ciudad de México","municipio_id":"16","municipio":"Miguel Hidalgo","localidad_id":"1","localidad":"Miguel Hidalgo","calle_numero":"Aristóteles s/n","colonia":"Col. Polanco","cp":"11560.0","telefono":"55 5276 7700","pagina_web":"","email":"","facebook":"","twitter":"","instagram":"","aforo":2500,"tipo_escenario":"italiano","num_pantallas":"","link_sic":"http://sic.gob.mx/ficha.php?table=teatro&table_id=519","fecha_modificacion":"2021-01-25 08:42:58-06","es_pilares":"NO","dataset_relacionado":"","revision_manual":"NO","motivo_revision":"","fuente":"Sistema de Información Cultural (SIC)"}},{"type":"Feature","geometry":{"type":"Point","coordinates":[-99.12607,19.40693]},"properties":{"id_cultural":"TEATRO_441","id_sic":"441","tipo_cultural":"TEATRO","nombre":"Teatro Carlos Pellicer","fecha_fundacion":"1969-09-04","adscripcion_original":"Gobierno del Distrito Federal/Delegación Venustiano Carranza/Deportivo José María Pino Suárez","tipo_gestion":"PUBLICO","criterio_clasificacion":"EVIDENCIA_INSTITUCIONAL_PUBLICA","fuente_revision_gestion":"","nota_revision_gestion":"","estado_id":"9","entidad":"Ciudad de México","municipio_id":"17","municipio":"Venustiano Carranza","localidad_id":"1","localidad":"Venustiano Carranza","calle_numero":"Calz. de la Viga  s/n esq. Guillermo Prieto","colonia":"Col. Jamaica","cp":"15800.0","telefono":"55 5740 1627","pagina_web":"https://inba.gob.mx/recinto/612","email":"","facebook":"","twitter":"","instagram":"","aforo":200,"tipo_escenario":"italiano","num_pantallas":"","link_sic":"http://sic.gob.mx/ficha.php?table=teatro&table_id=441","fecha_modificacion":"2026-02-27 11:09:46-06","es_pilares":"NO","dataset_relacionado":"","revision_manual":"NO","motivo_revision":"","fuente":"Sistema de Información Cultural (SIC)"}},{"type":"Feature","geometry":{"type":"Point","coordinates":[-99.08826,19.41995]},"properties":{"id_cultural":"TEATRO_434","id_sic":"434","tipo_cultural":"TEATRO","nombre":"Poliforum Cultural de la Colonia Federal","fecha_fundacion":"1977-02-27","adscripcion_original":"Delegación Venustiano Carranza, Gobierno del Distrito Federal","tipo_gestion":"PUBLICO","criterio_clasificacion":"EVIDENCIA_INSTITUCIONAL_PUBLICA","fuente_revision_gestion":"","nota_revision_gestion":"","estado_id":"9","entidad":"Ciudad de México","municipio_id":"17","municipio":"Venustiano Carranza","localidad_id":"1","localidad":"Venustiano Carranza","calle_numero":"Plaza del Ejecutivo s/n entre Comisión Nacional Agraria y Comunicaciones","colonia":"Col. Federal","cp":"15700.0","telefono":"55 5762 2584","pagina_web":"https://www.facebook.com/p/Poliforum-Cultural-de-la-colonia-Federal-100080329999519/","email":"polif-cult-colfed@hotmail.es","facebook":"","twitter":"","instagram":"","aforo":600,"tipo_escenario":"circular","num_pantallas":"","link_sic":"http://sic.gob.mx/ficha.php?table=teatro&table_id=434","fecha_modificacion":"2025-05-27 11:25:56-06","es_pilares":"NO","dataset_relacionado":"","revision_manual":"NO","motivo_revision":"","fuente":"Sistema de Información Cultural (SIC)"}},{"type":"Feature","geometry":{"type":"Point","coordinates":[-99.12578,19.4061]},"properties":{"id_cultural":"TEATRO_480","id_sic":"480","tipo_cultural":"TEATRO","nombre":"Foro del Centro de Arte y Cultura Circo Volador (Ex-Cine Francisco Villa)","fecha_fundacion":"1998-07-15","adscripcion_original":"Centro de Arte y Cultura Circo Volador, A.C.","tipo_gestion":"PRIVADO","criterio_clasificacion":"EVIDENCIA_INSTITUCIONAL_PRIVADA","fuente_revision_gestion":"","nota_revision_gestion":"","estado_id":"9","entidad":"Ciudad de México","municipio_id":"17","municipio":"Venustiano Carranza","localidad_id":"1","localidad":"Venustiano Carranza","calle_numero":"Calz. de la Viga 146","colonia":"Col. Jamaica","cp":"15800.0","telefono":"55 5740 3485","pagina_web":"http://www.circovolador.org","email":"circovolador@circovolador.org; genarodelgado@gmail.com","facebook":"","twitter":"","instagram":"","aforo":1800,"tipo_escenario":"italiano","num_pantallas":"","link_sic":"http://sic.gob.mx/ficha.php?table=teatro&table_id=480","fecha_modificacion":"2022-12-30 08:44:21-06","es_pilares":"NO","dataset_relacionado":"","revision_manual":"NO","motivo_revision":"","fuente":"Sistema de Información Cultural (SIC)"}},{"type":"Feature","geometry":{"type":"Point","coordinates":[-99.18632,19.48056]},"properties":{"id_cultural":"CENTRO_CULTURAL_1224","id_sic":"1224","tipo_cultural":"CENTRO_CULTURAL","nombre":"Casa de la Cultura Azcapotzalco","fecha_fundacion":"1991-11-18","adscripcion_original":"Alcaldía Azcapotzalco","tipo_gestion":"PUBLICO","criterio_clasificacion":"EVIDENCIA_INSTITUCIONAL_PUBLICA","fuente_revision_gestion":"","nota_revision_gestion":"","estado_id":"9","entidad":"Ciudad de México","municipio_id":"2","municipio":"Azcapotzalco","localidad_id":"1","localidad":"Azcapotzalco","calle_numero":"Av. Azcapotzalco 605","colonia":"Centro","cp":"2000.0","telefono":"55 5354 9994","pagina_web":"https://azcapotzalco.cdmx.gob.mx/","email":"centros.culturales@azcapotzalco.cdmx.gob.mx","facebook":"","twitter":"","instagram":"","aforo":"","tipo_escenario":"","num_pantallas":"","link_sic":"http://sic.gob.mx/ficha.php?table=centro_cultural&table_id=1224","fecha_modificacion":"2026-05-19 10:23:22-06","es_pilares":"NO","dataset_relacionado":"","revision_manual":"NO","motivo_revision":"","fuente":"Sistema de Información Cultural (SIC)"}},{"type":"Feature","geometry":{"type":"Point","coordinates":[-99.18257,19.47044]},"properties":{"id_cultural":"CENTRO_CULTURAL_3789","id_sic":"3789","tipo_cultural":"CENTRO_CULTURAL","nombre":"Artística Academia","fecha_fundacion":"1000-01-01","adscripcion_original":"","tipo_gestion":"NO_DETERMINADO","criterio_clasificacion":"SIN_ADSCRIPCION","fuente_revision_gestion":"","nota_revision_gestion":"","estado_id":"9","entidad":"Ciudad de México","municipio_id":"2","municipio":"Azcapotzalco","localidad_id":"1","localidad":"Azcapotzalco","calle_numero":"Norte 89-A No.24","colonia":"Col. Claveria","cp":"2080.0","telefono":"","pagina_web":"","email":"artistica_fitnesspoint@outlook.com","facebook":"","twitter":"","instagram":"","aforo":"","tipo_escenario":"","num_pantallas":"","link_sic":"http://sic.gob.mx/ficha.php?table=centro_cultural&table_id=3789","fecha_modificacion":"2024-09-13 13:19:07-06","es_pilares":"NO","dataset_relacionado":"","revision_manual":"SI","motivo_revision":"No existe adscripción disponible para determinar el tipo de gestión.","fuente":"Sistema de Información Cultural (SIC)"}},{"type":"Feature","geometry":{"type":"Point","coordinates":[-99.20437,19.47527]},"properties":{"id_cultural":"CENTRO_CULTURAL_3498","id_sic":"3498","tipo_cultural":"CENTRO_CULTURAL","nombre":"PILARES San Miguel Amantla","fecha_fundacion":"1000-01-01","adscripcion_original":"Gobierno de la Ciudad de México","tipo_gestion":"PUBLICO","criterio_clasificacion":"EVIDENCIA_INSTITUCIONAL_PUBLICA","fuente_revision_gestion":"","nota_revision_gestion":"","estado_id":"9","entidad":"Ciudad de México","municipio_id":"2","municipio":"Azcapotzalco","localidad_id":"1","localidad":"Azcapotzalco","calle_numero":"Democracias s/n","colonia":"San Miguel Amantla","cp":"2700.0","telefono":"55 5134 0770 ext 1806","pagina_web":"https://pilares.cdmx.gob.mx/","email":"coord_comunicacion@pilares.cdmx.gob.mx","facebook":"","twitter":"","instagram":"","aforo":"","tipo_escenario":"","num_pantallas":"","link_sic":"http://sic.gob.mx/ficha.php?table=centro_cultural&table_id=3498","fecha_modificacion":"2024-06-12 09:21:20-06","es_pilares":"SI","dataset_relacionado":"PILARES","revision_manual":"NO","motivo_revision":"","fuente":"Sistema de Información Cultural (SIC)"}},{"type":"Feature","geometry":{"type":"Point","coordinates":[-99.21852,19.47447]},"properties":{"id_cultural":"CENTRO_CULTURAL_3523","id_sic":"3523","tipo_cultural":"CENTRO_CULTURAL","nombre":"PILARES La Naranja","fecha_fundacion":"1000-01-01","adscripcion_original":"Gobierno de la Ciudad de México","tipo_gestion":"PUBLICO","criterio_clasificacion":"EVIDENCIA_INSTITUCIONAL_PUBLICA","fuente_revision_gestion":"","nota_revision_gestion":"","estado_id":"9","entidad":"Ciudad de México","municipio_id":"2","municipio":"Azcapotzalco","localidad_id":"1","localidad":"Azcapotzalco","calle_numero":"Calz de la Naranja 1015","colonia":"San Pedro Xalpa","cp":"2710.0","telefono":"55 5134 0770 ext 1806","pagina_web":"https://pilares.cdmx.gob.mx/","email":"coord_comunicacion@pilares.cdmx.gob.mx","facebook":"","twitter":"","instagram":"","aforo":"","tipo_escenario":"","num_pantallas":"","link_sic":"http://sic.gob.mx/ficha.php?table=centro_cultural&table_id=3523","fecha_modificacion":"2024-06-05 13:44:36-06","es_pilares":"SI","dataset_relacionado":"PILARES","revision_manual":"NO","motivo_revision":"","fuente":"Sistema de Información Cultural (SIC)"}},{"type":"Feature","geometry":{"type":"Point","coordinates":[-99.18923,19.50986]},"properties":{"id_cultural":"CENTRO_CULTURAL_3524","id_sic":"3524","tipo_cultural":"CENTRO_CULTURAL","nombre":"PILARES Xochunahuac","fecha_fundacion":"2019-09-01","adscripcion_original":"Secretaría de Cultura de la Ciudad de México","tipo_gestion":"PUBLICO","criterio_clasificacion":"EVIDENCIA_INSTITUCIONAL_PUBLICA","fuente_revision_gestion":"","nota_revision_gestion":"","estado_id":"9","entidad":"Ciudad de México","municipio_id":"2","municipio":"Azcapotzalco","localidad_id":"1","localidad":"Azcapotzalco","calle_numero":"Av Benito Juárez","colonia":"Col. San Martín Xochinahuac","cp":"2120.0","telefono":"55 5134 0770 ext 1806","pagina_web":"https://pilares.cdmx.gob.mx/","email":"coord_comunicacion@pilares.cdmx.gob.mx","facebook":"","twitter":"","instagram":"","aforo":"","tipo_escenario":"","num_pantallas":"","link_sic":"http://sic.gob.mx/ficha.php?table=centro_cultural&table_id=3524","fecha_modificacion":"2025-09-25 18:09:58-06","es_pilares":"SI","dataset_relacionado":"PILARES","revision_manual":"NO","motivo_revision":"","fuente":"Sistema de Información Cultural (SIC)"}},{"type":"Feature","geometry":{"type":"Point","coordinates":[-99.19903,19.48996]},"properties":{"id_cultural":"CENTRO_CULTURAL_3497","id_sic":"3497","tipo_cultural":"CENTRO_CULTURAL","nombre":"PILARES Margarita Maza de Juárez","fecha_fundacion":"2019-07-12","adscripcion_original":"Gobierno de la Ciudad de México","tipo_gestion":"PUBLICO","criterio_clasificacion":"EVIDENCIA_INSTITUCIONAL_PUBLICA","fuente_revision_gestion":"","nota_revision_gestion":"","estado_id":"9","entidad":"Ciudad de México","municipio_id":"2","municipio":"Azcapotzalco","localidad_id":"1","localidad":"Azcapotzalco","calle_numero":"Amuzgos s/n","colonia":"Col. Tezozómoc","cp":"2459.0","telefono":"55 5134 0770 ext 1806","pagina_web":"https://pilares.cdmx.gob.mx/","email":"coord_comunicacion@pilares.cdmx.gob.mx","facebook":"","twitter":"","instagram":"","aforo":"","tipo_escenario":"","num_pantallas":"","link_sic":"http://sic.gob.mx/ficha.php?table=centro_cultural&table_id=3497","fecha_modificacion":"2024-06-13 14:48:44-06","es_pilares":"SI","dataset_relacionado":"PILARES","revision_manual":"NO","motivo_revision":"","fuente":"Sistema de Información Cultural (SIC)"}},{"type":"Feature","geometry":{"type":"Point","coordinates":[-99.18782,19.49755]},"properties":{"id_cultural":"CENTRO_CULTURAL_3654","id_sic":"3654","tipo_cultural":"CENTRO_CULTURAL","nombre":"PILARES Real de San Martín","fecha_fundacion":"2023-01-26","adscripcion_original":"Secretaría de Cultura de la Ciudad de México","tipo_gestion":"PUBLICO","criterio_clasificacion":"EVIDENCIA_INSTITUCIONAL_PUBLICA","fuente_revision_gestion":"","nota_revision_gestion":"","estado_id":"9","entidad":"Ciudad de México","municipio_id":"2","municipio":"Azcapotzalco","localidad_id":"1","localidad":"Azcapotzalco","calle_numero":"Av. Real de San Martín 270","colonia":"Col. Reynosa Tamaulipas","cp":"2129.0","telefono":"55 5134 0770 ext 1806","pagina_web":"https://pilares.cdmx.gob.mx/","email":"coord_comunicacion@pilares.cdmx.gob.mx","facebook":"","twitter":"","instagram":"","aforo":"","tipo_escenario":"","num_pantallas":"","link_sic":"http://sic.gob.mx/ficha.php?table=centro_cultural&table_id=3654","fecha_modificacion":"2025-08-29 18:10:21-06","es_pilares":"SI","dataset_relacionado":"PILARES","revision_manual":"NO","motivo_revision":"","fuente":"Sistema de Información Cultural (SIC)"}},{"type":"Feature","geometry":{"type":"Point","coordinates":[-99.21154,19.49687]},"properties":{"id_cultural":"CENTRO_CULTURAL_3112","id_sic":"3112","tipo_cultural":"CENTRO_CULTURAL","nombre":"Centro Cultural Xitle","fecha_fundacion":"2015-07-22","adscripcion_original":"","tipo_gestion":"NO_DETERMINADO","criterio_clasificacion":"SIN_ADSCRIPCION","fuente_revision_gestion":"","nota_revision_gestion":"","estado_id":"9","entidad":"Ciudad de México","municipio_id":"2","municipio":"Azcapotzalco","localidad_id":"1","localidad":"Azcapotzalco","calle_numero":"Hacienda de Las Carretas 38","colonia":"Col. Hacienda del Rosario","cp":"2420.0","telefono":"(55)  6832 9465","pagina_web":"","email":"xitle.ac@gmail.com","facebook":"","twitter":"","instagram":"","aforo":"","tipo_escenario":"","num_pantallas":"","link_sic":"http://sic.gob.mx/ficha.php?table=centro_cultural&table_id=3112","fecha_modificacion":"2019-07-10 13:58:47-05","es_pilares":"NO","dataset_relacionado":"","revision_manual":"SI","motivo_revision":"No existe adscripción disponible para determinar el tipo de gestión.","fuente":"Sistema de Información Cultural (SIC)"}},{"type":"Feature","geometry":{"type":"Point","coordinates":[-99.14986,19.47503]},"properties":{"id_cultural":"CENTRO_CULTURAL_3564","id_sic":"3564","tipo_cultural":"CENTRO_CULTURAL","nombre":"PILARES Pro Hogar","fecha_fundacion":"2020-01-01","adscripcion_original":"Secretaría de Cultura de la Ciudad de México","tipo_gestion":"PUBLICO","criterio_clasificacion":"EVIDENCIA_INSTITUCIONAL_PUBLICA","fuente_revision_gestion":"","nota_revision_gestion":"","estado_id":"9","entidad":"Ciudad de México","municipio_id":"2","municipio":"Azcapotzalco","localidad_id":"1","localidad":"Azcapotzalco","calle_numero":"Calle 22 17","colonia":"Col.  Pro Hogar","cp":"2600.0","telefono":"55 5134 0770 ext 1806","pagina_web":"https://pilares.cdmx.gob.mx/","email":"coord_comunicacion@pilares.cdmx.gob.mx","facebook":"","twitter":"","instagram":"","aforo":"","tipo_escenario":"","num_pantallas":"","link_sic":"http://sic.gob.mx/ficha.php?table=centro_cultural&table_id=3564","fecha_modificacion":"2025-07-07 18:04:12-06","es_pilares":"SI","dataset_relacionado":"PILARES","revision_manual":"NO","motivo_revision":"","fuente":"Sistema de Información Cultural (SIC)"}},{"type":"Feature","geometry":{"type":"Point","coordinates":[-99.18602,19.48973]},"properties":{"id_cultural":"CENTRO_CULTURAL_3656","id_sic":"3656","tipo_cultural":"CENTRO_CULTURAL","nombre":"PILARES Tepantongo","fecha_fundacion":"2020-01-01","adscripcion_original":"Secretaría de Cultura de la Ciudad de México","tipo_gestion":"PUBLICO","criterio_clasificacion":"EVIDENCIA_INSTITUCIONAL_PUBLICA","fuente_revision_gestion":"","nota_revision_gestion":"","estado_id":"9","entidad":"Ciudad de México","municipio_id":"2","municipio":"Azcapotzalco","localidad_id":"1","localidad":"Azcapotzalco","calle_numero":"Tepantongo s/n","colonia":"Col. San Marcos","cp":"2020.0","telefono":"55 5134 0770 ext 1806","pagina_web":"https://pilares.cdmx.gob.mx/","email":"coord_comunicacion@pilares.cdmx.gob.mx","facebook":"","twitter":"","instagram":"","aforo":"","tipo_escenario":"","num_pantallas":"","link_sic":"http://sic.gob.mx/ficha.php?table=centro_cultural&table_id=3656","fecha_modificacion":"2025-09-12 18:21:43-06","es_pilares":"SI","dataset_relacionado":"PILARES","revision_manual":"NO","motivo_revision":"","fuente":"Sistema de Información Cultural (SIC)"}},{"type":"Feature","geometry":{"type":"Point","coordinates":[-99.20079,19.51287]},"properties":{"id_cultural":"CENTRO_CULTURAL_3722","id_sic":"3722","tipo_cultural":"CENTRO_CULTURAL","nombre":"PILARES El Rosario","fecha_fundacion":"1000-01-01","adscripcion_original":"Gobierno de la Ciudad de México","tipo_gestion":"PUBLICO","criterio_clasificacion":"EVIDENCIA_INSTITUCIONAL_PUBLICA","fuente_revision_gestion":"","nota_revision_gestion":"","estado_id":"9","entidad":"Ciudad de México","municipio_id":"2","municipio":"Azcapotzalco","localidad_id":"1","localidad":"Azcapotzalco","calle_numero":"Agricultores s/n esq. Mercaderes","colonia":"Col. El Rosario","cp":"2100.0","telefono":"55 5134 0770 ext 1806","pagina_web":"https://pilares.cdmx.gob.mx/","email":"coord_comunicacion@pilares.cdmx.gob.mx","facebook":"","twitter":"","instagram":"","aforo":"","tipo_escenario":"","num_pantallas":"","link_sic":"http://sic.gob.mx/ficha.php?table=centro_cultural&table_id=3722","fecha_modificacion":"2024-06-13 14:15:51-06","es_pilares":"SI","dataset_relacionado":"PILARES","revision_manual":"NO","motivo_revision":"","fuente":"Sistema de Información Cultural (SIC)"}},{"type":"Feature","geometry":{"type":"Point","coordinates":[-99.15321,19.48157]},"properties":{"id_cultural":"CENTRO_CULTURAL_3557","id_sic":"3557","tipo_cultural":"CENTRO_CULTURAL","nombre":"PILARES Coltongo","fecha_fundacion":"1000-01-01","adscripcion_original":"Gobierno de la Ciudad de México","tipo_gestion":"PUBLICO","criterio_clasificacion":"EVIDENCIA_INSTITUCIONAL_PUBLICA","fuente_revision_gestion":"","nota_revision_gestion":"","estado_id":"9","entidad":"Ciudad de México","municipio_id":"2","municipio":"Azcapotzalco","localidad_id":"1","localidad":"Azcapotzalco","calle_numero":"Calz. Coltongo esq. Prol. Norte 100 metros","colonia":"Col. Coltongo","cp":"2630.0","telefono":"55 5134 0770 ext 1806","pagina_web":"https://pilares.cdmx.gob.mx/","email":"coord_comunicacion@pilares.cdmx.gob.mx","facebook":"","twitter":"","instagram":"","aforo":"","tipo_escenario":"","num_pantallas":"","link_sic":"http://sic.gob.mx/ficha.php?table=centro_cultural&table_id=3557","fecha_modificacion":"2024-06-19 13:29:09-06","es_pilares":"SI","dataset_relacionado":"PILARES","revision_manual":"NO","motivo_revision":"","fuente":"Sistema de Información Cultural (SIC)"}},{"type":"Feature","geometry":{"type":"Point","coordinates":[-99.15194,19.46424]},"properties":{"id_cultural":"CENTRO_CULTURAL_3464","id_sic":"3464","tipo_cultural":"CENTRO_CULTURAL","nombre":"PILARES Xalli","fecha_fundacion":"1000-01-01","adscripcion_original":"Secretaría de Cultura de la Ciudad de México","tipo_gestion":"PUBLICO","criterio_clasificacion":"EVIDENCIA_INSTITUCIONAL_PUBLICA","fuente_revision_gestion":"","nota_revision_gestion":"","estado_id":"9","entidad":"Ciudad de México","municipio_id":"2","municipio":"Azcapotzalco","localidad_id":"1","localidad":"Azcapotzalco","calle_numero":"Aretillo 184","colonia":"Col. El Arenal","cp":"2980.0","telefono":"55 5134 0770 ext 1806","pagina_web":"https://pilares.cdmx.gob.mx/","email":"coord_comunicacion@pilares.cdmx.gob.mx","facebook":"","twitter":"","instagram":"","aforo":"","tipo_escenario":"","num_pantallas":"","link_sic":"http://sic.gob.mx/ficha.php?table=centro_cultural&table_id=3464","fecha_modificacion":"2024-06-11 10:47:43-06","es_pilares":"SI","dataset_relacionado":"PILARES","revision_manual":"NO","motivo_revision":"","fuente":"Sistema de Información Cultural (SIC)"}},{"type":"Feature","geometry":{"type":"Point","coordinates":[-99.20009,19.5069]},"properties":{"id_cultural":"CENTRO_CULTURAL_3100","id_sic":"3100","tipo_cultural":"CENTRO_CULTURAL","nombre":"Faro Poniente Xochikalli Azcapotzalco","fecha_fundacion":"2018-12-13","adscripcion_original":"Alcaldía Azcapotzalco","tipo_gestion":"PUBLICO","criterio_clasificacion":"EVIDENCIA_INSTITUCIONAL_PUBLICA","fuente_revision_gestion":"","nota_revision_gestion":"","estado_id":"9","entidad":"Ciudad de México","municipio_id":"2","municipio":"Azcapotzalco","localidad_id":"1","localidad":"Azcapotzalco","calle_numero":"Calle Cananea lote 4","colonia":"Unidad Habitacional El Rosario","cp":"2100.0","telefono":"","pagina_web":"","email":"comunicacion.faroazcapotzalco@gmail.com","facebook":"","twitter":"","instagram":"","aforo":"","tipo_escenario":"","num_pantallas":"","link_sic":"http://sic.gob.mx/ficha.php?table=centro_cultural&table_id=3100","fecha_modificacion":"2021-07-30 10:57:14-05","es_pilares":"NO","dataset_relacionado":"","revision_manual":"NO","motivo_revision":"","fuente":"Sistema de Información Cultural (SIC)"}},{"type":"Feature","geometry":{"type":"Point","coordinates":[-99.20013,19.50699]},"properties":{"id_cultural":"CENTRO_CULTURAL_3618","id_sic":"3618","tipo_cultural":"CENTRO_CULTURAL","nombre":"PILARES Fábrica de Artes y Oficios (FARO) Azcapotzalco Xochicalli","fecha_fundacion":"2018-09-13","adscripcion_original":"Secretaría de Cultura de la Ciudad de México/Dirección General de Vinculación Cultural Comunitaria/Red de Faros","tipo_gestion":"PUBLICO","criterio_clasificacion":"EVIDENCIA_INSTITUCIONAL_PUBLICA","fuente_revision_gestion":"","nota_revision_gestion":"","estado_id":"9","entidad":"Ciudad de México","municipio_id":"2","municipio":"Azcapotzalco","localidad_id":"1","localidad":"Azcapotzalco","calle_numero":"Av. Cultura Norte s/n","colonia":"Unidad Habitacional El Rosario","cp":"2100.0","telefono":"55 5134 0770 ext 1806","pagina_web":"https://pilares.cdmx.gob.mx/","email":"faroazcapotzalcoxochicalli@gmail.com","facebook":"","twitter":"","instagram":"","aforo":"","tipo_escenario":"","num_pantallas":"","link_sic":"http://sic.gob.mx/ficha.php?table=centro_cultural&table_id=3618","fecha_modificacion":"2026-08-03 14:42:00-06","es_pilares":"SI","dataset_relacionado":"PILARES","revision_manual":"NO","motivo_revision":"","fuente":"Sistema de Información Cultural (SIC)"}},{"type":"Feature","geometry":{"type":"Point","coordinates":[-99.20949,19.48414]},"properties":{"id_cultural":"CENTRO_CULTURAL_3510","id_sic":"3510","tipo_cultural":"CENTRO_CULTURAL","nombre":"PILARES San Pedro Xalpa","fecha_fundacion":"2019-08-13","adscripcion_original":"Gobierno de la Ciudad de México","tipo_gestion":"PUBLICO","criterio_clasificacion":"EVIDENCIA_INSTITUCIONAL_PUBLICA","fuente_revision_gestion":"","nota_revision_gestion":"","estado_id":"9","entidad":"Ciudad de México","municipio_id":"2","municipio":"Azcapotzalco","localidad_id":"1","localidad":"Azcapotzalco","calle_numero":"Av Hidalgo 15 entre Justo Sierra y Santiago Ahuizotla,","colonia":"Col. San Pedro Xalpa","cp":"2710.0","telefono":"55 5134 0770 ext 1806","pagina_web":"https://pilares.cdmx.gob.mx/pilares/1548/san-pedro-xalpa","email":"coord_comunicacion@pilares.cdmx.gob.mx","facebook":"","twitter":"","instagram":"","aforo":"","tipo_escenario":"","num_pantallas":"","link_sic":"http://sic.gob.mx/ficha.php?table=centro_cultural&table_id=3510","fecha_modificacion":"2026-01-06 17:14:12-06","es_pilares":"SI","dataset_relacionado":"PILARES","revision_manual":"NO","motivo_revision":"","fuente":"Sistema de Información Cultural (SIC)"}},{"type":"Feature","geometry":{"type":"Point","coordinates":[-99.16307,19.47779]},"properties":{"id_cultural":"CENTRO_CULTURAL_3653","id_sic":"3653","tipo_cultural":"CENTRO_CULTURAL","nombre":"PILARES Ceylan","fecha_fundacion":"1000-01-01","adscripcion_original":"Gobierno de la Ciudad de México","tipo_gestion":"PUBLICO","criterio_clasificacion":"EVIDENCIA_INSTITUCIONAL_PUBLICA","fuente_revision_gestion":"","nota_revision_gestion":"","estado_id":"9","entidad":"Ciudad de México","municipio_id":"2","municipio":"Azcapotzalco","localidad_id":"1","localidad":"Azcapotzalco","calle_numero":"Blvd. Ferrocarriles s/n","colonia":"Industrial Vallejo","cp":"2300.0","telefono":"55 5134 0770 ext 1806","pagina_web":"https://pilares.cdmx.gob.mx/","email":"coord_comunicacion@pilares.cdmx.gob.mx","facebook":"","twitter":"","instagram":"","aforo":"","tipo_escenario":"","num_pantallas":"","link_sic":"http://sic.gob.mx/ficha.php?table=centro_cultural&table_id=3653","fecha_modificacion":"2024-06-12 11:57:46-06","es_pilares":"SI","dataset_relacionado":"PILARES","revision_manual":"NO","motivo_revision":"","fuente":"Sistema de Información Cultural (SIC)"}},{"type":"Feature","geometry":{"type":"Point","coordinates":[-99.17979,19.47569]},"properties":{"id_cultural":"CENTRO_CULTURAL_3655","id_sic":"3655","tipo_cultural":"CENTRO_CULTURAL","nombre":"PILARES Electricistas/Virgilio Caballero","fecha_fundacion":"2023-07-13","adscripcion_original":"Gobierno de la Ciudad de México","tipo_gestion":"PUBLICO","criterio_clasificacion":"EVIDENCIA_INSTITUCIONAL_PUBLICA","fuente_revision_gestion":"","nota_revision_gestion":"","estado_id":"9","entidad":"Ciudad de México","municipio_id":"2","municipio":"Azcapotzalco","localidad_id":"1","localidad":"Azcapotzalco","calle_numero":"Rabaul s/n","colonia":"Parque Electricistas","cp":"2060.0","telefono":"55 5134 0770 ext 1806","pagina_web":"https://pilares.cdmx.gob.mx/pilares/1693/virgilio-caballero","email":"coord_comunicacion@pilares.cdmx.gob.mx","facebook":"","twitter":"","instagram":"","aforo":"","tipo_escenario":"","num_pantallas":"","link_sic":"http://sic.gob.mx/ficha.php?table=centro_cultural&table_id=3655","fecha_modificacion":"2025-10-07 19:44:43-06","es_pilares":"SI","dataset_relacionado":"PILARES","revision_manual":"NO","motivo_revision":"","fuente":"Sistema de Información Cultural (SIC)"}},{"type":"Feature","geometry":{"type":"Point","coordinates":[-99.1883,19.47222]},"properties":{"id_cultural":"CENTRO_CULTURAL_1649","id_sic":"1649","tipo_cultural":"CENTRO_CULTURAL","nombre":"Casa de la Palabra José Emilio Pacheco","fecha_fundacion":"2006-11-26","adscripcion_original":"Alcaldía Azcapotzalco","tipo_gestion":"PUBLICO","criterio_clasificacion":"EVIDENCIA_INSTITUCIONAL_PUBLICA","fuente_revision_gestion":"","nota_revision_gestion":"","estado_id":"9","entidad":"Ciudad de México","municipio_id":"2","municipio":"Azcapotzalco","localidad_id":"1","localidad":"Azcapotzalco","calle_numero":"José F. Gutiérrez  351","colonia":"Barrio de Nextengo","cp":"2700.0","telefono":"55 5368 4812","pagina_web":"https://azcapotzalco.cdmx.gob.mx/cultura-y-mas-cultura-en-azcapotzalco/#1594766547310-32498aa2-1a40","email":"","facebook":"","twitter":"","instagram":"","aforo":"","tipo_escenario":"","num_pantallas":"","link_sic":"http://sic.gob.mx/ficha.php?table=centro_cultural&table_id=1649","fecha_modificacion":"2026-03-23 12:37:00-06","es_pilares":"NO","dataset_relacionado":"","revision_manual":"NO","motivo_revision":"","fuente":"Sistema de Información Cultural (SIC)"}},{"type":"Feature","geometry":{"type":"Point","coordinates":[-99.16627,19.48902]},"properties":{"id_cultural":"CENTRO_CULTURAL_3619","id_sic":"3619","tipo_cultural":"CENTRO_CULTURAL","nombre":"PILARES Las Salinas","fecha_fundacion":"1000-01-01","adscripcion_original":"Secretaría de Cultura de la Ciudad de México","tipo_gestion":"PUBLICO","criterio_clasificacion":"EVIDENCIA_INSTITUCIONAL_PUBLICA","fuente_revision_gestion":"","nota_revision_gestion":"","estado_id":"9","entidad":"Ciudad de México","municipio_id":"2","municipio":"Azcapotzalco","localidad_id":"1","localidad":"Azcapotzalco","calle_numero":"Cahuacaltzingo 10","colonia":"Col. Las Salinas","cp":"2360.0","telefono":"55 5134 0770 ext 1806","pagina_web":"https://pilares.cdmx.gob.mx/","email":"coord_comunicacion@pilares.cdmx.gob.mx","facebook":"","twitter":"","instagram":"","aforo":"","tipo_escenario":"","num_pantallas":"","link_sic":"http://sic.gob.mx/ficha.php?table=centro_cultural&table_id=3619","fecha_modificacion":"2024-06-11 11:24:36-06","es_pilares":"SI","dataset_relacionado":"PILARES","revision_manual":"NO","motivo_revision":"","fuente":"Sistema de Información Cultural (SIC)"}},{"type":"Feature","geometry":{"type":"Point","coordinates":[-99.1652,19.34933]},"properties":{"id_cultural":"CENTRO_CULTURAL_1170","id_sic":"1170","tipo_cultural":"CENTRO_CULTURAL","nombre":"Centro Cultural Los Talleres","fecha_fundacion":"1981-11-10","adscripcion_original":"Centro Cultural Los Talleres, A.C.","tipo_gestion":"PRIVADO","criterio_clasificacion":"EVIDENCIA_INSTITUCIONAL_PRIVADA","fuente_revision_gestion":"","nota_revision_gestion":"","estado_id":"9","entidad":"Ciudad de México","municipio_id":"3","municipio":"Coyoacán","localidad_id":"1","localidad":"Coyoacán","calle_numero":"Francisco Sosa 29","colonia":"Col. Del Carmen Coayoacán","cp":"4000.0","telefono":"55 5658 7288","pagina_web":"http://www.lostalleres.com.mx","email":"talleres@prodigy.net.mx;  difusion@forolostalleres.com","facebook":"","twitter":"","instagram":"","aforo":"","tipo_escenario":"","num_pantallas":"","link_sic":"http://sic.gob.mx/ficha.php?table=centro_cultural&table_id=1170","fecha_modificacion":"2025-04-21 13:26:55-06","es_pilares":"NO","dataset_relacionado":"","revision_manual":"NO","motivo_revision":"","fuente":"Sistema de Información Cultural (SIC)"}},{"type":"Feature","geometry":{"type":"Point","coordinates":[-99.16505,19.35225]},"properties":{"id_cultural":"CENTRO_CULTURAL_2676","id_sic":"2676","tipo_cultural":"CENTRO_CULTURAL","nombre":"Centro Cultural La Titería Casa de las Marionetas","fecha_fundacion":"2014-04-30","adscripcion_original":"Fundación La Titería, A.C.","tipo_gestion":"PRIVADO","criterio_clasificacion":"EVIDENCIA_INSTITUCIONAL_PRIVADA","fuente_revision_gestion":"","nota_revision_gestion":"","estado_id":"9","entidad":"Ciudad de México","municipio_id":"3","municipio":"Coyoacán","localidad_id":"1","localidad":"Coyoacán","calle_numero":"Vicente Guerrero 7","colonia":"Col. El Carmen","cp":"4100.0","telefono":"55 5662 6952","pagina_web":"http://www.latiteria.mx/","email":"marionetas.esquina@gmail.com; amigoslatiteria@gmail.com","facebook":"","twitter":"","instagram":"","aforo":"","tipo_escenario":"","num_pantallas":"","link_sic":"http://sic.gob.mx/ficha.php?table=centro_cultural&table_id=2676","fecha_modificacion":"2021-09-27 08:38:32-05","es_pilares":"NO","dataset_relacionado":"","revision_manual":"NO","motivo_revision":"","fuente":"Sistema de Información Cultural (SIC)"}},{"type":"Feature","geometry":{"type":"Point","coordinates":[-99.11412,19.32846]},"properties":{"id_cultural":"CENTRO_CULTURAL_3541","id_sic":"3541","tipo_cultural":"CENTRO_CULTURAL","nombre":"PILARES Santa Ana","fecha_fundacion":"1000-01-01","adscripcion_original":"Secretaría de Cultura de la Ciudad de México","tipo_gestion":"PUBLICO","criterio_clasificacion":"EVIDENCIA_INSTITUCIONAL_PUBLICA","fuente_revision_gestion":"","nota_revision_gestion":"","estado_id":"9","entidad":"Ciudad de México","municipio_id":"3","municipio":"Coyoacán","localidad_id":"1","localidad":"Coyoacán","calle_numero":"Carlota Armero s/n esq. Av. Santa","colonia":"Col. CTM VI Culhuacán","cp":"4480.0","telefono":"55 5134 0770 ext 1806","pagina_web":"https://pilares.cdmx.gob.mx/","email":"coord_comunicacion@pilares.cdmx.gob.mx","facebook":"","twitter":"","instagram":"","aforo":"","tipo_escenario":"","num_pantallas":"","link_sic":"http://sic.gob.mx/ficha.php?table=centro_cultural&table_id=3541","fecha_modificacion":"2024-06-11 08:53:58-06","es_pilares":"SI","dataset_relacionado":"PILARES","revision_manual":"NO","motivo_revision":"","fuente":"Sistema de Información Cultural (SIC)"}},{"type":"Feature","geometry":{"type":"Point","coordinates":[-99.15816,19.32259]},"properties":{"id_cultural":"CENTRO_CULTURAL_3568","id_sic":"3568","tipo_cultural":"CENTRO_CULTURAL","nombre":"PILARES Topiltzin","fecha_fundacion":"2022-01-14","adscripcion_original":"Gobierno de la Ciudad de México","tipo_gestion":"PUBLICO","criterio_clasificacion":"EVIDENCIA_INSTITUCIONAL_PUBLICA","fuente_revision_gestion":"","nota_revision_gestion":"","estado_id":"9","entidad":"Ciudad de México","municipio_id":"3","municipio":"Coyoacán","localidad_id":"1","localidad":"Coyoacán","calle_numero":"Mixtecas s/n","colonia":"Ajusco","cp":"4300.0","telefono":"55 5134 0770 ext 1806","pagina_web":"https://pilares.cdmx.gob.mx/","email":"coord_comunicacion@pilares.cdmx.gob.mx","facebook":"","twitter":"","instagram":"","aforo":"","tipo_escenario":"","num_pantallas":"","link_sic":"http://sic.gob.mx/ficha.php?table=centro_cultural&table_id=3568","fecha_modificacion":"2025-10-23 19:14:32-06","es_pilares":"SI","dataset_relacionado":"PILARES","revision_manual":"NO","motivo_revision":"","fuente":"Sistema de Información Cultural (SIC)"}},{"type":"Feature","geometry":{"type":"Point","coordinates":[-99.17221,19.31793]},"properties":{"id_cultural":"CENTRO_CULTURAL_3484","id_sic":"3484","tipo_cultural":"CENTRO_CULTURAL","nombre":"PILARES Cantera","fecha_fundacion":"2019-01-01","adscripcion_original":"Secretaría de Cultura de la Ciudad de México","tipo_gestion":"PUBLICO","criterio_clasificacion":"EVIDENCIA_INSTITUCIONAL_PUBLICA","fuente_revision_gestion":"","nota_revision_gestion":"","estado_id":"9","entidad":"Ciudad de México","municipio_id":"3","municipio":"Coyoacán","localidad_id":"1","localidad":"Coyoacán","calle_numero":"Av. Antonio Delfín Madrigal","colonia":"Col. Pedregal de Santo Domingo","cp":"4369.0","telefono":"55 5134 0770 ext 1806","pagina_web":"https://pilares.cdmx.gob.mx/","email":"coord_comunicacion@pilares.cdmx.gob.mx","facebook":"","twitter":"","instagram":"","aforo":"","tipo_escenario":"","num_pantallas":"","link_sic":"http://sic.gob.mx/ficha.php?table=centro_cultural&table_id=3484","fecha_modificacion":"2026-03-24 14:35:00-06","es_pilares":"SI","dataset_relacionado":"PILARES","revision_manual":"NO","motivo_revision":"","fuente":"Sistema de Información Cultural (SIC)"}},{"type":"Feature","geometry":{"type":"Point","coordinates":[-99.14935,19.34385]},"properties":{"id_cultural":"CENTRO_CULTURAL_2899","id_sic":"2899","tipo_cultural":"CENTRO_CULTURAL","nombre":"Centro Cultural Tauro Flamenco","fecha_fundacion":"2006-03-09","adscripcion_original":"Tauro Flamenco, A.C.","tipo_gestion":"PRIVADO","criterio_clasificacion":"EVIDENCIA_INSTITUCIONAL_PRIVADA","fuente_revision_gestion":"","nota_revision_gestion":"","estado_id":"9","entidad":"Ciudad de México","municipio_id":"3","municipio":"Coyoacán","localidad_id":"1","localidad":"Coyoacán","calle_numero":"Av.  División del Norte 2915-piso 3","colonia":"Parque San Andrés, Coyoacán","cp":"4040.0","telefono":"(56) 2166 6884","pagina_web":"https://www.tauroflamenco.org/","email":"tauroflamenco@yahoo.com; cursos@tauroflamenco.org","facebook":"","twitter":"","instagram":"","aforo":"","tipo_escenario":"","num_pantallas":"","link_sic":"http://sic.gob.mx/ficha.php?table=centro_cultural&table_id=2899","fecha_modificacion":"2026-01-08 18:27:08-06","es_pilares":"NO","dataset_relacionado":"","revision_manual":"NO","motivo_revision":"","fuente":"Sistema de Información Cultural (SIC)"}},{"type":"Feature","geometry":{"type":"Point","coordinates":[-99.14336,19.34213]},"properties":{"id_cultural":"CENTRO_CULTURAL_3558","id_sic":"3558","tipo_cultural":"CENTRO_CULTURAL","nombre":"PILARES Taxqueña","fecha_fundacion":"1000-01-01","adscripcion_original":"Gobierno de la Ciudad de México","tipo_gestion":"PUBLICO","criterio_clasificacion":"EVIDENCIA_INSTITUCIONAL_PUBLICA","fuente_revision_gestion":"","nota_revision_gestion":"","estado_id":"9","entidad":"Ciudad de México","municipio_id":"3","municipio":"Coyoacán","localidad_id":"1","localidad":"Coyoacán","calle_numero":"Calzada de Tlalpan 2130","colonia":"Campestre Churubusco","cp":"4200.0","telefono":"55 5134 0770 ext 1806","pagina_web":"https://pilares.cdmx.gob.mx/","email":"coord_comunicacion@pilares.cdmx.gob.mx","facebook":"","twitter":"","instagram":"","aforo":"","tipo_escenario":"","num_pantallas":"","link_sic":"http://sic.gob.mx/ficha.php?table=centro_cultural&table_id=3558","fecha_modificacion":"2025-07-29 13:40:05-06","es_pilares":"SI","dataset_relacionado":"PILARES","revision_manual":"NO","motivo_revision":"","fuente":"Sistema de Información Cultural (SIC)"}},{"type":"Feature","geometry":{"type":"Point","coordinates":[-99.16684,19.34957]},"properties":{"id_cultural":"CENTRO_CULTURAL_1156","id_sic":"1156","tipo_cultural":"CENTRO_CULTURAL","nombre":"Instituto Italiano de Cultura Ciudad de México","fecha_fundacion":"2001-03-01","adscripcion_original":"Ministerio de Asuntos Exteriores y de Cooperación Internacional","tipo_gestion":"PUBLICO","criterio_clasificacion":"EVIDENCIA_INSTITUCIONAL_PUBLICA","fuente_revision_gestion":"","nota_revision_gestion":"","estado_id":"9","entidad":"Ciudad de México","municipio_id":"3","municipio":"Coyoacán","localidad_id":"1","localidad":"Coyoacán","calle_numero":"Av. Francisco Sosa 77","colonia":"Col. Villa Coyoacán","cp":"4000.0","telefono":"55 5554 0044","pagina_web":"http://www.iicmessico.esteri.it/IIC_Messico","email":"iicmessico@esteri.it","facebook":"","twitter":"","instagram":"","aforo":"","tipo_escenario":"","num_pantallas":"","link_sic":"http://sic.gob.mx/ficha.php?table=centro_cultural&table_id=1156","fecha_modificacion":"2024-06-20 10:13:21-06","es_pilares":"NO","dataset_relacionado":"","revision_manual":"NO","motivo_revision":"","fuente":"Sistema de Información Cultural (SIC)"}},{"type":"Feature","geometry":{"type":"Point","coordinates":[-99.143,19.35533]},"properties":{"id_cultural":"CENTRO_CULTURAL_550","id_sic":"550","tipo_cultural":"CENTRO_CULTURAL","nombre":"Centro Nacional de las Artes (CENART)","fecha_fundacion":"1994-11-22","adscripcion_original":"Secretaría de Cultura","tipo_gestion":"PUBLICO","criterio_clasificacion":"EVIDENCIA_INSTITUCIONAL_PUBLICA","fuente_revision_gestion":"","nota_revision_gestion":"","estado_id":"9","entidad":"Ciudad de México","municipio_id":"3","municipio":"Coyoacán","localidad_id":"1","localidad":"Coyoacán","calle_numero":"Río Churubusco 79 esq. Calz. de Tlalpan","colonia":"Col. Country Club","cp":"4220.0","telefono":"55 4155 0000","pagina_web":"http://www.cenart.gob.mx","email":"contacto@conaculta.gob.mx","facebook":"","twitter":"","instagram":"","aforo":"","tipo_escenario":"","num_pantallas":"","link_sic":"http://sic.gob.mx/ficha.php?table=centro_cultural&table_id=550","fecha_modificacion":"2026-04-20 17:30:38-06","es_pilares":"NO","dataset_relacionado":"","revision_manual":"NO","motivo_revision":"","fuente":"Sistema de Información Cultural (SIC)"}},{"type":"Feature","geometry":{"type":"Point","coordinates":[-99.10559,19.32566]},"properties":{"id_cultural":"CENTRO_CULTURAL_3591","id_sic":"3591","tipo_cultural":"CENTRO_CULTURAL","nombre":"PILARES Francisco J. Mujica","fecha_fundacion":"2021-01-01","adscripcion_original":"Secretaría de Cultura de la Ciudad de México","tipo_gestion":"PUBLICO","criterio_clasificacion":"EVIDENCIA_INSTITUCIONAL_PUBLICA","fuente_revision_gestion":"","nota_revision_gestion":"","estado_id":"9","entidad":"Ciudad de México","municipio_id":"3","municipio":"Coyoacán","localidad_id":"1","localidad":"Coyoacán","calle_numero":"Deportivo Francisco. Canal Nacional J. Múgica 17-B anexo B","colonia":"Col. Canal Nacional","cp":"","telefono":"55 5134 0770 ext 1806","pagina_web":"https://pilares.cdmx.gob.mx/","email":"coord_comunicacion@pilares.cdmx.gob.mx","facebook":"","twitter":"","instagram":"","aforo":"","tipo_escenario":"","num_pantallas":"","link_sic":"http://sic.gob.mx/ficha.php?table=centro_cultural&table_id=3591","fecha_modificacion":"2025-06-10 18:21:29-06","es_pilares":"SI","dataset_relacionado":"PILARES","revision_manual":"NO","motivo_revision":"","fuente":"Sistema de Información Cultural (SIC)"}},{"type":"Feature","geometry":{"type":"Point","coordinates":[-99.14833,19.3249]},"properties":{"id_cultural":"CENTRO_CULTURAL_3724","id_sic":"3724","tipo_cultural":"CENTRO_CULTURAL","nombre":"PILARES Huayamilpas","fecha_fundacion":"2022-08-13","adscripcion_original":"Secretaría de Cultura de la Ciudad de México","tipo_gestion":"PUBLICO","criterio_clasificacion":"EVIDENCIA_INSTITUCIONAL_PUBLICA","fuente_revision_gestion":"","nota_revision_gestion":"","estado_id":"9","entidad":"Ciudad de México","municipio_id":"3","municipio":"Coyoacán","localidad_id":"1","localidad":"Coyoacán","calle_numero":"Prol. Huayamilpas s/n","colonia":"Col. Ajusto","cp":"4390.0","telefono":"55 5134 0770 ext 1806","pagina_web":"https://pilares.cdmx.gob.mx/","email":"coord_comunicacion@pilares.cdmx.gob.mx","facebook":"","twitter":"","instagram":"","aforo":"","tipo_escenario":"","num_pantallas":"","link_sic":"http://sic.gob.mx/ficha.php?table=centro_cultural&table_id=3724","fecha_modificacion":"2025-10-07 19:08:48-06","es_pilares":"SI","dataset_relacionado":"PILARES","revision_manual":"NO","motivo_revision":"","fuente":"Sistema de Información Cultural (SIC)"}},{"type":"Feature","geometry":{"type":"Point","coordinates":[-99.15699,19.30982]},"properties":{"id_cultural":"CENTRO_CULTURAL_3509","id_sic":"3509","tipo_cultural":"CENTRO_CULTURAL","nombre":"PILARES Santa Úrsula","fecha_fundacion":"1000-01-01","adscripcion_original":"Secretaría de Cultura de la Ciudad de México","tipo_gestion":"PUBLICO","criterio_clasificacion":"EVIDENCIA_INSTITUCIONAL_PUBLICA","fuente_revision_gestion":"","nota_revision_gestion":"","estado_id":"9","entidad":"Ciudad de México","municipio_id":"3","municipio":"Coyoacán","localidad_id":"1","localidad":"Coyoacán","calle_numero":"Sta. Úrsula y San Ricardo","colonia":"Col.  Pedregal de Sta Úrsula","cp":"4600.0","telefono":"55 5134 0770 ext 1806","pagina_web":"https://pilares.cdmx.gob.mx/","email":"coord_comunicacion@pilares.cdmx.gob.mx","facebook":"","twitter":"","instagram":"","aforo":"","tipo_escenario":"","num_pantallas":"","link_sic":"http://sic.gob.mx/ficha.php?table=centro_cultural&table_id=3509","fecha_modificacion":"2024-06-11 11:52:52-06","es_pilares":"SI","dataset_relacionado":"PILARES","revision_manual":"NO","motivo_revision":"","fuente":"Sistema de Información Cultural (SIC)"}},{"type":"Feature","geometry":{"type":"Point","coordinates":[-99.15687,19.30981]},"properties":{"id_cultural":"CENTRO_CULTURAL_2351","id_sic":"2351","tipo_cultural":"CENTRO_CULTURAL","nombre":"Centro de las Artes Santa Úrsula","fecha_fundacion":"2009-06-21","adscripcion_original":"Alcaldía Coyoacán/Dirección General de Cultura","tipo_gestion":"PUBLICO","criterio_clasificacion":"EVIDENCIA_INSTITUCIONAL_PUBLICA","fuente_revision_gestion":"","nota_revision_gestion":"","estado_id":"9","entidad":"Ciudad de México","municipio_id":"3","municipio":"Coyoacán","localidad_id":"1","localidad":"Coyoacán","calle_numero":"Av. Santa Úrsula 191 esq. San Ricardo","colonia":"Col. Pedregal de Santa Úrsula","cp":"4600.0","telefono":"55 5610 6176","pagina_web":"https://www.mexicoescultura.com/recinto/66348/centro-de-las-artes-santa-ursula.html","email":"casu_info@yahoo.com.mx","facebook":"","twitter":"","instagram":"","aforo":"","tipo_escenario":"","num_pantallas":"","link_sic":"http://sic.gob.mx/ficha.php?table=centro_cultural&table_id=2351","fecha_modificacion":"2023-11-06 09:09:26-06","es_pilares":"NO","dataset_relacionado":"","revision_manual":"NO","motivo_revision":"","fuente":"Sistema de Información Cultural (SIC)"}},{"type":"Feature","geometry":{"type":"Point","coordinates":[-99.10258,19.32313]},"properties":{"id_cultural":"CENTRO_CULTURAL_1190","id_sic":"1190","tipo_cultural":"CENTRO_CULTURAL","nombre":"Casa de Cultura Ricardo Flores Magón","fecha_fundacion":"1986-04-30","adscripcion_original":"Alcaldía Coyoacán","tipo_gestion":"PUBLICO","criterio_clasificacion":"EVIDENCIA_INSTITUCIONAL_PUBLICA","fuente_revision_gestion":"","nota_revision_gestion":"","estado_id":"9","entidad":"Ciudad de México","municipio_id":"3","municipio":"Coyoacán","localidad_id":"1","localidad":"Coyoacán","calle_numero":"Calz. de la Virgen s/n esq. Canal Nacional","colonia":"Col. Carmen Serdán","cp":"4910.0","telefono":"(55) 5607 0888","pagina_web":"http://www.coyoacan.df.gob.mx/Cultura/centros.php","email":"casadelacultura.floresmagon@gmail.com","facebook":"","twitter":"","instagram":"","aforo":"","tipo_escenario":"","num_pantallas":"","link_sic":"http://sic.gob.mx/ficha.php?table=centro_cultural&table_id=1190","fecha_modificacion":"2019-11-27 03:32:05-06","es_pilares":"NO","dataset_relacionado":"","revision_manual":"NO","motivo_revision":"","fuente":"Sistema de Información Cultural (SIC)"}},{"type":"Feature","geometry":{"type":"Point","coordinates":[-99.16328,19.34598]},"properties":{"id_cultural":"CENTRO_CULTURAL_2660","id_sic":"2660","tipo_cultural":"CENTRO_CULTURAL","nombre":"Albergue del Arte","fecha_fundacion":"2009-01-01","adscripcion_original":"Asociación Civil","tipo_gestion":"PRIVADO","criterio_clasificacion":"EVIDENCIA_INSTITUCIONAL_PRIVADA","fuente_revision_gestion":"","nota_revision_gestion":"","estado_id":"9","entidad":"Ciudad de México","municipio_id":"3","municipio":"Coyoacán","localidad_id":"1","localidad":"Coyoacán","calle_numero":"Alberto Zamora 32","colonia":"Villa Coyoacán","cp":"40000.0","telefono":"(55) 5610 1746","pagina_web":"","email":"jorge_esnaj@hotmail.com; tadecos08@hotmail.com","facebook":"","twitter":"","instagram":"","aforo":"","tipo_escenario":"","num_pantallas":"","link_sic":"http://sic.gob.mx/ficha.php?table=centro_cultural&table_id=2660","fecha_modificacion":"2024-10-21 14:33:43-06","es_pilares":"NO","dataset_relacionado":"","revision_manual":"NO","motivo_revision":"","fuente":"Sistema de Información Cultural (SIC)"}},{"type":"Feature","geometry":{"type":"Point","coordinates":[-99.15009,19.32301]},"properties":{"id_cultural":"CENTRO_CULTURAL_1162","id_sic":"1162","tipo_cultural":"CENTRO_CULTURAL","nombre":"Casa de Cultura Raúl Anguiano","fecha_fundacion":"1994-11-23","adscripcion_original":"Alcaldía Coyoacán","tipo_gestion":"PUBLICO","criterio_clasificacion":"EVIDENCIA_INSTITUCIONAL_PUBLICA","fuente_revision_gestion":"","nota_revision_gestion":"","estado_id":"9","entidad":"Ciudad de México","municipio_id":"3","municipio":"Coyoacán","localidad_id":"1","localidad":"Coyoacán","calle_numero":"Parque Ecológico Huayamilpas<br>Rey Nezahualcóyotl s/n esq. Yaquis","colonia":"Col. Ajusco Huayamilpas","cp":"4730.0","telefono":"55 5617 1629","pagina_web":"","email":"ccultura.raulanguiano1994@gmail.com","facebook":"","twitter":"","instagram":"","aforo":"","tipo_escenario":"","num_pantallas":"","link_sic":"http://sic.gob.mx/ficha.php?table=centro_cultural&table_id=1162","fecha_modificacion":"2023-09-28 10:53:46-06","es_pilares":"NO","dataset_relacionado":"","revision_manual":"NO","motivo_revision":"","fuente":"Sistema de Información Cultural (SIC)"}},{"type":"Feature","geometry":{"type":"Point","coordinates":[-99.14756,19.35565]},"properties":{"id_cultural":"CENTRO_CULTURAL_3975","id_sic":"3975","tipo_cultural":"CENTRO_CULTURAL","nombre":"Espacio Cultural Jardín","fecha_fundacion":"1000-01-01","adscripcion_original":"","tipo_gestion":"NO_DETERMINADO","criterio_clasificacion":"SIN_ADSCRIPCION","fuente_revision_gestion":"","nota_revision_gestion":"","estado_id":"9","entidad":"Ciudad de México","municipio_id":"3","municipio":"Coyoacán","localidad_id":"1","localidad":"Coyoacán","calle_numero":"Rafael Oliva 129","colonia":"Col. San Diego Churubusco","cp":"4120.0","telefono":"","pagina_web":"","email":"info.jardinn@gmail.com","facebook":"","twitter":"","instagram":"","aforo":"","tipo_escenario":"","num_pantallas":"","link_sic":"http://sic.gob.mx/ficha.php?table=centro_cultural&table_id=3975","fecha_modificacion":"2026-01-22 18:19:51-06","es_pilares":"NO","dataset_relacionado":"","revision_manual":"SI","motivo_revision":"No existe adscripción disponible para determinar el tipo de gestión.","fuente":"Sistema de Información Cultural (SIC)"}},{"type":"Feature","geometry":{"type":"Point","coordinates":[-99.15343,19.35474]},"properties":{"id_cultural":"CENTRO_CULTURAL_3306","id_sic":"3306","tipo_cultural":"CENTRO_CULTURAL","nombre":"Cirkóptero","fecha_fundacion":"2018-01-01","adscripcion_original":"Privado","tipo_gestion":"PRIVADO","criterio_clasificacion":"CLASIFICACION_EXPLICITA","fuente_revision_gestion":"","nota_revision_gestion":"","estado_id":"9","entidad":"Ciudad de México","municipio_id":"3","municipio":"Coyoacán","localidad_id":"1","localidad":"Coyoacán","calle_numero":"Xicoténcatl 110","colonia":"Col. Del Carmen","cp":"4100.0","telefono":"55 8969 2476","pagina_web":"https://www.cirkoptero.com.mx/contacto","email":"cirkoptero@gmail.com","facebook":"","twitter":"","instagram":"","aforo":"","tipo_escenario":"","num_pantallas":"","link_sic":"http://sic.gob.mx/ficha.php?table=centro_cultural&table_id=3306","fecha_modificacion":"2024-10-21 18:02:37-06","es_pilares":"NO","dataset_relacionado":"","revision_manual":"NO","motivo_revision":"","fuente":"Sistema de Información Cultural (SIC)"}},{"type":"Feature","geometry":{"type":"Point","coordinates":[-99.17113,19.33215]},"properties":{"id_cultural":"CENTRO_CULTURAL_3658","id_sic":"3658","tipo_cultural":"CENTRO_CULTURAL","nombre":"PILARES Familia Maza de Juárez","fecha_fundacion":"1000-01-01","adscripcion_original":"Gobierno de la Ciudad de México","tipo_gestion":"PUBLICO","criterio_clasificacion":"EVIDENCIA_INSTITUCIONAL_PUBLICA","fuente_revision_gestion":"","nota_revision_gestion":"","estado_id":"9","entidad":"Ciudad de México","municipio_id":"3","municipio":"Coyoacán","localidad_id":"1","localidad":"Coyoacán","calle_numero":"Av. Anacahuita s/n","colonia":"Pedregal de Santo Domingo","cp":"4369.0","telefono":"55 5134 0770 ext 1806","pagina_web":"https://pilares.cdmx.gob.mx/","email":"coord_comunicacion@pilares.cdmx.gob.mx","facebook":"","twitter":"","instagram":"","aforo":"","tipo_escenario":"","num_pantallas":"","link_sic":"http://sic.gob.mx/ficha.php?table=centro_cultural&table_id=3658","fecha_modificacion":"2024-06-10 13:36:37-06","es_pilares":"SI","dataset_relacionado":"PILARES","revision_manual":"NO","motivo_revision":"","fuente":"Sistema de Información Cultural (SIC)"}},{"type":"Feature","geometry":{"type":"Point","coordinates":[-99.15305,19.33811]},"properties":{"id_cultural":"CENTRO_CULTURAL_2829","id_sic":"2829","tipo_cultural":"CENTRO_CULTURAL","nombre":"Casa de Pueblos y Barrios de Coyoacán Dr. Miguel León Portilla","fecha_fundacion":"2014-05-08","adscripcion_original":"Consejo Delegacional de Pueblos y Barrios Originarios de Coyoacán/Delegación Coyoacán","tipo_gestion":"PUBLICO","criterio_clasificacion":"EVIDENCIA_INSTITUCIONAL_PUBLICA","fuente_revision_gestion":"","nota_revision_gestion":"","estado_id":"9","entidad":"Ciudad de México","municipio_id":"3","municipio":"Coyoacán","localidad_id":"1","localidad":"Coyoacán","calle_numero":"Real de los Reyes esq. Plazuela de los Reyes","colonia":"Pueblo de los Reyes","cp":"4331.0","telefono":"55 2120 5569","pagina_web":"https://culturacoyoacan.com/houses-of-culture/","email":"pueblosybarrioscoyoacan@gmail.com","facebook":"","twitter":"","instagram":"","aforo":"","tipo_escenario":"","num_pantallas":"","link_sic":"http://sic.gob.mx/ficha.php?table=centro_cultural&table_id=2829","fecha_modificacion":"2025-12-18 19:38:47-06","es_pilares":"NO","dataset_relacionado":"","revision_manual":"NO","motivo_revision":"","fuente":"Sistema de Información Cultural (SIC)"}},{"type":"Feature","geometry":{"type":"Point","coordinates":[-99.16401,19.34887]},"properties":{"id_cultural":"CENTRO_CULTURAL_1646","id_sic":"1646","tipo_cultural":"CENTRO_CULTURAL","nombre":"Casa Centenario","fecha_fundacion":"2011-09-01","adscripcion_original":"Alcaldía Coyoacán","tipo_gestion":"PUBLICO","criterio_clasificacion":"EVIDENCIA_INSTITUCIONAL_PUBLICA","fuente_revision_gestion":"","nota_revision_gestion":"","estado_id":"9","entidad":"Ciudad de México","municipio_id":"3","municipio":"Coyoacán","localidad_id":"1","localidad":"Coyoacán","calle_numero":"Jardín Centenario 16","colonia":"Col. Villa Coyoacán","cp":"4000.0","telefono":"","pagina_web":"https://coyoacan.cdmx.gob.mx/mapas/ForosCasasDeCultura/indexbicentenario.php","email":"centrobenemerito@gmail.com","facebook":"","twitter":"","instagram":"","aforo":"","tipo_escenario":"","num_pantallas":"","link_sic":"http://sic.gob.mx/ficha.php?table=centro_cultural&table_id=1646","fecha_modificacion":"2025-08-06 14:42:11-06","es_pilares":"NO","dataset_relacionado":"","revision_manual":"NO","motivo_revision":"","fuente":"Sistema de Información Cultural (SIC)"}},{"type":"Feature","geometry":{"type":"Point","coordinates":[-99.18492,19.31393]},"properties":{"id_cultural":"CENTRO_CULTURAL_1237","id_sic":"1237","tipo_cultural":"CENTRO_CULTURAL","nombre":"Centro Cultural Universitario (UNAM)","fecha_fundacion":"1976-12-31","adscripcion_original":"UNAM","tipo_gestion":"PUBLICO","criterio_clasificacion":"EVIDENCIA_INSTITUCIONAL_PUBLICA","fuente_revision_gestion":"","nota_revision_gestion":"","estado_id":"9","entidad":"Ciudad de México","municipio_id":"3","municipio":"Coyoacán","localidad_id":"1","localidad":"Coyoacán","calle_numero":"Av. Insurgentes Sur 3000","colonia":"Ciudad Universitaria","cp":"4510.0","telefono":"55 5622 7029","pagina_web":"","email":"montano.unam@gmail.com","facebook":"","twitter":"","instagram":"","aforo":"","tipo_escenario":"","num_pantallas":"","link_sic":"http://sic.gob.mx/ficha.php?table=centro_cultural&table_id=1237","fecha_modificacion":"2026-01-21 14:03:56-06","es_pilares":"NO","dataset_relacionado":"","revision_manual":"NO","motivo_revision":"","fuente":"Sistema de Información Cultural (SIC)"}},{"type":"Feature","geometry":{"type":"Point","coordinates":[-99.17712,19.34972]},"properties":{"id_cultural":"CENTRO_CULTURAL_2440","id_sic":"2440","tipo_cultural":"CENTRO_CULTURAL","nombre":"Fonoteca Nacional","fecha_fundacion":"2008-12-10","adscripcion_original":"Secretaría de Cultura","tipo_gestion":"PUBLICO","criterio_clasificacion":"EVIDENCIA_INSTITUCIONAL_PUBLICA","fuente_revision_gestion":"","nota_revision_gestion":"","estado_id":"9","entidad":"Ciudad de México","municipio_id":"3","municipio":"Coyoacán","localidad_id":"1","localidad":"Coyoacán","calle_numero":"Francisco Sosa 383","colonia":"Barrio de Santa Catarina","cp":"4010.0","telefono":"55 4155 0950","pagina_web":"https://fonotecanacional.cultura.gob.mx/","email":"informesfonoteca@cultura.gob.mx","facebook":"","twitter":"","instagram":"","aforo":"","tipo_escenario":"","num_pantallas":"","link_sic":"http://sic.gob.mx/ficha.php?table=centro_cultural&table_id=2440","fecha_modificacion":"2026-01-13 12:08:48-06","es_pilares":"NO","dataset_relacionado":"","revision_manual":"NO","motivo_revision":"","fuente":"Sistema de Información Cultural (SIC)"}},{"type":"Feature","geometry":{"type":"Point","coordinates":[-99.14154,19.31748]},"properties":{"id_cultural":"CENTRO_CULTURAL_3546","id_sic":"3546","tipo_cultural":"CENTRO_CULTURAL","nombre":"PILARES El Reloj","fecha_fundacion":"1000-01-01","adscripcion_original":"Secretaría de Cultura de la Ciudad de México","tipo_gestion":"PUBLICO","criterio_clasificacion":"EVIDENCIA_INSTITUCIONAL_PUBLICA","fuente_revision_gestion":"","nota_revision_gestion":"","estado_id":"9","entidad":"Ciudad de México","municipio_id":"3","municipio":"Coyoacán","localidad_id":"1","localidad":"Coyoacán","calle_numero":"Corola s/n","colonia":"Col. El Reloj","cp":"4640.0","telefono":"55 5134 0770 ext 1806","pagina_web":"https://pilares.cdmx.gob.mx/","email":"coord_comunicacion@pilares.cdmx.gob.mx","facebook":"","twitter":"","instagram":"","aforo":"","tipo_escenario":"","num_pantallas":"","link_sic":"http://sic.gob.mx/ficha.php?table=centro_cultural&table_id=3546","fecha_modificacion":"2024-06-10 12:28:05-06","es_pilares":"SI","dataset_relacionado":"PILARES","revision_manual":"NO","motivo_revision":"","fuente":"Sistema de Información Cultural (SIC)"}},{"type":"Feature","geometry":{"type":"Point","coordinates":[-99.163,19.34412]},"properties":{"id_cultural":"CENTRO_CULTURAL_1107","id_sic":"1107","tipo_cultural":"CENTRO_CULTURAL","nombre":"Centro Cultural y Social Veracruzano","fecha_fundacion":"1993-10-11","adscripcion_original":"Centro Cultural y Social Veracruzano, A.C.","tipo_gestion":"PRIVADO","criterio_clasificacion":"EVIDENCIA_INSTITUCIONAL_PRIVADA","fuente_revision_gestion":"","nota_revision_gestion":"","estado_id":"9","entidad":"Ciudad de México","municipio_id":"3","municipio":"Coyoacán","localidad_id":"1","localidad":"Coyoacán","calle_numero":"Av. Miguel Ángel de Quevedo 687","colonia":"Col. Cuadrante de San Francisco","cp":"4320.0","telefono":"55 5554 1633","pagina_web":"http://centroveracruzano.blogspot.com/p/eventos_11.html","email":"contacto@centroveracruzano.mx","facebook":"","twitter":"","instagram":"","aforo":"","tipo_escenario":"","num_pantallas":"","link_sic":"http://sic.gob.mx/ficha.php?table=centro_cultural&table_id=1107","fecha_modificacion":"2022-07-28 07:56:10-05","es_pilares":"NO","dataset_relacionado":"","revision_manual":"NO","motivo_revision":"","fuente":"Sistema de Información Cultural (SIC)"}},{"type":"Feature","geometry":{"type":"Point","coordinates":[-99.16539,19.31227]},"properties":{"id_cultural":"CENTRO_CULTURAL_3745","id_sic":"3745","tipo_cultural":"CENTRO_CULTURAL","nombre":"PILARES Cantera Papatzin","fecha_fundacion":"2023-06-01","adscripcion_original":"Gobierno de la Ciudad de México","tipo_gestion":"PUBLICO","criterio_clasificacion":"EVIDENCIA_INSTITUCIONAL_PUBLICA","fuente_revision_gestion":"","nota_revision_gestion":"","estado_id":"9","entidad":"Ciudad de México","municipio_id":"3","municipio":"Coyoacán","localidad_id":"1","localidad":"Coyoacán","calle_numero":"Rey Papatzin 73 A","colonia":"Col. Ajusco","cp":"4300.0","telefono":"55 5134 0770 ext 1806","pagina_web":"https://pilares.cdmx.gob.mx/pilares/1783/cantera-papatzin","email":"coord_comunicacion@pilares.cdmx.gob.mx","facebook":"","twitter":"","instagram":"","aforo":"","tipo_escenario":"","num_pantallas":"","link_sic":"http://sic.gob.mx/ficha.php?table=centro_cultural&table_id=3745","fecha_modificacion":"2024-06-20 17:27:37-06","es_pilares":"SI","dataset_relacionado":"PILARES","revision_manual":"NO","motivo_revision":"","fuente":"Sistema de Información Cultural (SIC)"}},{"type":"Feature","geometry":{"type":"Point","coordinates":[-99.15757,19.344]},"properties":{"id_cultural":"CENTRO_CULTURAL_2804","id_sic":"2804","tipo_cultural":"CENTRO_CULTURAL","nombre":"Centro Cultural Los Talleresl Miguel Ángel de Quevedo","fecha_fundacion":"1000-01-01","adscripcion_original":"Centro Cultural Los Talleres, A.C.","tipo_gestion":"PRIVADO","criterio_clasificacion":"EVIDENCIA_INSTITUCIONAL_PRIVADA","fuente_revision_gestion":"","nota_revision_gestion":"","estado_id":"9","entidad":"Ciudad de México","municipio_id":"3","municipio":"Coyoacán","localidad_id":"1","localidad":"Coyoacán","calle_numero":"Miguel Ángel de Quevedo 842","colonia":"Col. La Concepción","cp":"4000.0","telefono":"55 5659 4587","pagina_web":"http://www.lostalleres.com.mx","email":"talleres@prodigy.net.mx; difusion@forolostalleres.com","facebook":"","twitter":"","instagram":"","aforo":"","tipo_escenario":"","num_pantallas":"","link_sic":"http://sic.gob.mx/ficha.php?table=centro_cultural&table_id=2804","fecha_modificacion":"2025-04-21 13:25:28-06","es_pilares":"NO","dataset_relacionado":"","revision_manual":"NO","motivo_revision":"","fuente":"Sistema de Información Cultural (SIC)"}},{"type":"Feature","geometry":{"type":"Point","coordinates":[-99.16194,19.35021]},"properties":{"id_cultural":"CENTRO_CULTURAL_3309","id_sic":"3309","tipo_cultural":"CENTRO_CULTURAL","nombre":"ArteFactum Espacio de Encuentro","fecha_fundacion":"2019-02-01","adscripcion_original":"","tipo_gestion":"NO_DETERMINADO","criterio_clasificacion":"SIN_ADSCRIPCION","fuente_revision_gestion":"","nota_revision_gestion":"","estado_id":"9","entidad":"Ciudad de México","municipio_id":"3","municipio":"Coyoacán","localidad_id":"1","localidad":"Coyoacán","calle_numero":"Canahutli 177","colonia":"Col. Pedregal de Santo Domingo","cp":"4369.0","telefono":"55 5908 4790","pagina_web":"","email":"mx.artefactum@gmail.com","facebook":"","twitter":"","instagram":"","aforo":"","tipo_escenario":"","num_pantallas":"","link_sic":"http://sic.gob.mx/ficha.php?table=centro_cultural&table_id=3309","fecha_modificacion":"2020-05-21 12:44:40-05","es_pilares":"NO","dataset_relacionado":"","revision_manual":"SI","motivo_revision":"No existe adscripción disponible para determinar el tipo de gestión.","fuente":"Sistema de Información Cultural (SIC)"}},{"type":"Feature","geometry":{"type":"Point","coordinates":[-99.1737,19.30777]},"properties":{"id_cultural":"CENTRO_CULTURAL_3508","id_sic":"3508","tipo_cultural":"CENTRO_CULTURAL","nombre":"PILARES Villa Panamericana","fecha_fundacion":"2019-08-12","adscripcion_original":"Gobierno de la Ciudad de México","tipo_gestion":"PUBLICO","criterio_clasificacion":"EVIDENCIA_INSTITUCIONAL_PUBLICA","fuente_revision_gestion":"","nota_revision_gestion":"","estado_id":"9","entidad":"Ciudad de México","municipio_id":"3","municipio":"Coyoacán","localidad_id":"1","localidad":"Coyoacán","calle_numero":"Av. Panamericana s/n","colonia":"Pedregal de Carrasco","cp":"4700.0","telefono":"55 5134 0770 ext 1806","pagina_web":"https://pilares.cdmx.gob.mx/","email":"coord_comunicacion@pilares.cdmx.gob.mx","facebook":"","twitter":"","instagram":"","aforo":"","tipo_escenario":"","num_pantallas":"","link_sic":"http://sic.gob.mx/ficha.php?table=centro_cultural&table_id=3508","fecha_modificacion":"2025-08-21 17:45:54-06","es_pilares":"SI","dataset_relacionado":"PILARES","revision_manual":"NO","motivo_revision":"","fuente":"Sistema de Información Cultural (SIC)"}},{"type":"Feature","geometry":{"type":"Point","coordinates":[-99.16486,19.326]},"properties":{"id_cultural":"CENTRO_CULTURAL_3563","id_sic":"3563","tipo_cultural":"CENTRO_CULTURAL","nombre":"PILARES La Escuelita","fecha_fundacion":"1000-01-01","adscripcion_original":"Gobierno de la Ciudad de México","tipo_gestion":"PUBLICO","criterio_clasificacion":"EVIDENCIA_INSTITUCIONAL_PUBLICA","fuente_revision_gestion":"","nota_revision_gestion":"","estado_id":"9","entidad":"Ciudad de México","municipio_id":"3","municipio":"Coyoacán","localidad_id":"1","localidad":"Coyoacán","calle_numero":"Canacuate s/n","colonia":"Santo Domingo","cp":"4369.0","telefono":"55 5134 0770 ext 1806","pagina_web":"https://pilares.cdmx.gob.mx/","email":"coord_comunicacion@pilares.cdmx.gob.mx","facebook":"","twitter":"","instagram":"","aforo":"","tipo_escenario":"","num_pantallas":"","link_sic":"http://sic.gob.mx/ficha.php?table=centro_cultural&table_id=3563","fecha_modificacion":"2024-06-13 13:07:50-06","es_pilares":"SI","dataset_relacionado":"PILARES","revision_manual":"NO","motivo_revision":"","fuente":"Sistema de Información Cultural (SIC)"}},{"type":"Feature","geometry":{"type":"Point","coordinates":[-99.17101,19.34929]},"properties":{"id_cultural":"CENTRO_CULTURAL_1435","id_sic":"1435","tipo_cultural":"CENTRO_CULTURAL","nombre":"Casa de Cultura Jesús Reyes Heroles","fecha_fundacion":"1985-09-02","adscripcion_original":"Alcaldía Coyoacán/Dirección General de Cultura","tipo_gestion":"PUBLICO","criterio_clasificacion":"EVIDENCIA_INSTITUCIONAL_PUBLICA","fuente_revision_gestion":"","nota_revision_gestion":"","estado_id":"9","entidad":"Ciudad de México","municipio_id":"3","municipio":"Coyoacán","localidad_id":"1","localidad":"Coyoacán","calle_numero":"Francisco Sosa  202","colonia":"Barrio Santa Catarina","cp":"4010.0","telefono":"55 5659 3937","pagina_web":"","email":"ccjesusreyesheroles1985@gmail.com","facebook":"","twitter":"","instagram":"","aforo":"","tipo_escenario":"","num_pantallas":"","link_sic":"http://sic.gob.mx/ficha.php?table=centro_cultural&table_id=1435","fecha_modificacion":"2026-09-01 09:00:22-06","es_pilares":"NO","dataset_relacionado":"","revision_manual":"NO","motivo_revision":"","fuente":"Sistema de Información Cultural (SIC)"}},{"type":"Feature","geometry":{"type":"Point","coordinates":[-99.16501,19.34758]},"properties":{"id_cultural":"CENTRO_CULTURAL_976","id_sic":"976","tipo_cultural":"CENTRO_CULTURAL","nombre":"Casa de las Humanidades","fecha_fundacion":"2000-02-01","adscripcion_original":"UNAM","tipo_gestion":"PUBLICO","criterio_clasificacion":"EVIDENCIA_INSTITUCIONAL_PUBLICA","fuente_revision_gestion":"","nota_revision_gestion":"","estado_id":"9","entidad":"Ciudad de México","municipio_id":"3","municipio":"Coyoacán","localidad_id":"1","localidad":"Coyoacán","calle_numero":"Av. Pdte. Carranza 162 esq. Tres Cruces","colonia":"Col. Sta. Catarina","cp":"4000.0","telefono":"55 5554 5579, 55 5658 1121","pagina_web":"https://www.cashum.unam.mx/","email":"difhum@unam.mx; pichardi@servidor.unam.mx; casadelashumanidades@humanidades.unam.mx","facebook":"","twitter":"","instagram":"","aforo":"","tipo_escenario":"","num_pantallas":"","link_sic":"http://sic.gob.mx/ficha.php?table=centro_cultural&table_id=976","fecha_modificacion":"2024-10-07 13:10:46-06","es_pilares":"NO","dataset_relacionado":"","revision_manual":"NO","motivo_revision":"","fuente":"Sistema de Información Cultural (SIC)"}},{"type":"Feature","geometry":{"type":"Point","coordinates":[-99.15775,19.35328]},"properties":{"id_cultural":"CENTRO_CULTURAL_2626","id_sic":"2626","tipo_cultural":"CENTRO_CULTURAL","nombre":"Centro Cultural y Artístico Danzite","fecha_fundacion":"2013-03-01","adscripcion_original":"","tipo_gestion":"NO_DETERMINADO","criterio_clasificacion":"SIN_ADSCRIPCION","fuente_revision_gestion":"","nota_revision_gestion":"","estado_id":"9","entidad":"Ciudad de México","municipio_id":"3","municipio":"Coyoacán","localidad_id":"1","localidad":"Coyoacán","calle_numero":"Malintzin 11-bis","colonia":"Del Carmen Coyoacán","cp":"4300.0","telefono":"55 18089457","pagina_web":"https://www.danzite.com.mx/?fbclid=IwY2xjawFxGO1leHRuA2FlbQIxMAABHWnWkph-Ii5Svcs85uNLqYXic-tM_ZJVaCXoQtIYKxBrt-88mUqyOXOXHQ_aem_RhhHblUPg43_HvEnB9cIBw","email":"mk.munguia@gmail.com; espacioculturaldanzite@gmail.com","facebook":"","twitter":"","instagram":"","aforo":"","tipo_escenario":"","num_pantallas":"","link_sic":"http://sic.gob.mx/ficha.php?table=centro_cultural&table_id=2626","fecha_modificacion":"2024-10-21 14:12:06-06","es_pilares":"NO","dataset_relacionado":"","revision_manual":"SI","motivo_revision":"No existe adscripción disponible para determinar el tipo de gestión.","fuente":"Sistema de Información Cultural (SIC)"}},{"type":"Feature","geometry":{"type":"Point","coordinates":[-99.18193,19.33556]},"properties":{"id_cultural":"CENTRO_CULTURAL_1109","id_sic":"1109","tipo_cultural":"CENTRO_CULTURAL","nombre":"Centro Universitario Cultural CUC","fecha_fundacion":"1968-01-01","adscripcion_original":"Centro Universitario Cultural, A.C.","tipo_gestion":"PRIVADO","criterio_clasificacion":"EVIDENCIA_INSTITUCIONAL_PRIVADA","fuente_revision_gestion":"","nota_revision_gestion":"","estado_id":"9","entidad":"Ciudad de México","municipio_id":"3","municipio":"Coyoacán","localidad_id":"1","localidad":"Coyoacán","calle_numero":"Odontología 35","colonia":"Col. Copilco Universidad","cp":"4360.0","telefono":"55 5659 6797","pagina_web":"http://www.cuc.org.mx","email":"dircultura@cuc.org.mx","facebook":"","twitter":"","instagram":"","aforo":"","tipo_escenario":"","num_pantallas":"","link_sic":"http://sic.gob.mx/ficha.php?table=centro_cultural&table_id=1109","fecha_modificacion":"2024-10-07 14:36:18-06","es_pilares":"NO","dataset_relacionado":"","revision_manual":"NO","motivo_revision":"","fuente":"Sistema de Información Cultural (SIC)"}},{"type":"Feature","geometry":{"type":"Point","coordinates":[-99.11299,19.32068]},"properties":{"id_cultural":"CENTRO_CULTURAL_3723","id_sic":"3723","tipo_cultural":"CENTRO_CULTURAL","nombre":"PILARES Carmen Serdán","fecha_fundacion":"2024-07-01","adscripcion_original":"Gobierno de la Ciudad de México","tipo_gestion":"PUBLICO","criterio_clasificacion":"EVIDENCIA_INSTITUCIONAL_PUBLICA","fuente_revision_gestion":"","nota_revision_gestion":"","estado_id":"9","entidad":"Ciudad de México","municipio_id":"3","municipio":"Coyoacán","localidad_id":"1","localidad":"Coyoacán","calle_numero":"Calzada de la virgen s/n","colonia":"Carmen Serdán","cp":"4480.0","telefono":"55 5134 0770 ext 1806","pagina_web":"https://pilares.cdmx.gob.mx/","email":"coord_comunicacion@pilares.cdmx.gob.mx","facebook":"","twitter":"","instagram":"","aforo":"","tipo_escenario":"","num_pantallas":"","link_sic":"http://sic.gob.mx/ficha.php?table=centro_cultural&table_id=3723","fecha_modificacion":"2025-10-10 18:48:54-06","es_pilares":"SI","dataset_relacionado":"PILARES","revision_manual":"NO","motivo_revision":"","fuente":"Sistema de Información Cultural (SIC)"}},{"type":"Feature","geometry":{"type":"Point","coordinates":[-99.17648,19.34927]},"properties":{"id_cultural":"CENTRO_CULTURAL_3281","id_sic":"3281","tipo_cultural":"CENTRO_CULTURAL","nombre":"La Mano Jardín Cultural","fecha_fundacion":"2019-03-26","adscripcion_original":"","tipo_gestion":"NO_DETERMINADO","criterio_clasificacion":"SIN_ADSCRIPCION","fuente_revision_gestion":"","nota_revision_gestion":"","estado_id":"9","entidad":"Ciudad de México","municipio_id":"3","municipio":"Coyoacán","localidad_id":"1","localidad":"Coyoacán","calle_numero":"Av. Francisco Sosa 363","colonia":"Col. Santa Catarina","cp":"4100.0","telefono":"55 8376 8642","pagina_web":"https://www.culturalamano.com/","email":"info@culturalamano.com","facebook":"","twitter":"","instagram":"","aforo":"","tipo_escenario":"","num_pantallas":"","link_sic":"http://sic.gob.mx/ficha.php?table=centro_cultural&table_id=3281","fecha_modificacion":"2026-01-22 17:31:11-06","es_pilares":"NO","dataset_relacionado":"","revision_manual":"SI","motivo_revision":"No existe adscripción disponible para determinar el tipo de gestión.","fuente":"Sistema de Información Cultural (SIC)"}},{"type":"Feature","geometry":{"type":"Point","coordinates":[-99.14157,19.31738]},"properties":{"id_cultural":"CENTRO_CULTURAL_2352","id_sic":"2352","tipo_cultural":"CENTRO_CULTURAL","nombre":"Casa de la Cultura El Reloj","fecha_fundacion":"1994-11-12","adscripcion_original":"Alcaldía Coyoacán","tipo_gestion":"PUBLICO","criterio_clasificacion":"EVIDENCIA_INSTITUCIONAL_PUBLICA","fuente_revision_gestion":"","nota_revision_gestion":"","estado_id":"9","entidad":"Ciudad de México","municipio_id":"3","municipio":"Coyoacán","localidad_id":"1","localidad":"Coyoacán","calle_numero":"Corola s/n esq. Tallo y Polen","colonia":"Col. El Reloj","cp":"4640.0","telefono":"55 8984 2614","pagina_web":"https://coyoacan.cdmx.gob.mx/mapas/ForosCasasDeCultura/indexelreloj.php","email":"culturareloj@hotmail.com","facebook":"","twitter":"","instagram":"","aforo":"","tipo_escenario":"","num_pantallas":"","link_sic":"http://sic.gob.mx/ficha.php?table=centro_cultural&table_id=2352","fecha_modificacion":"2025-08-07 14:04:09-06","es_pilares":"NO","dataset_relacionado":"","revision_manual":"NO","motivo_revision":"","fuente":"Sistema de Información Cultural (SIC)"}},{"type":"Feature","geometry":{"type":"Point","coordinates":[-99.13788,19.32692]},"properties":{"id_cultural":"CENTRO_CULTURAL_3483","id_sic":"3483","tipo_cultural":"CENTRO_CULTURAL","nombre":"PILARES Emiliano Zapata","fecha_fundacion":"2019-03-29","adscripcion_original":"Gobierno de la Ciudad de México","tipo_gestion":"PUBLICO","criterio_clasificacion":"EVIDENCIA_INSTITUCIONAL_PUBLICA","fuente_revision_gestion":"","nota_revision_gestion":"","estado_id":"9","entidad":"Ciudad de México","municipio_id":"3","municipio":"Coyoacán","localidad_id":"1","localidad":"Coyoacán","calle_numero":"José María Morelos 40","colonia":"Emiliano Zapata","cp":"4460.0","telefono":"55 5134 0770 ext 1806","pagina_web":"https://pilares.cdmx.gob.mx/","email":"coord_comunicacion@pilares.cdmx.gob.mx","facebook":"","twitter":"","instagram":"","aforo":"","tipo_escenario":"","num_pantallas":"","link_sic":"http://sic.gob.mx/ficha.php?table=centro_cultural&table_id=3483","fecha_modificacion":"2025-10-20 17:06:00-06","es_pilares":"SI","dataset_relacionado":"PILARES","revision_manual":"NO","motivo_revision":"","fuente":"Sistema de Información Cultural (SIC)"}},{"type":"Feature","geometry":{"type":"Point","coordinates":[-99.15847,19.34854]},"properties":{"id_cultural":"CENTRO_CULTURAL_2665","id_sic":"2665","tipo_cultural":"CENTRO_CULTURAL","nombre":"Centro Cultural Elena Garro","fecha_fundacion":"2012-10-05","adscripcion_original":"Secretaría de Cultura/Educal, S.A. de C.V.","tipo_gestion":"MIXTO","criterio_clasificacion":"MIXTO_CONFIRMADO","fuente_revision_gestion":"","nota_revision_gestion":"","estado_id":"9","entidad":"Ciudad de México","municipio_id":"3","municipio":"Coyoacán","localidad_id":"1","localidad":"Coyoacán","calle_numero":"Fernández Leal 43","colonia":"Barrio de la Concepción","cp":"4020.0","telefono":"55 5354 4000 exts. 4080, 4014","pagina_web":"https://www.educal.com.mx/elenagarro/centro_cultural.html","email":"informes.elenagarro@educal.com.mx","facebook":"","twitter":"","instagram":"","aforo":"","tipo_escenario":"","num_pantallas":"","link_sic":"http://sic.gob.mx/ficha.php?table=centro_cultural&table_id=2665","fecha_modificacion":"2026-01-15 12:45:32-06","es_pilares":"NO","dataset_relacionado":"","revision_manual":"NO","motivo_revision":"","fuente":"Sistema de Información Cultural (SIC)"}},{"type":"Feature","geometry":{"type":"Point","coordinates":[-99.31061,19.3133]},"properties":{"id_cultural":"CENTRO_CULTURAL_1545","id_sic":"1545","tipo_cultural":"CENTRO_CULTURAL","nombre":"Centro Cultural Ex Convento Carmelita del Desierto de los Leones","fecha_fundacion":"2000-01-01","adscripcion_original":"Alcaldía Cuajimalpa","tipo_gestion":"PUBLICO","criterio_clasificacion":"EVIDENCIA_INSTITUCIONAL_PUBLICA","fuente_revision_gestion":"","nota_revision_gestion":"","estado_id":"9","entidad":"Ciudad de México","municipio_id":"4","municipio":"Cuajimalpa de Morelos","localidad_id":"1","localidad":"Cuajimalpa de Morelos","calle_numero":"Carr. a Desierto de los Leones s/n","colonia":"Col. Cuajimalpa La Venta","cp":"5000.0","telefono":"55 9131 9542","pagina_web":"","email":"egarcia@cuajimalpa.df.gob.mx","facebook":"","twitter":"","instagram":"","aforo":"","tipo_escenario":"","num_pantallas":"","link_sic":"http://sic.gob.mx/ficha.php?table=centro_cultural&table_id=1545","fecha_modificacion":"2024-11-28 11:03:00-06","es_pilares":"NO","dataset_relacionado":"","revision_manual":"NO","motivo_revision":"","fuente":"Sistema de Información Cultural (SIC)"}},{"type":"Feature","geometry":{"type":"Point","coordinates":[-99.29839,19.3583]},"properties":{"id_cultural":"CENTRO_CULTURAL_1111","id_sic":"1111","tipo_cultural":"CENTRO_CULTURAL","nombre":"Centro Cultural Cuajimalpa Morelos","fecha_fundacion":"1982-06-29","adscripcion_original":"Alcaldía Cuajimalpa","tipo_gestion":"PUBLICO","criterio_clasificacion":"EVIDENCIA_INSTITUCIONAL_PUBLICA","fuente_revision_gestion":"","nota_revision_gestion":"","estado_id":"9","entidad":"Ciudad de México","municipio_id":"4","municipio":"Cuajimalpa de Morelos","localidad_id":"1","localidad":"Cuajimalpa de Morelos","calle_numero":"Av. Juárez s/n esq. Av. México","colonia":"Col. Cuajimalpa","cp":"5050.0","telefono":"55 5814 1100 ext. 2250","pagina_web":"https://cuajimalpa.gob.mx/","email":"jpc@cuajimalpa.cdmx.gob","facebook":"","twitter":"","instagram":"","aforo":"","tipo_escenario":"","num_pantallas":"","link_sic":"http://sic.gob.mx/ficha.php?table=centro_cultural&table_id=1111","fecha_modificacion":"2025-04-03 13:31:06-06","es_pilares":"NO","dataset_relacionado":"","revision_manual":"NO","motivo_revision":"","fuente":"Sistema de Información Cultural (SIC)"}},{"type":"Feature","geometry":{"type":"Point","coordinates":[-99.30952,19.35534]},"properties":{"id_cultural":"CENTRO_CULTURAL_3571","id_sic":"3571","tipo_cultural":"CENTRO_CULTURAL","nombre":"PILARES Zentlapatl","fecha_fundacion":"1000-01-01","adscripcion_original":"Secretaría de Cultura de la Ciudad de México","tipo_gestion":"PUBLICO","criterio_clasificacion":"EVIDENCIA_INSTITUCIONAL_PUBLICA","fuente_revision_gestion":"","nota_revision_gestion":"","estado_id":"9","entidad":"Ciudad de México","municipio_id":"4","municipio":"Cuajimalpa de Morelos","localidad_id":"1","localidad":"Cuajimalpa de Morelos","calle_numero":"Puerto Escondido 8","colonia":"Col. Zentlapatl","cp":"5010.0","telefono":"55 5134 0770 ext 1806","pagina_web":"https://pilares.cdmx.gob.mx/","email":"coord_comunicacion@pilares.cdmx.gob.mx","facebook":"","twitter":"","instagram":"","aforo":"","tipo_escenario":"","num_pantallas":"","link_sic":"http://sic.gob.mx/ficha.php?table=centro_cultural&table_id=3571","fecha_modificacion":"2024-06-13 07:48:21-06","es_pilares":"SI","dataset_relacionado":"PILARES","revision_manual":"NO","motivo_revision":"","fuente":"Sistema de Información Cultural (SIC)"}},{"type":"Feature","geometry":{"type":"Point","coordinates":[-99.29938,19.35781]},"properties":{"id_cultural":"CENTRO_CULTURAL_3753","id_sic":"3753","tipo_cultural":"CENTRO_CULTURAL","nombre":"PILARES Cuajimalpa","fecha_fundacion":"1000-01-01","adscripcion_original":"Gobierno de la Ciudad de México","tipo_gestion":"PUBLICO","criterio_clasificacion":"EVIDENCIA_INSTITUCIONAL_PUBLICA","fuente_revision_gestion":"","nota_revision_gestion":"","estado_id":"9","entidad":"Ciudad de México","municipio_id":"4","municipio":"Cuajimalpa de Morelos","localidad_id":"1","localidad":"Cuajimalpa de Morelos","calle_numero":"Guillermo Prieto s/n","colonia":"Cuajimalpa","cp":"5000.0","telefono":"55 5134 0770 ext 1806","pagina_web":"https://pilares.cdmx.gob.mx/","email":"coord_comunicacion@pilares.cdmx.gob.mx","facebook":"","twitter":"","instagram":"","aforo":"","tipo_escenario":"","num_pantallas":"","link_sic":"http://sic.gob.mx/ficha.php?table=centro_cultural&table_id=3753","fecha_modificacion":"2024-06-18 14:24:32-06","es_pilares":"SI","dataset_relacionado":"PILARES","revision_manual":"NO","motivo_revision":"","fuente":"Sistema de Información Cultural (SIC)"}},{"type":"Feature","geometry":{"type":"Point","coordinates":[-99.29345,19.36927]},"properties":{"id_cultural":"CENTRO_CULTURAL_1546","id_sic":"1546","tipo_cultural":"CENTRO_CULTURAL","nombre":"Centro Cultural Sor Juana Inés de la Cruz","fecha_fundacion":"1985-10-13","adscripcion_original":"Alcaldía Cuajimalpa de Morelos","tipo_gestion":"PUBLICO","criterio_clasificacion":"EVIDENCIA_INSTITUCIONAL_PUBLICA","fuente_revision_gestion":"","nota_revision_gestion":"","estado_id":"9","entidad":"Ciudad de México","municipio_id":"4","municipio":"Cuajimalpa de Morelos","localidad_id":"1","localidad":"Cuajimalpa de Morelos","calle_numero":"Av. Jesús del Monte 334","colonia":"Jesús del Monte","cp":"5260.0","telefono":"(55) 5814 1128 ext. 2177","pagina_web":"","email":"jpc@cuajimalpa.cdmx.gob","facebook":"","twitter":"","instagram":"","aforo":"","tipo_escenario":"","num_pantallas":"","link_sic":"http://sic.gob.mx/ficha.php?table=centro_cultural&table_id=1546","fecha_modificacion":"2025-04-03 13:34:45-06","es_pilares":"NO","dataset_relacionado":"","revision_manual":"NO","motivo_revision":"","fuente":"Sistema de Información Cultural (SIC)"}},{"type":"Feature","geometry":{"type":"Point","coordinates":[-99.30269,19.34811]},"properties":{"id_cultural":"CENTRO_CULTURAL_3620","id_sic":"3620","tipo_cultural":"CENTRO_CULTURAL","nombre":"PILARES Contadero","fecha_fundacion":"2022-01-01","adscripcion_original":"Gobierno de la Ciudad de México","tipo_gestion":"PUBLICO","criterio_clasificacion":"EVIDENCIA_INSTITUCIONAL_PUBLICA","fuente_revision_gestion":"","nota_revision_gestion":"","estado_id":"9","entidad":"Ciudad de México","municipio_id":"4","municipio":"Cuajimalpa de Morelos","localidad_id":"60","localidad":"La Bolsa (El Encinal)","calle_numero":"Prolongación 16 de Septiembre s/n","colonia":"Col. Contadero","cp":"5500.0","telefono":"56 3017 3340","pagina_web":"https://pilares.cdmx.gob.mx/pilares/1658/contadero","email":"coord_comunicacion@pilares.cdmx.gob.mx;comunidadpilarescontadero@gmail.com","facebook":"","twitter":"","instagram":"","aforo":"","tipo_escenario":"","num_pantallas":"","link_sic":"http://sic.gob.mx/ficha.php?table=centro_cultural&table_id=3620","fecha_modificacion":"2025-09-08 19:13:43-06","es_pilares":"SI","dataset_relacionado":"PILARES","revision_manual":"NO","motivo_revision":"","fuente":"Sistema de Información Cultural (SIC)"}},{"type":"Feature","geometry":{"type":"Point","coordinates":[-99.30941,19.3482]},"properties":{"id_cultural":"CENTRO_CULTURAL_3540","id_sic":"3540","tipo_cultural":"CENTRO_CULTURAL","nombre":"PILARES Benito Juárez García","fecha_fundacion":"2019-11-01","adscripcion_original":"Gobierno de la Ciudad de México","tipo_gestion":"PUBLICO","criterio_clasificacion":"EVIDENCIA_INSTITUCIONAL_PUBLICA","fuente_revision_gestion":"","nota_revision_gestion":"","estado_id":"9","entidad":"Ciudad de México","municipio_id":"4","municipio":"Cuajimalpa de Morelos","localidad_id":"67","localidad":"La Papa [Escuela Niños Héroes]","calle_numero":"Andador Chamixto 174","colonia":"Col. Loma del Padre","cp":"5010.0","telefono":"55 5134 0770 ext 1806","pagina_web":"https://pilares.cdmx.gob.mx/pilares/1578/benito-juarez","email":"coord_comunicacion@pilares.cdmx.gob.mx","facebook":"","twitter":"","instagram":"","aforo":"","tipo_escenario":"","num_pantallas":"","link_sic":"http://sic.gob.mx/ficha.php?table=centro_cultural&table_id=3540","fecha_modificacion":"2025-10-10 19:39:29-06","es_pilares":"SI","dataset_relacionado":"PILARES","revision_manual":"NO","motivo_revision":"","fuente":"Sistema de Información Cultural (SIC)"}},{"type":"Feature","geometry":{"type":"Point","coordinates":[-99.31757,19.35306]},"properties":{"id_cultural":"CENTRO_CULTURAL_3468","id_sic":"3468","tipo_cultural":"CENTRO_CULTURAL","nombre":"PILARES Chimalpa","fecha_fundacion":"2019-02-15","adscripcion_original":"Gobierno de la Ciudad de México","tipo_gestion":"PUBLICO","criterio_clasificacion":"EVIDENCIA_INSTITUCIONAL_PUBLICA","fuente_revision_gestion":"","nota_revision_gestion":"","estado_id":"9","entidad":"Ciudad de México","municipio_id":"4","municipio":"Cuajimalpa de Morelos","localidad_id":"77","localidad":"Coatzehuaya","calle_numero":"Porfirio Díaz s/n","colonia":"San Pablo Chimalpa","cp":"5050.0","telefono":"55 5134 0770 ext 1806","pagina_web":"https://pilares.cdmx.gob.mx/","email":"coord_comunicacion@pilares.cdmx.gob.mx","facebook":"","twitter":"","instagram":"","aforo":"","tipo_escenario":"","num_pantallas":"","link_sic":"http://sic.gob.mx/ficha.php?table=centro_cultural&table_id=3468","fecha_modificacion":"2025-08-19 18:10:54-06","es_pilares":"SI","dataset_relacionado":"PILARES","revision_manual":"NO","motivo_revision":"","fuente":"Sistema de Información Cultural (SIC)"}},{"type":"Feature","geometry":{"type":"Point","coordinates":[-99.13397,19.48622]},"properties":{"id_cultural":"CENTRO_CULTURAL_1069","id_sic":"1069","tipo_cultural":"CENTRO_CULTURAL","nombre":"Centro Cultural Rafael Solana del IMSS","fecha_fundacion":"1990-10-24","adscripcion_original":"IMSS","tipo_gestion":"PUBLICO","criterio_clasificacion":"EVIDENCIA_INSTITUCIONAL_PUBLICA","fuente_revision_gestion":"","nota_revision_gestion":"","estado_id":"9","entidad":"Ciudad de México","municipio_id":"5","municipio":"Gustavo A. Madero","localidad_id":"1","localidad":"Gustavo A. Madero","calle_numero":"Av. Instituto Politécnico Nacional s/n esq. Eje Fortuna","colonia":"Col. Magdalena de las Salinas","cp":"7760.0","telefono":"55 5747 3500 ext. 25320","pagina_web":"http://www.imss.gob.mx","email":"victor-manuel58@hotmail.com","facebook":"","twitter":"","instagram":"","aforo":"","tipo_escenario":"","num_pantallas":"","link_sic":"http://sic.gob.mx/ficha.php?table=centro_cultural&table_id=1069","fecha_modificacion":"2026-04-13 12:02:42-06","es_pilares":"NO","dataset_relacionado":"","revision_manual":"NO","motivo_revision":"","fuente":"Sistema de Información Cultural (SIC)"}},{"type":"Feature","geometry":{"type":"Point","coordinates":[-99.09116,19.46129]},"properties":{"id_cultural":"CENTRO_CULTURAL_2969","id_sic":"2969","tipo_cultural":"CENTRO_CULTURAL","nombre":"Fábrica de Artes y Oficios (FARO) Aragón","fecha_fundacion":"2016-06-17","adscripcion_original":"Secretaría de Cultura de la Ciudad de México/Dirección General de Vinculación Cultural Comunitaria/Red de Faros","tipo_gestion":"PUBLICO","criterio_clasificacion":"EVIDENCIA_INSTITUCIONAL_PUBLICA","fuente_revision_gestion":"","nota_revision_gestion":"","estado_id":"9","entidad":"Ciudad de México","municipio_id":"5","municipio":"Gustavo A. Madero","localidad_id":"1","localidad":"Gustavo A. Madero","calle_numero":"Av. 517 s/n","colonia":"Col. San Juan de Aragón, I Secc.","cp":"7969.0","telefono":"55 5751 7923","pagina_web":"https://www.cultura.cdmx.gob.mx/recintos/faro-aragon","email":"difusion.faroaragon@gmail.com; culturacomunitariaweb@gmail.com","facebook":"","twitter":"","instagram":"","aforo":"","tipo_escenario":"","num_pantallas":"","link_sic":"http://sic.gob.mx/ficha.php?table=centro_cultural&table_id=2969","fecha_modificacion":"2026-04-13 14:05:55-06","es_pilares":"NO","dataset_relacionado":"","revision_manual":"NO","motivo_revision":"","fuente":"Sistema de Información Cultural (SIC)"}},{"type":"Feature","geometry":{"type":"Point","coordinates":[-99.12585,19.55592]},"properties":{"id_cultural":"CENTRO_CULTURAL_2173","id_sic":"2173","tipo_cultural":"CENTRO_CULTURAL","nombre":"Centro de Desarrollo Social y Cultural La Casilda","fecha_fundacion":"2009-01-01","adscripcion_original":"Alcaldía Gustavo A. Madero/Dirección de Cultura y Deportes","tipo_gestion":"PUBLICO","criterio_clasificacion":"EVIDENCIA_INSTITUCIONAL_PUBLICA","fuente_revision_gestion":"","nota_revision_gestion":"","estado_id":"9","entidad":"Ciudad de México","municipio_id":"5","municipio":"Gustavo A. Madero","localidad_id":"1","localidad":"Gustavo A. Madero","calle_numero":"Adolfo López Mateos s/n","colonia":"Col. La Casilda","cp":"7150.0","telefono":"55 1366 40 45","pagina_web":"","email":"","facebook":"","twitter":"","instagram":"","aforo":"","tipo_escenario":"","num_pantallas":"","link_sic":"http://sic.gob.mx/ficha.php?table=centro_cultural&table_id=2173","fecha_modificacion":"2026-04-13 13:29:07-06","es_pilares":"NO","dataset_relacionado":"","revision_manual":"NO","motivo_revision":"","fuente":"Sistema de Información Cultural (SIC)"}},{"type":"Feature","geometry":{"type":"Point","coordinates":[-99.14733,19.56009]},"properties":{"id_cultural":"CENTRO_CULTURAL_3664","id_sic":"3664","tipo_cultural":"CENTRO_CULTURAL","nombre":"PILARES Girasol","fecha_fundacion":"2022-01-01","adscripcion_original":"Secretaría de Cultura de la Ciudad de México","tipo_gestion":"PUBLICO","criterio_clasificacion":"EVIDENCIA_INSTITUCIONAL_PUBLICA","fuente_revision_gestion":"","nota_revision_gestion":"","estado_id":"9","entidad":"Ciudad de México","municipio_id":"5","municipio":"Gustavo A. Madero","localidad_id":"1","localidad":"Gustavo A. Madero","calle_numero":"Arroyo La Armella 2748","colonia":"Col. Luis Donaldo Colosio","cp":"51003.0","telefono":"55 5134 0770 ext 1806","pagina_web":"https://pilares.cdmx.gob.mx/","email":"coord_comunicacion@pilares.cdmx.gob.mx","facebook":"","twitter":"","instagram":"","aforo":"","tipo_escenario":"","num_pantallas":"","link_sic":"http://sic.gob.mx/ficha.php?table=centro_cultural&table_id=3664","fecha_modificacion":"2025-10-28 18:06:50-06","es_pilares":"SI","dataset_relacionado":"PILARES","revision_manual":"NO","motivo_revision":"","fuente":"Sistema de Información Cultural (SIC)"}},{"type":"Feature","geometry":{"type":"Point","coordinates":[-99.09701,19.46448]},"properties":{"id_cultural":"CENTRO_CULTURAL_2175","id_sic":"2175","tipo_cultural":"CENTRO_CULTURAL","nombre":"Centro Cultural Gertrudis Sanchez","fecha_fundacion":"2009-01-01","adscripcion_original":"","tipo_gestion":"NO_DETERMINADO","criterio_clasificacion":"SIN_ADSCRIPCION","fuente_revision_gestion":"","nota_revision_gestion":"","estado_id":"9","entidad":"Ciudad de México","municipio_id":"5","municipio":"Gustavo A. Madero","localidad_id":"1","localidad":"Gustavo A. Madero","calle_numero":"Norte 94 esq. Victoria","colonia":"Col. Gertrudis Sánchez 2da. sección","cp":"7839.0","telefono":"","pagina_web":"","email":"","facebook":"","twitter":"","instagram":"","aforo":"","tipo_escenario":"","num_pantallas":"","link_sic":"http://sic.gob.mx/ficha.php?table=centro_cultural&table_id=2175","fecha_modificacion":"2026-04-13 13:04:23-06","es_pilares":"NO","dataset_relacionado":"","revision_manual":"SI","motivo_revision":"No existe adscripción disponible para determinar el tipo de gestión.","fuente":"Sistema de Información Cultural (SIC)"}},{"type":"Feature","geometry":{"type":"Point","coordinates":[-99.13404,19.55309]},"properties":{"id_cultural":"CENTRO_CULTURAL_2167","id_sic":"2167","tipo_cultural":"CENTRO_CULTURAL","nombre":"Casa de la Cultura Palmatitla","fecha_fundacion":"2003-03-13","adscripcion_original":"Dirección de Cultura y Deportes","tipo_gestion":"PUBLICO","criterio_clasificacion":"REVISION_MANUAL","fuente_revision_gestion":"","nota_revision_gestion":"","estado_id":"9","entidad":"Ciudad de México","municipio_id":"5","municipio":"Gustavo A. Madero","localidad_id":"1","localidad":"Gustavo A. Madero","calle_numero":"Rubén Leñero Mza. 03, Lote 06","colonia":"Col. Palmatitla","cp":"7170.0","telefono":"55 5306 2824","pagina_web":"","email":"centrogenerador510@gmail.com","facebook":"","twitter":"","instagram":"","aforo":"","tipo_escenario":"","num_pantallas":"","link_sic":"http://sic.gob.mx/ficha.php?table=centro_cultural&table_id=2167","fecha_modificacion":"2026-04-13 11:45:34-06","es_pilares":"NO","dataset_relacionado":"","revision_manual":"NO","motivo_revision":"","fuente":"Sistema de Información Cultural (SIC)"}},{"type":"Feature","geometry":{"type":"Point","coordinates":[-99.10854,19.50884]},"properties":{"id_cultural":"CENTRO_CULTURAL_3666","id_sic":"3666","tipo_cultural":"CENTRO_CULTURAL","nombre":"PILARES Ixhuatepec","fecha_fundacion":"2022-09-20","adscripcion_original":"Secretaría de Cultura de la Ciudad de México","tipo_gestion":"PUBLICO","criterio_clasificacion":"EVIDENCIA_INSTITUCIONAL_PUBLICA","fuente_revision_gestion":"","nota_revision_gestion":"","estado_id":"9","entidad":"Ciudad de México","municipio_id":"5","municipio":"Gustavo A. Madero","localidad_id":"1","localidad":"Gustavo A. Madero","calle_numero":"Parque Nacional 1","colonia":"Col. Lomas de San Juan Ixhuatepec","cp":"7360.0","telefono":"55 5134 0770 ext 1806","pagina_web":"https://pilares.cdmx.gob.mx/","email":"coord_comunicacion@pilares.cdmx.gob.mx","facebook":"","twitter":"","instagram":"","aforo":"","tipo_escenario":"","num_pantallas":"","link_sic":"http://sic.gob.mx/ficha.php?table=centro_cultural&table_id=3666","fecha_modificacion":"2025-10-09 18:59:03-06","es_pilares":"SI","dataset_relacionado":"PILARES","revision_manual":"NO","motivo_revision":"","fuente":"Sistema de Información Cultural (SIC)"}},{"type":"Feature","geometry":{"type":"Point","coordinates":[-99.05631,19.44723]},"properties":{"id_cultural":"CENTRO_CULTURAL_2174","id_sic":"2174","tipo_cultural":"CENTRO_CULTURAL","nombre":"Centro de Desarrollo Social y Cultural Cuchilla del Tesoro","fecha_fundacion":"2009-01-01","adscripcion_original":"Alcaldía Gustavo A. Madero","tipo_gestion":"PUBLICO","criterio_clasificacion":"EVIDENCIA_INSTITUCIONAL_PUBLICA","fuente_revision_gestion":"","nota_revision_gestion":"","estado_id":"9","entidad":"Ciudad de México","municipio_id":"5","municipio":"Gustavo A. Madero","localidad_id":"1","localidad":"Gustavo A. Madero","calle_numero":"Norte 1 entre Ote. 1 y Ote. 2","colonia":"Col. Cuchilla del Tesoro","cp":"7900.0","telefono":"55 2967 2912","pagina_web":"","email":"cdscuchilla@gmail.com","facebook":"","twitter":"","instagram":"","aforo":"","tipo_escenario":"","num_pantallas":"","link_sic":"http://sic.gob.mx/ficha.php?table=centro_cultural&table_id=2174","fecha_modificacion":"2026-04-13 12:50:11-06","es_pilares":"NO","dataset_relacionado":"","revision_manual":"NO","motivo_revision":"","fuente":"Sistema de Información Cultural (SIC)"}},{"type":"Feature","geometry":{"type":"Point","coordinates":[-99.13984,19.51214]},"properties":{"id_cultural":"CENTRO_CULTURAL_3596","id_sic":"3596","tipo_cultural":"CENTRO_CULTURAL","nombre":"PILARES Alí Chumacero","fecha_fundacion":"2021-01-01","adscripcion_original":"Secretaría de Cultura de la Ciudad de México","tipo_gestion":"PUBLICO","criterio_clasificacion":"EVIDENCIA_INSTITUCIONAL_PUBLICA","fuente_revision_gestion":"","nota_revision_gestion":"","estado_id":"9","entidad":"Ciudad de México","municipio_id":"5","municipio":"Gustavo A. Madero","localidad_id":"1","localidad":"Gustavo A. Madero","calle_numero":"Guillermo Massieu Helguera 150","colonia":"Col. La Purísima","cp":"7320.0","telefono":"55 5134 0770 ext 1806","pagina_web":"https://pilares.cdmx.gob.mx/","email":"coord_comunicacion@pilares.cdmx.gob.mx","facebook":"","twitter":"","instagram":"","aforo":"","tipo_escenario":"","num_pantallas":"","link_sic":"http://sic.gob.mx/ficha.php?table=centro_cultural&table_id=3596","fecha_modificacion":"2025-10-21 17:38:52-06","es_pilares":"SI","dataset_relacionado":"PILARES","revision_manual":"NO","motivo_revision":"","fuente":"Sistema de Información Cultural (SIC)"}},{"type":"Feature","geometry":{"type":"Point","coordinates":[-99.11311,19.48217]},"properties":{"id_cultural":"CENTRO_CULTURAL_3980","id_sic":"3980","tipo_cultural":"CENTRO_CULTURAL","nombre":"Casa de Cultura La Villa","fecha_fundacion":"2018-08-09","adscripcion_original":"Alcaldía Gustavo A. Madero","tipo_gestion":"PUBLICO","criterio_clasificacion":"EVIDENCIA_INSTITUCIONAL_PUBLICA","fuente_revision_gestion":"","nota_revision_gestion":"","estado_id":"9","entidad":"Ciudad de México","municipio_id":"5","municipio":"Gustavo A. Madero","localidad_id":"1","localidad":"Gustavo A. Madero","calle_numero":"Calle 5 de febrero s/n, entre Garrido y Alberto Herrera","colonia":"Col. Aragón la Villa","cp":"7000.0","telefono":"","pagina_web":"","email":"casadeculturalavilla@gmail.com","facebook":"","twitter":"","instagram":"","aforo":"","tipo_escenario":"","num_pantallas":"","link_sic":"http://sic.gob.mx/ficha.php?table=centro_cultural&table_id=3980","fecha_modificacion":"2026-04-13 09:13:59-06","es_pilares":"NO","dataset_relacionado":"","revision_manual":"NO","motivo_revision":"","fuente":"Sistema de Información Cultural (SIC)"}},{"type":"Feature","geometry":{"type":"Point","coordinates":[-99.15258,19.51647]},"properties":{"id_cultural":"CENTRO_CULTURAL_3672","id_sic":"3672","tipo_cultural":"CENTRO_CULTURAL","nombre":"PILARES Progreso Nacional","fecha_fundacion":"2022-01-01","adscripcion_original":"Gobierno de la Ciudad de México","tipo_gestion":"PUBLICO","criterio_clasificacion":"EVIDENCIA_INSTITUCIONAL_PUBLICA","fuente_revision_gestion":"","nota_revision_gestion":"","estado_id":"9","entidad":"Ciudad de México","municipio_id":"5","municipio":"Gustavo A. Madero","localidad_id":"1","localidad":"Gustavo A. Madero","calle_numero":"Av. Río de Los Remedios 330-326","colonia":"Col. Progreso Nacional","cp":"7700.0","telefono":"55 5134 0770 ext 1806","pagina_web":"https://pilares.cdmx.gob.mx/","email":"coord_comunicacion@pilares.cdmx.gob.mx","facebook":"","twitter":"","instagram":"","aforo":"","tipo_escenario":"","num_pantallas":"","link_sic":"http://sic.gob.mx/ficha.php?table=centro_cultural&table_id=3672","fecha_modificacion":"2025-07-04 17:06:59-06","es_pilares":"SI","dataset_relacionado":"PILARES","revision_manual":"NO","motivo_revision":"","fuente":"Sistema de Información Cultural (SIC)"}},{"type":"Feature","geometry":{"type":"Point","coordinates":[-99.09076,19.4961]},"properties":{"id_cultural":"CENTRO_CULTURAL_3597","id_sic":"3597","tipo_cultural":"CENTRO_CULTURAL","nombre":"PILARES Vasco de Quiroga","fecha_fundacion":"2021-07-01","adscripcion_original":"Gobierno de la Ciudad de México","tipo_gestion":"PUBLICO","criterio_clasificacion":"EVIDENCIA_INSTITUCIONAL_PUBLICA","fuente_revision_gestion":"","nota_revision_gestion":"","estado_id":"9","entidad":"Ciudad de México","municipio_id":"5","municipio":"Gustavo A. Madero","localidad_id":"1","localidad":"Gustavo A. Madero","calle_numero":"Av. Ing. Eduardo Molina s/n","colonia":"Col. Vasco de Quiroga","cp":"7440.0","telefono":"55 5134 0770 ext 1806","pagina_web":"https://pilares.cdmx.gob.mx/","email":"coord_comunicacion@pilares.cdmx.gob.mx","facebook":"","twitter":"","instagram":"","aforo":"","tipo_escenario":"","num_pantallas":"","link_sic":"http://sic.gob.mx/ficha.php?table=centro_cultural&table_id=3597","fecha_modificacion":"2025-07-04 17:02:45-06","es_pilares":"SI","dataset_relacionado":"PILARES","revision_manual":"NO","motivo_revision":"","fuente":"Sistema de Información Cultural (SIC)"}},{"type":"Feature","geometry":{"type":"Point","coordinates":[-99.1283,19.56211]},"properties":{"id_cultural":"CENTRO_CULTURAL_3578","id_sic":"3578","tipo_cultural":"CENTRO_CULTURAL","nombre":"PILARES El Vivero","fecha_fundacion":"2020-09-27","adscripcion_original":"Gobierno de la Ciudad de México","tipo_gestion":"PUBLICO","criterio_clasificacion":"EVIDENCIA_INSTITUCIONAL_PUBLICA","fuente_revision_gestion":"","nota_revision_gestion":"","estado_id":"9","entidad":"Ciudad de México","municipio_id":"5","municipio":"Gustavo A. Madero","localidad_id":"1","localidad":"Gustavo A. Madero","calle_numero":"Blanca Estela Pavon s/n","colonia":"Poblado Cuautepec I y II","cp":"7140.0","telefono":"55 5134 0770 ext 1806","pagina_web":"https://pilares.cdmx.gob.mx/","email":"coord_comunicacion@pilares.cdmx.gob.mx","facebook":"","twitter":"","instagram":"","aforo":"","tipo_escenario":"","num_pantallas":"","link_sic":"http://sic.gob.mx/ficha.php?table=centro_cultural&table_id=3578","fecha_modificacion":"2025-10-08 19:41:53-06","es_pilares":"SI","dataset_relacionado":"PILARES","revision_manual":"NO","motivo_revision":"","fuente":"Sistema de Información Cultural (SIC)"}},{"type":"Feature","geometry":{"type":"Point","coordinates":[-99.05278,19.44844]},"properties":{"id_cultural":"CENTRO_CULTURAL_3623","id_sic":"3623","tipo_cultural":"CENTRO_CULTURAL","nombre":"PILARES Cuchilla del Tesoro","fecha_fundacion":"2019-11-07","adscripcion_original":"Gobierno de la Ciudad de México","tipo_gestion":"PUBLICO","criterio_clasificacion":"EVIDENCIA_INSTITUCIONAL_PUBLICA","fuente_revision_gestion":"","nota_revision_gestion":"","estado_id":"9","entidad":"Ciudad de México","municipio_id":"5","municipio":"Gustavo A. Madero","localidad_id":"1","localidad":"Gustavo A. Madero","calle_numero":"Norte 1 y Oriente 9","colonia":"Cuchilla del Tesoro","cp":"7900.0","telefono":"55 5134 0770 ext 1806","pagina_web":"https://pilares.cdmx.gob.mx/","email":"coord_comunicacion@pilares.cdmx.gob.mx","facebook":"","twitter":"","instagram":"","aforo":"","tipo_escenario":"","num_pantallas":"","link_sic":"http://sic.gob.mx/ficha.php?table=centro_cultural&table_id=3623","fecha_modificacion":"2025-10-06 18:03:05-06","es_pilares":"SI","dataset_relacionado":"PILARES","revision_manual":"NO","motivo_revision":"","fuente":"Sistema de Información Cultural (SIC)"}},{"type":"Feature","geometry":{"type":"Point","coordinates":[-99.13318,19.51651]},"properties":{"id_cultural":"CENTRO_CULTURAL_3671","id_sic":"3671","tipo_cultural":"CENTRO_CULTURAL","nombre":"PILARES Santa María Ticomán","fecha_fundacion":"2023-01-01","adscripcion_original":"Secretaría de Cultura de la Ciudad de México","tipo_gestion":"PUBLICO","criterio_clasificacion":"EVIDENCIA_INSTITUCIONAL_PUBLICA","fuente_revision_gestion":"","nota_revision_gestion":"","estado_id":"9","entidad":"Ciudad de México","municipio_id":"5","municipio":"Gustavo A. Madero","localidad_id":"1","localidad":"Gustavo A. Madero","calle_numero":"Calle 18 de marzo s/n","colonia":"Col. La Laguna Ticomán","cp":"7340.0","telefono":"55 5134 0770 ext 1806","pagina_web":"https://pilares.cdmx.gob.mx/","email":"coord_comunicacion@pilares.cdmx.gob.mx","facebook":"","twitter":"","instagram":"","aforo":"","tipo_escenario":"","num_pantallas":"","link_sic":"http://sic.gob.mx/ficha.php?table=centro_cultural&table_id=3671","fecha_modificacion":"2025-10-31 17:20:50-06","es_pilares":"SI","dataset_relacionado":"PILARES","revision_manual":"NO","motivo_revision":"","fuente":"Sistema de Información Cultural (SIC)"}},{"type":"Feature","geometry":{"type":"Point","coordinates":[-99.13417,19.53992]},"properties":{"id_cultural":"CENTRO_CULTURAL_3663","id_sic":"3663","tipo_cultural":"CENTRO_CULTURAL","nombre":"PILARES Castillo Chico","fecha_fundacion":"2022-01-01","adscripcion_original":"Gobierno de la Ciudad de México","tipo_gestion":"PUBLICO","criterio_clasificacion":"EVIDENCIA_INSTITUCIONAL_PUBLICA","fuente_revision_gestion":"","nota_revision_gestion":"","estado_id":"9","entidad":"Ciudad de México","municipio_id":"5","municipio":"Gustavo A. Madero","localidad_id":"1","localidad":"Gustavo A. Madero","calle_numero":"1era Cda. Chimalpopoca 7 MZ. 35 LT. 23","colonia":"Castillo Grande","cp":"7220.0","telefono":"55 5134 0770 ext 1806","pagina_web":"https://pilares.cdmx.gob.mx/","email":"coord_comunicacion@pilares.cdmx.gob.mx","facebook":"","twitter":"","instagram":"","aforo":"","tipo_escenario":"","num_pantallas":"","link_sic":"http://sic.gob.mx/ficha.php?table=centro_cultural&table_id=3663","fecha_modificacion":"2025-07-21 18:58:06-06","es_pilares":"SI","dataset_relacionado":"PILARES","revision_manual":"NO","motivo_revision":"","fuente":"Sistema de Información Cultural (SIC)"}},{"type":"Feature","geometry":{"type":"Point","coordinates":[-99.11367,19.4634]},"properties":{"id_cultural":"CENTRO_CULTURAL_3632","id_sic":"3632","tipo_cultural":"CENTRO_CULTURAL","nombre":"PILARES Tablas de San Agustín","fecha_fundacion":"2021-01-01","adscripcion_original":"Gobierno de la Ciudad de México","tipo_gestion":"PUBLICO","criterio_clasificacion":"EVIDENCIA_INSTITUCIONAL_PUBLICA","fuente_revision_gestion":"","nota_revision_gestion":"","estado_id":"9","entidad":"Ciudad de México","municipio_id":"5","municipio":"Gustavo A. Madero","localidad_id":"1","localidad":"Gustavo A. Madero","calle_numero":"Oriente 97 s/n esq. Norte 60","colonia":"Col. Tablas de San Agustín","cp":"7860.0","telefono":"55 5134 0770 ext 1806","pagina_web":"https://pilares.cdmx.gob.mx/pilares/1670/tablas-de-san-agustin","email":"pilares.sanagustin@gmail.com","facebook":"","twitter":"","instagram":"","aforo":"","tipo_escenario":"","num_pantallas":"","link_sic":"http://sic.gob.mx/ficha.php?table=centro_cultural&table_id=3632","fecha_modificacion":"2025-08-27 19:21:55-06","es_pilares":"SI","dataset_relacionado":"PILARES","revision_manual":"NO","motivo_revision":"","fuente":"Sistema de Información Cultural (SIC)"}},{"type":"Feature","geometry":{"type":"Point","coordinates":[-99.16461,19.5209]},"properties":{"id_cultural":"CENTRO_CULTURAL_3393","id_sic":"3393","tipo_cultural":"CENTRO_CULTURAL","nombre":"Casa de Cultura Santa Rosa GAM","fecha_fundacion":"2017-01-01","adscripcion_original":"Alcaldía Gustavo A. Madero/Dirección Ejecutiva de Cultura, Recreación y Deporte","tipo_gestion":"PUBLICO","criterio_clasificacion":"EVIDENCIA_INSTITUCIONAL_PUBLICA","fuente_revision_gestion":"","nota_revision_gestion":"","estado_id":"9","entidad":"Ciudad de México","municipio_id":"5","municipio":"Gustavo A. Madero","localidad_id":"1","localidad":"Gustavo A. Madero","calle_numero":"C. 6-A núm. 3","colonia":"Col. Santa Rosa","cp":"7620.0","telefono":"55 2697 0419, 55 2279 9295","pagina_web":"","email":"casadeculturasantarosa@gmail.com","facebook":"","twitter":"","instagram":"","aforo":"","tipo_escenario":"","num_pantallas":"","link_sic":"http://sic.gob.mx/ficha.php?table=centro_cultural&table_id=3393","fecha_modificacion":"2026-04-13 10:55:19-06","es_pilares":"NO","dataset_relacionado":"","revision_manual":"NO","motivo_revision":"","fuente":"Sistema de Información Cultural (SIC)"}},{"type":"Feature","geometry":{"type":"Point","coordinates":[-99.13529,19.49616]},"properties":{"id_cultural":"CENTRO_CULTURAL_1060","id_sic":"1060","tipo_cultural":"CENTRO_CULTURAL","nombre":"Centro Cultural Jaime Torres Bodet (IPN)","fecha_fundacion":"1964-08-17","adscripcion_original":"IPN/Difusión y Fomento a la Cultura","tipo_gestion":"PUBLICO","criterio_clasificacion":"EVIDENCIA_INSTITUCIONAL_PUBLICA","fuente_revision_gestion":"","nota_revision_gestion":"","estado_id":"9","entidad":"Ciudad de México","municipio_id":"5","municipio":"Gustavo A. Madero","localidad_id":"1","localidad":"Gustavo A. Madero","calle_numero":"Av. Wilfrido Massieu s/n esq. Av. Instituto Politécnico Nacional","colonia":"Col. Lindavista","cp":"7738.0","telefono":"55 5729 6000 exts. 53623 y 46190","pagina_web":"http://www.cultura.ipn.mx/Paginas/inicio.aspx","email":"dleyvas@ipn.mx,  culturaipn@ipn.mx","facebook":"","twitter":"","instagram":"","aforo":"","tipo_escenario":"","num_pantallas":"","link_sic":"http://sic.gob.mx/ficha.php?table=centro_cultural&table_id=1060","fecha_modificacion":"2026-05-28 10:58:46-06","es_pilares":"NO","dataset_relacionado":"","revision_manual":"NO","motivo_revision":"","fuente":"Sistema de Información Cultural (SIC)"}},{"type":"Feature","geometry":{"type":"Point","coordinates":[-99.13141,19.47446]},"properties":{"id_cultural":"CENTRO_CULTURAL_1099","id_sic":"1099","tipo_cultural":"CENTRO_CULTURAL","nombre":"Casa de Cultura José María Velasco","fecha_fundacion":"1996-10-19","adscripcion_original":"Alcaldía Gustavo A. Madero","tipo_gestion":"PUBLICO","criterio_clasificacion":"EVIDENCIA_INSTITUCIONAL_PUBLICA","fuente_revision_gestion":"","nota_revision_gestion":"","estado_id":"9","entidad":"Ciudad de México","municipio_id":"5","municipio":"Gustavo A. Madero","localidad_id":"1","localidad":"Gustavo A. Madero","calle_numero":"Roberto Gayol s/n esq. Excelsior","colonia":"Col. Guadalupe Insurgentes","cp":"7870.0","telefono":"55 5517 1051","pagina_web":"","email":"judccjosemaria@gmail.com","facebook":"","twitter":"","instagram":"","aforo":"","tipo_escenario":"","num_pantallas":"","link_sic":"http://sic.gob.mx/ficha.php?table=centro_cultural&table_id=1099","fecha_modificacion":"2026-04-13 08:57:41-06","es_pilares":"NO","dataset_relacionado":"","revision_manual":"NO","motivo_revision":"","fuente":"Sistema de Información Cultural (SIC)"}},{"type":"Feature","geometry":{"type":"Point","coordinates":[-99.06379,19.4517]},"properties":{"id_cultural":"CENTRO_CULTURAL_3071","id_sic":"3071","tipo_cultural":"CENTRO_CULTURAL","nombre":"Casa de Cultura Carmen Aristegui","fecha_fundacion":"2011-05-27","adscripcion_original":"Alcaldía Guatavo A. Madero","tipo_gestion":"PUBLICO","criterio_clasificacion":"EVIDENCIA_INSTITUCIONAL_PUBLICA","fuente_revision_gestion":"","nota_revision_gestion":"","estado_id":"9","entidad":"Ciudad de México","municipio_id":"5","municipio":"Gustavo A. Madero","localidad_id":"1","localidad":"Gustavo A. Madero","calle_numero":"Av. 604 s/n","colonia":"Col. San Juan de Aragón IV Sección","cp":"7918.0","telefono":"55 5212 9704","pagina_web":"","email":"casadeculturacarmenaristegui@gmail.com","facebook":"","twitter":"","instagram":"","aforo":"","tipo_escenario":"","num_pantallas":"","link_sic":"http://sic.gob.mx/ficha.php?table=centro_cultural&table_id=3071","fecha_modificacion":"2026-04-13 08:29:14-06","es_pilares":"NO","dataset_relacionado":"","revision_manual":"NO","motivo_revision":"","fuente":"Sistema de Información Cultural (SIC)"}},{"type":"Feature","geometry":{"type":"Point","coordinates":[-99.12863,19.57502]},"properties":{"id_cultural":"CENTRO_CULTURAL_3667","id_sic":"3667","tipo_cultural":"CENTRO_CULTURAL","nombre":"PILARES Malacates","fecha_fundacion":"2023-01-01","adscripcion_original":"Gobierno de la Ciudad de México","tipo_gestion":"PUBLICO","criterio_clasificacion":"EVIDENCIA_INSTITUCIONAL_PUBLICA","fuente_revision_gestion":"","nota_revision_gestion":"","estado_id":"9","entidad":"Ciudad de México","municipio_id":"5","municipio":"Gustavo A. Madero","localidad_id":"1","localidad":"Gustavo A. Madero","calle_numero":"Aquiles Serdán s/n","colonia":"Col. Malacates","cp":"7144.0","telefono":"55 5134 0770 ext 1806","pagina_web":"https://pilares.cdmx.gob.mx/","email":"coord_comunicacion@pilares.cdmx.gob.mx","facebook":"","twitter":"","instagram":"","aforo":"","tipo_escenario":"","num_pantallas":"","link_sic":"http://sic.gob.mx/ficha.php?table=centro_cultural&table_id=3667","fecha_modificacion":"2025-11-04 16:36:35-06","es_pilares":"SI","dataset_relacionado":"PILARES","revision_manual":"NO","motivo_revision":"","fuente":"Sistema de Información Cultural (SIC)"}},{"type":"Feature","geometry":{"type":"Point","coordinates":[-99.1153,19.47487]},"properties":{"id_cultural":"CENTRO_CULTURAL_2165","id_sic":"2165","tipo_cultural":"CENTRO_CULTURAL","nombre":"Casa de Cultura Estrella José Martí","fecha_fundacion":"2000-07-19","adscripcion_original":"Alcaldía Gustavo A. Madero","tipo_gestion":"PUBLICO","criterio_clasificacion":"EVIDENCIA_INSTITUCIONAL_PUBLICA","fuente_revision_gestion":"","nota_revision_gestion":"","estado_id":"9","entidad":"Ciudad de México","municipio_id":"5","municipio":"Gustavo A. Madero","localidad_id":"1","localidad":"Gustavo A. Madero","calle_numero":"Joyas s/n esq. Turquesa","colonia":"Col. Estrella","cp":"7810.0","telefono":"55 5750 3231","pagina_web":"","email":"casadeculturaestrella@gmail.com","facebook":"","twitter":"","instagram":"","aforo":"","tipo_escenario":"","num_pantallas":"","link_sic":"http://sic.gob.mx/ficha.php?table=centro_cultural&table_id=2165","fecha_modificacion":"2026-04-13 08:32:52-06","es_pilares":"NO","dataset_relacionado":"","revision_manual":"NO","motivo_revision":"","fuente":"Sistema de Información Cultural (SIC)"}},{"type":"Feature","geometry":{"type":"Point","coordinates":[-99.14153,19.55919]},"properties":{"id_cultural":"CENTRO_CULTURAL_3392","id_sic":"3392","tipo_cultural":"CENTRO_CULTURAL","nombre":"Casa de Cultura Quetzalcóatl III","fecha_fundacion":"2022-09-10","adscripcion_original":"Alcaldía Gustavo A. Madero/Dirección Ejecutiva de Cultura, Recreación y Deporte","tipo_gestion":"PUBLICO","criterio_clasificacion":"EVIDENCIA_INSTITUCIONAL_PUBLICA","fuente_revision_gestion":"","nota_revision_gestion":"","estado_id":"9","entidad":"Ciudad de México","municipio_id":"5","municipio":"Gustavo A. Madero","localidad_id":"1","localidad":"Gustavo A. Madero","calle_numero":"Santiago Jarillo Mz. 1","colonia":"Col. Quetzalcóatl","cp":"7130.0","telefono":"55 9318 7250","pagina_web":"","email":"cdcquetzalcoatl3@gmail.com","facebook":"","twitter":"","instagram":"","aforo":"","tipo_escenario":"","num_pantallas":"","link_sic":"http://sic.gob.mx/ficha.php?table=centro_cultural&table_id=3392","fecha_modificacion":"2024-12-09 13:03:15-06","es_pilares":"NO","dataset_relacionado":"","revision_manual":"NO","motivo_revision":"","fuente":"Sistema de Información Cultural (SIC)"}},{"type":"Feature","geometry":{"type":"Point","coordinates":[-99.15881,19.52648]},"properties":{"id_cultural":"CENTRO_CULTURAL_3531","id_sic":"3531","tipo_cultural":"CENTRO_CULTURAL","nombre":"PILARES 100 Metros","fecha_fundacion":"2019-10-21","adscripcion_original":"Secretaría de Cultura de la Ciudad de México","tipo_gestion":"PUBLICO","criterio_clasificacion":"EVIDENCIA_INSTITUCIONAL_PUBLICA","fuente_revision_gestion":"","nota_revision_gestion":"","estado_id":"9","entidad":"Ciudad de México","municipio_id":"5","municipio":"Gustavo A. Madero","localidad_id":"1","localidad":"Gustavo A. Madero","calle_numero":"Anillo Periferico s/n esq. Av Cien Metros","colonia":"Col. Santiago Atepetlac","cp":"7640.0","telefono":"55 5134 0770 ext 1806","pagina_web":"https://pilares.cdmx.gob.mx/","email":"coord_comunicacion@pilares.cdmx.gob.mx","facebook":"","twitter":"","instagram":"","aforo":"","tipo_escenario":"","num_pantallas":"","link_sic":"http://sic.gob.mx/ficha.php?table=centro_cultural&table_id=3531","fecha_modificacion":"2025-11-05 17:31:44-06","es_pilares":"SI","dataset_relacionado":"PILARES","revision_manual":"NO","motivo_revision":"","fuente":"Sistema de Información Cultural (SIC)"}},{"type":"Feature","geometry":{"type":"Point","coordinates":[-99.14671,19.48405]},"properties":{"id_cultural":"CENTRO_CULTURAL_2179","id_sic":"2179","tipo_cultural":"CENTRO_CULTURAL","nombre":"Centro de Arte Bicentenario Poeta Hugo Gutiérrez Vega","fecha_fundacion":"2010-10-14","adscripcion_original":"Alcaldía Gustavo A. Madero","tipo_gestion":"PUBLICO","criterio_clasificacion":"EVIDENCIA_INSTITUCIONAL_PUBLICA","fuente_revision_gestion":"","nota_revision_gestion":"","estado_id":"9","entidad":"Ciudad de México","municipio_id":"5","municipio":"Gustavo A. Madero","localidad_id":"1","localidad":"Gustavo A. Madero","calle_numero":"Av. Sur de los Cien Metros s/n esq. Poniente 122","colonia":"Col. Nueva Vallejo","cp":"7750.0","telefono":"56 1686 1861","pagina_web":"","email":"centrodeartehugogv@gmail.com","facebook":"","twitter":"","instagram":"","aforo":"","tipo_escenario":"","num_pantallas":"","link_sic":"http://sic.gob.mx/ficha.php?table=centro_cultural&table_id=2179","fecha_modificacion":"2026-04-13 12:06:57-06","es_pilares":"NO","dataset_relacionado":"","revision_manual":"NO","motivo_revision":"","fuente":"Sistema de Información Cultural (SIC)"}},{"type":"Feature","geometry":{"type":"Point","coordinates":[-99.07598,19.46934]},"properties":{"id_cultural":"CENTRO_CULTURAL_2177","id_sic":"2177","tipo_cultural":"CENTRO_CULTURAL","nombre":"Centro Cultural Paco Ignacio Taibo ll","fecha_fundacion":"2009-08-13","adscripcion_original":"Alcaldía Gustavo A. Madero","tipo_gestion":"PUBLICO","criterio_clasificacion":"EVIDENCIA_INSTITUCIONAL_PUBLICA","fuente_revision_gestion":"","nota_revision_gestion":"","estado_id":"9","entidad":"Ciudad de México","municipio_id":"5","municipio":"Gustavo A. Madero","localidad_id":"1","localidad":"Gustavo A. Madero","calle_numero":"Av. 414 s/n entre Av. 483 y Av. 481","colonia":"Col. San Juan de Aragón, 7a. Sección","cp":"7920.0","telefono":"55 5794 6634","pagina_web":"https://www.facebook.com/pages/Centro-de-Desarrollo-Social-y-Cultural-Paco-Ignacio-Taibo-/367254176671907","email":"CCpacoignaciotaiboii@hotmail.com","facebook":"","twitter":"","instagram":"","aforo":"","tipo_escenario":"","num_pantallas":"","link_sic":"http://sic.gob.mx/ficha.php?table=centro_cultural&table_id=2177","fecha_modificacion":"2026-04-13 13:31:02-06","es_pilares":"NO","dataset_relacionado":"","revision_manual":"NO","motivo_revision":"","fuente":"Sistema de Información Cultural (SIC)"}},{"type":"Feature","geometry":{"type":"Point","coordinates":[-99.14398,19.53273]},"properties":{"id_cultural":"CENTRO_CULTURAL_3575","id_sic":"3575","tipo_cultural":"CENTRO_CULTURAL","nombre":"PILARES La Muela","fecha_fundacion":"2020-02-24","adscripcion_original":"Gobierno de la Ciudad de México","tipo_gestion":"PUBLICO","criterio_clasificacion":"EVIDENCIA_INSTITUCIONAL_PUBLICA","fuente_revision_gestion":"","nota_revision_gestion":"","estado_id":"9","entidad":"Ciudad de México","municipio_id":"5","municipio":"Gustavo A. Madero","localidad_id":"1","localidad":"Gustavo A. Madero","calle_numero":"Virginia Fábregas s/n","colonia":"Col. Arbolillo II","cp":"7420.0","telefono":"55 5134 0770 ext 1806","pagina_web":"https://pilares.cdmx.gob.mx/pilares/1613/la-muela","email":"coord_comunicacion@pilares.cdmx.gob.mx","facebook":"","twitter":"","instagram":"","aforo":"","tipo_escenario":"","num_pantallas":"","link_sic":"http://sic.gob.mx/ficha.php?table=centro_cultural&table_id=3575","fecha_modificacion":"2025-09-29 15:52:44-06","es_pilares":"SI","dataset_relacionado":"PILARES","revision_manual":"NO","motivo_revision":"","fuente":"Sistema de Información Cultural (SIC)"}},{"type":"Feature","geometry":{"type":"Point","coordinates":[-99.13335,19.49332]},"properties":{"id_cultural":"CENTRO_CULTURAL_2181","id_sic":"2181","tipo_cultural":"CENTRO_CULTURAL","nombre":"Centro de Arte y Cultura Futurama","fecha_fundacion":"2009-12-01","adscripcion_original":"Alcaldía Gustavo A. Madero/Dirección de Cultura y Deportes","tipo_gestion":"PUBLICO","criterio_clasificacion":"EVIDENCIA_INSTITUCIONAL_PUBLICA","fuente_revision_gestion":"","nota_revision_gestion":"","estado_id":"9","entidad":"Ciudad de México","municipio_id":"5","municipio":"Gustavo A. Madero","localidad_id":"1","localidad":"Gustavo A. Madero","calle_numero":"Otavalo 7, esq. Av. Instituto Politécnico Nacional","colonia":"Col. Lindavista","cp":"7708.0","telefono":"","pagina_web":"","email":"juventudfuturama@gmail.com; futuramalatefuerte@gmail.com","facebook":"","twitter":"","instagram":"","aforo":"","tipo_escenario":"","num_pantallas":"","link_sic":"http://sic.gob.mx/ficha.php?table=centro_cultural&table_id=2181","fecha_modificacion":"2026-04-13 12:11:28-06","es_pilares":"NO","dataset_relacionado":"","revision_manual":"NO","motivo_revision":"","fuente":"Sistema de Información Cultural (SIC)"}},{"type":"Feature","geometry":{"type":"Point","coordinates":[-99.13964,19.51244]},"properties":{"id_cultural":"CENTRO_CULTURAL_1066","id_sic":"1066","tipo_cultural":"CENTRO_CULTURAL","nombre":"Casa de Cultura Juventino Rosas","fecha_fundacion":"1989-01-01","adscripcion_original":"Alcaldía Gustavo A. Madero/Dirección de Cultura y Deportes","tipo_gestion":"PUBLICO","criterio_clasificacion":"EVIDENCIA_INSTITUCIONAL_PUBLICA","fuente_revision_gestion":"","nota_revision_gestion":"","estado_id":"9","entidad":"Ciudad de México","municipio_id":"5","municipio":"Gustavo A. Madero","localidad_id":"1","localidad":"Gustavo A. Madero","calle_numero":"Plan de San Luis 50","colonia":"Col. Residencial La Escalera","cp":"7320.0","telefono":"55 5586 6160","pagina_web":"","email":"casaculturajuventinorosas@gmail.com","facebook":"","twitter":"","instagram":"","aforo":"","tipo_escenario":"","num_pantallas":"","link_sic":"http://sic.gob.mx/ficha.php?table=centro_cultural&table_id=1066","fecha_modificacion":"2026-04-13 09:02:33-06","es_pilares":"NO","dataset_relacionado":"","revision_manual":"NO","motivo_revision":"","fuente":"Sistema de Información Cultural (SIC)"}},{"type":"Feature","geometry":{"type":"Point","coordinates":[-99.06572,19.46666]},"properties":{"id_cultural":"CENTRO_CULTURAL_3630","id_sic":"3630","tipo_cultural":"CENTRO_CULTURAL","nombre":"PILARES Aragón VI","fecha_fundacion":"1000-01-01","adscripcion_original":"Gobierno de la Ciudad de México","tipo_gestion":"PUBLICO","criterio_clasificacion":"EVIDENCIA_INSTITUCIONAL_PUBLICA","fuente_revision_gestion":"","nota_revision_gestion":"","estado_id":"9","entidad":"Ciudad de México","municipio_id":"5","municipio":"Gustavo A. Madero","localidad_id":"1","localidad":"Gustavo A. Madero","calle_numero":"Avenida 414 s/n","colonia":"San Juan de Aragón VI Secc.","cp":"7918.0","telefono":"55 5134 0770 ext 1806","pagina_web":"https://pilares.cdmx.gob.mx/","email":"coord_comunicacion@pilares.cdmx.gob.mx","facebook":"","twitter":"","instagram":"","aforo":"","tipo_escenario":"","num_pantallas":"","link_sic":"http://sic.gob.mx/ficha.php?table=centro_cultural&table_id=3630","fecha_modificacion":"2024-12-04 12:59:54-06","es_pilares":"SI","dataset_relacionado":"PILARES","revision_manual":"NO","motivo_revision":"","fuente":"Sistema de Información Cultural (SIC)"}},{"type":"Feature","geometry":{"type":"Point","coordinates":[-99.08023,19.48435]},"properties":{"id_cultural":"CENTRO_CULTURAL_2170","id_sic":"2170","tipo_cultural":"CENTRO_CULTURAL","nombre":"Centro de Desarrollo Social Comunitario Carlos Monsiváis","fecha_fundacion":"2009-01-01","adscripcion_original":"Alcaldía Gustavo A. Madero/Dirección de Cultura y Recreación","tipo_gestion":"PUBLICO","criterio_clasificacion":"EVIDENCIA_INSTITUCIONAL_PUBLICA","fuente_revision_gestion":"","nota_revision_gestion":"","estado_id":"9","entidad":"Ciudad de México","municipio_id":"5","municipio":"Gustavo A. Madero","localidad_id":"1","localidad":"Gustavo A. Madero","calle_numero":"Camino del Triunfo, esq. Camino de la Enseñanza s/n","colonia":"Campestre Aragón","cp":"7530.0","telefono":"","pagina_web":"","email":"cdsccarlosmonsivais201@gmail.com","facebook":"","twitter":"","instagram":"","aforo":"","tipo_escenario":"","num_pantallas":"","link_sic":"http://sic.gob.mx/ficha.php?table=centro_cultural&table_id=2170","fecha_modificacion":"2026-04-13 12:19:36-06","es_pilares":"NO","dataset_relacionado":"","revision_manual":"NO","motivo_revision":"","fuente":"Sistema de Información Cultural (SIC)"}},{"type":"Feature","geometry":{"type":"Point","coordinates":[-99.08131,19.48031]},"properties":{"id_cultural":"CENTRO_CULTURAL_2168","id_sic":"2168","tipo_cultural":"CENTRO_CULTURAL","nombre":"Centro de Desarrollo Social y Cultural Aarón Gordián Martínez","fecha_fundacion":"2009-01-01","adscripcion_original":"Alcalía Gustavo A. Madero","tipo_gestion":"PUBLICO","criterio_clasificacion":"REVISION_MANUAL","fuente_revision_gestion":"","nota_revision_gestion":"","estado_id":"9","entidad":"Ciudad de México","municipio_id":"5","municipio":"Gustavo A. Madero","localidad_id":"1","localidad":"Gustavo A. Madero","calle_numero":"Puerto Papantla entre Salina Cruz y Camino de la Liga","colonia":"Col. Ampliación Casas Alemán","cp":"","telefono":"55 5118 2800 exts. 7220, 7221","pagina_web":"","email":"","facebook":"","twitter":"","instagram":"","aforo":"","tipo_escenario":"","num_pantallas":"","link_sic":"http://sic.gob.mx/ficha.php?table=centro_cultural&table_id=2168","fecha_modificacion":"2026-04-13 12:22:38-06","es_pilares":"NO","dataset_relacionado":"","revision_manual":"NO","motivo_revision":"","fuente":"Sistema de Información Cultural (SIC)"}},{"type":"Feature","geometry":{"type":"Point","coordinates":[-99.11361,19.46264]},"properties":{"id_cultural":"CENTRO_CULTURAL_2169","id_sic":"2169","tipo_cultural":"CENTRO_CULTURAL","nombre":"Centro de Desarrollo Social y Cultural Alí Chumacero","fecha_fundacion":"2009-01-01","adscripcion_original":"Alcaldía Gustavo A. Madero","tipo_gestion":"PUBLICO","criterio_clasificacion":"EVIDENCIA_INSTITUCIONAL_PUBLICA","fuente_revision_gestion":"","nota_revision_gestion":"","estado_id":"9","entidad":"Ciudad de México","municipio_id":"5","municipio":"Gustavo A. Madero","localidad_id":"1","localidad":"Gustavo A. Madero","calle_numero":"Norte 60 s/n esq. Oriente 95","colonia":"Col. Mártires de Río Blanco","cp":"7880.0","telefono":"55 2603 2836","pagina_web":"","email":"","facebook":"","twitter":"","instagram":"","aforo":"","tipo_escenario":"","num_pantallas":"","link_sic":"http://sic.gob.mx/ficha.php?table=centro_cultural&table_id=2169","fecha_modificacion":"2026-04-13 12:36:29-06","es_pilares":"NO","dataset_relacionado":"","revision_manual":"NO","motivo_revision":"","fuente":"Sistema de Información Cultural (SIC)"}},{"type":"Feature","geometry":{"type":"Point","coordinates":[-99.07062,19.48466]},"properties":{"id_cultural":"CENTRO_CULTURAL_3673","id_sic":"3673","tipo_cultural":"CENTRO_CULTURAL","nombre":"PILARES Providencia","fecha_fundacion":"1000-01-01","adscripcion_original":"Gobierno de la Ciudad de México","tipo_gestion":"PUBLICO","criterio_clasificacion":"EVIDENCIA_INSTITUCIONAL_PUBLICA","fuente_revision_gestion":"","nota_revision_gestion":"","estado_id":"9","entidad":"Ciudad de México","municipio_id":"5","municipio":"Gustavo A. Madero","localidad_id":"1","localidad":"Gustavo A. Madero","calle_numero":"Estado de Zacatecas esq. Estado de Morelos (Mercado 136 Providencia)","colonia":"Providencia","cp":"7550.0","telefono":"55 5134 0770 ext 1806","pagina_web":"https://pilares.cdmx.gob.mx/","email":"coord_comunicacion@pilares.cdmx.gob.mx","facebook":"","twitter":"","instagram":"","aforo":"","tipo_escenario":"","num_pantallas":"","link_sic":"http://sic.gob.mx/ficha.php?table=centro_cultural&table_id=3673","fecha_modificacion":"2024-06-05 13:44:02-06","es_pilares":"SI","dataset_relacionado":"PILARES","revision_manual":"NO","motivo_revision":"","fuente":"Sistema de Información Cultural (SIC)"}},{"type":"Feature","geometry":{"type":"Point","coordinates":[-99.07021,19.4779]},"properties":{"id_cultural":"CENTRO_CULTURAL_3660","id_sic":"3660","tipo_cultural":"CENTRO_CULTURAL","nombre":"PILARES Ampliación Providencia","fecha_fundacion":"2021-11-06","adscripcion_original":"Gobierno de la Ciudad de México","tipo_gestion":"PUBLICO","criterio_clasificacion":"EVIDENCIA_INSTITUCIONAL_PUBLICA","fuente_revision_gestion":"","nota_revision_gestion":"","estado_id":"9","entidad":"Ciudad de México","municipio_id":"5","municipio":"Gustavo A. Madero","localidad_id":"1","localidad":"Gustavo A. Madero","calle_numero":"Volcán San Andrés Tuxtla 63","colonia":"Colonia Ampliación Providencia","cp":"","telefono":"55 5134 0770 ext 1806","pagina_web":"https://pilares.cdmx.gob.mx/","email":"coord_comunicacion@pilares.cdmx.gob.mx","facebook":"","twitter":"","instagram":"","aforo":"","tipo_escenario":"","num_pantallas":"","link_sic":"http://sic.gob.mx/ficha.php?table=centro_cultural&table_id=3660","fecha_modificacion":"2025-06-09 17:27:07-06","es_pilares":"SI","dataset_relacionado":"PILARES","revision_manual":"NO","motivo_revision":"","fuente":"Sistema de Información Cultural (SIC)"}},{"type":"Feature","geometry":{"type":"Point","coordinates":[-99.14375,19.53849]},"properties":{"id_cultural":"CENTRO_CULTURAL_2182","id_sic":"2182","tipo_cultural":"CENTRO_CULTURAL","nombre":"Centro de Desarrollo Social y Cultural Carlos Montemayor","fecha_fundacion":"2009-01-01","adscripcion_original":"Gobierno dela Ciudad de México","tipo_gestion":"PUBLICO","criterio_clasificacion":"REVISION_MANUAL","fuente_revision_gestion":"","nota_revision_gestion":"","estado_id":"9","entidad":"Ciudad de México","municipio_id":"5","municipio":"Gustavo A. Madero","localidad_id":"1","localidad":"Gustavo A. Madero","calle_numero":"Cda. Gabriel Guerra s/n esq. Emiliano Zapata<br> U.H. El Arbolillo","colonia":"Zona Escolar Oriente","cp":"7239.0","telefono":"55 1365 4658","pagina_web":"","email":"","facebook":"","twitter":"","instagram":"","aforo":"","tipo_escenario":"","num_pantallas":"","link_sic":"http://sic.gob.mx/ficha.php?table=centro_cultural&table_id=2182","fecha_modificacion":"2026-04-13 12:46:28-06","es_pilares":"NO","dataset_relacionado":"","revision_manual":"NO","motivo_revision":"","fuente":"Sistema de Información Cultural (SIC)"}},{"type":"Feature","geometry":{"type":"Point","coordinates":[-99.13714,19.52256]},"properties":{"id_cultural":"CENTRO_CULTURAL_2178","id_sic":"2178","tipo_cultural":"CENTRO_CULTURAL","nombre":"Centro de Desarrollo Social y Cultural Primavera","fecha_fundacion":"2009-01-01","adscripcion_original":"Dirección de Cultura y Deportes","tipo_gestion":"PUBLICO","criterio_clasificacion":"REVISION_MANUAL","fuente_revision_gestion":"","nota_revision_gestion":"","estado_id":"9","entidad":"Ciudad de México","municipio_id":"5","municipio":"Gustavo A. Madero","localidad_id":"1","localidad":"Gustavo A. Madero","calle_numero":"Primavera","colonia":"Col. Candelaria Ticoman","cp":"7310.0","telefono":"55 5118 2800","pagina_web":"","email":"","facebook":"","twitter":"","instagram":"","aforo":"","tipo_escenario":"","num_pantallas":"","link_sic":"http://sic.gob.mx/ficha.php?table=centro_cultural&table_id=2178","fecha_modificacion":"2026-04-13 13:43:54-06","es_pilares":"NO","dataset_relacionado":"","revision_manual":"NO","motivo_revision":"","fuente":"Sistema de Información Cultural (SIC)"}},{"type":"Feature","geometry":{"type":"Point","coordinates":[-99.14282,19.54957]},"properties":{"id_cultural":"CENTRO_CULTURAL_3757","id_sic":"3757","tipo_cultural":"CENTRO_CULTURAL","nombre":"PILARES Loma La Palma","fecha_fundacion":"1000-01-01","adscripcion_original":"Gobierno de la Ciudad de México","tipo_gestion":"PUBLICO","criterio_clasificacion":"EVIDENCIA_INSTITUCIONAL_PUBLICA","fuente_revision_gestion":"","nota_revision_gestion":"","estado_id":"9","entidad":"Ciudad de México","municipio_id":"5","municipio":"Gustavo A. Madero","localidad_id":"1","localidad":"Gustavo A. Madero","calle_numero":"18 de Marzo esq. 5 de Mayo","colonia":"Col. Loma la Palma","cp":"7160.0","telefono":"55 5134 0770 ext 1806","pagina_web":"https://pilares.cdmx.gob.mx/","email":"coord_comunicacion@pilares.cdmx.gob.mx","facebook":"","twitter":"","instagram":"","aforo":"","tipo_escenario":"","num_pantallas":"","link_sic":"http://sic.gob.mx/ficha.php?table=centro_cultural&table_id=3757","fecha_modificacion":"2024-06-25 11:51:04-06","es_pilares":"SI","dataset_relacionado":"PILARES","revision_manual":"NO","motivo_revision":"","fuente":"Sistema de Información Cultural (SIC)"}},{"type":"Feature","geometry":{"type":"Point","coordinates":[-99.118,19.5592]},"properties":{"id_cultural":"CENTRO_CULTURAL_3628","id_sic":"3628","tipo_cultural":"CENTRO_CULTURAL","nombre":"PILARES Joya de Nieves","fecha_fundacion":"2020-01-01","adscripcion_original":"Gobierno de la Ciudad de México","tipo_gestion":"PUBLICO","criterio_clasificacion":"EVIDENCIA_INSTITUCIONAL_PUBLICA","fuente_revision_gestion":"","nota_revision_gestion":"","estado_id":"9","entidad":"Ciudad de México","municipio_id":"5","municipio":"Gustavo A. Madero","localidad_id":"1","localidad":"Gustavo A. Madero","calle_numero":"Área Natural Protegida Sierra de Guadalupe s/n","colonia":"Zona de Conservación Ecológica","cp":"7145.0","telefono":"55 5134 0770 ext 1806","pagina_web":"https://pilares.cdmx.gob.mx/","email":"coord_comunicacion@pilares.cdmx.gob.mx","facebook":"","twitter":"","instagram":"","aforo":"","tipo_escenario":"","num_pantallas":"","link_sic":"http://sic.gob.mx/ficha.php?table=centro_cultural&table_id=3628","fecha_modificacion":"2025-09-25 19:57:35-06","es_pilares":"SI","dataset_relacionado":"PILARES","revision_manual":"NO","motivo_revision":"","fuente":"Sistema de Información Cultural (SIC)"}},{"type":"Feature","geometry":{"type":"Point","coordinates":[-99.08823,19.50167]},"properties":{"id_cultural":"CENTRO_CULTURAL_2333","id_sic":"2333","tipo_cultural":"CENTRO_CULTURAL","nombre":"Foro Cristina Payán","fecha_fundacion":"2009-01-01","adscripcion_original":"Dirección de Cultura y Deportes","tipo_gestion":"PUBLICO","criterio_clasificacion":"REVISION_MANUAL","fuente_revision_gestion":"","nota_revision_gestion":"","estado_id":"9","entidad":"Ciudad de México","municipio_id":"5","municipio":"Gustavo A. Madero","localidad_id":"1","localidad":"Gustavo A. Madero","calle_numero":"Av. Ing. Eduardo Molina","colonia":"Col. Nueva Atzacoalco","cp":"7040.0","telefono":"55 3973 4605","pagina_web":"","email":"foroalairelibrecristinapayan@gmail.com","facebook":"","twitter":"","instagram":"","aforo":"","tipo_escenario":"","num_pantallas":"","link_sic":"http://sic.gob.mx/ficha.php?table=centro_cultural&table_id=2333","fecha_modificacion":"2026-04-13 14:04:12-06","es_pilares":"NO","dataset_relacionado":"","revision_manual":"NO","motivo_revision":"","fuente":"Sistema de Información Cultural (SIC)"}},{"type":"Feature","geometry":{"type":"Point","coordinates":[-99.13845,19.53501]},"properties":{"id_cultural":"CENTRO_CULTURAL_3565","id_sic":"3565","tipo_cultural":"CENTRO_CULTURAL","nombre":"PILARES Benemérito de las Américas","fecha_fundacion":"1000-01-01","adscripcion_original":"Gobierno de la Ciudad de México","tipo_gestion":"PUBLICO","criterio_clasificacion":"EVIDENCIA_INSTITUCIONAL_PUBLICA","fuente_revision_gestion":"","nota_revision_gestion":"","estado_id":"9","entidad":"Ciudad de México","municipio_id":"5","municipio":"Gustavo A. Madero","localidad_id":"1","localidad":"Gustavo A. Madero","calle_numero":"Vicente Riva Palacio, esq. Melchor Ocampo","colonia":"Col. Zona de Conservación Ecológica","cp":"7259.0","telefono":"55 5134 0770 ext 1806","pagina_web":"https://pilares.cdmx.gob.mx/pilares/1603/benemerito-de-las-americas","email":"coord_comunicacion@pilares.cdmx.gob.mx","facebook":"","twitter":"","instagram":"","aforo":"","tipo_escenario":"","num_pantallas":"","link_sic":"http://sic.gob.mx/ficha.php?table=centro_cultural&table_id=3565","fecha_modificacion":"2024-06-20 13:21:59-06","es_pilares":"SI","dataset_relacionado":"PILARES","revision_manual":"NO","motivo_revision":"","fuente":"Sistema de Información Cultural (SIC)"}},{"type":"Feature","geometry":{"type":"Point","coordinates":[-99.11147,19.50327]},"properties":{"id_cultural":"CENTRO_CULTURAL_2690","id_sic":"2690","tipo_cultural":"CENTRO_CULTURAL","nombre":"Fábrica de Artes y Oficios (FARO) Indios Verdes","fecha_fundacion":"2006-06-20","adscripcion_original":"Secretaría de Cultura de la Ciudad de México/Dirección General de Vinculación Cultural Comunitaria/Red de Faros","tipo_gestion":"PUBLICO","criterio_clasificacion":"EVIDENCIA_INSTITUCIONAL_PUBLICA","fuente_revision_gestion":"","nota_revision_gestion":"","estado_id":"9","entidad":"Ciudad de México","municipio_id":"5","municipio":"Gustavo A. Madero","localidad_id":"1","localidad":"Gustavo A. Madero","calle_numero":"Av Huitzilihuitl 51","colonia":"Col. Santa Isabel Tola","cp":"7010.0","telefono":"55 5781 6900","pagina_web":"https://culturacomunitaria.cdmx.gob.mx/red-de-faros/faro-indios-verdes","email":"elfaroindiosverdes@gmail.com","facebook":"","twitter":"","instagram":"","aforo":"","tipo_escenario":"","num_pantallas":"","link_sic":"http://sic.gob.mx/ficha.php?table=centro_cultural&table_id=2690","fecha_modificacion":"2026-08-04 08:24:28-06","es_pilares":"NO","dataset_relacionado":"","revision_manual":"NO","motivo_revision":"","fuente":"Sistema de Información Cultural (SIC)"}},{"type":"Feature","geometry":{"type":"Point","coordinates":[-99.08552,19.45441]},"properties":{"id_cultural":"CENTRO_CULTURAL_3670","id_sic":"3670","tipo_cultural":"CENTRO_CULTURAL","nombre":"PILARES Aragón II","fecha_fundacion":"2021-09-01","adscripcion_original":"Gobierno de la Ciudad de México","tipo_gestion":"PUBLICO","criterio_clasificacion":"EVIDENCIA_INSTITUCIONAL_PUBLICA","fuente_revision_gestion":"","nota_revision_gestion":"","estado_id":"9","entidad":"Ciudad de México","municipio_id":"5","municipio":"Gustavo A. Madero","localidad_id":"1","localidad":"Gustavo A. Madero","calle_numero":"Av. 506 núm. 3914","colonia":"Col. San Juan de Aragón II","cp":"7969.0","telefono":"55 5134 0770 ext 1806","pagina_web":"https://pilares.cdmx.gob.mx/pilares/1708/aragon-ii","email":"coord_comunicacion@pilares.cdmx.gob.mx","facebook":"","twitter":"","instagram":"","aforo":"","tipo_escenario":"","num_pantallas":"","link_sic":"http://sic.gob.mx/ficha.php?table=centro_cultural&table_id=3670","fecha_modificacion":"2025-10-21 17:22:26-06","es_pilares":"SI","dataset_relacionado":"PILARES","revision_manual":"NO","motivo_revision":"","fuente":"Sistema de Información Cultural (SIC)"}},{"type":"Feature","geometry":{"type":"Point","coordinates":[-99.13498,19.5765]},"properties":{"id_cultural":"CENTRO_CULTURAL_3633","id_sic":"3633","tipo_cultural":"CENTRO_CULTURAL","nombre":"PILARES Tokio","fecha_fundacion":"1000-01-01","adscripcion_original":"Gobierno de la Ciudad de México","tipo_gestion":"PUBLICO","criterio_clasificacion":"EVIDENCIA_INSTITUCIONAL_PUBLICA","fuente_revision_gestion":"","nota_revision_gestion":"","estado_id":"9","entidad":"Ciudad de México","municipio_id":"5","municipio":"Gustavo A. Madero","localidad_id":"1","localidad":"Gustavo A. Madero","calle_numero":"Tokio s/n","colonia":"Malacates","cp":"7119.0","telefono":"55 5134 0770 ext 1806","pagina_web":"https://pilares.cdmx.gob.mx/","email":"coord_comunicacion@pilares.cdmx.gob.mx","facebook":"","twitter":"","instagram":"","aforo":"","tipo_escenario":"","num_pantallas":"","link_sic":"http://sic.gob.mx/ficha.php?table=centro_cultural&table_id=3633","fecha_modificacion":"2024-06-14 14:26:26-06","es_pilares":"SI","dataset_relacionado":"PILARES","revision_manual":"NO","motivo_revision":"","fuente":"Sistema de Información Cultural (SIC)"}},{"type":"Feature","geometry":{"type":"Point","coordinates":[-99.1257,19.54482]},"properties":{"id_cultural":"CENTRO_CULTURAL_3470","id_sic":"3470","tipo_cultural":"CENTRO_CULTURAL","nombre":"PILARES Tlalpexco","fecha_fundacion":"2019-02-17","adscripcion_original":"Gobierno de la Ciudad de México","tipo_gestion":"PUBLICO","criterio_clasificacion":"EVIDENCIA_INSTITUCIONAL_PUBLICA","fuente_revision_gestion":"","nota_revision_gestion":"","estado_id":"9","entidad":"Ciudad de México","municipio_id":"5","municipio":"Gustavo A. Madero","localidad_id":"1","localidad":"Gustavo A. Madero","calle_numero":"Cda. Sauces s/n","colonia":"Col. Tlalpexco","cp":"7188.0","telefono":"55 5134 0770 ext 1806","pagina_web":"https://pilares.cdmx.gob.mx/","email":"coord_comunicacion@pilares.cdmx.gob.mx","facebook":"","twitter":"","instagram":"","aforo":"","tipo_escenario":"","num_pantallas":"","link_sic":"http://sic.gob.mx/ficha.php?table=centro_cultural&table_id=3470","fecha_modificacion":"2025-09-02 16:16:45-06","es_pilares":"SI","dataset_relacionado":"PILARES","revision_manual":"NO","motivo_revision":"","fuente":"Sistema de Información Cultural (SIC)"}},{"type":"Feature","geometry":{"type":"Point","coordinates":[-99.15251,19.54586]},"properties":{"id_cultural":"CENTRO_CULTURAL_3727","id_sic":"3727","tipo_cultural":"CENTRO_CULTURAL","nombre":"PILARES Chalma de Guadalupe","fecha_fundacion":"1000-01-01","adscripcion_original":"Gobierno de la Ciudad de México","tipo_gestion":"PUBLICO","criterio_clasificacion":"EVIDENCIA_INSTITUCIONAL_PUBLICA","fuente_revision_gestion":"","nota_revision_gestion":"","estado_id":"9","entidad":"Ciudad de México","municipio_id":"5","municipio":"Gustavo A. Madero","localidad_id":"1","localidad":"Gustavo A. Madero","calle_numero":"Cda. Morelos 108","colonia":"Col. Chalma de Guadalupe","cp":"7160.0","telefono":"55 5134 0770 ext 1806","pagina_web":"https://pilares.cdmx.gob.mx/","email":"coord_comunicacion@pilares.cdmx.gob.mx","facebook":"","twitter":"","instagram":"","aforo":"","tipo_escenario":"","num_pantallas":"","link_sic":"http://sic.gob.mx/ficha.php?table=centro_cultural&table_id=3727","fecha_modificacion":"2024-06-25 14:08:00-06","es_pilares":"SI","dataset_relacionado":"PILARES","revision_manual":"NO","motivo_revision":"","fuente":"Sistema de Información Cultural (SIC)"}},{"type":"Feature","geometry":{"type":"Point","coordinates":[-99.12918,19.46552]},"properties":{"id_cultural":"CENTRO_CULTURAL_3463","id_sic":"3463","tipo_cultural":"CENTRO_CULTURAL","nombre":"PILARES Richard Wagner","fecha_fundacion":"2019-01-28","adscripcion_original":"Gobierno de la Ciudad de México","tipo_gestion":"PUBLICO","criterio_clasificacion":"EVIDENCIA_INSTITUCIONAL_PUBLICA","fuente_revision_gestion":"","nota_revision_gestion":"","estado_id":"9","entidad":"Ciudad de México","municipio_id":"5","municipio":"Gustavo A. Madero","localidad_id":"1","localidad":"Gustavo A. Madero","calle_numero":"Carril 23 4A 301","colonia":"San Juan Xalpa","cp":"7870.0","telefono":"55 5134 0770 ext 1806","pagina_web":"https://pilares.cdmx.gob.mx/","email":"coord_comunicacion@pilares.cdmx.gob.mx","facebook":"","twitter":"","instagram":"","aforo":"","tipo_escenario":"","num_pantallas":"","link_sic":"http://sic.gob.mx/ficha.php?table=centro_cultural&table_id=3463","fecha_modificacion":"2025-10-23 19:51:41-06","es_pilares":"SI","dataset_relacionado":"PILARES","revision_manual":"NO","motivo_revision":"","fuente":"Sistema de Información Cultural (SIC)"}},{"type":"Feature","geometry":{"type":"Point","coordinates":[-99.13942,19.56687]},"properties":{"id_cultural":"CENTRO_CULTURAL_3622","id_sic":"3622","tipo_cultural":"CENTRO_CULTURAL","nombre":"PILARES Compositores Mexicanos","fecha_fundacion":"1000-01-01","adscripcion_original":"Gobierno de la Ciudad de México","tipo_gestion":"PUBLICO","criterio_clasificacion":"EVIDENCIA_INSTITUCIONAL_PUBLICA","fuente_revision_gestion":"","nota_revision_gestion":"","estado_id":"9","entidad":"Ciudad de México","municipio_id":"5","municipio":"Gustavo A. Madero","localidad_id":"1","localidad":"Gustavo A. Madero","calle_numero":"Folklóricos Mexicanos s/n","colonia":"Col. Compositores Mexicanos","cp":"7130.0","telefono":"55 5134 0770 ext 1806","pagina_web":"https://pilares.cdmx.gob.mx/","email":"coord_comunicacion@pilares.cdmx.gob.mx","facebook":"","twitter":"","instagram":"","aforo":"","tipo_escenario":"","num_pantallas":"","link_sic":"http://sic.gob.mx/ficha.php?table=centro_cultural&table_id=3622","fecha_modificacion":"2024-06-13 12:29:12-06","es_pilares":"SI","dataset_relacionado":"PILARES","revision_manual":"NO","motivo_revision":"","fuente":"Sistema de Información Cultural (SIC)"}},{"type":"Feature","geometry":{"type":"Point","coordinates":[-99.10044,19.50086]},"properties":{"id_cultural":"CENTRO_CULTURAL_3665","id_sic":"3665","tipo_cultural":"CENTRO_CULTURAL","nombre":"PILARES Tixtla","fecha_fundacion":"1000-01-01","adscripcion_original":"Gobierno de la Ciudad de México","tipo_gestion":"PUBLICO","criterio_clasificacion":"EVIDENCIA_INSTITUCIONAL_PUBLICA","fuente_revision_gestion":"","nota_revision_gestion":"","estado_id":"9","entidad":"Ciudad de México","municipio_id":"5","municipio":"Gustavo A. Madero","localidad_id":"1","localidad":"Gustavo A. Madero","calle_numero":"Cabo San Lucas Mz.14B Lt. 5","colonia":"Col. Gabriel Hernández","cp":"7080.0","telefono":"55 5134 0770 ext 1806","pagina_web":"https://pilares.cdmx.gob.mx/","email":"coord_comunicacion@pilares.cdmx.gob.mx","facebook":"","twitter":"","instagram":"","aforo":"","tipo_escenario":"","num_pantallas":"","link_sic":"http://sic.gob.mx/ficha.php?table=centro_cultural&table_id=3665","fecha_modificacion":"2024-06-12 12:05:58-06","es_pilares":"SI","dataset_relacionado":"PILARES","revision_manual":"NO","motivo_revision":"","fuente":"Sistema de Información Cultural (SIC)"}},{"type":"Feature","geometry":{"type":"Point","coordinates":[-99.1014,19.46405]},"properties":{"id_cultural":"CENTRO_CULTURAL_3625","id_sic":"3625","tipo_cultural":"CENTRO_CULTURAL","nombre":"PILARES Gertrudis Sánchez","fecha_fundacion":"1000-01-01","adscripcion_original":"Gobierno de la Ciudad de México","tipo_gestion":"PUBLICO","criterio_clasificacion":"EVIDENCIA_INSTITUCIONAL_PUBLICA","fuente_revision_gestion":"","nota_revision_gestion":"","estado_id":"9","entidad":"Ciudad de México","municipio_id":"5","municipio":"Gustavo A. Madero","localidad_id":"1","localidad":"Gustavo A. Madero","calle_numero":"Av. Henry Ford S/N","colonia":"Col. Gertrudis Sánchez II Secc.","cp":"7839.0","telefono":"55 5134 0770 ext 1806","pagina_web":"https://pilares.cdmx.gob.mx/","email":"coord_comunicacion@pilares.cdmx.gob.mx","facebook":"","twitter":"","instagram":"","aforo":"","tipo_escenario":"","num_pantallas":"","link_sic":"http://sic.gob.mx/ficha.php?table=centro_cultural&table_id=3625","fecha_modificacion":"2024-06-10 17:12:59-06","es_pilares":"SI","dataset_relacionado":"PILARES","revision_manual":"NO","motivo_revision":"","fuente":"Sistema de Información Cultural (SIC)"}},{"type":"Feature","geometry":{"type":"Point","coordinates":[-99.09743,19.49846]},"properties":{"id_cultural":"CENTRO_CULTURAL_3662","id_sic":"3662","tipo_cultural":"CENTRO_CULTURAL","nombre":"PILARES Santiago Atzacoalco","fecha_fundacion":"1000-01-01","adscripcion_original":"Gobierno de la Ciudad de México","tipo_gestion":"PUBLICO","criterio_clasificacion":"EVIDENCIA_INSTITUCIONAL_PUBLICA","fuente_revision_gestion":"","nota_revision_gestion":"","estado_id":"9","entidad":"Ciudad de México","municipio_id":"5","municipio":"Gustavo A. Madero","localidad_id":"1","localidad":"Gustavo A. Madero","calle_numero":"Cabo Finisterre 1","colonia":"Col. Pueblo Santiago Atzacoalco","cp":"","telefono":"55 5134 0770 ext 1806","pagina_web":"https://pilares.cdmx.gob.mx/","email":"coord_comunicacion@pilares.cdmx.gob.mx","facebook":"","twitter":"","instagram":"","aforo":"","tipo_escenario":"","num_pantallas":"","link_sic":"http://sic.gob.mx/ficha.php?table=centro_cultural&table_id=3662","fecha_modificacion":"2024-07-01 14:35:37-06","es_pilares":"SI","dataset_relacionado":"PILARES","revision_manual":"NO","motivo_revision":"","fuente":"Sistema de Información Cultural (SIC)"}},{"type":"Feature","geometry":{"type":"Point","coordinates":[-99.08465,19.50066]},"properties":{"id_cultural":"CENTRO_CULTURAL_3559","id_sic":"3559","tipo_cultural":"CENTRO_CULTURAL","nombre":"PILARES Nueva Atzacoalco","fecha_fundacion":"1000-01-01","adscripcion_original":"Secretaría de Cultura de la Ciudad de México","tipo_gestion":"PUBLICO","criterio_clasificacion":"EVIDENCIA_INSTITUCIONAL_PUBLICA","fuente_revision_gestion":"","nota_revision_gestion":"","estado_id":"9","entidad":"Ciudad de México","municipio_id":"5","municipio":"Gustavo A. Madero","localidad_id":"1","localidad":"Gustavo A. Madero","calle_numero":"Av. 314","colonia":"Col. Nueva Atzacoalco","cp":"7420.0","telefono":"55 5134 0770 ext 1806","pagina_web":"https://pilares.cdmx.gob.mx/","email":"coord_comunicacion@pilares.cdmx.gob.mx","facebook":"","twitter":"","instagram":"","aforo":"","tipo_escenario":"","num_pantallas":"","link_sic":"http://sic.gob.mx/ficha.php?table=centro_cultural&table_id=3559","fecha_modificacion":"2024-06-11 11:50:10-06","es_pilares":"SI","dataset_relacionado":"PILARES","revision_manual":"NO","motivo_revision":"","fuente":"Sistema de Información Cultural (SIC)"}},{"type":"Feature","geometry":{"type":"Point","coordinates":[-99.09921,19.488]},"properties":{"id_cultural":"CENTRO_CULTURAL_3669","id_sic":"3669","tipo_cultural":"CENTRO_CULTURAL","nombre":"PILARES Salvador Díaz Mirón","fecha_fundacion":"1000-01-01","adscripcion_original":"Secretaría de Cultura de la Ciudad de México","tipo_gestion":"PUBLICO","criterio_clasificacion":"EVIDENCIA_INSTITUCIONAL_PUBLICA","fuente_revision_gestion":"","nota_revision_gestion":"","estado_id":"9","entidad":"Ciudad de México","municipio_id":"5","municipio":"Gustavo A. Madero","localidad_id":"1","localidad":"Gustavo A. Madero","calle_numero":"Ote. 155-B 3418","colonia":"Col. Salvador Díaz Mirón","cp":"7400.0","telefono":"55 5134 0770 ext 1806","pagina_web":"https://pilares.cdmx.gob.mx/","email":"coord_comunicacion@pilares.cdmx.gob.mx","facebook":"","twitter":"","instagram":"","aforo":"","tipo_escenario":"","num_pantallas":"","link_sic":"http://sic.gob.mx/ficha.php?table=centro_cultural&table_id=3669","fecha_modificacion":"2024-06-11 12:01:54-06","es_pilares":"SI","dataset_relacionado":"PILARES","revision_manual":"NO","motivo_revision":"","fuente":"Sistema de Información Cultural (SIC)"}},{"type":"Feature","geometry":{"type":"Point","coordinates":[-99.09131,19.46953]},"properties":{"id_cultural":"CENTRO_CULTURAL_3554","id_sic":"3554","tipo_cultural":"CENTRO_CULTURAL","nombre":"PILARES Ejidos de San Juan de Aragón","fecha_fundacion":"1000-01-01","adscripcion_original":"Secretaría de Cultura de la Ciudad de México","tipo_gestion":"PUBLICO","criterio_clasificacion":"EVIDENCIA_INSTITUCIONAL_PUBLICA","fuente_revision_gestion":"","nota_revision_gestion":"","estado_id":"9","entidad":"Ciudad de México","municipio_id":"5","municipio":"Gustavo A. Madero","localidad_id":"1","localidad":"Gustavo A. Madero","calle_numero":"Av. Puerto de Palos","colonia":"Col. Ejidos de San Juan de Aragón","cp":"7940.0","telefono":"55 5134 0770 ext 1806","pagina_web":"https://pilares.cdmx.gob.mx/","email":"coord_comunicacion@pilares.cdmx.gob.mx","facebook":"","twitter":"","instagram":"","aforo":"","tipo_escenario":"","num_pantallas":"","link_sic":"http://sic.gob.mx/ficha.php?table=centro_cultural&table_id=3554","fecha_modificacion":"2024-06-11 11:29:19-06","es_pilares":"SI","dataset_relacionado":"PILARES","revision_manual":"NO","motivo_revision":"","fuente":"Sistema de Información Cultural (SIC)"}},{"type":"Feature","geometry":{"type":"Point","coordinates":[-99.11315,19.4856]},"properties":{"id_cultural":"CENTRO_CULTURAL_3668","id_sic":"3668","tipo_cultural":"CENTRO_CULTURAL","nombre":"PILARES Martín Carrera","fecha_fundacion":"1000-01-01","adscripcion_original":"Gobierno de la Ciudad de México","tipo_gestion":"PUBLICO","criterio_clasificacion":"EVIDENCIA_INSTITUCIONAL_PUBLICA","fuente_revision_gestion":"","nota_revision_gestion":"","estado_id":"9","entidad":"Ciudad de México","municipio_id":"5","municipio":"Gustavo A. Madero","localidad_id":"1","localidad":"Gustavo A. Madero","calle_numero":"Francisco Echeverría 315","colonia":"Martín Carrera","cp":"7070.0","telefono":"55 5134 0770 ext 1806","pagina_web":"https://pilares.cdmx.gob.mx/","email":"coord_comunicacion@pilares.cdmx.gob.mx","facebook":"","twitter":"","instagram":"","aforo":"","tipo_escenario":"","num_pantallas":"","link_sic":"http://sic.gob.mx/ficha.php?table=centro_cultural&table_id=3668","fecha_modificacion":"2024-06-19 11:12:51-06","es_pilares":"SI","dataset_relacionado":"PILARES","revision_manual":"NO","motivo_revision":"","fuente":"Sistema de Información Cultural (SIC)"}},{"type":"Feature","geometry":{"type":"Point","coordinates":[-99.09699,19.45256]},"properties":{"id_cultural":"CENTRO_CULTURAL_3627","id_sic":"3627","tipo_cultural":"CENTRO_CULTURAL","nombre":"PILARES Héroes de Cerro Prieto","fecha_fundacion":"1000-01-01","adscripcion_original":"Gobierno de la Ciudad de México","tipo_gestion":"PUBLICO","criterio_clasificacion":"EVIDENCIA_INSTITUCIONAL_PUBLICA","fuente_revision_gestion":"","nota_revision_gestion":"","estado_id":"9","entidad":"Ciudad de México","municipio_id":"5","municipio":"Gustavo A. Madero","localidad_id":"1","localidad":"Gustavo A. Madero","calle_numero":"Rublos 57","colonia":"Col. Héroes de Cerro Prieto","cp":"7960.0","telefono":"55 5134 0770 ext 1806","pagina_web":"https://cartelera.cdmx.gob.mx/5663/30-10-2022/casita-del-terror-pilares-heroes-de-cerro-prieto","email":"coord_comunicacion@pilares.cdmx.gob.mx","facebook":"","twitter":"","instagram":"","aforo":"","tipo_escenario":"","num_pantallas":"","link_sic":"http://sic.gob.mx/ficha.php?table=centro_cultural&table_id=3627","fecha_modificacion":"2024-06-12 12:33:08-06","es_pilares":"SI","dataset_relacionado":"PILARES","revision_manual":"NO","motivo_revision":"","fuente":"Sistema de Información Cultural (SIC)"}},{"type":"Feature","geometry":{"type":"Point","coordinates":[-99.11571,19.47593]},"properties":{"id_cultural":"CENTRO_CULTURAL_3624","id_sic":"3624","tipo_cultural":"CENTRO_CULTURAL","nombre":"PILARES Estrella","fecha_fundacion":"1000-01-01","adscripcion_original":"Secretaría de Cultura de la Ciudad de México","tipo_gestion":"PUBLICO","criterio_clasificacion":"EVIDENCIA_INSTITUCIONAL_PUBLICA","fuente_revision_gestion":"","nota_revision_gestion":"","estado_id":"9","entidad":"Ciudad de México","municipio_id":"5","municipio":"Gustavo A. Madero","localidad_id":"1","localidad":"Gustavo A. Madero","calle_numero":"Escuela s/n","colonia":"Col. Estrella","cp":"7810.0","telefono":"55 5134 0770 ext 1806","pagina_web":"https://pilares.cdmx.gob.mx/","email":"coord_comunicacion@pilares.cdmx.gob.mx","facebook":"","twitter":"","instagram":"","aforo":"","tipo_escenario":"","num_pantallas":"","link_sic":"http://sic.gob.mx/ficha.php?table=centro_cultural&table_id=3624","fecha_modificacion":"2024-06-11 10:48:33-06","es_pilares":"SI","dataset_relacionado":"PILARES","revision_manual":"NO","motivo_revision":"","fuente":"Sistema de Información Cultural (SIC)"}},{"type":"Feature","geometry":{"type":"Point","coordinates":[-99.09059,19.50892]},"properties":{"id_cultural":"CENTRO_CULTURAL_3517","id_sic":"3517","tipo_cultural":"CENTRO_CULTURAL","nombre":"PILARES Centenario","fecha_fundacion":"2019-09-02","adscripcion_original":"Gobierno de la Ciudad de México","tipo_gestion":"PUBLICO","criterio_clasificacion":"EVIDENCIA_INSTITUCIONAL_PUBLICA","fuente_revision_gestion":"","nota_revision_gestion":"","estado_id":"9","entidad":"Ciudad de México","municipio_id":"5","municipio":"Gustavo A. Madero","localidad_id":"1","localidad":"Gustavo A. Madero","calle_numero":"Av. Centenario esq. Av. Río de los Remedios","colonia":"Col. Juan González Romero","cp":"7410.0","telefono":"55 5134 0770 ext 1806","pagina_web":"https://www.jefaturadegobierno.cdmx.gob.mx/comunicacion/nota/inaugura-gobierno-de-la-ciudad-de-mexico-pilares-centenario-en-la-alcaldia-gustavo-madero","email":"coord_comunicacion@pilares.cdmx.gob.mx","facebook":"","twitter":"","instagram":"","aforo":"","tipo_escenario":"","num_pantallas":"","link_sic":"http://sic.gob.mx/ficha.php?table=centro_cultural&table_id=3517","fecha_modificacion":"2024-06-12 12:29:23-06","es_pilares":"SI","dataset_relacionado":"PILARES","revision_manual":"NO","motivo_revision":"","fuente":"Sistema de Información Cultural (SIC)"}},{"type":"Feature","geometry":{"type":"Point","coordinates":[-99.14622,19.47906]},"properties":{"id_cultural":"CENTRO_CULTURAL_3569","id_sic":"3569","tipo_cultural":"CENTRO_CULTURAL","nombre":"PILARES Magdalena de las Salinas","fecha_fundacion":"1000-01-01","adscripcion_original":"Secretaría de Cultura de la Ciudad de México","tipo_gestion":"PUBLICO","criterio_clasificacion":"EVIDENCIA_INSTITUCIONAL_PUBLICA","fuente_revision_gestion":"","nota_revision_gestion":"","estado_id":"9","entidad":"Ciudad de México","municipio_id":"5","municipio":"Gustavo A. Madero","localidad_id":"1","localidad":"Gustavo A. Madero","calle_numero":"Pte. 114","colonia":"Col. Magdalena de las Salinas","cp":"7760.0","telefono":"55 5134 0770 ext 1806","pagina_web":"https://pilares.cdmx.gob.mx/","email":"coord_comunicacion@pilares.cdmx.gob.mx","facebook":"","twitter":"","instagram":"","aforo":"","tipo_escenario":"","num_pantallas":"","link_sic":"http://sic.gob.mx/ficha.php?table=centro_cultural&table_id=3569","fecha_modificacion":"2024-06-11 11:46:40-06","es_pilares":"SI","dataset_relacionado":"PILARES","revision_manual":"NO","motivo_revision":"","fuente":"Sistema de Información Cultural (SIC)"}},{"type":"Feature","geometry":{"type":"Point","coordinates":[-99.07674,19.49312]},"properties":{"id_cultural":"CENTRO_CULTURAL_3758","id_sic":"3758","tipo_cultural":"CENTRO_CULTURAL","nombre":"PILARES San Felipe de Jesús II","fecha_fundacion":"1000-01-01","adscripcion_original":"Gobierno de la Ciudad de México","tipo_gestion":"PUBLICO","criterio_clasificacion":"EVIDENCIA_INSTITUCIONAL_PUBLICA","fuente_revision_gestion":"","nota_revision_gestion":"","estado_id":"9","entidad":"Ciudad de México","municipio_id":"5","municipio":"Gustavo A. Madero","localidad_id":"1","localidad":"Gustavo A. Madero","calle_numero":"Tamazula s/n","colonia":"San Felipe de Jesús","cp":"7510.0","telefono":"55 5134 0770 ext 1806","pagina_web":"https://pilares.cdmx.gob.mx/","email":"coord_comunicacion@pilares.cdmx.gob.mx","facebook":"","twitter":"","instagram":"","aforo":"","tipo_escenario":"","num_pantallas":"","link_sic":"http://sic.gob.mx/ficha.php?table=centro_cultural&table_id=3758","fecha_modificacion":"2024-06-06 13:23:52-06","es_pilares":"SI","dataset_relacionado":"PILARES","revision_manual":"NO","motivo_revision":"","fuente":"Sistema de Información Cultural (SIC)"}},{"type":"Feature","geometry":{"type":"Point","coordinates":[-99.08934,19.48057]},"properties":{"id_cultural":"CENTRO_CULTURAL_3626","id_sic":"3626","tipo_cultural":"CENTRO_CULTURAL","nombre":"PILARES Gran Canal","fecha_fundacion":"1000-01-01","adscripcion_original":"Secretaría de Cultura de la Ciudad de México","tipo_gestion":"PUBLICO","criterio_clasificacion":"EVIDENCIA_INSTITUCIONAL_PUBLICA","fuente_revision_gestion":"","nota_revision_gestion":"","estado_id":"9","entidad":"Ciudad de México","municipio_id":"5","municipio":"Gustavo A. Madero","localidad_id":"1","localidad":"Gustavo A. Madero","calle_numero":"Av. Gran Canal del Desagüe 6828","colonia":"Col. Casas Alemán","cp":"7580.0","telefono":"55 5134 0770 ext 1806","pagina_web":"https://pilares.cdmx.gob.mx/","email":"coord_comunicacion@pilares.cdmx.gob.mx","facebook":"","twitter":"","instagram":"","aforo":"","tipo_escenario":"","num_pantallas":"","link_sic":"http://sic.gob.mx/ficha.php?table=centro_cultural&table_id=3626","fecha_modificacion":"2024-06-07 07:36:41-06","es_pilares":"SI","dataset_relacionado":"PILARES","revision_manual":"NO","motivo_revision":"","fuente":"Sistema de Información Cultural (SIC)"}},{"type":"Feature","geometry":{"type":"Point","coordinates":[-99.11102,19.47133]},"properties":{"id_cultural":"CENTRO_CULTURAL_3634","id_sic":"3634","tipo_cultural":"CENTRO_CULTURAL","nombre":"PILARES Tres Estrellas","fecha_fundacion":"2021-11-17","adscripcion_original":"Secretaría de Cultura de la Ciudad de México","tipo_gestion":"PUBLICO","criterio_clasificacion":"EVIDENCIA_INSTITUCIONAL_PUBLICA","fuente_revision_gestion":"","nota_revision_gestion":"","estado_id":"9","entidad":"Ciudad de México","municipio_id":"5","municipio":"Gustavo A. Madero","localidad_id":"1","localidad":"Gustavo A. Madero","calle_numero":"Av. Tesoro","colonia":"Col. 3 Estrellas","cp":"7820.0","telefono":"55 5134 0770 ext 1806","pagina_web":"https://pilares.cdmx.gob.mx/","email":"coord_comunicacion@pilares.cdmx.gob.mx","facebook":"","twitter":"","instagram":"","aforo":"","tipo_escenario":"","num_pantallas":"","link_sic":"http://sic.gob.mx/ficha.php?table=centro_cultural&table_id=3634","fecha_modificacion":"2025-06-06 16:00:23-06","es_pilares":"SI","dataset_relacionado":"PILARES","revision_manual":"NO","motivo_revision":"","fuente":"Sistema de Información Cultural (SIC)"}},{"type":"Feature","geometry":{"type":"Point","coordinates":[-99.12402,19.47706]},"properties":{"id_cultural":"CENTRO_CULTURAL_3746","id_sic":"3746","tipo_cultural":"CENTRO_CULTURAL","nombre":"PILARES Ramón Corona","fecha_fundacion":"1000-01-01","adscripcion_original":"Secretaría de Cultura de la Ciudad de México","tipo_gestion":"PUBLICO","criterio_clasificacion":"EVIDENCIA_INSTITUCIONAL_PUBLICA","fuente_revision_gestion":"","nota_revision_gestion":"","estado_id":"9","entidad":"Ciudad de México","municipio_id":"5","municipio":"Gustavo A. Madero","localidad_id":"1","localidad":"Gustavo A. Madero","calle_numero":"La Esperanza s/n","colonia":"Col. Industrial","cp":"7800.0","telefono":"55 5134 0770 ext 1806","pagina_web":"https://pilares.cdmx.gob.mx/","email":"coord_comunicacion@pilares.cdmx.gob.mx","facebook":"","twitter":"","instagram":"","aforo":"","tipo_escenario":"","num_pantallas":"","link_sic":"http://sic.gob.mx/ficha.php?table=centro_cultural&table_id=3746","fecha_modificacion":"2024-06-11 09:19:28-06","es_pilares":"SI","dataset_relacionado":"PILARES","revision_manual":"NO","motivo_revision":"","fuente":"Sistema de Información Cultural (SIC)"}},{"type":"Feature","geometry":{"type":"Point","coordinates":[-99.10051,19.45529]},"properties":{"id_cultural":"CENTRO_CULTURAL_3469","id_sic":"3469","tipo_cultural":"CENTRO_CULTURAL","nombre":"PILARES Benita Galeana","fecha_fundacion":"1000-01-01","adscripcion_original":"Secretaría de Cultura de la Ciudad de México","tipo_gestion":"PUBLICO","criterio_clasificacion":"EVIDENCIA_INSTITUCIONAL_PUBLICA","fuente_revision_gestion":"","nota_revision_gestion":"","estado_id":"9","entidad":"Ciudad de México","municipio_id":"5","municipio":"Gustavo A. Madero","localidad_id":"1","localidad":"Gustavo A. Madero","calle_numero":"Av. Canal del Desagüe","colonia":"Col. Nueva Tenochtitlan","cp":"7890.0","telefono":"55 5134 0770 ext 1806","pagina_web":"https://pilares.cdmx.gob.mx/","email":"coord_comunicacion@pilares.cdmx.gob.mx","facebook":"","twitter":"","instagram":"","aforo":"","tipo_escenario":"","num_pantallas":"","link_sic":"http://sic.gob.mx/ficha.php?table=centro_cultural&table_id=3469","fecha_modificacion":"2024-06-11 11:44:10-06","es_pilares":"SI","dataset_relacionado":"PILARES","revision_manual":"NO","motivo_revision":"","fuente":"Sistema de Información Cultural (SIC)"}},{"type":"Feature","geometry":{"type":"Point","coordinates":[-99.05823,19.46283]},"properties":{"id_cultural":"CENTRO_CULTURAL_3674","id_sic":"3674","tipo_cultural":"CENTRO_CULTURAL","nombre":"PILARES Villa de Aragón","fecha_fundacion":"2022-01-15","adscripcion_original":"Secretaría de Cultura de la Ciudad de México","tipo_gestion":"PUBLICO","criterio_clasificacion":"EVIDENCIA_INSTITUCIONAL_PUBLICA","fuente_revision_gestion":"","nota_revision_gestion":"","estado_id":"9","entidad":"Ciudad de México","municipio_id":"5","municipio":"Gustavo A. Madero","localidad_id":"1","localidad":"Gustavo A. Madero","calle_numero":"Av. Carlos Hank González","colonia":"Col. Villa de Aragón","cp":"7570.0","telefono":"55 5134 0770 ext 1806","pagina_web":"https://pilares.cdmx.gob.mx/","email":"coord_comunicacion@pilares.cdmx.gob.mx","facebook":"","twitter":"","instagram":"","aforo":"","tipo_escenario":"","num_pantallas":"","link_sic":"http://sic.gob.mx/ficha.php?table=centro_cultural&table_id=3674","fecha_modificacion":"2025-09-02 18:20:12-06","es_pilares":"SI","dataset_relacionado":"PILARES","revision_manual":"NO","motivo_revision":"","fuente":"Sistema de Información Cultural (SIC)"}},{"type":"Feature","geometry":{"type":"Point","coordinates":[-99.07764,19.46336]},"properties":{"id_cultural":"CENTRO_CULTURAL_3661","id_sic":"3661","tipo_cultural":"CENTRO_CULTURAL","nombre":"PILARES Bosque de Aragón","fecha_fundacion":"1000-01-01","adscripcion_original":"Secretaría de Cultura de la Ciudad de México","tipo_gestion":"PUBLICO","criterio_clasificacion":"EVIDENCIA_INSTITUCIONAL_PUBLICA","fuente_revision_gestion":"","nota_revision_gestion":"","estado_id":"9","entidad":"Ciudad de México","municipio_id":"5","municipio":"Gustavo A. Madero","localidad_id":"1","localidad":"Gustavo A. Madero","calle_numero":"Int. Bosque de Aragón, Av. 510","colonia":"Pueblo de San Juan de Aragón","cp":"7920.0","telefono":"55 5134 0770 ext 1806","pagina_web":"https://pilares.cdmx.gob.mx/","email":"coord_comunicacion@pilares.cdmx.gob.mx","facebook":"","twitter":"","instagram":"","aforo":"","tipo_escenario":"","num_pantallas":"","link_sic":"http://sic.gob.mx/ficha.php?table=centro_cultural&table_id=3661","fecha_modificacion":"2024-06-10 11:16:38-06","es_pilares":"SI","dataset_relacionado":"PILARES","revision_manual":"NO","motivo_revision":"","fuente":"Sistema de Información Cultural (SIC)"}},{"type":"Feature","geometry":{"type":"Point","coordinates":[-99.13248,19.52263]},"properties":{"id_cultural":"CENTRO_CULTURAL_3726","id_sic":"3726","tipo_cultural":"CENTRO_CULTURAL","nombre":"PILARES Candelaria Ticomán","fecha_fundacion":"1000-01-01","adscripcion_original":"Secretaría de Cultura de la Ciudad de México","tipo_gestion":"PUBLICO","criterio_clasificacion":"EVIDENCIA_INSTITUCIONAL_PUBLICA","fuente_revision_gestion":"","nota_revision_gestion":"","estado_id":"9","entidad":"Ciudad de México","municipio_id":"5","municipio":"Gustavo A. Madero","localidad_id":"1","localidad":"Gustavo A. Madero","calle_numero":"Inspectores de la Luz 7","colonia":"Col. Candelaria Ticomán","cp":"7310.0","telefono":"55 5134 0770 ext 1806","pagina_web":"https://pilares.cdmx.gob.mx/","email":"coord_comunicacion@pilares.cdmx.gob.mx","facebook":"","twitter":"","instagram":"","aforo":"","tipo_escenario":"","num_pantallas":"","link_sic":"http://sic.gob.mx/ficha.php?table=centro_cultural&table_id=3726","fecha_modificacion":"2024-06-11 07:49:42-06","es_pilares":"SI","dataset_relacionado":"PILARES","revision_manual":"NO","motivo_revision":"","fuente":"Sistema de Información Cultural (SIC)"}},{"type":"Feature","geometry":{"type":"Point","coordinates":[-99.14195,19.52141]},"properties":{"id_cultural":"CENTRO_CULTURAL_3573","id_sic":"3573","tipo_cultural":"CENTRO_CULTURAL","nombre":"PILARES Puerto Mazatlán","fecha_fundacion":"1000-01-01","adscripcion_original":"Gobierno de la Ciudad de México","tipo_gestion":"PUBLICO","criterio_clasificacion":"EVIDENCIA_INSTITUCIONAL_PUBLICA","fuente_revision_gestion":"","nota_revision_gestion":"","estado_id":"9","entidad":"Ciudad de México","municipio_id":"5","municipio":"Gustavo A. Madero","localidad_id":"1","localidad":"Gustavo A. Madero","calle_numero":"Av. Ticoman y Av. Cuautepec s/n","colonia":"Jorge Negrete","cp":"7310.0","telefono":"55 5134 0770 ext 1806","pagina_web":"https://pilares.cdmx.gob.mx/","email":"coord_comunicacion@pilares.cdmx.gob.mx","facebook":"","twitter":"","instagram":"","aforo":"","tipo_escenario":"","num_pantallas":"","link_sic":"http://sic.gob.mx/ficha.php?table=centro_cultural&table_id=3573","fecha_modificacion":"2024-06-10 09:38:45-06","es_pilares":"SI","dataset_relacionado":"PILARES","revision_manual":"NO","motivo_revision":"","fuente":"Sistema de Información Cultural (SIC)"}},{"type":"Feature","geometry":{"type":"Point","coordinates":[-99.07427,19.50088]},"properties":{"id_cultural":"CENTRO_CULTURAL_3598","id_sic":"3598","tipo_cultural":"CENTRO_CULTURAL","nombre":"PILARES San Felipe de Jesús","fecha_fundacion":"2021-01-01","adscripcion_original":"Gobierno de la Ciudad de México","tipo_gestion":"PUBLICO","criterio_clasificacion":"EVIDENCIA_INSTITUCIONAL_PUBLICA","fuente_revision_gestion":"","nota_revision_gestion":"","estado_id":"9","entidad":"Ciudad de México","municipio_id":"5","municipio":"Gustavo A. Madero","localidad_id":"1","localidad":"Gustavo A. Madero","calle_numero":"Av. León de los Aldamas s/n","colonia":"San Felipe de Jesús","cp":"7510.0","telefono":"55 5134 0770 ext 1806","pagina_web":"https://pilares.cdmx.gob.mx/","email":"coord_comunicacion@pilares.cdmx.gob.mx","facebook":"","twitter":"","instagram":"","aforo":"","tipo_escenario":"","num_pantallas":"","link_sic":"http://sic.gob.mx/ficha.php?table=centro_cultural&table_id=3598","fecha_modificacion":"2025-07-22 19:25:02-06","es_pilares":"SI","dataset_relacionado":"PILARES","revision_manual":"NO","motivo_revision":"","fuente":"Sistema de Información Cultural (SIC)"}},{"type":"Feature","geometry":{"type":"Point","coordinates":[-99.14198,19.54092]},"properties":{"id_cultural":"CENTRO_CULTURAL_3629","id_sic":"3629","tipo_cultural":"CENTRO_CULTURAL","nombre":"PILARES Revolución","fecha_fundacion":"1000-01-01","adscripcion_original":"Secretaría de Cultura de la Ciudad de México","tipo_gestion":"PUBLICO","criterio_clasificacion":"EVIDENCIA_INSTITUCIONAL_PUBLICA","fuente_revision_gestion":"","nota_revision_gestion":"","estado_id":"9","entidad":"Ciudad de México","municipio_id":"5","municipio":"Gustavo A. Madero","localidad_id":"1","localidad":"Gustavo A. Madero","calle_numero":"Río Rivera s/n","colonia":"Col. Zona Escolar Oriente","cp":"7239.0","telefono":"55 5134 0770 ext 1806","pagina_web":"https://pilares.cdmx.gob.mx/","email":"coord_comunicacion@pilares.cdmx.gob.mx","facebook":"","twitter":"","instagram":"","aforo":"","tipo_escenario":"","num_pantallas":"","link_sic":"http://sic.gob.mx/ficha.php?table=centro_cultural&table_id=3629","fecha_modificacion":"2024-06-11 11:58:23-06","es_pilares":"SI","dataset_relacionado":"PILARES","revision_manual":"NO","motivo_revision":"","fuente":"Sistema de Información Cultural (SIC)"}},{"type":"Feature","geometry":{"type":"Point","coordinates":[-99.07514,19.47136]},"properties":{"id_cultural":"CENTRO_CULTURAL_3631","id_sic":"3631","tipo_cultural":"CENTRO_CULTURAL","nombre":"PILARES Aragón VII","fecha_fundacion":"1000-01-01","adscripcion_original":"Secretaría de Cultura de la Ciudad de México","tipo_gestion":"PUBLICO","criterio_clasificacion":"EVIDENCIA_INSTITUCIONAL_PUBLICA","fuente_revision_gestion":"","nota_revision_gestion":"","estado_id":"9","entidad":"Ciudad de México","municipio_id":"5","municipio":"Gustavo A. Madero","localidad_id":"1","localidad":"Gustavo A. Madero","calle_numero":"Av. 414 s/n","colonia":"Col. San Juan de Aragón VII Secc.","cp":"7910.0","telefono":"55 5134 0770 ext 1806","pagina_web":"https://pilares.cdmx.gob.mx/","email":"coord_comunicacion@pilares.cdmx.gob.mx","facebook":"","twitter":"","instagram":"","aforo":"","tipo_escenario":"","num_pantallas":"","link_sic":"http://sic.gob.mx/ficha.php?table=centro_cultural&table_id=3631","fecha_modificacion":"2024-06-10 12:15:01-06","es_pilares":"SI","dataset_relacionado":"PILARES","revision_manual":"NO","motivo_revision":"","fuente":"Sistema de Información Cultural (SIC)"}},{"type":"Feature","geometry":{"type":"Point","coordinates":[-99.09387,19.38678]},"properties":{"id_cultural":"CENTRO_CULTURAL_3408","id_sic":"3408","tipo_cultural":"CENTRO_CULTURAL","nombre":"Centro Cultural de las Artes de Iztacalco","fecha_fundacion":"2019-05-31","adscripcion_original":"Alcaldía Iztacalco","tipo_gestion":"PUBLICO","criterio_clasificacion":"EVIDENCIA_INSTITUCIONAL_PUBLICA","fuente_revision_gestion":"","nota_revision_gestion":"","estado_id":"9","entidad":"Ciudad de México","municipio_id":"6","municipio":"Iztacalco","localidad_id":"1","localidad":"Iztacalco","calle_numero":"Ote. 120","colonia":"Col. Cuchilla Ramos Millán","cp":"8020.0","telefono":"55 5700 3464","pagina_web":"http://www.iztacalco.cdmx.gob.mx/inicio/index.php/notasportada/cultura","email":"centroculturalartesiz@gmail.com","facebook":"","twitter":"","instagram":"","aforo":"","tipo_escenario":"","num_pantallas":"","link_sic":"http://sic.gob.mx/ficha.php?table=centro_cultural&table_id=3408","fecha_modificacion":"2026-03-05 14:51:16-06","es_pilares":"NO","dataset_relacionado":"","revision_manual":"NO","motivo_revision":"","fuente":"Sistema de Información Cultural (SIC)"}},{"type":"Feature","geometry":{"type":"Point","coordinates":[-99.09174,19.38794]},"properties":{"id_cultural":"CENTRO_CULTURAL_3512","id_sic":"3512","tipo_cultural":"CENTRO_CULTURAL","nombre":"PILARES La Fortaleza","fecha_fundacion":"2019-08-13","adscripcion_original":"Gobierno de la Ciudad de México","tipo_gestion":"PUBLICO","criterio_clasificacion":"EVIDENCIA_INSTITUCIONAL_PUBLICA","fuente_revision_gestion":"","nota_revision_gestion":"","estado_id":"9","entidad":"Ciudad de México","municipio_id":"6","municipio":"Iztacalco","localidad_id":"1","localidad":"Iztacalco","calle_numero":"Oriente 116","colonia":"Col. Gabriel Ramos Millán secc. Cuchilla","cp":"8030.0","telefono":"55 5134 0770 ext 1806","pagina_web":"https://pilares.cdmx.gob.mx/","email":"coord_comunicacion@pilares.cdmx.gob.mx","facebook":"","twitter":"","instagram":"","aforo":"","tipo_escenario":"","num_pantallas":"","link_sic":"http://sic.gob.mx/ficha.php?table=centro_cultural&table_id=3512","fecha_modificacion":"2024-06-19 10:32:32-06","es_pilares":"SI","dataset_relacionado":"PILARES","revision_manual":"NO","motivo_revision":"","fuente":"Sistema de Información Cultural (SIC)"}},{"type":"Feature","geometry":{"type":"Point","coordinates":[-99.12579,19.37938]},"properties":{"id_cultural":"CENTRO_CULTURAL_1053","id_sic":"1053","tipo_cultural":"CENTRO_CULTURAL","nombre":"Casa de Cultura Flamingos","fecha_fundacion":"2003-03-07","adscripcion_original":"Alcaldía Iztacalco","tipo_gestion":"PUBLICO","criterio_clasificacion":"EVIDENCIA_INSTITUCIONAL_PUBLICA","fuente_revision_gestion":"","nota_revision_gestion":"","estado_id":"9","entidad":"Ciudad de México","municipio_id":"6","municipio":"Iztacalco","localidad_id":"1","localidad":"Iztacalco","calle_numero":"And. Sur 7 s/n esq. Playa Flamingos","colonia":"Col. Militar Marte","cp":"8830.0","telefono":"55 5633 4029","pagina_web":"","email":"flamingos1821@hotmail.com","facebook":"","twitter":"","instagram":"","aforo":"","tipo_escenario":"","num_pantallas":"","link_sic":"http://sic.gob.mx/ficha.php?table=centro_cultural&table_id=1053","fecha_modificacion":"2026-03-05 14:55:34-06","es_pilares":"NO","dataset_relacionado":"","revision_manual":"NO","motivo_revision":"","fuente":"Sistema de Información Cultural (SIC)"}},{"type":"Feature","geometry":{"type":"Point","coordinates":[-99.13418,19.39909]},"properties":{"id_cultural":"CENTRO_CULTURAL_3300","id_sic":"3300","tipo_cultural":"CENTRO_CULTURAL","nombre":"Centro Cultural Foro la Cura","fecha_fundacion":"2013-01-01","adscripcion_original":"","tipo_gestion":"NO_DETERMINADO","criterio_clasificacion":"SIN_ADSCRIPCION","fuente_revision_gestion":"","nota_revision_gestion":"","estado_id":"9","entidad":"Ciudad de México","municipio_id":"6","municipio":"Iztacalco","localidad_id":"1","localidad":"Iztacalco","calle_numero":"Marcos Carrillo 356","colonia":"Col. Viaducto Piedad","cp":"8200.0","telefono":"55 4495 6332","pagina_web":"","email":"forolacuraproducciones@gmail.com","facebook":"","twitter":"","instagram":"","aforo":"","tipo_escenario":"","num_pantallas":"","link_sic":"http://sic.gob.mx/ficha.php?table=centro_cultural&table_id=3300","fecha_modificacion":"2025-06-25 17:23:44-06","es_pilares":"NO","dataset_relacionado":"","revision_manual":"SI","motivo_revision":"No existe adscripción disponible para determinar el tipo de gestión.","fuente":"Sistema de Información Cultural (SIC)"}},{"type":"Feature","geometry":{"type":"Point","coordinates":[-99.11402,19.39822]},"properties":{"id_cultural":"CENTRO_CULTURAL_3587","id_sic":"3587","tipo_cultural":"CENTRO_CULTURAL","nombre":"PILARES Mártires del 10 de Junio","fecha_fundacion":"2024-06-10","adscripcion_original":"Gobierno de la Ciudad de México","tipo_gestion":"PUBLICO","criterio_clasificacion":"EVIDENCIA_INSTITUCIONAL_PUBLICA","fuente_revision_gestion":"","nota_revision_gestion":"","estado_id":"9","entidad":"Ciudad de México","municipio_id":"6","municipio":"Iztacalco","localidad_id":"1","localidad":"Iztacalco","calle_numero":"Av. Plutarco Elias Calles esq. Av. Coyuya","colonia":"Granjas México","cp":"8620.0","telefono":"55 5134 0770 ext 1806","pagina_web":"https://pilares.cdmx.gob.mx/","email":"coord_comunicacion@pilares.cdmx.gob.mx","facebook":"","twitter":"","instagram":"","aforo":"","tipo_escenario":"","num_pantallas":"","link_sic":"http://sic.gob.mx/ficha.php?table=centro_cultural&table_id=3587","fecha_modificacion":"2025-12-16 17:29:30-06","es_pilares":"SI","dataset_relacionado":"PILARES","revision_manual":"NO","motivo_revision":"","fuente":"Sistema de Información Cultural (SIC)"}},{"type":"Feature","geometry":{"type":"Point","coordinates":[-99.06519,19.38499]},"properties":{"id_cultural":"CENTRO_CULTURAL_3675","id_sic":"3675","tipo_cultural":"CENTRO_CULTURAL","nombre":"PILARES Agrícola Oriental","fecha_fundacion":"2022-06-24","adscripcion_original":"Gobierno de la Ciudad de México","tipo_gestion":"PUBLICO","criterio_clasificacion":"EVIDENCIA_INSTITUCIONAL_PUBLICA","fuente_revision_gestion":"","nota_revision_gestion":"","estado_id":"9","entidad":"Ciudad de México","municipio_id":"6","municipio":"Iztacalco","localidad_id":"1","localidad":"Iztacalco","calle_numero":"Sur 28 s/n entre oriente 255 y oriente 259","colonia":"Col. Agrícola Oriental","cp":"8500.0","telefono":"55 5134 0770 ext 1806","pagina_web":"https://pilares.cdmx.gob.mx/","email":"coord_comunicacion@pilares.cdmx.gob.mx","facebook":"","twitter":"","instagram":"","aforo":"","tipo_escenario":"","num_pantallas":"","link_sic":"http://sic.gob.mx/ficha.php?table=centro_cultural&table_id=3675","fecha_modificacion":"2024-06-11 13:58:21-06","es_pilares":"SI","dataset_relacionado":"PILARES","revision_manual":"NO","motivo_revision":"","fuente":"Sistema de Información Cultural (SIC)"}},{"type":"Feature","geometry":{"type":"Point","coordinates":[-99.08165,19.39328]},"properties":{"id_cultural":"CENTRO_CULTURAL_1081","id_sic":"1081","tipo_cultural":"CENTRO_CULTURAL","nombre":"Casa de Cultura Sur 20","fecha_fundacion":"1000-01-01","adscripcion_original":"Alcaldía Iztacalco","tipo_gestion":"PUBLICO","criterio_clasificacion":"EVIDENCIA_INSTITUCIONAL_PUBLICA","fuente_revision_gestion":"","nota_revision_gestion":"","estado_id":"9","entidad":"Ciudad de México","municipio_id":"6","municipio":"Iztacalco","localidad_id":"1","localidad":"Iztacalco","calle_numero":"Oriente 229 s/n esq. Av. Sur 20","colonia":"Col. Agrícola Oriental","cp":"8500.0","telefono":"55 5803 0000, 5654 3133","pagina_web":"","email":"","facebook":"","twitter":"","instagram":"","aforo":"","tipo_escenario":"","num_pantallas":"","link_sic":"http://sic.gob.mx/ficha.php?table=centro_cultural&table_id=1081","fecha_modificacion":"2026-03-05 14:52:08-06","es_pilares":"NO","dataset_relacionado":"","revision_manual":"NO","motivo_revision":"","fuente":"Sistema de Información Cultural (SIC)"}},{"type":"Feature","geometry":{"type":"Point","coordinates":[-99.11238,19.38834]},"properties":{"id_cultural":"CENTRO_CULTURAL_3599","id_sic":"3599","tipo_cultural":"CENTRO_CULTURAL","nombre":"PILARES Tezontle","fecha_fundacion":"1000-01-01","adscripcion_original":"Secretaría de Cultura de la Ciudad de México","tipo_gestion":"PUBLICO","criterio_clasificacion":"EVIDENCIA_INSTITUCIONAL_PUBLICA","fuente_revision_gestion":"","nota_revision_gestion":"","estado_id":"9","entidad":"Ciudad de México","municipio_id":"6","municipio":"Iztacalco","localidad_id":"1","localidad":"Iztacalco","calle_numero":"Av. Canal Tezontle y Eje 3 Oriente","colonia":"Col. Picos Iztacalco 1b","cp":"8930.0","telefono":"55 5134 0770 ext 1806","pagina_web":"https://pilares.cdmx.gob.mx/","email":"coord_comunicacion@pilares.cdmx.gob.mx","facebook":"","twitter":"","instagram":"","aforo":"","tipo_escenario":"","num_pantallas":"","link_sic":"http://sic.gob.mx/ficha.php?table=centro_cultural&table_id=3599","fecha_modificacion":"2024-06-11 11:21:03-06","es_pilares":"SI","dataset_relacionado":"PILARES","revision_manual":"NO","motivo_revision":"","fuente":"Sistema de Información Cultural (SIC)"}},{"type":"Feature","geometry":{"type":"Point","coordinates":[-99.13046,19.38625]},"properties":{"id_cultural":"CENTRO_CULTURAL_3584","id_sic":"3584","tipo_cultural":"CENTRO_CULTURAL","nombre":"PILARES Iztaccíhatl","fecha_fundacion":"2022-01-01","adscripcion_original":"Secretaría de Cultura de la Ciudad de México","tipo_gestion":"PUBLICO","criterio_clasificacion":"EVIDENCIA_INSTITUCIONAL_PUBLICA","fuente_revision_gestion":"","nota_revision_gestion":"","estado_id":"9","entidad":"Ciudad de México","municipio_id":"6","municipio":"Iztacalco","localidad_id":"1","localidad":"Iztacalco","calle_numero":"Playa Erizo y Playa Azul","colonia":"Col . Reforma Iztaccihuatl Nte.","cp":"8810.0","telefono":"55 5134 0770 ext 1806","pagina_web":"https://pilares.cdmx.gob.mx/","email":"coord_comunicacion@pilares.cdmx.gob.mx","facebook":"","twitter":"","instagram":"","aforo":"","tipo_escenario":"","num_pantallas":"","link_sic":"http://sic.gob.mx/ficha.php?table=centro_cultural&table_id=3584","fecha_modificacion":"2025-08-25 16:58:39-06","es_pilares":"SI","dataset_relacionado":"PILARES","revision_manual":"NO","motivo_revision":"","fuente":"Sistema de Información Cultural (SIC)"}},{"type":"Feature","geometry":{"type":"Point","coordinates":[-99.06827,19.4152]},"properties":{"id_cultural":"CENTRO_CULTURAL_3472","id_sic":"3472","tipo_cultural":"CENTRO_CULTURAL","nombre":"PILARES Agrícola Pantitlán","fecha_fundacion":"2019-01-01","adscripcion_original":"Gobierno de la Ciudad de México","tipo_gestion":"PUBLICO","criterio_clasificacion":"EVIDENCIA_INSTITUCIONAL_PUBLICA","fuente_revision_gestion":"","nota_revision_gestion":"","estado_id":"9","entidad":"Ciudad de México","municipio_id":"6","municipio":"Iztacalco","localidad_id":"1","localidad":"Iztacalco","calle_numero":"Calle 1 s/n esq. Av. Guadalupe","colonia":"Col. Agrícola Pantitlán","cp":"8100.0","telefono":"55 5134 0770 ext 1806","pagina_web":"https://pilares.cdmx.gob.mx/","email":"coord_comunicacion@pilares.cdmx.gob.mx","facebook":"","twitter":"","instagram":"","aforo":"","tipo_escenario":"","num_pantallas":"","link_sic":"http://sic.gob.mx/ficha.php?table=centro_cultural&table_id=3472","fecha_modificacion":"2025-09-24 19:23:55-06","es_pilares":"SI","dataset_relacionado":"PILARES","revision_manual":"NO","motivo_revision":"","fuente":"Sistema de Información Cultural (SIC)"}},{"type":"Feature","geometry":{"type":"Point","coordinates":[-99.12155,19.4038]},"properties":{"id_cultural":"CENTRO_CULTURAL_3647","id_sic":"3647","tipo_cultural":"CENTRO_CULTURAL","nombre":"PILARES Santa Anita","fecha_fundacion":"1000-01-01","adscripcion_original":"Gobierno de la Ciudad de México","tipo_gestion":"PUBLICO","criterio_clasificacion":"EVIDENCIA_INSTITUCIONAL_PUBLICA","fuente_revision_gestion":"","nota_revision_gestion":"","estado_id":"9","entidad":"Ciudad de México","municipio_id":"6","municipio":"Iztacalco","localidad_id":"1","localidad":"Iztacalco","calle_numero":"H. Congreso de la Unión","colonia":"Col. Santa Anita","cp":"8300.0","telefono":"55 5134 0770 ext 1806","pagina_web":"https://pilares.cdmx.gob.mx/","email":"coord_comunicacion@pilares.cdmx.gob.mx","facebook":"","twitter":"","instagram":"","aforo":"","tipo_escenario":"","num_pantallas":"","link_sic":"http://sic.gob.mx/ficha.php?table=centro_cultural&table_id=3647","fecha_modificacion":"2024-07-01 13:58:30-06","es_pilares":"SI","dataset_relacionado":"PILARES","revision_manual":"NO","motivo_revision":"","fuente":"Sistema de Información Cultural (SIC)"}},{"type":"Feature","geometry":{"type":"Point","coordinates":[-99.12124,19.3904]},"properties":{"id_cultural":"CENTRO_CULTURAL_1509","id_sic":"1509","tipo_cultural":"CENTRO_CULTURAL","nombre":"Casa de Cultura Siete Barrios","fecha_fundacion":"1974-10-30","adscripcion_original":"Alcaldía Iztacalco","tipo_gestion":"PUBLICO","criterio_clasificacion":"EVIDENCIA_INSTITUCIONAL_PUBLICA","fuente_revision_gestion":"","nota_revision_gestion":"","estado_id":"9","entidad":"Ciudad de México","municipio_id":"6","municipio":"Iztacalco","localidad_id":"1","localidad":"Iztacalco","calle_numero":"San Miguel s/n esq. Juárez","colonia":"Barrio la Asunción","cp":"8600.0","telefono":"55 5634 7396","pagina_web":"","email":"salvil77@hotmail.com","facebook":"","twitter":"","instagram":"","aforo":"","tipo_escenario":"","num_pantallas":"","link_sic":"http://sic.gob.mx/ficha.php?table=centro_cultural&table_id=1509","fecha_modificacion":"2026-03-05 14:53:10-06","es_pilares":"NO","dataset_relacionado":"","revision_manual":"NO","motivo_revision":"","fuente":"Sistema de Información Cultural (SIC)"}},{"type":"Feature","geometry":{"type":"Point","coordinates":[-99.13048,19.38601]},"properties":{"id_cultural":"CENTRO_CULTURAL_1086","id_sic":"1086","tipo_cultural":"CENTRO_CULTURAL","nombre":"Casa de Cultura Mariano Matamoros","fecha_fundacion":"1996-03-21","adscripcion_original":"Alcaldía Iztacalco","tipo_gestion":"PUBLICO","criterio_clasificacion":"EVIDENCIA_INSTITUCIONAL_PUBLICA","fuente_revision_gestion":"","nota_revision_gestion":"","estado_id":"9","entidad":"Ciudad de México","municipio_id":"6","municipio":"Iztacalco","localidad_id":"1","localidad":"Iztacalco","calle_numero":"Playa Erizo s/n esq. Playa Caleta  (parque de los patos)","colonia":"Col. Reforma Iztaccíhuatl Norte","cp":"8840.0","telefono":"55 5657 9482","pagina_web":"","email":"eliza091072@yahoo.com","facebook":"","twitter":"","instagram":"","aforo":"","tipo_escenario":"","num_pantallas":"","link_sic":"http://sic.gob.mx/ficha.php?table=centro_cultural&table_id=1086","fecha_modificacion":"2026-03-05 14:54:14-06","es_pilares":"NO","dataset_relacionado":"","revision_manual":"NO","motivo_revision":"","fuente":"Sistema de Información Cultural (SIC)"}},{"type":"Feature","geometry":{"type":"Point","coordinates":[-99.07087,19.40473]},"properties":{"id_cultural":"CENTRO_CULTURAL_3521","id_sic":"3521","tipo_cultural":"CENTRO_CULTURAL","nombre":"PILARES Rojo Gómez","fecha_fundacion":"1000-01-01","adscripcion_original":"Secretaría de Cultura de la Ciudad de México","tipo_gestion":"PUBLICO","criterio_clasificacion":"EVIDENCIA_INSTITUCIONAL_PUBLICA","fuente_revision_gestion":"","nota_revision_gestion":"","estado_id":"9","entidad":"Ciudad de México","municipio_id":"6","municipio":"Iztacalco","localidad_id":"1","localidad":"Iztacalco","calle_numero":"Eje 5 Ote. Javier Rojo Gómez 33 esq. Calz. Ignacio Zaragoza","colonia":"Col. Agricola Oriental","cp":"8500.0","telefono":"55 5134 0770 ext 1806","pagina_web":"https://pilares.cdmx.gob.mx/","email":"coord_comunicacion@pilares.cdmx.gob.mx","facebook":"","twitter":"","instagram":"","aforo":"","tipo_escenario":"","num_pantallas":"","link_sic":"http://sic.gob.mx/ficha.php?table=centro_cultural&table_id=3521","fecha_modificacion":"2024-06-07 10:34:22-06","es_pilares":"SI","dataset_relacionado":"PILARES","revision_manual":"NO","motivo_revision":"","fuente":"Sistema de Información Cultural (SIC)"}},{"type":"Feature","geometry":{"type":"Point","coordinates":[-99.10989,19.39739]},"properties":{"id_cultural":"CENTRO_CULTURAL_1080","id_sic":"1080","tipo_cultural":"CENTRO_CULTURAL","nombre":"Casa de la Cultura Las Jarillas","fecha_fundacion":"2002-04-22","adscripcion_original":"Casa de la Cultura Las Jarillas, S.C. de R.L. de C.V.","tipo_gestion":"PRIVADO","criterio_clasificacion":"EVIDENCIA_INSTITUCIONAL_PRIVADA","fuente_revision_gestion":"","nota_revision_gestion":"","estado_id":"9","entidad":"Ciudad de México","municipio_id":"6","municipio":"Iztacalco","localidad_id":"1","localidad":"Iztacalco","calle_numero":"Lateral de Plutarco Elías Calles s/n esq. Sur 109","colonia":"Col. Gabriel Ramos Millán","cp":"8720.0","telefono":"55 1487 8782","pagina_web":"","email":"miguelitos2526@gmail.com; miguelitos2526@hotmail.com","facebook":"","twitter":"","instagram":"","aforo":"","tipo_escenario":"","num_pantallas":"","link_sic":"http://sic.gob.mx/ficha.php?table=centro_cultural&table_id=1080","fecha_modificacion":"2023-09-07 07:49:05-06","es_pilares":"NO","dataset_relacionado":"","revision_manual":"NO","motivo_revision":"","fuente":"Sistema de Información Cultural (SIC)"}},{"type":"Feature","geometry":{"type":"Point","coordinates":[-99.12122,19.39048]},"properties":{"id_cultural":"CENTRO_CULTURAL_3471","id_sic":"3471","tipo_cultural":"CENTRO_CULTURAL","nombre":"PILARES José Marti","fecha_fundacion":"2019-02-22","adscripcion_original":"Secretaría de Cultura de la Ciudad de México","tipo_gestion":"PUBLICO","criterio_clasificacion":"EVIDENCIA_INSTITUCIONAL_PUBLICA","fuente_revision_gestion":"","nota_revision_gestion":"","estado_id":"9","entidad":"Ciudad de México","municipio_id":"6","municipio":"Iztacalco","localidad_id":"1","localidad":"Iztacalco","calle_numero":"Juárez 2","colonia":"Col. La Asunción","cp":"8600.0","telefono":"55 5134 0770 ext 1806","pagina_web":"https://pilares.cdmx.gob.mx/","email":"coord_comunicacion@pilares.cdmx.gob.mx","facebook":"","twitter":"","instagram":"","aforo":"","tipo_escenario":"","num_pantallas":"","link_sic":"http://sic.gob.mx/ficha.php?table=centro_cultural&table_id=3471","fecha_modificacion":"2025-10-22 16:40:54-06","es_pilares":"SI","dataset_relacionado":"PILARES","revision_manual":"NO","motivo_revision":"","fuente":"Sistema de Información Cultural (SIC)"}},{"type":"Feature","geometry":{"type":"Point","coordinates":[-99.10284,19.38782]},"properties":{"id_cultural":"CENTRO_CULTURAL_1511","id_sic":"1511","tipo_cultural":"CENTRO_CULTURAL","nombre":"Casa de Cultura Inpi Picos (Las Abejas)","fecha_fundacion":"2002-10-05","adscripcion_original":"Alcaldía Iztacalco","tipo_gestion":"PUBLICO","criterio_clasificacion":"EVIDENCIA_INSTITUCIONAL_PUBLICA","fuente_revision_gestion":"","nota_revision_gestion":"","estado_id":"9","entidad":"Ciudad de México","municipio_id":"6","municipio":"Iztacalco","localidad_id":"1","localidad":"Iztacalco","calle_numero":"Federico G. Bating s/n","colonia":"Col. Inpi Picos","cp":"8770.0","telefono":"55 5648 4678","pagina_web":"","email":"","facebook":"","twitter":"","instagram":"","aforo":"","tipo_escenario":"","num_pantallas":"","link_sic":"http://sic.gob.mx/ficha.php?table=centro_cultural&table_id=1511","fecha_modificacion":"2026-03-05 14:54:47-06","es_pilares":"NO","dataset_relacionado":"","revision_manual":"NO","motivo_revision":"","fuente":"Sistema de Información Cultural (SIC)"}},{"type":"Feature","geometry":{"type":"Point","coordinates":[-99.09722,19.39572]},"properties":{"id_cultural":"CENTRO_CULTURAL_1513","id_sic":"1513","tipo_cultural":"CENTRO_CULTURAL","nombre":"Casa de Cultura Benito Juárez","fecha_fundacion":"2000-02-24","adscripcion_original":"Alcaldía Iztacalco","tipo_gestion":"PUBLICO","criterio_clasificacion":"EVIDENCIA_INSTITUCIONAL_PUBLICA","fuente_revision_gestion":"","nota_revision_gestion":"","estado_id":"9","entidad":"Ciudad de México","municipio_id":"6","municipio":"Iztacalco","localidad_id":"1","localidad":"Iztacalco","calle_numero":"Av. Té s/n, Plaza Benito Juárez","colonia":"Col. Gabriel Ramos Millán","cp":"8000.0","telefono":"55 5654 3333","pagina_web":"","email":"","facebook":"","twitter":"","instagram":"","aforo":"","tipo_escenario":"","num_pantallas":"","link_sic":"http://sic.gob.mx/ficha.php?table=centro_cultural&table_id=1513","fecha_modificacion":"2026-03-05 14:51:39-06","es_pilares":"NO","dataset_relacionado":"","revision_manual":"NO","motivo_revision":"","fuente":"Sistema de Información Cultural (SIC)"}},{"type":"Feature","geometry":{"type":"Point","coordinates":[-99.09672,19.38245]},"properties":{"id_cultural":"CENTRO_CULTURAL_3493","id_sic":"3493","tipo_cultural":"CENTRO_CULTURAL","nombre":"PILARES Paquita Calvo Zapata","fecha_fundacion":"1000-01-01","adscripcion_original":"Gobierno de la Ciudad de México","tipo_gestion":"PUBLICO","criterio_clasificacion":"EVIDENCIA_INSTITUCIONAL_PUBLICA","fuente_revision_gestion":"","nota_revision_gestion":"","estado_id":"9","entidad":"Ciudad de México","municipio_id":"6","municipio":"Iztacalco","localidad_id":"1","localidad":"Iztacalco","calle_numero":"Calle lenguas indígenas 31","colonia":"Carlos Zapata Vela","cp":"8040.0","telefono":"55 5134 0770 ext 1806","pagina_web":"https://pilares.cdmx.gob.mx/","email":"coord_comunicacion@pilares.cdmx.gob.mx","facebook":"","twitter":"","instagram":"","aforo":"","tipo_escenario":"","num_pantallas":"","link_sic":"http://sic.gob.mx/ficha.php?table=centro_cultural&table_id=3493","fecha_modificacion":"2024-06-10 11:57:36-06","es_pilares":"SI","dataset_relacionado":"PILARES","revision_manual":"NO","motivo_revision":"","fuente":"Sistema de Información Cultural (SIC)"}},{"type":"Feature","geometry":{"type":"Point","coordinates":[-99.11643,19.38353]},"properties":{"id_cultural":"CENTRO_CULTURAL_1052","id_sic":"1052","tipo_cultural":"CENTRO_CULTURAL","nombre":"Foro Cultural 2 de Octubre","fecha_fundacion":"1998-03-04","adscripcion_original":"Alcaldía Iztacalco","tipo_gestion":"PUBLICO","criterio_clasificacion":"EVIDENCIA_INSTITUCIONAL_PUBLICA","fuente_revision_gestion":"","nota_revision_gestion":"","estado_id":"9","entidad":"Ciudad de México","municipio_id":"6","municipio":"Iztacalco","localidad_id":"1","localidad":"Iztacalco","calle_numero":"Valentín Gómez Farías s/n","colonia":"Col. Campamento 2 de Octubre","cp":"8930.0","telefono":"55 5648 4910","pagina_web":"http://www.iztacalco.df.gob.mx/portal/index.php/cultura/casas-de-cultura","email":"darioruben68@hotmail.com","facebook":"","twitter":"","instagram":"","aforo":"","tipo_escenario":"","num_pantallas":"","link_sic":"http://sic.gob.mx/ficha.php?table=centro_cultural&table_id=1052","fecha_modificacion":"2026-03-05 14:52:33-06","es_pilares":"NO","dataset_relacionado":"","revision_manual":"NO","motivo_revision":"","fuente":"Sistema de Información Cultural (SIC)"}},{"type":"Feature","geometry":{"type":"Point","coordinates":[-99.12576,19.38785]},"properties":{"id_cultural":"CENTRO_CULTURAL_2744","id_sic":"2744","tipo_cultural":"CENTRO_CULTURAL","nombre":"Casa de Cultura Amalia Solórzano de Cárdenas","fecha_fundacion":"2009-08-01","adscripcion_original":"Alcaldía Iztacalco","tipo_gestion":"PUBLICO","criterio_clasificacion":"EVIDENCIA_INSTITUCIONAL_PUBLICA","fuente_revision_gestion":"","nota_revision_gestion":"","estado_id":"9","entidad":"Ciudad de México","municipio_id":"6","municipio":"Iztacalco","localidad_id":"1","localidad":"Iztacalco","calle_numero":"Playa Icacos s/n esq. Playa Rosarito","colonia":"Barrio Santiago Sur","cp":"8800.0","telefono":"55 2621 3399","pagina_web":"","email":"amaliasolorzanocasadecultura@gmail.com","facebook":"","twitter":"","instagram":"","aforo":"","tipo_escenario":"","num_pantallas":"","link_sic":"http://sic.gob.mx/ficha.php?table=centro_cultural&table_id=2744","fecha_modificacion":"2026-03-05 14:56:06-06","es_pilares":"NO","dataset_relacionado":"","revision_manual":"NO","motivo_revision":"","fuente":"Sistema de Información Cultural (SIC)"}},{"type":"Feature","geometry":{"type":"Point","coordinates":[-99.11485,19.39385]},"properties":{"id_cultural":"CENTRO_CULTURAL_1508","id_sic":"1508","tipo_cultural":"CENTRO_CULTURAL","nombre":"Centro de Arte y Oficios de Iztacalco","fecha_fundacion":"1000-01-01","adscripcion_original":"Alcaldía Iztacalco","tipo_gestion":"PUBLICO","criterio_clasificacion":"EVIDENCIA_INSTITUCIONAL_PUBLICA","fuente_revision_gestion":"","nota_revision_gestion":"","estado_id":"9","entidad":"Ciudad de México","municipio_id":"6","municipio":"Iztacalco","localidad_id":"1","localidad":"Iztacalco","calle_numero":"Julio García s/n esq. Anastasio Bustamante","colonia":"Barrio Los Reyes","cp":"8650.0","telefono":"55 5657 0007 ext. 2331","pagina_web":"http://www.iztacalco.df.gob.mx/portal/index.php/cultura/casas-de-cultura","email":"mail.iztacalco.df.gob.mx/horde","facebook":"","twitter":"","instagram":"","aforo":"","tipo_escenario":"","num_pantallas":"","link_sic":"http://sic.gob.mx/ficha.php?table=centro_cultural&table_id=1508","fecha_modificacion":"2026-03-05 14:55:11-06","es_pilares":"NO","dataset_relacionado":"","revision_manual":"NO","motivo_revision":"","fuente":"Sistema de Información Cultural (SIC)"}},{"type":"Feature","geometry":{"type":"Point","coordinates":[-99.1309,19.3689]},"properties":{"id_cultural":"CENTRO_CULTURAL_3688","id_sic":"3688","tipo_cultural":"CENTRO_CULTURAL","nombre":"PILARES San Andrés Tetepilco","fecha_fundacion":"1000-01-01","adscripcion_original":"Gobierno de la Ciudad de México","tipo_gestion":"PUBLICO","criterio_clasificacion":"EVIDENCIA_INSTITUCIONAL_PUBLICA","fuente_revision_gestion":"","nota_revision_gestion":"","estado_id":"9","entidad":"Ciudad de México","municipio_id":"7","municipio":"Iztapalapa","localidad_id":"1","localidad":"Iztapalapa","calle_numero":"Deportivo San Andrés, entrada por Andrés Molina Enríquez, entre San Andrés Tetepilco y Av. Municipio Libre","colonia":"San Andrés Tetepilco","cp":"9440.0","telefono":"55 5134 0770 ext 1806","pagina_web":"https://pilares.cdmx.gob.mx/","email":"coord_comunicacion@pilares.cdmx.gob.mx","facebook":"","twitter":"","instagram":"","aforo":"","tipo_escenario":"","num_pantallas":"","link_sic":"http://sic.gob.mx/ficha.php?table=centro_cultural&table_id=3688","fecha_modificacion":"2024-06-06 13:25:13-06","es_pilares":"SI","dataset_relacionado":"PILARES","revision_manual":"NO","motivo_revision":"","fuente":"Sistema de Información Cultural (SIC)"}},{"type":"Feature","geometry":{"type":"Point","coordinates":[-98.97328,19.32617]},"properties":{"id_cultural":"CENTRO_CULTURAL_3734","id_sic":"3734","tipo_cultural":"CENTRO_CULTURAL","nombre":"PILARES Zacatepec","fecha_fundacion":"1000-01-01","adscripcion_original":"Secretaría de Cultura de la Ciudad de México","tipo_gestion":"PUBLICO","criterio_clasificacion":"EVIDENCIA_INSTITUCIONAL_PUBLICA","fuente_revision_gestion":"","nota_revision_gestion":"","estado_id":"9","entidad":"Ciudad de México","municipio_id":"7","municipio":"Iztapalapa","localidad_id":"1","localidad":"Iztapalapa","calle_numero":"Camino Real","colonia":"Col Campestre Potrero","cp":"9737.0","telefono":"55 5134 0770 ext 1806","pagina_web":"https://pilares.cdmx.gob.mx/","email":"coord_comunicacion@pilares.cdmx.gob.mx","facebook":"","twitter":"","instagram":"","aforo":"","tipo_escenario":"","num_pantallas":"","link_sic":"http://sic.gob.mx/ficha.php?table=centro_cultural&table_id=3734","fecha_modificacion":"2024-06-11 10:48:11-06","es_pilares":"SI","dataset_relacionado":"PILARES","revision_manual":"NO","motivo_revision":"","fuente":"Sistema de Información Cultural (SIC)"}},{"type":"Feature","geometry":{"type":"Point","coordinates":[-99.04932,19.34613]},"properties":{"id_cultural":"CENTRO_CULTURAL_3807","id_sic":"3807","tipo_cultural":"CENTRO_CULTURAL","nombre":"Utopía Meyehualco","fecha_fundacion":"2021-12-04","adscripcion_original":"Alcaldía Iztapalapa","tipo_gestion":"PUBLICO","criterio_clasificacion":"EVIDENCIA_INSTITUCIONAL_PUBLICA","fuente_revision_gestion":"","nota_revision_gestion":"","estado_id":"9","entidad":"Ciudad de México","municipio_id":"7","municipio":"Iztapalapa","localidad_id":"1","localidad":"Iztapalapa","calle_numero":"Calle 71 y Calz. Ermita Iztapalapa","colonia":"Santa Cruz Meyehualco, Iztapalapa","cp":"9060.0","telefono":"55 5445 1076","pagina_web":"https://utopias.mx/utopia-meyehualco-iztapalapa-cdmx-mexico.php","email":"talleresculturaiztapalapa@gmail.com; Hola@UtopiasIztapalapa.com","facebook":"","twitter":"","instagram":"","aforo":"","tipo_escenario":"","num_pantallas":"","link_sic":"http://sic.gob.mx/ficha.php?table=centro_cultural&table_id=3807","fecha_modificacion":"2025-01-20 11:27:51-06","es_pilares":"NO","dataset_relacionado":"","revision_manual":"NO","motivo_revision":"","fuente":"Sistema de Información Cultural (SIC)"}},{"type":"Feature","geometry":{"type":"Point","coordinates":[-99.11063,19.36694]},"properties":{"id_cultural":"CENTRO_CULTURAL_3801","id_sic":"3801","tipo_cultural":"CENTRO_CULTURAL","nombre":"Utopía Cuauhtlicalli Aculco","fecha_fundacion":"2021-03-30","adscripcion_original":"Alcaldía Iztapalapa","tipo_gestion":"PUBLICO","criterio_clasificacion":"EVIDENCIA_INSTITUCIONAL_PUBLICA","fuente_revision_gestion":"","nota_revision_gestion":"","estado_id":"9","entidad":"Ciudad de México","municipio_id":"7","municipio":"Iztapalapa","localidad_id":"1","localidad":"Iztapalapa","calle_numero":"Alfonso del Toro esq. Fausto Vega","colonia":"Col. Escuadrón 201, Territorial Aculco","cp":"9060.0","telefono":"55 5445 1076","pagina_web":"https://utopias.mx/utopia-cuauhtlicalli-aculco-iztapalapa-cdmx-mexico.php","email":"talleresculturaiztapalapa@gmail.com","facebook":"","twitter":"","instagram":"","aforo":"","tipo_escenario":"","num_pantallas":"","link_sic":"http://sic.gob.mx/ficha.php?table=centro_cultural&table_id=3801","fecha_modificacion":"2025-02-26 15:12:24-06","es_pilares":"NO","dataset_relacionado":"","revision_manual":"NO","motivo_revision":"","fuente":"Sistema de Información Cultural (SIC)"}},{"type":"Feature","geometry":{"type":"Point","coordinates":[-99.06941,19.38047]},"properties":{"id_cultural":"CENTRO_CULTURAL_3759","id_sic":"3759","tipo_cultural":"CENTRO_CULTURAL","nombre":"PILARES Marcelino Buendía","fecha_fundacion":"2023-01-01","adscripcion_original":"Secretaría de Cultura de la Ciudad de México","tipo_gestion":"PUBLICO","criterio_clasificacion":"EVIDENCIA_INSTITUCIONAL_PUBLICA","fuente_revision_gestion":"","nota_revision_gestion":"","estado_id":"9","entidad":"Ciudad de México","municipio_id":"7","municipio":"Iztapalapa","localidad_id":"1","localidad":"Iztapalapa","calle_numero":"Calle 17 mz 162 lt. 1844-B","colonia":"Col.  Leyes de Reforma 3ra Secc","cp":"9310.0","telefono":"55 5134 0770 ext 1806","pagina_web":"https://pilares.cdmx.gob.mx/","email":"coord_comunicacion@pilares.cdmx.gob.mx","facebook":"","twitter":"","instagram":"","aforo":"","tipo_escenario":"","num_pantallas":"","link_sic":"http://sic.gob.mx/ficha.php?table=centro_cultural&table_id=3759","fecha_modificacion":"2025-11-26 17:48:09-06","es_pilares":"SI","dataset_relacionado":"PILARES","revision_manual":"NO","motivo_revision":"","fuente":"Sistema de Información Cultural (SIC)"}},{"type":"Feature","geometry":{"type":"Point","coordinates":[-99.03949,19.32684]},"properties":{"id_cultural":"CENTRO_CULTURAL_3685","id_sic":"3685","tipo_cultural":"CENTRO_CULTURAL","nombre":"PILARES La Comuna Iztapalapa","fecha_fundacion":"2021-12-16","adscripcion_original":"Gobierno de la Ciudad de México","tipo_gestion":"PUBLICO","criterio_clasificacion":"EVIDENCIA_INSTITUCIONAL_PUBLICA","fuente_revision_gestion":"","nota_revision_gestion":"","estado_id":"9","entidad":"Ciudad de México","municipio_id":"7","municipio":"Iztapalapa","localidad_id":"1","localidad":"Iztapalapa","calle_numero":"Villa Jiloca 361","colonia":"Desarrollo Urbano Quetzalcóatl","cp":"9700.0","telefono":"55 5134 0770 ext 1806","pagina_web":"https://pilares.cdmx.gob.mx/","email":"coord_comunicacion@pilares.cdmx.gob.mx","facebook":"","twitter":"","instagram":"","aforo":"","tipo_escenario":"","num_pantallas":"","link_sic":"http://sic.gob.mx/ficha.php?table=centro_cultural&table_id=3685","fecha_modificacion":"2025-06-09 19:24:41-06","es_pilares":"SI","dataset_relacionado":"PILARES","revision_manual":"NO","motivo_revision":"","fuente":"Sistema de Información Cultural (SIC)"}},{"type":"Feature","geometry":{"type":"Point","coordinates":[-99.09918,19.37372]},"properties":{"id_cultural":"CENTRO_CULTURAL_3482","id_sic":"3482","tipo_cultural":"CENTRO_CULTURAL","nombre":"PILARES Central de Abastos","fecha_fundacion":"2019-03-21","adscripcion_original":"Gobierno de la Ciudad de México","tipo_gestion":"PUBLICO","criterio_clasificacion":"EVIDENCIA_INSTITUCIONAL_PUBLICA","fuente_revision_gestion":"","nota_revision_gestion":"","estado_id":"9","entidad":"Ciudad de México","municipio_id":"7","municipio":"Iztapalapa","localidad_id":"1","localidad":"Iztapalapa","calle_numero":"Canal Río Churubusco s/n","colonia":"Área Federal Central de Abastos","cp":"9040.0","telefono":"55 5134 0770 ext 1806","pagina_web":"https://pilares.cdmx.gob.mx/","email":"coord_comunicacion@pilares.cdmx.gob.mx","facebook":"","twitter":"","instagram":"","aforo":"","tipo_escenario":"","num_pantallas":"","link_sic":"http://sic.gob.mx/ficha.php?table=centro_cultural&table_id=3482","fecha_modificacion":"2024-06-25 11:24:07-06","es_pilares":"SI","dataset_relacionado":"PILARES","revision_manual":"NO","motivo_revision":"","fuente":"Sistema de Información Cultural (SIC)"}},{"type":"Feature","geometry":{"type":"Point","coordinates":[-99.07649,19.33923]},"properties":{"id_cultural":"CENTRO_CULTURAL_3808","id_sic":"3808","tipo_cultural":"CENTRO_CULTURAL","nombre":"Utopía Estrella Huizachtépetl","fecha_fundacion":"2024-09-30","adscripcion_original":"Alcaldía Iztapalapa","tipo_gestion":"PUBLICO","criterio_clasificacion":"EVIDENCIA_INSTITUCIONAL_PUBLICA","fuente_revision_gestion":"","nota_revision_gestion":"","estado_id":"9","entidad":"Ciudad de México","municipio_id":"7","municipio":"Iztapalapa","localidad_id":"1","localidad":"Iztapalapa","calle_numero":"Av. San Lorenzo 312","colonia":"Col. San Juan Xalpa","cp":"9850.0","telefono":"55 5443 9349, 55 5445 1077","pagina_web":"https://www.utopiasiztapalapa.com/","email":"talleresculturaiztapalapa@gmail.com","facebook":"","twitter":"","instagram":"","aforo":"","tipo_escenario":"","num_pantallas":"","link_sic":"http://sic.gob.mx/ficha.php?table=centro_cultural&table_id=3808","fecha_modificacion":"2025-01-17 12:39:58-06","es_pilares":"NO","dataset_relacionado":"","revision_manual":"NO","motivo_revision":"","fuente":"Sistema de Información Cultural (SIC)"}},{"type":"Feature","geometry":{"type":"Point","coordinates":[-99.04797,19.37773]},"properties":{"id_cultural":"CENTRO_CULTURAL_3760","id_sic":"3760","tipo_cultural":"CENTRO_CULTURAL","nombre":"PILARES Arcoíris","fecha_fundacion":"2019-01-01","adscripcion_original":"Gobierno de la Ciudad de México","tipo_gestion":"PUBLICO","criterio_clasificacion":"EVIDENCIA_INSTITUCIONAL_PUBLICA","fuente_revision_gestion":"","nota_revision_gestion":"","estado_id":"9","entidad":"Ciudad de México","municipio_id":"7","municipio":"Iztapalapa","localidad_id":"1","localidad":"Iztapalapa","calle_numero":"Calle Humberto G. Tamayo s/n 1","colonia":"Humberto G. Tamayo","cp":"9208.0","telefono":"55 5134 0770 ext 1806","pagina_web":"https://pilares.cdmx.gob.mx/","email":"coord_comunicacion@pilares.cdmx.gob.mx","facebook":"","twitter":"","instagram":"","aforo":"","tipo_escenario":"","num_pantallas":"","link_sic":"http://sic.gob.mx/ficha.php?table=centro_cultural&table_id=3760","fecha_modificacion":"2025-10-24 17:04:48-06","es_pilares":"SI","dataset_relacionado":"PILARES","revision_manual":"NO","motivo_revision":"","fuente":"Sistema de Información Cultural (SIC)"}},{"type":"Feature","geometry":{"type":"Point","coordinates":[-99.05666,19.33234]},"properties":{"id_cultural":"CENTRO_CULTURAL_3687","id_sic":"3687","tipo_cultural":"CENTRO_CULTURAL","nombre":"PILARES Eduardo Galeano","fecha_fundacion":"2022-01-01","adscripcion_original":"Gobierno de la Ciudad de México","tipo_gestion":"PUBLICO","criterio_clasificacion":"EVIDENCIA_INSTITUCIONAL_PUBLICA","fuente_revision_gestion":"","nota_revision_gestion":"","estado_id":"9","entidad":"Ciudad de México","municipio_id":"7","municipio":"Iztapalapa","localidad_id":"1","localidad":"Iztapalapa","calle_numero":"Vicente Guerrero esq. Pedro Vélez","colonia":"Col. Presidentes de México","cp":"9740.0","telefono":"55 5134 0770 ext 1806","pagina_web":"https://premioobrascemex.com/pilares-presidentes-de-mexico","email":"coord_comunicacion@pilares.cdmx.gob.mx","facebook":"","twitter":"","instagram":"","aforo":"","tipo_escenario":"","num_pantallas":"","link_sic":"http://sic.gob.mx/ficha.php?table=centro_cultural&table_id=3687","fecha_modificacion":"2025-06-26 16:48:17-06","es_pilares":"SI","dataset_relacionado":"PILARES","revision_manual":"NO","motivo_revision":"","fuente":"Sistema de Información Cultural (SIC)"}},{"type":"Feature","geometry":{"type":"Point","coordinates":[-98.97882,19.33853]},"properties":{"id_cultural":"CENTRO_CULTURAL_3603","id_sic":"3603","tipo_cultural":"CENTRO_CULTURAL","nombre":"PILARES Tierra y Libertad","fecha_fundacion":"2021-01-01","adscripcion_original":"Gobierno de la Ciudad de México","tipo_gestion":"PUBLICO","criterio_clasificacion":"EVIDENCIA_INSTITUCIONAL_PUBLICA","fuente_revision_gestion":"","nota_revision_gestion":"","estado_id":"9","entidad":"Ciudad de México","municipio_id":"7","municipio":"Iztapalapa","localidad_id":"1","localidad":"Iztapalapa","calle_numero":"Enrique Rambal s/n","colonia":"Amp. Emiliano Zapata","cp":"85880.0","telefono":"55 5134 0770 ext 1806","pagina_web":"https://pilares.cdmx.gob.mx/","email":"coord_comunicacion@pilares.cdmx.gob.mx","facebook":"","twitter":"","instagram":"","aforo":"","tipo_escenario":"","num_pantallas":"","link_sic":"http://sic.gob.mx/ficha.php?table=centro_cultural&table_id=3603","fecha_modificacion":"2025-06-13 18:07:03-06","es_pilares":"SI","dataset_relacionado":"PILARES","revision_manual":"NO","motivo_revision":"","fuente":"Sistema de Información Cultural (SIC)"}},{"type":"Feature","geometry":{"type":"Point","coordinates":[-98.99337,19.35508]},"properties":{"id_cultural":"CENTRO_CULTURAL_3798","id_sic":"3798","tipo_cultural":"CENTRO_CULTURAL","nombre":"Utopía Teotongo","fecha_fundacion":"2021-09-14","adscripcion_original":"Alcaldía Iztapalapa","tipo_gestion":"PUBLICO","criterio_clasificacion":"EVIDENCIA_INSTITUCIONAL_PUBLICA","fuente_revision_gestion":"","nota_revision_gestion":"","estado_id":"9","entidad":"Ciudad de México","municipio_id":"7","municipio":"Iztapalapa","localidad_id":"1","localidad":"Iztapalapa","calle_numero":"Tetepetongo Mzna. 22","colonia":"Col. San Miguel Teotongo","cp":"9630.0","telefono":"55 5445 1076","pagina_web":"https://utopias.mx/utopia-teotongo-iztapalapa-cdmx-mexico.php","email":"talleresculturaiztapalapa@gmail.com","facebook":"","twitter":"","instagram":"","aforo":"","tipo_escenario":"","num_pantallas":"","link_sic":"http://sic.gob.mx/ficha.php?table=centro_cultural&table_id=3798","fecha_modificacion":"2025-04-16 13:46:56-06","es_pilares":"NO","dataset_relacionado":"","revision_manual":"NO","motivo_revision":"","fuente":"Sistema de Información Cultural (SIC)"}},{"type":"Feature","geometry":{"type":"Point","coordinates":[-99.00813,19.34604]},"properties":{"id_cultural":"CENTRO_CULTURAL_3473","id_sic":"3473","tipo_cultural":"CENTRO_CULTURAL","nombre":"PILARES Acahualtepec","fecha_fundacion":"1000-01-01","adscripcion_original":"Gobierno de la Ciudad de México","tipo_gestion":"PUBLICO","criterio_clasificacion":"EVIDENCIA_INSTITUCIONAL_PUBLICA","fuente_revision_gestion":"","nota_revision_gestion":"","estado_id":"9","entidad":"Ciudad de México","municipio_id":"7","municipio":"Iztapalapa","localidad_id":"1","localidad":"Iztapalapa","calle_numero":"Calle Colorín s/n","colonia":"2da Ampliación Santiago Acahualtepec","cp":"9609.0","telefono":"55 5134 0770 ext 1806","pagina_web":"https://pilares.cdmx.gob.mx/","email":"coord_comunicacion@pilares.cdmx.gob.mx","facebook":"","twitter":"","instagram":"","aforo":"","tipo_escenario":"","num_pantallas":"","link_sic":"http://sic.gob.mx/ficha.php?table=centro_cultural&table_id=3473","fecha_modificacion":"2024-06-06 14:35:41-06","es_pilares":"SI","dataset_relacionado":"PILARES","revision_manual":"NO","motivo_revision":"","fuente":"Sistema de Información Cultural (SIC)"}},{"type":"Feature","geometry":{"type":"Point","coordinates":[-99.05158,19.35705]},"properties":{"id_cultural":"CENTRO_CULTURAL_1045","id_sic":"1045","tipo_cultural":"CENTRO_CULTURAL","nombre":"Centro Cultural Iztapalapa","fecha_fundacion":"1999-09-01","adscripcion_original":"Alcaldía Iztapalapa","tipo_gestion":"PUBLICO","criterio_clasificacion":"EVIDENCIA_INSTITUCIONAL_PUBLICA","fuente_revision_gestion":"","nota_revision_gestion":"","estado_id":"9","entidad":"Ciudad de México","municipio_id":"7","municipio":"Iztapalapa","localidad_id":"1","localidad":"Iztapalapa","calle_numero":"Combate de Celaya s/n entre Genaro Estrada y Campaña del Ébano","colonia":"U.H. Vicente Guerrero","cp":"9200.0","telefono":"55 5445 1191","pagina_web":"","email":"promocionculturaliztapalapa@gmail.com","facebook":"","twitter":"","instagram":"","aforo":"","tipo_escenario":"","num_pantallas":"","link_sic":"http://sic.gob.mx/ficha.php?table=centro_cultural&table_id=1045","fecha_modificacion":"2026-04-15 09:29:54-06","es_pilares":"NO","dataset_relacionado":"","revision_manual":"NO","motivo_revision":"","fuente":"Sistema de Información Cultural (SIC)"}},{"type":"Feature","geometry":{"type":"Point","coordinates":[-99.04359,19.34656]},"properties":{"id_cultural":"CENTRO_CULTURAL_2759","id_sic":"2759","tipo_cultural":"CENTRO_CULTURAL","nombre":"Casa de la Cultura y Recreación Sta. Cruz Meyehualco","fecha_fundacion":"2011-11-08","adscripcion_original":"Casa de la Cultura y Recreación Sta. Cruz Meyehualco, A.C.","tipo_gestion":"PRIVADO","criterio_clasificacion":"EVIDENCIA_INSTITUCIONAL_PRIVADA","fuente_revision_gestion":"","nota_revision_gestion":"","estado_id":"9","entidad":"Ciudad de México","municipio_id":"7","municipio":"Iztapalapa","localidad_id":"1","localidad":"Iztapalapa","calle_numero":"Calle 55 núm. 47","colonia":"U. H. Santa Cruz Meyehualco","cp":"9700.0","telefono":"55 5691 5745","pagina_web":"","email":"cultura@iztapalapa.gob.mx","facebook":"","twitter":"","instagram":"","aforo":"","tipo_escenario":"","num_pantallas":"","link_sic":"http://sic.gob.mx/ficha.php?table=centro_cultural&table_id=2759","fecha_modificacion":"2023-02-01 03:29:06-06","es_pilares":"NO","dataset_relacionado":"","revision_manual":"NO","motivo_revision":"","fuente":"Sistema de Información Cultural (SIC)"}},{"type":"Feature","geometry":{"type":"Point","coordinates":[-99.04249,19.32168]},"properties":{"id_cultural":"CENTRO_CULTURAL_3528","id_sic":"3528","tipo_cultural":"CENTRO_CULTURAL","nombre":"PILARES Villa Cid","fecha_fundacion":"2019-01-01","adscripcion_original":"Gobierno de la Ciudad de México","tipo_gestion":"PUBLICO","criterio_clasificacion":"EVIDENCIA_INSTITUCIONAL_PUBLICA","fuente_revision_gestion":"","nota_revision_gestion":"","estado_id":"9","entidad":"Ciudad de México","municipio_id":"7","municipio":"Iztapalapa","localidad_id":"1","localidad":"Iztapalapa","calle_numero":"Villa Cid s/n","colonia":"Desarrollo Urbano Quetzalcoatl","cp":"9700.0","telefono":"55 5134 0770 ext 1806","pagina_web":"https://pilares.cdmx.gob.mx/","email":"coord_comunicacion@pilares.cdmx.gob.mx","facebook":"","twitter":"","instagram":"","aforo":"","tipo_escenario":"","num_pantallas":"","link_sic":"http://sic.gob.mx/ficha.php?table=centro_cultural&table_id=3528","fecha_modificacion":"2025-08-27 18:46:17-06","es_pilares":"SI","dataset_relacionado":"PILARES","revision_manual":"NO","motivo_revision":"","fuente":"Sistema de Información Cultural (SIC)"}},{"type":"Feature","geometry":{"type":"Point","coordinates":[-99.00204,19.364]},"properties":{"id_cultural":"CENTRO_CULTURAL_3576","id_sic":"3576","tipo_cultural":"CENTRO_CULTURAL","nombre":"PILARES Casa del Pueblo","fecha_fundacion":"2019-01-01","adscripcion_original":"Secretaría de Cultura de la Ciudad de México","tipo_gestion":"PUBLICO","criterio_clasificacion":"EVIDENCIA_INSTITUCIONAL_PUBLICA","fuente_revision_gestion":"","nota_revision_gestion":"","estado_id":"9","entidad":"Ciudad de México","municipio_id":"7","municipio":"Iztapalapa","localidad_id":"1","localidad":"Iztapalapa","calle_numero":"Calz Gral. Ignacio Zaragoza s/n","colonia":"Col. Unidad Habitacional Ermita Iztapalapa","cp":"9180.0","telefono":"55 5134 0770 ext 1806","pagina_web":"https://pilares.cdmx.gob.mx/","email":"coord_comunicacion@pilares.cdmx.gob.mx","facebook":"","twitter":"","instagram":"","aforo":"","tipo_escenario":"","num_pantallas":"","link_sic":"http://sic.gob.mx/ficha.php?table=centro_cultural&table_id=3576","fecha_modificacion":"2025-11-03 18:35:00-06","es_pilares":"SI","dataset_relacionado":"PILARES","revision_manual":"NO","motivo_revision":"","fuente":"Sistema de Información Cultural (SIC)"}},{"type":"Feature","geometry":{"type":"Point","coordinates":[-99.06116,19.34428]},"properties":{"id_cultural":"CENTRO_CULTURAL_3562","id_sic":"3562","tipo_cultural":"CENTRO_CULTURAL","nombre":"PILARES Constitución de 1917","fecha_fundacion":"2019-12-18","adscripcion_original":"Gobierno de la Ciudad de México","tipo_gestion":"PUBLICO","criterio_clasificacion":"EVIDENCIA_INSTITUCIONAL_PUBLICA","fuente_revision_gestion":"","nota_revision_gestion":"","estado_id":"9","entidad":"Ciudad de México","municipio_id":"7","municipio":"Iztapalapa","localidad_id":"1","localidad":"Iztapalapa","calle_numero":"Ermita Iztapalapa esq. Periférico Ote.","colonia":"Col. Los Ángeles Apanoaya","cp":"9720.0","telefono":"55 5134 0770 ext 1806","pagina_web":"https://pilares.cdmx.gob.mx/","email":"coord_comunicacion@pilares.cdmx.gob.mx","facebook":"","twitter":"","instagram":"","aforo":"","tipo_escenario":"","num_pantallas":"","link_sic":"http://sic.gob.mx/ficha.php?table=centro_cultural&table_id=3562","fecha_modificacion":"2025-10-21 17:11:16-06","es_pilares":"SI","dataset_relacionado":"PILARES","revision_manual":"NO","motivo_revision":"","fuente":"Sistema de Información Cultural (SIC)"}},{"type":"Feature","geometry":{"type":"Point","coordinates":[-99.06724,19.33586]},"properties":{"id_cultural":"CENTRO_CULTURAL_3732","id_sic":"3732","tipo_cultural":"CENTRO_CULTURAL","nombre":"PILARES San Juan Joya","fecha_fundacion":"2021-01-01","adscripcion_original":"Gobierno de la Ciudad de México","tipo_gestion":"PUBLICO","criterio_clasificacion":"EVIDENCIA_INSTITUCIONAL_PUBLICA","fuente_revision_gestion":"","nota_revision_gestion":"","estado_id":"9","entidad":"Ciudad de México","municipio_id":"7","municipio":"Iztapalapa","localidad_id":"1","localidad":"Iztapalapa","calle_numero":"Agustín de Iturbide esq. José J. Jurado","colonia":"Col. San Juan Joya","cp":"9839.0","telefono":"55 5134 0770 ext 1806","pagina_web":"https://pilares.cdmx.gob.mx/","email":"coord_comunicacion@pilares.cdmx.gob.mx","facebook":"","twitter":"","instagram":"","aforo":"","tipo_escenario":"","num_pantallas":"","link_sic":"http://sic.gob.mx/ficha.php?table=centro_cultural&table_id=3732","fecha_modificacion":"2025-11-12 16:23:17-06","es_pilares":"SI","dataset_relacionado":"PILARES","revision_manual":"NO","motivo_revision":"","fuente":"Sistema de Información Cultural (SIC)"}},{"type":"Feature","geometry":{"type":"Point","coordinates":[-99.06882,19.35998]},"properties":{"id_cultural":"CENTRO_CULTURAL_3474","id_sic":"3474","tipo_cultural":"CENTRO_CULTURAL","nombre":"PILARES Gabriela Mistral","fecha_fundacion":"2019-02-24","adscripcion_original":"Secretaría de Cultura de la Ciudad de México","tipo_gestion":"PUBLICO","criterio_clasificacion":"EVIDENCIA_INSTITUCIONAL_PUBLICA","fuente_revision_gestion":"","nota_revision_gestion":"","estado_id":"9","entidad":"Ciudad de México","municipio_id":"7","municipio":"Iztapalapa","localidad_id":"1","localidad":"Iztapalapa","calle_numero":"Sur 27","colonia":"Col. Leyes de Reforma 1ra Secc","cp":"9310.0","telefono":"55 5134 0770 ext 1806","pagina_web":"https://pilares.cdmx.gob.mx/","email":"coord_comunicacion@pilares.cdmx.gob.mx","facebook":"","twitter":"","instagram":"","aforo":"","tipo_escenario":"","num_pantallas":"","link_sic":"http://sic.gob.mx/ficha.php?table=centro_cultural&table_id=3474","fecha_modificacion":"2025-09-02 16:00:58-06","es_pilares":"SI","dataset_relacionado":"PILARES","revision_manual":"NO","motivo_revision":"","fuente":"Sistema de Información Cultural (SIC)"}},{"type":"Feature","geometry":{"type":"Point","coordinates":[-99.04695,19.38087]},"properties":{"id_cultural":"CENTRO_CULTURAL_3802","id_sic":"3802","tipo_cultural":"CENTRO_CULTURAL","nombre":"Utopía Olini","fecha_fundacion":"2021-11-21","adscripcion_original":"Alcaldía Iztapalapa","tipo_gestion":"PUBLICO","criterio_clasificacion":"EVIDENCIA_INSTITUCIONAL_PUBLICA","fuente_revision_gestion":"","nota_revision_gestion":"","estado_id":"9","entidad":"Ciudad de México","municipio_id":"7","municipio":"Iztapalapa","localidad_id":"1","localidad":"Iztapalapa","calle_numero":"Av. Telecomunicaciones s/n (Calz. Ignacio Zaragoza 1715)","colonia":"Col. Chinampac de Juárez","cp":"9208.0","telefono":"55 5445 1077","pagina_web":"https://utopias.mx/utopia-olini-iztapalapa-cdmx-mexico.php","email":"talleresculturaiztapalapa@gmail.com","facebook":"","twitter":"","instagram":"","aforo":"","tipo_escenario":"","num_pantallas":"","link_sic":"http://sic.gob.mx/ficha.php?table=centro_cultural&table_id=3802","fecha_modificacion":"2025-01-17 10:40:21-06","es_pilares":"NO","dataset_relacionado":"","revision_manual":"NO","motivo_revision":"","fuente":"Sistema de Información Cultural (SIC)"}},{"type":"Feature","geometry":{"type":"Point","coordinates":[-99.09355,19.33005]},"properties":{"id_cultural":"CENTRO_CULTURAL_3683","id_sic":"3683","tipo_cultural":"CENTRO_CULTURAL","nombre":"PILARES Parque Nacional","fecha_fundacion":"1000-01-01","adscripcion_original":"Gobierno de la Ciudad de México","tipo_gestion":"PUBLICO","criterio_clasificacion":"EVIDENCIA_INSTITUCIONAL_PUBLICA","fuente_revision_gestion":"","nota_revision_gestion":"","estado_id":"9","entidad":"Ciudad de México","municipio_id":"7","municipio":"Iztapalapa","localidad_id":"1","localidad":"Iztapalapa","calle_numero":"Hermanos Lumiere y Av. Hidalgo","colonia":"Zona Urbana Ejidal Santa María Tomatlá","cp":"9870.0","telefono":"55 5134 0770 ext 1806","pagina_web":"https://pilares.cdmx.gob.mx/","email":"coord_comunicacion@pilares.cdmx.gob.mx","facebook":"","twitter":"","instagram":"","aforo":"","tipo_escenario":"","num_pantallas":"","link_sic":"http://sic.gob.mx/ficha.php?table=centro_cultural&table_id=3683","fecha_modificacion":"2024-06-17 13:41:32-06","es_pilares":"SI","dataset_relacionado":"PILARES","revision_manual":"NO","motivo_revision":"","fuente":"Sistema de Información Cultural (SIC)"}},{"type":"Feature","geometry":{"type":"Point","coordinates":[-99.06294,19.37471]},"properties":{"id_cultural":"CENTRO_CULTURAL_3679","id_sic":"3679","tipo_cultural":"CENTRO_CULTURAL","nombre":"PILARES Leyes de Reforma III Sección 2","fecha_fundacion":"2023-01-01","adscripcion_original":"Secretaría de Cultura de la Ciudad de México","tipo_gestion":"PUBLICO","criterio_clasificacion":"EVIDENCIA_INSTITUCIONAL_PUBLICA","fuente_revision_gestion":"","nota_revision_gestion":"","estado_id":"9","entidad":"Ciudad de México","municipio_id":"7","municipio":"Iztapalapa","localidad_id":"1","localidad":"Iztapalapa","calle_numero":"Av. Canal del Moral s/n","colonia":"Col. Chinampac de Juarez","cp":"","telefono":"55 5134 0770 ext 1806","pagina_web":"https://pilares.cdmx.gob.mx/","email":"coord_comunicacion@pilares.cdmx.gob.mx","facebook":"","twitter":"","instagram":"","aforo":"","tipo_escenario":"","num_pantallas":"","link_sic":"http://sic.gob.mx/ficha.php?table=centro_cultural&table_id=3679","fecha_modificacion":"2025-10-20 16:52:07-06","es_pilares":"SI","dataset_relacionado":"PILARES","revision_manual":"NO","motivo_revision":"","fuente":"Sistema de Información Cultural (SIC)"}},{"type":"Feature","geometry":{"type":"Point","coordinates":[-99.05717,19.36254]},"properties":{"id_cultural":"CENTRO_CULTURAL_3806","id_sic":"3806","tipo_cultural":"CENTRO_CULTURAL","nombre":"Barco Utopía","fecha_fundacion":"2023-04-13","adscripcion_original":"Alcaldía Iztapalapa","tipo_gestion":"PUBLICO","criterio_clasificacion":"EVIDENCIA_INSTITUCIONAL_PUBLICA","fuente_revision_gestion":"","nota_revision_gestion":"","estado_id":"9","entidad":"Ciudad de México","municipio_id":"7","municipio":"Iztapalapa","localidad_id":"1","localidad":"Iztapalapa","calle_numero":"Anillo Periférico Oriente esq. Eje 6 Sur","colonia":"Unidad Habitacional Vicente Guerrero","cp":"9200.0","telefono":"55 5445 1076","pagina_web":"https://utopias.mx/utopia-barco-iztapalapa-cdmx-mexico.php","email":"infobarcoutopia@gmail.com;  Hola@UtopiasIztapalapa.com","facebook":"","twitter":"","instagram":"","aforo":"","tipo_escenario":"","num_pantallas":"","link_sic":"http://sic.gob.mx/ficha.php?table=centro_cultural&table_id=3806","fecha_modificacion":"2025-08-14 11:55:34-06","es_pilares":"NO","dataset_relacionado":"","revision_manual":"NO","motivo_revision":"","fuente":"Sistema de Información Cultural (SIC)"}},{"type":"Feature","geometry":{"type":"Point","coordinates":[-99.07428,19.31069]},"properties":{"id_cultural":"CENTRO_CULTURAL_2762","id_sic":"2762","tipo_cultural":"CENTRO_CULTURAL","nombre":"Casa de Cultura  del Barrio de San Antonio","fecha_fundacion":"2011-12-02","adscripcion_original":"Alcaldía Iztapalapa","tipo_gestion":"PUBLICO","criterio_clasificacion":"EVIDENCIA_INSTITUCIONAL_PUBLICA","fuente_revision_gestion":"","nota_revision_gestion":"","estado_id":"9","entidad":"Ciudad de México","municipio_id":"7","municipio":"Iztapalapa","localidad_id":"1","localidad":"Iztapalapa","calle_numero":"Deportivo San Lorenzo, Av. de las Torres s/n","colonia":"Col. San Lorenzo Tezonco","cp":"9900.0","telefono":"55 5859 0560","pagina_web":"https://www.facebook.com/casadeculturasanantonio/","email":"ccsanantonio@outlook.com","facebook":"","twitter":"","instagram":"","aforo":"","tipo_escenario":"","num_pantallas":"","link_sic":"http://sic.gob.mx/ficha.php?table=centro_cultural&table_id=2762","fecha_modificacion":"2020-04-20 09:40:17-05","es_pilares":"NO","dataset_relacionado":"","revision_manual":"NO","motivo_revision":"","fuente":"Sistema de Información Cultural (SIC)"}},{"type":"Feature","geometry":{"type":"Point","coordinates":[-99.00455,19.36707]},"properties":{"id_cultural":"CENTRO_CULTURAL_3999","id_sic":"3999","tipo_cultural":"CENTRO_CULTURAL","nombre":"Utopía Acatitla Ciudad de México","fecha_fundacion":"2026-07-12","adscripcion_original":"Gobierno de la Ciudad de México/Secretaría de Obras y Servicios de la Ciudad de México/SEBIEN","tipo_gestion":"PUBLICO","criterio_clasificacion":"EVIDENCIA_INSTITUCIONAL_PUBLICA","fuente_revision_gestion":"","nota_revision_gestion":"","estado_id":"9","entidad":"Ciudad de México","municipio_id":"7","municipio":"Iztapalapa","localidad_id":"1","localidad":"Iztapalapa","calle_numero":"Av. Sentimientos de la Nación esq. Generalísimo Morelos (salida del Metro Acatitla, dirección Pantitlán).","colonia":"La Colmena","cp":"9170.0","telefono":"","pagina_web":"","email":"","facebook":"","twitter":"","instagram":"","aforo":"","tipo_escenario":"","num_pantallas":"","link_sic":"http://sic.gob.mx/ficha.php?table=centro_cultural&table_id=3999","fecha_modificacion":"2026-07-15 14:31:51-06","es_pilares":"NO","dataset_relacionado":"","revision_manual":"NO","motivo_revision":"","fuente":"Sistema de Información Cultural (SIC)"}},{"type":"Feature","geometry":{"type":"Point","coordinates":[-99.0886,19.37016]},"properties":{"id_cultural":"CENTRO_CULTURAL_3748","id_sic":"3748","tipo_cultural":"CENTRO_CULTURAL","nombre":"PILARES Central de Abastos-Productores","fecha_fundacion":"1000-01-01","adscripcion_original":"Gobierno de la Ciudad de México","tipo_gestion":"PUBLICO","criterio_clasificacion":"EVIDENCIA_INSTITUCIONAL_PUBLICA","fuente_revision_gestion":"","nota_revision_gestion":"","estado_id":"9","entidad":"Ciudad de México","municipio_id":"7","municipio":"Iztapalapa","localidad_id":"1","localidad":"Iztapalapa","calle_numero":"Subasta y Productores s/n","colonia":"CEDA","cp":"9040.0","telefono":"55 5134 0770 ext 1806","pagina_web":"https://pilares.cdmx.gob.mx/","email":"coord_comunicacion@pilares.cdmx.gob.mx","facebook":"","twitter":"","instagram":"","aforo":"","tipo_escenario":"","num_pantallas":"","link_sic":"http://sic.gob.mx/ficha.php?table=centro_cultural&table_id=3748","fecha_modificacion":"2024-06-14 10:53:35-06","es_pilares":"SI","dataset_relacionado":"PILARES","revision_manual":"NO","motivo_revision":"","fuente":"Sistema de Información Cultural (SIC)"}},{"type":"Feature","geometry":{"type":"Point","coordinates":[-99.08974,19.36475]},"properties":{"id_cultural":"CENTRO_CULTURAL_3855","id_sic":"3855","tipo_cultural":"CENTRO_CULTURAL","nombre":"Utopía Ixtapalcalli Quetzalcoatl","fecha_fundacion":"2024-07-17","adscripcion_original":"Alcaldía Iztapalapa","tipo_gestion":"PUBLICO","criterio_clasificacion":"EVIDENCIA_INSTITUCIONAL_PUBLICA","fuente_revision_gestion":"","nota_revision_gestion":"","estado_id":"9","entidad":"Ciudad de México","municipio_id":"7","municipio":"Iztapalapa","localidad_id":"1","localidad":"Iztapalapa","calle_numero":"Av. Ermita Iztapalapa 1385","colonia":"Barrio San Pablo","cp":"9000.0","telefono":"55 5445 1076","pagina_web":"https://utopias.mx/utopia-ixtapalcalli-iztapalapa-cdmx-mexico.php","email":"","facebook":"","twitter":"","instagram":"","aforo":"","tipo_escenario":"","num_pantallas":"","link_sic":"http://sic.gob.mx/ficha.php?table=centro_cultural&table_id=3855","fecha_modificacion":"2025-04-03 14:18:16-06","es_pilares":"NO","dataset_relacionado":"","revision_manual":"NO","motivo_revision":"","fuente":"Sistema de Información Cultural (SIC)"}},{"type":"Feature","geometry":{"type":"Point","coordinates":[-99.0555,19.39291]},"properties":{"id_cultural":"CENTRO_CULTURAL_3574","id_sic":"3574","tipo_cultural":"CENTRO_CULTURAL","nombre":"PILARES Tepalcates","fecha_fundacion":"1000-01-01","adscripcion_original":"Secretaría de Cultura de la Ciudad de México","tipo_gestion":"PUBLICO","criterio_clasificacion":"EVIDENCIA_INSTITUCIONAL_PUBLICA","fuente_revision_gestion":"","nota_revision_gestion":"","estado_id":"9","entidad":"Ciudad de México","municipio_id":"7","municipio":"Iztapalapa","localidad_id":"1","localidad":"Iztapalapa","calle_numero":"Primavera 52","colonia":"Col. Tepalcates","cp":"9210.0","telefono":"55 5134 0770 ext 1806","pagina_web":"https://pilares.cdmx.gob.mx/","email":"coord_comunicacion@pilares.cdmx.gob.mx","facebook":"","twitter":"","instagram":"","aforo":"","tipo_escenario":"","num_pantallas":"","link_sic":"http://sic.gob.mx/ficha.php?table=centro_cultural&table_id=3574","fecha_modificacion":"2024-06-11 11:21:50-06","es_pilares":"SI","dataset_relacionado":"PILARES","revision_manual":"NO","motivo_revision":"","fuente":"Sistema de Información Cultural (SIC)"}},{"type":"Feature","geometry":{"type":"Point","coordinates":[-99.03173,19.34384]},"properties":{"id_cultural":"CENTRO_CULTURAL_3638","id_sic":"3638","tipo_cultural":"CENTRO_CULTURAL","nombre":"PILARES Reforma Política","fecha_fundacion":"1000-01-01","adscripcion_original":"Gobierno de la Ciudad de México","tipo_gestion":"PUBLICO","criterio_clasificacion":"EVIDENCIA_INSTITUCIONAL_PUBLICA","fuente_revision_gestion":"","nota_revision_gestion":"","estado_id":"9","entidad":"Ciudad de México","municipio_id":"7","municipio":"Iztapalapa","localidad_id":"1","localidad":"Iztapalapa","calle_numero":"Eje 8 Sur Calz. Ermita Iztapalapa s/n","colonia":"Reforma Política","cp":"9730.0","telefono":"55 5134 0770 ext 1806","pagina_web":"https://pilares.cdmx.gob.mx/","email":"coord_comunicacion@pilares.cdmx.gob.mx","facebook":"","twitter":"","instagram":"","aforo":"","tipo_escenario":"","num_pantallas":"","link_sic":"http://sic.gob.mx/ficha.php?table=centro_cultural&table_id=3638","fecha_modificacion":"2024-06-19 13:53:03-06","es_pilares":"SI","dataset_relacionado":"PILARES","revision_manual":"NO","motivo_revision":"","fuente":"Sistema de Información Cultural (SIC)"}},{"type":"Feature","geometry":{"type":"Point","coordinates":[-98.99993,19.35849]},"properties":{"id_cultural":"CENTRO_CULTURAL_3553","id_sic":"3553","tipo_cultural":"CENTRO_CULTURAL","nombre":"PILARES Lomas de  Zaragoza","fecha_fundacion":"1000-01-01","adscripcion_original":"Gobierno de la Ciudad de México","tipo_gestion":"PUBLICO","criterio_clasificacion":"EVIDENCIA_INSTITUCIONAL_PUBLICA","fuente_revision_gestion":"","nota_revision_gestion":"","estado_id":"9","entidad":"Ciudad de México","municipio_id":"7","municipio":"Iztapalapa","localidad_id":"1","localidad":"Iztapalapa","calle_numero":"Calz. Ermita Iztapalapa y Calz. Ignacio Zaragoza","colonia":"Lomas de Zaragoza","cp":"9510.0","telefono":"55 5134 0770 ext 1806","pagina_web":"https://pilares.cdmx.gob.mx/","email":"coord_comunicacion@pilares.cdmx.gob.mx","facebook":"","twitter":"","instagram":"","aforo":"","tipo_escenario":"","num_pantallas":"","link_sic":"http://sic.gob.mx/ficha.php?table=centro_cultural&table_id=3553","fecha_modificacion":"2024-06-13 14:09:04-06","es_pilares":"SI","dataset_relacionado":"PILARES","revision_manual":"NO","motivo_revision":"","fuente":"Sistema de Información Cultural (SIC)"}},{"type":"Feature","geometry":{"type":"Point","coordinates":[-99.10763,19.36153]},"properties":{"id_cultural":"CENTRO_CULTURAL_1043","id_sic":"1043","tipo_cultural":"CENTRO_CULTURAL","nombre":"Casa de Cultura Solidaridad","fecha_fundacion":"1000-01-01","adscripcion_original":"","tipo_gestion":"NO_DETERMINADO","criterio_clasificacion":"SIN_ADSCRIPCION","fuente_revision_gestion":"","nota_revision_gestion":"","estado_id":"9","entidad":"Ciudad de México","municipio_id":"7","municipio":"Iztapalapa","localidad_id":"1","localidad":"Iztapalapa","calle_numero":"Año de Juárez 157 casa 43","colonia":"Col. Granjas San Antonio","cp":"9070.0","telefono":"","pagina_web":"","email":"","facebook":"","twitter":"","instagram":"","aforo":"","tipo_escenario":"","num_pantallas":"","link_sic":"http://sic.gob.mx/ficha.php?table=centro_cultural&table_id=1043","fecha_modificacion":"2020-04-20 09:56:09-05","es_pilares":"NO","dataset_relacionado":"","revision_manual":"SI","motivo_revision":"No existe adscripción disponible para determinar el tipo de gestión.","fuente":"Sistema de Información Cultural (SIC)"}},{"type":"Feature","geometry":{"type":"Point","coordinates":[-99.04082,19.34133]},"properties":{"id_cultural":"CENTRO_CULTURAL_3481","id_sic":"3481","tipo_cultural":"CENTRO_CULTURAL","nombre":"PILARES Cooperemos Pueblo","fecha_fundacion":"1000-01-01","adscripcion_original":"Secretaría de Cultura de la Ciudad de México","tipo_gestion":"PUBLICO","criterio_clasificacion":"EVIDENCIA_INSTITUCIONAL_PUBLICA","fuente_revision_gestion":"","nota_revision_gestion":"","estado_id":"9","entidad":"Ciudad de México","municipio_id":"7","municipio":"Iztapalapa","localidad_id":"1","localidad":"Iztapalapa","calle_numero":"Cuitláhuac s/n","colonia":"Col. Santa Cruz Meyehualco (Pueblo)","cp":"9700.0","telefono":"55 5134 0770 ext 1806","pagina_web":"https://pilares.cdmx.gob.mx/","email":"coord_comunicacion@pilares.cdmx.gob.mx","facebook":"","twitter":"","instagram":"","aforo":"","tipo_escenario":"","num_pantallas":"","link_sic":"http://sic.gob.mx/ficha.php?table=centro_cultural&table_id=3481","fecha_modificacion":"2024-06-11 09:09:35-06","es_pilares":"SI","dataset_relacionado":"PILARES","revision_manual":"NO","motivo_revision":"","fuente":"Sistema de Información Cultural (SIC)"}},{"type":"Feature","geometry":{"type":"Point","coordinates":[-99.0463,19.33719]},"properties":{"id_cultural":"CENTRO_CULTURAL_3690","id_sic":"3690","tipo_cultural":"CENTRO_CULTURAL","nombre":"PILARES Quetzalcóatl","fecha_fundacion":"2019-01-01","adscripcion_original":"Gobierno de la Ciudad de México","tipo_gestion":"PUBLICO","criterio_clasificacion":"EVIDENCIA_INSTITUCIONAL_PUBLICA","fuente_revision_gestion":"","nota_revision_gestion":"","estado_id":"9","entidad":"Ciudad de México","municipio_id":"7","municipio":"Iztapalapa","localidad_id":"1","localidad":"Iztapalapa","calle_numero":"Ursulo Galván 22","colonia":"Desarrollo Urbano Quetzalcóatl","cp":"9700.0","telefono":"55 5134 0770 ext 1806","pagina_web":"https://pilares.cdmx.gob.mx/","email":"coord_comunicacion@pilares.cdmx.gob.mx","facebook":"","twitter":"","instagram":"","aforo":"","tipo_escenario":"","num_pantallas":"","link_sic":"http://sic.gob.mx/ficha.php?table=centro_cultural&table_id=3690","fecha_modificacion":"2025-07-07 18:02:02-06","es_pilares":"SI","dataset_relacionado":"PILARES","revision_manual":"NO","motivo_revision":"","fuente":"Sistema de Información Cultural (SIC)"}},{"type":"Feature","geometry":{"type":"Point","coordinates":[-99.0278,19.32599]},"properties":{"id_cultural":"CENTRO_CULTURAL_3539","id_sic":"3539","tipo_cultural":"CENTRO_CULTURAL","nombre":"PILARES Cerro Azúl","fecha_fundacion":"1000-01-01","adscripcion_original":"Secretaría de Cultura de la Ciudad de México","tipo_gestion":"PUBLICO","criterio_clasificacion":"EVIDENCIA_INSTITUCIONAL_PUBLICA","fuente_revision_gestion":"","nota_revision_gestion":"","estado_id":"9","entidad":"Ciudad de México","municipio_id":"7","municipio":"Iztapalapa","localidad_id":"1","localidad":"Iztapalapa","calle_numero":"Cerro Azul 95","colonia":"Col. Buenavista","cp":"9700.0","telefono":"55 5134 0770 ext 1806","pagina_web":"https://pilares.cdmx.gob.mx/","email":"coord_comunicacion@pilares.cdmx.gob.mx","facebook":"","twitter":"","instagram":"","aforo":"","tipo_escenario":"","num_pantallas":"","link_sic":"http://sic.gob.mx/ficha.php?table=centro_cultural&table_id=3539","fecha_modificacion":"2024-06-11 11:59:01-06","es_pilares":"SI","dataset_relacionado":"PILARES","revision_manual":"NO","motivo_revision":"","fuente":"Sistema de Información Cultural (SIC)"}},{"type":"Feature","geometry":{"type":"Point","coordinates":[-99.048,19.36409]},"properties":{"id_cultural":"CENTRO_CULTURAL_3729","id_sic":"3729","tipo_cultural":"CENTRO_CULTURAL","nombre":"PILARES Parque Cuitláhuac","fecha_fundacion":"1000-01-01","adscripcion_original":"Secretaría de Cultura de la Ciudad de México","tipo_gestion":"PUBLICO","criterio_clasificacion":"EVIDENCIA_INSTITUCIONAL_PUBLICA","fuente_revision_gestion":"","nota_revision_gestion":"","estado_id":"9","entidad":"Ciudad de México","municipio_id":"7","municipio":"Iztapalapa","localidad_id":"1","localidad":"Iztapalapa","calle_numero":"Av. Genaro Estrada","colonia":"Col. Vicente Guerrero","cp":"","telefono":"55 5134 0770 ext 1806","pagina_web":"https://pilares.cdmx.gob.mx/","email":"coord_comunicacion@pilares.cdmx.gob.mx","facebook":"","twitter":"","instagram":"","aforo":"","tipo_escenario":"","num_pantallas":"","link_sic":"http://sic.gob.mx/ficha.php?table=centro_cultural&table_id=3729","fecha_modificacion":"2024-06-11 11:53:39-06","es_pilares":"SI","dataset_relacionado":"PILARES","revision_manual":"NO","motivo_revision":"","fuente":"Sistema de Información Cultural (SIC)"}},{"type":"Feature","geometry":{"type":"Point","coordinates":[-99.10243,19.34361]},"properties":{"id_cultural":"CENTRO_CULTURAL_3488","id_sic":"3488","tipo_cultural":"CENTRO_CULTURAL","nombre":"PILARES Facundo Cabral","fecha_fundacion":"2019-05-24","adscripcion_original":"Gobierno de la Ciudad de México","tipo_gestion":"PUBLICO","criterio_clasificacion":"EVIDENCIA_INSTITUCIONAL_PUBLICA","fuente_revision_gestion":"","nota_revision_gestion":"","estado_id":"9","entidad":"Ciudad de México","municipio_id":"7","municipio":"Iztapalapa","localidad_id":"1","localidad":"Iztapalapa","calle_numero":"Moctezuma s/n","colonia":"Ampliación Los Reyes Culhuacán","cp":"9849.0","telefono":"55 5134 0770 ext 1806","pagina_web":"https://pilares.cdmx.gob.mx/","email":"coord_comunicacion@pilares.cdmx.gob.mx","facebook":"","twitter":"","instagram":"","aforo":"","tipo_escenario":"","num_pantallas":"","link_sic":"http://sic.gob.mx/ficha.php?table=centro_cultural&table_id=3488","fecha_modificacion":"2025-09-10 17:22:24-06","es_pilares":"SI","dataset_relacionado":"PILARES","revision_manual":"NO","motivo_revision":"","fuente":"Sistema de Información Cultural (SIC)"}},{"type":"Feature","geometry":{"type":"Point","coordinates":[-98.99277,19.34014]},"properties":{"id_cultural":"CENTRO_CULTURAL_3514","id_sic":"3514","tipo_cultural":"CENTRO_CULTURAL","nombre":"PILARES San Miguel Teotongo","fecha_fundacion":"2019-08-24","adscripcion_original":"Secretaría de Cultura de la Ciudad de México","tipo_gestion":"PUBLICO","criterio_clasificacion":"EVIDENCIA_INSTITUCIONAL_PUBLICA","fuente_revision_gestion":"","nota_revision_gestion":"","estado_id":"9","entidad":"Ciudad de México","municipio_id":"7","municipio":"Iztapalapa","localidad_id":"1","localidad":"Iztapalapa","calle_numero":"Av del Paraiso","colonia":"Col. San Miguel Teotongo","cp":"9630.0","telefono":"55 5134 0770 ext 1806","pagina_web":"https://pilares.cdmx.gob.mx/","email":"coord_comunicacion@pilares.cdmx.gob.mx","facebook":"","twitter":"","instagram":"","aforo":"","tipo_escenario":"","num_pantallas":"","link_sic":"http://sic.gob.mx/ficha.php?table=centro_cultural&table_id=3514","fecha_modificacion":"2025-07-01 18:24:44-06","es_pilares":"SI","dataset_relacionado":"PILARES","revision_manual":"NO","motivo_revision":"","fuente":"Sistema de Información Cultural (SIC)"}},{"type":"Feature","geometry":{"type":"Point","coordinates":[-99.03627,19.37176]},"properties":{"id_cultural":"CENTRO_CULTURAL_3749","id_sic":"3749","tipo_cultural":"CENTRO_CULTURAL","nombre":"PILARES Álvaro Obregón","fecha_fundacion":"1000-01-01","adscripcion_original":"Secretaría de Cultura de la Ciudad de México","tipo_gestion":"PUBLICO","criterio_clasificacion":"EVIDENCIA_INSTITUCIONAL_PUBLICA","fuente_revision_gestion":"","nota_revision_gestion":"","estado_id":"9","entidad":"Ciudad de México","municipio_id":"7","municipio":"Iztapalapa","localidad_id":"1","localidad":"Iztapalapa","calle_numero":"Francisco T. Contreras","colonia":"Col. Obregón","cp":"9230.0","telefono":"55 5134 0770 ext 1806","pagina_web":"https://pilares.cdmx.gob.mx/","email":"coord_comunicacion@pilares.cdmx.gob.mx","facebook":"","twitter":"","instagram":"","aforo":"","tipo_escenario":"","num_pantallas":"","link_sic":"http://sic.gob.mx/ficha.php?table=centro_cultural&table_id=3749","fecha_modificacion":"2024-06-11 11:55:21-06","es_pilares":"SI","dataset_relacionado":"PILARES","revision_manual":"NO","motivo_revision":"","fuente":"Sistema de Información Cultural (SIC)"}},{"type":"Feature","geometry":{"type":"Point","coordinates":[-99.00537,19.34031]},"properties":{"id_cultural":"CENTRO_CULTURAL_3577","id_sic":"3577","tipo_cultural":"CENTRO_CULTURAL","nombre":"PILARES Bambú","fecha_fundacion":"1000-01-01","adscripcion_original":"Gobierno de la Ciudad de México","tipo_gestion":"PUBLICO","criterio_clasificacion":"EVIDENCIA_INSTITUCIONAL_PUBLICA","fuente_revision_gestion":"","nota_revision_gestion":"","estado_id":"9","entidad":"Ciudad de México","municipio_id":"7","municipio":"Iztapalapa","localidad_id":"1","localidad":"Iztapalapa","calle_numero":"Calle Uno esq. Lázaro Cárdenas","colonia":"Col. Lomas de la Estancia","cp":"9640.0","telefono":"55 5134 0770 ext 1806","pagina_web":"https://pilares.cdmx.gob.mx/","email":"coord_comunicacion@pilares.cdmx.gob.mx","facebook":"","twitter":"","instagram":"","aforo":"","tipo_escenario":"","num_pantallas":"","link_sic":"http://sic.gob.mx/ficha.php?table=centro_cultural&table_id=3577","fecha_modificacion":"2024-06-26 08:19:20-06","es_pilares":"SI","dataset_relacionado":"PILARES","revision_manual":"NO","motivo_revision":"","fuente":"Sistema de Información Cultural (SIC)"}},{"type":"Feature","geometry":{"type":"Point","coordinates":[-99.06605,19.34663]},"properties":{"id_cultural":"CENTRO_CULTURAL_3750","id_sic":"3750","tipo_cultural":"CENTRO_CULTURAL","nombre":"PILARES Los Ángeles","fecha_fundacion":"1000-01-01","adscripcion_original":"Gobierno de la Ciudad de México","tipo_gestion":"PUBLICO","criterio_clasificacion":"EVIDENCIA_INSTITUCIONAL_PUBLICA","fuente_revision_gestion":"","nota_revision_gestion":"","estado_id":"9","entidad":"Ciudad de México","municipio_id":"7","municipio":"Iztapalapa","localidad_id":"1","localidad":"Iztapalapa","calle_numero":"Calz. Ermita Iztapalapa 2325","colonia":"Col. Los Ángeles","cp":"9830.0","telefono":"55 5134 0770 ext 1806","pagina_web":"https://pilares.cdmx.gob.mx/","email":"coord_comunicacion@pilares.cdmx.gob.mx","facebook":"","twitter":"","instagram":"","aforo":"","tipo_escenario":"","num_pantallas":"","link_sic":"http://sic.gob.mx/ficha.php?table=centro_cultural&table_id=3750","fecha_modificacion":"2024-06-13 13:52:21-06","es_pilares":"SI","dataset_relacionado":"PILARES","revision_manual":"NO","motivo_revision":"","fuente":"Sistema de Información Cultural (SIC)"}},{"type":"Feature","geometry":{"type":"Point","coordinates":[-98.99702,19.33417]},"properties":{"id_cultural":"CENTRO_CULTURAL_3680","id_sic":"3680","tipo_cultural":"CENTRO_CULTURAL","nombre":"PILARES Calmecac","fecha_fundacion":"2021-01-01","adscripcion_original":"Gobierno de la Ciudad de México","tipo_gestion":"PUBLICO","criterio_clasificacion":"EVIDENCIA_INSTITUCIONAL_PUBLICA","fuente_revision_gestion":"","nota_revision_gestion":"","estado_id":"9","entidad":"Ciudad de México","municipio_id":"7","municipio":"Iztapalapa","localidad_id":"1","localidad":"Iztapalapa","calle_numero":"Av. Valle de México s/n","colonia":"Col. Miravalles","cp":"9696.0","telefono":"55 5134 0770 ext 1806","pagina_web":"https://pilares.cdmx.gob.mx/pilares/1718/calmecac","email":"coord_comunicacion@pilares.cdmx.gob.mx","facebook":"","twitter":"","instagram":"","aforo":"","tipo_escenario":"","num_pantallas":"","link_sic":"http://sic.gob.mx/ficha.php?table=centro_cultural&table_id=3680","fecha_modificacion":"2025-09-10 17:58:35-06","es_pilares":"SI","dataset_relacionado":"PILARES","revision_manual":"NO","motivo_revision":"","fuente":"Sistema de Información Cultural (SIC)"}},{"type":"Feature","geometry":{"type":"Point","coordinates":[-98.99626,19.34236]},"properties":{"id_cultural":"CENTRO_CULTURAL_3601","id_sic":"3601","tipo_cultural":"CENTRO_CULTURAL","nombre":"PILARES Ixtlahuacán","fecha_fundacion":"1000-01-01","adscripcion_original":"Secretaría de Cultura de la Ciudad de México","tipo_gestion":"PUBLICO","criterio_clasificacion":"EVIDENCIA_INSTITUCIONAL_PUBLICA","fuente_revision_gestion":"","nota_revision_gestion":"","estado_id":"9","entidad":"Ciudad de México","municipio_id":"7","municipio":"Iztapalapa","localidad_id":"1","localidad":"Iztapalapa","calle_numero":"Av. Lázaro Cárdenas 1","colonia":"Col. Iztlahuacán","cp":"9690.0","telefono":"55 5134 0770 ext 1806","pagina_web":"https://pilares.cdmx.gob.mx/","email":"coord_comunicacion@pilares.cdmx.gob.mx","facebook":"","twitter":"","instagram":"","aforo":"","tipo_escenario":"","num_pantallas":"","link_sic":"http://sic.gob.mx/ficha.php?table=centro_cultural&table_id=3601","fecha_modificacion":"2024-06-07 08:48:25-06","es_pilares":"SI","dataset_relacionado":"PILARES","revision_manual":"NO","motivo_revision":"","fuente":"Sistema de Información Cultural (SIC)"}},{"type":"Feature","geometry":{"type":"Point","coordinates":[-98.98395,19.33315]},"properties":{"id_cultural":"CENTRO_CULTURAL_3530","id_sic":"3530","tipo_cultural":"CENTRO_CULTURAL","nombre":"PILARES Yautlica","fecha_fundacion":"1000-01-01","adscripcion_original":"Gobierno de la Ciudad de México","tipo_gestion":"PUBLICO","criterio_clasificacion":"EVIDENCIA_INSTITUCIONAL_PUBLICA","fuente_revision_gestion":"","nota_revision_gestion":"","estado_id":"9","entidad":"Ciudad de México","municipio_id":"7","municipio":"Iztapalapa","localidad_id":"1","localidad":"Iztapalapa","calle_numero":"Av. de las Torres","colonia":"Col. Ampliación Emiliano Zapata","cp":"9637.0","telefono":"55 5134 0770 ext 1806","pagina_web":"https://pilares.cdmx.gob.mx/","email":"coord_comunicacion@pilares.cdmx.gob.mx","facebook":"","twitter":"","instagram":"","aforo":"","tipo_escenario":"","num_pantallas":"","link_sic":"http://sic.gob.mx/ficha.php?table=centro_cultural&table_id=3530","fecha_modificacion":"2024-06-11 14:33:48-06","es_pilares":"SI","dataset_relacionado":"PILARES","revision_manual":"NO","motivo_revision":"","fuente":"Sistema de Información Cultural (SIC)"}},{"type":"Feature","geometry":{"type":"Point","coordinates":[-99.05634,19.35275]},"properties":{"id_cultural":"CENTRO_CULTURAL_3550","id_sic":"3550","tipo_cultural":"CENTRO_CULTURAL","nombre":"PILARES Emilio Rosas","fecha_fundacion":"1000-01-01","adscripcion_original":"Gobierno de la Ciudad de México","tipo_gestion":"PUBLICO","criterio_clasificacion":"EVIDENCIA_INSTITUCIONAL_PUBLICA","fuente_revision_gestion":"","nota_revision_gestion":"","estado_id":"9","entidad":"Ciudad de México","municipio_id":"7","municipio":"Iztapalapa","localidad_id":"1","localidad":"Iztapalapa","calle_numero":"Segunda Cerrada de Emilio Rosas 38","colonia":"Unidad Habitacional Vicente Guerrero","cp":"9200.0","telefono":"55 5134 0770 ext 1806","pagina_web":"https://pilares.cdmx.gob.mx/","email":"coord_comunicacion@pilares.cdmx.gob.mx","facebook":"","twitter":"","instagram":"","aforo":"","tipo_escenario":"","num_pantallas":"","link_sic":"http://sic.gob.mx/ficha.php?table=centro_cultural&table_id=3550","fecha_modificacion":"2024-06-20 14:46:03-06","es_pilares":"SI","dataset_relacionado":"PILARES","revision_manual":"NO","motivo_revision":"","fuente":"Sistema de Información Cultural (SIC)"}},{"type":"Feature","geometry":{"type":"Point","coordinates":[-99.06539,19.32101]},"properties":{"id_cultural":"CENTRO_CULTURAL_3731","id_sic":"3731","tipo_cultural":"CENTRO_CULTURAL","nombre":"PILARES Lomas de San Lorenzo","fecha_fundacion":"1000-01-01","adscripcion_original":"Secretaría de Cultura de la Ciudad de México","tipo_gestion":"PUBLICO","criterio_clasificacion":"EVIDENCIA_INSTITUCIONAL_PUBLICA","fuente_revision_gestion":"","nota_revision_gestion":"","estado_id":"9","entidad":"Ciudad de México","municipio_id":"7","municipio":"Iztapalapa","localidad_id":"1","localidad":"Iztapalapa","calle_numero":"Av. Prol. Reforma s/n","colonia":"Col. Lomas de San Lorenzo","cp":"","telefono":"55 5134 0770 ext 1806","pagina_web":"https://pilares.cdmx.gob.mx/","email":"coord_comunicacion@pilares.cdmx.gob.mx","facebook":"","twitter":"","instagram":"","aforo":"","tipo_escenario":"","num_pantallas":"","link_sic":"http://sic.gob.mx/ficha.php?table=centro_cultural&table_id=3731","fecha_modificacion":"2024-06-11 08:15:16-06","es_pilares":"SI","dataset_relacionado":"PILARES","revision_manual":"NO","motivo_revision":"","fuente":"Sistema de Información Cultural (SIC)"}},{"type":"Feature","geometry":{"type":"Point","coordinates":[-99.08569,19.36247]},"properties":{"id_cultural":"CENTRO_CULTURAL_2763","id_sic":"2763","tipo_cultural":"CENTRO_CULTURAL","nombre":"Casa de Cultura Tlapacaloyan","fecha_fundacion":"2010-08-10","adscripcion_original":"Alcaldía Iztapalapa","tipo_gestion":"PUBLICO","criterio_clasificacion":"EVIDENCIA_INSTITUCIONAL_PUBLICA","fuente_revision_gestion":"","nota_revision_gestion":"","estado_id":"9","entidad":"Ciudad de México","municipio_id":"7","municipio":"Iztapalapa","localidad_id":"1","localidad":"Iztapalapa","calle_numero":"Cda. de Morelos s/n casi esq. Allende","colonia":"Barrio San Pedro","cp":"9000.0","telefono":"55 4801 9348","pagina_web":"https://culturaiztapalapa.wordpress.com/2012/09/25/casa-de-cultura-y-lavaderos-comunitarios-san-pedro/","email":"karenrayaz@gmail.com","facebook":"","twitter":"","instagram":"","aforo":"","tipo_escenario":"","num_pantallas":"","link_sic":"http://sic.gob.mx/ficha.php?table=centro_cultural&table_id=2763","fecha_modificacion":"2026-04-14 11:31:26-06","es_pilares":"NO","dataset_relacionado":"","revision_manual":"NO","motivo_revision":"","fuente":"Sistema de Información Cultural (SIC)"}},{"type":"Feature","geometry":{"type":"Point","coordinates":[-99.10804,19.36998]},"properties":{"id_cultural":"CENTRO_CULTURAL_3536","id_sic":"3536","tipo_cultural":"CENTRO_CULTURAL","nombre":"PILARES Escuadrón 201","fecha_fundacion":"1000-01-01","adscripcion_original":"Secretaría de Cultura de la Ciudad de México","tipo_gestion":"PUBLICO","criterio_clasificacion":"EVIDENCIA_INSTITUCIONAL_PUBLICA","fuente_revision_gestion":"","nota_revision_gestion":"","estado_id":"9","entidad":"Ciudad de México","municipio_id":"7","municipio":"Iztapalapa","localidad_id":"1","localidad":"Iztapalapa","calle_numero":"Eje 3 Ote. s/n esq. Cto. Int. Río Churubusco","colonia":"Col. Escuadrón 201","cp":"9410.0","telefono":"55 5134 0770 ext 1806","pagina_web":"https://pilares.cdmx.gob.mx/","email":"coord_comunicacion@pilares.cdmx.gob.mx","facebook":"","twitter":"","instagram":"","aforo":"","tipo_escenario":"","num_pantallas":"","link_sic":"http://sic.gob.mx/ficha.php?table=centro_cultural&table_id=3536","fecha_modificacion":"2024-06-13 08:12:40-06","es_pilares":"SI","dataset_relacionado":"PILARES","revision_manual":"NO","motivo_revision":"","fuente":"Sistema de Información Cultural (SIC)"}},{"type":"Feature","geometry":{"type":"Point","coordinates":[-99.05379,19.39857]},"properties":{"id_cultural":"CENTRO_CULTURAL_1683","id_sic":"1683","tipo_cultural":"CENTRO_CULTURAL","nombre":"Centro Cultural Multidisciplinario El Casetón","fecha_fundacion":"2003-03-04","adscripcion_original":"Alcaldía Iztapalapa","tipo_gestion":"PUBLICO","criterio_clasificacion":"EVIDENCIA_INSTITUCIONAL_PUBLICA","fuente_revision_gestion":"","nota_revision_gestion":"","estado_id":"9","entidad":"Ciudad de México","municipio_id":"7","municipio":"Iztapalapa","localidad_id":"1","localidad":"Iztapalapa","calle_numero":"Coronel S. Elías González s/n","colonia":"Col. Juan Escutia","cp":"9100.0","telefono":"55 2235 0870","pagina_web":"","email":"promocionculturaliztapalapa@gmail.com","facebook":"","twitter":"","instagram":"","aforo":"","tipo_escenario":"","num_pantallas":"","link_sic":"http://sic.gob.mx/ficha.php?table=centro_cultural&table_id=1683","fecha_modificacion":"2021-10-15 08:51:30-05","es_pilares":"NO","dataset_relacionado":"","revision_manual":"NO","motivo_revision":"","fuente":"Sistema de Información Cultural (SIC)"}},{"type":"Feature","geometry":{"type":"Point","coordinates":[-99.00984,19.36309]},"properties":{"id_cultural":"CENTRO_CULTURAL_3361","id_sic":"3361","tipo_cultural":"CENTRO_CULTURAL","nombre":"Centro Cultural Acatitlan","fecha_fundacion":"2012-02-03","adscripcion_original":"Alcaldía Iztapalapa","tipo_gestion":"PUBLICO","criterio_clasificacion":"EVIDENCIA_INSTITUCIONAL_PUBLICA","fuente_revision_gestion":"","nota_revision_gestion":"","estado_id":"9","entidad":"Ciudad de México","municipio_id":"7","municipio":"Iztapalapa","localidad_id":"1","localidad":"Iztapalapa","calle_numero":"Benito Juárez s/n esq. Gabriel Tepepan","colonia":"Pueblo Santa Martha Acatitla","cp":"","telefono":"","pagina_web":"https://www.facebook.com/Centro-Cultural-Acatitlan-1248103391941666","email":"centro.cultural.acatitlan@gmail.com","facebook":"","twitter":"","instagram":"","aforo":"","tipo_escenario":"","num_pantallas":"","link_sic":"http://sic.gob.mx/ficha.php?table=centro_cultural&table_id=3361","fecha_modificacion":"2021-10-15 08:52:05-05","es_pilares":"NO","dataset_relacionado":"","revision_manual":"NO","motivo_revision":"","fuente":"Sistema de Información Cultural (SIC)"}},{"type":"Feature","geometry":{"type":"Point","coordinates":[-99.02893,19.37536]},"properties":{"id_cultural":"CENTRO_CULTURAL_3364","id_sic":"3364","tipo_cultural":"CENTRO_CULTURAL","nombre":"Cultura Urbana del Barrio Organizado (CUBO)","fecha_fundacion":"2012-12-17","adscripcion_original":"Alcaldía Iztapalapa","tipo_gestion":"PUBLICO","criterio_clasificacion":"EVIDENCIA_INSTITUCIONAL_PUBLICA","fuente_revision_gestion":"","nota_revision_gestion":"","estado_id":"9","entidad":"Ciudad de México","municipio_id":"7","municipio":"Iztapalapa","localidad_id":"1","localidad":"Iztapalapa","calle_numero":"Totli 40","colonia":"Col. El Paraíso","cp":"9230.0","telefono":"55 4565 8976","pagina_web":"","email":"promocionculturaliztapalapa@gmail.com","facebook":"","twitter":"","instagram":"","aforo":"","tipo_escenario":"","num_pantallas":"","link_sic":"http://sic.gob.mx/ficha.php?table=centro_cultural&table_id=3364","fecha_modificacion":"2026-04-15 09:20:14-06","es_pilares":"NO","dataset_relacionado":"","revision_manual":"NO","motivo_revision":"","fuente":"Sistema de Información Cultural (SIC)"}},{"type":"Feature","geometry":{"type":"Point","coordinates":[-99.06542,19.32501]},"properties":{"id_cultural":"CENTRO_CULTURAL_3795","id_sic":"3795","tipo_cultural":"CENTRO_CULTURAL","nombre":"Utopía Libertad","fecha_fundacion":"2023-02-26","adscripcion_original":"Alcaldía Iztapalapa","tipo_gestion":"PUBLICO","criterio_clasificacion":"EVIDENCIA_INSTITUCIONAL_PUBLICA","fuente_revision_gestion":"","nota_revision_gestion":"","estado_id":"9","entidad":"Ciudad de México","municipio_id":"7","municipio":"Iztapalapa","localidad_id":"1","localidad":"Iztapalapa","calle_numero":"Río Nilo y Av. Reforma","colonia":"Col. Lomas de San Lorenzo","cp":"9780.0","telefono":"55 5445 1076","pagina_web":"https://utopias.mx/utopia-libertad-iztapalapa-cdmx-mexico.php","email":"talleresculturaiztapalapa@gmail.com","facebook":"","twitter":"","instagram":"","aforo":"","tipo_escenario":"","num_pantallas":"","link_sic":"http://sic.gob.mx/ficha.php?table=centro_cultural&table_id=3795","fecha_modificacion":"2025-02-25 14:40:32-06","es_pilares":"NO","dataset_relacionado":"","revision_manual":"NO","motivo_revision":"","fuente":"Sistema de Información Cultural (SIC)"}},{"type":"Feature","geometry":{"type":"Point","coordinates":[-99.04764,19.31567]},"properties":{"id_cultural":"CENTRO_CULTURAL_3860","id_sic":"3860","tipo_cultural":"CENTRO_CULTURAL","nombre":"Quiosco de Música Kithara","fecha_fundacion":"2022-01-01","adscripcion_original":"Fundación Kithara","tipo_gestion":"PRIVADO","criterio_clasificacion":"EVIDENCIA_INSTITUCIONAL_PRIVADA","fuente_revision_gestion":"","nota_revision_gestion":"","estado_id":"9","entidad":"Ciudad de México","municipio_id":"7","municipio":"Iztapalapa","localidad_id":"1","localidad":"Iztapalapa","calle_numero":"Roque Dalton esq. Miguel Rodríguez","colonia":"Predio Yuguelito","cp":"9790.0","telefono":"","pagina_web":"","email":"","facebook":"","twitter":"","instagram":"","aforo":"","tipo_escenario":"","num_pantallas":"","link_sic":"http://sic.gob.mx/ficha.php?table=centro_cultural&table_id=3860","fecha_modificacion":"2025-02-10 17:36:34-06","es_pilares":"NO","dataset_relacionado":"","revision_manual":"NO","motivo_revision":"","fuente":"Sistema de Información Cultural (SIC)"}},{"type":"Feature","geometry":{"type":"Point","coordinates":[-99.0538,19.36254]},"properties":{"id_cultural":"CENTRO_CULTURAL_1026","id_sic":"1026","tipo_cultural":"CENTRO_CULTURAL","nombre":"Centro Cultural Vicente Lombardo Toledano","fecha_fundacion":"1994-05-27","adscripcion_original":"Centro Cultural Vicente Lombardo Toledano, A.C.","tipo_gestion":"PRIVADO","criterio_clasificacion":"EVIDENCIA_INSTITUCIONAL_PRIVADA","fuente_revision_gestion":"","nota_revision_gestion":"","estado_id":"9","entidad":"Ciudad de México","municipio_id":"7","municipio":"Iztapalapa","localidad_id":"1","localidad":"Iztapalapa","calle_numero":"Eje 6 s/n esq. 2da de Jacinto Huitrón","colonia":"Unidad Habitacional Vicente Guerrero","cp":"9200.0","telefono":"55 5691 0365","pagina_web":"","email":"","facebook":"","twitter":"","instagram":"","aforo":"","tipo_escenario":"","num_pantallas":"","link_sic":"http://sic.gob.mx/ficha.php?table=centro_cultural&table_id=1026","fecha_modificacion":"2020-04-20 03:40:09-05","es_pilares":"NO","dataset_relacionado":"","revision_manual":"NO","motivo_revision":"","fuente":"Sistema de Información Cultural (SIC)"}},{"type":"Feature","geometry":{"type":"Point","coordinates":[-99.06244,19.29213]},"properties":{"id_cultural":"CENTRO_CULTURAL_3635","id_sic":"3635","tipo_cultural":"CENTRO_CULTURAL","nombre":"PILARES El Molino","fecha_fundacion":"1000-01-01","adscripcion_original":"Gobierno de la Ciudad de México","tipo_gestion":"PUBLICO","criterio_clasificacion":"EVIDENCIA_INSTITUCIONAL_PUBLICA","fuente_revision_gestion":"","nota_revision_gestion":"","estado_id":"9","entidad":"Ciudad de México","municipio_id":"7","municipio":"Iztapalapa","localidad_id":"1","localidad":"Iztapalapa","calle_numero":"Calle Piraña esq. Derechos Democráticos s/n","colonia":"La Planta","cp":"9960.0","telefono":"55 5134 0770 ext 1806","pagina_web":"https://pilares.cdmx.gob.mx/","email":"coord_comunicacion@pilares.cdmx.gob.mx","facebook":"","twitter":"","instagram":"","aforo":"","tipo_escenario":"","num_pantallas":"","link_sic":"http://sic.gob.mx/ficha.php?table=centro_cultural&table_id=3635","fecha_modificacion":"2024-06-10 13:54:14-06","es_pilares":"SI","dataset_relacionado":"PILARES","revision_manual":"NO","motivo_revision":"","fuente":"Sistema de Información Cultural (SIC)"}},{"type":"Feature","geometry":{"type":"Point","coordinates":[-99.02607,19.33896]},"properties":{"id_cultural":"CENTRO_CULTURAL_3513","id_sic":"3513","tipo_cultural":"CENTRO_CULTURAL","nombre":"PILARES Palmitas","fecha_fundacion":"1000-01-01","adscripcion_original":"Gobierno de la Ciudad de México","tipo_gestion":"PUBLICO","criterio_clasificacion":"EVIDENCIA_INSTITUCIONAL_PUBLICA","fuente_revision_gestion":"","nota_revision_gestion":"","estado_id":"9","entidad":"Ciudad de México","municipio_id":"7","municipio":"Iztapalapa","localidad_id":"1","localidad":"Iztapalapa","calle_numero":"Nativitas s/n","colonia":"Palmitas","cp":"9670.0","telefono":"55 5134 0770 ext 1806","pagina_web":"https://pilares.cdmx.gob.mx/","email":"coord_comunicacion@pilares.cdmx.gob.mx","facebook":"","twitter":"","instagram":"","aforo":"","tipo_escenario":"","num_pantallas":"","link_sic":"http://sic.gob.mx/ficha.php?table=centro_cultural&table_id=3513","fecha_modificacion":"2024-06-10 14:24:16-06","es_pilares":"SI","dataset_relacionado":"PILARES","revision_manual":"NO","motivo_revision":"","fuente":"Sistema de Información Cultural (SIC)"}},{"type":"Feature","geometry":{"type":"Point","coordinates":[-99.03217,19.34254]},"properties":{"id_cultural":"CENTRO_CULTURAL_3796","id_sic":"3796","tipo_cultural":"CENTRO_CULTURAL","nombre":"Utopía Papalotl","fecha_fundacion":"2021-11-10","adscripcion_original":"Alcaldía Iztapalapa","tipo_gestion":"PUBLICO","criterio_clasificacion":"EVIDENCIA_INSTITUCIONAL_PUBLICA","fuente_revision_gestion":"","nota_revision_gestion":"","estado_id":"9","entidad":"Ciudad de México","municipio_id":"7","municipio":"Iztapalapa","localidad_id":"1","localidad":"Iztapalapa","calle_numero":"3er Retorno Reforma Económica 52 (La Ford)","colonia":"Col. Reforma Política","cp":"9730.0","telefono":"55 5445 1076","pagina_web":"https://www.utopiasiztapalapa.com/utopia-papalotl-iztapalapa-cdmx-mexico.php","email":"utopiapapalotl@gmail.com","facebook":"","twitter":"","instagram":"","aforo":"","tipo_escenario":"","num_pantallas":"","link_sic":"http://sic.gob.mx/ficha.php?table=centro_cultural&table_id=3796","fecha_modificacion":"2025-01-20 11:11:39-06","es_pilares":"NO","dataset_relacionado":"","revision_manual":"NO","motivo_revision":"","fuente":"Sistema de Información Cultural (SIC)"}},{"type":"Feature","geometry":{"type":"Point","coordinates":[-99.00816,19.34636]},"properties":{"id_cultural":"CENTRO_CULTURAL_2757","id_sic":"2757","tipo_cultural":"CENTRO_CULTURAL","nombre":"Centro Cultural Acahualtepec","fecha_fundacion":"2011-08-19","adscripcion_original":"Gobierno de la Ciudad de México","tipo_gestion":"PUBLICO","criterio_clasificacion":"EVIDENCIA_INSTITUCIONAL_PUBLICA","fuente_revision_gestion":"","nota_revision_gestion":"","estado_id":"9","entidad":"Ciudad de México","municipio_id":"7","municipio":"Iztapalapa","localidad_id":"1","localidad":"Iztapalapa","calle_numero":"Oro s/n","colonia":"Col. Segunda Ampl. Santiago Acahualtepec","cp":"9609.0","telefono":"(55) 1719 3000 ext. 1444","pagina_web":"","email":"cultura@iztapalapa.gob.mx","facebook":"","twitter":"","instagram":"","aforo":"","tipo_escenario":"","num_pantallas":"","link_sic":"http://sic.gob.mx/ficha.php?table=centro_cultural&table_id=2757","fecha_modificacion":"2020-04-20 14:36:21-05","es_pilares":"NO","dataset_relacionado":"","revision_manual":"NO","motivo_revision":"","fuente":"Sistema de Información Cultural (SIC)"}},{"type":"Feature","geometry":{"type":"Point","coordinates":[-99.01638,19.37106]},"properties":{"id_cultural":"CENTRO_CULTURAL_3602","id_sic":"3602","tipo_cultural":"CENTRO_CULTURAL","nombre":"PILARES República Federal","fecha_fundacion":"1000-01-01","adscripcion_original":"Gobierno de la Ciudad de México","tipo_gestion":"PUBLICO","criterio_clasificacion":"EVIDENCIA_INSTITUCIONAL_PUBLICA","fuente_revision_gestion":"","nota_revision_gestion":"","estado_id":"9","entidad":"Ciudad de México","municipio_id":"7","municipio":"Iztapalapa","localidad_id":"1","localidad":"Iztapalapa","calle_numero":"Luis García 151","colonia":"Zona Urbana Ejidal Santa Martha Acatitla Sur","cp":"9530.0","telefono":"55 5134 0770 ext 1806","pagina_web":"https://pilares.cdmx.gob.mx/","email":"coord_comunicacion@pilares.cdmx.gob.mx","facebook":"","twitter":"","instagram":"","aforo":"","tipo_escenario":"","num_pantallas":"","link_sic":"http://sic.gob.mx/ficha.php?table=centro_cultural&table_id=3602","fecha_modificacion":"2024-06-24 14:15:20-06","es_pilares":"SI","dataset_relacionado":"PILARES","revision_manual":"NO","motivo_revision":"","fuente":"Sistema de Información Cultural (SIC)"}},{"type":"Feature","geometry":{"type":"Point","coordinates":[-99.00747,19.3405]},"properties":{"id_cultural":"CENTRO_CULTURAL_3686","id_sic":"3686","tipo_cultural":"CENTRO_CULTURAL","nombre":"PILARES Lomas de la Estancia","fecha_fundacion":"1000-01-01","adscripcion_original":"Secretaría de Cultura de la Ciudad de México","tipo_gestion":"PUBLICO","criterio_clasificacion":"EVIDENCIA_INSTITUCIONAL_PUBLICA","fuente_revision_gestion":"","nota_revision_gestion":"","estado_id":"9","entidad":"Ciudad de México","municipio_id":"7","municipio":"Iztapalapa","localidad_id":"1","localidad":"Iztapalapa","calle_numero":"Cam. a las Minas s/n","colonia":"Col. Lomas de la Estancia","cp":"9609.0","telefono":"55 5134 0770 ext 1806","pagina_web":"https://pilares.cdmx.gob.mx/","email":"coord_comunicacion@pilares.cdmx.gob.mx","facebook":"","twitter":"","instagram":"","aforo":"","tipo_escenario":"","num_pantallas":"","link_sic":"http://sic.gob.mx/ficha.php?table=centro_cultural&table_id=3686","fecha_modificacion":"2024-06-06 11:36:07-06","es_pilares":"SI","dataset_relacionado":"PILARES","revision_manual":"NO","motivo_revision":"","fuente":"Sistema de Información Cultural (SIC)"}},{"type":"Feature","geometry":{"type":"Point","coordinates":[-99.07081,19.3636]},"properties":{"id_cultural":"CENTRO_CULTURAL_3809","id_sic":"3809","tipo_cultural":"CENTRO_CULTURAL","nombre":"Utopía de las Mujeres Cihuacoatl","fecha_fundacion":"2024-09-12","adscripcion_original":"Alcaldía Iztapalapa","tipo_gestion":"PUBLICO","criterio_clasificacion":"EVIDENCIA_INSTITUCIONAL_PUBLICA","fuente_revision_gestion":"","nota_revision_gestion":"","estado_id":"9","entidad":"Ciudad de México","municipio_id":"7","municipio":"Iztapalapa","localidad_id":"1","localidad":"Iztapalapa","calle_numero":"La Purísima 230 entre Calle 10 y Calle 12","colonia":"Col. Leyes de Reforma 1ra Secc.","cp":"9310.0","telefono":"55 5443 9349","pagina_web":"https://www.utopiasiztapalapa.com/","email":"talleresculturaiztapalapa@gmail.com","facebook":"","twitter":"","instagram":"","aforo":"","tipo_escenario":"","num_pantallas":"","link_sic":"http://sic.gob.mx/ficha.php?table=centro_cultural&table_id=3809","fecha_modificacion":"2025-01-17 14:00:04-06","es_pilares":"NO","dataset_relacionado":"","revision_manual":"NO","motivo_revision":"","fuente":"Sistema de Información Cultural (SIC)"}},{"type":"Feature","geometry":{"type":"Point","coordinates":[-99.08152,19.34544]},"properties":{"id_cultural":"CENTRO_CULTURAL_3489","id_sic":"3489","tipo_cultural":"CENTRO_CULTURAL","nombre":"PILARES Cerro de La Estrella","fecha_fundacion":"2019-05-24","adscripcion_original":"Secretaría de Cultura de la Ciudad de México","tipo_gestion":"PUBLICO","criterio_clasificacion":"EVIDENCIA_INSTITUCIONAL_PUBLICA","fuente_revision_gestion":"","nota_revision_gestion":"","estado_id":"9","entidad":"Ciudad de México","municipio_id":"7","municipio":"Iztapalapa","localidad_id":"1","localidad":"Iztapalapa","calle_numero":"Chocolín 24","colonia":"Col. San Juan Cerro","cp":"9839.0","telefono":"55 5134 0770 ext 1806","pagina_web":"https://pilares.cdmx.gob.mx/","email":"coord_comunicacion@pilares.cdmx.gob.mx","facebook":"","twitter":"","instagram":"","aforo":"","tipo_escenario":"","num_pantallas":"","link_sic":"http://sic.gob.mx/ficha.php?table=centro_cultural&table_id=3489","fecha_modificacion":"2025-06-02 19:09:24-06","es_pilares":"SI","dataset_relacionado":"PILARES","revision_manual":"NO","motivo_revision":"","fuente":"Sistema de Información Cultural (SIC)"}},{"type":"Feature","geometry":{"type":"Point","coordinates":[-99.115,19.38147]},"properties":{"id_cultural":"CENTRO_CULTURAL_3677","id_sic":"3677","tipo_cultural":"CENTRO_CULTURAL","nombre":"PILARES Apatlaco","fecha_fundacion":"1000-01-01","adscripcion_original":"Gobierno de la Ciudad de México","tipo_gestion":"PUBLICO","criterio_clasificacion":"EVIDENCIA_INSTITUCIONAL_PUBLICA","fuente_revision_gestion":"","nota_revision_gestion":"","estado_id":"9","entidad":"Ciudad de México","municipio_id":"7","municipio":"Iztapalapa","localidad_id":"1","localidad":"Iztapalapa","calle_numero":"Av. Canal Apatlaco 227 esq. Felipe Ángeles","colonia":"Col. Apatlaco","cp":"9430.0","telefono":"55 5134 0770 ext 1806","pagina_web":"https://pilares.cdmx.gob.mx/","email":"coord_comunicacion@pilares.cdmx.gob.mx","facebook":"","twitter":"","instagram":"","aforo":"","tipo_escenario":"","num_pantallas":"","link_sic":"http://sic.gob.mx/ficha.php?table=centro_cultural&table_id=3677","fecha_modificacion":"2024-06-12 12:52:57-06","es_pilares":"SI","dataset_relacionado":"PILARES","revision_manual":"NO","motivo_revision":"","fuente":"Sistema de Información Cultural (SIC)"}},{"type":"Feature","geometry":{"type":"Point","coordinates":[-99.0431,19.32727]},"properties":{"id_cultural":"CENTRO_CULTURAL_3799","id_sic":"3799","tipo_cultural":"CENTRO_CULTURAL","nombre":"Utopía Quetzalcoatl","fecha_fundacion":"2021-12-19","adscripcion_original":"Alcaldía Iztapalapa","tipo_gestion":"PUBLICO","criterio_clasificacion":"EVIDENCIA_INSTITUCIONAL_PUBLICA","fuente_revision_gestion":"","nota_revision_gestion":"","estado_id":"9","entidad":"Ciudad de México","municipio_id":"7","municipio":"Iztapalapa","localidad_id":"1","localidad":"Iztapalapa","calle_numero":"Manuel Cañas 2864","colonia":"Col. Desarrollo Urbano Quetzalcóatl","cp":"9700.0","telefono":"55 5445 1076","pagina_web":"https://utopias.mx/utopia-quetzalcoatl-iztapalapa-cdmx-mexico.php","email":"Hola@UtopiasIztapalapa.com","facebook":"","twitter":"","instagram":"","aforo":"","tipo_escenario":"","num_pantallas":"","link_sic":"http://sic.gob.mx/ficha.php?table=centro_cultural&table_id=3799","fecha_modificacion":"2025-01-16 11:58:08-06","es_pilares":"NO","dataset_relacionado":"","revision_manual":"NO","motivo_revision":"","fuente":"Sistema de Información Cultural (SIC)"}},{"type":"Feature","geometry":{"type":"Point","coordinates":[-99.07367,19.31022]},"properties":{"id_cultural":"CENTRO_CULTURAL_3800","id_sic":"3800","tipo_cultural":"CENTRO_CULTURAL","nombre":"Utopía Tezontli","fecha_fundacion":"2021-03-07","adscripcion_original":"Alcaldía Iztapalapa","tipo_gestion":"PUBLICO","criterio_clasificacion":"EVIDENCIA_INSTITUCIONAL_PUBLICA","fuente_revision_gestion":"","nota_revision_gestion":"","estado_id":"9","entidad":"Ciudad de México","municipio_id":"7","municipio":"Iztapalapa","localidad_id":"1","localidad":"Iztapalapa","calle_numero":"Miguel Lerdo de Tejada 32","colonia":"Barrio San Antonio. Pueblo de San Lorenzo Tezonco","cp":"9900.0","telefono":"55 5206 1022","pagina_web":"https://utopias.mx/utopia-tezontli-iztapalapa-cdmx-mexico.php","email":"talleresculturaiztapalapa@gmail.com","facebook":"","twitter":"","instagram":"","aforo":"","tipo_escenario":"","num_pantallas":"","link_sic":"http://sic.gob.mx/ficha.php?table=centro_cultural&table_id=3800","fecha_modificacion":"2025-01-16 18:27:11-06","es_pilares":"NO","dataset_relacionado":"","revision_manual":"NO","motivo_revision":"","fuente":"Sistema de Información Cultural (SIC)"}},{"type":"Feature","geometry":{"type":"Point","coordinates":[-99.01945,19.34488]},"properties":{"id_cultural":"CENTRO_CULTURAL_3803","id_sic":"3803","tipo_cultural":"CENTRO_CULTURAL","nombre":"Utopía Atzintli","fecha_fundacion":"2021-10-24","adscripcion_original":"Alcaldía Iztapalapa","tipo_gestion":"PUBLICO","criterio_clasificacion":"EVIDENCIA_INSTITUCIONAL_PUBLICA","fuente_revision_gestion":"","nota_revision_gestion":"","estado_id":"9","entidad":"Ciudad de México","municipio_id":"7","municipio":"Iztapalapa","localidad_id":"1","localidad":"Iztapalapa","calle_numero":"Av. Paraíso s/n esq. Av. Ermita Iztapalapa","colonia":"Col. Xalpa La Quebradora","cp":"9640.0","telefono":"55 5445 1076","pagina_web":"https://utopias.mx/utopia-atzintli-iztapalapa-cdmx-mexico.php","email":"talleresculturaiztapalapa@gmail.com","facebook":"","twitter":"","instagram":"","aforo":"","tipo_escenario":"","num_pantallas":"","link_sic":"http://sic.gob.mx/ficha.php?table=centro_cultural&table_id=3803","fecha_modificacion":"2025-04-16 12:34:33-06","es_pilares":"NO","dataset_relacionado":"","revision_manual":"NO","motivo_revision":"","fuente":"Sistema de Información Cultural (SIC)"}},{"type":"Feature","geometry":{"type":"Point","coordinates":[-99.06631,19.34103]},"properties":{"id_cultural":"CENTRO_CULTURAL_3586","id_sic":"3586","tipo_cultural":"CENTRO_CULTURAL","nombre":"PILARES Carlota Botey","fecha_fundacion":"2021-09-10","adscripcion_original":"Secretaría de Cultura de la Ciudad de México","tipo_gestion":"PUBLICO","criterio_clasificacion":"EVIDENCIA_INSTITUCIONAL_PUBLICA","fuente_revision_gestion":"","nota_revision_gestion":"","estado_id":"9","entidad":"Ciudad de México","municipio_id":"7","municipio":"Iztapalapa","localidad_id":"1","localidad":"Iztapalapa","calle_numero":"Verbena s/n","colonia":"Col. Los Ángeles","cp":"9830.0","telefono":"55 5134 0770 ext 1806","pagina_web":"https://pilares.cdmx.gob.mx/","email":"pilarescarlotabotey@gmail.com","facebook":"","twitter":"","instagram":"","aforo":"","tipo_escenario":"","num_pantallas":"","link_sic":"http://sic.gob.mx/ficha.php?table=centro_cultural&table_id=3586","fecha_modificacion":"2025-11-25 16:44:46-06","es_pilares":"SI","dataset_relacionado":"PILARES","revision_manual":"NO","motivo_revision":"","fuente":"Sistema de Información Cultural (SIC)"}},{"type":"Feature","geometry":{"type":"Point","coordinates":[-99.01009,19.36994]},"properties":{"id_cultural":"CENTRO_CULTURAL_1017","id_sic":"1017","tipo_cultural":"CENTRO_CULTURAL","nombre":"Fábrica de Artes y Oficios (FARO) de Oriente","fecha_fundacion":"2000-06-24","adscripcion_original":"Secretaría de Cultura de la Ciudad de México/Dirección General de Vinculación Cultural Comunitaria/Red de Faros","tipo_gestion":"PUBLICO","criterio_clasificacion":"EVIDENCIA_INSTITUCIONAL_PUBLICA","fuente_revision_gestion":"","nota_revision_gestion":"","estado_id":"9","entidad":"Ciudad de México","municipio_id":"7","municipio":"Iztapalapa","localidad_id":"1","localidad":"Iztapalapa","calle_numero":"Calz. Ignacio Zaragoza s/n","colonia":"Col. Fuentes de Zaragoza","cp":"9150.0","telefono":"55 5738 8209","pagina_web":"https://www.cultura.cdmx.gob.mx/recintos/faro-oriente","email":"cdifusion.farodeoriente@gmail.com; culturacomunitariaweb@gmail.com","facebook":"","twitter":"","instagram":"","aforo":"","tipo_escenario":"","num_pantallas":"","link_sic":"http://sic.gob.mx/ficha.php?table=centro_cultural&table_id=1017","fecha_modificacion":"2026-08-03 12:39:25-06","es_pilares":"NO","dataset_relacionado":"","revision_manual":"NO","motivo_revision":"","fuente":"Sistema de Información Cultural (SIC)"}},{"type":"Feature","geometry":{"type":"Point","coordinates":[-99.05911,19.35488]},"properties":{"id_cultural":"CENTRO_CULTURAL_3733","id_sic":"3733","tipo_cultural":"CENTRO_CULTURAL","nombre":"PILARES Vicente Guerrero","fecha_fundacion":"1000-01-01","adscripcion_original":"Gobierno de la Ciudad de México","tipo_gestion":"PUBLICO","criterio_clasificacion":"EVIDENCIA_INSTITUCIONAL_PUBLICA","fuente_revision_gestion":"","nota_revision_gestion":"","estado_id":"9","entidad":"Ciudad de México","municipio_id":"7","municipio":"Iztapalapa","localidad_id":"1","localidad":"Iztapalapa","calle_numero":"Anillo Periférico Canal de San Juan s/n","colonia":"Unidad Vicente Guerrero","cp":"9200.0","telefono":"55 5134 0770 ext 1806","pagina_web":"https://pilares.cdmx.gob.mx/","email":"coord_comunicacion@pilares.cdmx.gob.mx","facebook":"","twitter":"","instagram":"","aforo":"","tipo_escenario":"","num_pantallas":"","link_sic":"http://sic.gob.mx/ficha.php?table=centro_cultural&table_id=3733","fecha_modificacion":"2024-06-18 13:34:21-06","es_pilares":"SI","dataset_relacionado":"PILARES","revision_manual":"NO","motivo_revision":"","fuente":"Sistema de Información Cultural (SIC)"}},{"type":"Feature","geometry":{"type":"Point","coordinates":[-99.05729,19.38665]},"properties":{"id_cultural":"CENTRO_CULTURAL_3730","id_sic":"3730","tipo_cultural":"CENTRO_CULTURAL","nombre":"PILARES Ejército Constitucionalista","fecha_fundacion":"2021-12-01","adscripcion_original":"Gobierno de la Ciudad de México","tipo_gestion":"PUBLICO","criterio_clasificacion":"EVIDENCIA_INSTITUCIONAL_PUBLICA","fuente_revision_gestion":"","nota_revision_gestion":"","estado_id":"9","entidad":"Ciudad de México","municipio_id":"7","municipio":"Iztapalapa","localidad_id":"1","localidad":"Iztapalapa","calle_numero":"Cda. de Narcisos","colonia":"Col. Lomas de San Lorenzo","cp":"9220.0","telefono":"55 5134 0770 ext 1806","pagina_web":"https://pilares.cdmx.gob.mx/pilares/1768/ejercito-constitucionalista","email":"coord_comunicacion@pilares.cdmx.gob.mx","facebook":"","twitter":"","instagram":"","aforo":"","tipo_escenario":"","num_pantallas":"","link_sic":"http://sic.gob.mx/ficha.php?table=centro_cultural&table_id=3730","fecha_modificacion":"2025-11-25 16:54:56-06","es_pilares":"SI","dataset_relacionado":"PILARES","revision_manual":"NO","motivo_revision":"","fuente":"Sistema de Información Cultural (SIC)"}},{"type":"Feature","geometry":{"type":"Point","coordinates":[-99.04697,19.36948]},"properties":{"id_cultural":"CENTRO_CULTURAL_3515","id_sic":"3515","tipo_cultural":"CENTRO_CULTURAL","nombre":"PILARES Renovación","fecha_fundacion":"2019-08-21","adscripcion_original":"Gobierno de la Ciudad de México","tipo_gestion":"PUBLICO","criterio_clasificacion":"EVIDENCIA_INSTITUCIONAL_PUBLICA","fuente_revision_gestion":"","nota_revision_gestion":"","estado_id":"9","entidad":"Ciudad de México","municipio_id":"7","municipio":"Iztapalapa","localidad_id":"1","localidad":"Iztapalapa","calle_numero":"Avenida 9 s/n entre Calle 4 y Calle 5","colonia":"Col. Renovación","cp":"9209.0","telefono":"55 5134 0770 ext 1806","pagina_web":"https://pilares.cdmx.gob.mx/pilares/1553/renovacion","email":"coord_comunicacion@pilares.cdmx.gob.mx","facebook":"","twitter":"","instagram":"","aforo":"","tipo_escenario":"","num_pantallas":"","link_sic":"http://sic.gob.mx/ficha.php?table=centro_cultural&table_id=3515","fecha_modificacion":"2024-06-21 13:09:22-06","es_pilares":"SI","dataset_relacionado":"PILARES","revision_manual":"NO","motivo_revision":"","fuente":"Sistema de Información Cultural (SIC)"}},{"type":"Feature","geometry":{"type":"Point","coordinates":[-99.02043,19.36202]},"properties":{"id_cultural":"CENTRO_CULTURAL_3804","id_sic":"3804","tipo_cultural":"CENTRO_CULTURAL","nombre":"Utopía Tecoloxtitlan","fecha_fundacion":"2021-03-21","adscripcion_original":"Alcaldía Iztapalapa","tipo_gestion":"PUBLICO","criterio_clasificacion":"EVIDENCIA_INSTITUCIONAL_PUBLICA","fuente_revision_gestion":"","nota_revision_gestion":"","estado_id":"9","entidad":"Ciudad de México","municipio_id":"7","municipio":"Iztapalapa","localidad_id":"1","localidad":"Iztapalapa","calle_numero":"Colima esq. Av. Yucatán","colonia":"Pueblo San Sebastián Tecoloxtitlán","cp":"9520.0","telefono":"55 5445 1076","pagina_web":"https://utopias.mx/utopia-tecoloxtitlan-iztapalapa-cdmx-mexico.php","email":"talleresculturaiztapalapa@gmail.com","facebook":"","twitter":"","instagram":"","aforo":"","tipo_escenario":"","num_pantallas":"","link_sic":"http://sic.gob.mx/ficha.php?table=centro_cultural&table_id=3804","fecha_modificacion":"2025-01-17 15:36:13-06","es_pilares":"NO","dataset_relacionado":"","revision_manual":"NO","motivo_revision":"","fuente":"Sistema de Información Cultural (SIC)"}},{"type":"Feature","geometry":{"type":"Point","coordinates":[-99.0355,19.35385]},"properties":{"id_cultural":"CENTRO_CULTURAL_3678","id_sic":"3678","tipo_cultural":"CENTRO_CULTURAL","nombre":"PILARES Santa María Aztahuacán II","fecha_fundacion":"1000-01-01","adscripcion_original":"Gobierno de la Ciudad de México","tipo_gestion":"PUBLICO","criterio_clasificacion":"EVIDENCIA_INSTITUCIONAL_PUBLICA","fuente_revision_gestion":"","nota_revision_gestion":"","estado_id":"9","entidad":"Ciudad de México","municipio_id":"7","municipio":"Iztapalapa","localidad_id":"1","localidad":"Iztapalapa","calle_numero":"Aquiles Serdán s/n","colonia":"Santa Maria Aztahuacan","cp":"9570.0","telefono":"55 5134 0770 ext 1806","pagina_web":"https://pilares.cdmx.gob.mx/","email":"coord_comunicacion@pilares.cdmx.gob.mx","facebook":"","twitter":"","instagram":"","aforo":"","tipo_escenario":"","num_pantallas":"","link_sic":"http://sic.gob.mx/ficha.php?table=centro_cultural&table_id=3678","fecha_modificacion":"2024-06-06 13:24:08-06","es_pilares":"SI","dataset_relacionado":"PILARES","revision_manual":"NO","motivo_revision":"","fuente":"Sistema de Información Cultural (SIC)"}},{"type":"Feature","geometry":{"type":"Point","coordinates":[-98.98309,19.33972]},"properties":{"id_cultural":"CENTRO_CULTURAL_2756","id_sic":"2756","tipo_cultural":"CENTRO_CULTURAL","nombre":"Centro Cultural Barrio Democrático","fecha_fundacion":"2012-06-09","adscripcion_original":"Alcaldía Iztapalapa","tipo_gestion":"PUBLICO","criterio_clasificacion":"EVIDENCIA_INSTITUCIONAL_PUBLICA","fuente_revision_gestion":"","nota_revision_gestion":"","estado_id":"9","entidad":"Ciudad de México","municipio_id":"7","municipio":"Iztapalapa","localidad_id":"1","localidad":"Iztapalapa","calle_numero":"Veracruz 102","colonia":"Col. San Miguel Teotongo Sección Guadalupe","cp":"9630.0","telefono":"561387 0404","pagina_web":"","email":"ruizgerardo639@gmail.com","facebook":"","twitter":"","instagram":"","aforo":"","tipo_escenario":"","num_pantallas":"","link_sic":"http://sic.gob.mx/ficha.php?table=centro_cultural&table_id=2756","fecha_modificacion":"2026-04-14 11:35:25-06","es_pilares":"NO","dataset_relacionado":"","revision_manual":"NO","motivo_revision":"","fuente":"Sistema de Información Cultural (SIC)"}},{"type":"Feature","geometry":{"type":"Point","coordinates":[-99.06482,19.30637]},"properties":{"id_cultural":"CENTRO_CULTURAL_3689","id_sic":"3689","tipo_cultural":"CENTRO_CULTURAL","nombre":"PILARES San Lorenzo Tezonco","fecha_fundacion":"1000-01-01","adscripcion_original":"Secretaría de Cultura de la Ciudad de México","tipo_gestion":"PUBLICO","criterio_clasificacion":"EVIDENCIA_INSTITUCIONAL_PUBLICA","fuente_revision_gestion":"","nota_revision_gestion":"","estado_id":"9","entidad":"Ciudad de México","municipio_id":"7","municipio":"Iztapalapa","localidad_id":"1","localidad":"Iztapalapa","calle_numero":"Av. Tlahuac Calz. México-Tuyehualco","colonia":"Col. San Lorenzo Tezonco","cp":"9790.0","telefono":"55 5134 0770 ext 1806","pagina_web":"https://pilares.cdmx.gob.mx/","email":"coord_comunicacion@pilares.cdmx.gob.mx","facebook":"","twitter":"","instagram":"","aforo":"","tipo_escenario":"","num_pantallas":"","link_sic":"http://sic.gob.mx/ficha.php?table=centro_cultural&table_id=3689","fecha_modificacion":"2024-06-11 11:57:07-06","es_pilares":"SI","dataset_relacionado":"PILARES","revision_manual":"NO","motivo_revision":"","fuente":"Sistema de Información Cultural (SIC)"}},{"type":"Feature","geometry":{"type":"Point","coordinates":[-99.02899,19.32246]},"properties":{"id_cultural":"CENTRO_CULTURAL_3527","id_sic":"3527","tipo_cultural":"CENTRO_CULTURAL","nombre":"PILARES Tetecón","fecha_fundacion":"2019-10-01","adscripcion_original":"Gobierno de la Ciudad de México","tipo_gestion":"PUBLICO","criterio_clasificacion":"EVIDENCIA_INSTITUCIONAL_PUBLICA","fuente_revision_gestion":"","nota_revision_gestion":"","estado_id":"9","entidad":"Ciudad de México","municipio_id":"7","municipio":"Iztapalapa","localidad_id":"1","localidad":"Iztapalapa","calle_numero":"Av. Pino esq. Capulín s/n","colonia":"Col. Buenavista","cp":"9700.0","telefono":"55 5134 0770 ext 1806","pagina_web":"https://pilares.cdmx.gob.mx/","email":"coord_comunicacion@pilares.cdmx.gob.mx","facebook":"","twitter":"","instagram":"","aforo":"","tipo_escenario":"","num_pantallas":"","link_sic":"http://sic.gob.mx/ficha.php?table=centro_cultural&table_id=3527","fecha_modificacion":"2024-06-12 12:35:19-06","es_pilares":"SI","dataset_relacionado":"PILARES","revision_manual":"NO","motivo_revision":"","fuente":"Sistema de Información Cultural (SIC)"}},{"type":"Feature","geometry":{"type":"Point","coordinates":[-99.10987,19.37914]},"properties":{"id_cultural":"CENTRO_CULTURAL_3538","id_sic":"3538","tipo_cultural":"CENTRO_CULTURAL","nombre":"PILARES Purísima","fecha_fundacion":"2019-10-25","adscripcion_original":"Gobierno de la Ciudad de México","tipo_gestion":"PUBLICO","criterio_clasificacion":"EVIDENCIA_INSTITUCIONAL_PUBLICA","fuente_revision_gestion":"","nota_revision_gestion":"","estado_id":"9","entidad":"Ciudad de México","municipio_id":"7","municipio":"Iztapalapa","localidad_id":"1","localidad":"Iztapalapa","calle_numero":"EJE 5 SUR PURISIMA Y EJE 3 ORIENTE FRANCISCO DEL PASO Y TRON S/N","colonia":"Nueva Rosita","cp":"9429.0","telefono":"55 5134 0770 ext 1806","pagina_web":"https://pilares.cdmx.gob.mx/","email":"coord_comunicacion@pilares.cdmx.gob.mx","facebook":"","twitter":"","instagram":"","aforo":"","tipo_escenario":"","num_pantallas":"","link_sic":"http://sic.gob.mx/ficha.php?table=centro_cultural&table_id=3538","fecha_modificacion":"2025-11-26 17:03:52-06","es_pilares":"SI","dataset_relacionado":"PILARES","revision_manual":"NO","motivo_revision":"","fuente":"Sistema de Información Cultural (SIC)"}},{"type":"Feature","geometry":{"type":"Point","coordinates":[-99.03255,19.38261]},"properties":{"id_cultural":"CENTRO_CULTURAL_3681","id_sic":"3681","tipo_cultural":"CENTRO_CULTURAL","nombre":"PILARES Ejército de Oriente Zona Peñón","fecha_fundacion":"1000-01-01","adscripcion_original":"Secretaría de Cultura de la Ciudad de México","tipo_gestion":"PUBLICO","criterio_clasificacion":"EVIDENCIA_INSTITUCIONAL_PUBLICA","fuente_revision_gestion":"","nota_revision_gestion":"","estado_id":"9","entidad":"Ciudad de México","municipio_id":"7","municipio":"Iztapalapa","localidad_id":"1","localidad":"Iztapalapa","calle_numero":"Lanceros de Oaxaca s/n eq. Calz. Ignacio Zaragoza","colonia":"Col. Ejército de Oriente Indeco II ISSSTE","cp":"9230.0","telefono":"55 5134 0770 ext 1806","pagina_web":"https://pilares.cdmx.gob.mx/","email":"coord_comunicacion@pilares.cdmx.gob.mx","facebook":"","twitter":"","instagram":"","aforo":"","tipo_escenario":"","num_pantallas":"","link_sic":"http://sic.gob.mx/ficha.php?table=centro_cultural&table_id=3681","fecha_modificacion":"2024-06-12 13:37:06-06","es_pilares":"SI","dataset_relacionado":"PILARES","revision_manual":"NO","motivo_revision":"","fuente":"Sistema de Información Cultural (SIC)"}},{"type":"Feature","geometry":{"type":"Point","coordinates":[-99.03641,19.37833]},"properties":{"id_cultural":"CENTRO_CULTURAL_3728","id_sic":"3728","tipo_cultural":"CENTRO_CULTURAL","nombre":"PILARES Ejército de Oriente","fecha_fundacion":"1000-01-01","adscripcion_original":"Gobierno de la Ciudad de México","tipo_gestion":"PUBLICO","criterio_clasificacion":"EVIDENCIA_INSTITUCIONAL_PUBLICA","fuente_revision_gestion":"","nota_revision_gestion":"","estado_id":"9","entidad":"Ciudad de México","municipio_id":"7","municipio":"Iztapalapa","localidad_id":"1","localidad":"Iztapalapa","calle_numero":"Calz. General Ignacio Zaragoza 1","colonia":"Ejército de Oriente Indeco II Issste","cp":"9230.0","telefono":"55 5134 0770 ext 1806","pagina_web":"https://pilares.cdmx.gob.mx/","email":"coord_comunicacion@pilares.cdmx.gob.mx","facebook":"","twitter":"","instagram":"","aforo":"","tipo_escenario":"","num_pantallas":"","link_sic":"http://sic.gob.mx/ficha.php?table=centro_cultural&table_id=3728","fecha_modificacion":"2025-03-11 13:38:02-06","es_pilares":"SI","dataset_relacionado":"PILARES","revision_manual":"NO","motivo_revision":"","fuente":"Sistema de Información Cultural (SIC)"}},{"type":"Feature","geometry":{"type":"Point","coordinates":[-99.10068,19.3594]},"properties":{"id_cultural":"CENTRO_CULTURAL_1042","id_sic":"1042","tipo_cultural":"CENTRO_CULTURAL","nombre":"Casa de Cultura Guillermo Bonfil Batalla","fecha_fundacion":"1991-10-16","adscripcion_original":"Alcaldía Iztapalapa","tipo_gestion":"PUBLICO","criterio_clasificacion":"EVIDENCIA_INSTITUCIONAL_PUBLICA","fuente_revision_gestion":"","nota_revision_gestion":"","estado_id":"9","entidad":"Ciudad de México","municipio_id":"7","municipio":"Iztapalapa","localidad_id":"1","localidad":"Iztapalapa","calle_numero":"Gral. Anaya 111","colonia":"Barrio Santa Bárbara","cp":"9000.0","telefono":"55 5685 3289","pagina_web":"","email":"promocionculturaliztapalapa@gmail.com","facebook":"","twitter":"","instagram":"","aforo":"","tipo_escenario":"","num_pantallas":"","link_sic":"http://sic.gob.mx/ficha.php?table=centro_cultural&table_id=1042","fecha_modificacion":"2026-04-14 10:35:30-06","es_pilares":"NO","dataset_relacionado":"","revision_manual":"NO","motivo_revision":"","fuente":"Sistema de Información Cultural (SIC)"}},{"type":"Feature","geometry":{"type":"Point","coordinates":[-99.10769,19.34002]},"properties":{"id_cultural":"CENTRO_CULTURAL_1047","id_sic":"1047","tipo_cultural":"CENTRO_CULTURAL","nombre":"Centro Comunitario Culhuacán, Ex Convento de San Juan Evangelista","fecha_fundacion":"1984-02-01","adscripcion_original":"Secretaría de Cultura/INAH","tipo_gestion":"PUBLICO","criterio_clasificacion":"EVIDENCIA_INSTITUCIONAL_PUBLICA","fuente_revision_gestion":"","nota_revision_gestion":"","estado_id":"9","entidad":"Ciudad de México","municipio_id":"7","municipio":"Iztapalapa","localidad_id":"1","localidad":"Iztapalapa","calle_numero":"Morelos  10","colonia":"Col. Culhuacán","cp":"9800.0","telefono":"55 40 40 5500","pagina_web":"http://www.inah.gob.mx","email":"carmen_mendoza@inah.gob.mx","facebook":"","twitter":"","instagram":"","aforo":"","tipo_escenario":"","num_pantallas":"","link_sic":"http://sic.gob.mx/ficha.php?table=centro_cultural&table_id=1047","fecha_modificacion":"2024-03-22 13:04:07-06","es_pilares":"NO","dataset_relacionado":"","revision_manual":"NO","motivo_revision":"","fuente":"Sistema de Información Cultural (SIC)"}},{"type":"Feature","geometry":{"type":"Point","coordinates":[-99.01741,19.33163]},"properties":{"id_cultural":"CENTRO_CULTURAL_3637","id_sic":"3637","tipo_cultural":"CENTRO_CULTURAL","nombre":"PILARES Plaza de los Jóvenes","fecha_fundacion":"1000-01-01","adscripcion_original":"Gobierno de la Ciudad de México","tipo_gestion":"PUBLICO","criterio_clasificacion":"EVIDENCIA_INSTITUCIONAL_PUBLICA","fuente_revision_gestion":"","nota_revision_gestion":"","estado_id":"9","entidad":"Ciudad de México","municipio_id":"7","municipio":"Iztapalapa","localidad_id":"1","localidad":"Iztapalapa","calle_numero":"Av. de las Minas s/n","colonia":"Col. Xalpa","cp":"9640.0","telefono":"55 5134 0770 ext 1806","pagina_web":"https://pilares.cdmx.gob.mx/","email":"coord_comunicacion@pilares.cdmx.gob.mx","facebook":"","twitter":"","instagram":"","aforo":"","tipo_escenario":"","num_pantallas":"","link_sic":"http://sic.gob.mx/ficha.php?table=centro_cultural&table_id=3637","fecha_modificacion":"2024-06-12 12:34:45-06","es_pilares":"SI","dataset_relacionado":"PILARES","revision_manual":"NO","motivo_revision":"","fuente":"Sistema de Información Cultural (SIC)"}},{"type":"Feature","geometry":{"type":"Point","coordinates":[-99.1128,19.35664]},"properties":{"id_cultural":"CENTRO_CULTURAL_3534","id_sic":"3534","tipo_cultural":"CENTRO_CULTURAL","nombre":"PILARES Progreso Sur","fecha_fundacion":"2019-10-18","adscripcion_original":"Secretaría de Cultura de la Ciudad de México","tipo_gestion":"PUBLICO","criterio_clasificacion":"EVIDENCIA_INSTITUCIONAL_PUBLICA","fuente_revision_gestion":"","nota_revision_gestion":"","estado_id":"9","entidad":"Ciudad de México","municipio_id":"7","municipio":"Iztapalapa","localidad_id":"1","localidad":"Iztapalapa","calle_numero":"Eje 3 Oriente","colonia":"Col. Progreso Sur","cp":"9060.0","telefono":"55 5134 0770 ext 1806","pagina_web":"https://pilares.cdmx.gob.mx/","email":"coord_comunicacion@pilares.cdmx.gob.mx","facebook":"","twitter":"","instagram":"","aforo":"","tipo_escenario":"","num_pantallas":"","link_sic":"http://sic.gob.mx/ficha.php?table=centro_cultural&table_id=3534","fecha_modificacion":"2025-10-16 17:48:36-06","es_pilares":"SI","dataset_relacionado":"PILARES","revision_manual":"NO","motivo_revision":"","fuente":"Sistema de Información Cultural (SIC)"}},{"type":"Feature","geometry":{"type":"Point","coordinates":[-99.13809,19.36384]},"properties":{"id_cultural":"CENTRO_CULTURAL_3294","id_sic":"3294","tipo_cultural":"CENTRO_CULTURAL","nombre":"Raíces Centro Cultural","fecha_fundacion":"2017-07-22","adscripcion_original":"","tipo_gestion":"NO_DETERMINADO","criterio_clasificacion":"SIN_ADSCRIPCION","fuente_revision_gestion":"","nota_revision_gestion":"","estado_id":"9","entidad":"Ciudad de México","municipio_id":"7","municipio":"Iztapalapa","localidad_id":"1","localidad":"Iztapalapa","calle_numero":"Av. Presidente Plutarco Elias Calles 1810, esq Eje 7","colonia":"Col. Banjidal","cp":"9450.0","telefono":"55 1106 6915","pagina_web":"http://www.raicescentrocultural.com/","email":"somos@raicescentrocultural.com","facebook":"","twitter":"","instagram":"","aforo":"","tipo_escenario":"","num_pantallas":"","link_sic":"http://sic.gob.mx/ficha.php?table=centro_cultural&table_id=3294","fecha_modificacion":"2020-02-11 07:18:33-06","es_pilares":"NO","dataset_relacionado":"","revision_manual":"SI","motivo_revision":"No existe adscripción disponible para determinar el tipo de gestión.","fuente":"Sistema de Información Cultural (SIC)"}},{"type":"Feature","geometry":{"type":"Point","coordinates":[-99.07318,19.35634]},"properties":{"id_cultural":"CENTRO_CULTURAL_1044","id_sic":"1044","tipo_cultural":"CENTRO_CULTURAL","nombre":"Centro Cultural Casa de Las Bombas","fecha_fundacion":"1990-09-01","adscripcion_original":"Universidad Autónoma Metropolitana","tipo_gestion":"PUBLICO","criterio_clasificacion":"EVIDENCIA_INSTITUCIONAL_PUBLICA","fuente_revision_gestion":"","nota_revision_gestion":"","estado_id":"9","entidad":"Ciudad de México","municipio_id":"7","municipio":"Iztapalapa","localidad_id":"1","localidad":"Iztapalapa","calle_numero":"Gregorio Torres Quintero s/n esq. Prol. Quetzal","colonia":"Col. La Purísima","cp":"9340.0","telefono":"(55) 5614 1469","pagina_web":"http://www.izt.uam.mx/cbombas/index.html","email":"casadelasbombas@prodigy.net.mx","facebook":"","twitter":"","instagram":"","aforo":"","tipo_escenario":"","num_pantallas":"","link_sic":"http://sic.gob.mx/ficha.php?table=centro_cultural&table_id=1044","fecha_modificacion":"2020-04-20 14:11:17-05","es_pilares":"NO","dataset_relacionado":"","revision_manual":"NO","motivo_revision":"","fuente":"Sistema de Información Cultural (SIC)"}},{"type":"Feature","geometry":{"type":"Point","coordinates":[-99.07836,19.32578]},"properties":{"id_cultural":"CENTRO_CULTURAL_3363","id_sic":"3363","tipo_cultural":"CENTRO_CULTURAL","nombre":"Casa de Cultura Chicomecóatl Cerro de la Estrella","fecha_fundacion":"2012-08-15","adscripcion_original":"Alcaldía Iztapalapa y Comité Vecinal","tipo_gestion":"PUBLICO","criterio_clasificacion":"EVIDENCIA_INSTITUCIONAL_PUBLICA","fuente_revision_gestion":"","nota_revision_gestion":"","estado_id":"9","entidad":"Ciudad de México","municipio_id":"7","municipio":"Iztapalapa","localidad_id":"1","localidad":"Iztapalapa","calle_numero":"Moguer 63 entre España y Catarroja","colonia":"Col. Cerro de la Estrella","cp":"9860.0","telefono":"55 5445 1068, 55 5445 1114","pagina_web":"","email":"promocionculturaliztapalapa@gmail.com","facebook":"","twitter":"","instagram":"","aforo":"","tipo_escenario":"","num_pantallas":"","link_sic":"http://sic.gob.mx/ficha.php?table=centro_cultural&table_id=3363","fecha_modificacion":"2026-04-14 10:57:36-06","es_pilares":"NO","dataset_relacionado":"","revision_manual":"NO","motivo_revision":"","fuente":"Sistema de Información Cultural (SIC)"}},{"type":"Feature","geometry":{"type":"Point","coordinates":[-99.11968,19.37184]},"properties":{"id_cultural":"CENTRO_CULTURAL_1062","id_sic":"1062","tipo_cultural":"CENTRO_CULTURAL","nombre":"Casa de la Cultura El Sifón","fecha_fundacion":"2012-03-21","adscripcion_original":"Alcaldía Iztapalapa","tipo_gestion":"PUBLICO","criterio_clasificacion":"EVIDENCIA_INSTITUCIONAL_PUBLICA","fuente_revision_gestion":"","nota_revision_gestion":"","estado_id":"9","entidad":"Ciudad de México","municipio_id":"7","municipio":"Iztapalapa","localidad_id":"1","localidad":"Iztapalapa","calle_numero":"Calculista 65","colonia":"Col. El Sifón","cp":"9400.0","telefono":"55 9170 9306","pagina_web":"https://www.facebook.com/pages/category/Interest/Casa-de-Cultura-El-Sif%C3%B3n-2062629530518478/","email":"promocionculturaliztapalapa@gmail.com","facebook":"","twitter":"","instagram":"","aforo":"","tipo_escenario":"","num_pantallas":"","link_sic":"http://sic.gob.mx/ficha.php?table=centro_cultural&table_id=1062","fecha_modificacion":"2026-04-14 10:28:02-06","es_pilares":"NO","dataset_relacionado":"","revision_manual":"NO","motivo_revision":"","fuente":"Sistema de Información Cultural (SIC)"}},{"type":"Feature","geometry":{"type":"Point","coordinates":[-99.09397,19.35884]},"properties":{"id_cultural":"CENTRO_CULTURAL_1065","id_sic":"1065","tipo_cultural":"CENTRO_CULTURAL","nombre":"Casa de Cultura Fuego Nuevo","fecha_fundacion":"1979-04-14","adscripcion_original":"Alcaldía Iztapalapa","tipo_gestion":"PUBLICO","criterio_clasificacion":"EVIDENCIA_INSTITUCIONAL_PUBLICA","fuente_revision_gestion":"","nota_revision_gestion":"","estado_id":"9","entidad":"Ciudad de México","municipio_id":"7","municipio":"Iztapalapa","localidad_id":"1","localidad":"Iztapalapa","calle_numero":"Comonfort 43","colonia":"Barrio San Lucas","cp":"9000.0","telefono":"55 5445 1000 ext. 1428","pagina_web":"https://culturaiztapalapa.wordpress.com/2012/09/25/casa-de-cultura-fuego-nuevo/","email":"cultura@iztapalapa.gob.mx","facebook":"","twitter":"","instagram":"","aforo":"","tipo_escenario":"","num_pantallas":"","link_sic":"http://sic.gob.mx/ficha.php?table=centro_cultural&table_id=1065","fecha_modificacion":"2023-04-26 06:36:29-06","es_pilares":"NO","dataset_relacionado":"","revision_manual":"NO","motivo_revision":"","fuente":"Sistema de Información Cultural (SIC)"}},{"type":"Feature","geometry":{"type":"Point","coordinates":[-99.08567,19.38581]},"properties":{"id_cultural":"CENTRO_CULTURAL_2761","id_sic":"2761","tipo_cultural":"CENTRO_CULTURAL","nombre":"Casa de Cultura Paseos de Churubusco Ofelia Medina","fecha_fundacion":"2012-04-20","adscripcion_original":"Alcaldía Iztapalapa","tipo_gestion":"PUBLICO","criterio_clasificacion":"EVIDENCIA_INSTITUCIONAL_PUBLICA","fuente_revision_gestion":"","nota_revision_gestion":"","estado_id":"9","entidad":"Ciudad de México","municipio_id":"7","municipio":"Iztapalapa","localidad_id":"1","localidad":"Iztapalapa","calle_numero":"Río Tuxpan s/n entre Río Mezcalapa y Río Soto la Marina","colonia":"Col. Paseos de Churubusco","cp":"9030.0","telefono":"55 4134 5200","pagina_web":"","email":"cultura@iztapalapa.gob.mx","facebook":"","twitter":"","instagram":"","aforo":"","tipo_escenario":"","num_pantallas":"","link_sic":"http://sic.gob.mx/ficha.php?table=centro_cultural&table_id=2761","fecha_modificacion":"2026-04-14 11:00:35-06","es_pilares":"NO","dataset_relacionado":"","revision_manual":"NO","motivo_revision":"","fuente":"Sistema de Información Cultural (SIC)"}},{"type":"Feature","geometry":{"type":"Point","coordinates":[-99.07147,19.29476]},"properties":{"id_cultural":"CENTRO_CULTURAL_3600","id_sic":"3600","tipo_cultural":"CENTRO_CULTURAL","nombre":"PILARES El Molino Tezonco","fecha_fundacion":"1000-01-01","adscripcion_original":"Gobierno de la Ciudad de México","tipo_gestion":"PUBLICO","criterio_clasificacion":"EVIDENCIA_INSTITUCIONAL_PUBLICA","fuente_revision_gestion":"","nota_revision_gestion":"","estado_id":"9","entidad":"Ciudad de México","municipio_id":"7","municipio":"Iztapalapa","localidad_id":"1","localidad":"Iztapalapa","calle_numero":"Av. Cuauhtémoc esq. Cedro","colonia":"Col. El molino Tezonco","cp":"9960.0","telefono":"55 5134 0770 ext 1806","pagina_web":"https://pilares.cdmx.gob.mx/pilares/1638/el-molino-tezonco","email":"coord_comunicacion@pilares.cdmx.gob.mx","facebook":"","twitter":"","instagram":"","aforo":"","tipo_escenario":"","num_pantallas":"","link_sic":"http://sic.gob.mx/ficha.php?table=centro_cultural&table_id=3600","fecha_modificacion":"2024-06-13 12:27:59-06","es_pilares":"SI","dataset_relacionado":"PILARES","revision_manual":"NO","motivo_revision":"","fuente":"Sistema de Información Cultural (SIC)"}},{"type":"Feature","geometry":{"type":"Point","coordinates":[-99.09817,19.33801]},"properties":{"id_cultural":"CENTRO_CULTURAL_3604","id_sic":"3604","tipo_cultural":"CENTRO_CULTURAL","nombre":"PILARES Valle de Luces","fecha_fundacion":"2021-06-19","adscripcion_original":"Secretaría de Cultura de la Ciudad de México","tipo_gestion":"PUBLICO","criterio_clasificacion":"EVIDENCIA_INSTITUCIONAL_PUBLICA","fuente_revision_gestion":"","nota_revision_gestion":"","estado_id":"9","entidad":"Ciudad de México","municipio_id":"7","municipio":"Iztapalapa","localidad_id":"1","localidad":"Iztapalapa","calle_numero":"Valle del Paraíso 18","colonia":"Col. Valle de Luces","cp":"9800.0","telefono":"55 5134 0770 ext 1806","pagina_web":"https://pilares.cdmx.gob.mx/","email":"coord_comunicacion@pilares.cdmx.gob.mx","facebook":"","twitter":"","instagram":"","aforo":"","tipo_escenario":"","num_pantallas":"","link_sic":"http://sic.gob.mx/ficha.php?table=centro_cultural&table_id=3604","fecha_modificacion":"2025-09-09 18:26:22-06","es_pilares":"SI","dataset_relacionado":"PILARES","revision_manual":"NO","motivo_revision":"","fuente":"Sistema de Información Cultural (SIC)"}},{"type":"Feature","geometry":{"type":"Point","coordinates":[-99.02295,19.34202]},"properties":{"id_cultural":"CENTRO_CULTURAL_3526","id_sic":"3526","tipo_cultural":"CENTRO_CULTURAL","nombre":"PILARES Nogal","fecha_fundacion":"1000-01-01","adscripcion_original":"Secretaría de Cultura de la Ciudad de México","tipo_gestion":"PUBLICO","criterio_clasificacion":"EVIDENCIA_INSTITUCIONAL_PUBLICA","fuente_revision_gestion":"","nota_revision_gestion":"","estado_id":"9","entidad":"Ciudad de México","municipio_id":"7","municipio":"Iztapalapa","localidad_id":"1","localidad":"Iztapalapa","calle_numero":"Nogal s/n esq. Fresno","colonia":"Col. Citlalli","cp":"9660.0","telefono":"55 5134 0770 ext 1806","pagina_web":"https://pilares.cdmx.gob.mx/","email":"coord_comunicacion@pilares.cdmx.gob.mx","facebook":"","twitter":"","instagram":"","aforo":"","tipo_escenario":"","num_pantallas":"","link_sic":"http://sic.gob.mx/ficha.php?table=centro_cultural&table_id=3526","fecha_modificacion":"2024-06-13 07:57:13-06","es_pilares":"SI","dataset_relacionado":"PILARES","revision_manual":"NO","motivo_revision":"","fuente":"Sistema de Información Cultural (SIC)"}},{"type":"Feature","geometry":{"type":"Point","coordinates":[-99.06752,19.33237]},"properties":{"id_cultural":"CENTRO_CULTURAL_3365","id_sic":"3365","tipo_cultural":"CENTRO_CULTURAL","nombre":"Centro Cultural Semillero de Talentos","fecha_fundacion":"2012-12-16","adscripcion_original":"Alcaldía Iztapalapa","tipo_gestion":"PUBLICO","criterio_clasificacion":"EVIDENCIA_INSTITUCIONAL_PUBLICA","fuente_revision_gestion":"","nota_revision_gestion":"","estado_id":"9","entidad":"Ciudad de México","municipio_id":"7","municipio":"Iztapalapa","localidad_id":"1","localidad":"Iztapalapa","calle_numero":"Asteroide s/n","colonia":"Col. Casa Blanca","cp":"9850.0","telefono":"55 2291 0182","pagina_web":"","email":"promocionculturaliztapalapa@gmail.com","facebook":"","twitter":"","instagram":"","aforo":"","tipo_escenario":"","num_pantallas":"","link_sic":"http://sic.gob.mx/ficha.php?table=centro_cultural&table_id=3365","fecha_modificacion":"2021-10-26 11:11:22-05","es_pilares":"NO","dataset_relacionado":"","revision_manual":"NO","motivo_revision":"","fuente":"Sistema de Información Cultural (SIC)"}},{"type":"Feature","geometry":{"type":"Point","coordinates":[-99.04447,19.3485]},"properties":{"id_cultural":"CENTRO_CULTURAL_3537","id_sic":"3537","tipo_cultural":"CENTRO_CULTURAL","nombre":"PILARES Santa Cruz Meyehualco","fecha_fundacion":"2019-01-01","adscripcion_original":"Gobierno de la Ciudad de México","tipo_gestion":"PUBLICO","criterio_clasificacion":"EVIDENCIA_INSTITUCIONAL_PUBLICA","fuente_revision_gestion":"","nota_revision_gestion":"","estado_id":"9","entidad":"Ciudad de México","municipio_id":"7","municipio":"Iztapalapa","localidad_id":"1","localidad":"Iztapalapa","calle_numero":"Calle 55 esq. Av. 10","colonia":"Col. Santa Cruz Meyehualco","cp":"9290.0","telefono":"55 5134 0770 ext 1806","pagina_web":"https://pilares.cdmx.gob.mx/","email":"coord_comunicacion@pilares.cdmx.gob.mx","facebook":"","twitter":"","instagram":"","aforo":"","tipo_escenario":"","num_pantallas":"","link_sic":"http://sic.gob.mx/ficha.php?table=centro_cultural&table_id=3537","fecha_modificacion":"2025-07-14 17:29:57-06","es_pilares":"SI","dataset_relacionado":"PILARES","revision_manual":"NO","motivo_revision":"","fuente":"Sistema de Información Cultural (SIC)"}},{"type":"Feature","geometry":{"type":"Point","coordinates":[-99.02517,19.38228]},"properties":{"id_cultural":"CENTRO_CULTURAL_3805","id_sic":"3805","tipo_cultural":"CENTRO_CULTURAL","nombre":"Utopía La Cascada Xicohtencatl","fecha_fundacion":"2022-04-28","adscripcion_original":"Alcaldía Iztapalapa","tipo_gestion":"PUBLICO","criterio_clasificacion":"EVIDENCIA_INSTITUCIONAL_PUBLICA","fuente_revision_gestion":"","nota_revision_gestion":"","estado_id":"9","entidad":"Ciudad de México","municipio_id":"7","municipio":"Iztapalapa","localidad_id":"1","localidad":"Iztapalapa","calle_numero":"Ena s/n","colonia":"Zona Urbana Ejidal Santa Martha Acatitla Norte","cp":"9140.0","telefono":"55 5445 1076","pagina_web":"https://utopias.mx/utopia-la-cascada-xicohtencatl-iztapalapa-cdmx-mexico.php","email":"talleresculturaiztapalapa@gmail.com","facebook":"","twitter":"","instagram":"","aforo":"","tipo_escenario":"","num_pantallas":"","link_sic":"http://sic.gob.mx/ficha.php?table=centro_cultural&table_id=3805","fecha_modificacion":"2025-01-17 14:43:02-06","es_pilares":"NO","dataset_relacionado":"","revision_manual":"NO","motivo_revision":"","fuente":"Sistema de Información Cultural (SIC)"}},{"type":"Feature","geometry":{"type":"Point","coordinates":[-99.23407,19.30471]},"properties":{"id_cultural":"CENTRO_CULTURAL_3019","id_sic":"3019","tipo_cultural":"CENTRO_CULTURAL","nombre":"Foro Cultural Magdalena","fecha_fundacion":"1979-01-01","adscripcion_original":"Alcaldía La Magdalena Contreras/JUD Patrimonio y Recintos Culturales","tipo_gestion":"PUBLICO","criterio_clasificacion":"EVIDENCIA_INSTITUCIONAL_PUBLICA","fuente_revision_gestion":"","nota_revision_gestion":"","estado_id":"9","entidad":"Ciudad de México","municipio_id":"8","municipio":"La Magdalena Contreras","localidad_id":"1","localidad":"La Magdalena Contreras","calle_numero":"Camino Real de Contreras 27","colonia":"Col. La Concepción","cp":"10630.0","telefono":"55 6813 3602","pagina_web":"","email":"p.gonzalez@mcontreras.gob.mx","facebook":"","twitter":"","instagram":"","aforo":"","tipo_escenario":"","num_pantallas":"","link_sic":"http://sic.gob.mx/ficha.php?table=centro_cultural&table_id=3019","fecha_modificacion":"2022-08-25 02:48:12-05","es_pilares":"NO","dataset_relacionado":"","revision_manual":"NO","motivo_revision":"","fuente":"Sistema de Información Cultural (SIC)"}},{"type":"Feature","geometry":{"type":"Point","coordinates":[-99.24139,19.3049]},"properties":{"id_cultural":"CENTRO_CULTURAL_3695","id_sic":"3695","tipo_cultural":"CENTRO_CULTURAL","nombre":"PILARES Tierra unida","fecha_fundacion":"1000-01-01","adscripcion_original":"Gobierno de la Ciudad de México","tipo_gestion":"PUBLICO","criterio_clasificacion":"EVIDENCIA_INSTITUCIONAL_PUBLICA","fuente_revision_gestion":"","nota_revision_gestion":"","estado_id":"9","entidad":"Ciudad de México","municipio_id":"8","municipio":"La Magdalena Contreras","localidad_id":"1","localidad":"La Magdalena Contreras","calle_numero":"Andador Principal 52","colonia":"Col. Tierra unida","cp":"10350.0","telefono":"55 5134 0770 ext 1806","pagina_web":"https://pilares.cdmx.gob.mx/pilares/1733/tierra-unida","email":"coord_comunicacion@pilares.cdmx.gob.mx","facebook":"","twitter":"","instagram":"","aforo":"","tipo_escenario":"","num_pantallas":"","link_sic":"http://sic.gob.mx/ficha.php?table=centro_cultural&table_id=3695","fecha_modificacion":"2024-06-13 12:15:09-06","es_pilares":"SI","dataset_relacionado":"PILARES","revision_manual":"NO","motivo_revision":"","fuente":"Sistema de Información Cultural (SIC)"}},{"type":"Feature","geometry":{"type":"Point","coordinates":[-99.24849,19.30545]},"properties":{"id_cultural":"CENTRO_CULTURAL_3479","id_sic":"3479","tipo_cultural":"CENTRO_CULTURAL","nombre":"PILARES Huayatla","fecha_fundacion":"2019-03-16","adscripcion_original":"Secretaría de Cultura de la Ciudad de México","tipo_gestion":"PUBLICO","criterio_clasificacion":"EVIDENCIA_INSTITUCIONAL_PUBLICA","fuente_revision_gestion":"","nota_revision_gestion":"","estado_id":"9","entidad":"Ciudad de México","municipio_id":"8","municipio":"La Magdalena Contreras","localidad_id":"1","localidad":"La Magdalena Contreras","calle_numero":"Huayatla 13","colonia":"Col. Pueblo Nuevo Alto","cp":"10640.0","telefono":"55 5134 0770 ext 1806","pagina_web":"https://pilares.cdmx.gob.mx/","email":"coord_comunicacion@pilares.cdmx.gob.mx","facebook":"","twitter":"","instagram":"","aforo":"","tipo_escenario":"","num_pantallas":"","link_sic":"http://sic.gob.mx/ficha.php?table=centro_cultural&table_id=3479","fecha_modificacion":"2025-11-07 17:08:18-06","es_pilares":"SI","dataset_relacionado":"PILARES","revision_manual":"NO","motivo_revision":"","fuente":"Sistema de Información Cultural (SIC)"}},{"type":"Feature","geometry":{"type":"Point","coordinates":[-99.24028,19.30559]},"properties":{"id_cultural":"CENTRO_CULTURAL_989","id_sic":"989","tipo_cultural":"CENTRO_CULTURAL","nombre":"Casa de la Cultura Víctor Manuel Mendoza","fecha_fundacion":"1940-01-01","adscripcion_original":"Alcaldía La Magdalena Contreras/JUD Recintos Culturales","tipo_gestion":"PUBLICO","criterio_clasificacion":"EVIDENCIA_INSTITUCIONAL_PUBLICA","fuente_revision_gestion":"","nota_revision_gestion":"","estado_id":"9","entidad":"Ciudad de México","municipio_id":"8","municipio":"La Magdalena Contreras","localidad_id":"1","localidad":"La Magdalena Contreras","calle_numero":"Priv. Fortín s/n","colonia":"Col. Barranca Seca","cp":"10580.0","telefono":"55 5645 6344","pagina_web":"","email":"homero.gayosso.47@gmail.com; homero_gayosso@hotmail.com","facebook":"","twitter":"","instagram":"","aforo":"","tipo_escenario":"","num_pantallas":"","link_sic":"http://sic.gob.mx/ficha.php?table=centro_cultural&table_id=989","fecha_modificacion":"2026-04-28 19:34:45-06","es_pilares":"NO","dataset_relacionado":"","revision_manual":"NO","motivo_revision":"","fuente":"Sistema de Información Cultural (SIC)"}},{"type":"Feature","geometry":{"type":"Point","coordinates":[-99.23301,19.30641]},"properties":{"id_cultural":"CENTRO_CULTURAL_3694","id_sic":"3694","tipo_cultural":"CENTRO_CULTURAL","nombre":"PILARES Priani","fecha_fundacion":"2022-01-04","adscripcion_original":"Secretaría de Cultura de la Ciudad de México","tipo_gestion":"PUBLICO","criterio_clasificacion":"EVIDENCIA_INSTITUCIONAL_PUBLICA","fuente_revision_gestion":"","nota_revision_gestion":"","estado_id":"9","entidad":"Ciudad de México","municipio_id":"8","municipio":"La Magdalena Contreras","localidad_id":"1","localidad":"La Magdalena Contreras","calle_numero":"Alfonso Priani","colonia":"Col. La Guadalupe","cp":"10820.0","telefono":"55 5134 0770 ext 1806","pagina_web":"https://pilares.cdmx.gob.mx/","email":"coord_comunicacion@pilares.cdmx.gob.mx","facebook":"","twitter":"","instagram":"","aforo":"","tipo_escenario":"","num_pantallas":"","link_sic":"http://sic.gob.mx/ficha.php?table=centro_cultural&table_id=3694","fecha_modificacion":"2025-11-20 16:45:25-06","es_pilares":"SI","dataset_relacionado":"PILARES","revision_manual":"NO","motivo_revision":"","fuente":"Sistema de Información Cultural (SIC)"}},{"type":"Feature","geometry":{"type":"Point","coordinates":[-99.23502,19.3037]},"properties":{"id_cultural":"CENTRO_CULTURAL_990","id_sic":"990","tipo_cultural":"CENTRO_CULTURAL","nombre":"Casa de Bellas Artes Juventino Rosas","fecha_fundacion":"1979-05-03","adscripcion_original":"Alcaldía La Magdalena Contreras","tipo_gestion":"PUBLICO","criterio_clasificacion":"EVIDENCIA_INSTITUCIONAL_PUBLICA","fuente_revision_gestion":"","nota_revision_gestion":"","estado_id":"9","entidad":"Ciudad de México","municipio_id":"8","municipio":"La Magdalena Contreras","localidad_id":"1","localidad":"La Magdalena Contreras","calle_numero":"Camino Real de Contreras  32","colonia":"Col. La Concepción","cp":"10830.0","telefono":"55 5645 2963","pagina_web":"http://www.mcontreras.df.gob.mx/","email":"antonieta.rascon@gmail.com","facebook":"","twitter":"","instagram":"","aforo":"","tipo_escenario":"","num_pantallas":"","link_sic":"http://sic.gob.mx/ficha.php?table=centro_cultural&table_id=990","fecha_modificacion":"2021-09-01 06:52:29-05","es_pilares":"NO","dataset_relacionado":"","revision_manual":"NO","motivo_revision":"","fuente":"Sistema de Información Cultural (SIC)"}},{"type":"Feature","geometry":{"type":"Point","coordinates":[-99.23338,19.31226]},"properties":{"id_cultural":"CENTRO_CULTURAL_3692","id_sic":"3692","tipo_cultural":"CENTRO_CULTURAL","nombre":"PILARES Ferrocarril (San Francisco)","fecha_fundacion":"1000-01-01","adscripcion_original":"Gobierno de la Ciudad de México","tipo_gestion":"PUBLICO","criterio_clasificacion":"EVIDENCIA_INSTITUCIONAL_PUBLICA","fuente_revision_gestion":"","nota_revision_gestion":"","estado_id":"9","entidad":"Ciudad de México","municipio_id":"8","municipio":"La Magdalena Contreras","localidad_id":"1","localidad":"La Magdalena Contreras","calle_numero":"Ferrocarril de Cuernavaca 80","colonia":"Col. San Francisco","cp":"10500.0","telefono":"55 5134 0770 ext 1806","pagina_web":"https://pilares.cdmx.gob.mx/","email":"coord_comunicacion@pilares.cdmx.gob.mx","facebook":"","twitter":"","instagram":"","aforo":"","tipo_escenario":"","num_pantallas":"","link_sic":"http://sic.gob.mx/ficha.php?table=centro_cultural&table_id=3692","fecha_modificacion":"2024-07-05 13:15:59-06","es_pilares":"SI","dataset_relacionado":"PILARES","revision_manual":"NO","motivo_revision":"","fuente":"Sistema de Información Cultural (SIC)"}},{"type":"Feature","geometry":{"type":"Point","coordinates":[-99.23949,19.32374]},"properties":{"id_cultural":"CENTRO_CULTURAL_3543","id_sic":"3543","tipo_cultural":"CENTRO_CULTURAL","nombre":"PILARES La Malinche","fecha_fundacion":"2019-11-09","adscripcion_original":"Gobierno de la Ciudad de México","tipo_gestion":"PUBLICO","criterio_clasificacion":"EVIDENCIA_INSTITUCIONAL_PUBLICA","fuente_revision_gestion":"","nota_revision_gestion":"","estado_id":"9","entidad":"Ciudad de México","municipio_id":"8","municipio":"La Magdalena Contreras","localidad_id":"1","localidad":"La Magdalena Contreras","calle_numero":"Rosa China 11","colonia":"La Malinche","cp":"10010.0","telefono":"55 5134 0770 ext 1806","pagina_web":"https://pilares.cdmx.gob.mx/","email":"coord_comunicacion@pilares.cdmx.gob.mx","facebook":"","twitter":"","instagram":"","aforo":"","tipo_escenario":"","num_pantallas":"","link_sic":"http://sic.gob.mx/ficha.php?table=centro_cultural&table_id=3543","fecha_modificacion":"2025-07-11 16:28:18-06","es_pilares":"SI","dataset_relacionado":"PILARES","revision_manual":"NO","motivo_revision":"","fuente":"Sistema de Información Cultural (SIC)"}},{"type":"Feature","geometry":{"type":"Point","coordinates":[-99.25824,19.32071]},"properties":{"id_cultural":"CENTRO_CULTURAL_3693","id_sic":"3693","tipo_cultural":"CENTRO_CULTURAL","nombre":"PILARES San Bernabé Ocotepec","fecha_fundacion":"1000-01-01","adscripcion_original":"Gobierno de la Ciudad de México","tipo_gestion":"PUBLICO","criterio_clasificacion":"EVIDENCIA_INSTITUCIONAL_PUBLICA","fuente_revision_gestion":"","nota_revision_gestion":"","estado_id":"9","entidad":"Ciudad de México","municipio_id":"8","municipio":"La Magdalena Contreras","localidad_id":"106","localidad":"Prolongación Ermitaño","calle_numero":"Higueras s/n","colonia":"San Bernabé Ocotepec","cp":"10300.0","telefono":"55 5134 0770 ext 1806","pagina_web":"https://pilares.cdmx.gob.mx/","email":"coord_comunicacion@pilares.cdmx.gob.mx","facebook":"","twitter":"","instagram":"","aforo":"","tipo_escenario":"","num_pantallas":"","link_sic":"http://sic.gob.mx/ficha.php?table=centro_cultural&table_id=3693","fecha_modificacion":"2024-06-12 13:24:30-06","es_pilares":"SI","dataset_relacionado":"PILARES","revision_manual":"NO","motivo_revision":"","fuente":"Sistema de Información Cultural (SIC)"}},{"type":"Feature","geometry":{"type":"Point","coordinates":[-99.26486,19.31058]},"properties":{"id_cultural":"CENTRO_CULTURAL_3544","id_sic":"3544","tipo_cultural":"CENTRO_CULTURAL","nombre":"PILARES Parcela","fecha_fundacion":"2019-01-01","adscripcion_original":"Secretaría de Cultura de la Ciudad de México","tipo_gestion":"PUBLICO","criterio_clasificacion":"EVIDENCIA_INSTITUCIONAL_PUBLICA","fuente_revision_gestion":"","nota_revision_gestion":"","estado_id":"9","entidad":"Ciudad de México","municipio_id":"8","municipio":"La Magdalena Contreras","localidad_id":"106","localidad":"Prolongación Ermitaño","calle_numero":"Parcela","colonia":"Col. Lomas de San Bernabé","cp":"10350.0","telefono":"55 5134 0770 ext 1806","pagina_web":"https://pilares.cdmx.gob.mx/","email":"coord_comunicacion@pilares.cdmx.gob.mx","facebook":"","twitter":"","instagram":"","aforo":"","tipo_escenario":"","num_pantallas":"","link_sic":"http://sic.gob.mx/ficha.php?table=centro_cultural&table_id=3544","fecha_modificacion":"2025-12-15 19:40:05-06","es_pilares":"SI","dataset_relacionado":"PILARES","revision_manual":"NO","motivo_revision":"","fuente":"Sistema de Información Cultural (SIC)"}},{"type":"Feature","geometry":{"type":"Point","coordinates":[-99.24974,19.30072]},"properties":{"id_cultural":"CENTRO_CULTURAL_3691","id_sic":"3691","tipo_cultural":"CENTRO_CULTURAL","nombre":"PILARES La Cañada","fecha_fundacion":"1000-01-01","adscripcion_original":"Secretaría de Cultura de la Ciudad de México","tipo_gestion":"PUBLICO","criterio_clasificacion":"EVIDENCIA_INSTITUCIONAL_PUBLICA","fuente_revision_gestion":"","nota_revision_gestion":"","estado_id":"9","entidad":"Ciudad de México","municipio_id":"8","municipio":"La Magdalena Contreras","localidad_id":"109","localidad":"La Cañada [Parque]","calle_numero":"Emilio Carranza s/n","colonia":"Col. Pueblo la Magdalena Contreras","cp":"10920.0","telefono":"55 5134 0770 ext 1806","pagina_web":"https://pilares.cdmx.gob.mx/","email":"coord_comunicacion@pilares.cdmx.gob.mx","facebook":"","twitter":"","instagram":"","aforo":"","tipo_escenario":"","num_pantallas":"","link_sic":"http://sic.gob.mx/ficha.php?table=centro_cultural&table_id=3691","fecha_modificacion":"2024-06-11 13:05:55-06","es_pilares":"SI","dataset_relacionado":"PILARES","revision_manual":"NO","motivo_revision":"","fuente":"Sistema de Información Cultural (SIC)"}},{"type":"Feature","geometry":{"type":"Point","coordinates":[-99.01897,19.19367]},"properties":{"id_cultural":"CENTRO_CULTURAL_3644","id_sic":"3644","tipo_cultural":"CENTRO_CULTURAL","nombre":"PILARES Milpa Alta","fecha_fundacion":"1000-01-01","adscripcion_original":"Secretaría de Cultura de la Ciudad de México","tipo_gestion":"PUBLICO","criterio_clasificacion":"EVIDENCIA_INSTITUCIONAL_PUBLICA","fuente_revision_gestion":"","nota_revision_gestion":"","estado_id":"9","entidad":"Ciudad de México","municipio_id":"9","municipio":"Milpa Alta","localidad_id":"1","localidad":"Villa Milpa Alta","calle_numero":"Tabasco Pte","colonia":"Col. Santa Cruz","cp":"12000.0","telefono":"55 5134 0770 ext 1806","pagina_web":"https://pilares.cdmx.gob.mx/","email":"coord_comunicacion@pilares.cdmx.gob.mx","facebook":"","twitter":"","instagram":"","aforo":"","tipo_escenario":"","num_pantallas":"","link_sic":"http://sic.gob.mx/ficha.php?table=centro_cultural&table_id=3644","fecha_modificacion":"2024-06-11 10:46:22-06","es_pilares":"SI","dataset_relacionado":"PILARES","revision_manual":"NO","motivo_revision":"","fuente":"Sistema de Información Cultural (SIC)"}},{"type":"Feature","geometry":{"type":"Point","coordinates":[-99.0312,19.19825]},"properties":{"id_cultural":"CENTRO_CULTURAL_1514","id_sic":"1514","tipo_cultural":"CENTRO_CULTURAL","nombre":"Casa de Cultura Calmecac","fecha_fundacion":"1988-11-13","adscripcion_original":"Alcaldía Milpa Alta","tipo_gestion":"PUBLICO","criterio_clasificacion":"EVIDENCIA_INSTITUCIONAL_PUBLICA","fuente_revision_gestion":"","nota_revision_gestion":"","estado_id":"9","entidad":"Ciudad de México","municipio_id":"9","municipio":"Milpa Alta","localidad_id":"1","localidad":"Villa Milpa Alta","calle_numero":"Blvd. Nuevo León esq. Av. Puebla 250","colonia":"Barrio Santa Martha","cp":"12000.0","telefono":"55  5844 1921","pagina_web":"","email":"fvelardepaz@gmail.com","facebook":"","twitter":"","instagram":"","aforo":"","tipo_escenario":"","num_pantallas":"","link_sic":"http://sic.gob.mx/ficha.php?table=centro_cultural&table_id=1514","fecha_modificacion":"2025-02-05 13:40:26-06","es_pilares":"NO","dataset_relacionado":"","revision_manual":"NO","motivo_revision":"","fuente":"Sistema de Información Cultural (SIC)"}},{"type":"Feature","geometry":{"type":"Point","coordinates":[-98.99524,19.22164]},"properties":{"id_cultural":"CENTRO_CULTURAL_3062","id_sic":"3062","tipo_cultural":"CENTRO_CULTURAL","nombre":"Fábrica de Artes y Oficios (FARO) Tecómitl","fecha_fundacion":"2006-09-22","adscripcion_original":"Secretaría de Cultura de la Ciudad de México/Dirección General de Vinculación Cultural Comunitaria/Red de Faros","tipo_gestion":"PUBLICO","criterio_clasificacion":"EVIDENCIA_INSTITUCIONAL_PUBLICA","fuente_revision_gestion":"","nota_revision_gestion":"","estado_id":"9","entidad":"Ciudad de México","municipio_id":"9","municipio":"Milpa Alta","localidad_id":"11","localidad":"San Antonio Tecómitl","calle_numero":"Av. Doctor Gastón Melo 40, primer piso","colonia":"Col. Tenantitla","cp":"12100.0","telefono":"55 5847 7590","pagina_web":"https://culturacomunitaria.cdmx.gob.mx/red-de-faros/tecomitl","email":"farotecomitl.contacto@gmail.com","facebook":"","twitter":"","instagram":"","aforo":"","tipo_escenario":"","num_pantallas":"","link_sic":"http://sic.gob.mx/ficha.php?table=centro_cultural&table_id=3062","fecha_modificacion":"2026-08-07 08:41:56-06","es_pilares":"NO","dataset_relacionado":"","revision_manual":"NO","motivo_revision":"","fuente":"Sistema de Información Cultural (SIC)"}},{"type":"Feature","geometry":{"type":"Point","coordinates":[-99.07114,19.20687]},"properties":{"id_cultural":"CENTRO_CULTURAL_3520","id_sic":"3520","tipo_cultural":"CENTRO_CULTURAL","nombre":"PILARES San Bartolomé Xicomulco","fecha_fundacion":"2019-09-07","adscripcion_original":"Gobierno de la Ciudad de México","tipo_gestion":"PUBLICO","criterio_clasificacion":"EVIDENCIA_INSTITUCIONAL_PUBLICA","fuente_revision_gestion":"","nota_revision_gestion":"","estado_id":"9","entidad":"Ciudad de México","municipio_id":"9","municipio":"Milpa Alta","localidad_id":"15","localidad":"San Bartolomé Xicomulco","calle_numero":"Av. 5 de Mayo Oriente 36-58","colonia":"Col.  San Bartolomé Xicomulco","cp":"12250.0","telefono":"55 5134 0770 ext 1806","pagina_web":"https://pilares.cdmx.gob.mx/","email":"coord_comunicacion@pilares.cdmx.gob.mx","facebook":"","twitter":"","instagram":"","aforo":"","tipo_escenario":"","num_pantallas":"","link_sic":"http://sic.gob.mx/ficha.php?table=centro_cultural&table_id=3520","fecha_modificacion":"2024-06-12 13:45:15-06","es_pilares":"SI","dataset_relacionado":"PILARES","revision_manual":"NO","motivo_revision":"","fuente":"Sistema de Información Cultural (SIC)"}},{"type":"Feature","geometry":{"type":"Point","coordinates":[-99.00977,19.19322]},"properties":{"id_cultural":"CENTRO_CULTURAL_3642","id_sic":"3642","tipo_cultural":"CENTRO_CULTURAL","nombre":"PILARES San Jerónimo Miacatlán","fecha_fundacion":"2021-01-01","adscripcion_original":"Gobierno de la Ciudad de México","tipo_gestion":"PUBLICO","criterio_clasificacion":"EVIDENCIA_INSTITUCIONAL_PUBLICA","fuente_revision_gestion":"","nota_revision_gestion":"","estado_id":"9","entidad":"Ciudad de México","municipio_id":"9","municipio":"Milpa Alta","localidad_id":"17","localidad":"San Francisco Tecoxpa","calle_numero":"Av. Simón Bolivar s/n, planta alta de Faro","colonia":"Col. San Jerónimo Miacatlán","cp":"12600.0","telefono":"55 5134 0770 ext 1806","pagina_web":"https://pilares.cdmx.gob.mx/","email":"coord_comunicacion@pilares.cdmx.gob.mx","facebook":"","twitter":"","instagram":"","aforo":"","tipo_escenario":"","num_pantallas":"","link_sic":"http://sic.gob.mx/ficha.php?table=centro_cultural&table_id=3642","fecha_modificacion":"2025-07-04 17:01:53-06","es_pilares":"SI","dataset_relacionado":"PILARES","revision_manual":"NO","motivo_revision":"","fuente":"Sistema de Información Cultural (SIC)"}},{"type":"Feature","geometry":{"type":"Point","coordinates":[-99.00976,19.1932]},"properties":{"id_cultural":"CENTRO_CULTURAL_2185","id_sic":"2185","tipo_cultural":"CENTRO_CULTURAL","nombre":"Fábrica de Artes y Oficios (FARO) Milpa Alta-Miacatlán","fecha_fundacion":"2017-02-14","adscripcion_original":"Secretaría de Cultura de la Ciudad de México/Subdirección de Red de Faros/Coordinación de Cultura Comunitaria","tipo_gestion":"PUBLICO","criterio_clasificacion":"EVIDENCIA_INSTITUCIONAL_PUBLICA","fuente_revision_gestion":"","nota_revision_gestion":"","estado_id":"9","entidad":"Ciudad de México","municipio_id":"9","municipio":"Milpa Alta","localidad_id":"17","localidad":"San Francisco Tecoxpa","calle_numero":"Simón Bolívar Pte. s/n","colonia":"Poblado de San Jerónimo Miacatlán","cp":"12600.0","telefono":"55 5844 6344","pagina_web":"https://www.cultura.cdmx.gob.mx/faro-miacatlan","email":"fmaenlacepedagogico@gmail.com; culturacomunitariaweb@gmail.com","facebook":"","twitter":"","instagram":"","aforo":"","tipo_escenario":"","num_pantallas":"","link_sic":"http://sic.gob.mx/ficha.php?table=centro_cultural&table_id=2185","fecha_modificacion":"2026-08-03 13:36:32-06","es_pilares":"NO","dataset_relacionado":"","revision_manual":"NO","motivo_revision":"","fuente":"Sistema de Información Cultural (SIC)"}},{"type":"Feature","geometry":{"type":"Point","coordinates":[-99.07522,19.18332]},"properties":{"id_cultural":"CENTRO_CULTURAL_3641","id_sic":"3641","tipo_cultural":"CENTRO_CULTURAL","nombre":"PILARES San Pablo Oztotepec","fecha_fundacion":"1000-01-01","adscripcion_original":"Secretaría de Cultura de la Ciudad de México","tipo_gestion":"PUBLICO","criterio_clasificacion":"EVIDENCIA_INSTITUCIONAL_PUBLICA","fuente_revision_gestion":"","nota_revision_gestion":"","estado_id":"9","entidad":"Ciudad de México","municipio_id":"9","municipio":"Milpa Alta","localidad_id":"24","localidad":"San Pablo Oztotepec","calle_numero":"Emiliano Zapata s/n","colonia":"Col. San Miguel","cp":"12400.0","telefono":"55 5134 0770 ext 1806","pagina_web":"https://pilares.cdmx.gob.mx/","email":"coord_comunicacion@pilares.cdmx.gob.mx","facebook":"","twitter":"","instagram":"","aforo":"","tipo_escenario":"","num_pantallas":"","link_sic":"http://sic.gob.mx/ficha.php?table=centro_cultural&table_id=3641","fecha_modificacion":"2024-06-12 09:10:23-06","es_pilares":"SI","dataset_relacionado":"PILARES","revision_manual":"NO","motivo_revision":"","fuente":"Sistema de Información Cultural (SIC)"}},{"type":"Feature","geometry":{"type":"Point","coordinates":[-99.07109,19.18547]},"properties":{"id_cultural":"CENTRO_CULTURAL_1537","id_sic":"1537","tipo_cultural":"CENTRO_CULTURAL","nombre":"Casa de Cultura Quinta Axayopa","fecha_fundacion":"1987-01-01","adscripcion_original":"Comuneros de Milta Alta","tipo_gestion":"NO_DETERMINADO","criterio_clasificacion":"SIN_EVIDENCIA_SUFICIENTE","fuente_revision_gestion":"","nota_revision_gestion":"","estado_id":"9","entidad":"Ciudad de México","municipio_id":"9","municipio":"Milpa Alta","localidad_id":"24","localidad":"San Pablo Oztotepec","calle_numero":"Fabián Flores 47","colonia":"Pueblo de San Pablo Oztotepec","cp":"12400.0","telefono":"","pagina_web":"","email":"","facebook":"","twitter":"","instagram":"","aforo":"","tipo_escenario":"","num_pantallas":"","link_sic":"http://sic.gob.mx/ficha.php?table=centro_cultural&table_id=1537","fecha_modificacion":"2025-02-06 18:01:09-06","es_pilares":"NO","dataset_relacionado":"","revision_manual":"SI","motivo_revision":"La adscripción no contiene información suficiente para clasificarla automáticamente como pública o privada.","fuente":"Sistema de Información Cultural (SIC)"}},{"type":"Feature","geometry":{"type":"Point","coordinates":[-99.05547,19.19895]},"properties":{"id_cultural":"CENTRO_CULTURAL_1540","id_sic":"1540","tipo_cultural":"CENTRO_CULTURAL","nombre":"Casa de Cultura Atocpan","fecha_fundacion":"1999-04-30","adscripcion_original":"Alcaldía Milpa Alta","tipo_gestion":"PUBLICO","criterio_clasificacion":"EVIDENCIA_INSTITUCIONAL_PUBLICA","fuente_revision_gestion":"","nota_revision_gestion":"","estado_id":"9","entidad":"Ciudad de México","municipio_id":"9","municipio":"Milpa Alta","localidad_id":"29","localidad":"San Pedro Atocpan","calle_numero":"Nezahualcóyotl  esq. Temoaya s/n, Barrio de Ocotitla","colonia":"Pueblo San Pedro Atocpan","cp":"12200.0","telefono":"55 9489 7604","pagina_web":"","email":"casasanpedro1@hotmail","facebook":"","twitter":"","instagram":"","aforo":"","tipo_escenario":"","num_pantallas":"","link_sic":"http://sic.gob.mx/ficha.php?table=centro_cultural&table_id=1540","fecha_modificacion":"2025-04-04 12:07:59-06","es_pilares":"NO","dataset_relacionado":"","revision_manual":"NO","motivo_revision":"","fuente":"Sistema de Información Cultural (SIC)"}},{"type":"Feature","geometry":{"type":"Point","coordinates":[-99.09152,19.19388]},"properties":{"id_cultural":"CENTRO_CULTURAL_3485","id_sic":"3485","tipo_cultural":"CENTRO_CULTURAL","nombre":"PILARES San Salvador Cuauhtenco","fecha_fundacion":"1000-01-01","adscripcion_original":"Gobierno de la Ciudad de México","tipo_gestion":"PUBLICO","criterio_clasificacion":"EVIDENCIA_INSTITUCIONAL_PUBLICA","fuente_revision_gestion":"","nota_revision_gestion":"","estado_id":"9","entidad":"Ciudad de México","municipio_id":"9","municipio":"Milpa Alta","localidad_id":"33","localidad":"San Salvador Cuauhtenco","calle_numero":"Prol. Emiliano Zapata 4","colonia":"Col. San Salvador Cuauhtenco  Secc. IV","cp":"12300.0","telefono":"55 5134 0770 ext 1806","pagina_web":"https://pilares.cdmx.gob.mx/pilares/1523/san-salvador-cuauhtenco","email":"coord_comunicacion@pilares.cdmx.gob.mx","facebook":"","twitter":"","instagram":"","aforo":"","tipo_escenario":"","num_pantallas":"","link_sic":"http://sic.gob.mx/ficha.php?table=centro_cultural&table_id=3485","fecha_modificacion":"2024-06-21 14:59:04-06","es_pilares":"SI","dataset_relacionado":"PILARES","revision_manual":"NO","motivo_revision":"","fuente":"Sistema de Información Cultural (SIC)"}},{"type":"Feature","geometry":{"type":"Point","coordinates":[-98.99413,19.18721]},"properties":{"id_cultural":"CENTRO_CULTURAL_3643","id_sic":"3643","tipo_cultural":"CENTRO_CULTURAL","nombre":"PILARES San Juan Tepenahuac","fecha_fundacion":"1000-01-01","adscripcion_original":"Gobierno de la Ciudad de México","tipo_gestion":"PUBLICO","criterio_clasificacion":"EVIDENCIA_INSTITUCIONAL_PUBLICA","fuente_revision_gestion":"","nota_revision_gestion":"","estado_id":"9","entidad":"Ciudad de México","municipio_id":"9","municipio":"Milpa Alta","localidad_id":"139","localidad":"Teatlaco","calle_numero":"Guadalupe y Av. España","colonia":"San Juan Tepenahuac","cp":"12800.0","telefono":"55 5134 0770 ext 1806","pagina_web":"https://pilares.cdmx.gob.mx/","email":"coord_comunicacion@pilares.cdmx.gob.mx","facebook":"","twitter":"","instagram":"","aforo":"","tipo_escenario":"","num_pantallas":"","link_sic":"http://sic.gob.mx/ficha.php?table=centro_cultural&table_id=3643","fecha_modificacion":"2024-06-17 12:47:44-06","es_pilares":"SI","dataset_relacionado":"PILARES","revision_manual":"NO","motivo_revision":"","fuente":"Sistema de Información Cultural (SIC)"}},{"type":"Feature","geometry":{"type":"Point","coordinates":[-99.03023,19.17707]},"properties":{"id_cultural":"CENTRO_CULTURAL_3696","id_sic":"3696","tipo_cultural":"CENTRO_CULTURAL","nombre":"PILARES San Lorenzo Tlacoyucan","fecha_fundacion":"2021-01-01","adscripcion_original":"Secretaría de Cultura de la Ciudad de México","tipo_gestion":"PUBLICO","criterio_clasificacion":"EVIDENCIA_INSTITUCIONAL_PUBLICA","fuente_revision_gestion":"","nota_revision_gestion":"","estado_id":"9","entidad":"Ciudad de México","municipio_id":"9","municipio":"Milpa Alta","localidad_id":"152","localidad":"San Lorenzo Tlacoyucan","calle_numero":"Constitución s/n","colonia":"Col. San Lorenzo Tlacoyucan","cp":"12500.0","telefono":"55 5134 0770 ext 1806","pagina_web":"https://pilares.cdmx.gob.mx/","email":"coord_comunicacion@pilares.cdmx.gob.mx","facebook":"","twitter":"","instagram":"","aforo":"","tipo_escenario":"","num_pantallas":"","link_sic":"http://sic.gob.mx/ficha.php?table=centro_cultural&table_id=3696","fecha_modificacion":"2025-07-18 18:05:18-06","es_pilares":"SI","dataset_relacionado":"PILARES","revision_manual":"NO","motivo_revision":"","fuente":"Sistema de Información Cultural (SIC)"}},{"type":"Feature","geometry":{"type":"Point","coordinates":[-99.03175,19.17312]},"properties":{"id_cultural":"CENTRO_CULTURAL_1538","id_sic":"1538","tipo_cultural":"CENTRO_CULTURAL","nombre":"Casa de Cultura Tlacoyucan","fecha_fundacion":"1999-10-26","adscripcion_original":"Alcaldía Milpa Alta","tipo_gestion":"PUBLICO","criterio_clasificacion":"EVIDENCIA_INSTITUCIONAL_PUBLICA","fuente_revision_gestion":"","nota_revision_gestion":"","estado_id":"9","entidad":"Ciudad de México","municipio_id":"9","municipio":"Milpa Alta","localidad_id":"152","localidad":"San Lorenzo Tlacoyucan","calle_numero":"Prol. Insurgentes 10","colonia":"Col. San Lorenzo Tlacoyucan","cp":"12500.0","telefono":"55 5862 3150","pagina_web":"https://www.milpa-alta.cdmx.gob.mx/cultura_casas.html","email":"casadeculturatlacoyucan@hotmail.com; contacto@milpa-alta.cdmx.gob.mx","facebook":"","twitter":"","instagram":"","aforo":"","tipo_escenario":"","num_pantallas":"","link_sic":"http://sic.gob.mx/ficha.php?table=centro_cultural&table_id=1538","fecha_modificacion":"2026-04-28 19:43:08-06","es_pilares":"NO","dataset_relacionado":"","revision_manual":"NO","motivo_revision":"","fuente":"Sistema de Información Cultural (SIC)"}},{"type":"Feature","geometry":{"type":"Point","coordinates":[-99.05215,19.20264]},"properties":{"id_cultural":"CENTRO_CULTURAL_3519","id_sic":"3519","tipo_cultural":"CENTRO_CULTURAL","nombre":"PILARES San Pedro Atocpan","fecha_fundacion":"1000-01-01","adscripcion_original":"Secretaría de Cultura de la Ciudad de México","tipo_gestion":"PUBLICO","criterio_clasificacion":"EVIDENCIA_INSTITUCIONAL_PUBLICA","fuente_revision_gestion":"","nota_revision_gestion":"","estado_id":"9","entidad":"Ciudad de México","municipio_id":"9","municipio":"Milpa Alta","localidad_id":"323","localidad":"Tula (Huixtotlazintla)","calle_numero":"Atzayácatl Prol. Guadalupe Victoria","colonia":"Col. San Pedro Atocpan","cp":"12200.0","telefono":"55 5134 0770 ext 1806","pagina_web":"https://pilares.cdmx.gob.mx/","email":"coord_comunicacion@pilares.cdmx.gob.mx","facebook":"","twitter":"","instagram":"","aforo":"","tipo_escenario":"","num_pantallas":"","link_sic":"http://sic.gob.mx/ficha.php?table=centro_cultural&table_id=3519","fecha_modificacion":"2024-06-11 10:47:29-06","es_pilares":"SI","dataset_relacionado":"PILARES","revision_manual":"NO","motivo_revision":"","fuente":"Sistema de Información Cultural (SIC)"}},{"type":"Feature","geometry":{"type":"Point","coordinates":[-99.00312,19.17737]},"properties":{"id_cultural":"CENTRO_CULTURAL_3736","id_sic":"3736","tipo_cultural":"CENTRO_CULTURAL","nombre":"PILARES Santa Ana Tlacotenco","fecha_fundacion":"2019-01-01","adscripcion_original":"Secretaría de Cultura de la Ciudad de México","tipo_gestion":"PUBLICO","criterio_clasificacion":"EVIDENCIA_INSTITUCIONAL_PUBLICA","fuente_revision_gestion":"","nota_revision_gestion":"","estado_id":"9","entidad":"Ciudad de México","municipio_id":"9","municipio":"Milpa Alta","localidad_id":"348","localidad":"Huacaltunco","calle_numero":"Priv. Olímpica s/n","colonia":"Col. Santa Ana Tlacotenco","cp":"12000.0","telefono":"55 5134 0770 ext 1806","pagina_web":"https://pilares.cdmx.gob.mx/","email":"coord_comunicacion@pilares.cdmx.gob.mx","facebook":"","twitter":"","instagram":"","aforo":"","tipo_escenario":"","num_pantallas":"","link_sic":"http://sic.gob.mx/ficha.php?table=centro_cultural&table_id=3736","fecha_modificacion":"2025-08-29 17:57:14-06","es_pilares":"SI","dataset_relacionado":"PILARES","revision_manual":"NO","motivo_revision":"","fuente":"Sistema de Información Cultural (SIC)"}},{"type":"Feature","geometry":{"type":"Point","coordinates":[-98.98885,19.21709]},"properties":{"id_cultural":"CENTRO_CULTURAL_3511","id_sic":"3511","tipo_cultural":"CENTRO_CULTURAL","nombre":"PILARES Xaltipac","fecha_fundacion":"2019-01-01","adscripcion_original":"Secretaría de Cultura de la Ciudad de México","tipo_gestion":"PUBLICO","criterio_clasificacion":"EVIDENCIA_INSTITUCIONAL_PUBLICA","fuente_revision_gestion":"","nota_revision_gestion":"","estado_id":"9","entidad":"Ciudad de México","municipio_id":"9","municipio":"Milpa Alta","localidad_id":"358","localidad":"Don Diegoco","calle_numero":"Calle 5 de Mayo s/n","colonia":"Col. Xaltipac","cp":"12100.0","telefono":"55 5134 0770 ext 1806","pagina_web":"https://pilares.cdmx.gob.mx/","email":"coord_comunicacion@pilares.cdmx.gob.mx","facebook":"","twitter":"","instagram":"","aforo":"","tipo_escenario":"","num_pantallas":"","link_sic":"http://sic.gob.mx/ficha.php?table=centro_cultural&table_id=3511","fecha_modificacion":"2025-06-19 17:00:31-06","es_pilares":"SI","dataset_relacionado":"PILARES","revision_manual":"NO","motivo_revision":"","fuente":"Sistema de Información Cultural (SIC)"}},{"type":"Feature","geometry":{"type":"Point","coordinates":[-99.18763,19.35705]},"properties":{"id_cultural":"CENTRO_CULTURAL_1430","id_sic":"1430","tipo_cultural":"CENTRO_CULTURAL","nombre":"Centro Cultural El Juglar","fecha_fundacion":"1975-01-01","adscripcion_original":"Centro Cultural El Juglar, A.C.","tipo_gestion":"PRIVADO","criterio_clasificacion":"EVIDENCIA_INSTITUCIONAL_PRIVADA","fuente_revision_gestion":"","nota_revision_gestion":"","estado_id":"9","entidad":"Ciudad de México","municipio_id":"10","municipio":"Álvaro Obregón","localidad_id":"1","localidad":"Álvaro Obregón","calle_numero":"Manuel M. Ponce 233","colonia":"Col. Guadalupe Inn","cp":"1020.0","telefono":"55 5660 3549,  55 5680 4109","pagina_web":"http://www.eljuglar.org/","email":"eljuglar@prodigy.net.mx","facebook":"","twitter":"","instagram":"","aforo":"","tipo_escenario":"","num_pantallas":"","link_sic":"http://sic.gob.mx/ficha.php?table=centro_cultural&table_id=1430","fecha_modificacion":"2021-09-07 11:43:57-05","es_pilares":"NO","dataset_relacionado":"","revision_manual":"NO","motivo_revision":"","fuente":"Sistema de Información Cultural (SIC)"}},{"type":"Feature","geometry":{"type":"Point","coordinates":[-99.19213,19.39612]},"properties":{"id_cultural":"CENTRO_CULTURAL_3756","id_sic":"3756","tipo_cultural":"CENTRO_CULTURAL","nombre":"PILARES Bosques II Sección","fecha_fundacion":"1000-01-01","adscripcion_original":"Secretaría de Cultura de la Ciudad de México","tipo_gestion":"PUBLICO","criterio_clasificacion":"EVIDENCIA_INSTITUCIONAL_PUBLICA","fuente_revision_gestion":"","nota_revision_gestion":"","estado_id":"9","entidad":"Ciudad de México","municipio_id":"10","municipio":"Álvaro Obregón","localidad_id":"1","localidad":"Álvaro Obregón","calle_numero":"Cam. Real a Toluca 1","colonia":"Col. Bosques 2da. Sección","cp":"1560.0","telefono":"55 5134 0770 ext 1806","pagina_web":"https://pilares.cdmx.gob.mx/","email":"coord_comunicacion@pilares.cdmx.gob.mx","facebook":"","twitter":"","instagram":"","aforo":"","tipo_escenario":"","num_pantallas":"","link_sic":"http://sic.gob.mx/ficha.php?table=centro_cultural&table_id=3756","fecha_modificacion":"2024-06-11 12:08:46-06","es_pilares":"SI","dataset_relacionado":"PILARES","revision_manual":"NO","motivo_revision":"","fuente":"Sistema de Información Cultural (SIC)"}},{"type":"Feature","geometry":{"type":"Point","coordinates":[-99.19528,19.39081]},"properties":{"id_cultural":"CENTRO_CULTURAL_3325","id_sic":"3325","tipo_cultural":"CENTRO_CULTURAL","nombre":"Centro Cultural El Semillero","fecha_fundacion":"1000-01-01","adscripcion_original":"","tipo_gestion":"NO_DETERMINADO","criterio_clasificacion":"SIN_ADSCRIPCION","fuente_revision_gestion":"","nota_revision_gestion":"","estado_id":"9","entidad":"Ciudad de México","municipio_id":"10","municipio":"Álvaro Obregón","localidad_id":"1","localidad":"Álvaro Obregón","calle_numero":"Veracruz 142","colonia":"Col. Lomas de San Agustín","cp":"1790.0","telefono":"55 2525 2775","pagina_web":"","email":"arturomarquez.work@outlook.com","facebook":"","twitter":"","instagram":"","aforo":"","tipo_escenario":"","num_pantallas":"","link_sic":"http://sic.gob.mx/ficha.php?table=centro_cultural&table_id=3325","fecha_modificacion":"2021-05-21 07:23:53-05","es_pilares":"NO","dataset_relacionado":"","revision_manual":"SI","motivo_revision":"No existe adscripción disponible para determinar el tipo de gestión.","fuente":"Sistema de Información Cultural (SIC)"}},{"type":"Feature","geometry":{"type":"Point","coordinates":[-99.24965,19.38031]},"properties":{"id_cultural":"CENTRO_CULTURAL_3583","id_sic":"3583","tipo_cultural":"CENTRO_CULTURAL","nombre":"PILARES Gomez Farías, Santa Fe","fecha_fundacion":"2022-06-11","adscripcion_original":"Gobierno de la Ciudad de México","tipo_gestion":"PUBLICO","criterio_clasificacion":"EVIDENCIA_INSTITUCIONAL_PUBLICA","fuente_revision_gestion":"","nota_revision_gestion":"","estado_id":"9","entidad":"Ciudad de México","municipio_id":"10","municipio":"Álvaro Obregón","localidad_id":"1","localidad":"Álvaro Obregón","calle_numero":"Prol. Gómez Farias y Prol. Reforma Puerta Santa Fe s/n","colonia":"Santa Fe, Bejero","cp":"1310.0","telefono":"55 5134 0770 ext 1806","pagina_web":"https://pilares.cdmx.gob.mx/","email":"coord_comunicacion@pilares.cdmx.gob.mx","facebook":"","twitter":"","instagram":"","aforo":"","tipo_escenario":"","num_pantallas":"","link_sic":"http://sic.gob.mx/ficha.php?table=centro_cultural&table_id=3583","fecha_modificacion":"2025-10-27 17:00:41-06","es_pilares":"SI","dataset_relacionado":"PILARES","revision_manual":"NO","motivo_revision":"","fuente":"Sistema de Información Cultural (SIC)"}},{"type":"Feature","geometry":{"type":"Point","coordinates":[-99.18945,19.3463]},"properties":{"id_cultural":"CENTRO_CULTURAL_3871","id_sic":"3871","tipo_cultural":"CENTRO_CULTURAL","nombre":"Foro La Paz","fecha_fundacion":"2021-12-03","adscripcion_original":"Privado","tipo_gestion":"PRIVADO","criterio_clasificacion":"CLASIFICACION_EXPLICITA","fuente_revision_gestion":"","nota_revision_gestion":"","estado_id":"9","entidad":"Ciudad de México","municipio_id":"10","municipio":"Álvaro Obregón","localidad_id":"1","localidad":"Álvaro Obregón","calle_numero":"Av. de la Paz 57, 1er piso","colonia":"Col. San Ángel","cp":"1000.0","telefono":"55 9056 9896","pagina_web":"https://www.forolapaz.live/","email":"booking@forolapaz.live","facebook":"","twitter":"","instagram":"","aforo":"","tipo_escenario":"","num_pantallas":"","link_sic":"http://sic.gob.mx/ficha.php?table=centro_cultural&table_id=3871","fecha_modificacion":"2026-02-23 14:11:02-06","es_pilares":"NO","dataset_relacionado":"","revision_manual":"NO","motivo_revision":"","fuente":"Sistema de Información Cultural (SIC)"}},{"type":"Feature","geometry":{"type":"Point","coordinates":[-99.19019,19.34571]},"properties":{"id_cultural":"CENTRO_CULTURAL_1431","id_sic":"1431","tipo_cultural":"CENTRO_CULTURAL","nombre":"Centro Cultural San Ángel","fecha_fundacion":"1988-01-29","adscripcion_original":"Delegación Álvaro Obregón","tipo_gestion":"PUBLICO","criterio_clasificacion":"EVIDENCIA_INSTITUCIONAL_PUBLICA","fuente_revision_gestion":"","nota_revision_gestion":"","estado_id":"9","entidad":"Ciudad de México","municipio_id":"10","municipio":"Álvaro Obregón","localidad_id":"1","localidad":"Álvaro Obregón","calle_numero":"Av. Revolución s/n","colonia":"Col. San Ángel","cp":"1000.0","telefono":"55 5616 1254","pagina_web":"","email":"centroculturalsanangel@hotmail.com","facebook":"","twitter":"","instagram":"","aforo":"","tipo_escenario":"","num_pantallas":"","link_sic":"http://sic.gob.mx/ficha.php?table=centro_cultural&table_id=1431","fecha_modificacion":"2024-11-20 11:44:48-06","es_pilares":"NO","dataset_relacionado":"","revision_manual":"NO","motivo_revision":"","fuente":"Sistema de Información Cultural (SIC)"}},{"type":"Feature","geometry":{"type":"Point","coordinates":[-99.19314,19.33927]},"properties":{"id_cultural":"CENTRO_CULTURAL_2805","id_sic":"2805","tipo_cultural":"CENTRO_CULTURAL","nombre":"Centro Comercial y Cultural Plaza Loreto","fecha_fundacion":"1993-12-01","adscripcion_original":"Grupo Sanborns, S.A. de C.V.","tipo_gestion":"PRIVADO","criterio_clasificacion":"EVIDENCIA_INSTITUCIONAL_PRIVADA","fuente_revision_gestion":"","nota_revision_gestion":"","estado_id":"9","entidad":"Ciudad de México","municipio_id":"10","municipio":"Álvaro Obregón","localidad_id":"1","localidad":"Álvaro Obregón","calle_numero":"Altamirano 46","colonia":"Col. Tizapán San Ángel","cp":"1090.0","telefono":"55 5550 6292","pagina_web":"http://centroscomercialehttp://www.centrocomercialloreto.com.mx","email":"loretocultural@hotmail.com","facebook":"","twitter":"","instagram":"","aforo":"","tipo_escenario":"","num_pantallas":"","link_sic":"http://sic.gob.mx/ficha.php?table=centro_cultural&table_id=2805","fecha_modificacion":"2022-09-26 09:44:17-05","es_pilares":"NO","dataset_relacionado":"","revision_manual":"NO","motivo_revision":"","fuente":"Sistema de Información Cultural (SIC)"}},{"type":"Feature","geometry":{"type":"Point","coordinates":[-99.24023,19.35821]},"properties":{"id_cultural":"CENTRO_CULTURAL_3981","id_sic":"3981","tipo_cultural":"CENTRO_CULTURAL","nombre":"Casa de Cultura EyB","fecha_fundacion":"2013-06-01","adscripcion_original":"Casa de Cultura EyB","tipo_gestion":"NO_DETERMINADO","criterio_clasificacion":"SIN_EVIDENCIA_SUFICIENTE","fuente_revision_gestion":"","nota_revision_gestion":"","estado_id":"9","entidad":"Ciudad de México","municipio_id":"10","municipio":"Álvaro Obregón","localidad_id":"1","localidad":"Álvaro Obregón","calle_numero":"Quetzalcoatl 25","colonia":"Balcones de Cehuayo","cp":"1509.0","telefono":"","pagina_web":"","email":"","facebook":"","twitter":"","instagram":"","aforo":"","tipo_escenario":"","num_pantallas":"","link_sic":"http://sic.gob.mx/ficha.php?table=centro_cultural&table_id=3981","fecha_modificacion":"2026-03-09 12:45:29-06","es_pilares":"NO","dataset_relacionado":"","revision_manual":"SI","motivo_revision":"La adscripción no contiene información suficiente para clasificarla automáticamente como pública o privada.","fuente":"Sistema de Información Cultural (SIC)"}},{"type":"Feature","geometry":{"type":"Point","coordinates":[-99.19003,19.35297]},"properties":{"id_cultural":"CENTRO_CULTURAL_1421","id_sic":"1421","tipo_cultural":"CENTRO_CULTURAL","nombre":"Centro Cultural Helénico (CCH)","fecha_fundacion":"1990-01-01","adscripcion_original":"Secretaría de Cultura","tipo_gestion":"PUBLICO","criterio_clasificacion":"EVIDENCIA_INSTITUCIONAL_PUBLICA","fuente_revision_gestion":"","nota_revision_gestion":"","estado_id":"9","entidad":"Ciudad de México","municipio_id":"10","municipio":"Álvaro Obregón","localidad_id":"1","localidad":"Álvaro Obregón","calle_numero":"Av. Revolución 1500","colonia":"Col. Guadalupe Inn","cp":"1020.0","telefono":"(55) 4155 0900","pagina_web":"http://www.helenico.gob.mx","email":"helenico@cultura.gob.mx","facebook":"","twitter":"","instagram":"","aforo":"","tipo_escenario":"","num_pantallas":"","link_sic":"http://sic.gob.mx/ficha.php?table=centro_cultural&table_id=1421","fecha_modificacion":"2020-04-21 15:54:43-05","es_pilares":"NO","dataset_relacionado":"","revision_manual":"NO","motivo_revision":"","fuente":"Sistema de Información Cultural (SIC)"}},{"type":"Feature","geometry":{"type":"Point","coordinates":[-99.19528,19.39081]},"properties":{"id_cultural":"CENTRO_CULTURAL_3877","id_sic":"3877","tipo_cultural":"CENTRO_CULTURAL","nombre":"Ludoteca Chacuacos, Fumarolas de Agua","fecha_fundacion":"2025-06-21","adscripcion_original":"Secretaría de Cultura, Dirección General de Vinculación Cultural","tipo_gestion":"PUBLICO","criterio_clasificacion":"EVIDENCIA_INSTITUCIONAL_PUBLICA","fuente_revision_gestion":"","nota_revision_gestion":"","estado_id":"9","entidad":"Ciudad de México","municipio_id":"10","municipio":"Álvaro Obregón","localidad_id":"1","localidad":"Álvaro Obregón","calle_numero":"Ex Fábrica de Pólvora. Av. Vasco de Quiroga esq. Bandera Nacional","colonia":"Bosque de Chapultepec 4a. sección","cp":"","telefono":"","pagina_web":"https://www.sedema.cdmx.gob.mx/comunicacion/nota/arrancan-actividades-en-la-ludoteca-chacuacos-fumarolas-de-agua-en-la-ex-fabrica-de-polvora","email":"","facebook":"","twitter":"","instagram":"","aforo":"","tipo_escenario":"","num_pantallas":"","link_sic":"http://sic.gob.mx/ficha.php?table=centro_cultural&table_id=3877","fecha_modificacion":"2025-06-25 14:52:08-06","es_pilares":"NO","dataset_relacionado":"","revision_manual":"NO","motivo_revision":"","fuente":"Sistema de Información Cultural (SIC)"}},{"type":"Feature","geometry":{"type":"Point","coordinates":[-99.19528,19.39081]},"properties":{"id_cultural":"CENTRO_CULTURAL_3450","id_sic":"3450","tipo_cultural":"CENTRO_CULTURAL","nombre":"Centro Cultural Ex Fábrica de Pólvora","fecha_fundacion":"2021-07-03","adscripcion_original":"Gobierno de la Ciudad de México","tipo_gestion":"PUBLICO","criterio_clasificacion":"EVIDENCIA_INSTITUCIONAL_PUBLICA","fuente_revision_gestion":"","nota_revision_gestion":"","estado_id":"9","entidad":"Ciudad de México","municipio_id":"10","municipio":"Álvaro Obregón","localidad_id":"1","localidad":"Álvaro Obregón","calle_numero":"IV sección del Bosque de Chapultepec, Bandera, Industrias Militares de Sedena","colonia":"Col. Lomas de Santa Fe","cp":"1219.0","telefono":".","pagina_web":"https://mexicocity.cdmx.gob.mx/venues/ex-fabrica-polvora/?lang=es","email":"","facebook":"","twitter":"","instagram":"","aforo":"","tipo_escenario":"","num_pantallas":"","link_sic":"http://sic.gob.mx/ficha.php?table=centro_cultural&table_id=3450","fecha_modificacion":"2025-06-22 15:54:06-06","es_pilares":"NO","dataset_relacionado":"","revision_manual":"NO","motivo_revision":"","fuente":"Sistema de Información Cultural (SIC)"}},{"type":"Feature","geometry":{"type":"Point","coordinates":[-99.20734,19.39243]},"properties":{"id_cultural":"CENTRO_CULTURAL_3592","id_sic":"3592","tipo_cultural":"CENTRO_CULTURAL","nombre":"PILARES La Conchita","fecha_fundacion":"2021-06-20","adscripcion_original":"Gobierno de la Ciudad de México","tipo_gestion":"PUBLICO","criterio_clasificacion":"EVIDENCIA_INSTITUCIONAL_PUBLICA","fuente_revision_gestion":"","nota_revision_gestion":"","estado_id":"9","entidad":"Ciudad de México","municipio_id":"10","municipio":"Álvaro Obregón","localidad_id":"1","localidad":"Álvaro Obregón","calle_numero":"1 de Noviembre s/n, Deportivo la Conchita","colonia":"","cp":"1130.0","telefono":"55 5134 0770 ext 1806","pagina_web":"https://gobierno.cdmx.gob.mx/noticias/inicia-actividades-pilares-la-conchita/","email":"coord_comunicacion@pilares.cdmx.gob.mx","facebook":"","twitter":"","instagram":"","aforo":"","tipo_escenario":"","num_pantallas":"","link_sic":"http://sic.gob.mx/ficha.php?table=centro_cultural&table_id=3592","fecha_modificacion":"2024-06-12 13:53:42-06","es_pilares":"SI","dataset_relacionado":"PILARES","revision_manual":"NO","motivo_revision":"","fuente":"Sistema de Información Cultural (SIC)"}},{"type":"Feature","geometry":{"type":"Point","coordinates":[-99.20621,19.37829]},"properties":{"id_cultural":"CENTRO_CULTURAL_3566","id_sic":"3566","tipo_cultural":"CENTRO_CULTURAL","nombre":"PILARES Barrio Norte","fecha_fundacion":"1000-01-01","adscripcion_original":"Secretaría de Cultura de la Ciudad de México","tipo_gestion":"PUBLICO","criterio_clasificacion":"EVIDENCIA_INSTITUCIONAL_PUBLICA","fuente_revision_gestion":"","nota_revision_gestion":"","estado_id":"9","entidad":"Ciudad de México","municipio_id":"10","municipio":"Álvaro Obregón","localidad_id":"1","localidad":"Álvaro Obregón","calle_numero":"Cda. Allende s/n","colonia":"Col. Barrio Norte","cp":"1410.0","telefono":"55 5134 0770 ext 1806","pagina_web":"https://pilares.cdmx.gob.mx/","email":"coord_comunicacion@pilares.cdmx.gob.mx","facebook":"","twitter":"","instagram":"","aforo":"","tipo_escenario":"","num_pantallas":"","link_sic":"http://sic.gob.mx/ficha.php?table=centro_cultural&table_id=3566","fecha_modificacion":"2024-06-13 07:39:10-06","es_pilares":"SI","dataset_relacionado":"PILARES","revision_manual":"NO","motivo_revision":"","fuente":"Sistema de Información Cultural (SIC)"}},{"type":"Feature","geometry":{"type":"Point","coordinates":[-99.2122,19.39559]},"properties":{"id_cultural":"CENTRO_CULTURAL_3466","id_sic":"3466","tipo_cultural":"CENTRO_CULTURAL","nombre":"PILARES El Capulín","fecha_fundacion":"2019-02-08","adscripcion_original":"Secretaría de Cultura de la Ciudad de México","tipo_gestion":"PUBLICO","criterio_clasificacion":"EVIDENCIA_INSTITUCIONAL_PUBLICA","fuente_revision_gestion":"","nota_revision_gestion":"","estado_id":"9","entidad":"Ciudad de México","municipio_id":"10","municipio":"Álvaro Obregón","localidad_id":"1","localidad":"Álvaro Obregón","calle_numero":"Prol. Artificios s/n","colonia":"Col. El Capulín","cp":"1110.0","telefono":"55 5134 0770 ext 1806","pagina_web":"https://pilares.cdmx.gob.mx/","email":"coord_comunicacion@pilares.cdmx.gob.mx","facebook":"","twitter":"","instagram":"","aforo":"","tipo_escenario":"","num_pantallas":"","link_sic":"http://sic.gob.mx/ficha.php?table=centro_cultural&table_id=3466","fecha_modificacion":"2025-11-19 17:36:40-06","es_pilares":"SI","dataset_relacionado":"PILARES","revision_manual":"NO","motivo_revision":"","fuente":"Sistema de Información Cultural (SIC)"}},{"type":"Feature","geometry":{"type":"Point","coordinates":[-99.2062,19.34298]},"properties":{"id_cultural":"CENTRO_CULTURAL_3320","id_sic":"3320","tipo_cultural":"CENTRO_CULTURAL","nombre":"Casa-Estudio Cien Años de Soledad","fecha_fundacion":"2020-03-14","adscripcion_original":"Fundación para las Letras Mexicanas","tipo_gestion":"PRIVADO","criterio_clasificacion":"EVIDENCIA_INSTITUCIONAL_PRIVADA","fuente_revision_gestion":"","nota_revision_gestion":"","estado_id":"9","entidad":"Ciudad de México","municipio_id":"10","municipio":"Álvaro Obregón","localidad_id":"1","localidad":"Álvaro Obregón","calle_numero":"Cerrada de la Loma 19","colonia":"Lomas de San Ángel Inn","cp":"1790.0","telefono":"","pagina_web":"","email":"casaestudiocien@gmail.com","facebook":"","twitter":"","instagram":"","aforo":"","tipo_escenario":"","num_pantallas":"","link_sic":"http://sic.gob.mx/ficha.php?table=centro_cultural&table_id=3320","fecha_modificacion":"2021-01-18 03:57:23-06","es_pilares":"NO","dataset_relacionado":"","revision_manual":"NO","motivo_revision":"","fuente":"Sistema de Información Cultural (SIC)"}},{"type":"Feature","geometry":{"type":"Point","coordinates":[-99.2019,19.36266]},"properties":{"id_cultural":"CENTRO_CULTURAL_1014","id_sic":"1014","tipo_cultural":"CENTRO_CULTURAL","nombre":"Casa de la Cultura México-Japonesa","fecha_fundacion":"1999-10-07","adscripcion_original":"Asociación Mexico Japonesa, A.C.","tipo_gestion":"PRIVADO","criterio_clasificacion":"EVIDENCIA_INSTITUCIONAL_PRIVADA","fuente_revision_gestion":"","nota_revision_gestion":"","estado_id":"9","entidad":"Ciudad de México","municipio_id":"10","municipio":"Álvaro Obregón","localidad_id":"1","localidad":"Álvaro Obregón","calle_numero":"Fujiyama 144","colonia":"Col. Las Águilas","cp":"1710.0","telefono":"55 5593 1444, ext. 101 y 121","pagina_web":"https://www.amj.mx/","email":"recepcion@amj.mx","facebook":"","twitter":"","instagram":"","aforo":"","tipo_escenario":"","num_pantallas":"","link_sic":"http://sic.gob.mx/ficha.php?table=centro_cultural&table_id=1014","fecha_modificacion":"2025-08-28 18:56:06-06","es_pilares":"NO","dataset_relacionado":"","revision_manual":"NO","motivo_revision":"","fuente":"Sistema de Información Cultural (SIC)"}},{"type":"Feature","geometry":{"type":"Point","coordinates":[-99.19983,19.38798]},"properties":{"id_cultural":"CENTRO_CULTURAL_3755","id_sic":"3755","tipo_cultural":"CENTRO_CULTURAL","nombre":"PILARES Toltecas","fecha_fundacion":"1000-01-01","adscripcion_original":"Gobierno de la Ciudad de México","tipo_gestion":"PUBLICO","criterio_clasificacion":"EVIDENCIA_INSTITUCIONAL_PUBLICA","fuente_revision_gestion":"","nota_revision_gestion":"","estado_id":"9","entidad":"Ciudad de México","municipio_id":"10","municipio":"Álvaro Obregón","localidad_id":"1","localidad":"Álvaro Obregón","calle_numero":"Eje 5 poniente","colonia":"Col. Escuadrón 201","cp":"1150.0","telefono":"55 5134 0770 ext 1806","pagina_web":"https://pilares.cdmx.gob.mx/pilares/1793/tolteca","email":"coord_comunicacion@pilares.cdmx.gob.mx","facebook":"","twitter":"","instagram":"","aforo":"","tipo_escenario":"","num_pantallas":"","link_sic":"http://sic.gob.mx/ficha.php?table=centro_cultural&table_id=3755","fecha_modificacion":"2024-06-17 14:28:41-06","es_pilares":"SI","dataset_relacionado":"PILARES","revision_manual":"NO","motivo_revision":"","fuente":"Sistema de Información Cultural (SIC)"}},{"type":"Feature","geometry":{"type":"Point","coordinates":[-99.18798,19.3489]},"properties":{"id_cultural":"CENTRO_CULTURAL_3337","id_sic":"3337","tipo_cultural":"CENTRO_CULTURAL","nombre":"Cracovia 32","fecha_fundacion":"2012-01-01","adscripcion_original":"Privado","tipo_gestion":"PRIVADO","criterio_clasificacion":"CLASIFICACION_EXPLICITA","fuente_revision_gestion":"","nota_revision_gestion":"","estado_id":"9","entidad":"Ciudad de México","municipio_id":"10","municipio":"Álvaro Obregón","localidad_id":"1","localidad":"Álvaro Obregón","calle_numero":"Cracovia 32","colonia":"Col. San Ángel","cp":"1000.0","telefono":"55 3915 2730","pagina_web":"https://cracovia32.com/","email":"info@cracovia32.com","facebook":"","twitter":"","instagram":"","aforo":"","tipo_escenario":"","num_pantallas":"","link_sic":"http://sic.gob.mx/ficha.php?table=centro_cultural&table_id=3337","fecha_modificacion":"2025-07-02 13:41:45-06","es_pilares":"NO","dataset_relacionado":"","revision_manual":"NO","motivo_revision":"","fuente":"Sistema de Información Cultural (SIC)"}},{"type":"Feature","geometry":{"type":"Point","coordinates":[-99.2174,19.39688]},"properties":{"id_cultural":"CENTRO_CULTURAL_3486","id_sic":"3486","tipo_cultural":"CENTRO_CULTURAL","nombre":"PILARES Belén de las Flores","fecha_fundacion":"2019-04-23","adscripcion_original":"Secretaría de Cultura de la Ciudad de México","tipo_gestion":"PUBLICO","criterio_clasificacion":"EVIDENCIA_INSTITUCIONAL_PUBLICA","fuente_revision_gestion":"","nota_revision_gestion":"","estado_id":"9","entidad":"Ciudad de México","municipio_id":"10","municipio":"Álvaro Obregón","localidad_id":"1","localidad":"Álvaro Obregón","calle_numero":"Belén s/n","colonia":"Col. Belén de las Flores","cp":"1110.0","telefono":"55 5134 0770 ext 1806","pagina_web":"https://pilares.cdmx.gob.mx/","email":"coord_comunicacion@pilares.cdmx.gob.mx","facebook":"","twitter":"","instagram":"","aforo":"","tipo_escenario":"","num_pantallas":"","link_sic":"http://sic.gob.mx/ficha.php?table=centro_cultural&table_id=3486","fecha_modificacion":"2025-10-17 19:52:39-06","es_pilares":"SI","dataset_relacionado":"PILARES","revision_manual":"NO","motivo_revision":"","fuente":"Sistema de Información Cultural (SIC)"}},{"type":"Feature","geometry":{"type":"Point","coordinates":[-99.2088,19.38604]},"properties":{"id_cultural":"CENTRO_CULTURAL_3504","id_sic":"3504","tipo_cultural":"CENTRO_CULTURAL","nombre":"PILARES Isidro Fabela","fecha_fundacion":"2019-08-03","adscripcion_original":"Secretaría de Cultura de la Ciudad de México","tipo_gestion":"PUBLICO","criterio_clasificacion":"EVIDENCIA_INSTITUCIONAL_PUBLICA","fuente_revision_gestion":"","nota_revision_gestion":"","estado_id":"9","entidad":"Ciudad de México","municipio_id":"10","municipio":"Álvaro Obregón","localidad_id":"1","localidad":"Álvaro Obregón","calle_numero":"Nicaragüenses SN","colonia":"Col. Isidro Fabela","cp":"1170.0","telefono":"55 5134 0770 ext 1806","pagina_web":"https://pilares.cdmx.gob.mx/","email":"coord_comunicacion@pilares.cdmx.gob.mx","facebook":"","twitter":"","instagram":"","aforo":"","tipo_escenario":"","num_pantallas":"","link_sic":"http://sic.gob.mx/ficha.php?table=centro_cultural&table_id=3504","fecha_modificacion":"2025-09-08 18:29:03-06","es_pilares":"SI","dataset_relacionado":"PILARES","revision_manual":"NO","motivo_revision":"","fuente":"Sistema de Información Cultural (SIC)"}},{"type":"Feature","geometry":{"type":"Point","coordinates":[-99.24034,19.38269]},"properties":{"id_cultural":"CENTRO_CULTURAL_3502","id_sic":"3502","tipo_cultural":"CENTRO_CULTURAL","nombre":"PILARES Santa Fe","fecha_fundacion":"2019-08-03","adscripcion_original":"Gobierno de la Ciudad de México","tipo_gestion":"PUBLICO","criterio_clasificacion":"EVIDENCIA_INSTITUCIONAL_PUBLICA","fuente_revision_gestion":"","nota_revision_gestion":"","estado_id":"9","entidad":"Ciudad de México","municipio_id":"10","municipio":"Álvaro Obregón","localidad_id":"1","localidad":"Álvaro Obregón","calle_numero":"Corregidora s/n","colonia":"Col. Santa Fé","cp":"1210.0","telefono":"55 5134 0770 ext 1806","pagina_web":"https://pilares.cdmx.gob.mx/","email":"coord_comunicacion@pilares.cdmx.gob.mx","facebook":"","twitter":"","instagram":"","aforo":"","tipo_escenario":"","num_pantallas":"","link_sic":"http://sic.gob.mx/ficha.php?table=centro_cultural&table_id=3502","fecha_modificacion":"2024-06-20 14:35:22-06","es_pilares":"SI","dataset_relacionado":"PILARES","revision_manual":"NO","motivo_revision":"","fuente":"Sistema de Información Cultural (SIC)"}},{"type":"Feature","geometry":{"type":"Point","coordinates":[-99.19615,19.36642]},"properties":{"id_cultural":"CENTRO_CULTURAL_3650","id_sic":"3650","tipo_cultural":"CENTRO_CULTURAL","nombre":"PILARES Merced Gómez/Rius","fecha_fundacion":"2022-08-11","adscripcion_original":"Gobierno de la Ciudad de México","tipo_gestion":"PUBLICO","criterio_clasificacion":"EVIDENCIA_INSTITUCIONAL_PUBLICA","fuente_revision_gestion":"","nota_revision_gestion":"","estado_id":"9","entidad":"Ciudad de México","municipio_id":"10","municipio":"Álvaro Obregón","localidad_id":"1","localidad":"Álvaro Obregón","calle_numero":"Francisco de P.Miranda","colonia":"Col. Merced Gómez","cp":"1600.0","telefono":"55 5134 0770 ext 1806","pagina_web":"https://pilares.cdmx.gob.mx/","email":"coord_comunicacion@pilares.cdmx.gob.mx","facebook":"","twitter":"","instagram":"","aforo":"","tipo_escenario":"","num_pantallas":"","link_sic":"http://sic.gob.mx/ficha.php?table=centro_cultural&table_id=3650","fecha_modificacion":"2024-06-19 13:31:55-06","es_pilares":"SI","dataset_relacionado":"PILARES","revision_manual":"NO","motivo_revision":"","fuente":"Sistema de Información Cultural (SIC)"}},{"type":"Feature","geometry":{"type":"Point","coordinates":[-99.19134,19.34564]},"properties":{"id_cultural":"CENTRO_CULTURAL_2877","id_sic":"2877","tipo_cultural":"CENTRO_CULTURAL","nombre":"Centro Cultural Tenanitla","fecha_fundacion":"1980-08-04","adscripcion_original":"Librería Miguel Ángel Porrúa, S.A. de C.V.","tipo_gestion":"PRIVADO","criterio_clasificacion":"EVIDENCIA_INSTITUCIONAL_PRIVADA","fuente_revision_gestion":"","nota_revision_gestion":"","estado_id":"9","entidad":"Ciudad de México","municipio_id":"10","municipio":"Álvaro Obregón","localidad_id":"1","localidad":"Álvaro Obregón","calle_numero":"Amargura 4","colonia":"Col. San Ángel","cp":"1000.0","telefono":"55 5616 0071","pagina_web":"http://www.maporrua.com.mx","email":"maporrua@maporrua.com.mx","facebook":"","twitter":"","instagram":"","aforo":"","tipo_escenario":"","num_pantallas":"","link_sic":"http://sic.gob.mx/ficha.php?table=centro_cultural&table_id=2877","fecha_modificacion":"2025-08-29 11:49:30-06","es_pilares":"NO","dataset_relacionado":"","revision_manual":"NO","motivo_revision":"","fuente":"Sistema de Información Cultural (SIC)"}},{"type":"Feature","geometry":{"type":"Point","coordinates":[-99.2403,19.36265]},"properties":{"id_cultural":"CENTRO_CULTURAL_3465","id_sic":"3465","tipo_cultural":"CENTRO_CULTURAL","nombre":"PILARES La Araña","fecha_fundacion":"2019-02-01","adscripcion_original":"Gobierno de la Ciudad de México","tipo_gestion":"PUBLICO","criterio_clasificacion":"EVIDENCIA_INSTITUCIONAL_PUBLICA","fuente_revision_gestion":"","nota_revision_gestion":"","estado_id":"9","entidad":"Ciudad de México","municipio_id":"10","municipio":"Álvaro Obregón","localidad_id":"1","localidad":"Álvaro Obregón","calle_numero":"Prol. Río Mixcoac s/n esq. Querétaro","colonia":"Col. La Araña","cp":"1520.0","telefono":"55 5134 0770 ext 1806","pagina_web":"https://pilares.cdmx.gob.mx/","email":"coord_comunicacion@pilares.cdmx.gob.mx","facebook":"","twitter":"","instagram":"","aforo":"","tipo_escenario":"","num_pantallas":"","link_sic":"http://sic.gob.mx/ficha.php?table=centro_cultural&table_id=3465","fecha_modificacion":"2025-07-04 16:59:51-06","es_pilares":"SI","dataset_relacionado":"PILARES","revision_manual":"NO","motivo_revision":"","fuente":"Sistema de Información Cultural (SIC)"}},{"type":"Feature","geometry":{"type":"Point","coordinates":[-99.23701,19.37423]},"properties":{"id_cultural":"CENTRO_CULTURAL_3467","id_sic":"3467","tipo_cultural":"CENTRO_CULTURAL","nombre":"PILARES Jalalpa Tepito","fecha_fundacion":"2019-02-15","adscripcion_original":"Gobierno de la Ciudad de México","tipo_gestion":"PUBLICO","criterio_clasificacion":"EVIDENCIA_INSTITUCIONAL_PUBLICA","fuente_revision_gestion":"","nota_revision_gestion":"","estado_id":"9","entidad":"Ciudad de México","municipio_id":"10","municipio":"Álvaro Obregón","localidad_id":"1","localidad":"Álvaro Obregón","calle_numero":"Encinal","colonia":"Col. Jalalpa Tepito 2da Amp.","cp":"1296.0","telefono":"55 5134 0770 ext 1806","pagina_web":"https://pilares.cdmx.gob.mx/","email":"pilaresjalalpatepito@cdmx.gob.mx","facebook":"","twitter":"","instagram":"","aforo":"","tipo_escenario":"","num_pantallas":"","link_sic":"http://sic.gob.mx/ficha.php?table=centro_cultural&table_id=3467","fecha_modificacion":"2025-08-07 11:01:53-06","es_pilares":"SI","dataset_relacionado":"PILARES","revision_manual":"NO","motivo_revision":"","fuente":"Sistema de Información Cultural (SIC)"}},{"type":"Feature","geometry":{"type":"Point","coordinates":[-99.22207,19.38428]},"properties":{"id_cultural":"CENTRO_CULTURAL_3505","id_sic":"3505","tipo_cultural":"CENTRO_CULTURAL","nombre":"PILARES Árbol del Conocimiento","fecha_fundacion":"2019-01-01","adscripcion_original":"Gobierno de la Ciudad de México","tipo_gestion":"PUBLICO","criterio_clasificacion":"EVIDENCIA_INSTITUCIONAL_PUBLICA","fuente_revision_gestion":"","nota_revision_gestion":"","estado_id":"9","entidad":"Ciudad de México","municipio_id":"10","municipio":"Álvaro Obregón","localidad_id":"1","localidad":"Álvaro Obregón","calle_numero":"Luis G. Urbina s/n","colonia":"Col. Lomas de Becerra","cp":"1279.0","telefono":"55 5134 0770 ext 1806","pagina_web":"https://pilares.cdmx.gob.mx/pilares/1543/arbol-del-conocimiento","email":"coord_comunicacion@pilares.cdmx.gob.mx","facebook":"","twitter":"","instagram":"","aforo":"","tipo_escenario":"","num_pantallas":"","link_sic":"http://sic.gob.mx/ficha.php?table=centro_cultural&table_id=3505","fecha_modificacion":"2025-10-08 17:12:18-06","es_pilares":"SI","dataset_relacionado":"PILARES","revision_manual":"NO","motivo_revision":"","fuente":"Sistema de Información Cultural (SIC)"}},{"type":"Feature","geometry":{"type":"Point","coordinates":[-99.21825,19.38602]},"properties":{"id_cultural":"CENTRO_CULTURAL_3652","id_sic":"3652","tipo_cultural":"CENTRO_CULTURAL","nombre":"PILARES Lomas de Becerra","fecha_fundacion":"2022-01-01","adscripcion_original":"Gobierno de la Ciudad de México","tipo_gestion":"PUBLICO","criterio_clasificacion":"EVIDENCIA_INSTITUCIONAL_PUBLICA","fuente_revision_gestion":"","nota_revision_gestion":"","estado_id":"9","entidad":"Ciudad de México","municipio_id":"10","municipio":"Álvaro Obregón","localidad_id":"1","localidad":"Álvaro Obregón","calle_numero":"Antigua Vía la Venta esq. Guerrerenses","colonia":"Col. Atturo Martínez","cp":"1200.0","telefono":"55 5134 0770 ext 1806","pagina_web":"https://pilares.cdmx.gob.mx/","email":"coord_comunicacion@pilares.cdmx.gob.mx","facebook":"","twitter":"","instagram":"","aforo":"","tipo_escenario":"","num_pantallas":"","link_sic":"http://sic.gob.mx/ficha.php?table=centro_cultural&table_id=3652","fecha_modificacion":"2025-09-19 18:13:37-06","es_pilares":"SI","dataset_relacionado":"PILARES","revision_manual":"NO","motivo_revision":"","fuente":"Sistema de Información Cultural (SIC)"}},{"type":"Feature","geometry":{"type":"Point","coordinates":[-99.20562,19.36203]},"properties":{"id_cultural":"CENTRO_CULTURAL_3581","id_sic":"3581","tipo_cultural":"CENTRO_CULTURAL","nombre":"PILARES Las Águilas","fecha_fundacion":"1000-01-01","adscripcion_original":"Secretaría de Cultura de la Ciudad de México","tipo_gestion":"PUBLICO","criterio_clasificacion":"EVIDENCIA_INSTITUCIONAL_PUBLICA","fuente_revision_gestion":"","nota_revision_gestion":"","estado_id":"9","entidad":"Ciudad de México","municipio_id":"10","municipio":"Álvaro Obregón","localidad_id":"1","localidad":"Álvaro Obregón","calle_numero":"Prol. Barranca del Muerto s/n","colonia":"Col. Las Águilas, Sección Hornos","cp":"1710.0","telefono":"55 5134 0770 ext 1806","pagina_web":"https://pilares.cdmx.gob.mx/","email":"coord_comunicacion@pilares.cdmx.gob.mx","facebook":"","twitter":"","instagram":"","aforo":"","tipo_escenario":"","num_pantallas":"","link_sic":"http://sic.gob.mx/ficha.php?table=centro_cultural&table_id=3581","fecha_modificacion":"2024-06-07 12:04:07-06","es_pilares":"SI","dataset_relacionado":"PILARES","revision_manual":"NO","motivo_revision":"","fuente":"Sistema de Información Cultural (SIC)"}},{"type":"Feature","geometry":{"type":"Point","coordinates":[-99.23236,19.37152]},"properties":{"id_cultural":"CENTRO_CULTURAL_3720","id_sic":"3720","tipo_cultural":"CENTRO_CULTURAL","nombre":"PILRES Piloto","fecha_fundacion":"1000-01-01","adscripcion_original":"Gobierno de la Ciudad de México","tipo_gestion":"PUBLICO","criterio_clasificacion":"EVIDENCIA_INSTITUCIONAL_PUBLICA","fuente_revision_gestion":"","nota_revision_gestion":"","estado_id":"9","entidad":"Ciudad de México","municipio_id":"10","municipio":"Álvaro Obregón","localidad_id":"1","localidad":"Álvaro Obregón","calle_numero":"Av. Puerto Mazatlán","colonia":"Col. Piloto Adolfo López Mateos","cp":"1298.0","telefono":"55 5134 0770 ext 1806","pagina_web":"https://pilares.cdmx.gob.mx/","email":"coord_comunicacion@pilares.cdmx.gob.mx","facebook":"","twitter":"","instagram":"","aforo":"","tipo_escenario":"","num_pantallas":"","link_sic":"http://sic.gob.mx/ficha.php?table=centro_cultural&table_id=3720","fecha_modificacion":"2024-06-24 12:57:37-06","es_pilares":"NO","dataset_relacionado":"","revision_manual":"NO","motivo_revision":"","fuente":"Sistema de Información Cultural (SIC)"}},{"type":"Feature","geometry":{"type":"Point","coordinates":[-99.21319,19.37444]},"properties":{"id_cultural":"CENTRO_CULTURAL_3651","id_sic":"3651","tipo_cultural":"CENTRO_CULTURAL","nombre":"PILARES La Comuna Álvaro Obregón","fecha_fundacion":"2023-04-01","adscripcion_original":"Secretaría de Cultura de la Ciudad de México","tipo_gestion":"PUBLICO","criterio_clasificacion":"EVIDENCIA_INSTITUCIONAL_PUBLICA","fuente_revision_gestion":"","nota_revision_gestion":"","estado_id":"9","entidad":"Ciudad de México","municipio_id":"10","municipio":"Álvaro Obregón","localidad_id":"1","localidad":"Álvaro Obregón","calle_numero":"Ricardo Flores Magón s/n","colonia":"Col. Olivar del Conde 2da. Sección","cp":"1408.0","telefono":"55 5134 0770 ext 1806","pagina_web":"https://pilares.cdmx.gob.mx/","email":"coord_comunicacion@pilares.cdmx.gob.mx","facebook":"","twitter":"","instagram":"","aforo":"","tipo_escenario":"","num_pantallas":"","link_sic":"http://sic.gob.mx/ficha.php?table=centro_cultural&table_id=3651","fecha_modificacion":"2025-06-11 17:44:00-06","es_pilares":"SI","dataset_relacionado":"PILARES","revision_manual":"NO","motivo_revision":"","fuente":"Sistema de Información Cultural (SIC)"}},{"type":"Feature","geometry":{"type":"Point","coordinates":[-99.20468,19.37369]},"properties":{"id_cultural":"CENTRO_CULTURAL_3567","id_sic":"3567","tipo_cultural":"CENTRO_CULTURAL","nombre":"PILARES Olivar del Conde","fecha_fundacion":"2020-01-30","adscripcion_original":"Gobierno de la Ciudad de México","tipo_gestion":"PUBLICO","criterio_clasificacion":"EVIDENCIA_INSTITUCIONAL_PUBLICA","fuente_revision_gestion":"","nota_revision_gestion":"","estado_id":"9","entidad":"Ciudad de México","municipio_id":"10","municipio":"Álvaro Obregón","localidad_id":"1","localidad":"Álvaro Obregón","calle_numero":"Calle 20 s/n","colonia":"Col. Olivar del Conde 1ra sección","cp":"1400.0","telefono":"55 5134 0770 ext 1806","pagina_web":"https://pilares.cdmx.gob.mx/","email":"coord_comunicacion@pilares.cdmx.gob.mx","facebook":"","twitter":"","instagram":"","aforo":"","tipo_escenario":"","num_pantallas":"","link_sic":"http://sic.gob.mx/ficha.php?table=centro_cultural&table_id=3567","fecha_modificacion":"2025-06-27 19:49:04-06","es_pilares":"SI","dataset_relacionado":"PILARES","revision_manual":"NO","motivo_revision":"","fuente":"Sistema de Información Cultural (SIC)"}},{"type":"Feature","geometry":{"type":"Point","coordinates":[-99.21243,19.31698]},"properties":{"id_cultural":"CENTRO_CULTURAL_2966","id_sic":"2966","tipo_cultural":"CENTRO_CULTURAL","nombre":"Centro Cultural Pedregal","fecha_fundacion":"2012-08-26","adscripcion_original":"Ágora Cultural Pedregal, S.C.","tipo_gestion":"PRIVADO","criterio_clasificacion":"EVIDENCIA_INSTITUCIONAL_PRIVADA","fuente_revision_gestion":"","nota_revision_gestion":"","estado_id":"9","entidad":"Ciudad de México","municipio_id":"10","municipio":"Álvaro Obregón","localidad_id":"1","localidad":"Álvaro Obregón","calle_numero":"Av. de las Fuentes 557","colonia":"Col. Jardines del Pedregal","cp":"1900.0","telefono":"55 5568 2043","pagina_web":"http://www.centroculturalpedregal.mx; https://www.facebook.com/CentroCulturalPedregalMx/?fref=ts; https://twitter.com/centropedregal","email":"info@centroculturalpedregal.com","facebook":"","twitter":"","instagram":"","aforo":"","tipo_escenario":"","num_pantallas":"","link_sic":"http://sic.gob.mx/ficha.php?table=centro_cultural&table_id=2966","fecha_modificacion":"2025-04-09 11:52:57-06","es_pilares":"NO","dataset_relacionado":"","revision_manual":"NO","motivo_revision":"","fuente":"Sistema de Información Cultural (SIC)"}},{"type":"Feature","geometry":{"type":"Point","coordinates":[-99.21685,19.37557]},"properties":{"id_cultural":"CENTRO_CULTURAL_3589","id_sic":"3589","tipo_cultural":"CENTRO_CULTURAL","nombre":"PILARES Río San Borja","fecha_fundacion":"1000-01-01","adscripcion_original":"Secretaría de Cultura de la Ciudad de México","tipo_gestion":"PUBLICO","criterio_clasificacion":"EVIDENCIA_INSTITUCIONAL_PUBLICA","fuente_revision_gestion":"","nota_revision_gestion":"","estado_id":"9","entidad":"Ciudad de México","municipio_id":"10","municipio":"Álvaro Obregón","localidad_id":"1","localidad":"Álvaro Obregón","calle_numero":"Av. Rio San Borja","colonia":"Col. Olivar del Conde 2da Secc","cp":"1408.0","telefono":"55 5134 0770 ext 1806","pagina_web":"https://pilares.cdmx.gob.mx/","email":"coord_comunicacion@pilares.cdmx.gob.mx","facebook":"","twitter":"","instagram":"","aforo":"","tipo_escenario":"","num_pantallas":"","link_sic":"http://sic.gob.mx/ficha.php?table=centro_cultural&table_id=3589","fecha_modificacion":"2024-06-11 11:31:51-06","es_pilares":"SI","dataset_relacionado":"PILARES","revision_manual":"NO","motivo_revision":"","fuente":"Sistema de Información Cultural (SIC)"}},{"type":"Feature","geometry":{"type":"Point","coordinates":[-99.22133,19.37724]},"properties":{"id_cultural":"CENTRO_CULTURAL_3525","id_sic":"3525","tipo_cultural":"CENTRO_CULTURAL","nombre":"PILARES Presidentes","fecha_fundacion":"2019-01-01","adscripcion_original":"Gobierno de la Ciudad de México","tipo_gestion":"PUBLICO","criterio_clasificacion":"EVIDENCIA_INSTITUCIONAL_PUBLICA","fuente_revision_gestion":"","nota_revision_gestion":"","estado_id":"9","entidad":"Ciudad de México","municipio_id":"10","municipio":"Álvaro Obregón","localidad_id":"1","localidad":"Álvaro Obregón","calle_numero":"Adolfo de La Huerta","colonia":"Col. Presidentes","cp":"1299.0","telefono":"55 5134 0770 ext 1806","pagina_web":"https://pilares.cdmx.gob.mx/pilares/1563/presidentes","email":"coord_comunicacion@pilares.cdmx.gob.mx","facebook":"","twitter":"","instagram":"","aforo":"","tipo_escenario":"","num_pantallas":"","link_sic":"http://sic.gob.mx/ficha.php?table=centro_cultural&table_id=3525","fecha_modificacion":"2025-08-26 16:51:10-06","es_pilares":"SI","dataset_relacionado":"PILARES","revision_manual":"NO","motivo_revision":"","fuente":"Sistema de Información Cultural (SIC)"}},{"type":"Feature","geometry":{"type":"Point","coordinates":[-99.19204,19.34496]},"properties":{"id_cultural":"CENTRO_CULTURAL_1399","id_sic":"1399","tipo_cultural":"CENTRO_CULTURAL","nombre":"Centro Cultural Isidro Fabela","fecha_fundacion":"1991-06-01","adscripcion_original":"Gobierno del Estado de México","tipo_gestion":"PUBLICO","criterio_clasificacion":"EVIDENCIA_INSTITUCIONAL_PUBLICA","fuente_revision_gestion":"","nota_revision_gestion":"","estado_id":"9","entidad":"Ciudad de México","municipio_id":"10","municipio":"Álvaro Obregón","localidad_id":"1","localidad":"Álvaro Obregón","calle_numero":"Plaza de San Jacinto 5","colonia":"Col. San Ángel","cp":"1000.0","telefono":"55 5616 2711","pagina_web":"","email":"contacto@isidrofabela.org.mx","facebook":"","twitter":"","instagram":"","aforo":"","tipo_escenario":"","num_pantallas":"","link_sic":"http://sic.gob.mx/ficha.php?table=centro_cultural&table_id=1399","fecha_modificacion":"2024-09-29 10:58:12-06","es_pilares":"NO","dataset_relacionado":"","revision_manual":"NO","motivo_revision":"","fuente":"Sistema de Información Cultural (SIC)"}},{"type":"Feature","geometry":{"type":"Point","coordinates":[-99.22284,19.36873]},"properties":{"id_cultural":"CENTRO_CULTURAL_3529","id_sic":"3529","tipo_cultural":"CENTRO_CULTURAL","nombre":"PILARES Santa Lucia","fecha_fundacion":"2019-11-01","adscripcion_original":"Secretaría de Cultura de la Ciudad de México","tipo_gestion":"PUBLICO","criterio_clasificacion":"EVIDENCIA_INSTITUCIONAL_PUBLICA","fuente_revision_gestion":"","nota_revision_gestion":"","estado_id":"9","entidad":"Ciudad de México","municipio_id":"10","municipio":"Álvaro Obregón","localidad_id":"1","localidad":"Álvaro Obregón","calle_numero":"Av Santa Lucia 36","colonia":"Col. Colina del Sur","cp":"1430.0","telefono":"55 5134 0770 ext 1806","pagina_web":"https://pilares.cdmx.gob.mx/","email":"coord_comunicacion@pilares.cdmx.gob.mx","facebook":"","twitter":"","instagram":"","aforo":"","tipo_escenario":"","num_pantallas":"","link_sic":"http://sic.gob.mx/ficha.php?table=centro_cultural&table_id=3529","fecha_modificacion":"2025-06-03 16:47:04-06","es_pilares":"SI","dataset_relacionado":"PILARES","revision_manual":"NO","motivo_revision":"","fuente":"Sistema de Información Cultural (SIC)"}},{"type":"Feature","geometry":{"type":"Point","coordinates":[-99.25956,19.32564]},"properties":{"id_cultural":"CENTRO_CULTURAL_3506","id_sic":"3506","tipo_cultural":"CENTRO_CULTURAL","nombre":"PILARES Lomas de la Era","fecha_fundacion":"2019-08-03","adscripcion_original":"Secretaría de Cultura de la Ciudad de México","tipo_gestion":"PUBLICO","criterio_clasificacion":"EVIDENCIA_INSTITUCIONAL_PUBLICA","fuente_revision_gestion":"","nota_revision_gestion":"","estado_id":"9","entidad":"Ciudad de México","municipio_id":"10","municipio":"Álvaro Obregón","localidad_id":"214","localidad":"Camino a la Bandera","calle_numero":"And. 29 de Octubre s/n","colonia":"Col. Lomas de la Era","cp":"1860.0","telefono":"55 5134 0770 ext 1806","pagina_web":"https://pilares.cdmx.gob.mx/","email":"coord_comunicacion@pilares.cdmx.gob.mx","facebook":"","twitter":"","instagram":"","aforo":"","tipo_escenario":"","num_pantallas":"","link_sic":"http://sic.gob.mx/ficha.php?table=centro_cultural&table_id=3506","fecha_modificacion":"2025-11-19 16:52:52-06","es_pilares":"SI","dataset_relacionado":"PILARES","revision_manual":"NO","motivo_revision":"","fuente":"Sistema de Información Cultural (SIC)"}},{"type":"Feature","geometry":{"type":"Point","coordinates":[-99.28221,19.32597]},"properties":{"id_cultural":"CENTRO_CULTURAL_3744","id_sic":"3744","tipo_cultural":"CENTRO_CULTURAL","nombre":"PILARES Santa Rosa","fecha_fundacion":"2021-01-01","adscripcion_original":"Secretaría de Cultura de la Ciudad de México","tipo_gestion":"PUBLICO","criterio_clasificacion":"EVIDENCIA_INSTITUCIONAL_PUBLICA","fuente_revision_gestion":"","nota_revision_gestion":"","estado_id":"9","entidad":"Ciudad de México","municipio_id":"10","municipio":"Álvaro Obregón","localidad_id":"214","localidad":"Camino a la Bandera","calle_numero":"Rcda. de Jesús s/n","colonia":"Col. Santa Rosa Xochiac","cp":"1830.0","telefono":"55 5134 0770 ext 1806","pagina_web":"https://pilares.cdmx.gob.mx/","email":"coord_comunicacion@pilares.cdmx.gob.mx","facebook":"","twitter":"","instagram":"","aforo":"","tipo_escenario":"","num_pantallas":"","link_sic":"http://sic.gob.mx/ficha.php?table=centro_cultural&table_id=3744","fecha_modificacion":"2025-06-24 17:05:10-06","es_pilares":"SI","dataset_relacionado":"PILARES","revision_manual":"NO","motivo_revision":"","fuente":"Sistema de Información Cultural (SIC)"}},{"type":"Feature","geometry":{"type":"Point","coordinates":[-99.22572,19.34566]},"properties":{"id_cultural":"CENTRO_CULTURAL_3503","id_sic":"3503","tipo_cultural":"CENTRO_CULTURAL","nombre":"PILARES La Cuesta","fecha_fundacion":"1000-01-01","adscripcion_original":"Gobierno de la Ciudad de México","tipo_gestion":"PUBLICO","criterio_clasificacion":"EVIDENCIA_INSTITUCIONAL_PUBLICA","fuente_revision_gestion":"","nota_revision_gestion":"","estado_id":"9","entidad":"Ciudad de México","municipio_id":"10","municipio":"Álvaro Obregón","localidad_id":"214","localidad":"Camino a la Bandera","calle_numero":"Andador Tecalcapa","colonia":"El Mirador","cp":"1700.0","telefono":"55 5134 0770 ext 1806","pagina_web":"https://pilares.cdmx.gob.mx/","email":"coord_comunicacion@pilares.cdmx.gob.mx","facebook":"","twitter":"","instagram":"","aforo":"","tipo_escenario":"","num_pantallas":"","link_sic":"http://sic.gob.mx/ficha.php?table=centro_cultural&table_id=3503","fecha_modificacion":"2024-06-07 09:05:30-06","es_pilares":"SI","dataset_relacionado":"PILARES","revision_manual":"NO","motivo_revision":"","fuente":"Sistema de Información Cultural (SIC)"}},{"type":"Feature","geometry":{"type":"Point","coordinates":[-99.25173,19.35607]},"properties":{"id_cultural":"CENTRO_CULTURAL_3721","id_sic":"3721","tipo_cultural":"CENTRO_CULTURAL","nombre":"PILARES Santa Lucía-Río Mixcoac","fecha_fundacion":"1000-01-01","adscripcion_original":"Secretaría de Cultura de la Ciudad de México","tipo_gestion":"PUBLICO","criterio_clasificacion":"EVIDENCIA_INSTITUCIONAL_PUBLICA","fuente_revision_gestion":"","nota_revision_gestion":"","estado_id":"9","entidad":"Ciudad de México","municipio_id":"10","municipio":"Álvaro Obregón","localidad_id":"214","localidad":"Camino a la Bandera","calle_numero":"Río Mixcoac s/n","colonia":"Col. Santa Lucía","cp":"1430.0","telefono":"55 5134 0770 ext 1806","pagina_web":"https://pilares.cdmx.gob.mx/","email":"coord_comunicacion@pilares.cdmx.gob.mx","facebook":"","twitter":"","instagram":"","aforo":"","tipo_escenario":"","num_pantallas":"","link_sic":"http://sic.gob.mx/ficha.php?table=centro_cultural&table_id=3721","fecha_modificacion":"2024-06-11 11:06:46-06","es_pilares":"SI","dataset_relacionado":"PILARES","revision_manual":"NO","motivo_revision":"","fuente":"Sistema de Información Cultural (SIC)"}},{"type":"Feature","geometry":{"type":"Point","coordinates":[-99.26821,19.31798]},"properties":{"id_cultural":"CENTRO_CULTURAL_3570","id_sic":"3570","tipo_cultural":"CENTRO_CULTURAL","nombre":"PILARES Chamontoya","fecha_fundacion":"1000-01-01","adscripcion_original":"Gobierno de la Ciudad de México","tipo_gestion":"PUBLICO","criterio_clasificacion":"EVIDENCIA_INSTITUCIONAL_PUBLICA","fuente_revision_gestion":"","nota_revision_gestion":"","estado_id":"9","entidad":"Ciudad de México","municipio_id":"10","municipio":"Álvaro Obregón","localidad_id":"214","localidad":"Camino a la Bandera","calle_numero":"Azucena Lt. 20","colonia":"Col. Lomas de Chamontoya","cp":"1857.0","telefono":"55 5134 0770 ext 1806","pagina_web":"https://pilares.cdmx.gob.mx/pilares/1608/chamontoya","email":"coord_comunicacion@pilares.cdmx.gob.mx","facebook":"","twitter":"","instagram":"","aforo":"","tipo_escenario":"","num_pantallas":"","link_sic":"http://sic.gob.mx/ficha.php?table=centro_cultural&table_id=3570","fecha_modificacion":"2024-06-18 17:40:46-06","es_pilares":"SI","dataset_relacionado":"PILARES","revision_manual":"NO","motivo_revision":"","fuente":"Sistema de Información Cultural (SIC)"}},{"type":"Feature","geometry":{"type":"Point","coordinates":[-99.01423,19.29139]},"properties":{"id_cultural":"CENTRO_CULTURAL_934","id_sic":"934","tipo_cultural":"CENTRO_CULTURAL","nombre":"Casa de Cultura Frida Kahlo","fecha_fundacion":"1994-10-04","adscripcion_original":"Alcaldía Tláhuac/Dirección de Cultura","tipo_gestion":"PUBLICO","criterio_clasificacion":"EVIDENCIA_INSTITUCIONAL_PUBLICA","fuente_revision_gestion":"","nota_revision_gestion":"","estado_id":"9","entidad":"Ciudad de México","municipio_id":"11","municipio":"Tláhuac","localidad_id":"1","localidad":"Tláhuac","calle_numero":"Paseo Nuevo s/n entre Ojo de Agua y Tláhuac","colonia":"Col. San Francisco Tlaltenco","cp":"13450.0","telefono":"55 5866 0676","pagina_web":"","email":"casadeculturafridakahlo06@gmail.com","facebook":"","twitter":"","instagram":"","aforo":"","tipo_escenario":"","num_pantallas":"","link_sic":"http://sic.gob.mx/ficha.php?table=centro_cultural&table_id=934","fecha_modificacion":"2025-04-07 18:23:31-06","es_pilares":"NO","dataset_relacionado":"","revision_manual":"NO","motivo_revision":"","fuente":"Sistema de Información Cultural (SIC)"}},{"type":"Feature","geometry":{"type":"Point","coordinates":[-99.03663,19.30083]},"properties":{"id_cultural":"CENTRO_CULTURAL_1702","id_sic":"1702","tipo_cultural":"CENTRO_CULTURAL","nombre":"Centro Cultural Zapotitlán","fecha_fundacion":"2002-10-02","adscripcion_original":"Alcaldía Tláhuac/Dirección de Cultura","tipo_gestion":"PUBLICO","criterio_clasificacion":"EVIDENCIA_INSTITUCIONAL_PUBLICA","fuente_revision_gestion":"","nota_revision_gestion":"","estado_id":"9","entidad":"Ciudad de México","municipio_id":"11","municipio":"Tláhuac","localidad_id":"1","localidad":"Tláhuac","calle_numero":"Ignacio Zaragoza s/n esq. Jesús Castro","colonia":"Pueblo Santiago Zapotitlán","cp":"13300.0","telefono":"55 5841 7600","pagina_web":"https://www.facebook.com/profile.php?id=100007589807395&fref=ts","email":"cczapotitlan@hotmail.com; vale1_2001@yahoo.com.mx","facebook":"","twitter":"","instagram":"","aforo":"","tipo_escenario":"","num_pantallas":"","link_sic":"http://sic.gob.mx/ficha.php?table=centro_cultural&table_id=1702","fecha_modificacion":"2025-04-09 18:21:43-06","es_pilares":"NO","dataset_relacionado":"","revision_manual":"NO","motivo_revision":"","fuente":"Sistema de Información Cultural (SIC)"}},{"type":"Feature","geometry":{"type":"Point","coordinates":[-99.04613,19.2923]},"properties":{"id_cultural":"CENTRO_CULTURAL_3704","id_sic":"3704","tipo_cultural":"CENTRO_CULTURAL","nombre":"PILARES Miguel Hidalgo","fecha_fundacion":"2019-01-01","adscripcion_original":"Secretaría de Cultura de la Ciudad de México","tipo_gestion":"PUBLICO","criterio_clasificacion":"EVIDENCIA_INSTITUCIONAL_PUBLICA","fuente_revision_gestion":"","nota_revision_gestion":"","estado_id":"9","entidad":"Ciudad de México","municipio_id":"11","municipio":"Tláhuac","localidad_id":"1","localidad":"Tláhuac","calle_numero":"La Gioconda","colonia":"Col. Miguel Hidalgo","cp":"13200.0","telefono":"55 5134 0770 ext 1806","pagina_web":"https://pilares.cdmx.gob.mx/","email":"coord_comunicacion@pilares.cdmx.gob.mx","facebook":"","twitter":"","instagram":"","aforo":"","tipo_escenario":"","num_pantallas":"","link_sic":"http://sic.gob.mx/ficha.php?table=centro_cultural&table_id=3704","fecha_modificacion":"2025-10-30 11:46:55-06","es_pilares":"SI","dataset_relacionado":"PILARES","revision_manual":"NO","motivo_revision":"","fuente":"Sistema de Información Cultural (SIC)"}},{"type":"Feature","geometry":{"type":"Point","coordinates":[-99.05856,19.30584]},"properties":{"id_cultural":"CENTRO_CULTURAL_977","id_sic":"977","tipo_cultural":"CENTRO_CULTURAL","nombre":"Casa de Cultura Los Olivos","fecha_fundacion":"2000-03-13","adscripcion_original":"Alcaldía Tláhuac/Dirección de Cultura","tipo_gestion":"PUBLICO","criterio_clasificacion":"EVIDENCIA_INSTITUCIONAL_PUBLICA","fuente_revision_gestion":"","nota_revision_gestion":"","estado_id":"9","entidad":"Ciudad de México","municipio_id":"11","municipio":"Tláhuac","localidad_id":"1","localidad":"Tláhuac","calle_numero":"Providencia 20-A","colonia":"Col. Ampl. Los Olivos","cp":"13210.0","telefono":"55 5131 3082","pagina_web":"","email":"ccolivos7@gmail.com","facebook":"","twitter":"","instagram":"","aforo":"","tipo_escenario":"","num_pantallas":"","link_sic":"http://sic.gob.mx/ficha.php?table=centro_cultural&table_id=977","fecha_modificacion":"2023-10-09 08:09:08-06","es_pilares":"NO","dataset_relacionado":"","revision_manual":"NO","motivo_revision":"","fuente":"Sistema de Información Cultural (SIC)"}},{"type":"Feature","geometry":{"type":"Point","coordinates":[-98.998,19.29481]},"properties":{"id_cultural":"CENTRO_CULTURAL_3700","id_sic":"3700","tipo_cultural":"CENTRO_CULTURAL","nombre":"PILARES Selene","fecha_fundacion":"2022-01-01","adscripcion_original":"Gobierno de la Ciudad de México","tipo_gestion":"PUBLICO","criterio_clasificacion":"EVIDENCIA_INSTITUCIONAL_PUBLICA","fuente_revision_gestion":"","nota_revision_gestion":"","estado_id":"9","entidad":"Ciudad de México","municipio_id":"11","municipio":"Tláhuac","localidad_id":"1","localidad":"Tláhuac","calle_numero":"Estanislao Ramírez Ruiz","colonia":"Col. Selene 1ra. Secc.","cp":"13420.0","telefono":"55 5134 0770 ext 1806","pagina_web":"https://pilares.cdmx.gob.mx/pilares/1738/selene","email":"coord_comunicacion@pilares.cdmx.gob.mx","facebook":"","twitter":"","instagram":"","aforo":"","tipo_escenario":"","num_pantallas":"","link_sic":"http://sic.gob.mx/ficha.php?table=centro_cultural&table_id=3700","fecha_modificacion":"2025-09-30 18:33:51-06","es_pilares":"SI","dataset_relacionado":"PILARES","revision_manual":"NO","motivo_revision":"","fuente":"Sistema de Información Cultural (SIC)"}},{"type":"Feature","geometry":{"type":"Point","coordinates":[-99.04607,19.28584]},"properties":{"id_cultural":"CENTRO_CULTURAL_1939","id_sic":"1939","tipo_cultural":"CENTRO_CULTURAL","nombre":"Fábrica de Artes y Oficios (FARO) Tláhuac","fecha_fundacion":"2006-05-26","adscripcion_original":"Secretaría de Cultura de la Ciudad de México/Dirección General de Vinculación Cultural Comunitaria/Red de Faros","tipo_gestion":"PUBLICO","criterio_clasificacion":"EVIDENCIA_INSTITUCIONAL_PUBLICA","fuente_revision_gestion":"","nota_revision_gestion":"","estado_id":"9","entidad":"Ciudad de México","municipio_id":"11","municipio":"Tláhuac","localidad_id":"1","localidad":"Tláhuac","calle_numero":"Int. Bosque de Tláhuac, Av. La Turba s/n esq. Heberto Castillo","colonia":"Col. Miguel Hidalgo","cp":"13200.0","telefono":"55 2160 5471","pagina_web":"https://www.cultura.cdmx.gob.mx/recintos/faro-tlahuac","email":"farotlahuacdifusion@gmail.com; culturacomunitariaweb@gmail.com","facebook":"","twitter":"","instagram":"","aforo":"","tipo_escenario":"","num_pantallas":"","link_sic":"http://sic.gob.mx/ficha.php?table=centro_cultural&table_id=1939","fecha_modificacion":"2026-08-03 14:23:55-06","es_pilares":"NO","dataset_relacionado":"","revision_manual":"NO","motivo_revision":"","fuente":"Sistema de Información Cultural (SIC)"}},{"type":"Feature","geometry":{"type":"Point","coordinates":[-99.0605,19.29339]},"properties":{"id_cultural":"CENTRO_CULTURAL_972","id_sic":"972","tipo_cultural":"CENTRO_CULTURAL","nombre":"Casa de Cultura Diego Rivera","fecha_fundacion":"1996-06-16","adscripcion_original":"Alcaldía Tláhuac/Dirección de Cultura","tipo_gestion":"PUBLICO","criterio_clasificacion":"EVIDENCIA_INSTITUCIONAL_PUBLICA","fuente_revision_gestion":"","nota_revision_gestion":"","estado_id":"9","entidad":"Ciudad de México","municipio_id":"11","municipio":"Tláhuac","localidad_id":"1","localidad":"Tláhuac","calle_numero":"Av. de la Turba s/n","colonia":"Col. del Mar","cp":"13270.0","telefono":"55 5845 5098","pagina_web":"","email":"diegoriveratlahuac@hotmail.com","facebook":"","twitter":"","instagram":"","aforo":"","tipo_escenario":"","num_pantallas":"","link_sic":"http://sic.gob.mx/ficha.php?table=centro_cultural&table_id=972","fecha_modificacion":"2025-04-07 14:15:14-06","es_pilares":"NO","dataset_relacionado":"","revision_manual":"NO","motivo_revision":"","fuente":"Sistema de Información Cultural (SIC)"}},{"type":"Feature","geometry":{"type":"Point","coordinates":[-99.05444,19.29649]},"properties":{"id_cultural":"CENTRO_CULTURAL_1703","id_sic":"1703","tipo_cultural":"CENTRO_CULTURAL","nombre":"Centro Cultural Mercado La Nopalera","fecha_fundacion":"2006-03-01","adscripcion_original":"Alcaldía Tláhuac/Dirección de Cultura","tipo_gestion":"PUBLICO","criterio_clasificacion":"EVIDENCIA_INSTITUCIONAL_PUBLICA","fuente_revision_gestion":"","nota_revision_gestion":"","estado_id":"9","entidad":"Ciudad de México","municipio_id":"11","municipio":"Tláhuac","localidad_id":"1","localidad":"Tláhuac","calle_numero":"Angélica Paulet s/n esq. Gallo de oro y Falsaffat","colonia":"Col. Nopalera","cp":"13220.0","telefono":"(55) 5842 1613","pagina_web":"http://consejoculturatlahuac.blogspot.mx/","email":"betty_mobb@hotmail.com","facebook":"","twitter":"","instagram":"","aforo":"","tipo_escenario":"","num_pantallas":"","link_sic":"http://sic.gob.mx/ficha.php?table=centro_cultural&table_id=1703","fecha_modificacion":"2019-11-27 04:39:42-06","es_pilares":"NO","dataset_relacionado":"","revision_manual":"NO","motivo_revision":"","fuente":"Sistema de Información Cultural (SIC)"}},{"type":"Feature","geometry":{"type":"Point","coordinates":[-99.05789,19.29446]},"properties":{"id_cultural":"CENTRO_CULTURAL_2772","id_sic":"2772","tipo_cultural":"CENTRO_CULTURAL","nombre":"Centro Cultural Ing. Juan Manuel Martínez G.","fecha_fundacion":"2012-08-01","adscripcion_original":"Alcaldía Tláhuac/Dirección de Cultura","tipo_gestion":"PUBLICO","criterio_clasificacion":"EVIDENCIA_INSTITUCIONAL_PUBLICA","fuente_revision_gestion":"","nota_revision_gestion":"","estado_id":"9","entidad":"Ciudad de México","municipio_id":"11","municipio":"Tláhuac","localidad_id":"1","localidad":"Tláhuac","calle_numero":"Gitana s/n","colonia":"Col. del Mar","cp":"13270.0","telefono":"(55) 5842 1613","pagina_web":"","email":"cencultjuanmanuelmtz@hotmail.com","facebook":"","twitter":"","instagram":"","aforo":"","tipo_escenario":"","num_pantallas":"","link_sic":"http://sic.gob.mx/ficha.php?table=centro_cultural&table_id=2772","fecha_modificacion":"2019-11-27 04:38:45-06","es_pilares":"NO","dataset_relacionado":"","revision_manual":"NO","motivo_revision":"","fuente":"Sistema de Información Cultural (SIC)"}},{"type":"Feature","geometry":{"type":"Point","coordinates":[-99.00759,19.27868]},"properties":{"id_cultural":"CENTRO_CULTURAL_933","id_sic":"933","tipo_cultural":"CENTRO_CULTURAL","nombre":"Casa de Cultura Rosario Castellanos F.","fecha_fundacion":"1989-03-26","adscripcion_original":"Alcaldía Tláhuac/Dirección de Cultura/Unidad Departamental de Proyectos Culturales","tipo_gestion":"PUBLICO","criterio_clasificacion":"EVIDENCIA_INSTITUCIONAL_PUBLICA","fuente_revision_gestion":"","nota_revision_gestion":"","estado_id":"9","entidad":"Ciudad de México","municipio_id":"11","municipio":"Tláhuac","localidad_id":"1","localidad":"Tláhuac","calle_numero":"Av. Tláhuac s/n esq. Sonido Trece","colonia":"Col. Santa Cecilia","cp":"13010.0","telefono":"55 5766 3804","pagina_web":"","email":"cculturarosariocastellanos_69@yahoo.com.mx; salgadomurillo.rosendo@gmail.com","facebook":"","twitter":"","instagram":"","aforo":"","tipo_escenario":"","num_pantallas":"","link_sic":"http://sic.gob.mx/ficha.php?table=centro_cultural&table_id=933","fecha_modificacion":"2023-06-12 06:38:14-06","es_pilares":"NO","dataset_relacionado":"","revision_manual":"NO","motivo_revision":"","fuente":"Sistema de Información Cultural (SIC)"}},{"type":"Feature","geometry":{"type":"Point","coordinates":[-98.99986,19.23064]},"properties":{"id_cultural":"CENTRO_CULTURAL_3762","id_sic":"3762","tipo_cultural":"CENTRO_CULTURAL","nombre":"PILARES Jaime Torres Bodet","fecha_fundacion":"1000-01-01","adscripcion_original":"Gobierno de la Ciudad de México","tipo_gestion":"PUBLICO","criterio_clasificacion":"EVIDENCIA_INSTITUCIONAL_PUBLICA","fuente_revision_gestion":"","nota_revision_gestion":"","estado_id":"9","entidad":"Ciudad de México","municipio_id":"11","municipio":"Tláhuac","localidad_id":"21","localidad":"San Juan Ixtayopan","calle_numero":"Educación Politécnica 9","colonia":"Col. Jaime Torres Bodet","cp":"","telefono":"55 5134 0770 ext 1806","pagina_web":"https://pilares.cdmx.gob.mx/","email":"coord_comunicacion@pilares.cdmx.gob.mx","facebook":"","twitter":"","instagram":"","aforo":"","tipo_escenario":"","num_pantallas":"","link_sic":"http://sic.gob.mx/ficha.php?table=centro_cultural&table_id=3762","fecha_modificacion":"2024-07-01 14:43:55-06","es_pilares":"SI","dataset_relacionado":"PILARES","revision_manual":"NO","motivo_revision":"","fuente":"Sistema de Información Cultural (SIC)"}},{"type":"Feature","geometry":{"type":"Point","coordinates":[-98.97246,19.2177]},"properties":{"id_cultural":"CENTRO_CULTURAL_3698","id_sic":"3698","tipo_cultural":"CENTRO_CULTURAL","nombre":"PILARES San Nicolás Tetelco","fecha_fundacion":"1000-01-01","adscripcion_original":"Gobierno de la Ciudad de México","tipo_gestion":"PUBLICO","criterio_clasificacion":"EVIDENCIA_INSTITUCIONAL_PUBLICA","fuente_revision_gestion":"","nota_revision_gestion":"","estado_id":"9","entidad":"Ciudad de México","municipio_id":"11","municipio":"Tláhuac","localidad_id":"24","localidad":"San Nicolás Tetelco","calle_numero":"Avenida Emiliano Zapata, Mz. 248 Lt. 24","colonia":"San Nicolás Tetelco","cp":"13700.0","telefono":"55 5134 0770 ext 1806","pagina_web":"https://pilares.cdmx.gob.mx/","email":"coord_comunicacion@pilares.cdmx.gob.mx","facebook":"","twitter":"","instagram":"","aforo":"","tipo_escenario":"","num_pantallas":"","link_sic":"http://sic.gob.mx/ficha.php?table=centro_cultural&table_id=3698","fecha_modificacion":"2024-06-19 13:00:13-06","es_pilares":"SI","dataset_relacionado":"PILARES","revision_manual":"NO","motivo_revision":"","fuente":"Sistema de Información Cultural (SIC)"}},{"type":"Feature","geometry":{"type":"Point","coordinates":[-98.9683,19.30918]},"properties":{"id_cultural":"CENTRO_CULTURAL_1704","id_sic":"1704","tipo_cultural":"CENTRO_CULTURAL","nombre":"Centro Cultural Santa Catarina Yecahuizotl","fecha_fundacion":"2002-03-08","adscripcion_original":"Alcaldía Tláhuac/Dirección de Cultura","tipo_gestion":"PUBLICO","criterio_clasificacion":"EVIDENCIA_INSTITUCIONAL_PUBLICA","fuente_revision_gestion":"","nota_revision_gestion":"","estado_id":"9","entidad":"Ciudad de México","municipio_id":"11","municipio":"Tláhuac","localidad_id":"26","localidad":"Santa Catarina Yecahuitzotl","calle_numero":"Belisario Domínguez s/n esq. Emiliano Zapata","colonia":"Col. Santa Catarina","cp":"13100.0","telefono":"(55) 4444 2728","pagina_web":"","email":"solares_03@hotmail.com","facebook":"","twitter":"","instagram":"","aforo":"","tipo_escenario":"","num_pantallas":"","link_sic":"http://sic.gob.mx/ficha.php?table=centro_cultural&table_id=1704","fecha_modificacion":"2019-11-27 04:38:58-06","es_pilares":"NO","dataset_relacionado":"","revision_manual":"NO","motivo_revision":"","fuente":"Sistema de Información Cultural (SIC)"}},{"type":"Feature","geometry":{"type":"Point","coordinates":[-98.99367,19.27595]},"properties":{"id_cultural":"CENTRO_CULTURAL_3737","id_sic":"3737","tipo_cultural":"CENTRO_CULTURAL","nombre":"PILARES San José","fecha_fundacion":"1000-01-01","adscripcion_original":"Gobierno de la Ciudad de México","tipo_gestion":"PUBLICO","criterio_clasificacion":"EVIDENCIA_INSTITUCIONAL_PUBLICA","fuente_revision_gestion":"","nota_revision_gestion":"","estado_id":"9","entidad":"Ciudad de México","municipio_id":"11","municipio":"Tláhuac","localidad_id":"71","localidad":"Tabla los Pozos","calle_numero":"Av. Agustín Lara s/n","colonia":"Col. San José","cp":"13020.0","telefono":"55 5134 0770 ext 1806","pagina_web":"https://pilares.cdmx.gob.mx/","email":"coord_comunicacion@pilares.cdmx.gob.mx","facebook":"","twitter":"","instagram":"","aforo":"","tipo_escenario":"","num_pantallas":"","link_sic":"http://sic.gob.mx/ficha.php?table=centro_cultural&table_id=3737","fecha_modificacion":"2024-06-25 14:50:59-06","es_pilares":"SI","dataset_relacionado":"PILARES","revision_manual":"NO","motivo_revision":"","fuente":"Sistema de Información Cultural (SIC)"}},{"type":"Feature","geometry":{"type":"Point","coordinates":[-98.95267,19.22626]},"properties":{"id_cultural":"CENTRO_CULTURAL_3532","id_sic":"3532","tipo_cultural":"CENTRO_CULTURAL","nombre":"PILARES Mixquic","fecha_fundacion":"2019-01-01","adscripcion_original":"Gobierno de la Ciudad de México","tipo_gestion":"PUBLICO","criterio_clasificacion":"EVIDENCIA_INSTITUCIONAL_PUBLICA","fuente_revision_gestion":"","nota_revision_gestion":"","estado_id":"9","entidad":"Ciudad de México","municipio_id":"11","municipio":"Tláhuac","localidad_id":"86","localidad":"Xila","calle_numero":"Calz. Plutarco Elías Calles","colonia":"Col. Santa Cruz","cp":"13650.0","telefono":"55 5134 0770 ext 1806","pagina_web":"https://pilares.cdmx.gob.mx/","email":"coord_comunicacion@pilares.cdmx.gob.mx","facebook":"","twitter":"","instagram":"","aforo":"","tipo_escenario":"","num_pantallas":"","link_sic":"http://sic.gob.mx/ficha.php?table=centro_cultural&table_id=3532","fecha_modificacion":"2025-08-29 18:00:31-06","es_pilares":"SI","dataset_relacionado":"PILARES","revision_manual":"NO","motivo_revision":"","fuente":"Sistema de Información Cultural (SIC)"}},{"type":"Feature","geometry":{"type":"Point","coordinates":[-99.00789,19.27804]},"properties":{"id_cultural":"CENTRO_CULTURAL_3477","id_sic":"3477","tipo_cultural":"CENTRO_CULTURAL","nombre":"PILARES Rosario Castellanos","fecha_fundacion":"2019-03-07","adscripcion_original":"Gobierno de la Ciudad de México","tipo_gestion":"PUBLICO","criterio_clasificacion":"EVIDENCIA_INSTITUCIONAL_PUBLICA","fuente_revision_gestion":"","nota_revision_gestion":"","estado_id":"9","entidad":"Ciudad de México","municipio_id":"11","municipio":"Tláhuac","localidad_id":"94","localidad":"Chinampa San Juan","calle_numero":"Av. Tláhuac esq. Av. Sonido Trece","colonia":"Col. Santa Cecilia","cp":"13010.0","telefono":"55 5134 0770 ext 1806","pagina_web":"https://pilares.cdmx.gob.mx/","email":"coord_comunicacion@pilares.cdmx.gob.mx","facebook":"","twitter":"","instagram":"","aforo":"","tipo_escenario":"","num_pantallas":"","link_sic":"http://sic.gob.mx/ficha.php?table=centro_cultural&table_id=3477","fecha_modificacion":"2024-06-24 14:51:28-06","es_pilares":"SI","dataset_relacionado":"PILARES","revision_manual":"NO","motivo_revision":"","fuente":"Sistema de Información Cultural (SIC)"}},{"type":"Feature","geometry":{"type":"Point","coordinates":[-99.04598,19.29212]},"properties":{"id_cultural":"CENTRO_CULTURAL_3547","id_sic":"3547","tipo_cultural":"CENTRO_CULTURAL","nombre":"PILARES Miguel Hidalgo","fecha_fundacion":"2019-11-17","adscripcion_original":"Gobierno de la Ciudad de México","tipo_gestion":"PUBLICO","criterio_clasificacion":"EVIDENCIA_INSTITUCIONAL_PUBLICA","fuente_revision_gestion":"","nota_revision_gestion":"","estado_id":"9","entidad":"Ciudad de México","municipio_id":"11","municipio":"Tláhuac","localidad_id":"126","localidad":"Camino a Tlaltenco","calle_numero":"La Gioconda","colonia":"Col. Miguel Hidalgo","cp":"13200.0","telefono":"55 5134 0770 ext 1806","pagina_web":"https://pilares.cdmx.gob.mx/","email":"coord_comunicacion@pilares.cdmx.gob.mx","facebook":"","twitter":"","instagram":"","aforo":"","tipo_escenario":"","num_pantallas":"","link_sic":"http://sic.gob.mx/ficha.php?table=centro_cultural&table_id=3547","fecha_modificacion":"2024-06-26 08:46:30-06","es_pilares":"SI","dataset_relacionado":"PILARES","revision_manual":"NO","motivo_revision":"","fuente":"Sistema de Información Cultural (SIC)"}},{"type":"Feature","geometry":{"type":"Point","coordinates":[-99.00935,19.29106]},"properties":{"id_cultural":"CENTRO_CULTURAL_3572","id_sic":"3572","tipo_cultural":"CENTRO_CULTURAL","nombre":"PILARES Tlaltenco","fecha_fundacion":"1000-01-01","adscripcion_original":"Gobierno de la Ciudad de México","tipo_gestion":"PUBLICO","criterio_clasificacion":"EVIDENCIA_INSTITUCIONAL_PUBLICA","fuente_revision_gestion":"","nota_revision_gestion":"","estado_id":"9","entidad":"Ciudad de México","municipio_id":"11","municipio":"Tláhuac","localidad_id":"129","localidad":"Rancho los Pollitos","calle_numero":"Av. Ojo de Agua 161","colonia":"Col. Ojo de Agua","cp":"13450.0","telefono":"55 5134 0770 ext 1806","pagina_web":"https://pilares.cdmx.gob.mx/","email":"coord_comunicacion@pilares.cdmx.gob.mx","facebook":"","twitter":"","instagram":"","aforo":"","tipo_escenario":"","num_pantallas":"","link_sic":"http://sic.gob.mx/ficha.php?table=centro_cultural&table_id=3572","fecha_modificacion":"2024-06-26 09:17:13-06","es_pilares":"SI","dataset_relacionado":"PILARES","revision_manual":"NO","motivo_revision":"","fuente":"Sistema de Información Cultural (SIC)"}},{"type":"Feature","geometry":{"type":"Point","coordinates":[-98.96222,19.31896]},"properties":{"id_cultural":"CENTRO_CULTURAL_3699","id_sic":"3699","tipo_cultural":"CENTRO_CULTURAL","nombre":"PILARES Santa Catarina","fecha_fundacion":"1000-01-01","adscripcion_original":"Secretaría de Cultura de la Ciudad de México","tipo_gestion":"PUBLICO","criterio_clasificacion":"EVIDENCIA_INSTITUCIONAL_PUBLICA","fuente_revision_gestion":"","nota_revision_gestion":"","estado_id":"9","entidad":"Ciudad de México","municipio_id":"11","municipio":"Tláhuac","localidad_id":"141","localidad":"Colonia los 500 metros","calle_numero":"Toltecas 161","colonia":"Col. Santa Catarina","cp":"13120.0","telefono":"55 5134 0770 ext 1806","pagina_web":"https://pilares.cdmx.gob.mx/","email":"coord_comunicacion@pilares.cdmx.gob.mx","facebook":"","twitter":"","instagram":"","aforo":"","tipo_escenario":"","num_pantallas":"","link_sic":"http://sic.gob.mx/ficha.php?table=centro_cultural&table_id=3699","fecha_modificacion":"2024-06-11 11:08:46-06","es_pilares":"SI","dataset_relacionado":"PILARES","revision_manual":"NO","motivo_revision":"","fuente":"Sistema de Información Cultural (SIC)"}},{"type":"Feature","geometry":{"type":"Point","coordinates":[-99.01372,19.29485]},"properties":{"id_cultural":"CENTRO_CULTURAL_3697","id_sic":"3697","tipo_cultural":"CENTRO_CULTURAL","nombre":"PILARES Quetzalcóatl","fecha_fundacion":"1000-01-01","adscripcion_original":"Gobierno de la Ciudad de México","tipo_gestion":"PUBLICO","criterio_clasificacion":"EVIDENCIA_INSTITUCIONAL_PUBLICA","fuente_revision_gestion":"","nota_revision_gestion":"","estado_id":"9","entidad":"Ciudad de México","municipio_id":"11","municipio":"Tláhuac","localidad_id":"148","localidad":"Puertantitla (Camino al Cerro)","calle_numero":"Andrés Quintana Roo s/n","colonia":"Col. Guadalupe Tlaltenco","cp":"13450.0","telefono":"55 5134 0770 ext 1806","pagina_web":"https://pilares.cdmx.gob.mx/","email":"coord_comunicacion@pilares.cdmx.gob.mx","facebook":"","twitter":"","instagram":"","aforo":"","tipo_escenario":"","num_pantallas":"","link_sic":"http://sic.gob.mx/ficha.php?table=centro_cultural&table_id=3697","fecha_modificacion":"2024-06-17 13:25:25-06","es_pilares":"SI","dataset_relacionado":"PILARES","revision_manual":"NO","motivo_revision":"","fuente":"Sistema de Información Cultural (SIC)"}},{"type":"Feature","geometry":{"type":"Point","coordinates":[-99.00508,19.23929]},"properties":{"id_cultural":"CENTRO_CULTURAL_3701","id_sic":"3701","tipo_cultural":"CENTRO_CULTURAL","nombre":"PILARES Tierra Blanca","fecha_fundacion":"2021-01-01","adscripcion_original":"Secretaría de Cultura de la Ciudad de México","tipo_gestion":"PUBLICO","criterio_clasificacion":"EVIDENCIA_INSTITUCIONAL_PUBLICA","fuente_revision_gestion":"","nota_revision_gestion":"","estado_id":"9","entidad":"Ciudad de México","municipio_id":"11","municipio":"Tláhuac","localidad_id":"149","localidad":"Prolongación el Rosario","calle_numero":"Sauces s/n","colonia":"Col. El Rosario","cp":"13540.0","telefono":"55 5134 0770 ext 1806","pagina_web":"https://pilares.cdmx.gob.mx/","email":"coord_comunicacion@pilares.cdmx.gob.mx","facebook":"","twitter":"","instagram":"","aforo":"","tipo_escenario":"","num_pantallas":"","link_sic":"http://sic.gob.mx/ficha.php?table=centro_cultural&table_id=3701","fecha_modificacion":"2025-08-25 17:18:24-06","es_pilares":"SI","dataset_relacionado":"PILARES","revision_manual":"NO","motivo_revision":"","fuente":"Sistema de Información Cultural (SIC)"}},{"type":"Feature","geometry":{"type":"Point","coordinates":[-99.0546,19.29235]},"properties":{"id_cultural":"CENTRO_CULTURAL_3606","id_sic":"3606","tipo_cultural":"CENTRO_CULTURAL","nombre":"PILARES Ana Bolena","fecha_fundacion":"2022-01-23","adscripcion_original":"Secretaría de Cultura de la Ciudad de México","tipo_gestion":"PUBLICO","criterio_clasificacion":"EVIDENCIA_INSTITUCIONAL_PUBLICA","fuente_revision_gestion":"","nota_revision_gestion":"","estado_id":"9","entidad":"Ciudad de México","municipio_id":"11","municipio":"Tláhuac","localidad_id":"158","localidad":"Las Calabacitas","calle_numero":"Ana Bolena 270","colonia":"Col.  La Nopalera","cp":"13280.0","telefono":"55 5134 0770 ext 1806","pagina_web":"https://pilares.cdmx.gob.mx/","email":"coord_comunicacion@pilares.cdmx.gob.mx","facebook":"","twitter":"","instagram":"","aforo":"","tipo_escenario":"","num_pantallas":"","link_sic":"http://sic.gob.mx/ficha.php?table=centro_cultural&table_id=3606","fecha_modificacion":"2025-11-11 17:29:28-06","es_pilares":"SI","dataset_relacionado":"PILARES","revision_manual":"NO","motivo_revision":"","fuente":"Sistema de Información Cultural (SIC)"}},{"type":"Feature","geometry":{"type":"Point","coordinates":[-99.05964,19.30181]},"properties":{"id_cultural":"CENTRO_CULTURAL_3607","id_sic":"3607","tipo_cultural":"CENTRO_CULTURAL","nombre":"PILARES Cocodrilo","fecha_fundacion":"1000-01-01","adscripcion_original":"Gobierno de la Ciudad de México","tipo_gestion":"PUBLICO","criterio_clasificacion":"EVIDENCIA_INSTITUCIONAL_PUBLICA","fuente_revision_gestion":"","nota_revision_gestion":"","estado_id":"9","entidad":"Ciudad de México","municipio_id":"11","municipio":"Tláhuac","localidad_id":"158","localidad":"Las Calabacitas","calle_numero":"Cocodrilo 67","colonia":"Col. Los Olivos","cp":"13210.0","telefono":"55 5134 0770 ext 1806","pagina_web":"https://pilares.cdmx.gob.mx/","email":"coord_comunicacion@pilares.cdmx.gob.mx","facebook":"","twitter":"","instagram":"","aforo":"","tipo_escenario":"","num_pantallas":"","link_sic":"http://sic.gob.mx/ficha.php?table=centro_cultural&table_id=3607","fecha_modificacion":"2024-06-12 14:29:38-06","es_pilares":"SI","dataset_relacionado":"PILARES","revision_manual":"NO","motivo_revision":"","fuente":"Sistema de Información Cultural (SIC)"}},{"type":"Feature","geometry":{"type":"Point","coordinates":[-99.04931,19.2917]},"properties":{"id_cultural":"CENTRO_CULTURAL_3548","id_sic":"3548","tipo_cultural":"CENTRO_CULTURAL","nombre":"PILARES Murciélago","fecha_fundacion":"2019-01-01","adscripcion_original":"Gobierno de la Ciudad de México","tipo_gestion":"PUBLICO","criterio_clasificacion":"EVIDENCIA_INSTITUCIONAL_PUBLICA","fuente_revision_gestion":"","nota_revision_gestion":"","estado_id":"9","entidad":"Ciudad de México","municipio_id":"11","municipio":"Tláhuac","localidad_id":"158","localidad":"Las Calabacitas","calle_numero":"El Murciélago Mz. 8 LT. 20","colonia":"Agrícola Metropolitana","cp":"13280.0","telefono":"55 5134 0770 ext 1806","pagina_web":"https://pilares.cdmx.gob.mx/","email":"coord_comunicacion@pilares.cdmx.gob.mx","facebook":"","twitter":"","instagram":"","aforo":"","tipo_escenario":"","num_pantallas":"","link_sic":"http://sic.gob.mx/ficha.php?table=centro_cultural&table_id=3548","fecha_modificacion":"2025-08-25 16:57:00-06","es_pilares":"SI","dataset_relacionado":"PILARES","revision_manual":"NO","motivo_revision":"","fuente":"Sistema de Información Cultural (SIC)"}},{"type":"Feature","geometry":{"type":"Point","coordinates":[-99.05479,19.29646]},"properties":{"id_cultural":"CENTRO_CULTURAL_3608","id_sic":"3608","tipo_cultural":"CENTRO_CULTURAL","nombre":"PILARES Nopalera","fecha_fundacion":"2021-01-01","adscripcion_original":"Gobierno de la Ciudad de México","tipo_gestion":"PUBLICO","criterio_clasificacion":"EVIDENCIA_INSTITUCIONAL_PUBLICA","fuente_revision_gestion":"","nota_revision_gestion":"","estado_id":"9","entidad":"Ciudad de México","municipio_id":"11","municipio":"Tláhuac","localidad_id":"158","localidad":"Las Calabacitas","calle_numero":"Angélica Paulet esq. Falstaff","colonia":"La Nopalera","cp":"13250.0","telefono":"55 5134 0770 ext 1806","pagina_web":"https://pilares.cdmx.gob.mx/","email":"coord_comunicacion@pilares.cdmx.gob.mx","facebook":"","twitter":"","instagram":"","aforo":"","tipo_escenario":"","num_pantallas":"","link_sic":"http://sic.gob.mx/ficha.php?table=centro_cultural&table_id=3608","fecha_modificacion":"2025-10-08 17:25:39-06","es_pilares":"SI","dataset_relacionado":"PILARES","revision_manual":"NO","motivo_revision":"","fuente":"Sistema de Información Cultural (SIC)"}},{"type":"Feature","geometry":{"type":"Point","coordinates":[-99.05112,19.30584]},"properties":{"id_cultural":"CENTRO_CULTURAL_3507","id_sic":"3507","tipo_cultural":"CENTRO_CULTURAL","nombre":"PILARES Paulo Freire","fecha_fundacion":"2019-08-07","adscripcion_original":"Gobierno de la Ciudad de México","tipo_gestion":"PUBLICO","criterio_clasificacion":"EVIDENCIA_INSTITUCIONAL_PUBLICA","fuente_revision_gestion":"","nota_revision_gestion":"","estado_id":"9","entidad":"Ciudad de México","municipio_id":"11","municipio":"Tláhuac","localidad_id":"158","localidad":"Las Calabacitas","calle_numero":"Santa Cruz 127","colonia":"Col. Las Arboledas","cp":"13319.0","telefono":"55 5134 0770 ext 1806","pagina_web":"https://pilares.cdmx.gob.mx/","email":"coord_comunicacion@pilares.cdmx.gob.mx","facebook":"","twitter":"","instagram":"","aforo":"","tipo_escenario":"","num_pantallas":"","link_sic":"http://sic.gob.mx/ficha.php?table=centro_cultural&table_id=3507","fecha_modificacion":"2024-06-12 12:35:44-06","es_pilares":"SI","dataset_relacionado":"PILARES","revision_manual":"NO","motivo_revision":"","fuente":"Sistema de Información Cultural (SIC)"}},{"type":"Feature","geometry":{"type":"Point","coordinates":[-99.03694,19.31159]},"properties":{"id_cultural":"CENTRO_CULTURAL_3478","id_sic":"3478","tipo_cultural":"CENTRO_CULTURAL","nombre":"PILARES García Lorca","fecha_fundacion":"2019-03-07","adscripcion_original":"Gobierno de la Ciudad de México","tipo_gestion":"PUBLICO","criterio_clasificacion":"EVIDENCIA_INSTITUCIONAL_PUBLICA","fuente_revision_gestion":"","nota_revision_gestion":"","estado_id":"9","entidad":"Ciudad de México","municipio_id":"11","municipio":"Tláhuac","localidad_id":"158","localidad":"Las Calabacitas","calle_numero":"Cecilio Acosta s/n","colonia":"San Miguel Zapotitla","cp":"13310.0","telefono":"55 5134 0770 ext 1806","pagina_web":"https://pilares.cdmx.gob.mx/","email":"coord_comunicacion@pilares.cdmx.gob.mx","facebook":"","twitter":"","instagram":"","aforo":"","tipo_escenario":"","num_pantallas":"","link_sic":"http://sic.gob.mx/ficha.php?table=centro_cultural&table_id=3478","fecha_modificacion":"2025-05-29 19:32:54-06","es_pilares":"SI","dataset_relacionado":"PILARES","revision_manual":"NO","motivo_revision":"","fuente":"Sistema de Información Cultural (SIC)"}},{"type":"Feature","geometry":{"type":"Point","coordinates":[-99.19223,19.29613]},"properties":{"id_cultural":"CENTRO_CULTURAL_967","id_sic":"967","tipo_cultural":"CENTRO_CULTURAL","nombre":"Casa de la Cultura de Tlalpan","fecha_fundacion":"1988-11-30","adscripcion_original":"Alcaldía Tlalpan/Dirección General de Derechos Culturales y Educativos","tipo_gestion":"PUBLICO","criterio_clasificacion":"EVIDENCIA_INSTITUCIONAL_PUBLICA","fuente_revision_gestion":"","nota_revision_gestion":"","estado_id":"9","entidad":"Ciudad de México","municipio_id":"12","municipio":"Tlalpan","localidad_id":"1","localidad":"Tlalpan","calle_numero":"Camino a Santa Teresa s/n esq. Zacatépetl","colonia":"Col. Bosque del Pedregal","cp":"14010.0","telefono":"55 5606 3839","pagina_web":"","email":"casadelaculturatlalpan@gmail.com","facebook":"","twitter":"","instagram":"","aforo":"","tipo_escenario":"","num_pantallas":"","link_sic":"http://sic.gob.mx/ficha.php?table=centro_cultural&table_id=967","fecha_modificacion":"2026-07-28 12:23:53-06","es_pilares":"NO","dataset_relacionado":"","revision_manual":"NO","motivo_revision":"","fuente":"Sistema de Información Cultural (SIC)"}},{"type":"Feature","geometry":{"type":"Point","coordinates":[-99.16909,19.28828]},"properties":{"id_cultural":"CENTRO_CULTURAL_2890","id_sic":"2890","tipo_cultural":"CENTRO_CULTURAL","nombre":"Casa del Virrey de Mendoza","fecha_fundacion":"2012-05-03","adscripcion_original":"Gobierno de la Ciudad de México/Alcaldía Tlalpan/Grupo Tequio, A.C.","tipo_gestion":"MIXTO","criterio_clasificacion":"MIXTO_CONFIRMADO","fuente_revision_gestion":"","nota_revision_gestion":"","estado_id":"9","entidad":"Ciudad de México","municipio_id":"12","municipio":"Tlalpan","localidad_id":"1","localidad":"Tlalpan","calle_numero":"Juárez 15 esq. Victoria.","colonia":"Centro de Tlalpan","cp":"14000.0","telefono":"","pagina_web":"","email":"","facebook":"","twitter":"","instagram":"","aforo":"","tipo_escenario":"","num_pantallas":"","link_sic":"http://sic.gob.mx/ficha.php?table=centro_cultural&table_id=2890","fecha_modificacion":"2020-04-20 14:46:47-05","es_pilares":"NO","dataset_relacionado":"","revision_manual":"NO","motivo_revision":"","fuente":"Sistema de Información Cultural (SIC)"}},{"type":"Feature","geometry":{"type":"Point","coordinates":[-99.17844,19.30305]},"properties":{"id_cultural":"CENTRO_CULTURAL_963","id_sic":"963","tipo_cultural":"CENTRO_CULTURAL","nombre":"Centro Cultural Ollin Yoliztli (CCOY)","fecha_fundacion":"1979-11-27","adscripcion_original":"Secretaría de Cultura de la Ciudad de México","tipo_gestion":"PUBLICO","criterio_clasificacion":"EVIDENCIA_INSTITUCIONAL_PUBLICA","fuente_revision_gestion":"","nota_revision_gestion":"","estado_id":"9","entidad":"Ciudad de México","municipio_id":"12","municipio":"Tlalpan","localidad_id":"1","localidad":"Tlalpan","calle_numero":"Periférico Sur 5141","colonia":"Col. Isidro Fabela","cp":"14030.0","telefono":"55 5606 3901","pagina_web":"https://www.cultura.cdmx.gob.mx/recintos/archivo-historico/centros-culturales/ccoy","email":"ollinyoliztlidifusion@df.gob.mx; direccionccoy@df.gob.mx; pachecofidencio@gmail.com","facebook":"","twitter":"","instagram":"","aforo":"","tipo_escenario":"","num_pantallas":"","link_sic":"http://sic.gob.mx/ficha.php?table=centro_cultural&table_id=963","fecha_modificacion":"2025-08-28 14:27:20-06","es_pilares":"NO","dataset_relacionado":"","revision_manual":"NO","motivo_revision":"","fuente":"Sistema de Información Cultural (SIC)"}},{"type":"Feature","geometry":{"type":"Point","coordinates":[-99.17166,19.29386]},"properties":{"id_cultural":"CENTRO_CULTURAL_2466","id_sic":"2466","tipo_cultural":"CENTRO_CULTURAL","nombre":"Centro Cultural Ignacio Ramírez ISSSTE","fecha_fundacion":"1963-11-13","adscripcion_original":"Instituto de Seguridad y Servicios Sociales de los Trabajadores del Estado (ISSSTE)","tipo_gestion":"PUBLICO","criterio_clasificacion":"EVIDENCIA_INSTITUCIONAL_PUBLICA","fuente_revision_gestion":"","nota_revision_gestion":"","estado_id":"9","entidad":"Ciudad de México","municipio_id":"12","municipio":"Tlalpan","localidad_id":"1","localidad":"Tlalpan","calle_numero":"Av. San Fernando 15","colonia":"Col. San Pedro Apostol","cp":"14070.0","telefono":"55 5141 5400 ext. 22301","pagina_web":"","email":"svaltoartesescenicas@gmail.com","facebook":"","twitter":"","instagram":"","aforo":"","tipo_escenario":"","num_pantallas":"","link_sic":"http://sic.gob.mx/ficha.php?table=centro_cultural&table_id=2466","fecha_modificacion":"2023-12-06 07:53:15-06","es_pilares":"NO","dataset_relacionado":"","revision_manual":"NO","motivo_revision":"","fuente":"Sistema de Información Cultural (SIC)"}},{"type":"Feature","geometry":{"type":"Point","coordinates":[-99.15621,19.26859]},"properties":{"id_cultural":"CENTRO_CULTURAL_3049","id_sic":"3049","tipo_cultural":"CENTRO_CULTURAL","nombre":"Centro de Artes y Oficios (CAO) Xochipilli (Cerrado temporalmente)","fecha_fundacion":"2017-10-28","adscripcion_original":"Alcaldía Tlalpan/JUD de Cultura Comunitaria","tipo_gestion":"PUBLICO","criterio_clasificacion":"EVIDENCIA_INSTITUCIONAL_PUBLICA","fuente_revision_gestion":"","nota_revision_gestion":"","estado_id":"9","entidad":"Ciudad de México","municipio_id":"12","municipio":"Tlalpan","localidad_id":"1","localidad":"Tlalpan","calle_numero":"Av. del Paraíso s/n","colonia":"Ejidos de San Pedro Mártir","cp":"14600.0","telefono":"(55) 5485 3266","pagina_web":"","email":"alisosnaya@gmail.com","facebook":"","twitter":"","instagram":"","aforo":"","tipo_escenario":"","num_pantallas":"","link_sic":"http://sic.gob.mx/ficha.php?table=centro_cultural&table_id=3049","fecha_modificacion":"2019-11-27 04:43:02-06","es_pilares":"NO","dataset_relacionado":"","revision_manual":"NO","motivo_revision":"","fuente":"Sistema de Información Cultural (SIC)"}},{"type":"Feature","geometry":{"type":"Point","coordinates":[-99.16776,19.28906]},"properties":{"id_cultural":"CENTRO_CULTURAL_2096","id_sic":"2096","tipo_cultural":"CENTRO_CULTURAL","nombre":"Centro Cultural Casa Frissac","fecha_fundacion":"2000-05-01","adscripcion_original":"Alcaldía Tlalpan","tipo_gestion":"PUBLICO","criterio_clasificacion":"EVIDENCIA_INSTITUCIONAL_PUBLICA","fuente_revision_gestion":"","nota_revision_gestion":"","estado_id":"9","entidad":"Ciudad de México","municipio_id":"12","municipio":"Tlalpan","localidad_id":"1","localidad":"Tlalpan","calle_numero":"Plaza de la Constitución 1 esq. Moneda","colonia":"Centro","cp":"14000.0","telefono":"55 5483 1500 ext. 7306","pagina_web":"https://culturatlalpan.wixsite.com/cultura/project-2","email":"judrcpayc@gmail.com","facebook":"","twitter":"","instagram":"","aforo":"","tipo_escenario":"","num_pantallas":"","link_sic":"http://sic.gob.mx/ficha.php?table=centro_cultural&table_id=2096","fecha_modificacion":"2026-07-28 12:15:53-06","es_pilares":"NO","dataset_relacionado":"","revision_manual":"NO","motivo_revision":"","fuente":"Sistema de Información Cultural (SIC)"}},{"type":"Feature","geometry":{"type":"Point","coordinates":[-99.17881,19.30023]},"properties":{"id_cultural":"CENTRO_CULTURAL_3705","id_sic":"3705","tipo_cultural":"CENTRO_CULTURAL","nombre":"PILARES Zapote","fecha_fundacion":"2023-03-30","adscripcion_original":"Gobierno de la Ciudad de México","tipo_gestion":"PUBLICO","criterio_clasificacion":"EVIDENCIA_INSTITUCIONAL_PUBLICA","fuente_revision_gestion":"","nota_revision_gestion":"","estado_id":"9","entidad":"Ciudad de México","municipio_id":"12","municipio":"Tlalpan","localidad_id":"1","localidad":"Tlalpan","calle_numero":"Zapote 155","colonia":"Col. Zapote","cp":"","telefono":"55 5134 0770 ext 1806","pagina_web":"https://pilares.cdmx.gob.mx/","email":"coord_comunicacion@pilares.cdmx.gob.mx","facebook":"","twitter":"","instagram":"","aforo":"","tipo_escenario":"","num_pantallas":"","link_sic":"http://sic.gob.mx/ficha.php?table=centro_cultural&table_id=3705","fecha_modificacion":"2024-06-12 14:17:41-06","es_pilares":"SI","dataset_relacionado":"PILARES","revision_manual":"NO","motivo_revision":"","fuente":"Sistema de Información Cultural (SIC)"}},{"type":"Feature","geometry":{"type":"Point","coordinates":[-99.16244,19.29046]},"properties":{"id_cultural":"CENTRO_CULTURAL_2150","id_sic":"2150","tipo_cultural":"CENTRO_CULTURAL","nombre":"Centro Cultural y Social Hidalguense","fecha_fundacion":"2004-12-07","adscripcion_original":"Centro Cultural y Social Hidalguense, A.C./Consejo Estatal para la Cultura y las Artes de Hidalgo/ Representación del Gobierno del Estado de Hidalgo","tipo_gestion":"MIXTO","criterio_clasificacion":"MIXTO_CONFIRMADO","fuente_revision_gestion":"","nota_revision_gestion":"","estado_id":"9","entidad":"Ciudad de México","municipio_id":"12","municipio":"Tlalpan","localidad_id":"1","localidad":"Tlalpan","calle_numero":"Calz. de Tlalpan 4743 esq. Av. San Fernando","colonia":"Tlalpan Centro","cp":"14000.0","telefono":"554 094 95 26","pagina_web":"https://centrohidalguense.com/","email":"direccion@centrohidalguense.com; cultura@centrohidalguense.com","facebook":"","twitter":"","instagram":"","aforo":"","tipo_escenario":"","num_pantallas":"","link_sic":"http://sic.gob.mx/ficha.php?table=centro_cultural&table_id=2150","fecha_modificacion":"2024-02-19 05:32:46-06","es_pilares":"NO","dataset_relacionado":"","revision_manual":"NO","motivo_revision":"","fuente":"Sistema de Información Cultural (SIC)"}},{"type":"Feature","geometry":{"type":"Point","coordinates":[-99.16756,19.27844]},"properties":{"id_cultural":"CENTRO_CULTURAL_3560","id_sic":"3560","tipo_cultural":"CENTRO_CULTURAL","nombre":"PILARES La Joya","fecha_fundacion":"2020-01-01","adscripcion_original":"Gobierno de la Ciudad de México","tipo_gestion":"PUBLICO","criterio_clasificacion":"EVIDENCIA_INSTITUCIONAL_PUBLICA","fuente_revision_gestion":"","nota_revision_gestion":"","estado_id":"9","entidad":"Ciudad de México","municipio_id":"12","municipio":"Tlalpan","localidad_id":"1","localidad":"Tlalpan","calle_numero":"Insurgentes 4461","colonia":"Col. La Joya","cp":"14090.0","telefono":"55 5134 0770 ext 1806","pagina_web":"https://pilares.cdmx.gob.mx/pilares/1598/la-joya","email":"coord_comunicacion@pilares.cdmx.gob.mx","facebook":"","twitter":"","instagram":"","aforo":"","tipo_escenario":"","num_pantallas":"","link_sic":"http://sic.gob.mx/ficha.php?table=centro_cultural&table_id=3560","fecha_modificacion":"2025-11-11 16:49:24-06","es_pilares":"SI","dataset_relacionado":"PILARES","revision_manual":"NO","motivo_revision":"","fuente":"Sistema de Información Cultural (SIC)"}},{"type":"Feature","geometry":{"type":"Point","coordinates":[-99.17638,19.27204]},"properties":{"id_cultural":"CENTRO_CULTURAL_3706","id_sic":"3706","tipo_cultural":"CENTRO_CULTURAL","nombre":"PILARES Pedregal de las Águilas","fecha_fundacion":"1000-01-01","adscripcion_original":"Secretaría de Cultura de la Ciudad de México","tipo_gestion":"PUBLICO","criterio_clasificacion":"EVIDENCIA_INSTITUCIONAL_PUBLICA","fuente_revision_gestion":"","nota_revision_gestion":"","estado_id":"9","entidad":"Ciudad de México","municipio_id":"12","municipio":"Tlalpan","localidad_id":"1","localidad":"Tlalpan","calle_numero":"Lacandones s/n","colonia":"Col. Pedregal de las Águilas","cp":"14439.0","telefono":"55 5134 0770 ext 1806","pagina_web":"https://pilares.cdmx.gob.mx/","email":"coord_comunicacion@pilares.cdmx.gob.mx","facebook":"","twitter":"","instagram":"","aforo":"","tipo_escenario":"","num_pantallas":"","link_sic":"http://sic.gob.mx/ficha.php?table=centro_cultural&table_id=3706","fecha_modificacion":"2024-06-13 08:13:23-06","es_pilares":"SI","dataset_relacionado":"PILARES","revision_manual":"NO","motivo_revision":"","fuente":"Sistema de Información Cultural (SIC)"}},{"type":"Feature","geometry":{"type":"Point","coordinates":[-99.14713,19.30104]},"properties":{"id_cultural":"CENTRO_CULTURAL_3645","id_sic":"3645","tipo_cultural":"CENTRO_CULTURAL","nombre":"PILARES San Lorenzo Huipulco","fecha_fundacion":"1000-01-01","adscripcion_original":"Gobierno de la Ciudad de México","tipo_gestion":"PUBLICO","criterio_clasificacion":"EVIDENCIA_INSTITUCIONAL_PUBLICA","fuente_revision_gestion":"","nota_revision_gestion":"","estado_id":"9","entidad":"Ciudad de México","municipio_id":"12","municipio":"Tlalpan","localidad_id":"1","localidad":"Tlalpan","calle_numero":"Calzada de Tlalpan esq. Calzada Acoxpa","colonia":"Col. Sta. Úrsula Coapa","cp":"4650.0","telefono":"55 5134 0770 ext 1806","pagina_web":"https://pilares.cdmx.gob.mx/","email":"coord_comunicacion@pilares.cdmx.gob.mx","facebook":"","twitter":"","instagram":"","aforo":"","tipo_escenario":"","num_pantallas":"","link_sic":"http://sic.gob.mx/ficha.php?table=centro_cultural&table_id=3645","fecha_modificacion":"2025-08-28 18:19:46-06","es_pilares":"SI","dataset_relacionado":"PILARES","revision_manual":"NO","motivo_revision":"","fuente":"Sistema de Información Cultural (SIC)"}},{"type":"Feature","geometry":{"type":"Point","coordinates":[-99.23831,19.2674]},"properties":{"id_cultural":"CENTRO_CULTURAL_3752","id_sic":"3752","tipo_cultural":"CENTRO_CULTURAL","nombre":"PILARES San Nicolás II","fecha_fundacion":"1000-01-01","adscripcion_original":"Gobierno de la Ciudad de México","tipo_gestion":"PUBLICO","criterio_clasificacion":"EVIDENCIA_INSTITUCIONAL_PUBLICA","fuente_revision_gestion":"","nota_revision_gestion":"","estado_id":"9","entidad":"Ciudad de México","municipio_id":"12","municipio":"Tlalpan","localidad_id":"1","localidad":"Tlalpan","calle_numero":"Plan de La Máquina 330","colonia":"Col. San Nicolás II","cp":"14735.0","telefono":"55 5134 0770 ext 1806","pagina_web":"https://pilares.cdmx.gob.mx/","email":"coord_comunicacion@pilares.cdmx.gob.mx","facebook":"","twitter":"","instagram":"","aforo":"","tipo_escenario":"","num_pantallas":"","link_sic":"http://sic.gob.mx/ficha.php?table=centro_cultural&table_id=3752","fecha_modificacion":"2024-06-13 13:02:07-06","es_pilares":"SI","dataset_relacionado":"PILARES","revision_manual":"NO","motivo_revision":"","fuente":"Sistema de Información Cultural (SIC)"}},{"type":"Feature","geometry":{"type":"Point","coordinates":[-99.18248,19.29054]},"properties":{"id_cultural":"CENTRO_CULTURAL_3738","id_sic":"3738","tipo_cultural":"CENTRO_CULTURAL","nombre":"PILARES Deportivo Xóchitl","fecha_fundacion":"1000-01-01","adscripcion_original":"Gobierno de la Ciudad de México","tipo_gestion":"PUBLICO","criterio_clasificacion":"EVIDENCIA_INSTITUCIONAL_PUBLICA","fuente_revision_gestion":"","nota_revision_gestion":"","estado_id":"9","entidad":"Ciudad de México","municipio_id":"12","municipio":"Tlalpan","localidad_id":"1","localidad":"Tlalpan","calle_numero":"Calle Corregidora s/n","colonia":"Miguel Hidalgo","cp":"14250.0","telefono":"55 5134 0770 ext 1806","pagina_web":"https://pilares.cdmx.gob.mx/","email":"coord_comunicacion@pilares.cdmx.gob.mx","facebook":"","twitter":"","instagram":"","aforo":"","tipo_escenario":"","num_pantallas":"","link_sic":"http://sic.gob.mx/ficha.php?table=centro_cultural&table_id=3738","fecha_modificacion":"2024-06-14 09:22:57-06","es_pilares":"SI","dataset_relacionado":"PILARES","revision_manual":"NO","motivo_revision":"","fuente":"Sistema de Información Cultural (SIC)"}},{"type":"Feature","geometry":{"type":"Point","coordinates":[-99.19047,19.27282]},"properties":{"id_cultural":"CENTRO_CULTURAL_3708","id_sic":"3708","tipo_cultural":"CENTRO_CULTURAL","nombre":"PILARES Tepeximilpa","fecha_fundacion":"1000-01-01","adscripcion_original":"Gobierno de la Ciudad de México","tipo_gestion":"PUBLICO","criterio_clasificacion":"EVIDENCIA_INSTITUCIONAL_PUBLICA","fuente_revision_gestion":"","nota_revision_gestion":"","estado_id":"9","entidad":"Ciudad de México","municipio_id":"12","municipio":"Tlalpan","localidad_id":"1","localidad":"Tlalpan","calle_numero":"Tequistlateco s/n","colonia":"San Juan Tepeximilpa","cp":"14427.0","telefono":"55 5134 0770 ext 1806","pagina_web":"https://pilares.cdmx.gob.mx/","email":"coord_comunicacion@pilares.cdmx.gob.mx","facebook":"","twitter":"","instagram":"","aforo":"","tipo_escenario":"","num_pantallas":"","link_sic":"http://sic.gob.mx/ficha.php?table=centro_cultural&table_id=3708","fecha_modificacion":"2024-06-14 11:26:51-06","es_pilares":"SI","dataset_relacionado":"PILARES","revision_manual":"NO","motivo_revision":"","fuente":"Sistema de Información Cultural (SIC)"}},{"type":"Feature","geometry":{"type":"Point","coordinates":[-99.19429,19.28667]},"properties":{"id_cultural":"CENTRO_CULTURAL_2613","id_sic":"2613","tipo_cultural":"CENTRO_CULTURAL","nombre":"Centro de Artes y Oficios Tiempo Nuevo","fecha_fundacion":"1990-05-01","adscripcion_original":"Alcaldía Tlalpan","tipo_gestion":"PUBLICO","criterio_clasificacion":"EVIDENCIA_INSTITUCIONAL_PUBLICA","fuente_revision_gestion":"","nota_revision_gestion":"","estado_id":"9","entidad":"Ciudad de México","municipio_id":"12","municipio":"Tlalpan","localidad_id":"1","localidad":"Tlalpan","calle_numero":"Jesus Lecuona s/n","colonia":"Col. Miguel Hidalgo 2da. Sección","cp":"14250.0","telefono":"55 169 71498","pagina_web":"http://www.tlalpan.cdmx.gob.mx/centros/centro-de-artes-y-oficios-cao-tiempo-nuevo/","email":"comunicacioncaotlalpan@gmail.com","facebook":"","twitter":"","instagram":"","aforo":"","tipo_escenario":"","num_pantallas":"","link_sic":"http://sic.gob.mx/ficha.php?table=centro_cultural&table_id=2613","fecha_modificacion":"2025-11-13 13:12:32-06","es_pilares":"NO","dataset_relacionado":"","revision_manual":"NO","motivo_revision":"","fuente":"Sistema de Información Cultural (SIC)"}},{"type":"Feature","geometry":{"type":"Point","coordinates":[-99.19553,19.23123]},"properties":{"id_cultural":"CENTRO_CULTURAL_3646","id_sic":"3646","tipo_cultural":"CENTRO_CULTURAL","nombre":"PILARES San Miguel Ajusco","fecha_fundacion":"1000-01-01","adscripcion_original":"Secretaría de Cultura de la Ciudad de México","tipo_gestion":"PUBLICO","criterio_clasificacion":"EVIDENCIA_INSTITUCIONAL_PUBLICA","fuente_revision_gestion":"","nota_revision_gestion":"","estado_id":"9","entidad":"Ciudad de México","municipio_id":"12","municipio":"Tlalpan","localidad_id":"26","localidad":"San Miguel Ajusco","calle_numero":"Primera cerrada de Mariano Abasolo s/n","colonia":"Col. San Miguel Ajusco","cp":"14700.0","telefono":"55 5134 0770 ext 1806","pagina_web":"https://pilares.cdmx.gob.mx/pilares/1684/san-miguel","email":"pilaressanmiguel@cdmx.gob.mx","facebook":"","twitter":"","instagram":"","aforo":"","tipo_escenario":"","num_pantallas":"","link_sic":"http://sic.gob.mx/ficha.php?table=centro_cultural&table_id=3646","fecha_modificacion":"2025-08-28 18:52:28-06","es_pilares":"SI","dataset_relacionado":"PILARES","revision_manual":"NO","motivo_revision":"","fuente":"Sistema de Información Cultural (SIC)"}},{"type":"Feature","geometry":{"type":"Point","coordinates":[-99.14129,19.19852]},"properties":{"id_cultural":"CENTRO_CULTURAL_3612","id_sic":"3612","tipo_cultural":"CENTRO_CULTURAL","nombre":"PILARES Topilejo","fecha_fundacion":"1000-01-01","adscripcion_original":"Gobierno de la Ciudad de México","tipo_gestion":"PUBLICO","criterio_clasificacion":"EVIDENCIA_INSTITUCIONAL_PUBLICA","fuente_revision_gestion":"","nota_revision_gestion":"","estado_id":"9","entidad":"Ciudad de México","municipio_id":"12","municipio":"Tlalpan","localidad_id":"27","localidad":"San Miguel Topilejo","calle_numero":"Independencia 12","colonia":"Col. San Miguel Topilejo","cp":"14500.0","telefono":"55 5134 0770 ext 1806","pagina_web":"https://pilares.cdmx.gob.mx/","email":"coord_comunicacion@pilares.cdmx.gob.mx","facebook":"","twitter":"","instagram":"","aforo":"","tipo_escenario":"","num_pantallas":"","link_sic":"http://sic.gob.mx/ficha.php?table=centro_cultural&table_id=3612","fecha_modificacion":"2024-06-25 10:23:24-06","es_pilares":"SI","dataset_relacionado":"PILARES","revision_manual":"NO","motivo_revision":"","fuente":"Sistema de Información Cultural (SIC)"}},{"type":"Feature","geometry":{"type":"Point","coordinates":[-99.15012,19.23908]},"properties":{"id_cultural":"CENTRO_CULTURAL_3739","id_sic":"3739","tipo_cultural":"CENTRO_CULTURAL","nombre":"PILARES Plan de Ayala","fecha_fundacion":"1000-01-01","adscripcion_original":"Secretaría de Cultura de la Ciudad de México","tipo_gestion":"PUBLICO","criterio_clasificacion":"EVIDENCIA_INSTITUCIONAL_PUBLICA","fuente_revision_gestion":"","nota_revision_gestion":"","estado_id":"9","entidad":"Ciudad de México","municipio_id":"12","municipio":"Tlalpan","localidad_id":"326","localidad":"Cuauhtenco","calle_numero":"Av. Texcalatlaco","colonia":"Col. Plan de Ayala","cp":"14470.0","telefono":"55 5134 0770 ext 1806","pagina_web":"https://pilares.cdmx.gob.mx/","email":"coord_comunicacion@pilares.cdmx.gob.mx","facebook":"","twitter":"","instagram":"","aforo":"","tipo_escenario":"","num_pantallas":"","link_sic":"http://sic.gob.mx/ficha.php?table=centro_cultural&table_id=3739","fecha_modificacion":"2024-06-11 11:27:12-06","es_pilares":"SI","dataset_relacionado":"PILARES","revision_manual":"NO","motivo_revision":"","fuente":"Sistema de Información Cultural (SIC)"}},{"type":"Feature","geometry":{"type":"Point","coordinates":[-99.20426,19.27094]},"properties":{"id_cultural":"CENTRO_CULTURAL_3500","id_sic":"3500","tipo_cultural":"CENTRO_CULTURAL","nombre":"PILARES Ecoguardas","fecha_fundacion":"2019-07-31","adscripcion_original":"Gobierno de la Ciudad de México","tipo_gestion":"PUBLICO","criterio_clasificacion":"EVIDENCIA_INSTITUCIONAL_PUBLICA","fuente_revision_gestion":"","nota_revision_gestion":"","estado_id":"9","entidad":"Ciudad de México","municipio_id":"12","municipio":"Tlalpan","localidad_id":"330","localidad":"Área de los Venados (La SIREFA)","calle_numero":"Carr. Picacho Ajusco km. 5.5 s/n","colonia":"Col. Ampliación Miguel Hidalgo","cp":"14250.0","telefono":"55 5134 0770 ext 1806","pagina_web":"https://pilares.cdmx.gob.mx/","email":"coord_comunicacion@pilares.cdmx.gob.mx","facebook":"","twitter":"","instagram":"","aforo":"","tipo_escenario":"","num_pantallas":"","link_sic":"http://sic.gob.mx/ficha.php?table=centro_cultural&table_id=3500","fecha_modificacion":"2024-06-19 14:09:47-06","es_pilares":"SI","dataset_relacionado":"PILARES","revision_manual":"NO","motivo_revision":"","fuente":"Sistema de Información Cultural (SIC)"}},{"type":"Feature","geometry":{"type":"Point","coordinates":[-99.24268,19.27772]},"properties":{"id_cultural":"CENTRO_CULTURAL_3611","id_sic":"3611","tipo_cultural":"CENTRO_CULTURAL","nombre":"PILARES Chichicaspatl","fecha_fundacion":"1000-01-01","adscripcion_original":"Secretaría de Cultura de la Ciudad de México","tipo_gestion":"PUBLICO","criterio_clasificacion":"EVIDENCIA_INSTITUCIONAL_PUBLICA","fuente_revision_gestion":"","nota_revision_gestion":"","estado_id":"9","entidad":"Ciudad de México","municipio_id":"12","municipio":"Tlalpan","localidad_id":"379","localidad":"Paraje el Negro","calle_numero":"Plancito Viejos, Ferrocarril de Cuernavaca 46","colonia":"Col. Chichicaspatl","cp":"14108.0","telefono":"55 5134 0770 ext 1806","pagina_web":"https://pilares.cdmx.gob.mx/","email":"coord_comunicacion@pilares.cdmx.gob.mx","facebook":"","twitter":"","instagram":"","aforo":"","tipo_escenario":"","num_pantallas":"","link_sic":"http://sic.gob.mx/ficha.php?table=centro_cultural&table_id=3611","fecha_modificacion":"2024-06-13 08:08:30-06","es_pilares":"SI","dataset_relacionado":"PILARES","revision_manual":"NO","motivo_revision":"","fuente":"Sistema de Información Cultural (SIC)"}},{"type":"Feature","geometry":{"type":"Point","coordinates":[-99.24344,19.27061]},"properties":{"id_cultural":"CENTRO_CULTURAL_3702","id_sic":"3702","tipo_cultural":"CENTRO_CULTURAL","nombre":"PILARES Metropolitana Bosques","fecha_fundacion":"2021-09-27","adscripcion_original":"Gobierno de la Ciudad de México","tipo_gestion":"PUBLICO","criterio_clasificacion":"EVIDENCIA_INSTITUCIONAL_PUBLICA","fuente_revision_gestion":"","nota_revision_gestion":"","estado_id":"9","entidad":"Ciudad de México","municipio_id":"12","municipio":"Tlalpan","localidad_id":"379","localidad":"Paraje el Negro","calle_numero":"Av. Metropolitana s/n","colonia":"Col. Bosques del Pedregal","cp":"14734.0","telefono":"55 5134 0770 ext 1806","pagina_web":"https://pilares.cdmx.gob.mx/","email":"coord_comunicacion@pilares.cdmx.gob.mx","facebook":"","twitter":"","instagram":"","aforo":"","tipo_escenario":"","num_pantallas":"","link_sic":"http://sic.gob.mx/ficha.php?table=centro_cultural&table_id=3702","fecha_modificacion":"2024-06-25 09:36:13-06","es_pilares":"SI","dataset_relacionado":"PILARES","revision_manual":"NO","motivo_revision":"","fuente":"Sistema de Información Cultural (SIC)"}},{"type":"Feature","geometry":{"type":"Point","coordinates":[-99.2422,19.27462]},"properties":{"id_cultural":"CENTRO_CULTURAL_3747","id_sic":"3747","tipo_cultural":"CENTRO_CULTURAL","nombre":"PILARES Chichicaspatl II","fecha_fundacion":"2024-11-15","adscripcion_original":"Gobierno de la Ciudad de México","tipo_gestion":"PUBLICO","criterio_clasificacion":"EVIDENCIA_INSTITUCIONAL_PUBLICA","fuente_revision_gestion":"","nota_revision_gestion":"","estado_id":"9","entidad":"Ciudad de México","municipio_id":"12","municipio":"Tlalpan","localidad_id":"379","localidad":"Paraje el Negro","calle_numero":"Chancenote 19-11","colonia":"Col. Chichicaspatl","cp":"14108.0","telefono":"55 5134 0770 ext 1806","pagina_web":"https://pilares.cdmx.gob.mx/","email":"coord_comunicacion@pilares.cdmx.gob.mx","facebook":"","twitter":"","instagram":"","aforo":"","tipo_escenario":"","num_pantallas":"","link_sic":"http://sic.gob.mx/ficha.php?table=centro_cultural&table_id=3747","fecha_modificacion":"2025-08-29 11:37:23-06","es_pilares":"SI","dataset_relacionado":"PILARES","revision_manual":"NO","motivo_revision":"","fuente":"Sistema de Información Cultural (SIC)"}},{"type":"Feature","geometry":{"type":"Point","coordinates":[-99.23827,19.27132]},"properties":{"id_cultural":"CENTRO_CULTURAL_3610","id_sic":"3610","tipo_cultural":"CENTRO_CULTURAL","nombre":"PILARES Bosques","fecha_fundacion":"2021-09-27","adscripcion_original":"Gobierno de la Ciudad de México","tipo_gestion":"PUBLICO","criterio_clasificacion":"EVIDENCIA_INSTITUCIONAL_PUBLICA","fuente_revision_gestion":"","nota_revision_gestion":"","estado_id":"9","entidad":"Ciudad de México","municipio_id":"12","municipio":"Tlalpan","localidad_id":"429","localidad":"El Resumidero","calle_numero":"Sabino LT. 1 Mz. 178","colonia":"Col. Bosques de Pedregal","cp":"14738.0","telefono":"55 5134 0770 ext 1806","pagina_web":"https://pilares.cdmx.gob.mx/pilares/1648/bosques","email":"coord_comunicacion@pilares.cdmx.gob.mx","facebook":"","twitter":"","instagram":"","aforo":"","tipo_escenario":"","num_pantallas":"","link_sic":"http://sic.gob.mx/ficha.php?table=centro_cultural&table_id=3610","fecha_modificacion":"2024-06-21 11:32:15-06","es_pilares":"SI","dataset_relacionado":"PILARES","revision_manual":"NO","motivo_revision":"","fuente":"Sistema de Información Cultural (SIC)"}},{"type":"Feature","geometry":{"type":"Point","coordinates":[-99.22686,19.26737]},"properties":{"id_cultural":"CENTRO_CULTURAL_3609","id_sic":"3609","tipo_cultural":"CENTRO_CULTURAL","nombre":"PILARES Belvedere","fecha_fundacion":"1000-01-01","adscripcion_original":"Secretaría de Cultura de la Ciudad de México","tipo_gestion":"PUBLICO","criterio_clasificacion":"EVIDENCIA_INSTITUCIONAL_PUBLICA","fuente_revision_gestion":"","nota_revision_gestion":"","estado_id":"9","entidad":"Ciudad de México","municipio_id":"12","municipio":"Tlalpan","localidad_id":"429","localidad":"El Resumidero","calle_numero":"Peloponeso 111","colonia":"Col.  Belvedere Ajusco","cp":"14720.0","telefono":"55 5134 0770 ext 1806","pagina_web":"https://pilares.cdmx.gob.mx/","email":"coord_comunicacion@pilares.cdmx.gob.mx","facebook":"","twitter":"","instagram":"","aforo":"","tipo_escenario":"","num_pantallas":"","link_sic":"http://sic.gob.mx/ficha.php?table=centro_cultural&table_id=3609","fecha_modificacion":"2024-06-11 11:19:06-06","es_pilares":"SI","dataset_relacionado":"PILARES","revision_manual":"NO","motivo_revision":"","fuente":"Sistema de Información Cultural (SIC)"}},{"type":"Feature","geometry":{"type":"Point","coordinates":[-99.22702,19.29896]},"properties":{"id_cultural":"CENTRO_CULTURAL_3761","id_sic":"3761","tipo_cultural":"CENTRO_CULTURAL","nombre":"PILARES Framboyanes","fecha_fundacion":"1000-01-01","adscripcion_original":"Secretaría de Cultura de la Ciudad de México","tipo_gestion":"PUBLICO","criterio_clasificacion":"EVIDENCIA_INSTITUCIONAL_PUBLICA","fuente_revision_gestion":"","nota_revision_gestion":"","estado_id":"9","entidad":"Ciudad de México","municipio_id":"12","municipio":"Tlalpan","localidad_id":"429","localidad":"El Resumidero","calle_numero":"Balancan s/n","colonia":"Col. Lomas del Pedregal","cp":"14150.0","telefono":"55 5134 0770 ext 1806","pagina_web":"https://pilares.cdmx.gob.mx/","email":"coord_comunicacion@pilares.cdmx.gob.mx","facebook":"","twitter":"","instagram":"","aforo":"","tipo_escenario":"","num_pantallas":"","link_sic":"http://sic.gob.mx/ficha.php?table=centro_cultural&table_id=3761","fecha_modificacion":"2024-06-10 09:21:11-06","es_pilares":"SI","dataset_relacionado":"PILARES","revision_manual":"NO","motivo_revision":"","fuente":"Sistema de Información Cultural (SIC)"}},{"type":"Feature","geometry":{"type":"Point","coordinates":[-99.23003,19.29118]},"properties":{"id_cultural":"CENTRO_CULTURAL_3703","id_sic":"3703","tipo_cultural":"CENTRO_CULTURAL","nombre":"PILARES Lomas de Padierna-San Nicolás","fecha_fundacion":"2023-01-01","adscripcion_original":"Gobierno de la Ciudad de México","tipo_gestion":"PUBLICO","criterio_clasificacion":"EVIDENCIA_INSTITUCIONAL_PUBLICA","fuente_revision_gestion":"","nota_revision_gestion":"","estado_id":"9","entidad":"Ciudad de México","municipio_id":"12","municipio":"Tlalpan","localidad_id":"429","localidad":"El Resumidero","calle_numero":"Chicoasen s/n","colonia":"Lomas de Padierna","cp":"14240.0","telefono":"55 5134 0770 ext 1806","pagina_web":"https://pilares.cdmx.gob.mx/","email":"coord_comunicacion@pilares.cdmx.gob.mx","facebook":"","twitter":"","instagram":"","aforo":"","tipo_escenario":"","num_pantallas":"","link_sic":"http://sic.gob.mx/ficha.php?table=centro_cultural&table_id=3703","fecha_modificacion":"2025-10-30 16:03:52-06","es_pilares":"SI","dataset_relacionado":"PILARES","revision_manual":"NO","motivo_revision":"","fuente":"Sistema de Información Cultural (SIC)"}},{"type":"Feature","geometry":{"type":"Point","coordinates":[-99.23359,19.27232]},"properties":{"id_cultural":"CENTRO_CULTURAL_3707","id_sic":"3707","tipo_cultural":"CENTRO_CULTURAL","nombre":"PILARES Lomas de Cuilotepec","fecha_fundacion":"1000-01-01","adscripcion_original":"Gobierno de la Ciudad de México","tipo_gestion":"PUBLICO","criterio_clasificacion":"EVIDENCIA_INSTITUCIONAL_PUBLICA","fuente_revision_gestion":"","nota_revision_gestion":"","estado_id":"9","entidad":"Ciudad de México","municipio_id":"12","municipio":"Tlalpan","localidad_id":"429","localidad":"El Resumidero","calle_numero":"Ejidal 23","colonia":"Col. Lomas de Cuilotepec","cp":"14730.0","telefono":"55 5134 0770 ext 1806","pagina_web":"https://pilares.cdmx.gob.mx/","email":"coord_comunicacion@pilares.cdmx.gob.mx","facebook":"","twitter":"","instagram":"","aforo":"","tipo_escenario":"","num_pantallas":"","link_sic":"http://sic.gob.mx/ficha.php?table=centro_cultural&table_id=3707","fecha_modificacion":"2024-06-25 14:41:34-06","es_pilares":"SI","dataset_relacionado":"PILARES","revision_manual":"NO","motivo_revision":"","fuente":"Sistema de Información Cultural (SIC)"}},{"type":"Feature","geometry":{"type":"Point","coordinates":[-99.21619,19.27642]},"properties":{"id_cultural":"CENTRO_CULTURAL_3542","id_sic":"3542","tipo_cultural":"CENTRO_CULTURAL","nombre":"PILARES Cuchilla de Padierna","fecha_fundacion":"2019-11-07","adscripcion_original":"Gobierno de la Ciudad de México","tipo_gestion":"PUBLICO","criterio_clasificacion":"EVIDENCIA_INSTITUCIONAL_PUBLICA","fuente_revision_gestion":"","nota_revision_gestion":"","estado_id":"9","entidad":"Ciudad de México","municipio_id":"12","municipio":"Tlalpan","localidad_id":"429","localidad":"El Resumidero","calle_numero":"Chacmultún Lt 1, Mz 10","colonia":"Col. Cuchilla de Padierna","cp":"14220.0","telefono":"55 5134 0770 ext 1806","pagina_web":"https://pilares.cdmx.gob.mx/","email":"coord_comunicacion@pilares.cdmx.gob.mx","facebook":"","twitter":"","instagram":"","aforo":"","tipo_escenario":"","num_pantallas":"","link_sic":"http://sic.gob.mx/ficha.php?table=centro_cultural&table_id=3542","fecha_modificacion":"2024-07-01 14:49:16-06","es_pilares":"SI","dataset_relacionado":"PILARES","revision_manual":"NO","motivo_revision":"","fuente":"Sistema de Información Cultural (SIC)"}},{"type":"Feature","geometry":{"type":"Point","coordinates":[-99.21641,19.28943]},"properties":{"id_cultural":"CENTRO_CULTURAL_3501","id_sic":"3501","tipo_cultural":"CENTRO_CULTURAL","nombre":"PILARES Tizimín","fecha_fundacion":"2019-07-31","adscripcion_original":"Secretaría de Cultura de la Ciudad de México","tipo_gestion":"PUBLICO","criterio_clasificacion":"EVIDENCIA_INSTITUCIONAL_PUBLICA","fuente_revision_gestion":"","nota_revision_gestion":"","estado_id":"9","entidad":"Ciudad de México","municipio_id":"12","municipio":"Tlalpan","localidad_id":"429","localidad":"El Resumidero","calle_numero":"Tizimin 102","colonia":"Col. Héroes de Padierna","cp":"14200.0","telefono":"55 5134 0770 ext 1806","pagina_web":"https://pilares.cdmx.gob.mx/","email":"coord_comunicacion@pilares.cdmx.gob.mx","facebook":"","twitter":"","instagram":"","aforo":"","tipo_escenario":"","num_pantallas":"","link_sic":"http://sic.gob.mx/ficha.php?table=centro_cultural&table_id=3501","fecha_modificacion":"2025-07-17 16:33:28-06","es_pilares":"SI","dataset_relacionado":"PILARES","revision_manual":"NO","motivo_revision":"","fuente":"Sistema de Información Cultural (SIC)"}},{"type":"Feature","geometry":{"type":"Point","coordinates":[-99.10468,19.26261]},"properties":{"id_cultural":"CENTRO_CULTURAL_962","id_sic":"962","tipo_cultural":"CENTRO_CULTURAL","nombre":"Casa del Arte Xochimilco","fecha_fundacion":"1984-07-19","adscripcion_original":"Alcaldía Xochimilco/Dirección de Servicio Culturales, Recreativo y Deportivos","tipo_gestion":"PUBLICO","criterio_clasificacion":"EVIDENCIA_INSTITUCIONAL_PUBLICA","fuente_revision_gestion":"","nota_revision_gestion":"","estado_id":"9","entidad":"Ciudad de México","municipio_id":"13","municipio":"Xochimilco","localidad_id":"1","localidad":"Xochimilco","calle_numero":"Av. José Ma. Morelos 7","colonia":"Barrio El Rosario","cp":"16070.0","telefono":"55 5676 0820","pagina_web":"https://mexicocity.cdmx.gob.mx/venues/casa-arte-xochimilco/?lang=es","email":"casadelarte_xochimilco@hotmail.com; dirculturalesrecreativosdeportivos@xochimilco.cdmx.gob.mx","facebook":"","twitter":"","instagram":"","aforo":"","tipo_escenario":"","num_pantallas":"","link_sic":"http://sic.gob.mx/ficha.php?table=centro_cultural&table_id=962","fecha_modificacion":"2025-03-28 13:16:40-06","es_pilares":"NO","dataset_relacionado":"","revision_manual":"NO","motivo_revision":"","fuente":"Sistema de Información Cultural (SIC)"}},{"type":"Feature","geometry":{"type":"Point","coordinates":[-99.11862,19.27571]},"properties":{"id_cultural":"CENTRO_CULTURAL_3713","id_sic":"3713","tipo_cultural":"CENTRO_CULTURAL","nombre":"PILARES Muyuguarda","fecha_fundacion":"1000-01-01","adscripcion_original":"Gobierno de la Ciudad de México","tipo_gestion":"PUBLICO","criterio_clasificacion":"EVIDENCIA_INSTITUCIONAL_PUBLICA","fuente_revision_gestion":"","nota_revision_gestion":"","estado_id":"9","entidad":"Ciudad de México","municipio_id":"13","municipio":"Xochimilco","localidad_id":"1","localidad":"Xochimilco","calle_numero":"Camino a La Ciénega s/n","colonia":"Barrio 18","cp":"16034.0","telefono":"55 5134 0770 ext 1806","pagina_web":"https://pilares.cdmx.gob.mx/","email":"coord_comunicacion@pilares.cdmx.gob.mx","facebook":"","twitter":"","instagram":"","aforo":"","tipo_escenario":"","num_pantallas":"","link_sic":"http://sic.gob.mx/ficha.php?table=centro_cultural&table_id=3713","fecha_modificacion":"2024-06-05 13:44:16-06","es_pilares":"SI","dataset_relacionado":"PILARES","revision_manual":"NO","motivo_revision":"","fuente":"Sistema de Información Cultural (SIC)"}},{"type":"Feature","geometry":{"type":"Point","coordinates":[-99.10494,19.26365]},"properties":{"id_cultural":"CENTRO_CULTURAL_796","id_sic":"796","tipo_cultural":"CENTRO_CULTURAL","nombre":"Foro Cultural Quetzalcóatl","fecha_fundacion":"1969-01-01","adscripcion_original":"Alcaldía Xochimilco","tipo_gestion":"PUBLICO","criterio_clasificacion":"EVIDENCIA_INSTITUCIONAL_PUBLICA","fuente_revision_gestion":"","nota_revision_gestion":"","estado_id":"9","entidad":"Ciudad de México","municipio_id":"13","municipio":"Xochimilco","localidad_id":"1","localidad":"Xochimilco","calle_numero":"Guadalupe I. Ramírez 4","colonia":"Barrio El Rosario","cp":"16090.0","telefono":"(55) 5334 06 00 ext. 3629","pagina_web":"https://www.facebook.com/pages/Foro-Cultural-Quetzalcoatl/1450692555172717","email":"","facebook":"","twitter":"","instagram":"","aforo":"","tipo_escenario":"","num_pantallas":"","link_sic":"http://sic.gob.mx/ficha.php?table=centro_cultural&table_id=796","fecha_modificacion":"2019-11-27 04:46:40-06","es_pilares":"NO","dataset_relacionado":"","revision_manual":"NO","motivo_revision":"","fuente":"Sistema de Información Cultural (SIC)"}},{"type":"Feature","geometry":{"type":"Point","coordinates":[-99.11937,19.23198]},"properties":{"id_cultural":"CENTRO_CULTURAL_1541","id_sic":"1541","tipo_cultural":"CENTRO_CULTURAL","nombre":"Casa de Cultura de San Mateo Xalpa","fecha_fundacion":"1986-11-26","adscripcion_original":"Alcaldía Xochimilco/Dirección de Servicio Culturales, Recreativo y Deportivos","tipo_gestion":"PUBLICO","criterio_clasificacion":"EVIDENCIA_INSTITUCIONAL_PUBLICA","fuente_revision_gestion":"","nota_revision_gestion":"","estado_id":"9","entidad":"Ciudad de México","municipio_id":"13","municipio":"Xochimilco","localidad_id":"1","localidad":"Xochimilco","calle_numero":"Av. Miguel Hidalgo 75","colonia":"Pueblo de San Mateo Xalpa","cp":"16800.0","telefono":"55 2156 1914","pagina_web":"http://www.xochimilco.cdmx.gob.mx/","email":"dirculturalesrecreativosdeportivos@xochimilco.cdmx.gob.mx","facebook":"","twitter":"","instagram":"","aforo":"","tipo_escenario":"","num_pantallas":"","link_sic":"http://sic.gob.mx/ficha.php?table=centro_cultural&table_id=1541","fecha_modificacion":"2026-06-16 12:24:59-06","es_pilares":"NO","dataset_relacionado":"","revision_manual":"NO","motivo_revision":"","fuente":"Sistema de Información Cultural (SIC)"}},{"type":"Feature","geometry":{"type":"Point","coordinates":[-99.11168,19.27003]},"properties":{"id_cultural":"CENTRO_CULTURAL_3717","id_sic":"3717","tipo_cultural":"CENTRO_CULTURAL","nombre":"PILARES San Marcos","fecha_fundacion":"1000-01-01","adscripcion_original":"Gobierno de la Ciudad de México","tipo_gestion":"PUBLICO","criterio_clasificacion":"EVIDENCIA_INSTITUCIONAL_PUBLICA","fuente_revision_gestion":"","nota_revision_gestion":"","estado_id":"9","entidad":"Ciudad de México","municipio_id":"13","municipio":"Xochimilco","localidad_id":"1","localidad":"Xochimilco","calle_numero":"Olmos 135","colonia":"Col. Amp. San Marcos Norte","cp":"16038.0","telefono":"55 5134 0770 ext 1806","pagina_web":"https://pilares.cdmx.gob.mx/","email":"coord_comunicacion@pilares.cdmx.gob.mx","facebook":"","twitter":"","instagram":"","aforo":"","tipo_escenario":"","num_pantallas":"","link_sic":"http://sic.gob.mx/ficha.php?table=centro_cultural&table_id=3717","fecha_modificacion":"2024-06-21 12:18:35-06","es_pilares":"SI","dataset_relacionado":"PILARES","revision_manual":"NO","motivo_revision":"","fuente":"Sistema de Información Cultural (SIC)"}},{"type":"Feature","geometry":{"type":"Point","coordinates":[-99.10472,19.26346]},"properties":{"id_cultural":"CENTRO_CULTURAL_3414","id_sic":"3414","tipo_cultural":"CENTRO_CULTURAL","nombre":"Casa de Cultura Juan Badiano","fecha_fundacion":"2006-01-01","adscripcion_original":"Alcaldía Xochimilco/Dirección de Servicio Culturales, Recreativo y Deportivos","tipo_gestion":"PUBLICO","criterio_clasificacion":"EVIDENCIA_INSTITUCIONAL_PUBLICA","fuente_revision_gestion":"","nota_revision_gestion":"","estado_id":"9","entidad":"Ciudad de México","municipio_id":"13","municipio":"Xochimilco","localidad_id":"1","localidad":"Xochimilco","calle_numero":"Av. de las Torres s/n","colonia":"Col. Ampl. Tepepan, localidad La Noria","cp":"16030.0","telefono":"55 8936 9151","pagina_web":"http://www.xochimilco.cdmx.gob.mx","email":"dirculturalesrecreativosdeportivos@xochimilco.cdmx.gob.mx; dgibs@xochimilco.cdmx.gob.mx","facebook":"","twitter":"","instagram":"","aforo":"","tipo_escenario":"","num_pantallas":"","link_sic":"http://sic.gob.mx/ficha.php?table=centro_cultural&table_id=3414","fecha_modificacion":"2026-06-12 12:21:55-06","es_pilares":"NO","dataset_relacionado":"","revision_manual":"NO","motivo_revision":"","fuente":"Sistema de Información Cultural (SIC)"}},{"type":"Feature","geometry":{"type":"Point","coordinates":[-99.10026,19.2685]},"properties":{"id_cultural":"CENTRO_CULTURAL_3714","id_sic":"3714","tipo_cultural":"CENTRO_CULTURAL","nombre":"PILARES Bodoquepa","fecha_fundacion":"2022-01-01","adscripcion_original":"Secretaría de Cultura de la Ciudad de México","tipo_gestion":"PUBLICO","criterio_clasificacion":"EVIDENCIA_INSTITUCIONAL_PUBLICA","fuente_revision_gestion":"","nota_revision_gestion":"","estado_id":"9","entidad":"Ciudad de México","municipio_id":"13","municipio":"Xochimilco","localidad_id":"1","localidad":"Xochimilco","calle_numero":"Segundo Callejón Bodoquepa 69","colonia":"Col. La Asunción","cp":"16040.0","telefono":"55 5134 0770 ext 1806","pagina_web":"https://pilares.cdmx.gob.mx/","email":"coord_comunicacion@pilares.cdmx.gob.mx","facebook":"","twitter":"","instagram":"","aforo":"","tipo_escenario":"","num_pantallas":"","link_sic":"http://sic.gob.mx/ficha.php?table=centro_cultural&table_id=3714","fecha_modificacion":"2025-06-19 17:05:12-06","es_pilares":"SI","dataset_relacionado":"PILARES","revision_manual":"NO","motivo_revision":"","fuente":"Sistema de Información Cultural (SIC)"}},{"type":"Feature","geometry":{"type":"Point","coordinates":[-99.0936,19.24808]},"properties":{"id_cultural":"CENTRO_CULTURAL_3742","id_sic":"3742","tipo_cultural":"CENTRO_CULTURAL","nombre":"PILARES Nativitas","fecha_fundacion":"1000-01-01","adscripcion_original":"Gobierno de la Ciudad de México","tipo_gestion":"PUBLICO","criterio_clasificacion":"EVIDENCIA_INSTITUCIONAL_PUBLICA","fuente_revision_gestion":"","nota_revision_gestion":"","estado_id":"9","entidad":"Ciudad de México","municipio_id":"13","municipio":"Xochimilco","localidad_id":"1","localidad":"Xochimilco","calle_numero":"Zacapa 10","colonia":"Col. Xaltocan","cp":"16450.0","telefono":"55 5134 0770 ext 1806","pagina_web":"https://pilares.cdmx.gob.mx/","email":"coord_comunicacion@pilares.cdmx.gob.mx","facebook":"","twitter":"","instagram":"","aforo":"","tipo_escenario":"","num_pantallas":"","link_sic":"http://sic.gob.mx/ficha.php?table=centro_cultural&table_id=3742","fecha_modificacion":"2024-06-26 12:12:18-06","es_pilares":"SI","dataset_relacionado":"PILARES","revision_manual":"NO","motivo_revision":"","fuente":"Sistema de Información Cultural (SIC)"}},{"type":"Feature","geometry":{"type":"Point","coordinates":[-99.13446,19.27484]},"properties":{"id_cultural":"CENTRO_CULTURAL_1515","id_sic":"1515","tipo_cultural":"CENTRO_CULTURAL","nombre":"Casa de la Cultura Luis Spota","fecha_fundacion":"1976-01-15","adscripcion_original":"Alcaldía Xochimilco/Dirección de Servicio Culturales, Recreativo y Deportivos","tipo_gestion":"PUBLICO","criterio_clasificacion":"EVIDENCIA_INSTITUCIONAL_PUBLICA","fuente_revision_gestion":"","nota_revision_gestion":"","estado_id":"9","entidad":"Ciudad de México","municipio_id":"13","municipio":"Xochimilco","localidad_id":"1","localidad":"Xochimilco","calle_numero":"Joya  7","colonia":"Pueblo de Santa María Tepepan","cp":"16020.0","telefono":"55 8926 4723","pagina_web":"http://www.xochimilco.cdmx.gob.mx/","email":"dirculturalesrecreativosdeportivos@xochimilco.cdmx.gob.mx; dgibs@xochimilco.cdmx.gob.mx","facebook":"","twitter":"","instagram":"","aforo":"","tipo_escenario":"","num_pantallas":"","link_sic":"http://sic.gob.mx/ficha.php?table=centro_cultural&table_id=1515","fecha_modificacion":"2026-06-12 13:15:13-06","es_pilares":"NO","dataset_relacionado":"","revision_manual":"NO","motivo_revision":"","fuente":"Sistema de Información Cultural (SIC)"}},{"type":"Feature","geometry":{"type":"Point","coordinates":[-99.11427,19.24434]},"properties":{"id_cultural":"CENTRO_CULTURAL_3490","id_sic":"3490","tipo_cultural":"CENTRO_CULTURAL","nombre":"PILARES San Lucas Xochimanca","fecha_fundacion":"2019-05-26","adscripcion_original":"Gobierno de la Ciudad de México","tipo_gestion":"PUBLICO","criterio_clasificacion":"EVIDENCIA_INSTITUCIONAL_PUBLICA","fuente_revision_gestion":"","nota_revision_gestion":"","estado_id":"9","entidad":"Ciudad de México","municipio_id":"13","municipio":"Xochimilco","localidad_id":"1","localidad":"Xochimilco","calle_numero":"Av. Acueducto s/n","colonia":"Col. San Lucas Xochimanca","cp":"16300.0","telefono":"55 5134 0770 ext 1806","pagina_web":"https://pilares.cdmx.gob.mx/","email":"coord_comunicacion@pilares.cdmx.gob.mx","facebook":"","twitter":"","instagram":"","aforo":"","tipo_escenario":"","num_pantallas":"","link_sic":"http://sic.gob.mx/ficha.php?table=centro_cultural&table_id=3490","fecha_modificacion":"2024-06-10 17:34:17-06","es_pilares":"SI","dataset_relacionado":"PILARES","revision_manual":"NO","motivo_revision":"","fuente":"Sistema de Información Cultural (SIC)"}},{"type":"Feature","geometry":{"type":"Point","coordinates":[-99.10673,19.25565]},"properties":{"id_cultural":"CENTRO_CULTURAL_3715","id_sic":"3715","tipo_cultural":"CENTRO_CULTURAL","nombre":"PILARES Deportivo Xochimilco","fecha_fundacion":"2023-07-09","adscripcion_original":"Gobierno de la Ciudad de México","tipo_gestion":"PUBLICO","criterio_clasificacion":"EVIDENCIA_INSTITUCIONAL_PUBLICA","fuente_revision_gestion":"","nota_revision_gestion":"","estado_id":"9","entidad":"Ciudad de México","municipio_id":"13","municipio":"Xochimilco","localidad_id":"1","localidad":"Xochimilco","calle_numero":"Calle Francisco Goitia s/n","colonia":"Col. Barrio San Pedro","cp":"16090.0","telefono":"55 5134 0770 ext 1806","pagina_web":"https://pilares.cdmx.gob.mx/pilares/1753/deportivo-xochimilco","email":"coord_comunicacion@pilares.cdmx.gob.mx","facebook":"","twitter":"","instagram":"","aforo":"","tipo_escenario":"","num_pantallas":"","link_sic":"http://sic.gob.mx/ficha.php?table=centro_cultural&table_id=3715","fecha_modificacion":"2025-09-04 16:52:42-06","es_pilares":"SI","dataset_relacionado":"PILARES","revision_manual":"NO","motivo_revision":"","fuente":"Sistema de Información Cultural (SIC)"}},{"type":"Feature","geometry":{"type":"Point","coordinates":[-99.12768,19.24789]},"properties":{"id_cultural":"CENTRO_CULTURAL_2159","id_sic":"2159","tipo_cultural":"CENTRO_CULTURAL","nombre":"Conjunto Cultural Tepalcatlalpan","fecha_fundacion":"2008-09-09","adscripcion_original":"Alcaldía Xochimilco/Dirección de Servicio Culturales, Recreativo y Deportivos","tipo_gestion":"PUBLICO","criterio_clasificacion":"EVIDENCIA_INSTITUCIONAL_PUBLICA","fuente_revision_gestion":"","nota_revision_gestion":"","estado_id":"9","entidad":"Ciudad de México","municipio_id":"13","municipio":"Xochimilco","localidad_id":"1","localidad":"Xochimilco","calle_numero":"Xacatitla 28","colonia":"Pueblo de Santiago Tepalcatlalpan","cp":"16200.0","telefono":"55 5489 6148","pagina_web":"https://www.facebook.com/Conjunto-cultural-tepalcatlalpan-1501661066820100/","email":"culturatepalcatlalpan@gmail.com","facebook":"","twitter":"","instagram":"","aforo":"","tipo_escenario":"","num_pantallas":"","link_sic":"http://sic.gob.mx/ficha.php?table=centro_cultural&table_id=2159","fecha_modificacion":"2025-03-31 12:14:44-06","es_pilares":"NO","dataset_relacionado":"","revision_manual":"NO","motivo_revision":"","fuente":"Sistema de Información Cultural (SIC)"}},{"type":"Feature","geometry":{"type":"Point","coordinates":[-99.10472,19.26346]},"properties":{"id_cultural":"CENTRO_CULTURAL_3995","id_sic":"3995","tipo_cultural":"CENTRO_CULTURAL","nombre":"Casa Del Arte De Xochimilco","fecha_fundacion":"1984-07-17","adscripcion_original":"Alcaldía Xochimilco","tipo_gestion":"PUBLICO","criterio_clasificacion":"EVIDENCIA_INSTITUCIONAL_PUBLICA","fuente_revision_gestion":"","nota_revision_gestion":"","estado_id":"9","entidad":"Ciudad de México","municipio_id":"13","municipio":"Xochimilco","localidad_id":"1","localidad":"Xochimilco","calle_numero":"Morelos 7","colonia":"Barrio El Rosal","cp":"16070.0","telefono":"55 5676 4869","pagina_web":"","email":"","facebook":"","twitter":"","instagram":"","aforo":"","tipo_escenario":"","num_pantallas":"","link_sic":"http://sic.gob.mx/ficha.php?table=centro_cultural&table_id=3995","fecha_modificacion":"2026-06-16 13:48:17-06","es_pilares":"NO","dataset_relacionado":"","revision_manual":"NO","motivo_revision":"","fuente":"Sistema de Información Cultural (SIC)"}},{"type":"Feature","geometry":{"type":"Point","coordinates":[-99.10821,19.22237]},"properties":{"id_cultural":"CENTRO_CULTURAL_3992","id_sic":"3992","tipo_cultural":"CENTRO_CULTURAL","nombre":"Casa de Cultura San Andrés Ahuayucan","fecha_fundacion":"2013-05-22","adscripcion_original":"Alcaldía Xochimilco/Dirección de Servicio Culturales, Recreativo y Deportivos","tipo_gestion":"PUBLICO","criterio_clasificacion":"EVIDENCIA_INSTITUCIONAL_PUBLICA","fuente_revision_gestion":"","nota_revision_gestion":"","estado_id":"9","entidad":"Ciudad de México","municipio_id":"13","municipio":"Xochimilco","localidad_id":"1","localidad":"Xochimilco","calle_numero":"Av. Juárez s/n","colonia":"Pueblo San Andrés Ahuayucan","cp":"16810.0","telefono":"55 5489 7614","pagina_web":"http://www.xochimilco.cdmx.gob.mx","email":"dirculturalesrecreativosdeportivos@xochimilco.cdmx.gob.mx; dgibs@xochimilco.cdmx.gob.mx","facebook":"","twitter":"","instagram":"","aforo":"","tipo_escenario":"","num_pantallas":"","link_sic":"http://sic.gob.mx/ficha.php?table=centro_cultural&table_id=3992","fecha_modificacion":"2026-06-16 09:06:06-06","es_pilares":"NO","dataset_relacionado":"","revision_manual":"NO","motivo_revision":"","fuente":"Sistema de Información Cultural (SIC)"}},{"type":"Feature","geometry":{"type":"Point","coordinates":[-99.09323,19.24141]},"properties":{"id_cultural":"CENTRO_CULTURAL_3994","id_sic":"3994","tipo_cultural":"CENTRO_CULTURAL","nombre":"Casa de cultura Xochicalli Tlacama","fecha_fundacion":"2015-10-01","adscripcion_original":"Alcaldía Xochimilco","tipo_gestion":"PUBLICO","criterio_clasificacion":"EVIDENCIA_INSTITUCIONAL_PUBLICA","fuente_revision_gestion":"","nota_revision_gestion":"","estado_id":"9","entidad":"Ciudad de México","municipio_id":"13","municipio":"Xochimilco","localidad_id":"1","localidad":"Xochimilco","calle_numero":"Benito Juárez 54","colonia":"Col. Santa María Nativitas","cp":"16450.0","telefono":"","pagina_web":"","email":"","facebook":"","twitter":"","instagram":"","aforo":"","tipo_escenario":"","num_pantallas":"","link_sic":"http://sic.gob.mx/ficha.php?table=centro_cultural&table_id=3994","fecha_modificacion":"2026-06-16 13:27:42-06","es_pilares":"NO","dataset_relacionado":"","revision_manual":"NO","motivo_revision":"","fuente":"Sistema de Información Cultural (SIC)"}},{"type":"Feature","geometry":{"type":"Point","coordinates":[-99.10472,19.26346]},"properties":{"id_cultural":"CENTRO_CULTURAL_3413","id_sic":"3413","tipo_cultural":"CENTRO_CULTURAL","nombre":"Casa de Cultura San Gregorio A la orilla del agua","fecha_fundacion":"2008-01-01","adscripcion_original":"Alcaldía Xochimilco/Dirección de Servicio Culturales, Recreativo y Deportivos","tipo_gestion":"PUBLICO","criterio_clasificacion":"EVIDENCIA_INSTITUCIONAL_PUBLICA","fuente_revision_gestion":"","nota_revision_gestion":"","estado_id":"9","entidad":"Ciudad de México","municipio_id":"13","municipio":"Xochimilco","localidad_id":"1","localidad":"Xochimilco","calle_numero":"Av. Cuautémoc s/n","colonia":"Col. Atenco, localidad San Gregorio Atlapulco","cp":"16600.0","telefono":"55 8939 1862","pagina_web":"http://www.xochimilco.cdmx.gob.mx/","email":"casadeculturasgregorio@gmail.com","facebook":"","twitter":"","instagram":"","aforo":"","tipo_escenario":"","num_pantallas":"","link_sic":"http://sic.gob.mx/ficha.php?table=centro_cultural&table_id=3413","fecha_modificacion":"2026-06-16 11:21:01-06","es_pilares":"NO","dataset_relacionado":"","revision_manual":"NO","motivo_revision":"","fuente":"Sistema de Información Cultural (SIC)"}},{"type":"Feature","geometry":{"type":"Point","coordinates":[-99.09931,19.21596]},"properties":{"id_cultural":"CENTRO_CULTURAL_1543","id_sic":"1543","tipo_cultural":"CENTRO_CULTURAL","nombre":"Casa de Cultura Santa Cecilia Tepetlapa","fecha_fundacion":"1000-01-01","adscripcion_original":"Alcaldía Xochimilco","tipo_gestion":"PUBLICO","criterio_clasificacion":"EVIDENCIA_INSTITUCIONAL_PUBLICA","fuente_revision_gestion":"","nota_revision_gestion":"","estado_id":"9","entidad":"Ciudad de México","municipio_id":"13","municipio":"Xochimilco","localidad_id":"1","localidad":"Xochimilco","calle_numero":"Francisco Sarabia s/n","colonia":"Santa Cecilia Tepetlapa","cp":"16880.0","telefono":"","pagina_web":"","email":"","facebook":"","twitter":"","instagram":"","aforo":"","tipo_escenario":"","num_pantallas":"","link_sic":"http://sic.gob.mx/ficha.php?table=centro_cultural&table_id=1543","fecha_modificacion":"2019-11-27 04:46:11-06","es_pilares":"NO","dataset_relacionado":"","revision_manual":"NO","motivo_revision":"","fuente":"Sistema de Información Cultural (SIC)"}},{"type":"Feature","geometry":{"type":"Point","coordinates":[-99.10592,19.25452]},"properties":{"id_cultural":"CENTRO_CULTURAL_3996","id_sic":"3996","tipo_cultural":"CENTRO_CULTURAL","nombre":"Conjunto Cultural Tepalcatlalpan","fecha_fundacion":"2008-08-25","adscripcion_original":"Alcaldía Xochimilco","tipo_gestion":"PUBLICO","criterio_clasificacion":"EVIDENCIA_INSTITUCIONAL_PUBLICA","fuente_revision_gestion":"","nota_revision_gestion":"","estado_id":"9","entidad":"Ciudad de México","municipio_id":"13","municipio":"Xochimilco","localidad_id":"1","localidad":"Xochimilco","calle_numero":"Camino a las canteras s/n","colonia":"Col. Pueblo Santiago Tepalcatlalpan","cp":"16200.0","telefono":"55 5489 6148","pagina_web":"","email":"","facebook":"","twitter":"","instagram":"","aforo":"","tipo_escenario":"","num_pantallas":"","link_sic":"http://sic.gob.mx/ficha.php?table=centro_cultural&table_id=3996","fecha_modificacion":"2026-06-16 14:28:13-06","es_pilares":"NO","dataset_relacionado":"","revision_manual":"NO","motivo_revision":"","fuente":"Sistema de Información Cultural (SIC)"}},{"type":"Feature","geometry":{"type":"Point","coordinates":[-99.1253,19.26632]},"properties":{"id_cultural":"CENTRO_CULTURAL_1544","id_sic":"1544","tipo_cultural":"CENTRO_CULTURAL","nombre":"Conjunto Cultural Carlos Pellicer","fecha_fundacion":"1984-06-09","adscripcion_original":"Alcaldía Xochimilco/Dirección de Servicio Culturales, Recreativo y Deportivos","tipo_gestion":"PUBLICO","criterio_clasificacion":"EVIDENCIA_INSTITUCIONAL_PUBLICA","fuente_revision_gestion":"","nota_revision_gestion":"","estado_id":"9","entidad":"Ciudad de México","municipio_id":"13","municipio":"Xochimilco","localidad_id":"1","localidad":"Xochimilco","calle_numero":"Av. México 5682","colonia":"Col. La Noria","cp":"16030.0","telefono":"55 8952 0546","pagina_web":"","email":"cccarlospellicer25gmail.com","facebook":"","twitter":"","instagram":"","aforo":"","tipo_escenario":"","num_pantallas":"","link_sic":"http://sic.gob.mx/ficha.php?table=centro_cultural&table_id=1544","fecha_modificacion":"2026-06-16 14:03:30-06","es_pilares":"NO","dataset_relacionado":"","revision_manual":"NO","motivo_revision":"","fuente":"Sistema de Información Cultural (SIC)"}},{"type":"Feature","geometry":{"type":"Point","coordinates":[-99.0115,19.25439]},"properties":{"id_cultural":"CENTRO_CULTURAL_3495","id_sic":"3495","tipo_cultural":"CENTRO_CULTURAL","nombre":"PILARES Santiago Tulyehualco","fecha_fundacion":"2019-01-01","adscripcion_original":"Gobierno de la Ciudad de México","tipo_gestion":"PUBLICO","criterio_clasificacion":"EVIDENCIA_INSTITUCIONAL_PUBLICA","fuente_revision_gestion":"","nota_revision_gestion":"","estado_id":"9","entidad":"Ciudad de México","municipio_id":"13","municipio":"Xochimilco","localidad_id":"118","localidad":"Barrio San Antonio (Cruz Monte)","calle_numero":"Peatonal Ignacio Zaragoza s/n","colonia":"Col. Santiago Tulyehualco","cp":"16750.0","telefono":"55 5134 0770 ext 1806","pagina_web":"https://pilares.cdmx.gob.mx/","email":"coord_comunicacion@pilares.cdmx.gob.mx","facebook":"","twitter":"","instagram":"","aforo":"","tipo_escenario":"","num_pantallas":"","link_sic":"http://sic.gob.mx/ficha.php?table=centro_cultural&table_id=3495","fecha_modificacion":"2025-06-30 18:07:57-06","es_pilares":"SI","dataset_relacionado":"PILARES","revision_manual":"NO","motivo_revision":"","fuente":"Sistema de Información Cultural (SIC)"}},{"type":"Feature","geometry":{"type":"Point","coordinates":[-99.07008,19.24694]},"properties":{"id_cultural":"CENTRO_CULTURAL_3616","id_sic":"3616","tipo_cultural":"CENTRO_CULTURAL","nombre":"PILARES Ahualapa","fecha_fundacion":"2020-01-01","adscripcion_original":"Secretaría de Cultura de la Ciudad de México","tipo_gestion":"PUBLICO","criterio_clasificacion":"EVIDENCIA_INSTITUCIONAL_PUBLICA","fuente_revision_gestion":"","nota_revision_gestion":"","estado_id":"9","entidad":"Ciudad de México","municipio_id":"13","municipio":"Xochimilco","localidad_id":"139","localidad":"Tlacualleli (El Calvario)","calle_numero":"Ahualapa s/n","colonia":"Col. Santa Cruz Acalpixca","cp":"16500.0","telefono":"55 5134 0770 ext 1806","pagina_web":"https://pilares.cdmx.gob.mx/","email":"coord_comunicacion@pilares.cdmx.gob.mx","facebook":"","twitter":"","instagram":"","aforo":"","tipo_escenario":"","num_pantallas":"","link_sic":"http://sic.gob.mx/ficha.php?table=centro_cultural&table_id=3616","fecha_modificacion":"2025-11-10 18:43:42-06","es_pilares":"SI","dataset_relacionado":"PILARES","revision_manual":"NO","motivo_revision":"","fuente":"Sistema de Información Cultural (SIC)"}},{"type":"Feature","geometry":{"type":"Point","coordinates":[-99.0771,19.29136]},"properties":{"id_cultural":"CENTRO_CULTURAL_3718","id_sic":"3718","tipo_cultural":"CENTRO_CULTURAL","nombre":"PILARES Vivero Neza","fecha_fundacion":"2024-08-18","adscripcion_original":"Gobierno de la Ciudad de México","tipo_gestion":"PUBLICO","criterio_clasificacion":"EVIDENCIA_INSTITUCIONAL_PUBLICA","fuente_revision_gestion":"","nota_revision_gestion":"","estado_id":"9","entidad":"Ciudad de México","municipio_id":"13","municipio":"Xochimilco","localidad_id":"172","localidad":"Paraje de la Ciénega","calle_numero":"Canal de Chalco s/n","colonia":"Ciénega Grande","cp":"16001.0","telefono":"55 5134 0770 ext 1806","pagina_web":"https://pilares.cdmx.gob.mx/","email":"coord_comunicacion@pilares.cdmx.gob.mx","facebook":"","twitter":"","instagram":"","aforo":"","tipo_escenario":"","num_pantallas":"","link_sic":"http://sic.gob.mx/ficha.php?table=centro_cultural&table_id=3718","fecha_modificacion":"2025-09-05 16:20:28-06","es_pilares":"SI","dataset_relacionado":"PILARES","revision_manual":"NO","motivo_revision":"","fuente":"Sistema de Información Cultural (SIC)"}},{"type":"Feature","geometry":{"type":"Point","coordinates":[-99.10887,19.22438]},"properties":{"id_cultural":"CENTRO_CULTURAL_3716","id_sic":"3716","tipo_cultural":"CENTRO_CULTURAL","nombre":"PILARES San Andrés Ahuayucan","fecha_fundacion":"1000-01-01","adscripcion_original":"Secretaría de Cultura de la Ciudad de México","tipo_gestion":"PUBLICO","criterio_clasificacion":"EVIDENCIA_INSTITUCIONAL_PUBLICA","fuente_revision_gestion":"","nota_revision_gestion":"","estado_id":"9","entidad":"Ciudad de México","municipio_id":"13","municipio":"Xochimilco","localidad_id":"184","localidad":"Atotle","calle_numero":"Carr. Xochimilco-San Pablo s/n","colonia":"Pueblo de San Andrés Ahuayucan","cp":"16810.0","telefono":"55 5134 0770 ext 1806","pagina_web":"https://pilares.cdmx.gob.mx/","email":"coord_comunicacion@pilares.cdmx.gob.mx","facebook":"","twitter":"","instagram":"","aforo":"","tipo_escenario":"","num_pantallas":"","link_sic":"http://sic.gob.mx/ficha.php?table=centro_cultural&table_id=3716","fecha_modificacion":"2024-06-10 07:54:14-06","es_pilares":"SI","dataset_relacionado":"PILARES","revision_manual":"NO","motivo_revision":"","fuente":"Sistema de Información Cultural (SIC)"}},{"type":"Feature","geometry":{"type":"Point","coordinates":[-99.09912,19.21627]},"properties":{"id_cultural":"CENTRO_CULTURAL_3491","id_sic":"3491","tipo_cultural":"CENTRO_CULTURAL","nombre":"PILARES Santa Cecilia","fecha_fundacion":"2019-07-06","adscripcion_original":"Secretaría de Cultura de la Ciudad de México","tipo_gestion":"PUBLICO","criterio_clasificacion":"EVIDENCIA_INSTITUCIONAL_PUBLICA","fuente_revision_gestion":"","nota_revision_gestion":"","estado_id":"9","entidad":"Ciudad de México","municipio_id":"13","municipio":"Xochimilco","localidad_id":"207","localidad":"Rancho la Flor","calle_numero":"Francisco Sarabia s/n","colonia":"Col. Santa Cecilia Tepetlapa","cp":"16880.0","telefono":"55 5134 0770 ext 1806","pagina_web":"https://pilares.cdmx.gob.mx/","email":"coord_comunicacion@pilares.cdmx.gob.mx","facebook":"","twitter":"","instagram":"","aforo":"","tipo_escenario":"","num_pantallas":"","link_sic":"http://sic.gob.mx/ficha.php?table=centro_cultural&table_id=3491","fecha_modificacion":"2025-09-01 16:12:53-06","es_pilares":"SI","dataset_relacionado":"PILARES","revision_manual":"NO","motivo_revision":"","fuente":"Sistema de Información Cultural (SIC)"}},{"type":"Feature","geometry":{"type":"Point","coordinates":[-99.06082,19.25637]},"properties":{"id_cultural":"CENTRO_CULTURAL_3487","id_sic":"3487","tipo_cultural":"CENTRO_CULTURAL","nombre":"PILARES San Gregorio Atlapulco","fecha_fundacion":"2019-04-26","adscripcion_original":"Gobierno de la Ciudad de México","tipo_gestion":"PUBLICO","criterio_clasificacion":"EVIDENCIA_INSTITUCIONAL_PUBLICA","fuente_revision_gestion":"","nota_revision_gestion":"","estado_id":"9","entidad":"Ciudad de México","municipio_id":"13","municipio":"Xochimilco","localidad_id":"243","localidad":"Naxayopa","calle_numero":"Prol. Agustín Melgar s/n","colonia":"Col. San Gregorio Atlapulco","cp":"16600.0","telefono":"55 5134 0770 ext 1806","pagina_web":"https://mexicogob.com/escuelas/pilares-atlapulco-escuela-ciudad-de-mexico-ciudad-de-mexico-mexico/","email":"coord_comunicacion@pilares.cdmx.gob.mx","facebook":"","twitter":"","instagram":"","aforo":"","tipo_escenario":"","num_pantallas":"","link_sic":"http://sic.gob.mx/ficha.php?table=centro_cultural&table_id=3487","fecha_modificacion":"2024-06-12 12:36:43-06","es_pilares":"SI","dataset_relacionado":"PILARES","revision_manual":"NO","motivo_revision":"","fuente":"Sistema de Información Cultural (SIC)"}},{"type":"Feature","geometry":{"type":"Point","coordinates":[-99.12779,19.27152]},"properties":{"id_cultural":"CENTRO_CULTURAL_3617","id_sic":"3617","tipo_cultural":"CENTRO_CULTURAL","nombre":"PILARES San Juan Tepepan","fecha_fundacion":"2021-11-07","adscripcion_original":"Gobierno de la Ciudad de México","tipo_gestion":"PUBLICO","criterio_clasificacion":"EVIDENCIA_INSTITUCIONAL_PUBLICA","fuente_revision_gestion":"","nota_revision_gestion":"","estado_id":"9","entidad":"Ciudad de México","municipio_id":"13","municipio":"Xochimilco","localidad_id":"263","localidad":"San Juan Diego (Matlacuaitla)","calle_numero":"Cda. Francisco Villa 6","colonia":"Col. San Juan Tepepan","cp":"16020.0","telefono":"","pagina_web":"","email":"pilares.sjt@gmail.com","facebook":"","twitter":"","instagram":"","aforo":"","tipo_escenario":"","num_pantallas":"","link_sic":"http://sic.gob.mx/ficha.php?table=centro_cultural&table_id=3617","fecha_modificacion":"2024-06-12 12:40:57-06","es_pilares":"SI","dataset_relacionado":"PILARES","revision_manual":"NO","motivo_revision":"","fuente":"Sistema de Información Cultural (SIC)"}},{"type":"Feature","geometry":{"type":"Point","coordinates":[-99.13745,19.2809]},"properties":{"id_cultural":"CENTRO_CULTURAL_3522","id_sic":"3522","tipo_cultural":"CENTRO_CULTURAL","nombre":"PILARES 16 de Septiembre","fecha_fundacion":"2019-09-12","adscripcion_original":"Gobierno de la Ciudad de México","tipo_gestion":"PUBLICO","criterio_clasificacion":"EVIDENCIA_INSTITUCIONAL_PUBLICA","fuente_revision_gestion":"","nota_revision_gestion":"","estado_id":"9","entidad":"Ciudad de México","municipio_id":"13","municipio":"Xochimilco","localidad_id":"265","localidad":"Moyocalco","calle_numero":"Av. 16 de Septiembre esq. Guadalupe I. Ramírez","colonia":"Col. Santa María Tepepan","cp":"16020.0","telefono":"55 5134 0770 ext 1806","pagina_web":"https://pilares.cdmx.gob.mx/","email":"coord_comunicacion@pilares.cdmx.gob.mx","facebook":"","twitter":"","instagram":"","aforo":"","tipo_escenario":"","num_pantallas":"","link_sic":"http://sic.gob.mx/ficha.php?table=centro_cultural&table_id=3522","fecha_modificacion":"2024-06-25 12:16:59-06","es_pilares":"SI","dataset_relacionado":"PILARES","revision_manual":"NO","motivo_revision":"","fuente":"Sistema de Información Cultural (SIC)"}},{"type":"Feature","geometry":{"type":"Point","coordinates":[-99.1307,19.25841]},"properties":{"id_cultural":"CENTRO_CULTURAL_3719","id_sic":"3719","tipo_cultural":"CENTRO_CULTURAL","nombre":"PILARES Xochitepec","fecha_fundacion":"1000-01-01","adscripcion_original":"Secretaría de Cultura de la Ciudad de México","tipo_gestion":"PUBLICO","criterio_clasificacion":"EVIDENCIA_INSTITUCIONAL_PUBLICA","fuente_revision_gestion":"","nota_revision_gestion":"","estado_id":"9","entidad":"Ciudad de México","municipio_id":"13","municipio":"Xochimilco","localidad_id":"265","localidad":"Moyocalco","calle_numero":"Comercio 18","colonia":"Col. Santa Cruz Xochitepec","cp":"16100.0","telefono":"55 5134 0770 ext 1806","pagina_web":"https://pilares.cdmx.gob.mx/","email":"coord_comunicacion@pilares.cdmx.gob.mx","facebook":"","twitter":"","instagram":"","aforo":"","tipo_escenario":"","num_pantallas":"","link_sic":"http://sic.gob.mx/ficha.php?table=centro_cultural&table_id=3719","fecha_modificacion":"2024-06-11 11:16:08-06","es_pilares":"SI","dataset_relacionado":"PILARES","revision_manual":"NO","motivo_revision":"","fuente":"Sistema de Información Cultural (SIC)"}},{"type":"Feature","geometry":{"type":"Point","coordinates":[-99.10146,19.24447]},"properties":{"id_cultural":"CENTRO_CULTURAL_3649","id_sic":"3649","tipo_cultural":"CENTRO_CULTURAL","nombre":"PILARES San Lorenzo Atemoaya","fecha_fundacion":"1000-01-01","adscripcion_original":"Secretaría de Cultura de la Ciudad de México","tipo_gestion":"PUBLICO","criterio_clasificacion":"EVIDENCIA_INSTITUCIONAL_PUBLICA","fuente_revision_gestion":"","nota_revision_gestion":"","estado_id":"9","entidad":"Ciudad de México","municipio_id":"13","municipio":"Xochimilco","localidad_id":"267","localidad":"Tizilingo","calle_numero":"Miguel Hidalgo 4","colonia":"Col. San Lorenzo Atemoaya","cp":"16400.0","telefono":"55 5134 0770 ext 1806","pagina_web":"https://pilares.cdmx.gob.mx/","email":"coord_comunicacion@pilares.cdmx.gob.mx","facebook":"","twitter":"","instagram":"","aforo":"","tipo_escenario":"","num_pantallas":"","link_sic":"http://sic.gob.mx/ficha.php?table=centro_cultural&table_id=3649","fecha_modificacion":"2024-06-11 11:24:59-06","es_pilares":"SI","dataset_relacionado":"PILARES","revision_manual":"NO","motivo_revision":"","fuente":"Sistema de Información Cultural (SIC)"}},{"type":"Feature","geometry":{"type":"Point","coordinates":[-99.12766,19.24772]},"properties":{"id_cultural":"CENTRO_CULTURAL_3492","id_sic":"3492","tipo_cultural":"CENTRO_CULTURAL","nombre":"PILARES Santiago Tepalcatlalpan","fecha_fundacion":"2019-05-26","adscripcion_original":"Gobierno de la Ciudad de México","tipo_gestion":"PUBLICO","criterio_clasificacion":"EVIDENCIA_INSTITUCIONAL_PUBLICA","fuente_revision_gestion":"","nota_revision_gestion":"","estado_id":"9","entidad":"Ciudad de México","municipio_id":"13","municipio":"Xochimilco","localidad_id":"270","localidad":"Contlalco","calle_numero":"Cda. Las Canteras 1","colonia":"Col. Santiago Tepalcatlalpan","cp":"16200.0","telefono":"55 5134 0770 ext 1806","pagina_web":"https://pilares.cdmx.gob.mx/","email":"coord_comunicacion@pilares.cdmx.gob.mx","facebook":"","twitter":"","instagram":"","aforo":"","tipo_escenario":"","num_pantallas":"","link_sic":"http://sic.gob.mx/ficha.php?table=centro_cultural&table_id=3492","fecha_modificacion":"2024-06-25 09:58:14-06","es_pilares":"SI","dataset_relacionado":"PILARES","revision_manual":"NO","motivo_revision":"","fuente":"Sistema de Información Cultural (SIC)"}},{"type":"Feature","geometry":{"type":"Point","coordinates":[-99.02814,19.25981]},"properties":{"id_cultural":"CENTRO_CULTURAL_3615","id_sic":"3615","tipo_cultural":"CENTRO_CULTURAL","nombre":"PILARES Acuexcomatl","fecha_fundacion":"2023-01-01","adscripcion_original":"Gobierno de la Ciudad de México","tipo_gestion":"PUBLICO","criterio_clasificacion":"EVIDENCIA_INSTITUCIONAL_PUBLICA","fuente_revision_gestion":"","nota_revision_gestion":"","estado_id":"9","entidad":"Ciudad de México","municipio_id":"13","municipio":"Xochimilco","localidad_id":"271","localidad":"Tlalmelaca","calle_numero":"Av. Año de Juárez 9700","colonia":"Col. San Luis Tlaxialtemalco","cp":"16710.0","telefono":"55 5134 0770 ext 1806","pagina_web":"https://pilares.cdmx.gob.mx/pilares/1653/acuexcomatl","email":"coord_comunicacion@pilares.cdmx.gob.mx","facebook":"","twitter":"","instagram":"","aforo":"","tipo_escenario":"","num_pantallas":"","link_sic":"http://sic.gob.mx/ficha.php?table=centro_cultural&table_id=3615","fecha_modificacion":"2025-11-04 16:38:24-06","es_pilares":"SI","dataset_relacionado":"PILARES","revision_manual":"NO","motivo_revision":"","fuente":"Sistema de Información Cultural (SIC)"}},{"type":"Feature","geometry":{"type":"Point","coordinates":[-99.03542,19.25595]},"properties":{"id_cultural":"CENTRO_CULTURAL_3545","id_sic":"3545","tipo_cultural":"CENTRO_CULTURAL","nombre":"PILARES San Luis Tlaxialtemalco","fecha_fundacion":"1000-01-01","adscripcion_original":"Gobierno de la Ciudad de México","tipo_gestion":"PUBLICO","criterio_clasificacion":"EVIDENCIA_INSTITUCIONAL_PUBLICA","fuente_revision_gestion":"","nota_revision_gestion":"","estado_id":"9","entidad":"Ciudad de México","municipio_id":"13","municipio":"Xochimilco","localidad_id":"271","localidad":"Tlalmelaca","calle_numero":"Acueducto s/n","colonia":"Col. San Luis Tlaxialtemalco","cp":"16610.0","telefono":"55 5134 0770 ext 1806","pagina_web":"https://pilares.cdmx.gob.mx/pilares/1583/san-luis-tlaxialtemalco","email":"coord_comunicacion@pilares.cdmx.gob.mx","facebook":"","twitter":"","instagram":"","aforo":"","tipo_escenario":"","num_pantallas":"","link_sic":"http://sic.gob.mx/ficha.php?table=centro_cultural&table_id=3545","fecha_modificacion":"2024-06-20 12:47:31-06","es_pilares":"SI","dataset_relacionado":"PILARES","revision_manual":"NO","motivo_revision":"","fuente":"Sistema de Información Cultural (SIC)"}},{"type":"Feature","geometry":{"type":"Point","coordinates":[-99.15243,19.3783]},"properties":{"id_cultural":"CENTRO_CULTURAL_1248","id_sic":"1248","tipo_cultural":"CENTRO_CULTURAL","nombre":"Casa de Cultura Letrán Valle","fecha_fundacion":"1979-09-01","adscripcion_original":"Alcaldía Benito Juárez","tipo_gestion":"PUBLICO","criterio_clasificacion":"EVIDENCIA_INSTITUCIONAL_PUBLICA","fuente_revision_gestion":"","nota_revision_gestion":"","estado_id":"9","entidad":"Ciudad de México","municipio_id":"14","municipio":"Benito Juárez","localidad_id":"1","localidad":"Benito Juárez","calle_numero":"Matías Romero 280-Bis","colonia":"Col. Letrán Valle","cp":"3650.0","telefono":"","pagina_web":"https://alcaldiabenitojuarez.gob.mx/casas-de-cultura/","email":"ccult.letranvalle@gmail.com","facebook":"","twitter":"","instagram":"","aforo":"","tipo_escenario":"","num_pantallas":"","link_sic":"http://sic.gob.mx/ficha.php?table=centro_cultural&table_id=1248","fecha_modificacion":"2023-03-29 06:47:15-06","es_pilares":"NO","dataset_relacionado":"","revision_manual":"NO","motivo_revision":"","fuente":"Sistema de Información Cultural (SIC)"}},{"type":"Feature","geometry":{"type":"Point","coordinates":[-99.1369,19.37353]},"properties":{"id_cultural":"CENTRO_CULTURAL_1207","id_sic":"1207","tipo_cultural":"CENTRO_CULTURAL","nombre":"Casa de Cultura Zacahuitzco","fecha_fundacion":"1980-03-01","adscripcion_original":"Alcaldía Benito Juárez","tipo_gestion":"PUBLICO","criterio_clasificacion":"EVIDENCIA_INSTITUCIONAL_PUBLICA","fuente_revision_gestion":"","nota_revision_gestion":"","estado_id":"9","entidad":"Ciudad de México","municipio_id":"14","municipio":"Benito Juárez","localidad_id":"1","localidad":"Benito Juárez","calle_numero":"Valdivia  87","colonia":"Col. Zacahuitzco","cp":"3550.0","telefono":"55 2065 1616","pagina_web":"","email":"c.c.zacahuitzco@gmail.com","facebook":"","twitter":"","instagram":"","aforo":"","tipo_escenario":"","num_pantallas":"","link_sic":"http://sic.gob.mx/ficha.php?table=centro_cultural&table_id=1207","fecha_modificacion":"2025-06-06 12:26:22-06","es_pilares":"NO","dataset_relacionado":"","revision_manual":"NO","motivo_revision":"","fuente":"Sistema de Información Cultural (SIC)"}},{"type":"Feature","geometry":{"type":"Point","coordinates":[-99.15791,19.38443]},"properties":{"id_cultural":"CENTRO_CULTURAL_1254","id_sic":"1254","tipo_cultural":"CENTRO_CULTURAL","nombre":"Centro Cultural Cuauhtémoc del INAPAM","fecha_fundacion":"1994-08-15","adscripcion_original":"Instituto Nacional de las Personas Adultas Mayores","tipo_gestion":"PUBLICO","criterio_clasificacion":"EVIDENCIA_INSTITUCIONAL_PUBLICA","fuente_revision_gestion":"","nota_revision_gestion":"","estado_id":"9","entidad":"Ciudad de México","municipio_id":"14","municipio":"Benito Juárez","localidad_id":"1","localidad":"Benito Juárez","calle_numero":"Av. Cuauhtémoc 956","colonia":"Col. Narvarte","cp":"3020.0","telefono":"55 5669 3104","pagina_web":"https://www.gob.mx/inapam/acciones-y-programas/centros-culturales-inapam","email":"zzerolod@gmail.com","facebook":"","twitter":"","instagram":"","aforo":"","tipo_escenario":"","num_pantallas":"","link_sic":"http://sic.gob.mx/ficha.php?table=centro_cultural&table_id=1254","fecha_modificacion":"2021-10-11 05:17:27-05","es_pilares":"NO","dataset_relacionado":"","revision_manual":"NO","motivo_revision":"","fuente":"Sistema de Información Cultural (SIC)"}},{"type":"Feature","geometry":{"type":"Point","coordinates":[-99.1665,19.3618]},"properties":{"id_cultural":"CENTRO_CULTURAL_2661","id_sic":"2661","tipo_cultural":"CENTRO_CULTURAL","nombre":"Centro Cultural Roberto Cantoral","fecha_fundacion":"2012-06-07","adscripcion_original":"Sociedad de Autores y Compositores de México (SACM)","tipo_gestion":"PRIVADO","criterio_clasificacion":"REVISION_MANUAL","fuente_revision_gestion":"","nota_revision_gestion":"","estado_id":"9","entidad":"Ciudad de México","municipio_id":"14","municipio":"Benito Juárez","localidad_id":"1","localidad":"Benito Juárez","calle_numero":"Puente de Xoco puerta A","colonia":"Col. Xoco","cp":"3330.0","telefono":"55 5688 2476","pagina_web":"http://elcantoral.com/","email":"info@elcantoral.com","facebook":"","twitter":"","instagram":"","aforo":"","tipo_escenario":"","num_pantallas":"","link_sic":"http://sic.gob.mx/ficha.php?table=centro_cultural&table_id=2661","fecha_modificacion":"2025-06-17 13:04:42-06","es_pilares":"NO","dataset_relacionado":"","revision_manual":"NO","motivo_revision":"","fuente":"Sistema de Información Cultural (SIC)"}},{"type":"Feature","geometry":{"type":"Point","coordinates":[-99.13465,19.38991]},"properties":{"id_cultural":"CENTRO_CULTURAL_1221","id_sic":"1221","tipo_cultural":"CENTRO_CULTURAL","nombre":"Casa de la Cultura Iztaccíhuatl","fecha_fundacion":"1992-05-21","adscripcion_original":"Alcaldía Benito Juárez/Coordinación de Cultura/Subdirección de Derechos Culturales Recreativos y Educativos","tipo_gestion":"PUBLICO","criterio_clasificacion":"EVIDENCIA_INSTITUCIONAL_PUBLICA","fuente_revision_gestion":"","nota_revision_gestion":"","estado_id":"9","entidad":"Ciudad de México","municipio_id":"14","municipio":"Benito Juárez","localidad_id":"1","localidad":"Benito Juárez","calle_numero":"Martín Luis Guzmán 241","colonia":"Col. Iztaccíhuatl","cp":"3500.0","telefono":"55 5422 5300 ext. 4488","pagina_web":"https://alcaldiabenitojuarez.gob.mx/casas-de-cultura/","email":"abj.cultura@gmail.com","facebook":"","twitter":"","instagram":"","aforo":"","tipo_escenario":"","num_pantallas":"","link_sic":"http://sic.gob.mx/ficha.php?table=centro_cultural&table_id=1221","fecha_modificacion":"2026-05-12 12:25:59-06","es_pilares":"NO","dataset_relacionado":"","revision_manual":"NO","motivo_revision":"","fuente":"Sistema de Información Cultural (SIC)"}},{"type":"Feature","geometry":{"type":"Point","coordinates":[-99.14239,19.39358]},"properties":{"id_cultural":"CENTRO_CULTURAL_1195","id_sic":"1195","tipo_cultural":"CENTRO_CULTURAL","nombre":"Casa de la Cultura Álamos Postal","fecha_fundacion":"1979-09-01","adscripcion_original":"Alcaldía Benito Juárez","tipo_gestion":"PUBLICO","criterio_clasificacion":"EVIDENCIA_INSTITUCIONAL_PUBLICA","fuente_revision_gestion":"","nota_revision_gestion":"","estado_id":"9","entidad":"Ciudad de México","municipio_id":"14","municipio":"Benito Juárez","localidad_id":"1","localidad":"Benito Juárez","calle_numero":"Isabel La Católica  806","colonia":"Álamos","cp":"3400.0","telefono":"555 422 55 77","pagina_web":"https://alcaldiabenitojuarez.gob.mx/casas-de-cultura/","email":"ccalamospostal@gmail.com","facebook":"","twitter":"","instagram":"","aforo":"","tipo_escenario":"","num_pantallas":"","link_sic":"http://sic.gob.mx/ficha.php?table=centro_cultural&table_id=1195","fecha_modificacion":"2026-07-13 14:13:32-06","es_pilares":"NO","dataset_relacionado":"","revision_manual":"NO","motivo_revision":"","fuente":"Sistema de Información Cultural (SIC)"}},{"type":"Feature","geometry":{"type":"Point","coordinates":[-99.18452,19.37201]},"properties":{"id_cultural":"CENTRO_CULTURAL_1222","id_sic":"1222","tipo_cultural":"CENTRO_CULTURAL","nombre":"Centro Cultural Juan Rulfo","fecha_fundacion":"1975-01-01","adscripcion_original":"Alcaldía Benito Juárez","tipo_gestion":"PUBLICO","criterio_clasificacion":"EVIDENCIA_INSTITUCIONAL_PUBLICA","fuente_revision_gestion":"","nota_revision_gestion":"","estado_id":"9","entidad":"Ciudad de México","municipio_id":"14","municipio":"Benito Juárez","localidad_id":"1","localidad":"Benito Juárez","calle_numero":"Campana 59","colonia":"Col. Insurgentes Mixcoac","cp":"3920.0","telefono":"55 5615 5763","pagina_web":"","email":"ccjuanrulfo@gmail.com","facebook":"","twitter":"","instagram":"","aforo":"","tipo_escenario":"","num_pantallas":"","link_sic":"http://sic.gob.mx/ficha.php?table=centro_cultural&table_id=1222","fecha_modificacion":"2022-08-02 02:50:53-05","es_pilares":"NO","dataset_relacionado":"","revision_manual":"NO","motivo_revision":"","fuente":"Sistema de Información Cultural (SIC)"}},{"type":"Feature","geometry":{"type":"Point","coordinates":[-99.13448,19.39464]},"properties":{"id_cultural":"CENTRO_CULTURAL_1220","id_sic":"1220","tipo_cultural":"CENTRO_CULTURAL","nombre":"Casa de Cultura Moderna","fecha_fundacion":"1988-11-29","adscripcion_original":"Alcaldía Benito Juárez","tipo_gestion":"PUBLICO","criterio_clasificacion":"EVIDENCIA_INSTITUCIONAL_PUBLICA","fuente_revision_gestion":"","nota_revision_gestion":"","estado_id":"9","entidad":"Ciudad de México","municipio_id":"14","municipio":"Benito Juárez","localidad_id":"1","localidad":"Benito Juárez","calle_numero":"Juana de Arco s/n esq. Av. de las Américas","colonia":"Col. Moderna","cp":"3510.0","telefono":"(55) 5579 1901","pagina_web":"http://www.delegacionbenitojuarez.gob.mx/nuestra-demarcacion/casas-de-cultura","email":"","facebook":"","twitter":"","instagram":"","aforo":"","tipo_escenario":"","num_pantallas":"","link_sic":"http://sic.gob.mx/ficha.php?table=centro_cultural&table_id=1220","fecha_modificacion":"2019-11-27 02:59:15-06","es_pilares":"NO","dataset_relacionado":"","revision_manual":"NO","motivo_revision":"","fuente":"Sistema de Información Cultural (SIC)"}},{"type":"Feature","geometry":{"type":"Point","coordinates":[-99.14753,19.38252]},"properties":{"id_cultural":"CENTRO_CULTURAL_1181","id_sic":"1181","tipo_cultural":"CENTRO_CULTURAL","nombre":"Casa de Cultura del Periodista","fecha_fundacion":"1978-11-29","adscripcion_original":"Alcaldía Benito Juárez","tipo_gestion":"PUBLICO","criterio_clasificacion":"EVIDENCIA_INSTITUCIONAL_PUBLICA","fuente_revision_gestion":"","nota_revision_gestion":"","estado_id":"9","entidad":"Ciudad de México","municipio_id":"14","municipio":"Benito Juárez","localidad_id":"1","localidad":"Benito Juárez","calle_numero":"Lázaro Cárdenas 912","colonia":"Col. 2da. del Periodista","cp":"3620.0","telefono":"(55) 5674 2533","pagina_web":"http://www.delegacionbenitojuarez.gob.mx/nuestra-demarcacion/casas-de-cultura","email":"","facebook":"","twitter":"","instagram":"","aforo":"","tipo_escenario":"","num_pantallas":"","link_sic":"http://sic.gob.mx/ficha.php?table=centro_cultural&table_id=1181","fecha_modificacion":"2019-11-27 02:59:50-06","es_pilares":"NO","dataset_relacionado":"","revision_manual":"NO","motivo_revision":"","fuente":"Sistema de Información Cultural (SIC)"}},{"type":"Feature","geometry":{"type":"Point","coordinates":[-99.16309,19.39202]},"properties":{"id_cultural":"CENTRO_CULTURAL_3879","id_sic":"3879","tipo_cultural":"CENTRO_CULTURAL","nombre":"Centro Cultural Ucraniano-Mexicano A.C.","fecha_fundacion":"1000-01-01","adscripcion_original":"Embajada de Ucrania en México","tipo_gestion":"PUBLICO","criterio_clasificacion":"EVIDENCIA_INSTITUCIONAL_PUBLICA","fuente_revision_gestion":"","nota_revision_gestion":"","estado_id":"9","entidad":"Ciudad de México","municipio_id":"14","municipio":"Benito Juárez","localidad_id":"1","localidad":"Benito Juárez","calle_numero":"Luz Saviñon 832","colonia":"Del Valle","cp":"","telefono":"55 7481 7934","pagina_web":"","email":"centroculturalucranianomexican@gmail.com","facebook":"","twitter":"","instagram":"","aforo":"","tipo_escenario":"","num_pantallas":"","link_sic":"http://sic.gob.mx/ficha.php?table=centro_cultural&table_id=3879","fecha_modificacion":"2025-06-30 14:11:09-06","es_pilares":"NO","dataset_relacionado":"","revision_manual":"NO","motivo_revision":"","fuente":"Sistema de Información Cultural (SIC)"}},{"type":"Feature","geometry":{"type":"Point","coordinates":[-99.14105,19.38691]},"properties":{"id_cultural":"CENTRO_CULTURAL_1206","id_sic":"1206","tipo_cultural":"CENTRO_CULTURAL","nombre":"Casa de Cultura Alicia Santillana de Guajardo","fecha_fundacion":"1986-11-04","adscripcion_original":"Alcaldía  Benito Juárez/Coordinación de Cultura/Subdirección de Derechos Culturales Recreativos y Educativos","tipo_gestion":"PUBLICO","criterio_clasificacion":"EVIDENCIA_INSTITUCIONAL_PUBLICA","fuente_revision_gestion":"","nota_revision_gestion":"","estado_id":"9","entidad":"Ciudad de México","municipio_id":"14","municipio":"Benito Juárez","localidad_id":"1","localidad":"Benito Juárez","calle_numero":"Niños Héroes 53","colonia":"Col. Josefa Ortiz de Domínguez","cp":"3440.0","telefono":"55 5579 5983","pagina_web":"http://www.delegacionbenitojuarez.gob.mx/nuestra-demarcacion/casas-de-cultura","email":"derechosculturalesbj@gmail.com","facebook":"","twitter":"","instagram":"","aforo":"","tipo_escenario":"","num_pantallas":"","link_sic":"http://sic.gob.mx/ficha.php?table=centro_cultural&table_id=1206","fecha_modificacion":"2024-06-05 10:22:56-06","es_pilares":"NO","dataset_relacionado":"","revision_manual":"NO","motivo_revision":"","fuente":"Sistema de Información Cultural (SIC)"}},{"type":"Feature","geometry":{"type":"Point","coordinates":[-99.17101,19.37499]},"properties":{"id_cultural":"CENTRO_CULTURAL_1211","id_sic":"1211","tipo_cultural":"CENTRO_CULTURAL","nombre":"Centro Cultural Del Valle Sur","fecha_fundacion":"1994-11-01","adscripcion_original":"Alcaldía Benito Juárez","tipo_gestion":"PUBLICO","criterio_clasificacion":"EVIDENCIA_INSTITUCIONAL_PUBLICA","fuente_revision_gestion":"","nota_revision_gestion":"","estado_id":"9","entidad":"Ciudad de México","municipio_id":"14","municipio":"Benito Juárez","localidad_id":"1","localidad":"Benito Juárez","calle_numero":"Roberto Gayol s/n esq. Cda. de Coyoacán","colonia":"Col. del Valle","cp":"3100.0","telefono":"","pagina_web":"http://www.delegacionbenitojuarez.gob.mx/conoce-bj/casas-de-cultura","email":"els.sal.gar@gmail.com","facebook":"","twitter":"","instagram":"","aforo":"","tipo_escenario":"","num_pantallas":"","link_sic":"http://sic.gob.mx/ficha.php?table=centro_cultural&table_id=1211","fecha_modificacion":"2022-01-14 07:08:20-06","es_pilares":"NO","dataset_relacionado":"","revision_manual":"NO","motivo_revision":"","fuente":"Sistema de Información Cultural (SIC)"}},{"type":"Feature","geometry":{"type":"Point","coordinates":[-99.1433,19.39237]},"properties":{"id_cultural":"CENTRO_CULTURAL_3338","id_sic":"3338","tipo_cultural":"CENTRO_CULTURAL","nombre":"Acroyoga, Pan y Circo","fecha_fundacion":"1000-01-01","adscripcion_original":"","tipo_gestion":"NO_DETERMINADO","criterio_clasificacion":"SIN_ADSCRIPCION","fuente_revision_gestion":"","nota_revision_gestion":"","estado_id":"9","entidad":"Ciudad de México","municipio_id":"14","municipio":"Benito Juárez","localidad_id":"1","localidad":"Benito Juárez","calle_numero":"Correspondencia 124","colonia":"Col. Postal","cp":"3410.0","telefono":"56 1342 3357","pagina_web":"","email":"carlosyoltic@gmail.com","facebook":"","twitter":"","instagram":"","aforo":"","tipo_escenario":"","num_pantallas":"","link_sic":"http://sic.gob.mx/ficha.php?table=centro_cultural&table_id=3338","fecha_modificacion":"2021-06-15 07:21:35-05","es_pilares":"NO","dataset_relacionado":"","revision_manual":"SI","motivo_revision":"No existe adscripción disponible para determinar el tipo de gestión.","fuente":"Sistema de Información Cultural (SIC)"}},{"type":"Feature","geometry":{"type":"Point","coordinates":[-99.1684,19.37011]},"properties":{"id_cultural":"CENTRO_CULTURAL_3825","id_sic":"3825","tipo_cultural":"CENTRO_CULTURAL","nombre":"Centro Cultural El Hormiguero","fecha_fundacion":"2018-01-01","adscripcion_original":"","tipo_gestion":"NO_DETERMINADO","criterio_clasificacion":"SIN_ADSCRIPCION","fuente_revision_gestion":"","nota_revision_gestion":"","estado_id":"9","entidad":"Ciudad de México","municipio_id":"14","municipio":"Benito Juárez","localidad_id":"1","localidad":"Benito Juárez","calle_numero":"Gabriel Mancera 1539","colonia":"Col. Del Valle","cp":"3100.0","telefono":"55 5131 5753","pagina_web":"https://www.elhormiguero.mx/","email":"elhormiguerocdmx@gmail.com","facebook":"","twitter":"","instagram":"","aforo":"","tipo_escenario":"","num_pantallas":"","link_sic":"http://sic.gob.mx/ficha.php?table=centro_cultural&table_id=3825","fecha_modificacion":"2026-08-04 11:34:18-06","es_pilares":"NO","dataset_relacionado":"","revision_manual":"SI","motivo_revision":"No existe adscripción disponible para determinar el tipo de gestión.","fuente":"Sistema de Información Cultural (SIC)"}},{"type":"Feature","geometry":{"type":"Point","coordinates":[-99.13713,19.37897]},"properties":{"id_cultural":"CENTRO_CULTURAL_1185","id_sic":"1185","tipo_cultural":"CENTRO_CULTURAL","nombre":"Centro Cultural Nativitas","fecha_fundacion":"2003-09-03","adscripcion_original":"Alcaldía  Benito Juárez/Coordinación de Cultura/Subdirección de Derechos Culturales Recreativos y Educativos","tipo_gestion":"PUBLICO","criterio_clasificacion":"EVIDENCIA_INSTITUCIONAL_PUBLICA","fuente_revision_gestion":"","nota_revision_gestion":"","estado_id":"9","entidad":"Ciudad de México","municipio_id":"14","municipio":"Benito Juárez","localidad_id":"1","localidad":"Benito Juárez","calle_numero":"Emma 146 entre Lago y Don Luis","colonia":"Col. Nativitas","cp":"3510.0","telefono":"55 5579 1901","pagina_web":"https://alcaldiabenitojuarez.gob.mx/casas-de-cultura/","email":"centroculturalnativitas@yahoo.com.mx; abj.ultura@gmail.com","facebook":"","twitter":"","instagram":"","aforo":"","tipo_escenario":"","num_pantallas":"","link_sic":"http://sic.gob.mx/ficha.php?table=centro_cultural&table_id=1185","fecha_modificacion":"2025-08-11 12:00:46-06","es_pilares":"NO","dataset_relacionado":"","revision_manual":"NO","motivo_revision":"","fuente":"Sistema de Información Cultural (SIC)"}},{"type":"Feature","geometry":{"type":"Point","coordinates":[-99.14282,19.3642]},"properties":{"id_cultural":"CENTRO_CULTURAL_3582","id_sic":"3582","tipo_cultural":"CENTRO_CULTURAL","nombre":"PILARES Carlos Monsiváis","fecha_fundacion":"2023-07-08","adscripcion_original":"Gobierno de la Ciudad de México","tipo_gestion":"PUBLICO","criterio_clasificacion":"EVIDENCIA_INSTITUCIONAL_PUBLICA","fuente_revision_gestion":"","nota_revision_gestion":"","estado_id":"9","entidad":"Ciudad de México","municipio_id":"14","municipio":"Benito Juárez","localidad_id":"1","localidad":"Benito Juárez","calle_numero":"Eje 7A Sur 52","colonia":"Col. Portales Sur","cp":"3300.0","telefono":"55 5134 0770 ext 1806","pagina_web":"https://gobierno.cdmx.gob.mx/noticias/renombramos-carlos-monsivais-a-pilares-portales/","email":"coord_comunicacion@pilares.cdmx.gob.mx","facebook":"","twitter":"","instagram":"","aforo":"","tipo_escenario":"","num_pantallas":"","link_sic":"http://sic.gob.mx/ficha.php?table=centro_cultural&table_id=3582","fecha_modificacion":"2025-06-17 17:01:09-06","es_pilares":"SI","dataset_relacionado":"PILARES","revision_manual":"NO","motivo_revision":"","fuente":"Sistema de Información Cultural (SIC)"}},{"type":"Feature","geometry":{"type":"Point","coordinates":[-99.15778,19.37199]},"properties":{"id_cultural":"CENTRO_CULTURAL_3329","id_sic":"3329","tipo_cultural":"CENTRO_CULTURAL","nombre":"La Calaca Espacio Cultural","fecha_fundacion":"2014-01-01","adscripcion_original":"","tipo_gestion":"NO_DETERMINADO","criterio_clasificacion":"SIN_ADSCRIPCION","fuente_revision_gestion":"","nota_revision_gestion":"","estado_id":"9","entidad":"Ciudad de México","municipio_id":"14","municipio":"Benito Juárez","localidad_id":"1","localidad":"Benito Juárez","calle_numero":"Calle 21 núm. 69","colonia":"Col. San Pedro de los Pinos","cp":"3800.0","telefono":"55 2677 7142","pagina_web":"https://lacalacacultural.wordpress.com/?fbclid=IwAR3JBegjreoUi2KcRi69cdGLk04fUOUpaLrJWHv1tiqbmQsb8yS7UL8Wue4","email":"lacalaca.mex@gmail.com","facebook":"","twitter":"","instagram":"","aforo":"","tipo_escenario":"","num_pantallas":"","link_sic":"http://sic.gob.mx/ficha.php?table=centro_cultural&table_id=3329","fecha_modificacion":"2025-10-09 17:16:43-06","es_pilares":"NO","dataset_relacionado":"","revision_manual":"SI","motivo_revision":"No existe adscripción disponible para determinar el tipo de gestión.","fuente":"Sistema de Información Cultural (SIC)"}},{"type":"Feature","geometry":{"type":"Point","coordinates":[-99.16589,19.39892]},"properties":{"id_cultural":"CENTRO_CULTURAL_1232","id_sic":"1232","tipo_cultural":"CENTRO_CULTURAL","nombre":"Radio UNAM","fecha_fundacion":"1976-10-11","adscripcion_original":"Universidad Nacional Autónoma de México","tipo_gestion":"PUBLICO","criterio_clasificacion":"EVIDENCIA_INSTITUCIONAL_PUBLICA","fuente_revision_gestion":"","nota_revision_gestion":"","estado_id":"9","entidad":"Ciudad de México","municipio_id":"14","municipio":"Benito Juárez","localidad_id":"1","localidad":"Benito Juárez","calle_numero":"Adolfo Prieto 133","colonia":"Col. del Valle","cp":"3100.0","telefono":"55 5523 4640","pagina_web":"http://www.radiounam.unam.mx/","email":"radio@unam.mx","facebook":"","twitter":"","instagram":"","aforo":"","tipo_escenario":"","num_pantallas":"","link_sic":"http://sic.gob.mx/ficha.php?table=centro_cultural&table_id=1232","fecha_modificacion":"2024-10-04 14:37:25-06","es_pilares":"NO","dataset_relacionado":"","revision_manual":"NO","motivo_revision":"","fuente":"Sistema de Información Cultural (SIC)"}},{"type":"Feature","geometry":{"type":"Point","coordinates":[-99.17152,19.37075]},"properties":{"id_cultural":"CENTRO_CULTURAL_2468","id_sic":"2468","tipo_cultural":"CENTRO_CULTURAL","nombre":"Centros Culturales Miguel Alemán del ISSSTE","fecha_fundacion":"1988-09-01","adscripcion_original":"Instituto de Seguridad y Servicios Sociales de los Trabajadores del Estado (ISSSTE)","tipo_gestion":"PUBLICO","criterio_clasificacion":"EVIDENCIA_INSTITUCIONAL_PUBLICA","fuente_revision_gestion":"","nota_revision_gestion":"","estado_id":"9","entidad":"Ciudad de México","municipio_id":"14","municipio":"Benito Juárez","localidad_id":"1","localidad":"Benito Juárez","calle_numero":"Av. Coyoacán 1435 esq. Félix Cuevas","colonia":"Col. Del Valle","cp":"3100.0","telefono":"55 5524 5215","pagina_web":"http://www.issste.gob.mx","email":"joselmejia@issste.gob.mx; atencionciudadana@issste.gob.mx","facebook":"","twitter":"","instagram":"","aforo":"","tipo_escenario":"","num_pantallas":"","link_sic":"http://sic.gob.mx/ficha.php?table=centro_cultural&table_id=2468","fecha_modificacion":"2025-05-19 09:03:29-06","es_pilares":"NO","dataset_relacionado":"","revision_manual":"NO","motivo_revision":"","fuente":"Sistema de Información Cultural (SIC)"}},{"type":"Feature","geometry":{"type":"Point","coordinates":[-99.14144,19.36807]},"properties":{"id_cultural":"CENTRO_CULTURAL_3516","id_sic":"3516","tipo_cultural":"CENTRO_CULTURAL","nombre":"PILARES Municipio Libre","fecha_fundacion":"2019-08-31","adscripcion_original":"Gobierno de la Ciudad de México","tipo_gestion":"PUBLICO","criterio_clasificacion":"EVIDENCIA_INSTITUCIONAL_PUBLICA","fuente_revision_gestion":"","nota_revision_gestion":"","estado_id":"9","entidad":"Ciudad de México","municipio_id":"14","municipio":"Benito Juárez","localidad_id":"1","localidad":"Benito Juárez","calle_numero":"Municipio Libre y Calz. de Tlalpan s/n","colonia":"Portales Norte","cp":"","telefono":"55 5134 0770 ext 1806","pagina_web":"https://pilares.cdmx.gob.mx/pilares/1554/municipio-libre","email":"pilaresmunicipiolibre@cdmx.gob.mx","facebook":"","twitter":"","instagram":"","aforo":"","tipo_escenario":"","num_pantallas":"","link_sic":"http://sic.gob.mx/ficha.php?table=centro_cultural&table_id=3516","fecha_modificacion":"2025-08-25 17:02:40-06","es_pilares":"SI","dataset_relacionado":"PILARES","revision_manual":"NO","motivo_revision":"","fuente":"Sistema de Información Cultural (SIC)"}},{"type":"Feature","geometry":{"type":"Point","coordinates":[-99.16649,19.39032]},"properties":{"id_cultural":"CENTRO_CULTURAL_2465","id_sic":"2465","tipo_cultural":"CENTRO_CULTURAL","nombre":"Centro Cultural Coyoacán, Centro de Recreación Infantil del ISSSTE","fecha_fundacion":"1000-01-01","adscripcion_original":"Instituto de Seguridad y Servicios Sociales de los Trabajadores del Estado (ISSSTE)","tipo_gestion":"PUBLICO","criterio_clasificacion":"EVIDENCIA_INSTITUCIONAL_PUBLICA","fuente_revision_gestion":"","nota_revision_gestion":"","estado_id":"9","entidad":"Ciudad de México","municipio_id":"14","municipio":"Benito Juárez","localidad_id":"1","localidad":"Benito Juárez","calle_numero":"Av. Coyoacán 521","colonia":"Del Valle","cp":"3100.0","telefono":"55 5543 5812","pagina_web":"http://www.issste.gob.mx","email":"culturalcoyoacan@issste.gob.mx; centroculturalcoyoacan@outlook.es; lorena.el7@gmail.com","facebook":"","twitter":"","instagram":"","aforo":"","tipo_escenario":"","num_pantallas":"","link_sic":"http://sic.gob.mx/ficha.php?table=centro_cultural&table_id=2465","fecha_modificacion":"2024-06-03 12:20:29-06","es_pilares":"NO","dataset_relacionado":"","revision_manual":"NO","motivo_revision":"","fuente":"Sistema de Información Cultural (SIC)"}},{"type":"Feature","geometry":{"type":"Point","coordinates":[-99.17347,19.39341]},"properties":{"id_cultural":"CENTRO_CULTURAL_1242","id_sic":"1242","tipo_cultural":"CENTRO_CULTURAL","nombre":"Polyforum Siqueiros","fecha_fundacion":"1971-12-16","adscripcion_original":"Polyforum Siqueiros, A.C.","tipo_gestion":"PRIVADO","criterio_clasificacion":"EVIDENCIA_INSTITUCIONAL_PRIVADA","fuente_revision_gestion":"","nota_revision_gestion":"","estado_id":"9","entidad":"Ciudad de México","municipio_id":"14","municipio":"Benito Juárez","localidad_id":"1","localidad":"Benito Juárez","calle_numero":"Insurgentes Sur s/n esq. Filadelfia","colonia":"Col. Nápoles","cp":"3810.0","telefono":"55 5536 4520 al 23","pagina_web":"https://inba.gob.mx/recinto/49","email":"info@polyforumsiqueiros.com","facebook":"","twitter":"","instagram":"","aforo":"","tipo_escenario":"","num_pantallas":"","link_sic":"http://sic.gob.mx/ficha.php?table=centro_cultural&table_id=1242","fecha_modificacion":"2025-06-19 11:11:54-06","es_pilares":"NO","dataset_relacionado":"","revision_manual":"NO","motivo_revision":"","fuente":"Sistema de Información Cultural (SIC)"}},{"type":"Feature","geometry":{"type":"Point","coordinates":[-99.18794,19.39484]},"properties":{"id_cultural":"CENTRO_CULTURAL_3590","id_sic":"3590","tipo_cultural":"CENTRO_CULTURAL","nombre":"Centro de Desarrollo Social 8 de Agosto","fecha_fundacion":"1000-01-01","adscripcion_original":"Alcaldía  Benito Juárez/Coordinación de Cultura/Subdirección de Derechos Culturales Recreativos y Educativos","tipo_gestion":"PUBLICO","criterio_clasificacion":"EVIDENCIA_INSTITUCIONAL_PUBLICA","fuente_revision_gestion":"","nota_revision_gestion":"","estado_id":"9","entidad":"Ciudad de México","municipio_id":"14","municipio":"Benito Juárez","localidad_id":"1","localidad":"Benito Juárez","calle_numero":"Cda. Becerra s/n esq. 11 de Abril","colonia":"Col. 8 de Agosto","cp":"3820.0","telefono":"55 5134 0770 ext 1806","pagina_web":"https://pilares.cdmx.gob.mx/","email":"coord_comunicacion@pilares.cdmx.gob.mx","facebook":"","twitter":"","instagram":"","aforo":"","tipo_escenario":"","num_pantallas":"","link_sic":"http://sic.gob.mx/ficha.php?table=centro_cultural&table_id=3590","fecha_modificacion":"2024-06-05 10:22:28-06","es_pilares":"NO","dataset_relacionado":"","revision_manual":"NO","motivo_revision":"","fuente":"Sistema de Información Cultural (SIC)"}},{"type":"Feature","geometry":{"type":"Point","coordinates":[-99.18749,19.38366]},"properties":{"id_cultural":"CENTRO_CULTURAL_3657","id_sic":"3657","tipo_cultural":"CENTRO_CULTURAL","nombre":"PILARES Deportivo Arnaíz","fecha_fundacion":"1000-01-01","adscripcion_original":"Gobierno de la Ciudad de México","tipo_gestion":"PUBLICO","criterio_clasificacion":"EVIDENCIA_INSTITUCIONAL_PUBLICA","fuente_revision_gestion":"","nota_revision_gestion":"","estado_id":"9","entidad":"Ciudad de México","municipio_id":"14","municipio":"Benito Juárez","localidad_id":"1","localidad":"Benito Juárez","calle_numero":"","colonia":"","cp":"","telefono":"55 5134 0770 ext 1806","pagina_web":"https://pilares.cdmx.gob.mx/","email":"coord_comunicacion@pilares.cdmx.gob.mx","facebook":"","twitter":"","instagram":"","aforo":"","tipo_escenario":"","num_pantallas":"","link_sic":"http://sic.gob.mx/ficha.php?table=centro_cultural&table_id=3657","fecha_modificacion":"2024-06-26 13:09:04-06","es_pilares":"SI","dataset_relacionado":"PILARES","revision_manual":"NO","motivo_revision":"","fuente":"Sistema de Información Cultural (SIC)"}},{"type":"Feature","geometry":{"type":"Point","coordinates":[-99.14051,19.36465]},"properties":{"id_cultural":"CENTRO_CULTURAL_1199","id_sic":"1199","tipo_cultural":"CENTRO_CULTURAL","nombre":"Casa de Cultura Gaby Brimmer","fecha_fundacion":"1995-11-13","adscripcion_original":"Alcaldía Benito Juárez","tipo_gestion":"PUBLICO","criterio_clasificacion":"EVIDENCIA_INSTITUCIONAL_PUBLICA","fuente_revision_gestion":"","nota_revision_gestion":"","estado_id":"9","entidad":"Ciudad de México","municipio_id":"14","municipio":"Benito Juárez","localidad_id":"1","localidad":"Benito Juárez","calle_numero":"Monte Alegre 32","colonia":"Col. Portales Ote.","cp":"3570.0","telefono":"55 5674 2529","pagina_web":"","email":"ccgabybrimmerbj@gmail.com; fdelgado88.fd@gmail.com","facebook":"","twitter":"","instagram":"","aforo":"","tipo_escenario":"","num_pantallas":"","link_sic":"http://sic.gob.mx/ficha.php?table=centro_cultural&table_id=1199","fecha_modificacion":"2023-09-29 10:46:34-06","es_pilares":"NO","dataset_relacionado":"","revision_manual":"NO","motivo_revision":"","fuente":"Sistema de Información Cultural (SIC)"}},{"type":"Feature","geometry":{"type":"Point","coordinates":[-99.14144,19.38409]},"properties":{"id_cultural":"CENTRO_CULTURAL_1219","id_sic":"1219","tipo_cultural":"CENTRO_CULTURAL","nombre":"Casa de Cultura Niños Héroes","fecha_fundacion":"1980-03-01","adscripcion_original":"Alcaldía  Benito Juárez/Coordinación de Cultura/Subdirección de Derechos Culturales Recreativos y Educativos","tipo_gestion":"PUBLICO","criterio_clasificacion":"EVIDENCIA_INSTITUCIONAL_PUBLICA","fuente_revision_gestion":"","nota_revision_gestion":"","estado_id":"9","entidad":"Ciudad de México","municipio_id":"14","municipio":"Benito Juárez","localidad_id":"1","localidad":"Benito Juárez","calle_numero":"5 de Febrero s/n esq. Eje 5 Sur","colonia":"Col. Niños Héroes","cp":"3610.0","telefono":"55 5422 5300 ext. 4488","pagina_web":"http://www.delegacionbenitojuarez.gob.mx/nuestra-demarcacion/casas-de-cultura","email":"abj.cultura@gmail.com","facebook":"","twitter":"","instagram":"","aforo":"","tipo_escenario":"","num_pantallas":"","link_sic":"http://sic.gob.mx/ficha.php?table=centro_cultural&table_id=1219","fecha_modificacion":"2024-06-05 10:23:35-06","es_pilares":"NO","dataset_relacionado":"","revision_manual":"NO","motivo_revision":"","fuente":"Sistema de Información Cultural (SIC)"}},{"type":"Feature","geometry":{"type":"Point","coordinates":[-99.1382,19.39112]},"properties":{"id_cultural":"CENTRO_CULTURAL_2442","id_sic":"2442","tipo_cultural":"CENTRO_CULTURAL","nombre":"Centro Cultural Casa Rayuela","fecha_fundacion":"2010-06-01","adscripcion_original":"","tipo_gestion":"NO_DETERMINADO","criterio_clasificacion":"SIN_ADSCRIPCION","fuente_revision_gestion":"","nota_revision_gestion":"","estado_id":"9","entidad":"Ciudad de México","municipio_id":"14","municipio":"Benito Juárez","localidad_id":"1","localidad":"Benito Juárez","calle_numero":"Av. Tlalpan 790","colonia":"Col. Villa de Cortés","cp":"3520.0","telefono":"55 5698 7560","pagina_web":"http://casarayuela.wordpress.com","email":"lacasarayuela@gmail.com","facebook":"","twitter":"","instagram":"","aforo":"","tipo_escenario":"","num_pantallas":"","link_sic":"http://sic.gob.mx/ficha.php?table=centro_cultural&table_id=2442","fecha_modificacion":"2021-09-22 11:03:22-05","es_pilares":"NO","dataset_relacionado":"","revision_manual":"SI","motivo_revision":"No existe adscripción disponible para determinar el tipo de gestión.","fuente":"Sistema de Información Cultural (SIC)"}},{"type":"Feature","geometry":{"type":"Point","coordinates":[-99.18996,19.38578]},"properties":{"id_cultural":"CENTRO_CULTURAL_1226","id_sic":"1226","tipo_cultural":"CENTRO_CULTURAL","nombre":"Centro Cultural La Pirámide","fecha_fundacion":"2001-10-01","adscripcion_original":"Secretaría de Cultura de la Ciudad de México/Dirección General de Vinculación Cultural Comunitaria","tipo_gestion":"PUBLICO","criterio_clasificacion":"EVIDENCIA_INSTITUCIONAL_PUBLICA","fuente_revision_gestion":"","nota_revision_gestion":"","estado_id":"9","entidad":"Ciudad de México","municipio_id":"14","municipio":"Benito Juárez","localidad_id":"1","localidad":"Benito Juárez","calle_numero":"Calle 24 s/n esq. Cda. Pirámide","colonia":"Col. San Pedro de los Pinos","cp":"3800.0","telefono":"55 5521 2115","pagina_web":"https://www.cultura.cdmx.gob.mx/recintos/archivo-historico/centros-culturales/cclp","email":"ferlapiramidecultura@gmail.com; difusionpira24@gmail.com","facebook":"","twitter":"","instagram":"","aforo":"","tipo_escenario":"","num_pantallas":"","link_sic":"http://sic.gob.mx/ficha.php?table=centro_cultural&table_id=1226","fecha_modificacion":"2026-08-05 12:47:10-06","es_pilares":"NO","dataset_relacionado":"","revision_manual":"NO","motivo_revision":"","fuente":"Sistema de Información Cultural (SIC)"}},{"type":"Feature","geometry":{"type":"Point","coordinates":[-99.18512,19.37344]},"properties":{"id_cultural":"CENTRO_CULTURAL_1974","id_sic":"1974","tipo_cultural":"CENTRO_CULTURAL","nombre":"Centro Vlady","fecha_fundacion":"2007-06-21","adscripcion_original":"Universidad Autónoma de la Ciudad de México","tipo_gestion":"PUBLICO","criterio_clasificacion":"EVIDENCIA_INSTITUCIONAL_PUBLICA","fuente_revision_gestion":"","nota_revision_gestion":"","estado_id":"9","entidad":"Ciudad de México","municipio_id":"14","municipio":"Benito Juárez","localidad_id":"1","localidad":"Benito Juárez","calle_numero":"Goya 63","colonia":"Col. Insurgentes Mixcoac","cp":"3920.0","telefono":"55 5611 7678","pagina_web":"https://cultura.uacm.edu.mx/paginas/centro-vlady","email":"centrovlady@gmail.com","facebook":"","twitter":"","instagram":"","aforo":"","tipo_escenario":"","num_pantallas":"","link_sic":"http://sic.gob.mx/ficha.php?table=centro_cultural&table_id=1974","fecha_modificacion":"2023-05-23 13:02:05-06","es_pilares":"NO","dataset_relacionado":"","revision_manual":"NO","motivo_revision":"","fuente":"Sistema de Información Cultural (SIC)"}},{"type":"Feature","geometry":{"type":"Point","coordinates":[-99.17539,19.38223]},"properties":{"id_cultural":"CENTRO_CULTURAL_2204","id_sic":"2204","tipo_cultural":"CENTRO_CULTURAL","nombre":"Instituto Guimarães Rosa-México","fecha_fundacion":"1960-01-01","adscripcion_original":"Embajada de Brasil en México","tipo_gestion":"PUBLICO","criterio_clasificacion":"EVIDENCIA_INSTITUCIONAL_PUBLICA","fuente_revision_gestion":"","nota_revision_gestion":"","estado_id":"9","entidad":"Ciudad de México","municipio_id":"14","municipio":"Benito Juárez","localidad_id":"1","localidad":"Benito Juárez","calle_numero":"Santa Rosalía 205","colonia":"Col. Insurgentes San Borja","cp":"3100.0","telefono":"55 5553 3183 ext. 2","pagina_web":"https://www.gov.br/mre/pt-br/embaixada-mexico/instituto-guimaraes-rosa-mexico-folder","email":"igr.mexico@itamaraty.gov.br","facebook":"","twitter":"","instagram":"","aforo":"","tipo_escenario":"","num_pantallas":"","link_sic":"http://sic.gob.mx/ficha.php?table=centro_cultural&table_id=2204","fecha_modificacion":"2025-08-28 12:11:13-06","es_pilares":"NO","dataset_relacionado":"","revision_manual":"NO","motivo_revision":"","fuente":"Sistema de Información Cultural (SIC)"}},{"type":"Feature","geometry":{"type":"Point","coordinates":[-99.13876,19.39514]},"properties":{"id_cultural":"CENTRO_CULTURAL_1245","id_sic":"1245","tipo_cultural":"CENTRO_CULTURAL","nombre":"Centro Cultural Aragón (INAPAM)","fecha_fundacion":"2000-09-10","adscripcion_original":"Secretaría de Desarrollo Social/Instituto Nacional de las Personas Adultas Mayores","tipo_gestion":"PUBLICO","criterio_clasificacion":"EVIDENCIA_INSTITUCIONAL_PUBLICA","fuente_revision_gestion":"","nota_revision_gestion":"","estado_id":"9","entidad":"Ciudad de México","municipio_id":"14","municipio":"Benito Juárez","localidad_id":"1","localidad":"Benito Juárez","calle_numero":"Aragón 224","colonia":"Col. Álamos","cp":"3000.0","telefono":"55 9180 1794","pagina_web":"https://www.gob.mx/inapam/acciones-y-programas/centros-culturales-inapam","email":"cc.aragon@inapam.gob.mx; contacto@inapam.gob.mx","facebook":"","twitter":"","instagram":"","aforo":"","tipo_escenario":"","num_pantallas":"","link_sic":"http://sic.gob.mx/ficha.php?table=centro_cultural&table_id=1245","fecha_modificacion":"2026-09-07 13:27:18-06","es_pilares":"NO","dataset_relacionado":"","revision_manual":"NO","motivo_revision":"","fuente":"Sistema de Información Cultural (SIC)"}},{"type":"Feature","geometry":{"type":"Point","coordinates":[-99.1769,19.368]},"properties":{"id_cultural":"CENTRO_CULTURAL_1243","id_sic":"1243","tipo_cultural":"CENTRO_CULTURAL","nombre":"Centro Cultural San Francisco del INAPAM","fecha_fundacion":"1994-05-02","adscripcion_original":"Instituto Nacional de las Personas Adultas Mayores","tipo_gestion":"PUBLICO","criterio_clasificacion":"EVIDENCIA_INSTITUCIONAL_PUBLICA","fuente_revision_gestion":"","nota_revision_gestion":"","estado_id":"9","entidad":"Ciudad de México","municipio_id":"14","municipio":"Benito Juárez","localidad_id":"1","localidad":"Benito Juárez","calle_numero":"Av. San Francisco 1809","colonia":"Col. del Valle Actipan","cp":"3100.0","telefono":"55 5534 9597","pagina_web":"https://www.gob.mx/inapam/acciones-y-programas/centros-culturales-inapam","email":"","facebook":"","twitter":"","instagram":"","aforo":"","tipo_escenario":"","num_pantallas":"","link_sic":"http://sic.gob.mx/ficha.php?table=centro_cultural&table_id=1243","fecha_modificacion":"2023-09-25 13:01:48-06","es_pilares":"NO","dataset_relacionado":"","revision_manual":"NO","motivo_revision":"","fuente":"Sistema de Información Cultural (SIC)"}},{"type":"Feature","geometry":{"type":"Point","coordinates":[-99.1647,19.39692]},"properties":{"id_cultural":"CENTRO_CULTURAL_1196","id_sic":"1196","tipo_cultural":"CENTRO_CULTURAL","nombre":"Casa de Cultura Emilio Carballido","fecha_fundacion":"1987-05-21","adscripcion_original":"Alcaldía  Benito Juárez/Coordinación de Cultura/Subdirección de Derechos Culturales Recreativos y Educativos","tipo_gestion":"PUBLICO","criterio_clasificacion":"EVIDENCIA_INSTITUCIONAL_PUBLICA","fuente_revision_gestion":"","nota_revision_gestion":"","estado_id":"9","entidad":"Ciudad de México","municipio_id":"14","municipio":"Benito Juárez","localidad_id":"1","localidad":"Benito Juárez","calle_numero":"Mier y Pesado 139","colonia":"Col. Del Valle","cp":"3100.0","telefono":"55 5422 5300 et. 4488","pagina_web":"https://alcaldiabenitojuarez.gob.mx/casas-de-cultura/","email":"abj.cultura@gmail.com","facebook":"","twitter":"","instagram":"","aforo":"","tipo_escenario":"","num_pantallas":"","link_sic":"http://sic.gob.mx/ficha.php?table=centro_cultural&table_id=1196","fecha_modificacion":"2024-06-05 10:23:01-06","es_pilares":"NO","dataset_relacionado":"","revision_manual":"NO","motivo_revision":"","fuente":"Sistema de Información Cultural (SIC)"}},{"type":"Feature","geometry":{"type":"Point","coordinates":[-99.15262,19.4182]},"properties":{"id_cultural":"CENTRO_CULTURAL_3412","id_sic":"3412","tipo_cultural":"CENTRO_CULTURAL","nombre":"Centro Cultural Laguna","fecha_fundacion":"2019-01-01","adscripcion_original":"","tipo_gestion":"NO_DETERMINADO","criterio_clasificacion":"SIN_ADSCRIPCION","fuente_revision_gestion":"","nota_revision_gestion":"","estado_id":"9","entidad":"Ciudad de México","municipio_id":"15","municipio":"Cuauhtémoc","localidad_id":"1","localidad":"Cuauhtémoc","calle_numero":"Dr. Lucio 181","colonia":"Col. Doctores","cp":"6720.0","telefono":"","pagina_web":"https://lagunamexico.com/","email":"hola@lagunamexico.com","facebook":"","twitter":"","instagram":"","aforo":"","tipo_escenario":"","num_pantallas":"","link_sic":"http://sic.gob.mx/ficha.php?table=centro_cultural&table_id=3412","fecha_modificacion":"2024-08-26 15:05:15-06","es_pilares":"NO","dataset_relacionado":"","revision_manual":"SI","motivo_revision":"No existe adscripción disponible para determinar el tipo de gestión.","fuente":"Sistema de Información Cultural (SIC)"}},{"type":"Feature","geometry":{"type":"Point","coordinates":[-99.16468,19.43538]},"properties":{"id_cultural":"CENTRO_CULTURAL_3045","id_sic":"3045","tipo_cultural":"CENTRO_CULTURAL","nombre":"Anglo Arts Centre","fecha_fundacion":"2016-08-01","adscripcion_original":"Anglo Mexican Foundation","tipo_gestion":"PRIVADO","criterio_clasificacion":"REVISION_MANUAL","fuente_revision_gestion":"","nota_revision_gestion":"","estado_id":"9","entidad":"Ciudad de México","municipio_id":"15","municipio":"Cuauhtémoc","localidad_id":"1","localidad":"Cuauhtémoc","calle_numero":"Antonio Caso 127","colonia":"Col. San Rafael","cp":"6470.0","telefono":"(55) 3067 8816","pagina_web":"https://www.theangloartsandculture.mx/","email":"anglo.arts@tamf.org.mx","facebook":"","twitter":"","instagram":"","aforo":"","tipo_escenario":"","num_pantallas":"","link_sic":"http://sic.gob.mx/ficha.php?table=centro_cultural&table_id=3045","fecha_modificacion":"2024-10-29 14:26:07-06","es_pilares":"NO","dataset_relacionado":"","revision_manual":"NO","motivo_revision":"","fuente":"Sistema de Información Cultural (SIC)"}},{"type":"Feature","geometry":{"type":"Point","coordinates":[-99.14836,19.40648]},"properties":{"id_cultural":"CENTRO_CULTURAL_3725","id_sic":"3725","tipo_cultural":"CENTRO_CULTURAL","nombre":"PILARES Ratón Macías","fecha_fundacion":"2023-01-01","adscripcion_original":"Gobierno de la Ciudad de México","tipo_gestion":"PUBLICO","criterio_clasificacion":"EVIDENCIA_INSTITUCIONAL_PUBLICA","fuente_revision_gestion":"","nota_revision_gestion":"","estado_id":"9","entidad":"Ciudad de México","municipio_id":"15","municipio":"Cuauhtémoc","localidad_id":"1","localidad":"Cuauhtémoc","calle_numero":"Dr. Andrade 401","colonia":"Col. Buenos Aires","cp":"6780.0","telefono":"55 5134 0770 ext 1806","pagina_web":"https://pilares.cdmx.gob.mx/pilares/1763/raton-macias","email":"coord_comunicacion@pilares.cdmx.gob.mx","facebook":"","twitter":"","instagram":"","aforo":"","tipo_escenario":"","num_pantallas":"","link_sic":"http://sic.gob.mx/ficha.php?table=centro_cultural&table_id=3725","fecha_modificacion":"2025-11-07 14:24:29-06","es_pilares":"SI","dataset_relacionado":"PILARES","revision_manual":"NO","motivo_revision":"","fuente":"Sistema de Información Cultural (SIC)"}},{"type":"Feature","geometry":{"type":"Point","coordinates":[-99.16076,19.42301]},"properties":{"id_cultural":"CENTRO_CULTURAL_1457","id_sic":"1457","tipo_cultural":"CENTRO_CULTURAL","nombre":"Casa Universitaria del Libro UNAM/CASUL","fecha_fundacion":"1986-12-10","adscripcion_original":"UNAM","tipo_gestion":"PUBLICO","criterio_clasificacion":"EVIDENCIA_INSTITUCIONAL_PUBLICA","fuente_revision_gestion":"","nota_revision_gestion":"","estado_id":"9","entidad":"Ciudad de México","municipio_id":"15","municipio":"Cuauhtémoc","localidad_id":"1","localidad":"Cuauhtémoc","calle_numero":"Orizaba 24 esq. Puebla","colonia":"Col.  Roma","cp":"6700.0","telefono":"55 5207 9390","pagina_web":"https://casul.unam.mx/","email":"difusioncasul@gmail.com","facebook":"","twitter":"","instagram":"","aforo":"","tipo_escenario":"","num_pantallas":"","link_sic":"http://sic.gob.mx/ficha.php?table=centro_cultural&table_id=1457","fecha_modificacion":"2024-08-26 09:30:07-06","es_pilares":"NO","dataset_relacionado":"","revision_manual":"NO","motivo_revision":"","fuente":"Sistema de Información Cultural (SIC)"}},{"type":"Feature","geometry":{"type":"Point","coordinates":[-99.13628,19.43142]},"properties":{"id_cultural":"CENTRO_CULTURAL_3292","id_sic":"3292","tipo_cultural":"CENTRO_CULTURAL","nombre":"Centro Cultural Foro Valparaíso","fecha_fundacion":"2019-11-15","adscripcion_original":"Banco Nacional de México, S.A","tipo_gestion":"PRIVADO","criterio_clasificacion":"REVISION_MANUAL","fuente_revision_gestion":"","nota_revision_gestion":"","estado_id":"9","entidad":"Ciudad de México","municipio_id":"15","municipio":"Cuauhtémoc","localidad_id":"1","localidad":"Cuauhtémoc","calle_numero":"Venustiano Carranza 60","colonia":"Centro Histórico","cp":"6000.0","telefono":"55 1226 4290","pagina_web":"https://www.banamex.com/valparaiso/index.html","email":"valparaiso@citi.com","facebook":"","twitter":"","instagram":"","aforo":"","tipo_escenario":"","num_pantallas":"","link_sic":"http://sic.gob.mx/ficha.php?table=centro_cultural&table_id=3292","fecha_modificacion":"2025-08-07 14:50:27-06","es_pilares":"NO","dataset_relacionado":"","revision_manual":"NO","motivo_revision":"","fuente":"Sistema de Información Cultural (SIC)"}},{"type":"Feature","geometry":{"type":"Point","coordinates":[-99.12565,19.44766]},"properties":{"id_cultural":"CENTRO_CULTURAL_3580","id_sic":"3580","tipo_cultural":"CENTRO_CULTURAL","nombre":"PILARES Tepito Morelos","fecha_fundacion":"1000-01-01","adscripcion_original":"Gobierno de la Ciudad de México","tipo_gestion":"PUBLICO","criterio_clasificacion":"EVIDENCIA_INSTITUCIONAL_PUBLICA","fuente_revision_gestion":"","nota_revision_gestion":"","estado_id":"9","entidad":"Ciudad de México","municipio_id":"15","municipio":"Cuauhtémoc","localidad_id":"1","localidad":"Cuauhtémoc","calle_numero":"Av. del Trabajo","colonia":"Col. Morelos","cp":"6200.0","telefono":"55 5134 0770 ext 1806","pagina_web":"https://pilares.cdmx.gob.mx/","email":"coord_comunicacion@pilares.cdmx.gob.mx","facebook":"","twitter":"","instagram":"","aforo":"","tipo_escenario":"","num_pantallas":"","link_sic":"http://sic.gob.mx/ficha.php?table=centro_cultural&table_id=3580","fecha_modificacion":"2025-08-08 11:34:03-06","es_pilares":"SI","dataset_relacionado":"PILARES","revision_manual":"NO","motivo_revision":"","fuente":"Sistema de Información Cultural (SIC)"}},{"type":"Feature","geometry":{"type":"Point","coordinates":[-99.15945,19.42769]},"properties":{"id_cultural":"CENTRO_CULTURAL_2921","id_sic":"2921","tipo_cultural":"CENTRO_CULTURAL","nombre":"Foro 37, Casa de Cultura","fecha_fundacion":"2014-08-14","adscripcion_original":"","tipo_gestion":"NO_DETERMINADO","criterio_clasificacion":"SIN_ADSCRIPCION","fuente_revision_gestion":"","nota_revision_gestion":"","estado_id":"9","entidad":"Ciudad de México","municipio_id":"15","municipio":"Cuauhtémoc","localidad_id":"1","localidad":"Cuauhtémoc","calle_numero":"Londres 37","colonia":"Col. Juárez","cp":"6600.0","telefono":"55 5207 7873","pagina_web":"https://foro37.com/","email":"hola@foro37.com","facebook":"","twitter":"","instagram":"","aforo":"","tipo_escenario":"","num_pantallas":"","link_sic":"http://sic.gob.mx/ficha.php?table=centro_cultural&table_id=2921","fecha_modificacion":"2023-10-26 07:09:11-06","es_pilares":"NO","dataset_relacionado":"","revision_manual":"SI","motivo_revision":"No existe adscripción disponible para determinar el tipo de gestión.","fuente":"Sistema de Información Cultural (SIC)"}},{"type":"Feature","geometry":{"type":"Point","coordinates":[-99.13429,19.43986]},"properties":{"id_cultural":"CENTRO_CULTURAL_3579","id_sic":"3579","tipo_cultural":"CENTRO_CULTURAL","nombre":"PILARES Rockdrigo González","fecha_fundacion":"1000-01-01","adscripcion_original":"Secretaría de Cultura de la Ciudad de México","tipo_gestion":"PUBLICO","criterio_clasificacion":"EVIDENCIA_INSTITUCIONAL_PUBLICA","fuente_revision_gestion":"","nota_revision_gestion":"","estado_id":"9","entidad":"Ciudad de México","municipio_id":"15","municipio":"Cuauhtémoc","localidad_id":"1","localidad":"Cuauhtémoc","calle_numero":"Republica de Perú 88","colonia":"Centro","cp":"6010.0","telefono":"55 5134 0770 ext 1806","pagina_web":"https://pilares.cdmx.gob.mx/","email":"coord_comunicacion@pilares.cdmx.gob.mx","facebook":"","twitter":"","instagram":"","aforo":"","tipo_escenario":"","num_pantallas":"","link_sic":"http://sic.gob.mx/ficha.php?table=centro_cultural&table_id=3579","fecha_modificacion":"2025-12-09 10:33:13-06","es_pilares":"SI","dataset_relacionado":"PILARES","revision_manual":"NO","motivo_revision":"","fuente":"Sistema de Información Cultural (SIC)"}},{"type":"Feature","geometry":{"type":"Point","coordinates":[-99.12343,19.44237]},"properties":{"id_cultural":"CENTRO_CULTURAL_3826","id_sic":"3826","tipo_cultural":"CENTRO_CULTURAL","nombre":"Espacio Cultural Tepito","fecha_fundacion":"1982-01-01","adscripcion_original":"","tipo_gestion":"NO_DETERMINADO","criterio_clasificacion":"SIN_ADSCRIPCION","fuente_revision_gestion":"","nota_revision_gestion":"","estado_id":"9","entidad":"Ciudad de México","municipio_id":"15","municipio":"Cuauhtémoc","localidad_id":"1","localidad":"Cuauhtémoc","calle_numero":"Vidal Alcocer 114","colonia":"Morelos","cp":"6022.0","telefono":"55 3473 8799","pagina_web":"","email":"espacioculturaltepito@gmail.com","facebook":"","twitter":"","instagram":"","aforo":"","tipo_escenario":"","num_pantallas":"","link_sic":"http://sic.gob.mx/ficha.php?table=centro_cultural&table_id=3826","fecha_modificacion":"2024-12-11 13:04:39-06","es_pilares":"NO","dataset_relacionado":"","revision_manual":"SI","motivo_revision":"No existe adscripción disponible para determinar el tipo de gestión.","fuente":"Sistema de Información Cultural (SIC)"}},{"type":"Feature","geometry":{"type":"Point","coordinates":[-99.17061,19.43275]},"properties":{"id_cultural":"CENTRO_CULTURAL_3533","id_sic":"3533","tipo_cultural":"CENTRO_CULTURAL","nombre":"PILARES Río Tiber","fecha_fundacion":"1000-01-01","adscripcion_original":"Gobierno de la Ciudad de México","tipo_gestion":"PUBLICO","criterio_clasificacion":"EVIDENCIA_INSTITUCIONAL_PUBLICA","fuente_revision_gestion":"","nota_revision_gestion":"","estado_id":"9","entidad":"Ciudad de México","municipio_id":"15","municipio":"Cuauhtémoc","localidad_id":"1","localidad":"Cuauhtémoc","calle_numero":"Circuito interior Melchor Ocampo y Río Tiber s/n","colonia":"Cuauhtémoc","cp":"6500.0","telefono":"55 5134 0770 ext 1806","pagina_web":"https://pilares.cdmx.gob.mx/","email":"coord_comunicacion@pilares.cdmx.gob.mx","facebook":"","twitter":"","instagram":"","aforo":"","tipo_escenario":"","num_pantallas":"","link_sic":"http://sic.gob.mx/ficha.php?table=centro_cultural&table_id=3533","fecha_modificacion":"2025-08-27 12:21:45-06","es_pilares":"SI","dataset_relacionado":"PILARES","revision_manual":"NO","motivo_revision":"","fuente":"Sistema de Información Cultural (SIC)"}},{"type":"Feature","geometry":{"type":"Point","coordinates":[-99.16223,19.42835]},"properties":{"id_cultural":"CENTRO_CULTURAL_1460","id_sic":"1460","tipo_cultural":"CENTRO_CULTURAL","nombre":"Centro Cultural Casa de Francia","fecha_fundacion":"1998-11-12","adscripcion_original":"Instituto Francés de América Latina","tipo_gestion":"PUBLICO","criterio_clasificacion":"REVISION_MANUAL","fuente_revision_gestion":"","nota_revision_gestion":"","estado_id":"9","entidad":"Ciudad de México","municipio_id":"15","municipio":"Cuauhtémoc","localidad_id":"1","localidad":"Cuauhtémoc","calle_numero":"Havre 15","colonia":"Col. Juárez","cp":"6600.0","telefono":"55 5511 3151","pagina_web":"https://ifal.mx/","email":"contacto@casadefranciadigital.org.mx","facebook":"","twitter":"","instagram":"","aforo":"","tipo_escenario":"","num_pantallas":"","link_sic":"http://sic.gob.mx/ficha.php?table=centro_cultural&table_id=1460","fecha_modificacion":"2025-01-29 14:04:57-06","es_pilares":"NO","dataset_relacionado":"","revision_manual":"NO","motivo_revision":"","fuente":"Sistema de Información Cultural (SIC)"}},{"type":"Feature","geometry":{"type":"Point","coordinates":[-99.13821,19.42001]},"properties":{"id_cultural":"CENTRO_CULTURAL_3983","id_sic":"3983","tipo_cultural":"CENTRO_CULTURAL","nombre":"Centro Cultural Arte Obrera ARO","fecha_fundacion":"2017-01-01","adscripcion_original":"","tipo_gestion":"NO_DETERMINADO","criterio_clasificacion":"SIN_ADSCRIPCION","fuente_revision_gestion":"","nota_revision_gestion":"","estado_id":"9","entidad":"Ciudad de México","municipio_id":"15","municipio":"Cuauhtémoc","localidad_id":"1","localidad":"Cuauhtémoc","calle_numero":"Av. Isabel la Católica 233","colonia":"Col. Obrera","cp":"6800.0","telefono":"55 2771 6292","pagina_web":"","email":"centrodeartes.aro@gmail.com; gomezlucila86@gmail.com","facebook":"","twitter":"","instagram":"","aforo":"","tipo_escenario":"","num_pantallas":"","link_sic":"http://sic.gob.mx/ficha.php?table=centro_cultural&table_id=3983","fecha_modificacion":"2026-04-06 18:43:52-06","es_pilares":"NO","dataset_relacionado":"","revision_manual":"SI","motivo_revision":"No existe adscripción disponible para determinar el tipo de gestión.","fuente":"Sistema de Información Cultural (SIC)"}},{"type":"Feature","geometry":{"type":"Point","coordinates":[-99.13945,19.43693]},"properties":{"id_cultural":"CENTRO_CULTURAL_3118","id_sic":"3118","tipo_cultural":"CENTRO_CULTURAL","nombre":"Casa Nuestra Xicoténcatl","fecha_fundacion":"2019-04-10","adscripcion_original":"Senado de la República","tipo_gestion":"PUBLICO","criterio_clasificacion":"EVIDENCIA_INSTITUCIONAL_PUBLICA","fuente_revision_gestion":"","nota_revision_gestion":"","estado_id":"9","entidad":"Ciudad de México","municipio_id":"15","municipio":"Cuauhtémoc","localidad_id":"1","localidad":"Cuauhtémoc","calle_numero":"Xicoténcatl 9","colonia":"Centro","cp":"6018.0","telefono":"55 5130 2200","pagina_web":"","email":"","facebook":"","twitter":"","instagram":"","aforo":"","tipo_escenario":"","num_pantallas":"","link_sic":"http://sic.gob.mx/ficha.php?table=centro_cultural&table_id=3118","fecha_modificacion":"2020-04-23 13:50:53-05","es_pilares":"NO","dataset_relacionado":"","revision_manual":"NO","motivo_revision":"","fuente":"Sistema de Información Cultural (SIC)"}},{"type":"Feature","geometry":{"type":"Point","coordinates":[-99.15167,19.44165]},"properties":{"id_cultural":"CENTRO_CULTURAL_3108","id_sic":"3108","tipo_cultural":"CENTRO_CULTURAL","nombre":"Cultubar Hostería La Bota","fecha_fundacion":"2005-10-06","adscripcion_original":"","tipo_gestion":"NO_DETERMINADO","criterio_clasificacion":"SIN_ADSCRIPCION","fuente_revision_gestion":"","nota_revision_gestion":"","estado_id":"9","entidad":"Ciudad de México","municipio_id":"15","municipio":"Cuauhtémoc","localidad_id":"1","localidad":"Cuauhtémoc","calle_numero":"San Jerónimo 40","colonia":"Centro Histórico","cp":"6050.0","telefono":"55 5709 9016","pagina_web":"https://hosterialabota.blogspot.com/?fbclid=IwY2xjawI9cJ5leHRuA2FlbQIxMAABHf4hgRptVMQY4WUCQGye5UpimQQ5peuXq32C3XnFpPDoV1liByzA3TzDhQ_aem_-sBHKXjp3OnoCLJaLMWK3Q","email":"hosterialabota@gmail.com","facebook":"","twitter":"","instagram":"","aforo":"","tipo_escenario":"","num_pantallas":"","link_sic":"http://sic.gob.mx/ficha.php?table=centro_cultural&table_id=3108","fecha_modificacion":"2025-03-11 13:57:46-06","es_pilares":"NO","dataset_relacionado":"","revision_manual":"SI","motivo_revision":"No existe adscripción disponible para determinar el tipo de gestión.","fuente":"Sistema de Información Cultural (SIC)"}},{"type":"Feature","geometry":{"type":"Point","coordinates":[-99.15871,19.41385]},"properties":{"id_cultural":"CENTRO_CULTURAL_1420","id_sic":"1420","tipo_cultural":"CENTRO_CULTURAL","nombre":"Casa de Cultura la Casa de Orizaba","fecha_fundacion":"1995-05-01","adscripcion_original":"","tipo_gestion":"NO_DETERMINADO","criterio_clasificacion":"SIN_ADSCRIPCION","fuente_revision_gestion":"","nota_revision_gestion":"","estado_id":"9","entidad":"Ciudad de México","municipio_id":"15","municipio":"Cuauhtémoc","localidad_id":"1","localidad":"Cuauhtémoc","calle_numero":"Orizaba 193","colonia":"Col. Roma","cp":"6700.0","telefono":"(55) 5264 8380 ext. 108","pagina_web":"https://es-la.facebook.com/Foro-Luces-de-Bohemia-Centro-Cultural-Casa-de-Orizaba-1033898529963961/","email":"management@speakbusiness.com.mx<br>forolucesdebohemia@yahoo.com.mx","facebook":"","twitter":"","instagram":"","aforo":"","tipo_escenario":"","num_pantallas":"","link_sic":"http://sic.gob.mx/ficha.php?table=centro_cultural&table_id=1420","fecha_modificacion":"2020-04-21 16:32:24-05","es_pilares":"NO","dataset_relacionado":"","revision_manual":"SI","motivo_revision":"No existe adscripción disponible para determinar el tipo de gestión.","fuente":"Sistema de Información Cultural (SIC)"}},{"type":"Feature","geometry":{"type":"Point","coordinates":[-99.18038,19.40883]},"properties":{"id_cultural":"CENTRO_CULTURAL_2467","id_sic":"2467","tipo_cultural":"CENTRO_CULTURAL","nombre":"Centro Cultural Vladimir Kaspé","fecha_fundacion":"2007-01-01","adscripcion_original":"Universidad La Salle","tipo_gestion":"PRIVADO","criterio_clasificacion":"REVISION_MANUAL","fuente_revision_gestion":"","nota_revision_gestion":"","estado_id":"9","entidad":"Ciudad de México","municipio_id":"15","municipio":"Cuauhtémoc","localidad_id":"1","localidad":"Cuauhtémoc","calle_numero":"Benjamín Hill 43","colonia":"Col. Condesa","cp":"6140.0","telefono":"55 5278 9573 ext. 5402","pagina_web":"","email":"david.zepeda@lasalle.mx","facebook":"","twitter":"","instagram":"","aforo":"","tipo_escenario":"","num_pantallas":"","link_sic":"http://sic.gob.mx/ficha.php?table=centro_cultural&table_id=2467","fecha_modificacion":"2025-11-19 14:23:54-06","es_pilares":"NO","dataset_relacionado":"","revision_manual":"NO","motivo_revision":"","fuente":"Sistema de Información Cultural (SIC)"}},{"type":"Feature","geometry":{"type":"Point","coordinates":[-99.13708,19.41671]},"properties":{"id_cultural":"CENTRO_CULTURAL_3052","id_sic":"3052","tipo_cultural":"CENTRO_CULTURAL","nombre":"Obrera Centro","fecha_fundacion":"2017-01-01","adscripcion_original":"","tipo_gestion":"NO_DETERMINADO","criterio_clasificacion":"SIN_ADSCRIPCION","fuente_revision_gestion":"","nota_revision_gestion":"","estado_id":"9","entidad":"Ciudad de México","municipio_id":"15","municipio":"Cuauhtémoc","localidad_id":"1","localidad":"Cuauhtémoc","calle_numero":"Isabel La Catolica 144","colonia":"Col. Obrera","cp":"6080.0","telefono":"55 5709 3735","pagina_web":"","email":"obreracentro@gmail.com","facebook":"","twitter":"","instagram":"","aforo":"","tipo_escenario":"","num_pantallas":"","link_sic":"http://sic.gob.mx/ficha.php?table=centro_cultural&table_id=3052","fecha_modificacion":"2025-11-14 19:24:14-06","es_pilares":"NO","dataset_relacionado":"","revision_manual":"SI","motivo_revision":"No existe adscripción disponible para determinar el tipo de gestión.","fuente":"Sistema de Información Cultural (SIC)"}},{"type":"Feature","geometry":{"type":"Point","coordinates":[-99.17749,19.40749]},"properties":{"id_cultural":"CENTRO_CULTURAL_1981","id_sic":"1981","tipo_cultural":"CENTRO_CULTURAL","nombre":"Centro Cultural Bella Época","fecha_fundacion":"2006-04-26","adscripcion_original":"Fondo de Cultura Económica","tipo_gestion":"PUBLICO","criterio_clasificacion":"EVIDENCIA_INSTITUCIONAL_PUBLICA","fuente_revision_gestion":"","nota_revision_gestion":"","estado_id":"9","entidad":"Ciudad de México","municipio_id":"15","municipio":"Cuauhtémoc","localidad_id":"1","localidad":"Cuauhtémoc","calle_numero":"Tamaulipas 202 esq. Benjamín Hill","colonia":"Col. Hipódromo Condesa","cp":"6170.0","telefono":"(55) 5376 7110 ext. 2613","pagina_web":"https://www.facebook.com/CentroCulturalBellaEpoca/","email":"eventos.bellaepoca@fondodeculturaeconomica.com","facebook":"","twitter":"","instagram":"","aforo":"","tipo_escenario":"","num_pantallas":"","link_sic":"http://sic.gob.mx/ficha.php?table=centro_cultural&table_id=1981","fecha_modificacion":"2017-10-09 13:41:55-05","es_pilares":"NO","dataset_relacionado":"","revision_manual":"NO","motivo_revision":"","fuente":"Sistema de Información Cultural (SIC)"}},{"type":"Feature","geometry":{"type":"Point","coordinates":[-99.16057,19.40885]},"properties":{"id_cultural":"CENTRO_CULTURAL_2862","id_sic":"2862","tipo_cultural":"CENTRO_CULTURAL","nombre":"Cine Tonalá","fecha_fundacion":"2012-05-25","adscripcion_original":"","tipo_gestion":"NO_DETERMINADO","criterio_clasificacion":"SIN_ADSCRIPCION","fuente_revision_gestion":"","nota_revision_gestion":"","estado_id":"9","entidad":"Ciudad de México","municipio_id":"15","municipio":"Cuauhtémoc","localidad_id":"1","localidad":"Cuauhtémoc","calle_numero":"Tonalá 261","colonia":"Col. Roma Sur","cp":"6760.0","telefono":"55 5264 4101","pagina_web":"http://www.cinetonala.com","email":"bruno@cinetonala.com","facebook":"","twitter":"","instagram":"","aforo":"","tipo_escenario":"","num_pantallas":"","link_sic":"http://sic.gob.mx/ficha.php?table=centro_cultural&table_id=2862","fecha_modificacion":"2020-05-26 13:47:45-05","es_pilares":"NO","dataset_relacionado":"","revision_manual":"SI","motivo_revision":"No existe adscripción disponible para determinar el tipo de gestión.","fuente":"Sistema de Información Cultural (SIC)"}},{"type":"Feature","geometry":{"type":"Point","coordinates":[-99.16294,19.4545]},"properties":{"id_cultural":"CENTRO_CULTURAL_3779","id_sic":"3779","tipo_cultural":"CENTRO_CULTURAL","nombre":"Taller de Producción El Nidal","fecha_fundacion":"1000-01-01","adscripcion_original":"","tipo_gestion":"NO_DETERMINADO","criterio_clasificacion":"SIN_ADSCRIPCION","fuente_revision_gestion":"","nota_revision_gestion":"","estado_id":"9","entidad":"Ciudad de México","municipio_id":"15","municipio":"Cuauhtémoc","localidad_id":"1","localidad":"Cuauhtémoc","calle_numero":"Nogal 275","colonia":"Col. Santa María la Ribera","cp":"6400.0","telefono":"55 3743 8610","pagina_web":"","email":"","facebook":"","twitter":"","instagram":"","aforo":"","tipo_escenario":"","num_pantallas":"","link_sic":"http://sic.gob.mx/ficha.php?table=centro_cultural&table_id=3779","fecha_modificacion":"2024-12-03 17:57:10-06","es_pilares":"NO","dataset_relacionado":"","revision_manual":"SI","motivo_revision":"No existe adscripción disponible para determinar el tipo de gestión.","fuente":"Sistema de Información Cultural (SIC)"}},{"type":"Feature","geometry":{"type":"Point","coordinates":[-99.13257,19.43515]},"properties":{"id_cultural":"CENTRO_CULTURAL_768","id_sic":"768","tipo_cultural":"CENTRO_CULTURAL","nombre":"Centro Cultural de España en México","fecha_fundacion":"2002-11-18","adscripcion_original":"Embajada de España/Agencia Española de Cooperación Internacional para el Desarrollo","tipo_gestion":"PUBLICO","criterio_clasificacion":"EVIDENCIA_INSTITUCIONAL_PUBLICA","fuente_revision_gestion":"","nota_revision_gestion":"","estado_id":"9","entidad":"Ciudad de México","municipio_id":"15","municipio":"Cuauhtémoc","localidad_id":"1","localidad":"Cuauhtémoc","calle_numero":"Guatemala 18 esq. Donceles 97","colonia":"Centro","cp":"6010.0","telefono":"55 5521 1925 al 28","pagina_web":"https://ccemx.org/evento/espacios-en-resistencia-programa-publico/","email":"info@ccemx.org","facebook":"","twitter":"","instagram":"","aforo":"","tipo_escenario":"","num_pantallas":"","link_sic":"http://sic.gob.mx/ficha.php?table=centro_cultural&table_id=768","fecha_modificacion":"2023-03-23 08:44:58-06","es_pilares":"NO","dataset_relacionado":"","revision_manual":"NO","motivo_revision":"","fuente":"Sistema de Información Cultural (SIC)"}},{"type":"Feature","geometry":{"type":"Point","coordinates":[-99.13429,19.43533]},"properties":{"id_cultural":"CENTRO_CULTURAL_3345","id_sic":"3345","tipo_cultural":"CENTRO_CULTURAL","nombre":"Centro Cultural Espacio Monca","fecha_fundacion":"1000-01-01","adscripcion_original":"Particular","tipo_gestion":"PRIVADO","criterio_clasificacion":"CLASIFICACION_EXPLICITA","fuente_revision_gestion":"","nota_revision_gestion":"","estado_id":"9","entidad":"Ciudad de México","municipio_id":"15","municipio":"Cuauhtémoc","localidad_id":"1","localidad":"Cuauhtémoc","calle_numero":"Tacuba 88, piso 1","colonia":"Centro","cp":"6000.0","telefono":"55 6122 6209","pagina_web":"","email":"espaciomonca@gmail.com","facebook":"","twitter":"","instagram":"","aforo":"","tipo_escenario":"","num_pantallas":"","link_sic":"http://sic.gob.mx/ficha.php?table=centro_cultural&table_id=3345","fecha_modificacion":"2021-07-05 07:22:22-05","es_pilares":"NO","dataset_relacionado":"","revision_manual":"NO","motivo_revision":"","fuente":"Sistema de Información Cultural (SIC)"}},{"type":"Feature","geometry":{"type":"Point","coordinates":[-99.16279,19.41281]},"properties":{"id_cultural":"CENTRO_CULTURAL_3593","id_sic":"3593","tipo_cultural":"CENTRO_CULTURAL","nombre":"PILARES Benito Juárez y el Liberalismo Mexicano","fecha_fundacion":"2021-01-01","adscripcion_original":"Gobierno de la Ciudad de México","tipo_gestion":"PUBLICO","criterio_clasificacion":"EVIDENCIA_INSTITUCIONAL_PUBLICA","fuente_revision_gestion":"","nota_revision_gestion":"","estado_id":"9","entidad":"Ciudad de México","municipio_id":"15","municipio":"Cuauhtémoc","localidad_id":"1","localidad":"Cuauhtémoc","calle_numero":"Eje 2 poniente Monterrey 206","colonia":"Roma Norte","cp":"6700.0","telefono":"55 5134 0770 ext. 1806","pagina_web":"https://pilares.cdmx.gob.mx/","email":"coord_comunicacion@pilares.cdmx.gob.mx","facebook":"","twitter":"","instagram":"","aforo":"","tipo_escenario":"","num_pantallas":"","link_sic":"http://sic.gob.mx/ficha.php?table=centro_cultural&table_id=3593","fecha_modificacion":"2026-01-15 13:15:26-06","es_pilares":"SI","dataset_relacionado":"PILARES","revision_manual":"NO","motivo_revision":"","fuente":"Sistema de Información Cultural (SIC)"}},{"type":"Feature","geometry":{"type":"Point","coordinates":[-99.124,19.45716]},"properties":{"id_cultural":"CENTRO_CULTURAL_3549","id_sic":"3549","tipo_cultural":"CENTRO_CULTURAL","nombre":"PILARES Boleo","fecha_fundacion":"1000-01-01","adscripcion_original":"Secretaría de Cultura de la Ciudad de México","tipo_gestion":"PUBLICO","criterio_clasificacion":"EVIDENCIA_INSTITUCIONAL_PUBLICA","fuente_revision_gestion":"","nota_revision_gestion":"","estado_id":"9","entidad":"Ciudad de México","municipio_id":"15","municipio":"Cuauhtémoc","localidad_id":"1","localidad":"Cuauhtémoc","calle_numero":"Ferrocarril Hidalgo s/n","colonia":"Col. Valle Gómez","cp":"6240.0","telefono":"55 5134 0770 ext 1806","pagina_web":"https://pilares.cdmx.gob.mx/","email":"coord_comunicacion@pilares.cdmx.gob.mx","facebook":"","twitter":"","instagram":"","aforo":"","tipo_escenario":"","num_pantallas":"","link_sic":"http://sic.gob.mx/ficha.php?table=centro_cultural&table_id=3549","fecha_modificacion":"2024-06-11 11:44:53-06","es_pilares":"SI","dataset_relacionado":"PILARES","revision_manual":"NO","motivo_revision":"","fuente":"Sistema de Información Cultural (SIC)"}},{"type":"Feature","geometry":{"type":"Point","coordinates":[-99.15464,19.42339]},"properties":{"id_cultural":"CENTRO_CULTURAL_1505","id_sic":"1505","tipo_cultural":"CENTRO_CULTURAL","nombre":"Buzón del Arte","fecha_fundacion":"2008-01-01","adscripcion_original":"","tipo_gestion":"NO_DETERMINADO","criterio_clasificacion":"SIN_ADSCRIPCION","fuente_revision_gestion":"","nota_revision_gestion":"","estado_id":"9","entidad":"Ciudad de México","municipio_id":"15","municipio":"Cuauhtémoc","localidad_id":"1","localidad":"Cuauhtémoc","calle_numero":"Cjón. Romita 8","colonia":"Col. Roma","cp":"6700.0","telefono":"(55) 2554 5599","pagina_web":"http://buzondearte.tripod.com/index.html","email":"buzondearte@gmail.com","facebook":"","twitter":"","instagram":"","aforo":"","tipo_escenario":"","num_pantallas":"","link_sic":"http://sic.gob.mx/ficha.php?table=centro_cultural&table_id=1505","fecha_modificacion":"2020-04-21 16:32:09-05","es_pilares":"NO","dataset_relacionado":"","revision_manual":"SI","motivo_revision":"No existe adscripción disponible para determinar el tipo de gestión.","fuente":"Sistema de Información Cultural (SIC)"}},{"type":"Feature","geometry":{"type":"Point","coordinates":[-99.1566,19.44188]},"properties":{"id_cultural":"CENTRO_CULTURAL_1091","id_sic":"1091","tipo_cultural":"CENTRO_CULTURAL","nombre":"Centro Cultural Museo Universitario del Chopo","fecha_fundacion":"1975-11-25","adscripcion_original":"UNAM","tipo_gestion":"PUBLICO","criterio_clasificacion":"EVIDENCIA_INSTITUCIONAL_PUBLICA","fuente_revision_gestion":"","nota_revision_gestion":"","estado_id":"9","entidad":"Ciudad de México","municipio_id":"15","municipio":"Cuauhtémoc","localidad_id":"1","localidad":"Cuauhtémoc","calle_numero":"Dr. Enrique González Martínez 10","colonia":"Col. Santa María la Ribera","cp":"6400.0","telefono":"(55) 5546 5484","pagina_web":"http://www.chopo.unam.mx","email":"chopo@unam.mx","facebook":"","twitter":"","instagram":"","aforo":"","tipo_escenario":"","num_pantallas":"","link_sic":"http://sic.gob.mx/ficha.php?table=centro_cultural&table_id=1091","fecha_modificacion":"2020-04-21 04:23:15-05","es_pilares":"NO","dataset_relacionado":"","revision_manual":"NO","motivo_revision":"","fuente":"Sistema de Información Cultural (SIC)"}},{"type":"Feature","geometry":{"type":"Point","coordinates":[-99.15817,19.42921]},"properties":{"id_cultural":"CENTRO_CULTURAL_1414","id_sic":"1414","tipo_cultural":"CENTRO_CULTURAL","nombre":"Centro Cultural Ateneo Español de México","fecha_fundacion":"1949-01-04","adscripcion_original":"Ateneo Español de México, A.C.","tipo_gestion":"PRIVADO","criterio_clasificacion":"EVIDENCIA_INSTITUCIONAL_PRIVADA","fuente_revision_gestion":"","nota_revision_gestion":"","estado_id":"9","entidad":"Ciudad de México","municipio_id":"15","municipio":"Cuauhtémoc","localidad_id":"1","localidad":"Cuauhtémoc","calle_numero":"Hamburgo 6 esq. Berlín","colonia":"Col. Juárez","cp":"6600.0","telefono":"55 5709 00 27","pagina_web":"http://www.ateneoesmex.com","email":"info@ateneoesmex.com","facebook":"","twitter":"","instagram":"","aforo":"","tipo_escenario":"","num_pantallas":"","link_sic":"http://sic.gob.mx/ficha.php?table=centro_cultural&table_id=1414","fecha_modificacion":"2025-11-06 14:31:04-06","es_pilares":"NO","dataset_relacionado":"","revision_manual":"NO","motivo_revision":"","fuente":"Sistema de Información Cultural (SIC)"}},{"type":"Feature","geometry":{"type":"Point","coordinates":[-99.13262,19.42256]},"properties":{"id_cultural":"CENTRO_CULTURAL_3659","id_sic":"3659","tipo_cultural":"CENTRO_CULTURAL","nombre":"PILARES Evangelina Corona","fecha_fundacion":"2022-11-01","adscripcion_original":"Secretaría de Cultura de la Ciudad de México","tipo_gestion":"PUBLICO","criterio_clasificacion":"EVIDENCIA_INSTITUCIONAL_PUBLICA","fuente_revision_gestion":"","nota_revision_gestion":"","estado_id":"9","entidad":"Ciudad de México","municipio_id":"15","municipio":"Cuauhtémoc","localidad_id":"1","localidad":"Cuauhtémoc","calle_numero":"Cerrada Fray Servando Teresa de Mier 24","colonia":"Col. Tránsito","cp":"","telefono":"55 5134 0770 ext 1806","pagina_web":"https://pilares.cdmx.gob.mx/","email":"coord_comunicacion@pilares.cdmx.gob.mx","facebook":"","twitter":"","instagram":"","aforo":"","tipo_escenario":"","num_pantallas":"","link_sic":"http://sic.gob.mx/ficha.php?table=centro_cultural&table_id=3659","fecha_modificacion":"2025-11-12 14:32:06-06","es_pilares":"SI","dataset_relacionado":"PILARES","revision_manual":"NO","motivo_revision":"","fuente":"Sistema de Información Cultural (SIC)"}},{"type":"Feature","geometry":{"type":"Point","coordinates":[-99.13397,19.43991]},"properties":{"id_cultural":"CENTRO_CULTURAL_2097","id_sic":"2097","tipo_cultural":"CENTRO_CULTURAL","nombre":"Centro Cultural del México Contemporáneo","fecha_fundacion":"2005-04-25","adscripcion_original":"Fundación Centro Cultural del México Contemporáneo, A.C.","tipo_gestion":"PRIVADO","criterio_clasificacion":"EVIDENCIA_INSTITUCIONAL_PRIVADA","fuente_revision_gestion":"","nota_revision_gestion":"","estado_id":"9","entidad":"Ciudad de México","municipio_id":"15","municipio":"Cuauhtémoc","localidad_id":"1","localidad":"Cuauhtémoc","calle_numero":"Leandro Valle 20","colonia":"Centro Histórico","cp":"6020.0","telefono":"55 5529 1567","pagina_web":"","email":"fundacionccmc@gmail.com","facebook":"","twitter":"","instagram":"","aforo":"","tipo_escenario":"","num_pantallas":"","link_sic":"http://sic.gob.mx/ficha.php?table=centro_cultural&table_id=2097","fecha_modificacion":"2024-04-03 08:32:12-06","es_pilares":"NO","dataset_relacionado":"","revision_manual":"NO","motivo_revision":"","fuente":"Sistema de Información Cultural (SIC)"}},{"type":"Feature","geometry":{"type":"Point","coordinates":[-99.14751,19.42094]},"properties":{"id_cultural":"CENTRO_CULTURAL_1677","id_sic":"1677","tipo_cultural":"CENTRO_CULTURAL","nombre":"Centro Cultural Estación Indianilla","fecha_fundacion":"2006-12-01","adscripcion_original":"Gobierno de la Ciudad de México","tipo_gestion":"PUBLICO","criterio_clasificacion":"EVIDENCIA_INSTITUCIONAL_PUBLICA","fuente_revision_gestion":"","nota_revision_gestion":"","estado_id":"9","entidad":"Ciudad de México","municipio_id":"15","municipio":"Cuauhtémoc","localidad_id":"1","localidad":"Cuauhtémoc","calle_numero":"Dr. Claudio Bernard 111 esq. Niños Héroes","colonia":"Col. Doctores","cp":"6720.0","telefono":"55 5761 9058","pagina_web":"","email":"estacionindianillacc@gmail.com","facebook":"","twitter":"","instagram":"","aforo":"","tipo_escenario":"","num_pantallas":"","link_sic":"http://sic.gob.mx/ficha.php?table=centro_cultural&table_id=1677","fecha_modificacion":"2025-01-29 12:39:25-06","es_pilares":"NO","dataset_relacionado":"","revision_manual":"NO","motivo_revision":"","fuente":"Sistema de Información Cultural (SIC)"}},{"type":"Feature","geometry":{"type":"Point","coordinates":[-99.12881,19.4109]},"properties":{"id_cultural":"CENTRO_CULTURAL_3561","id_sic":"3561","tipo_cultural":"CENTRO_CULTURAL","nombre":"PILARES San Francisco Tultenco","fecha_fundacion":"2020-02-06","adscripcion_original":"Secretaría de Cultura de la Ciudad de México","tipo_gestion":"PUBLICO","criterio_clasificacion":"EVIDENCIA_INSTITUCIONAL_PUBLICA","fuente_revision_gestion":"","nota_revision_gestion":"","estado_id":"9","entidad":"Ciudad de México","municipio_id":"15","municipio":"Cuauhtémoc","localidad_id":"1","localidad":"Cuauhtémoc","calle_numero":"San Francisco Tultenco 41","colonia":"Col. Paulino Navarro","cp":"6870.0","telefono":"55 5134 0770 ext 1806","pagina_web":"https://pilares.cdmx.gob.mx/","email":"coord_comunicacion@pilares.cdmx.gob.mx","facebook":"","twitter":"","instagram":"","aforo":"","tipo_escenario":"","num_pantallas":"","link_sic":"http://sic.gob.mx/ficha.php?table=centro_cultural&table_id=3561","fecha_modificacion":"2025-08-27 12:24:28-06","es_pilares":"SI","dataset_relacionado":"PILARES","revision_manual":"NO","motivo_revision":"","fuente":"Sistema de Información Cultural (SIC)"}},{"type":"Feature","geometry":{"type":"Point","coordinates":[-99.14459,19.43756]},"properties":{"id_cultural":"CENTRO_CULTURAL_1596","id_sic":"1596","tipo_cultural":"CENTRO_CULTURAL","nombre":"Centro Cultural de la SHCP","fecha_fundacion":"2018-01-01","adscripcion_original":"SCHP/Dirección General de la Conservaduría de Palacio Nacional y Patrimonio Cultural","tipo_gestion":"PUBLICO","criterio_clasificacion":"REVISION_MANUAL","fuente_revision_gestion":"","nota_revision_gestion":"","estado_id":"9","entidad":"Ciudad de México","municipio_id":"15","municipio":"Cuauhtémoc","localidad_id":"1","localidad":"Cuauhtémoc","calle_numero":"República de Guatemala 80","colonia":"Centro Histórico","cp":"6020.0","telefono":"55 3688 1100 exts. 81666, 81656;","pagina_web":"https://www.gob.mx/palacionacional","email":"difusioncultural@hacienda.gob.mx","facebook":"","twitter":"","instagram":"","aforo":"","tipo_escenario":"","num_pantallas":"","link_sic":"http://sic.gob.mx/ficha.php?table=centro_cultural&table_id=1596","fecha_modificacion":"2024-11-27 12:21:45-06","es_pilares":"NO","dataset_relacionado":"","revision_manual":"NO","motivo_revision":"","fuente":"Sistema de Información Cultural (SIC)"}},{"type":"Feature","geometry":{"type":"Point","coordinates":[-99.15686,19.42678]},"properties":{"id_cultural":"CENTRO_CULTURAL_1434","id_sic":"1434","tipo_cultural":"CENTRO_CULTURAL","nombre":"Casa de Cultura del Estado de Tabasco","fecha_fundacion":"1997-10-15","adscripcion_original":"Gobierno del Estado de Tabasco","tipo_gestion":"PUBLICO","criterio_clasificacion":"EVIDENCIA_INSTITUCIONAL_PUBLICA","fuente_revision_gestion":"","nota_revision_gestion":"","estado_id":"9","entidad":"Ciudad de México","municipio_id":"15","municipio":"Cuauhtémoc","localidad_id":"1","localidad":"Cuauhtémoc","calle_numero":"Berlín 33 esq. Marsella","colonia":"Col. Juárez","cp":"6600.0","telefono":"55 5705 0114","pagina_web":"https://www.facebook.com/norma.dominguezdedios","email":"normadedios@hotmail.com","facebook":"","twitter":"","instagram":"","aforo":"","tipo_escenario":"","num_pantallas":"","link_sic":"http://sic.gob.mx/ficha.php?table=centro_cultural&table_id=1434","fecha_modificacion":"2020-04-22 05:53:09-05","es_pilares":"NO","dataset_relacionado":"","revision_manual":"NO","motivo_revision":"","fuente":"Sistema de Información Cultural (SIC)"}},{"type":"Feature","geometry":{"type":"Point","coordinates":[-99.16289,19.42337]},"properties":{"id_cultural":"CENTRO_CULTURAL_3518","id_sic":"3518","tipo_cultural":"CENTRO_CULTURAL","nombre":"PILARES Glorieta de los Insurgentes","fecha_fundacion":"2019-09-04","adscripcion_original":"Gobierno de la Ciudad de México","tipo_gestion":"PUBLICO","criterio_clasificacion":"EVIDENCIA_INSTITUCIONAL_PUBLICA","fuente_revision_gestion":"","nota_revision_gestion":"","estado_id":"9","entidad":"Ciudad de México","municipio_id":"15","municipio":"Cuauhtémoc","localidad_id":"1","localidad":"Cuauhtémoc","calle_numero":"Glorieta de los Insurgentes s/n","colonia":"Juárez","cp":"6600.0","telefono":"55 5134 0770 ext 1806","pagina_web":"https://pilares.cdmx.gob.mx/","email":"coord_comunicacion@pilares.cdmx.gob.mx","facebook":"","twitter":"","instagram":"","aforo":"","tipo_escenario":"","num_pantallas":"","link_sic":"http://sic.gob.mx/ficha.php?table=centro_cultural&table_id=3518","fecha_modificacion":"2025-09-22 19:55:31-06","es_pilares":"SI","dataset_relacionado":"PILARES","revision_manual":"NO","motivo_revision":"","fuente":"Sistema de Información Cultural (SIC)"}},{"type":"Feature","geometry":{"type":"Point","coordinates":[-99.14671,19.44097]},"properties":{"id_cultural":"CENTRO_CULTURAL_3044","id_sic":"3044","tipo_cultural":"CENTRO_CULTURAL","nombre":"Casa Rivas Mercado","fecha_fundacion":"2017-05-10","adscripcion_original":"Fundación Rivas Mercado/Secretaría de Cultura de la Ciudad de México","tipo_gestion":"MIXTO","criterio_clasificacion":"MIXTO_CONFIRMADO","fuente_revision_gestion":"","nota_revision_gestion":"","estado_id":"9","entidad":"Ciudad de México","municipio_id":"15","municipio":"Cuauhtémoc","localidad_id":"1","localidad":"Cuauhtémoc","calle_numero":"Héroes 53","colonia":"Col. Guerrero","cp":"6300.0","telefono":"55 2591 6666","pagina_web":"https://casarivasmercado.com/","email":"visitas@casarivasmercado.com","facebook":"","twitter":"","instagram":"","aforo":"","tipo_escenario":"","num_pantallas":"","link_sic":"http://sic.gob.mx/ficha.php?table=centro_cultural&table_id=3044","fecha_modificacion":"2024-11-19 13:11:09-06","es_pilares":"NO","dataset_relacionado":"","revision_manual":"NO","motivo_revision":"","fuente":"Sistema de Información Cultural (SIC)"}},{"type":"Feature","geometry":{"type":"Point","coordinates":[-99.16114,19.43349]},"properties":{"id_cultural":"CENTRO_CULTURAL_1352","id_sic":"1352","tipo_cultural":"CENTRO_CULTURAL","nombre":"Isidora Cyber Café y Arte, (antes Centro Cultural El Tecolote)","fecha_fundacion":"1983-12-31","adscripcion_original":"Asociación Civil","tipo_gestion":"PRIVADO","criterio_clasificacion":"EVIDENCIA_INSTITUCIONAL_PRIVADA","fuente_revision_gestion":"","nota_revision_gestion":"","estado_id":"9","entidad":"Ciudad de México","municipio_id":"15","municipio":"Cuauhtémoc","localidad_id":"1","localidad":"Cuauhtémoc","calle_numero":"Sulivan 39, locales C y D","colonia":"Col. San Rafael","cp":"6470.0","telefono":"55 5574 9079, 55 5566 7587","pagina_web":"","email":"tecocafe07@gmail.com, lc310150@gmail.com","facebook":"","twitter":"","instagram":"","aforo":"","tipo_escenario":"","num_pantallas":"","link_sic":"http://sic.gob.mx/ficha.php?table=centro_cultural&table_id=1352","fecha_modificacion":"2025-12-01 13:38:21-06","es_pilares":"NO","dataset_relacionado":"","revision_manual":"NO","motivo_revision":"","fuente":"Sistema de Información Cultural (SIC)"}},{"type":"Feature","geometry":{"type":"Point","coordinates":[-99.16422,19.41883]},"properties":{"id_cultural":"CENTRO_CULTURAL_1542","id_sic":"1542","tipo_cultural":"CENTRO_CULTURAL","nombre":"Centro Cultural de la Diversidad","fecha_fundacion":"2002-08-02","adscripcion_original":"Fundación Prodesarrollo Educativo y Asistencial, A.C.","tipo_gestion":"PRIVADO","criterio_clasificacion":"EVIDENCIA_INSTITUCIONAL_PRIVADA","fuente_revision_gestion":"","nota_revision_gestion":"","estado_id":"9","entidad":"Ciudad de México","municipio_id":"15","municipio":"Cuauhtémoc","localidad_id":"1","localidad":"Cuauhtémoc","calle_numero":"Colima 261, 267 y 269","colonia":"Col. Roma Norte","cp":"6700.0","telefono":"(55) 5514 2565","pagina_web":"http://www.diversidad.mx","email":"informes.ccd@gmail.com","facebook":"","twitter":"","instagram":"","aforo":"","tipo_escenario":"","num_pantallas":"","link_sic":"http://sic.gob.mx/ficha.php?table=centro_cultural&table_id=1542","fecha_modificacion":"2020-04-29 07:08:44-05","es_pilares":"NO","dataset_relacionado":"","revision_manual":"NO","motivo_revision":"","fuente":"Sistema de Información Cultural (SIC)"}},{"type":"Feature","geometry":{"type":"Point","coordinates":[-99.1542,19.42879]},"properties":{"id_cultural":"CENTRO_CULTURAL_3312","id_sic":"3312","tipo_cultural":"CENTRO_CULTURAL","nombre":"El 77 Centro Cultural Autogestivo","fecha_fundacion":"2014-12-01","adscripcion_original":"Foro Shakespeare, A.C.","tipo_gestion":"PRIVADO","criterio_clasificacion":"EVIDENCIA_INSTITUCIONAL_PRIVADA","fuente_revision_gestion":"","nota_revision_gestion":"","estado_id":"9","entidad":"Ciudad de México","municipio_id":"15","municipio":"Cuauhtémoc","localidad_id":"1","localidad":"Cuauhtémoc","calle_numero":"Abraham González 77","colonia":"Col Juárez","cp":"6600.0","telefono":"55 5566 0102","pagina_web":"https://www.patreon.com/el77cca","email":"el77cultural@gmail.com","facebook":"","twitter":"","instagram":"","aforo":"","tipo_escenario":"","num_pantallas":"","link_sic":"http://sic.gob.mx/ficha.php?table=centro_cultural&table_id=3312","fecha_modificacion":"2025-09-24 19:35:32-06","es_pilares":"NO","dataset_relacionado":"","revision_manual":"NO","motivo_revision":"","fuente":"Sistema de Información Cultural (SIC)"}},{"type":"Feature","geometry":{"type":"Point","coordinates":[-99.12792,19.43707]},"properties":{"id_cultural":"CENTRO_CULTURAL_1467","id_sic":"1467","tipo_cultural":"CENTRO_CULTURAL","nombre":"Centro Cultural Teatro del Pueblo","fecha_fundacion":"1934-11-24","adscripcion_original":"Alcaldía Cuauhtémoc/Subdirección de Artes y Oficios","tipo_gestion":"PUBLICO","criterio_clasificacion":"EVIDENCIA_INSTITUCIONAL_PUBLICA","fuente_revision_gestion":"","nota_revision_gestion":"","estado_id":"9","entidad":"Ciudad de México","municipio_id":"15","municipio":"Cuauhtémoc","localidad_id":"1","localidad":"Cuauhtémoc","calle_numero":"Rep. de Venezuela 72","colonia":"Centro","cp":"6020.0","telefono":"55 4335 8036","pagina_web":"http://teatrodelpueblocentro.jimdo.com/","email":"paolamedinae@gmail.com; calba@alcaldiacuauhtemoc.mx","facebook":"","twitter":"","instagram":"","aforo":"","tipo_escenario":"","num_pantallas":"","link_sic":"http://sic.gob.mx/ficha.php?table=centro_cultural&table_id=1467","fecha_modificacion":"2020-04-22 13:20:36-05","es_pilares":"NO","dataset_relacionado":"","revision_manual":"NO","motivo_revision":"","fuente":"Sistema de Información Cultural (SIC)"}},{"type":"Feature","geometry":{"type":"Point","coordinates":[-99.14705,19.4492]},"properties":{"id_cultural":"CENTRO_CULTURAL_3594","id_sic":"3594","tipo_cultural":"CENTRO_CULTURAL","nombre":"PILARES Parque Abasolo","fecha_fundacion":"1000-01-01","adscripcion_original":"Secretaría de Cultura de la Ciudad de México","tipo_gestion":"PUBLICO","criterio_clasificacion":"EVIDENCIA_INSTITUCIONAL_PUBLICA","fuente_revision_gestion":"","nota_revision_gestion":"","estado_id":"9","entidad":"Ciudad de México","municipio_id":"15","municipio":"Cuauhtémoc","localidad_id":"1","localidad":"Cuauhtémoc","calle_numero":"Eje 1 poniente Guerrero 222","colonia":"Col. Buenavista","cp":"6350.0","telefono":"55 5134 0770 ext 1806","pagina_web":"https://pilares.cdmx.gob.mx/","email":"coord_comunicacion@pilares.cdmx.gob.mx","facebook":"","twitter":"","instagram":"","aforo":"","tipo_escenario":"","num_pantallas":"","link_sic":"http://sic.gob.mx/ficha.php?table=centro_cultural&table_id=3594","fecha_modificacion":"2024-06-11 10:49:48-06","es_pilares":"SI","dataset_relacionado":"PILARES","revision_manual":"NO","motivo_revision":"","fuente":"Sistema de Información Cultural (SIC)"}},{"type":"Feature","geometry":{"type":"Point","coordinates":[-99.144,19.4106]},"properties":{"id_cultural":"CENTRO_CULTURAL_3475","id_sic":"3475","tipo_cultural":"CENTRO_CULTURAL","nombre":"PILARES Frida Kahlo","fecha_fundacion":"2019-03-01","adscripcion_original":"Gobierno de la Ciudad de México","tipo_gestion":"PUBLICO","criterio_clasificacion":"EVIDENCIA_INSTITUCIONAL_PUBLICA","fuente_revision_gestion":"","nota_revision_gestion":"","estado_id":"9","entidad":"Ciudad de México","municipio_id":"15","municipio":"Cuauhtémoc","localidad_id":"1","localidad":"Cuauhtémoc","calle_numero":"Eje Central Lázaro Cárdenas s/n esquina, Juan A. Mateos","colonia":"Col. Obrera","cp":"6800.0","telefono":"55 5134 0770 ext 1806","pagina_web":"https://pilares.cdmx.gob.mx/","email":"coord_comunicacion@pilares.cdmx.gob.mx","facebook":"","twitter":"","instagram":"","aforo":"","tipo_escenario":"","num_pantallas":"","link_sic":"http://sic.gob.mx/ficha.php?table=centro_cultural&table_id=3475","fecha_modificacion":"2025-10-15 15:38:26-06","es_pilares":"SI","dataset_relacionado":"PILARES","revision_manual":"NO","motivo_revision":"","fuente":"Sistema de Información Cultural (SIC)"}},{"type":"Feature","geometry":{"type":"Point","coordinates":[-99.12573,19.42981]},"properties":{"id_cultural":"CENTRO_CULTURAL_3093","id_sic":"3093","tipo_cultural":"CENTRO_CULTURAL","nombre":"Centro Cultural Manzanares 25","fecha_fundacion":"2018-12-03","adscripcion_original":"Fideicomiso Centro Histórico de la Ciudad de México","tipo_gestion":"PUBLICO","criterio_clasificacion":"REVISION_MANUAL","fuente_revision_gestion":"","nota_revision_gestion":"","estado_id":"9","entidad":"Ciudad de México","municipio_id":"15","municipio":"Cuauhtémoc","localidad_id":"1","localidad":"Cuauhtémoc","calle_numero":"Manzanares 25","colonia":"Centro Histórico","cp":"6000.0","telefono":"55 5709 8005 ext. 110","pagina_web":"https://www.centrohistorico.cdmx.gob.mx","email":"proyectosespecialesfch@gmail.com","facebook":"","twitter":"","instagram":"","aforo":"","tipo_escenario":"","num_pantallas":"","link_sic":"http://sic.gob.mx/ficha.php?table=centro_cultural&table_id=3093","fecha_modificacion":"2025-05-27 14:42:55-06","es_pilares":"NO","dataset_relacionado":"","revision_manual":"NO","motivo_revision":"","fuente":"Sistema de Información Cultural (SIC)"}},{"type":"Feature","geometry":{"type":"Point","coordinates":[-99.14641,19.4368]},"properties":{"id_cultural":"CENTRO_CULTURAL_1422","id_sic":"1422","tipo_cultural":"CENTRO_CULTURAL","nombre":"Centro Cultural José Martí","fecha_fundacion":"1976-05-27","adscripcion_original":"Secretaría de Cultura de la Ciudad de México/Dirección General de Vinculación Cultural Comunitaria","tipo_gestion":"PUBLICO","criterio_clasificacion":"EVIDENCIA_INSTITUCIONAL_PUBLICA","fuente_revision_gestion":"","nota_revision_gestion":"","estado_id":"9","entidad":"Ciudad de México","municipio_id":"15","municipio":"Cuauhtémoc","localidad_id":"1","localidad":"Cuauhtémoc","calle_numero":"Dr. Mora  1","colonia":"Centro","cp":"6050.0","telefono":"55 1719 3000 ext. 2102","pagina_web":"http://www.cultura.cdmx.gob.mx/recintos/archivo-historico/centros-culturales/ccjm","email":"ccjosemarti@cdmx.gob.mx","facebook":"","twitter":"","instagram":"","aforo":"","tipo_escenario":"","num_pantallas":"","link_sic":"http://sic.gob.mx/ficha.php?table=centro_cultural&table_id=1422","fecha_modificacion":"2026-08-05 12:04:03-06","es_pilares":"NO","dataset_relacionado":"","revision_manual":"NO","motivo_revision":"","fuente":"Sistema de Información Cultural (SIC)"}},{"type":"Feature","geometry":{"type":"Point","coordinates":[-99.15843,19.44915]},"properties":{"id_cultural":"CENTRO_CULTURAL_3940","id_sic":"3940","tipo_cultural":"CENTRO_CULTURAL","nombre":"Casa Ribera","fecha_fundacion":"2019-12-18","adscripcion_original":"","tipo_gestion":"NO_DETERMINADO","criterio_clasificacion":"SIN_ADSCRIPCION","fuente_revision_gestion":"","nota_revision_gestion":"","estado_id":"9","entidad":"Ciudad de México","municipio_id":"15","municipio":"Cuauhtémoc","localidad_id":"1","localidad":"Cuauhtémoc","calle_numero":"Salvador Díaz Mirón 128","colonia":"Col. Santa María la Rivera","cp":"6400.0","telefono":"55 8662 1017","pagina_web":"","email":"casariberamx@gmail.com","facebook":"","twitter":"","instagram":"","aforo":"","tipo_escenario":"","num_pantallas":"","link_sic":"http://sic.gob.mx/ficha.php?table=centro_cultural&table_id=3940","fecha_modificacion":"2025-09-30 19:26:43-06","es_pilares":"NO","dataset_relacionado":"","revision_manual":"SI","motivo_revision":"No existe adscripción disponible para determinar el tipo de gestión.","fuente":"Sistema de Información Cultural (SIC)"}},{"type":"Feature","geometry":{"type":"Point","coordinates":[-99.12738,19.42812]},"properties":{"id_cultural":"CENTRO_CULTURAL_1098","id_sic":"1098","tipo_cultural":"CENTRO_CULTURAL","nombre":"Centro Cultural Casa Talavera","fecha_fundacion":"1988-11-20","adscripcion_original":"Universidad Autónoma de la Ciudad de México","tipo_gestion":"PUBLICO","criterio_clasificacion":"EVIDENCIA_INSTITUCIONAL_PUBLICA","fuente_revision_gestion":"","nota_revision_gestion":"","estado_id":"9","entidad":"Ciudad de México","municipio_id":"15","municipio":"Cuauhtémoc","localidad_id":"1","localidad":"Cuauhtémoc","calle_numero":"Talavera 20 esq. República de El Salvador","colonia":"Centro","cp":"6060.0","telefono":"","pagina_web":"https://cultura.uacm.edu.mx/paginas/casa-talavera","email":"casa.talavera@uacm.edu.mx","facebook":"","twitter":"","instagram":"","aforo":"","tipo_escenario":"","num_pantallas":"","link_sic":"http://sic.gob.mx/ficha.php?table=centro_cultural&table_id=1098","fecha_modificacion":"2026-03-26 12:11:41-06","es_pilares":"NO","dataset_relacionado":"","revision_manual":"NO","motivo_revision":"","fuente":"Sistema de Información Cultural (SIC)"}},{"type":"Feature","geometry":{"type":"Point","coordinates":[-99.15559,19.45141]},"properties":{"id_cultural":"CENTRO_CULTURAL_1423","id_sic":"1423","tipo_cultural":"CENTRO_CULTURAL","nombre":"Casa de Cultura Santa María la Ribera","fecha_fundacion":"1994-11-14","adscripcion_original":"Alcaldía Cuauhtémoc","tipo_gestion":"PUBLICO","criterio_clasificacion":"EVIDENCIA_INSTITUCIONAL_PUBLICA","fuente_revision_gestion":"","nota_revision_gestion":"","estado_id":"9","entidad":"Ciudad de México","municipio_id":"15","municipio":"Cuauhtémoc","localidad_id":"1","localidad":"Cuauhtémoc","calle_numero":"Jaime Torres Bodet 160","colonia":"Col. Santa María de la Ribera","cp":"6400.0","telefono":"55 4335 8200","pagina_web":"https://historico.alcaldiacuauhtemoc.mx/nope/casa-de-cultura-santa-maria-la-ribera/","email":"","facebook":"","twitter":"","instagram":"","aforo":"","tipo_escenario":"","num_pantallas":"","link_sic":"http://sic.gob.mx/ficha.php?table=centro_cultural&table_id=1423","fecha_modificacion":"2025-09-30 15:04:54-06","es_pilares":"NO","dataset_relacionado":"","revision_manual":"NO","motivo_revision":"","fuente":"Sistema de Información Cultural (SIC)"}},{"type":"Feature","geometry":{"type":"Point","coordinates":[-99.1577,19.45278]},"properties":{"id_cultural":"CENTRO_CULTURAL_3824","id_sic":"3824","tipo_cultural":"CENTRO_CULTURAL","nombre":"Multiforo Alicia","fecha_fundacion":"1995-12-01","adscripcion_original":"","tipo_gestion":"NO_DETERMINADO","criterio_clasificacion":"SIN_ADSCRIPCION","fuente_revision_gestion":"","nota_revision_gestion":"","estado_id":"9","entidad":"Ciudad de México","municipio_id":"15","municipio":"Cuauhtémoc","localidad_id":"1","localidad":"Cuauhtémoc","calle_numero":"Eligio Ancona 145","colonia":"Col. Santa María la Ribera","cp":"6400.0","telefono":"","pagina_web":"https://multiforoalicia.com.mx/","email":"foroalici@hotmail.com; multiforoalicia@gmail.com","facebook":"","twitter":"","instagram":"","aforo":"","tipo_escenario":"","num_pantallas":"","link_sic":"http://sic.gob.mx/ficha.php?table=centro_cultural&table_id=3824","fecha_modificacion":"2025-07-29 13:21:14-06","es_pilares":"NO","dataset_relacionado":"","revision_manual":"SI","motivo_revision":"No existe adscripción disponible para determinar el tipo de gestión.","fuente":"Sistema de Información Cultural (SIC)"}},{"type":"Feature","geometry":{"type":"Point","coordinates":[-99.17853,19.40806]},"properties":{"id_cultural":"CENTRO_CULTURAL_3063","id_sic":"3063","tipo_cultural":"CENTRO_CULTURAL","nombre":"Capilla Alfonsina","fecha_fundacion":"1972-06-13","adscripcion_original":"Secretaría de Cultura/INBAL","tipo_gestion":"PUBLICO","criterio_clasificacion":"EVIDENCIA_INSTITUCIONAL_PUBLICA","fuente_revision_gestion":"","nota_revision_gestion":"","estado_id":"9","entidad":"Ciudad de México","municipio_id":"15","municipio":"Cuauhtémoc","localidad_id":"1","localidad":"Cuauhtémoc","calle_numero":"Gral. Benjamín Hill 122","colonia":"Col. Hipódromo Condesa","cp":"6170.0","telefono":"55 8647 5410","pagina_web":"capillaalfonsina.bellasartes.gob.mx","email":"ca.direccion@inba.gob.mx; emejia@inba.gob.mx","facebook":"","twitter":"","instagram":"","aforo":"","tipo_escenario":"","num_pantallas":"","link_sic":"http://sic.gob.mx/ficha.php?table=centro_cultural&table_id=3063","fecha_modificacion":"2025-07-28 14:24:09-06","es_pilares":"NO","dataset_relacionado":"","revision_manual":"NO","motivo_revision":"","fuente":"Sistema de Información Cultural (SIC)"}},{"type":"Feature","geometry":{"type":"Point","coordinates":[-99.13646,19.43301]},"properties":{"id_cultural":"CENTRO_CULTURAL_1433","id_sic":"1433","tipo_cultural":"CENTRO_CULTURAL","nombre":"Casino Español de México","fecha_fundacion":"1903-01-01","adscripcion_original":"Casino Español de México, A.C.","tipo_gestion":"PRIVADO","criterio_clasificacion":"EVIDENCIA_INSTITUCIONAL_PRIVADA","fuente_revision_gestion":"","nota_revision_gestion":"","estado_id":"9","entidad":"Ciudad de México","municipio_id":"15","municipio":"Cuauhtémoc","localidad_id":"1","localidad":"Cuauhtémoc","calle_numero":"Isabel la Católica 29","colonia":"Centro Histórico","cp":"6000.0","telefono":"(55)  5510 1065","pagina_web":"http://www.casinoespanoldemexico.com","email":"cultura@casinoespanoldemexico.com","facebook":"","twitter":"","instagram":"","aforo":"","tipo_escenario":"","num_pantallas":"","link_sic":"http://sic.gob.mx/ficha.php?table=centro_cultural&table_id=1433","fecha_modificacion":"2025-01-28 12:52:03-06","es_pilares":"NO","dataset_relacionado":"","revision_manual":"NO","motivo_revision":"","fuente":"Sistema de Información Cultural (SIC)"}},{"type":"Feature","geometry":{"type":"Point","coordinates":[-99.13731,19.43849]},"properties":{"id_cultural":"CENTRO_CULTURAL_3938","id_sic":"3938","tipo_cultural":"CENTRO_CULTURAL","nombre":"Pendular. Espacio Cultural","fecha_fundacion":"1000-01-01","adscripcion_original":"Pendular. Espacio Cultural","tipo_gestion":"PRIVADO","criterio_clasificacion":"REVISION_MANUAL","fuente_revision_gestion":"","nota_revision_gestion":"","estado_id":"9","entidad":"Ciudad de México","municipio_id":"15","municipio":"Cuauhtémoc","localidad_id":"1","localidad":"Cuauhtémoc","calle_numero":"Belisario Domínguez 32-4to. piso","colonia":"Centro","cp":"","telefono":"","pagina_web":"","email":"pendular.espaciocultural@gmail.com","facebook":"","twitter":"","instagram":"","aforo":"","tipo_escenario":"","num_pantallas":"","link_sic":"http://sic.gob.mx/ficha.php?table=centro_cultural&table_id=3938","fecha_modificacion":"2025-09-29 12:03:32-06","es_pilares":"NO","dataset_relacionado":"","revision_manual":"NO","motivo_revision":"","fuente":"Sistema de Información Cultural (SIC)"}},{"type":"Feature","geometry":{"type":"Point","coordinates":[-99.12818,19.43512]},"properties":{"id_cultural":"CENTRO_CULTURAL_2918","id_sic":"2918","tipo_cultural":"CENTRO_CULTURAL","nombre":"Sinagoga Histórica Justo Sierra 71","fecha_fundacion":"2010-01-10","adscripcion_original":"Comunidad Ashkenazi de México, A.C.","tipo_gestion":"PRIVADO","criterio_clasificacion":"EVIDENCIA_INSTITUCIONAL_PRIVADA","fuente_revision_gestion":"","nota_revision_gestion":"","estado_id":"9","entidad":"Ciudad de México","municipio_id":"15","municipio":"Cuauhtémoc","localidad_id":"1","localidad":"Cuauhtémoc","calle_numero":"Justo Sierra 71","colonia":"Centro","cp":"6020.0","telefono":"55 5522 4828","pagina_web":"http://sinagogajustosierra.com/","email":"sinagogajustosierra@gmail.com","facebook":"","twitter":"","instagram":"","aforo":"","tipo_escenario":"","num_pantallas":"","link_sic":"http://sic.gob.mx/ficha.php?table=centro_cultural&table_id=2918","fecha_modificacion":"2024-12-03 14:24:49-06","es_pilares":"NO","dataset_relacionado":"","revision_manual":"NO","motivo_revision":"","fuente":"Sistema de Información Cultural (SIC)"}},{"type":"Feature","geometry":{"type":"Point","coordinates":[-99.16295,19.42398]},"properties":{"id_cultural":"CENTRO_CULTURAL_1946","id_sic":"1946","tipo_cultural":"CENTRO_CULTURAL","nombre":"Centro Cultural Xavier Villaurrutia","fecha_fundacion":"2006-06-19","adscripcion_original":"Secretaría de Cultura de la Ciudad de México/Dirección General de Vinculación Cultural Comunitaria","tipo_gestion":"PUBLICO","criterio_clasificacion":"EVIDENCIA_INSTITUCIONAL_PUBLICA","fuente_revision_gestion":"","nota_revision_gestion":"","estado_id":"9","entidad":"Ciudad de México","municipio_id":"15","municipio":"Cuauhtémoc","localidad_id":"1","localidad":"Cuauhtémoc","calle_numero":"Glorieta del Metro Insurgentes, Av. Insurgentes Centro s/n local 25","colonia":"Col. Roma","cp":"6050.0","telefono":"55 5207 2491","pagina_web":"https://culturacomunitaria.cdmx.gob.mx/centros-culturales/centro-cultural-xavier-villaurrutia; https://www.cultura.cdmx.gob.mx/recintos/ccxv","email":"xvillaurrutia@gmail.com","facebook":"","twitter":"","instagram":"","aforo":"","tipo_escenario":"","num_pantallas":"","link_sic":"http://sic.gob.mx/ficha.php?table=centro_cultural&table_id=1946","fecha_modificacion":"2026-08-04 11:20:23-06","es_pilares":"NO","dataset_relacionado":"","revision_manual":"NO","motivo_revision":"","fuente":"Sistema de Información Cultural (SIC)"}},{"type":"Feature","geometry":{"type":"Point","coordinates":[-99.16549,19.42438]},"properties":{"id_cultural":"CENTRO_CULTURAL_3496","id_sic":"3496","tipo_cultural":"CENTRO_CULTURAL","nombre":"PILARES Zona Rosa","fecha_fundacion":"2019-01-01","adscripcion_original":"Secretaría de Cultura de la Ciudad de México","tipo_gestion":"PUBLICO","criterio_clasificacion":"EVIDENCIA_INSTITUCIONAL_PUBLICA","fuente_revision_gestion":"","nota_revision_gestion":"","estado_id":"9","entidad":"Ciudad de México","municipio_id":"15","municipio":"Cuauhtémoc","localidad_id":"1","localidad":"Cuauhtémoc","calle_numero":"Londres 154","colonia":"Col. Juárez","cp":"6600.0","telefono":"55 5134 0770 ext 1806","pagina_web":"https://pilares.cdmx.gob.mx/","email":"coord_comunicacion@pilares.cdmx.gob.mx","facebook":"","twitter":"","instagram":"","aforo":"","tipo_escenario":"","num_pantallas":"","link_sic":"http://sic.gob.mx/ficha.php?table=centro_cultural&table_id=3496","fecha_modificacion":"2025-11-14 19:06:43-06","es_pilares":"SI","dataset_relacionado":"PILARES","revision_manual":"NO","motivo_revision":"","fuente":"Sistema de Información Cultural (SIC)"}},{"type":"Feature","geometry":{"type":"Point","coordinates":[-99.14075,19.43355]},"properties":{"id_cultural":"CENTRO_CULTURAL_2997","id_sic":"2997","tipo_cultural":"CENTRO_CULTURAL","nombre":"Centro Cultural El Rule","fecha_fundacion":"2017-06-16","adscripcion_original":"Secretaría de Cultura de la Ciudad de México/Dirección General de Vinculación Cultural Comunitaria","tipo_gestion":"PUBLICO","criterio_clasificacion":"EVIDENCIA_INSTITUCIONAL_PUBLICA","fuente_revision_gestion":"","nota_revision_gestion":"","estado_id":"9","entidad":"Ciudad de México","municipio_id":"15","municipio":"Cuauhtémoc","localidad_id":"1","localidad":"Cuauhtémoc","calle_numero":"Eje Central Lázaro Cárdenas 6, primer piso","colonia":"Centro Histórico","cp":"6000.0","telefono":"55 1719 3000 ext. 1334","pagina_web":"https://culturacomunitaria.cdmx.gob.mx/centros-culturales/centro-cultural-el-rule","email":"comunicacion.rule@gmail.com","facebook":"","twitter":"","instagram":"","aforo":"","tipo_escenario":"","num_pantallas":"","link_sic":"http://sic.gob.mx/ficha.php?table=centro_cultural&table_id=2997","fecha_modificacion":"2026-08-04 10:01:19-06","es_pilares":"NO","dataset_relacionado":"","revision_manual":"NO","motivo_revision":"","fuente":"Sistema de Información Cultural (SIC)"}},{"type":"Feature","geometry":{"type":"Point","coordinates":[-99.14268,19.45395]},"properties":{"id_cultural":"CENTRO_CULTURAL_2614","id_sic":"2614","tipo_cultural":"CENTRO_CULTURAL","nombre":"Centro Cultural de Artes Escénicas María Rojo","fecha_fundacion":"2011-03-24","adscripcion_original":"Alcaldía Cuauhtémoc/JUD de Espacios Culturales y Bibliotecas","tipo_gestion":"PUBLICO","criterio_clasificacion":"EVIDENCIA_INSTITUCIONAL_PUBLICA","fuente_revision_gestion":"","nota_revision_gestion":"","estado_id":"9","entidad":"Ciudad de México","municipio_id":"15","municipio":"Cuauhtémoc","localidad_id":"1","localidad":"Cuauhtémoc","calle_numero":"Av. Manuel González s/n","colonia":"Col. Tlatelolco 2da. sección","cp":"6900.0","telefono":"55 8939 0283","pagina_web":"https://alcaldiacuauhtemoc.mx","email":"centromariarojo@gmail.com","facebook":"","twitter":"","instagram":"","aforo":"","tipo_escenario":"","num_pantallas":"","link_sic":"http://sic.gob.mx/ficha.php?table=centro_cultural&table_id=2614","fecha_modificacion":"2025-06-16 12:09:30-06","es_pilares":"NO","dataset_relacionado":"","revision_manual":"NO","motivo_revision":"","fuente":"Sistema de Información Cultural (SIC)"}},{"type":"Feature","geometry":{"type":"Point","coordinates":[-99.14374,19.46139]},"properties":{"id_cultural":"CENTRO_CULTURAL_3476","id_sic":"3476","tipo_cultural":"CENTRO_CULTURAL","nombre":"PILARES San Simón Tolnáhuac","fecha_fundacion":"2019-01-01","adscripcion_original":"Secretaría de Cultura de la Ciudad de México","tipo_gestion":"PUBLICO","criterio_clasificacion":"EVIDENCIA_INSTITUCIONAL_PUBLICA","fuente_revision_gestion":"","nota_revision_gestion":"","estado_id":"9","entidad":"Ciudad de México","municipio_id":"15","municipio":"Cuauhtémoc","localidad_id":"1","localidad":"Cuauhtémoc","calle_numero":"Eje 1 Pte. s/n","colonia":"Col. San Simón Tolnáhuac","cp":"6920.0","telefono":"55 5134 0770 ext 1806","pagina_web":"https://pilares.cdmx.gob.mx/","email":"coord_comunicacion@pilares.cdmx.gob.mx","facebook":"","twitter":"","instagram":"","aforo":"","tipo_escenario":"","num_pantallas":"","link_sic":"http://sic.gob.mx/ficha.php?table=centro_cultural&table_id=3476","fecha_modificacion":"2025-09-22 19:39:28-06","es_pilares":"SI","dataset_relacionado":"PILARES","revision_manual":"NO","motivo_revision":"","fuente":"Sistema de Información Cultural (SIC)"}},{"type":"Feature","geometry":{"type":"Point","coordinates":[-99.16689,19.40871]},"properties":{"id_cultural":"CENTRO_CULTURAL_2028","id_sic":"2028","tipo_cultural":"CENTRO_CULTURAL","nombre":"Centro Cultural El Foco","fecha_fundacion":"2008-01-14","adscripcion_original":"Compañía Teatro del Árbol, A.C.","tipo_gestion":"PRIVADO","criterio_clasificacion":"EVIDENCIA_INSTITUCIONAL_PRIVADA","fuente_revision_gestion":"","nota_revision_gestion":"","estado_id":"9","entidad":"Ciudad de México","municipio_id":"15","municipio":"Cuauhtémoc","localidad_id":"1","localidad":"Cuauhtémoc","calle_numero":"Tlacotalpan 16","colonia":"Col. Roma Sur","cp":"6700.0","telefono":"55 5574 9011","pagina_web":"","email":"contactoelfoco@gmail.com; centroculturalelfoco.rp@gmail.com","facebook":"","twitter":"","instagram":"","aforo":"","tipo_escenario":"","num_pantallas":"","link_sic":"http://sic.gob.mx/ficha.php?table=centro_cultural&table_id=2028","fecha_modificacion":"2026-01-20 14:07:34-06","es_pilares":"NO","dataset_relacionado":"","revision_manual":"NO","motivo_revision":"","fuente":"Sistema de Información Cultural (SIC)"}},{"type":"Feature","geometry":{"type":"Point","coordinates":[-99.1767,19.41918]},"properties":{"id_cultural":"CENTRO_CULTURAL_3347","id_sic":"3347","tipo_cultural":"CENTRO_CULTURAL","nombre":"Centro Cultural Foro Shakespeare","fecha_fundacion":"1983-05-01","adscripcion_original":"Foro Shakespeare, A.C.","tipo_gestion":"PRIVADO","criterio_clasificacion":"EVIDENCIA_INSTITUCIONAL_PRIVADA","fuente_revision_gestion":"","nota_revision_gestion":"","estado_id":"9","entidad":"Ciudad de México","municipio_id":"15","municipio":"Cuauhtémoc","localidad_id":"1","localidad":"Cuauhtémoc","calle_numero":"Zamora 7","colonia":"Col. Condesa","cp":"6140.0","telefono":"55 7948 5597","pagina_web":"https://foroshakespeare.com/","email":"hola@foroshakespeare.com","facebook":"","twitter":"","instagram":"","aforo":"","tipo_escenario":"","num_pantallas":"","link_sic":"http://sic.gob.mx/ficha.php?table=centro_cultural&table_id=3347","fecha_modificacion":"2023-11-09 08:23:30-06","es_pilares":"NO","dataset_relacionado":"","revision_manual":"NO","motivo_revision":"","fuente":"Sistema de Información Cultural (SIC)"}},{"type":"Feature","geometry":{"type":"Point","coordinates":[-99.13611,19.40791]},"properties":{"id_cultural":"CENTRO_CULTURAL_3555","id_sic":"3555","tipo_cultural":"CENTRO_CULTURAL","nombre":"PILARES Chabacano","fecha_fundacion":"2020-01-29","adscripcion_original":"Gobierno de la Ciudad de México","tipo_gestion":"PUBLICO","criterio_clasificacion":"EVIDENCIA_INSTITUCIONAL_PUBLICA","fuente_revision_gestion":"","nota_revision_gestion":"","estado_id":"9","entidad":"Ciudad de México","municipio_id":"15","municipio":"Cuauhtémoc","localidad_id":"1","localidad":"Cuauhtémoc","calle_numero":"San Antonio Abad 45","colonia":"Col. Obrera","cp":"6800.0","telefono":"55 5134 0770 ext 1806","pagina_web":"https://pilares.cdmx.gob.mx/","email":"coord_comunicacion@pilares.cdmx.gob.mx","facebook":"","twitter":"","instagram":"","aforo":"","tipo_escenario":"","num_pantallas":"","link_sic":"http://sic.gob.mx/ficha.php?table=centro_cultural&table_id=3555","fecha_modificacion":"2025-07-21 18:51:03-06","es_pilares":"SI","dataset_relacionado":"PILARES","revision_manual":"NO","motivo_revision":"","fuente":"Sistema de Información Cultural (SIC)"}},{"type":"Feature","geometry":{"type":"Point","coordinates":[-99.17748,19.41499]},"properties":{"id_cultural":"CENTRO_CULTURAL_3096","id_sic":"3096","tipo_cultural":"CENTRO_CULTURAL","nombre":"Casa Tomada","fecha_fundacion":"2018-02-01","adscripcion_original":"Editorial Almadia","tipo_gestion":"PRIVADO","criterio_clasificacion":"REVISION_MANUAL","fuente_revision_gestion":"","nota_revision_gestion":"","estado_id":"9","entidad":"Ciudad de México","municipio_id":"15","municipio":"Cuauhtémoc","localidad_id":"1","localidad":"Cuauhtémoc","calle_numero":"Pachuca 146-A","colonia":"Col. Condesa","cp":"6140.0","telefono":"55 59 22 79 40","pagina_web":"https://www.casatomada.com.mx/","email":"apoyo@casatomada.com.mx","facebook":"","twitter":"","instagram":"","aforo":"","tipo_escenario":"","num_pantallas":"","link_sic":"http://sic.gob.mx/ficha.php?table=centro_cultural&table_id=3096","fecha_modificacion":"2025-02-12 11:31:12-06","es_pilares":"NO","dataset_relacionado":"","revision_manual":"NO","motivo_revision":"","fuente":"Sistema de Información Cultural (SIC)"}},{"type":"Feature","geometry":{"type":"Point","coordinates":[-99.16488,19.43545]},"properties":{"id_cultural":"CENTRO_CULTURAL_3072","id_sic":"3072","tipo_cultural":"CENTRO_CULTURAL","nombre":"Squash 73","fecha_fundacion":"2016-01-01","adscripcion_original":"","tipo_gestion":"NO_DETERMINADO","criterio_clasificacion":"SIN_ADSCRIPCION","fuente_revision_gestion":"","nota_revision_gestion":"","estado_id":"9","entidad":"Ciudad de México","municipio_id":"15","municipio":"Cuauhtémoc","localidad_id":"1","localidad":"Cuauhtémoc","calle_numero":"Antonio Caso 147","colonia":"Col. SAn Rafael","cp":"6470.0","telefono":"(55) 8434 3659","pagina_web":"","email":"info@squash73.mx","facebook":"","twitter":"","instagram":"","aforo":"","tipo_escenario":"","num_pantallas":"","link_sic":"http://sic.gob.mx/ficha.php?table=centro_cultural&table_id=3072","fecha_modificacion":"2025-06-09 17:29:14-06","es_pilares":"NO","dataset_relacionado":"","revision_manual":"SI","motivo_revision":"No existe adscripción disponible para determinar el tipo de gestión.","fuente":"Sistema de Información Cultural (SIC)"}},{"type":"Feature","geometry":{"type":"Point","coordinates":[-99.14788,19.43027]},"properties":{"id_cultural":"CENTRO_CULTURAL_1427","id_sic":"1427","tipo_cultural":"CENTRO_CULTURAL","nombre":"Casa de Cultura de Tamaulipas","fecha_fundacion":"1998-01-30","adscripcion_original":"Patronato de la Casa de Cultura de Tamaulipas, A.C.","tipo_gestion":"PRIVADO","criterio_clasificacion":"EVIDENCIA_INSTITUCIONAL_PRIVADA","fuente_revision_gestion":"","nota_revision_gestion":"","estado_id":"9","entidad":"Ciudad de México","municipio_id":"15","municipio":"Cuauhtémoc","localidad_id":"1","localidad":"Cuauhtémoc","calle_numero":"Ernesto Pugibet 73","colonia":"Centro","cp":"6070.0","telefono":"55 5512 1110","pagina_web":"","email":"cctamaulipasdf@hotmail.com; cctamaulipasdf@gmail.com","facebook":"","twitter":"","instagram":"","aforo":"","tipo_escenario":"","num_pantallas":"","link_sic":"http://sic.gob.mx/ficha.php?table=centro_cultural&table_id=1427","fecha_modificacion":"2020-04-24 11:41:41-05","es_pilares":"NO","dataset_relacionado":"","revision_manual":"NO","motivo_revision":"","fuente":"Sistema de Información Cultural (SIC)"}},{"type":"Feature","geometry":{"type":"Point","coordinates":[-99.14785,19.41248]},"properties":{"id_cultural":"CENTRO_CULTURAL_2739","id_sic":"2739","tipo_cultural":"CENTRO_CULTURAL","nombre":"Casa de Cultura Othón Salazar Ramírez","fecha_fundacion":"2008-08-28","adscripcion_original":"Alcaldía Cuauhtémoc/Subdirección de Artes y Oficios","tipo_gestion":"PUBLICO","criterio_clasificacion":"EVIDENCIA_INSTITUCIONAL_PUBLICA","fuente_revision_gestion":"","nota_revision_gestion":"","estado_id":"9","entidad":"Ciudad de México","municipio_id":"15","municipio":"Cuauhtémoc","localidad_id":"1","localidad":"Cuauhtémoc","calle_numero":"Dr. José María Vértiz","colonia":"Col. Doctores","cp":"6720.0","telefono":"(55) 4335 8120","pagina_web":"http://grupoteatralindependiente.es.tl/Casa-de-Cultura-Oth%F3n-Salazar.htm#comment<br>http://www.cuauhtemoc.df.gob.mx/paginas.php?id=casas; http://www.cuauhtemoc.cdmx.gob.mx/paginas.php?id=DirCultura","email":"jessyesky@hotmail.com","facebook":"","twitter":"","instagram":"","aforo":"","tipo_escenario":"","num_pantallas":"","link_sic":"http://sic.gob.mx/ficha.php?table=centro_cultural&table_id=2739","fecha_modificacion":"2026-01-08 19:43:16-06","es_pilares":"NO","dataset_relacionado":"","revision_manual":"NO","motivo_revision":"","fuente":"Sistema de Información Cultural (SIC)"}},{"type":"Feature","geometry":{"type":"Point","coordinates":[-99.15468,19.42344]},"properties":{"id_cultural":"CENTRO_CULTURAL_2738","id_sic":"2738","tipo_cultural":"CENTRO_CULTURAL","nombre":"Casa de Cultura Romita","fecha_fundacion":"1994-11-10","adscripcion_original":"Alcaldía Cuauhtémoc/Dirección General de Derechos Culturales, Recreativos y Educativos","tipo_gestion":"PUBLICO","criterio_clasificacion":"EVIDENCIA_INSTITUCIONAL_PUBLICA","fuente_revision_gestion":"","nota_revision_gestion":"","estado_id":"9","entidad":"Ciudad de México","municipio_id":"15","municipio":"Cuauhtémoc","localidad_id":"1","localidad":"Cuauhtémoc","calle_numero":"Plaza Real Romita 28","colonia":"Col. Roma Norte","cp":"6700.0","telefono":"55 4335 8100","pagina_web":"","email":"casaculromita@gmail.com","facebook":"","twitter":"","instagram":"","aforo":"","tipo_escenario":"","num_pantallas":"","link_sic":"http://sic.gob.mx/ficha.php?table=centro_cultural&table_id=2738","fecha_modificacion":"2024-11-20 12:49:04-06","es_pilares":"NO","dataset_relacionado":"","revision_manual":"NO","motivo_revision":"","fuente":"Sistema de Información Cultural (SIC)"}},{"type":"Feature","geometry":{"type":"Point","coordinates":[-99.15167,19.44165]},"properties":{"id_cultural":"CENTRO_CULTURAL_3105","id_sic":"3105","tipo_cultural":"CENTRO_CULTURAL","nombre":"Casa de la Cultura Postal","fecha_fundacion":"2019-11-12","adscripcion_original":"Servicio Postal Mexicano","tipo_gestion":"PUBLICO","criterio_clasificacion":"EVIDENCIA_INSTITUCIONAL_PUBLICA","fuente_revision_gestion":"","nota_revision_gestion":"","estado_id":"9","entidad":"Ciudad de México","municipio_id":"15","municipio":"Cuauhtémoc","localidad_id":"1","localidad":"Cuauhtémoc","calle_numero":"Calle Valentín Gómez Farías 58 A","colonia":"Col. San Rafael","cp":"6470.0","telefono":"55 1336 1466","pagina_web":"https://www.casadelaculturapostal.com.mx/","email":"casaculturapostal@gmail.com","facebook":"","twitter":"","instagram":"","aforo":"","tipo_escenario":"","num_pantallas":"","link_sic":"http://sic.gob.mx/ficha.php?table=centro_cultural&table_id=3105","fecha_modificacion":"2025-07-18 17:34:49-06","es_pilares":"NO","dataset_relacionado":"","revision_manual":"NO","motivo_revision":"","fuente":"Sistema de Información Cultural (SIC)"}},{"type":"Feature","geometry":{"type":"Point","coordinates":[-99.13078,19.43358]},"properties":{"id_cultural":"CENTRO_CULTURAL_1679","id_sic":"1679","tipo_cultural":"CENTRO_CULTURAL","nombre":"Centro Cultural Casa de la Primera Imprenta de América","fecha_fundacion":"1993-11-23","adscripcion_original":"UAM/Coordinación General de Difusión","tipo_gestion":"PUBLICO","criterio_clasificacion":"EVIDENCIA_INSTITUCIONAL_PUBLICA","fuente_revision_gestion":"","nota_revision_gestion":"","estado_id":"9","entidad":"Ciudad de México","municipio_id":"15","municipio":"Cuauhtémoc","localidad_id":"1","localidad":"Cuauhtémoc","calle_numero":"Lic. Primo Verdad 10 esq. Moneda","colonia":"Centro","cp":"6060.0","telefono":"55 5522 1535","pagina_web":"http://www.uam.mx/_serv_comunidad/centros_culturales.html","email":"casapimprenta@correo.uam.mx","facebook":"","twitter":"","instagram":"","aforo":"","tipo_escenario":"","num_pantallas":"","link_sic":"http://sic.gob.mx/ficha.php?table=centro_cultural&table_id=1679","fecha_modificacion":"2024-10-03 12:04:42-06","es_pilares":"NO","dataset_relacionado":"","revision_manual":"NO","motivo_revision":"","fuente":"Sistema de Información Cultural (SIC)"}},{"type":"Feature","geometry":{"type":"Point","coordinates":[-99.14854,19.4396]},"properties":{"id_cultural":"CENTRO_CULTURAL_3278","id_sic":"3278","tipo_cultural":"CENTRO_CULTURAL","nombre":"Casa de Escritores en Lenguas Indígenas ELIAC","fecha_fundacion":"2019-10-10","adscripcion_original":"Escritores en Lenguas Indígenas A.C.","tipo_gestion":"PRIVADO","criterio_clasificacion":"EVIDENCIA_INSTITUCIONAL_PRIVADA","fuente_revision_gestion":"","nota_revision_gestion":"","estado_id":"9","entidad":"Ciudad de México","municipio_id":"15","municipio":"Cuauhtémoc","localidad_id":"1","localidad":"Cuauhtémoc","calle_numero":"Calle de Mina 150","colonia":"Col. Guerrero","cp":"6300.0","telefono":"55 3658 4304","pagina_web":"","email":"","facebook":"","twitter":"","instagram":"","aforo":"","tipo_escenario":"","num_pantallas":"","link_sic":"http://sic.gob.mx/ficha.php?table=centro_cultural&table_id=3278","fecha_modificacion":"2024-11-20 13:45:48-06","es_pilares":"NO","dataset_relacionado":"","revision_manual":"NO","motivo_revision":"","fuente":"Sistema de Información Cultural (SIC)"}},{"type":"Feature","geometry":{"type":"Point","coordinates":[-99.15854,19.41583]},"properties":{"id_cultural":"CENTRO_CULTURAL_2880","id_sic":"2880","tipo_cultural":"CENTRO_CULTURAL","nombre":"Centro Cultural Casa Rafael Galván","fecha_fundacion":"2009-08-08","adscripcion_original":"UAM/Coordinación General de Difusión","tipo_gestion":"PUBLICO","criterio_clasificacion":"EVIDENCIA_INSTITUCIONAL_PUBLICA","fuente_revision_gestion":"","nota_revision_gestion":"","estado_id":"9","entidad":"Ciudad de México","municipio_id":"15","municipio":"Cuauhtémoc","localidad_id":"1","localidad":"Cuauhtémoc","calle_numero":"Zacatecas 94","colonia":"Col. Roma","cp":"6700.0","telefono":"55 5564 4500","pagina_web":"http://www.uam.mx/_serv_comunidad/centros_culturales.html","email":"ecvazquez@correo.uam.mx","facebook":"","twitter":"","instagram":"","aforo":"","tipo_escenario":"","num_pantallas":"","link_sic":"http://sic.gob.mx/ficha.php?table=centro_cultural&table_id=2880","fecha_modificacion":"2024-10-03 12:03:50-06","es_pilares":"NO","dataset_relacionado":"","revision_manual":"NO","motivo_revision":"","fuente":"Sistema de Información Cultural (SIC)"}},{"type":"Feature","geometry":{"type":"Point","coordinates":[-99.14099,19.42557]},"properties":{"id_cultural":"CENTRO_CULTURAL_3595","id_sic":"3595","tipo_cultural":"CENTRO_CULTURAL","nombre":"PILARES Nezahualcóyotl (SEPI)","fecha_fundacion":"1000-01-01","adscripcion_original":"Gobierno de la Ciudad de México","tipo_gestion":"PUBLICO","criterio_clasificacion":"EVIDENCIA_INSTITUCIONAL_PUBLICA","fuente_revision_gestion":"","nota_revision_gestion":"","estado_id":"9","entidad":"Ciudad de México","municipio_id":"15","municipio":"Cuauhtémoc","localidad_id":"1","localidad":"Cuauhtémoc","calle_numero":"Nezahualcóyotl 29","colonia":"Col. Centro","cp":"6080.0","telefono":"55 5134 0770 ext 1806","pagina_web":"https://pilares.cdmx.gob.mx/pilares/1633/sepi","email":"coord_comunicacion@pilares.cdmx.gob.mx","facebook":"","twitter":"","instagram":"","aforo":"","tipo_escenario":"","num_pantallas":"","link_sic":"http://sic.gob.mx/ficha.php?table=centro_cultural&table_id=3595","fecha_modificacion":"2024-06-18 17:34:28-06","es_pilares":"SI","dataset_relacionado":"PILARES","revision_manual":"NO","motivo_revision":"","fuente":"Sistema de Información Cultural (SIC)"}},{"type":"Feature","geometry":{"type":"Point","coordinates":[-99.16007,19.46046]},"properties":{"id_cultural":"CENTRO_CULTURAL_3480","id_sic":"3480","tipo_cultural":"CENTRO_CULTURAL","nombre":"PILARES Atlampa","fecha_fundacion":"2016-03-18","adscripcion_original":"Gobierno de la Ciudad de México","tipo_gestion":"PUBLICO","criterio_clasificacion":"EVIDENCIA_INSTITUCIONAL_PUBLICA","fuente_revision_gestion":"","nota_revision_gestion":"","estado_id":"9","entidad":"Ciudad de México","municipio_id":"15","municipio":"Cuauhtémoc","localidad_id":"1","localidad":"Cuauhtémoc","calle_numero":"Cerrada de Cedro 561","colonia":"Col. Atlampa","cp":"6450.0","telefono":"55 5134 0770 ext 1806","pagina_web":"https://pilares.cdmx.gob.mx/pilares/1518/atlampa","email":"coord_comunicacion@pilares.cdmx.gob.mx","facebook":"","twitter":"","instagram":"","aforo":"","tipo_escenario":"","num_pantallas":"","link_sic":"http://sic.gob.mx/ficha.php?table=centro_cultural&table_id=3480","fecha_modificacion":"2025-06-05 19:28:34-06","es_pilares":"SI","dataset_relacionado":"PILARES","revision_manual":"NO","motivo_revision":"","fuente":"Sistema de Información Cultural (SIC)"}},{"type":"Feature","geometry":{"type":"Point","coordinates":[-99.17532,19.40572]},"properties":{"id_cultural":"CENTRO_CULTURAL_3862","id_sic":"3862","tipo_cultural":"CENTRO_CULTURAL","nombre":"A la voz Casa de Arte","fecha_fundacion":"2025-02-08","adscripcion_original":"","tipo_gestion":"NO_DETERMINADO","criterio_clasificacion":"SIN_ADSCRIPCION","fuente_revision_gestion":"","nota_revision_gestion":"","estado_id":"9","entidad":"Ciudad de México","municipio_id":"15","municipio":"Cuauhtémoc","localidad_id":"1","localidad":"Cuauhtémoc","calle_numero":"Av. Baja California 352","colonia":"Col. Hipódromo Condesa","cp":"6100.0","telefono":"55 1590 7972","pagina_web":"","email":"alavozinfo@gmail.com","facebook":"","twitter":"","instagram":"","aforo":"","tipo_escenario":"","num_pantallas":"","link_sic":"http://sic.gob.mx/ficha.php?table=centro_cultural&table_id=3862","fecha_modificacion":"2025-08-12 14:43:25-06","es_pilares":"NO","dataset_relacionado":"","revision_manual":"SI","motivo_revision":"No existe adscripción disponible para determinar el tipo de gestión.","fuente":"Sistema de Información Cultural (SIC)"}},{"type":"Feature","geometry":{"type":"Point","coordinates":[-99.13576,19.45019]},"properties":{"id_cultural":"CENTRO_CULTURAL_2429","id_sic":"2429","tipo_cultural":"CENTRO_CULTURAL","nombre":"Centro Cultural Macario Matus","fecha_fundacion":"2009-11-01","adscripcion_original":"Centro Cultural Matus, A.C.","tipo_gestion":"PRIVADO","criterio_clasificacion":"EVIDENCIA_INSTITUCIONAL_PRIVADA","fuente_revision_gestion":"","nota_revision_gestion":"","estado_id":"9","entidad":"Ciudad de México","municipio_id":"15","municipio":"Cuauhtémoc","localidad_id":"1","localidad":"Cuauhtémoc","calle_numero":"Almacenes 94, edif. Guanajuato, local 2","colonia":"Col. Nonoalco Tlatelolco","cp":"6900.0","telefono":"(55) 4831 8639","pagina_web":"https://www.facebook.com/CentroCulturalMacarioMatus/?pnref=story","email":"","facebook":"","twitter":"","instagram":"","aforo":"","tipo_escenario":"","num_pantallas":"","link_sic":"http://sic.gob.mx/ficha.php?table=centro_cultural&table_id=2429","fecha_modificacion":"2020-04-24 14:53:37-05","es_pilares":"NO","dataset_relacionado":"","revision_manual":"NO","motivo_revision":"","fuente":"Sistema de Información Cultural (SIC)"}},{"type":"Feature","geometry":{"type":"Point","coordinates":[-99.15167,19.44165]},"properties":{"id_cultural":"CENTRO_CULTURAL_3863","id_sic":"3863","tipo_cultural":"CENTRO_CULTURAL","nombre":"Tonal: foro de expresión y música","fecha_fundacion":"1000-01-01","adscripcion_original":"","tipo_gestion":"NO_DETERMINADO","criterio_clasificacion":"SIN_ADSCRIPCION","fuente_revision_gestion":"","nota_revision_gestion":"","estado_id":"9","entidad":"Ciudad de México","municipio_id":"15","municipio":"Cuauhtémoc","localidad_id":"1","localidad":"Cuauhtémoc","calle_numero":"Álvaro Obregón 160","colonia":"Roma Norte","cp":"6700.0","telefono":"55 7413 7420","pagina_web":"https://www.tonaltonal.com/","email":"","facebook":"","twitter":"","instagram":"","aforo":"","tipo_escenario":"","num_pantallas":"","link_sic":"http://sic.gob.mx/ficha.php?table=centro_cultural&table_id=3863","fecha_modificacion":"2025-03-11 14:40:23-06","es_pilares":"NO","dataset_relacionado":"","revision_manual":"SI","motivo_revision":"No existe adscripción disponible para determinar el tipo de gestión.","fuente":"Sistema de Información Cultural (SIC)"}},{"type":"Feature","geometry":{"type":"Point","coordinates":[-99.14756,19.45526]},"properties":{"id_cultural":"CENTRO_CULTURAL_2463","id_sic":"2463","tipo_cultural":"CENTRO_CULTURAL","nombre":"Centro Cultural Revolución del ISSSTE","fecha_fundacion":"1987-01-01","adscripcion_original":"Instituto de Seguridad y Servicios Sociales de los Trabajadores del Estado (ISSSTE)","tipo_gestion":"PUBLICO","criterio_clasificacion":"EVIDENCIA_INSTITUCIONAL_PUBLICA","fuente_revision_gestion":"","nota_revision_gestion":"","estado_id":"9","entidad":"Ciudad de México","municipio_id":"15","municipio":"Cuauhtémoc","localidad_id":"1","localidad":"Cuauhtémoc","calle_numero":"U. H. Nonoalco Tlatelolco<br>Av. Manuel González s/n esq. Insurgentes Norte<br>entre edif. 4, 5 , 6","colonia":"Col. Tlaltelolco","cp":"6900.0","telefono":"(55) 5583 1114 directo","pagina_web":"http://www.issste.gob.mx","email":"gabriela.aparicio@issste.gob.mx","facebook":"","twitter":"","instagram":"","aforo":"","tipo_escenario":"","num_pantallas":"","link_sic":"http://sic.gob.mx/ficha.php?table=centro_cultural&table_id=2463","fecha_modificacion":"2025-03-03 13:06:06-06","es_pilares":"NO","dataset_relacionado":"","revision_manual":"NO","motivo_revision":"","fuente":"Sistema de Información Cultural (SIC)"}},{"type":"Feature","geometry":{"type":"Point","coordinates":[-99.16321,19.41972]},"properties":{"id_cultural":"CENTRO_CULTURAL_1443","id_sic":"1443","tipo_cultural":"CENTRO_CULTURAL","nombre":"Centro Cultural Instituto Goethe","fecha_fundacion":"1966-04-01","adscripcion_original":"Embajada de Alemania","tipo_gestion":"PUBLICO","criterio_clasificacion":"EVIDENCIA_INSTITUCIONAL_PUBLICA","fuente_revision_gestion":"","nota_revision_gestion":"","estado_id":"9","entidad":"Ciudad de México","municipio_id":"15","municipio":"Cuauhtémoc","localidad_id":"1","localidad":"Cuauhtémoc","calle_numero":"Tonalá 43","colonia":"Col. Roma","cp":"6700.0","telefono":"55 5207 0487","pagina_web":"https://www.goethe.de/ins/mx/es/index.html","email":"info-mexiko@goethe.de, socialmedia-mexiko@goethe.de","facebook":"","twitter":"","instagram":"","aforo":"","tipo_escenario":"","num_pantallas":"","link_sic":"http://sic.gob.mx/ficha.php?table=centro_cultural&table_id=1443","fecha_modificacion":"2024-11-20 17:10:57-06","es_pilares":"NO","dataset_relacionado":"","revision_manual":"NO","motivo_revision":"","fuente":"Sistema de Información Cultural (SIC)"}},{"type":"Feature","geometry":{"type":"Point","coordinates":[-99.16156,19.42757]},"properties":{"id_cultural":"CENTRO_CULTURAL_3115","id_sic":"3115","tipo_cultural":"CENTRO_CULTURAL","nombre":"Centro Cultural Minero","fecha_fundacion":"2018-09-22","adscripcion_original":"Cámara Minera de México (CAMIMEX)","tipo_gestion":"PRIVADO","criterio_clasificacion":"REVISION_MANUAL","fuente_revision_gestion":"","nota_revision_gestion":"","estado_id":"9","entidad":"Ciudad de México","municipio_id":"15","municipio":"Cuauhtémoc","localidad_id":"1","localidad":"Cuauhtémoc","calle_numero":"Havre 32","colonia":"Col. Juárez","cp":"6600.0","telefono":"55 5540 6788","pagina_web":"https://outletminero.org/inaugura-camimex-su-centro-cultural-minero-en-la-cdmx-2/","email":"","facebook":"","twitter":"","instagram":"","aforo":"","tipo_escenario":"","num_pantallas":"","link_sic":"http://sic.gob.mx/ficha.php?table=centro_cultural&table_id=3115","fecha_modificacion":"2025-03-03 12:06:10-06","es_pilares":"NO","dataset_relacionado":"","revision_manual":"NO","motivo_revision":"","fuente":"Sistema de Información Cultural (SIC)"}},{"type":"Feature","geometry":{"type":"Point","coordinates":[-99.16333,19.41783]},"properties":{"id_cultural":"CENTRO_CULTURAL_1959","id_sic":"1959","tipo_cultural":"CENTRO_CULTURAL","nombre":"Gimnasio de Arte y Cultura","fecha_fundacion":"2007-03-01","adscripcion_original":"Gimnasio de Arte y Cultura A.C.","tipo_gestion":"PRIVADO","criterio_clasificacion":"EVIDENCIA_INSTITUCIONAL_PRIVADA","fuente_revision_gestion":"","nota_revision_gestion":"","estado_id":"9","entidad":"Ciudad de México","municipio_id":"15","municipio":"Cuauhtémoc","localidad_id":"1","localidad":"Cuauhtémoc","calle_numero":"Álvaro Obregón 185,  piso 4","colonia":"Col. Roma Norte","cp":"6700.0","telefono":"55 5207 9404","pagina_web":"http://www.gimnasiodearte.com","email":"info@gimnasiodearte.com","facebook":"","twitter":"","instagram":"","aforo":"","tipo_escenario":"","num_pantallas":"","link_sic":"http://sic.gob.mx/ficha.php?table=centro_cultural&table_id=1959","fecha_modificacion":"2025-03-12 12:06:46-06","es_pilares":"NO","dataset_relacionado":"","revision_manual":"NO","motivo_revision":"","fuente":"Sistema de Información Cultural (SIC)"}},{"type":"Feature","geometry":{"type":"Point","coordinates":[-99.14301,19.43832]},"properties":{"id_cultural":"CENTRO_CULTURAL_2062","id_sic":"2062","tipo_cultural":"CENTRO_CULTURAL","nombre":"La Nana. Laboratorio Urbano de Arte Comprometido","fecha_fundacion":"2009-05-06","adscripcion_original":"ConArte","tipo_gestion":"PRIVADO","criterio_clasificacion":"REVISION_EXTERNA","fuente_revision_gestion":"INBAL","nota_revision_gestion":"La Nana es sede del Consorcio Internacional Arte y Escuela A.C.","estado_id":"9","entidad":"Ciudad de México","municipio_id":"15","municipio":"Cuauhtémoc","localidad_id":"1","localidad":"Cuauhtémoc","calle_numero":"2do Cjón. de San Juan de Dios 25","colonia":"Col. Guerrero","cp":"6300.0","telefono":"55 5518 5424","pagina_web":"https://www.conartemx.net/lanana","email":"lananaluac@gmail.com","facebook":"","twitter":"","instagram":"","aforo":"","tipo_escenario":"","num_pantallas":"","link_sic":"http://sic.gob.mx/ficha.php?table=centro_cultural&table_id=2062","fecha_modificacion":"2024-12-02 11:40:53-06","es_pilares":"NO","dataset_relacionado":"","revision_manual":"NO","motivo_revision":"","fuente":"Sistema de Información Cultural (SIC)"}},{"type":"Feature","geometry":{"type":"Point","coordinates":[-99.13184,19.41079]},"properties":{"id_cultural":"CENTRO_CULTURAL_1432","id_sic":"1432","tipo_cultural":"CENTRO_CULTURAL","nombre":"Casa de Cultura Alfonso Reyes","fecha_fundacion":"1988-04-01","adscripcion_original":"Alcaldía Cuauhtémoc/Subdirección de Artes y Oficios","tipo_gestion":"PUBLICO","criterio_clasificacion":"EVIDENCIA_INSTITUCIONAL_PUBLICA","fuente_revision_gestion":"","nota_revision_gestion":"","estado_id":"9","entidad":"Ciudad de México","municipio_id":"15","municipio":"Cuauhtémoc","localidad_id":"1","localidad":"Cuauhtémoc","calle_numero":"Roa Bárcenas 251 esq. Ramón Fabié","colonia":"Col. Vista Alegre","cp":"6800.0","telefono":"55 4335 8110","pagina_web":"https://alcaldiacuauhtemoc.mx/descubre/casa-de-cultura-alfonso-reyes/","email":"casadeculturaalfonsoreyes@gmail.com","facebook":"","twitter":"","instagram":"","aforo":"","tipo_escenario":"","num_pantallas":"","link_sic":"http://sic.gob.mx/ficha.php?table=centro_cultural&table_id=1432","fecha_modificacion":"2020-04-27 11:55:41-05","es_pilares":"NO","dataset_relacionado":"","revision_manual":"NO","motivo_revision":"","fuente":"Sistema de Información Cultural (SIC)"}},{"type":"Feature","geometry":{"type":"Point","coordinates":[-99.1568,19.42539]},"properties":{"id_cultural":"CENTRO_CULTURAL_3298","id_sic":"3298","tipo_cultural":"CENTRO_CULTURAL","nombre":"Foro Cultural Goya","fecha_fundacion":"2012-05-03","adscripcion_original":"","tipo_gestion":"NO_DETERMINADO","criterio_clasificacion":"SIN_ADSCRIPCION","fuente_revision_gestion":"","nota_revision_gestion":"","estado_id":"9","entidad":"Ciudad de México","municipio_id":"15","municipio":"Cuauhtémoc","localidad_id":"1","localidad":"Cuauhtémoc","calle_numero":"Av. Chapultepec 151-16","colonia":"Col. Juárez","cp":"6600.0","telefono":"55 4444 2299","pagina_web":"https://www.foroculturalgoya.com","email":"correogoya@hotmail.com","facebook":"","twitter":"","instagram":"","aforo":"","tipo_escenario":"","num_pantallas":"","link_sic":"http://sic.gob.mx/ficha.php?table=centro_cultural&table_id=3298","fecha_modificacion":"2024-12-02 12:32:43-06","es_pilares":"NO","dataset_relacionado":"","revision_manual":"SI","motivo_revision":"No existe adscripción disponible para determinar el tipo de gestión.","fuente":"Sistema de Información Cultural (SIC)"}},{"type":"Feature","geometry":{"type":"Point","coordinates":[-99.15404,19.43968]},"properties":{"id_cultural":"CENTRO_CULTURAL_3374","id_sic":"3374","tipo_cultural":"CENTRO_CULTURAL","nombre":"Foro Cultural Hilvana","fecha_fundacion":"2007-01-01","adscripcion_original":"","tipo_gestion":"NO_DETERMINADO","criterio_clasificacion":"SIN_ADSCRIPCION","fuente_revision_gestion":"","nota_revision_gestion":"","estado_id":"9","entidad":"Ciudad de México","municipio_id":"15","municipio":"Cuauhtémoc","localidad_id":"1","localidad":"Cuauhtémoc","calle_numero":"Puente de Alvarado 17 A","colonia":"Col. Buenavista","cp":"6350.0","telefono":"55 5566 3334,  55 7090 1392","pagina_web":"http://www.forohilvana.com/","email":"contacto@forohilvana.com","facebook":"","twitter":"","instagram":"","aforo":"","tipo_escenario":"","num_pantallas":"","link_sic":"http://sic.gob.mx/ficha.php?table=centro_cultural&table_id=3374","fecha_modificacion":"2025-12-03 17:48:26-06","es_pilares":"NO","dataset_relacionado":"","revision_manual":"SI","motivo_revision":"No existe adscripción disponible para determinar el tipo de gestión.","fuente":"Sistema de Información Cultural (SIC)"}},{"type":"Feature","geometry":{"type":"Point","coordinates":[-99.13876,19.44964]},"properties":{"id_cultural":"CENTRO_CULTURAL_2464","id_sic":"2464","tipo_cultural":"CENTRO_CULTURAL","nombre":"Centro Cultural Adolfo López Mateos del ISSSTE","fecha_fundacion":"1991-04-01","adscripcion_original":"ISSSTE","tipo_gestion":"PUBLICO","criterio_clasificacion":"EVIDENCIA_INSTITUCIONAL_PUBLICA","fuente_revision_gestion":"","nota_revision_gestion":"","estado_id":"9","entidad":"Ciudad de México","municipio_id":"15","municipio":"Cuauhtémoc","localidad_id":"1","localidad":"Cuauhtémoc","calle_numero":"Eje Central Lázaro Cárdenas 402","colonia":"Col. Tlatelolco","cp":"6900.0","telefono":"55 5782 2207","pagina_web":"http://www.issste.gob.mx","email":"hdiaz@issste.gob.mx","facebook":"","twitter":"","instagram":"","aforo":"","tipo_escenario":"","num_pantallas":"","link_sic":"http://sic.gob.mx/ficha.php?table=centro_cultural&table_id=2464","fecha_modificacion":"2020-05-14 06:34:05-05","es_pilares":"NO","dataset_relacionado":"","revision_manual":"NO","motivo_revision":"","fuente":"Sistema de Información Cultural (SIC)"}},{"type":"Feature","geometry":{"type":"Point","coordinates":[-99.17045,19.40364]},"properties":{"id_cultural":"CENTRO_CULTURAL_1504","id_sic":"1504","tipo_cultural":"CENTRO_CULTURAL","nombre":"Casa de Cultura  Profr. Jesús Romero Flores","fecha_fundacion":"1981-10-16","adscripcion_original":"Alcaldía Cuauhtémoc/Subdirección de Artes y Oficios","tipo_gestion":"PUBLICO","criterio_clasificacion":"EVIDENCIA_INSTITUCIONAL_PUBLICA","fuente_revision_gestion":"","nota_revision_gestion":"","estado_id":"9","entidad":"Ciudad de México","municipio_id":"15","municipio":"Cuauhtémoc","localidad_id":"1","localidad":"Cuauhtémoc","calle_numero":"Culiacán 103 esq. Tehuantepec","colonia":"Col. Hipódromo","cp":"6100.0","telefono":"55 4335.8130","pagina_web":"https://historico.alcaldiacuauhtemoc.mx/casas-de-cultura/","email":"","facebook":"","twitter":"","instagram":"","aforo":"","tipo_escenario":"","num_pantallas":"","link_sic":"http://sic.gob.mx/ficha.php?table=centro_cultural&table_id=1504","fecha_modificacion":"2025-08-27 12:19:02-06","es_pilares":"NO","dataset_relacionado":"","revision_manual":"NO","motivo_revision":"","fuente":"Sistema de Información Cultural (SIC)"}},{"type":"Feature","geometry":{"type":"Point","coordinates":[-99.15809,19.41887]},"properties":{"id_cultural":"CENTRO_CULTURAL_1465","id_sic":"1465","tipo_cultural":"CENTRO_CULTURAL","nombre":"Centro Cultural Casa del Poeta","fecha_fundacion":"1991-11-28","adscripcion_original":"Fundación Casa del Poeta, I. A. P.","tipo_gestion":"PRIVADO","criterio_clasificacion":"EVIDENCIA_INSTITUCIONAL_PRIVADA","fuente_revision_gestion":"","nota_revision_gestion":"","estado_id":"9","entidad":"Ciudad de México","municipio_id":"15","municipio":"Cuauhtémoc","localidad_id":"1","localidad":"Cuauhtémoc","calle_numero":"Av. Álvaro Obregón  73","colonia":"Col. Roma","cp":"6700.0","telefono":"55 5533 5456","pagina_web":"http://www.casadelpoeta.iap.org.mx/","email":"casadelpoeta@prodigy.net.mx","facebook":"","twitter":"","instagram":"","aforo":"","tipo_escenario":"","num_pantallas":"","link_sic":"http://sic.gob.mx/ficha.php?table=centro_cultural&table_id=1465","fecha_modificacion":"2020-05-05 05:55:07-05","es_pilares":"NO","dataset_relacionado":"","revision_manual":"NO","motivo_revision":"","fuente":"Sistema de Información Cultural (SIC)"}},{"type":"Feature","geometry":{"type":"Point","coordinates":[-99.15645,19.41735]},"properties":{"id_cultural":"CENTRO_CULTURAL_2130","id_sic":"2130","tipo_cultural":"CENTRO_CULTURAL","nombre":"Centro Cultural Border","fecha_fundacion":"2006-10-10","adscripcion_original":"Border Brother, S. de R.L. de C.V.","tipo_gestion":"PRIVADO","criterio_clasificacion":"EVIDENCIA_INSTITUCIONAL_PRIVADA","fuente_revision_gestion":"","nota_revision_gestion":"","estado_id":"9","entidad":"Ciudad de México","municipio_id":"15","municipio":"Cuauhtémoc","localidad_id":"1","localidad":"Cuauhtémoc","calle_numero":"Zacatecas 43","colonia":"Col. Roma","cp":"6700.0","telefono":"55 5584 7557","pagina_web":"http://www.border.com.mx","email":"eugenio@border.com.mx; info@border.com.mx","facebook":"","twitter":"","instagram":"","aforo":"","tipo_escenario":"","num_pantallas":"","link_sic":"http://sic.gob.mx/ficha.php?table=centro_cultural&table_id=2130","fecha_modificacion":"2023-10-31 08:53:27-06","es_pilares":"NO","dataset_relacionado":"","revision_manual":"NO","motivo_revision":"","fuente":"Sistema de Información Cultural (SIC)"}},{"type":"Feature","geometry":{"type":"Point","coordinates":[-99.15959,19.41859]},"properties":{"id_cultural":"CENTRO_CULTURAL_1449","id_sic":"1449","tipo_cultural":"CENTRO_CULTURAL","nombre":"Centro de Cultura Casa Lamm","fecha_fundacion":"1993-06-01","adscripcion_original":"Centro de Estudios para la Cultura y las Artes Casa Lamm, A. C.","tipo_gestion":"PRIVADO","criterio_clasificacion":"EVIDENCIA_INSTITUCIONAL_PRIVADA","fuente_revision_gestion":"","nota_revision_gestion":"","estado_id":"9","entidad":"Ciudad de México","municipio_id":"15","municipio":"Cuauhtémoc","localidad_id":"1","localidad":"Cuauhtémoc","calle_numero":"Álvaro Obregón  99","colonia":"Col. Roma","cp":"6700.0","telefono":"55 5525 3938, 55 5525 3918","pagina_web":"https://www.casalamm.com.mx/","email":"lammacademico@casalamm.com.mx; eictvmexico@gmail.com","facebook":"","twitter":"","instagram":"","aforo":"","tipo_escenario":"","num_pantallas":"","link_sic":"http://sic.gob.mx/ficha.php?table=centro_cultural&table_id=1449","fecha_modificacion":"2025-05-22 10:52:31-06","es_pilares":"NO","dataset_relacionado":"","revision_manual":"NO","motivo_revision":"","fuente":"Sistema de Información Cultural (SIC)"}},{"type":"Feature","geometry":{"type":"Point","coordinates":[-99.13834,19.42979]},"properties":{"id_cultural":"CENTRO_CULTURAL_1343","id_sic":"1343","tipo_cultural":"CENTRO_CULTURAL","nombre":"Instituto Cultural México Israel","fecha_fundacion":"1993-10-19","adscripcion_original":"Instituto Cultural México Israel, A.C.","tipo_gestion":"PRIVADO","criterio_clasificacion":"EVIDENCIA_INSTITUCIONAL_PRIVADA","fuente_revision_gestion":"","nota_revision_gestion":"","estado_id":"9","entidad":"Ciudad de México","municipio_id":"15","municipio":"Cuauhtémoc","localidad_id":"1","localidad":"Cuauhtémoc","calle_numero":"Rep. de El Salvador 41","colonia":"Centro Histórico","cp":"6030.0","telefono":"55 5709 8812","pagina_web":"http://www.mexico-israel.org/","email":"contacto@mexico-israel.org","facebook":"","twitter":"","instagram":"","aforo":"","tipo_escenario":"","num_pantallas":"","link_sic":"http://sic.gob.mx/ficha.php?table=centro_cultural&table_id=1343","fecha_modificacion":"2024-12-02 14:18:15-06","es_pilares":"NO","dataset_relacionado":"","revision_manual":"NO","motivo_revision":"","fuente":"Sistema de Información Cultural (SIC)"}},{"type":"Feature","geometry":{"type":"Point","coordinates":[-99.17165,19.40917]},"properties":{"id_cultural":"CENTRO_CULTURAL_1680","id_sic":"1680","tipo_cultural":"CENTRO_CULTURAL","nombre":"Casa Refugio Citlaltépetl","fecha_fundacion":"1999-09-01","adscripcion_original":"Secretaría de Cultura de la Ciudad de México/Coordinación Interinstitucional","tipo_gestion":"PUBLICO","criterio_clasificacion":"EVIDENCIA_INSTITUCIONAL_PUBLICA","fuente_revision_gestion":"","nota_revision_gestion":"","estado_id":"9","entidad":"Ciudad de México","municipio_id":"15","municipio":"Cuauhtémoc","localidad_id":"1","localidad":"Cuauhtémoc","calle_numero":"Citlaltépetl 25","colonia":"Hipódromo Condesa","cp":"6170.0","telefono":"(55) 5919 1463","pagina_web":"","email":"casarefugiodelamemoria@gmail.com","facebook":"","twitter":"","instagram":"","aforo":"","tipo_escenario":"","num_pantallas":"","link_sic":"http://sic.gob.mx/ficha.php?table=centro_cultural&table_id=1680","fecha_modificacion":"2026-02-09 19:14:24-06","es_pilares":"NO","dataset_relacionado":"","revision_manual":"NO","motivo_revision":"","fuente":"Sistema de Información Cultural (SIC)"}},{"type":"Feature","geometry":{"type":"Point","coordinates":[-99.16164,19.43746]},"properties":{"id_cultural":"CENTRO_CULTURAL_2141","id_sic":"2141","tipo_cultural":"CENTRO_CULTURAL","nombre":"Casa de Cultura San Rafael","fecha_fundacion":"1991-01-01","adscripcion_original":"Alcaldía Cuauhtémoc/Subdirección de Artes y Oficios","tipo_gestion":"PUBLICO","criterio_clasificacion":"EVIDENCIA_INSTITUCIONAL_PUBLICA","fuente_revision_gestion":"","nota_revision_gestion":"","estado_id":"9","entidad":"Ciudad de México","municipio_id":"15","municipio":"Cuauhtémoc","localidad_id":"1","localidad":"Cuauhtémoc","calle_numero":"José Rosas Moreno 110","colonia":"Col. San Rafael","cp":"6500.0","telefono":"55 5705 22 19","pagina_web":"https://historico.alcaldiacuauhtemoc.mx/nope/casa-de-cultura-san-rafael/","email":"casadeculturasanrafael@gmail.com","facebook":"","twitter":"","instagram":"","aforo":"","tipo_escenario":"","num_pantallas":"","link_sic":"http://sic.gob.mx/ficha.php?table=centro_cultural&table_id=2141","fecha_modificacion":"2024-07-09 09:40:46-06","es_pilares":"NO","dataset_relacionado":"","revision_manual":"NO","motivo_revision":"","fuente":"Sistema de Información Cultural (SIC)"}},{"type":"Feature","geometry":{"type":"Point","coordinates":[-99.15331,19.42002]},"properties":{"id_cultural":"CENTRO_CULTURAL_3109","id_sic":"3109","tipo_cultural":"CENTRO_CULTURAL","nombre":"Galera Centro Cultural Multidisciplinario","fecha_fundacion":"2019-01-25","adscripcion_original":"Independiente","tipo_gestion":"PRIVADO","criterio_clasificacion":"CLASIFICACION_EXPLICITA","fuente_revision_gestion":"","nota_revision_gestion":"","estado_id":"9","entidad":"Ciudad de México","municipio_id":"15","municipio":"Cuauhtémoc","localidad_id":"1","localidad":"Cuauhtémoc","calle_numero":"Dr. Manuel Carmona y Valle 147","colonia":"Col. Doctores","cp":"6720.0","telefono":"","pagina_web":"https://distritoglobal.com/galera/","email":"","facebook":"","twitter":"","instagram":"","aforo":"","tipo_escenario":"","num_pantallas":"","link_sic":"http://sic.gob.mx/ficha.php?table=centro_cultural&table_id=3109","fecha_modificacion":"2025-07-23 12:48:04-06","es_pilares":"NO","dataset_relacionado":"","revision_manual":"NO","motivo_revision":"","fuente":"Sistema de Información Cultural (SIC)"}},{"type":"Feature","geometry":{"type":"Point","coordinates":[-99.17384,19.42058]},"properties":{"id_cultural":"CENTRO_CULTURAL_1451","id_sic":"1451","tipo_cultural":"CENTRO_CULTURAL","nombre":"Unidad Cultural y Recreativa Profr. Ismael Rodríguez y Aragón","fecha_fundacion":"1991-12-31","adscripcion_original":"Síndicato Nacional de Trabajadores del Seguro Social","tipo_gestion":"PRIVADO","criterio_clasificacion":"REVISION_MANUAL","fuente_revision_gestion":"","nota_revision_gestion":"","estado_id":"9","entidad":"Ciudad de México","municipio_id":"15","municipio":"Cuauhtémoc","localidad_id":"1","localidad":"Cuauhtémoc","calle_numero":"Sonora 13","colonia":"Col. Roma","cp":"6700.0","telefono":"55 5286 1059","pagina_web":"","email":"gonzalezgar_1323@hotmail.com","facebook":"","twitter":"","instagram":"","aforo":"","tipo_escenario":"","num_pantallas":"","link_sic":"http://sic.gob.mx/ficha.php?table=centro_cultural&table_id=1451","fecha_modificacion":"2024-12-06 13:35:45-06","es_pilares":"NO","dataset_relacionado":"","revision_manual":"NO","motivo_revision":"","fuente":"Sistema de Información Cultural (SIC)"}},{"type":"Feature","geometry":{"type":"Point","coordinates":[-99.13952,19.4359]},"properties":{"id_cultural":"CENTRO_CULTURAL_1092","id_sic":"1092","tipo_cultural":"CENTRO_CULTURAL","nombre":"Palacio de Minería","fecha_fundacion":"1979-01-01","adscripcion_original":"UNAM/Facultad de Ingeniería","tipo_gestion":"PUBLICO","criterio_clasificacion":"EVIDENCIA_INSTITUCIONAL_PUBLICA","fuente_revision_gestion":"","nota_revision_gestion":"","estado_id":"9","entidad":"Ciudad de México","municipio_id":"15","municipio":"Cuauhtémoc","localidad_id":"1","localidad":"Cuauhtémoc","calle_numero":"Tacuba 5","colonia":"Centro Histórico","cp":"6000.0","telefono":"55 5623 2997","pagina_web":"http://www.palaciomineria.unam.mx/","email":"teresa.martinez@mineria.unam.mx","facebook":"","twitter":"","instagram":"","aforo":"","tipo_escenario":"","num_pantallas":"","link_sic":"http://sic.gob.mx/ficha.php?table=centro_cultural&table_id=1092","fecha_modificacion":"2024-12-03 13:49:52-06","es_pilares":"NO","dataset_relacionado":"","revision_manual":"NO","motivo_revision":"","fuente":"Sistema de Información Cultural (SIC)"}},{"type":"Feature","geometry":{"type":"Point","coordinates":[-99.13674,19.44986]},"properties":{"id_cultural":"CENTRO_CULTURAL_1983","id_sic":"1983","tipo_cultural":"CENTRO_CULTURAL","nombre":"Centro Cultural Universitario Tlatelolco (CCUT)","fecha_fundacion":"2007-10-22","adscripcion_original":"UNAM/Coordinación de Difusión Cultural, Alcaldía Cuauhtémoc","tipo_gestion":"PUBLICO","criterio_clasificacion":"EVIDENCIA_INSTITUCIONAL_PUBLICA","fuente_revision_gestion":"","nota_revision_gestion":"","estado_id":"9","entidad":"Ciudad de México","municipio_id":"15","municipio":"Cuauhtémoc","localidad_id":"1","localidad":"Cuauhtémoc","calle_numero":"Ricardo Flores Magón s/n","colonia":"Col. Nonoalco Tlatelolco","cp":"6900.0","telefono":"55 5117 2818 ext. 49687","pagina_web":"https://tlatelolco.unam.mx/","email":"educacion.ccut@gmail.com","facebook":"","twitter":"","instagram":"","aforo":"","tipo_escenario":"","num_pantallas":"","link_sic":"http://sic.gob.mx/ficha.php?table=centro_cultural&table_id=1983","fecha_modificacion":"2025-03-04 11:06:34-06","es_pilares":"NO","dataset_relacionado":"","revision_manual":"NO","motivo_revision":"","fuente":"Sistema de Información Cultural (SIC)"}},{"type":"Feature","geometry":{"type":"Point","coordinates":[-99.1912,19.41559]},"properties":{"id_cultural":"CENTRO_CULTURAL_3099","id_sic":"3099","tipo_cultural":"CENTRO_CULTURAL","nombre":"Complejo Cultural Los Pinos","fecha_fundacion":"2018-12-01","adscripcion_original":"Secretaría de Cultura","tipo_gestion":"PUBLICO","criterio_clasificacion":"EVIDENCIA_INSTITUCIONAL_PUBLICA","fuente_revision_gestion":"","nota_revision_gestion":"","estado_id":"9","entidad":"Ciudad de México","municipio_id":"16","municipio":"Miguel Hidalgo","localidad_id":"1","localidad":"Miguel Hidalgo","calle_numero":"Parque Lira s/n, Bosque de Chapultepec 1a sección","colonia":"Col. San Miguel Chapultepec","cp":"11850.0","telefono":"55 4155 0200 ext. 2412","pagina_web":"https://lospinos.cultura.gob.mx/?fbclid=IwAR2so5jad71Ns6eTtEoxo9QbPR9GWomBCKsaAWrNWMwihd9K-BdI6XZgOjY","email":"contactolospinos@cultura.gob.mx","facebook":"","twitter":"","instagram":"","aforo":"","tipo_escenario":"","num_pantallas":"","link_sic":"http://sic.gob.mx/ficha.php?table=centro_cultural&table_id=3099","fecha_modificacion":"2024-02-29 13:35:11-06","es_pilares":"NO","dataset_relacionado":"","revision_manual":"NO","motivo_revision":"","fuente":"Sistema de Información Cultural (SIC)"}},{"type":"Feature","geometry":{"type":"Point","coordinates":[-99.19071,19.40733]},"properties":{"id_cultural":"CENTRO_CULTURAL_3639","id_sic":"3639","tipo_cultural":"CENTRO_CULTURAL","nombre":"PILARES Casa Amarilla","fecha_fundacion":"1000-01-01","adscripcion_original":"Secretaría de Cultura de la Ciudad de México","tipo_gestion":"PUBLICO","criterio_clasificacion":"EVIDENCIA_INSTITUCIONAL_PUBLICA","fuente_revision_gestion":"","nota_revision_gestion":"","estado_id":"9","entidad":"Ciudad de México","municipio_id":"16","municipio":"Miguel Hidalgo","localidad_id":"1","localidad":"Miguel Hidalgo","calle_numero":"Av. Parque Lira 94","colonia":"Col. Observatorio","cp":"11860.0","telefono":"55 5134 0770 ext 1806","pagina_web":"https://pilares.cdmx.gob.mx/pilares/1677/casa-amarilla","email":"coord_comunicacion@pilares.cdmx.gob.mx","facebook":"","twitter":"","instagram":"","aforo":"","tipo_escenario":"","num_pantallas":"","link_sic":"http://sic.gob.mx/ficha.php?table=centro_cultural&table_id=3639","fecha_modificacion":"2024-06-11 10:46:42-06","es_pilares":"SI","dataset_relacionado":"PILARES","revision_manual":"NO","motivo_revision":"","fuente":"Sistema de Información Cultural (SIC)"}},{"type":"Feature","geometry":{"type":"Point","coordinates":[-99.20512,19.45478]},"properties":{"id_cultural":"CENTRO_CULTURAL_3499","id_sic":"3499","tipo_cultural":"CENTRO_CULTURAL","nombre":"PILARES Caneguín","fecha_fundacion":"2019-07-27","adscripcion_original":"Secretaría de Cultura de la Ciudad de México","tipo_gestion":"PUBLICO","criterio_clasificacion":"EVIDENCIA_INSTITUCIONAL_PUBLICA","fuente_revision_gestion":"","nota_revision_gestion":"","estado_id":"9","entidad":"Ciudad de México","municipio_id":"16","municipio":"Miguel Hidalgo","localidad_id":"1","localidad":"Miguel Hidalgo","calle_numero":"Lago Canegín 130","colonia":"Col. Argentina Antigua","cp":"11270.0","telefono":"55 5134 0770 ext 1806","pagina_web":"https://pilares.cdmx.gob.mx/","email":"coord_comunicacion@pilares.cdmx.gob.mx","facebook":"","twitter":"","instagram":"","aforo":"","tipo_escenario":"","num_pantallas":"","link_sic":"http://sic.gob.mx/ficha.php?table=centro_cultural&table_id=3499","fecha_modificacion":"2025-09-08 15:39:52-06","es_pilares":"SI","dataset_relacionado":"PILARES","revision_manual":"NO","motivo_revision":"","fuente":"Sistema de Información Cultural (SIC)"}},{"type":"Feature","geometry":{"type":"Point","coordinates":[-99.17717,19.44771]},"properties":{"id_cultural":"CENTRO_CULTURAL_3640","id_sic":"3640","tipo_cultural":"CENTRO_CULTURAL","nombre":"PILARES Othón Salazar/Parque Salesiano","fecha_fundacion":"2021-08-07","adscripcion_original":"Gobierno de la Ciudad de México","tipo_gestion":"PUBLICO","criterio_clasificacion":"EVIDENCIA_INSTITUCIONAL_PUBLICA","fuente_revision_gestion":"","nota_revision_gestion":"","estado_id":"9","entidad":"Ciudad de México","municipio_id":"16","municipio":"Miguel Hidalgo","localidad_id":"1","localidad":"Miguel Hidalgo","calle_numero":"Calle Colegio Salesiano s/n","colonia":"Col. Anáhuac 1a. Sección","cp":"11320.0","telefono":"55 5134 0770 ext 1806","pagina_web":"https://pilares.cdmx.gob.mx/pilares/1678/othon-salazar","email":"coord_comunicacion@pilares.cdmx.gob.mx","facebook":"","twitter":"","instagram":"","aforo":"","tipo_escenario":"","num_pantallas":"","link_sic":"http://sic.gob.mx/ficha.php?table=centro_cultural&table_id=3640","fecha_modificacion":"2025-08-11 17:59:36-06","es_pilares":"SI","dataset_relacionado":"PILARES","revision_manual":"NO","motivo_revision":"","fuente":"Sistema de Información Cultural (SIC)"}},{"type":"Feature","geometry":{"type":"Point","coordinates":[-99.19918,19.41153]},"properties":{"id_cultural":"CENTRO_CULTURAL_3398","id_sic":"3398","tipo_cultural":"CENTRO_CULTURAL","nombre":"Centro de Cultura Ambiental","fecha_fundacion":"2023-01-21","adscripcion_original":"Secretaría de Cultura del Gobierno de México / Secretaría de Medio Ambiente (SEDEMA)","tipo_gestion":"PUBLICO","criterio_clasificacion":"EVIDENCIA_INSTITUCIONAL_PUBLICA","fuente_revision_gestion":"","nota_revision_gestion":"","estado_id":"9","entidad":"Ciudad de México","municipio_id":"16","municipio":"Miguel Hidalgo","localidad_id":"1","localidad":"Miguel Hidalgo","calle_numero":"Zona del Lago Menor en la Segunda Sección del Bosque de Chapultepec.","colonia":"","cp":"11100.0","telefono":"","pagina_web":"","email":"cultura.chapultepec@gmail.com","facebook":"","twitter":"","instagram":"","aforo":"","tipo_escenario":"","num_pantallas":"","link_sic":"http://sic.gob.mx/ficha.php?table=centro_cultural&table_id=3398","fecha_modificacion":"2024-02-29 13:37:39-06","es_pilares":"NO","dataset_relacionado":"","revision_manual":"NO","motivo_revision":"","fuente":"Sistema de Información Cultural (SIC)"}},{"type":"Feature","geometry":{"type":"Point","coordinates":[-99.21935,19.39965]},"properties":{"id_cultural":"CENTRO_CULTURAL_3449","id_sic":"3449","tipo_cultural":"CENTRO_CULTURAL","nombre":"Parque de Cultura Urbana (PARCUR)","fecha_fundacion":"2022-02-19","adscripcion_original":"Gobierno de la Ciudad de México","tipo_gestion":"PUBLICO","criterio_clasificacion":"EVIDENCIA_INSTITUCIONAL_PUBLICA","fuente_revision_gestion":"","nota_revision_gestion":"","estado_id":"9","entidad":"Ciudad de México","municipio_id":"16","municipio":"Miguel Hidalgo","localidad_id":"1","localidad":"Miguel Hidalgo","calle_numero":"Av. Ignacio Zaragoza 224","colonia":"Bosque de Chapultepec III Sección","cp":"11100.0","telefono":"","pagina_web":"","email":"","facebook":"","twitter":"","instagram":"","aforo":"","tipo_escenario":"","num_pantallas":"","link_sic":"http://sic.gob.mx/ficha.php?table=centro_cultural&table_id=3449","fecha_modificacion":"2024-02-29 13:38:45-06","es_pilares":"NO","dataset_relacionado":"","revision_manual":"NO","motivo_revision":"","fuente":"Sistema de Información Cultural (SIC)"}},{"type":"Feature","geometry":{"type":"Point","coordinates":[-99.17575,19.42311]},"properties":{"id_cultural":"CENTRO_CULTURAL_2709","id_sic":"2709","tipo_cultural":"CENTRO_CULTURAL","nombre":"Centro de Cultura Digital (CCD)","fecha_fundacion":"2012-09-01","adscripcion_original":"Secretaría de Cultura","tipo_gestion":"PUBLICO","criterio_clasificacion":"EVIDENCIA_INSTITUCIONAL_PUBLICA","fuente_revision_gestion":"","nota_revision_gestion":"","estado_id":"9","entidad":"Ciudad de México","municipio_id":"16","municipio":"Miguel Hidalgo","localidad_id":"1","localidad":"Miguel Hidalgo","calle_numero":"Paseo de la Reforma s/n esq. Lieja","colonia":"Col. Juárez","cp":"6600.0","telefono":"55 1000 2637","pagina_web":"http://www.centroculturadigital.mx/","email":"asistentedir.ccd@gmail.com","facebook":"","twitter":"","instagram":"","aforo":"","tipo_escenario":"","num_pantallas":"","link_sic":"http://sic.gob.mx/ficha.php?table=centro_cultural&table_id=2709","fecha_modificacion":"2020-04-22 10:39:32-05","es_pilares":"NO","dataset_relacionado":"","revision_manual":"NO","motivo_revision":"","fuente":"Sistema de Información Cultural (SIC)"}},{"type":"Feature","geometry":{"type":"Point","coordinates":[-99.19518,19.42341]},"properties":{"id_cultural":"CENTRO_CULTURAL_982","id_sic":"982","tipo_cultural":"CENTRO_CULTURAL","nombre":"Centro Cultural del Bosque","fecha_fundacion":"1962-07-21","adscripcion_original":"Secretaría de Cultura/INBA","tipo_gestion":"PUBLICO","criterio_clasificacion":"EVIDENCIA_INSTITUCIONAL_PUBLICA","fuente_revision_gestion":"","nota_revision_gestion":"","estado_id":"9","entidad":"Ciudad de México","municipio_id":"16","municipio":"Miguel Hidalgo","localidad_id":"1","localidad":"Miguel Hidalgo","calle_numero":"Av. Paseo de la Reforma y Campo Marte","colonia":"Col. Chapultepec Polanco","cp":"11560.0","telefono":"55 1000 5600 ext. 4408","pagina_web":"http://www.ccb.bellasartes.gob.mx","email":"arteccb_see@yahoo.com.mx; ccb@inba.gob.mx","facebook":"","twitter":"","instagram":"","aforo":"","tipo_escenario":"","num_pantallas":"","link_sic":"http://sic.gob.mx/ficha.php?table=centro_cultural&table_id=982","fecha_modificacion":"2020-04-21 06:33:01-05","es_pilares":"NO","dataset_relacionado":"","revision_manual":"NO","motivo_revision":"","fuente":"Sistema de Información Cultural (SIC)"}},{"type":"Feature","geometry":{"type":"Point","coordinates":[-99.19451,19.44919]},"properties":{"id_cultural":"CENTRO_CULTURAL_3552","id_sic":"3552","tipo_cultural":"CENTRO_CULTURAL","nombre":"PILARES Pensil","fecha_fundacion":"2020-01-16","adscripcion_original":"Gobierno de la Ciudad de México","tipo_gestion":"PUBLICO","criterio_clasificacion":"EVIDENCIA_INSTITUCIONAL_PUBLICA","fuente_revision_gestion":"","nota_revision_gestion":"","estado_id":"9","entidad":"Ciudad de México","municipio_id":"16","municipio":"Miguel Hidalgo","localidad_id":"1","localidad":"Miguel Hidalgo","calle_numero":"Lago Trasimeno s/n esq. Lago Erne","colonia":"Col. Reforma Pensil","cp":"11440.0","telefono":"","pagina_web":"https://www.jefaturadegobierno.cdmx.gob.mx/comunicacion/nota/inaugura-jefa-de-gobierno-reforma-pensil-en-la-alcaldia-miguel-hidalgo","email":"pilarespensil@cdmx.gob.mx","facebook":"","twitter":"","instagram":"","aforo":"","tipo_escenario":"","num_pantallas":"","link_sic":"http://sic.gob.mx/ficha.php?table=centro_cultural&table_id=3552","fecha_modificacion":"2024-06-17 10:10:36-06","es_pilares":"SI","dataset_relacionado":"PILARES","revision_manual":"NO","motivo_revision":"","fuente":"Sistema de Información Cultural (SIC)"}},{"type":"Feature","geometry":{"type":"Point","coordinates":[-99.18026,19.42675]},"properties":{"id_cultural":"CENTRO_CULTURAL_2450","id_sic":"2450","tipo_cultural":"CENTRO_CULTURAL","nombre":"Foro Cultural Chapultepec","fecha_fundacion":"2012-01-01","adscripcion_original":"Centro Deportivo Chapultepec, A.C.","tipo_gestion":"PRIVADO","criterio_clasificacion":"EVIDENCIA_INSTITUCIONAL_PRIVADA","fuente_revision_gestion":"","nota_revision_gestion":"","estado_id":"9","entidad":"Ciudad de México","municipio_id":"16","municipio":"Miguel Hidalgo","localidad_id":"1","localidad":"Miguel Hidalgo","calle_numero":"Calz. Gral. Mariano Escobedo 665","colonia":"Col. Anzures","cp":"11590.0","telefono":"55 5263 3900","pagina_web":"http://www.cdch.com.mx/","email":"mvizuet@cdch.com.mx","facebook":"","twitter":"","instagram":"","aforo":"","tipo_escenario":"","num_pantallas":"","link_sic":"http://sic.gob.mx/ficha.php?table=centro_cultural&table_id=2450","fecha_modificacion":"2025-06-09 16:54:31-06","es_pilares":"NO","dataset_relacionado":"","revision_manual":"NO","motivo_revision":"","fuente":"Sistema de Información Cultural (SIC)"}},{"type":"Feature","geometry":{"type":"Point","coordinates":[-99.18772,19.39612]},"properties":{"id_cultural":"CENTRO_CULTURAL_3751","id_sic":"3751","tipo_cultural":"CENTRO_CULTURAL","nombre":"PILARES Tacubaya","fecha_fundacion":"2022-09-17","adscripcion_original":"Secretaría de Cultura de la Ciudad de México","tipo_gestion":"PUBLICO","criterio_clasificacion":"EVIDENCIA_INSTITUCIONAL_PUBLICA","fuente_revision_gestion":"","nota_revision_gestion":"","estado_id":"9","entidad":"Ciudad de México","municipio_id":"16","municipio":"Miguel Hidalgo","localidad_id":"1","localidad":"Miguel Hidalgo","calle_numero":"Becerra 88","colonia":"Barrio de San Juan Tacubaya","cp":"11870.0","telefono":"55 5134 0770 ext 1806","pagina_web":"https://pilares.cdmx.gob.mx/","email":"coord_comunicacion@pilares.cdmx.gob.mx","facebook":"","twitter":"","instagram":"","aforo":"","tipo_escenario":"","num_pantallas":"","link_sic":"http://sic.gob.mx/ficha.php?table=centro_cultural&table_id=3751","fecha_modificacion":"2025-10-10 16:55:40-06","es_pilares":"SI","dataset_relacionado":"PILARES","revision_manual":"NO","motivo_revision":"","fuente":"Sistema de Información Cultural (SIC)"}},{"type":"Feature","geometry":{"type":"Point","coordinates":[-99.16625,19.44349]},"properties":{"id_cultural":"CENTRO_CULTURAL_3322","id_sic":"3322","tipo_cultural":"CENTRO_CULTURAL","nombre":"Fábrica de Artes y Oficios (FARO) Cosmos","fecha_fundacion":"2021-03-13","adscripcion_original":"Secretaría de Cultura de la Ciudad de México/Dirección General de Vinculación Cultural Comunitaria/Red de Faros","tipo_gestion":"PUBLICO","criterio_clasificacion":"EVIDENCIA_INSTITUCIONAL_PUBLICA","fuente_revision_gestion":"","nota_revision_gestion":"","estado_id":"9","entidad":"Ciudad de México","municipio_id":"16","municipio":"Miguel Hidalgo","localidad_id":"1","localidad":"Miguel Hidalgo","calle_numero":"Calz. México Tacuba s/n","colonia":"Col. Tlaxpana","cp":"11370.0","telefono":"55 1719 3000 exts. 1303, 1302","pagina_web":"https://culturacomunitaria.cdmx.gob.mx/red-de-faros/faro-cosmos","email":"lafarocosmos@gmail.com","facebook":"","twitter":"","instagram":"","aforo":"","tipo_escenario":"","num_pantallas":"","link_sic":"http://sic.gob.mx/ficha.php?table=centro_cultural&table_id=3322","fecha_modificacion":"2026-08-03 13:50:41-06","es_pilares":"NO","dataset_relacionado":"","revision_manual":"NO","motivo_revision":"","fuente":"Sistema de Información Cultural (SIC)"}},{"type":"Feature","geometry":{"type":"Point","coordinates":[-99.22272,19.44159]},"properties":{"id_cultural":"CENTRO_CULTURAL_2199","id_sic":"2199","tipo_cultural":"CENTRO_CULTURAL","nombre":"Centro Citibanamex","fecha_fundacion":"2002-01-01","adscripcion_original":"Privado","tipo_gestion":"PRIVADO","criterio_clasificacion":"CLASIFICACION_EXPLICITA","fuente_revision_gestion":"","nota_revision_gestion":"","estado_id":"9","entidad":"Ciudad de México","municipio_id":"16","municipio":"Miguel Hidalgo","localidad_id":"1","localidad":"Miguel Hidalgo","calle_numero":"Av. del Conscripto 311","colonia":"Col. Lomas de Sotelo","cp":"11200.0","telefono":"55 5268 2000","pagina_web":"http://www.centrobanamex.com/","email":"info@centrobanamex.mx","facebook":"","twitter":"","instagram":"","aforo":"","tipo_escenario":"","num_pantallas":"","link_sic":"http://sic.gob.mx/ficha.php?table=centro_cultural&table_id=2199","fecha_modificacion":"2025-03-31 13:55:43-06","es_pilares":"NO","dataset_relacionado":"","revision_manual":"NO","motivo_revision":"","fuente":"Sistema de Información Cultural (SIC)"}},{"type":"Feature","geometry":{"type":"Point","coordinates":[-99.18982,19.46006]},"properties":{"id_cultural":"CENTRO_CULTURAL_3605","id_sic":"3605","tipo_cultural":"CENTRO_CULTURAL","nombre":"PILARES Tlacopan","fecha_fundacion":"1000-01-01","adscripcion_original":"Gobierno de la Ciudad de México","tipo_gestion":"PUBLICO","criterio_clasificacion":"EVIDENCIA_INSTITUCIONAL_PUBLICA","fuente_revision_gestion":"","nota_revision_gestion":"","estado_id":"9","entidad":"Ciudad de México","municipio_id":"16","municipio":"Miguel Hidalgo","localidad_id":"1","localidad":"Miguel Hidalgo","calle_numero":"Calzada México Tacuba y Av. Aquiles Serdán","colonia":"Tacuba","cp":"11410.0","telefono":"55 5134 0770 ext 1806","pagina_web":"https://pilares.cdmx.gob.mx/","email":"coord_comunicacion@pilares.cdmx.gob.mx","facebook":"","twitter":"","instagram":"","aforo":"","tipo_escenario":"","num_pantallas":"","link_sic":"http://sic.gob.mx/ficha.php?table=centro_cultural&table_id=3605","fecha_modificacion":"2024-06-24 13:43:30-06","es_pilares":"SI","dataset_relacionado":"PILARES","revision_manual":"NO","motivo_revision":"","fuente":"Sistema de Información Cultural (SIC)"}},{"type":"Feature","geometry":{"type":"Point","coordinates":[-99.18283,19.41183]},"properties":{"id_cultural":"CENTRO_CULTURAL_2881","id_sic":"2881","tipo_cultural":"CENTRO_CULTURAL","nombre":"Centro Cultural Casa del Tiempo","fecha_fundacion":"1000-01-01","adscripcion_original":"UUM/Coordinación General de Difusión","tipo_gestion":"PUBLICO","criterio_clasificacion":"EVIDENCIA_INSTITUCIONAL_PUBLICA","fuente_revision_gestion":"","nota_revision_gestion":"","estado_id":"9","entidad":"Ciudad de México","municipio_id":"16","municipio":"Miguel Hidalgo","localidad_id":"1","localidad":"Miguel Hidalgo","calle_numero":"Av. General Pedro Antonio de los Santos 84 esq. Tornell","colonia":"Col. San Miguel Chapultepec","cp":"11850.0","telefono":"55 5515 8737","pagina_web":"http://www.uam.mx/_serv_comunidad/centros_culturales.html","email":"casadeltiempo@correo.uam.mx","facebook":"","twitter":"","instagram":"","aforo":"","tipo_escenario":"","num_pantallas":"","link_sic":"http://sic.gob.mx/ficha.php?table=centro_cultural&table_id=2881","fecha_modificacion":"2024-10-03 12:04:10-06","es_pilares":"NO","dataset_relacionado":"","revision_manual":"NO","motivo_revision":"","fuente":"Sistema de Información Cultural (SIC)"}},{"type":"Feature","geometry":{"type":"Point","coordinates":[-99.18582,19.4224]},"properties":{"id_cultural":"CENTRO_CULTURAL_1440","id_sic":"1440","tipo_cultural":"CENTRO_CULTURAL","nombre":"Casa del Lago Juan José Arreola","fecha_fundacion":"1959-09-15","adscripcion_original":"UNAM","tipo_gestion":"PUBLICO","criterio_clasificacion":"EVIDENCIA_INSTITUCIONAL_PUBLICA","fuente_revision_gestion":"","nota_revision_gestion":"","estado_id":"9","entidad":"Ciudad de México","municipio_id":"16","municipio":"Miguel Hidalgo","localidad_id":"1","localidad":"Miguel Hidalgo","calle_numero":"1ra. sección del Bosque de Chapultepec","colonia":"Col. San Miguel Chapultepec","cp":"11850.0","telefono":"55 5211 1098","pagina_web":"http://www.casadellago.unam.mx","email":"jgimenez@unam.mx","facebook":"","twitter":"","instagram":"","aforo":"","tipo_escenario":"","num_pantallas":"","link_sic":"http://sic.gob.mx/ficha.php?table=centro_cultural&table_id=1440","fecha_modificacion":"2020-04-22 08:19:04-05","es_pilares":"NO","dataset_relacionado":"","revision_manual":"NO","motivo_revision":"","fuente":"Sistema de Información Cultural (SIC)"}},{"type":"Feature","geometry":{"type":"Point","coordinates":[-99.18121,19.40339]},"properties":{"id_cultural":"CENTRO_CULTURAL_3067","id_sic":"3067","tipo_cultural":"CENTRO_CULTURAL","nombre":"Casa Elena Poniatowska","fecha_fundacion":"2018-06-14","adscripcion_original":"Fundación Elena Poniatoswska Amor, A.C.","tipo_gestion":"PRIVADO","criterio_clasificacion":"EVIDENCIA_INSTITUCIONAL_PRIVADA","fuente_revision_gestion":"","nota_revision_gestion":"","estado_id":"9","entidad":"Ciudad de México","municipio_id":"16","municipio":"Miguel Hidalgo","localidad_id":"1","localidad":"Miguel Hidalgo","calle_numero":"José Martí 105","colonia":"Col. Escandón, sección I","cp":"11800.0","telefono":"55 9048 6914","pagina_web":"","email":"gestionfepa@gmail.com","facebook":"","twitter":"","instagram":"","aforo":"","tipo_escenario":"","num_pantallas":"","link_sic":"http://sic.gob.mx/ficha.php?table=centro_cultural&table_id=3067","fecha_modificacion":"2025-08-04 12:05:10-06","es_pilares":"NO","dataset_relacionado":"","revision_manual":"NO","motivo_revision":"","fuente":"Sistema de Información Cultural (SIC)"}},{"type":"Feature","geometry":{"type":"Point","coordinates":[-99.18783,19.42891]},"properties":{"id_cultural":"CENTRO_CULTURAL_3402","id_sic":"3402","tipo_cultural":"CENTRO_CULTURAL","nombre":"Centro Cultural de Turquía Instituto Yunus Emre","fecha_fundacion":"2022-01-01","adscripcion_original":"Instituto Yunus Emre en México","tipo_gestion":"PUBLICO","criterio_clasificacion":"REVISION_EXTERNA","fuente_revision_gestion":"Yunus Emre Institute / e-Devlet Türkiye","nota_revision_gestion":"Institución de diplomacia cultural de Turquía; su fundación fue establecida mediante la Ley 5653.","estado_id":"9","entidad":"Ciudad de México","municipio_id":"16","municipio":"Miguel Hidalgo","localidad_id":"1","localidad":"Miguel Hidalgo","calle_numero":"Hegel 618","colonia":"Col. Bosques de Chapultepec","cp":"11560.0","telefono":"55 1741 8092","pagina_web":"https://www.yeemexico.org/?fbclid=IwY2xjawJYEmZleHRuA2FlbQIxMAABHUpFtxGOaQnT9PkLEqWKJGQyKLh-DaLlo8jtrXJVCdo9McxnKg679Uc45A_aem_6yALh11SHdoDMZbbIq9f0A","email":"meksika@yee.org.tr","facebook":"","twitter":"","instagram":"","aforo":"","tipo_escenario":"","num_pantallas":"","link_sic":"http://sic.gob.mx/ficha.php?table=centro_cultural&table_id=3402","fecha_modificacion":"2025-04-01 11:56:48-06","es_pilares":"NO","dataset_relacionado":"","revision_manual":"NO","motivo_revision":"","fuente":"Sistema de Información Cultural (SIC)"}},{"type":"Feature","geometry":{"type":"Point","coordinates":[-99.18787,19.40901]},"properties":{"id_cultural":"CENTRO_CULTURAL_2473","id_sic":"2473","tipo_cultural":"CENTRO_CULTURAL","nombre":"Centro Cultural Poniente del ISSSTE","fecha_fundacion":"2002-08-01","adscripcion_original":"ISSSTE","tipo_gestion":"PUBLICO","criterio_clasificacion":"EVIDENCIA_INSTITUCIONAL_PUBLICA","fuente_revision_gestion":"","nota_revision_gestion":"","estado_id":"9","entidad":"Ciudad de México","municipio_id":"16","municipio":"Miguel Hidalgo","localidad_id":"1","localidad":"Miguel Hidalgo","calle_numero":"Gral. José Morán 81","colonia":"Col. San Miguel Chapultepec, secc. I","cp":"11850.0","telefono":"55 5276 0059","pagina_web":"","email":"","facebook":"","twitter":"","instagram":"","aforo":"","tipo_escenario":"","num_pantallas":"","link_sic":"http://sic.gob.mx/ficha.php?table=centro_cultural&table_id=2473","fecha_modificacion":"2026-04-07 11:48:14-06","es_pilares":"NO","dataset_relacionado":"","revision_manual":"NO","motivo_revision":"","fuente":"Sistema de Información Cultural (SIC)"}},{"type":"Feature","geometry":{"type":"Point","coordinates":[-99.19626,19.43]},"properties":{"id_cultural":"CENTRO_CULTURAL_984","id_sic":"984","tipo_cultural":"CENTRO_CULTURAL","nombre":"Espacio Cultural Nelson Mandela","fecha_fundacion":"2013-07-18","adscripcion_original":"Alcaldía Miguel Hidalgo/Dirección de Convivencia y Promoción Deportiva","tipo_gestion":"PUBLICO","criterio_clasificacion":"EVIDENCIA_INSTITUCIONAL_PUBLICA","fuente_revision_gestion":"","nota_revision_gestion":"","estado_id":"9","entidad":"Ciudad de México","municipio_id":"16","municipio":"Miguel Hidalgo","localidad_id":"1","localidad":"Miguel Hidalgo","calle_numero":"Alejandro Dumas s/n esq. Emilio Castelar","colonia":"Col. Polanco","cp":"11560.0","telefono":"55 5281 3848","pagina_web":"http://www.miguelhidalgo.gob.mx","email":"decultura@miguelhidalgo.gob.mx","facebook":"","twitter":"","instagram":"","aforo":"","tipo_escenario":"","num_pantallas":"","link_sic":"http://sic.gob.mx/ficha.php?table=centro_cultural&table_id=984","fecha_modificacion":"2025-04-01 13:44:54-06","es_pilares":"NO","dataset_relacionado":"","revision_manual":"NO","motivo_revision":"","fuente":"Sistema de Información Cultural (SIC)"}},{"type":"Feature","geometry":{"type":"Point","coordinates":[-99.19708,19.43686]},"properties":{"id_cultural":"CENTRO_CULTURAL_3056","id_sic":"3056","tipo_cultural":"CENTRO_CULTURAL","nombre":"Centro Cultural de la India Guruv Tagore","fecha_fundacion":"2010-11-01","adscripcion_original":"Embajada de la India","tipo_gestion":"PUBLICO","criterio_clasificacion":"EVIDENCIA_INSTITUCIONAL_PUBLICA","fuente_revision_gestion":"","nota_revision_gestion":"","estado_id":"9","entidad":"Ciudad de México","municipio_id":"16","municipio":"Miguel Hidalgo","localidad_id":"1","localidad":"Miguel Hidalgo","calle_numero":"Anatole France 319","colonia":"Col. Polanco","cp":"11550.0","telefono":"55 5203 1117","pagina_web":"https://www.indiainmexico.gov.in/eoimx_pages/MjQy","email":"gticc-eoi-mex@incc.com.mx, gticc.mexico@mea.gov.in","facebook":"","twitter":"","instagram":"","aforo":"","tipo_escenario":"","num_pantallas":"","link_sic":"http://sic.gob.mx/ficha.php?table=centro_cultural&table_id=3056","fecha_modificacion":"2025-04-01 12:33:58-06","es_pilares":"NO","dataset_relacionado":"","revision_manual":"NO","motivo_revision":"","fuente":"Sistema de Información Cultural (SIC)"}},{"type":"Feature","geometry":{"type":"Point","coordinates":[-99.18975,19.45303]},"properties":{"id_cultural":"CENTRO_CULTURAL_3411","id_sic":"3411","tipo_cultural":"CENTRO_CULTURAL","nombre":"Casa Marie José y Octavio Paz La Perulera","fecha_fundacion":"2023-03-31","adscripcion_original":"Sistema de Desarrollo Integral de la Familia (DIF) de la Ciudad de México","tipo_gestion":"PUBLICO","criterio_clasificacion":"EVIDENCIA_INSTITUCIONAL_PUBLICA","fuente_revision_gestion":"","nota_revision_gestion":"","estado_id":"9","entidad":"Ciudad de México","municipio_id":"16","municipio":"Miguel Hidalgo","localidad_id":"1","localidad":"Miguel Hidalgo","calle_numero":"Felipe Carrillo Puerto 445","colonia":"Col. Tacuba","cp":"11410.0","telefono":"","pagina_web":"https://www.youtube.com/watch?v=5PfILuhtD-g","email":"casamariejoseoctaviopaz@dif.cdmx.gob.mx","facebook":"","twitter":"","instagram":"","aforo":"","tipo_escenario":"","num_pantallas":"","link_sic":"http://sic.gob.mx/ficha.php?table=centro_cultural&table_id=3411","fecha_modificacion":"2025-04-24 14:32:02-06","es_pilares":"NO","dataset_relacionado":"","revision_manual":"NO","motivo_revision":"","fuente":"Sistema de Información Cultural (SIC)"}},{"type":"Feature","geometry":{"type":"Point","coordinates":[-99.19056,19.40727]},"properties":{"id_cultural":"CENTRO_CULTURAL_3324","id_sic":"3324","tipo_cultural":"CENTRO_CULTURAL","nombre":"Centro Cultural Ex-Fábrica MX","fecha_fundacion":"2020-01-01","adscripcion_original":"","tipo_gestion":"NO_DETERMINADO","criterio_clasificacion":"SIN_ADSCRIPCION","fuente_revision_gestion":"","nota_revision_gestion":"","estado_id":"9","entidad":"Ciudad de México","municipio_id":"16","municipio":"Miguel Hidalgo","localidad_id":"1","localidad":"Miguel Hidalgo","calle_numero":"Primavera 106","colonia":"Tacuba","cp":"","telefono":"55 2730 5716","pagina_web":"","email":"exfabricadeharina@gmail.com","facebook":"","twitter":"","instagram":"","aforo":"","tipo_escenario":"","num_pantallas":"","link_sic":"http://sic.gob.mx/ficha.php?table=centro_cultural&table_id=3324","fecha_modificacion":"2025-06-26 17:25:40-06","es_pilares":"NO","dataset_relacionado":"","revision_manual":"SI","motivo_revision":"No existe adscripción disponible para determinar el tipo de gestión.","fuente":"Sistema de Información Cultural (SIC)"}},{"type":"Feature","geometry":{"type":"Point","coordinates":[-99.19717,19.40953]},"properties":{"id_cultural":"CENTRO_CULTURAL_3958","id_sic":"3958","tipo_cultural":"CENTRO_CULTURAL","nombre":"Pabellón de Cultura Comunitaria","fecha_fundacion":"2024-10-02","adscripcion_original":"Secretaría de Cultura Federal/Dirección General de Vinculación Cultural Comunitaria","tipo_gestion":"PUBLICO","criterio_clasificacion":"EVIDENCIA_INSTITUCIONAL_PUBLICA","fuente_revision_gestion":"","nota_revision_gestion":"","estado_id":"9","entidad":"Ciudad de México","municipio_id":"16","municipio":"Miguel Hidalgo","localidad_id":"1","localidad":"Miguel Hidalgo","calle_numero":"Av. Constituyentes 270","colonia":"Col. Ampliación Daniel Garza","cp":"11100.0","telefono":"","pagina_web":"https://culturacomunitaria.cultura.gob.mx/conoce_mas/pabellon_de_cultura_comunitaria","email":"contactopabellon@cultura.gob.mx","facebook":"","twitter":"","instagram":"","aforo":"","tipo_escenario":"","num_pantallas":"","link_sic":"http://sic.gob.mx/ficha.php?table=centro_cultural&table_id=3958","fecha_modificacion":"2025-11-06 17:51:45-06","es_pilares":"NO","dataset_relacionado":"","revision_manual":"NO","motivo_revision":"","fuente":"Sistema de Información Cultural (SIC)"}},{"type":"Feature","geometry":{"type":"Point","coordinates":[-99.1812,19.41826]},"properties":{"id_cultural":"CENTRO_CULTURAL_991","id_sic":"991","tipo_cultural":"CENTRO_CULTURAL","nombre":"Casa de Cultura Quinta Colorada","fecha_fundacion":"1985-01-01","adscripcion_original":"Alcaldía Miguel Hidalgo","tipo_gestion":"PUBLICO","criterio_clasificacion":"EVIDENCIA_INSTITUCIONAL_PUBLICA","fuente_revision_gestion":"","nota_revision_gestion":"","estado_id":"9","entidad":"Ciudad de México","municipio_id":"16","municipio":"Miguel Hidalgo","localidad_id":"1","localidad":"Miguel Hidalgo","calle_numero":"Pedro Antonio de los Santos s/n esq. Av. Constituyentes","colonia":"1a. Sección del bosque de Chapultepec, entrada por la Puerta de Flores","cp":"11850.0","telefono":"55 5281 5382","pagina_web":"https://www.chapultepec.com.mx/visita/113","email":"","facebook":"","twitter":"","instagram":"","aforo":"","tipo_escenario":"","num_pantallas":"","link_sic":"http://sic.gob.mx/ficha.php?table=centro_cultural&table_id=991","fecha_modificacion":"2025-08-27 14:30:30-06","es_pilares":"NO","dataset_relacionado":"","revision_manual":"NO","motivo_revision":"","fuente":"Sistema de Información Cultural (SIC)"}},{"type":"Feature","geometry":{"type":"Point","coordinates":[-99.12326,19.44059]},"properties":{"id_cultural":"CENTRO_CULTURAL_953","id_sic":"953","tipo_cultural":"CENTRO_CULTURAL","nombre":"Casa de Cultura Enrique Ramírez y Ramírez","fecha_fundacion":"1981-03-01","adscripcion_original":"Alcaldía Venustiano Carranza","tipo_gestion":"PUBLICO","criterio_clasificacion":"EVIDENCIA_INSTITUCIONAL_PUBLICA","fuente_revision_gestion":"","nota_revision_gestion":"","estado_id":"9","entidad":"Ciudad de México","municipio_id":"17","municipio":"Venustiano Carranza","localidad_id":"1","localidad":"Venustiano Carranza","calle_numero":"Vidal Alcocer 280","colonia":"Col. Morelos","cp":"15270.0","telefono":"(55) 5702 6709","pagina_web":"","email":"casadeculturaeramirez@yahoo.com.mx","facebook":"","twitter":"","instagram":"","aforo":"","tipo_escenario":"","num_pantallas":"","link_sic":"http://sic.gob.mx/ficha.php?table=centro_cultural&table_id=953","fecha_modificacion":"2026-04-28 19:58:01-06","es_pilares":"NO","dataset_relacionado":"","revision_manual":"NO","motivo_revision":"","fuente":"Sistema de Información Cultural (SIC)"}},{"type":"Feature","geometry":{"type":"Point","coordinates":[-99.08461,19.44497]},"properties":{"id_cultural":"CENTRO_CULTURAL_3887","id_sic":"3887","tipo_cultural":"CENTRO_CULTURAL","nombre":"El Zanate-Casa de arte","fecha_fundacion":"1000-01-01","adscripcion_original":"","tipo_gestion":"NO_DETERMINADO","criterio_clasificacion":"SIN_ADSCRIPCION","fuente_revision_gestion":"","nota_revision_gestion":"","estado_id":"9","entidad":"Ciudad de México","municipio_id":"17","municipio":"Venustiano Carranza","localidad_id":"1","localidad":"Venustiano Carranza","calle_numero":"Norte 180 núm. 648","colonia":"Pensador mexicanoa","cp":"","telefono":"55 5194 7766","pagina_web":"","email":"elzanate.casadearte@gmail.com","facebook":"","twitter":"","instagram":"","aforo":"","tipo_escenario":"","num_pantallas":"","link_sic":"http://sic.gob.mx/ficha.php?table=centro_cultural&table_id=3887","fecha_modificacion":"2025-07-24 14:39:52-06","es_pilares":"NO","dataset_relacionado":"","revision_manual":"SI","motivo_revision":"No existe adscripción disponible para determinar el tipo de gestión.","fuente":"Sistema de Información Cultural (SIC)"}},{"type":"Feature","geometry":{"type":"Point","coordinates":[-99.11983,19.43206]},"properties":{"id_cultural":"CENTRO_CULTURAL_3585","id_sic":"3585","tipo_cultural":"CENTRO_CULTURAL","nombre":"PILARES Candelaria","fecha_fundacion":"1000-01-01","adscripcion_original":"Gobierno de la Ciudad de México","tipo_gestion":"PUBLICO","criterio_clasificacion":"EVIDENCIA_INSTITUCIONAL_PUBLICA","fuente_revision_gestion":"","nota_revision_gestion":"","estado_id":"9","entidad":"Ciudad de México","municipio_id":"17","municipio":"Venustiano Carranza","localidad_id":"1","localidad":"Venustiano Carranza","calle_numero":"Juan de la Granja s/n","colonia":"Col. 10 de Mayo","cp":"15100.0","telefono":"55 5134 0770 ext 1806","pagina_web":"https://pilares.cdmx.gob.mx/pilares/1623/candelaria","email":"coord_comunicacion@pilares.cdmx.gob.mx","facebook":"","twitter":"","instagram":"","aforo":"","tipo_escenario":"","num_pantallas":"","link_sic":"http://sic.gob.mx/ficha.php?table=centro_cultural&table_id=3585","fecha_modificacion":"2024-06-19 11:48:15-06","es_pilares":"SI","dataset_relacionado":"PILARES","revision_manual":"NO","motivo_revision":"","fuente":"Sistema de Información Cultural (SIC)"}},{"type":"Feature","geometry":{"type":"Point","coordinates":[-99.07817,19.44301]},"properties":{"id_cultural":"CENTRO_CULTURAL_949","id_sic":"949","tipo_cultural":"CENTRO_CULTURAL","nombre":"Casa de Cultura Ing. Heberto Castillo Martínez","fecha_fundacion":"1990-01-01","adscripcion_original":"Alcaldía Venustiano Carranza","tipo_gestion":"PUBLICO","criterio_clasificacion":"EVIDENCIA_INSTITUCIONAL_PUBLICA","fuente_revision_gestion":"","nota_revision_gestion":"","estado_id":"9","entidad":"Ciudad de México","municipio_id":"17","municipio":"Venustiano Carranza","localidad_id":"1","localidad":"Venustiano Carranza","calle_numero":"Av. Tahel s/n esq. Nte. 202","colonia":"Col. Pensador Mexicano","cp":"15510.0","telefono":"(55) 5786 8427","pagina_web":"","email":"","facebook":"","twitter":"","instagram":"","aforo":"","tipo_escenario":"","num_pantallas":"","link_sic":"http://sic.gob.mx/ficha.php?table=centro_cultural&table_id=949","fecha_modificacion":"2019-11-27 04:44:24-06","es_pilares":"NO","dataset_relacionado":"","revision_manual":"NO","motivo_revision":"","fuente":"Sistema de Información Cultural (SIC)"}},{"type":"Feature","geometry":{"type":"Point","coordinates":[-99.1083,19.43575]},"properties":{"id_cultural":"CENTRO_CULTURAL_3740","id_sic":"3740","tipo_cultural":"CENTRO_CULTURAL","nombre":"PILARES Progresista, Ave Fénix","fecha_fundacion":"2022-01-01","adscripcion_original":"Gobierno de la Ciudad de México","tipo_gestion":"PUBLICO","criterio_clasificacion":"EVIDENCIA_INSTITUCIONAL_PUBLICA","fuente_revision_gestion":"","nota_revision_gestion":"","estado_id":"9","entidad":"Ciudad de México","municipio_id":"17","municipio":"Venustiano Carranza","localidad_id":"1","localidad":"Venustiano Carranza","calle_numero":"Chiclera 34","colonia":"Col. Progresista","cp":"15370.0","telefono":"55 5134 0770 ext. 1806","pagina_web":"https://pilares.cdmx.gob.mx/","email":"coord_comunicacion@pilares.cdmx.gob.mx","facebook":"","twitter":"","instagram":"","aforo":"","tipo_escenario":"","num_pantallas":"","link_sic":"http://sic.gob.mx/ficha.php?table=centro_cultural&table_id=3740","fecha_modificacion":"2025-11-10 11:45:06-06","es_pilares":"SI","dataset_relacionado":"PILARES","revision_manual":"NO","motivo_revision":"","fuente":"Sistema de Información Cultural (SIC)"}},{"type":"Feature","geometry":{"type":"Point","coordinates":[-99.10151,19.41129]},"properties":{"id_cultural":"CENTRO_CULTURAL_2470","id_sic":"2470","tipo_cultural":"CENTRO_CULTURAL","nombre":"Centro Cultural Balbuena II Sección ISSSTE","fecha_fundacion":"1970-02-18","adscripcion_original":"Instituto de Seguridad y Servicios Sociales de los Trabajadores del Estado (ISSSTE)","tipo_gestion":"PUBLICO","criterio_clasificacion":"EVIDENCIA_INSTITUCIONAL_PUBLICA","fuente_revision_gestion":"","nota_revision_gestion":"","estado_id":"9","entidad":"Ciudad de México","municipio_id":"17","municipio":"Venustiano Carranza","localidad_id":"1","localidad":"Venustiano Carranza","calle_numero":"Av. del Taller 707","colonia":"Col. Jardín Balbuena","cp":"15900.0","telefono":"55 5571 6531","pagina_web":"","email":"ja_cop72@yahoo.com.mx","facebook":"","twitter":"","instagram":"","aforo":"","tipo_escenario":"","num_pantallas":"","link_sic":"http://sic.gob.mx/ficha.php?table=centro_cultural&table_id=2470","fecha_modificacion":"2026-04-27 10:26:33-06","es_pilares":"NO","dataset_relacionado":"","revision_manual":"NO","motivo_revision":"","fuente":"Sistema de Información Cultural (SIC)"}},{"type":"Feature","geometry":{"type":"Point","coordinates":[-99.1115,19.41988]},"properties":{"id_cultural":"CENTRO_CULTURAL_3551","id_sic":"3551","tipo_cultural":"CENTRO_CULTURAL","nombre":"PILARES Fray Servando","fecha_fundacion":"2019-01-01","adscripcion_original":"Secretaría de Cultura de la Ciudad de México","tipo_gestion":"PUBLICO","criterio_clasificacion":"EVIDENCIA_INSTITUCIONAL_PUBLICA","fuente_revision_gestion":"","nota_revision_gestion":"","estado_id":"9","entidad":"Ciudad de México","municipio_id":"17","municipio":"Venustiano Carranza","localidad_id":"1","localidad":"Venustiano Carranza","calle_numero":"Eje 3 Ote. Francisco del Paso y Troncoso s/n esq. Av. Fray Servando Teresa de Mier","colonia":"Col. Jardín Balbuena","cp":"15900.0","telefono":"55 5134 0770 ext 1806","pagina_web":"https://pilares.cdmx.gob.mx/","email":"coord_comunicacion@pilares.cdmx.gob.mx","facebook":"","twitter":"","instagram":"","aforo":"","tipo_escenario":"","num_pantallas":"","link_sic":"http://sic.gob.mx/ficha.php?table=centro_cultural&table_id=3551","fecha_modificacion":"2025-11-06 16:40:46-06","es_pilares":"SI","dataset_relacionado":"PILARES","revision_manual":"NO","motivo_revision":"","fuente":"Sistema de Información Cultural (SIC)"}},{"type":"Feature","geometry":{"type":"Point","coordinates":[-99.11474,19.41894]},"properties":{"id_cultural":"CENTRO_CULTURAL_954","id_sic":"954","tipo_cultural":"CENTRO_CULTURAL","nombre":"Centro Cultural Carranza","fecha_fundacion":"1997-06-01","adscripcion_original":"Alcaldía Venustiano Carranza","tipo_gestion":"PUBLICO","criterio_clasificacion":"EVIDENCIA_INSTITUCIONAL_PUBLICA","fuente_revision_gestion":"","nota_revision_gestion":"","estado_id":"9","entidad":"Ciudad de México","municipio_id":"17","municipio":"Venustiano Carranza","localidad_id":"1","localidad":"Venustiano Carranza","calle_numero":"Lázaro Pavia s/n","colonia":"Col. Jardín Balbuena","cp":"15900.0","telefono":"(55) 5764 1771","pagina_web":"http://www.vcarranza.cdmx.gob.mx/ccc/index.html","email":"cinecarranza@yahoo.com.mx; centrocultural@vcarranza.df.gob.mx","facebook":"","twitter":"","instagram":"","aforo":"","tipo_escenario":"","num_pantallas":"","link_sic":"http://sic.gob.mx/ficha.php?table=centro_cultural&table_id=954","fecha_modificacion":"2025-06-13 14:21:17-06","es_pilares":"NO","dataset_relacionado":"","revision_manual":"NO","motivo_revision":"","fuente":"Sistema de Información Cultural (SIC)"}},{"type":"Feature","geometry":{"type":"Point","coordinates":[-99.12416,19.40256]},"properties":{"id_cultural":"CENTRO_CULTURAL_1035","id_sic":"1035","tipo_cultural":"CENTRO_CULTURAL","nombre":"Centro de Arte y Cultura Circo Volador","fecha_fundacion":"1987-01-01","adscripcion_original":"ONG","tipo_gestion":"PRIVADO","criterio_clasificacion":"EVIDENCIA_INSTITUCIONAL_PRIVADA","fuente_revision_gestion":"","nota_revision_gestion":"","estado_id":"9","entidad":"Ciudad de México","municipio_id":"17","municipio":"Venustiano Carranza","localidad_id":"1","localidad":"Venustiano Carranza","calle_numero":"Calz. la Viga 146 entre Rancho de la Cruz y Guillermo Prieto","colonia":"Col. Jamaica","cp":"15800.0","telefono":"55 8989 3019","pagina_web":"https://www.circovoladorradio.org/?fbclid=IwY2xjawP63zJleHRuA2FlbQIxMABicmlkETJobElDS3BYMEJnOXJ0Yk9Oc3J0YwZhcHBfaWQQMjIyMDM5MTc4ODIwMDg5MgABHhs97QX1jFgjw1R18rzvs3aF1d2WGulQdmS_Hr-etd8cJwQlYVsP3pkR6n3j_aem_DH7tMRP2lDvWHZOpPpgjBg","email":"comunidadcircovolador@gmail.com","facebook":"","twitter":"","instagram":"","aforo":"","tipo_escenario":"","num_pantallas":"","link_sic":"http://sic.gob.mx/ficha.php?table=centro_cultural&table_id=1035","fecha_modificacion":"2026-02-12 11:05:44-06","es_pilares":"NO","dataset_relacionado":"","revision_manual":"NO","motivo_revision":"","fuente":"Sistema de Información Cultural (SIC)"}},{"type":"Feature","geometry":{"type":"Point","coordinates":[-99.11789,19.43042]},"properties":{"id_cultural":"CENTRO_CULTURAL_3784","id_sic":"3784","tipo_cultural":"CENTRO_CULTURAL","nombre":"Espacio Cultural San Lázaro","fecha_fundacion":"2021-01-01","adscripcion_original":"Cámara de Diputados/H. Congreso de la Unión","tipo_gestion":"PUBLICO","criterio_clasificacion":"REVISION_MANUAL","fuente_revision_gestion":"","nota_revision_gestion":"","estado_id":"9","entidad":"Ciudad de México","municipio_id":"17","municipio":"Venustiano Carranza","localidad_id":"1","localidad":"Venustiano Carranza","calle_numero":"H.Congreso de la Unión 66,","colonia":"El Parque","cp":"15960.0","telefono":"55 5036 0000 ext. 8601","pagina_web":"https://portalciudadano.diputados.gob.mx/espacio-cultural/home.html","email":"espaciocultural@diputados.gob.mx","facebook":"","twitter":"","instagram":"","aforo":"","tipo_escenario":"","num_pantallas":"","link_sic":"http://sic.gob.mx/ficha.php?table=centro_cultural&table_id=3784","fecha_modificacion":"2026-02-17 14:48:33-06","es_pilares":"NO","dataset_relacionado":"","revision_manual":"NO","motivo_revision":"","fuente":"Sistema de Información Cultural (SIC)"}},{"type":"Feature","geometry":{"type":"Point","coordinates":[-99.11304,19.41364]},"properties":{"id_cultural":"CENTRO_CULTURAL_3535","id_sic":"3535","tipo_cultural":"CENTRO_CULTURAL","nombre":"PILARES Avenida del Taller","fecha_fundacion":"2019-10-21","adscripcion_original":"Gobierno de la Ciudad de México","tipo_gestion":"PUBLICO","criterio_clasificacion":"EVIDENCIA_INSTITUCIONAL_PUBLICA","fuente_revision_gestion":"","nota_revision_gestion":"","estado_id":"9","entidad":"Ciudad de México","municipio_id":"17","municipio":"Venustiano Carranza","localidad_id":"1","localidad":"Venustiano Carranza","calle_numero":"Eje 3 Ote. Francisco del  Paso y Troncoso y Av. del Taller s/n","colonia":"Col. Jardín Balbuena","cp":"15900.0","telefono":"55 5134 0770 ext 1806","pagina_web":"https://pilares.cdmx.gob.mx/pilares/1573/avenida-del-taller","email":"coord_comunicacion@pilares.cdmx.gob.mx","facebook":"","twitter":"","instagram":"","aforo":"","tipo_escenario":"","num_pantallas":"","link_sic":"http://sic.gob.mx/ficha.php?table=centro_cultural&table_id=3535","fecha_modificacion":"2025-10-15 15:47:05-06","es_pilares":"SI","dataset_relacionado":"PILARES","revision_manual":"NO","motivo_revision":"","fuente":"Sistema de Información Cultural (SIC)"}},{"type":"Feature","geometry":{"type":"Point","coordinates":[-99.09073,19.49622]},"properties":{"id_cultural":"CENTRO_CULTURAL_3741","id_sic":"3741","tipo_cultural":"CENTRO_CULTURAL","nombre":"PILARES Escuela Vasco de Quiroga","fecha_fundacion":"2021-01-01","adscripcion_original":"Secretaría de Cultura de la Ciudad de México","tipo_gestion":"PUBLICO","criterio_clasificacion":"EVIDENCIA_INSTITUCIONAL_PUBLICA","fuente_revision_gestion":"","nota_revision_gestion":"","estado_id":"9","entidad":"Ciudad de México","municipio_id":"17","municipio":"Venustiano Carranza","localidad_id":"1","localidad":"Venustiano Carranza","calle_numero":"Eduardo Molina s/n","colonia":"Col. Vasco de Quiroga","cp":"7440.0","telefono":"55 5134 0770 ext 1806","pagina_web":"https://pilares.cdmx.gob.mx/","email":"coord_comunicacion@pilares.cdmx.gob.mx","facebook":"","twitter":"","instagram":"","aforo":"","tipo_escenario":"","num_pantallas":"","link_sic":"http://sic.gob.mx/ficha.php?table=centro_cultural&table_id=3741","fecha_modificacion":"2025-06-19 17:04:33-06","es_pilares":"SI","dataset_relacionado":"PILARES","revision_manual":"NO","motivo_revision":"","fuente":"Sistema de Información Cultural (SIC)"}},{"type":"Feature","geometry":{"type":"Point","coordinates":[-99.12246,19.42884]},"properties":{"id_cultural":"CENTRO_CULTURAL_2471","id_sic":"2471","tipo_cultural":"CENTRO_CULTURAL","nombre":"Centro Cultural Candelaria de los Patos","fecha_fundacion":"1988-02-07","adscripcion_original":"Instituto de Seguridad y Servicios Sociales de los Trabajadores del Estado (ISSSTE)","tipo_gestion":"PUBLICO","criterio_clasificacion":"EVIDENCIA_INSTITUCIONAL_PUBLICA","fuente_revision_gestion":"","nota_revision_gestion":"","estado_id":"9","entidad":"Ciudad de México","municipio_id":"17","municipio":"Venustiano Carranza","localidad_id":"1","localidad":"Venustiano Carranza","calle_numero":"U.H. Candelaria de los Patos 7, entre Gral Anaya y Zavala","colonia":"Col. La Merced","cp":"15100.0","telefono":"(55) 5542 3783","pagina_web":"","email":"","facebook":"","twitter":"","instagram":"","aforo":"","tipo_escenario":"","num_pantallas":"","link_sic":"http://sic.gob.mx/ficha.php?table=centro_cultural&table_id=2471","fecha_modificacion":"2026-05-25 19:29:51-06","es_pilares":"NO","dataset_relacionado":"","revision_manual":"NO","motivo_revision":"","fuente":"Sistema de Información Cultural (SIC)"}},{"type":"Feature","geometry":{"type":"Point","coordinates":[-99.10257,19.41057]},"properties":{"id_cultural":"CENTRO_CULTURAL_3648","id_sic":"3648","tipo_cultural":"CENTRO_CULTURAL","nombre":"PILARES Parque Velódromo","fecha_fundacion":"2021-01-01","adscripcion_original":"Gobierno de la Ciudad de México","tipo_gestion":"PUBLICO","criterio_clasificacion":"EVIDENCIA_INSTITUCIONAL_PUBLICA","fuente_revision_gestion":"","nota_revision_gestion":"","estado_id":"9","entidad":"Ciudad de México","municipio_id":"17","municipio":"Venustiano Carranza","localidad_id":"1","localidad":"Venustiano Carranza","calle_numero":"Luis de la Rosa casi esq. con Genaro García","colonia":"Jardín Balbuena","cp":"15900.0","telefono":"55 5134 0770 ext 1806","pagina_web":"https://pilares.cdmx.gob.mx/","email":"coord_comunicacion@pilares.cdmx.gob.mx","facebook":"","twitter":"","instagram":"","aforo":"","tipo_escenario":"","num_pantallas":"","link_sic":"http://sic.gob.mx/ficha.php?table=centro_cultural&table_id=3648","fecha_modificacion":"2025-06-06 19:33:02-06","es_pilares":"SI","dataset_relacionado":"PILARES","revision_manual":"NO","motivo_revision":"","fuente":"Sistema de Información Cultural (SIC)"}},{"type":"Feature","geometry":{"type":"Point","coordinates":[-99.1226,19.42543]},"properties":{"id_cultural":"CENTRO_CULTURAL_2963","id_sic":"2963","tipo_cultural":"CENTRO_CULTURAL","nombre":"Centro Cultural Keren Tá Merced","fecha_fundacion":"1000-01-01","adscripcion_original":"UACM, Secretaría de Cultura de la Ciudad de México","tipo_gestion":"PUBLICO","criterio_clasificacion":"EVIDENCIA_INSTITUCIONAL_PUBLICA","fuente_revision_gestion":"","nota_revision_gestion":"","estado_id":"9","entidad":"Ciudad de México","municipio_id":"17","municipio":"Venustiano Carranza","localidad_id":"1","localidad":"Venustiano Carranza","calle_numero":"Rosario s/n Pta. 24 altos de Taquería el Pollo","colonia":"Col. Merced Balbuena","cp":"15810.0","telefono":"","pagina_web":"https://kerentamerced.wordpress.com/","email":"kerentamerced@mail.com","facebook":"","twitter":"","instagram":"","aforo":"","tipo_escenario":"","num_pantallas":"","link_sic":"http://sic.gob.mx/ficha.php?table=centro_cultural&table_id=2963","fecha_modificacion":"2023-07-05 04:18:49-06","es_pilares":"NO","dataset_relacionado":"","revision_manual":"NO","motivo_revision":"","fuente":"Sistema de Información Cultural (SIC)"}},{"type":"Feature","geometry":{"type":"Point","coordinates":[-99.11259,19.40644]},"properties":{"id_cultural":"CENTRO_CULTURAL_3556","id_sic":"3556","tipo_cultural":"CENTRO_CULTURAL","nombre":"PILARES Viaducto","fecha_fundacion":"2020-02-18","adscripcion_original":"Secretaría de Cultura de la Ciudad de México","tipo_gestion":"PUBLICO","criterio_clasificacion":"EVIDENCIA_INSTITUCIONAL_PUBLICA","fuente_revision_gestion":"","nota_revision_gestion":"","estado_id":"9","entidad":"Ciudad de México","municipio_id":"17","municipio":"Venustiano Carranza","localidad_id":"1","localidad":"Venustiano Carranza","calle_numero":"Viaducto Rio de la Piedad s/n","colonia":"Col. Jardín Balbuena","cp":"15900.0","telefono":"55 5134 0770 ext 1806","pagina_web":"https://pilares.cdmx.gob.mx/","email":"coord_comunicacion@pilares.cdmx.gob.mx","facebook":"","twitter":"","instagram":"","aforo":"","tipo_escenario":"","num_pantallas":"","link_sic":"http://sic.gob.mx/ficha.php?table=centro_cultural&table_id=3556","fecha_modificacion":"2025-10-10 19:54:59-06","es_pilares":"SI","dataset_relacionado":"PILARES","revision_manual":"NO","motivo_revision":"","fuente":"Sistema de Información Cultural (SIC)"}},{"type":"Feature","geometry":{"type":"Point","coordinates":[-99.0922,19.42793]},"properties":{"id_cultural":"CENTRO_CULTURAL_3614","id_sic":"3614","tipo_cultural":"CENTRO_CULTURAL","nombre":"PILARES Pelón Osuna","fecha_fundacion":"1000-01-01","adscripcion_original":"Secretaría de Cultura de la Ciudad de México","tipo_gestion":"PUBLICO","criterio_clasificacion":"EVIDENCIA_INSTITUCIONAL_PUBLICA","fuente_revision_gestion":"","nota_revision_gestion":"","estado_id":"9","entidad":"Ciudad de México","municipio_id":"17","municipio":"Venustiano Carranza","localidad_id":"1","localidad":"Venustiano Carranza","calle_numero":"Norte 21 s/n","colonia":"Col.  Moctezuma 2da Secc","cp":"15530.0","telefono":"55 5134 0770 ext 1806","pagina_web":"https://pilares.cdmx.gob.mx/","email":"coord_comunicacion@pilares.cdmx.gob.mx","facebook":"","twitter":"","instagram":"","aforo":"","tipo_escenario":"","num_pantallas":"","link_sic":"http://sic.gob.mx/ficha.php?table=centro_cultural&table_id=3614","fecha_modificacion":"2024-06-11 11:28:11-06","es_pilares":"SI","dataset_relacionado":"PILARES","revision_manual":"NO","motivo_revision":"","fuente":"Sistema de Información Cultural (SIC)"}},{"type":"Feature","geometry":{"type":"Point","coordinates":[-99.11348,19.45223]},"properties":{"id_cultural":"CENTRO_CULTURAL_3710","id_sic":"3710","tipo_cultural":"CENTRO_CULTURAL","nombre":"PILARES Felipe Ángeles","fecha_fundacion":"1000-01-01","adscripcion_original":"Gobierno de la Ciudad de México","tipo_gestion":"PUBLICO","criterio_clasificacion":"EVIDENCIA_INSTITUCIONAL_PUBLICA","fuente_revision_gestion":"","nota_revision_gestion":"","estado_id":"9","entidad":"Ciudad de México","municipio_id":"17","municipio":"Venustiano Carranza","localidad_id":"1","localidad":"Venustiano Carranza","calle_numero":"Calle Estaño s/n","colonia":"Felipe Ángeles","cp":"15310.0","telefono":"55 5134 0770 ext 1806","pagina_web":"https://pilares.cdmx.gob.mx/","email":"coord_comunicacion@pilares.cdmx.gob.mx","facebook":"","twitter":"","instagram":"","aforo":"","tipo_escenario":"","num_pantallas":"","link_sic":"http://sic.gob.mx/ficha.php?table=centro_cultural&table_id=3710","fecha_modificacion":"2024-06-10 13:22:59-06","es_pilares":"SI","dataset_relacionado":"PILARES","revision_manual":"NO","motivo_revision":"","fuente":"Sistema de Información Cultural (SIC)"}},{"type":"Feature","geometry":{"type":"Point","coordinates":[-99.07165,19.42181]},"properties":{"id_cultural":"CENTRO_CULTURAL_3613","id_sic":"3613","tipo_cultural":"CENTRO_CULTURAL","nombre":"PILARES Adolfo Lopez Mateos","fecha_fundacion":"1000-01-01","adscripcion_original":"Gobierno de la Ciudad de México","tipo_gestion":"PUBLICO","criterio_clasificacion":"EVIDENCIA_INSTITUCIONAL_PUBLICA","fuente_revision_gestion":"","nota_revision_gestion":"","estado_id":"9","entidad":"Ciudad de México","municipio_id":"17","municipio":"Venustiano Carranza","localidad_id":"1","localidad":"Venustiano Carranza","calle_numero":"Eduardo Bustamante 102","colonia":"Adolfo López Mateos","cp":"15670.0","telefono":"55 5134 0770 ext 1806","pagina_web":"https://pilares.cdmx.gob.mx/","email":"coord_comunicacion@pilares.cdmx.gob.mx","facebook":"","twitter":"","instagram":"","aforo":"","tipo_escenario":"","num_pantallas":"","link_sic":"http://sic.gob.mx/ficha.php?table=centro_cultural&table_id=3613","fecha_modificacion":"2024-06-07 11:27:02-06","es_pilares":"SI","dataset_relacionado":"PILARES","revision_manual":"NO","motivo_revision":"","fuente":"Sistema de Información Cultural (SIC)"}},{"type":"Feature","geometry":{"type":"Point","coordinates":[-99.10311,19.44749]},"properties":{"id_cultural":"CENTRO_CULTURAL_3711","id_sic":"3711","tipo_cultural":"CENTRO_CULTURAL","nombre":"PILARES 20 de Noviembre","fecha_fundacion":"1000-01-01","adscripcion_original":"Secretaría de Cultura de la Ciudad de México","tipo_gestion":"PUBLICO","criterio_clasificacion":"EVIDENCIA_INSTITUCIONAL_PUBLICA","fuente_revision_gestion":"","nota_revision_gestion":"","estado_id":"9","entidad":"Ciudad de México","municipio_id":"17","municipio":"Venustiano Carranza","localidad_id":"1","localidad":"Venustiano Carranza","calle_numero":"Av. Canal del Desagüe s/n esq. Av. Canal del Norte","colonia":"Col. Amp. Venustiano Carranza","cp":"15339.0","telefono":"55 5134 0770 ext 1806","pagina_web":"https://pilares.cdmx.gob.mx/","email":"coord_comunicacion@pilares.cdmx.gob.mx","facebook":"","twitter":"","instagram":"","aforo":"","tipo_escenario":"","num_pantallas":"","link_sic":"http://sic.gob.mx/ficha.php?table=centro_cultural&table_id=3711","fecha_modificacion":"2024-06-07 11:53:26-06","es_pilares":"SI","dataset_relacionado":"PILARES","revision_manual":"NO","motivo_revision":"","fuente":"Sistema de Información Cultural (SIC)"}},{"type":"Feature","geometry":{"type":"Point","coordinates":[-99.08563,19.43717]},"properties":{"id_cultural":"CENTRO_CULTURAL_3712","id_sic":"3712","tipo_cultural":"CENTRO_CULTURAL","nombre":"PILARES Copil","fecha_fundacion":"2021-01-01","adscripcion_original":"Gobierno de la Ciudad de México","tipo_gestion":"PUBLICO","criterio_clasificacion":"EVIDENCIA_INSTITUCIONAL_PUBLICA","fuente_revision_gestion":"","nota_revision_gestion":"","estado_id":"9","entidad":"Ciudad de México","municipio_id":"17","municipio":"Venustiano Carranza","localidad_id":"1","localidad":"Venustiano Carranza","calle_numero":"Chimalhuacán s/n","colonia":"Col. Peñón de los Bañoz","cp":"15520.0","telefono":"55 5134 0770 ext 1806","pagina_web":"https://pilares.cdmx.gob.mx/","email":"coord_comunicacion@pilares.cdmx.gob.mx","facebook":"","twitter":"","instagram":"","aforo":"","tipo_escenario":"","num_pantallas":"","link_sic":"http://sic.gob.mx/ficha.php?table=centro_cultural&table_id=3712","fecha_modificacion":"2025-10-28 16:23:04-06","es_pilares":"SI","dataset_relacionado":"PILARES","revision_manual":"NO","motivo_revision":"","fuente":"Sistema de Información Cultural (SIC)"}},{"type":"Feature","geometry":{"type":"Point","coordinates":[-99.14496,19.46816]},"properties":{"id_cultural":"CINE_572","id_sic":"572","tipo_cultural":"CINE","nombre":"Cinemex Portal Vallejo","fecha_fundacion":"1000-01-01","adscripcion_original":"Cadena Mexicana de Exhibición, S.A. de C.V.","tipo_gestion":"PRIVADO","criterio_clasificacion":"EVIDENCIA_INSTITUCIONAL_PRIVADA","fuente_revision_gestion":"","nota_revision_gestion":"","estado_id":"9","entidad":"Ciudad de México","municipio_id":"2","municipio":"Azcapotzalco","localidad_id":"1","localidad":"Azcapotzalco","calle_numero":"Calz. Vallejo 304","colonia":"Col. San Francisco Xocotitla","cp":"2960.0","telefono":"","pagina_web":"","email":"","facebook":"","twitter":"","instagram":"","aforo":"","tipo_escenario":"","num_pantallas":8,"link_sic":"http://sic.gob.mx/ficha.php?table=comp_cine&table_id=572","fecha_modificacion":"2022-09-28 03:27:07-05","es_pilares":"NO","dataset_relacionado":"","revision_manual":"NO","motivo_revision":"","fuente":"Sistema de Información Cultural (SIC)"}},{"type":"Feature","geometry":{"type":"Point","coordinates":[-99.15325,19.48799]},"properties":{"id_cultural":"CINE_457","id_sic":"457","tipo_cultural":"CINE","nombre":"Cinépolis Vía Vallejo","fecha_fundacion":"1000-01-01","adscripcion_original":"Cinépolis de México, S.A. de C.V.","tipo_gestion":"PRIVADO","criterio_clasificacion":"EVIDENCIA_INSTITUCIONAL_PRIVADA","fuente_revision_gestion":"","nota_revision_gestion":"","estado_id":"9","entidad":"Ciudad de México","municipio_id":"2","municipio":"Azcapotzalco","localidad_id":"1","localidad":"Azcapotzalco","calle_numero":"Calz. Vallejo 1090","colonia":"Col. Nueva Industrial Vallejo","cp":"2300.0","telefono":"","pagina_web":"","email":"","facebook":"","twitter":"","instagram":"","aforo":"","tipo_escenario":"","num_pantallas":10,"link_sic":"http://sic.gob.mx/ficha.php?table=comp_cine&table_id=457","fecha_modificacion":"2022-09-30 03:32:53-05","es_pilares":"NO","dataset_relacionado":"","revision_manual":"NO","motivo_revision":"","fuente":"Sistema de Información Cultural (SIC)"}},{"type":"Feature","geometry":{"type":"Point","coordinates":[-99.15341,19.48821]},"properties":{"id_cultural":"CINE_458","id_sic":"458","tipo_cultural":"CINE","nombre":"Cinépolis VIP Vía Vallejo","fecha_fundacion":"1000-01-01","adscripcion_original":"Cinépolis de México, S.A. de C.V.","tipo_gestion":"PRIVADO","criterio_clasificacion":"EVIDENCIA_INSTITUCIONAL_PRIVADA","fuente_revision_gestion":"","nota_revision_gestion":"","estado_id":"9","entidad":"Ciudad de México","municipio_id":"2","municipio":"Azcapotzalco","localidad_id":"1","localidad":"Azcapotzalco","calle_numero":"Calz. Vallejo 1090","colonia":"Col. Nueva Industrial Vallejo","cp":"2300.0","telefono":"","pagina_web":"","email":"","facebook":"","twitter":"","instagram":"","aforo":"","tipo_escenario":"","num_pantallas":4,"link_sic":"http://sic.gob.mx/ficha.php?table=comp_cine&table_id=458","fecha_modificacion":"2022-09-28 09:35:24-05","es_pilares":"NO","dataset_relacionado":"","revision_manual":"NO","motivo_revision":"","fuente":"Sistema de Información Cultural (SIC)"}},{"type":"Feature","geometry":{"type":"Point","coordinates":[-99.18417,19.4841]},"properties":{"id_cultural":"CINE_1102","id_sic":"1102","tipo_cultural":"CINE","nombre":"Cinépolis Plaza Cuitláhuac","fecha_fundacion":"1000-01-01","adscripcion_original":"Cinépolis de México, S.A. de C.V.","tipo_gestion":"PRIVADO","criterio_clasificacion":"EVIDENCIA_INSTITUCIONAL_PRIVADA","fuente_revision_gestion":"","nota_revision_gestion":"","estado_id":"9","entidad":"Ciudad de México","municipio_id":"2","municipio":"Azcapotzalco","localidad_id":"1","localidad":"Azcapotzalco","calle_numero":"Av. Cuitláhuac 2309","colonia":"Col. San Salvador Xochimamas","cp":"2870.0","telefono":"","pagina_web":"","email":"","facebook":"","twitter":"","instagram":"","aforo":"","tipo_escenario":"","num_pantallas":7,"link_sic":"http://sic.gob.mx/ficha.php?table=comp_cine&table_id=1102","fecha_modificacion":"2022-09-28 09:30:33-05","es_pilares":"NO","dataset_relacionado":"","revision_manual":"NO","motivo_revision":"","fuente":"Sistema de Información Cultural (SIC)"}},{"type":"Feature","geometry":{"type":"Point","coordinates":[-99.16037,19.46854]},"properties":{"id_cultural":"CINE_459","id_sic":"459","tipo_cultural":"CINE","nombre":"Cinépolis Plaza Parque Jardín","fecha_fundacion":"1000-01-01","adscripcion_original":"Cinépolis de México, S.A. de C.V.","tipo_gestion":"PRIVADO","criterio_clasificacion":"EVIDENCIA_INSTITUCIONAL_PRIVADA","fuente_revision_gestion":"","nota_revision_gestion":"","estado_id":"9","entidad":"Ciudad de México","municipio_id":"2","municipio":"Azcapotzalco","localidad_id":"1","localidad":"Azcapotzalco","calle_numero":"Av. Jardín 330","colonia":"Col. Del Gas","cp":"2950.0","telefono":"","pagina_web":"","email":"","facebook":"","twitter":"","instagram":"","aforo":"","tipo_escenario":"","num_pantallas":8,"link_sic":"http://sic.gob.mx/ficha.php?table=comp_cine&table_id=459","fecha_modificacion":"2023-11-22 04:24:22-06","es_pilares":"NO","dataset_relacionado":"","revision_manual":"NO","motivo_revision":"","fuente":"Sistema de Información Cultural (SIC)"}},{"type":"Feature","geometry":{"type":"Point","coordinates":[-99.17944,19.48917]},"properties":{"id_cultural":"CINE_1075","id_sic":"1075","tipo_cultural":"CINE","nombre":"Cinemex Ferrería","fecha_fundacion":"1000-01-01","adscripcion_original":"","tipo_gestion":"NO_DETERMINADO","criterio_clasificacion":"SIN_ADSCRIPCION","fuente_revision_gestion":"","nota_revision_gestion":"","estado_id":"9","entidad":"Ciudad de México","municipio_id":"2","municipio":"Azcapotzalco","localidad_id":"1","localidad":"Azcapotzalco","calle_numero":"Eje 4 norte 251 (Antigua Calz.de Guadalupe)","colonia":"Col. Azcapotzalco","cp":"2020.0","telefono":"","pagina_web":"","email":"","facebook":"","twitter":"","instagram":"","aforo":"","tipo_escenario":"","num_pantallas":0,"link_sic":"http://sic.gob.mx/ficha.php?table=comp_cine&table_id=1075","fecha_modificacion":"2022-10-10 04:25:57-05","es_pilares":"NO","dataset_relacionado":"","revision_manual":"SI","motivo_revision":"No existe adscripción disponible para determinar el tipo de gestión.","fuente":"Sistema de Información Cultural (SIC)"}},{"type":"Feature","geometry":{"type":"Point","coordinates":[-99.20327,19.50219]},"properties":{"id_cultural":"CINE_456","id_sic":"456","tipo_cultural":"CINE","nombre":"Cinépolis Town Center El Rosario","fecha_fundacion":"1000-01-01","adscripcion_original":"Cinépolis de México, S.A. de C.V.","tipo_gestion":"PRIVADO","criterio_clasificacion":"EVIDENCIA_INSTITUCIONAL_PRIVADA","fuente_revision_gestion":"","nota_revision_gestion":"","estado_id":"9","entidad":"Ciudad de México","municipio_id":"2","municipio":"Azcapotzalco","localidad_id":"1","localidad":"Azcapotzalco","calle_numero":"Av. El Rosario 1025","colonia":"Col. El Rosario","cp":"2100.0","telefono":"","pagina_web":"","email":"","facebook":"","twitter":"","instagram":"","aforo":"","tipo_escenario":"","num_pantallas":16,"link_sic":"http://sic.gob.mx/ficha.php?table=comp_cine&table_id=456","fecha_modificacion":"2022-05-18 06:42:21-05","es_pilares":"NO","dataset_relacionado":"","revision_manual":"NO","motivo_revision":"","fuente":"Sistema de Información Cultural (SIC)"}},{"type":"Feature","geometry":{"type":"Point","coordinates":[-99.20044,19.50605]},"properties":{"id_cultural":"CINE_455","id_sic":"455","tipo_cultural":"CINE","nombre":"Cinemex Rosario","fecha_fundacion":"1000-01-01","adscripcion_original":"Cadena Mexicana de Exhibición, S.A. de C.V.","tipo_gestion":"PRIVADO","criterio_clasificacion":"EVIDENCIA_INSTITUCIONAL_PRIVADA","fuente_revision_gestion":"","nota_revision_gestion":"","estado_id":"9","entidad":"Ciudad de México","municipio_id":"2","municipio":"Azcapotzalco","localidad_id":"1","localidad":"Azcapotzalco","calle_numero":"Av. Cultura Nte. 902","colonia":"Habitacional El Rosario, Centro","cp":"2700.0","telefono":"","pagina_web":"","email":"","facebook":"","twitter":"","instagram":"","aforo":"","tipo_escenario":"","num_pantallas":10,"link_sic":"http://sic.gob.mx/ficha.php?table=comp_cine&table_id=455","fecha_modificacion":"2022-09-27 06:42:36-05","es_pilares":"NO","dataset_relacionado":"","revision_manual":"NO","motivo_revision":"","fuente":"Sistema de Información Cultural (SIC)"}},{"type":"Feature","geometry":{"type":"Point","coordinates":[-99.18992,19.47392]},"properties":{"id_cultural":"CINE_460","id_sic":"460","tipo_cultural":"CINE","nombre":"CineTop Azcapotzalco","fecha_fundacion":"1000-01-01","adscripcion_original":"Xtra Cinemas, S.A. de C.V.","tipo_gestion":"PRIVADO","criterio_clasificacion":"EVIDENCIA_INSTITUCIONAL_PRIVADA","fuente_revision_gestion":"","nota_revision_gestion":"","estado_id":"9","entidad":"Ciudad de México","municipio_id":"2","municipio":"Azcapotzalco","localidad_id":"1","localidad":"Azcapotzalco","calle_numero":"Av. Aquiles Serdán 400","colonia":"Col. Nextengo","cp":"2070.0","telefono":"","pagina_web":"","email":"","facebook":"","twitter":"","instagram":"","aforo":"","tipo_escenario":"","num_pantallas":8,"link_sic":"http://sic.gob.mx/ficha.php?table=comp_cine&table_id=460","fecha_modificacion":"2022-10-17 04:26:13-05","es_pilares":"NO","dataset_relacionado":"","revision_manual":"NO","motivo_revision":"","fuente":"Sistema de Información Cultural (SIC)"}},{"type":"Feature","geometry":{"type":"Point","coordinates":[-99.18661,19.47792]},"properties":{"id_cultural":"CINE_1001","id_sic":"1001","tipo_cultural":"CINE","nombre":"Cinedot Azcapotzalco","fecha_fundacion":"2022-06-23","adscripcion_original":"Interbakers, S.A. de C.V.","tipo_gestion":"PRIVADO","criterio_clasificacion":"EVIDENCIA_INSTITUCIONAL_PRIVADA","fuente_revision_gestion":"","nota_revision_gestion":"","estado_id":"9","entidad":"Ciudad de México","municipio_id":"2","municipio":"Azcapotzalco","localidad_id":"1","localidad":"Azcapotzalco","calle_numero":"Av. Azcapotzalco 527","colonia":"Col. Azcapotzalco","cp":"2000.0","telefono":"","pagina_web":"","email":"","facebook":"","twitter":"","instagram":"","aforo":"","tipo_escenario":"","num_pantallas":5,"link_sic":"http://sic.gob.mx/ficha.php?table=comp_cine&table_id=1001","fecha_modificacion":"2022-08-23 06:42:56-05","es_pilares":"NO","dataset_relacionado":"","revision_manual":"NO","motivo_revision":"","fuente":"Sistema de Información Cultural (SIC)"}},{"type":"Feature","geometry":{"type":"Point","coordinates":[-99.18193,19.46383]},"properties":{"id_cultural":"CINE_454","id_sic":"454","tipo_cultural":"CINE","nombre":"Cinemex Clavería","fecha_fundacion":"1000-01-01","adscripcion_original":"Cadena Mexicana de Exhibición, S.A. de C.V.","tipo_gestion":"PRIVADO","criterio_clasificacion":"EVIDENCIA_INSTITUCIONAL_PRIVADA","fuente_revision_gestion":"","nota_revision_gestion":"","estado_id":"9","entidad":"Ciudad de México","municipio_id":"2","municipio":"Azcapotzalco","localidad_id":"1","localidad":"Azcapotzalco","calle_numero":"Av. Egipto 142","colonia":"Col.  Clavería","cp":"2080.0","telefono":"","pagina_web":"","email":"","facebook":"","twitter":"","instagram":"","aforo":"","tipo_escenario":"","num_pantallas":6,"link_sic":"http://sic.gob.mx/ficha.php?table=comp_cine&table_id=454","fecha_modificacion":"2022-09-26 08:00:00-05","es_pilares":"NO","dataset_relacionado":"","revision_manual":"NO","motivo_revision":"","fuente":"Sistema de Información Cultural (SIC)"}},{"type":"Feature","geometry":{"type":"Point","coordinates":[-99.16612,19.30442]},"properties":{"id_cultural":"CINE_90","id_sic":"90","tipo_cultural":"CINE","nombre":"Cinemex Gran Sur","fecha_fundacion":"1000-01-01","adscripcion_original":"Cadena Mexicana de Exhibición, S.A. de C.V.","tipo_gestion":"PRIVADO","criterio_clasificacion":"EVIDENCIA_INSTITUCIONAL_PRIVADA","fuente_revision_gestion":"","nota_revision_gestion":"","estado_id":"9","entidad":"Ciudad de México","municipio_id":"3","municipio":"Coyoacán","localidad_id":"1","localidad":"Coyoacán","calle_numero":"Periférico Sur 5550","colonia":"Col. Pedregal de Carrasco","cp":"4300.0","telefono":"","pagina_web":"","email":"","facebook":"","twitter":"","instagram":"","aforo":"","tipo_escenario":"","num_pantallas":10,"link_sic":"http://sic.gob.mx/ficha.php?table=comp_cine&table_id=90","fecha_modificacion":"2022-09-27 07:02:44-05","es_pilares":"NO","dataset_relacionado":"","revision_manual":"NO","motivo_revision":"","fuente":"Sistema de Información Cultural (SIC)"}},{"type":"Feature","geometry":{"type":"Point","coordinates":[-99.18999,19.30452]},"properties":{"id_cultural":"CINE_92","id_sic":"92","tipo_cultural":"CINE","nombre":"Cinépolis Perisur","fecha_fundacion":"1000-01-01","adscripcion_original":"Cinépolis de México, S.A. de C.V.","tipo_gestion":"PRIVADO","criterio_clasificacion":"EVIDENCIA_INSTITUCIONAL_PRIVADA","fuente_revision_gestion":"","nota_revision_gestion":"","estado_id":"9","entidad":"Ciudad de México","municipio_id":"3","municipio":"Coyoacán","localidad_id":"1","localidad":"Coyoacán","calle_numero":"Anillo Periférico Sur 4690","colonia":"Col. Jardines del Pedregal","cp":"4500.0","telefono":"","pagina_web":"","email":"","facebook":"","twitter":"","instagram":"","aforo":"","tipo_escenario":"","num_pantallas":18,"link_sic":"http://sic.gob.mx/ficha.php?table=comp_cine&table_id=92","fecha_modificacion":"2022-09-28 09:58:44-05","es_pilares":"NO","dataset_relacionado":"","revision_manual":"NO","motivo_revision":"","fuente":"Sistema de Información Cultural (SIC)"}},{"type":"Feature","geometry":{"type":"Point","coordinates":[-99.12452,19.31017]},"properties":{"id_cultural":"CINE_91","id_sic":"91","tipo_cultural":"CINE","nombre":"Cinépolis Miramontes","fecha_fundacion":"1000-01-01","adscripcion_original":"Cinépolis de México, S.A. de C.V.","tipo_gestion":"PRIVADO","criterio_clasificacion":"EVIDENCIA_INSTITUCIONAL_PRIVADA","fuente_revision_gestion":"","nota_revision_gestion":"","estado_id":"9","entidad":"Ciudad de México","municipio_id":"3","municipio":"Coyoacán","localidad_id":"1","localidad":"Coyoacán","calle_numero":"Canal de Miramontes 2053","colonia":"Col. Los Girasoles III","cp":"4920.0","telefono":"","pagina_web":"","email":"","facebook":"","twitter":"","instagram":"","aforo":"","tipo_escenario":"","num_pantallas":15,"link_sic":"http://sic.gob.mx/ficha.php?table=comp_cine&table_id=91","fecha_modificacion":"2022-09-30 03:54:06-05","es_pilares":"NO","dataset_relacionado":"","revision_manual":"NO","motivo_revision":"","fuente":"Sistema de Información Cultural (SIC)"}},{"type":"Feature","geometry":{"type":"Point","coordinates":[-99.18998,19.30454]},"properties":{"id_cultural":"CINE_88","id_sic":"88","tipo_cultural":"CINE","nombre":"Cinépolis VIP Perisur","fecha_fundacion":"1000-01-01","adscripcion_original":"Cinépolis de México, S.A. de C.V.","tipo_gestion":"PRIVADO","criterio_clasificacion":"EVIDENCIA_INSTITUCIONAL_PRIVADA","fuente_revision_gestion":"","nota_revision_gestion":"","estado_id":"9","entidad":"Ciudad de México","municipio_id":"3","municipio":"Coyoacán","localidad_id":"1","localidad":"Coyoacán","calle_numero":"Anillo Periférico Sur 4690","colonia":"Col. Jardines del Pedregal","cp":"4500.0","telefono":"","pagina_web":"","email":"","facebook":"","twitter":"","instagram":"","aforo":"","tipo_escenario":"","num_pantallas":4,"link_sic":"http://sic.gob.mx/ficha.php?table=comp_cine&table_id=88","fecha_modificacion":"2022-09-30 03:57:30-05","es_pilares":"NO","dataset_relacionado":"","revision_manual":"NO","motivo_revision":"","fuente":"Sistema de Información Cultural (SIC)"}},{"type":"Feature","geometry":{"type":"Point","coordinates":[-99.18028,19.34558]},"properties":{"id_cultural":"CINE_466","id_sic":"466","tipo_cultural":"CINE","nombre":"Cinépolis VIP Oasis Coyoacán","fecha_fundacion":"1000-01-01","adscripcion_original":"Cinépolis de México, S.A. de C.V.","tipo_gestion":"PRIVADO","criterio_clasificacion":"EVIDENCIA_INSTITUCIONAL_PRIVADA","fuente_revision_gestion":"","nota_revision_gestion":"","estado_id":"9","entidad":"Ciudad de México","municipio_id":"3","municipio":"Coyoacán","localidad_id":"1","localidad":"Coyoacán","calle_numero":"Av. Miguel Ángel de Quevedo 227","colonia":"Col. Romero de Terrenos","cp":"4310.0","telefono":"","pagina_web":"","email":"","facebook":"","twitter":"","instagram":"","aforo":"","tipo_escenario":"","num_pantallas":4,"link_sic":"http://sic.gob.mx/ficha.php?table=comp_cine&table_id=466","fecha_modificacion":"2023-11-14 08:08:38-06","es_pilares":"NO","dataset_relacionado":"","revision_manual":"NO","motivo_revision":"","fuente":"Sistema de Información Cultural (SIC)"}},{"type":"Feature","geometry":{"type":"Point","coordinates":[-99.18124,19.30379]},"properties":{"id_cultural":"CINE_943","id_sic":"943","tipo_cultural":"CINE","nombre":"Auto Drive Cinemas, Perisur","fecha_fundacion":"1000-01-01","adscripcion_original":"Drive Cinema S.A. de C.V.","tipo_gestion":"PRIVADO","criterio_clasificacion":"EVIDENCIA_INSTITUCIONAL_PRIVADA","fuente_revision_gestion":"","nota_revision_gestion":"","estado_id":"9","entidad":"Ciudad de México","municipio_id":"3","municipio":"Coyoacán","localidad_id":"1","localidad":"Coyoacán","calle_numero":"Periférico Sur 5000","colonia":"","cp":"","telefono":"","pagina_web":"","email":"","facebook":"","twitter":"","instagram":"","aforo":"","tipo_escenario":"","num_pantallas":1,"link_sic":"http://sic.gob.mx/ficha.php?table=comp_cine&table_id=943","fecha_modificacion":"2022-08-02 12:24:23-05","es_pilares":"NO","dataset_relacionado":"","revision_manual":"NO","motivo_revision":"","fuente":"Sistema de Información Cultural (SIC)"}},{"type":"Feature","geometry":{"type":"Point","coordinates":[-99.12405,19.30414]},"properties":{"id_cultural":"CINE_939","id_sic":"939","tipo_cultural":"CINE","nombre":"Auto Drive Cinema, Miramontes","fecha_fundacion":"1000-01-01","adscripcion_original":"Drive Cinema S.A. de C.V.","tipo_gestion":"PRIVADO","criterio_clasificacion":"EVIDENCIA_INSTITUCIONAL_PRIVADA","fuente_revision_gestion":"","nota_revision_gestion":"","estado_id":"9","entidad":"Ciudad de México","municipio_id":"3","municipio":"Coyoacán","localidad_id":"1","localidad":"Coyoacán","calle_numero":"Calz. del Hueso 480, Girasoles II","colonia":"Col. Coapa","cp":"4920.0","telefono":"","pagina_web":"","email":"","facebook":"","twitter":"","instagram":"","aforo":"","tipo_escenario":"","num_pantallas":1,"link_sic":"http://sic.gob.mx/ficha.php?table=comp_cine&table_id=939","fecha_modificacion":"2022-08-31 06:59:32-05","es_pilares":"NO","dataset_relacionado":"","revision_manual":"NO","motivo_revision":"","fuente":"Sistema de Información Cultural (SIC)"}},{"type":"Feature","geometry":{"type":"Point","coordinates":[-99.18027,19.34555]},"properties":{"id_cultural":"CINE_17","id_sic":"17","tipo_cultural":"CINE","nombre":"Cinépolis Oasis Coyoacán","fecha_fundacion":"1000-01-01","adscripcion_original":"Cinépolis de México, S.A. de C.V.","tipo_gestion":"PRIVADO","criterio_clasificacion":"EVIDENCIA_INSTITUCIONAL_PRIVADA","fuente_revision_gestion":"","nota_revision_gestion":"","estado_id":"9","entidad":"Ciudad de México","municipio_id":"3","municipio":"Coyoacán","localidad_id":"1","localidad":"Coyoacán","calle_numero":"Av. Miguel Ángel de Quevedo 227","colonia":"Col. Romero de Terreros","cp":"4310.0","telefono":"","pagina_web":"","email":"","facebook":"","twitter":"","instagram":"","aforo":"","tipo_escenario":"","num_pantallas":8,"link_sic":"http://sic.gob.mx/ficha.php?table=comp_cine&table_id=17","fecha_modificacion":"2025-08-04 12:11:45-06","es_pilares":"NO","dataset_relacionado":"","revision_manual":"NO","motivo_revision":"","fuente":"Sistema de Información Cultural (SIC)"}},{"type":"Feature","geometry":{"type":"Point","coordinates":[-99.15015,19.2997]},"properties":{"id_cultural":"CINE_465","id_sic":"465","tipo_cultural":"CINE","nombre":"Cinemex Tlalpan","fecha_fundacion":"1000-01-01","adscripcion_original":"Cadena Mexicana de Exhibición, S.A. de C.V.","tipo_gestion":"PRIVADO","criterio_clasificacion":"EVIDENCIA_INSTITUCIONAL_PRIVADA","fuente_revision_gestion":"","nota_revision_gestion":"","estado_id":"9","entidad":"Ciudad de México","municipio_id":"3","municipio":"Coyoacán","localidad_id":"1","localidad":"Coyoacán","calle_numero":"Calz. de Tlalpan 4085","colonia":"Col. Bosques de Tetlameya","cp":"4730.0","telefono":"","pagina_web":"","email":"","facebook":"","twitter":"","instagram":"","aforo":"","tipo_escenario":"","num_pantallas":8,"link_sic":"http://sic.gob.mx/ficha.php?table=comp_cine&table_id=465","fecha_modificacion":"2022-09-27 07:03:30-05","es_pilares":"NO","dataset_relacionado":"","revision_manual":"NO","motivo_revision":"","fuente":"Sistema de Información Cultural (SIC)"}},{"type":"Feature","geometry":{"type":"Point","coordinates":[-99.15719,19.3356]},"properties":{"id_cultural":"CINE_580","id_sic":"580","tipo_cultural":"CINE","nombre":"Cinépolis Copilco","fecha_fundacion":"1000-01-01","adscripcion_original":"Cinépolis de México, S.A. de C.V.","tipo_gestion":"PRIVADO","criterio_clasificacion":"EVIDENCIA_INSTITUCIONAL_PRIVADA","fuente_revision_gestion":"","nota_revision_gestion":"","estado_id":"9","entidad":"Ciudad de México","municipio_id":"3","municipio":"Coyoacán","localidad_id":"1","localidad":"Coyoacán","calle_numero":"Eje 10 (copilco) Av. Pedro Henríquez Ureña 426","colonia":"Col. Pueblo de los Reyes","cp":"4330.0","telefono":"","pagina_web":"","email":"","facebook":"","twitter":"","instagram":"","aforo":"","tipo_escenario":"","num_pantallas":10,"link_sic":"http://sic.gob.mx/ficha.php?table=comp_cine&table_id=580","fecha_modificacion":"2022-09-28 09:50:08-05","es_pilares":"NO","dataset_relacionado":"","revision_manual":"NO","motivo_revision":"","fuente":"Sistema de Información Cultural (SIC)"}},{"type":"Feature","geometry":{"type":"Point","coordinates":[-99.26589,19.36103]},"properties":{"id_cultural":"CINE_941","id_sic":"941","tipo_cultural":"CINE","nombre":"Auto Drive Cinema, Santa Fe","fecha_fundacion":"1000-01-01","adscripcion_original":"Drive Cinema S.A. de C.V.","tipo_gestion":"PRIVADO","criterio_clasificacion":"EVIDENCIA_INSTITUCIONAL_PRIVADA","fuente_revision_gestion":"","nota_revision_gestion":"","estado_id":"9","entidad":"Ciudad de México","municipio_id":"4","municipio":"Cuajimalpa de Morelos","localidad_id":"1","localidad":"Cuajimalpa de Morelos","calle_numero":"Francisco J. Serrano 114","colonia":"Col. Santa Fe, Contadero","cp":"1219.0","telefono":"","pagina_web":"","email":"","facebook":"","twitter":"","instagram":"","aforo":"","tipo_escenario":"","num_pantallas":0,"link_sic":"http://sic.gob.mx/ficha.php?table=comp_cine&table_id=941","fecha_modificacion":"2022-05-23 06:28:34-05","es_pilares":"NO","dataset_relacionado":"","revision_manual":"NO","motivo_revision":"","fuente":"Sistema de Información Cultural (SIC)"}},{"type":"Feature","geometry":{"type":"Point","coordinates":[-99.27449,19.36078]},"properties":{"id_cultural":"CINE_95","id_sic":"95","tipo_cultural":"CINE","nombre":"Cinemex Santa Fe","fecha_fundacion":"1000-01-01","adscripcion_original":"Cadena Mexicana de Exhibición, S.A. de C.V.","tipo_gestion":"PRIVADO","criterio_clasificacion":"EVIDENCIA_INSTITUCIONAL_PRIVADA","fuente_revision_gestion":"","nota_revision_gestion":"","estado_id":"9","entidad":"Ciudad de México","municipio_id":"4","municipio":"Cuajimalpa de Morelos","localidad_id":"1","localidad":"Cuajimalpa de Morelos","calle_numero":"Av. Vasco de Quiroga 3800","colonia":"Col. Santa Fe","cp":"5349.0","telefono":"","pagina_web":"","email":"","facebook":"","twitter":"","instagram":"","aforo":"","tipo_escenario":"","num_pantallas":15,"link_sic":"http://sic.gob.mx/ficha.php?table=comp_cine&table_id=95","fecha_modificacion":"2022-09-27 04:45:54-05","es_pilares":"NO","dataset_relacionado":"","revision_manual":"NO","motivo_revision":"","fuente":"Sistema de Información Cultural (SIC)"}},{"type":"Feature","geometry":{"type":"Point","coordinates":[-99.2745,19.36078]},"properties":{"id_cultural":"CINE_467","id_sic":"467","tipo_cultural":"CINE","nombre":"Cinemex Santa Fe Platino","fecha_fundacion":"1000-01-01","adscripcion_original":"Cadena Mexicana de Exhibición, S.A. de C.V.","tipo_gestion":"PRIVADO","criterio_clasificacion":"EVIDENCIA_INSTITUCIONAL_PRIVADA","fuente_revision_gestion":"","nota_revision_gestion":"","estado_id":"9","entidad":"Ciudad de México","municipio_id":"4","municipio":"Cuajimalpa de Morelos","localidad_id":"1","localidad":"Cuajimalpa de Morelos","calle_numero":"Av. Vasco de Quiroga 3800","colonia":"Col. Santa Fe","cp":"1219.0","telefono":"","pagina_web":"","email":"","facebook":"","twitter":"","instagram":"","aforo":"","tipo_escenario":"","num_pantallas":8,"link_sic":"http://sic.gob.mx/ficha.php?table=comp_cine&table_id=467","fecha_modificacion":"2022-09-28 03:22:32-05","es_pilares":"NO","dataset_relacionado":"","revision_manual":"NO","motivo_revision":"","fuente":"Sistema de Información Cultural (SIC)"}},{"type":"Feature","geometry":{"type":"Point","coordinates":[-99.25251,19.38679]},"properties":{"id_cultural":"CINE_93","id_sic":"93","tipo_cultural":"CINE","nombre":"Cinépolis VIP Paseo Arcos Bosques","fecha_fundacion":"1000-01-01","adscripcion_original":"Cinépolis de México, S.A. de C.V.","tipo_gestion":"PRIVADO","criterio_clasificacion":"EVIDENCIA_INSTITUCIONAL_PRIVADA","fuente_revision_gestion":"","nota_revision_gestion":"","estado_id":"9","entidad":"Ciudad de México","municipio_id":"4","municipio":"Cuajimalpa de Morelos","localidad_id":"1","localidad":"Cuajimalpa de Morelos","calle_numero":"Paseo de los Tamarindos 90","colonia":"Col. Bosques de las Lomas","cp":"5120.0","telefono":"","pagina_web":"","email":"","facebook":"","twitter":"","instagram":"","aforo":"","tipo_escenario":"","num_pantallas":12,"link_sic":"http://sic.gob.mx/ficha.php?table=comp_cine&table_id=93","fecha_modificacion":"2022-10-06 05:09:00-05","es_pilares":"NO","dataset_relacionado":"","revision_manual":"NO","motivo_revision":"","fuente":"Sistema de Información Cultural (SIC)"}},{"type":"Feature","geometry":{"type":"Point","coordinates":[-99.28126,19.3427]},"properties":{"id_cultural":"CINE_1064","id_sic":"1064","tipo_cultural":"CINE","nombre":"CineForo Mayahuel","fecha_fundacion":"1000-01-01","adscripcion_original":"Chante de todos","tipo_gestion":"NO_DETERMINADO","criterio_clasificacion":"SIN_EVIDENCIA_SUFICIENTE","fuente_revision_gestion":"","nota_revision_gestion":"","estado_id":"9","entidad":"Ciudad de México","municipio_id":"4","municipio":"Cuajimalpa de Morelos","localidad_id":"1","localidad":"Cuajimalpa de Morelos","calle_numero":"Mina 11","colonia":"Col. San Mateo Tlaltenango","cp":"5600.0","telefono":"","pagina_web":"","email":"","facebook":"","twitter":"","instagram":"","aforo":"","tipo_escenario":"","num_pantallas":0,"link_sic":"http://sic.gob.mx/ficha.php?table=comp_cine&table_id=1064","fecha_modificacion":"2022-08-26 08:59:58-05","es_pilares":"NO","dataset_relacionado":"","revision_manual":"SI","motivo_revision":"La adscripción no contiene información suficiente para clasificarla automáticamente como pública o privada.","fuente":"Sistema de Información Cultural (SIC)"}},{"type":"Feature","geometry":{"type":"Point","coordinates":[-99.09339,19.4853]},"properties":{"id_cultural":"CINE_113","id_sic":"113","tipo_cultural":"CINE","nombre":"Cinépolis Plaza Oriente","fecha_fundacion":"1000-01-01","adscripcion_original":"Cinépolis de México, S.A. de C.V.","tipo_gestion":"PRIVADO","criterio_clasificacion":"EVIDENCIA_INSTITUCIONAL_PRIVADA","fuente_revision_gestion":"","nota_revision_gestion":"","estado_id":"9","entidad":"Ciudad de México","municipio_id":"5","municipio":"Gustavo A. Madero","localidad_id":"1","localidad":"Gustavo A. Madero","calle_numero":"Av. Eduardo Molina 1623 local S-7","colonia":"Col. El Coyol","cp":"7420.0","telefono":"","pagina_web":"","email":"","facebook":"","twitter":"","instagram":"","aforo":"","tipo_escenario":"","num_pantallas":4,"link_sic":"http://sic.gob.mx/ficha.php?table=comp_cine&table_id=113","fecha_modificacion":"2022-09-30 11:05:58-05","es_pilares":"NO","dataset_relacionado":"","revision_manual":"NO","motivo_revision":"","fuente":"Sistema de Información Cultural (SIC)"}},{"type":"Feature","geometry":{"type":"Point","coordinates":[-99.13132,19.48637]},"properties":{"id_cultural":"CINE_110","id_sic":"110","tipo_cultural":"CINE","nombre":"Cinemex Parque Lindavista","fecha_fundacion":"1000-01-01","adscripcion_original":"Cadena Mexicana de Exhibición, S.A. de C.V.","tipo_gestion":"PRIVADO","criterio_clasificacion":"EVIDENCIA_INSTITUCIONAL_PRIVADA","fuente_revision_gestion":"","nota_revision_gestion":"","estado_id":"9","entidad":"Ciudad de México","municipio_id":"5","municipio":"Gustavo A. Madero","localidad_id":"1","localidad":"Gustavo A. Madero","calle_numero":"Calle Colector 13 núm. 280","colonia":"Col. Magdalena de las Salinas","cp":"7760.0","telefono":"","pagina_web":"","email":"","facebook":"","twitter":"","instagram":"","aforo":"","tipo_escenario":"","num_pantallas":11,"link_sic":"http://sic.gob.mx/ficha.php?table=comp_cine&table_id=110","fecha_modificacion":"2022-09-28 03:27:47-05","es_pilares":"NO","dataset_relacionado":"","revision_manual":"NO","motivo_revision":"","fuente":"Sistema de Información Cultural (SIC)"}},{"type":"Feature","geometry":{"type":"Point","coordinates":[-99.13313,19.48383]},"properties":{"id_cultural":"CINE_839","id_sic":"839","tipo_cultural":"CINE","nombre":"Cinépolis VIP Encuentro Fortuna","fecha_fundacion":"1000-01-01","adscripcion_original":"Cinépolis de México, S.A. de C.V.","tipo_gestion":"PRIVADO","criterio_clasificacion":"EVIDENCIA_INSTITUCIONAL_PRIVADA","fuente_revision_gestion":"","nota_revision_gestion":"","estado_id":"9","entidad":"Ciudad de México","municipio_id":"5","municipio":"Gustavo A. Madero","localidad_id":"1","localidad":"Gustavo A. Madero","calle_numero":"Av Fortuna Eje 4 Norte 334","colonia":"Col. Magdalena de las Salinas","cp":"7370.0","telefono":"","pagina_web":"","email":"","facebook":"","twitter":"","instagram":"","aforo":"","tipo_escenario":"","num_pantallas":4,"link_sic":"http://sic.gob.mx/ficha.php?table=comp_cine&table_id=839","fecha_modificacion":"2022-10-05 07:33:03-05","es_pilares":"NO","dataset_relacionado":"","revision_manual":"NO","motivo_revision":"","fuente":"Sistema de Información Cultural (SIC)"}},{"type":"Feature","geometry":{"type":"Point","coordinates":[-99.12128,19.50206]},"properties":{"id_cultural":"CINE_1071","id_sic":"1071","tipo_cultural":"CINE","nombre":"Cinépolis Vista Norte","fecha_fundacion":"1000-01-01","adscripcion_original":"Cinépolis de México, S.A. de C.V.","tipo_gestion":"PRIVADO","criterio_clasificacion":"EVIDENCIA_INSTITUCIONAL_PRIVADA","fuente_revision_gestion":"","nota_revision_gestion":"","estado_id":"9","entidad":"Ciudad de México","municipio_id":"5","municipio":"Gustavo A. Madero","localidad_id":"1","localidad":"Gustavo A. Madero","calle_numero":"Av. Acueducto 650, Plaza Vista Norte","colonia":"Col. Residencial Zacatenco","cp":"7369.0","telefono":"","pagina_web":"","email":"","facebook":"","twitter":"","instagram":"","aforo":"","tipo_escenario":"","num_pantallas":7,"link_sic":"http://sic.gob.mx/ficha.php?table=comp_cine&table_id=1071","fecha_modificacion":"2022-09-30 11:28:57-05","es_pilares":"NO","dataset_relacionado":"","revision_manual":"NO","motivo_revision":"","fuente":"Sistema de Información Cultural (SIC)"}},{"type":"Feature","geometry":{"type":"Point","coordinates":[-99.11872,19.47148]},"properties":{"id_cultural":"CINE_106","id_sic":"106","tipo_cultural":"CINE","nombre":"Cinépolis Plaza Tepeyac","fecha_fundacion":"2000-01-01","adscripcion_original":"Cinépolis de México, S.A. de C.V.","tipo_gestion":"PRIVADO","criterio_clasificacion":"EVIDENCIA_INSTITUCIONAL_PRIVADA","fuente_revision_gestion":"","nota_revision_gestion":"","estado_id":"9","entidad":"Ciudad de México","municipio_id":"5","municipio":"Gustavo A. Madero","localidad_id":"1","localidad":"Gustavo A. Madero","calle_numero":"Calz. de Guadalupe 431","colonia":"Col. Guadalupe Tepeyac","cp":"7840.0","telefono":"","pagina_web":"","email":"","facebook":"","twitter":"","instagram":"","aforo":"","tipo_escenario":"","num_pantallas":6,"link_sic":"http://sic.gob.mx/ficha.php?table=comp_cine&table_id=106","fecha_modificacion":"2022-10-05 06:06:32-05","es_pilares":"NO","dataset_relacionado":"","revision_manual":"NO","motivo_revision":"","fuente":"Sistema de Información Cultural (SIC)"}},{"type":"Feature","geometry":{"type":"Point","coordinates":[-99.127,19.4617]},"properties":{"id_cultural":"CINE_109","id_sic":"109","tipo_cultural":"CINE","nombre":"Cinemex Misterios","fecha_fundacion":"1000-01-01","adscripcion_original":"Cadena Mexicana de Exhibición, S.A. de C.V.","tipo_gestion":"PRIVADO","criterio_clasificacion":"EVIDENCIA_INSTITUCIONAL_PRIVADA","fuente_revision_gestion":"","nota_revision_gestion":"","estado_id":"9","entidad":"Ciudad de México","municipio_id":"5","municipio":"Gustavo A. Madero","localidad_id":"1","localidad":"Gustavo A. Madero","calle_numero":"Río Consulado 1688 esq. Calz. Misterios y Calz. Guadalupe","colonia":"Col. Vallejo","cp":"7870.0","telefono":"","pagina_web":"","email":"","facebook":"","twitter":"","instagram":"","aforo":"","tipo_escenario":"","num_pantallas":10,"link_sic":"http://sic.gob.mx/ficha.php?table=comp_cine&table_id=109","fecha_modificacion":"2022-09-27 07:03:29-05","es_pilares":"NO","dataset_relacionado":"","revision_manual":"NO","motivo_revision":"","fuente":"Sistema de Información Cultural (SIC)"}},{"type":"Feature","geometry":{"type":"Point","coordinates":[-99.15632,19.52978]},"properties":{"id_cultural":"CINE_107","id_sic":"107","tipo_cultural":"CINE","nombre":"Cinemex Tenayuca","fecha_fundacion":"2000-01-01","adscripcion_original":"Cadena Mexicana de Exhibición, S.A. de C.V.","tipo_gestion":"PRIVADO","criterio_clasificacion":"EVIDENCIA_INSTITUCIONAL_PRIVADA","fuente_revision_gestion":"","nota_revision_gestion":"","estado_id":"9","entidad":"Ciudad de México","municipio_id":"5","municipio":"Gustavo A. Madero","localidad_id":"1","localidad":"Gustavo A. Madero","calle_numero":"Av. La Ventisca 100","colonia":"Col. U.H. Unidad Croc Solidaridad","cp":"7268.0","telefono":"","pagina_web":"","email":"","facebook":"","twitter":"","instagram":"","aforo":"","tipo_escenario":"","num_pantallas":9,"link_sic":"http://sic.gob.mx/ficha.php?table=comp_cine&table_id=107","fecha_modificacion":"2023-10-13 11:31:27-06","es_pilares":"NO","dataset_relacionado":"","revision_manual":"NO","motivo_revision":"","fuente":"Sistema de Información Cultural (SIC)"}},{"type":"Feature","geometry":{"type":"Point","coordinates":[-99.0955,19.4807]},"properties":{"id_cultural":"CINE_108","id_sic":"108","tipo_cultural":"CINE","nombre":"Cinemex Aragón","fecha_fundacion":"1000-01-01","adscripcion_original":"Cadena Mexicana de Exhibición, S.A. de C.V.","tipo_gestion":"PRIVADO","criterio_clasificacion":"EVIDENCIA_INSTITUCIONAL_PRIVADA","fuente_revision_gestion":"","nota_revision_gestion":"","estado_id":"9","entidad":"Ciudad de México","municipio_id":"5","municipio":"Gustavo A. Madero","localidad_id":"1","localidad":"Gustavo A. Madero","calle_numero":"Calz. San Juan de Aragón 516","colonia":"Col. DM Nacional","cp":"7070.0","telefono":"","pagina_web":"","email":"","facebook":"","twitter":"","instagram":"","aforo":"","tipo_escenario":"","num_pantallas":12,"link_sic":"http://sic.gob.mx/ficha.php?table=comp_cine&table_id=108","fecha_modificacion":"2022-09-27 06:37:52-05","es_pilares":"NO","dataset_relacionado":"","revision_manual":"NO","motivo_revision":"","fuente":"Sistema de Información Cultural (SIC)"}},{"type":"Feature","geometry":{"type":"Point","coordinates":[-99.13216,19.48361]},"properties":{"id_cultural":"CINE_576","id_sic":"576","tipo_cultural":"CINE","nombre":"Cinépolis Encuentro Fortuna","fecha_fundacion":"1000-01-01","adscripcion_original":"Cinépolis de México, S.A. de C.V.","tipo_gestion":"PRIVADO","criterio_clasificacion":"EVIDENCIA_INSTITUCIONAL_PRIVADA","fuente_revision_gestion":"","nota_revision_gestion":"","estado_id":"9","entidad":"Ciudad de México","municipio_id":"5","municipio":"Gustavo A. Madero","localidad_id":"1","localidad":"Gustavo A. Madero","calle_numero":"Av Fortuna 334","colonia":"Col. Magdalena de las Salinas","cp":"7760.0","telefono":"","pagina_web":"","email":"","facebook":"","twitter":"","instagram":"","aforo":"","tipo_escenario":"","num_pantallas":8,"link_sic":"http://sic.gob.mx/ficha.php?table=comp_cine&table_id=576","fecha_modificacion":"2022-09-30 10:46:06-05","es_pilares":"NO","dataset_relacionado":"","revision_manual":"NO","motivo_revision":"","fuente":"Sistema de Información Cultural (SIC)"}},{"type":"Feature","geometry":{"type":"Point","coordinates":[-99.14212,19.51741]},"properties":{"id_cultural":"CINE_111","id_sic":"111","tipo_cultural":"CINE","nombre":"Cinemex Atana Lindavista","fecha_fundacion":"2000-01-01","adscripcion_original":"Cadena Mexicana de Exhibición, S.A. de C.V.","tipo_gestion":"PRIVADO","criterio_clasificacion":"EVIDENCIA_INSTITUCIONAL_PRIVADA","fuente_revision_gestion":"","nota_revision_gestion":"","estado_id":"9","entidad":"Ciudad de México","municipio_id":"5","municipio":"Gustavo A. Madero","localidad_id":"1","localidad":"Gustavo A. Madero","calle_numero":"Av. Escuadrón 201 núm. 200","colonia":"Col.  La Purísima Ticomán","cp":"55400.0","telefono":"","pagina_web":"","email":"","facebook":"","twitter":"","instagram":"","aforo":"","tipo_escenario":"","num_pantallas":14,"link_sic":"http://sic.gob.mx/ficha.php?table=comp_cine&table_id=111","fecha_modificacion":"2022-08-08 08:52:57-05","es_pilares":"NO","dataset_relacionado":"","revision_manual":"NO","motivo_revision":"","fuente":"Sistema de Información Cultural (SIC)"}},{"type":"Feature","geometry":{"type":"Point","coordinates":[-99.14368,19.50638]},"properties":{"id_cultural":"CINE_112","id_sic":"112","tipo_cultural":"CINE","nombre":"Cinépolis Torres Lindavista","fecha_fundacion":"1000-01-01","adscripcion_original":"Cinépolis de México, S.A. de C.V.","tipo_gestion":"PRIVADO","criterio_clasificacion":"EVIDENCIA_INSTITUCIONAL_PRIVADA","fuente_revision_gestion":"","nota_revision_gestion":"","estado_id":"9","entidad":"Ciudad de México","municipio_id":"5","municipio":"Gustavo A. Madero","localidad_id":"1","localidad":"Gustavo A. Madero","calle_numero":"Av. Othón Mendizábal Oriente 343 esq. Av. del Carrizo y Juan de Dios Bátiz","colonia":"Col. Nueva Industrial Vallejo","cp":"7700.0","telefono":"","pagina_web":"","email":"","facebook":"","twitter":"","instagram":"","aforo":"","tipo_escenario":"","num_pantallas":10,"link_sic":"http://sic.gob.mx/ficha.php?table=comp_cine&table_id=112","fecha_modificacion":"2022-10-05 06:15:30-05","es_pilares":"NO","dataset_relacionado":"","revision_manual":"NO","motivo_revision":"","fuente":"Sistema de Información Cultural (SIC)"}},{"type":"Feature","geometry":{"type":"Point","coordinates":[-99.10824,19.40615]},"properties":{"id_cultural":"CINE_1122","id_sic":"1122","tipo_cultural":"CINE","nombre":"Cinépolis Viaducto","fecha_fundacion":"1000-01-01","adscripcion_original":"Cinépolis de México, S.A. de C.V.","tipo_gestion":"PRIVADO","criterio_clasificacion":"EVIDENCIA_INSTITUCIONAL_PRIVADA","fuente_revision_gestion":"","nota_revision_gestion":"","estado_id":"9","entidad":"Ciudad de México","municipio_id":"6","municipio":"Iztacalco","localidad_id":"1","localidad":"Iztacalco","calle_numero":"Viaducto Río de la Piedad  515","colonia":"Col. Granjas","cp":"8400.0","telefono":"","pagina_web":"","email":"","facebook":"","twitter":"","instagram":"","aforo":"","tipo_escenario":"","num_pantallas":0,"link_sic":"http://sic.gob.mx/ficha.php?table=comp_cine&table_id=1122","fecha_modificacion":"2022-10-10 05:50:53-05","es_pilares":"NO","dataset_relacionado":"","revision_manual":"NO","motivo_revision":"","fuente":"Sistema de Información Cultural (SIC)"}},{"type":"Feature","geometry":{"type":"Point","coordinates":[-99.09516,19.37666]},"properties":{"id_cultural":"CINE_120","id_sic":"120","tipo_cultural":"CINE","nombre":"Cinépolis Plaza Central","fecha_fundacion":"2000-01-01","adscripcion_original":"Cinépolis de México, S.A. de C.V.","tipo_gestion":"PRIVADO","criterio_clasificacion":"EVIDENCIA_INSTITUCIONAL_PRIVADA","fuente_revision_gestion":"","nota_revision_gestion":"","estado_id":"9","entidad":"Ciudad de México","municipio_id":"7","municipio":"Iztapalapa","localidad_id":"1","localidad":"Iztapalapa","calle_numero":"Av. Canal del Río Churubusco 1635","colonia":"Col. Central de Abasto","cp":"9040.0","telefono":"","pagina_web":"","email":"","facebook":"","twitter":"","instagram":"","aforo":"","tipo_escenario":"","num_pantallas":16,"link_sic":"http://sic.gob.mx/ficha.php?table=comp_cine&table_id=120","fecha_modificacion":"2022-09-28 09:40:12-05","es_pilares":"NO","dataset_relacionado":"","revision_manual":"NO","motivo_revision":"","fuente":"Sistema de Información Cultural (SIC)"}},{"type":"Feature","geometry":{"type":"Point","coordinates":[-99.0179,19.34765]},"properties":{"id_cultural":"CINE_187","id_sic":"187","tipo_cultural":"CINE","nombre":"Cinépolis Ermita","fecha_fundacion":"1000-01-01","adscripcion_original":"Cinépolis de México, S.A. de C.V.","tipo_gestion":"PRIVADO","criterio_clasificacion":"EVIDENCIA_INSTITUCIONAL_PRIVADA","fuente_revision_gestion":"","nota_revision_gestion":"","estado_id":"9","entidad":"Ciudad de México","municipio_id":"7","municipio":"Iztapalapa","localidad_id":"1","localidad":"Iztapalapa","calle_numero":"Calz. Ermita Iztapalapa 3417","colonia":"Col. Xalpa","cp":"9640.0","telefono":"","pagina_web":"","email":"","facebook":"","twitter":"","instagram":"","aforo":"","tipo_escenario":"","num_pantallas":12,"link_sic":"http://sic.gob.mx/ficha.php?table=comp_cine&table_id=187","fecha_modificacion":"2022-09-28 09:36:39-05","es_pilares":"NO","dataset_relacionado":"","revision_manual":"NO","motivo_revision":"","fuente":"Sistema de Información Cultural (SIC)"}},{"type":"Feature","geometry":{"type":"Point","coordinates":[-99.02895,19.38052]},"properties":{"id_cultural":"CINE_119","id_sic":"119","tipo_cultural":"CINE","nombre":"Cinemex Zaragoza","fecha_fundacion":"2002-01-01","adscripcion_original":"Cadena Mexicana de Exhibición, S.A. de C.V.","tipo_gestion":"PRIVADO","criterio_clasificacion":"EVIDENCIA_INSTITUCIONAL_PRIVADA","fuente_revision_gestion":"","nota_revision_gestion":"","estado_id":"9","entidad":"Ciudad de México","municipio_id":"7","municipio":"Iztapalapa","localidad_id":"1","localidad":"Iztapalapa","calle_numero":"Calz. Ignacio Zaragoza 2221","colonia":"Col. El Paraíso","cp":"9230.0","telefono":"","pagina_web":"","email":"","facebook":"","twitter":"","instagram":"","aforo":"","tipo_escenario":"","num_pantallas":12,"link_sic":"http://sic.gob.mx/ficha.php?table=comp_cine&table_id=119","fecha_modificacion":"2022-09-27 07:39:39-05","es_pilares":"NO","dataset_relacionado":"","revision_manual":"NO","motivo_revision":"","fuente":"Sistema de Información Cultural (SIC)"}},{"type":"Feature","geometry":{"type":"Point","coordinates":[-99.04929,19.39121]},"properties":{"id_cultural":"CINE_475","id_sic":"475","tipo_cultural":"CINE","nombre":"Cinemex Vía San Juan","fecha_fundacion":"1000-01-01","adscripcion_original":"Cadena Mexicana de Exhibición, S.A. de C.V.","tipo_gestion":"PRIVADO","criterio_clasificacion":"EVIDENCIA_INSTITUCIONAL_PRIVADA","fuente_revision_gestion":"","nota_revision_gestion":"","estado_id":"9","entidad":"Ciudad de México","municipio_id":"7","municipio":"Iztapalapa","localidad_id":"1","localidad":"Iztapalapa","calle_numero":"Ignacio Zaragoza 1433 y 2717","colonia":"Col. Tepalcates","cp":"9210.0","telefono":"","pagina_web":"","email":"","facebook":"","twitter":"","instagram":"","aforo":"","tipo_escenario":"","num_pantallas":7,"link_sic":"http://sic.gob.mx/ficha.php?table=comp_cine&table_id=475","fecha_modificacion":"2022-09-28 03:23:52-05","es_pilares":"NO","dataset_relacionado":"","revision_manual":"NO","motivo_revision":"","fuente":"Sistema de Información Cultural (SIC)"}},{"type":"Feature","geometry":{"type":"Point","coordinates":[-99.12153,19.38065]},"properties":{"id_cultural":"CINE_474","id_sic":"474","tipo_cultural":"CINE","nombre":"Cinemex La Viga","fecha_fundacion":"1000-01-01","adscripcion_original":"Cadena Mexicana de Exhibición, S.A. de C.V.","tipo_gestion":"PRIVADO","criterio_clasificacion":"EVIDENCIA_INSTITUCIONAL_PRIVADA","fuente_revision_gestion":"","nota_revision_gestion":"","estado_id":"9","entidad":"Ciudad de México","municipio_id":"7","municipio":"Iztapalapa","localidad_id":"1","localidad":"Iztapalapa","calle_numero":"Calz. de La Viga 1150","colonia":"Col. Apatlaco","cp":"5349.0","telefono":"","pagina_web":"","email":"","facebook":"","twitter":"","instagram":"","aforo":"","tipo_escenario":"","num_pantallas":12,"link_sic":"http://sic.gob.mx/ficha.php?table=comp_cine&table_id=474","fecha_modificacion":"2022-09-27 07:32:30-05","es_pilares":"NO","dataset_relacionado":"","revision_manual":"NO","motivo_revision":"","fuente":"Sistema de Información Cultural (SIC)"}},{"type":"Feature","geometry":{"type":"Point","coordinates":[-99.09434,19.32132]},"properties":{"id_cultural":"CINE_121","id_sic":"121","tipo_cultural":"CINE","nombre":"Cinemex Lomas Estrella","fecha_fundacion":"1000-01-01","adscripcion_original":"Cadena Mexicana de Exhibición, S.A. de C.V.","tipo_gestion":"PRIVADO","criterio_clasificacion":"EVIDENCIA_INSTITUCIONAL_PRIVADA","fuente_revision_gestion":"","nota_revision_gestion":"","estado_id":"9","entidad":"Ciudad de México","municipio_id":"7","municipio":"Iztapalapa","localidad_id":"1","localidad":"Iztapalapa","calle_numero":"Av. Tláhuac 4409","colonia":"Col. Lomas Estrella","cp":"9890.0","telefono":"","pagina_web":"","email":"","facebook":"","twitter":"","instagram":"","aforo":"","tipo_escenario":"","num_pantallas":12,"link_sic":"http://sic.gob.mx/ficha.php?table=comp_cine&table_id=121","fecha_modificacion":"2022-09-27 06:58:18-05","es_pilares":"NO","dataset_relacionado":"","revision_manual":"NO","motivo_revision":"","fuente":"Sistema de Información Cultural (SIC)"}},{"type":"Feature","geometry":{"type":"Point","coordinates":[-99.05915,19.38007]},"properties":{"id_cultural":"CINE_118","id_sic":"118","tipo_cultural":"CINE","nombre":"Cinemex Iztapalapa","fecha_fundacion":"1000-01-01","adscripcion_original":"Cadena Mexicana de Exhibición, S.A. de C.V.","tipo_gestion":"PRIVADO","criterio_clasificacion":"EVIDENCIA_INSTITUCIONAL_PRIVADA","fuente_revision_gestion":"","nota_revision_gestion":"","estado_id":"9","entidad":"Ciudad de México","municipio_id":"7","municipio":"Iztapalapa","localidad_id":"1","localidad":"Iztapalapa","calle_numero":"Perif. Arco Oriente 2141","colonia":"Col. Ejército Constitucionalista","cp":"9220.0","telefono":"","pagina_web":"","email":"","facebook":"","twitter":"","instagram":"","aforo":"","tipo_escenario":"","num_pantallas":12,"link_sic":"http://sic.gob.mx/ficha.php?table=comp_cine&table_id=118","fecha_modificacion":"2022-09-28 03:25:26-05","es_pilares":"NO","dataset_relacionado":"","revision_manual":"NO","motivo_revision":"","fuente":"Sistema de Información Cultural (SIC)"}},{"type":"Feature","geometry":{"type":"Point","coordinates":[-99.06059,19.30573]},"properties":{"id_cultural":"CINE_958","id_sic":"958","tipo_cultural":"CINE","nombre":"Cinemex Tláhuac 2000","fecha_fundacion":"1000-01-01","adscripcion_original":"","tipo_gestion":"NO_DETERMINADO","criterio_clasificacion":"SIN_ADSCRIPCION","fuente_revision_gestion":"","nota_revision_gestion":"","estado_id":"9","entidad":"Ciudad de México","municipio_id":"7","municipio":"Iztapalapa","localidad_id":"1","localidad":"Iztapalapa","calle_numero":"Av. Tláhuac 5662","colonia":"Col. San Lorenzo Tezonco","cp":"9790.0","telefono":"","pagina_web":"","email":"","facebook":"","twitter":"","instagram":"","aforo":"","tipo_escenario":"","num_pantallas":0,"link_sic":"http://sic.gob.mx/ficha.php?table=comp_cine&table_id=958","fecha_modificacion":"2022-08-28 15:53:55-05","es_pilares":"NO","dataset_relacionado":"","revision_manual":"SI","motivo_revision":"No existe adscripción disponible para determinar el tipo de gestión.","fuente":"Sistema de Información Cultural (SIC)"}},{"type":"Feature","geometry":{"type":"Point","coordinates":[-99.08051,19.31925]},"properties":{"id_cultural":"CINE_1196","id_sic":"1196","tipo_cultural":"CINE","nombre":"CineStar Tlahuac","fecha_fundacion":"1000-01-01","adscripcion_original":"Cinestar Corporation S.A. de C.V.","tipo_gestion":"PRIVADO","criterio_clasificacion":"EVIDENCIA_INSTITUCIONAL_PRIVADA","fuente_revision_gestion":"","nota_revision_gestion":"","estado_id":"9","entidad":"Ciudad de México","municipio_id":"7","municipio":"Iztapalapa","localidad_id":"1","localidad":"Iztapalapa","calle_numero":"Av. Tlahuac 4746-3","colonia":"Col. Granjas Estrella","cp":"9880.0","telefono":"","pagina_web":"","email":"","facebook":"","twitter":"","instagram":"","aforo":"","tipo_escenario":"","num_pantallas":0,"link_sic":"http://sic.gob.mx/ficha.php?table=comp_cine&table_id=1196","fecha_modificacion":"2024-01-31 08:28:44-06","es_pilares":"NO","dataset_relacionado":"","revision_manual":"NO","motivo_revision":"","fuente":"Sistema de Información Cultural (SIC)"}},{"type":"Feature","geometry":{"type":"Point","coordinates":[-99.06057,19.30579]},"properties":{"id_cultural":"CINE_117","id_sic":"117","tipo_cultural":"CINE","nombre":"Cinemex Tláhuac","fecha_fundacion":"1000-01-01","adscripcion_original":"Cadena Mexicana de Exhibición, S.A. de C.V.","tipo_gestion":"PRIVADO","criterio_clasificacion":"EVIDENCIA_INSTITUCIONAL_PRIVADA","fuente_revision_gestion":"","nota_revision_gestion":"","estado_id":"9","entidad":"Ciudad de México","municipio_id":"7","municipio":"Iztapalapa","localidad_id":"1","localidad":"Iztapalapa","calle_numero":"Av. Tláhuac 5662","colonia":"Col. San Lorenzo Tezonco","cp":"9790.0","telefono":"","pagina_web":"","email":"","facebook":"","twitter":"","instagram":"","aforo":"","tipo_escenario":"","num_pantallas":10,"link_sic":"http://sic.gob.mx/ficha.php?table=comp_cine&table_id=117","fecha_modificacion":"2022-09-27 04:13:40-05","es_pilares":"NO","dataset_relacionado":"","revision_manual":"NO","motivo_revision":"","fuente":"Sistema de Información Cultural (SIC)"}},{"type":"Feature","geometry":{"type":"Point","coordinates":[-99.12102,19.36866]},"properties":{"id_cultural":"CINE_1038","id_sic":"1038","tipo_cultural":"CINE","nombre":"Cinépolis Xtreme Churubusco","fecha_fundacion":"1000-01-01","adscripcion_original":"Cinépolis de México, S.A. de C.V.","tipo_gestion":"PRIVADO","criterio_clasificacion":"EVIDENCIA_INSTITUCIONAL_PRIVADA","fuente_revision_gestion":"","nota_revision_gestion":"","estado_id":"9","entidad":"Ciudad de México","municipio_id":"7","municipio":"Iztapalapa","localidad_id":"1","localidad":"Iztapalapa","calle_numero":"Calz. La Viga 1479","colonia":"Col. El Retoño","cp":"9440.0","telefono":"","pagina_web":"","email":"","facebook":"","twitter":"","instagram":"","aforo":"","tipo_escenario":"","num_pantallas":3,"link_sic":"http://sic.gob.mx/ficha.php?table=comp_cine&table_id=1038","fecha_modificacion":"2022-10-05 08:33:34-05","es_pilares":"NO","dataset_relacionado":"","revision_manual":"NO","motivo_revision":"","fuente":"Sistema de Información Cultural (SIC)"}},{"type":"Feature","geometry":{"type":"Point","coordinates":[-99.08054,19.38334]},"properties":{"id_cultural":"CINE_473","id_sic":"473","tipo_cultural":"CINE","nombre":"Cinemex Plaza Oriente","fecha_fundacion":"1000-01-01","adscripcion_original":"Cadena Mexicana de Exhibición, S.A. de C.V.","tipo_gestion":"PRIVADO","criterio_clasificacion":"EVIDENCIA_INSTITUCIONAL_PRIVADA","fuente_revision_gestion":"","nota_revision_gestion":"","estado_id":"9","entidad":"Ciudad de México","municipio_id":"7","municipio":"Iztapalapa","localidad_id":"1","localidad":"Iztapalapa","calle_numero":"Av. Canal del Tezontle 1520","colonia":"Col. Dr. Alfonso Ortíz Tirado","cp":"9020.0","telefono":"","pagina_web":"","email":"","facebook":"","twitter":"","instagram":"","aforo":"","tipo_escenario":"","num_pantallas":10,"link_sic":"http://sic.gob.mx/ficha.php?table=comp_cine&table_id=473","fecha_modificacion":"2022-09-27 07:35:38-05","es_pilares":"NO","dataset_relacionado":"","revision_manual":"NO","motivo_revision":"","fuente":"Sistema de Información Cultural (SIC)"}},{"type":"Feature","geometry":{"type":"Point","coordinates":[-99.07468,19.31296]},"properties":{"id_cultural":"CINE_960","id_sic":"960","tipo_cultural":"CINE","nombre":"Cinépolis Las Antenas","fecha_fundacion":"1000-01-01","adscripcion_original":"Cinépolis de México, S.A. de C.V.","tipo_gestion":"PRIVADO","criterio_clasificacion":"EVIDENCIA_INSTITUCIONAL_PRIVADA","fuente_revision_gestion":"","nota_revision_gestion":"","estado_id":"9","entidad":"Ciudad de México","municipio_id":"7","municipio":"Iztapalapa","localidad_id":"1","localidad":"Iztapalapa","calle_numero":"Periférico 3278","colonia":"Col. La Esperanza","cp":"9910.0","telefono":"","pagina_web":"","email":"","facebook":"","twitter":"","instagram":"","aforo":"","tipo_escenario":"","num_pantallas":12,"link_sic":"http://sic.gob.mx/ficha.php?table=comp_cine&table_id=960","fecha_modificacion":"2022-09-30 03:39:51-05","es_pilares":"NO","dataset_relacionado":"","revision_manual":"NO","motivo_revision":"","fuente":"Sistema de Información Cultural (SIC)"}},{"type":"Feature","geometry":{"type":"Point","coordinates":[-99.12105,19.36867]},"properties":{"id_cultural":"CINE_114","id_sic":"114","tipo_cultural":"CINE","nombre":"Cinépolis Portal Churubusco","fecha_fundacion":"1000-01-01","adscripcion_original":"Cinépolis de México, S.A. de C.V.","tipo_gestion":"PRIVADO","criterio_clasificacion":"EVIDENCIA_INSTITUCIONAL_PRIVADA","fuente_revision_gestion":"","nota_revision_gestion":"","estado_id":"9","entidad":"Ciudad de México","municipio_id":"7","municipio":"Iztapalapa","localidad_id":"1","localidad":"Iztapalapa","calle_numero":"Av. Río Churubusco 583","colonia":"Col. Sector Popular","cp":"9060.0","telefono":"","pagina_web":"","email":"","facebook":"","twitter":"","instagram":"","aforo":"","tipo_escenario":"","num_pantallas":10,"link_sic":"http://sic.gob.mx/ficha.php?table=comp_cine&table_id=114","fecha_modificacion":"2022-09-30 11:48:09-05","es_pilares":"NO","dataset_relacionado":"","revision_manual":"NO","motivo_revision":"","fuente":"Sistema de Información Cultural (SIC)"}},{"type":"Feature","geometry":{"type":"Point","coordinates":[-99.08324,19.38214]},"properties":{"id_cultural":"CINE_116","id_sic":"116","tipo_cultural":"CINE","nombre":"Cinemex Tezontle","fecha_fundacion":"1000-01-01","adscripcion_original":"Cadena Mexicana de Exhibición, S.A. de C.V.","tipo_gestion":"PRIVADO","criterio_clasificacion":"EVIDENCIA_INSTITUCIONAL_PRIVADA","fuente_revision_gestion":"","nota_revision_gestion":"","estado_id":"9","entidad":"Ciudad de México","municipio_id":"7","municipio":"Iztapalapa","localidad_id":"1","localidad":"Iztapalapa","calle_numero":"Av. Canal de Tezontle 1512","colonia":"Col. Dr. Alfonso Ortiz Tirado","cp":"9020.0","telefono":"","pagina_web":"","email":"","facebook":"","twitter":"","instagram":"","aforo":"","tipo_escenario":"","num_pantallas":10,"link_sic":"http://sic.gob.mx/ficha.php?table=comp_cine&table_id=116","fecha_modificacion":"2022-09-27 06:59:17-05","es_pilares":"NO","dataset_relacionado":"","revision_manual":"NO","motivo_revision":"","fuente":"Sistema de Información Cultural (SIC)"}},{"type":"Feature","geometry":{"type":"Point","coordinates":[-99.21175,19.33149]},"properties":{"id_cultural":"CINE_1185","id_sic":"1185","tipo_cultural":"CINE","nombre":"Cine Linterna Mágica","fecha_fundacion":"2023-01-19","adscripcion_original":"Instituto Mexicano del Seguro Social (IMSS)","tipo_gestion":"PUBLICO","criterio_clasificacion":"EVIDENCIA_INSTITUCIONAL_PUBLICA","fuente_revision_gestion":"","nota_revision_gestion":"","estado_id":"9","entidad":"Ciudad de México","municipio_id":"8","municipio":"La Magdalena Contreras","localidad_id":"1","localidad":"La Magdalena Contreras","calle_numero":"Periférico Sur, Glorieta de San Jerónimo","colonia":"Col. Puente Sierra","cp":"10100.0","telefono":"","pagina_web":"","email":"","facebook":"","twitter":"","instagram":"","aforo":"","tipo_escenario":"","num_pantallas":3,"link_sic":"http://sic.gob.mx/ficha.php?table=comp_cine&table_id=1185","fecha_modificacion":"2023-02-10 06:22:38-06","es_pilares":"NO","dataset_relacionado":"","revision_manual":"NO","motivo_revision":"","fuente":"Sistema de Información Cultural (SIC)"}},{"type":"Feature","geometry":{"type":"Point","coordinates":[-99.184,19.35978]},"properties":{"id_cultural":"CINE_916","id_sic":"916","tipo_cultural":"CINE","nombre":"Autocinema Coyote, Insurgentes","fecha_fundacion":"1000-01-01","adscripcion_original":"Autocinema Coyote SA de CV","tipo_gestion":"PRIVADO","criterio_clasificacion":"EVIDENCIA_INSTITUCIONAL_PRIVADA","fuente_revision_gestion":"","nota_revision_gestion":"","estado_id":"9","entidad":"Ciudad de México","municipio_id":"10","municipio":"Álvaro Obregón","localidad_id":"1","localidad":"Álvaro Obregón","calle_numero":"Av. de los Insurgentes Sur 1729","colonia":"Col. Guadalupe Inn","cp":"1020.0","telefono":"","pagina_web":"","email":"","facebook":"","twitter":"","instagram":"","aforo":"","tipo_escenario":"","num_pantallas":1,"link_sic":"http://sic.gob.mx/ficha.php?table=comp_cine&table_id=916","fecha_modificacion":"2022-10-14 05:06:47-05","es_pilares":"NO","dataset_relacionado":"","revision_manual":"NO","motivo_revision":"","fuente":"Sistema de Información Cultural (SIC)"}},{"type":"Feature","geometry":{"type":"Point","coordinates":[-99.19132,19.34186]},"properties":{"id_cultural":"CINE_575","id_sic":"575","tipo_cultural":"CINE","nombre":"Cinemex Patio Revolución Platino","fecha_fundacion":"1000-01-01","adscripcion_original":"Cadena Mexicana de Exhibición, S.A. de C.V.","tipo_gestion":"PRIVADO","criterio_clasificacion":"EVIDENCIA_INSTITUCIONAL_PRIVADA","fuente_revision_gestion":"","nota_revision_gestion":"","estado_id":"9","entidad":"Ciudad de México","municipio_id":"10","municipio":"Álvaro Obregón","localidad_id":"1","localidad":"Álvaro Obregón","calle_numero":"Av. Revolución 1837","colonia":"Col. San Ángel","cp":"1000.0","telefono":"","pagina_web":"","email":"","facebook":"","twitter":"","instagram":"","aforo":"","tipo_escenario":"","num_pantallas":6,"link_sic":"http://sic.gob.mx/ficha.php?table=comp_cine&table_id=575","fecha_modificacion":"2022-09-28 03:12:36-05","es_pilares":"NO","dataset_relacionado":"","revision_manual":"NO","motivo_revision":"","fuente":"Sistema de Información Cultural (SIC)"}},{"type":"Feature","geometry":{"type":"Point","coordinates":[-99.19397,19.33953]},"properties":{"id_cultural":"CINE_79","id_sic":"79","tipo_cultural":"CINE","nombre":"Cinemex Loreto","fecha_fundacion":"1000-01-01","adscripcion_original":"Cadena Mexicana de Exhibición, S.A. de C.V.","tipo_gestion":"PRIVADO","criterio_clasificacion":"EVIDENCIA_INSTITUCIONAL_PRIVADA","fuente_revision_gestion":"","nota_revision_gestion":"","estado_id":"9","entidad":"Ciudad de México","municipio_id":"10","municipio":"Álvaro Obregón","localidad_id":"1","localidad":"Álvaro Obregón","calle_numero":"Altamirano 46","colonia":"Col. Tizapan San Ángel","cp":"1090.0","telefono":"","pagina_web":"","email":"","facebook":"","twitter":"","instagram":"","aforo":"","tipo_escenario":"","num_pantallas":9,"link_sic":"http://sic.gob.mx/ficha.php?table=comp_cine&table_id=79","fecha_modificacion":"2025-08-29 12:24:22-06","es_pilares":"NO","dataset_relacionado":"","revision_manual":"NO","motivo_revision":"","fuente":"Sistema de Información Cultural (SIC)"}},{"type":"Feature","geometry":{"type":"Point","coordinates":[-99.19136,19.36078]},"properties":{"id_cultural":"CINE_579","id_sic":"579","tipo_cultural":"CINE","nombre":"Cinépolis Portal San Ángel","fecha_fundacion":"1000-01-01","adscripcion_original":"Cinépolis de México, S.A. de C.V.","tipo_gestion":"PRIVADO","criterio_clasificacion":"EVIDENCIA_INSTITUCIONAL_PRIVADA","fuente_revision_gestion":"","nota_revision_gestion":"","estado_id":"9","entidad":"Ciudad de México","municipio_id":"10","municipio":"Álvaro Obregón","localidad_id":"1","localidad":"Álvaro Obregón","calle_numero":"Av. Revolución 1267","colonia":"Col. Los Alpes","cp":"1010.0","telefono":"","pagina_web":"","email":"","facebook":"","twitter":"","instagram":"","aforo":"","tipo_escenario":"","num_pantallas":12,"link_sic":"http://sic.gob.mx/ficha.php?table=comp_cine&table_id=579","fecha_modificacion":"2022-09-30 12:49:53-05","es_pilares":"NO","dataset_relacionado":"","revision_manual":"NO","motivo_revision":"","fuente":"Sistema de Información Cultural (SIC)"}},{"type":"Feature","geometry":{"type":"Point","coordinates":[-99.25933,19.3648]},"properties":{"id_cultural":"CINE_451","id_sic":"451","tipo_cultural":"CINE","nombre":"Cinemex Park Plaza Platino","fecha_fundacion":"1000-01-01","adscripcion_original":"Cadena Mexicana de Exhibición, S.A. de C.V.","tipo_gestion":"PRIVADO","criterio_clasificacion":"EVIDENCIA_INSTITUCIONAL_PRIVADA","fuente_revision_gestion":"","nota_revision_gestion":"","estado_id":"9","entidad":"Ciudad de México","municipio_id":"10","municipio":"Álvaro Obregón","localidad_id":"1","localidad":"Álvaro Obregón","calle_numero":"Javier Barros Sierra 540","colonia":"Col. Santa Fe","cp":"1210.0","telefono":"","pagina_web":"","email":"","facebook":"","twitter":"","instagram":"","aforo":"","tipo_escenario":"","num_pantallas":4,"link_sic":"http://sic.gob.mx/ficha.php?table=comp_cine&table_id=451","fecha_modificacion":"2022-09-28 03:06:46-05","es_pilares":"NO","dataset_relacionado":"","revision_manual":"NO","motivo_revision":"","fuente":"Sistema de Información Cultural (SIC)"}},{"type":"Feature","geometry":{"type":"Point","coordinates":[-99.25528,19.37677]},"properties":{"id_cultural":"CINE_432","id_sic":"432","tipo_cultural":"CINE","nombre":"Cinépolis Patio Santa Fe","fecha_fundacion":"2013-12-19","adscripcion_original":"Cinépolis de México, S.A. de C.V.","tipo_gestion":"PRIVADO","criterio_clasificacion":"EVIDENCIA_INSTITUCIONAL_PRIVADA","fuente_revision_gestion":"","nota_revision_gestion":"","estado_id":"9","entidad":"Ciudad de México","municipio_id":"10","municipio":"Álvaro Obregón","localidad_id":"1","localidad":"Álvaro Obregón","calle_numero":"Av. Prol. Paseo de la Reforma 400","colonia":"Col. Santa Fe Peña Blanca","cp":"1376.0","telefono":"","pagina_web":"","email":"","facebook":"","twitter":"","instagram":"","aforo":"","tipo_escenario":"","num_pantallas":12,"link_sic":"http://sic.gob.mx/ficha.php?table=comp_cine&table_id=432","fecha_modificacion":"2022-09-30 12:25:20-05","es_pilares":"NO","dataset_relacionado":"","revision_manual":"NO","motivo_revision":"","fuente":"Sistema de Información Cultural (SIC)"}},{"type":"Feature","geometry":{"type":"Point","coordinates":[-99.19888,19.33576]},"properties":{"id_cultural":"CINE_606","id_sic":"606","tipo_cultural":"CINE","nombre":"The Movie Company. Escenaria","fecha_fundacion":"1000-01-01","adscripcion_original":"Independiente","tipo_gestion":"PRIVADO","criterio_clasificacion":"CLASIFICACION_EXPLICITA","fuente_revision_gestion":"","nota_revision_gestion":"","estado_id":"9","entidad":"Ciudad de México","municipio_id":"10","municipio":"Álvaro Obregón","localidad_id":"1","localidad":"Álvaro Obregón","calle_numero":"Av. San Jerónimo 263","colonia":"Col. Tizapan","cp":"1090.0","telefono":"","pagina_web":"","email":"","facebook":"","twitter":"","instagram":"","aforo":"","tipo_escenario":"","num_pantallas":10,"link_sic":"http://sic.gob.mx/ficha.php?table=comp_cine&table_id=606","fecha_modificacion":"2022-05-24 03:03:57-05","es_pilares":"NO","dataset_relacionado":"","revision_manual":"NO","motivo_revision":"","fuente":"Sistema de Información Cultural (SIC)"}},{"type":"Feature","geometry":{"type":"Point","coordinates":[-99.194,19.33972]},"properties":{"id_cultural":"CINE_453","id_sic":"453","tipo_cultural":"CINE","nombre":"Cinemanía Loreto","fecha_fundacion":"1000-01-01","adscripcion_original":"Cinemanía, S. A. de C. V.","tipo_gestion":"PRIVADO","criterio_clasificacion":"EVIDENCIA_INSTITUCIONAL_PRIVADA","fuente_revision_gestion":"","nota_revision_gestion":"","estado_id":"9","entidad":"Ciudad de México","municipio_id":"10","municipio":"Álvaro Obregón","localidad_id":"1","localidad":"Álvaro Obregón","calle_numero":"Altamirano 46","colonia":"Col. Tizapán San Ángel","cp":"1000.0","telefono":"","pagina_web":"","email":"","facebook":"","twitter":"","instagram":"","aforo":"","tipo_escenario":"","num_pantallas":3,"link_sic":"http://sic.gob.mx/ficha.php?table=comp_cine&table_id=453","fecha_modificacion":"2022-05-24 02:38:43-05","es_pilares":"NO","dataset_relacionado":"","revision_manual":"NO","motivo_revision":"","fuente":"Sistema de Información Cultural (SIC)"}},{"type":"Feature","geometry":{"type":"Point","coordinates":[-99.25839,19.36836]},"properties":{"id_cultural":"CINE_433","id_sic":"433","tipo_cultural":"CINE","nombre":"Cinépolis VIP Samara","fecha_fundacion":"1000-01-01","adscripcion_original":"Cinépolis de México, S.A. de C.V.","tipo_gestion":"PRIVADO","criterio_clasificacion":"EVIDENCIA_INSTITUCIONAL_PRIVADA","fuente_revision_gestion":"","nota_revision_gestion":"","estado_id":"9","entidad":"Ciudad de México","municipio_id":"10","municipio":"Álvaro Obregón","localidad_id":"1","localidad":"Álvaro Obregón","calle_numero":"Av. Antonio Dovalí Jaime 70","colonia":"Col. Santa Fe","cp":"1210.0","telefono":"","pagina_web":"","email":"","facebook":"","twitter":"","instagram":"","aforo":"","tipo_escenario":"","num_pantallas":9,"link_sic":"http://sic.gob.mx/ficha.php?table=comp_cine&table_id=433","fecha_modificacion":"2022-09-30 03:53:13-05","es_pilares":"NO","dataset_relacionado":"","revision_manual":"NO","motivo_revision":"","fuente":"Sistema de Información Cultural (SIC)"}},{"type":"Feature","geometry":{"type":"Point","coordinates":[-99.19145,19.39036]},"properties":{"id_cultural":"CINE_77","id_sic":"77","tipo_cultural":"CINE","nombre":"Cinemex San Antonio","fecha_fundacion":"2010-07-01","adscripcion_original":"Cadena Mexicana de Exhibición, S.A. de C.V.","tipo_gestion":"PRIVADO","criterio_clasificacion":"EVIDENCIA_INSTITUCIONAL_PRIVADA","fuente_revision_gestion":"","nota_revision_gestion":"","estado_id":"9","entidad":"Ciudad de México","municipio_id":"10","municipio":"Álvaro Obregón","localidad_id":"1","localidad":"Álvaro Obregón","calle_numero":"Calle 10 núm. 132","colonia":"Col. San Pedro de los Pinos","cp":"1180.0","telefono":"","pagina_web":"","email":"","facebook":"","twitter":"","instagram":"","aforo":"","tipo_escenario":"","num_pantallas":11,"link_sic":"http://sic.gob.mx/ficha.php?table=comp_cine&table_id=77","fecha_modificacion":"2024-03-20 14:37:32-06","es_pilares":"NO","dataset_relacionado":"","revision_manual":"NO","motivo_revision":"","fuente":"Sistema de Información Cultural (SIC)"}},{"type":"Feature","geometry":{"type":"Point","coordinates":[-99.21847,19.31331]},"properties":{"id_cultural":"CINE_997","id_sic":"997","tipo_cultural":"CINE","nombre":"Cinemex Artz Pedregal Market","fecha_fundacion":"1000-01-01","adscripcion_original":"Cadena Mexicana de Exhibición, S.A. de C.V.","tipo_gestion":"PRIVADO","criterio_clasificacion":"EVIDENCIA_INSTITUCIONAL_PRIVADA","fuente_revision_gestion":"","nota_revision_gestion":"","estado_id":"9","entidad":"Ciudad de México","municipio_id":"10","municipio":"Álvaro Obregón","localidad_id":"1","localidad":"Álvaro Obregón","calle_numero":"Blvd. Adolfo Ruiz Cortínez 3720","colonia":"Col. Jardines del Pedregal","cp":"1900.0","telefono":"","pagina_web":"","email":"","facebook":"","twitter":"","instagram":"","aforo":"","tipo_escenario":"","num_pantallas":0,"link_sic":"http://sic.gob.mx/ficha.php?table=comp_cine&table_id=997","fecha_modificacion":"2022-09-28 03:09:27-05","es_pilares":"NO","dataset_relacionado":"","revision_manual":"NO","motivo_revision":"","fuente":"Sistema de Información Cultural (SIC)"}},{"type":"Feature","geometry":{"type":"Point","coordinates":[-99.2213,19.36146]},"properties":{"id_cultural":"CINE_1149","id_sic":"1149","tipo_cultural":"CINE","nombre":"Cinépolis Portal Centenario","fecha_fundacion":"1000-01-01","adscripcion_original":"Cinépolis de México, S.A. de C.V.","tipo_gestion":"PRIVADO","criterio_clasificacion":"EVIDENCIA_INSTITUCIONAL_PRIVADA","fuente_revision_gestion":"","nota_revision_gestion":"","estado_id":"9","entidad":"Ciudad de México","municipio_id":"10","municipio":"Álvaro Obregón","localidad_id":"1","localidad":"Álvaro Obregón","calle_numero":"Av. Centenario 776 esq. Prol. 5 de mayo y Colina de Cahuas","colonia":"Col. Arcos del Centenario","cp":"1618.0","telefono":"","pagina_web":"","email":"","facebook":"","twitter":"","instagram":"","aforo":"","tipo_escenario":"","num_pantallas":10,"link_sic":"http://sic.gob.mx/ficha.php?table=comp_cine&table_id=1149","fecha_modificacion":"2022-10-14 09:11:25-05","es_pilares":"NO","dataset_relacionado":"","revision_manual":"NO","motivo_revision":"","fuente":"Sistema de Información Cultural (SIC)"}},{"type":"Feature","geometry":{"type":"Point","coordinates":[-99.19137,19.36082]},"properties":{"id_cultural":"CINE_578","id_sic":"578","tipo_cultural":"CINE","nombre":"Cinépolis VIP Portal San Ángel","fecha_fundacion":"1000-01-01","adscripcion_original":"Cinépolis de México, S.A. de C.V.","tipo_gestion":"PRIVADO","criterio_clasificacion":"EVIDENCIA_INSTITUCIONAL_PRIVADA","fuente_revision_gestion":"","nota_revision_gestion":"","estado_id":"9","entidad":"Ciudad de México","municipio_id":"10","municipio":"Álvaro Obregón","localidad_id":"1","localidad":"Álvaro Obregón","calle_numero":"Av. Revolución 1267","colonia":"Col. Los Alpes","cp":"1010.0","telefono":"","pagina_web":"","email":"","facebook":"","twitter":"","instagram":"","aforo":"","tipo_escenario":"","num_pantallas":4,"link_sic":"http://sic.gob.mx/ficha.php?table=comp_cine&table_id=578","fecha_modificacion":"2022-10-06 05:36:56-05","es_pilares":"NO","dataset_relacionado":"","revision_manual":"NO","motivo_revision":"","fuente":"Sistema de Información Cultural (SIC)"}},{"type":"Feature","geometry":{"type":"Point","coordinates":[-99.18982,19.34892]},"properties":{"id_cultural":"CINE_76","id_sic":"76","tipo_cultural":"CINE","nombre":"Cinemex Altavista","fecha_fundacion":"2010-07-01","adscripcion_original":"Cadena Mexicana de Exhibición, S.A. de C.V.","tipo_gestion":"PRIVADO","criterio_clasificacion":"EVIDENCIA_INSTITUCIONAL_PRIVADA","fuente_revision_gestion":"","nota_revision_gestion":"","estado_id":"9","entidad":"Ciudad de México","municipio_id":"10","municipio":"Álvaro Obregón","localidad_id":"1","localidad":"Álvaro Obregón","calle_numero":"Calz. Desierto de los Leones 52, Pabellón Altavista","colonia":"Col. San Ángel","cp":"1000.0","telefono":"","pagina_web":"","email":"","facebook":"","twitter":"","instagram":"","aforo":"","tipo_escenario":"","num_pantallas":6,"link_sic":"http://sic.gob.mx/ficha.php?table=comp_cine&table_id=76","fecha_modificacion":"2022-09-28 04:32:29-05","es_pilares":"NO","dataset_relacionado":"","revision_manual":"NO","motivo_revision":"","fuente":"Sistema de Información Cultural (SIC)"}},{"type":"Feature","geometry":{"type":"Point","coordinates":[-99.22874,19.38844]},"properties":{"id_cultural":"CINE_1205","id_sic":"1205","tipo_cultural":"CINE","nombre":"Cineteca Nacional Chapultepec","fecha_fundacion":"2025-08-15","adscripcion_original":"Secretaría de Cultura","tipo_gestion":"PUBLICO","criterio_clasificacion":"EVIDENCIA_INSTITUCIONAL_PUBLICA","fuente_revision_gestion":"","nota_revision_gestion":"","estado_id":"9","entidad":"Ciudad de México","municipio_id":"10","municipio":"Álvaro Obregón","localidad_id":"1","localidad":"Álvaro Obregón","calle_numero":"Av. Vasco de Quiroga 1401 Campo Militar 1-F","colonia":"Panteón Santa Fé","cp":"1219.0","telefono":"","pagina_web":"","email":"","facebook":"","twitter":"","instagram":"","aforo":"","tipo_escenario":"","num_pantallas":9,"link_sic":"http://sic.gob.mx/ficha.php?table=comp_cine&table_id=1205","fecha_modificacion":"2025-08-19 12:05:40-06","es_pilares":"NO","dataset_relacionado":"","revision_manual":"NO","motivo_revision":"","fuente":"Sistema de Información Cultural (SIC)"}},{"type":"Feature","geometry":{"type":"Point","coordinates":[-99.06167,19.30395]},"properties":{"id_cultural":"CINE_481","id_sic":"481","tipo_cultural":"CINE","nombre":"Cinemás Tláhuac","fecha_fundacion":"1000-01-01","adscripcion_original":"Independiente","tipo_gestion":"PRIVADO","criterio_clasificacion":"CLASIFICACION_EXPLICITA","fuente_revision_gestion":"","nota_revision_gestion":"","estado_id":"9","entidad":"Ciudad de México","municipio_id":"11","municipio":"Tláhuac","localidad_id":"1","localidad":"Tláhuac","calle_numero":"Av. Tláhuac 5295","colonia":"Col. Los Olivos","cp":"13210.0","telefono":"","pagina_web":"","email":"","facebook":"","twitter":"","instagram":"","aforo":"","tipo_escenario":"","num_pantallas":5,"link_sic":"http://sic.gob.mx/ficha.php?table=comp_cine&table_id=481","fecha_modificacion":"2026-02-17 14:39:33-06","es_pilares":"NO","dataset_relacionado":"","revision_manual":"NO","motivo_revision":"","fuente":"Sistema de Información Cultural (SIC)"}},{"type":"Feature","geometry":{"type":"Point","coordinates":[-99.1071,19.29529]},"properties":{"id_cultural":"CINE_485","id_sic":"485","tipo_cultural":"CINE","nombre":"Cinépolis Pabellón Cuemanco","fecha_fundacion":"1000-01-01","adscripcion_original":"Cinépolis de México, S.A. de C.V.","tipo_gestion":"PRIVADO","criterio_clasificacion":"EVIDENCIA_INSTITUCIONAL_PRIVADA","fuente_revision_gestion":"","nota_revision_gestion":"","estado_id":"9","entidad":"Ciudad de México","municipio_id":"12","municipio":"Tlalpan","localidad_id":"1","localidad":"Tlalpan","calle_numero":"Cañaverales 222","colonia":"Col. Cuemanco","cp":"14360.0","telefono":"","pagina_web":"","email":"","facebook":"","twitter":"","instagram":"","aforo":"","tipo_escenario":"","num_pantallas":8,"link_sic":"http://sic.gob.mx/ficha.php?table=comp_cine&table_id=485","fecha_modificacion":"2022-09-28 09:51:20-05","es_pilares":"NO","dataset_relacionado":"","revision_manual":"NO","motivo_revision":"","fuente":"Sistema de Información Cultural (SIC)"}},{"type":"Feature","geometry":{"type":"Point","coordinates":[-99.13632,19.30018]},"properties":{"id_cultural":"CINE_484","id_sic":"484","tipo_cultural":"CINE","nombre":"Cinépolis Paseo Acoxpa","fecha_fundacion":"1000-01-01","adscripcion_original":"Cinépolis de México, S.A. de C.V.","tipo_gestion":"PRIVADO","criterio_clasificacion":"EVIDENCIA_INSTITUCIONAL_PRIVADA","fuente_revision_gestion":"","nota_revision_gestion":"","estado_id":"9","entidad":"Ciudad de México","municipio_id":"12","municipio":"Tlalpan","localidad_id":"1","localidad":"Tlalpan","calle_numero":"Calz. Acoxpa 430","colonia":"Col. Residencial Acoxpa","cp":"14300.0","telefono":"","pagina_web":"","email":"","facebook":"","twitter":"","instagram":"","aforo":"","tipo_escenario":"","num_pantallas":12,"link_sic":"http://sic.gob.mx/ficha.php?table=comp_cine&table_id=484","fecha_modificacion":"2022-09-30 12:43:56-05","es_pilares":"NO","dataset_relacionado":"","revision_manual":"NO","motivo_revision":"","fuente":"Sistema de Información Cultural (SIC)"}},{"type":"Feature","geometry":{"type":"Point","coordinates":[-99.18123,19.29856]},"properties":{"id_cultural":"CINE_131","id_sic":"131","tipo_cultural":"CINE","nombre":"Cinemex Cuicuilco","fecha_fundacion":"1000-01-01","adscripcion_original":"Cadena Mexicana de Exhibición, S.A. de C.V.","tipo_gestion":"PRIVADO","criterio_clasificacion":"EVIDENCIA_INSTITUCIONAL_PRIVADA","fuente_revision_gestion":"","nota_revision_gestion":"","estado_id":"9","entidad":"Ciudad de México","municipio_id":"12","municipio":"Tlalpan","localidad_id":"1","localidad":"Tlalpan","calle_numero":"Av. San Fernando 649","colonia":"Col. Peña Pobre","cp":"14060.0","telefono":"","pagina_web":"","email":"","facebook":"","twitter":"","instagram":"","aforo":"","tipo_escenario":"","num_pantallas":8,"link_sic":"http://sic.gob.mx/ficha.php?table=comp_cine&table_id=131","fecha_modificacion":"2022-09-27 07:01:56-05","es_pilares":"NO","dataset_relacionado":"","revision_manual":"NO","motivo_revision":"","fuente":"Sistema de Información Cultural (SIC)"}},{"type":"Feature","geometry":{"type":"Point","coordinates":[-99.13189,19.29049]},"properties":{"id_cultural":"CINE_483","id_sic":"483","tipo_cultural":"CINE","nombre":"Cinemex Prado Coapa","fecha_fundacion":"1000-01-01","adscripcion_original":"Cadena Mexicana de Exhibición, S.A. de C.V.","tipo_gestion":"PRIVADO","criterio_clasificacion":"EVIDENCIA_INSTITUCIONAL_PRIVADA","fuente_revision_gestion":"","nota_revision_gestion":"","estado_id":"9","entidad":"Ciudad de México","municipio_id":"12","municipio":"Tlalpan","localidad_id":"1","localidad":"Tlalpan","calle_numero":"Prol. División del Norte 4515","colonia":"Col. Prado Coapa","cp":"14357.0","telefono":"","pagina_web":"","email":"","facebook":"","twitter":"","instagram":"","aforo":"","tipo_escenario":"","num_pantallas":10,"link_sic":"http://sic.gob.mx/ficha.php?table=comp_cine&table_id=483","fecha_modificacion":"2025-08-28 13:33:36-06","es_pilares":"NO","dataset_relacionado":"","revision_manual":"NO","motivo_revision":"","fuente":"Sistema de Información Cultural (SIC)"}},{"type":"Feature","geometry":{"type":"Point","coordinates":[-99.18129,19.29857]},"properties":{"id_cultural":"CINE_482","id_sic":"482","tipo_cultural":"CINE","nombre":"Cinemex Cuicuilco Platino","fecha_fundacion":"1000-01-01","adscripcion_original":"Cadena Mexicana de Exhibición, S.A. de C.V.","tipo_gestion":"PRIVADO","criterio_clasificacion":"EVIDENCIA_INSTITUCIONAL_PRIVADA","fuente_revision_gestion":"","nota_revision_gestion":"","estado_id":"9","entidad":"Ciudad de México","municipio_id":"12","municipio":"Tlalpan","localidad_id":"1","localidad":"Tlalpan","calle_numero":"Av. San Fernando 649","colonia":"Col. Peña Pobre","cp":"14060.0","telefono":"","pagina_web":"","email":"","facebook":"","twitter":"","instagram":"","aforo":"","tipo_escenario":"","num_pantallas":5,"link_sic":"http://sic.gob.mx/ficha.php?table=comp_cine&table_id=482","fecha_modificacion":"2022-09-27 05:32:05-05","es_pilares":"NO","dataset_relacionado":"","revision_manual":"NO","motivo_revision":"","fuente":"Sistema de Información Cultural (SIC)"}},{"type":"Feature","geometry":{"type":"Point","coordinates":[-99.13632,19.30018]},"properties":{"id_cultural":"CINE_1134","id_sic":"1134","tipo_cultural":"CINE","nombre":"Cinépolis VIP Paseo Acoxpa","fecha_fundacion":"1000-01-01","adscripcion_original":"Cinépolis de México, S.A. de C.V.","tipo_gestion":"PRIVADO","criterio_clasificacion":"EVIDENCIA_INSTITUCIONAL_PRIVADA","fuente_revision_gestion":"","nota_revision_gestion":"","estado_id":"9","entidad":"Ciudad de México","municipio_id":"12","municipio":"Tlalpan","localidad_id":"1","localidad":"Tlalpan","calle_numero":"Calz. Acoxpa 430","colonia":"Col. Residencial Acoxpa","cp":"14300.0","telefono":"","pagina_web":"","email":"","facebook":"","twitter":"","instagram":"","aforo":"","tipo_escenario":"","num_pantallas":4,"link_sic":"http://sic.gob.mx/ficha.php?table=comp_cine&table_id=1134","fecha_modificacion":"2022-10-03 03:04:24-05","es_pilares":"NO","dataset_relacionado":"","revision_manual":"NO","motivo_revision":"","fuente":"Sistema de Información Cultural (SIC)"}},{"type":"Feature","geometry":{"type":"Point","coordinates":[-99.12976,19.29469]},"properties":{"id_cultural":"CINE_1133","id_sic":"1133","tipo_cultural":"CINE","nombre":"Cinépolis Gran Terraza Coapa","fecha_fundacion":"1000-01-01","adscripcion_original":"Cinépolis de México, S.A. de C.V.","tipo_gestion":"PRIVADO","criterio_clasificacion":"EVIDENCIA_INSTITUCIONAL_PRIVADA","fuente_revision_gestion":"","nota_revision_gestion":"","estado_id":"9","entidad":"Ciudad de México","municipio_id":"12","municipio":"Tlalpan","localidad_id":"1","localidad":"Tlalpan","calle_numero":"Calz. Coapa 610","colonia":"Col. Villa Coapa","cp":"14390.0","telefono":"","pagina_web":"","email":"","facebook":"","twitter":"","instagram":"","aforo":"","tipo_escenario":"","num_pantallas":11,"link_sic":"http://sic.gob.mx/ficha.php?table=comp_cine&table_id=1133","fecha_modificacion":"2022-10-03 03:05:02-05","es_pilares":"NO","dataset_relacionado":"","revision_manual":"NO","motivo_revision":"","fuente":"Sistema de Información Cultural (SIC)"}},{"type":"Feature","geometry":{"type":"Point","coordinates":[-99.12344,19.30291]},"properties":{"id_cultural":"CINE_130","id_sic":"130","tipo_cultural":"CINE","nombre":"Cinemex Coapa","fecha_fundacion":"1000-01-01","adscripcion_original":"Cadena Mexicana de Exhibición, S.A. de C.V.","tipo_gestion":"PRIVADO","criterio_clasificacion":"EVIDENCIA_INSTITUCIONAL_PRIVADA","fuente_revision_gestion":"","nota_revision_gestion":"","estado_id":"9","entidad":"Ciudad de México","municipio_id":"12","municipio":"Tlalpan","localidad_id":"1","localidad":"Tlalpan","calle_numero":"Calz. del Hueso 519","colonia":"Col. Residencial Acoxpa","cp":"14300.0","telefono":"","pagina_web":"","email":"","facebook":"","twitter":"","instagram":"","aforo":"","tipo_escenario":"","num_pantallas":10,"link_sic":"http://sic.gob.mx/ficha.php?table=comp_cine&table_id=130","fecha_modificacion":"2022-09-28 04:34:25-05","es_pilares":"NO","dataset_relacionado":"","revision_manual":"NO","motivo_revision":"","fuente":"Sistema de Información Cultural (SIC)"}},{"type":"Feature","geometry":{"type":"Point","coordinates":[0.0,0.0]},"properties":{"id_cultural":"CINE_906","id_sic":"906","tipo_cultural":"CINE","nombre":"Cine Villa Olímpica","fecha_fundacion":"2016-09-01","adscripcion_original":"Gobierno de la Ciudad de México / Alcaldía de Tlalpan","tipo_gestion":"PUBLICO","criterio_clasificacion":"EVIDENCIA_INSTITUCIONAL_PUBLICA","fuente_revision_gestion":"","nota_revision_gestion":"","estado_id":"9","entidad":"Ciudad de México","municipio_id":"12","municipio":"Tlalpan","localidad_id":"1","localidad":"Tlalpan","calle_numero":"Del Olimpo s/n","colonia":"Col. Miguel Hidalgo, Villa Olímpica","cp":"14250.0","telefono":"","pagina_web":"","email":"","facebook":"","twitter":"","instagram":"","aforo":"","tipo_escenario":"","num_pantallas":1,"link_sic":"http://sic.gob.mx/ficha.php?table=comp_cine&table_id=906","fecha_modificacion":"2022-05-31 05:57:17-05","es_pilares":"NO","dataset_relacionado":"","revision_manual":"NO","motivo_revision":"","fuente":"Sistema de Información Cultural (SIC)"}},{"type":"Feature","geometry":{"type":"Point","coordinates":[-99.21189,19.299]},"properties":{"id_cultural":"CINE_129","id_sic":"129","tipo_cultural":"CINE","nombre":"Cinépolis Ajusco","fecha_fundacion":"2005-01-01","adscripcion_original":"Cinépolis de México, S.A. de C.V.","tipo_gestion":"PRIVADO","criterio_clasificacion":"EVIDENCIA_INSTITUCIONAL_PRIVADA","fuente_revision_gestion":"","nota_revision_gestion":"","estado_id":"9","entidad":"Ciudad de México","municipio_id":"12","municipio":"Tlalpan","localidad_id":"1","localidad":"Tlalpan","calle_numero":"Carr. Picacho Ajusco 175 esq. Av. Anillo Periférico Sur y Sinanche","colonia":"Col. Héroes de Padierna","cp":"14200.0","telefono":"","pagina_web":"","email":"","facebook":"","twitter":"","instagram":"","aforo":"","tipo_escenario":"","num_pantallas":10,"link_sic":"http://sic.gob.mx/ficha.php?table=comp_cine&table_id=129","fecha_modificacion":"2022-10-06 05:12:25-05","es_pilares":"NO","dataset_relacionado":"","revision_manual":"NO","motivo_revision":"","fuente":"Sistema de Información Cultural (SIC)"}},{"type":"Feature","geometry":{"type":"Point","coordinates":[-99.12952,19.29459]},"properties":{"id_cultural":"CINE_1152","id_sic":"1152","tipo_cultural":"CINE","nombre":"Cinépolis VIP Gran Terraza Coapa","fecha_fundacion":"1000-01-01","adscripcion_original":"Cinépolis de México, S.A. de C.V.","tipo_gestion":"PRIVADO","criterio_clasificacion":"EVIDENCIA_INSTITUCIONAL_PRIVADA","fuente_revision_gestion":"","nota_revision_gestion":"","estado_id":"9","entidad":"Ciudad de México","municipio_id":"12","municipio":"Tlalpan","localidad_id":"1","localidad":"Tlalpan","calle_numero":"Calz. Coapa 610","colonia":"Col. Coapa","cp":"14390.0","telefono":"","pagina_web":"","email":"","facebook":"","twitter":"","instagram":"","aforo":"","tipo_escenario":"","num_pantallas":11,"link_sic":"http://sic.gob.mx/ficha.php?table=comp_cine&table_id=1152","fecha_modificacion":"2022-10-06 05:33:11-05","es_pilares":"NO","dataset_relacionado":"","revision_manual":"NO","motivo_revision":"","fuente":"Sistema de Información Cultural (SIC)"}},{"type":"Feature","geometry":{"type":"Point","coordinates":[-99.17624,19.28426]},"properties":{"id_cultural":"CINE_961","id_sic":"961","tipo_cultural":"CINE","nombre":"Cinépolis Patio Tlalpan","fecha_fundacion":"1000-01-01","adscripcion_original":"Cinépolis de México, S.A. de C.V.","tipo_gestion":"PRIVADO","criterio_clasificacion":"EVIDENCIA_INSTITUCIONAL_PRIVADA","fuente_revision_gestion":"","nota_revision_gestion":"","estado_id":"9","entidad":"Ciudad de México","municipio_id":"12","municipio":"Tlalpan","localidad_id":"1","localidad":"Tlalpan","calle_numero":"Av. Insurgentes Sur 4177","colonia":"Col. Santa Ursula Xitla","cp":"14420.0","telefono":"","pagina_web":"","email":"","facebook":"","twitter":"","instagram":"","aforo":"","tipo_escenario":"","num_pantallas":10,"link_sic":"http://sic.gob.mx/ficha.php?table=comp_cine&table_id=961","fecha_modificacion":"2022-09-30 03:55:28-05","es_pilares":"NO","dataset_relacionado":"","revision_manual":"NO","motivo_revision":"","fuente":"Sistema de Información Cultural (SIC)"}},{"type":"Feature","geometry":{"type":"Point","coordinates":[-99.10266,19.25412]},"properties":{"id_cultural":"CINE_1181","id_sic":"1181","tipo_cultural":"CINE","nombre":"Cinemagic Xochimilco","fecha_fundacion":"1000-01-01","adscripcion_original":"Cinemagic, S.A. de C.V.","tipo_gestion":"PRIVADO","criterio_clasificacion":"EVIDENCIA_INSTITUCIONAL_PRIVADA","fuente_revision_gestion":"","nota_revision_gestion":"","estado_id":"9","entidad":"Ciudad de México","municipio_id":"13","municipio":"Xochimilco","localidad_id":"1","localidad":"Xochimilco","calle_numero":"Camino a Nativitas 35","colonia":"Barrio de Xaltocan","cp":"16090.0","telefono":"","pagina_web":"","email":"","facebook":"","twitter":"","instagram":"","aforo":"","tipo_escenario":"","num_pantallas":0,"link_sic":"http://sic.gob.mx/ficha.php?table=comp_cine&table_id=1181","fecha_modificacion":"2022-10-14 06:37:06-05","es_pilares":"NO","dataset_relacionado":"","revision_manual":"NO","motivo_revision":"","fuente":"Sistema de Información Cultural (SIC)"}},{"type":"Feature","geometry":{"type":"Point","coordinates":[-99.16641,19.36547]},"properties":{"id_cultural":"CINE_463","id_sic":"463","tipo_cultural":"CINE","nombre":"Cinépolis Patio Universidad","fecha_fundacion":"1000-01-01","adscripcion_original":"Cinépolis de México, S.A. de C.V.","tipo_gestion":"PRIVADO","criterio_clasificacion":"EVIDENCIA_INSTITUCIONAL_PRIVADA","fuente_revision_gestion":"","nota_revision_gestion":"","estado_id":"9","entidad":"Ciudad de México","municipio_id":"14","municipio":"Benito Juárez","localidad_id":"1","localidad":"Benito Juárez","calle_numero":"Popocatépetl 546 esq. Av. Universidad y Mayorazgo de Solís","colonia":"Col. Xoco","cp":"3330.0","telefono":"","pagina_web":"","email":"","facebook":"","twitter":"","instagram":"","aforo":"","tipo_escenario":"","num_pantallas":10,"link_sic":"http://sic.gob.mx/ficha.php?table=comp_cine&table_id=463","fecha_modificacion":"2022-10-06 05:17:27-05","es_pilares":"NO","dataset_relacionado":"","revision_manual":"NO","motivo_revision":"","fuente":"Sistema de Información Cultural (SIC)"}},{"type":"Feature","geometry":{"type":"Point","coordinates":[-99.1809,19.39656]},"properties":{"id_cultural":"CINE_83","id_sic":"83","tipo_cultural":"CINE","nombre":"Cinemex Patriotismo","fecha_fundacion":"1000-01-01","adscripcion_original":"Cadena Mexicana de Exhibición, S.A. de C.V.","tipo_gestion":"PRIVADO","criterio_clasificacion":"EVIDENCIA_INSTITUCIONAL_PRIVADA","fuente_revision_gestion":"","nota_revision_gestion":"","estado_id":"9","entidad":"Ciudad de México","municipio_id":"14","municipio":"Benito Juárez","localidad_id":"1","localidad":"Benito Juárez","calle_numero":"Av. Patriotismo 229","colonia":"Col. San Pedro de los Pinos","cp":"3800.0","telefono":"","pagina_web":"","email":"","facebook":"","twitter":"","instagram":"","aforo":"","tipo_escenario":"","num_pantallas":12,"link_sic":"http://sic.gob.mx/ficha.php?table=comp_cine&table_id=83","fecha_modificacion":"2022-09-28 04:31:39-05","es_pilares":"NO","dataset_relacionado":"","revision_manual":"NO","motivo_revision":"","fuente":"Sistema de Información Cultural (SIC)"}},{"type":"Feature","geometry":{"type":"Point","coordinates":[-99.16494,19.36067]},"properties":{"id_cultural":"CINE_431","id_sic":"431","tipo_cultural":"CINE","nombre":"Cineteca Nacional","fecha_fundacion":"1974-01-17","adscripcion_original":"Secretaría de Cultura","tipo_gestion":"PUBLICO","criterio_clasificacion":"EVIDENCIA_INSTITUCIONAL_PUBLICA","fuente_revision_gestion":"","nota_revision_gestion":"","estado_id":"9","entidad":"Ciudad de México","municipio_id":"14","municipio":"Benito Juárez","localidad_id":"1","localidad":"Benito Juárez","calle_numero":"Av. México Coyoacán 389","colonia":"Col. Xoco","cp":"3330.0","telefono":"","pagina_web":"","email":"","facebook":"","twitter":"","instagram":"","aforo":"","tipo_escenario":"","num_pantallas":10,"link_sic":"http://sic.gob.mx/ficha.php?table=comp_cine&table_id=431","fecha_modificacion":"2022-08-17 03:35:27-05","es_pilares":"NO","dataset_relacionado":"","revision_manual":"NO","motivo_revision":"","fuente":"Sistema de Información Cultural (SIC)"}},{"type":"Feature","geometry":{"type":"Point","coordinates":[-99.16676,19.3644]},"properties":{"id_cultural":"CINE_940","id_sic":"940","tipo_cultural":"CINE","nombre":"Auto Drive Cinema, Plaza Universidad Mayorazgo","fecha_fundacion":"1000-01-01","adscripcion_original":"Drive Cinema S.A. de C.V.","tipo_gestion":"PRIVADO","criterio_clasificacion":"EVIDENCIA_INSTITUCIONAL_PRIVADA","fuente_revision_gestion":"","nota_revision_gestion":"","estado_id":"9","entidad":"Ciudad de México","municipio_id":"14","municipio":"Benito Juárez","localidad_id":"1","localidad":"Benito Juárez","calle_numero":"Mayorazgo de Solís 50","colonia":"Col. Xoco","cp":"3330.0","telefono":"","pagina_web":"","email":"","facebook":"","twitter":"","instagram":"","aforo":"","tipo_escenario":"","num_pantallas":1,"link_sic":"http://sic.gob.mx/ficha.php?table=comp_cine&table_id=940","fecha_modificacion":"2022-06-07 03:41:03-05","es_pilares":"NO","dataset_relacionado":"","revision_manual":"NO","motivo_revision":"","fuente":"Sistema de Información Cultural (SIC)"}},{"type":"Feature","geometry":{"type":"Point","coordinates":[-99.16567,19.36671]},"properties":{"id_cultural":"CINE_464","id_sic":"464","tipo_cultural":"CINE","nombre":"Cinépolis VIP Universidad","fecha_fundacion":"1000-01-01","adscripcion_original":"Cinépolis de México, S.A. de C.V.","tipo_gestion":"PRIVADO","criterio_clasificacion":"EVIDENCIA_INSTITUCIONAL_PRIVADA","fuente_revision_gestion":"","nota_revision_gestion":"","estado_id":"9","entidad":"Ciudad de México","municipio_id":"14","municipio":"Benito Juárez","localidad_id":"1","localidad":"Benito Juárez","calle_numero":"Av. Universidad 1000","colonia":"Col. Santa Cruz Atoyac","cp":"3310.0","telefono":"","pagina_web":"","email":"","facebook":"","twitter":"","instagram":"","aforo":"","tipo_escenario":"","num_pantallas":8,"link_sic":"http://sic.gob.mx/ficha.php?table=comp_cine&table_id=464","fecha_modificacion":"2022-09-28 10:07:30-05","es_pilares":"NO","dataset_relacionado":"","revision_manual":"NO","motivo_revision":"","fuente":"Sistema de Información Cultural (SIC)"}},{"type":"Feature","geometry":{"type":"Point","coordinates":[-99.15365,19.40221]},"properties":{"id_cultural":"CINE_84","id_sic":"84","tipo_cultural":"CINE","nombre":"Cinemex Parque Delta","fecha_fundacion":"1000-01-01","adscripcion_original":"Cadena Mexicana de Exhibición, S.A. de C.V.","tipo_gestion":"PRIVADO","criterio_clasificacion":"EVIDENCIA_INSTITUCIONAL_PRIVADA","fuente_revision_gestion":"","nota_revision_gestion":"","estado_id":"9","entidad":"Ciudad de México","municipio_id":"14","municipio":"Benito Juárez","localidad_id":"1","localidad":"Benito Juárez","calle_numero":"Av. Cuauhtémoc 462","colonia":"Col. Narvarte","cp":"3020.0","telefono":"","pagina_web":"","email":"","facebook":"","twitter":"","instagram":"","aforo":"","tipo_escenario":"","num_pantallas":10,"link_sic":"http://sic.gob.mx/ficha.php?table=comp_cine&table_id=84","fecha_modificacion":"2022-09-27 06:35:19-05","es_pilares":"NO","dataset_relacionado":"","revision_manual":"NO","motivo_revision":"","fuente":"Sistema de Información Cultural (SIC)"}},{"type":"Feature","geometry":{"type":"Point","coordinates":[-99.17387,19.39451]},"properties":{"id_cultural":"CINE_1187","id_sic":"1187","tipo_cultural":"CINE","nombre":"Cinemas WTC","fecha_fundacion":"2023-03-10","adscripcion_original":"","tipo_gestion":"NO_DETERMINADO","criterio_clasificacion":"SIN_ADSCRIPCION","fuente_revision_gestion":"","nota_revision_gestion":"","estado_id":"9","entidad":"Ciudad de México","municipio_id":"14","municipio":"Benito Juárez","localidad_id":"1","localidad":"Benito Juárez","calle_numero":"Montecito 38","colonia":"Col. Nápoles","cp":"3810.0","telefono":"","pagina_web":"","email":"","facebook":"","twitter":"","instagram":"","aforo":"","tipo_escenario":"","num_pantallas":0,"link_sic":"http://sic.gob.mx/ficha.php?table=comp_cine&table_id=1187","fecha_modificacion":"2023-04-04 07:38:44-06","es_pilares":"NO","dataset_relacionado":"","revision_manual":"SI","motivo_revision":"No existe adscripción disponible para determinar el tipo de gestión.","fuente":"Sistema de Información Cultural (SIC)"}},{"type":"Feature","geometry":{"type":"Point","coordinates":[-99.16567,19.3667]},"properties":{"id_cultural":"CINE_87","id_sic":"87","tipo_cultural":"CINE","nombre":"Cinépolis Universidad","fecha_fundacion":"1000-01-01","adscripcion_original":"Cinépolis de México, S.A. de C.V.","tipo_gestion":"PRIVADO","criterio_clasificacion":"EVIDENCIA_INSTITUCIONAL_PRIVADA","fuente_revision_gestion":"","nota_revision_gestion":"","estado_id":"9","entidad":"Ciudad de México","municipio_id":"14","municipio":"Benito Juárez","localidad_id":"1","localidad":"Benito Juárez","calle_numero":"Av. Universidad 1000","colonia":"Col. Santa Cruz Atoyac","cp":"3310.0","telefono":"","pagina_web":"","email":"","facebook":"","twitter":"","instagram":"","aforo":"","tipo_escenario":"","num_pantallas":17,"link_sic":"http://sic.gob.mx/ficha.php?table=comp_cine&table_id=87","fecha_modificacion":"2022-09-30 03:56:31-05","es_pilares":"NO","dataset_relacionado":"","revision_manual":"NO","motivo_revision":"","fuente":"Sistema de Información Cultural (SIC)"}},{"type":"Feature","geometry":{"type":"Point","coordinates":[-99.18103,19.36899]},"properties":{"id_cultural":"CINE_82","id_sic":"82","tipo_cultural":"CINE","nombre":"Cinemex Manacar","fecha_fundacion":"1000-01-01","adscripcion_original":"Cadena Mexicana de Exhibición, S.A. de C.V.","tipo_gestion":"PRIVADO","criterio_clasificacion":"EVIDENCIA_INSTITUCIONAL_PRIVADA","fuente_revision_gestion":"","nota_revision_gestion":"","estado_id":"9","entidad":"Ciudad de México","municipio_id":"14","municipio":"Benito Juárez","localidad_id":"1","localidad":"Benito Juárez","calle_numero":"Iinsurgentes Sur 1357","colonia":"Col. Insurgentes Mixcoac","cp":"3920.0","telefono":"","pagina_web":"","email":"","facebook":"","twitter":"","instagram":"","aforo":"","tipo_escenario":"","num_pantallas":9,"link_sic":"http://sic.gob.mx/ficha.php?table=comp_cine&table_id=82","fecha_modificacion":"2022-05-25 07:51:52-05","es_pilares":"NO","dataset_relacionado":"","revision_manual":"NO","motivo_revision":"","fuente":"Sistema de Información Cultural (SIC)"}},{"type":"Feature","geometry":{"type":"Point","coordinates":[-99.17871,19.3712]},"properties":{"id_cultural":"CINE_1091","id_sic":"1091","tipo_cultural":"CINE","nombre":"Cinemex Galerías Insurgentes Market","fecha_fundacion":"1000-01-01","adscripcion_original":"Cadena Mexicana de Exhibición, S.A. de C.V.","tipo_gestion":"PRIVADO","criterio_clasificacion":"EVIDENCIA_INSTITUCIONAL_PRIVADA","fuente_revision_gestion":"","nota_revision_gestion":"","estado_id":"9","entidad":"Ciudad de México","municipio_id":"14","municipio":"Benito Juárez","localidad_id":"1","localidad":"Benito Juárez","calle_numero":"Parroquia 194","colonia":"Col. Del Valle Sur","cp":"3230.0","telefono":"","pagina_web":"","email":"","facebook":"","twitter":"","instagram":"","aforo":"","tipo_escenario":"","num_pantallas":9,"link_sic":"http://sic.gob.mx/ficha.php?table=comp_cine&table_id=1091","fecha_modificacion":"2022-10-17 06:16:29-05","es_pilares":"NO","dataset_relacionado":"","revision_manual":"NO","motivo_revision":"","fuente":"Sistema de Información Cultural (SIC)"}},{"type":"Feature","geometry":{"type":"Point","coordinates":[-99.15363,19.40224]},"properties":{"id_cultural":"CINE_571","id_sic":"571","tipo_cultural":"CINE","nombre":"Cinemex Parque Delta Platino","fecha_fundacion":"1000-01-01","adscripcion_original":"Cadena Mexicana de Exhibición, S.A. de C.V.","tipo_gestion":"PRIVADO","criterio_clasificacion":"EVIDENCIA_INSTITUCIONAL_PRIVADA","fuente_revision_gestion":"","nota_revision_gestion":"","estado_id":"9","entidad":"Ciudad de México","municipio_id":"14","municipio":"Benito Juárez","localidad_id":"1","localidad":"Benito Juárez","calle_numero":"Av. Cuauhtémoc 462 esq. Obrero Mundial","colonia":"Col. Narvarte","cp":"3020.0","telefono":"","pagina_web":"","email":"","facebook":"","twitter":"","instagram":"","aforo":"","tipo_escenario":"","num_pantallas":6,"link_sic":"http://sic.gob.mx/ficha.php?table=comp_cine&table_id=571","fecha_modificacion":"2022-09-26 07:23:20-05","es_pilares":"NO","dataset_relacionado":"","revision_manual":"NO","motivo_revision":"","fuente":"Sistema de Información Cultural (SIC)"}},{"type":"Feature","geometry":{"type":"Point","coordinates":[-99.16305,19.3732]},"properties":{"id_cultural":"CINE_85","id_sic":"85","tipo_cultural":"CINE","nombre":"Cinemex Universidad","fecha_fundacion":"1000-01-01","adscripcion_original":"Cadena Mexicana de Exhibición, S.A. de C.V.","tipo_gestion":"PRIVADO","criterio_clasificacion":"EVIDENCIA_INSTITUCIONAL_PRIVADA","fuente_revision_gestion":"","nota_revision_gestion":"","estado_id":"9","entidad":"Ciudad de México","municipio_id":"14","municipio":"Benito Juárez","localidad_id":"1","localidad":"Benito Juárez","calle_numero":"Av. Universidad 740 esq. Miguel Laurent","colonia":"Col. Del Valle","cp":"3310.0","telefono":"","pagina_web":"","email":"","facebook":"","twitter":"","instagram":"","aforo":"","tipo_escenario":"","num_pantallas":12,"link_sic":"http://sic.gob.mx/ficha.php?table=comp_cine&table_id=85","fecha_modificacion":"2022-09-27 05:40:32-05","es_pilares":"NO","dataset_relacionado":"","revision_manual":"NO","motivo_revision":"","fuente":"Sistema de Información Cultural (SIC)"}},{"type":"Feature","geometry":{"type":"Point","coordinates":[-99.17292,19.3731]},"properties":{"id_cultural":"CINE_461","id_sic":"461","tipo_cultural":"CINE","nombre":"Cinemex Félix Cuevas Platino","fecha_fundacion":"1000-01-01","adscripcion_original":"Cadena Mexicana de Exhibición, S.A. de C.V.","tipo_gestion":"PRIVADO","criterio_clasificacion":"EVIDENCIA_INSTITUCIONAL_PRIVADA","fuente_revision_gestion":"","nota_revision_gestion":"","estado_id":"9","entidad":"Ciudad de México","municipio_id":"14","municipio":"Benito Juárez","localidad_id":"1","localidad":"Benito Juárez","calle_numero":"Av. Félix Cuevas 374","colonia":"Col. Del Valle","cp":"3100.0","telefono":"","pagina_web":"","email":"","facebook":"","twitter":"","instagram":"","aforo":"","tipo_escenario":"","num_pantallas":7,"link_sic":"http://sic.gob.mx/ficha.php?table=comp_cine&table_id=461","fecha_modificacion":"2022-09-28 03:10:38-05","es_pilares":"NO","dataset_relacionado":"","revision_manual":"NO","motivo_revision":"","fuente":"Sistema de Información Cultural (SIC)"}},{"type":"Feature","geometry":{"type":"Point","coordinates":[-99.14735,19.4363]},"properties":{"id_cultural":"CINE_100","id_sic":"100","tipo_cultural":"CINE","nombre":"Cinemex Real","fecha_fundacion":"1000-01-01","adscripcion_original":"Cadena Mexicana de Exhibición, S.A. de C.V.","tipo_gestion":"PRIVADO","criterio_clasificacion":"EVIDENCIA_INSTITUCIONAL_PRIVADA","fuente_revision_gestion":"","nota_revision_gestion":"","estado_id":"9","entidad":"Ciudad de México","municipio_id":"15","municipio":"Cuauhtémoc","localidad_id":"1","localidad":"Cuauhtémoc","calle_numero":"Colón 17 esq. Balderas y Reforma","colonia":"Centro","cp":"6440.0","telefono":"","pagina_web":"","email":"","facebook":"","twitter":"","instagram":"","aforo":"","tipo_escenario":"","num_pantallas":8,"link_sic":"http://sic.gob.mx/ficha.php?table=comp_cine&table_id=100","fecha_modificacion":"2022-09-27 06:36:47-05","es_pilares":"NO","dataset_relacionado":"","revision_manual":"NO","motivo_revision":"","fuente":"Sistema de Información Cultural (SIC)"}},{"type":"Feature","geometry":{"type":"Point","coordinates":[-99.15133,19.4515]},"properties":{"id_cultural":"CINE_469","id_sic":"469","tipo_cultural":"CINE","nombre":"Cinépolis Fórum Buenavista","fecha_fundacion":"1000-01-01","adscripcion_original":"Cinépolis de México, S.A. de C.V.","tipo_gestion":"PRIVADO","criterio_clasificacion":"EVIDENCIA_INSTITUCIONAL_PRIVADA","fuente_revision_gestion":"","nota_revision_gestion":"","estado_id":"9","entidad":"Ciudad de México","municipio_id":"15","municipio":"Cuauhtémoc","localidad_id":"1","localidad":"Cuauhtémoc","calle_numero":"Eje 1 Norte Mosqueta 259 esq. Insurguentes","colonia":"Col. Buenavista","cp":"6350.0","telefono":"","pagina_web":"","email":"","facebook":"","twitter":"","instagram":"","aforo":"","tipo_escenario":"","num_pantallas":16,"link_sic":"http://sic.gob.mx/ficha.php?table=comp_cine&table_id=469","fecha_modificacion":"2022-08-23 05:23:00-05","es_pilares":"NO","dataset_relacionado":"","revision_manual":"NO","motivo_revision":"","fuente":"Sistema de Información Cultural (SIC)"}},{"type":"Feature","geometry":{"type":"Point","coordinates":[-99.14049,19.43286]},"properties":{"id_cultural":"CINE_788","id_sic":"788","tipo_cultural":"CINE","nombre":"Cine Savoy","fecha_fundacion":"1943-01-01","adscripcion_original":"Independiente","tipo_gestion":"PRIVADO","criterio_clasificacion":"CLASIFICACION_EXPLICITA","fuente_revision_gestion":"","nota_revision_gestion":"","estado_id":"9","entidad":"Ciudad de México","municipio_id":"15","municipio":"Cuauhtémoc","localidad_id":"1","localidad":"Cuauhtémoc","calle_numero":"16 de Septiembre núm. 4","colonia":"Centro","cp":"6010.0","telefono":"","pagina_web":"","email":"","facebook":"","twitter":"","instagram":"","aforo":"","tipo_escenario":"","num_pantallas":1,"link_sic":"http://sic.gob.mx/ficha.php?table=comp_cine&table_id=788","fecha_modificacion":"2022-08-01 16:01:33-05","es_pilares":"NO","dataset_relacionado":"","revision_manual":"NO","motivo_revision":"","fuente":"Sistema de Información Cultural (SIC)"}},{"type":"Feature","geometry":{"type":"Point","coordinates":[-99.13035,19.41898]},"properties":{"id_cultural":"CINE_1056","id_sic":"1056","tipo_cultural":"CINE","nombre":"Cinemex Portal Centro","fecha_fundacion":"1000-01-01","adscripcion_original":"Cadena Mexicana de Exhibición, S.A. de C.V.","tipo_gestion":"PRIVADO","criterio_clasificacion":"EVIDENCIA_INSTITUCIONAL_PRIVADA","fuente_revision_gestion":"","nota_revision_gestion":"","estado_id":"9","entidad":"Ciudad de México","municipio_id":"15","municipio":"Cuauhtémoc","localidad_id":"1","localidad":"Cuauhtémoc","calle_numero":"Av. Lorenzo Boturini 258 esq. Francisco Clavijero","colonia":"Col. Tránsito","cp":"6820.0","telefono":"","pagina_web":"","email":"","facebook":"","twitter":"","instagram":"","aforo":"","tipo_escenario":"","num_pantallas":9,"link_sic":"http://sic.gob.mx/ficha.php?table=comp_cine&table_id=1056","fecha_modificacion":"2022-09-27 06:24:27-05","es_pilares":"NO","dataset_relacionado":"","revision_manual":"NO","motivo_revision":"","fuente":"Sistema de Información Cultural (SIC)"}},{"type":"Feature","geometry":{"type":"Point","coordinates":[-99.14087,19.45065]},"properties":{"id_cultural":"CINE_1055","id_sic":"1055","tipo_cultural":"CINE","nombre":"Cinépolis Plaza Tlatelolco","fecha_fundacion":"1000-01-01","adscripcion_original":"Cinépolis de México, S.A. de C.V.","tipo_gestion":"PRIVADO","criterio_clasificacion":"EVIDENCIA_INSTITUCIONAL_PRIVADA","fuente_revision_gestion":"","nota_revision_gestion":"","estado_id":"9","entidad":"Ciudad de México","municipio_id":"15","municipio":"Cuauhtémoc","localidad_id":"1","localidad":"Cuauhtémoc","calle_numero":"Av. Ricardo Flores Magón 210","colonia":"Col. Guerrero","cp":"6300.0","telefono":"","pagina_web":"","email":"","facebook":"","twitter":"","instagram":"","aforo":"","tipo_escenario":"","num_pantallas":5,"link_sic":"http://sic.gob.mx/ficha.php?table=comp_cine&table_id=1055","fecha_modificacion":"2022-09-30 08:54:14-05","es_pilares":"NO","dataset_relacionado":"","revision_manual":"NO","motivo_revision":"","fuente":"Sistema de Información Cultural (SIC)"}},{"type":"Feature","geometry":{"type":"Point","coordinates":[-99.17158,19.42588]},"properties":{"id_cultural":"CINE_101","id_sic":"101","tipo_cultural":"CINE","nombre":"Cinépolis Diana","fecha_fundacion":"1000-01-01","adscripcion_original":"Cinépolis de México, S.A. de C.V.","tipo_gestion":"PRIVADO","criterio_clasificacion":"EVIDENCIA_INSTITUCIONAL_PRIVADA","fuente_revision_gestion":"","nota_revision_gestion":"","estado_id":"9","entidad":"Ciudad de México","municipio_id":"15","municipio":"Cuauhtémoc","localidad_id":"1","localidad":"Cuauhtémoc","calle_numero":"Av. Paseo de la Reforma 423","colonia":"Col. Cuauhtémoc","cp":"6500.0","telefono":"","pagina_web":"","email":"","facebook":"","twitter":"","instagram":"","aforo":"","tipo_escenario":"","num_pantallas":8,"link_sic":"http://sic.gob.mx/ficha.php?table=comp_cine&table_id=101","fecha_modificacion":"2022-10-05 05:33:46-05","es_pilares":"NO","dataset_relacionado":"","revision_manual":"NO","motivo_revision":"","fuente":"Sistema de Información Cultural (SIC)"}},{"type":"Feature","geometry":{"type":"Point","coordinates":[-99.1693,19.42738]},"properties":{"id_cultural":"CINE_468","id_sic":"468","tipo_cultural":"CINE","nombre":"Cinemex Reforma Casa de Arte","fecha_fundacion":"1000-01-01","adscripcion_original":"Operadora de AP CineMall S.A. de C.V.","tipo_gestion":"PRIVADO","criterio_clasificacion":"EVIDENCIA_INSTITUCIONAL_PRIVADA","fuente_revision_gestion":"","nota_revision_gestion":"","estado_id":"9","entidad":"Ciudad de México","municipio_id":"15","municipio":"Cuauhtémoc","localidad_id":"1","localidad":"Cuauhtémoc","calle_numero":"Río Guadalquivir 104","colonia":"Col. Cuauhtémoc","cp":"6500.0","telefono":"","pagina_web":"","email":"","facebook":"","twitter":"","instagram":"","aforo":"","tipo_escenario":"","num_pantallas":4,"link_sic":"http://sic.gob.mx/ficha.php?table=comp_cine&table_id=468","fecha_modificacion":"2025-08-14 13:29:16-06","es_pilares":"NO","dataset_relacionado":"","revision_manual":"NO","motivo_revision":"","fuente":"Sistema de Información Cultural (SIC)"}},{"type":"Feature","geometry":{"type":"Point","coordinates":[-99.15482,19.42524]},"properties":{"id_cultural":"CINE_102","id_sic":"102","tipo_cultural":"CINE","nombre":"Cinemex Centro Telmex","fecha_fundacion":"1000-01-01","adscripcion_original":"Cadena Mexicana de Exhibición, S.A. de C.V.","tipo_gestion":"PRIVADO","criterio_clasificacion":"EVIDENCIA_INSTITUCIONAL_PRIVADA","fuente_revision_gestion":"","nota_revision_gestion":"","estado_id":"9","entidad":"Ciudad de México","municipio_id":"15","municipio":"Cuauhtémoc","localidad_id":"1","localidad":"Cuauhtémoc","calle_numero":"Av. Chapultepec 19 esq. Av. Cuauhtémoc","colonia":"Col. Roma Sur","cp":"6700.0","telefono":"","pagina_web":"","email":"","facebook":"","twitter":"","instagram":"","aforo":"","tipo_escenario":"","num_pantallas":10,"link_sic":"http://sic.gob.mx/ficha.php?table=comp_cine&table_id=102","fecha_modificacion":"2022-09-27 05:39:18-05","es_pilares":"NO","dataset_relacionado":"","revision_manual":"NO","motivo_revision":"","fuente":"Sistema de Información Cultural (SIC)"}},{"type":"Feature","geometry":{"type":"Point","coordinates":[-99.17574,19.42289]},"properties":{"id_cultural":"CINE_924","id_sic":"924","tipo_cultural":"CINE","nombre":"Cine Más Allá (CCD)","fecha_fundacion":"2012-01-01","adscripcion_original":"Centro de Cultura Digital de la Secretaría de Cultura","tipo_gestion":"PUBLICO","criterio_clasificacion":"EVIDENCIA_INSTITUCIONAL_PUBLICA","fuente_revision_gestion":"","nota_revision_gestion":"","estado_id":"9","entidad":"Ciudad de México","municipio_id":"15","municipio":"Cuauhtémoc","localidad_id":"1","localidad":"Cuauhtémoc","calle_numero":"Paseo de Reforma s/n esq. Lieja","colonia":"Col. Juárez","cp":"6600.0","telefono":"","pagina_web":"","email":"","facebook":"","twitter":"","instagram":"","aforo":"","tipo_escenario":"","num_pantallas":1,"link_sic":"http://sic.gob.mx/ficha.php?table=comp_cine&table_id=924","fecha_modificacion":"2026-01-29 17:39:45-06","es_pilares":"NO","dataset_relacionado":"","revision_manual":"NO","motivo_revision":"","fuente":"Sistema de Información Cultural (SIC)"}},{"type":"Feature","geometry":{"type":"Point","coordinates":[-99.16146,19.42844]},"properties":{"id_cultural":"CINE_103","id_sic":"103","tipo_cultural":"CINE","nombre":"Cinemex Reforma 222","fecha_fundacion":"1000-01-01","adscripcion_original":"Cadena Mexicana de Exhibición, S.A. de C.V.","tipo_gestion":"PRIVADO","criterio_clasificacion":"EVIDENCIA_INSTITUCIONAL_PRIVADA","fuente_revision_gestion":"","nota_revision_gestion":"","estado_id":"9","entidad":"Ciudad de México","municipio_id":"15","municipio":"Cuauhtémoc","localidad_id":"1","localidad":"Cuauhtémoc","calle_numero":"Av. Paseo de la Reforma 222","colonia":"Col. Juárez","cp":"6600.0","telefono":"","pagina_web":"","email":"","facebook":"","twitter":"","instagram":"","aforo":"","tipo_escenario":"","num_pantallas":11,"link_sic":"http://sic.gob.mx/ficha.php?table=comp_cine&table_id=103","fecha_modificacion":"2022-09-26 07:22:49-05","es_pilares":"NO","dataset_relacionado":"","revision_manual":"NO","motivo_revision":"","fuente":"Sistema de Información Cultural (SIC)"}},{"type":"Feature","geometry":{"type":"Point","coordinates":[-99.14276,19.45497]},"properties":{"id_cultural":"CINE_1172","id_sic":"1172","tipo_cultural":"CINE","nombre":"Cinépolis Puerta Tlatelolco","fecha_fundacion":"1000-01-01","adscripcion_original":"Cinépolis de México, S.A. de C.V.","tipo_gestion":"PRIVADO","criterio_clasificacion":"EVIDENCIA_INSTITUCIONAL_PRIVADA","fuente_revision_gestion":"","nota_revision_gestion":"","estado_id":"9","entidad":"Ciudad de México","municipio_id":"15","municipio":"Cuauhtémoc","localidad_id":"1","localidad":"Cuauhtémoc","calle_numero":"Eje 2 Norte Manuel González 95","colonia":"Col. San Simón Tolnáhuac","cp":"6920.0","telefono":"","pagina_web":"","email":"","facebook":"","twitter":"","instagram":"","aforo":"","tipo_escenario":"","num_pantallas":0,"link_sic":"http://sic.gob.mx/ficha.php?table=comp_cine&table_id=1172","fecha_modificacion":"2022-10-10 05:37:31-05","es_pilares":"NO","dataset_relacionado":"","revision_manual":"NO","motivo_revision":"","fuente":"Sistema de Información Cultural (SIC)"}},{"type":"Feature","geometry":{"type":"Point","coordinates":[-99.15141,19.43188]},"properties":{"id_cultural":"CINE_98","id_sic":"98","tipo_cultural":"CINE","nombre":"Cinépolis Bucareli","fecha_fundacion":"1000-01-01","adscripcion_original":"Cinépolis de México, S.A. de C.V.","tipo_gestion":"PRIVADO","criterio_clasificacion":"EVIDENCIA_INSTITUCIONAL_PRIVADA","fuente_revision_gestion":"","nota_revision_gestion":"","estado_id":"9","entidad":"Ciudad de México","municipio_id":"15","municipio":"Cuauhtémoc","localidad_id":"1","localidad":"Cuauhtémoc","calle_numero":"Bucareli 63","colonia":"Col. Juárez","cp":"6600.0","telefono":"","pagina_web":"","email":"","facebook":"","twitter":"","instagram":"","aforo":"","tipo_escenario":"","num_pantallas":6,"link_sic":"http://sic.gob.mx/ficha.php?table=comp_cine&table_id=98","fecha_modificacion":"2022-10-10 04:27:26-05","es_pilares":"NO","dataset_relacionado":"","revision_manual":"NO","motivo_revision":"","fuente":"Sistema de Información Cultural (SIC)"}},{"type":"Feature","geometry":{"type":"Point","coordinates":[-99.16017,19.42932]},"properties":{"id_cultural":"CINE_938","id_sic":"938","tipo_cultural":"CINE","nombre":"Auto Drive Cinema, Insurgentes","fecha_fundacion":"1000-01-01","adscripcion_original":"Drive Cinema S.A. de C.V.","tipo_gestion":"PRIVADO","criterio_clasificacion":"EVIDENCIA_INSTITUCIONAL_PRIVADA","fuente_revision_gestion":"","nota_revision_gestion":"","estado_id":"9","entidad":"Ciudad de México","municipio_id":"15","municipio":"Cuauhtémoc","localidad_id":"1","localidad":"Cuauhtémoc","calle_numero":"Av. Insurgentes 14","colonia":"Col. Hipódromo","cp":"6600.0","telefono":"","pagina_web":"","email":"","facebook":"","twitter":"","instagram":"","aforo":"","tipo_escenario":"","num_pantallas":1,"link_sic":"http://sic.gob.mx/ficha.php?table=comp_cine&table_id=938","fecha_modificacion":"2022-08-02 12:31:02-05","es_pilares":"NO","dataset_relacionado":"","revision_manual":"NO","motivo_revision":"","fuente":"Sistema de Información Cultural (SIC)"}},{"type":"Feature","geometry":{"type":"Point","coordinates":[-99.16686,19.43269]},"properties":{"id_cultural":"CINE_472","id_sic":"472","tipo_cultural":"CINE","nombre":"Le Cinéma Ifal","fecha_fundacion":"1000-01-01","adscripcion_original":"Independiente","tipo_gestion":"PRIVADO","criterio_clasificacion":"CLASIFICACION_EXPLICITA","fuente_revision_gestion":"","nota_revision_gestion":"","estado_id":"9","entidad":"Ciudad de México","municipio_id":"15","municipio":"Cuauhtémoc","localidad_id":"1","localidad":"Cuauhtémoc","calle_numero":"Río Nazas 43","colonia":"Col. Cuauhtémoc","cp":"6500.0","telefono":"","pagina_web":"","email":"","facebook":"","twitter":"","instagram":"","aforo":"","tipo_escenario":"","num_pantallas":1,"link_sic":"http://sic.gob.mx/ficha.php?table=comp_cine&table_id=472","fecha_modificacion":"2023-04-03 05:10:48-06","es_pilares":"NO","dataset_relacionado":"","revision_manual":"NO","motivo_revision":"","fuente":"Sistema de Información Cultural (SIC)"}},{"type":"Feature","geometry":{"type":"Point","coordinates":[-99.15573,19.41153]},"properties":{"id_cultural":"CINE_105","id_sic":"105","tipo_cultural":"CINE","nombre":"Cinemex Cuauhtémoc","fecha_fundacion":"1989-01-01","adscripcion_original":"Cadena Mexicana de Exhibición, S.A. de C.V.","tipo_gestion":"PRIVADO","criterio_clasificacion":"EVIDENCIA_INSTITUCIONAL_PRIVADA","fuente_revision_gestion":"","nota_revision_gestion":"","estado_id":"9","entidad":"Ciudad de México","municipio_id":"15","municipio":"Cuauhtémoc","localidad_id":"1","localidad":"Cuauhtémoc","calle_numero":"Pabellón Cuauhtémoc, Antonio M. Anza 20","colonia":"Col. Roma","cp":"6720.0","telefono":"","pagina_web":"","email":"","facebook":"","twitter":"","instagram":"","aforo":"","tipo_escenario":"","num_pantallas":12,"link_sic":"http://sic.gob.mx/ficha.php?table=comp_cine&table_id=105","fecha_modificacion":"2022-10-18 14:06:13-05","es_pilares":"NO","dataset_relacionado":"","revision_manual":"NO","motivo_revision":"","fuente":"Sistema de Información Cultural (SIC)"}},{"type":"Feature","geometry":{"type":"Point","coordinates":[-99.16608,19.41272]},"properties":{"id_cultural":"CINE_99","id_sic":"99","tipo_cultural":"CINE","nombre":"Cinemex Insurgentes","fecha_fundacion":"1000-01-01","adscripcion_original":"Cadena Mexicana de Exhibición, S.A. de C.V.","tipo_gestion":"PRIVADO","criterio_clasificacion":"EVIDENCIA_INSTITUCIONAL_PRIVADA","fuente_revision_gestion":"","nota_revision_gestion":"","estado_id":"9","entidad":"Ciudad de México","municipio_id":"15","municipio":"Cuauhtémoc","localidad_id":"1","localidad":"Cuauhtémoc","calle_numero":"San Luis Potosí esq. Insurgentes 214","colonia":"Col. Roma","cp":"6760.0","telefono":"","pagina_web":"","email":"","facebook":"","twitter":"","instagram":"","aforo":"","tipo_escenario":"","num_pantallas":7,"link_sic":"http://sic.gob.mx/ficha.php?table=comp_cine&table_id=99","fecha_modificacion":"2022-09-27 06:21:13-05","es_pilares":"NO","dataset_relacionado":"","revision_manual":"NO","motivo_revision":"","fuente":"Sistema de Información Cultural (SIC)"}},{"type":"Feature","geometry":{"type":"Point","coordinates":[-99.13777,19.43078]},"properties":{"id_cultural":"CINE_471","id_sic":"471","tipo_cultural":"CINE","nombre":"La Casa del Cine MX","fecha_fundacion":"1000-01-01","adscripcion_original":"Independiente","tipo_gestion":"PRIVADO","criterio_clasificacion":"CLASIFICACION_EXPLICITA","fuente_revision_gestion":"","nota_revision_gestion":"","estado_id":"9","entidad":"Ciudad de México","municipio_id":"15","municipio":"Cuauhtémoc","localidad_id":"1","localidad":"Cuauhtémoc","calle_numero":"República de Uruguay 52","colonia":"Centro Histórico","cp":"6000.0","telefono":"","pagina_web":"","email":"","facebook":"","twitter":"","instagram":"","aforo":"","tipo_escenario":"","num_pantallas":2,"link_sic":"http://sic.gob.mx/ficha.php?table=comp_cine&table_id=471","fecha_modificacion":"2022-08-08 06:40:18-05","es_pilares":"NO","dataset_relacionado":"","revision_manual":"NO","motivo_revision":"","fuente":"Sistema de Información Cultural (SIC)"}},{"type":"Feature","geometry":{"type":"Point","coordinates":[-99.16051,19.40886]},"properties":{"id_cultural":"CINE_470","id_sic":"470","tipo_cultural":"CINE","nombre":"Cine Tonalá","fecha_fundacion":"1000-01-01","adscripcion_original":"Independiente","tipo_gestion":"PRIVADO","criterio_clasificacion":"CLASIFICACION_EXPLICITA","fuente_revision_gestion":"","nota_revision_gestion":"","estado_id":"9","entidad":"Ciudad de México","municipio_id":"15","municipio":"Cuauhtémoc","localidad_id":"1","localidad":"Cuauhtémoc","calle_numero":"Tonalá 261","colonia":"Col. Roma","cp":"6760.0","telefono":"","pagina_web":"","email":"","facebook":"","twitter":"","instagram":"","aforo":"","tipo_escenario":"","num_pantallas":1,"link_sic":"http://sic.gob.mx/ficha.php?table=comp_cine&table_id=470","fecha_modificacion":"2022-08-09 06:54:53-05","es_pilares":"NO","dataset_relacionado":"","revision_manual":"NO","motivo_revision":"","fuente":"Sistema de Información Cultural (SIC)"}},{"type":"Feature","geometry":{"type":"Point","coordinates":[-99.20378,19.43922]},"properties":{"id_cultural":"CINE_127","id_sic":"127","tipo_cultural":"CINE","nombre":"Cinemex Antara","fecha_fundacion":"1000-01-01","adscripcion_original":"Cadena Mexicana de Exhibición, S.A. de C.V.","tipo_gestion":"PRIVADO","criterio_clasificacion":"EVIDENCIA_INSTITUCIONAL_PRIVADA","fuente_revision_gestion":"","nota_revision_gestion":"","estado_id":"9","entidad":"Ciudad de México","municipio_id":"16","municipio":"Miguel Hidalgo","localidad_id":"1","localidad":"Miguel Hidalgo","calle_numero":"Av. Ejército Nacional 843-B","colonia":"Col. Granada","cp":"11520.0","telefono":"","pagina_web":"","email":"","facebook":"","twitter":"","instagram":"","aforo":"","tipo_escenario":"","num_pantallas":8,"link_sic":"http://sic.gob.mx/ficha.php?table=comp_cine&table_id=127","fecha_modificacion":"2022-09-26 18:21:29-05","es_pilares":"NO","dataset_relacionado":"","revision_manual":"NO","motivo_revision":"","fuente":"Sistema de Información Cultural (SIC)"}},{"type":"Feature","geometry":{"type":"Point","coordinates":[-99.20746,19.43709]},"properties":{"id_cultural":"CINE_126","id_sic":"126","tipo_cultural":"CINE","nombre":"Cinemex Pabellón Polanco","fecha_fundacion":"1000-01-01","adscripcion_original":"Cadena Mexicana de Exhibición, S.A. de C.V.","tipo_gestion":"PRIVADO","criterio_clasificacion":"EVIDENCIA_INSTITUCIONAL_PRIVADA","fuente_revision_gestion":"","nota_revision_gestion":"","estado_id":"9","entidad":"Ciudad de México","municipio_id":"16","municipio":"Miguel Hidalgo","localidad_id":"1","localidad":"Miguel Hidalgo","calle_numero":"Ejército Nacional 980","colonia":"Col. Chapultepec Morales","cp":"11560.0","telefono":"","pagina_web":"","email":"","facebook":"","twitter":"","instagram":"","aforo":"","tipo_escenario":"","num_pantallas":7,"link_sic":"http://sic.gob.mx/ficha.php?table=comp_cine&table_id=126","fecha_modificacion":"2022-09-27 07:00:07-05","es_pilares":"NO","dataset_relacionado":"","revision_manual":"NO","motivo_revision":"","fuente":"Sistema de Información Cultural (SIC)"}},{"type":"Feature","geometry":{"type":"Point","coordinates":[-99.20412,19.44152]},"properties":{"id_cultural":"CINE_479","id_sic":"479","tipo_cultural":"CINE","nombre":"Cinépolis Plaza Carso","fecha_fundacion":"1000-01-01","adscripcion_original":"Cinépolis de México, S.A. de C.V.","tipo_gestion":"PRIVADO","criterio_clasificacion":"EVIDENCIA_INSTITUCIONAL_PRIVADA","fuente_revision_gestion":"","nota_revision_gestion":"","estado_id":"9","entidad":"Ciudad de México","municipio_id":"16","municipio":"Miguel Hidalgo","localidad_id":"1","localidad":"Miguel Hidalgo","calle_numero":"Lago Zúrich 245","colonia":"Col. Ampliación Granada","cp":"11529.0","telefono":"","pagina_web":"","email":"","facebook":"","twitter":"","instagram":"","aforo":"","tipo_escenario":"","num_pantallas":5,"link_sic":"http://sic.gob.mx/ficha.php?table=comp_cine&table_id=479","fecha_modificacion":"2022-09-30 03:51:20-05","es_pilares":"NO","dataset_relacionado":"","revision_manual":"NO","motivo_revision":"","fuente":"Sistema de Información Cultural (SIC)"}},{"type":"Feature","geometry":{"type":"Point","coordinates":[-99.20376,19.43928]},"properties":{"id_cultural":"CINE_476","id_sic":"476","tipo_cultural":"CINE","nombre":"Cinemex Antara Platino","fecha_fundacion":"1000-01-01","adscripcion_original":"Cadena Mexicana de Exhibición, S.A. de C.V.","tipo_gestion":"PRIVADO","criterio_clasificacion":"EVIDENCIA_INSTITUCIONAL_PRIVADA","fuente_revision_gestion":"","nota_revision_gestion":"","estado_id":"9","entidad":"Ciudad de México","municipio_id":"16","municipio":"Miguel Hidalgo","localidad_id":"1","localidad":"Miguel Hidalgo","calle_numero":"Av. Ejercito Nacional 843-B","colonia":"Col. Granada","cp":"11520.0","telefono":"","pagina_web":"","email":"","facebook":"","twitter":"","instagram":"","aforo":"","tipo_escenario":"","num_pantallas":4,"link_sic":"http://sic.gob.mx/ficha.php?table=comp_cine&table_id=476","fecha_modificacion":"2022-09-27 04:27:18-05","es_pilares":"NO","dataset_relacionado":"","revision_manual":"NO","motivo_revision":"","fuente":"Sistema de Información Cultural (SIC)"}},{"type":"Feature","geometry":{"type":"Point","coordinates":[-99.24289,19.40248]},"properties":{"id_cultural":"CINE_124","id_sic":"124","tipo_cultural":"CINE","nombre":"Cinemex Duraznos Platino","fecha_fundacion":"2010-09-01","adscripcion_original":"Cadena Mexicana de Exhibición, S.A. de C.V.","tipo_gestion":"PRIVADO","criterio_clasificacion":"EVIDENCIA_INSTITUCIONAL_PRIVADA","fuente_revision_gestion":"","nota_revision_gestion":"","estado_id":"9","entidad":"Ciudad de México","municipio_id":"16","municipio":"Miguel Hidalgo","localidad_id":"1","localidad":"Miguel Hidalgo","calle_numero":"Bosques de Duraznos 39","colonia":"Col. Bosques de las Lomas","cp":"11700.0","telefono":"","pagina_web":"","email":"","facebook":"","twitter":"","instagram":"","aforo":"","tipo_escenario":"","num_pantallas":5,"link_sic":"http://sic.gob.mx/ficha.php?table=comp_cine&table_id=124","fecha_modificacion":"2023-11-23 06:51:14-06","es_pilares":"NO","dataset_relacionado":"","revision_manual":"NO","motivo_revision":"","fuente":"Sistema de Información Cultural (SIC)"}},{"type":"Feature","geometry":{"type":"Point","coordinates":[-99.20747,19.43707]},"properties":{"id_cultural":"CINE_573","id_sic":"573","tipo_cultural":"CINE","nombre":"Cinemex Pabellón Polanco Platino","fecha_fundacion":"1000-01-01","adscripcion_original":"Cadena Mexicana de Exhibición, S.A. de C.V.","tipo_gestion":"PRIVADO","criterio_clasificacion":"EVIDENCIA_INSTITUCIONAL_PRIVADA","fuente_revision_gestion":"","nota_revision_gestion":"","estado_id":"9","entidad":"Ciudad de México","municipio_id":"16","municipio":"Miguel Hidalgo","localidad_id":"1","localidad":"Miguel Hidalgo","calle_numero":"Av. Ejercito Nacional 980","colonia":"Col. Chapultepec Morales","cp":"11560.0","telefono":"","pagina_web":"","email":"","facebook":"","twitter":"","instagram":"","aforo":"","tipo_escenario":"","num_pantallas":4,"link_sic":"http://sic.gob.mx/ficha.php?table=comp_cine&table_id=573","fecha_modificacion":"2022-09-27 04:41:40-05","es_pilares":"NO","dataset_relacionado":"","revision_manual":"NO","motivo_revision":"","fuente":"Sistema de Información Cultural (SIC)"}},{"type":"Feature","geometry":{"type":"Point","coordinates":[-99.17118,19.43536]},"properties":{"id_cultural":"CINE_128","id_sic":"128","tipo_cultural":"CINE","nombre":"Cinemex Galerías","fecha_fundacion":"1000-01-01","adscripcion_original":"Cadena Mexicana de Exhibición, S.A. de C.V.","tipo_gestion":"PRIVADO","criterio_clasificacion":"EVIDENCIA_INSTITUCIONAL_PRIVADA","fuente_revision_gestion":"","nota_revision_gestion":"","estado_id":"9","entidad":"Ciudad de México","municipio_id":"16","municipio":"Miguel Hidalgo","localidad_id":"1","localidad":"Miguel Hidalgo","calle_numero":"Circuito Interior esq. Marina Nacional","colonia":"Col. Verónica Anzúres","cp":"11300.0","telefono":"","pagina_web":"","email":"","facebook":"","twitter":"","instagram":"","aforo":"","tipo_escenario":"","num_pantallas":10,"link_sic":"http://sic.gob.mx/ficha.php?table=comp_cine&table_id=128","fecha_modificacion":"2022-09-30 09:08:39-05","es_pilares":"NO","dataset_relacionado":"","revision_manual":"NO","motivo_revision":"","fuente":"Sistema de Información Cultural (SIC)"}},{"type":"Feature","geometry":{"type":"Point","coordinates":[-459.20256,19.44428]},"properties":{"id_cultural":"CINE_915","id_sic":"915","tipo_cultural":"CINE","nombre":"Autocinema Coyote, Polanco","fecha_fundacion":"1000-01-01","adscripcion_original":"Autocinema Coyote SA de CV","tipo_gestion":"PRIVADO","criterio_clasificacion":"EVIDENCIA_INSTITUCIONAL_PRIVADA","fuente_revision_gestion":"","nota_revision_gestion":"","estado_id":"9","entidad":"Ciudad de México","municipio_id":"16","municipio":"Miguel Hidalgo","localidad_id":"1","localidad":"Miguel Hidalgo","calle_numero":"Lago Zurich 200","colonia":"Col. Granada","cp":"11529.0","telefono":"","pagina_web":"","email":"","facebook":"","twitter":"","instagram":"","aforo":"","tipo_escenario":"","num_pantallas":1,"link_sic":"http://sic.gob.mx/ficha.php?table=comp_cine&table_id=915","fecha_modificacion":"2022-10-14 05:05:48-05","es_pilares":"NO","dataset_relacionado":"","revision_manual":"NO","motivo_revision":"","fuente":"Sistema de Información Cultural (SIC)"}},{"type":"Feature","geometry":{"type":"Point","coordinates":[-99.20411,19.44156]},"properties":{"id_cultural":"CINE_478","id_sic":"478","tipo_cultural":"CINE","nombre":"Cinépolis VIP Plaza Carso","fecha_fundacion":"1000-01-01","adscripcion_original":"Cinépolis de México, S.A. de C.V.","tipo_gestion":"PRIVADO","criterio_clasificacion":"EVIDENCIA_INSTITUCIONAL_PRIVADA","fuente_revision_gestion":"","nota_revision_gestion":"","estado_id":"9","entidad":"Ciudad de México","municipio_id":"16","municipio":"Miguel Hidalgo","localidad_id":"1","localidad":"Miguel Hidalgo","calle_numero":"Lago Zúrich 245","colonia":"Col. Ampliación Granada","cp":"11529.0","telefono":"","pagina_web":"","email":"","facebook":"","twitter":"","instagram":"","aforo":"","tipo_escenario":"","num_pantallas":4,"link_sic":"http://sic.gob.mx/ficha.php?table=comp_cine&table_id=478","fecha_modificacion":"2023-10-11 04:13:28-06","es_pilares":"NO","dataset_relacionado":"","revision_manual":"NO","motivo_revision":"","fuente":"Sistema de Información Cultural (SIC)"}},{"type":"Feature","geometry":{"type":"Point","coordinates":[-99.1999,19.43958]},"properties":{"id_cultural":"CINE_477","id_sic":"477","tipo_cultural":"CINE","nombre":"Cinépolis VIP Miyana Polanco","fecha_fundacion":"1000-01-01","adscripcion_original":"Cinépolis de México, S.A. de C.V.","tipo_gestion":"PRIVADO","criterio_clasificacion":"EVIDENCIA_INSTITUCIONAL_PRIVADA","fuente_revision_gestion":"","nota_revision_gestion":"","estado_id":"9","entidad":"Ciudad de México","municipio_id":"16","municipio":"Miguel Hidalgo","localidad_id":"1","localidad":"Miguel Hidalgo","calle_numero":"Av. Ejercito Nacional 769","colonia":"Col. Granada","cp":"11570.0","telefono":"","pagina_web":"","email":"","facebook":"","twitter":"","instagram":"","aforo":"","tipo_escenario":"","num_pantallas":7,"link_sic":"http://sic.gob.mx/ficha.php?table=comp_cine&table_id=477","fecha_modificacion":"2022-09-30 12:29:58-05","es_pilares":"NO","dataset_relacionado":"","revision_manual":"NO","motivo_revision":"","fuente":"Sistema de Información Cultural (SIC)"}},{"type":"Feature","geometry":{"type":"Point","coordinates":[-99.09681,19.42156]},"properties":{"id_cultural":"CINE_133","id_sic":"133","tipo_cultural":"CINE","nombre":"Cinépolis Plaza Aeropuerto","fecha_fundacion":"1000-01-01","adscripcion_original":"Cinépolis de México, S.A. de C.V.","tipo_gestion":"PRIVADO","criterio_clasificacion":"EVIDENCIA_INSTITUCIONAL_PRIVADA","fuente_revision_gestion":"","nota_revision_gestion":"","estado_id":"9","entidad":"Ciudad de México","municipio_id":"17","municipio":"Venustiano Carranza","localidad_id":"1","localidad":"Venustiano Carranza","calle_numero":"Calz. Gral. Ignacio Zaragoza 270","colonia":"Col. Santa Cruz Aviación","cp":"15540.0","telefono":"","pagina_web":"","email":"","facebook":"","twitter":"","instagram":"","aforo":"","tipo_escenario":"","num_pantallas":11,"link_sic":"http://sic.gob.mx/ficha.php?table=comp_cine&table_id=133","fecha_modificacion":"2022-10-05 08:27:30-05","es_pilares":"NO","dataset_relacionado":"","revision_manual":"NO","motivo_revision":"","fuente":"Sistema de Información Cultural (SIC)"}},{"type":"Feature","geometry":{"type":"Point","coordinates":[-99.10979,19.43602]},"properties":{"id_cultural":"CINE_998","id_sic":"998","tipo_cultural":"CINE","nombre":"Cinépolis Ánfora","fecha_fundacion":"1000-01-01","adscripcion_original":"Cinépolis de México, S.A. de C.V.","tipo_gestion":"PRIVADO","criterio_clasificacion":"EVIDENCIA_INSTITUCIONAL_PRIVADA","fuente_revision_gestion":"","nota_revision_gestion":"","estado_id":"9","entidad":"Ciudad de México","municipio_id":"17","municipio":"Venustiano Carranza","localidad_id":"1","localidad":"Venustiano Carranza","calle_numero":"Ánfora 71","colonia":"Col. Penitenciaría","cp":"15390.0","telefono":"","pagina_web":"","email":"","facebook":"","twitter":"","instagram":"","aforo":"","tipo_escenario":"","num_pantallas":7,"link_sic":"http://sic.gob.mx/ficha.php?table=comp_cine&table_id=998","fecha_modificacion":"2023-11-24 06:39:28-06","es_pilares":"NO","dataset_relacionado":"","revision_manual":"NO","motivo_revision":"","fuente":"Sistema de Información Cultural (SIC)"}},{"type":"Feature","geometry":{"type":"Point","coordinates":[-99.09338,19.44023]},"properties":{"id_cultural":"CINE_993","id_sic":"993","tipo_cultural":"CINE","nombre":"Cinemex Encuentro Oceanía","fecha_fundacion":"2022-06-16","adscripcion_original":"Cadena Mexicana de Exhibición, S.A. de C.V.","tipo_gestion":"PRIVADO","criterio_clasificacion":"EVIDENCIA_INSTITUCIONAL_PRIVADA","fuente_revision_gestion":"","nota_revision_gestion":"","estado_id":"9","entidad":"Ciudad de México","municipio_id":"17","municipio":"Venustiano Carranza","localidad_id":"1","localidad":"Venustiano Carranza","calle_numero":"Av. del Peñon 355","colonia":"Col. Moctezuma 2da secc.","cp":"15530.0","telefono":"","pagina_web":"","email":"","facebook":"","twitter":"","instagram":"","aforo":"","tipo_escenario":"","num_pantallas":15,"link_sic":"http://sic.gob.mx/ficha.php?table=comp_cine&table_id=993","fecha_modificacion":"2022-09-27 06:35:53-05","es_pilares":"NO","dataset_relacionado":"","revision_manual":"NO","motivo_revision":"","fuente":"Sistema de Información Cultural (SIC)"}}]}