id_cultural,id_sic,tipo_cultural,nombre,fecha_fundacion,adscripcion_original,tipo_gestion,criterio_clasificacion,fuente_revision_gestion,nota_revision_gestion,estado_id,entidad,municipio_id,municipio,localidad_id,localidad,calle_numero,colonia,cp,telefono,pagina_web,email,facebook,twitter,instagram,aforo,tipo_escenario,num_pantallas,longitud,latitud,link_sic,fecha_modificacion,es_pilares,dataset_relacionado,revision_manual,motivo_revision,fuente
TEATRO_474,474,TEATRO,Foro Cultural Azcapotzalco,1978-10-04,Delegación Azcapotzalco,PUBLICO,EVIDENCIA_INSTITUCIONAL_PUBLICA,,,9,Ciudad de México,2,Azcapotzalco,1,Azcapotzalco,Av. Cuitláhuac s/n esq. Pino,Col. Liberación,2930.0,55 5355 0376,https://inba.gob.mx/recinto/696,foroculturalazcapotzalco@hotmail.com,https://www.facebook.com/Eventos-Foro-Cultural-Azcapotzalco-2095605673989730,foroazcapotzalc,,872,semicircular,,-99.15177,19.4729,http://sic.gob.mx/ficha.php?table=teatro&table_id=474,2021-09-20 11:31:18-05,NO,,NO,,Sistema de Información Cultural (SIC)
TEATRO_378,378,TEATRO,Teatro La Capilla,1953-01-20,Compañía Los Endebles A.C.,PRIVADO,EVIDENCIA_INSTITUCIONAL_PRIVADA,,,9,Ciudad de México,3,Coyoacán,1,Coyoacán,Madrid 13,Col. Del Carmen Coyoacán,4100.0,55 3095 4077,https://www.teatrolacapilla.com/,info@teatrolacapilla.com,https://www.facebook.com/LaCapillaTeatro,,https://www.instagram.com/teatrolacapilla/,100,italiano,,-99.16405,19.35738,http://sic.gob.mx/ficha.php?table=teatro&table_id=378,2025-03-14 15:03:16-06,NO,,NO,,Sistema de Información Cultural (SIC)
TEATRO_771,771,TEATRO,Sala Héctor Mendoza,2009-01-01,Secretaría de Cultura/INBA/Compañía Nacional de Teatro,PUBLICO,EVIDENCIA_INSTITUCIONAL_PUBLICA,,,9,Ciudad de México,3,Coyoacán,1,Coyoacán,Francisco Sosa 159,Barrio Santa Catarina,4000.0,55 8647 5621,http://www.cnteatro.bellasartes.gob.mx,publicos.cnteatro@inba.gob.mx,https://www.facebook.com/CNTeatromx/,CNTeatromx,https://www.instagram.com/cnteatromx/,96,italiano,,-99.16975,19.34949,http://sic.gob.mx/ficha.php?table=teatro&table_id=771,2025-09-04 19:28:58-06,NO,,NO,,Sistema de Información Cultural (SIC)
TEATRO_458,458,TEATRO,Teatro Santa Catarina,1970-08-05,UNAM / Dirección de Teatro,PUBLICO,EVIDENCIA_INSTITUCIONAL_PUBLICA,,,9,Ciudad de México,3,Coyoacán,1,Coyoacán,Jardín de Santa Catarina 10 esq. Progreso y Francisco Sosa,Barrio de Santa Catarina,4000.0,55 5658 0560,http://www.teatro.unam.mx/wwwteatrounam/Paginas/stacatarina.html,contactoteatrounam@gmail.com,,,,80,multimodal,,-99.17127,19.34956,http://sic.gob.mx/ficha.php?table=teatro&table_id=458,2021-10-28 12:37:39-05,NO,,NO,,Sistema de Información Cultural (SIC)
TEATRO_952,952,TEATRO,Foro teatral del Albergue del Arte,2009-01-01,Asociación Civil,PRIVADO,EVIDENCIA_INSTITUCIONAL_PRIVADA,,,9,Ciudad de México,3,Coyoacán,1,Coyoacán,Alberto Zamora 32,Col. Villa Coyoacán,40000.0,55 5554 6228,,tadecos08@hotmail.com,https://www.facebook.com/AlberguedelArte?rf=1463106837251971,tadecoteatro,,0,,,-99.16328,19.34598,http://sic.gob.mx/ficha.php?table=teatro&table_id=952,2021-10-01 09:34:08-05,NO,,NO,,Sistema de Información Cultural (SIC)
TEATRO_915,915,TEATRO,Foro Viena,2017-03-31,,NO_DETERMINADO,SIN_ADSCRIPCION,,,9,Ciudad de México,3,Coyoacán,1,Coyoacán,Centenario 159,Col. Del Carmen,4100.0,55 2155 9308,https://www.facebook.com/FOROVIENACOYOACAN/,,,,,250,italiano,,-99.1633,19.35671,http://sic.gob.mx/ficha.php?table=teatro&table_id=915,2023-12-05 13:21:14-06,NO,,SI,No existe adscripción disponible para determinar el tipo de gestión.,Sistema de Información Cultural (SIC)
TEATRO_487,487,TEATRO,Foro Sor Juana Inés de la Cruz,1979-02-26,UNAM/Centro Cultural Universitario,PUBLICO,EVIDENCIA_INSTITUCIONAL_PUBLICA,,,9,Ciudad de México,3,Coyoacán,1,Coyoacán,Av. Insurgentes Sur 3000,Col. Ciudad Universitaria,4510.0,55 5665 5021,https://www.fundacionunam.org.mx/donde-paso/celebra-la-unam-40-anos-del-foro-sor-juana-ines-y-del-teatro-juan-ruiz-de-alarcon/,teatrounam@hotmail.com y mergold@servidor.unam.mx,,,,180,multimodal,,-99.18465,19.31354,http://sic.gob.mx/ficha.php?table=teatro&table_id=487,2021-10-01 08:43:59-05,NO,,NO,,Sistema de Información Cultural (SIC)
TEATRO_481,481,TEATRO,Espacio C Héctor Azar,2005-04-02,"Centro de Arte Dramático, A.C.",PRIVADO,EVIDENCIA_INSTITUCIONAL_PRIVADA,,,9,Ciudad de México,3,Coyoacán,1,Coyoacán,Av. Centenario 26 esq. Belisario Domínguez,Col. Del Carmen,4000.0,55 5554 9091,https://cadac1975.wordpress.com/espacio-c-hector-azar/,cadac1975@hotmail.com,,,,280,escénico,,-99.16409,19.35053,http://sic.gob.mx/ficha.php?table=teatro&table_id=481,2021-09-29 15:13:42-05,NO,,NO,,Sistema de Información Cultural (SIC)
TEATRO_978,978,TEATRO,"Cirkóptero (espacio de creación, entrenamiento y presentación de artes circenses)",2019-05-04,,NO_DETERMINADO,SIN_ADSCRIPCION,,,9,Ciudad de México,3,Coyoacán,1,Coyoacán,Xicoténcatl 110,Col. Del Carmen,4100.0,55 7030 6833,http://www.cirkoptero.com.mx,crucesintervencion.ac@gmail.com,https://www.facebook.com/Cirkoptero/,,,30,multimodal,,-99.15343,19.35474,http://sic.gob.mx/ficha.php?table=teatro&table_id=978,2021-09-24 06:25:17-05,NO,,SI,No existe adscripción disponible para determinar el tipo de gestión.,Sistema de Información Cultural (SIC)
TEATRO_660,660,TEATRO,Aula Teatro Escenario Justo Sierra de la Facultad de Filosofía y Letras,1960-01-01,Colegio de Literatura Dramática y Teatro/UNAM,PUBLICO,EVIDENCIA_INSTITUCIONAL_PUBLICA,,,9,Ciudad de México,3,Coyoacán,1,Coyoacán,,Cd. Universitaria,4510.0,55 5622 1884,http://teatro.filos.unam.mx/inicio/estudiantes/area-de-teatros/,teatro@filos.unam.mx,,,,50,,,-99.18727,19.33443,http://sic.gob.mx/ficha.php?table=teatro&table_id=660,2021-09-29 07:45:04-05,NO,,NO,,Sistema de Información Cultural (SIC)
TEATRO_486,486,TEATRO,Foro Rodolfo Usigli,1989-07-01,SOGEM/Centro Cultural José María Fernández Unsaín,PRIVADO,REVISION_MANUAL,,,9,Ciudad de México,3,Coyoacán,1,Coyoacán,Héroes del 47,Col. San Mateo Churubusco,4120.0,55 5337 0230 ext. 819,https://www.sogem.org/foro-rodolfo-usigli,steatro2@sogem.org.mx,,,,170,isabelino,,-99.15025,19.3513,http://sic.gob.mx/ficha.php?table=teatro&table_id=486,2023-12-05 13:32:20-06,NO,,NO,,Sistema de Información Cultural (SIC)
TEATRO_466,466,TEATRO,Teatro de las Artes,1994-11-24,Secretaría de Cultura/Centro Nacional de las Artes (CENART),PUBLICO,EVIDENCIA_INSTITUCIONAL_PUBLICA,,,9,Ciudad de México,3,Coyoacán,1,Coyoacán,Av. Río Churubusco 79,Col. Country Club,4220.0,55 4155 0000 ext. 1273,http://www.cenart.gob.mx/ubicaciones/teatro-de-las-artes/,edelavega@cultura.gob.mx; vjuradol@cultura.gob.mx; aceballosr@cultura.gob.mx; juribec@cultra.gob.mx,,,,565,italiano,,-99.13892,19.35628,http://sic.gob.mx/ficha.php?table=teatro&table_id=466,2026-01-06 14:28:44-06,NO,,NO,,Sistema de Información Cultural (SIC)
TEATRO_658,658,TEATRO,Aula Teatro Enrique Ruelas de la Facultad de Filosofía y Letras,1960-01-01,UNAM/Colegio de Literatura Dramática y Teatro,PUBLICO,EVIDENCIA_INSTITUCIONAL_PUBLICA,,,9,Ciudad de México,3,Coyoacán,1,Coyoacán,"Circuito Interior s/n, edif.Adolfo Sánchez Vázquez",Col. Ciudad Universitaria,4510.0,55 5622 1884,http://www.filos.unam.mx/LICENCIATURA/Teatro,teatro@filos.unam.mx,https://www.facebook.com/facultaddefilosofiayletras/,filos_unam,,50,,,-99.1873,19.33439,http://sic.gob.mx/ficha.php?table=teatro&table_id=658,2021-09-29 07:41:26-05,NO,,NO,,Sistema de Información Cultural (SIC)
TEATRO_471,471,TEATRO,Foro Experimental Black Box,1995-07-15,Secretaría de Cultura /CENART/Escuela Nacional de Danza Clásica y Contemporánea,PUBLICO,EVIDENCIA_INSTITUCIONAL_PUBLICA,,,9,Ciudad de México,3,Coyoacán,1,Coyoacán,Río Churubusco s/n esq. Calz. de Tlalpan,Col. Country Club,4220.0,55 4155 0000,http://www.cenart.gob.mx/ubicaciones/foro-experimental-black-box/,,https://www.facebook.com/cenartmexico/,,,90,multimodal,,-99.14159,19.35626,http://sic.gob.mx/ficha.php?table=teatro&table_id=471,2021-10-01 08:35:11-05,NO,,NO,,Sistema de Información Cultural (SIC)
TEATRO_701,701,TEATRO,Teatro Bar El Vicio,2005-09-02,,NO_DETERMINADO,SIN_ADSCRIPCION,,,9,Ciudad de México,3,Coyoacán,1,Coyoacán,Madrid 13,Col. Del Carmen,4000.0,55 5659 1139,http://www.elvicio.com.mx/,,https://www.facebook.com/teatrobarelvicio?fref=ts,,,0,italiano,,-99.1642,19.35739,http://sic.gob.mx/ficha.php?table=teatro&table_id=701,2021-09-14 05:38:10-05,NO,,SI,No existe adscripción disponible para determinar el tipo de gestión.,Sistema de Información Cultural (SIC)
TEATRO_679,679,TEATRO,Foro Enrique Alonso,1994-09-10,Casa de Cultura Raúl Anguiano,PUBLICO,REVISION_EXTERNA,Alcaldía Coyoacán / SIC,Recinto cultural registrado por la Alcaldía Coyoacán.,9,Ciudad de México,3,Coyoacán,1,Coyoacán,Rey Nezahualcóyotl esq. Yaquis s/n,Col. Ajusco Huayamilpas,4300.0,55 5617 9189,http://cdmxtravel.com/es/lugares/casa-cultural-raul-anguiano.html,casaculturalraulanguiano@hotmail.com,,,,280,,,-99.1511,19.32275,http://sic.gob.mx/ficha.php?table=teatro&table_id=679,2021-10-01 07:53:59-05,NO,,NO,,Sistema de Información Cultural (SIC)
TEATRO_963,963,TEATRO,Foro del Centro Cultural Los Talleres,1993-01-01,,NO_DETERMINADO,SIN_ADSCRIPCION,,,9,Ciudad de México,3,Coyoacán,1,Coyoacán,Francisco Sosa 29,Del Carmen,4000.0,55 5658 7288,http://www.lostalleres.com.mx,talleres@lostalleres.com.mx,https://www.facebook.com/lostalleresoficial/,lostalleres,,60,italiano,,-99.167,19.34944,http://sic.gob.mx/ficha.php?table=teatro&table_id=963,2025-09-22 14:16:20-06,NO,,SI,No existe adscripción disponible para determinar el tipo de gestión.,Sistema de Información Cultural (SIC)
TEATRO_485,485,TEATRO,Teatro Dr. Jorge Flores Valdés,1992-12-12,UNAM/Centro Cultural Universitario/Museo de las Ciencias Universum,PUBLICO,EVIDENCIA_INSTITUCIONAL_PUBLICA,,,9,Ciudad de México,3,Coyoacán,1,Coyoacán,Circuito Mario de la Cueva s/n,Ciudad Universitaria,4510.0,"55 5622 7260, 55 5622 7287",http://www.universum.unam.mx,centrotelefonico@dgdc.unam.mx,,,,232,italiano,,-99.18135,19.31109,http://sic.gob.mx/ficha.php?table=teatro&table_id=485,2023-10-19 08:42:14-06,NO,,NO,,Sistema de Información Cultural (SIC)
TEATRO_492,492,TEATRO,Foro Casa del Teatro,1991-03-18,"La Casa del Teatro, A.C.",PRIVADO,EVIDENCIA_INSTITUCIONAL_PRIVADA,,,9,Ciudad de México,3,Coyoacán,1,Coyoacán,"Vallarta 31-A, Plaza de la Conchita",Col. La Concepción,4020.0,55 5659 4238,https://www.casadelteatro.com.mx/,casadelteatrocoordinacion@gmail.com; foros.tallereslacasadelteatro@gmail.com,https://es-la.facebook.com/LaCasadelTeatro/,,,50,italiano,,-99.15991,19.34688,http://sic.gob.mx/ficha.php?table=teatro&table_id=492,2022-01-21 13:19:31-06,NO,,NO,,Sistema de Información Cultural (SIC)
TEATRO_344,344,TEATRO,Teatro Salvador Novo,1995-08-24,Secretaría de Cultura/Centro Nacional de las Artes (CENART),PUBLICO,EVIDENCIA_INSTITUCIONAL_PUBLICA,,,9,Ciudad de México,3,Coyoacán,1,Coyoacán,Río Churubusco 79 esq. Calz. de Tlalpan,Col. Country Club,4220.0,"55 4155 0000 exts. 1008, 1321, 1322",https://www.cenart.gob.mx/espacios-escenicos/,abriz@cultura.gob.mx; vjuradol@cultura.gob.mx; aceballosr@cultura.gob.mx; juribec@cultra.gob.mx,https://www.facebook.com/pages/Teatro-Salvador-Novo/201291023323743?locale=es_LA,,https://www.instagram.com/explore/locations/289469484/teatro-salvador-novo-cna/,270,italiano,,-99.14311,19.35634,http://sic.gob.mx/ficha.php?table=teatro&table_id=344,2026-01-06 14:28:41-06,NO,,NO,,Sistema de Información Cultural (SIC)
TEATRO_1034,1034,TEATRO,Teatro Lola Cueto,1000-01-01,,NO_DETERMINADO,SIN_ADSCRIPCION,,,9,Ciudad de México,3,Coyoacán,1,Coyoacán,Av. Francisco Sosa 298,Barrio de Santa Catarina,4010.0,55 3051 0601,,teatrodelamateria@gmail.com,https://www.facebook.com/pages/Teatro%20Lola%20Cueto/2087192818220667/,teatrololacueto298,https://www.instagram.com/teatrololacueto298/?hl=es,35,Italiano,,-99.16194,19.35021,http://sic.gob.mx/ficha.php?table=teatro&table_id=1034,2026-01-05 14:40:19-06,NO,,SI,No existe adscripción disponible para determinar el tipo de gestión.,Sistema de Información Cultural (SIC)
TEATRO_532,532,TEATRO,Teatro Juan Ruiz de Alarcón,1979-02-26,UNAM/Centro Cultural Universitario,PUBLICO,EVIDENCIA_INSTITUCIONAL_PUBLICA,,,9,Ciudad de México,3,Coyoacán,1,Coyoacán,Av. Insurgentes Sur 3000,Cd. Universitaria,4510.0,55 5665 6956,,contactoteatrounam@gmail.com,,,,417,italiano,,-99.18038,19.32198,http://sic.gob.mx/ficha.php?table=teatro&table_id=532,2023-12-05 12:59:31-06,NO,,NO,,Sistema de Información Cultural (SIC)
TEATRO_331,331,TEATRO,Teatro Enrique Lizalde,1963-10-23,Sociedad General de Escritores de México (SOGEM)/Centro Cultural José María Fernández Unsaín,PRIVADO,REVISION_MANUAL,,,9,Ciudad de México,3,Coyoacán,1,Coyoacán,Eleuterio Méndez 11 y Héroes del 47,Col. Churubusco Coyoacán,4120.0,55 5337 0230  ext.819,https://www.sogem.org/enrique-lizalde,contacto@sogem.org; jgutierrez@sogem.org.mx,https://www.facebook.com/TeatroEnriqueLizalde,,,160,italiano,,-99.15029,19.35094,http://sic.gob.mx/ficha.php?table=teatro&table_id=331,2023-10-25 06:57:29-06,NO,,NO,,Sistema de Información Cultural (SIC)
TEATRO_493,493,TEATRO,Teatro Ramiro Jiménez,1996-06-19,Particular,PRIVADO,CLASIFICACION_EXPLICITA,,,9,Ciudad de México,3,Coyoacán,1,Coyoacán,Av. División del Norte 2545,Col. Del Carmen Coyoacán,4100.0,55 5688 5340,http://carteleradeteatro.mx/teatro/sur/teatro-ramiro-jimenez/,contacto@teatroramirojimenez.com,https://www.facebook.com/Teatro-Ramiro-Jim%C3%A9nez-553350894718865/,,,655,italiano,,-99.15288,19.35606,http://sic.gob.mx/ficha.php?table=teatro&table_id=493,2020-02-28 11:32:26-06,NO,,NO,,Sistema de Información Cultural (SIC)
TEATRO_461,461,TEATRO,Teatro Rafael Solana,1992-11-23,"Centro  Social Veracruzano, A.C.",PRIVADO,EVIDENCIA_INSTITUCIONAL_PRIVADA,,,9,Ciudad de México,3,Coyoacán,1,Coyoacán,Miguel Ángel de Quevedo 687,Barrio del Cuadrante de San Francisco,4320.0,55 5554 1633,,jarochos@prodigy.nett.mx,https://www.facebook.com/TeatroRafaelSolanaMx/?locale=es_LA,TeatroRafaelSolanaMx,,289,italiano,,-99.1626,19.3441,http://sic.gob.mx/ficha.php?table=teatro&table_id=461,2023-11-21 05:11:20-06,NO,,NO,,Sistema de Información Cultural (SIC)
TEATRO_555,555,TEATRO,Foro Cultural Ana María Hernández,1985-01-01,Centro de Capacitación y Oficinas de Desarrollo Social/Secretaría de Cultural del D.F.,PUBLICO,EVIDENCIA_INSTITUCIONAL_PUBLICA,,,9,Ciudad de México,3,Coyoacán,1,Coyoacán,Av. Pacífico 181,Barrio La Concepción,4020.0,55 5658 9744,,foro.anamaria.cultura.coyoacan@gmail.com,https://es-la.facebook.com/forocultiralanamariahdez/,,,239,,,-99.15792,19.34544,http://sic.gob.mx/ficha.php?table=teatro&table_id=555,2026-01-13 11:33:24-06,NO,,NO,,Sistema de Información Cultural (SIC)
TEATRO_432,432,TEATRO,Teatro Carlos Ancira,1986-04-01,Alcaldía Coyoacán/Casa de la Cultura Ricardo Flores Magón,PUBLICO,EVIDENCIA_INSTITUCIONAL_PUBLICA,,,9,Ciudad de México,3,Coyoacán,1,Coyoacán,Calz. de la Virgen esq. Canal Nacional,Col. Carmen Serdán,4910.0,55 5607 0888,https://carteleradeteatro.mx/teatro/sur/teatro-carlos-ancira/,casadelacultura.floresmagon@gmail.com,https://www.facebook.com/culturacoyoacan,,,307,italiano,,-99.10258,19.32313,http://sic.gob.mx/ficha.php?table=teatro&table_id=432,2025-11-11 11:50:53-06,NO,,NO,,Sistema de Información Cultural (SIC)
TEATRO_482,482,TEATRO,Teatro Carlos Lazo,1960-01-01,UNAM/Facultad de Arquitectura,PUBLICO,EVIDENCIA_INSTITUCIONAL_PUBLICA,,,9,Ciudad de México,3,Coyoacán,1,Coyoacán,"Circuito Escolar s/n, Int. Fac. de Arquitectura",Cd. Universitaria,4510.0,55 5616 0545,,,,,,422,italiano,,-99.18713,19.33072,http://sic.gob.mx/ficha.php?table=teatro&table_id=482,2023-02-24 07:05:40-06,NO,,NO,,Sistema de Información Cultural (SIC)
TEATRO_247,247,TEATRO,Foro Cultural Coyoacanense Hugo Argüelles,1977-10-13,Gobierno de la ciudad de México/Alcaldía Coyoacán,PUBLICO,EVIDENCIA_INSTITUCIONAL_PUBLICA,,,9,Ciudad de México,3,Coyoacán,1,Coyoacán,Ignacio Allende 36,Col. Del Carmen,4100.0,55 5554 0738,https://coyoacan.cdmx.gob.mx/mapas/ForosCasasDeCultura/indexforocultural.php,forocoyoacanense@gmail.com,https://www.facebook.com/foroculturalcoyoacanense/?locale=es_LA,,https://www.instagram.com/foro_cultural_coyoacanense/,216,italiano,,-99.16206,19.35065,http://sic.gob.mx/ficha.php?table=teatro&table_id=247,2026-06-03 13:08:54-06,NO,,NO,,Sistema de Información Cultural (SIC)
TEATRO_469,469,TEATRO,Teatro Raúl Flores Canelo,1995-07-15,Secretaría de Cultura/Centro Nacional de las Artes (CENART),PUBLICO,EVIDENCIA_INSTITUCIONAL_PUBLICA,,,9,Ciudad de México,3,Coyoacán,1,Coyoacán,Río Churubusco 79 esq. Calz. de Tlalpan,Col. Country Club,4220.0,"55 4155 0000 exts. 1508, 1513",http://www.cenart.gob.mx,vjuradol@cultura.gob.mx; aceballosr@cultura.gob.mx; juribec@cultra.gob.mx,https://www.facebook.com/pages/Teatro-Ra%C3%BAl-Flores-Canelo/1434228000157234?locale=es_LA,,https://www.instagram.com/explore/locations/306786340/teatro-raul-flores-canelo/,336,italiano,,-99.14267,19.35626,http://sic.gob.mx/ficha.php?table=teatro&table_id=469,2026-01-06 14:28:52-06,NO,,NO,,Sistema de Información Cultural (SIC)
TEATRO_1035,1035,TEATRO,Foro Experimental José Luis Ibáñez,2016-09-21,UNAM/Facultad de Filosofía y Letras/Colegio de Literatura Dramática y Teatro,PUBLICO,EVIDENCIA_INSTITUCIONAL_PUBLICA,,,9,Ciudad de México,3,Coyoacán,1,Coyoacán,"Facultad de Filosofía y Letras, Circuito Interior s/n",Ciudad Universitaria,4510.0,"55508013, 56221868",https://www.filos.unam.mx/extension/foro-experimental-jose-luis-ibanez/,extensionacademica@filos.unam.mx,https://www.facebook.com/facultaddefilosofiayletras,,,0,,,-99.18706,19.33452,http://sic.gob.mx/ficha.php?table=teatro&table_id=1035,2024-04-05 13:20:14-06,NO,,NO,,Sistema de Información Cultural (SIC)
TEATRO_470,470,TEATRO,Foro Antonio López Mancera,1995-08-17,Secretaría de Cultura/Centro Nacional de las Artes (CENART)/Escuela Nacional de Arte Teatral,PUBLICO,EVIDENCIA_INSTITUCIONAL_PUBLICA,,,9,Ciudad de México,3,Coyoacán,1,Coyoacán,Río Churubusco s/n esq. Calz. de Tlalpan,Col. Country Club,4200.0,55 4155 0000 ext. 1008,http://www.cenart.gob.mx/ubicaciones/foro-antonio-lopez-mancera/,abriz@cultura.gob.mx; vjuradol@cultura.gob.mx; aceballosr@cultura.gob.mx; juribec@cultra.gob.mx,,,,72,multimodal,,-99.14323,19.35634,http://sic.gob.mx/ficha.php?table=teatro&table_id=470,2026-01-06 14:28:48-06,NO,,NO,,Sistema de Información Cultural (SIC)
TEATRO_468,468,TEATRO,Foro de las Artes,2000-11-14,Secretaría de Cultura /CENART,PUBLICO,EVIDENCIA_INSTITUCIONAL_PUBLICA,,,9,Ciudad de México,3,Coyoacán,1,Coyoacán,Río Churubusco 79 esq. Calz. de Tlalpan,Col. Country Club,4220.0,55 4155 0000 ext. 1008,http://www.cenart.gob.mx/ubicaciones/foro-de-las-artes/,,,,,96,multimodal,,-99.13703,19.35389,http://sic.gob.mx/ficha.php?table=teatro&table_id=468,2021-10-01 07:02:17-05,NO,,NO,,Sistema de Información Cultural (SIC)
TEATRO_1054,1054,TEATRO,Teatro Morelos,2015-01-01,Alcaldía Cuajimalpa de Morelos/Subdirección de Derechos Culturales,PUBLICO,EVIDENCIA_INSTITUCIONAL_PUBLICA,,,9,Ciudad de México,4,Cuajimalpa de Morelos,1,Cuajimalpa de Morelos,"Av. Juárez s/n, esq. Av. México",Cuajimalpa,5000.0,55 5814 1150,,sdc@cuajimalpacdmx.gob.mx,https://www.facebook.com/photo/?fbid=122141104640538864&set=a.122108741000538864,,,400,,,-99.29972,19.35735,http://sic.gob.mx/ficha.php?table=teatro&table_id=1054,2025-03-27 13:44:12-06,NO,,NO,,Sistema de Información Cultural (SIC)
TEATRO_994,994,TEATRO,Anfiteatro La Mexicana,2018-11-25,Gobierno de la Ciudad de México,PUBLICO,EVIDENCIA_INSTITUCIONAL_PUBLICA,,,9,Ciudad de México,4,Cuajimalpa de Morelos,1,Cuajimalpa de Morelos,Av. Luis Barragán 505,Col. Santa Fe,5348.0,,https://parquelamexicana.mx/,info@parquelamexicana.mx,https://www.facebook.com/parquelamexicanaoficial,https://x.com/mexicanaparque,https://www.instagram.com/parquelamexicana_oficial/?hl=es,600,Irregular,,-99.27323,19.35532,http://sic.gob.mx/ficha.php?table=teatro&table_id=994,2025-06-06 14:20:27-06,NO,,NO,,Sistema de Información Cultural (SIC)
TEATRO_402,402,TEATRO,Teatro al Aire Libre Tío Gamboín,1972-12-01,Gobierno de la Ciudad de México/Secretaría del Medio Ambiente/Centro de Convivencia Infantil,PUBLICO,EVIDENCIA_INSTITUCIONAL_PUBLICA,,,9,Ciudad de México,5,Gustavo A. Madero,1,Gustavo A. Madero,"Av. Loreto Fabela s/n, Bosque de San Juan de Aragón",,7920.0,55 5100 2829 ext. 109,https://www.sedema.cdmx.gob.mx,bosquearagon@hotmail.com,,,,1500,isabelino,,-99.0793,19.4613,http://sic.gob.mx/ficha.php?table=teatro&table_id=402,2023-12-06 07:36:37-06,NO,,NO,,Sistema de Información Cultural (SIC)
TEATRO_439,439,TEATRO,Teatro Francisco Fuentes Madaleno,1952-01-01,Gobierno de la Ciudad de México/Alcaldía Gustavo A. Madero,PUBLICO,EVIDENCIA_INSTITUCIONAL_PUBLICA,,,9,Ciudad de México,5,Gustavo A. Madero,1,Gustavo A. Madero,"Av. Lindavista s/n entre Matanzas y Lima, Parque Deportivo Miguel Alemán",Col. Lindavista,7300.0,55 5119 5364,https://www.gamadero.cdmx.gob.mx,,,,,250,italiano,,-99.12801,19.49283,http://sic.gob.mx/ficha.php?table=teatro&table_id=439,2023-12-06 08:32:06-06,NO,,NO,,Sistema de Información Cultural (SIC)
TEATRO_199,199,TEATRO,Teatro Morelos IMSS,1962-02-23,Instituto Mexicano del Seguro Social (IMSS),PUBLICO,EVIDENCIA_INSTITUCIONAL_PUBLICA,,,9,Ciudad de México,5,Gustavo A. Madero,1,Gustavo A. Madero,Av. San Juan de Aragón 311 esq. Eduardo Molina,Col. San Pedro El Chico,7480.0,55 5781 4390,https://teatrodelanacion.com.mx/teatros/teatro-morelos/,teatros.metropolitanos@fidteatros.com.mx,,,,412,italiano,,-99.09733,19.47848,http://sic.gob.mx/ficha.php?table=teatro&table_id=199,2023-12-05 13:48:50-06,NO,,NO,,Sistema de Información Cultural (SIC)
TEATRO_685,685,TEATRO,Sala de Conciertos Tepecuicatl,1993-03-17,Alcaldía Gustavo A. Madero/Subdirección de Promoción y Difusión Cultural,PUBLICO,EVIDENCIA_INSTITUCIONAL_PUBLICA,,,9,Ciudad de México,5,Gustavo A. Madero,1,Gustavo A. Madero,Av. Cantera 12 esq. Misterios,Barrio Rosas del Tepeyac,7010.0,"55 5748 0949, 55 4291 8699",,gam.spdc@gmail.com,https://www.facebook.com/profile.php?id=100067120839643,,,0,,,-99.11692,19.48911,http://sic.gob.mx/ficha.php?table=teatro&table_id=685,2024-03-15 07:12:19-06,NO,,NO,,Sistema de Información Cultural (SIC)
TEATRO_440,440,TEATRO,Teatro al Aire Libre Carlos Colorado,1984-01-01,Gobierno de la Ciudad de México/Alcaldía Gustavo A. Madero,PUBLICO,EVIDENCIA_INSTITUCIONAL_PUBLICA,,,9,Ciudad de México,5,Gustavo A. Madero,1,Gustavo A. Madero,Av. Ejido esq. Benito Juárez,Col. 25 de Julio,7520.0,55 5118 2800 ext. 7201,http://www.gamadero.gob.mx,carloscolorado.gam@gmail.com,https://www.facebook.com/profile.php?id=100064949131330,,,1000,Cuadrado Frontal,,-99.08091,19.49541,http://sic.gob.mx/ficha.php?table=teatro&table_id=440,2023-12-06 06:18:47-06,NO,,NO,,Sistema de Información Cultural (SIC)
TEATRO_252,252,TEATRO,Teatro Tepeyac Carmen Montejo,1960-06-01,Instituto Mexicano del Seguro Social (IMSS),PUBLICO,EVIDENCIA_INSTITUCIONAL_PUBLICA,,,9,Ciudad de México,5,Gustavo A. Madero,1,Gustavo A. Madero,Calz. de Guadalupe 497,Col. Estrella,7810.0,55 5517 6560,https://teatrodelanacion.com.mx/teatros/teatro-tepeyac/,magaly.gayosso@imss.gob.mx,https://www.facebook.com/TeatroTepeyacOficial,,,688,italiano con escenario giratorio,,-99.12127,19.47342,http://sic.gob.mx/ficha.php?table=teatro&table_id=252,2023-12-06 09:07:33-06,NO,,NO,,Sistema de Información Cultural (SIC)
TEATRO_728,728,TEATRO,Teatro del Centro Cultural Fausto Vega,2014-03-09,Alcaldía Iztapalapa/Dirección Ejecutiva de Cultura,PUBLICO,EVIDENCIA_INSTITUCIONAL_PUBLICA,,,9,Ciudad de México,7,Iztapalapa,1,Iztapalapa,Alfonso del Toro s/n,Col. Escuadrón 201,9000.0,55 4528 2551,https://carteleradeteatro.mx/teatro/teatro-del-centro-cultural-fausto-vega/,fidel.sandoval70@gmail.com; promocionculturaliztapalapa@gmail.com,,,,1164,Italiano,,-99.11116,19.36668,http://sic.gob.mx/ficha.php?table=teatro&table_id=728,2021-10-21 09:26:08-05,NO,,NO,,Sistema de Información Cultural (SIC)
TEATRO_735,735,TEATRO,Foro Escénico del Faro de Oriente,2011-09-01,Secretaría de Cultura de la Ciudad de México,PUBLICO,EVIDENCIA_INSTITUCIONAL_PUBLICA,,,9,Ciudad de México,7,Iztapalapa,1,Iztapalapa,Calz. Ignacio Zaragoza s/n,Col. Fuentes de Zaragoza,9150.0,(55) 5738 7443,https://www.cultura.cdmx.gob.mx/recintos/faro-oriente,farodeorientedireccion@yahoo.com.mx,https://www.facebook.com/faro.deoriente/?locale=es_LA,,https://www.instagram.com/farodeoriente,0,,,-99.01008,19.36994,http://sic.gob.mx/ficha.php?table=teatro&table_id=735,2026-02-20 18:15:10-06,NO,,NO,,Sistema de Información Cultural (SIC)
TEATRO_315,315,TEATRO,Teatro del Fuego Nuevo,1979-05-04,"Universidad Autónoma Metropolitana, Unidad Iztapalapa",PUBLICO,EVIDENCIA_INSTITUCIONAL_PUBLICA,,,9,Ciudad de México,7,Iztapalapa,1,Iztapalapa,"Av. San Rafael Atlixco 186, edif. B,  P.B.",Col. Vicentina,9340.0,"55 5804 4820, 55 5804 4821",http://www.comunicacionsocial.uam.mx/cultura.html,,https://www.facebook.com/p/Teatro-del-Fuego-Nuevo-UAM-Iztapalapa-100063536589739/,,,190,italiano,,-99.07245,19.36128,http://sic.gob.mx/ficha.php?table=teatro&table_id=315,2023-12-06 10:17:07-06,NO,,NO,,Sistema de Información Cultural (SIC)
TEATRO_417,417,TEATRO,Teatro San Jerónimo Independencia,1962-04-01,,NO_DETERMINADO,SIN_ADSCRIPCION,,,9,Ciudad de México,8,La Magdalena Contreras,1,La Magdalena Contreras,"Periférico Sur 3400, Unidad Independencia",Col. San Jerónimo Lídice,10100.0,55 5595 2117,,,,,https://www.instagram.com/teatrosanjeronimoindependencia,467,italiano,,-99.20972,19.33404,http://sic.gob.mx/ficha.php?table=teatro&table_id=417,2023-12-05 10:14:10-06,NO,,SI,No existe adscripción disponible para determinar el tipo de gestión.,Sistema de Información Cultural (SIC)
TEATRO_478,478,TEATRO,Claustro Románico,1979-06-12,Secretaría de Cultura,PUBLICO,EVIDENCIA_INSTITUCIONAL_PUBLICA,,,9,Ciudad de México,10,Álvaro Obregón,1,Álvaro Obregón,Av. Revolución 1500,Col. Guadalupe Inn,1020.0,55 1885 8445,https://helenico.edu.mx/,ich@helenico.edu.mx; vinculacion@helenico.edu.mx,https://www.facebook.com/InstitutoHelenico,https://x.com/IHelenico,,300,multimodal,,-99.18987,19.35301,http://sic.gob.mx/ficha.php?table=teatro&table_id=478,2025-12-18 12:17:39-06,NO,,NO,,Sistema de Información Cultural (SIC)
TEATRO_931,931,TEATRO,Foro 1869,1000-01-01,Privado,PRIVADO,CLASIFICACION_EXPLICITA,,,9,Ciudad de México,10,Álvaro Obregón,1,Álvaro Obregón,Insurgentes Sur 1869,Col. Guadalupe Inn,1020.0,55 7743 5982,http://foro1869.com,foro1869@gmail.com,https://www.facebook.com/Foro1869/,,,250,,,-99.18541,19.35495,http://sic.gob.mx/ficha.php?table=teatro&table_id=931,2025-06-17 13:30:31-06,NO,,NO,,Sistema de Información Cultural (SIC)
TEATRO_422,422,TEATRO,Teatro de la Juventud,1989-01-01,"Alcaldía Álvaro Obregón/Dirección General de Cultura, Educación y Deporte/Coordinación de Fomento Cultural y Educación",PUBLICO,EVIDENCIA_INSTITUCIONAL_PUBLICA,,,9,Ciudad de México,10,Álvaro Obregón,1,Álvaro Obregón,Calle 10 s/n esq. Canario,Col. Tolteca,1150.0,55 5276 6865,,teatro_juventud_dao@hotmail.com,https://www.facebook.com/carteleradeteatrocdmx/,,,1195,italiano,,-99.19472,19.39025,http://sic.gob.mx/ficha.php?table=teatro&table_id=422,2025-10-30 11:06:21-06,NO,,NO,,Sistema de Información Cultural (SIC)
TEATRO_511,511,TEATRO,Teatro del Centro Cultural Helénico,1979-06-12,Secretaría de Cultura Federal/Centro Cultural Helénico,PUBLICO,EVIDENCIA_INSTITUCIONAL_PUBLICA,,,9,Ciudad de México,10,Álvaro Obregón,1,Álvaro Obregón,Av. Revolución 1500,Col. Guadalupe Inn,1020.0,55 4155 0900 y 01,//www.helenico.gob.mx,helenico@cultura.gob.mx,//www.facebook.com/CCHelenico/?ref=bookmarks,Helenico,,460,italiano,,-99.19005,19.35306,http://sic.gob.mx/ficha.php?table=teatro&table_id=511,2023-12-05 10:37:31-06,NO,,NO,,Sistema de Información Cultural (SIC)
TEATRO_251,251,TEATRO,Teatro Santa Fe/Unidad Médico Familiar 12,1958-03-07,Instituto Mexicano del Seguro Social (IMSS),PUBLICO,EVIDENCIA_INSTITUCIONAL_PUBLICA,,,9,Ciudad de México,10,Álvaro Obregón,1,Álvaro Obregón,Plaza de los Héroes  s/n,U.H. Santa Fe,1170.0,55 9208 8961,,teatrosantafeimss@hotmail.com,https://www.facebook.com/p/Teatro-Santa-Fe-Oficial-100052557536326,tsantafeimss,,270,cuadrado,,-99.20458,19.38827,http://sic.gob.mx/ficha.php?table=teatro&table_id=251,2026-03-23 10:51:51-06,NO,,NO,,Sistema de Información Cultural (SIC)
TEATRO_477,477,TEATRO,Teatro Carpa Geodésica,1975-01-06,"Teatro de Papel, A.C.",PRIVADO,EVIDENCIA_INSTITUCIONAL_PRIVADA,,,9,Ciudad de México,10,Álvaro Obregón,1,Álvaro Obregón,Av. de los Insurgentes Sur 2135,Col. San Ángel,1000.0,55 5616 0866,,teatrocarpageodesica@hotmail.com,https://www.facebook.com/CarpaGeodesicaTeatro,,,250,isabelino,,-99.18856,19.34571,http://sic.gob.mx/ficha.php?table=teatro&table_id=477,2021-09-20 06:24:57-05,NO,,NO,,Sistema de Información Cultural (SIC)
TEATRO_512,512,TEATRO,Foro La Gruta,1988-01-13,Secretaría de Cultura/Centro Cultural Helénico,PUBLICO,EVIDENCIA_INSTITUCIONAL_PUBLICA,,,9,Ciudad de México,10,Álvaro Obregón,1,Álvaro Obregón,Av. Revolución 1500,Col. Guadalupe Inn,1020.0,55 4155 0919,http://www.helenico.gob.mx,,https://www.facebook.com/CCHelenico/?ref=bookmarks,Helenico,,80,multimodal,,-99.19013,19.35245,http://sic.gob.mx/ficha.php?table=teatro&table_id=512,2022-07-22 12:27:17-05,NO,,NO,,Sistema de Información Cultural (SIC)
TEATRO_513,513,TEATRO,Capilla Gótica del Siglo XIV,1979-06-12,"Instituto Cultural Helénico, A.C.",PRIVADO,EVIDENCIA_INSTITUCIONAL_PRIVADA,,,9,Ciudad de México,10,Álvaro Obregón,1,Álvaro Obregón,Av. Revolución 1500,Col. Guadalupe Inn,1020.0,55 1885 8445,https://helenico.edu.mx/,ich@helenico.edu.mx; vinculacion@helenico.edu.mx,https://www.facebook.com/InstitutoHelenico/,IHelenico,,300,rectangular,,-99.18987,19.35302,http://sic.gob.mx/ficha.php?table=teatro&table_id=513,2026-01-26 14:09:44-06,NO,,NO,,Sistema de Información Cultural (SIC)
TEATRO_423,423,TEATRO,Teatro López Tarso,1988-01-29,Gobierno de la ciudad de México/Centro Cultural San Ángel,PUBLICO,EVIDENCIA_INSTITUCIONAL_PUBLICA,,,9,Ciudad de México,10,Álvaro Obregón,1,Álvaro Obregón,Av. Revolución 1733 esq. Francisco I. Madero,Col. San Ángel,1000.0,55 5616 1254,,centroculturalsanangel@hotmail.com,https://www.facebook.com/teatroignaciolopeztarso/,,,400,italiano,,-99.19038,19.34542,http://sic.gob.mx/ficha.php?table=teatro&table_id=423,2021-09-17 14:59:40-05,NO,,NO,,Sistema de Información Cultural (SIC)
TEATRO_914,914,TEATRO,Teatro Royal Pedregal,2017-03-31,Privado,PRIVADO,CLASIFICACION_EXPLICITA,,,9,Ciudad de México,12,Tlalpan,1,Tlalpan,Periférico Sur 4363,Col. Jardines en la Montaña,14210.0,55 2155 3420,,,https://www.facebook.com/elroyalpedregal/?locale=es_LA,,https://www.instagram.com/teatroroyalpedregal/?hl=en,384,italiano,,-99.20023,19.30365,http://sic.gob.mx/ficha.php?table=teatro&table_id=914,2025-11-12 11:15:51-06,NO,,NO,,Sistema de Información Cultural (SIC)
TEATRO_332,332,TEATRO,Foro José Solé,1999-11-21,Delegación Zona Regional Sur del ISSSTE/Subdirección de Acción Cultural,PUBLICO,EVIDENCIA_INSTITUCIONAL_PUBLICA,,,9,Ciudad de México,12,Tlalpan,1,Tlalpan,San Fernando 15,Col. Toriello Guerra,14050.0,55 5665 1245,,,,,,130,frontal,,-99.17168,19.29387,http://sic.gob.mx/ficha.php?table=teatro&table_id=332,2025-05-27 08:53:45-06,NO,,NO,,Sistema de Información Cultural (SIC)
TEATRO_839,839,TEATRO,Amacalone. Teatro de arte dramático,2013-07-01,,NO_DETERMINADO,SIN_ADSCRIPCION,,,9,Ciudad de México,14,Benito Juárez,1,Benito Juárez,Soria 65,Col. Alamos,3400.0,55 1360 6384,,amacalone@hotmail.com,https://www.facebook.com/FEITHM/,,,0,,,-99.14324,19.39779,http://sic.gob.mx/ficha.php?table=teatro&table_id=839,2021-09-20 11:46:38-05,NO,,SI,No existe adscripción disponible para determinar el tipo de gestión.,Sistema de Información Cultural (SIC)
TEATRO_484,484,TEATRO,Teatrín Pedro Infante,2000-10-21,Asociación Nacional de Actores (ANDA),PRIVADO,REVISION_MANUAL,,,9,Ciudad de México,14,Benito Juárez,1,Benito Juárez,Petén 45 Nte.,Col. Narvarte,3020.0,55 5519 3507,,iasoler@institutoandressoler.com,,,,0,italiano,,-99.15194,19.40237,http://sic.gob.mx/ficha.php?table=teatro&table_id=484,2021-07-09 15:17:47-05,NO,,NO,,Sistema de Información Cultural (SIC)
TEATRO_429,429,TEATRO,Teatro María Tereza Montoya,1985-05-01,Alcaldía  Benito Juárez/Coordinación de Cultura/Subdirección de Derechos Culturales Recreativos y Educativos,PUBLICO,EVIDENCIA_INSTITUCIONAL_PUBLICA,,,9,Ciudad de México,14,Benito Juárez,1,Benito Juárez,Eje Central Lázaro Cárdenas 912,Col. Segunda del Periodista,3620.0,55 5674 2533,,Tmariaterezamontoya@gmail.com,https://www.facebook.com/TeatroMariaTerezaMontoya,,,396,italiano,,-99.14747,19.38309,http://sic.gob.mx/ficha.php?table=teatro&table_id=429,2025-12-19 17:42:43-06,NO,,NO,,Sistema de Información Cultural (SIC)
TEATRO_1060,1060,TEATRO,Foro de la Casa de Cultura Zacahuitzco,1980-03-01,Alcaldía Benito Juárez,PUBLICO,EVIDENCIA_INSTITUCIONAL_PUBLICA,,,9,Ciudad de México,14,Benito Juárez,1,Benito Juárez,Valdivia 87,Col. Zacahuitzco,3550.0,55 2065 1616,,c.c.zacahuitzco@gmail.com,https://www.facebook.com/profile.php?id=100089897811364,,https://www.instagram.com/c.c._zacahuitzco/,50,Italiano,,-99.13699,19.3735,http://sic.gob.mx/ficha.php?table=teatro&table_id=1060,2025-06-06 13:03:11-06,NO,,NO,,Sistema de Información Cultural (SIC)
TEATRO_509,509,TEATRO,Foro al aire libre Gabriel Figueroa,2012-11-08,Secretaría de Cultura/Cineteca Nacional,PUBLICO,EVIDENCIA_INSTITUCIONAL_PUBLICA,,,9,Ciudad de México,14,Benito Juárez,1,Benito Juárez,Av. México Coyoacán 389,Col. Xoco,3330.0,55 4155 1200,https://www.cinetecanacional.net/controlador.php?opcion=FoAL,info@cinetecanacional.net,https://www.facebook.com/CinetecaMexico/,,,600,frontal,,-99.16475,19.36047,http://sic.gob.mx/ficha.php?table=teatro&table_id=509,2021-11-11 11:38:30-06,NO,,NO,,Sistema de Información Cultural (SIC)
TEATRO_494,494,TEATRO,Foro Contigo América,1990-08-18,"Contigo America Institución Teatral Independiente, A.C.",PRIVADO,EVIDENCIA_INSTITUCIONAL_PRIVADA,,,9,Ciudad de México,14,Benito Juárez,1,Benito Juárez,Arizona 156,Col. Nápoles,3810.0,55 5669 3589,http://contigoamerica.org.mx,contigoamerica@yahoo.com.mx,https://www.facebook.com/ContigoAmerica,,,90,multimodal,,-99.18057,19.39281,http://sic.gob.mx/ficha.php?table=teatro&table_id=494,2021-09-20 12:18:42-05,NO,,NO,,Sistema de Información Cultural (SIC)
TEATRO_389,389,TEATRO,Sala Julián Carrillo,1976-10-11,UNAM/Radio UNAM,PUBLICO,EVIDENCIA_INSTITUCIONAL_PUBLICA,,,9,Ciudad de México,14,Benito Juárez,1,Benito Juárez,Adolfo Prieto 133,Col. del Valle,3100.0,55 5623 3281,http://www.radiounam.unam.mx/,radio@unam.com,https://www.facebook.com/radiounam?fref=ts,,,180,italiano,,-99.16608,19.39834,http://sic.gob.mx/ficha.php?table=teatro&table_id=389,2021-09-21 13:54:57-05,NO,,NO,,Sistema de Información Cultural (SIC)
TEATRO_522,522,TEATRO,Teatro de los Insurgentes,1953-04-30,"Televisa, S.A. de C.V.",PRIVADO,EVIDENCIA_INSTITUCIONAL_PRIVADA,,,9,Ciudad de México,14,Benito Juárez,1,Benito Juárez,Insurgentes Sur 1587,Col. San José Insurgentes,3900.0,55 5598 6894,http://cdmxtravel.com/es/lugares/teatro-de-los-insurgentes.html,teatroinsurgentes@prodigy.net.mx,https://www.facebook.com/teatroinsurgentes/,,,959,italiano,,-99.18242,19.36408,http://sic.gob.mx/ficha.php?table=teatro&table_id=522,2021-09-28 08:42:22-05,NO,,NO,,Sistema de Información Cultural (SIC)
TEATRO_811,811,TEATRO,El Telón de Asfalto,1995-03-14,,NO_DETERMINADO,SIN_ADSCRIPCION,,,9,Ciudad de México,14,Benito Juárez,1,Benito Juárez,Perpetua 4,Col. San José Insurgentes,3900.0,55 5615 0598,http://www.telondeasfalto.com.mx/,info@telondeasfalto.com.mx,https://www.facebook.com/telondeasfalto/,TELONDEASFALTO,,200,,,-99.18243,19.36606,http://sic.gob.mx/ficha.php?table=teatro&table_id=811,2021-09-21 06:10:16-05,NO,,SI,No existe adscripción disponible para determinar el tipo de gestión.,Sistema de Información Cultural (SIC)
TEATRO_846,846,TEATRO,Foro El Cubo,2015-06-04,Compañía Perro Teatro,PRIVADO,REVISION_MANUAL,,,9,Ciudad de México,14,Benito Juárez,1,Benito Juárez,Lic. Grajales Robles 28 esq. Adolfo Prieto y Mier y Pesado,Col. Del Valle,3103.0,55 3389 0767,https://www.timeoutmexico.mx/ciudad-de-mexico/teatro/foro-el-cubo,perroteatro@yahoo.com; foroelcubo@gmail.com,https://www.facebook.com/ForoelCubo2015/,foroelcubo,,40,multimodal,,-99.16431,19.40007,http://sic.gob.mx/ficha.php?table=teatro&table_id=846,2021-09-21 13:05:14-05,NO,,NO,,Sistema de Información Cultural (SIC)
TEATRO_918,918,TEATRO,Foro Teatral Bellescene,2017-04-08,,NO_DETERMINADO,SIN_ADSCRIPCION,,,9,Ciudad de México,14,Benito Juárez,1,Benito Juárez,"Zempoala 90, esq. La Morena y Xola",Col. Narvarte,3020.0,55 7576 9084,https://www.timeoutmexico.mx/ciudad-de-mexico/teatro/foro-cultural-bellescene,socialbellescene@gmail.com,https://www.facebook.com/ForoBellescene/?fref=mentions,ForoBellescene,,0,italiano,,-99.14793,19.39782,http://sic.gob.mx/ficha.php?table=teatro&table_id=918,2021-09-21 13:11:44-05,NO,,SI,No existe adscripción disponible para determinar el tipo de gestión.,Sistema de Información Cultural (SIC)
TEATRO_689,689,TEATRO,Foro de los Hermanos Soler,1957-01-01,Gobierno de la Ciudad de México/Alcaldía Benito Juárez,PUBLICO,EVIDENCIA_INSTITUCIONAL_PUBLICA,,,9,Ciudad de México,14,Benito Juárez,1,Benito Juárez,Miguel Laurent entre Dr. Vertiz y División del Norte,Col. Santa Cruz Atoyac,3310.0,,,,,,,0,,,-99.15607,19.37314,http://sic.gob.mx/ficha.php?table=teatro&table_id=689,2026-05-15 10:07:39-06,NO,,NO,,Sistema de Información Cultural (SIC)
TEATRO_483,483,TEATRO,Teatro 11 de Julio,1960-04-29,"Sindicato de Trabajadores Mineros, Metalúrgicos y Similares de la R.M.",PRIVADO,REVISION_MANUAL,,,9,Ciudad de México,14,Benito Juárez,1,Benito Juárez,Doctor Vértiz 668,Col. Narvarte,3020.0,55 5538 2964,http://cdmxtravel.com/es/lugares/teatro-11-de-julio.html,,,,,533,italiano,,-99.15069,19.39661,http://sic.gob.mx/ficha.php?table=teatro&table_id=483,2021-09-27 11:39:36-05,NO,,NO,,Sistema de Información Cultural (SIC)
TEATRO_342,342,TEATRO,Teatro de la Comedia - Wilberto Cantón,1983-04-13,Sociedad General de Escritores de México SOGEM,PRIVADO,REVISION_MANUAL,,,9,Ciudad de México,14,Benito Juárez,1,Benito Juárez,José María Velasco 59,Col. San José Insurgentes,3900.0,55 5660 8590,https://www.sogem.org/teatrowilbertocanton,teatrodelacomedia@gmail.com; jgutierrez@sogem.org.mx,https://www.facebook.com/pages/Teatro%20Wilberto%20Canton/440058462798614/,,,370,italiano,,-99.18653,19.36422,http://sic.gob.mx/ficha.php?table=teatro&table_id=342,2021-09-28 08:28:35-05,NO,,NO,,Sistema de Información Cultural (SIC)
TEATRO_424,424,TEATRO,Teatro Polyforum,1971-12-15,"Polyforum Cultural Siqueiros, A.C.",PRIVADO,EVIDENCIA_INSTITUCIONAL_PRIVADA,,,9,Ciudad de México,14,Benito Juárez,1,Benito Juárez,Insurgentes Sur 701 esq. Filadelfia,Col. Nápoles,3810.0,55 5536 4520 ext. 102,http://cdmxtravel.com/es/lugares/polyforum-cultural-siqueiros.html,dralfredosuarez@polyforumsiqueiros.com,,,,550,arena,,-99.1734,19.39333,http://sic.gob.mx/ficha.php?table=teatro&table_id=424,2021-09-29 05:57:16-05,NO,,NO,,Sistema de Información Cultural (SIC)
TEATRO_521,521,TEATRO,Nuevo Teatro  Libanés,1986-01-23,"Centro Libanés, A.C.",PRIVADO,EVIDENCIA_INSTITUCIONAL_PRIVADA,,,9,Ciudad de México,14,Benito Juárez,1,Benito Juárez,Barranca del Muerto esq. 2 de Abril,Col. Crédito Constructor,3940.0,555801 3165,https://carteleradeteatro.mx/teatro/sur/teatro-libanes/,,,,,535,italiano,,-99.18054,19.36308,http://sic.gob.mx/ficha.php?table=teatro&table_id=521,2022-07-25 06:38:29-05,NO,,NO,,Sistema de Información Cultural (SIC)
TEATRO_204,204,TEATRO,Teatro Julio Prieto,1960-05-19,Instituto Mexicano del Seguro Social (IMSS),PUBLICO,EVIDENCIA_INSTITUCIONAL_PUBLICA,,,9,Ciudad de México,14,Benito Juárez,1,Benito Juárez,Av. Xola 809 esq. Nicolás San Juan,Col. Del Valle,3100.0,55 5639 9816,,eric.santos@imss.gob.mx,https://www.facebook.com/TeatroXolaJulioPrieto/,,,501,Italiano,,-99.16114,19.39602,http://sic.gob.mx/ficha.php?table=teatro&table_id=204,2021-09-28 09:02:17-05,NO,,NO,,Sistema de Información Cultural (SIC)
TEATRO_431,431,TEATRO,Foro Cultural San Simón,1989-05-06,Alcaldía  Benito Juárez/Coordinación de Cultura/Subdirección de Derechos Culturales Recreativos y Educativos,PUBLICO,EVIDENCIA_INSTITUCIONAL_PUBLICA,,,9,Ciudad de México,14,Benito Juárez,1,Benito Juárez,Parque Pascual Ortiz Rubio s/n entre Centenario y Juan Escutia,Col. San Simón Ticumác,3660.0,55 5609 0753,https://inba.gob.mx/recinto/485,foroculturalbj@gmail.com,https://www.facebook.com/ForoCulturalSanSimonABJ?mibextid=ZbWKwL,https://twitter.com/ritamobu,foro.cultural.san.simonabj y ritamobu69,150,italiano,,-99.14328,19.37473,http://sic.gob.mx/ficha.php?table=teatro&table_id=431,2024-06-05 10:21:41-06,NO,,NO,,Sistema de Información Cultural (SIC)
TEATRO_871,871,TEATRO,Foro La Teatrería,2015-02-25,,NO_DETERMINADO,SIN_ADSCRIPCION,,,9,Ciudad de México,15,Cuauhtémoc,0,Total del Municipio,Tabasco 152,Col. Roma,,(55) 5207 3234,http://lateatreria.com,shoshana@lateatreria.com,,,,100,italiano,,-99.15931,19.41919,http://sic.gob.mx/ficha.php?table=teatro&table_id=871,2017-03-13 13:57:55-06,NO,,SI,No existe adscripción disponible para determinar el tipo de gestión.,Sistema de Información Cultural (SIC)
TEATRO_288,288,TEATRO,Teatro Ferrocarrilero Gudelio Morales,1968-12-24,Sindicato de Trabajadores Ferrocarrileros de la República Mexicana (STFRM),PRIVADO,REVISION_MANUAL,,,9,Ciudad de México,15,Cuauhtémoc,1,Cuauhtémoc,Av. Ricardo Flores Magón 206,Col. Guerrero,6300.0,55 5597 1055,https://historico.alcaldiacuauhtemoc.mx/nope/teatro-ferrocarrilero/,,,,,1800,italiano,,-99.1499,19.4536,http://sic.gob.mx/ficha.php?table=teatro&table_id=288,2025-03-31 12:12:18-06,NO,,NO,,Sistema de Información Cultural (SIC)
TEATRO_356,356,TEATRO,Centro Cultural Teatro 2,1996-09-28,Gou Producciones,PRIVADO,CLASIFICACION_EXPLICITA,,,9,Ciudad de México,15,Cuauhtémoc,1,Cuauhtémoc,Av. Cuauhtémoc 19,Col. Roma,6700.0,55 5514 1935,https://www.gouproducciones.mx/teatros-gou-producciones-cct1-cct2-aldama/,,https://www.facebook.com/CentroCulturalTeatroDos/?locale=es_LA,,https://www.instagram.com/explore/locations/2203104739908822/centro-cultural-teatro-2/,1208,italiano,,-99.15391,19.42512,http://sic.gob.mx/ficha.php?table=teatro&table_id=356,2023-12-05 11:17:43-06,NO,,NO,,Sistema de Información Cultural (SIC)
TEATRO_797,797,TEATRO,Patio Central de la Casa de Cultura de Tamaulipas,1998-01-30,"Patronato de la Casa de Cultura de Tamaulipas, A.C.",PRIVADO,EVIDENCIA_INSTITUCIONAL_PRIVADA,,,9,Ciudad de México,15,Cuauhtémoc,1,Cuauhtémoc,Ernesto Pugibet 73,Centro,6070.0,55 4853 7554,,cctamaulipasdf@hotmail.com,https://www.facebook.com/PatronatoCCTCDMX/,,,200,multimodal,,-99.14788,19.43027,http://sic.gob.mx/ficha.php?table=teatro&table_id=797,2023-10-31 04:30:41-06,NO,,NO,,Sistema de Información Cultural (SIC)
TEATRO_1003,1003,TEATRO,Foro Sugar,2011-01-01,Centro Cultural Sylvia Pasquel,PRIVADO,CLASIFICACION_EXPLICITA,,,9,Ciudad de México,15,Cuauhtémoc,1,Cuauhtémoc,Av. Juan Escutia 96,Col. Condesa,6140.0,55 5211 4941,https://forosylviapasquel.com/foro-sugar,foropasquel@hotmail.com,https://www.facebook.com/foro.pasquel,foropasquel,,55,frontal,,-99.17655,19.41563,http://sic.gob.mx/ficha.php?table=teatro&table_id=1003,2022-07-08 06:53:56-05,NO,,NO,,Sistema de Información Cultural (SIC)
TEATRO_380,380,TEATRO,Foro El Círculo Teatral,2004-04-07,"El Círculo Teatral, S.C.",PRIVADO,EVIDENCIA_INSTITUCIONAL_PRIVADA,,,9,Ciudad de México,15,Cuauhtémoc,1,Cuauhtémoc,Veracruz 107,Col. Condesa,6140.0,55 5553 1383,https://www.elcirculoteatral.com/?fbclid=IwY2xjawPUz4JleHRuA2FlbQIxMABicmlkETFBbzdDbDFYTHZ5ZEk4bXBOc3J0YwZhcHBfaWQQMjIyMDM5MTc4ODIwMDg5MgABHhFGbUfU0HiZBmoux6HFYVMR2_tOPN7x8LM0uoF5Bu-H4FMyDzD1tgmfFthn_aem_mvMFTbqZfzygTpGkdb5R7w,elcirculoteatralmx@gmail.com,https://www.facebook.com/elcirculoteatral,,https://www.instagram.com/elcirculoteatral/?fbclid=IwY2xjawPUzs1leHRuA2FlbQIxMABicmlkETFBbzdDbDFYTHZ5ZEk4bXBOc3J0YwZhcHBfaWQQMjIyMDM5MTc4ODIwMDg5MgABHu4U1tp3XbH5SmPbIhGgRk137FdlWiIaS6vf1CZKmLPOcU-k-5lt8t6LgqZK_aem_SYG5fvKsO8pMQOFgOzUwlQ#,70,,,-99.17241,19.41612,http://sic.gob.mx/ficha.php?table=teatro&table_id=380,2026-01-14 14:01:09-06,NO,,NO,,Sistema de Información Cultural (SIC)
TEATRO_827,827,TEATRO,Sala de teatro Así que pasen cinco años,2013-10-24,Telemakia Teatro,PRIVADO,CLASIFICACION_EXPLICITA,,,9,Ciudad de México,15,Cuauhtémoc,1,Cuauhtémoc,Cacahuamilpa 24,Col. Hipodroma Condesa,,55 6390 2422,http://www.facebook.com/telemakia.heleannejuancristobalcastillo,heleannebs@hotmail.com,,,,17,irregular,,-99.16773,19.41528,http://sic.gob.mx/ficha.php?table=teatro&table_id=827,2021-05-27 04:29:12-05,NO,,NO,,Sistema de Información Cultural (SIC)
TEATRO_452,452,TEATRO,Teatro Ciudadela,1954-11-01,Subdirección de Acción Cultural del ISSSTE/Sindicato Nacional de los Trabajadores,PUBLICO,EVIDENCIA_INSTITUCIONAL_PUBLICA,,,9,Ciudad de México,15,Cuauhtémoc,1,Cuauhtémoc,Tres Guerras 9,Centro,6040.0,,,,,,,422,italiano,,-99.1509,19.43016,http://sic.gob.mx/ficha.php?table=teatro&table_id=452,2025-05-27 12:54:47-06,NO,,NO,,Sistema de Información Cultural (SIC)
TEATRO_453,453,TEATRO,Foro Shakespeare,1983-06-21,"Centro Cultural Foro Shakespeare, A.C.",PRIVADO,EVIDENCIA_INSTITUCIONAL_PRIVADA,,,9,Ciudad de México,15,Cuauhtémoc,1,Cuauhtémoc,Zamora 7 esq. Veracruz,Col. Condesa,6140.0,+52 55 5256 0014,http://www.foroshakespeare.com/,hola@foroshakespeare.com,https://www.facebook.com/foroshakespeare,ForoShakespeare,https://www.instagram.com/foro.shakespeare/,284,multimodal,,-99.17643,19.41978,http://sic.gob.mx/ficha.php?table=teatro&table_id=453,2025-07-29 10:33:54-06,NO,,NO,,Sistema de Información Cultural (SIC)
TEATRO_294,294,TEATRO,Teatro Aldama,1984-07-17,Gou Producciones,PRIVADO,CLASIFICACION_EXPLICITA,,,9,Ciudad de México,15,Cuauhtémoc,1,Cuauhtémoc,Rosas Moreno 71,Col. San Rafael,6470.0,55 5546 3740,https://carteleradeteatro.mx/teatro/centro/teatro-aldama/,enrique.gomez@gouproducciones.mx,https://www.facebook.com/pages/Teatro-Aldama/366475700464444?locale=es_LA,,,849,italiano,,-99.16185,19.43804,http://sic.gob.mx/ficha.php?table=teatro&table_id=294,2025-07-29 14:33:24-06,NO,,NO,,Sistema de Información Cultural (SIC)
TEATRO_401,401,TEATRO,Teatro Profr. Ismael Rodríguez Aragón SNTSS,1990-12-31,"Unidad Cultural y Recreativa, Sindicato Nacional de Trabajadores del Seguro Social (SNTSS)",PRIVADO,REVISION_MANUAL,,,9,Ciudad de México,15,Cuauhtémoc,1,Cuauhtémoc,Sonora 13,Col. Roma,6700.0,55 5286 10 59,http://www.sntss.org.mx,gonzalezgar_1323@hotmail.com,,,,157,italiano,,-99.17391,19.4206,http://sic.gob.mx/ficha.php?table=teatro&table_id=401,2024-07-05 11:53:26-06,NO,,NO,,Sistema de Información Cultural (SIC)
TEATRO_507,507,TEATRO,Teatro Venustiano Carranza,1974-10-24,Confederación de Trabajadores de México (CTM),PRIVADO,REVISION_MANUAL,,,9,Ciudad de México,15,Cuauhtémoc,1,Cuauhtémoc,Antonio Caso 67,Col. San Rafael,6470.0,(55) 5546 3940,,varelaproduccionesteatrales@yahoo.com.mx,,,,550,italiano,,-99.15876,19.43457,http://sic.gob.mx/ficha.php?table=teatro&table_id=507,2026-01-06 16:32:38-06,NO,,NO,,Sistema de Información Cultural (SIC)
TEATRO_677,677,TEATRO,Teatro Reforma IMSS Juan Moisés Calleja,1953-09-04,IMSS,PUBLICO,EVIDENCIA_INSTITUCIONAL_PUBLICA,,,9,Ciudad de México,15,Cuauhtémoc,1,Cuauhtémoc,Av. Reforma 476 y Burdeos,Col. Juárez,6600.0,55 5238 2700 ext. 10010,,jesus.ramirezt@imss.gob.mx,,,,0,,,-99.17373,19.42312,http://sic.gob.mx/ficha.php?table=teatro&table_id=677,2024-05-14 15:25:22-06,NO,,NO,,Sistema de Información Cultural (SIC)
TEATRO_425,425,TEATRO,Teatro Fernando Soler,1995-04-07,"Producciones Mafe, S.A. de C.V.",PRIVADO,EVIDENCIA_INSTITUCIONAL_PRIVADA,,,9,Ciudad de México,15,Cuauhtémoc,1,Cuauhtémoc,Velázquez de León 31,San Rafael,6470.0,"55 5546 1431, 55 5566 4321",http://www.manolofabregas.com.mx,produccfabregas@hotmail.com,,,,428,,,-99.16559,19.44109,http://sic.gob.mx/ficha.php?table=teatro&table_id=425,2024-06-03 11:07:21-06,NO,,NO,,Sistema de Información Cultural (SIC)
TEATRO_872,872,TEATRO,Teatro Lúcido,2014-01-23,,NO_DETERMINADO,SIN_ADSCRIPCION,,,9,Ciudad de México,15,Cuauhtémoc,1,Cuauhtémoc,Dr. Enrique González Martínez 234,Col. Santa María La Ribera,6400.0,55 7517 9508,,lucidoteatrolucido@gmail.com,https://www.facebook.com/teatrolucido/?locale=es_LA,,https://www.instagram.com/teatrolucido/?hl=en,0,multimodal,,-99.15458,19.4523,http://sic.gob.mx/ficha.php?table=teatro&table_id=872,2024-05-17 14:03:25-06,NO,,SI,No existe adscripción disponible para determinar el tipo de gestión.,Sistema de Información Cultural (SIC)
TEATRO_1033,1033,TEATRO,Nuevo Teatro Versalles,2023-02-01,,NO_DETERMINADO,SIN_ADSCRIPCION,,,9,Ciudad de México,15,Cuauhtémoc,1,Cuauhtémoc,"Versalles 27, 4° piso",Col. Juárez,6600.0,55 5546 2975,,,,,,150,,,-99.15483,19.43134,http://sic.gob.mx/ficha.php?table=teatro&table_id=1033,2023-03-14 09:02:12-06,NO,,SI,No existe adscripción disponible para determinar el tipo de gestión.,Sistema de Información Cultural (SIC)
TEATRO_262,262,TEATRO,Teatro Félix Azuela Padilla,1974-12-01,Instituto Mexicano del Seguro Social (IMSS),PUBLICO,EVIDENCIA_INSTITUCIONAL_PUBLICA,,,9,Ciudad de México,15,Cuauhtémoc,1,Cuauhtémoc,Av. Manuel González 368,Col. Nonoalco Tlatelolco,6900.0,55 5597 7409,http://www.fidteatros.com.mx,david.botelloc@imss.gob.mx,,,,371,semicircular,,-99.14038,19.4545,http://sic.gob.mx/ficha.php?table=teatro&table_id=262,2024-05-24 10:04:57-06,NO,,NO,,Sistema de Información Cultural (SIC)
TEATRO_759,759,TEATRO,Foro Puebla 186,1000-01-01,,NO_DETERMINADO,SIN_ADSCRIPCION,,,9,Ciudad de México,15,Cuauhtémoc,1,Cuauhtémoc,Puebla 186,Col. Roma Norte,6721.0,55 5511 5946,https://foropuebla.com/,contrataciones@venues.eco; taquilla.fpuebla@venues.eco,https://www.facebook.com/ForoPueblaCDMX,,https://www.instagram.com/foropuebla186/,800,,,-99.16375,19.42215,http://sic.gob.mx/ficha.php?table=teatro&table_id=759,2026-01-09 17:27:14-06,NO,,SI,No existe adscripción disponible para determinar el tipo de gestión.,Sistema de Información Cultural (SIC)
TEATRO_388,388,TEATRO,Teatro México Centro Teatral Manolo Fábregas,1995-04-06,"Producciones Mafe, S.A. de C.V.",PRIVADO,EVIDENCIA_INSTITUCIONAL_PRIVADA,,,9,Ciudad de México,15,Cuauhtémoc,1,Cuauhtémoc,Velázquez de León 31,Col. San Rafael,6470.0,(55) 5566 4321,http://www.manolofabregas.com.mx,produccfabregas@hotmail.com,,,,794,,,-99.16562,19.44082,http://sic.gob.mx/ficha.php?table=teatro&table_id=388,2018-09-26 07:55:26-05,NO,,NO,,Sistema de Información Cultural (SIC)
TEATRO_505,505,TEATRO,Teatro Sala Chopin,1952-04-25,"Grupo Gomo, Coorporativo de la Sala Chopin",PRIVADO,REVISION_MANUAL,,,9,Ciudad de México,15,Cuauhtémoc,1,Cuauhtémoc,Álvaro Obregón 302,Col. Roma,6700.0,55 5211 3257,http://www.salachopin.com.mx,contacto@salachopin.com,www.facebook.com/salachopinmexico,,www.instagram.com/salachopin/,285,italiano,,-99.16932,19.41619,http://sic.gob.mx/ficha.php?table=teatro&table_id=505,2026-01-26 10:40:18-06,NO,,NO,,Sistema de Información Cultural (SIC)
TEATRO_399,399,TEATRO,Teatro Fru Fru,1899-01-01,Particular,PRIVADO,CLASIFICACION_EXPLICITA,,,9,Ciudad de México,15,Cuauhtémoc,1,Cuauhtémoc,Donceles 24,Centro,6010.0,(55) 4202 3788,,hugocesar_rico@hotmail.com,https://www.facebook.com/TeatroFruFruOficial/?locale=es_LA,https://x.com/TeatroFruFruOf1,https://www.instagram.com/teatrofrufruoficial/?hl=es,1300,,,-99.13872,19.43675,http://sic.gob.mx/ficha.php?table=teatro&table_id=399,2025-11-24 19:44:54-06,NO,,NO,,Sistema de Información Cultural (SIC)
TEATRO_435,435,TEATRO,Teatro al Aire Libre Coronel Lindbergh,1928-06-01,Gobierno del Distrito Federal / Delegación Cuauhtémoc,PUBLICO,EVIDENCIA_INSTITUCIONAL_PUBLICA,,,9,Ciudad de México,15,Cuauhtémoc,1,Cuauhtémoc,Parque México entre Michoacán y Av. México,Col. Hipódromo Condesa,6170.0,55 2452 3219 Servicios culturales de la Delegación Cuauhtémoc,,,,,,1000,frontal,,-99.17006,19.41163,http://sic.gob.mx/ficha.php?table=teatro&table_id=435,2026-09-01 11:15:38-06,NO,,NO,,Sistema de Información Cultural (SIC)
TEATRO_397,397,TEATRO,Teatro San Rafael,1977-05-17,"Producciones Mafe, S.A. de C.V.",PRIVADO,EVIDENCIA_INSTITUCIONAL_PRIVADA,,,9,Ciudad de México,15,Cuauhtémoc,1,Cuauhtémoc,Virginia Fábregas 40,Col. San Rafael,6470.0,55 5592 2954,https://carteleradeteatro.mx/teatro/centro/teatro-san-rafael/,produccfabregas@hotmail.com,,,,1372,italiano,,-99.16585,19.44158,http://sic.gob.mx/ficha.php?table=teatro&table_id=397,2023-12-04 04:08:12-06,NO,,NO,,Sistema de Información Cultural (SIC)
TEATRO_270,270,TEATRO,Teatro San Millán de Loyola,1989-06-28,Sindicato Único de Trabajadores del Gobierno del Distrito Federal Sección 21,PUBLICO,EVIDENCIA_INSTITUCIONAL_PUBLICA,,,9,Ciudad de México,15,Cuauhtémoc,1,Cuauhtémoc,Lucas Alamán s/n,Col. Obrera,6800.0,55 5566 3233 (sindicato),https://www.facebook.com/pages/Teatro-San-Millan/179220558833602,,,,,380,italiano,,-99.13824,19.42108,http://sic.gob.mx/ficha.php?table=teatro&table_id=270,2023-12-05 11:53:56-06,NO,,NO,,Sistema de Información Cultural (SIC)
TEATRO_297,297,TEATRO,Teatro al Aire Libre Juan Ruiz de Alarcón,1980-12-01,Centro Cultural Juan Ruiz de Alarcón/Alcaldía Cuauhtémoc,PUBLICO,EVIDENCIA_INSTITUCIONAL_PUBLICA,,,9,Ciudad de México,15,Cuauhtémoc,1,Cuauhtémoc,Virginia Fábregas esq. Av. Ribera de San Cosme,Col. San Rafael,6470.0,55 1808.2772,https://historico.alcaldiacuauhtemoc.mx/nope/centro-juan-ruiz-de-alarcon/,,,,,500,italiano,,-99.16583,19.4424,http://sic.gob.mx/ficha.php?table=teatro&table_id=297,2023-09-25 05:41:18-06,NO,,NO,,Sistema de Información Cultural (SIC)
TEATRO_269,269,TEATRO,Centro Cultural El Foco (antes Foro de la Comedia),1993-05-31,"Compañía de Teatro de Árbol, A.C.",PRIVADO,EVIDENCIA_INSTITUCIONAL_PRIVADA,,,9,Ciudad de México,15,Cuauhtémoc,1,Cuauhtémoc,Tlacotalpan 16,Col. Roma Sur,6700.0,55 5574 9011,,contactoelfoco@gmail.com,https://www.facebook.com/CCElFoco/?locale=es_LA,,,81,isabelino,,-99.16698,19.40895,http://sic.gob.mx/ficha.php?table=teatro&table_id=269,2026-01-20 14:03:35-06,NO,,NO,,Sistema de Información Cultural (SIC)
TEATRO_647,647,TEATRO,Teatro El Milagro,2008-04-05,"Arte El Milagro, A.C.",PRIVADO,EVIDENCIA_INSTITUCIONAL_PRIVADA,,,9,Ciudad de México,15,Cuauhtémoc,1,Cuauhtémoc,Milán 24,Col. Juárez,6600.0,55 5535 1291,http://www.elmilagro.org.mx/,difusion@elmilagro.org.mx,,,,0,,,-99.15655,19.43042,http://sic.gob.mx/ficha.php?table=teatro&table_id=647,2021-06-08 07:57:38-05,NO,,NO,,Sistema de Información Cultural (SIC)
TEATRO_248,248,TEATRO,Teatro Hidalgo Ignacio Retes,1962-05-09,Fideicomiso de administración de Teatros y salas de espectáculos del IMSS,PUBLICO,EVIDENCIA_INSTITUCIONAL_PUBLICA,,,9,Ciudad de México,15,Cuauhtémoc,1,Cuauhtémoc,Av. Hidalgo 23,Col. Guerrero,6300.0,55 5326 5445 Ext. 27095,http://www.teatrodelanacion.com.mx,roberto.guzmanre@imss.gob.mx,,,,816,italiano,,-99.1416,19.43681,http://sic.gob.mx/ficha.php?table=teatro&table_id=248,2025-04-11 14:26:26-06,NO,,NO,,Sistema de Información Cultural (SIC)
TEATRO_427,427,TEATRO,Teatro Benito Juárez,1984-01-01,Secretaría de Cultura del Gobierno de la Ciudad de México,PUBLICO,EVIDENCIA_INSTITUCIONAL_PUBLICA,,,9,Ciudad de México,15,Cuauhtémoc,1,Cuauhtémoc,Villalongín 15,Col. Cuauhtémoc,6500.0,55 55 92 73 89,https://www.cultura.cdmx.gob.mx/recintos/tbj,cst.benitojuarez@gmail.com,,,,280,italiano,,-99.16095,19.43199,http://sic.gob.mx/ficha.php?table=teatro&table_id=427,2023-12-05 11:01:06-06,NO,,NO,,Sistema de Información Cultural (SIC)
TEATRO_899,899,TEATRO,Teatro Milán,2013-03-17,Teletec,PRIVADO,REVISION_MANUAL,,,9,Ciudad de México,15,Cuauhtémoc,1,Cuauhtémoc,Lucerna 64,Col. Juárez,6600.0,55 5535 4178,http://www.teatromilan.com/,info@teatromilanforolucerna.com,https://www.facebook.com/TeatroMilanForoLucerna,teatro_milan,@teatromilan_forolucerna,260,Italiano,,-99.15676,19.42996,http://sic.gob.mx/ficha.php?table=teatro&table_id=899,2024-10-18 12:14:41-06,NO,,NO,,Sistema de Información Cultural (SIC)
TEATRO_777,777,TEATRO,Foro Polivalente Antonieta Rivas Mercado,2013-08-28,Secretaría de Cultura Federal/Biblioteca de México,PUBLICO,EVIDENCIA_INSTITUCIONAL_PUBLICA,,,9,Ciudad de México,15,Cuauhtémoc,1,Cuauhtémoc,Plaza de la Ciudadela 4,Centro,6040.0,(55) 4155 0830 ext. 3856,https://www.bibliotecademexico.gob.mx/info_detalle_mx.php?id=90&area=SC,,https://www.facebook.com/pages/Foro-Polivalente-Antonieta-Rivas-Mercado/273065132901897?fref=ts,,,172,multimodal,,-99.14997,19.42916,http://sic.gob.mx/ficha.php?table=teatro&table_id=777,2021-11-11 11:37:29-06,NO,,NO,,Sistema de Información Cultural (SIC)
TEATRO_255,255,TEATRO,Teatro Auditorio Congreso del Trabajo,1976-09-01,Congreso del Trabajo,PRIVADO,EVIDENCIA_INSTITUCIONAL_PRIVADA,,,9,Ciudad de México,15,Cuauhtémoc,1,Cuauhtémoc,"Av. Ricardo Flores Magón 44,  piso 7",Col. Guerrero,6300.0,55 5583 7787,,oficialmayor@eninfinitum.com,https://www.facebook.com/profile.php?id=220352387998155&paipv=0&eav=AfZqDMo3-x0GvOXYy5mgfb5QWI7D-wpDRNgWArsCILCFZMFmnGyFASGTRgfYwDHQLfE&_rdr,,,710,Italiano,,-99.14269,19.45134,http://sic.gob.mx/ficha.php?table=teatro&table_id=255,2023-10-11 04:54:59-06,NO,,NO,,Sistema de Información Cultural (SIC)
TEATRO_459,459,TEATRO,Teatro Metropólitan,1943-09-08,"Operadora de Centros de Espectáculos, S.A.",PRIVADO,EVIDENCIA_INSTITUCIONAL_PRIVADA,,,9,Ciudad de México,15,Cuauhtémoc,1,Cuauhtémoc,Independencia 90,Centro,6050.0,(55) 5510 1045 ext. 2100,https://www.teatrometropolitan.mx/,sbautista@ocesa.com.mx,https://www.facebook.com/TeatroMetropolitan/?locale=es_LA,@TMetropolitanMx,,3165,italiano,,-99.14693,19.4335,http://sic.gob.mx/ficha.php?table=teatro&table_id=459,2026-01-22 19:49:24-06,NO,,NO,,Sistema de Información Cultural (SIC)
TEATRO_312,312,TEATRO,Teatro FSTSE,2000-10-23,Federación de Sindicatos de Trabajadores al Servicio del Estado,PRIVADO,REVISION_MANUAL,,,9,Ciudad de México,15,Cuauhtémoc,1,Cuauhtémoc,Ezequiel Montes 92,Col. Tabacalera,6030.0,(55) 5128 1600,,rocambra@gmail.com,,,,573,italiano,,-99.15648,19.43449,http://sic.gob.mx/ficha.php?table=teatro&table_id=312,2026-02-17 17:58:38-06,NO,,NO,,Sistema de Información Cultural (SIC)
TEATRO_463,463,TEATRO,Teatro Lotería Nacional,1974-06-01,Lotería Nacional para la Asistencia Pública,PUBLICO,EVIDENCIA_INSTITUCIONAL_PUBLICA,,,9,Ciudad de México,15,Cuauhtémoc,1,Cuauhtémoc,Av. Hidalgo 130,Col. Tabacalera,6030.0,"55 5140 7000 exts. 3605, 3140, 3141",http://www.lotenal.gob.mx,correo@lotenal.gob.mx,https://www.facebook.com/LoteriaNacional.Mx/?locale=es_LA,https://x.com/LN_electronicos,https://www.instagram.com/loterianacional_mx/,214,italiano,,-99.14854,19.43751,http://sic.gob.mx/ficha.php?table=teatro&table_id=463,2026-02-20 11:39:13-06,NO,,NO,,Sistema de Información Cultural (SIC)
TEATRO_438,438,TEATRO,Centro Cultural de las Artes Escénicas Ernesto Gómez Cruz,1996-10-12,Alcaldía Cuauhtémoc/Centro Social y Deportivo Club Antonio Caso,PUBLICO,EVIDENCIA_INSTITUCIONAL_PUBLICA,,,9,Ciudad de México,15,Cuauhtémoc,1,Cuauhtémoc,"Av. Paseo de la Reforma Norte 668, 3ra sección",Col. Tlatelolco,6900.0,55 4335 8006 ext. 109,https://www.facebook.com/pages/Centro-Cultural-de-las-Artes-Esc%C3%A9nicas-Ernesto-G%C3%B3mez-Cruz/293696827331257,centroculturalernestogomezcruz@yahoo.com.mx,,,,425,italiano,,-99.13492,19.44915,http://sic.gob.mx/ficha.php?table=teatro&table_id=438,2023-02-24 07:13:54-06,NO,,NO,,Sistema de Información Cultural (SIC)
TEATRO_768,768,TEATRO,Foro Lenin,1985-01-01,"Centro Mexicano de Estudios Culturales y Sociales, A.C.",PRIVADO,EVIDENCIA_INSTITUCIONAL_PRIVADA,,,9,Ciudad de México,15,Cuauhtémoc,1,Cuauhtémoc,Mérida 98 esq. Tabasco,Col. Roma,6700.0,"55 5511 1027, 5514 7865",https://forolenin.com/el-foro/,forolenin@gmail.com; info@forolenin.gom,https://www.facebook.com/Forolenin/,,forolenin,220,,,-99.15719,19.41958,http://sic.gob.mx/ficha.php?table=teatro&table_id=768,2024-12-02 13:30:33-06,NO,,NO,,Sistema de Información Cultural (SIC)
TEATRO_475,475,TEATRO,Sala Moliere (En remodelación),1949-01-01,Instituto Francés de América Latina (IFAL),PUBLICO,REVISION_MANUAL,,,9,Ciudad de México,15,Cuauhtémoc,1,Cuauhtémoc,Río Nazas 43,Col. Cuauhtémoc,6500.0,55 5566 0777 al 80,https://ifal.mx/lecinema/cartelera,informes@ifal.mx;  lecinema@ifal.mx,https://www.facebook.com/lecinemaifal,,,236,,,-99.20132,19.43682,http://sic.gob.mx/ficha.php?table=teatro&table_id=475,2025-06-18 11:37:13-06,NO,,NO,,Sistema de Información Cultural (SIC)
TEATRO_394,394,TEATRO,Teatro Virginia Fábregas,1990-03-01,"Producciones Mafe, S.A. de C.V.",PRIVADO,EVIDENCIA_INSTITUCIONAL_PRIVADA,,,9,Ciudad de México,15,Cuauhtémoc,1,Cuauhtémoc,Joaquín Velázquez de León 29,Col. San Rafael,6470.0,55 5535 5424,,direccionccvf@gmail.com,https://www.facebook.com/CCVFOficial/?locale=es_LA,,,180,italiano,,-99.16611,19.44153,http://sic.gob.mx/ficha.php?table=teatro&table_id=394,2026-01-26 13:50:24-06,NO,,NO,,Sistema de Información Cultural (SIC)
TEATRO_883,883,TEATRO,Centro Cultural de las Artes Escénicas Teatro María Rojo,1964-11-21,Secretaría de Cultura del Gobierno Federal,PUBLICO,EVIDENCIA_INSTITUCIONAL_PUBLICA,,,9,Ciudad de México,15,Cuauhtémoc,1,Cuauhtémoc,Manuel González 2a. Secc. atrás del metro Tlatelolco,Unidad Habitacional Nonoalco Tlatelolco,6900.0,(55) 4335 8095,https://www.facebook.com/Centro-Cultural-de-las-Artes-Esc%C3%A9nicas-Teatro-Mar%C3%ADa-Rojo-384096345041303/photos,barbaracardonamatias@hotmail.com,,,,0,,,-99.14277,19.45512,http://sic.gob.mx/ficha.php?table=teatro&table_id=883,2017-02-27 12:57:49-06,NO,,NO,,Sistema de Información Cultural (SIC)
TEATRO_518,518,TEATRO,Teatro Silvia Pinal,1991-05-02,Particular,PRIVADO,CLASIFICACION_EXPLICITA,,,9,Ciudad de México,15,Cuauhtémoc,1,Cuauhtémoc,Versalles 27,Col. Juárez,6600.0,55 5546 2975,,,,,,660,italiano,,-99.15472,19.43117,http://sic.gob.mx/ficha.php?table=teatro&table_id=518,2023-03-14 08:27:19-06,NO,,NO,,Sistema de Información Cultural (SIC)
TEATRO_987,987,TEATRO,Foro La Nabe,2016-01-01,,NO_DETERMINADO,SIN_ADSCRIPCION,,,9,Ciudad de México,15,Cuauhtémoc,1,Cuauhtémoc,Linares 26,Col. Roma Sur,6760.0,55 2322 9306,https://forolanabe.com/,forolanabe@hotmail.com,https://www.facebook.com/forolanabe/,ForolaNabe,,0,,,-99.15167,19.44165,http://sic.gob.mx/ficha.php?table=teatro&table_id=987,2020-05-20 16:00:05-05,NO,,SI,No existe adscripción disponible para determinar el tipo de gestión.,Sistema de Información Cultural (SIC)
TEATRO_832,832,TEATRO,Centro Cultural Teatro 1,1995-10-30,Gou Producciones,PRIVADO,CLASIFICACION_EXPLICITA,,,9,Ciudad de México,15,Cuauhtémoc,1,Cuauhtémoc,Av. Cuauhtémoc 19,Col. Roma,6700.0,55 4000 5631,https://www.gouproducciones.mx/teatros-gou-producciones-cct1-cct2-aldama/,,https://www.facebook.com/centroculturalteatro1?locale=es_LA,gouproducciones,https://www.instagram.com/centroculturalteatro1/,2197,Italiano,,-99.15389,19.42472,http://sic.gob.mx/ficha.php?table=teatro&table_id=832,2025-12-04 10:57:00-06,NO,,NO,,Sistema de Información Cultural (SIC)
TEATRO_841,841,TEATRO,Bajo Circuito Multiforo Urbano,2014-10-01,Grupo Litoral,PRIVADO,CLASIFICACION_EXPLICITA,,,9,Ciudad de México,15,Cuauhtémoc,1,Cuauhtémoc,Bajo Puente de Circuito Interior s/n esq. Juan Escutia,Col. Condesa,6140.0,55 5211 7631,,infobc@arterial.mx; soporte@passline.mx,https://www.facebook.com/pages/Bajo-Circuito/346862878812488?sk=timeline,,https://www.instagram.com/bajocircuito/?hl=es,250,multimodal,,-99.17941,19.41623,http://sic.gob.mx/ficha.php?table=teatro&table_id=841,2026-06-10 12:24:56-06,NO,,NO,,Sistema de Información Cultural (SIC)
TEATRO_748,748,TEATRO,Espacio Universitario de Cultura Off Spring,2012-08-27,,NO_DETERMINADO,SIN_ADSCRIPCION,,,9,Ciudad de México,15,Cuauhtémoc,1,Cuauhtémoc,Francisco Pimentel 14 (entre José Rosas Moreno e Ignacio Altamirano),Col. San Rafael,6470.0,(55) 5592 0619,,foroffspring@hotmail.com,,,,300,,,-99.162,19.43861,http://sic.gob.mx/ficha.php?table=teatro&table_id=748,2018-08-23 05:25:00-05,NO,,SI,No existe adscripción disponible para determinar el tipo de gestión.,Sistema de Información Cultural (SIC)
TEATRO_770,770,TEATRO,Foro del Tejedor,1991-01-01,Cafebrería el Péndulo S.A. de C.V.,PRIVADO,EVIDENCIA_INSTITUCIONAL_PRIVADA,,,9,Ciudad de México,15,Cuauhtémoc,1,Cuauhtémoc,"Alvaro Obregon 86, piso 3 (entre Orizaba y Córdova)",Col. Roma,6700.0,55 5574 7034,http://forodeltejedor.com,esteban@pendulo.com; xana@pendulo.com,,,,114,,,-99.15915,19.41863,http://sic.gob.mx/ficha.php?table=teatro&table_id=770,2025-06-09 16:59:52-06,NO,,NO,,Sistema de Información Cultural (SIC)
TEATRO_249,249,TEATRO,Teatro Isabela Corona,1962-02-15,Instituto Mexicano del Seguro Social (IMSS),PUBLICO,EVIDENCIA_INSTITUCIONAL_PUBLICA,,,9,Ciudad de México,15,Cuauhtémoc,1,Cuauhtémoc,Eje Central Lázaro Cárdenas 445,Col. Unidad Nonoalco-Tlatelolco,6900.0,(55) 5782 1646,https://carteleradeteatro.mx/teatro/centro/teatro-isabela-corona/,chavalone_62@hotmail.com,,,,482,Italiano,,-99.13767,19.45259,http://sic.gob.mx/ficha.php?table=teatro&table_id=249,2026-02-16 16:30:42-06,NO,,NO,,Sistema de Información Cultural (SIC)
TEATRO_421,421,TEATRO,Teatro Casa de la Paz,1965-03-24,UAM/Coordinación General de Difusión,PUBLICO,EVIDENCIA_INSTITUCIONAL_PUBLICA,,,9,Ciudad de México,15,Cuauhtémoc,1,Cuauhtémoc,Cozumel 33,Col. Roma Nte.,6700.0,55 5286 5315,https://teatrocasadelapaz.uam.mx/,tdelapaz@correo.uam.mx,https://www.facebook.com/teatrocasadelapaz/,,https://www.instagram.com/teatrocasadelapaz/,164,italiano,,-99.17124,19.41961,http://sic.gob.mx/ficha.php?table=teatro&table_id=421,2026-02-23 14:29:13-06,NO,,NO,,Sistema de Información Cultural (SIC)
TEATRO_683,683,TEATRO,Foro A Poco No. Teatro Cabaret,2009-11-11,Secretaría de Cultura de la Ciudad de México/Coordinación del Sistema de Teatros,PUBLICO,EVIDENCIA_INSTITUCIONAL_PUBLICA,,,9,Ciudad de México,15,Cuauhtémoc,1,Cuauhtémoc,República de Cuba 49 esq. República de Chile y Allende,Centro Histórico,6010.0,55 5130 5740 ext. 2018,http://teatros.cultura.cdmx.gob.mx/foro/foro-poco-no?fbclid=IwY2xjawL_TXdleHRuA2FlbQIxMABicmlkETFRaFpRUDhJTnJrNHZrTHhZAR74BsNCf2-L59FCzZ5k6VdvL1DxvPpntDvm2j2nrX071ac-uTFRczTEvFcsmg_aem_5fVRfd7xXOFOCNOGdnI_yg,cst.foroapocono@gmail.com,https://www.facebook.com/foro.apocono?fref=ts,,,60,italiano,,-99.13729,19.43708,http://sic.gob.mx/ficha.php?table=teatro&table_id=683,2025-08-05 14:50:21-06,NO,,NO,,Sistema de Información Cultural (SIC)
TEATRO_473,473,TEATRO,Teatro Jorge Negrete,1957-12-05,Asociación Nacional de Actores (ANDA),PRIVADO,REVISION_MANUAL,,,9,Ciudad de México,15,Cuauhtémoc,1,Cuauhtémoc,Manuel Ignacio Altamirano 128,Col. San Rafael,6470.0,55 5535 2246,,jorgenegreteteatro@hotmail.com,https://www.facebook.com/pages/Teatro%20Jorge%20Negrete%20M%C3%A9xico%20DF/140629062660175/?locale=es_LA,,,602,italiano,,-99.1634,19.43493,http://sic.gob.mx/ficha.php?table=teatro&table_id=473,2023-12-05 10:04:46-06,NO,,NO,,Sistema de Información Cultural (SIC)
TEATRO_929,929,TEATRO,Un Teatro,2013-04-30,"Realzando Ideas, A.C.",PRIVADO,EVIDENCIA_INSTITUCIONAL_PRIVADA,,,9,Ciudad de México,15,Cuauhtémoc,1,Cuauhtémoc,Av. Nuevo León 46,Col. Hipodromo Condesa,6170.0,55 6449 7866,http://www.unteatro.org/,unteatrodifusion@gmail.com,https://www.facebook.com/unteatro,,,75,Italiano,,-99.17108,19.4139,http://sic.gob.mx/ficha.php?table=teatro&table_id=929,2026-01-14 14:21:31-06,NO,,NO,,Sistema de Información Cultural (SIC)
TEATRO_900,900,TEATRO,Foro Lucerna,2013-03-17,,NO_DETERMINADO,SIN_ADSCRIPCION,,,9,Ciudad de México,15,Cuauhtémoc,1,Cuauhtémoc,Lucerna 64,Col. Juárez,6600.0,55 5535 4178,www.teatromilan.com,info@teatromilanforolucerna.com,facebook.com/TeatroMilanForoLucerna,@ForoLucerna,@teatromilan_forolucerna,90,Italiano,,-99.15672,19.42996,http://sic.gob.mx/ficha.php?table=teatro&table_id=900,2024-10-18 12:28:57-06,NO,,SI,No existe adscripción disponible para determinar el tipo de gestión.,Sistema de Información Cultural (SIC)
TEATRO_1002,1002,TEATRO,Teatro Varsovia,2022-03-03,,NO_DETERMINADO,SIN_ADSCRIPCION,,,9,Ciudad de México,15,Cuauhtémoc,1,Cuauhtémoc,Varsovia 9,Col. Juárez,6600.0,55 4894 9259,,teatrovarsovia@gmail.com,https://www.facebook.com/teatrovarsovia,teatrovarsovia,,180,italiano,,-99.16891,19.42565,http://sic.gob.mx/ficha.php?table=teatro&table_id=1002,2022-03-04 08:28:21-06,NO,,SI,No existe adscripción disponible para determinar el tipo de gestión.,Sistema de Información Cultural (SIC)
TEATRO_476,476,TEATRO,Anfiteatro Simón Bolívar,1910-09-22,UNAM/Antiguo Colegio de San Ildefonso,PUBLICO,EVIDENCIA_INSTITUCIONAL_PUBLICA,,,9,Ciudad de México,15,Cuauhtémoc,1,Cuauhtémoc,Justo Sierra 16,Centro,6000.0,55 5702 4221,https://culturaunam.mx/vertice/index.php/venue/anfiteatro-simon-bolivar/,anfi@servidorunam.com; anfi@unam.mx,,,,457,italiano,,-99.13101,19.4358,http://sic.gob.mx/ficha.php?table=teatro&table_id=476,2025-05-14 13:31:16-06,NO,,NO,,Sistema de Información Cultural (SIC)
TEATRO_396,396,TEATRO,Teatro del Palacio de Bellas Artes,1934-09-29,Secretaría de Cultura/INBA,PUBLICO,EVIDENCIA_INSTITUCIONAL_PUBLICA,,,9,Ciudad de México,15,Cuauhtémoc,1,Cuauhtémoc,Av. Juárez 1,Centro,6050.0,"55 8647 6500 exts. 2152, 2153, 2154",http://www.palacio.bellasartes.gob.mx/,gpba.palaciodebellasartes@inba.gob.mx; gerenciapba@inba.gob.mx,,,,1590,Italiano,,-99.14123,19.43566,http://sic.gob.mx/ficha.php?table=teatro&table_id=396,2025-06-06 13:46:45-06,NO,,NO,,Sistema de Información Cultural (SIC)
TEATRO_813,813,TEATRO,Foro Claudia,2011-01-01,Centro Cultural Sylvia Pasquel,PRIVADO,CLASIFICACION_EXPLICITA,,,9,Ciudad de México,15,Cuauhtémoc,1,Cuauhtémoc,Av. Juan Escutia 96,Col. Condesa,6140.0,(55) 5211 4941,https://forosylviapasquel.com/foro-claudia,foropasquel@hotmail.com; marisol@centroculturalsylviapasquel.com,https://www.facebook.com/foro.pasquel,foropasquel,,55,,,-99.17655,19.41563,http://sic.gob.mx/ficha.php?table=teatro&table_id=813,2022-07-08 06:48:27-05,NO,,NO,,Sistema de Información Cultural (SIC)
TEATRO_837,837,TEATRO,Foro Indie Rocks,1000-01-01,Grupo Indie Rocks,PRIVADO,CLASIFICACION_EXPLICITA,,,9,Ciudad de México,15,Cuauhtémoc,1,Cuauhtémoc,Zacatecas 39,Col. Roma Nte.,6700.0,55 6394 7745,https://www.indierocks.mx/,,https://www.facebook.com/foroindierocks/timeline,indierocks,https://www.instagram.com/indierocksmagazine,1500,italiano,,-99.15617,19.41665,http://sic.gob.mx/ficha.php?table=teatro&table_id=837,2023-09-27 11:19:55-06,NO,,NO,,Sistema de Información Cultural (SIC)
TEATRO_902,902,TEATRO,Sensorama,2013-01-01,,NO_DETERMINADO,SIN_ADSCRIPCION,,,9,Ciudad de México,15,Cuauhtémoc,1,Cuauhtémoc,Zacatecas 155,Col. Roma Norte,6700.0,55 1998 2586,http://www.sensorama.mx/,delfinsensorama@gmail.com; preventa.sensorama@gmail.com,https://www.facebook.com/sensorama.mx/,,,0,,,-99.16448,19.41324,http://sic.gob.mx/ficha.php?table=teatro&table_id=902,2020-05-25 15:59:39-05,NO,,SI,No existe adscripción disponible para determinar el tipo de gestión.,Sistema de Información Cultural (SIC)
TEATRO_428,428,TEATRO,Teatro Sergio Magaña,1991-07-26,Secretaría de Cultura de la Ciudad de México,PUBLICO,EVIDENCIA_INSTITUCIONAL_PUBLICA,,,9,Ciudad de México,15,Cuauhtémoc,1,Cuauhtémoc,Sor Juana Inés de la Cruz 114,Col. Santa María la Ribera,6400.0,(55) 5547 0931,http://teatros.cultura.cdmx.gob.mx/foro/teatro-sergio-maga%C3%B1a,teatrosergiomagana@df.gob.mx,https://www.facebook.com/TeatroSergioMagana/,,,321,italiano,,-99.16068,19.44529,http://sic.gob.mx/ficha.php?table=teatro&table_id=428,2019-10-25 07:11:49-05,NO,,NO,,Sistema de Información Cultural (SIC)
TEATRO_420,420,TEATRO,Teatro de la Ciudad Esperanza Iris,1918-05-25,Secretaría de Cultura del Gobierno de la Ciudad de México,PUBLICO,EVIDENCIA_INSTITUCIONAL_PUBLICA,,,9,Ciudad de México,15,Cuauhtémoc,1,Cuauhtémoc,Donceles 36,Centro,6010.0,55 1719 3000 ext. 2006,http://teatros.cultura.cdmx.gob.mx/foro/teatro-de-la-ciudad-esperanza-iris,teatros.esperanzairis@gmail.com,https://www.facebook.com/TeatroDeLaCdEsperanzaIris,,,1326,italiano,,-99.13725,19.43669,http://sic.gob.mx/ficha.php?table=teatro&table_id=420,2026-04-07 14:04:08-06,NO,,NO,,Sistema de Información Cultural (SIC)
TEATRO_812,812,TEATRO,Foro Nahui Olin,2011-01-01,Centro Cultural Sylvia Pasquel,PRIVADO,CLASIFICACION_EXPLICITA,,,9,Ciudad de México,15,Cuauhtémoc,1,Cuauhtémoc,Av. Juan Escutia 96,Col. Condesa,6140.0,55 5211 4941,http://www.centroculturalsylviapasquel.com/NAHUI.html,foropasquel@hotmail.com; marisol@centroculturalsylviapasquel.com,https://www.facebook.com/foro.pasquel,foropasquel,,140,,,-99.17655,19.41563,http://sic.gob.mx/ficha.php?table=teatro&table_id=812,2022-07-08 06:45:53-05,NO,,NO,,Sistema de Información Cultural (SIC)
TEATRO_282,282,TEATRO,Foro del Centro Cultural Roldán Sandoval,1997-01-13,Centro Cultural Roldán Sandoval S.C.,PRIVADO,EVIDENCIA_INSTITUCIONAL_PRIVADA,,,9,Ciudad de México,16,Miguel Hidalgo,1,Miguel Hidalgo,José Martí 280,Col. Escandón,11800.0,(55) 5273 7631,http://www.fredroldan.com,fredroldanactor@gmail.com,https://www.facebook.com/Centroculturalroldansandoval,,,100,isabelino,,-99.17165,19.40025,http://sic.gob.mx/ficha.php?table=teatro&table_id=282,2025-07-07 19:19:45-06,NO,,NO,,Sistema de Información Cultural (SIC)
TEATRO_449,449,TEATRO,Teatro Julio Castillo,1957-05-03,Secretaría de Cultura/INBA/Centro Cultural del Bosque,PUBLICO,EVIDENCIA_INSTITUCIONAL_PUBLICA,,,9,Ciudad de México,16,Miguel Hidalgo,1,Miguel Hidalgo,Campo Marte s/n esq. Paseo de la Reforma,Col. Chapultepec Polanco,11560.0,"55 52 83 46 00 exts. 4420, 4423",,,,,,1000,italiano,,-99.19504,19.42355,http://sic.gob.mx/ficha.php?table=teatro&table_id=449,2023-12-05 12:40:23-06,NO,,NO,,Sistema de Información Cultural (SIC)
TEATRO_36,36,TEATRO,Teatro Ofelia,1996-10-24,,NO_DETERMINADO,SIN_ADSCRIPCION,,,9,Ciudad de México,16,Miguel Hidalgo,1,Miguel Hidalgo,Eje 3 Poniente Thiers 287,Col. Anzures,11590.0,55 4140 5685,https://teatroofelia.com/,contact@teatroofelia.com,https://www.facebook.com/teatrofelia,teatroofelia,https://www.instagram.com/teatroofelia/?hl=es,325,italiano,,-99.18276,19.43712,http://sic.gob.mx/ficha.php?table=teatro&table_id=36,2023-12-05 12:05:16-06,NO,,SI,No existe adscripción disponible para determinar el tipo de gestión.,Sistema de Información Cultural (SIC)
TEATRO_727,727,TEATRO,Foro Cultural Chapultepec,2012-01-01,"Centro Deportivo Chapultepec, A.C.",PRIVADO,EVIDENCIA_INSTITUCIONAL_PRIVADA,,,9,Ciudad de México,16,Miguel Hidalgo,1,Miguel Hidalgo,Mariano Escobedo 665,Col. Anzures,11590.0,55 5254 3232 ext. 1057,https://deportivochapultepec.com/instalaciones-socioculturales/,sugerencias@cdch.com.mx,https://es-es.facebook.com/foroculturalchapultepec/,,https://www.instagram.com/foroculturalchapultepec/,650,,,-99.17918,19.42567,http://sic.gob.mx/ficha.php?table=teatro&table_id=727,2025-07-17 11:32:00-06,NO,,NO,,Sistema de Información Cultural (SIC)
TEATRO_838,838,TEATRO,Gran Teatro Moliere,2014-11-04,Clandestino Club. Destino Entertainment,PRIVADO,CLASIFICACION_EXPLICITA,,,9,Ciudad de México,16,Miguel Hidalgo,1,Miguel Hidalgo,Av. Moliere 328 esq. Homero y Ejército Nacional,Col. Polanco,11560.0,55 9688 6806,https://carteleradeteatro.mx/teatro/poniente/foro-polanco/,informacion@destinoent.com,https://www.facebook.com/carteleradeteatrocdmx/,,,1500,multimodal,,-99.20137,19.43669,http://sic.gob.mx/ficha.php?table=teatro&table_id=838,2023-11-17 07:32:27-06,NO,,NO,,Sistema de Información Cultural (SIC)
TEATRO_657,657,TEATRO,Foro al Aire Libre 1,2007-10-01,UNAM/Casa del Lago Juan José Arreola,PUBLICO,EVIDENCIA_INSTITUCIONAL_PUBLICA,,,9,Ciudad de México,16,Miguel Hidalgo,1,Miguel Hidalgo,"Bosque de Chapultepec, 1a. Sección",Chapultepec Polanco,11850.0,55 5211 1099,,apgrobet@casadellago.unam.mx,https://www.facebook.com/profile.php?id=100064667050546&locale=es_ES#,,,0,,,-99.18662,19.42204,http://sic.gob.mx/ficha.php?table=teatro&table_id=657,2026-05-08 11:02:49-06,NO,,NO,,Sistema de Información Cultural (SIC)
TEATRO_497,497,TEATRO,Teatro de la Danza Guillermina Bravo,1969-09-19,Secretaría de Cultura Federal/INBA/Centro Cultural del Bosque,PUBLICO,EVIDENCIA_INSTITUCIONAL_PUBLICA,,,9,Ciudad de México,16,Miguel Hidalgo,1,Miguel Hidalgo,Reforma y Campo Marte s/n,Col. Chapultepec Polanco,11100.0,55 1000 5600,https://inba.gob.mx/recinto/109,coordinacion.danza@inba.gob.mx,https://www.facebook.com/danzaINBAL/?locale=es_LA,,,340,italiano,,-99.19497,19.42346,http://sic.gob.mx/ficha.php?table=teatro&table_id=497,2026-05-14 18:07:26-06,NO,,NO,,Sistema de Información Cultural (SIC)
TEATRO_455,455,TEATRO,Teatro Rosario Castellanos,1959-05-18,UNAM/Casa del Lago Juan José Arreola,PUBLICO,EVIDENCIA_INSTITUCIONAL_PUBLICA,,,9,Ciudad de México,16,Miguel Hidalgo,1,Miguel Hidalgo,"Bosque de Chapultepec, 1a. Sección s/n",Col. San Miguel Chapultepec,11850.0,55 5211 6086,http://www.casadellago.unam.mx,contacto@casadellago.unam.mx,,,,90,italiano,,-99.18582,19.42238,http://sic.gob.mx/ficha.php?table=teatro&table_id=455,2025-07-03 12:35:17-06,NO,,NO,,Sistema de Información Cultural (SIC)
TEATRO_826,826,TEATRO,Plaza al aire libre Ángel Salas,1969-01-01,Secretaría de Cultura Federal/INBA/Centro Cultural del Bosque,PUBLICO,EVIDENCIA_INSTITUCIONAL_PUBLICA,,,9,Ciudad de México,16,Miguel Hidalgo,1,Miguel Hidalgo,Campo Marte s/n esq. Paseo de la Reforma,Col. Chapultepec Polanco,11560.0,(55) 5283 4600 ext. 4408,http://www.ccb.bellasartes.gob.mx/recintos/angelsalas,cnd.gentededanza@inba.gob.mx; ccb@inba.gob.mx .,,,,200,,,-99.19446,19.42343,http://sic.gob.mx/ficha.php?table=teatro&table_id=826,2026-01-07 19:55:25-06,NO,,NO,,Sistema de Información Cultural (SIC)
TEATRO_198,198,TEATRO,Teatro Legaria,1960-07-01,IMSS,PUBLICO,EVIDENCIA_INSTITUCIONAL_PUBLICA,,,9,Ciudad de México,16,Miguel Hidalgo,1,Miguel Hidalgo,Calz. Legaria s/n esq. Lago Gran Oso,Col. Pensil,11430.0,55 5527 1920,http://www.imss.gob.mx,chavalote@hotmail.com,,,,293,Italiano,,-99.19865,19.4527,http://sic.gob.mx/ficha.php?table=teatro&table_id=198,2021-09-01 10:14:57-05,NO,,NO,,Sistema de Información Cultural (SIC)
TEATRO_1038,1038,TEATRO,Jardín y Pabellón Escénico,2024-02-29,Secretaría de Cultura /INBAL,PUBLICO,EVIDENCIA_INSTITUCIONAL_PUBLICA,,,9,Ciudad de México,16,Miguel Hidalgo,1,Miguel Hidalgo,"Auditorio Nacional, Bosque de Chapultepec I Secc",,11580.0,,https://inba.gob.mx/prensa/19554/el-jardin-escenico-nuevo-espacio-para-las-artes-y-la-experimentacion-artistica-en-dialogo-con-la-naturaleza,,,,,400,,,-99.19388,19.42457,http://sic.gob.mx/ficha.php?table=teatro&table_id=1038,2024-02-29 14:10:39-06,NO,,NO,,Sistema de Información Cultural (SIC)
TEATRO_786,786,TEATRO,Teatro Telcel,2013-10-17,Grupo CARSO/OCESA,PRIVADO,CLASIFICACION_EXPLICITA,,,9,Ciudad de México,16,Miguel Hidalgo,1,Miguel Hidalgo,Lago Zurich 245,Col.  Ampl. Granada,11529.0,55 5207 1498,http://wickedelmusical.com.mx/,promociones@mejorteatro.com.mx,,,,1380,italiano,,-99.20388,19.44089,http://sic.gob.mx/ficha.php?table=teatro&table_id=786,2021-09-07 07:59:33-05,NO,,NO,,Sistema de Información Cultural (SIC)
TEATRO_450,450,TEATRO,Sala Xavier Villaurrutia,1957-08-23,Secretaría de Cultura Federal/INBA/Centro Cultural del Bosque,PUBLICO,EVIDENCIA_INSTITUCIONAL_PUBLICA,,,9,Ciudad de México,16,Miguel Hidalgo,1,Miguel Hidalgo,Campo Marte s/n esq. Paseo de la Reforma,Col. Chapultepec Polanco,11560.0,"55 52 83 46 00 exts. 4420, 4423",http://www.teatro.bellasartes.gob.mx,,,,,109,italiano,,-99.195,19.42351,http://sic.gob.mx/ficha.php?table=teatro&table_id=450,2023-12-05 12:36:40-06,NO,,NO,,Sistema de Información Cultural (SIC)
TEATRO_443,443,TEATRO,Teatro El Granero Xavier Rojas,1956-09-04,Secretaría de Cultura/INBA/Centro Cultural del Bosque,PUBLICO,EVIDENCIA_INSTITUCIONAL_PUBLICA,,,9,Ciudad de México,16,Miguel Hidalgo,1,Miguel Hidalgo,Campo Marte s/n esq. Paseo de la Reforma,Col. Chapultepec Polanco,11560.0,55 5280 8771 ext. 411,https://inba.gob.mx/recinto/111,inbaspt@yahoo.com,,,,203,arena,,-99.19458,19.42369,http://sic.gob.mx/ficha.php?table=teatro&table_id=443,2024-07-18 10:23:56-06,NO,,NO,,Sistema de Información Cultural (SIC)
TEATRO_451,451,TEATRO,Teatro Orientación,1957-08-01,Secretaría de Cultura/INBA/Centro Cultural del Bosque,PUBLICO,EVIDENCIA_INSTITUCIONAL_PUBLICA,,,9,Ciudad de México,16,Miguel Hidalgo,1,Miguel Hidalgo,Campo Marte s/n esq. Paseo de la Reforma,Col. Chapultepec Polanco,11560.0,(55) 5280 8771 ext. 502,http://www.teatro.bellasartes.gob.mx/index.php?option=com_content&view=article&id=249&Itemid=130 http://ftor-inbaspt.blogspot.mx/,ccbgerencia@hotmail.com,,,,351,italiano,,-99.19506,19.42336,http://sic.gob.mx/ficha.php?table=teatro&table_id=451,2022-07-22 12:28:03-05,NO,,NO,,Sistema de Información Cultural (SIC)
TEATRO_447,447,TEATRO,"Teatro el Galeón,  Abraham Oceransky",1972-11-20,Secretaría de Cultura Federal/INBA/Centro Cultural del Bosque,PUBLICO,EVIDENCIA_INSTITUCIONAL_PUBLICA,,,9,Ciudad de México,16,Miguel Hidalgo,1,Miguel Hidalgo,Campo Marte s/n esq. Paseo de la Reforma,Col. Chapultepec Polanco,11560.0,55 5280 2738,https://inba.gob.mx/recinto/110,gentedeteatro@inba.gob.mx,https://carteleradeteatro.mx/teatro/poniente/teatro-el-galeon/,,,350,multimodal,,-99.19493,19.42396,http://sic.gob.mx/ficha.php?table=teatro&table_id=447,2025-07-07 11:50:49-06,NO,,NO,,Sistema de Información Cultural (SIC)
TEATRO_825,825,TEATRO,Sala CCB,1996-01-01,Secretaría de Cultura/INBA/Centro Cultural del Bosque,PUBLICO,EVIDENCIA_INSTITUCIONAL_PUBLICA,,,9,Ciudad de México,16,Miguel Hidalgo,1,Miguel Hidalgo,Campo Marte s/n esq. Paseo de la Reforma,Col. Chapultepec Polanco,11560.0,(55) 1000 5600 ext. 4636,https://inba.gob.mx/recinto/68,ccb@inba.gob.mx,https://www.facebook.com/CCB.INBA/?locale=es_LA,,,110,,,-99.19503,19.42352,http://sic.gob.mx/ficha.php?table=teatro&table_id=825,2026-02-13 17:10:25-06,NO,,NO,,Sistema de Información Cultural (SIC)
TEATRO_903,903,TEATRO,Teatro del Seminario de Cultura Mexicana,2016-10-11,Seminario de Cultura Mexicana,PUBLICO,REVISION_EXTERNA,Ley Orgánica del Seminario de Cultura Mexicana / SCM,Institución creada mediante legislación federal y vinculada institucionalmente con la SEP.,9,Ciudad de México,16,Miguel Hidalgo,1,Miguel Hidalgo,Presidente Masaryk 526,Col. Polanco,11560.0,55 5281 6661,https://seminariodeculturamexicana.com/,contacto@culturamexicana.org.mx,https://www.facebook.com/seminariodeculturamx/,seminariocultmx,https://www.instagram.com/seminariodeculturamx,124,italiano,,-99.20496,19.43223,http://sic.gob.mx/ficha.php?table=teatro&table_id=903,2023-12-05 12:21:53-06,NO,,NO,,Sistema de Información Cultural (SIC)
TEATRO_519,519,TEATRO,Teatro al Aire Libre Ángela Peralta,1939-06-11,Delegación Miguel Hidalgo,PUBLICO,EVIDENCIA_INSTITUCIONAL_PUBLICA,,,9,Ciudad de México,16,Miguel Hidalgo,1,Miguel Hidalgo,Aristóteles s/n,Col. Polanco,11560.0,55 5276 7700,,,,,,2500,italiano,,-99.19424,19.42909,http://sic.gob.mx/ficha.php?table=teatro&table_id=519,2021-01-25 08:42:58-06,NO,,NO,,Sistema de Información Cultural (SIC)
TEATRO_441,441,TEATRO,Teatro Carlos Pellicer,1969-09-04,Gobierno del Distrito Federal/Delegación Venustiano Carranza/Deportivo José María Pino Suárez,PUBLICO,EVIDENCIA_INSTITUCIONAL_PUBLICA,,,9,Ciudad de México,17,Venustiano Carranza,1,Venustiano Carranza,Calz. de la Viga  s/n esq. Guillermo Prieto,Col. Jamaica,15800.0,55 5740 1627,https://inba.gob.mx/recinto/612,,,,,200,italiano,,-99.12607,19.40693,http://sic.gob.mx/ficha.php?table=teatro&table_id=441,2026-02-27 11:09:46-06,NO,,NO,,Sistema de Información Cultural (SIC)
TEATRO_434,434,TEATRO,Poliforum Cultural de la Colonia Federal,1977-02-27,"Delegación Venustiano Carranza, Gobierno del Distrito Federal",PUBLICO,EVIDENCIA_INSTITUCIONAL_PUBLICA,,,9,Ciudad de México,17,Venustiano Carranza,1,Venustiano Carranza,Plaza del Ejecutivo s/n entre Comisión Nacional Agraria y Comunicaciones,Col. Federal,15700.0,55 5762 2584,https://www.facebook.com/p/Poliforum-Cultural-de-la-colonia-Federal-100080329999519/,polif-cult-colfed@hotmail.es,,,,600,circular,,-99.08826,19.41995,http://sic.gob.mx/ficha.php?table=teatro&table_id=434,2025-05-27 11:25:56-06,NO,,NO,,Sistema de Información Cultural (SIC)
TEATRO_480,480,TEATRO,Foro del Centro de Arte y Cultura Circo Volador (Ex-Cine Francisco Villa),1998-07-15,"Centro de Arte y Cultura Circo Volador, A.C.",PRIVADO,EVIDENCIA_INSTITUCIONAL_PRIVADA,,,9,Ciudad de México,17,Venustiano Carranza,1,Venustiano Carranza,Calz. de la Viga 146,Col. Jamaica,15800.0,55 5740 3485,http://www.circovolador.org,circovolador@circovolador.org; genarodelgado@gmail.com,,,,1800,italiano,,-99.12578,19.4061,http://sic.gob.mx/ficha.php?table=teatro&table_id=480,2022-12-30 08:44:21-06,NO,,NO,,Sistema de Información Cultural (SIC)
CENTRO_CULTURAL_1224,1224,CENTRO_CULTURAL,Casa de la Cultura Azcapotzalco,1991-11-18,Alcaldía Azcapotzalco,PUBLICO,EVIDENCIA_INSTITUCIONAL_PUBLICA,,,9,Ciudad de México,2,Azcapotzalco,1,Azcapotzalco,Av. Azcapotzalco 605,Centro,2000.0,55 5354 9994,https://azcapotzalco.cdmx.gob.mx/,centros.culturales@azcapotzalco.cdmx.gob.mx,,,,,,,-99.18632,19.48056,http://sic.gob.mx/ficha.php?table=centro_cultural&table_id=1224,2026-05-19 10:23:22-06,NO,,NO,,Sistema de Información Cultural (SIC)
CENTRO_CULTURAL_3789,3789,CENTRO_CULTURAL,Artística Academia,1000-01-01,,NO_DETERMINADO,SIN_ADSCRIPCION,,,9,Ciudad de México,2,Azcapotzalco,1,Azcapotzalco,Norte 89-A No.24,Col. Claveria,2080.0,,,artistica_fitnesspoint@outlook.com,,,,,,,-99.18257,19.47044,http://sic.gob.mx/ficha.php?table=centro_cultural&table_id=3789,2024-09-13 13:19:07-06,NO,,SI,No existe adscripción disponible para determinar el tipo de gestión.,Sistema de Información Cultural (SIC)
CENTRO_CULTURAL_3498,3498,CENTRO_CULTURAL,PILARES San Miguel Amantla,1000-01-01,Gobierno de la Ciudad de México,PUBLICO,EVIDENCIA_INSTITUCIONAL_PUBLICA,,,9,Ciudad de México,2,Azcapotzalco,1,Azcapotzalco,Democracias s/n,San Miguel Amantla,2700.0,55 5134 0770 ext 1806,https://pilares.cdmx.gob.mx/,coord_comunicacion@pilares.cdmx.gob.mx,,,,,,,-99.20437,19.47527,http://sic.gob.mx/ficha.php?table=centro_cultural&table_id=3498,2024-06-12 09:21:20-06,SI,PILARES,NO,,Sistema de Información Cultural (SIC)
CENTRO_CULTURAL_3523,3523,CENTRO_CULTURAL,PILARES La Naranja,1000-01-01,Gobierno de la Ciudad de México,PUBLICO,EVIDENCIA_INSTITUCIONAL_PUBLICA,,,9,Ciudad de México,2,Azcapotzalco,1,Azcapotzalco,Calz de la Naranja 1015,San Pedro Xalpa,2710.0,55 5134 0770 ext 1806,https://pilares.cdmx.gob.mx/,coord_comunicacion@pilares.cdmx.gob.mx,,,,,,,-99.21852,19.47447,http://sic.gob.mx/ficha.php?table=centro_cultural&table_id=3523,2024-06-05 13:44:36-06,SI,PILARES,NO,,Sistema de Información Cultural (SIC)
CENTRO_CULTURAL_3524,3524,CENTRO_CULTURAL,PILARES Xochunahuac,2019-09-01,Secretaría de Cultura de la Ciudad de México,PUBLICO,EVIDENCIA_INSTITUCIONAL_PUBLICA,,,9,Ciudad de México,2,Azcapotzalco,1,Azcapotzalco,Av Benito Juárez,Col. San Martín Xochinahuac,2120.0,55 5134 0770 ext 1806,https://pilares.cdmx.gob.mx/,coord_comunicacion@pilares.cdmx.gob.mx,,,,,,,-99.18923,19.50986,http://sic.gob.mx/ficha.php?table=centro_cultural&table_id=3524,2025-09-25 18:09:58-06,SI,PILARES,NO,,Sistema de Información Cultural (SIC)
CENTRO_CULTURAL_3497,3497,CENTRO_CULTURAL,PILARES Margarita Maza de Juárez,2019-07-12,Gobierno de la Ciudad de México,PUBLICO,EVIDENCIA_INSTITUCIONAL_PUBLICA,,,9,Ciudad de México,2,Azcapotzalco,1,Azcapotzalco,Amuzgos s/n,Col. Tezozómoc,2459.0,55 5134 0770 ext 1806,https://pilares.cdmx.gob.mx/,coord_comunicacion@pilares.cdmx.gob.mx,,,,,,,-99.19903,19.48996,http://sic.gob.mx/ficha.php?table=centro_cultural&table_id=3497,2024-06-13 14:48:44-06,SI,PILARES,NO,,Sistema de Información Cultural (SIC)
CENTRO_CULTURAL_3654,3654,CENTRO_CULTURAL,PILARES Real de San Martín,2023-01-26,Secretaría de Cultura de la Ciudad de México,PUBLICO,EVIDENCIA_INSTITUCIONAL_PUBLICA,,,9,Ciudad de México,2,Azcapotzalco,1,Azcapotzalco,Av. Real de San Martín 270,Col. Reynosa Tamaulipas,2129.0,55 5134 0770 ext 1806,https://pilares.cdmx.gob.mx/,coord_comunicacion@pilares.cdmx.gob.mx,,,,,,,-99.18782,19.49755,http://sic.gob.mx/ficha.php?table=centro_cultural&table_id=3654,2025-08-29 18:10:21-06,SI,PILARES,NO,,Sistema de Información Cultural (SIC)
CENTRO_CULTURAL_3112,3112,CENTRO_CULTURAL,Centro Cultural Xitle,2015-07-22,,NO_DETERMINADO,SIN_ADSCRIPCION,,,9,Ciudad de México,2,Azcapotzalco,1,Azcapotzalco,Hacienda de Las Carretas 38,Col. Hacienda del Rosario,2420.0,(55)  6832 9465,,xitle.ac@gmail.com,,,,,,,-99.21154,19.49687,http://sic.gob.mx/ficha.php?table=centro_cultural&table_id=3112,2019-07-10 13:58:47-05,NO,,SI,No existe adscripción disponible para determinar el tipo de gestión.,Sistema de Información Cultural (SIC)
CENTRO_CULTURAL_3564,3564,CENTRO_CULTURAL,PILARES Pro Hogar,2020-01-01,Secretaría de Cultura de la Ciudad de México,PUBLICO,EVIDENCIA_INSTITUCIONAL_PUBLICA,,,9,Ciudad de México,2,Azcapotzalco,1,Azcapotzalco,Calle 22 17,Col.  Pro Hogar,2600.0,55 5134 0770 ext 1806,https://pilares.cdmx.gob.mx/,coord_comunicacion@pilares.cdmx.gob.mx,,,,,,,-99.14986,19.47503,http://sic.gob.mx/ficha.php?table=centro_cultural&table_id=3564,2025-07-07 18:04:12-06,SI,PILARES,NO,,Sistema de Información Cultural (SIC)
CENTRO_CULTURAL_3656,3656,CENTRO_CULTURAL,PILARES Tepantongo,2020-01-01,Secretaría de Cultura de la Ciudad de México,PUBLICO,EVIDENCIA_INSTITUCIONAL_PUBLICA,,,9,Ciudad de México,2,Azcapotzalco,1,Azcapotzalco,Tepantongo s/n,Col. San Marcos,2020.0,55 5134 0770 ext 1806,https://pilares.cdmx.gob.mx/,coord_comunicacion@pilares.cdmx.gob.mx,,,,,,,-99.18602,19.48973,http://sic.gob.mx/ficha.php?table=centro_cultural&table_id=3656,2025-09-12 18:21:43-06,SI,PILARES,NO,,Sistema de Información Cultural (SIC)
CENTRO_CULTURAL_3722,3722,CENTRO_CULTURAL,PILARES El Rosario,1000-01-01,Gobierno de la Ciudad de México,PUBLICO,EVIDENCIA_INSTITUCIONAL_PUBLICA,,,9,Ciudad de México,2,Azcapotzalco,1,Azcapotzalco,Agricultores s/n esq. Mercaderes,Col. El Rosario,2100.0,55 5134 0770 ext 1806,https://pilares.cdmx.gob.mx/,coord_comunicacion@pilares.cdmx.gob.mx,,,,,,,-99.20079,19.51287,http://sic.gob.mx/ficha.php?table=centro_cultural&table_id=3722,2024-06-13 14:15:51-06,SI,PILARES,NO,,Sistema de Información Cultural (SIC)
CENTRO_CULTURAL_3557,3557,CENTRO_CULTURAL,PILARES Coltongo,1000-01-01,Gobierno de la Ciudad de México,PUBLICO,EVIDENCIA_INSTITUCIONAL_PUBLICA,,,9,Ciudad de México,2,Azcapotzalco,1,Azcapotzalco,Calz. Coltongo esq. Prol. Norte 100 metros,Col. Coltongo,2630.0,55 5134 0770 ext 1806,https://pilares.cdmx.gob.mx/,coord_comunicacion@pilares.cdmx.gob.mx,,,,,,,-99.15321,19.48157,http://sic.gob.mx/ficha.php?table=centro_cultural&table_id=3557,2024-06-19 13:29:09-06,SI,PILARES,NO,,Sistema de Información Cultural (SIC)
CENTRO_CULTURAL_3464,3464,CENTRO_CULTURAL,PILARES Xalli,1000-01-01,Secretaría de Cultura de la Ciudad de México,PUBLICO,EVIDENCIA_INSTITUCIONAL_PUBLICA,,,9,Ciudad de México,2,Azcapotzalco,1,Azcapotzalco,Aretillo 184,Col. El Arenal,2980.0,55 5134 0770 ext 1806,https://pilares.cdmx.gob.mx/,coord_comunicacion@pilares.cdmx.gob.mx,,,,,,,-99.15194,19.46424,http://sic.gob.mx/ficha.php?table=centro_cultural&table_id=3464,2024-06-11 10:47:43-06,SI,PILARES,NO,,Sistema de Información Cultural (SIC)
CENTRO_CULTURAL_3100,3100,CENTRO_CULTURAL,Faro Poniente Xochikalli Azcapotzalco,2018-12-13,Alcaldía Azcapotzalco,PUBLICO,EVIDENCIA_INSTITUCIONAL_PUBLICA,,,9,Ciudad de México,2,Azcapotzalco,1,Azcapotzalco,Calle Cananea lote 4,Unidad Habitacional El Rosario,2100.0,,,comunicacion.faroazcapotzalco@gmail.com,,,,,,,-99.20009,19.5069,http://sic.gob.mx/ficha.php?table=centro_cultural&table_id=3100,2021-07-30 10:57:14-05,NO,,NO,,Sistema de Información Cultural (SIC)
CENTRO_CULTURAL_3618,3618,CENTRO_CULTURAL,PILARES Fábrica de Artes y Oficios (FARO) Azcapotzalco Xochicalli,2018-09-13,Secretaría de Cultura de la Ciudad de México/Dirección General de Vinculación Cultural Comunitaria/Red de Faros,PUBLICO,EVIDENCIA_INSTITUCIONAL_PUBLICA,,,9,Ciudad de México,2,Azcapotzalco,1,Azcapotzalco,Av. Cultura Norte s/n,Unidad Habitacional El Rosario,2100.0,55 5134 0770 ext 1806,https://pilares.cdmx.gob.mx/,faroazcapotzalcoxochicalli@gmail.com,,,,,,,-99.20013,19.50699,http://sic.gob.mx/ficha.php?table=centro_cultural&table_id=3618,2026-08-03 14:42:00-06,SI,PILARES,NO,,Sistema de Información Cultural (SIC)
CENTRO_CULTURAL_3510,3510,CENTRO_CULTURAL,PILARES San Pedro Xalpa,2019-08-13,Gobierno de la Ciudad de México,PUBLICO,EVIDENCIA_INSTITUCIONAL_PUBLICA,,,9,Ciudad de México,2,Azcapotzalco,1,Azcapotzalco,"Av Hidalgo 15 entre Justo Sierra y Santiago Ahuizotla,",Col. San Pedro Xalpa,2710.0,55 5134 0770 ext 1806,https://pilares.cdmx.gob.mx/pilares/1548/san-pedro-xalpa,coord_comunicacion@pilares.cdmx.gob.mx,,,,,,,-99.20949,19.48414,http://sic.gob.mx/ficha.php?table=centro_cultural&table_id=3510,2026-01-06 17:14:12-06,SI,PILARES,NO,,Sistema de Información Cultural (SIC)
CENTRO_CULTURAL_3653,3653,CENTRO_CULTURAL,PILARES Ceylan,1000-01-01,Gobierno de la Ciudad de México,PUBLICO,EVIDENCIA_INSTITUCIONAL_PUBLICA,,,9,Ciudad de México,2,Azcapotzalco,1,Azcapotzalco,Blvd. Ferrocarriles s/n,Industrial Vallejo,2300.0,55 5134 0770 ext 1806,https://pilares.cdmx.gob.mx/,coord_comunicacion@pilares.cdmx.gob.mx,,,,,,,-99.16307,19.47779,http://sic.gob.mx/ficha.php?table=centro_cultural&table_id=3653,2024-06-12 11:57:46-06,SI,PILARES,NO,,Sistema de Información Cultural (SIC)
CENTRO_CULTURAL_3655,3655,CENTRO_CULTURAL,PILARES Electricistas/Virgilio Caballero,2023-07-13,Gobierno de la Ciudad de México,PUBLICO,EVIDENCIA_INSTITUCIONAL_PUBLICA,,,9,Ciudad de México,2,Azcapotzalco,1,Azcapotzalco,Rabaul s/n,Parque Electricistas,2060.0,55 5134 0770 ext 1806,https://pilares.cdmx.gob.mx/pilares/1693/virgilio-caballero,coord_comunicacion@pilares.cdmx.gob.mx,,,,,,,-99.17979,19.47569,http://sic.gob.mx/ficha.php?table=centro_cultural&table_id=3655,2025-10-07 19:44:43-06,SI,PILARES,NO,,Sistema de Información Cultural (SIC)
CENTRO_CULTURAL_1649,1649,CENTRO_CULTURAL,Casa de la Palabra José Emilio Pacheco,2006-11-26,Alcaldía Azcapotzalco,PUBLICO,EVIDENCIA_INSTITUCIONAL_PUBLICA,,,9,Ciudad de México,2,Azcapotzalco,1,Azcapotzalco,José F. Gutiérrez  351,Barrio de Nextengo,2700.0,55 5368 4812,https://azcapotzalco.cdmx.gob.mx/cultura-y-mas-cultura-en-azcapotzalco/#1594766547310-32498aa2-1a40,,,,,,,,-99.1883,19.47222,http://sic.gob.mx/ficha.php?table=centro_cultural&table_id=1649,2026-03-23 12:37:00-06,NO,,NO,,Sistema de Información Cultural (SIC)
CENTRO_CULTURAL_3619,3619,CENTRO_CULTURAL,PILARES Las Salinas,1000-01-01,Secretaría de Cultura de la Ciudad de México,PUBLICO,EVIDENCIA_INSTITUCIONAL_PUBLICA,,,9,Ciudad de México,2,Azcapotzalco,1,Azcapotzalco,Cahuacaltzingo 10,Col. Las Salinas,2360.0,55 5134 0770 ext 1806,https://pilares.cdmx.gob.mx/,coord_comunicacion@pilares.cdmx.gob.mx,,,,,,,-99.16627,19.48902,http://sic.gob.mx/ficha.php?table=centro_cultural&table_id=3619,2024-06-11 11:24:36-06,SI,PILARES,NO,,Sistema de Información Cultural (SIC)
CENTRO_CULTURAL_1170,1170,CENTRO_CULTURAL,Centro Cultural Los Talleres,1981-11-10,"Centro Cultural Los Talleres, A.C.",PRIVADO,EVIDENCIA_INSTITUCIONAL_PRIVADA,,,9,Ciudad de México,3,Coyoacán,1,Coyoacán,Francisco Sosa 29,Col. Del Carmen Coayoacán,4000.0,55 5658 7288,http://www.lostalleres.com.mx,talleres@prodigy.net.mx;  difusion@forolostalleres.com,,,,,,,-99.1652,19.34933,http://sic.gob.mx/ficha.php?table=centro_cultural&table_id=1170,2025-04-21 13:26:55-06,NO,,NO,,Sistema de Información Cultural (SIC)
CENTRO_CULTURAL_2676,2676,CENTRO_CULTURAL,Centro Cultural La Titería Casa de las Marionetas,2014-04-30,"Fundación La Titería, A.C.",PRIVADO,EVIDENCIA_INSTITUCIONAL_PRIVADA,,,9,Ciudad de México,3,Coyoacán,1,Coyoacán,Vicente Guerrero 7,Col. El Carmen,4100.0,55 5662 6952,http://www.latiteria.mx/,marionetas.esquina@gmail.com; amigoslatiteria@gmail.com,,,,,,,-99.16505,19.35225,http://sic.gob.mx/ficha.php?table=centro_cultural&table_id=2676,2021-09-27 08:38:32-05,NO,,NO,,Sistema de Información Cultural (SIC)
CENTRO_CULTURAL_3541,3541,CENTRO_CULTURAL,PILARES Santa Ana,1000-01-01,Secretaría de Cultura de la Ciudad de México,PUBLICO,EVIDENCIA_INSTITUCIONAL_PUBLICA,,,9,Ciudad de México,3,Coyoacán,1,Coyoacán,Carlota Armero s/n esq. Av. Santa,Col. CTM VI Culhuacán,4480.0,55 5134 0770 ext 1806,https://pilares.cdmx.gob.mx/,coord_comunicacion@pilares.cdmx.gob.mx,,,,,,,-99.11412,19.32846,http://sic.gob.mx/ficha.php?table=centro_cultural&table_id=3541,2024-06-11 08:53:58-06,SI,PILARES,NO,,Sistema de Información Cultural (SIC)
CENTRO_CULTURAL_3568,3568,CENTRO_CULTURAL,PILARES Topiltzin,2022-01-14,Gobierno de la Ciudad de México,PUBLICO,EVIDENCIA_INSTITUCIONAL_PUBLICA,,,9,Ciudad de México,3,Coyoacán,1,Coyoacán,Mixtecas s/n,Ajusco,4300.0,55 5134 0770 ext 1806,https://pilares.cdmx.gob.mx/,coord_comunicacion@pilares.cdmx.gob.mx,,,,,,,-99.15816,19.32259,http://sic.gob.mx/ficha.php?table=centro_cultural&table_id=3568,2025-10-23 19:14:32-06,SI,PILARES,NO,,Sistema de Información Cultural (SIC)
CENTRO_CULTURAL_3484,3484,CENTRO_CULTURAL,PILARES Cantera,2019-01-01,Secretaría de Cultura de la Ciudad de México,PUBLICO,EVIDENCIA_INSTITUCIONAL_PUBLICA,,,9,Ciudad de México,3,Coyoacán,1,Coyoacán,Av. Antonio Delfín Madrigal,Col. Pedregal de Santo Domingo,4369.0,55 5134 0770 ext 1806,https://pilares.cdmx.gob.mx/,coord_comunicacion@pilares.cdmx.gob.mx,,,,,,,-99.17221,19.31793,http://sic.gob.mx/ficha.php?table=centro_cultural&table_id=3484,2026-03-24 14:35:00-06,SI,PILARES,NO,,Sistema de Información Cultural (SIC)
CENTRO_CULTURAL_2899,2899,CENTRO_CULTURAL,Centro Cultural Tauro Flamenco,2006-03-09,"Tauro Flamenco, A.C.",PRIVADO,EVIDENCIA_INSTITUCIONAL_PRIVADA,,,9,Ciudad de México,3,Coyoacán,1,Coyoacán,Av.  División del Norte 2915-piso 3,"Parque San Andrés, Coyoacán",4040.0,(56) 2166 6884,https://www.tauroflamenco.org/,tauroflamenco@yahoo.com; cursos@tauroflamenco.org,,,,,,,-99.14935,19.34385,http://sic.gob.mx/ficha.php?table=centro_cultural&table_id=2899,2026-01-08 18:27:08-06,NO,,NO,,Sistema de Información Cultural (SIC)
CENTRO_CULTURAL_3558,3558,CENTRO_CULTURAL,PILARES Taxqueña,1000-01-01,Gobierno de la Ciudad de México,PUBLICO,EVIDENCIA_INSTITUCIONAL_PUBLICA,,,9,Ciudad de México,3,Coyoacán,1,Coyoacán,Calzada de Tlalpan 2130,Campestre Churubusco,4200.0,55 5134 0770 ext 1806,https://pilares.cdmx.gob.mx/,coord_comunicacion@pilares.cdmx.gob.mx,,,,,,,-99.14336,19.34213,http://sic.gob.mx/ficha.php?table=centro_cultural&table_id=3558,2025-07-29 13:40:05-06,SI,PILARES,NO,,Sistema de Información Cultural (SIC)
CENTRO_CULTURAL_1156,1156,CENTRO_CULTURAL,Instituto Italiano de Cultura Ciudad de México,2001-03-01,Ministerio de Asuntos Exteriores y de Cooperación Internacional,PUBLICO,EVIDENCIA_INSTITUCIONAL_PUBLICA,,,9,Ciudad de México,3,Coyoacán,1,Coyoacán,Av. Francisco Sosa 77,Col. Villa Coyoacán,4000.0,55 5554 0044,http://www.iicmessico.esteri.it/IIC_Messico,iicmessico@esteri.it,,,,,,,-99.16684,19.34957,http://sic.gob.mx/ficha.php?table=centro_cultural&table_id=1156,2024-06-20 10:13:21-06,NO,,NO,,Sistema de Información Cultural (SIC)
CENTRO_CULTURAL_550,550,CENTRO_CULTURAL,Centro Nacional de las Artes (CENART),1994-11-22,Secretaría de Cultura,PUBLICO,EVIDENCIA_INSTITUCIONAL_PUBLICA,,,9,Ciudad de México,3,Coyoacán,1,Coyoacán,Río Churubusco 79 esq. Calz. de Tlalpan,Col. Country Club,4220.0,55 4155 0000,http://www.cenart.gob.mx,contacto@conaculta.gob.mx,,,,,,,-99.143,19.35533,http://sic.gob.mx/ficha.php?table=centro_cultural&table_id=550,2026-04-20 17:30:38-06,NO,,NO,,Sistema de Información Cultural (SIC)
CENTRO_CULTURAL_3591,3591,CENTRO_CULTURAL,PILARES Francisco J. Mujica,2021-01-01,Secretaría de Cultura de la Ciudad de México,PUBLICO,EVIDENCIA_INSTITUCIONAL_PUBLICA,,,9,Ciudad de México,3,Coyoacán,1,Coyoacán,Deportivo Francisco. Canal Nacional J. Múgica 17-B anexo B,Col. Canal Nacional,,55 5134 0770 ext 1806,https://pilares.cdmx.gob.mx/,coord_comunicacion@pilares.cdmx.gob.mx,,,,,,,-99.10559,19.32566,http://sic.gob.mx/ficha.php?table=centro_cultural&table_id=3591,2025-06-10 18:21:29-06,SI,PILARES,NO,,Sistema de Información Cultural (SIC)
CENTRO_CULTURAL_3724,3724,CENTRO_CULTURAL,PILARES Huayamilpas,2022-08-13,Secretaría de Cultura de la Ciudad de México,PUBLICO,EVIDENCIA_INSTITUCIONAL_PUBLICA,,,9,Ciudad de México,3,Coyoacán,1,Coyoacán,Prol. Huayamilpas s/n,Col. Ajusto,4390.0,55 5134 0770 ext 1806,https://pilares.cdmx.gob.mx/,coord_comunicacion@pilares.cdmx.gob.mx,,,,,,,-99.14833,19.3249,http://sic.gob.mx/ficha.php?table=centro_cultural&table_id=3724,2025-10-07 19:08:48-06,SI,PILARES,NO,,Sistema de Información Cultural (SIC)
CENTRO_CULTURAL_3509,3509,CENTRO_CULTURAL,PILARES Santa Úrsula,1000-01-01,Secretaría de Cultura de la Ciudad de México,PUBLICO,EVIDENCIA_INSTITUCIONAL_PUBLICA,,,9,Ciudad de México,3,Coyoacán,1,Coyoacán,Sta. Úrsula y San Ricardo,Col.  Pedregal de Sta Úrsula,4600.0,55 5134 0770 ext 1806,https://pilares.cdmx.gob.mx/,coord_comunicacion@pilares.cdmx.gob.mx,,,,,,,-99.15699,19.30982,http://sic.gob.mx/ficha.php?table=centro_cultural&table_id=3509,2024-06-11 11:52:52-06,SI,PILARES,NO,,Sistema de Información Cultural (SIC)
CENTRO_CULTURAL_2351,2351,CENTRO_CULTURAL,Centro de las Artes Santa Úrsula,2009-06-21,Alcaldía Coyoacán/Dirección General de Cultura,PUBLICO,EVIDENCIA_INSTITUCIONAL_PUBLICA,,,9,Ciudad de México,3,Coyoacán,1,Coyoacán,Av. Santa Úrsula 191 esq. San Ricardo,Col. Pedregal de Santa Úrsula,4600.0,55 5610 6176,https://www.mexicoescultura.com/recinto/66348/centro-de-las-artes-santa-ursula.html,casu_info@yahoo.com.mx,,,,,,,-99.15687,19.30981,http://sic.gob.mx/ficha.php?table=centro_cultural&table_id=2351,2023-11-06 09:09:26-06,NO,,NO,,Sistema de Información Cultural (SIC)
CENTRO_CULTURAL_1190,1190,CENTRO_CULTURAL,Casa de Cultura Ricardo Flores Magón,1986-04-30,Alcaldía Coyoacán,PUBLICO,EVIDENCIA_INSTITUCIONAL_PUBLICA,,,9,Ciudad de México,3,Coyoacán,1,Coyoacán,Calz. de la Virgen s/n esq. Canal Nacional,Col. Carmen Serdán,4910.0,(55) 5607 0888,http://www.coyoacan.df.gob.mx/Cultura/centros.php,casadelacultura.floresmagon@gmail.com,,,,,,,-99.10258,19.32313,http://sic.gob.mx/ficha.php?table=centro_cultural&table_id=1190,2019-11-27 03:32:05-06,NO,,NO,,Sistema de Información Cultural (SIC)
CENTRO_CULTURAL_2660,2660,CENTRO_CULTURAL,Albergue del Arte,2009-01-01,Asociación Civil,PRIVADO,EVIDENCIA_INSTITUCIONAL_PRIVADA,,,9,Ciudad de México,3,Coyoacán,1,Coyoacán,Alberto Zamora 32,Villa Coyoacán,40000.0,(55) 5610 1746,,jorge_esnaj@hotmail.com; tadecos08@hotmail.com,,,,,,,-99.16328,19.34598,http://sic.gob.mx/ficha.php?table=centro_cultural&table_id=2660,2024-10-21 14:33:43-06,NO,,NO,,Sistema de Información Cultural (SIC)
CENTRO_CULTURAL_1162,1162,CENTRO_CULTURAL,Casa de Cultura Raúl Anguiano,1994-11-23,Alcaldía Coyoacán,PUBLICO,EVIDENCIA_INSTITUCIONAL_PUBLICA,,,9,Ciudad de México,3,Coyoacán,1,Coyoacán,Parque Ecológico Huayamilpas<br>Rey Nezahualcóyotl s/n esq. Yaquis,Col. Ajusco Huayamilpas,4730.0,55 5617 1629,,ccultura.raulanguiano1994@gmail.com,,,,,,,-99.15009,19.32301,http://sic.gob.mx/ficha.php?table=centro_cultural&table_id=1162,2023-09-28 10:53:46-06,NO,,NO,,Sistema de Información Cultural (SIC)
CENTRO_CULTURAL_3975,3975,CENTRO_CULTURAL,Espacio Cultural Jardín,1000-01-01,,NO_DETERMINADO,SIN_ADSCRIPCION,,,9,Ciudad de México,3,Coyoacán,1,Coyoacán,Rafael Oliva 129,Col. San Diego Churubusco,4120.0,,,info.jardinn@gmail.com,,,,,,,-99.14756,19.35565,http://sic.gob.mx/ficha.php?table=centro_cultural&table_id=3975,2026-01-22 18:19:51-06,NO,,SI,No existe adscripción disponible para determinar el tipo de gestión.,Sistema de Información Cultural (SIC)
CENTRO_CULTURAL_3306,3306,CENTRO_CULTURAL,Cirkóptero,2018-01-01,Privado,PRIVADO,CLASIFICACION_EXPLICITA,,,9,Ciudad de México,3,Coyoacán,1,Coyoacán,Xicoténcatl 110,Col. Del Carmen,4100.0,55 8969 2476,https://www.cirkoptero.com.mx/contacto,cirkoptero@gmail.com,,,,,,,-99.15343,19.35474,http://sic.gob.mx/ficha.php?table=centro_cultural&table_id=3306,2024-10-21 18:02:37-06,NO,,NO,,Sistema de Información Cultural (SIC)
CENTRO_CULTURAL_3658,3658,CENTRO_CULTURAL,PILARES Familia Maza de Juárez,1000-01-01,Gobierno de la Ciudad de México,PUBLICO,EVIDENCIA_INSTITUCIONAL_PUBLICA,,,9,Ciudad de México,3,Coyoacán,1,Coyoacán,Av. Anacahuita s/n,Pedregal de Santo Domingo,4369.0,55 5134 0770 ext 1806,https://pilares.cdmx.gob.mx/,coord_comunicacion@pilares.cdmx.gob.mx,,,,,,,-99.17113,19.33215,http://sic.gob.mx/ficha.php?table=centro_cultural&table_id=3658,2024-06-10 13:36:37-06,SI,PILARES,NO,,Sistema de Información Cultural (SIC)
CENTRO_CULTURAL_2829,2829,CENTRO_CULTURAL,Casa de Pueblos y Barrios de Coyoacán Dr. Miguel León Portilla,2014-05-08,Consejo Delegacional de Pueblos y Barrios Originarios de Coyoacán/Delegación Coyoacán,PUBLICO,EVIDENCIA_INSTITUCIONAL_PUBLICA,,,9,Ciudad de México,3,Coyoacán,1,Coyoacán,Real de los Reyes esq. Plazuela de los Reyes,Pueblo de los Reyes,4331.0,55 2120 5569,https://culturacoyoacan.com/houses-of-culture/,pueblosybarrioscoyoacan@gmail.com,,,,,,,-99.15305,19.33811,http://sic.gob.mx/ficha.php?table=centro_cultural&table_id=2829,2025-12-18 19:38:47-06,NO,,NO,,Sistema de Información Cultural (SIC)
CENTRO_CULTURAL_1646,1646,CENTRO_CULTURAL,Casa Centenario,2011-09-01,Alcaldía Coyoacán,PUBLICO,EVIDENCIA_INSTITUCIONAL_PUBLICA,,,9,Ciudad de México,3,Coyoacán,1,Coyoacán,Jardín Centenario 16,Col. Villa Coyoacán,4000.0,,https://coyoacan.cdmx.gob.mx/mapas/ForosCasasDeCultura/indexbicentenario.php,centrobenemerito@gmail.com,,,,,,,-99.16401,19.34887,http://sic.gob.mx/ficha.php?table=centro_cultural&table_id=1646,2025-08-06 14:42:11-06,NO,,NO,,Sistema de Información Cultural (SIC)
CENTRO_CULTURAL_1237,1237,CENTRO_CULTURAL,Centro Cultural Universitario (UNAM),1976-12-31,UNAM,PUBLICO,EVIDENCIA_INSTITUCIONAL_PUBLICA,,,9,Ciudad de México,3,Coyoacán,1,Coyoacán,Av. Insurgentes Sur 3000,Ciudad Universitaria,4510.0,55 5622 7029,,montano.unam@gmail.com,,,,,,,-99.18492,19.31393,http://sic.gob.mx/ficha.php?table=centro_cultural&table_id=1237,2026-01-21 14:03:56-06,NO,,NO,,Sistema de Información Cultural (SIC)
CENTRO_CULTURAL_2440,2440,CENTRO_CULTURAL,Fonoteca Nacional,2008-12-10,Secretaría de Cultura,PUBLICO,EVIDENCIA_INSTITUCIONAL_PUBLICA,,,9,Ciudad de México,3,Coyoacán,1,Coyoacán,Francisco Sosa 383,Barrio de Santa Catarina,4010.0,55 4155 0950,https://fonotecanacional.cultura.gob.mx/,informesfonoteca@cultura.gob.mx,,,,,,,-99.17712,19.34972,http://sic.gob.mx/ficha.php?table=centro_cultural&table_id=2440,2026-01-13 12:08:48-06,NO,,NO,,Sistema de Información Cultural (SIC)
CENTRO_CULTURAL_3546,3546,CENTRO_CULTURAL,PILARES El Reloj,1000-01-01,Secretaría de Cultura de la Ciudad de México,PUBLICO,EVIDENCIA_INSTITUCIONAL_PUBLICA,,,9,Ciudad de México,3,Coyoacán,1,Coyoacán,Corola s/n,Col. El Reloj,4640.0,55 5134 0770 ext 1806,https://pilares.cdmx.gob.mx/,coord_comunicacion@pilares.cdmx.gob.mx,,,,,,,-99.14154,19.31748,http://sic.gob.mx/ficha.php?table=centro_cultural&table_id=3546,2024-06-10 12:28:05-06,SI,PILARES,NO,,Sistema de Información Cultural (SIC)
CENTRO_CULTURAL_1107,1107,CENTRO_CULTURAL,Centro Cultural y Social Veracruzano,1993-10-11,"Centro Cultural y Social Veracruzano, A.C.",PRIVADO,EVIDENCIA_INSTITUCIONAL_PRIVADA,,,9,Ciudad de México,3,Coyoacán,1,Coyoacán,Av. Miguel Ángel de Quevedo 687,Col. Cuadrante de San Francisco,4320.0,55 5554 1633,http://centroveracruzano.blogspot.com/p/eventos_11.html,contacto@centroveracruzano.mx,,,,,,,-99.163,19.34412,http://sic.gob.mx/ficha.php?table=centro_cultural&table_id=1107,2022-07-28 07:56:10-05,NO,,NO,,Sistema de Información Cultural (SIC)
CENTRO_CULTURAL_3745,3745,CENTRO_CULTURAL,PILARES Cantera Papatzin,2023-06-01,Gobierno de la Ciudad de México,PUBLICO,EVIDENCIA_INSTITUCIONAL_PUBLICA,,,9,Ciudad de México,3,Coyoacán,1,Coyoacán,Rey Papatzin 73 A,Col. Ajusco,4300.0,55 5134 0770 ext 1806,https://pilares.cdmx.gob.mx/pilares/1783/cantera-papatzin,coord_comunicacion@pilares.cdmx.gob.mx,,,,,,,-99.16539,19.31227,http://sic.gob.mx/ficha.php?table=centro_cultural&table_id=3745,2024-06-20 17:27:37-06,SI,PILARES,NO,,Sistema de Información Cultural (SIC)
CENTRO_CULTURAL_2804,2804,CENTRO_CULTURAL,Centro Cultural Los Talleresl Miguel Ángel de Quevedo,1000-01-01,"Centro Cultural Los Talleres, A.C.",PRIVADO,EVIDENCIA_INSTITUCIONAL_PRIVADA,,,9,Ciudad de México,3,Coyoacán,1,Coyoacán,Miguel Ángel de Quevedo 842,Col. La Concepción,4000.0,55 5659 4587,http://www.lostalleres.com.mx,talleres@prodigy.net.mx; difusion@forolostalleres.com,,,,,,,-99.15757,19.344,http://sic.gob.mx/ficha.php?table=centro_cultural&table_id=2804,2025-04-21 13:25:28-06,NO,,NO,,Sistema de Información Cultural (SIC)
CENTRO_CULTURAL_3309,3309,CENTRO_CULTURAL,ArteFactum Espacio de Encuentro,2019-02-01,,NO_DETERMINADO,SIN_ADSCRIPCION,,,9,Ciudad de México,3,Coyoacán,1,Coyoacán,Canahutli 177,Col. Pedregal de Santo Domingo,4369.0,55 5908 4790,,mx.artefactum@gmail.com,,,,,,,-99.16194,19.35021,http://sic.gob.mx/ficha.php?table=centro_cultural&table_id=3309,2020-05-21 12:44:40-05,NO,,SI,No existe adscripción disponible para determinar el tipo de gestión.,Sistema de Información Cultural (SIC)
CENTRO_CULTURAL_3508,3508,CENTRO_CULTURAL,PILARES Villa Panamericana,2019-08-12,Gobierno de la Ciudad de México,PUBLICO,EVIDENCIA_INSTITUCIONAL_PUBLICA,,,9,Ciudad de México,3,Coyoacán,1,Coyoacán,Av. Panamericana s/n,Pedregal de Carrasco,4700.0,55 5134 0770 ext 1806,https://pilares.cdmx.gob.mx/,coord_comunicacion@pilares.cdmx.gob.mx,,,,,,,-99.1737,19.30777,http://sic.gob.mx/ficha.php?table=centro_cultural&table_id=3508,2025-08-21 17:45:54-06,SI,PILARES,NO,,Sistema de Información Cultural (SIC)
CENTRO_CULTURAL_3563,3563,CENTRO_CULTURAL,PILARES La Escuelita,1000-01-01,Gobierno de la Ciudad de México,PUBLICO,EVIDENCIA_INSTITUCIONAL_PUBLICA,,,9,Ciudad de México,3,Coyoacán,1,Coyoacán,Canacuate s/n,Santo Domingo,4369.0,55 5134 0770 ext 1806,https://pilares.cdmx.gob.mx/,coord_comunicacion@pilares.cdmx.gob.mx,,,,,,,-99.16486,19.326,http://sic.gob.mx/ficha.php?table=centro_cultural&table_id=3563,2024-06-13 13:07:50-06,SI,PILARES,NO,,Sistema de Información Cultural (SIC)
CENTRO_CULTURAL_1435,1435,CENTRO_CULTURAL,Casa de Cultura Jesús Reyes Heroles,1985-09-02,Alcaldía Coyoacán/Dirección General de Cultura,PUBLICO,EVIDENCIA_INSTITUCIONAL_PUBLICA,,,9,Ciudad de México,3,Coyoacán,1,Coyoacán,Francisco Sosa  202,Barrio Santa Catarina,4010.0,55 5659 3937,,ccjesusreyesheroles1985@gmail.com,,,,,,,-99.17101,19.34929,http://sic.gob.mx/ficha.php?table=centro_cultural&table_id=1435,2026-09-01 09:00:22-06,NO,,NO,,Sistema de Información Cultural (SIC)
CENTRO_CULTURAL_976,976,CENTRO_CULTURAL,Casa de las Humanidades,2000-02-01,UNAM,PUBLICO,EVIDENCIA_INSTITUCIONAL_PUBLICA,,,9,Ciudad de México,3,Coyoacán,1,Coyoacán,Av. Pdte. Carranza 162 esq. Tres Cruces,Col. Sta. Catarina,4000.0,"55 5554 5579, 55 5658 1121",https://www.cashum.unam.mx/,difhum@unam.mx; pichardi@servidor.unam.mx; casadelashumanidades@humanidades.unam.mx,,,,,,,-99.16501,19.34758,http://sic.gob.mx/ficha.php?table=centro_cultural&table_id=976,2024-10-07 13:10:46-06,NO,,NO,,Sistema de Información Cultural (SIC)
CENTRO_CULTURAL_2626,2626,CENTRO_CULTURAL,Centro Cultural y Artístico Danzite,2013-03-01,,NO_DETERMINADO,SIN_ADSCRIPCION,,,9,Ciudad de México,3,Coyoacán,1,Coyoacán,Malintzin 11-bis,Del Carmen Coyoacán,4300.0,55 18089457,https://www.danzite.com.mx/?fbclid=IwY2xjawFxGO1leHRuA2FlbQIxMAABHWnWkph-Ii5Svcs85uNLqYXic-tM_ZJVaCXoQtIYKxBrt-88mUqyOXOXHQ_aem_RhhHblUPg43_HvEnB9cIBw,mk.munguia@gmail.com; espacioculturaldanzite@gmail.com,,,,,,,-99.15775,19.35328,http://sic.gob.mx/ficha.php?table=centro_cultural&table_id=2626,2024-10-21 14:12:06-06,NO,,SI,No existe adscripción disponible para determinar el tipo de gestión.,Sistema de Información Cultural (SIC)
CENTRO_CULTURAL_1109,1109,CENTRO_CULTURAL,Centro Universitario Cultural CUC,1968-01-01,"Centro Universitario Cultural, A.C.",PRIVADO,EVIDENCIA_INSTITUCIONAL_PRIVADA,,,9,Ciudad de México,3,Coyoacán,1,Coyoacán,Odontología 35,Col. Copilco Universidad,4360.0,55 5659 6797,http://www.cuc.org.mx,dircultura@cuc.org.mx,,,,,,,-99.18193,19.33556,http://sic.gob.mx/ficha.php?table=centro_cultural&table_id=1109,2024-10-07 14:36:18-06,NO,,NO,,Sistema de Información Cultural (SIC)
CENTRO_CULTURAL_3723,3723,CENTRO_CULTURAL,PILARES Carmen Serdán,2024-07-01,Gobierno de la Ciudad de México,PUBLICO,EVIDENCIA_INSTITUCIONAL_PUBLICA,,,9,Ciudad de México,3,Coyoacán,1,Coyoacán,Calzada de la virgen s/n,Carmen Serdán,4480.0,55 5134 0770 ext 1806,https://pilares.cdmx.gob.mx/,coord_comunicacion@pilares.cdmx.gob.mx,,,,,,,-99.11299,19.32068,http://sic.gob.mx/ficha.php?table=centro_cultural&table_id=3723,2025-10-10 18:48:54-06,SI,PILARES,NO,,Sistema de Información Cultural (SIC)
CENTRO_CULTURAL_3281,3281,CENTRO_CULTURAL,La Mano Jardín Cultural,2019-03-26,,NO_DETERMINADO,SIN_ADSCRIPCION,,,9,Ciudad de México,3,Coyoacán,1,Coyoacán,Av. Francisco Sosa 363,Col. Santa Catarina,4100.0,55 8376 8642,https://www.culturalamano.com/,info@culturalamano.com,,,,,,,-99.17648,19.34927,http://sic.gob.mx/ficha.php?table=centro_cultural&table_id=3281,2026-01-22 17:31:11-06,NO,,SI,No existe adscripción disponible para determinar el tipo de gestión.,Sistema de Información Cultural (SIC)
CENTRO_CULTURAL_2352,2352,CENTRO_CULTURAL,Casa de la Cultura El Reloj,1994-11-12,Alcaldía Coyoacán,PUBLICO,EVIDENCIA_INSTITUCIONAL_PUBLICA,,,9,Ciudad de México,3,Coyoacán,1,Coyoacán,Corola s/n esq. Tallo y Polen,Col. El Reloj,4640.0,55 8984 2614,https://coyoacan.cdmx.gob.mx/mapas/ForosCasasDeCultura/indexelreloj.php,culturareloj@hotmail.com,,,,,,,-99.14157,19.31738,http://sic.gob.mx/ficha.php?table=centro_cultural&table_id=2352,2025-08-07 14:04:09-06,NO,,NO,,Sistema de Información Cultural (SIC)
CENTRO_CULTURAL_3483,3483,CENTRO_CULTURAL,PILARES Emiliano Zapata,2019-03-29,Gobierno de la Ciudad de México,PUBLICO,EVIDENCIA_INSTITUCIONAL_PUBLICA,,,9,Ciudad de México,3,Coyoacán,1,Coyoacán,José María Morelos 40,Emiliano Zapata,4460.0,55 5134 0770 ext 1806,https://pilares.cdmx.gob.mx/,coord_comunicacion@pilares.cdmx.gob.mx,,,,,,,-99.13788,19.32692,http://sic.gob.mx/ficha.php?table=centro_cultural&table_id=3483,2025-10-20 17:06:00-06,SI,PILARES,NO,,Sistema de Información Cultural (SIC)
CENTRO_CULTURAL_2665,2665,CENTRO_CULTURAL,Centro Cultural Elena Garro,2012-10-05,"Secretaría de Cultura/Educal, S.A. de C.V.",MIXTO,MIXTO_CONFIRMADO,,,9,Ciudad de México,3,Coyoacán,1,Coyoacán,Fernández Leal 43,Barrio de la Concepción,4020.0,"55 5354 4000 exts. 4080, 4014",https://www.educal.com.mx/elenagarro/centro_cultural.html,informes.elenagarro@educal.com.mx,,,,,,,-99.15847,19.34854,http://sic.gob.mx/ficha.php?table=centro_cultural&table_id=2665,2026-01-15 12:45:32-06,NO,,NO,,Sistema de Información Cultural (SIC)
CENTRO_CULTURAL_1545,1545,CENTRO_CULTURAL,Centro Cultural Ex Convento Carmelita del Desierto de los Leones,2000-01-01,Alcaldía Cuajimalpa,PUBLICO,EVIDENCIA_INSTITUCIONAL_PUBLICA,,,9,Ciudad de México,4,Cuajimalpa de Morelos,1,Cuajimalpa de Morelos,Carr. a Desierto de los Leones s/n,Col. Cuajimalpa La Venta,5000.0,55 9131 9542,,egarcia@cuajimalpa.df.gob.mx,,,,,,,-99.31061,19.3133,http://sic.gob.mx/ficha.php?table=centro_cultural&table_id=1545,2024-11-28 11:03:00-06,NO,,NO,,Sistema de Información Cultural (SIC)
CENTRO_CULTURAL_1111,1111,CENTRO_CULTURAL,Centro Cultural Cuajimalpa Morelos,1982-06-29,Alcaldía Cuajimalpa,PUBLICO,EVIDENCIA_INSTITUCIONAL_PUBLICA,,,9,Ciudad de México,4,Cuajimalpa de Morelos,1,Cuajimalpa de Morelos,Av. Juárez s/n esq. Av. México,Col. Cuajimalpa,5050.0,55 5814 1100 ext. 2250,https://cuajimalpa.gob.mx/,jpc@cuajimalpa.cdmx.gob,,,,,,,-99.29839,19.3583,http://sic.gob.mx/ficha.php?table=centro_cultural&table_id=1111,2025-04-03 13:31:06-06,NO,,NO,,Sistema de Información Cultural (SIC)
CENTRO_CULTURAL_3571,3571,CENTRO_CULTURAL,PILARES Zentlapatl,1000-01-01,Secretaría de Cultura de la Ciudad de México,PUBLICO,EVIDENCIA_INSTITUCIONAL_PUBLICA,,,9,Ciudad de México,4,Cuajimalpa de Morelos,1,Cuajimalpa de Morelos,Puerto Escondido 8,Col. Zentlapatl,5010.0,55 5134 0770 ext 1806,https://pilares.cdmx.gob.mx/,coord_comunicacion@pilares.cdmx.gob.mx,,,,,,,-99.30952,19.35534,http://sic.gob.mx/ficha.php?table=centro_cultural&table_id=3571,2024-06-13 07:48:21-06,SI,PILARES,NO,,Sistema de Información Cultural (SIC)
CENTRO_CULTURAL_3753,3753,CENTRO_CULTURAL,PILARES Cuajimalpa,1000-01-01,Gobierno de la Ciudad de México,PUBLICO,EVIDENCIA_INSTITUCIONAL_PUBLICA,,,9,Ciudad de México,4,Cuajimalpa de Morelos,1,Cuajimalpa de Morelos,Guillermo Prieto s/n,Cuajimalpa,5000.0,55 5134 0770 ext 1806,https://pilares.cdmx.gob.mx/,coord_comunicacion@pilares.cdmx.gob.mx,,,,,,,-99.29938,19.35781,http://sic.gob.mx/ficha.php?table=centro_cultural&table_id=3753,2024-06-18 14:24:32-06,SI,PILARES,NO,,Sistema de Información Cultural (SIC)
CENTRO_CULTURAL_1546,1546,CENTRO_CULTURAL,Centro Cultural Sor Juana Inés de la Cruz,1985-10-13,Alcaldía Cuajimalpa de Morelos,PUBLICO,EVIDENCIA_INSTITUCIONAL_PUBLICA,,,9,Ciudad de México,4,Cuajimalpa de Morelos,1,Cuajimalpa de Morelos,Av. Jesús del Monte 334,Jesús del Monte,5260.0,(55) 5814 1128 ext. 2177,,jpc@cuajimalpa.cdmx.gob,,,,,,,-99.29345,19.36927,http://sic.gob.mx/ficha.php?table=centro_cultural&table_id=1546,2025-04-03 13:34:45-06,NO,,NO,,Sistema de Información Cultural (SIC)
CENTRO_CULTURAL_3620,3620,CENTRO_CULTURAL,PILARES Contadero,2022-01-01,Gobierno de la Ciudad de México,PUBLICO,EVIDENCIA_INSTITUCIONAL_PUBLICA,,,9,Ciudad de México,4,Cuajimalpa de Morelos,60,La Bolsa (El Encinal),Prolongación 16 de Septiembre s/n,Col. Contadero,5500.0,56 3017 3340,https://pilares.cdmx.gob.mx/pilares/1658/contadero,coord_comunicacion@pilares.cdmx.gob.mx;comunidadpilarescontadero@gmail.com,,,,,,,-99.30269,19.34811,http://sic.gob.mx/ficha.php?table=centro_cultural&table_id=3620,2025-09-08 19:13:43-06,SI,PILARES,NO,,Sistema de Información Cultural (SIC)
CENTRO_CULTURAL_3540,3540,CENTRO_CULTURAL,PILARES Benito Juárez García,2019-11-01,Gobierno de la Ciudad de México,PUBLICO,EVIDENCIA_INSTITUCIONAL_PUBLICA,,,9,Ciudad de México,4,Cuajimalpa de Morelos,67,La Papa [Escuela Niños Héroes],Andador Chamixto 174,Col. Loma del Padre,5010.0,55 5134 0770 ext 1806,https://pilares.cdmx.gob.mx/pilares/1578/benito-juarez,coord_comunicacion@pilares.cdmx.gob.mx,,,,,,,-99.30941,19.3482,http://sic.gob.mx/ficha.php?table=centro_cultural&table_id=3540,2025-10-10 19:39:29-06,SI,PILARES,NO,,Sistema de Información Cultural (SIC)
CENTRO_CULTURAL_3468,3468,CENTRO_CULTURAL,PILARES Chimalpa,2019-02-15,Gobierno de la Ciudad de México,PUBLICO,EVIDENCIA_INSTITUCIONAL_PUBLICA,,,9,Ciudad de México,4,Cuajimalpa de Morelos,77,Coatzehuaya,Porfirio Díaz s/n,San Pablo Chimalpa,5050.0,55 5134 0770 ext 1806,https://pilares.cdmx.gob.mx/,coord_comunicacion@pilares.cdmx.gob.mx,,,,,,,-99.31757,19.35306,http://sic.gob.mx/ficha.php?table=centro_cultural&table_id=3468,2025-08-19 18:10:54-06,SI,PILARES,NO,,Sistema de Información Cultural (SIC)
CENTRO_CULTURAL_1069,1069,CENTRO_CULTURAL,Centro Cultural Rafael Solana del IMSS,1990-10-24,IMSS,PUBLICO,EVIDENCIA_INSTITUCIONAL_PUBLICA,,,9,Ciudad de México,5,Gustavo A. Madero,1,Gustavo A. Madero,Av. Instituto Politécnico Nacional s/n esq. Eje Fortuna,Col. Magdalena de las Salinas,7760.0,55 5747 3500 ext. 25320,http://www.imss.gob.mx,victor-manuel58@hotmail.com,,,,,,,-99.13397,19.48622,http://sic.gob.mx/ficha.php?table=centro_cultural&table_id=1069,2026-04-13 12:02:42-06,NO,,NO,,Sistema de Información Cultural (SIC)
CENTRO_CULTURAL_2969,2969,CENTRO_CULTURAL,Fábrica de Artes y Oficios (FARO) Aragón,2016-06-17,Secretaría de Cultura de la Ciudad de México/Dirección General de Vinculación Cultural Comunitaria/Red de Faros,PUBLICO,EVIDENCIA_INSTITUCIONAL_PUBLICA,,,9,Ciudad de México,5,Gustavo A. Madero,1,Gustavo A. Madero,Av. 517 s/n,"Col. San Juan de Aragón, I Secc.",7969.0,55 5751 7923,https://www.cultura.cdmx.gob.mx/recintos/faro-aragon,difusion.faroaragon@gmail.com; culturacomunitariaweb@gmail.com,,,,,,,-99.09116,19.46129,http://sic.gob.mx/ficha.php?table=centro_cultural&table_id=2969,2026-04-13 14:05:55-06,NO,,NO,,Sistema de Información Cultural (SIC)
CENTRO_CULTURAL_2173,2173,CENTRO_CULTURAL,Centro de Desarrollo Social y Cultural La Casilda,2009-01-01,Alcaldía Gustavo A. Madero/Dirección de Cultura y Deportes,PUBLICO,EVIDENCIA_INSTITUCIONAL_PUBLICA,,,9,Ciudad de México,5,Gustavo A. Madero,1,Gustavo A. Madero,Adolfo López Mateos s/n,Col. La Casilda,7150.0,55 1366 40 45,,,,,,,,,-99.12585,19.55592,http://sic.gob.mx/ficha.php?table=centro_cultural&table_id=2173,2026-04-13 13:29:07-06,NO,,NO,,Sistema de Información Cultural (SIC)
CENTRO_CULTURAL_3664,3664,CENTRO_CULTURAL,PILARES Girasol,2022-01-01,Secretaría de Cultura de la Ciudad de México,PUBLICO,EVIDENCIA_INSTITUCIONAL_PUBLICA,,,9,Ciudad de México,5,Gustavo A. Madero,1,Gustavo A. Madero,Arroyo La Armella 2748,Col. Luis Donaldo Colosio,51003.0,55 5134 0770 ext 1806,https://pilares.cdmx.gob.mx/,coord_comunicacion@pilares.cdmx.gob.mx,,,,,,,-99.14733,19.56009,http://sic.gob.mx/ficha.php?table=centro_cultural&table_id=3664,2025-10-28 18:06:50-06,SI,PILARES,NO,,Sistema de Información Cultural (SIC)
CENTRO_CULTURAL_2175,2175,CENTRO_CULTURAL,Centro Cultural Gertrudis Sanchez,2009-01-01,,NO_DETERMINADO,SIN_ADSCRIPCION,,,9,Ciudad de México,5,Gustavo A. Madero,1,Gustavo A. Madero,Norte 94 esq. Victoria,Col. Gertrudis Sánchez 2da. sección,7839.0,,,,,,,,,,-99.09701,19.46448,http://sic.gob.mx/ficha.php?table=centro_cultural&table_id=2175,2026-04-13 13:04:23-06,NO,,SI,No existe adscripción disponible para determinar el tipo de gestión.,Sistema de Información Cultural (SIC)
CENTRO_CULTURAL_2167,2167,CENTRO_CULTURAL,Casa de la Cultura Palmatitla,2003-03-13,Dirección de Cultura y Deportes,PUBLICO,REVISION_MANUAL,,,9,Ciudad de México,5,Gustavo A. Madero,1,Gustavo A. Madero,"Rubén Leñero Mza. 03, Lote 06",Col. Palmatitla,7170.0,55 5306 2824,,centrogenerador510@gmail.com,,,,,,,-99.13404,19.55309,http://sic.gob.mx/ficha.php?table=centro_cultural&table_id=2167,2026-04-13 11:45:34-06,NO,,NO,,Sistema de Información Cultural (SIC)
CENTRO_CULTURAL_3666,3666,CENTRO_CULTURAL,PILARES Ixhuatepec,2022-09-20,Secretaría de Cultura de la Ciudad de México,PUBLICO,EVIDENCIA_INSTITUCIONAL_PUBLICA,,,9,Ciudad de México,5,Gustavo A. Madero,1,Gustavo A. Madero,Parque Nacional 1,Col. Lomas de San Juan Ixhuatepec,7360.0,55 5134 0770 ext 1806,https://pilares.cdmx.gob.mx/,coord_comunicacion@pilares.cdmx.gob.mx,,,,,,,-99.10854,19.50884,http://sic.gob.mx/ficha.php?table=centro_cultural&table_id=3666,2025-10-09 18:59:03-06,SI,PILARES,NO,,Sistema de Información Cultural (SIC)
CENTRO_CULTURAL_2174,2174,CENTRO_CULTURAL,Centro de Desarrollo Social y Cultural Cuchilla del Tesoro,2009-01-01,Alcaldía Gustavo A. Madero,PUBLICO,EVIDENCIA_INSTITUCIONAL_PUBLICA,,,9,Ciudad de México,5,Gustavo A. Madero,1,Gustavo A. Madero,Norte 1 entre Ote. 1 y Ote. 2,Col. Cuchilla del Tesoro,7900.0,55 2967 2912,,cdscuchilla@gmail.com,,,,,,,-99.05631,19.44723,http://sic.gob.mx/ficha.php?table=centro_cultural&table_id=2174,2026-04-13 12:50:11-06,NO,,NO,,Sistema de Información Cultural (SIC)
CENTRO_CULTURAL_3596,3596,CENTRO_CULTURAL,PILARES Alí Chumacero,2021-01-01,Secretaría de Cultura de la Ciudad de México,PUBLICO,EVIDENCIA_INSTITUCIONAL_PUBLICA,,,9,Ciudad de México,5,Gustavo A. Madero,1,Gustavo A. Madero,Guillermo Massieu Helguera 150,Col. La Purísima,7320.0,55 5134 0770 ext 1806,https://pilares.cdmx.gob.mx/,coord_comunicacion@pilares.cdmx.gob.mx,,,,,,,-99.13984,19.51214,http://sic.gob.mx/ficha.php?table=centro_cultural&table_id=3596,2025-10-21 17:38:52-06,SI,PILARES,NO,,Sistema de Información Cultural (SIC)
CENTRO_CULTURAL_3980,3980,CENTRO_CULTURAL,Casa de Cultura La Villa,2018-08-09,Alcaldía Gustavo A. Madero,PUBLICO,EVIDENCIA_INSTITUCIONAL_PUBLICA,,,9,Ciudad de México,5,Gustavo A. Madero,1,Gustavo A. Madero,"Calle 5 de febrero s/n, entre Garrido y Alberto Herrera",Col. Aragón la Villa,7000.0,,,casadeculturalavilla@gmail.com,,,,,,,-99.11311,19.48217,http://sic.gob.mx/ficha.php?table=centro_cultural&table_id=3980,2026-04-13 09:13:59-06,NO,,NO,,Sistema de Información Cultural (SIC)
CENTRO_CULTURAL_3672,3672,CENTRO_CULTURAL,PILARES Progreso Nacional,2022-01-01,Gobierno de la Ciudad de México,PUBLICO,EVIDENCIA_INSTITUCIONAL_PUBLICA,,,9,Ciudad de México,5,Gustavo A. Madero,1,Gustavo A. Madero,Av. Río de Los Remedios 330-326,Col. Progreso Nacional,7700.0,55 5134 0770 ext 1806,https://pilares.cdmx.gob.mx/,coord_comunicacion@pilares.cdmx.gob.mx,,,,,,,-99.15258,19.51647,http://sic.gob.mx/ficha.php?table=centro_cultural&table_id=3672,2025-07-04 17:06:59-06,SI,PILARES,NO,,Sistema de Información Cultural (SIC)
CENTRO_CULTURAL_3597,3597,CENTRO_CULTURAL,PILARES Vasco de Quiroga,2021-07-01,Gobierno de la Ciudad de México,PUBLICO,EVIDENCIA_INSTITUCIONAL_PUBLICA,,,9,Ciudad de México,5,Gustavo A. Madero,1,Gustavo A. Madero,Av. Ing. Eduardo Molina s/n,Col. Vasco de Quiroga,7440.0,55 5134 0770 ext 1806,https://pilares.cdmx.gob.mx/,coord_comunicacion@pilares.cdmx.gob.mx,,,,,,,-99.09076,19.4961,http://sic.gob.mx/ficha.php?table=centro_cultural&table_id=3597,2025-07-04 17:02:45-06,SI,PILARES,NO,,Sistema de Información Cultural (SIC)
CENTRO_CULTURAL_3578,3578,CENTRO_CULTURAL,PILARES El Vivero,2020-09-27,Gobierno de la Ciudad de México,PUBLICO,EVIDENCIA_INSTITUCIONAL_PUBLICA,,,9,Ciudad de México,5,Gustavo A. Madero,1,Gustavo A. Madero,Blanca Estela Pavon s/n,Poblado Cuautepec I y II,7140.0,55 5134 0770 ext 1806,https://pilares.cdmx.gob.mx/,coord_comunicacion@pilares.cdmx.gob.mx,,,,,,,-99.1283,19.56211,http://sic.gob.mx/ficha.php?table=centro_cultural&table_id=3578,2025-10-08 19:41:53-06,SI,PILARES,NO,,Sistema de Información Cultural (SIC)
CENTRO_CULTURAL_3623,3623,CENTRO_CULTURAL,PILARES Cuchilla del Tesoro,2019-11-07,Gobierno de la Ciudad de México,PUBLICO,EVIDENCIA_INSTITUCIONAL_PUBLICA,,,9,Ciudad de México,5,Gustavo A. Madero,1,Gustavo A. Madero,Norte 1 y Oriente 9,Cuchilla del Tesoro,7900.0,55 5134 0770 ext 1806,https://pilares.cdmx.gob.mx/,coord_comunicacion@pilares.cdmx.gob.mx,,,,,,,-99.05278,19.44844,http://sic.gob.mx/ficha.php?table=centro_cultural&table_id=3623,2025-10-06 18:03:05-06,SI,PILARES,NO,,Sistema de Información Cultural (SIC)
CENTRO_CULTURAL_3671,3671,CENTRO_CULTURAL,PILARES Santa María Ticomán,2023-01-01,Secretaría de Cultura de la Ciudad de México,PUBLICO,EVIDENCIA_INSTITUCIONAL_PUBLICA,,,9,Ciudad de México,5,Gustavo A. Madero,1,Gustavo A. Madero,Calle 18 de marzo s/n,Col. La Laguna Ticomán,7340.0,55 5134 0770 ext 1806,https://pilares.cdmx.gob.mx/,coord_comunicacion@pilares.cdmx.gob.mx,,,,,,,-99.13318,19.51651,http://sic.gob.mx/ficha.php?table=centro_cultural&table_id=3671,2025-10-31 17:20:50-06,SI,PILARES,NO,,Sistema de Información Cultural (SIC)
CENTRO_CULTURAL_3663,3663,CENTRO_CULTURAL,PILARES Castillo Chico,2022-01-01,Gobierno de la Ciudad de México,PUBLICO,EVIDENCIA_INSTITUCIONAL_PUBLICA,,,9,Ciudad de México,5,Gustavo A. Madero,1,Gustavo A. Madero,1era Cda. Chimalpopoca 7 MZ. 35 LT. 23,Castillo Grande,7220.0,55 5134 0770 ext 1806,https://pilares.cdmx.gob.mx/,coord_comunicacion@pilares.cdmx.gob.mx,,,,,,,-99.13417,19.53992,http://sic.gob.mx/ficha.php?table=centro_cultural&table_id=3663,2025-07-21 18:58:06-06,SI,PILARES,NO,,Sistema de Información Cultural (SIC)
CENTRO_CULTURAL_3632,3632,CENTRO_CULTURAL,PILARES Tablas de San Agustín,2021-01-01,Gobierno de la Ciudad de México,PUBLICO,EVIDENCIA_INSTITUCIONAL_PUBLICA,,,9,Ciudad de México,5,Gustavo A. Madero,1,Gustavo A. Madero,Oriente 97 s/n esq. Norte 60,Col. Tablas de San Agustín,7860.0,55 5134 0770 ext 1806,https://pilares.cdmx.gob.mx/pilares/1670/tablas-de-san-agustin,pilares.sanagustin@gmail.com,,,,,,,-99.11367,19.4634,http://sic.gob.mx/ficha.php?table=centro_cultural&table_id=3632,2025-08-27 19:21:55-06,SI,PILARES,NO,,Sistema de Información Cultural (SIC)
CENTRO_CULTURAL_3393,3393,CENTRO_CULTURAL,Casa de Cultura Santa Rosa GAM,2017-01-01,"Alcaldía Gustavo A. Madero/Dirección Ejecutiva de Cultura, Recreación y Deporte",PUBLICO,EVIDENCIA_INSTITUCIONAL_PUBLICA,,,9,Ciudad de México,5,Gustavo A. Madero,1,Gustavo A. Madero,C. 6-A núm. 3,Col. Santa Rosa,7620.0,"55 2697 0419, 55 2279 9295",,casadeculturasantarosa@gmail.com,,,,,,,-99.16461,19.5209,http://sic.gob.mx/ficha.php?table=centro_cultural&table_id=3393,2026-04-13 10:55:19-06,NO,,NO,,Sistema de Información Cultural (SIC)
CENTRO_CULTURAL_1060,1060,CENTRO_CULTURAL,Centro Cultural Jaime Torres Bodet (IPN),1964-08-17,IPN/Difusión y Fomento a la Cultura,PUBLICO,EVIDENCIA_INSTITUCIONAL_PUBLICA,,,9,Ciudad de México,5,Gustavo A. Madero,1,Gustavo A. Madero,Av. Wilfrido Massieu s/n esq. Av. Instituto Politécnico Nacional,Col. Lindavista,7738.0,55 5729 6000 exts. 53623 y 46190,http://www.cultura.ipn.mx/Paginas/inicio.aspx,"dleyvas@ipn.mx,  culturaipn@ipn.mx",,,,,,,-99.13529,19.49616,http://sic.gob.mx/ficha.php?table=centro_cultural&table_id=1060,2026-05-28 10:58:46-06,NO,,NO,,Sistema de Información Cultural (SIC)
CENTRO_CULTURAL_1099,1099,CENTRO_CULTURAL,Casa de Cultura José María Velasco,1996-10-19,Alcaldía Gustavo A. Madero,PUBLICO,EVIDENCIA_INSTITUCIONAL_PUBLICA,,,9,Ciudad de México,5,Gustavo A. Madero,1,Gustavo A. Madero,Roberto Gayol s/n esq. Excelsior,Col. Guadalupe Insurgentes,7870.0,55 5517 1051,,judccjosemaria@gmail.com,,,,,,,-99.13141,19.47446,http://sic.gob.mx/ficha.php?table=centro_cultural&table_id=1099,2026-04-13 08:57:41-06,NO,,NO,,Sistema de Información Cultural (SIC)
CENTRO_CULTURAL_3071,3071,CENTRO_CULTURAL,Casa de Cultura Carmen Aristegui,2011-05-27,Alcaldía Guatavo A. Madero,PUBLICO,EVIDENCIA_INSTITUCIONAL_PUBLICA,,,9,Ciudad de México,5,Gustavo A. Madero,1,Gustavo A. Madero,Av. 604 s/n,Col. San Juan de Aragón IV Sección,7918.0,55 5212 9704,,casadeculturacarmenaristegui@gmail.com,,,,,,,-99.06379,19.4517,http://sic.gob.mx/ficha.php?table=centro_cultural&table_id=3071,2026-04-13 08:29:14-06,NO,,NO,,Sistema de Información Cultural (SIC)
CENTRO_CULTURAL_3667,3667,CENTRO_CULTURAL,PILARES Malacates,2023-01-01,Gobierno de la Ciudad de México,PUBLICO,EVIDENCIA_INSTITUCIONAL_PUBLICA,,,9,Ciudad de México,5,Gustavo A. Madero,1,Gustavo A. Madero,Aquiles Serdán s/n,Col. Malacates,7144.0,55 5134 0770 ext 1806,https://pilares.cdmx.gob.mx/,coord_comunicacion@pilares.cdmx.gob.mx,,,,,,,-99.12863,19.57502,http://sic.gob.mx/ficha.php?table=centro_cultural&table_id=3667,2025-11-04 16:36:35-06,SI,PILARES,NO,,Sistema de Información Cultural (SIC)
CENTRO_CULTURAL_2165,2165,CENTRO_CULTURAL,Casa de Cultura Estrella José Martí,2000-07-19,Alcaldía Gustavo A. Madero,PUBLICO,EVIDENCIA_INSTITUCIONAL_PUBLICA,,,9,Ciudad de México,5,Gustavo A. Madero,1,Gustavo A. Madero,Joyas s/n esq. Turquesa,Col. Estrella,7810.0,55 5750 3231,,casadeculturaestrella@gmail.com,,,,,,,-99.1153,19.47487,http://sic.gob.mx/ficha.php?table=centro_cultural&table_id=2165,2026-04-13 08:32:52-06,NO,,NO,,Sistema de Información Cultural (SIC)
CENTRO_CULTURAL_3392,3392,CENTRO_CULTURAL,Casa de Cultura Quetzalcóatl III,2022-09-10,"Alcaldía Gustavo A. Madero/Dirección Ejecutiva de Cultura, Recreación y Deporte",PUBLICO,EVIDENCIA_INSTITUCIONAL_PUBLICA,,,9,Ciudad de México,5,Gustavo A. Madero,1,Gustavo A. Madero,Santiago Jarillo Mz. 1,Col. Quetzalcóatl,7130.0,55 9318 7250,,cdcquetzalcoatl3@gmail.com,,,,,,,-99.14153,19.55919,http://sic.gob.mx/ficha.php?table=centro_cultural&table_id=3392,2024-12-09 13:03:15-06,NO,,NO,,Sistema de Información Cultural (SIC)
CENTRO_CULTURAL_3531,3531,CENTRO_CULTURAL,PILARES 100 Metros,2019-10-21,Secretaría de Cultura de la Ciudad de México,PUBLICO,EVIDENCIA_INSTITUCIONAL_PUBLICA,,,9,Ciudad de México,5,Gustavo A. Madero,1,Gustavo A. Madero,Anillo Periferico s/n esq. Av Cien Metros,Col. Santiago Atepetlac,7640.0,55 5134 0770 ext 1806,https://pilares.cdmx.gob.mx/,coord_comunicacion@pilares.cdmx.gob.mx,,,,,,,-99.15881,19.52648,http://sic.gob.mx/ficha.php?table=centro_cultural&table_id=3531,2025-11-05 17:31:44-06,SI,PILARES,NO,,Sistema de Información Cultural (SIC)
CENTRO_CULTURAL_2179,2179,CENTRO_CULTURAL,Centro de Arte Bicentenario Poeta Hugo Gutiérrez Vega,2010-10-14,Alcaldía Gustavo A. Madero,PUBLICO,EVIDENCIA_INSTITUCIONAL_PUBLICA,,,9,Ciudad de México,5,Gustavo A. Madero,1,Gustavo A. Madero,Av. Sur de los Cien Metros s/n esq. Poniente 122,Col. Nueva Vallejo,7750.0,56 1686 1861,,centrodeartehugogv@gmail.com,,,,,,,-99.14671,19.48405,http://sic.gob.mx/ficha.php?table=centro_cultural&table_id=2179,2026-04-13 12:06:57-06,NO,,NO,,Sistema de Información Cultural (SIC)
CENTRO_CULTURAL_2177,2177,CENTRO_CULTURAL,Centro Cultural Paco Ignacio Taibo ll,2009-08-13,Alcaldía Gustavo A. Madero,PUBLICO,EVIDENCIA_INSTITUCIONAL_PUBLICA,,,9,Ciudad de México,5,Gustavo A. Madero,1,Gustavo A. Madero,Av. 414 s/n entre Av. 483 y Av. 481,"Col. San Juan de Aragón, 7a. Sección",7920.0,55 5794 6634,https://www.facebook.com/pages/Centro-de-Desarrollo-Social-y-Cultural-Paco-Ignacio-Taibo-/367254176671907,CCpacoignaciotaiboii@hotmail.com,,,,,,,-99.07598,19.46934,http://sic.gob.mx/ficha.php?table=centro_cultural&table_id=2177,2026-04-13 13:31:02-06,NO,,NO,,Sistema de Información Cultural (SIC)
CENTRO_CULTURAL_3575,3575,CENTRO_CULTURAL,PILARES La Muela,2020-02-24,Gobierno de la Ciudad de México,PUBLICO,EVIDENCIA_INSTITUCIONAL_PUBLICA,,,9,Ciudad de México,5,Gustavo A. Madero,1,Gustavo A. Madero,Virginia Fábregas s/n,Col. Arbolillo II,7420.0,55 5134 0770 ext 1806,https://pilares.cdmx.gob.mx/pilares/1613/la-muela,coord_comunicacion@pilares.cdmx.gob.mx,,,,,,,-99.14398,19.53273,http://sic.gob.mx/ficha.php?table=centro_cultural&table_id=3575,2025-09-29 15:52:44-06,SI,PILARES,NO,,Sistema de Información Cultural (SIC)
CENTRO_CULTURAL_2181,2181,CENTRO_CULTURAL,Centro de Arte y Cultura Futurama,2009-12-01,Alcaldía Gustavo A. Madero/Dirección de Cultura y Deportes,PUBLICO,EVIDENCIA_INSTITUCIONAL_PUBLICA,,,9,Ciudad de México,5,Gustavo A. Madero,1,Gustavo A. Madero,"Otavalo 7, esq. Av. Instituto Politécnico Nacional",Col. Lindavista,7708.0,,,juventudfuturama@gmail.com; futuramalatefuerte@gmail.com,,,,,,,-99.13335,19.49332,http://sic.gob.mx/ficha.php?table=centro_cultural&table_id=2181,2026-04-13 12:11:28-06,NO,,NO,,Sistema de Información Cultural (SIC)
CENTRO_CULTURAL_1066,1066,CENTRO_CULTURAL,Casa de Cultura Juventino Rosas,1989-01-01,Alcaldía Gustavo A. Madero/Dirección de Cultura y Deportes,PUBLICO,EVIDENCIA_INSTITUCIONAL_PUBLICA,,,9,Ciudad de México,5,Gustavo A. Madero,1,Gustavo A. Madero,Plan de San Luis 50,Col. Residencial La Escalera,7320.0,55 5586 6160,,casaculturajuventinorosas@gmail.com,,,,,,,-99.13964,19.51244,http://sic.gob.mx/ficha.php?table=centro_cultural&table_id=1066,2026-04-13 09:02:33-06,NO,,NO,,Sistema de Información Cultural (SIC)
CENTRO_CULTURAL_3630,3630,CENTRO_CULTURAL,PILARES Aragón VI,1000-01-01,Gobierno de la Ciudad de México,PUBLICO,EVIDENCIA_INSTITUCIONAL_PUBLICA,,,9,Ciudad de México,5,Gustavo A. Madero,1,Gustavo A. Madero,Avenida 414 s/n,San Juan de Aragón VI Secc.,7918.0,55 5134 0770 ext 1806,https://pilares.cdmx.gob.mx/,coord_comunicacion@pilares.cdmx.gob.mx,,,,,,,-99.06572,19.46666,http://sic.gob.mx/ficha.php?table=centro_cultural&table_id=3630,2024-12-04 12:59:54-06,SI,PILARES,NO,,Sistema de Información Cultural (SIC)
CENTRO_CULTURAL_2170,2170,CENTRO_CULTURAL,Centro de Desarrollo Social Comunitario Carlos Monsiváis,2009-01-01,Alcaldía Gustavo A. Madero/Dirección de Cultura y Recreación,PUBLICO,EVIDENCIA_INSTITUCIONAL_PUBLICA,,,9,Ciudad de México,5,Gustavo A. Madero,1,Gustavo A. Madero,"Camino del Triunfo, esq. Camino de la Enseñanza s/n",Campestre Aragón,7530.0,,,cdsccarlosmonsivais201@gmail.com,,,,,,,-99.08023,19.48435,http://sic.gob.mx/ficha.php?table=centro_cultural&table_id=2170,2026-04-13 12:19:36-06,NO,,NO,,Sistema de Información Cultural (SIC)
CENTRO_CULTURAL_2168,2168,CENTRO_CULTURAL,Centro de Desarrollo Social y Cultural Aarón Gordián Martínez,2009-01-01,Alcalía Gustavo A. Madero,PUBLICO,REVISION_MANUAL,,,9,Ciudad de México,5,Gustavo A. Madero,1,Gustavo A. Madero,Puerto Papantla entre Salina Cruz y Camino de la Liga,Col. Ampliación Casas Alemán,,"55 5118 2800 exts. 7220, 7221",,,,,,,,,-99.08131,19.48031,http://sic.gob.mx/ficha.php?table=centro_cultural&table_id=2168,2026-04-13 12:22:38-06,NO,,NO,,Sistema de Información Cultural (SIC)
CENTRO_CULTURAL_2169,2169,CENTRO_CULTURAL,Centro de Desarrollo Social y Cultural Alí Chumacero,2009-01-01,Alcaldía Gustavo A. Madero,PUBLICO,EVIDENCIA_INSTITUCIONAL_PUBLICA,,,9,Ciudad de México,5,Gustavo A. Madero,1,Gustavo A. Madero,Norte 60 s/n esq. Oriente 95,Col. Mártires de Río Blanco,7880.0,55 2603 2836,,,,,,,,,-99.11361,19.46264,http://sic.gob.mx/ficha.php?table=centro_cultural&table_id=2169,2026-04-13 12:36:29-06,NO,,NO,,Sistema de Información Cultural (SIC)
CENTRO_CULTURAL_3673,3673,CENTRO_CULTURAL,PILARES Providencia,1000-01-01,Gobierno de la Ciudad de México,PUBLICO,EVIDENCIA_INSTITUCIONAL_PUBLICA,,,9,Ciudad de México,5,Gustavo A. Madero,1,Gustavo A. Madero,Estado de Zacatecas esq. Estado de Morelos (Mercado 136 Providencia),Providencia,7550.0,55 5134 0770 ext 1806,https://pilares.cdmx.gob.mx/,coord_comunicacion@pilares.cdmx.gob.mx,,,,,,,-99.07062,19.48466,http://sic.gob.mx/ficha.php?table=centro_cultural&table_id=3673,2024-06-05 13:44:02-06,SI,PILARES,NO,,Sistema de Información Cultural (SIC)
CENTRO_CULTURAL_3660,3660,CENTRO_CULTURAL,PILARES Ampliación Providencia,2021-11-06,Gobierno de la Ciudad de México,PUBLICO,EVIDENCIA_INSTITUCIONAL_PUBLICA,,,9,Ciudad de México,5,Gustavo A. Madero,1,Gustavo A. Madero,Volcán San Andrés Tuxtla 63,Colonia Ampliación Providencia,,55 5134 0770 ext 1806,https://pilares.cdmx.gob.mx/,coord_comunicacion@pilares.cdmx.gob.mx,,,,,,,-99.07021,19.4779,http://sic.gob.mx/ficha.php?table=centro_cultural&table_id=3660,2025-06-09 17:27:07-06,SI,PILARES,NO,,Sistema de Información Cultural (SIC)
CENTRO_CULTURAL_2182,2182,CENTRO_CULTURAL,Centro de Desarrollo Social y Cultural Carlos Montemayor,2009-01-01,Gobierno dela Ciudad de México,PUBLICO,REVISION_MANUAL,,,9,Ciudad de México,5,Gustavo A. Madero,1,Gustavo A. Madero,Cda. Gabriel Guerra s/n esq. Emiliano Zapata<br> U.H. El Arbolillo,Zona Escolar Oriente,7239.0,55 1365 4658,,,,,,,,,-99.14375,19.53849,http://sic.gob.mx/ficha.php?table=centro_cultural&table_id=2182,2026-04-13 12:46:28-06,NO,,NO,,Sistema de Información Cultural (SIC)
CENTRO_CULTURAL_2178,2178,CENTRO_CULTURAL,Centro de Desarrollo Social y Cultural Primavera,2009-01-01,Dirección de Cultura y Deportes,PUBLICO,REVISION_MANUAL,,,9,Ciudad de México,5,Gustavo A. Madero,1,Gustavo A. Madero,Primavera,Col. Candelaria Ticoman,7310.0,55 5118 2800,,,,,,,,,-99.13714,19.52256,http://sic.gob.mx/ficha.php?table=centro_cultural&table_id=2178,2026-04-13 13:43:54-06,NO,,NO,,Sistema de Información Cultural (SIC)
CENTRO_CULTURAL_3757,3757,CENTRO_CULTURAL,PILARES Loma La Palma,1000-01-01,Gobierno de la Ciudad de México,PUBLICO,EVIDENCIA_INSTITUCIONAL_PUBLICA,,,9,Ciudad de México,5,Gustavo A. Madero,1,Gustavo A. Madero,18 de Marzo esq. 5 de Mayo,Col. Loma la Palma,7160.0,55 5134 0770 ext 1806,https://pilares.cdmx.gob.mx/,coord_comunicacion@pilares.cdmx.gob.mx,,,,,,,-99.14282,19.54957,http://sic.gob.mx/ficha.php?table=centro_cultural&table_id=3757,2024-06-25 11:51:04-06,SI,PILARES,NO,,Sistema de Información Cultural (SIC)
CENTRO_CULTURAL_3628,3628,CENTRO_CULTURAL,PILARES Joya de Nieves,2020-01-01,Gobierno de la Ciudad de México,PUBLICO,EVIDENCIA_INSTITUCIONAL_PUBLICA,,,9,Ciudad de México,5,Gustavo A. Madero,1,Gustavo A. Madero,Área Natural Protegida Sierra de Guadalupe s/n,Zona de Conservación Ecológica,7145.0,55 5134 0770 ext 1806,https://pilares.cdmx.gob.mx/,coord_comunicacion@pilares.cdmx.gob.mx,,,,,,,-99.118,19.5592,http://sic.gob.mx/ficha.php?table=centro_cultural&table_id=3628,2025-09-25 19:57:35-06,SI,PILARES,NO,,Sistema de Información Cultural (SIC)
CENTRO_CULTURAL_2333,2333,CENTRO_CULTURAL,Foro Cristina Payán,2009-01-01,Dirección de Cultura y Deportes,PUBLICO,REVISION_MANUAL,,,9,Ciudad de México,5,Gustavo A. Madero,1,Gustavo A. Madero,Av. Ing. Eduardo Molina,Col. Nueva Atzacoalco,7040.0,55 3973 4605,,foroalairelibrecristinapayan@gmail.com,,,,,,,-99.08823,19.50167,http://sic.gob.mx/ficha.php?table=centro_cultural&table_id=2333,2026-04-13 14:04:12-06,NO,,NO,,Sistema de Información Cultural (SIC)
CENTRO_CULTURAL_3565,3565,CENTRO_CULTURAL,PILARES Benemérito de las Américas,1000-01-01,Gobierno de la Ciudad de México,PUBLICO,EVIDENCIA_INSTITUCIONAL_PUBLICA,,,9,Ciudad de México,5,Gustavo A. Madero,1,Gustavo A. Madero,"Vicente Riva Palacio, esq. Melchor Ocampo",Col. Zona de Conservación Ecológica,7259.0,55 5134 0770 ext 1806,https://pilares.cdmx.gob.mx/pilares/1603/benemerito-de-las-americas,coord_comunicacion@pilares.cdmx.gob.mx,,,,,,,-99.13845,19.53501,http://sic.gob.mx/ficha.php?table=centro_cultural&table_id=3565,2024-06-20 13:21:59-06,SI,PILARES,NO,,Sistema de Información Cultural (SIC)
CENTRO_CULTURAL_2690,2690,CENTRO_CULTURAL,Fábrica de Artes y Oficios (FARO) Indios Verdes,2006-06-20,Secretaría de Cultura de la Ciudad de México/Dirección General de Vinculación Cultural Comunitaria/Red de Faros,PUBLICO,EVIDENCIA_INSTITUCIONAL_PUBLICA,,,9,Ciudad de México,5,Gustavo A. Madero,1,Gustavo A. Madero,Av Huitzilihuitl 51,Col. Santa Isabel Tola,7010.0,55 5781 6900,https://culturacomunitaria.cdmx.gob.mx/red-de-faros/faro-indios-verdes,elfaroindiosverdes@gmail.com,,,,,,,-99.11147,19.50327,http://sic.gob.mx/ficha.php?table=centro_cultural&table_id=2690,2026-08-04 08:24:28-06,NO,,NO,,Sistema de Información Cultural (SIC)
CENTRO_CULTURAL_3670,3670,CENTRO_CULTURAL,PILARES Aragón II,2021-09-01,Gobierno de la Ciudad de México,PUBLICO,EVIDENCIA_INSTITUCIONAL_PUBLICA,,,9,Ciudad de México,5,Gustavo A. Madero,1,Gustavo A. Madero,Av. 506 núm. 3914,Col. San Juan de Aragón II,7969.0,55 5134 0770 ext 1806,https://pilares.cdmx.gob.mx/pilares/1708/aragon-ii,coord_comunicacion@pilares.cdmx.gob.mx,,,,,,,-99.08552,19.45441,http://sic.gob.mx/ficha.php?table=centro_cultural&table_id=3670,2025-10-21 17:22:26-06,SI,PILARES,NO,,Sistema de Información Cultural (SIC)
CENTRO_CULTURAL_3633,3633,CENTRO_CULTURAL,PILARES Tokio,1000-01-01,Gobierno de la Ciudad de México,PUBLICO,EVIDENCIA_INSTITUCIONAL_PUBLICA,,,9,Ciudad de México,5,Gustavo A. Madero,1,Gustavo A. Madero,Tokio s/n,Malacates,7119.0,55 5134 0770 ext 1806,https://pilares.cdmx.gob.mx/,coord_comunicacion@pilares.cdmx.gob.mx,,,,,,,-99.13498,19.5765,http://sic.gob.mx/ficha.php?table=centro_cultural&table_id=3633,2024-06-14 14:26:26-06,SI,PILARES,NO,,Sistema de Información Cultural (SIC)
CENTRO_CULTURAL_3470,3470,CENTRO_CULTURAL,PILARES Tlalpexco,2019-02-17,Gobierno de la Ciudad de México,PUBLICO,EVIDENCIA_INSTITUCIONAL_PUBLICA,,,9,Ciudad de México,5,Gustavo A. Madero,1,Gustavo A. Madero,Cda. Sauces s/n,Col. Tlalpexco,7188.0,55 5134 0770 ext 1806,https://pilares.cdmx.gob.mx/,coord_comunicacion@pilares.cdmx.gob.mx,,,,,,,-99.1257,19.54482,http://sic.gob.mx/ficha.php?table=centro_cultural&table_id=3470,2025-09-02 16:16:45-06,SI,PILARES,NO,,Sistema de Información Cultural (SIC)
CENTRO_CULTURAL_3727,3727,CENTRO_CULTURAL,PILARES Chalma de Guadalupe,1000-01-01,Gobierno de la Ciudad de México,PUBLICO,EVIDENCIA_INSTITUCIONAL_PUBLICA,,,9,Ciudad de México,5,Gustavo A. Madero,1,Gustavo A. Madero,Cda. Morelos 108,Col. Chalma de Guadalupe,7160.0,55 5134 0770 ext 1806,https://pilares.cdmx.gob.mx/,coord_comunicacion@pilares.cdmx.gob.mx,,,,,,,-99.15251,19.54586,http://sic.gob.mx/ficha.php?table=centro_cultural&table_id=3727,2024-06-25 14:08:00-06,SI,PILARES,NO,,Sistema de Información Cultural (SIC)
CENTRO_CULTURAL_3463,3463,CENTRO_CULTURAL,PILARES Richard Wagner,2019-01-28,Gobierno de la Ciudad de México,PUBLICO,EVIDENCIA_INSTITUCIONAL_PUBLICA,,,9,Ciudad de México,5,Gustavo A. Madero,1,Gustavo A. Madero,Carril 23 4A 301,San Juan Xalpa,7870.0,55 5134 0770 ext 1806,https://pilares.cdmx.gob.mx/,coord_comunicacion@pilares.cdmx.gob.mx,,,,,,,-99.12918,19.46552,http://sic.gob.mx/ficha.php?table=centro_cultural&table_id=3463,2025-10-23 19:51:41-06,SI,PILARES,NO,,Sistema de Información Cultural (SIC)
CENTRO_CULTURAL_3622,3622,CENTRO_CULTURAL,PILARES Compositores Mexicanos,1000-01-01,Gobierno de la Ciudad de México,PUBLICO,EVIDENCIA_INSTITUCIONAL_PUBLICA,,,9,Ciudad de México,5,Gustavo A. Madero,1,Gustavo A. Madero,Folklóricos Mexicanos s/n,Col. Compositores Mexicanos,7130.0,55 5134 0770 ext 1806,https://pilares.cdmx.gob.mx/,coord_comunicacion@pilares.cdmx.gob.mx,,,,,,,-99.13942,19.56687,http://sic.gob.mx/ficha.php?table=centro_cultural&table_id=3622,2024-06-13 12:29:12-06,SI,PILARES,NO,,Sistema de Información Cultural (SIC)
CENTRO_CULTURAL_3665,3665,CENTRO_CULTURAL,PILARES Tixtla,1000-01-01,Gobierno de la Ciudad de México,PUBLICO,EVIDENCIA_INSTITUCIONAL_PUBLICA,,,9,Ciudad de México,5,Gustavo A. Madero,1,Gustavo A. Madero,Cabo San Lucas Mz.14B Lt. 5,Col. Gabriel Hernández,7080.0,55 5134 0770 ext 1806,https://pilares.cdmx.gob.mx/,coord_comunicacion@pilares.cdmx.gob.mx,,,,,,,-99.10044,19.50086,http://sic.gob.mx/ficha.php?table=centro_cultural&table_id=3665,2024-06-12 12:05:58-06,SI,PILARES,NO,,Sistema de Información Cultural (SIC)
CENTRO_CULTURAL_3625,3625,CENTRO_CULTURAL,PILARES Gertrudis Sánchez,1000-01-01,Gobierno de la Ciudad de México,PUBLICO,EVIDENCIA_INSTITUCIONAL_PUBLICA,,,9,Ciudad de México,5,Gustavo A. Madero,1,Gustavo A. Madero,Av. Henry Ford S/N,Col. Gertrudis Sánchez II Secc.,7839.0,55 5134 0770 ext 1806,https://pilares.cdmx.gob.mx/,coord_comunicacion@pilares.cdmx.gob.mx,,,,,,,-99.1014,19.46405,http://sic.gob.mx/ficha.php?table=centro_cultural&table_id=3625,2024-06-10 17:12:59-06,SI,PILARES,NO,,Sistema de Información Cultural (SIC)
CENTRO_CULTURAL_3662,3662,CENTRO_CULTURAL,PILARES Santiago Atzacoalco,1000-01-01,Gobierno de la Ciudad de México,PUBLICO,EVIDENCIA_INSTITUCIONAL_PUBLICA,,,9,Ciudad de México,5,Gustavo A. Madero,1,Gustavo A. Madero,Cabo Finisterre 1,Col. Pueblo Santiago Atzacoalco,,55 5134 0770 ext 1806,https://pilares.cdmx.gob.mx/,coord_comunicacion@pilares.cdmx.gob.mx,,,,,,,-99.09743,19.49846,http://sic.gob.mx/ficha.php?table=centro_cultural&table_id=3662,2024-07-01 14:35:37-06,SI,PILARES,NO,,Sistema de Información Cultural (SIC)
CENTRO_CULTURAL_3559,3559,CENTRO_CULTURAL,PILARES Nueva Atzacoalco,1000-01-01,Secretaría de Cultura de la Ciudad de México,PUBLICO,EVIDENCIA_INSTITUCIONAL_PUBLICA,,,9,Ciudad de México,5,Gustavo A. Madero,1,Gustavo A. Madero,Av. 314,Col. Nueva Atzacoalco,7420.0,55 5134 0770 ext 1806,https://pilares.cdmx.gob.mx/,coord_comunicacion@pilares.cdmx.gob.mx,,,,,,,-99.08465,19.50066,http://sic.gob.mx/ficha.php?table=centro_cultural&table_id=3559,2024-06-11 11:50:10-06,SI,PILARES,NO,,Sistema de Información Cultural (SIC)
CENTRO_CULTURAL_3669,3669,CENTRO_CULTURAL,PILARES Salvador Díaz Mirón,1000-01-01,Secretaría de Cultura de la Ciudad de México,PUBLICO,EVIDENCIA_INSTITUCIONAL_PUBLICA,,,9,Ciudad de México,5,Gustavo A. Madero,1,Gustavo A. Madero,Ote. 155-B 3418,Col. Salvador Díaz Mirón,7400.0,55 5134 0770 ext 1806,https://pilares.cdmx.gob.mx/,coord_comunicacion@pilares.cdmx.gob.mx,,,,,,,-99.09921,19.488,http://sic.gob.mx/ficha.php?table=centro_cultural&table_id=3669,2024-06-11 12:01:54-06,SI,PILARES,NO,,Sistema de Información Cultural (SIC)
CENTRO_CULTURAL_3554,3554,CENTRO_CULTURAL,PILARES Ejidos de San Juan de Aragón,1000-01-01,Secretaría de Cultura de la Ciudad de México,PUBLICO,EVIDENCIA_INSTITUCIONAL_PUBLICA,,,9,Ciudad de México,5,Gustavo A. Madero,1,Gustavo A. Madero,Av. Puerto de Palos,Col. Ejidos de San Juan de Aragón,7940.0,55 5134 0770 ext 1806,https://pilares.cdmx.gob.mx/,coord_comunicacion@pilares.cdmx.gob.mx,,,,,,,-99.09131,19.46953,http://sic.gob.mx/ficha.php?table=centro_cultural&table_id=3554,2024-06-11 11:29:19-06,SI,PILARES,NO,,Sistema de Información Cultural (SIC)
CENTRO_CULTURAL_3668,3668,CENTRO_CULTURAL,PILARES Martín Carrera,1000-01-01,Gobierno de la Ciudad de México,PUBLICO,EVIDENCIA_INSTITUCIONAL_PUBLICA,,,9,Ciudad de México,5,Gustavo A. Madero,1,Gustavo A. Madero,Francisco Echeverría 315,Martín Carrera,7070.0,55 5134 0770 ext 1806,https://pilares.cdmx.gob.mx/,coord_comunicacion@pilares.cdmx.gob.mx,,,,,,,-99.11315,19.4856,http://sic.gob.mx/ficha.php?table=centro_cultural&table_id=3668,2024-06-19 11:12:51-06,SI,PILARES,NO,,Sistema de Información Cultural (SIC)
CENTRO_CULTURAL_3627,3627,CENTRO_CULTURAL,PILARES Héroes de Cerro Prieto,1000-01-01,Gobierno de la Ciudad de México,PUBLICO,EVIDENCIA_INSTITUCIONAL_PUBLICA,,,9,Ciudad de México,5,Gustavo A. Madero,1,Gustavo A. Madero,Rublos 57,Col. Héroes de Cerro Prieto,7960.0,55 5134 0770 ext 1806,https://cartelera.cdmx.gob.mx/5663/30-10-2022/casita-del-terror-pilares-heroes-de-cerro-prieto,coord_comunicacion@pilares.cdmx.gob.mx,,,,,,,-99.09699,19.45256,http://sic.gob.mx/ficha.php?table=centro_cultural&table_id=3627,2024-06-12 12:33:08-06,SI,PILARES,NO,,Sistema de Información Cultural (SIC)
CENTRO_CULTURAL_3624,3624,CENTRO_CULTURAL,PILARES Estrella,1000-01-01,Secretaría de Cultura de la Ciudad de México,PUBLICO,EVIDENCIA_INSTITUCIONAL_PUBLICA,,,9,Ciudad de México,5,Gustavo A. Madero,1,Gustavo A. Madero,Escuela s/n,Col. Estrella,7810.0,55 5134 0770 ext 1806,https://pilares.cdmx.gob.mx/,coord_comunicacion@pilares.cdmx.gob.mx,,,,,,,-99.11571,19.47593,http://sic.gob.mx/ficha.php?table=centro_cultural&table_id=3624,2024-06-11 10:48:33-06,SI,PILARES,NO,,Sistema de Información Cultural (SIC)
CENTRO_CULTURAL_3517,3517,CENTRO_CULTURAL,PILARES Centenario,2019-09-02,Gobierno de la Ciudad de México,PUBLICO,EVIDENCIA_INSTITUCIONAL_PUBLICA,,,9,Ciudad de México,5,Gustavo A. Madero,1,Gustavo A. Madero,Av. Centenario esq. Av. Río de los Remedios,Col. Juan González Romero,7410.0,55 5134 0770 ext 1806,https://www.jefaturadegobierno.cdmx.gob.mx/comunicacion/nota/inaugura-gobierno-de-la-ciudad-de-mexico-pilares-centenario-en-la-alcaldia-gustavo-madero,coord_comunicacion@pilares.cdmx.gob.mx,,,,,,,-99.09059,19.50892,http://sic.gob.mx/ficha.php?table=centro_cultural&table_id=3517,2024-06-12 12:29:23-06,SI,PILARES,NO,,Sistema de Información Cultural (SIC)
CENTRO_CULTURAL_3569,3569,CENTRO_CULTURAL,PILARES Magdalena de las Salinas,1000-01-01,Secretaría de Cultura de la Ciudad de México,PUBLICO,EVIDENCIA_INSTITUCIONAL_PUBLICA,,,9,Ciudad de México,5,Gustavo A. Madero,1,Gustavo A. Madero,Pte. 114,Col. Magdalena de las Salinas,7760.0,55 5134 0770 ext 1806,https://pilares.cdmx.gob.mx/,coord_comunicacion@pilares.cdmx.gob.mx,,,,,,,-99.14622,19.47906,http://sic.gob.mx/ficha.php?table=centro_cultural&table_id=3569,2024-06-11 11:46:40-06,SI,PILARES,NO,,Sistema de Información Cultural (SIC)
CENTRO_CULTURAL_3758,3758,CENTRO_CULTURAL,PILARES San Felipe de Jesús II,1000-01-01,Gobierno de la Ciudad de México,PUBLICO,EVIDENCIA_INSTITUCIONAL_PUBLICA,,,9,Ciudad de México,5,Gustavo A. Madero,1,Gustavo A. Madero,Tamazula s/n,San Felipe de Jesús,7510.0,55 5134 0770 ext 1806,https://pilares.cdmx.gob.mx/,coord_comunicacion@pilares.cdmx.gob.mx,,,,,,,-99.07674,19.49312,http://sic.gob.mx/ficha.php?table=centro_cultural&table_id=3758,2024-06-06 13:23:52-06,SI,PILARES,NO,,Sistema de Información Cultural (SIC)
CENTRO_CULTURAL_3626,3626,CENTRO_CULTURAL,PILARES Gran Canal,1000-01-01,Secretaría de Cultura de la Ciudad de México,PUBLICO,EVIDENCIA_INSTITUCIONAL_PUBLICA,,,9,Ciudad de México,5,Gustavo A. Madero,1,Gustavo A. Madero,Av. Gran Canal del Desagüe 6828,Col. Casas Alemán,7580.0,55 5134 0770 ext 1806,https://pilares.cdmx.gob.mx/,coord_comunicacion@pilares.cdmx.gob.mx,,,,,,,-99.08934,19.48057,http://sic.gob.mx/ficha.php?table=centro_cultural&table_id=3626,2024-06-07 07:36:41-06,SI,PILARES,NO,,Sistema de Información Cultural (SIC)
CENTRO_CULTURAL_3634,3634,CENTRO_CULTURAL,PILARES Tres Estrellas,2021-11-17,Secretaría de Cultura de la Ciudad de México,PUBLICO,EVIDENCIA_INSTITUCIONAL_PUBLICA,,,9,Ciudad de México,5,Gustavo A. Madero,1,Gustavo A. Madero,Av. Tesoro,Col. 3 Estrellas,7820.0,55 5134 0770 ext 1806,https://pilares.cdmx.gob.mx/,coord_comunicacion@pilares.cdmx.gob.mx,,,,,,,-99.11102,19.47133,http://sic.gob.mx/ficha.php?table=centro_cultural&table_id=3634,2025-06-06 16:00:23-06,SI,PILARES,NO,,Sistema de Información Cultural (SIC)
CENTRO_CULTURAL_3746,3746,CENTRO_CULTURAL,PILARES Ramón Corona,1000-01-01,Secretaría de Cultura de la Ciudad de México,PUBLICO,EVIDENCIA_INSTITUCIONAL_PUBLICA,,,9,Ciudad de México,5,Gustavo A. Madero,1,Gustavo A. Madero,La Esperanza s/n,Col. Industrial,7800.0,55 5134 0770 ext 1806,https://pilares.cdmx.gob.mx/,coord_comunicacion@pilares.cdmx.gob.mx,,,,,,,-99.12402,19.47706,http://sic.gob.mx/ficha.php?table=centro_cultural&table_id=3746,2024-06-11 09:19:28-06,SI,PILARES,NO,,Sistema de Información Cultural (SIC)
CENTRO_CULTURAL_3469,3469,CENTRO_CULTURAL,PILARES Benita Galeana,1000-01-01,Secretaría de Cultura de la Ciudad de México,PUBLICO,EVIDENCIA_INSTITUCIONAL_PUBLICA,,,9,Ciudad de México,5,Gustavo A. Madero,1,Gustavo A. Madero,Av. Canal del Desagüe,Col. Nueva Tenochtitlan,7890.0,55 5134 0770 ext 1806,https://pilares.cdmx.gob.mx/,coord_comunicacion@pilares.cdmx.gob.mx,,,,,,,-99.10051,19.45529,http://sic.gob.mx/ficha.php?table=centro_cultural&table_id=3469,2024-06-11 11:44:10-06,SI,PILARES,NO,,Sistema de Información Cultural (SIC)
CENTRO_CULTURAL_3674,3674,CENTRO_CULTURAL,PILARES Villa de Aragón,2022-01-15,Secretaría de Cultura de la Ciudad de México,PUBLICO,EVIDENCIA_INSTITUCIONAL_PUBLICA,,,9,Ciudad de México,5,Gustavo A. Madero,1,Gustavo A. Madero,Av. Carlos Hank González,Col. Villa de Aragón,7570.0,55 5134 0770 ext 1806,https://pilares.cdmx.gob.mx/,coord_comunicacion@pilares.cdmx.gob.mx,,,,,,,-99.05823,19.46283,http://sic.gob.mx/ficha.php?table=centro_cultural&table_id=3674,2025-09-02 18:20:12-06,SI,PILARES,NO,,Sistema de Información Cultural (SIC)
CENTRO_CULTURAL_3661,3661,CENTRO_CULTURAL,PILARES Bosque de Aragón,1000-01-01,Secretaría de Cultura de la Ciudad de México,PUBLICO,EVIDENCIA_INSTITUCIONAL_PUBLICA,,,9,Ciudad de México,5,Gustavo A. Madero,1,Gustavo A. Madero,"Int. Bosque de Aragón, Av. 510",Pueblo de San Juan de Aragón,7920.0,55 5134 0770 ext 1806,https://pilares.cdmx.gob.mx/,coord_comunicacion@pilares.cdmx.gob.mx,,,,,,,-99.07764,19.46336,http://sic.gob.mx/ficha.php?table=centro_cultural&table_id=3661,2024-06-10 11:16:38-06,SI,PILARES,NO,,Sistema de Información Cultural (SIC)
CENTRO_CULTURAL_3726,3726,CENTRO_CULTURAL,PILARES Candelaria Ticomán,1000-01-01,Secretaría de Cultura de la Ciudad de México,PUBLICO,EVIDENCIA_INSTITUCIONAL_PUBLICA,,,9,Ciudad de México,5,Gustavo A. Madero,1,Gustavo A. Madero,Inspectores de la Luz 7,Col. Candelaria Ticomán,7310.0,55 5134 0770 ext 1806,https://pilares.cdmx.gob.mx/,coord_comunicacion@pilares.cdmx.gob.mx,,,,,,,-99.13248,19.52263,http://sic.gob.mx/ficha.php?table=centro_cultural&table_id=3726,2024-06-11 07:49:42-06,SI,PILARES,NO,,Sistema de Información Cultural (SIC)
CENTRO_CULTURAL_3573,3573,CENTRO_CULTURAL,PILARES Puerto Mazatlán,1000-01-01,Gobierno de la Ciudad de México,PUBLICO,EVIDENCIA_INSTITUCIONAL_PUBLICA,,,9,Ciudad de México,5,Gustavo A. Madero,1,Gustavo A. Madero,Av. Ticoman y Av. Cuautepec s/n,Jorge Negrete,7310.0,55 5134 0770 ext 1806,https://pilares.cdmx.gob.mx/,coord_comunicacion@pilares.cdmx.gob.mx,,,,,,,-99.14195,19.52141,http://sic.gob.mx/ficha.php?table=centro_cultural&table_id=3573,2024-06-10 09:38:45-06,SI,PILARES,NO,,Sistema de Información Cultural (SIC)
CENTRO_CULTURAL_3598,3598,CENTRO_CULTURAL,PILARES San Felipe de Jesús,2021-01-01,Gobierno de la Ciudad de México,PUBLICO,EVIDENCIA_INSTITUCIONAL_PUBLICA,,,9,Ciudad de México,5,Gustavo A. Madero,1,Gustavo A. Madero,Av. León de los Aldamas s/n,San Felipe de Jesús,7510.0,55 5134 0770 ext 1806,https://pilares.cdmx.gob.mx/,coord_comunicacion@pilares.cdmx.gob.mx,,,,,,,-99.07427,19.50088,http://sic.gob.mx/ficha.php?table=centro_cultural&table_id=3598,2025-07-22 19:25:02-06,SI,PILARES,NO,,Sistema de Información Cultural (SIC)
CENTRO_CULTURAL_3629,3629,CENTRO_CULTURAL,PILARES Revolución,1000-01-01,Secretaría de Cultura de la Ciudad de México,PUBLICO,EVIDENCIA_INSTITUCIONAL_PUBLICA,,,9,Ciudad de México,5,Gustavo A. Madero,1,Gustavo A. Madero,Río Rivera s/n,Col. Zona Escolar Oriente,7239.0,55 5134 0770 ext 1806,https://pilares.cdmx.gob.mx/,coord_comunicacion@pilares.cdmx.gob.mx,,,,,,,-99.14198,19.54092,http://sic.gob.mx/ficha.php?table=centro_cultural&table_id=3629,2024-06-11 11:58:23-06,SI,PILARES,NO,,Sistema de Información Cultural (SIC)
CENTRO_CULTURAL_3631,3631,CENTRO_CULTURAL,PILARES Aragón VII,1000-01-01,Secretaría de Cultura de la Ciudad de México,PUBLICO,EVIDENCIA_INSTITUCIONAL_PUBLICA,,,9,Ciudad de México,5,Gustavo A. Madero,1,Gustavo A. Madero,Av. 414 s/n,Col. San Juan de Aragón VII Secc.,7910.0,55 5134 0770 ext 1806,https://pilares.cdmx.gob.mx/,coord_comunicacion@pilares.cdmx.gob.mx,,,,,,,-99.07514,19.47136,http://sic.gob.mx/ficha.php?table=centro_cultural&table_id=3631,2024-06-10 12:15:01-06,SI,PILARES,NO,,Sistema de Información Cultural (SIC)
CENTRO_CULTURAL_3408,3408,CENTRO_CULTURAL,Centro Cultural de las Artes de Iztacalco,2019-05-31,Alcaldía Iztacalco,PUBLICO,EVIDENCIA_INSTITUCIONAL_PUBLICA,,,9,Ciudad de México,6,Iztacalco,1,Iztacalco,Ote. 120,Col. Cuchilla Ramos Millán,8020.0,55 5700 3464,http://www.iztacalco.cdmx.gob.mx/inicio/index.php/notasportada/cultura,centroculturalartesiz@gmail.com,,,,,,,-99.09387,19.38678,http://sic.gob.mx/ficha.php?table=centro_cultural&table_id=3408,2026-03-05 14:51:16-06,NO,,NO,,Sistema de Información Cultural (SIC)
CENTRO_CULTURAL_3512,3512,CENTRO_CULTURAL,PILARES La Fortaleza,2019-08-13,Gobierno de la Ciudad de México,PUBLICO,EVIDENCIA_INSTITUCIONAL_PUBLICA,,,9,Ciudad de México,6,Iztacalco,1,Iztacalco,Oriente 116,Col. Gabriel Ramos Millán secc. Cuchilla,8030.0,55 5134 0770 ext 1806,https://pilares.cdmx.gob.mx/,coord_comunicacion@pilares.cdmx.gob.mx,,,,,,,-99.09174,19.38794,http://sic.gob.mx/ficha.php?table=centro_cultural&table_id=3512,2024-06-19 10:32:32-06,SI,PILARES,NO,,Sistema de Información Cultural (SIC)
CENTRO_CULTURAL_1053,1053,CENTRO_CULTURAL,Casa de Cultura Flamingos,2003-03-07,Alcaldía Iztacalco,PUBLICO,EVIDENCIA_INSTITUCIONAL_PUBLICA,,,9,Ciudad de México,6,Iztacalco,1,Iztacalco,And. Sur 7 s/n esq. Playa Flamingos,Col. Militar Marte,8830.0,55 5633 4029,,flamingos1821@hotmail.com,,,,,,,-99.12579,19.37938,http://sic.gob.mx/ficha.php?table=centro_cultural&table_id=1053,2026-03-05 14:55:34-06,NO,,NO,,Sistema de Información Cultural (SIC)
CENTRO_CULTURAL_3300,3300,CENTRO_CULTURAL,Centro Cultural Foro la Cura,2013-01-01,,NO_DETERMINADO,SIN_ADSCRIPCION,,,9,Ciudad de México,6,Iztacalco,1,Iztacalco,Marcos Carrillo 356,Col. Viaducto Piedad,8200.0,55 4495 6332,,forolacuraproducciones@gmail.com,,,,,,,-99.13418,19.39909,http://sic.gob.mx/ficha.php?table=centro_cultural&table_id=3300,2025-06-25 17:23:44-06,NO,,SI,No existe adscripción disponible para determinar el tipo de gestión.,Sistema de Información Cultural (SIC)
CENTRO_CULTURAL_3587,3587,CENTRO_CULTURAL,PILARES Mártires del 10 de Junio,2024-06-10,Gobierno de la Ciudad de México,PUBLICO,EVIDENCIA_INSTITUCIONAL_PUBLICA,,,9,Ciudad de México,6,Iztacalco,1,Iztacalco,Av. Plutarco Elias Calles esq. Av. Coyuya,Granjas México,8620.0,55 5134 0770 ext 1806,https://pilares.cdmx.gob.mx/,coord_comunicacion@pilares.cdmx.gob.mx,,,,,,,-99.11402,19.39822,http://sic.gob.mx/ficha.php?table=centro_cultural&table_id=3587,2025-12-16 17:29:30-06,SI,PILARES,NO,,Sistema de Información Cultural (SIC)
CENTRO_CULTURAL_3675,3675,CENTRO_CULTURAL,PILARES Agrícola Oriental,2022-06-24,Gobierno de la Ciudad de México,PUBLICO,EVIDENCIA_INSTITUCIONAL_PUBLICA,,,9,Ciudad de México,6,Iztacalco,1,Iztacalco,Sur 28 s/n entre oriente 255 y oriente 259,Col. Agrícola Oriental,8500.0,55 5134 0770 ext 1806,https://pilares.cdmx.gob.mx/,coord_comunicacion@pilares.cdmx.gob.mx,,,,,,,-99.06519,19.38499,http://sic.gob.mx/ficha.php?table=centro_cultural&table_id=3675,2024-06-11 13:58:21-06,SI,PILARES,NO,,Sistema de Información Cultural (SIC)
CENTRO_CULTURAL_1081,1081,CENTRO_CULTURAL,Casa de Cultura Sur 20,1000-01-01,Alcaldía Iztacalco,PUBLICO,EVIDENCIA_INSTITUCIONAL_PUBLICA,,,9,Ciudad de México,6,Iztacalco,1,Iztacalco,Oriente 229 s/n esq. Av. Sur 20,Col. Agrícola Oriental,8500.0,"55 5803 0000, 5654 3133",,,,,,,,,-99.08165,19.39328,http://sic.gob.mx/ficha.php?table=centro_cultural&table_id=1081,2026-03-05 14:52:08-06,NO,,NO,,Sistema de Información Cultural (SIC)
CENTRO_CULTURAL_3599,3599,CENTRO_CULTURAL,PILARES Tezontle,1000-01-01,Secretaría de Cultura de la Ciudad de México,PUBLICO,EVIDENCIA_INSTITUCIONAL_PUBLICA,,,9,Ciudad de México,6,Iztacalco,1,Iztacalco,Av. Canal Tezontle y Eje 3 Oriente,Col. Picos Iztacalco 1b,8930.0,55 5134 0770 ext 1806,https://pilares.cdmx.gob.mx/,coord_comunicacion@pilares.cdmx.gob.mx,,,,,,,-99.11238,19.38834,http://sic.gob.mx/ficha.php?table=centro_cultural&table_id=3599,2024-06-11 11:21:03-06,SI,PILARES,NO,,Sistema de Información Cultural (SIC)
CENTRO_CULTURAL_3584,3584,CENTRO_CULTURAL,PILARES Iztaccíhatl,2022-01-01,Secretaría de Cultura de la Ciudad de México,PUBLICO,EVIDENCIA_INSTITUCIONAL_PUBLICA,,,9,Ciudad de México,6,Iztacalco,1,Iztacalco,Playa Erizo y Playa Azul,Col . Reforma Iztaccihuatl Nte.,8810.0,55 5134 0770 ext 1806,https://pilares.cdmx.gob.mx/,coord_comunicacion@pilares.cdmx.gob.mx,,,,,,,-99.13046,19.38625,http://sic.gob.mx/ficha.php?table=centro_cultural&table_id=3584,2025-08-25 16:58:39-06,SI,PILARES,NO,,Sistema de Información Cultural (SIC)
CENTRO_CULTURAL_3472,3472,CENTRO_CULTURAL,PILARES Agrícola Pantitlán,2019-01-01,Gobierno de la Ciudad de México,PUBLICO,EVIDENCIA_INSTITUCIONAL_PUBLICA,,,9,Ciudad de México,6,Iztacalco,1,Iztacalco,Calle 1 s/n esq. Av. Guadalupe,Col. Agrícola Pantitlán,8100.0,55 5134 0770 ext 1806,https://pilares.cdmx.gob.mx/,coord_comunicacion@pilares.cdmx.gob.mx,,,,,,,-99.06827,19.4152,http://sic.gob.mx/ficha.php?table=centro_cultural&table_id=3472,2025-09-24 19:23:55-06,SI,PILARES,NO,,Sistema de Información Cultural (SIC)
CENTRO_CULTURAL_3647,3647,CENTRO_CULTURAL,PILARES Santa Anita,1000-01-01,Gobierno de la Ciudad de México,PUBLICO,EVIDENCIA_INSTITUCIONAL_PUBLICA,,,9,Ciudad de México,6,Iztacalco,1,Iztacalco,H. Congreso de la Unión,Col. Santa Anita,8300.0,55 5134 0770 ext 1806,https://pilares.cdmx.gob.mx/,coord_comunicacion@pilares.cdmx.gob.mx,,,,,,,-99.12155,19.4038,http://sic.gob.mx/ficha.php?table=centro_cultural&table_id=3647,2024-07-01 13:58:30-06,SI,PILARES,NO,,Sistema de Información Cultural (SIC)
CENTRO_CULTURAL_1509,1509,CENTRO_CULTURAL,Casa de Cultura Siete Barrios,1974-10-30,Alcaldía Iztacalco,PUBLICO,EVIDENCIA_INSTITUCIONAL_PUBLICA,,,9,Ciudad de México,6,Iztacalco,1,Iztacalco,San Miguel s/n esq. Juárez,Barrio la Asunción,8600.0,55 5634 7396,,salvil77@hotmail.com,,,,,,,-99.12124,19.3904,http://sic.gob.mx/ficha.php?table=centro_cultural&table_id=1509,2026-03-05 14:53:10-06,NO,,NO,,Sistema de Información Cultural (SIC)
CENTRO_CULTURAL_1086,1086,CENTRO_CULTURAL,Casa de Cultura Mariano Matamoros,1996-03-21,Alcaldía Iztacalco,PUBLICO,EVIDENCIA_INSTITUCIONAL_PUBLICA,,,9,Ciudad de México,6,Iztacalco,1,Iztacalco,Playa Erizo s/n esq. Playa Caleta  (parque de los patos),Col. Reforma Iztaccíhuatl Norte,8840.0,55 5657 9482,,eliza091072@yahoo.com,,,,,,,-99.13048,19.38601,http://sic.gob.mx/ficha.php?table=centro_cultural&table_id=1086,2026-03-05 14:54:14-06,NO,,NO,,Sistema de Información Cultural (SIC)
CENTRO_CULTURAL_3521,3521,CENTRO_CULTURAL,PILARES Rojo Gómez,1000-01-01,Secretaría de Cultura de la Ciudad de México,PUBLICO,EVIDENCIA_INSTITUCIONAL_PUBLICA,,,9,Ciudad de México,6,Iztacalco,1,Iztacalco,Eje 5 Ote. Javier Rojo Gómez 33 esq. Calz. Ignacio Zaragoza,Col. Agricola Oriental,8500.0,55 5134 0770 ext 1806,https://pilares.cdmx.gob.mx/,coord_comunicacion@pilares.cdmx.gob.mx,,,,,,,-99.07087,19.40473,http://sic.gob.mx/ficha.php?table=centro_cultural&table_id=3521,2024-06-07 10:34:22-06,SI,PILARES,NO,,Sistema de Información Cultural (SIC)
CENTRO_CULTURAL_1080,1080,CENTRO_CULTURAL,Casa de la Cultura Las Jarillas,2002-04-22,"Casa de la Cultura Las Jarillas, S.C. de R.L. de C.V.",PRIVADO,EVIDENCIA_INSTITUCIONAL_PRIVADA,,,9,Ciudad de México,6,Iztacalco,1,Iztacalco,Lateral de Plutarco Elías Calles s/n esq. Sur 109,Col. Gabriel Ramos Millán,8720.0,55 1487 8782,,miguelitos2526@gmail.com; miguelitos2526@hotmail.com,,,,,,,-99.10989,19.39739,http://sic.gob.mx/ficha.php?table=centro_cultural&table_id=1080,2023-09-07 07:49:05-06,NO,,NO,,Sistema de Información Cultural (SIC)
CENTRO_CULTURAL_3471,3471,CENTRO_CULTURAL,PILARES José Marti,2019-02-22,Secretaría de Cultura de la Ciudad de México,PUBLICO,EVIDENCIA_INSTITUCIONAL_PUBLICA,,,9,Ciudad de México,6,Iztacalco,1,Iztacalco,Juárez 2,Col. La Asunción,8600.0,55 5134 0770 ext 1806,https://pilares.cdmx.gob.mx/,coord_comunicacion@pilares.cdmx.gob.mx,,,,,,,-99.12122,19.39048,http://sic.gob.mx/ficha.php?table=centro_cultural&table_id=3471,2025-10-22 16:40:54-06,SI,PILARES,NO,,Sistema de Información Cultural (SIC)
CENTRO_CULTURAL_1511,1511,CENTRO_CULTURAL,Casa de Cultura Inpi Picos (Las Abejas),2002-10-05,Alcaldía Iztacalco,PUBLICO,EVIDENCIA_INSTITUCIONAL_PUBLICA,,,9,Ciudad de México,6,Iztacalco,1,Iztacalco,Federico G. Bating s/n,Col. Inpi Picos,8770.0,55 5648 4678,,,,,,,,,-99.10284,19.38782,http://sic.gob.mx/ficha.php?table=centro_cultural&table_id=1511,2026-03-05 14:54:47-06,NO,,NO,,Sistema de Información Cultural (SIC)
CENTRO_CULTURAL_1513,1513,CENTRO_CULTURAL,Casa de Cultura Benito Juárez,2000-02-24,Alcaldía Iztacalco,PUBLICO,EVIDENCIA_INSTITUCIONAL_PUBLICA,,,9,Ciudad de México,6,Iztacalco,1,Iztacalco,"Av. Té s/n, Plaza Benito Juárez",Col. Gabriel Ramos Millán,8000.0,55 5654 3333,,,,,,,,,-99.09722,19.39572,http://sic.gob.mx/ficha.php?table=centro_cultural&table_id=1513,2026-03-05 14:51:39-06,NO,,NO,,Sistema de Información Cultural (SIC)
CENTRO_CULTURAL_3493,3493,CENTRO_CULTURAL,PILARES Paquita Calvo Zapata,1000-01-01,Gobierno de la Ciudad de México,PUBLICO,EVIDENCIA_INSTITUCIONAL_PUBLICA,,,9,Ciudad de México,6,Iztacalco,1,Iztacalco,Calle lenguas indígenas 31,Carlos Zapata Vela,8040.0,55 5134 0770 ext 1806,https://pilares.cdmx.gob.mx/,coord_comunicacion@pilares.cdmx.gob.mx,,,,,,,-99.09672,19.38245,http://sic.gob.mx/ficha.php?table=centro_cultural&table_id=3493,2024-06-10 11:57:36-06,SI,PILARES,NO,,Sistema de Información Cultural (SIC)
CENTRO_CULTURAL_1052,1052,CENTRO_CULTURAL,Foro Cultural 2 de Octubre,1998-03-04,Alcaldía Iztacalco,PUBLICO,EVIDENCIA_INSTITUCIONAL_PUBLICA,,,9,Ciudad de México,6,Iztacalco,1,Iztacalco,Valentín Gómez Farías s/n,Col. Campamento 2 de Octubre,8930.0,55 5648 4910,http://www.iztacalco.df.gob.mx/portal/index.php/cultura/casas-de-cultura,darioruben68@hotmail.com,,,,,,,-99.11643,19.38353,http://sic.gob.mx/ficha.php?table=centro_cultural&table_id=1052,2026-03-05 14:52:33-06,NO,,NO,,Sistema de Información Cultural (SIC)
CENTRO_CULTURAL_2744,2744,CENTRO_CULTURAL,Casa de Cultura Amalia Solórzano de Cárdenas,2009-08-01,Alcaldía Iztacalco,PUBLICO,EVIDENCIA_INSTITUCIONAL_PUBLICA,,,9,Ciudad de México,6,Iztacalco,1,Iztacalco,Playa Icacos s/n esq. Playa Rosarito,Barrio Santiago Sur,8800.0,55 2621 3399,,amaliasolorzanocasadecultura@gmail.com,,,,,,,-99.12576,19.38785,http://sic.gob.mx/ficha.php?table=centro_cultural&table_id=2744,2026-03-05 14:56:06-06,NO,,NO,,Sistema de Información Cultural (SIC)
CENTRO_CULTURAL_1508,1508,CENTRO_CULTURAL,Centro de Arte y Oficios de Iztacalco,1000-01-01,Alcaldía Iztacalco,PUBLICO,EVIDENCIA_INSTITUCIONAL_PUBLICA,,,9,Ciudad de México,6,Iztacalco,1,Iztacalco,Julio García s/n esq. Anastasio Bustamante,Barrio Los Reyes,8650.0,55 5657 0007 ext. 2331,http://www.iztacalco.df.gob.mx/portal/index.php/cultura/casas-de-cultura,mail.iztacalco.df.gob.mx/horde,,,,,,,-99.11485,19.39385,http://sic.gob.mx/ficha.php?table=centro_cultural&table_id=1508,2026-03-05 14:55:11-06,NO,,NO,,Sistema de Información Cultural (SIC)
CENTRO_CULTURAL_3688,3688,CENTRO_CULTURAL,PILARES San Andrés Tetepilco,1000-01-01,Gobierno de la Ciudad de México,PUBLICO,EVIDENCIA_INSTITUCIONAL_PUBLICA,,,9,Ciudad de México,7,Iztapalapa,1,Iztapalapa,"Deportivo San Andrés, entrada por Andrés Molina Enríquez, entre San Andrés Tetepilco y Av. Municipio Libre",San Andrés Tetepilco,9440.0,55 5134 0770 ext 1806,https://pilares.cdmx.gob.mx/,coord_comunicacion@pilares.cdmx.gob.mx,,,,,,,-99.1309,19.3689,http://sic.gob.mx/ficha.php?table=centro_cultural&table_id=3688,2024-06-06 13:25:13-06,SI,PILARES,NO,,Sistema de Información Cultural (SIC)
CENTRO_CULTURAL_3734,3734,CENTRO_CULTURAL,PILARES Zacatepec,1000-01-01,Secretaría de Cultura de la Ciudad de México,PUBLICO,EVIDENCIA_INSTITUCIONAL_PUBLICA,,,9,Ciudad de México,7,Iztapalapa,1,Iztapalapa,Camino Real,Col Campestre Potrero,9737.0,55 5134 0770 ext 1806,https://pilares.cdmx.gob.mx/,coord_comunicacion@pilares.cdmx.gob.mx,,,,,,,-98.97328,19.32617,http://sic.gob.mx/ficha.php?table=centro_cultural&table_id=3734,2024-06-11 10:48:11-06,SI,PILARES,NO,,Sistema de Información Cultural (SIC)
CENTRO_CULTURAL_3807,3807,CENTRO_CULTURAL,Utopía Meyehualco,2021-12-04,Alcaldía Iztapalapa,PUBLICO,EVIDENCIA_INSTITUCIONAL_PUBLICA,,,9,Ciudad de México,7,Iztapalapa,1,Iztapalapa,Calle 71 y Calz. Ermita Iztapalapa,"Santa Cruz Meyehualco, Iztapalapa",9060.0,55 5445 1076,https://utopias.mx/utopia-meyehualco-iztapalapa-cdmx-mexico.php,talleresculturaiztapalapa@gmail.com; Hola@UtopiasIztapalapa.com,,,,,,,-99.04932,19.34613,http://sic.gob.mx/ficha.php?table=centro_cultural&table_id=3807,2025-01-20 11:27:51-06,NO,,NO,,Sistema de Información Cultural (SIC)
CENTRO_CULTURAL_3801,3801,CENTRO_CULTURAL,Utopía Cuauhtlicalli Aculco,2021-03-30,Alcaldía Iztapalapa,PUBLICO,EVIDENCIA_INSTITUCIONAL_PUBLICA,,,9,Ciudad de México,7,Iztapalapa,1,Iztapalapa,Alfonso del Toro esq. Fausto Vega,"Col. Escuadrón 201, Territorial Aculco",9060.0,55 5445 1076,https://utopias.mx/utopia-cuauhtlicalli-aculco-iztapalapa-cdmx-mexico.php,talleresculturaiztapalapa@gmail.com,,,,,,,-99.11063,19.36694,http://sic.gob.mx/ficha.php?table=centro_cultural&table_id=3801,2025-02-26 15:12:24-06,NO,,NO,,Sistema de Información Cultural (SIC)
CENTRO_CULTURAL_3759,3759,CENTRO_CULTURAL,PILARES Marcelino Buendía,2023-01-01,Secretaría de Cultura de la Ciudad de México,PUBLICO,EVIDENCIA_INSTITUCIONAL_PUBLICA,,,9,Ciudad de México,7,Iztapalapa,1,Iztapalapa,Calle 17 mz 162 lt. 1844-B,Col.  Leyes de Reforma 3ra Secc,9310.0,55 5134 0770 ext 1806,https://pilares.cdmx.gob.mx/,coord_comunicacion@pilares.cdmx.gob.mx,,,,,,,-99.06941,19.38047,http://sic.gob.mx/ficha.php?table=centro_cultural&table_id=3759,2025-11-26 17:48:09-06,SI,PILARES,NO,,Sistema de Información Cultural (SIC)
CENTRO_CULTURAL_3685,3685,CENTRO_CULTURAL,PILARES La Comuna Iztapalapa,2021-12-16,Gobierno de la Ciudad de México,PUBLICO,EVIDENCIA_INSTITUCIONAL_PUBLICA,,,9,Ciudad de México,7,Iztapalapa,1,Iztapalapa,Villa Jiloca 361,Desarrollo Urbano Quetzalcóatl,9700.0,55 5134 0770 ext 1806,https://pilares.cdmx.gob.mx/,coord_comunicacion@pilares.cdmx.gob.mx,,,,,,,-99.03949,19.32684,http://sic.gob.mx/ficha.php?table=centro_cultural&table_id=3685,2025-06-09 19:24:41-06,SI,PILARES,NO,,Sistema de Información Cultural (SIC)
CENTRO_CULTURAL_3482,3482,CENTRO_CULTURAL,PILARES Central de Abastos,2019-03-21,Gobierno de la Ciudad de México,PUBLICO,EVIDENCIA_INSTITUCIONAL_PUBLICA,,,9,Ciudad de México,7,Iztapalapa,1,Iztapalapa,Canal Río Churubusco s/n,Área Federal Central de Abastos,9040.0,55 5134 0770 ext 1806,https://pilares.cdmx.gob.mx/,coord_comunicacion@pilares.cdmx.gob.mx,,,,,,,-99.09918,19.37372,http://sic.gob.mx/ficha.php?table=centro_cultural&table_id=3482,2024-06-25 11:24:07-06,SI,PILARES,NO,,Sistema de Información Cultural (SIC)
CENTRO_CULTURAL_3808,3808,CENTRO_CULTURAL,Utopía Estrella Huizachtépetl,2024-09-30,Alcaldía Iztapalapa,PUBLICO,EVIDENCIA_INSTITUCIONAL_PUBLICA,,,9,Ciudad de México,7,Iztapalapa,1,Iztapalapa,Av. San Lorenzo 312,Col. San Juan Xalpa,9850.0,"55 5443 9349, 55 5445 1077",https://www.utopiasiztapalapa.com/,talleresculturaiztapalapa@gmail.com,,,,,,,-99.07649,19.33923,http://sic.gob.mx/ficha.php?table=centro_cultural&table_id=3808,2025-01-17 12:39:58-06,NO,,NO,,Sistema de Información Cultural (SIC)
CENTRO_CULTURAL_3760,3760,CENTRO_CULTURAL,PILARES Arcoíris,2019-01-01,Gobierno de la Ciudad de México,PUBLICO,EVIDENCIA_INSTITUCIONAL_PUBLICA,,,9,Ciudad de México,7,Iztapalapa,1,Iztapalapa,Calle Humberto G. Tamayo s/n 1,Humberto G. Tamayo,9208.0,55 5134 0770 ext 1806,https://pilares.cdmx.gob.mx/,coord_comunicacion@pilares.cdmx.gob.mx,,,,,,,-99.04797,19.37773,http://sic.gob.mx/ficha.php?table=centro_cultural&table_id=3760,2025-10-24 17:04:48-06,SI,PILARES,NO,,Sistema de Información Cultural (SIC)
CENTRO_CULTURAL_3687,3687,CENTRO_CULTURAL,PILARES Eduardo Galeano,2022-01-01,Gobierno de la Ciudad de México,PUBLICO,EVIDENCIA_INSTITUCIONAL_PUBLICA,,,9,Ciudad de México,7,Iztapalapa,1,Iztapalapa,Vicente Guerrero esq. Pedro Vélez,Col. Presidentes de México,9740.0,55 5134 0770 ext 1806,https://premioobrascemex.com/pilares-presidentes-de-mexico,coord_comunicacion@pilares.cdmx.gob.mx,,,,,,,-99.05666,19.33234,http://sic.gob.mx/ficha.php?table=centro_cultural&table_id=3687,2025-06-26 16:48:17-06,SI,PILARES,NO,,Sistema de Información Cultural (SIC)
CENTRO_CULTURAL_3603,3603,CENTRO_CULTURAL,PILARES Tierra y Libertad,2021-01-01,Gobierno de la Ciudad de México,PUBLICO,EVIDENCIA_INSTITUCIONAL_PUBLICA,,,9,Ciudad de México,7,Iztapalapa,1,Iztapalapa,Enrique Rambal s/n,Amp. Emiliano Zapata,85880.0,55 5134 0770 ext 1806,https://pilares.cdmx.gob.mx/,coord_comunicacion@pilares.cdmx.gob.mx,,,,,,,-98.97882,19.33853,http://sic.gob.mx/ficha.php?table=centro_cultural&table_id=3603,2025-06-13 18:07:03-06,SI,PILARES,NO,,Sistema de Información Cultural (SIC)
CENTRO_CULTURAL_3798,3798,CENTRO_CULTURAL,Utopía Teotongo,2021-09-14,Alcaldía Iztapalapa,PUBLICO,EVIDENCIA_INSTITUCIONAL_PUBLICA,,,9,Ciudad de México,7,Iztapalapa,1,Iztapalapa,Tetepetongo Mzna. 22,Col. San Miguel Teotongo,9630.0,55 5445 1076,https://utopias.mx/utopia-teotongo-iztapalapa-cdmx-mexico.php,talleresculturaiztapalapa@gmail.com,,,,,,,-98.99337,19.35508,http://sic.gob.mx/ficha.php?table=centro_cultural&table_id=3798,2025-04-16 13:46:56-06,NO,,NO,,Sistema de Información Cultural (SIC)
CENTRO_CULTURAL_3473,3473,CENTRO_CULTURAL,PILARES Acahualtepec,1000-01-01,Gobierno de la Ciudad de México,PUBLICO,EVIDENCIA_INSTITUCIONAL_PUBLICA,,,9,Ciudad de México,7,Iztapalapa,1,Iztapalapa,Calle Colorín s/n,2da Ampliación Santiago Acahualtepec,9609.0,55 5134 0770 ext 1806,https://pilares.cdmx.gob.mx/,coord_comunicacion@pilares.cdmx.gob.mx,,,,,,,-99.00813,19.34604,http://sic.gob.mx/ficha.php?table=centro_cultural&table_id=3473,2024-06-06 14:35:41-06,SI,PILARES,NO,,Sistema de Información Cultural (SIC)
CENTRO_CULTURAL_1045,1045,CENTRO_CULTURAL,Centro Cultural Iztapalapa,1999-09-01,Alcaldía Iztapalapa,PUBLICO,EVIDENCIA_INSTITUCIONAL_PUBLICA,,,9,Ciudad de México,7,Iztapalapa,1,Iztapalapa,Combate de Celaya s/n entre Genaro Estrada y Campaña del Ébano,U.H. Vicente Guerrero,9200.0,55 5445 1191,,promocionculturaliztapalapa@gmail.com,,,,,,,-99.05158,19.35705,http://sic.gob.mx/ficha.php?table=centro_cultural&table_id=1045,2026-04-15 09:29:54-06,NO,,NO,,Sistema de Información Cultural (SIC)
CENTRO_CULTURAL_2759,2759,CENTRO_CULTURAL,Casa de la Cultura y Recreación Sta. Cruz Meyehualco,2011-11-08,"Casa de la Cultura y Recreación Sta. Cruz Meyehualco, A.C.",PRIVADO,EVIDENCIA_INSTITUCIONAL_PRIVADA,,,9,Ciudad de México,7,Iztapalapa,1,Iztapalapa,Calle 55 núm. 47,U. H. Santa Cruz Meyehualco,9700.0,55 5691 5745,,cultura@iztapalapa.gob.mx,,,,,,,-99.04359,19.34656,http://sic.gob.mx/ficha.php?table=centro_cultural&table_id=2759,2023-02-01 03:29:06-06,NO,,NO,,Sistema de Información Cultural (SIC)
CENTRO_CULTURAL_3528,3528,CENTRO_CULTURAL,PILARES Villa Cid,2019-01-01,Gobierno de la Ciudad de México,PUBLICO,EVIDENCIA_INSTITUCIONAL_PUBLICA,,,9,Ciudad de México,7,Iztapalapa,1,Iztapalapa,Villa Cid s/n,Desarrollo Urbano Quetzalcoatl,9700.0,55 5134 0770 ext 1806,https://pilares.cdmx.gob.mx/,coord_comunicacion@pilares.cdmx.gob.mx,,,,,,,-99.04249,19.32168,http://sic.gob.mx/ficha.php?table=centro_cultural&table_id=3528,2025-08-27 18:46:17-06,SI,PILARES,NO,,Sistema de Información Cultural (SIC)
CENTRO_CULTURAL_3576,3576,CENTRO_CULTURAL,PILARES Casa del Pueblo,2019-01-01,Secretaría de Cultura de la Ciudad de México,PUBLICO,EVIDENCIA_INSTITUCIONAL_PUBLICA,,,9,Ciudad de México,7,Iztapalapa,1,Iztapalapa,Calz Gral. Ignacio Zaragoza s/n,Col. Unidad Habitacional Ermita Iztapalapa,9180.0,55 5134 0770 ext 1806,https://pilares.cdmx.gob.mx/,coord_comunicacion@pilares.cdmx.gob.mx,,,,,,,-99.00204,19.364,http://sic.gob.mx/ficha.php?table=centro_cultural&table_id=3576,2025-11-03 18:35:00-06,SI,PILARES,NO,,Sistema de Información Cultural (SIC)
CENTRO_CULTURAL_3562,3562,CENTRO_CULTURAL,PILARES Constitución de 1917,2019-12-18,Gobierno de la Ciudad de México,PUBLICO,EVIDENCIA_INSTITUCIONAL_PUBLICA,,,9,Ciudad de México,7,Iztapalapa,1,Iztapalapa,Ermita Iztapalapa esq. Periférico Ote.,Col. Los Ángeles Apanoaya,9720.0,55 5134 0770 ext 1806,https://pilares.cdmx.gob.mx/,coord_comunicacion@pilares.cdmx.gob.mx,,,,,,,-99.06116,19.34428,http://sic.gob.mx/ficha.php?table=centro_cultural&table_id=3562,2025-10-21 17:11:16-06,SI,PILARES,NO,,Sistema de Información Cultural (SIC)
CENTRO_CULTURAL_3732,3732,CENTRO_CULTURAL,PILARES San Juan Joya,2021-01-01,Gobierno de la Ciudad de México,PUBLICO,EVIDENCIA_INSTITUCIONAL_PUBLICA,,,9,Ciudad de México,7,Iztapalapa,1,Iztapalapa,Agustín de Iturbide esq. José J. Jurado,Col. San Juan Joya,9839.0,55 5134 0770 ext 1806,https://pilares.cdmx.gob.mx/,coord_comunicacion@pilares.cdmx.gob.mx,,,,,,,-99.06724,19.33586,http://sic.gob.mx/ficha.php?table=centro_cultural&table_id=3732,2025-11-12 16:23:17-06,SI,PILARES,NO,,Sistema de Información Cultural (SIC)
CENTRO_CULTURAL_3474,3474,CENTRO_CULTURAL,PILARES Gabriela Mistral,2019-02-24,Secretaría de Cultura de la Ciudad de México,PUBLICO,EVIDENCIA_INSTITUCIONAL_PUBLICA,,,9,Ciudad de México,7,Iztapalapa,1,Iztapalapa,Sur 27,Col. Leyes de Reforma 1ra Secc,9310.0,55 5134 0770 ext 1806,https://pilares.cdmx.gob.mx/,coord_comunicacion@pilares.cdmx.gob.mx,,,,,,,-99.06882,19.35998,http://sic.gob.mx/ficha.php?table=centro_cultural&table_id=3474,2025-09-02 16:00:58-06,SI,PILARES,NO,,Sistema de Información Cultural (SIC)
CENTRO_CULTURAL_3802,3802,CENTRO_CULTURAL,Utopía Olini,2021-11-21,Alcaldía Iztapalapa,PUBLICO,EVIDENCIA_INSTITUCIONAL_PUBLICA,,,9,Ciudad de México,7,Iztapalapa,1,Iztapalapa,Av. Telecomunicaciones s/n (Calz. Ignacio Zaragoza 1715),Col. Chinampac de Juárez,9208.0,55 5445 1077,https://utopias.mx/utopia-olini-iztapalapa-cdmx-mexico.php,talleresculturaiztapalapa@gmail.com,,,,,,,-99.04695,19.38087,http://sic.gob.mx/ficha.php?table=centro_cultural&table_id=3802,2025-01-17 10:40:21-06,NO,,NO,,Sistema de Información Cultural (SIC)
CENTRO_CULTURAL_3683,3683,CENTRO_CULTURAL,PILARES Parque Nacional,1000-01-01,Gobierno de la Ciudad de México,PUBLICO,EVIDENCIA_INSTITUCIONAL_PUBLICA,,,9,Ciudad de México,7,Iztapalapa,1,Iztapalapa,Hermanos Lumiere y Av. Hidalgo,Zona Urbana Ejidal Santa María Tomatlá,9870.0,55 5134 0770 ext 1806,https://pilares.cdmx.gob.mx/,coord_comunicacion@pilares.cdmx.gob.mx,,,,,,,-99.09355,19.33005,http://sic.gob.mx/ficha.php?table=centro_cultural&table_id=3683,2024-06-17 13:41:32-06,SI,PILARES,NO,,Sistema de Información Cultural (SIC)
CENTRO_CULTURAL_3679,3679,CENTRO_CULTURAL,PILARES Leyes de Reforma III Sección 2,2023-01-01,Secretaría de Cultura de la Ciudad de México,PUBLICO,EVIDENCIA_INSTITUCIONAL_PUBLICA,,,9,Ciudad de México,7,Iztapalapa,1,Iztapalapa,Av. Canal del Moral s/n,Col. Chinampac de Juarez,,55 5134 0770 ext 1806,https://pilares.cdmx.gob.mx/,coord_comunicacion@pilares.cdmx.gob.mx,,,,,,,-99.06294,19.37471,http://sic.gob.mx/ficha.php?table=centro_cultural&table_id=3679,2025-10-20 16:52:07-06,SI,PILARES,NO,,Sistema de Información Cultural (SIC)
CENTRO_CULTURAL_3806,3806,CENTRO_CULTURAL,Barco Utopía,2023-04-13,Alcaldía Iztapalapa,PUBLICO,EVIDENCIA_INSTITUCIONAL_PUBLICA,,,9,Ciudad de México,7,Iztapalapa,1,Iztapalapa,Anillo Periférico Oriente esq. Eje 6 Sur,Unidad Habitacional Vicente Guerrero,9200.0,55 5445 1076,https://utopias.mx/utopia-barco-iztapalapa-cdmx-mexico.php,infobarcoutopia@gmail.com;  Hola@UtopiasIztapalapa.com,,,,,,,-99.05717,19.36254,http://sic.gob.mx/ficha.php?table=centro_cultural&table_id=3806,2025-08-14 11:55:34-06,NO,,NO,,Sistema de Información Cultural (SIC)
CENTRO_CULTURAL_2762,2762,CENTRO_CULTURAL,Casa de Cultura  del Barrio de San Antonio,2011-12-02,Alcaldía Iztapalapa,PUBLICO,EVIDENCIA_INSTITUCIONAL_PUBLICA,,,9,Ciudad de México,7,Iztapalapa,1,Iztapalapa,"Deportivo San Lorenzo, Av. de las Torres s/n",Col. San Lorenzo Tezonco,9900.0,55 5859 0560,https://www.facebook.com/casadeculturasanantonio/,ccsanantonio@outlook.com,,,,,,,-99.07428,19.31069,http://sic.gob.mx/ficha.php?table=centro_cultural&table_id=2762,2020-04-20 09:40:17-05,NO,,NO,,Sistema de Información Cultural (SIC)
CENTRO_CULTURAL_3999,3999,CENTRO_CULTURAL,Utopía Acatitla Ciudad de México,2026-07-12,Gobierno de la Ciudad de México/Secretaría de Obras y Servicios de la Ciudad de México/SEBIEN,PUBLICO,EVIDENCIA_INSTITUCIONAL_PUBLICA,,,9,Ciudad de México,7,Iztapalapa,1,Iztapalapa,"Av. Sentimientos de la Nación esq. Generalísimo Morelos (salida del Metro Acatitla, dirección Pantitlán).",La Colmena,9170.0,,,,,,,,,,-99.00455,19.36707,http://sic.gob.mx/ficha.php?table=centro_cultural&table_id=3999,2026-07-15 14:31:51-06,NO,,NO,,Sistema de Información Cultural (SIC)
CENTRO_CULTURAL_3748,3748,CENTRO_CULTURAL,PILARES Central de Abastos-Productores,1000-01-01,Gobierno de la Ciudad de México,PUBLICO,EVIDENCIA_INSTITUCIONAL_PUBLICA,,,9,Ciudad de México,7,Iztapalapa,1,Iztapalapa,Subasta y Productores s/n,CEDA,9040.0,55 5134 0770 ext 1806,https://pilares.cdmx.gob.mx/,coord_comunicacion@pilares.cdmx.gob.mx,,,,,,,-99.0886,19.37016,http://sic.gob.mx/ficha.php?table=centro_cultural&table_id=3748,2024-06-14 10:53:35-06,SI,PILARES,NO,,Sistema de Información Cultural (SIC)
CENTRO_CULTURAL_3855,3855,CENTRO_CULTURAL,Utopía Ixtapalcalli Quetzalcoatl,2024-07-17,Alcaldía Iztapalapa,PUBLICO,EVIDENCIA_INSTITUCIONAL_PUBLICA,,,9,Ciudad de México,7,Iztapalapa,1,Iztapalapa,Av. Ermita Iztapalapa 1385,Barrio San Pablo,9000.0,55 5445 1076,https://utopias.mx/utopia-ixtapalcalli-iztapalapa-cdmx-mexico.php,,,,,,,,-99.08974,19.36475,http://sic.gob.mx/ficha.php?table=centro_cultural&table_id=3855,2025-04-03 14:18:16-06,NO,,NO,,Sistema de Información Cultural (SIC)
CENTRO_CULTURAL_3574,3574,CENTRO_CULTURAL,PILARES Tepalcates,1000-01-01,Secretaría de Cultura de la Ciudad de México,PUBLICO,EVIDENCIA_INSTITUCIONAL_PUBLICA,,,9,Ciudad de México,7,Iztapalapa,1,Iztapalapa,Primavera 52,Col. Tepalcates,9210.0,55 5134 0770 ext 1806,https://pilares.cdmx.gob.mx/,coord_comunicacion@pilares.cdmx.gob.mx,,,,,,,-99.0555,19.39291,http://sic.gob.mx/ficha.php?table=centro_cultural&table_id=3574,2024-06-11 11:21:50-06,SI,PILARES,NO,,Sistema de Información Cultural (SIC)
CENTRO_CULTURAL_3638,3638,CENTRO_CULTURAL,PILARES Reforma Política,1000-01-01,Gobierno de la Ciudad de México,PUBLICO,EVIDENCIA_INSTITUCIONAL_PUBLICA,,,9,Ciudad de México,7,Iztapalapa,1,Iztapalapa,Eje 8 Sur Calz. Ermita Iztapalapa s/n,Reforma Política,9730.0,55 5134 0770 ext 1806,https://pilares.cdmx.gob.mx/,coord_comunicacion@pilares.cdmx.gob.mx,,,,,,,-99.03173,19.34384,http://sic.gob.mx/ficha.php?table=centro_cultural&table_id=3638,2024-06-19 13:53:03-06,SI,PILARES,NO,,Sistema de Información Cultural (SIC)
CENTRO_CULTURAL_3553,3553,CENTRO_CULTURAL,PILARES Lomas de  Zaragoza,1000-01-01,Gobierno de la Ciudad de México,PUBLICO,EVIDENCIA_INSTITUCIONAL_PUBLICA,,,9,Ciudad de México,7,Iztapalapa,1,Iztapalapa,Calz. Ermita Iztapalapa y Calz. Ignacio Zaragoza,Lomas de Zaragoza,9510.0,55 5134 0770 ext 1806,https://pilares.cdmx.gob.mx/,coord_comunicacion@pilares.cdmx.gob.mx,,,,,,,-98.99993,19.35849,http://sic.gob.mx/ficha.php?table=centro_cultural&table_id=3553,2024-06-13 14:09:04-06,SI,PILARES,NO,,Sistema de Información Cultural (SIC)
CENTRO_CULTURAL_1043,1043,CENTRO_CULTURAL,Casa de Cultura Solidaridad,1000-01-01,,NO_DETERMINADO,SIN_ADSCRIPCION,,,9,Ciudad de México,7,Iztapalapa,1,Iztapalapa,Año de Juárez 157 casa 43,Col. Granjas San Antonio,9070.0,,,,,,,,,,-99.10763,19.36153,http://sic.gob.mx/ficha.php?table=centro_cultural&table_id=1043,2020-04-20 09:56:09-05,NO,,SI,No existe adscripción disponible para determinar el tipo de gestión.,Sistema de Información Cultural (SIC)
CENTRO_CULTURAL_3481,3481,CENTRO_CULTURAL,PILARES Cooperemos Pueblo,1000-01-01,Secretaría de Cultura de la Ciudad de México,PUBLICO,EVIDENCIA_INSTITUCIONAL_PUBLICA,,,9,Ciudad de México,7,Iztapalapa,1,Iztapalapa,Cuitláhuac s/n,Col. Santa Cruz Meyehualco (Pueblo),9700.0,55 5134 0770 ext 1806,https://pilares.cdmx.gob.mx/,coord_comunicacion@pilares.cdmx.gob.mx,,,,,,,-99.04082,19.34133,http://sic.gob.mx/ficha.php?table=centro_cultural&table_id=3481,2024-06-11 09:09:35-06,SI,PILARES,NO,,Sistema de Información Cultural (SIC)
CENTRO_CULTURAL_3690,3690,CENTRO_CULTURAL,PILARES Quetzalcóatl,2019-01-01,Gobierno de la Ciudad de México,PUBLICO,EVIDENCIA_INSTITUCIONAL_PUBLICA,,,9,Ciudad de México,7,Iztapalapa,1,Iztapalapa,Ursulo Galván 22,Desarrollo Urbano Quetzalcóatl,9700.0,55 5134 0770 ext 1806,https://pilares.cdmx.gob.mx/,coord_comunicacion@pilares.cdmx.gob.mx,,,,,,,-99.0463,19.33719,http://sic.gob.mx/ficha.php?table=centro_cultural&table_id=3690,2025-07-07 18:02:02-06,SI,PILARES,NO,,Sistema de Información Cultural (SIC)
CENTRO_CULTURAL_3539,3539,CENTRO_CULTURAL,PILARES Cerro Azúl,1000-01-01,Secretaría de Cultura de la Ciudad de México,PUBLICO,EVIDENCIA_INSTITUCIONAL_PUBLICA,,,9,Ciudad de México,7,Iztapalapa,1,Iztapalapa,Cerro Azul 95,Col. Buenavista,9700.0,55 5134 0770 ext 1806,https://pilares.cdmx.gob.mx/,coord_comunicacion@pilares.cdmx.gob.mx,,,,,,,-99.0278,19.32599,http://sic.gob.mx/ficha.php?table=centro_cultural&table_id=3539,2024-06-11 11:59:01-06,SI,PILARES,NO,,Sistema de Información Cultural (SIC)
CENTRO_CULTURAL_3729,3729,CENTRO_CULTURAL,PILARES Parque Cuitláhuac,1000-01-01,Secretaría de Cultura de la Ciudad de México,PUBLICO,EVIDENCIA_INSTITUCIONAL_PUBLICA,,,9,Ciudad de México,7,Iztapalapa,1,Iztapalapa,Av. Genaro Estrada,Col. Vicente Guerrero,,55 5134 0770 ext 1806,https://pilares.cdmx.gob.mx/,coord_comunicacion@pilares.cdmx.gob.mx,,,,,,,-99.048,19.36409,http://sic.gob.mx/ficha.php?table=centro_cultural&table_id=3729,2024-06-11 11:53:39-06,SI,PILARES,NO,,Sistema de Información Cultural (SIC)
CENTRO_CULTURAL_3488,3488,CENTRO_CULTURAL,PILARES Facundo Cabral,2019-05-24,Gobierno de la Ciudad de México,PUBLICO,EVIDENCIA_INSTITUCIONAL_PUBLICA,,,9,Ciudad de México,7,Iztapalapa,1,Iztapalapa,Moctezuma s/n,Ampliación Los Reyes Culhuacán,9849.0,55 5134 0770 ext 1806,https://pilares.cdmx.gob.mx/,coord_comunicacion@pilares.cdmx.gob.mx,,,,,,,-99.10243,19.34361,http://sic.gob.mx/ficha.php?table=centro_cultural&table_id=3488,2025-09-10 17:22:24-06,SI,PILARES,NO,,Sistema de Información Cultural (SIC)
CENTRO_CULTURAL_3514,3514,CENTRO_CULTURAL,PILARES San Miguel Teotongo,2019-08-24,Secretaría de Cultura de la Ciudad de México,PUBLICO,EVIDENCIA_INSTITUCIONAL_PUBLICA,,,9,Ciudad de México,7,Iztapalapa,1,Iztapalapa,Av del Paraiso,Col. San Miguel Teotongo,9630.0,55 5134 0770 ext 1806,https://pilares.cdmx.gob.mx/,coord_comunicacion@pilares.cdmx.gob.mx,,,,,,,-98.99277,19.34014,http://sic.gob.mx/ficha.php?table=centro_cultural&table_id=3514,2025-07-01 18:24:44-06,SI,PILARES,NO,,Sistema de Información Cultural (SIC)
CENTRO_CULTURAL_3749,3749,CENTRO_CULTURAL,PILARES Álvaro Obregón,1000-01-01,Secretaría de Cultura de la Ciudad de México,PUBLICO,EVIDENCIA_INSTITUCIONAL_PUBLICA,,,9,Ciudad de México,7,Iztapalapa,1,Iztapalapa,Francisco T. Contreras,Col. Obregón,9230.0,55 5134 0770 ext 1806,https://pilares.cdmx.gob.mx/,coord_comunicacion@pilares.cdmx.gob.mx,,,,,,,-99.03627,19.37176,http://sic.gob.mx/ficha.php?table=centro_cultural&table_id=3749,2024-06-11 11:55:21-06,SI,PILARES,NO,,Sistema de Información Cultural (SIC)
CENTRO_CULTURAL_3577,3577,CENTRO_CULTURAL,PILARES Bambú,1000-01-01,Gobierno de la Ciudad de México,PUBLICO,EVIDENCIA_INSTITUCIONAL_PUBLICA,,,9,Ciudad de México,7,Iztapalapa,1,Iztapalapa,Calle Uno esq. Lázaro Cárdenas,Col. Lomas de la Estancia,9640.0,55 5134 0770 ext 1806,https://pilares.cdmx.gob.mx/,coord_comunicacion@pilares.cdmx.gob.mx,,,,,,,-99.00537,19.34031,http://sic.gob.mx/ficha.php?table=centro_cultural&table_id=3577,2024-06-26 08:19:20-06,SI,PILARES,NO,,Sistema de Información Cultural (SIC)
CENTRO_CULTURAL_3750,3750,CENTRO_CULTURAL,PILARES Los Ángeles,1000-01-01,Gobierno de la Ciudad de México,PUBLICO,EVIDENCIA_INSTITUCIONAL_PUBLICA,,,9,Ciudad de México,7,Iztapalapa,1,Iztapalapa,Calz. Ermita Iztapalapa 2325,Col. Los Ángeles,9830.0,55 5134 0770 ext 1806,https://pilares.cdmx.gob.mx/,coord_comunicacion@pilares.cdmx.gob.mx,,,,,,,-99.06605,19.34663,http://sic.gob.mx/ficha.php?table=centro_cultural&table_id=3750,2024-06-13 13:52:21-06,SI,PILARES,NO,,Sistema de Información Cultural (SIC)
CENTRO_CULTURAL_3680,3680,CENTRO_CULTURAL,PILARES Calmecac,2021-01-01,Gobierno de la Ciudad de México,PUBLICO,EVIDENCIA_INSTITUCIONAL_PUBLICA,,,9,Ciudad de México,7,Iztapalapa,1,Iztapalapa,Av. Valle de México s/n,Col. Miravalles,9696.0,55 5134 0770 ext 1806,https://pilares.cdmx.gob.mx/pilares/1718/calmecac,coord_comunicacion@pilares.cdmx.gob.mx,,,,,,,-98.99702,19.33417,http://sic.gob.mx/ficha.php?table=centro_cultural&table_id=3680,2025-09-10 17:58:35-06,SI,PILARES,NO,,Sistema de Información Cultural (SIC)
CENTRO_CULTURAL_3601,3601,CENTRO_CULTURAL,PILARES Ixtlahuacán,1000-01-01,Secretaría de Cultura de la Ciudad de México,PUBLICO,EVIDENCIA_INSTITUCIONAL_PUBLICA,,,9,Ciudad de México,7,Iztapalapa,1,Iztapalapa,Av. Lázaro Cárdenas 1,Col. Iztlahuacán,9690.0,55 5134 0770 ext 1806,https://pilares.cdmx.gob.mx/,coord_comunicacion@pilares.cdmx.gob.mx,,,,,,,-98.99626,19.34236,http://sic.gob.mx/ficha.php?table=centro_cultural&table_id=3601,2024-06-07 08:48:25-06,SI,PILARES,NO,,Sistema de Información Cultural (SIC)
CENTRO_CULTURAL_3530,3530,CENTRO_CULTURAL,PILARES Yautlica,1000-01-01,Gobierno de la Ciudad de México,PUBLICO,EVIDENCIA_INSTITUCIONAL_PUBLICA,,,9,Ciudad de México,7,Iztapalapa,1,Iztapalapa,Av. de las Torres,Col. Ampliación Emiliano Zapata,9637.0,55 5134 0770 ext 1806,https://pilares.cdmx.gob.mx/,coord_comunicacion@pilares.cdmx.gob.mx,,,,,,,-98.98395,19.33315,http://sic.gob.mx/ficha.php?table=centro_cultural&table_id=3530,2024-06-11 14:33:48-06,SI,PILARES,NO,,Sistema de Información Cultural (SIC)
CENTRO_CULTURAL_3550,3550,CENTRO_CULTURAL,PILARES Emilio Rosas,1000-01-01,Gobierno de la Ciudad de México,PUBLICO,EVIDENCIA_INSTITUCIONAL_PUBLICA,,,9,Ciudad de México,7,Iztapalapa,1,Iztapalapa,Segunda Cerrada de Emilio Rosas 38,Unidad Habitacional Vicente Guerrero,9200.0,55 5134 0770 ext 1806,https://pilares.cdmx.gob.mx/,coord_comunicacion@pilares.cdmx.gob.mx,,,,,,,-99.05634,19.35275,http://sic.gob.mx/ficha.php?table=centro_cultural&table_id=3550,2024-06-20 14:46:03-06,SI,PILARES,NO,,Sistema de Información Cultural (SIC)
CENTRO_CULTURAL_3731,3731,CENTRO_CULTURAL,PILARES Lomas de San Lorenzo,1000-01-01,Secretaría de Cultura de la Ciudad de México,PUBLICO,EVIDENCIA_INSTITUCIONAL_PUBLICA,,,9,Ciudad de México,7,Iztapalapa,1,Iztapalapa,Av. Prol. Reforma s/n,Col. Lomas de San Lorenzo,,55 5134 0770 ext 1806,https://pilares.cdmx.gob.mx/,coord_comunicacion@pilares.cdmx.gob.mx,,,,,,,-99.06539,19.32101,http://sic.gob.mx/ficha.php?table=centro_cultural&table_id=3731,2024-06-11 08:15:16-06,SI,PILARES,NO,,Sistema de Información Cultural (SIC)
CENTRO_CULTURAL_2763,2763,CENTRO_CULTURAL,Casa de Cultura Tlapacaloyan,2010-08-10,Alcaldía Iztapalapa,PUBLICO,EVIDENCIA_INSTITUCIONAL_PUBLICA,,,9,Ciudad de México,7,Iztapalapa,1,Iztapalapa,Cda. de Morelos s/n casi esq. Allende,Barrio San Pedro,9000.0,55 4801 9348,https://culturaiztapalapa.wordpress.com/2012/09/25/casa-de-cultura-y-lavaderos-comunitarios-san-pedro/,karenrayaz@gmail.com,,,,,,,-99.08569,19.36247,http://sic.gob.mx/ficha.php?table=centro_cultural&table_id=2763,2026-04-14 11:31:26-06,NO,,NO,,Sistema de Información Cultural (SIC)
CENTRO_CULTURAL_3536,3536,CENTRO_CULTURAL,PILARES Escuadrón 201,1000-01-01,Secretaría de Cultura de la Ciudad de México,PUBLICO,EVIDENCIA_INSTITUCIONAL_PUBLICA,,,9,Ciudad de México,7,Iztapalapa,1,Iztapalapa,Eje 3 Ote. s/n esq. Cto. Int. Río Churubusco,Col. Escuadrón 201,9410.0,55 5134 0770 ext 1806,https://pilares.cdmx.gob.mx/,coord_comunicacion@pilares.cdmx.gob.mx,,,,,,,-99.10804,19.36998,http://sic.gob.mx/ficha.php?table=centro_cultural&table_id=3536,2024-06-13 08:12:40-06,SI,PILARES,NO,,Sistema de Información Cultural (SIC)
CENTRO_CULTURAL_1683,1683,CENTRO_CULTURAL,Centro Cultural Multidisciplinario El Casetón,2003-03-04,Alcaldía Iztapalapa,PUBLICO,EVIDENCIA_INSTITUCIONAL_PUBLICA,,,9,Ciudad de México,7,Iztapalapa,1,Iztapalapa,Coronel S. Elías González s/n,Col. Juan Escutia,9100.0,55 2235 0870,,promocionculturaliztapalapa@gmail.com,,,,,,,-99.05379,19.39857,http://sic.gob.mx/ficha.php?table=centro_cultural&table_id=1683,2021-10-15 08:51:30-05,NO,,NO,,Sistema de Información Cultural (SIC)
CENTRO_CULTURAL_3361,3361,CENTRO_CULTURAL,Centro Cultural Acatitlan,2012-02-03,Alcaldía Iztapalapa,PUBLICO,EVIDENCIA_INSTITUCIONAL_PUBLICA,,,9,Ciudad de México,7,Iztapalapa,1,Iztapalapa,Benito Juárez s/n esq. Gabriel Tepepan,Pueblo Santa Martha Acatitla,,,https://www.facebook.com/Centro-Cultural-Acatitlan-1248103391941666,centro.cultural.acatitlan@gmail.com,,,,,,,-99.00984,19.36309,http://sic.gob.mx/ficha.php?table=centro_cultural&table_id=3361,2021-10-15 08:52:05-05,NO,,NO,,Sistema de Información Cultural (SIC)
CENTRO_CULTURAL_3364,3364,CENTRO_CULTURAL,Cultura Urbana del Barrio Organizado (CUBO),2012-12-17,Alcaldía Iztapalapa,PUBLICO,EVIDENCIA_INSTITUCIONAL_PUBLICA,,,9,Ciudad de México,7,Iztapalapa,1,Iztapalapa,Totli 40,Col. El Paraíso,9230.0,55 4565 8976,,promocionculturaliztapalapa@gmail.com,,,,,,,-99.02893,19.37536,http://sic.gob.mx/ficha.php?table=centro_cultural&table_id=3364,2026-04-15 09:20:14-06,NO,,NO,,Sistema de Información Cultural (SIC)
CENTRO_CULTURAL_3795,3795,CENTRO_CULTURAL,Utopía Libertad,2023-02-26,Alcaldía Iztapalapa,PUBLICO,EVIDENCIA_INSTITUCIONAL_PUBLICA,,,9,Ciudad de México,7,Iztapalapa,1,Iztapalapa,Río Nilo y Av. Reforma,Col. Lomas de San Lorenzo,9780.0,55 5445 1076,https://utopias.mx/utopia-libertad-iztapalapa-cdmx-mexico.php,talleresculturaiztapalapa@gmail.com,,,,,,,-99.06542,19.32501,http://sic.gob.mx/ficha.php?table=centro_cultural&table_id=3795,2025-02-25 14:40:32-06,NO,,NO,,Sistema de Información Cultural (SIC)
CENTRO_CULTURAL_3860,3860,CENTRO_CULTURAL,Quiosco de Música Kithara,2022-01-01,Fundación Kithara,PRIVADO,EVIDENCIA_INSTITUCIONAL_PRIVADA,,,9,Ciudad de México,7,Iztapalapa,1,Iztapalapa,Roque Dalton esq. Miguel Rodríguez,Predio Yuguelito,9790.0,,,,,,,,,,-99.04764,19.31567,http://sic.gob.mx/ficha.php?table=centro_cultural&table_id=3860,2025-02-10 17:36:34-06,NO,,NO,,Sistema de Información Cultural (SIC)
CENTRO_CULTURAL_1026,1026,CENTRO_CULTURAL,Centro Cultural Vicente Lombardo Toledano,1994-05-27,"Centro Cultural Vicente Lombardo Toledano, A.C.",PRIVADO,EVIDENCIA_INSTITUCIONAL_PRIVADA,,,9,Ciudad de México,7,Iztapalapa,1,Iztapalapa,Eje 6 s/n esq. 2da de Jacinto Huitrón,Unidad Habitacional Vicente Guerrero,9200.0,55 5691 0365,,,,,,,,,-99.0538,19.36254,http://sic.gob.mx/ficha.php?table=centro_cultural&table_id=1026,2020-04-20 03:40:09-05,NO,,NO,,Sistema de Información Cultural (SIC)
CENTRO_CULTURAL_3635,3635,CENTRO_CULTURAL,PILARES El Molino,1000-01-01,Gobierno de la Ciudad de México,PUBLICO,EVIDENCIA_INSTITUCIONAL_PUBLICA,,,9,Ciudad de México,7,Iztapalapa,1,Iztapalapa,Calle Piraña esq. Derechos Democráticos s/n,La Planta,9960.0,55 5134 0770 ext 1806,https://pilares.cdmx.gob.mx/,coord_comunicacion@pilares.cdmx.gob.mx,,,,,,,-99.06244,19.29213,http://sic.gob.mx/ficha.php?table=centro_cultural&table_id=3635,2024-06-10 13:54:14-06,SI,PILARES,NO,,Sistema de Información Cultural (SIC)
CENTRO_CULTURAL_3513,3513,CENTRO_CULTURAL,PILARES Palmitas,1000-01-01,Gobierno de la Ciudad de México,PUBLICO,EVIDENCIA_INSTITUCIONAL_PUBLICA,,,9,Ciudad de México,7,Iztapalapa,1,Iztapalapa,Nativitas s/n,Palmitas,9670.0,55 5134 0770 ext 1806,https://pilares.cdmx.gob.mx/,coord_comunicacion@pilares.cdmx.gob.mx,,,,,,,-99.02607,19.33896,http://sic.gob.mx/ficha.php?table=centro_cultural&table_id=3513,2024-06-10 14:24:16-06,SI,PILARES,NO,,Sistema de Información Cultural (SIC)
CENTRO_CULTURAL_3796,3796,CENTRO_CULTURAL,Utopía Papalotl,2021-11-10,Alcaldía Iztapalapa,PUBLICO,EVIDENCIA_INSTITUCIONAL_PUBLICA,,,9,Ciudad de México,7,Iztapalapa,1,Iztapalapa,3er Retorno Reforma Económica 52 (La Ford),Col. Reforma Política,9730.0,55 5445 1076,https://www.utopiasiztapalapa.com/utopia-papalotl-iztapalapa-cdmx-mexico.php,utopiapapalotl@gmail.com,,,,,,,-99.03217,19.34254,http://sic.gob.mx/ficha.php?table=centro_cultural&table_id=3796,2025-01-20 11:11:39-06,NO,,NO,,Sistema de Información Cultural (SIC)
CENTRO_CULTURAL_2757,2757,CENTRO_CULTURAL,Centro Cultural Acahualtepec,2011-08-19,Gobierno de la Ciudad de México,PUBLICO,EVIDENCIA_INSTITUCIONAL_PUBLICA,,,9,Ciudad de México,7,Iztapalapa,1,Iztapalapa,Oro s/n,Col. Segunda Ampl. Santiago Acahualtepec,9609.0,(55) 1719 3000 ext. 1444,,cultura@iztapalapa.gob.mx,,,,,,,-99.00816,19.34636,http://sic.gob.mx/ficha.php?table=centro_cultural&table_id=2757,2020-04-20 14:36:21-05,NO,,NO,,Sistema de Información Cultural (SIC)
CENTRO_CULTURAL_3602,3602,CENTRO_CULTURAL,PILARES República Federal,1000-01-01,Gobierno de la Ciudad de México,PUBLICO,EVIDENCIA_INSTITUCIONAL_PUBLICA,,,9,Ciudad de México,7,Iztapalapa,1,Iztapalapa,Luis García 151,Zona Urbana Ejidal Santa Martha Acatitla Sur,9530.0,55 5134 0770 ext 1806,https://pilares.cdmx.gob.mx/,coord_comunicacion@pilares.cdmx.gob.mx,,,,,,,-99.01638,19.37106,http://sic.gob.mx/ficha.php?table=centro_cultural&table_id=3602,2024-06-24 14:15:20-06,SI,PILARES,NO,,Sistema de Información Cultural (SIC)
CENTRO_CULTURAL_3686,3686,CENTRO_CULTURAL,PILARES Lomas de la Estancia,1000-01-01,Secretaría de Cultura de la Ciudad de México,PUBLICO,EVIDENCIA_INSTITUCIONAL_PUBLICA,,,9,Ciudad de México,7,Iztapalapa,1,Iztapalapa,Cam. a las Minas s/n,Col. Lomas de la Estancia,9609.0,55 5134 0770 ext 1806,https://pilares.cdmx.gob.mx/,coord_comunicacion@pilares.cdmx.gob.mx,,,,,,,-99.00747,19.3405,http://sic.gob.mx/ficha.php?table=centro_cultural&table_id=3686,2024-06-06 11:36:07-06,SI,PILARES,NO,,Sistema de Información Cultural (SIC)
CENTRO_CULTURAL_3809,3809,CENTRO_CULTURAL,Utopía de las Mujeres Cihuacoatl,2024-09-12,Alcaldía Iztapalapa,PUBLICO,EVIDENCIA_INSTITUCIONAL_PUBLICA,,,9,Ciudad de México,7,Iztapalapa,1,Iztapalapa,La Purísima 230 entre Calle 10 y Calle 12,Col. Leyes de Reforma 1ra Secc.,9310.0,55 5443 9349,https://www.utopiasiztapalapa.com/,talleresculturaiztapalapa@gmail.com,,,,,,,-99.07081,19.3636,http://sic.gob.mx/ficha.php?table=centro_cultural&table_id=3809,2025-01-17 14:00:04-06,NO,,NO,,Sistema de Información Cultural (SIC)
CENTRO_CULTURAL_3489,3489,CENTRO_CULTURAL,PILARES Cerro de La Estrella,2019-05-24,Secretaría de Cultura de la Ciudad de México,PUBLICO,EVIDENCIA_INSTITUCIONAL_PUBLICA,,,9,Ciudad de México,7,Iztapalapa,1,Iztapalapa,Chocolín 24,Col. San Juan Cerro,9839.0,55 5134 0770 ext 1806,https://pilares.cdmx.gob.mx/,coord_comunicacion@pilares.cdmx.gob.mx,,,,,,,-99.08152,19.34544,http://sic.gob.mx/ficha.php?table=centro_cultural&table_id=3489,2025-06-02 19:09:24-06,SI,PILARES,NO,,Sistema de Información Cultural (SIC)
CENTRO_CULTURAL_3677,3677,CENTRO_CULTURAL,PILARES Apatlaco,1000-01-01,Gobierno de la Ciudad de México,PUBLICO,EVIDENCIA_INSTITUCIONAL_PUBLICA,,,9,Ciudad de México,7,Iztapalapa,1,Iztapalapa,Av. Canal Apatlaco 227 esq. Felipe Ángeles,Col. Apatlaco,9430.0,55 5134 0770 ext 1806,https://pilares.cdmx.gob.mx/,coord_comunicacion@pilares.cdmx.gob.mx,,,,,,,-99.115,19.38147,http://sic.gob.mx/ficha.php?table=centro_cultural&table_id=3677,2024-06-12 12:52:57-06,SI,PILARES,NO,,Sistema de Información Cultural (SIC)
CENTRO_CULTURAL_3799,3799,CENTRO_CULTURAL,Utopía Quetzalcoatl,2021-12-19,Alcaldía Iztapalapa,PUBLICO,EVIDENCIA_INSTITUCIONAL_PUBLICA,,,9,Ciudad de México,7,Iztapalapa,1,Iztapalapa,Manuel Cañas 2864,Col. Desarrollo Urbano Quetzalcóatl,9700.0,55 5445 1076,https://utopias.mx/utopia-quetzalcoatl-iztapalapa-cdmx-mexico.php,Hola@UtopiasIztapalapa.com,,,,,,,-99.0431,19.32727,http://sic.gob.mx/ficha.php?table=centro_cultural&table_id=3799,2025-01-16 11:58:08-06,NO,,NO,,Sistema de Información Cultural (SIC)
CENTRO_CULTURAL_3800,3800,CENTRO_CULTURAL,Utopía Tezontli,2021-03-07,Alcaldía Iztapalapa,PUBLICO,EVIDENCIA_INSTITUCIONAL_PUBLICA,,,9,Ciudad de México,7,Iztapalapa,1,Iztapalapa,Miguel Lerdo de Tejada 32,Barrio San Antonio. Pueblo de San Lorenzo Tezonco,9900.0,55 5206 1022,https://utopias.mx/utopia-tezontli-iztapalapa-cdmx-mexico.php,talleresculturaiztapalapa@gmail.com,,,,,,,-99.07367,19.31022,http://sic.gob.mx/ficha.php?table=centro_cultural&table_id=3800,2025-01-16 18:27:11-06,NO,,NO,,Sistema de Información Cultural (SIC)
CENTRO_CULTURAL_3803,3803,CENTRO_CULTURAL,Utopía Atzintli,2021-10-24,Alcaldía Iztapalapa,PUBLICO,EVIDENCIA_INSTITUCIONAL_PUBLICA,,,9,Ciudad de México,7,Iztapalapa,1,Iztapalapa,Av. Paraíso s/n esq. Av. Ermita Iztapalapa,Col. Xalpa La Quebradora,9640.0,55 5445 1076,https://utopias.mx/utopia-atzintli-iztapalapa-cdmx-mexico.php,talleresculturaiztapalapa@gmail.com,,,,,,,-99.01945,19.34488,http://sic.gob.mx/ficha.php?table=centro_cultural&table_id=3803,2025-04-16 12:34:33-06,NO,,NO,,Sistema de Información Cultural (SIC)
CENTRO_CULTURAL_3586,3586,CENTRO_CULTURAL,PILARES Carlota Botey,2021-09-10,Secretaría de Cultura de la Ciudad de México,PUBLICO,EVIDENCIA_INSTITUCIONAL_PUBLICA,,,9,Ciudad de México,7,Iztapalapa,1,Iztapalapa,Verbena s/n,Col. Los Ángeles,9830.0,55 5134 0770 ext 1806,https://pilares.cdmx.gob.mx/,pilarescarlotabotey@gmail.com,,,,,,,-99.06631,19.34103,http://sic.gob.mx/ficha.php?table=centro_cultural&table_id=3586,2025-11-25 16:44:46-06,SI,PILARES,NO,,Sistema de Información Cultural (SIC)
CENTRO_CULTURAL_1017,1017,CENTRO_CULTURAL,Fábrica de Artes y Oficios (FARO) de Oriente,2000-06-24,Secretaría de Cultura de la Ciudad de México/Dirección General de Vinculación Cultural Comunitaria/Red de Faros,PUBLICO,EVIDENCIA_INSTITUCIONAL_PUBLICA,,,9,Ciudad de México,7,Iztapalapa,1,Iztapalapa,Calz. Ignacio Zaragoza s/n,Col. Fuentes de Zaragoza,9150.0,55 5738 8209,https://www.cultura.cdmx.gob.mx/recintos/faro-oriente,cdifusion.farodeoriente@gmail.com; culturacomunitariaweb@gmail.com,,,,,,,-99.01009,19.36994,http://sic.gob.mx/ficha.php?table=centro_cultural&table_id=1017,2026-08-03 12:39:25-06,NO,,NO,,Sistema de Información Cultural (SIC)
CENTRO_CULTURAL_3733,3733,CENTRO_CULTURAL,PILARES Vicente Guerrero,1000-01-01,Gobierno de la Ciudad de México,PUBLICO,EVIDENCIA_INSTITUCIONAL_PUBLICA,,,9,Ciudad de México,7,Iztapalapa,1,Iztapalapa,Anillo Periférico Canal de San Juan s/n,Unidad Vicente Guerrero,9200.0,55 5134 0770 ext 1806,https://pilares.cdmx.gob.mx/,coord_comunicacion@pilares.cdmx.gob.mx,,,,,,,-99.05911,19.35488,http://sic.gob.mx/ficha.php?table=centro_cultural&table_id=3733,2024-06-18 13:34:21-06,SI,PILARES,NO,,Sistema de Información Cultural (SIC)
CENTRO_CULTURAL_3730,3730,CENTRO_CULTURAL,PILARES Ejército Constitucionalista,2021-12-01,Gobierno de la Ciudad de México,PUBLICO,EVIDENCIA_INSTITUCIONAL_PUBLICA,,,9,Ciudad de México,7,Iztapalapa,1,Iztapalapa,Cda. de Narcisos,Col. Lomas de San Lorenzo,9220.0,55 5134 0770 ext 1806,https://pilares.cdmx.gob.mx/pilares/1768/ejercito-constitucionalista,coord_comunicacion@pilares.cdmx.gob.mx,,,,,,,-99.05729,19.38665,http://sic.gob.mx/ficha.php?table=centro_cultural&table_id=3730,2025-11-25 16:54:56-06,SI,PILARES,NO,,Sistema de Información Cultural (SIC)
CENTRO_CULTURAL_3515,3515,CENTRO_CULTURAL,PILARES Renovación,2019-08-21,Gobierno de la Ciudad de México,PUBLICO,EVIDENCIA_INSTITUCIONAL_PUBLICA,,,9,Ciudad de México,7,Iztapalapa,1,Iztapalapa,Avenida 9 s/n entre Calle 4 y Calle 5,Col. Renovación,9209.0,55 5134 0770 ext 1806,https://pilares.cdmx.gob.mx/pilares/1553/renovacion,coord_comunicacion@pilares.cdmx.gob.mx,,,,,,,-99.04697,19.36948,http://sic.gob.mx/ficha.php?table=centro_cultural&table_id=3515,2024-06-21 13:09:22-06,SI,PILARES,NO,,Sistema de Información Cultural (SIC)
CENTRO_CULTURAL_3804,3804,CENTRO_CULTURAL,Utopía Tecoloxtitlan,2021-03-21,Alcaldía Iztapalapa,PUBLICO,EVIDENCIA_INSTITUCIONAL_PUBLICA,,,9,Ciudad de México,7,Iztapalapa,1,Iztapalapa,Colima esq. Av. Yucatán,Pueblo San Sebastián Tecoloxtitlán,9520.0,55 5445 1076,https://utopias.mx/utopia-tecoloxtitlan-iztapalapa-cdmx-mexico.php,talleresculturaiztapalapa@gmail.com,,,,,,,-99.02043,19.36202,http://sic.gob.mx/ficha.php?table=centro_cultural&table_id=3804,2025-01-17 15:36:13-06,NO,,NO,,Sistema de Información Cultural (SIC)
CENTRO_CULTURAL_3678,3678,CENTRO_CULTURAL,PILARES Santa María Aztahuacán II,1000-01-01,Gobierno de la Ciudad de México,PUBLICO,EVIDENCIA_INSTITUCIONAL_PUBLICA,,,9,Ciudad de México,7,Iztapalapa,1,Iztapalapa,Aquiles Serdán s/n,Santa Maria Aztahuacan,9570.0,55 5134 0770 ext 1806,https://pilares.cdmx.gob.mx/,coord_comunicacion@pilares.cdmx.gob.mx,,,,,,,-99.0355,19.35385,http://sic.gob.mx/ficha.php?table=centro_cultural&table_id=3678,2024-06-06 13:24:08-06,SI,PILARES,NO,,Sistema de Información Cultural (SIC)
CENTRO_CULTURAL_2756,2756,CENTRO_CULTURAL,Centro Cultural Barrio Democrático,2012-06-09,Alcaldía Iztapalapa,PUBLICO,EVIDENCIA_INSTITUCIONAL_PUBLICA,,,9,Ciudad de México,7,Iztapalapa,1,Iztapalapa,Veracruz 102,Col. San Miguel Teotongo Sección Guadalupe,9630.0,561387 0404,,ruizgerardo639@gmail.com,,,,,,,-98.98309,19.33972,http://sic.gob.mx/ficha.php?table=centro_cultural&table_id=2756,2026-04-14 11:35:25-06,NO,,NO,,Sistema de Información Cultural (SIC)
CENTRO_CULTURAL_3689,3689,CENTRO_CULTURAL,PILARES San Lorenzo Tezonco,1000-01-01,Secretaría de Cultura de la Ciudad de México,PUBLICO,EVIDENCIA_INSTITUCIONAL_PUBLICA,,,9,Ciudad de México,7,Iztapalapa,1,Iztapalapa,Av. Tlahuac Calz. México-Tuyehualco,Col. San Lorenzo Tezonco,9790.0,55 5134 0770 ext 1806,https://pilares.cdmx.gob.mx/,coord_comunicacion@pilares.cdmx.gob.mx,,,,,,,-99.06482,19.30637,http://sic.gob.mx/ficha.php?table=centro_cultural&table_id=3689,2024-06-11 11:57:07-06,SI,PILARES,NO,,Sistema de Información Cultural (SIC)
CENTRO_CULTURAL_3527,3527,CENTRO_CULTURAL,PILARES Tetecón,2019-10-01,Gobierno de la Ciudad de México,PUBLICO,EVIDENCIA_INSTITUCIONAL_PUBLICA,,,9,Ciudad de México,7,Iztapalapa,1,Iztapalapa,Av. Pino esq. Capulín s/n,Col. Buenavista,9700.0,55 5134 0770 ext 1806,https://pilares.cdmx.gob.mx/,coord_comunicacion@pilares.cdmx.gob.mx,,,,,,,-99.02899,19.32246,http://sic.gob.mx/ficha.php?table=centro_cultural&table_id=3527,2024-06-12 12:35:19-06,SI,PILARES,NO,,Sistema de Información Cultural (SIC)
CENTRO_CULTURAL_3538,3538,CENTRO_CULTURAL,PILARES Purísima,2019-10-25,Gobierno de la Ciudad de México,PUBLICO,EVIDENCIA_INSTITUCIONAL_PUBLICA,,,9,Ciudad de México,7,Iztapalapa,1,Iztapalapa,EJE 5 SUR PURISIMA Y EJE 3 ORIENTE FRANCISCO DEL PASO Y TRON S/N,Nueva Rosita,9429.0,55 5134 0770 ext 1806,https://pilares.cdmx.gob.mx/,coord_comunicacion@pilares.cdmx.gob.mx,,,,,,,-99.10987,19.37914,http://sic.gob.mx/ficha.php?table=centro_cultural&table_id=3538,2025-11-26 17:03:52-06,SI,PILARES,NO,,Sistema de Información Cultural (SIC)
CENTRO_CULTURAL_3681,3681,CENTRO_CULTURAL,PILARES Ejército de Oriente Zona Peñón,1000-01-01,Secretaría de Cultura de la Ciudad de México,PUBLICO,EVIDENCIA_INSTITUCIONAL_PUBLICA,,,9,Ciudad de México,7,Iztapalapa,1,Iztapalapa,Lanceros de Oaxaca s/n eq. Calz. Ignacio Zaragoza,Col. Ejército de Oriente Indeco II ISSSTE,9230.0,55 5134 0770 ext 1806,https://pilares.cdmx.gob.mx/,coord_comunicacion@pilares.cdmx.gob.mx,,,,,,,-99.03255,19.38261,http://sic.gob.mx/ficha.php?table=centro_cultural&table_id=3681,2024-06-12 13:37:06-06,SI,PILARES,NO,,Sistema de Información Cultural (SIC)
CENTRO_CULTURAL_3728,3728,CENTRO_CULTURAL,PILARES Ejército de Oriente,1000-01-01,Gobierno de la Ciudad de México,PUBLICO,EVIDENCIA_INSTITUCIONAL_PUBLICA,,,9,Ciudad de México,7,Iztapalapa,1,Iztapalapa,Calz. General Ignacio Zaragoza 1,Ejército de Oriente Indeco II Issste,9230.0,55 5134 0770 ext 1806,https://pilares.cdmx.gob.mx/,coord_comunicacion@pilares.cdmx.gob.mx,,,,,,,-99.03641,19.37833,http://sic.gob.mx/ficha.php?table=centro_cultural&table_id=3728,2025-03-11 13:38:02-06,SI,PILARES,NO,,Sistema de Información Cultural (SIC)
CENTRO_CULTURAL_1042,1042,CENTRO_CULTURAL,Casa de Cultura Guillermo Bonfil Batalla,1991-10-16,Alcaldía Iztapalapa,PUBLICO,EVIDENCIA_INSTITUCIONAL_PUBLICA,,,9,Ciudad de México,7,Iztapalapa,1,Iztapalapa,Gral. Anaya 111,Barrio Santa Bárbara,9000.0,55 5685 3289,,promocionculturaliztapalapa@gmail.com,,,,,,,-99.10068,19.3594,http://sic.gob.mx/ficha.php?table=centro_cultural&table_id=1042,2026-04-14 10:35:30-06,NO,,NO,,Sistema de Información Cultural (SIC)
CENTRO_CULTURAL_1047,1047,CENTRO_CULTURAL,"Centro Comunitario Culhuacán, Ex Convento de San Juan Evangelista",1984-02-01,Secretaría de Cultura/INAH,PUBLICO,EVIDENCIA_INSTITUCIONAL_PUBLICA,,,9,Ciudad de México,7,Iztapalapa,1,Iztapalapa,Morelos  10,Col. Culhuacán,9800.0,55 40 40 5500,http://www.inah.gob.mx,carmen_mendoza@inah.gob.mx,,,,,,,-99.10769,19.34002,http://sic.gob.mx/ficha.php?table=centro_cultural&table_id=1047,2024-03-22 13:04:07-06,NO,,NO,,Sistema de Información Cultural (SIC)
CENTRO_CULTURAL_3637,3637,CENTRO_CULTURAL,PILARES Plaza de los Jóvenes,1000-01-01,Gobierno de la Ciudad de México,PUBLICO,EVIDENCIA_INSTITUCIONAL_PUBLICA,,,9,Ciudad de México,7,Iztapalapa,1,Iztapalapa,Av. de las Minas s/n,Col. Xalpa,9640.0,55 5134 0770 ext 1806,https://pilares.cdmx.gob.mx/,coord_comunicacion@pilares.cdmx.gob.mx,,,,,,,-99.01741,19.33163,http://sic.gob.mx/ficha.php?table=centro_cultural&table_id=3637,2024-06-12 12:34:45-06,SI,PILARES,NO,,Sistema de Información Cultural (SIC)
CENTRO_CULTURAL_3534,3534,CENTRO_CULTURAL,PILARES Progreso Sur,2019-10-18,Secretaría de Cultura de la Ciudad de México,PUBLICO,EVIDENCIA_INSTITUCIONAL_PUBLICA,,,9,Ciudad de México,7,Iztapalapa,1,Iztapalapa,Eje 3 Oriente,Col. Progreso Sur,9060.0,55 5134 0770 ext 1806,https://pilares.cdmx.gob.mx/,coord_comunicacion@pilares.cdmx.gob.mx,,,,,,,-99.1128,19.35664,http://sic.gob.mx/ficha.php?table=centro_cultural&table_id=3534,2025-10-16 17:48:36-06,SI,PILARES,NO,,Sistema de Información Cultural (SIC)
CENTRO_CULTURAL_3294,3294,CENTRO_CULTURAL,Raíces Centro Cultural,2017-07-22,,NO_DETERMINADO,SIN_ADSCRIPCION,,,9,Ciudad de México,7,Iztapalapa,1,Iztapalapa,"Av. Presidente Plutarco Elias Calles 1810, esq Eje 7",Col. Banjidal,9450.0,55 1106 6915,http://www.raicescentrocultural.com/,somos@raicescentrocultural.com,,,,,,,-99.13809,19.36384,http://sic.gob.mx/ficha.php?table=centro_cultural&table_id=3294,2020-02-11 07:18:33-06,NO,,SI,No existe adscripción disponible para determinar el tipo de gestión.,Sistema de Información Cultural (SIC)
CENTRO_CULTURAL_1044,1044,CENTRO_CULTURAL,Centro Cultural Casa de Las Bombas,1990-09-01,Universidad Autónoma Metropolitana,PUBLICO,EVIDENCIA_INSTITUCIONAL_PUBLICA,,,9,Ciudad de México,7,Iztapalapa,1,Iztapalapa,Gregorio Torres Quintero s/n esq. Prol. Quetzal,Col. La Purísima,9340.0,(55) 5614 1469,http://www.izt.uam.mx/cbombas/index.html,casadelasbombas@prodigy.net.mx,,,,,,,-99.07318,19.35634,http://sic.gob.mx/ficha.php?table=centro_cultural&table_id=1044,2020-04-20 14:11:17-05,NO,,NO,,Sistema de Información Cultural (SIC)
CENTRO_CULTURAL_3363,3363,CENTRO_CULTURAL,Casa de Cultura Chicomecóatl Cerro de la Estrella,2012-08-15,Alcaldía Iztapalapa y Comité Vecinal,PUBLICO,EVIDENCIA_INSTITUCIONAL_PUBLICA,,,9,Ciudad de México,7,Iztapalapa,1,Iztapalapa,Moguer 63 entre España y Catarroja,Col. Cerro de la Estrella,9860.0,"55 5445 1068, 55 5445 1114",,promocionculturaliztapalapa@gmail.com,,,,,,,-99.07836,19.32578,http://sic.gob.mx/ficha.php?table=centro_cultural&table_id=3363,2026-04-14 10:57:36-06,NO,,NO,,Sistema de Información Cultural (SIC)
CENTRO_CULTURAL_1062,1062,CENTRO_CULTURAL,Casa de la Cultura El Sifón,2012-03-21,Alcaldía Iztapalapa,PUBLICO,EVIDENCIA_INSTITUCIONAL_PUBLICA,,,9,Ciudad de México,7,Iztapalapa,1,Iztapalapa,Calculista 65,Col. El Sifón,9400.0,55 9170 9306,https://www.facebook.com/pages/category/Interest/Casa-de-Cultura-El-Sif%C3%B3n-2062629530518478/,promocionculturaliztapalapa@gmail.com,,,,,,,-99.11968,19.37184,http://sic.gob.mx/ficha.php?table=centro_cultural&table_id=1062,2026-04-14 10:28:02-06,NO,,NO,,Sistema de Información Cultural (SIC)
CENTRO_CULTURAL_1065,1065,CENTRO_CULTURAL,Casa de Cultura Fuego Nuevo,1979-04-14,Alcaldía Iztapalapa,PUBLICO,EVIDENCIA_INSTITUCIONAL_PUBLICA,,,9,Ciudad de México,7,Iztapalapa,1,Iztapalapa,Comonfort 43,Barrio San Lucas,9000.0,55 5445 1000 ext. 1428,https://culturaiztapalapa.wordpress.com/2012/09/25/casa-de-cultura-fuego-nuevo/,cultura@iztapalapa.gob.mx,,,,,,,-99.09397,19.35884,http://sic.gob.mx/ficha.php?table=centro_cultural&table_id=1065,2023-04-26 06:36:29-06,NO,,NO,,Sistema de Información Cultural (SIC)
CENTRO_CULTURAL_2761,2761,CENTRO_CULTURAL,Casa de Cultura Paseos de Churubusco Ofelia Medina,2012-04-20,Alcaldía Iztapalapa,PUBLICO,EVIDENCIA_INSTITUCIONAL_PUBLICA,,,9,Ciudad de México,7,Iztapalapa,1,Iztapalapa,Río Tuxpan s/n entre Río Mezcalapa y Río Soto la Marina,Col. Paseos de Churubusco,9030.0,55 4134 5200,,cultura@iztapalapa.gob.mx,,,,,,,-99.08567,19.38581,http://sic.gob.mx/ficha.php?table=centro_cultural&table_id=2761,2026-04-14 11:00:35-06,NO,,NO,,Sistema de Información Cultural (SIC)
CENTRO_CULTURAL_3600,3600,CENTRO_CULTURAL,PILARES El Molino Tezonco,1000-01-01,Gobierno de la Ciudad de México,PUBLICO,EVIDENCIA_INSTITUCIONAL_PUBLICA,,,9,Ciudad de México,7,Iztapalapa,1,Iztapalapa,Av. Cuauhtémoc esq. Cedro,Col. El molino Tezonco,9960.0,55 5134 0770 ext 1806,https://pilares.cdmx.gob.mx/pilares/1638/el-molino-tezonco,coord_comunicacion@pilares.cdmx.gob.mx,,,,,,,-99.07147,19.29476,http://sic.gob.mx/ficha.php?table=centro_cultural&table_id=3600,2024-06-13 12:27:59-06,SI,PILARES,NO,,Sistema de Información Cultural (SIC)
CENTRO_CULTURAL_3604,3604,CENTRO_CULTURAL,PILARES Valle de Luces,2021-06-19,Secretaría de Cultura de la Ciudad de México,PUBLICO,EVIDENCIA_INSTITUCIONAL_PUBLICA,,,9,Ciudad de México,7,Iztapalapa,1,Iztapalapa,Valle del Paraíso 18,Col. Valle de Luces,9800.0,55 5134 0770 ext 1806,https://pilares.cdmx.gob.mx/,coord_comunicacion@pilares.cdmx.gob.mx,,,,,,,-99.09817,19.33801,http://sic.gob.mx/ficha.php?table=centro_cultural&table_id=3604,2025-09-09 18:26:22-06,SI,PILARES,NO,,Sistema de Información Cultural (SIC)
CENTRO_CULTURAL_3526,3526,CENTRO_CULTURAL,PILARES Nogal,1000-01-01,Secretaría de Cultura de la Ciudad de México,PUBLICO,EVIDENCIA_INSTITUCIONAL_PUBLICA,,,9,Ciudad de México,7,Iztapalapa,1,Iztapalapa,Nogal s/n esq. Fresno,Col. Citlalli,9660.0,55 5134 0770 ext 1806,https://pilares.cdmx.gob.mx/,coord_comunicacion@pilares.cdmx.gob.mx,,,,,,,-99.02295,19.34202,http://sic.gob.mx/ficha.php?table=centro_cultural&table_id=3526,2024-06-13 07:57:13-06,SI,PILARES,NO,,Sistema de Información Cultural (SIC)
CENTRO_CULTURAL_3365,3365,CENTRO_CULTURAL,Centro Cultural Semillero de Talentos,2012-12-16,Alcaldía Iztapalapa,PUBLICO,EVIDENCIA_INSTITUCIONAL_PUBLICA,,,9,Ciudad de México,7,Iztapalapa,1,Iztapalapa,Asteroide s/n,Col. Casa Blanca,9850.0,55 2291 0182,,promocionculturaliztapalapa@gmail.com,,,,,,,-99.06752,19.33237,http://sic.gob.mx/ficha.php?table=centro_cultural&table_id=3365,2021-10-26 11:11:22-05,NO,,NO,,Sistema de Información Cultural (SIC)
CENTRO_CULTURAL_3537,3537,CENTRO_CULTURAL,PILARES Santa Cruz Meyehualco,2019-01-01,Gobierno de la Ciudad de México,PUBLICO,EVIDENCIA_INSTITUCIONAL_PUBLICA,,,9,Ciudad de México,7,Iztapalapa,1,Iztapalapa,Calle 55 esq. Av. 10,Col. Santa Cruz Meyehualco,9290.0,55 5134 0770 ext 1806,https://pilares.cdmx.gob.mx/,coord_comunicacion@pilares.cdmx.gob.mx,,,,,,,-99.04447,19.3485,http://sic.gob.mx/ficha.php?table=centro_cultural&table_id=3537,2025-07-14 17:29:57-06,SI,PILARES,NO,,Sistema de Información Cultural (SIC)
CENTRO_CULTURAL_3805,3805,CENTRO_CULTURAL,Utopía La Cascada Xicohtencatl,2022-04-28,Alcaldía Iztapalapa,PUBLICO,EVIDENCIA_INSTITUCIONAL_PUBLICA,,,9,Ciudad de México,7,Iztapalapa,1,Iztapalapa,Ena s/n,Zona Urbana Ejidal Santa Martha Acatitla Norte,9140.0,55 5445 1076,https://utopias.mx/utopia-la-cascada-xicohtencatl-iztapalapa-cdmx-mexico.php,talleresculturaiztapalapa@gmail.com,,,,,,,-99.02517,19.38228,http://sic.gob.mx/ficha.php?table=centro_cultural&table_id=3805,2025-01-17 14:43:02-06,NO,,NO,,Sistema de Información Cultural (SIC)
CENTRO_CULTURAL_3019,3019,CENTRO_CULTURAL,Foro Cultural Magdalena,1979-01-01,Alcaldía La Magdalena Contreras/JUD Patrimonio y Recintos Culturales,PUBLICO,EVIDENCIA_INSTITUCIONAL_PUBLICA,,,9,Ciudad de México,8,La Magdalena Contreras,1,La Magdalena Contreras,Camino Real de Contreras 27,Col. La Concepción,10630.0,55 6813 3602,,p.gonzalez@mcontreras.gob.mx,,,,,,,-99.23407,19.30471,http://sic.gob.mx/ficha.php?table=centro_cultural&table_id=3019,2022-08-25 02:48:12-05,NO,,NO,,Sistema de Información Cultural (SIC)
CENTRO_CULTURAL_3695,3695,CENTRO_CULTURAL,PILARES Tierra unida,1000-01-01,Gobierno de la Ciudad de México,PUBLICO,EVIDENCIA_INSTITUCIONAL_PUBLICA,,,9,Ciudad de México,8,La Magdalena Contreras,1,La Magdalena Contreras,Andador Principal 52,Col. Tierra unida,10350.0,55 5134 0770 ext 1806,https://pilares.cdmx.gob.mx/pilares/1733/tierra-unida,coord_comunicacion@pilares.cdmx.gob.mx,,,,,,,-99.24139,19.3049,http://sic.gob.mx/ficha.php?table=centro_cultural&table_id=3695,2024-06-13 12:15:09-06,SI,PILARES,NO,,Sistema de Información Cultural (SIC)
CENTRO_CULTURAL_3479,3479,CENTRO_CULTURAL,PILARES Huayatla,2019-03-16,Secretaría de Cultura de la Ciudad de México,PUBLICO,EVIDENCIA_INSTITUCIONAL_PUBLICA,,,9,Ciudad de México,8,La Magdalena Contreras,1,La Magdalena Contreras,Huayatla 13,Col. Pueblo Nuevo Alto,10640.0,55 5134 0770 ext 1806,https://pilares.cdmx.gob.mx/,coord_comunicacion@pilares.cdmx.gob.mx,,,,,,,-99.24849,19.30545,http://sic.gob.mx/ficha.php?table=centro_cultural&table_id=3479,2025-11-07 17:08:18-06,SI,PILARES,NO,,Sistema de Información Cultural (SIC)
CENTRO_CULTURAL_989,989,CENTRO_CULTURAL,Casa de la Cultura Víctor Manuel Mendoza,1940-01-01,Alcaldía La Magdalena Contreras/JUD Recintos Culturales,PUBLICO,EVIDENCIA_INSTITUCIONAL_PUBLICA,,,9,Ciudad de México,8,La Magdalena Contreras,1,La Magdalena Contreras,Priv. Fortín s/n,Col. Barranca Seca,10580.0,55 5645 6344,,homero.gayosso.47@gmail.com; homero_gayosso@hotmail.com,,,,,,,-99.24028,19.30559,http://sic.gob.mx/ficha.php?table=centro_cultural&table_id=989,2026-04-28 19:34:45-06,NO,,NO,,Sistema de Información Cultural (SIC)
CENTRO_CULTURAL_3694,3694,CENTRO_CULTURAL,PILARES Priani,2022-01-04,Secretaría de Cultura de la Ciudad de México,PUBLICO,EVIDENCIA_INSTITUCIONAL_PUBLICA,,,9,Ciudad de México,8,La Magdalena Contreras,1,La Magdalena Contreras,Alfonso Priani,Col. La Guadalupe,10820.0,55 5134 0770 ext 1806,https://pilares.cdmx.gob.mx/,coord_comunicacion@pilares.cdmx.gob.mx,,,,,,,-99.23301,19.30641,http://sic.gob.mx/ficha.php?table=centro_cultural&table_id=3694,2025-11-20 16:45:25-06,SI,PILARES,NO,,Sistema de Información Cultural (SIC)
CENTRO_CULTURAL_990,990,CENTRO_CULTURAL,Casa de Bellas Artes Juventino Rosas,1979-05-03,Alcaldía La Magdalena Contreras,PUBLICO,EVIDENCIA_INSTITUCIONAL_PUBLICA,,,9,Ciudad de México,8,La Magdalena Contreras,1,La Magdalena Contreras,Camino Real de Contreras  32,Col. La Concepción,10830.0,55 5645 2963,http://www.mcontreras.df.gob.mx/,antonieta.rascon@gmail.com,,,,,,,-99.23502,19.3037,http://sic.gob.mx/ficha.php?table=centro_cultural&table_id=990,2021-09-01 06:52:29-05,NO,,NO,,Sistema de Información Cultural (SIC)
CENTRO_CULTURAL_3692,3692,CENTRO_CULTURAL,PILARES Ferrocarril (San Francisco),1000-01-01,Gobierno de la Ciudad de México,PUBLICO,EVIDENCIA_INSTITUCIONAL_PUBLICA,,,9,Ciudad de México,8,La Magdalena Contreras,1,La Magdalena Contreras,Ferrocarril de Cuernavaca 80,Col. San Francisco,10500.0,55 5134 0770 ext 1806,https://pilares.cdmx.gob.mx/,coord_comunicacion@pilares.cdmx.gob.mx,,,,,,,-99.23338,19.31226,http://sic.gob.mx/ficha.php?table=centro_cultural&table_id=3692,2024-07-05 13:15:59-06,SI,PILARES,NO,,Sistema de Información Cultural (SIC)
CENTRO_CULTURAL_3543,3543,CENTRO_CULTURAL,PILARES La Malinche,2019-11-09,Gobierno de la Ciudad de México,PUBLICO,EVIDENCIA_INSTITUCIONAL_PUBLICA,,,9,Ciudad de México,8,La Magdalena Contreras,1,La Magdalena Contreras,Rosa China 11,La Malinche,10010.0,55 5134 0770 ext 1806,https://pilares.cdmx.gob.mx/,coord_comunicacion@pilares.cdmx.gob.mx,,,,,,,-99.23949,19.32374,http://sic.gob.mx/ficha.php?table=centro_cultural&table_id=3543,2025-07-11 16:28:18-06,SI,PILARES,NO,,Sistema de Información Cultural (SIC)
CENTRO_CULTURAL_3693,3693,CENTRO_CULTURAL,PILARES San Bernabé Ocotepec,1000-01-01,Gobierno de la Ciudad de México,PUBLICO,EVIDENCIA_INSTITUCIONAL_PUBLICA,,,9,Ciudad de México,8,La Magdalena Contreras,106,Prolongación Ermitaño,Higueras s/n,San Bernabé Ocotepec,10300.0,55 5134 0770 ext 1806,https://pilares.cdmx.gob.mx/,coord_comunicacion@pilares.cdmx.gob.mx,,,,,,,-99.25824,19.32071,http://sic.gob.mx/ficha.php?table=centro_cultural&table_id=3693,2024-06-12 13:24:30-06,SI,PILARES,NO,,Sistema de Información Cultural (SIC)
CENTRO_CULTURAL_3544,3544,CENTRO_CULTURAL,PILARES Parcela,2019-01-01,Secretaría de Cultura de la Ciudad de México,PUBLICO,EVIDENCIA_INSTITUCIONAL_PUBLICA,,,9,Ciudad de México,8,La Magdalena Contreras,106,Prolongación Ermitaño,Parcela,Col. Lomas de San Bernabé,10350.0,55 5134 0770 ext 1806,https://pilares.cdmx.gob.mx/,coord_comunicacion@pilares.cdmx.gob.mx,,,,,,,-99.26486,19.31058,http://sic.gob.mx/ficha.php?table=centro_cultural&table_id=3544,2025-12-15 19:40:05-06,SI,PILARES,NO,,Sistema de Información Cultural (SIC)
CENTRO_CULTURAL_3691,3691,CENTRO_CULTURAL,PILARES La Cañada,1000-01-01,Secretaría de Cultura de la Ciudad de México,PUBLICO,EVIDENCIA_INSTITUCIONAL_PUBLICA,,,9,Ciudad de México,8,La Magdalena Contreras,109,La Cañada [Parque],Emilio Carranza s/n,Col. Pueblo la Magdalena Contreras,10920.0,55 5134 0770 ext 1806,https://pilares.cdmx.gob.mx/,coord_comunicacion@pilares.cdmx.gob.mx,,,,,,,-99.24974,19.30072,http://sic.gob.mx/ficha.php?table=centro_cultural&table_id=3691,2024-06-11 13:05:55-06,SI,PILARES,NO,,Sistema de Información Cultural (SIC)
CENTRO_CULTURAL_3644,3644,CENTRO_CULTURAL,PILARES Milpa Alta,1000-01-01,Secretaría de Cultura de la Ciudad de México,PUBLICO,EVIDENCIA_INSTITUCIONAL_PUBLICA,,,9,Ciudad de México,9,Milpa Alta,1,Villa Milpa Alta,Tabasco Pte,Col. Santa Cruz,12000.0,55 5134 0770 ext 1806,https://pilares.cdmx.gob.mx/,coord_comunicacion@pilares.cdmx.gob.mx,,,,,,,-99.01897,19.19367,http://sic.gob.mx/ficha.php?table=centro_cultural&table_id=3644,2024-06-11 10:46:22-06,SI,PILARES,NO,,Sistema de Información Cultural (SIC)
CENTRO_CULTURAL_1514,1514,CENTRO_CULTURAL,Casa de Cultura Calmecac,1988-11-13,Alcaldía Milpa Alta,PUBLICO,EVIDENCIA_INSTITUCIONAL_PUBLICA,,,9,Ciudad de México,9,Milpa Alta,1,Villa Milpa Alta,Blvd. Nuevo León esq. Av. Puebla 250,Barrio Santa Martha,12000.0,55  5844 1921,,fvelardepaz@gmail.com,,,,,,,-99.0312,19.19825,http://sic.gob.mx/ficha.php?table=centro_cultural&table_id=1514,2025-02-05 13:40:26-06,NO,,NO,,Sistema de Información Cultural (SIC)
CENTRO_CULTURAL_3062,3062,CENTRO_CULTURAL,Fábrica de Artes y Oficios (FARO) Tecómitl,2006-09-22,Secretaría de Cultura de la Ciudad de México/Dirección General de Vinculación Cultural Comunitaria/Red de Faros,PUBLICO,EVIDENCIA_INSTITUCIONAL_PUBLICA,,,9,Ciudad de México,9,Milpa Alta,11,San Antonio Tecómitl,"Av. Doctor Gastón Melo 40, primer piso",Col. Tenantitla,12100.0,55 5847 7590,https://culturacomunitaria.cdmx.gob.mx/red-de-faros/tecomitl,farotecomitl.contacto@gmail.com,,,,,,,-98.99524,19.22164,http://sic.gob.mx/ficha.php?table=centro_cultural&table_id=3062,2026-08-07 08:41:56-06,NO,,NO,,Sistema de Información Cultural (SIC)
CENTRO_CULTURAL_3520,3520,CENTRO_CULTURAL,PILARES San Bartolomé Xicomulco,2019-09-07,Gobierno de la Ciudad de México,PUBLICO,EVIDENCIA_INSTITUCIONAL_PUBLICA,,,9,Ciudad de México,9,Milpa Alta,15,San Bartolomé Xicomulco,Av. 5 de Mayo Oriente 36-58,Col.  San Bartolomé Xicomulco,12250.0,55 5134 0770 ext 1806,https://pilares.cdmx.gob.mx/,coord_comunicacion@pilares.cdmx.gob.mx,,,,,,,-99.07114,19.20687,http://sic.gob.mx/ficha.php?table=centro_cultural&table_id=3520,2024-06-12 13:45:15-06,SI,PILARES,NO,,Sistema de Información Cultural (SIC)
CENTRO_CULTURAL_3642,3642,CENTRO_CULTURAL,PILARES San Jerónimo Miacatlán,2021-01-01,Gobierno de la Ciudad de México,PUBLICO,EVIDENCIA_INSTITUCIONAL_PUBLICA,,,9,Ciudad de México,9,Milpa Alta,17,San Francisco Tecoxpa,"Av. Simón Bolivar s/n, planta alta de Faro",Col. San Jerónimo Miacatlán,12600.0,55 5134 0770 ext 1806,https://pilares.cdmx.gob.mx/,coord_comunicacion@pilares.cdmx.gob.mx,,,,,,,-99.00977,19.19322,http://sic.gob.mx/ficha.php?table=centro_cultural&table_id=3642,2025-07-04 17:01:53-06,SI,PILARES,NO,,Sistema de Información Cultural (SIC)
CENTRO_CULTURAL_2185,2185,CENTRO_CULTURAL,Fábrica de Artes y Oficios (FARO) Milpa Alta-Miacatlán,2017-02-14,Secretaría de Cultura de la Ciudad de México/Subdirección de Red de Faros/Coordinación de Cultura Comunitaria,PUBLICO,EVIDENCIA_INSTITUCIONAL_PUBLICA,,,9,Ciudad de México,9,Milpa Alta,17,San Francisco Tecoxpa,Simón Bolívar Pte. s/n,Poblado de San Jerónimo Miacatlán,12600.0,55 5844 6344,https://www.cultura.cdmx.gob.mx/faro-miacatlan,fmaenlacepedagogico@gmail.com; culturacomunitariaweb@gmail.com,,,,,,,-99.00976,19.1932,http://sic.gob.mx/ficha.php?table=centro_cultural&table_id=2185,2026-08-03 13:36:32-06,NO,,NO,,Sistema de Información Cultural (SIC)
CENTRO_CULTURAL_3641,3641,CENTRO_CULTURAL,PILARES San Pablo Oztotepec,1000-01-01,Secretaría de Cultura de la Ciudad de México,PUBLICO,EVIDENCIA_INSTITUCIONAL_PUBLICA,,,9,Ciudad de México,9,Milpa Alta,24,San Pablo Oztotepec,Emiliano Zapata s/n,Col. San Miguel,12400.0,55 5134 0770 ext 1806,https://pilares.cdmx.gob.mx/,coord_comunicacion@pilares.cdmx.gob.mx,,,,,,,-99.07522,19.18332,http://sic.gob.mx/ficha.php?table=centro_cultural&table_id=3641,2024-06-12 09:10:23-06,SI,PILARES,NO,,Sistema de Información Cultural (SIC)
CENTRO_CULTURAL_1537,1537,CENTRO_CULTURAL,Casa de Cultura Quinta Axayopa,1987-01-01,Comuneros de Milta Alta,NO_DETERMINADO,SIN_EVIDENCIA_SUFICIENTE,,,9,Ciudad de México,9,Milpa Alta,24,San Pablo Oztotepec,Fabián Flores 47,Pueblo de San Pablo Oztotepec,12400.0,,,,,,,,,,-99.07109,19.18547,http://sic.gob.mx/ficha.php?table=centro_cultural&table_id=1537,2025-02-06 18:01:09-06,NO,,SI,La adscripción no contiene información suficiente para clasificarla automáticamente como pública o privada.,Sistema de Información Cultural (SIC)
CENTRO_CULTURAL_1540,1540,CENTRO_CULTURAL,Casa de Cultura Atocpan,1999-04-30,Alcaldía Milpa Alta,PUBLICO,EVIDENCIA_INSTITUCIONAL_PUBLICA,,,9,Ciudad de México,9,Milpa Alta,29,San Pedro Atocpan,"Nezahualcóyotl  esq. Temoaya s/n, Barrio de Ocotitla",Pueblo San Pedro Atocpan,12200.0,55 9489 7604,,casasanpedro1@hotmail,,,,,,,-99.05547,19.19895,http://sic.gob.mx/ficha.php?table=centro_cultural&table_id=1540,2025-04-04 12:07:59-06,NO,,NO,,Sistema de Información Cultural (SIC)
CENTRO_CULTURAL_3485,3485,CENTRO_CULTURAL,PILARES San Salvador Cuauhtenco,1000-01-01,Gobierno de la Ciudad de México,PUBLICO,EVIDENCIA_INSTITUCIONAL_PUBLICA,,,9,Ciudad de México,9,Milpa Alta,33,San Salvador Cuauhtenco,Prol. Emiliano Zapata 4,Col. San Salvador Cuauhtenco  Secc. IV,12300.0,55 5134 0770 ext 1806,https://pilares.cdmx.gob.mx/pilares/1523/san-salvador-cuauhtenco,coord_comunicacion@pilares.cdmx.gob.mx,,,,,,,-99.09152,19.19388,http://sic.gob.mx/ficha.php?table=centro_cultural&table_id=3485,2024-06-21 14:59:04-06,SI,PILARES,NO,,Sistema de Información Cultural (SIC)
CENTRO_CULTURAL_3643,3643,CENTRO_CULTURAL,PILARES San Juan Tepenahuac,1000-01-01,Gobierno de la Ciudad de México,PUBLICO,EVIDENCIA_INSTITUCIONAL_PUBLICA,,,9,Ciudad de México,9,Milpa Alta,139,Teatlaco,Guadalupe y Av. España,San Juan Tepenahuac,12800.0,55 5134 0770 ext 1806,https://pilares.cdmx.gob.mx/,coord_comunicacion@pilares.cdmx.gob.mx,,,,,,,-98.99413,19.18721,http://sic.gob.mx/ficha.php?table=centro_cultural&table_id=3643,2024-06-17 12:47:44-06,SI,PILARES,NO,,Sistema de Información Cultural (SIC)
CENTRO_CULTURAL_3696,3696,CENTRO_CULTURAL,PILARES San Lorenzo Tlacoyucan,2021-01-01,Secretaría de Cultura de la Ciudad de México,PUBLICO,EVIDENCIA_INSTITUCIONAL_PUBLICA,,,9,Ciudad de México,9,Milpa Alta,152,San Lorenzo Tlacoyucan,Constitución s/n,Col. San Lorenzo Tlacoyucan,12500.0,55 5134 0770 ext 1806,https://pilares.cdmx.gob.mx/,coord_comunicacion@pilares.cdmx.gob.mx,,,,,,,-99.03023,19.17707,http://sic.gob.mx/ficha.php?table=centro_cultural&table_id=3696,2025-07-18 18:05:18-06,SI,PILARES,NO,,Sistema de Información Cultural (SIC)
CENTRO_CULTURAL_1538,1538,CENTRO_CULTURAL,Casa de Cultura Tlacoyucan,1999-10-26,Alcaldía Milpa Alta,PUBLICO,EVIDENCIA_INSTITUCIONAL_PUBLICA,,,9,Ciudad de México,9,Milpa Alta,152,San Lorenzo Tlacoyucan,Prol. Insurgentes 10,Col. San Lorenzo Tlacoyucan,12500.0,55 5862 3150,https://www.milpa-alta.cdmx.gob.mx/cultura_casas.html,casadeculturatlacoyucan@hotmail.com; contacto@milpa-alta.cdmx.gob.mx,,,,,,,-99.03175,19.17312,http://sic.gob.mx/ficha.php?table=centro_cultural&table_id=1538,2026-04-28 19:43:08-06,NO,,NO,,Sistema de Información Cultural (SIC)
CENTRO_CULTURAL_3519,3519,CENTRO_CULTURAL,PILARES San Pedro Atocpan,1000-01-01,Secretaría de Cultura de la Ciudad de México,PUBLICO,EVIDENCIA_INSTITUCIONAL_PUBLICA,,,9,Ciudad de México,9,Milpa Alta,323,Tula (Huixtotlazintla),Atzayácatl Prol. Guadalupe Victoria,Col. San Pedro Atocpan,12200.0,55 5134 0770 ext 1806,https://pilares.cdmx.gob.mx/,coord_comunicacion@pilares.cdmx.gob.mx,,,,,,,-99.05215,19.20264,http://sic.gob.mx/ficha.php?table=centro_cultural&table_id=3519,2024-06-11 10:47:29-06,SI,PILARES,NO,,Sistema de Información Cultural (SIC)
CENTRO_CULTURAL_3736,3736,CENTRO_CULTURAL,PILARES Santa Ana Tlacotenco,2019-01-01,Secretaría de Cultura de la Ciudad de México,PUBLICO,EVIDENCIA_INSTITUCIONAL_PUBLICA,,,9,Ciudad de México,9,Milpa Alta,348,Huacaltunco,Priv. Olímpica s/n,Col. Santa Ana Tlacotenco,12000.0,55 5134 0770 ext 1806,https://pilares.cdmx.gob.mx/,coord_comunicacion@pilares.cdmx.gob.mx,,,,,,,-99.00312,19.17737,http://sic.gob.mx/ficha.php?table=centro_cultural&table_id=3736,2025-08-29 17:57:14-06,SI,PILARES,NO,,Sistema de Información Cultural (SIC)
CENTRO_CULTURAL_3511,3511,CENTRO_CULTURAL,PILARES Xaltipac,2019-01-01,Secretaría de Cultura de la Ciudad de México,PUBLICO,EVIDENCIA_INSTITUCIONAL_PUBLICA,,,9,Ciudad de México,9,Milpa Alta,358,Don Diegoco,Calle 5 de Mayo s/n,Col. Xaltipac,12100.0,55 5134 0770 ext 1806,https://pilares.cdmx.gob.mx/,coord_comunicacion@pilares.cdmx.gob.mx,,,,,,,-98.98885,19.21709,http://sic.gob.mx/ficha.php?table=centro_cultural&table_id=3511,2025-06-19 17:00:31-06,SI,PILARES,NO,,Sistema de Información Cultural (SIC)
CENTRO_CULTURAL_1430,1430,CENTRO_CULTURAL,Centro Cultural El Juglar,1975-01-01,"Centro Cultural El Juglar, A.C.",PRIVADO,EVIDENCIA_INSTITUCIONAL_PRIVADA,,,9,Ciudad de México,10,Álvaro Obregón,1,Álvaro Obregón,Manuel M. Ponce 233,Col. Guadalupe Inn,1020.0,"55 5660 3549,  55 5680 4109",http://www.eljuglar.org/,eljuglar@prodigy.net.mx,,,,,,,-99.18763,19.35705,http://sic.gob.mx/ficha.php?table=centro_cultural&table_id=1430,2021-09-07 11:43:57-05,NO,,NO,,Sistema de Información Cultural (SIC)
CENTRO_CULTURAL_3756,3756,CENTRO_CULTURAL,PILARES Bosques II Sección,1000-01-01,Secretaría de Cultura de la Ciudad de México,PUBLICO,EVIDENCIA_INSTITUCIONAL_PUBLICA,,,9,Ciudad de México,10,Álvaro Obregón,1,Álvaro Obregón,Cam. Real a Toluca 1,Col. Bosques 2da. Sección,1560.0,55 5134 0770 ext 1806,https://pilares.cdmx.gob.mx/,coord_comunicacion@pilares.cdmx.gob.mx,,,,,,,-99.19213,19.39612,http://sic.gob.mx/ficha.php?table=centro_cultural&table_id=3756,2024-06-11 12:08:46-06,SI,PILARES,NO,,Sistema de Información Cultural (SIC)
CENTRO_CULTURAL_3325,3325,CENTRO_CULTURAL,Centro Cultural El Semillero,1000-01-01,,NO_DETERMINADO,SIN_ADSCRIPCION,,,9,Ciudad de México,10,Álvaro Obregón,1,Álvaro Obregón,Veracruz 142,Col. Lomas de San Agustín,1790.0,55 2525 2775,,arturomarquez.work@outlook.com,,,,,,,-99.19528,19.39081,http://sic.gob.mx/ficha.php?table=centro_cultural&table_id=3325,2021-05-21 07:23:53-05,NO,,SI,No existe adscripción disponible para determinar el tipo de gestión.,Sistema de Información Cultural (SIC)
CENTRO_CULTURAL_3583,3583,CENTRO_CULTURAL,"PILARES Gomez Farías, Santa Fe",2022-06-11,Gobierno de la Ciudad de México,PUBLICO,EVIDENCIA_INSTITUCIONAL_PUBLICA,,,9,Ciudad de México,10,Álvaro Obregón,1,Álvaro Obregón,Prol. Gómez Farias y Prol. Reforma Puerta Santa Fe s/n,"Santa Fe, Bejero",1310.0,55 5134 0770 ext 1806,https://pilares.cdmx.gob.mx/,coord_comunicacion@pilares.cdmx.gob.mx,,,,,,,-99.24965,19.38031,http://sic.gob.mx/ficha.php?table=centro_cultural&table_id=3583,2025-10-27 17:00:41-06,SI,PILARES,NO,,Sistema de Información Cultural (SIC)
CENTRO_CULTURAL_3871,3871,CENTRO_CULTURAL,Foro La Paz,2021-12-03,Privado,PRIVADO,CLASIFICACION_EXPLICITA,,,9,Ciudad de México,10,Álvaro Obregón,1,Álvaro Obregón,"Av. de la Paz 57, 1er piso",Col. San Ángel,1000.0,55 9056 9896,https://www.forolapaz.live/,booking@forolapaz.live,,,,,,,-99.18945,19.3463,http://sic.gob.mx/ficha.php?table=centro_cultural&table_id=3871,2026-02-23 14:11:02-06,NO,,NO,,Sistema de Información Cultural (SIC)
CENTRO_CULTURAL_1431,1431,CENTRO_CULTURAL,Centro Cultural San Ángel,1988-01-29,Delegación Álvaro Obregón,PUBLICO,EVIDENCIA_INSTITUCIONAL_PUBLICA,,,9,Ciudad de México,10,Álvaro Obregón,1,Álvaro Obregón,Av. Revolución s/n,Col. San Ángel,1000.0,55 5616 1254,,centroculturalsanangel@hotmail.com,,,,,,,-99.19019,19.34571,http://sic.gob.mx/ficha.php?table=centro_cultural&table_id=1431,2024-11-20 11:44:48-06,NO,,NO,,Sistema de Información Cultural (SIC)
CENTRO_CULTURAL_2805,2805,CENTRO_CULTURAL,Centro Comercial y Cultural Plaza Loreto,1993-12-01,"Grupo Sanborns, S.A. de C.V.",PRIVADO,EVIDENCIA_INSTITUCIONAL_PRIVADA,,,9,Ciudad de México,10,Álvaro Obregón,1,Álvaro Obregón,Altamirano 46,Col. Tizapán San Ángel,1090.0,55 5550 6292,http://centroscomercialehttp://www.centrocomercialloreto.com.mx,loretocultural@hotmail.com,,,,,,,-99.19314,19.33927,http://sic.gob.mx/ficha.php?table=centro_cultural&table_id=2805,2022-09-26 09:44:17-05,NO,,NO,,Sistema de Información Cultural (SIC)
CENTRO_CULTURAL_3981,3981,CENTRO_CULTURAL,Casa de Cultura EyB,2013-06-01,Casa de Cultura EyB,NO_DETERMINADO,SIN_EVIDENCIA_SUFICIENTE,,,9,Ciudad de México,10,Álvaro Obregón,1,Álvaro Obregón,Quetzalcoatl 25,Balcones de Cehuayo,1509.0,,,,,,,,,,-99.24023,19.35821,http://sic.gob.mx/ficha.php?table=centro_cultural&table_id=3981,2026-03-09 12:45:29-06,NO,,SI,La adscripción no contiene información suficiente para clasificarla automáticamente como pública o privada.,Sistema de Información Cultural (SIC)
CENTRO_CULTURAL_1421,1421,CENTRO_CULTURAL,Centro Cultural Helénico (CCH),1990-01-01,Secretaría de Cultura,PUBLICO,EVIDENCIA_INSTITUCIONAL_PUBLICA,,,9,Ciudad de México,10,Álvaro Obregón,1,Álvaro Obregón,Av. Revolución 1500,Col. Guadalupe Inn,1020.0,(55) 4155 0900,http://www.helenico.gob.mx,helenico@cultura.gob.mx,,,,,,,-99.19003,19.35297,http://sic.gob.mx/ficha.php?table=centro_cultural&table_id=1421,2020-04-21 15:54:43-05,NO,,NO,,Sistema de Información Cultural (SIC)
CENTRO_CULTURAL_3877,3877,CENTRO_CULTURAL,"Ludoteca Chacuacos, Fumarolas de Agua",2025-06-21,"Secretaría de Cultura, Dirección General de Vinculación Cultural",PUBLICO,EVIDENCIA_INSTITUCIONAL_PUBLICA,,,9,Ciudad de México,10,Álvaro Obregón,1,Álvaro Obregón,Ex Fábrica de Pólvora. Av. Vasco de Quiroga esq. Bandera Nacional,Bosque de Chapultepec 4a. sección,,,https://www.sedema.cdmx.gob.mx/comunicacion/nota/arrancan-actividades-en-la-ludoteca-chacuacos-fumarolas-de-agua-en-la-ex-fabrica-de-polvora,,,,,,,,-99.19528,19.39081,http://sic.gob.mx/ficha.php?table=centro_cultural&table_id=3877,2025-06-25 14:52:08-06,NO,,NO,,Sistema de Información Cultural (SIC)
CENTRO_CULTURAL_3450,3450,CENTRO_CULTURAL,Centro Cultural Ex Fábrica de Pólvora,2021-07-03,Gobierno de la Ciudad de México,PUBLICO,EVIDENCIA_INSTITUCIONAL_PUBLICA,,,9,Ciudad de México,10,Álvaro Obregón,1,Álvaro Obregón,"IV sección del Bosque de Chapultepec, Bandera, Industrias Militares de Sedena",Col. Lomas de Santa Fe,1219.0,.,https://mexicocity.cdmx.gob.mx/venues/ex-fabrica-polvora/?lang=es,,,,,,,,-99.19528,19.39081,http://sic.gob.mx/ficha.php?table=centro_cultural&table_id=3450,2025-06-22 15:54:06-06,NO,,NO,,Sistema de Información Cultural (SIC)
CENTRO_CULTURAL_3592,3592,CENTRO_CULTURAL,PILARES La Conchita,2021-06-20,Gobierno de la Ciudad de México,PUBLICO,EVIDENCIA_INSTITUCIONAL_PUBLICA,,,9,Ciudad de México,10,Álvaro Obregón,1,Álvaro Obregón,"1 de Noviembre s/n, Deportivo la Conchita",,1130.0,55 5134 0770 ext 1806,https://gobierno.cdmx.gob.mx/noticias/inicia-actividades-pilares-la-conchita/,coord_comunicacion@pilares.cdmx.gob.mx,,,,,,,-99.20734,19.39243,http://sic.gob.mx/ficha.php?table=centro_cultural&table_id=3592,2024-06-12 13:53:42-06,SI,PILARES,NO,,Sistema de Información Cultural (SIC)
CENTRO_CULTURAL_3566,3566,CENTRO_CULTURAL,PILARES Barrio Norte,1000-01-01,Secretaría de Cultura de la Ciudad de México,PUBLICO,EVIDENCIA_INSTITUCIONAL_PUBLICA,,,9,Ciudad de México,10,Álvaro Obregón,1,Álvaro Obregón,Cda. Allende s/n,Col. Barrio Norte,1410.0,55 5134 0770 ext 1806,https://pilares.cdmx.gob.mx/,coord_comunicacion@pilares.cdmx.gob.mx,,,,,,,-99.20621,19.37829,http://sic.gob.mx/ficha.php?table=centro_cultural&table_id=3566,2024-06-13 07:39:10-06,SI,PILARES,NO,,Sistema de Información Cultural (SIC)
CENTRO_CULTURAL_3466,3466,CENTRO_CULTURAL,PILARES El Capulín,2019-02-08,Secretaría de Cultura de la Ciudad de México,PUBLICO,EVIDENCIA_INSTITUCIONAL_PUBLICA,,,9,Ciudad de México,10,Álvaro Obregón,1,Álvaro Obregón,Prol. Artificios s/n,Col. El Capulín,1110.0,55 5134 0770 ext 1806,https://pilares.cdmx.gob.mx/,coord_comunicacion@pilares.cdmx.gob.mx,,,,,,,-99.2122,19.39559,http://sic.gob.mx/ficha.php?table=centro_cultural&table_id=3466,2025-11-19 17:36:40-06,SI,PILARES,NO,,Sistema de Información Cultural (SIC)
CENTRO_CULTURAL_3320,3320,CENTRO_CULTURAL,Casa-Estudio Cien Años de Soledad,2020-03-14,Fundación para las Letras Mexicanas,PRIVADO,EVIDENCIA_INSTITUCIONAL_PRIVADA,,,9,Ciudad de México,10,Álvaro Obregón,1,Álvaro Obregón,Cerrada de la Loma 19,Lomas de San Ángel Inn,1790.0,,,casaestudiocien@gmail.com,,,,,,,-99.2062,19.34298,http://sic.gob.mx/ficha.php?table=centro_cultural&table_id=3320,2021-01-18 03:57:23-06,NO,,NO,,Sistema de Información Cultural (SIC)
CENTRO_CULTURAL_1014,1014,CENTRO_CULTURAL,Casa de la Cultura México-Japonesa,1999-10-07,"Asociación Mexico Japonesa, A.C.",PRIVADO,EVIDENCIA_INSTITUCIONAL_PRIVADA,,,9,Ciudad de México,10,Álvaro Obregón,1,Álvaro Obregón,Fujiyama 144,Col. Las Águilas,1710.0,"55 5593 1444, ext. 101 y 121",https://www.amj.mx/,recepcion@amj.mx,,,,,,,-99.2019,19.36266,http://sic.gob.mx/ficha.php?table=centro_cultural&table_id=1014,2025-08-28 18:56:06-06,NO,,NO,,Sistema de Información Cultural (SIC)
CENTRO_CULTURAL_3755,3755,CENTRO_CULTURAL,PILARES Toltecas,1000-01-01,Gobierno de la Ciudad de México,PUBLICO,EVIDENCIA_INSTITUCIONAL_PUBLICA,,,9,Ciudad de México,10,Álvaro Obregón,1,Álvaro Obregón,Eje 5 poniente,Col. Escuadrón 201,1150.0,55 5134 0770 ext 1806,https://pilares.cdmx.gob.mx/pilares/1793/tolteca,coord_comunicacion@pilares.cdmx.gob.mx,,,,,,,-99.19983,19.38798,http://sic.gob.mx/ficha.php?table=centro_cultural&table_id=3755,2024-06-17 14:28:41-06,SI,PILARES,NO,,Sistema de Información Cultural (SIC)
CENTRO_CULTURAL_3337,3337,CENTRO_CULTURAL,Cracovia 32,2012-01-01,Privado,PRIVADO,CLASIFICACION_EXPLICITA,,,9,Ciudad de México,10,Álvaro Obregón,1,Álvaro Obregón,Cracovia 32,Col. San Ángel,1000.0,55 3915 2730,https://cracovia32.com/,info@cracovia32.com,,,,,,,-99.18798,19.3489,http://sic.gob.mx/ficha.php?table=centro_cultural&table_id=3337,2025-07-02 13:41:45-06,NO,,NO,,Sistema de Información Cultural (SIC)
CENTRO_CULTURAL_3486,3486,CENTRO_CULTURAL,PILARES Belén de las Flores,2019-04-23,Secretaría de Cultura de la Ciudad de México,PUBLICO,EVIDENCIA_INSTITUCIONAL_PUBLICA,,,9,Ciudad de México,10,Álvaro Obregón,1,Álvaro Obregón,Belén s/n,Col. Belén de las Flores,1110.0,55 5134 0770 ext 1806,https://pilares.cdmx.gob.mx/,coord_comunicacion@pilares.cdmx.gob.mx,,,,,,,-99.2174,19.39688,http://sic.gob.mx/ficha.php?table=centro_cultural&table_id=3486,2025-10-17 19:52:39-06,SI,PILARES,NO,,Sistema de Información Cultural (SIC)
CENTRO_CULTURAL_3504,3504,CENTRO_CULTURAL,PILARES Isidro Fabela,2019-08-03,Secretaría de Cultura de la Ciudad de México,PUBLICO,EVIDENCIA_INSTITUCIONAL_PUBLICA,,,9,Ciudad de México,10,Álvaro Obregón,1,Álvaro Obregón,Nicaragüenses SN,Col. Isidro Fabela,1170.0,55 5134 0770 ext 1806,https://pilares.cdmx.gob.mx/,coord_comunicacion@pilares.cdmx.gob.mx,,,,,,,-99.2088,19.38604,http://sic.gob.mx/ficha.php?table=centro_cultural&table_id=3504,2025-09-08 18:29:03-06,SI,PILARES,NO,,Sistema de Información Cultural (SIC)
CENTRO_CULTURAL_3502,3502,CENTRO_CULTURAL,PILARES Santa Fe,2019-08-03,Gobierno de la Ciudad de México,PUBLICO,EVIDENCIA_INSTITUCIONAL_PUBLICA,,,9,Ciudad de México,10,Álvaro Obregón,1,Álvaro Obregón,Corregidora s/n,Col. Santa Fé,1210.0,55 5134 0770 ext 1806,https://pilares.cdmx.gob.mx/,coord_comunicacion@pilares.cdmx.gob.mx,,,,,,,-99.24034,19.38269,http://sic.gob.mx/ficha.php?table=centro_cultural&table_id=3502,2024-06-20 14:35:22-06,SI,PILARES,NO,,Sistema de Información Cultural (SIC)
CENTRO_CULTURAL_3650,3650,CENTRO_CULTURAL,PILARES Merced Gómez/Rius,2022-08-11,Gobierno de la Ciudad de México,PUBLICO,EVIDENCIA_INSTITUCIONAL_PUBLICA,,,9,Ciudad de México,10,Álvaro Obregón,1,Álvaro Obregón,Francisco de P.Miranda,Col. Merced Gómez,1600.0,55 5134 0770 ext 1806,https://pilares.cdmx.gob.mx/,coord_comunicacion@pilares.cdmx.gob.mx,,,,,,,-99.19615,19.36642,http://sic.gob.mx/ficha.php?table=centro_cultural&table_id=3650,2024-06-19 13:31:55-06,SI,PILARES,NO,,Sistema de Información Cultural (SIC)
CENTRO_CULTURAL_2877,2877,CENTRO_CULTURAL,Centro Cultural Tenanitla,1980-08-04,"Librería Miguel Ángel Porrúa, S.A. de C.V.",PRIVADO,EVIDENCIA_INSTITUCIONAL_PRIVADA,,,9,Ciudad de México,10,Álvaro Obregón,1,Álvaro Obregón,Amargura 4,Col. San Ángel,1000.0,55 5616 0071,http://www.maporrua.com.mx,maporrua@maporrua.com.mx,,,,,,,-99.19134,19.34564,http://sic.gob.mx/ficha.php?table=centro_cultural&table_id=2877,2025-08-29 11:49:30-06,NO,,NO,,Sistema de Información Cultural (SIC)
CENTRO_CULTURAL_3465,3465,CENTRO_CULTURAL,PILARES La Araña,2019-02-01,Gobierno de la Ciudad de México,PUBLICO,EVIDENCIA_INSTITUCIONAL_PUBLICA,,,9,Ciudad de México,10,Álvaro Obregón,1,Álvaro Obregón,Prol. Río Mixcoac s/n esq. Querétaro,Col. La Araña,1520.0,55 5134 0770 ext 1806,https://pilares.cdmx.gob.mx/,coord_comunicacion@pilares.cdmx.gob.mx,,,,,,,-99.2403,19.36265,http://sic.gob.mx/ficha.php?table=centro_cultural&table_id=3465,2025-07-04 16:59:51-06,SI,PILARES,NO,,Sistema de Información Cultural (SIC)
CENTRO_CULTURAL_3467,3467,CENTRO_CULTURAL,PILARES Jalalpa Tepito,2019-02-15,Gobierno de la Ciudad de México,PUBLICO,EVIDENCIA_INSTITUCIONAL_PUBLICA,,,9,Ciudad de México,10,Álvaro Obregón,1,Álvaro Obregón,Encinal,Col. Jalalpa Tepito 2da Amp.,1296.0,55 5134 0770 ext 1806,https://pilares.cdmx.gob.mx/,pilaresjalalpatepito@cdmx.gob.mx,,,,,,,-99.23701,19.37423,http://sic.gob.mx/ficha.php?table=centro_cultural&table_id=3467,2025-08-07 11:01:53-06,SI,PILARES,NO,,Sistema de Información Cultural (SIC)
CENTRO_CULTURAL_3505,3505,CENTRO_CULTURAL,PILARES Árbol del Conocimiento,2019-01-01,Gobierno de la Ciudad de México,PUBLICO,EVIDENCIA_INSTITUCIONAL_PUBLICA,,,9,Ciudad de México,10,Álvaro Obregón,1,Álvaro Obregón,Luis G. Urbina s/n,Col. Lomas de Becerra,1279.0,55 5134 0770 ext 1806,https://pilares.cdmx.gob.mx/pilares/1543/arbol-del-conocimiento,coord_comunicacion@pilares.cdmx.gob.mx,,,,,,,-99.22207,19.38428,http://sic.gob.mx/ficha.php?table=centro_cultural&table_id=3505,2025-10-08 17:12:18-06,SI,PILARES,NO,,Sistema de Información Cultural (SIC)
CENTRO_CULTURAL_3652,3652,CENTRO_CULTURAL,PILARES Lomas de Becerra,2022-01-01,Gobierno de la Ciudad de México,PUBLICO,EVIDENCIA_INSTITUCIONAL_PUBLICA,,,9,Ciudad de México,10,Álvaro Obregón,1,Álvaro Obregón,Antigua Vía la Venta esq. Guerrerenses,Col. Atturo Martínez,1200.0,55 5134 0770 ext 1806,https://pilares.cdmx.gob.mx/,coord_comunicacion@pilares.cdmx.gob.mx,,,,,,,-99.21825,19.38602,http://sic.gob.mx/ficha.php?table=centro_cultural&table_id=3652,2025-09-19 18:13:37-06,SI,PILARES,NO,,Sistema de Información Cultural (SIC)
CENTRO_CULTURAL_3581,3581,CENTRO_CULTURAL,PILARES Las Águilas,1000-01-01,Secretaría de Cultura de la Ciudad de México,PUBLICO,EVIDENCIA_INSTITUCIONAL_PUBLICA,,,9,Ciudad de México,10,Álvaro Obregón,1,Álvaro Obregón,Prol. Barranca del Muerto s/n,"Col. Las Águilas, Sección Hornos",1710.0,55 5134 0770 ext 1806,https://pilares.cdmx.gob.mx/,coord_comunicacion@pilares.cdmx.gob.mx,,,,,,,-99.20562,19.36203,http://sic.gob.mx/ficha.php?table=centro_cultural&table_id=3581,2024-06-07 12:04:07-06,SI,PILARES,NO,,Sistema de Información Cultural (SIC)
CENTRO_CULTURAL_3720,3720,CENTRO_CULTURAL,PILRES Piloto,1000-01-01,Gobierno de la Ciudad de México,PUBLICO,EVIDENCIA_INSTITUCIONAL_PUBLICA,,,9,Ciudad de México,10,Álvaro Obregón,1,Álvaro Obregón,Av. Puerto Mazatlán,Col. Piloto Adolfo López Mateos,1298.0,55 5134 0770 ext 1806,https://pilares.cdmx.gob.mx/,coord_comunicacion@pilares.cdmx.gob.mx,,,,,,,-99.23236,19.37152,http://sic.gob.mx/ficha.php?table=centro_cultural&table_id=3720,2024-06-24 12:57:37-06,NO,,NO,,Sistema de Información Cultural (SIC)
CENTRO_CULTURAL_3651,3651,CENTRO_CULTURAL,PILARES La Comuna Álvaro Obregón,2023-04-01,Secretaría de Cultura de la Ciudad de México,PUBLICO,EVIDENCIA_INSTITUCIONAL_PUBLICA,,,9,Ciudad de México,10,Álvaro Obregón,1,Álvaro Obregón,Ricardo Flores Magón s/n,Col. Olivar del Conde 2da. Sección,1408.0,55 5134 0770 ext 1806,https://pilares.cdmx.gob.mx/,coord_comunicacion@pilares.cdmx.gob.mx,,,,,,,-99.21319,19.37444,http://sic.gob.mx/ficha.php?table=centro_cultural&table_id=3651,2025-06-11 17:44:00-06,SI,PILARES,NO,,Sistema de Información Cultural (SIC)
CENTRO_CULTURAL_3567,3567,CENTRO_CULTURAL,PILARES Olivar del Conde,2020-01-30,Gobierno de la Ciudad de México,PUBLICO,EVIDENCIA_INSTITUCIONAL_PUBLICA,,,9,Ciudad de México,10,Álvaro Obregón,1,Álvaro Obregón,Calle 20 s/n,Col. Olivar del Conde 1ra sección,1400.0,55 5134 0770 ext 1806,https://pilares.cdmx.gob.mx/,coord_comunicacion@pilares.cdmx.gob.mx,,,,,,,-99.20468,19.37369,http://sic.gob.mx/ficha.php?table=centro_cultural&table_id=3567,2025-06-27 19:49:04-06,SI,PILARES,NO,,Sistema de Información Cultural (SIC)
CENTRO_CULTURAL_2966,2966,CENTRO_CULTURAL,Centro Cultural Pedregal,2012-08-26,"Ágora Cultural Pedregal, S.C.",PRIVADO,EVIDENCIA_INSTITUCIONAL_PRIVADA,,,9,Ciudad de México,10,Álvaro Obregón,1,Álvaro Obregón,Av. de las Fuentes 557,Col. Jardines del Pedregal,1900.0,55 5568 2043,http://www.centroculturalpedregal.mx; https://www.facebook.com/CentroCulturalPedregalMx/?fref=ts; https://twitter.com/centropedregal,info@centroculturalpedregal.com,,,,,,,-99.21243,19.31698,http://sic.gob.mx/ficha.php?table=centro_cultural&table_id=2966,2025-04-09 11:52:57-06,NO,,NO,,Sistema de Información Cultural (SIC)
CENTRO_CULTURAL_3589,3589,CENTRO_CULTURAL,PILARES Río San Borja,1000-01-01,Secretaría de Cultura de la Ciudad de México,PUBLICO,EVIDENCIA_INSTITUCIONAL_PUBLICA,,,9,Ciudad de México,10,Álvaro Obregón,1,Álvaro Obregón,Av. Rio San Borja,Col. Olivar del Conde 2da Secc,1408.0,55 5134 0770 ext 1806,https://pilares.cdmx.gob.mx/,coord_comunicacion@pilares.cdmx.gob.mx,,,,,,,-99.21685,19.37557,http://sic.gob.mx/ficha.php?table=centro_cultural&table_id=3589,2024-06-11 11:31:51-06,SI,PILARES,NO,,Sistema de Información Cultural (SIC)
CENTRO_CULTURAL_3525,3525,CENTRO_CULTURAL,PILARES Presidentes,2019-01-01,Gobierno de la Ciudad de México,PUBLICO,EVIDENCIA_INSTITUCIONAL_PUBLICA,,,9,Ciudad de México,10,Álvaro Obregón,1,Álvaro Obregón,Adolfo de La Huerta,Col. Presidentes,1299.0,55 5134 0770 ext 1806,https://pilares.cdmx.gob.mx/pilares/1563/presidentes,coord_comunicacion@pilares.cdmx.gob.mx,,,,,,,-99.22133,19.37724,http://sic.gob.mx/ficha.php?table=centro_cultural&table_id=3525,2025-08-26 16:51:10-06,SI,PILARES,NO,,Sistema de Información Cultural (SIC)
CENTRO_CULTURAL_1399,1399,CENTRO_CULTURAL,Centro Cultural Isidro Fabela,1991-06-01,Gobierno del Estado de México,PUBLICO,EVIDENCIA_INSTITUCIONAL_PUBLICA,,,9,Ciudad de México,10,Álvaro Obregón,1,Álvaro Obregón,Plaza de San Jacinto 5,Col. San Ángel,1000.0,55 5616 2711,,contacto@isidrofabela.org.mx,,,,,,,-99.19204,19.34496,http://sic.gob.mx/ficha.php?table=centro_cultural&table_id=1399,2024-09-29 10:58:12-06,NO,,NO,,Sistema de Información Cultural (SIC)
CENTRO_CULTURAL_3529,3529,CENTRO_CULTURAL,PILARES Santa Lucia,2019-11-01,Secretaría de Cultura de la Ciudad de México,PUBLICO,EVIDENCIA_INSTITUCIONAL_PUBLICA,,,9,Ciudad de México,10,Álvaro Obregón,1,Álvaro Obregón,Av Santa Lucia 36,Col. Colina del Sur,1430.0,55 5134 0770 ext 1806,https://pilares.cdmx.gob.mx/,coord_comunicacion@pilares.cdmx.gob.mx,,,,,,,-99.22284,19.36873,http://sic.gob.mx/ficha.php?table=centro_cultural&table_id=3529,2025-06-03 16:47:04-06,SI,PILARES,NO,,Sistema de Información Cultural (SIC)
CENTRO_CULTURAL_3506,3506,CENTRO_CULTURAL,PILARES Lomas de la Era,2019-08-03,Secretaría de Cultura de la Ciudad de México,PUBLICO,EVIDENCIA_INSTITUCIONAL_PUBLICA,,,9,Ciudad de México,10,Álvaro Obregón,214,Camino a la Bandera,And. 29 de Octubre s/n,Col. Lomas de la Era,1860.0,55 5134 0770 ext 1806,https://pilares.cdmx.gob.mx/,coord_comunicacion@pilares.cdmx.gob.mx,,,,,,,-99.25956,19.32564,http://sic.gob.mx/ficha.php?table=centro_cultural&table_id=3506,2025-11-19 16:52:52-06,SI,PILARES,NO,,Sistema de Información Cultural (SIC)
CENTRO_CULTURAL_3744,3744,CENTRO_CULTURAL,PILARES Santa Rosa,2021-01-01,Secretaría de Cultura de la Ciudad de México,PUBLICO,EVIDENCIA_INSTITUCIONAL_PUBLICA,,,9,Ciudad de México,10,Álvaro Obregón,214,Camino a la Bandera,Rcda. de Jesús s/n,Col. Santa Rosa Xochiac,1830.0,55 5134 0770 ext 1806,https://pilares.cdmx.gob.mx/,coord_comunicacion@pilares.cdmx.gob.mx,,,,,,,-99.28221,19.32597,http://sic.gob.mx/ficha.php?table=centro_cultural&table_id=3744,2025-06-24 17:05:10-06,SI,PILARES,NO,,Sistema de Información Cultural (SIC)
CENTRO_CULTURAL_3503,3503,CENTRO_CULTURAL,PILARES La Cuesta,1000-01-01,Gobierno de la Ciudad de México,PUBLICO,EVIDENCIA_INSTITUCIONAL_PUBLICA,,,9,Ciudad de México,10,Álvaro Obregón,214,Camino a la Bandera,Andador Tecalcapa,El Mirador,1700.0,55 5134 0770 ext 1806,https://pilares.cdmx.gob.mx/,coord_comunicacion@pilares.cdmx.gob.mx,,,,,,,-99.22572,19.34566,http://sic.gob.mx/ficha.php?table=centro_cultural&table_id=3503,2024-06-07 09:05:30-06,SI,PILARES,NO,,Sistema de Información Cultural (SIC)
CENTRO_CULTURAL_3721,3721,CENTRO_CULTURAL,PILARES Santa Lucía-Río Mixcoac,1000-01-01,Secretaría de Cultura de la Ciudad de México,PUBLICO,EVIDENCIA_INSTITUCIONAL_PUBLICA,,,9,Ciudad de México,10,Álvaro Obregón,214,Camino a la Bandera,Río Mixcoac s/n,Col. Santa Lucía,1430.0,55 5134 0770 ext 1806,https://pilares.cdmx.gob.mx/,coord_comunicacion@pilares.cdmx.gob.mx,,,,,,,-99.25173,19.35607,http://sic.gob.mx/ficha.php?table=centro_cultural&table_id=3721,2024-06-11 11:06:46-06,SI,PILARES,NO,,Sistema de Información Cultural (SIC)
CENTRO_CULTURAL_3570,3570,CENTRO_CULTURAL,PILARES Chamontoya,1000-01-01,Gobierno de la Ciudad de México,PUBLICO,EVIDENCIA_INSTITUCIONAL_PUBLICA,,,9,Ciudad de México,10,Álvaro Obregón,214,Camino a la Bandera,Azucena Lt. 20,Col. Lomas de Chamontoya,1857.0,55 5134 0770 ext 1806,https://pilares.cdmx.gob.mx/pilares/1608/chamontoya,coord_comunicacion@pilares.cdmx.gob.mx,,,,,,,-99.26821,19.31798,http://sic.gob.mx/ficha.php?table=centro_cultural&table_id=3570,2024-06-18 17:40:46-06,SI,PILARES,NO,,Sistema de Información Cultural (SIC)
CENTRO_CULTURAL_934,934,CENTRO_CULTURAL,Casa de Cultura Frida Kahlo,1994-10-04,Alcaldía Tláhuac/Dirección de Cultura,PUBLICO,EVIDENCIA_INSTITUCIONAL_PUBLICA,,,9,Ciudad de México,11,Tláhuac,1,Tláhuac,Paseo Nuevo s/n entre Ojo de Agua y Tláhuac,Col. San Francisco Tlaltenco,13450.0,55 5866 0676,,casadeculturafridakahlo06@gmail.com,,,,,,,-99.01423,19.29139,http://sic.gob.mx/ficha.php?table=centro_cultural&table_id=934,2025-04-07 18:23:31-06,NO,,NO,,Sistema de Información Cultural (SIC)
CENTRO_CULTURAL_1702,1702,CENTRO_CULTURAL,Centro Cultural Zapotitlán,2002-10-02,Alcaldía Tláhuac/Dirección de Cultura,PUBLICO,EVIDENCIA_INSTITUCIONAL_PUBLICA,,,9,Ciudad de México,11,Tláhuac,1,Tláhuac,Ignacio Zaragoza s/n esq. Jesús Castro,Pueblo Santiago Zapotitlán,13300.0,55 5841 7600,https://www.facebook.com/profile.php?id=100007589807395&fref=ts,cczapotitlan@hotmail.com; vale1_2001@yahoo.com.mx,,,,,,,-99.03663,19.30083,http://sic.gob.mx/ficha.php?table=centro_cultural&table_id=1702,2025-04-09 18:21:43-06,NO,,NO,,Sistema de Información Cultural (SIC)
CENTRO_CULTURAL_3704,3704,CENTRO_CULTURAL,PILARES Miguel Hidalgo,2019-01-01,Secretaría de Cultura de la Ciudad de México,PUBLICO,EVIDENCIA_INSTITUCIONAL_PUBLICA,,,9,Ciudad de México,11,Tláhuac,1,Tláhuac,La Gioconda,Col. Miguel Hidalgo,13200.0,55 5134 0770 ext 1806,https://pilares.cdmx.gob.mx/,coord_comunicacion@pilares.cdmx.gob.mx,,,,,,,-99.04613,19.2923,http://sic.gob.mx/ficha.php?table=centro_cultural&table_id=3704,2025-10-30 11:46:55-06,SI,PILARES,NO,,Sistema de Información Cultural (SIC)
CENTRO_CULTURAL_977,977,CENTRO_CULTURAL,Casa de Cultura Los Olivos,2000-03-13,Alcaldía Tláhuac/Dirección de Cultura,PUBLICO,EVIDENCIA_INSTITUCIONAL_PUBLICA,,,9,Ciudad de México,11,Tláhuac,1,Tláhuac,Providencia 20-A,Col. Ampl. Los Olivos,13210.0,55 5131 3082,,ccolivos7@gmail.com,,,,,,,-99.05856,19.30584,http://sic.gob.mx/ficha.php?table=centro_cultural&table_id=977,2023-10-09 08:09:08-06,NO,,NO,,Sistema de Información Cultural (SIC)
CENTRO_CULTURAL_3700,3700,CENTRO_CULTURAL,PILARES Selene,2022-01-01,Gobierno de la Ciudad de México,PUBLICO,EVIDENCIA_INSTITUCIONAL_PUBLICA,,,9,Ciudad de México,11,Tláhuac,1,Tláhuac,Estanislao Ramírez Ruiz,Col. Selene 1ra. Secc.,13420.0,55 5134 0770 ext 1806,https://pilares.cdmx.gob.mx/pilares/1738/selene,coord_comunicacion@pilares.cdmx.gob.mx,,,,,,,-98.998,19.29481,http://sic.gob.mx/ficha.php?table=centro_cultural&table_id=3700,2025-09-30 18:33:51-06,SI,PILARES,NO,,Sistema de Información Cultural (SIC)
CENTRO_CULTURAL_1939,1939,CENTRO_CULTURAL,Fábrica de Artes y Oficios (FARO) Tláhuac,2006-05-26,Secretaría de Cultura de la Ciudad de México/Dirección General de Vinculación Cultural Comunitaria/Red de Faros,PUBLICO,EVIDENCIA_INSTITUCIONAL_PUBLICA,,,9,Ciudad de México,11,Tláhuac,1,Tláhuac,"Int. Bosque de Tláhuac, Av. La Turba s/n esq. Heberto Castillo",Col. Miguel Hidalgo,13200.0,55 2160 5471,https://www.cultura.cdmx.gob.mx/recintos/faro-tlahuac,farotlahuacdifusion@gmail.com; culturacomunitariaweb@gmail.com,,,,,,,-99.04607,19.28584,http://sic.gob.mx/ficha.php?table=centro_cultural&table_id=1939,2026-08-03 14:23:55-06,NO,,NO,,Sistema de Información Cultural (SIC)
CENTRO_CULTURAL_972,972,CENTRO_CULTURAL,Casa de Cultura Diego Rivera,1996-06-16,Alcaldía Tláhuac/Dirección de Cultura,PUBLICO,EVIDENCIA_INSTITUCIONAL_PUBLICA,,,9,Ciudad de México,11,Tláhuac,1,Tláhuac,Av. de la Turba s/n,Col. del Mar,13270.0,55 5845 5098,,diegoriveratlahuac@hotmail.com,,,,,,,-99.0605,19.29339,http://sic.gob.mx/ficha.php?table=centro_cultural&table_id=972,2025-04-07 14:15:14-06,NO,,NO,,Sistema de Información Cultural (SIC)
CENTRO_CULTURAL_1703,1703,CENTRO_CULTURAL,Centro Cultural Mercado La Nopalera,2006-03-01,Alcaldía Tláhuac/Dirección de Cultura,PUBLICO,EVIDENCIA_INSTITUCIONAL_PUBLICA,,,9,Ciudad de México,11,Tláhuac,1,Tláhuac,Angélica Paulet s/n esq. Gallo de oro y Falsaffat,Col. Nopalera,13220.0,(55) 5842 1613,http://consejoculturatlahuac.blogspot.mx/,betty_mobb@hotmail.com,,,,,,,-99.05444,19.29649,http://sic.gob.mx/ficha.php?table=centro_cultural&table_id=1703,2019-11-27 04:39:42-06,NO,,NO,,Sistema de Información Cultural (SIC)
CENTRO_CULTURAL_2772,2772,CENTRO_CULTURAL,Centro Cultural Ing. Juan Manuel Martínez G.,2012-08-01,Alcaldía Tláhuac/Dirección de Cultura,PUBLICO,EVIDENCIA_INSTITUCIONAL_PUBLICA,,,9,Ciudad de México,11,Tláhuac,1,Tláhuac,Gitana s/n,Col. del Mar,13270.0,(55) 5842 1613,,cencultjuanmanuelmtz@hotmail.com,,,,,,,-99.05789,19.29446,http://sic.gob.mx/ficha.php?table=centro_cultural&table_id=2772,2019-11-27 04:38:45-06,NO,,NO,,Sistema de Información Cultural (SIC)
CENTRO_CULTURAL_933,933,CENTRO_CULTURAL,Casa de Cultura Rosario Castellanos F.,1989-03-26,Alcaldía Tláhuac/Dirección de Cultura/Unidad Departamental de Proyectos Culturales,PUBLICO,EVIDENCIA_INSTITUCIONAL_PUBLICA,,,9,Ciudad de México,11,Tláhuac,1,Tláhuac,Av. Tláhuac s/n esq. Sonido Trece,Col. Santa Cecilia,13010.0,55 5766 3804,,cculturarosariocastellanos_69@yahoo.com.mx; salgadomurillo.rosendo@gmail.com,,,,,,,-99.00759,19.27868,http://sic.gob.mx/ficha.php?table=centro_cultural&table_id=933,2023-06-12 06:38:14-06,NO,,NO,,Sistema de Información Cultural (SIC)
CENTRO_CULTURAL_3762,3762,CENTRO_CULTURAL,PILARES Jaime Torres Bodet,1000-01-01,Gobierno de la Ciudad de México,PUBLICO,EVIDENCIA_INSTITUCIONAL_PUBLICA,,,9,Ciudad de México,11,Tláhuac,21,San Juan Ixtayopan,Educación Politécnica 9,Col. Jaime Torres Bodet,,55 5134 0770 ext 1806,https://pilares.cdmx.gob.mx/,coord_comunicacion@pilares.cdmx.gob.mx,,,,,,,-98.99986,19.23064,http://sic.gob.mx/ficha.php?table=centro_cultural&table_id=3762,2024-07-01 14:43:55-06,SI,PILARES,NO,,Sistema de Información Cultural (SIC)
CENTRO_CULTURAL_3698,3698,CENTRO_CULTURAL,PILARES San Nicolás Tetelco,1000-01-01,Gobierno de la Ciudad de México,PUBLICO,EVIDENCIA_INSTITUCIONAL_PUBLICA,,,9,Ciudad de México,11,Tláhuac,24,San Nicolás Tetelco,"Avenida Emiliano Zapata, Mz. 248 Lt. 24",San Nicolás Tetelco,13700.0,55 5134 0770 ext 1806,https://pilares.cdmx.gob.mx/,coord_comunicacion@pilares.cdmx.gob.mx,,,,,,,-98.97246,19.2177,http://sic.gob.mx/ficha.php?table=centro_cultural&table_id=3698,2024-06-19 13:00:13-06,SI,PILARES,NO,,Sistema de Información Cultural (SIC)
CENTRO_CULTURAL_1704,1704,CENTRO_CULTURAL,Centro Cultural Santa Catarina Yecahuizotl,2002-03-08,Alcaldía Tláhuac/Dirección de Cultura,PUBLICO,EVIDENCIA_INSTITUCIONAL_PUBLICA,,,9,Ciudad de México,11,Tláhuac,26,Santa Catarina Yecahuitzotl,Belisario Domínguez s/n esq. Emiliano Zapata,Col. Santa Catarina,13100.0,(55) 4444 2728,,solares_03@hotmail.com,,,,,,,-98.9683,19.30918,http://sic.gob.mx/ficha.php?table=centro_cultural&table_id=1704,2019-11-27 04:38:58-06,NO,,NO,,Sistema de Información Cultural (SIC)
CENTRO_CULTURAL_3737,3737,CENTRO_CULTURAL,PILARES San José,1000-01-01,Gobierno de la Ciudad de México,PUBLICO,EVIDENCIA_INSTITUCIONAL_PUBLICA,,,9,Ciudad de México,11,Tláhuac,71,Tabla los Pozos,Av. Agustín Lara s/n,Col. San José,13020.0,55 5134 0770 ext 1806,https://pilares.cdmx.gob.mx/,coord_comunicacion@pilares.cdmx.gob.mx,,,,,,,-98.99367,19.27595,http://sic.gob.mx/ficha.php?table=centro_cultural&table_id=3737,2024-06-25 14:50:59-06,SI,PILARES,NO,,Sistema de Información Cultural (SIC)
CENTRO_CULTURAL_3532,3532,CENTRO_CULTURAL,PILARES Mixquic,2019-01-01,Gobierno de la Ciudad de México,PUBLICO,EVIDENCIA_INSTITUCIONAL_PUBLICA,,,9,Ciudad de México,11,Tláhuac,86,Xila,Calz. Plutarco Elías Calles,Col. Santa Cruz,13650.0,55 5134 0770 ext 1806,https://pilares.cdmx.gob.mx/,coord_comunicacion@pilares.cdmx.gob.mx,,,,,,,-98.95267,19.22626,http://sic.gob.mx/ficha.php?table=centro_cultural&table_id=3532,2025-08-29 18:00:31-06,SI,PILARES,NO,,Sistema de Información Cultural (SIC)
CENTRO_CULTURAL_3477,3477,CENTRO_CULTURAL,PILARES Rosario Castellanos,2019-03-07,Gobierno de la Ciudad de México,PUBLICO,EVIDENCIA_INSTITUCIONAL_PUBLICA,,,9,Ciudad de México,11,Tláhuac,94,Chinampa San Juan,Av. Tláhuac esq. Av. Sonido Trece,Col. Santa Cecilia,13010.0,55 5134 0770 ext 1806,https://pilares.cdmx.gob.mx/,coord_comunicacion@pilares.cdmx.gob.mx,,,,,,,-99.00789,19.27804,http://sic.gob.mx/ficha.php?table=centro_cultural&table_id=3477,2024-06-24 14:51:28-06,SI,PILARES,NO,,Sistema de Información Cultural (SIC)
CENTRO_CULTURAL_3547,3547,CENTRO_CULTURAL,PILARES Miguel Hidalgo,2019-11-17,Gobierno de la Ciudad de México,PUBLICO,EVIDENCIA_INSTITUCIONAL_PUBLICA,,,9,Ciudad de México,11,Tláhuac,126,Camino a Tlaltenco,La Gioconda,Col. Miguel Hidalgo,13200.0,55 5134 0770 ext 1806,https://pilares.cdmx.gob.mx/,coord_comunicacion@pilares.cdmx.gob.mx,,,,,,,-99.04598,19.29212,http://sic.gob.mx/ficha.php?table=centro_cultural&table_id=3547,2024-06-26 08:46:30-06,SI,PILARES,NO,,Sistema de Información Cultural (SIC)
CENTRO_CULTURAL_3572,3572,CENTRO_CULTURAL,PILARES Tlaltenco,1000-01-01,Gobierno de la Ciudad de México,PUBLICO,EVIDENCIA_INSTITUCIONAL_PUBLICA,,,9,Ciudad de México,11,Tláhuac,129,Rancho los Pollitos,Av. Ojo de Agua 161,Col. Ojo de Agua,13450.0,55 5134 0770 ext 1806,https://pilares.cdmx.gob.mx/,coord_comunicacion@pilares.cdmx.gob.mx,,,,,,,-99.00935,19.29106,http://sic.gob.mx/ficha.php?table=centro_cultural&table_id=3572,2024-06-26 09:17:13-06,SI,PILARES,NO,,Sistema de Información Cultural (SIC)
CENTRO_CULTURAL_3699,3699,CENTRO_CULTURAL,PILARES Santa Catarina,1000-01-01,Secretaría de Cultura de la Ciudad de México,PUBLICO,EVIDENCIA_INSTITUCIONAL_PUBLICA,,,9,Ciudad de México,11,Tláhuac,141,Colonia los 500 metros,Toltecas 161,Col. Santa Catarina,13120.0,55 5134 0770 ext 1806,https://pilares.cdmx.gob.mx/,coord_comunicacion@pilares.cdmx.gob.mx,,,,,,,-98.96222,19.31896,http://sic.gob.mx/ficha.php?table=centro_cultural&table_id=3699,2024-06-11 11:08:46-06,SI,PILARES,NO,,Sistema de Información Cultural (SIC)
CENTRO_CULTURAL_3697,3697,CENTRO_CULTURAL,PILARES Quetzalcóatl,1000-01-01,Gobierno de la Ciudad de México,PUBLICO,EVIDENCIA_INSTITUCIONAL_PUBLICA,,,9,Ciudad de México,11,Tláhuac,148,Puertantitla (Camino al Cerro),Andrés Quintana Roo s/n,Col. Guadalupe Tlaltenco,13450.0,55 5134 0770 ext 1806,https://pilares.cdmx.gob.mx/,coord_comunicacion@pilares.cdmx.gob.mx,,,,,,,-99.01372,19.29485,http://sic.gob.mx/ficha.php?table=centro_cultural&table_id=3697,2024-06-17 13:25:25-06,SI,PILARES,NO,,Sistema de Información Cultural (SIC)
CENTRO_CULTURAL_3701,3701,CENTRO_CULTURAL,PILARES Tierra Blanca,2021-01-01,Secretaría de Cultura de la Ciudad de México,PUBLICO,EVIDENCIA_INSTITUCIONAL_PUBLICA,,,9,Ciudad de México,11,Tláhuac,149,Prolongación el Rosario,Sauces s/n,Col. El Rosario,13540.0,55 5134 0770 ext 1806,https://pilares.cdmx.gob.mx/,coord_comunicacion@pilares.cdmx.gob.mx,,,,,,,-99.00508,19.23929,http://sic.gob.mx/ficha.php?table=centro_cultural&table_id=3701,2025-08-25 17:18:24-06,SI,PILARES,NO,,Sistema de Información Cultural (SIC)
CENTRO_CULTURAL_3606,3606,CENTRO_CULTURAL,PILARES Ana Bolena,2022-01-23,Secretaría de Cultura de la Ciudad de México,PUBLICO,EVIDENCIA_INSTITUCIONAL_PUBLICA,,,9,Ciudad de México,11,Tláhuac,158,Las Calabacitas,Ana Bolena 270,Col.  La Nopalera,13280.0,55 5134 0770 ext 1806,https://pilares.cdmx.gob.mx/,coord_comunicacion@pilares.cdmx.gob.mx,,,,,,,-99.0546,19.29235,http://sic.gob.mx/ficha.php?table=centro_cultural&table_id=3606,2025-11-11 17:29:28-06,SI,PILARES,NO,,Sistema de Información Cultural (SIC)
CENTRO_CULTURAL_3607,3607,CENTRO_CULTURAL,PILARES Cocodrilo,1000-01-01,Gobierno de la Ciudad de México,PUBLICO,EVIDENCIA_INSTITUCIONAL_PUBLICA,,,9,Ciudad de México,11,Tláhuac,158,Las Calabacitas,Cocodrilo 67,Col. Los Olivos,13210.0,55 5134 0770 ext 1806,https://pilares.cdmx.gob.mx/,coord_comunicacion@pilares.cdmx.gob.mx,,,,,,,-99.05964,19.30181,http://sic.gob.mx/ficha.php?table=centro_cultural&table_id=3607,2024-06-12 14:29:38-06,SI,PILARES,NO,,Sistema de Información Cultural (SIC)
CENTRO_CULTURAL_3548,3548,CENTRO_CULTURAL,PILARES Murciélago,2019-01-01,Gobierno de la Ciudad de México,PUBLICO,EVIDENCIA_INSTITUCIONAL_PUBLICA,,,9,Ciudad de México,11,Tláhuac,158,Las Calabacitas,El Murciélago Mz. 8 LT. 20,Agrícola Metropolitana,13280.0,55 5134 0770 ext 1806,https://pilares.cdmx.gob.mx/,coord_comunicacion@pilares.cdmx.gob.mx,,,,,,,-99.04931,19.2917,http://sic.gob.mx/ficha.php?table=centro_cultural&table_id=3548,2025-08-25 16:57:00-06,SI,PILARES,NO,,Sistema de Información Cultural (SIC)
CENTRO_CULTURAL_3608,3608,CENTRO_CULTURAL,PILARES Nopalera,2021-01-01,Gobierno de la Ciudad de México,PUBLICO,EVIDENCIA_INSTITUCIONAL_PUBLICA,,,9,Ciudad de México,11,Tláhuac,158,Las Calabacitas,Angélica Paulet esq. Falstaff,La Nopalera,13250.0,55 5134 0770 ext 1806,https://pilares.cdmx.gob.mx/,coord_comunicacion@pilares.cdmx.gob.mx,,,,,,,-99.05479,19.29646,http://sic.gob.mx/ficha.php?table=centro_cultural&table_id=3608,2025-10-08 17:25:39-06,SI,PILARES,NO,,Sistema de Información Cultural (SIC)
CENTRO_CULTURAL_3507,3507,CENTRO_CULTURAL,PILARES Paulo Freire,2019-08-07,Gobierno de la Ciudad de México,PUBLICO,EVIDENCIA_INSTITUCIONAL_PUBLICA,,,9,Ciudad de México,11,Tláhuac,158,Las Calabacitas,Santa Cruz 127,Col. Las Arboledas,13319.0,55 5134 0770 ext 1806,https://pilares.cdmx.gob.mx/,coord_comunicacion@pilares.cdmx.gob.mx,,,,,,,-99.05112,19.30584,http://sic.gob.mx/ficha.php?table=centro_cultural&table_id=3507,2024-06-12 12:35:44-06,SI,PILARES,NO,,Sistema de Información Cultural (SIC)
CENTRO_CULTURAL_3478,3478,CENTRO_CULTURAL,PILARES García Lorca,2019-03-07,Gobierno de la Ciudad de México,PUBLICO,EVIDENCIA_INSTITUCIONAL_PUBLICA,,,9,Ciudad de México,11,Tláhuac,158,Las Calabacitas,Cecilio Acosta s/n,San Miguel Zapotitla,13310.0,55 5134 0770 ext 1806,https://pilares.cdmx.gob.mx/,coord_comunicacion@pilares.cdmx.gob.mx,,,,,,,-99.03694,19.31159,http://sic.gob.mx/ficha.php?table=centro_cultural&table_id=3478,2025-05-29 19:32:54-06,SI,PILARES,NO,,Sistema de Información Cultural (SIC)
CENTRO_CULTURAL_967,967,CENTRO_CULTURAL,Casa de la Cultura de Tlalpan,1988-11-30,Alcaldía Tlalpan/Dirección General de Derechos Culturales y Educativos,PUBLICO,EVIDENCIA_INSTITUCIONAL_PUBLICA,,,9,Ciudad de México,12,Tlalpan,1,Tlalpan,Camino a Santa Teresa s/n esq. Zacatépetl,Col. Bosque del Pedregal,14010.0,55 5606 3839,,casadelaculturatlalpan@gmail.com,,,,,,,-99.19223,19.29613,http://sic.gob.mx/ficha.php?table=centro_cultural&table_id=967,2026-07-28 12:23:53-06,NO,,NO,,Sistema de Información Cultural (SIC)
CENTRO_CULTURAL_2890,2890,CENTRO_CULTURAL,Casa del Virrey de Mendoza,2012-05-03,"Gobierno de la Ciudad de México/Alcaldía Tlalpan/Grupo Tequio, A.C.",MIXTO,MIXTO_CONFIRMADO,,,9,Ciudad de México,12,Tlalpan,1,Tlalpan,Juárez 15 esq. Victoria.,Centro de Tlalpan,14000.0,,,,,,,,,,-99.16909,19.28828,http://sic.gob.mx/ficha.php?table=centro_cultural&table_id=2890,2020-04-20 14:46:47-05,NO,,NO,,Sistema de Información Cultural (SIC)
CENTRO_CULTURAL_963,963,CENTRO_CULTURAL,Centro Cultural Ollin Yoliztli (CCOY),1979-11-27,Secretaría de Cultura de la Ciudad de México,PUBLICO,EVIDENCIA_INSTITUCIONAL_PUBLICA,,,9,Ciudad de México,12,Tlalpan,1,Tlalpan,Periférico Sur 5141,Col. Isidro Fabela,14030.0,55 5606 3901,https://www.cultura.cdmx.gob.mx/recintos/archivo-historico/centros-culturales/ccoy,ollinyoliztlidifusion@df.gob.mx; direccionccoy@df.gob.mx; pachecofidencio@gmail.com,,,,,,,-99.17844,19.30305,http://sic.gob.mx/ficha.php?table=centro_cultural&table_id=963,2025-08-28 14:27:20-06,NO,,NO,,Sistema de Información Cultural (SIC)
CENTRO_CULTURAL_2466,2466,CENTRO_CULTURAL,Centro Cultural Ignacio Ramírez ISSSTE,1963-11-13,Instituto de Seguridad y Servicios Sociales de los Trabajadores del Estado (ISSSTE),PUBLICO,EVIDENCIA_INSTITUCIONAL_PUBLICA,,,9,Ciudad de México,12,Tlalpan,1,Tlalpan,Av. San Fernando 15,Col. San Pedro Apostol,14070.0,55 5141 5400 ext. 22301,,svaltoartesescenicas@gmail.com,,,,,,,-99.17166,19.29386,http://sic.gob.mx/ficha.php?table=centro_cultural&table_id=2466,2023-12-06 07:53:15-06,NO,,NO,,Sistema de Información Cultural (SIC)
CENTRO_CULTURAL_3049,3049,CENTRO_CULTURAL,Centro de Artes y Oficios (CAO) Xochipilli (Cerrado temporalmente),2017-10-28,Alcaldía Tlalpan/JUD de Cultura Comunitaria,PUBLICO,EVIDENCIA_INSTITUCIONAL_PUBLICA,,,9,Ciudad de México,12,Tlalpan,1,Tlalpan,Av. del Paraíso s/n,Ejidos de San Pedro Mártir,14600.0,(55) 5485 3266,,alisosnaya@gmail.com,,,,,,,-99.15621,19.26859,http://sic.gob.mx/ficha.php?table=centro_cultural&table_id=3049,2019-11-27 04:43:02-06,NO,,NO,,Sistema de Información Cultural (SIC)
CENTRO_CULTURAL_2096,2096,CENTRO_CULTURAL,Centro Cultural Casa Frissac,2000-05-01,Alcaldía Tlalpan,PUBLICO,EVIDENCIA_INSTITUCIONAL_PUBLICA,,,9,Ciudad de México,12,Tlalpan,1,Tlalpan,Plaza de la Constitución 1 esq. Moneda,Centro,14000.0,55 5483 1500 ext. 7306,https://culturatlalpan.wixsite.com/cultura/project-2,judrcpayc@gmail.com,,,,,,,-99.16776,19.28906,http://sic.gob.mx/ficha.php?table=centro_cultural&table_id=2096,2026-07-28 12:15:53-06,NO,,NO,,Sistema de Información Cultural (SIC)
CENTRO_CULTURAL_3705,3705,CENTRO_CULTURAL,PILARES Zapote,2023-03-30,Gobierno de la Ciudad de México,PUBLICO,EVIDENCIA_INSTITUCIONAL_PUBLICA,,,9,Ciudad de México,12,Tlalpan,1,Tlalpan,Zapote 155,Col. Zapote,,55 5134 0770 ext 1806,https://pilares.cdmx.gob.mx/,coord_comunicacion@pilares.cdmx.gob.mx,,,,,,,-99.17881,19.30023,http://sic.gob.mx/ficha.php?table=centro_cultural&table_id=3705,2024-06-12 14:17:41-06,SI,PILARES,NO,,Sistema de Información Cultural (SIC)
CENTRO_CULTURAL_2150,2150,CENTRO_CULTURAL,Centro Cultural y Social Hidalguense,2004-12-07,"Centro Cultural y Social Hidalguense, A.C./Consejo Estatal para la Cultura y las Artes de Hidalgo/ Representación del Gobierno del Estado de Hidalgo",MIXTO,MIXTO_CONFIRMADO,,,9,Ciudad de México,12,Tlalpan,1,Tlalpan,Calz. de Tlalpan 4743 esq. Av. San Fernando,Tlalpan Centro,14000.0,554 094 95 26,https://centrohidalguense.com/,direccion@centrohidalguense.com; cultura@centrohidalguense.com,,,,,,,-99.16244,19.29046,http://sic.gob.mx/ficha.php?table=centro_cultural&table_id=2150,2024-02-19 05:32:46-06,NO,,NO,,Sistema de Información Cultural (SIC)
CENTRO_CULTURAL_3560,3560,CENTRO_CULTURAL,PILARES La Joya,2020-01-01,Gobierno de la Ciudad de México,PUBLICO,EVIDENCIA_INSTITUCIONAL_PUBLICA,,,9,Ciudad de México,12,Tlalpan,1,Tlalpan,Insurgentes 4461,Col. La Joya,14090.0,55 5134 0770 ext 1806,https://pilares.cdmx.gob.mx/pilares/1598/la-joya,coord_comunicacion@pilares.cdmx.gob.mx,,,,,,,-99.16756,19.27844,http://sic.gob.mx/ficha.php?table=centro_cultural&table_id=3560,2025-11-11 16:49:24-06,SI,PILARES,NO,,Sistema de Información Cultural (SIC)
CENTRO_CULTURAL_3706,3706,CENTRO_CULTURAL,PILARES Pedregal de las Águilas,1000-01-01,Secretaría de Cultura de la Ciudad de México,PUBLICO,EVIDENCIA_INSTITUCIONAL_PUBLICA,,,9,Ciudad de México,12,Tlalpan,1,Tlalpan,Lacandones s/n,Col. Pedregal de las Águilas,14439.0,55 5134 0770 ext 1806,https://pilares.cdmx.gob.mx/,coord_comunicacion@pilares.cdmx.gob.mx,,,,,,,-99.17638,19.27204,http://sic.gob.mx/ficha.php?table=centro_cultural&table_id=3706,2024-06-13 08:13:23-06,SI,PILARES,NO,,Sistema de Información Cultural (SIC)
CENTRO_CULTURAL_3645,3645,CENTRO_CULTURAL,PILARES San Lorenzo Huipulco,1000-01-01,Gobierno de la Ciudad de México,PUBLICO,EVIDENCIA_INSTITUCIONAL_PUBLICA,,,9,Ciudad de México,12,Tlalpan,1,Tlalpan,Calzada de Tlalpan esq. Calzada Acoxpa,Col. Sta. Úrsula Coapa,4650.0,55 5134 0770 ext 1806,https://pilares.cdmx.gob.mx/,coord_comunicacion@pilares.cdmx.gob.mx,,,,,,,-99.14713,19.30104,http://sic.gob.mx/ficha.php?table=centro_cultural&table_id=3645,2025-08-28 18:19:46-06,SI,PILARES,NO,,Sistema de Información Cultural (SIC)
CENTRO_CULTURAL_3752,3752,CENTRO_CULTURAL,PILARES San Nicolás II,1000-01-01,Gobierno de la Ciudad de México,PUBLICO,EVIDENCIA_INSTITUCIONAL_PUBLICA,,,9,Ciudad de México,12,Tlalpan,1,Tlalpan,Plan de La Máquina 330,Col. San Nicolás II,14735.0,55 5134 0770 ext 1806,https://pilares.cdmx.gob.mx/,coord_comunicacion@pilares.cdmx.gob.mx,,,,,,,-99.23831,19.2674,http://sic.gob.mx/ficha.php?table=centro_cultural&table_id=3752,2024-06-13 13:02:07-06,SI,PILARES,NO,,Sistema de Información Cultural (SIC)
CENTRO_CULTURAL_3738,3738,CENTRO_CULTURAL,PILARES Deportivo Xóchitl,1000-01-01,Gobierno de la Ciudad de México,PUBLICO,EVIDENCIA_INSTITUCIONAL_PUBLICA,,,9,Ciudad de México,12,Tlalpan,1,Tlalpan,Calle Corregidora s/n,Miguel Hidalgo,14250.0,55 5134 0770 ext 1806,https://pilares.cdmx.gob.mx/,coord_comunicacion@pilares.cdmx.gob.mx,,,,,,,-99.18248,19.29054,http://sic.gob.mx/ficha.php?table=centro_cultural&table_id=3738,2024-06-14 09:22:57-06,SI,PILARES,NO,,Sistema de Información Cultural (SIC)
CENTRO_CULTURAL_3708,3708,CENTRO_CULTURAL,PILARES Tepeximilpa,1000-01-01,Gobierno de la Ciudad de México,PUBLICO,EVIDENCIA_INSTITUCIONAL_PUBLICA,,,9,Ciudad de México,12,Tlalpan,1,Tlalpan,Tequistlateco s/n,San Juan Tepeximilpa,14427.0,55 5134 0770 ext 1806,https://pilares.cdmx.gob.mx/,coord_comunicacion@pilares.cdmx.gob.mx,,,,,,,-99.19047,19.27282,http://sic.gob.mx/ficha.php?table=centro_cultural&table_id=3708,2024-06-14 11:26:51-06,SI,PILARES,NO,,Sistema de Información Cultural (SIC)
CENTRO_CULTURAL_2613,2613,CENTRO_CULTURAL,Centro de Artes y Oficios Tiempo Nuevo,1990-05-01,Alcaldía Tlalpan,PUBLICO,EVIDENCIA_INSTITUCIONAL_PUBLICA,,,9,Ciudad de México,12,Tlalpan,1,Tlalpan,Jesus Lecuona s/n,Col. Miguel Hidalgo 2da. Sección,14250.0,55 169 71498,http://www.tlalpan.cdmx.gob.mx/centros/centro-de-artes-y-oficios-cao-tiempo-nuevo/,comunicacioncaotlalpan@gmail.com,,,,,,,-99.19429,19.28667,http://sic.gob.mx/ficha.php?table=centro_cultural&table_id=2613,2025-11-13 13:12:32-06,NO,,NO,,Sistema de Información Cultural (SIC)
CENTRO_CULTURAL_3646,3646,CENTRO_CULTURAL,PILARES San Miguel Ajusco,1000-01-01,Secretaría de Cultura de la Ciudad de México,PUBLICO,EVIDENCIA_INSTITUCIONAL_PUBLICA,,,9,Ciudad de México,12,Tlalpan,26,San Miguel Ajusco,Primera cerrada de Mariano Abasolo s/n,Col. San Miguel Ajusco,14700.0,55 5134 0770 ext 1806,https://pilares.cdmx.gob.mx/pilares/1684/san-miguel,pilaressanmiguel@cdmx.gob.mx,,,,,,,-99.19553,19.23123,http://sic.gob.mx/ficha.php?table=centro_cultural&table_id=3646,2025-08-28 18:52:28-06,SI,PILARES,NO,,Sistema de Información Cultural (SIC)
CENTRO_CULTURAL_3612,3612,CENTRO_CULTURAL,PILARES Topilejo,1000-01-01,Gobierno de la Ciudad de México,PUBLICO,EVIDENCIA_INSTITUCIONAL_PUBLICA,,,9,Ciudad de México,12,Tlalpan,27,San Miguel Topilejo,Independencia 12,Col. San Miguel Topilejo,14500.0,55 5134 0770 ext 1806,https://pilares.cdmx.gob.mx/,coord_comunicacion@pilares.cdmx.gob.mx,,,,,,,-99.14129,19.19852,http://sic.gob.mx/ficha.php?table=centro_cultural&table_id=3612,2024-06-25 10:23:24-06,SI,PILARES,NO,,Sistema de Información Cultural (SIC)
CENTRO_CULTURAL_3739,3739,CENTRO_CULTURAL,PILARES Plan de Ayala,1000-01-01,Secretaría de Cultura de la Ciudad de México,PUBLICO,EVIDENCIA_INSTITUCIONAL_PUBLICA,,,9,Ciudad de México,12,Tlalpan,326,Cuauhtenco,Av. Texcalatlaco,Col. Plan de Ayala,14470.0,55 5134 0770 ext 1806,https://pilares.cdmx.gob.mx/,coord_comunicacion@pilares.cdmx.gob.mx,,,,,,,-99.15012,19.23908,http://sic.gob.mx/ficha.php?table=centro_cultural&table_id=3739,2024-06-11 11:27:12-06,SI,PILARES,NO,,Sistema de Información Cultural (SIC)
CENTRO_CULTURAL_3500,3500,CENTRO_CULTURAL,PILARES Ecoguardas,2019-07-31,Gobierno de la Ciudad de México,PUBLICO,EVIDENCIA_INSTITUCIONAL_PUBLICA,,,9,Ciudad de México,12,Tlalpan,330,Área de los Venados (La SIREFA),Carr. Picacho Ajusco km. 5.5 s/n,Col. Ampliación Miguel Hidalgo,14250.0,55 5134 0770 ext 1806,https://pilares.cdmx.gob.mx/,coord_comunicacion@pilares.cdmx.gob.mx,,,,,,,-99.20426,19.27094,http://sic.gob.mx/ficha.php?table=centro_cultural&table_id=3500,2024-06-19 14:09:47-06,SI,PILARES,NO,,Sistema de Información Cultural (SIC)
CENTRO_CULTURAL_3611,3611,CENTRO_CULTURAL,PILARES Chichicaspatl,1000-01-01,Secretaría de Cultura de la Ciudad de México,PUBLICO,EVIDENCIA_INSTITUCIONAL_PUBLICA,,,9,Ciudad de México,12,Tlalpan,379,Paraje el Negro,"Plancito Viejos, Ferrocarril de Cuernavaca 46",Col. Chichicaspatl,14108.0,55 5134 0770 ext 1806,https://pilares.cdmx.gob.mx/,coord_comunicacion@pilares.cdmx.gob.mx,,,,,,,-99.24268,19.27772,http://sic.gob.mx/ficha.php?table=centro_cultural&table_id=3611,2024-06-13 08:08:30-06,SI,PILARES,NO,,Sistema de Información Cultural (SIC)
CENTRO_CULTURAL_3702,3702,CENTRO_CULTURAL,PILARES Metropolitana Bosques,2021-09-27,Gobierno de la Ciudad de México,PUBLICO,EVIDENCIA_INSTITUCIONAL_PUBLICA,,,9,Ciudad de México,12,Tlalpan,379,Paraje el Negro,Av. Metropolitana s/n,Col. Bosques del Pedregal,14734.0,55 5134 0770 ext 1806,https://pilares.cdmx.gob.mx/,coord_comunicacion@pilares.cdmx.gob.mx,,,,,,,-99.24344,19.27061,http://sic.gob.mx/ficha.php?table=centro_cultural&table_id=3702,2024-06-25 09:36:13-06,SI,PILARES,NO,,Sistema de Información Cultural (SIC)
CENTRO_CULTURAL_3747,3747,CENTRO_CULTURAL,PILARES Chichicaspatl II,2024-11-15,Gobierno de la Ciudad de México,PUBLICO,EVIDENCIA_INSTITUCIONAL_PUBLICA,,,9,Ciudad de México,12,Tlalpan,379,Paraje el Negro,Chancenote 19-11,Col. Chichicaspatl,14108.0,55 5134 0770 ext 1806,https://pilares.cdmx.gob.mx/,coord_comunicacion@pilares.cdmx.gob.mx,,,,,,,-99.2422,19.27462,http://sic.gob.mx/ficha.php?table=centro_cultural&table_id=3747,2025-08-29 11:37:23-06,SI,PILARES,NO,,Sistema de Información Cultural (SIC)
CENTRO_CULTURAL_3610,3610,CENTRO_CULTURAL,PILARES Bosques,2021-09-27,Gobierno de la Ciudad de México,PUBLICO,EVIDENCIA_INSTITUCIONAL_PUBLICA,,,9,Ciudad de México,12,Tlalpan,429,El Resumidero,Sabino LT. 1 Mz. 178,Col. Bosques de Pedregal,14738.0,55 5134 0770 ext 1806,https://pilares.cdmx.gob.mx/pilares/1648/bosques,coord_comunicacion@pilares.cdmx.gob.mx,,,,,,,-99.23827,19.27132,http://sic.gob.mx/ficha.php?table=centro_cultural&table_id=3610,2024-06-21 11:32:15-06,SI,PILARES,NO,,Sistema de Información Cultural (SIC)
CENTRO_CULTURAL_3609,3609,CENTRO_CULTURAL,PILARES Belvedere,1000-01-01,Secretaría de Cultura de la Ciudad de México,PUBLICO,EVIDENCIA_INSTITUCIONAL_PUBLICA,,,9,Ciudad de México,12,Tlalpan,429,El Resumidero,Peloponeso 111,Col.  Belvedere Ajusco,14720.0,55 5134 0770 ext 1806,https://pilares.cdmx.gob.mx/,coord_comunicacion@pilares.cdmx.gob.mx,,,,,,,-99.22686,19.26737,http://sic.gob.mx/ficha.php?table=centro_cultural&table_id=3609,2024-06-11 11:19:06-06,SI,PILARES,NO,,Sistema de Información Cultural (SIC)
CENTRO_CULTURAL_3761,3761,CENTRO_CULTURAL,PILARES Framboyanes,1000-01-01,Secretaría de Cultura de la Ciudad de México,PUBLICO,EVIDENCIA_INSTITUCIONAL_PUBLICA,,,9,Ciudad de México,12,Tlalpan,429,El Resumidero,Balancan s/n,Col. Lomas del Pedregal,14150.0,55 5134 0770 ext 1806,https://pilares.cdmx.gob.mx/,coord_comunicacion@pilares.cdmx.gob.mx,,,,,,,-99.22702,19.29896,http://sic.gob.mx/ficha.php?table=centro_cultural&table_id=3761,2024-06-10 09:21:11-06,SI,PILARES,NO,,Sistema de Información Cultural (SIC)
CENTRO_CULTURAL_3703,3703,CENTRO_CULTURAL,PILARES Lomas de Padierna-San Nicolás,2023-01-01,Gobierno de la Ciudad de México,PUBLICO,EVIDENCIA_INSTITUCIONAL_PUBLICA,,,9,Ciudad de México,12,Tlalpan,429,El Resumidero,Chicoasen s/n,Lomas de Padierna,14240.0,55 5134 0770 ext 1806,https://pilares.cdmx.gob.mx/,coord_comunicacion@pilares.cdmx.gob.mx,,,,,,,-99.23003,19.29118,http://sic.gob.mx/ficha.php?table=centro_cultural&table_id=3703,2025-10-30 16:03:52-06,SI,PILARES,NO,,Sistema de Información Cultural (SIC)
CENTRO_CULTURAL_3707,3707,CENTRO_CULTURAL,PILARES Lomas de Cuilotepec,1000-01-01,Gobierno de la Ciudad de México,PUBLICO,EVIDENCIA_INSTITUCIONAL_PUBLICA,,,9,Ciudad de México,12,Tlalpan,429,El Resumidero,Ejidal 23,Col. Lomas de Cuilotepec,14730.0,55 5134 0770 ext 1806,https://pilares.cdmx.gob.mx/,coord_comunicacion@pilares.cdmx.gob.mx,,,,,,,-99.23359,19.27232,http://sic.gob.mx/ficha.php?table=centro_cultural&table_id=3707,2024-06-25 14:41:34-06,SI,PILARES,NO,,Sistema de Información Cultural (SIC)
CENTRO_CULTURAL_3542,3542,CENTRO_CULTURAL,PILARES Cuchilla de Padierna,2019-11-07,Gobierno de la Ciudad de México,PUBLICO,EVIDENCIA_INSTITUCIONAL_PUBLICA,,,9,Ciudad de México,12,Tlalpan,429,El Resumidero,"Chacmultún Lt 1, Mz 10",Col. Cuchilla de Padierna,14220.0,55 5134 0770 ext 1806,https://pilares.cdmx.gob.mx/,coord_comunicacion@pilares.cdmx.gob.mx,,,,,,,-99.21619,19.27642,http://sic.gob.mx/ficha.php?table=centro_cultural&table_id=3542,2024-07-01 14:49:16-06,SI,PILARES,NO,,Sistema de Información Cultural (SIC)
CENTRO_CULTURAL_3501,3501,CENTRO_CULTURAL,PILARES Tizimín,2019-07-31,Secretaría de Cultura de la Ciudad de México,PUBLICO,EVIDENCIA_INSTITUCIONAL_PUBLICA,,,9,Ciudad de México,12,Tlalpan,429,El Resumidero,Tizimin 102,Col. Héroes de Padierna,14200.0,55 5134 0770 ext 1806,https://pilares.cdmx.gob.mx/,coord_comunicacion@pilares.cdmx.gob.mx,,,,,,,-99.21641,19.28943,http://sic.gob.mx/ficha.php?table=centro_cultural&table_id=3501,2025-07-17 16:33:28-06,SI,PILARES,NO,,Sistema de Información Cultural (SIC)
CENTRO_CULTURAL_962,962,CENTRO_CULTURAL,Casa del Arte Xochimilco,1984-07-19,"Alcaldía Xochimilco/Dirección de Servicio Culturales, Recreativo y Deportivos",PUBLICO,EVIDENCIA_INSTITUCIONAL_PUBLICA,,,9,Ciudad de México,13,Xochimilco,1,Xochimilco,Av. José Ma. Morelos 7,Barrio El Rosario,16070.0,55 5676 0820,https://mexicocity.cdmx.gob.mx/venues/casa-arte-xochimilco/?lang=es,casadelarte_xochimilco@hotmail.com; dirculturalesrecreativosdeportivos@xochimilco.cdmx.gob.mx,,,,,,,-99.10468,19.26261,http://sic.gob.mx/ficha.php?table=centro_cultural&table_id=962,2025-03-28 13:16:40-06,NO,,NO,,Sistema de Información Cultural (SIC)
CENTRO_CULTURAL_3713,3713,CENTRO_CULTURAL,PILARES Muyuguarda,1000-01-01,Gobierno de la Ciudad de México,PUBLICO,EVIDENCIA_INSTITUCIONAL_PUBLICA,,,9,Ciudad de México,13,Xochimilco,1,Xochimilco,Camino a La Ciénega s/n,Barrio 18,16034.0,55 5134 0770 ext 1806,https://pilares.cdmx.gob.mx/,coord_comunicacion@pilares.cdmx.gob.mx,,,,,,,-99.11862,19.27571,http://sic.gob.mx/ficha.php?table=centro_cultural&table_id=3713,2024-06-05 13:44:16-06,SI,PILARES,NO,,Sistema de Información Cultural (SIC)
CENTRO_CULTURAL_796,796,CENTRO_CULTURAL,Foro Cultural Quetzalcóatl,1969-01-01,Alcaldía Xochimilco,PUBLICO,EVIDENCIA_INSTITUCIONAL_PUBLICA,,,9,Ciudad de México,13,Xochimilco,1,Xochimilco,Guadalupe I. Ramírez 4,Barrio El Rosario,16090.0,(55) 5334 06 00 ext. 3629,https://www.facebook.com/pages/Foro-Cultural-Quetzalcoatl/1450692555172717,,,,,,,,-99.10494,19.26365,http://sic.gob.mx/ficha.php?table=centro_cultural&table_id=796,2019-11-27 04:46:40-06,NO,,NO,,Sistema de Información Cultural (SIC)
CENTRO_CULTURAL_1541,1541,CENTRO_CULTURAL,Casa de Cultura de San Mateo Xalpa,1986-11-26,"Alcaldía Xochimilco/Dirección de Servicio Culturales, Recreativo y Deportivos",PUBLICO,EVIDENCIA_INSTITUCIONAL_PUBLICA,,,9,Ciudad de México,13,Xochimilco,1,Xochimilco,Av. Miguel Hidalgo 75,Pueblo de San Mateo Xalpa,16800.0,55 2156 1914,http://www.xochimilco.cdmx.gob.mx/,dirculturalesrecreativosdeportivos@xochimilco.cdmx.gob.mx,,,,,,,-99.11937,19.23198,http://sic.gob.mx/ficha.php?table=centro_cultural&table_id=1541,2026-06-16 12:24:59-06,NO,,NO,,Sistema de Información Cultural (SIC)
CENTRO_CULTURAL_3717,3717,CENTRO_CULTURAL,PILARES San Marcos,1000-01-01,Gobierno de la Ciudad de México,PUBLICO,EVIDENCIA_INSTITUCIONAL_PUBLICA,,,9,Ciudad de México,13,Xochimilco,1,Xochimilco,Olmos 135,Col. Amp. San Marcos Norte,16038.0,55 5134 0770 ext 1806,https://pilares.cdmx.gob.mx/,coord_comunicacion@pilares.cdmx.gob.mx,,,,,,,-99.11168,19.27003,http://sic.gob.mx/ficha.php?table=centro_cultural&table_id=3717,2024-06-21 12:18:35-06,SI,PILARES,NO,,Sistema de Información Cultural (SIC)
CENTRO_CULTURAL_3414,3414,CENTRO_CULTURAL,Casa de Cultura Juan Badiano,2006-01-01,"Alcaldía Xochimilco/Dirección de Servicio Culturales, Recreativo y Deportivos",PUBLICO,EVIDENCIA_INSTITUCIONAL_PUBLICA,,,9,Ciudad de México,13,Xochimilco,1,Xochimilco,Av. de las Torres s/n,"Col. Ampl. Tepepan, localidad La Noria",16030.0,55 8936 9151,http://www.xochimilco.cdmx.gob.mx,dirculturalesrecreativosdeportivos@xochimilco.cdmx.gob.mx; dgibs@xochimilco.cdmx.gob.mx,,,,,,,-99.10472,19.26346,http://sic.gob.mx/ficha.php?table=centro_cultural&table_id=3414,2026-06-12 12:21:55-06,NO,,NO,,Sistema de Información Cultural (SIC)
CENTRO_CULTURAL_3714,3714,CENTRO_CULTURAL,PILARES Bodoquepa,2022-01-01,Secretaría de Cultura de la Ciudad de México,PUBLICO,EVIDENCIA_INSTITUCIONAL_PUBLICA,,,9,Ciudad de México,13,Xochimilco,1,Xochimilco,Segundo Callejón Bodoquepa 69,Col. La Asunción,16040.0,55 5134 0770 ext 1806,https://pilares.cdmx.gob.mx/,coord_comunicacion@pilares.cdmx.gob.mx,,,,,,,-99.10026,19.2685,http://sic.gob.mx/ficha.php?table=centro_cultural&table_id=3714,2025-06-19 17:05:12-06,SI,PILARES,NO,,Sistema de Información Cultural (SIC)
CENTRO_CULTURAL_3742,3742,CENTRO_CULTURAL,PILARES Nativitas,1000-01-01,Gobierno de la Ciudad de México,PUBLICO,EVIDENCIA_INSTITUCIONAL_PUBLICA,,,9,Ciudad de México,13,Xochimilco,1,Xochimilco,Zacapa 10,Col. Xaltocan,16450.0,55 5134 0770 ext 1806,https://pilares.cdmx.gob.mx/,coord_comunicacion@pilares.cdmx.gob.mx,,,,,,,-99.0936,19.24808,http://sic.gob.mx/ficha.php?table=centro_cultural&table_id=3742,2024-06-26 12:12:18-06,SI,PILARES,NO,,Sistema de Información Cultural (SIC)
CENTRO_CULTURAL_1515,1515,CENTRO_CULTURAL,Casa de la Cultura Luis Spota,1976-01-15,"Alcaldía Xochimilco/Dirección de Servicio Culturales, Recreativo y Deportivos",PUBLICO,EVIDENCIA_INSTITUCIONAL_PUBLICA,,,9,Ciudad de México,13,Xochimilco,1,Xochimilco,Joya  7,Pueblo de Santa María Tepepan,16020.0,55 8926 4723,http://www.xochimilco.cdmx.gob.mx/,dirculturalesrecreativosdeportivos@xochimilco.cdmx.gob.mx; dgibs@xochimilco.cdmx.gob.mx,,,,,,,-99.13446,19.27484,http://sic.gob.mx/ficha.php?table=centro_cultural&table_id=1515,2026-06-12 13:15:13-06,NO,,NO,,Sistema de Información Cultural (SIC)
CENTRO_CULTURAL_3490,3490,CENTRO_CULTURAL,PILARES San Lucas Xochimanca,2019-05-26,Gobierno de la Ciudad de México,PUBLICO,EVIDENCIA_INSTITUCIONAL_PUBLICA,,,9,Ciudad de México,13,Xochimilco,1,Xochimilco,Av. Acueducto s/n,Col. San Lucas Xochimanca,16300.0,55 5134 0770 ext 1806,https://pilares.cdmx.gob.mx/,coord_comunicacion@pilares.cdmx.gob.mx,,,,,,,-99.11427,19.24434,http://sic.gob.mx/ficha.php?table=centro_cultural&table_id=3490,2024-06-10 17:34:17-06,SI,PILARES,NO,,Sistema de Información Cultural (SIC)
CENTRO_CULTURAL_3715,3715,CENTRO_CULTURAL,PILARES Deportivo Xochimilco,2023-07-09,Gobierno de la Ciudad de México,PUBLICO,EVIDENCIA_INSTITUCIONAL_PUBLICA,,,9,Ciudad de México,13,Xochimilco,1,Xochimilco,Calle Francisco Goitia s/n,Col. Barrio San Pedro,16090.0,55 5134 0770 ext 1806,https://pilares.cdmx.gob.mx/pilares/1753/deportivo-xochimilco,coord_comunicacion@pilares.cdmx.gob.mx,,,,,,,-99.10673,19.25565,http://sic.gob.mx/ficha.php?table=centro_cultural&table_id=3715,2025-09-04 16:52:42-06,SI,PILARES,NO,,Sistema de Información Cultural (SIC)
CENTRO_CULTURAL_2159,2159,CENTRO_CULTURAL,Conjunto Cultural Tepalcatlalpan,2008-09-09,"Alcaldía Xochimilco/Dirección de Servicio Culturales, Recreativo y Deportivos",PUBLICO,EVIDENCIA_INSTITUCIONAL_PUBLICA,,,9,Ciudad de México,13,Xochimilco,1,Xochimilco,Xacatitla 28,Pueblo de Santiago Tepalcatlalpan,16200.0,55 5489 6148,https://www.facebook.com/Conjunto-cultural-tepalcatlalpan-1501661066820100/,culturatepalcatlalpan@gmail.com,,,,,,,-99.12768,19.24789,http://sic.gob.mx/ficha.php?table=centro_cultural&table_id=2159,2025-03-31 12:14:44-06,NO,,NO,,Sistema de Información Cultural (SIC)
CENTRO_CULTURAL_3995,3995,CENTRO_CULTURAL,Casa Del Arte De Xochimilco,1984-07-17,Alcaldía Xochimilco,PUBLICO,EVIDENCIA_INSTITUCIONAL_PUBLICA,,,9,Ciudad de México,13,Xochimilco,1,Xochimilco,Morelos 7,Barrio El Rosal,16070.0,55 5676 4869,,,,,,,,,-99.10472,19.26346,http://sic.gob.mx/ficha.php?table=centro_cultural&table_id=3995,2026-06-16 13:48:17-06,NO,,NO,,Sistema de Información Cultural (SIC)
CENTRO_CULTURAL_3992,3992,CENTRO_CULTURAL,Casa de Cultura San Andrés Ahuayucan,2013-05-22,"Alcaldía Xochimilco/Dirección de Servicio Culturales, Recreativo y Deportivos",PUBLICO,EVIDENCIA_INSTITUCIONAL_PUBLICA,,,9,Ciudad de México,13,Xochimilco,1,Xochimilco,Av. Juárez s/n,Pueblo San Andrés Ahuayucan,16810.0,55 5489 7614,http://www.xochimilco.cdmx.gob.mx,dirculturalesrecreativosdeportivos@xochimilco.cdmx.gob.mx; dgibs@xochimilco.cdmx.gob.mx,,,,,,,-99.10821,19.22237,http://sic.gob.mx/ficha.php?table=centro_cultural&table_id=3992,2026-06-16 09:06:06-06,NO,,NO,,Sistema de Información Cultural (SIC)
CENTRO_CULTURAL_3994,3994,CENTRO_CULTURAL,Casa de cultura Xochicalli Tlacama,2015-10-01,Alcaldía Xochimilco,PUBLICO,EVIDENCIA_INSTITUCIONAL_PUBLICA,,,9,Ciudad de México,13,Xochimilco,1,Xochimilco,Benito Juárez 54,Col. Santa María Nativitas,16450.0,,,,,,,,,,-99.09323,19.24141,http://sic.gob.mx/ficha.php?table=centro_cultural&table_id=3994,2026-06-16 13:27:42-06,NO,,NO,,Sistema de Información Cultural (SIC)
CENTRO_CULTURAL_3413,3413,CENTRO_CULTURAL,Casa de Cultura San Gregorio A la orilla del agua,2008-01-01,"Alcaldía Xochimilco/Dirección de Servicio Culturales, Recreativo y Deportivos",PUBLICO,EVIDENCIA_INSTITUCIONAL_PUBLICA,,,9,Ciudad de México,13,Xochimilco,1,Xochimilco,Av. Cuautémoc s/n,"Col. Atenco, localidad San Gregorio Atlapulco",16600.0,55 8939 1862,http://www.xochimilco.cdmx.gob.mx/,casadeculturasgregorio@gmail.com,,,,,,,-99.10472,19.26346,http://sic.gob.mx/ficha.php?table=centro_cultural&table_id=3413,2026-06-16 11:21:01-06,NO,,NO,,Sistema de Información Cultural (SIC)
CENTRO_CULTURAL_1543,1543,CENTRO_CULTURAL,Casa de Cultura Santa Cecilia Tepetlapa,1000-01-01,Alcaldía Xochimilco,PUBLICO,EVIDENCIA_INSTITUCIONAL_PUBLICA,,,9,Ciudad de México,13,Xochimilco,1,Xochimilco,Francisco Sarabia s/n,Santa Cecilia Tepetlapa,16880.0,,,,,,,,,,-99.09931,19.21596,http://sic.gob.mx/ficha.php?table=centro_cultural&table_id=1543,2019-11-27 04:46:11-06,NO,,NO,,Sistema de Información Cultural (SIC)
CENTRO_CULTURAL_3996,3996,CENTRO_CULTURAL,Conjunto Cultural Tepalcatlalpan,2008-08-25,Alcaldía Xochimilco,PUBLICO,EVIDENCIA_INSTITUCIONAL_PUBLICA,,,9,Ciudad de México,13,Xochimilco,1,Xochimilco,Camino a las canteras s/n,Col. Pueblo Santiago Tepalcatlalpan,16200.0,55 5489 6148,,,,,,,,,-99.10592,19.25452,http://sic.gob.mx/ficha.php?table=centro_cultural&table_id=3996,2026-06-16 14:28:13-06,NO,,NO,,Sistema de Información Cultural (SIC)
CENTRO_CULTURAL_1544,1544,CENTRO_CULTURAL,Conjunto Cultural Carlos Pellicer,1984-06-09,"Alcaldía Xochimilco/Dirección de Servicio Culturales, Recreativo y Deportivos",PUBLICO,EVIDENCIA_INSTITUCIONAL_PUBLICA,,,9,Ciudad de México,13,Xochimilco,1,Xochimilco,Av. México 5682,Col. La Noria,16030.0,55 8952 0546,,cccarlospellicer25gmail.com,,,,,,,-99.1253,19.26632,http://sic.gob.mx/ficha.php?table=centro_cultural&table_id=1544,2026-06-16 14:03:30-06,NO,,NO,,Sistema de Información Cultural (SIC)
CENTRO_CULTURAL_3495,3495,CENTRO_CULTURAL,PILARES Santiago Tulyehualco,2019-01-01,Gobierno de la Ciudad de México,PUBLICO,EVIDENCIA_INSTITUCIONAL_PUBLICA,,,9,Ciudad de México,13,Xochimilco,118,Barrio San Antonio (Cruz Monte),Peatonal Ignacio Zaragoza s/n,Col. Santiago Tulyehualco,16750.0,55 5134 0770 ext 1806,https://pilares.cdmx.gob.mx/,coord_comunicacion@pilares.cdmx.gob.mx,,,,,,,-99.0115,19.25439,http://sic.gob.mx/ficha.php?table=centro_cultural&table_id=3495,2025-06-30 18:07:57-06,SI,PILARES,NO,,Sistema de Información Cultural (SIC)
CENTRO_CULTURAL_3616,3616,CENTRO_CULTURAL,PILARES Ahualapa,2020-01-01,Secretaría de Cultura de la Ciudad de México,PUBLICO,EVIDENCIA_INSTITUCIONAL_PUBLICA,,,9,Ciudad de México,13,Xochimilco,139,Tlacualleli (El Calvario),Ahualapa s/n,Col. Santa Cruz Acalpixca,16500.0,55 5134 0770 ext 1806,https://pilares.cdmx.gob.mx/,coord_comunicacion@pilares.cdmx.gob.mx,,,,,,,-99.07008,19.24694,http://sic.gob.mx/ficha.php?table=centro_cultural&table_id=3616,2025-11-10 18:43:42-06,SI,PILARES,NO,,Sistema de Información Cultural (SIC)
CENTRO_CULTURAL_3718,3718,CENTRO_CULTURAL,PILARES Vivero Neza,2024-08-18,Gobierno de la Ciudad de México,PUBLICO,EVIDENCIA_INSTITUCIONAL_PUBLICA,,,9,Ciudad de México,13,Xochimilco,172,Paraje de la Ciénega,Canal de Chalco s/n,Ciénega Grande,16001.0,55 5134 0770 ext 1806,https://pilares.cdmx.gob.mx/,coord_comunicacion@pilares.cdmx.gob.mx,,,,,,,-99.0771,19.29136,http://sic.gob.mx/ficha.php?table=centro_cultural&table_id=3718,2025-09-05 16:20:28-06,SI,PILARES,NO,,Sistema de Información Cultural (SIC)
CENTRO_CULTURAL_3716,3716,CENTRO_CULTURAL,PILARES San Andrés Ahuayucan,1000-01-01,Secretaría de Cultura de la Ciudad de México,PUBLICO,EVIDENCIA_INSTITUCIONAL_PUBLICA,,,9,Ciudad de México,13,Xochimilco,184,Atotle,Carr. Xochimilco-San Pablo s/n,Pueblo de San Andrés Ahuayucan,16810.0,55 5134 0770 ext 1806,https://pilares.cdmx.gob.mx/,coord_comunicacion@pilares.cdmx.gob.mx,,,,,,,-99.10887,19.22438,http://sic.gob.mx/ficha.php?table=centro_cultural&table_id=3716,2024-06-10 07:54:14-06,SI,PILARES,NO,,Sistema de Información Cultural (SIC)
CENTRO_CULTURAL_3491,3491,CENTRO_CULTURAL,PILARES Santa Cecilia,2019-07-06,Secretaría de Cultura de la Ciudad de México,PUBLICO,EVIDENCIA_INSTITUCIONAL_PUBLICA,,,9,Ciudad de México,13,Xochimilco,207,Rancho la Flor,Francisco Sarabia s/n,Col. Santa Cecilia Tepetlapa,16880.0,55 5134 0770 ext 1806,https://pilares.cdmx.gob.mx/,coord_comunicacion@pilares.cdmx.gob.mx,,,,,,,-99.09912,19.21627,http://sic.gob.mx/ficha.php?table=centro_cultural&table_id=3491,2025-09-01 16:12:53-06,SI,PILARES,NO,,Sistema de Información Cultural (SIC)
CENTRO_CULTURAL_3487,3487,CENTRO_CULTURAL,PILARES San Gregorio Atlapulco,2019-04-26,Gobierno de la Ciudad de México,PUBLICO,EVIDENCIA_INSTITUCIONAL_PUBLICA,,,9,Ciudad de México,13,Xochimilco,243,Naxayopa,Prol. Agustín Melgar s/n,Col. San Gregorio Atlapulco,16600.0,55 5134 0770 ext 1806,https://mexicogob.com/escuelas/pilares-atlapulco-escuela-ciudad-de-mexico-ciudad-de-mexico-mexico/,coord_comunicacion@pilares.cdmx.gob.mx,,,,,,,-99.06082,19.25637,http://sic.gob.mx/ficha.php?table=centro_cultural&table_id=3487,2024-06-12 12:36:43-06,SI,PILARES,NO,,Sistema de Información Cultural (SIC)
CENTRO_CULTURAL_3617,3617,CENTRO_CULTURAL,PILARES San Juan Tepepan,2021-11-07,Gobierno de la Ciudad de México,PUBLICO,EVIDENCIA_INSTITUCIONAL_PUBLICA,,,9,Ciudad de México,13,Xochimilco,263,San Juan Diego (Matlacuaitla),Cda. Francisco Villa 6,Col. San Juan Tepepan,16020.0,,,pilares.sjt@gmail.com,,,,,,,-99.12779,19.27152,http://sic.gob.mx/ficha.php?table=centro_cultural&table_id=3617,2024-06-12 12:40:57-06,SI,PILARES,NO,,Sistema de Información Cultural (SIC)
CENTRO_CULTURAL_3522,3522,CENTRO_CULTURAL,PILARES 16 de Septiembre,2019-09-12,Gobierno de la Ciudad de México,PUBLICO,EVIDENCIA_INSTITUCIONAL_PUBLICA,,,9,Ciudad de México,13,Xochimilco,265,Moyocalco,Av. 16 de Septiembre esq. Guadalupe I. Ramírez,Col. Santa María Tepepan,16020.0,55 5134 0770 ext 1806,https://pilares.cdmx.gob.mx/,coord_comunicacion@pilares.cdmx.gob.mx,,,,,,,-99.13745,19.2809,http://sic.gob.mx/ficha.php?table=centro_cultural&table_id=3522,2024-06-25 12:16:59-06,SI,PILARES,NO,,Sistema de Información Cultural (SIC)
CENTRO_CULTURAL_3719,3719,CENTRO_CULTURAL,PILARES Xochitepec,1000-01-01,Secretaría de Cultura de la Ciudad de México,PUBLICO,EVIDENCIA_INSTITUCIONAL_PUBLICA,,,9,Ciudad de México,13,Xochimilco,265,Moyocalco,Comercio 18,Col. Santa Cruz Xochitepec,16100.0,55 5134 0770 ext 1806,https://pilares.cdmx.gob.mx/,coord_comunicacion@pilares.cdmx.gob.mx,,,,,,,-99.1307,19.25841,http://sic.gob.mx/ficha.php?table=centro_cultural&table_id=3719,2024-06-11 11:16:08-06,SI,PILARES,NO,,Sistema de Información Cultural (SIC)
CENTRO_CULTURAL_3649,3649,CENTRO_CULTURAL,PILARES San Lorenzo Atemoaya,1000-01-01,Secretaría de Cultura de la Ciudad de México,PUBLICO,EVIDENCIA_INSTITUCIONAL_PUBLICA,,,9,Ciudad de México,13,Xochimilco,267,Tizilingo,Miguel Hidalgo 4,Col. San Lorenzo Atemoaya,16400.0,55 5134 0770 ext 1806,https://pilares.cdmx.gob.mx/,coord_comunicacion@pilares.cdmx.gob.mx,,,,,,,-99.10146,19.24447,http://sic.gob.mx/ficha.php?table=centro_cultural&table_id=3649,2024-06-11 11:24:59-06,SI,PILARES,NO,,Sistema de Información Cultural (SIC)
CENTRO_CULTURAL_3492,3492,CENTRO_CULTURAL,PILARES Santiago Tepalcatlalpan,2019-05-26,Gobierno de la Ciudad de México,PUBLICO,EVIDENCIA_INSTITUCIONAL_PUBLICA,,,9,Ciudad de México,13,Xochimilco,270,Contlalco,Cda. Las Canteras 1,Col. Santiago Tepalcatlalpan,16200.0,55 5134 0770 ext 1806,https://pilares.cdmx.gob.mx/,coord_comunicacion@pilares.cdmx.gob.mx,,,,,,,-99.12766,19.24772,http://sic.gob.mx/ficha.php?table=centro_cultural&table_id=3492,2024-06-25 09:58:14-06,SI,PILARES,NO,,Sistema de Información Cultural (SIC)
CENTRO_CULTURAL_3615,3615,CENTRO_CULTURAL,PILARES Acuexcomatl,2023-01-01,Gobierno de la Ciudad de México,PUBLICO,EVIDENCIA_INSTITUCIONAL_PUBLICA,,,9,Ciudad de México,13,Xochimilco,271,Tlalmelaca,Av. Año de Juárez 9700,Col. San Luis Tlaxialtemalco,16710.0,55 5134 0770 ext 1806,https://pilares.cdmx.gob.mx/pilares/1653/acuexcomatl,coord_comunicacion@pilares.cdmx.gob.mx,,,,,,,-99.02814,19.25981,http://sic.gob.mx/ficha.php?table=centro_cultural&table_id=3615,2025-11-04 16:38:24-06,SI,PILARES,NO,,Sistema de Información Cultural (SIC)
CENTRO_CULTURAL_3545,3545,CENTRO_CULTURAL,PILARES San Luis Tlaxialtemalco,1000-01-01,Gobierno de la Ciudad de México,PUBLICO,EVIDENCIA_INSTITUCIONAL_PUBLICA,,,9,Ciudad de México,13,Xochimilco,271,Tlalmelaca,Acueducto s/n,Col. San Luis Tlaxialtemalco,16610.0,55 5134 0770 ext 1806,https://pilares.cdmx.gob.mx/pilares/1583/san-luis-tlaxialtemalco,coord_comunicacion@pilares.cdmx.gob.mx,,,,,,,-99.03542,19.25595,http://sic.gob.mx/ficha.php?table=centro_cultural&table_id=3545,2024-06-20 12:47:31-06,SI,PILARES,NO,,Sistema de Información Cultural (SIC)
CENTRO_CULTURAL_1248,1248,CENTRO_CULTURAL,Casa de Cultura Letrán Valle,1979-09-01,Alcaldía Benito Juárez,PUBLICO,EVIDENCIA_INSTITUCIONAL_PUBLICA,,,9,Ciudad de México,14,Benito Juárez,1,Benito Juárez,Matías Romero 280-Bis,Col. Letrán Valle,3650.0,,https://alcaldiabenitojuarez.gob.mx/casas-de-cultura/,ccult.letranvalle@gmail.com,,,,,,,-99.15243,19.3783,http://sic.gob.mx/ficha.php?table=centro_cultural&table_id=1248,2023-03-29 06:47:15-06,NO,,NO,,Sistema de Información Cultural (SIC)
CENTRO_CULTURAL_1207,1207,CENTRO_CULTURAL,Casa de Cultura Zacahuitzco,1980-03-01,Alcaldía Benito Juárez,PUBLICO,EVIDENCIA_INSTITUCIONAL_PUBLICA,,,9,Ciudad de México,14,Benito Juárez,1,Benito Juárez,Valdivia  87,Col. Zacahuitzco,3550.0,55 2065 1616,,c.c.zacahuitzco@gmail.com,,,,,,,-99.1369,19.37353,http://sic.gob.mx/ficha.php?table=centro_cultural&table_id=1207,2025-06-06 12:26:22-06,NO,,NO,,Sistema de Información Cultural (SIC)
CENTRO_CULTURAL_1254,1254,CENTRO_CULTURAL,Centro Cultural Cuauhtémoc del INAPAM,1994-08-15,Instituto Nacional de las Personas Adultas Mayores,PUBLICO,EVIDENCIA_INSTITUCIONAL_PUBLICA,,,9,Ciudad de México,14,Benito Juárez,1,Benito Juárez,Av. Cuauhtémoc 956,Col. Narvarte,3020.0,55 5669 3104,https://www.gob.mx/inapam/acciones-y-programas/centros-culturales-inapam,zzerolod@gmail.com,,,,,,,-99.15791,19.38443,http://sic.gob.mx/ficha.php?table=centro_cultural&table_id=1254,2021-10-11 05:17:27-05,NO,,NO,,Sistema de Información Cultural (SIC)
CENTRO_CULTURAL_2661,2661,CENTRO_CULTURAL,Centro Cultural Roberto Cantoral,2012-06-07,Sociedad de Autores y Compositores de México (SACM),PRIVADO,REVISION_MANUAL,,,9,Ciudad de México,14,Benito Juárez,1,Benito Juárez,Puente de Xoco puerta A,Col. Xoco,3330.0,55 5688 2476,http://elcantoral.com/,info@elcantoral.com,,,,,,,-99.1665,19.3618,http://sic.gob.mx/ficha.php?table=centro_cultural&table_id=2661,2025-06-17 13:04:42-06,NO,,NO,,Sistema de Información Cultural (SIC)
CENTRO_CULTURAL_1221,1221,CENTRO_CULTURAL,Casa de la Cultura Iztaccíhuatl,1992-05-21,Alcaldía Benito Juárez/Coordinación de Cultura/Subdirección de Derechos Culturales Recreativos y Educativos,PUBLICO,EVIDENCIA_INSTITUCIONAL_PUBLICA,,,9,Ciudad de México,14,Benito Juárez,1,Benito Juárez,Martín Luis Guzmán 241,Col. Iztaccíhuatl,3500.0,55 5422 5300 ext. 4488,https://alcaldiabenitojuarez.gob.mx/casas-de-cultura/,abj.cultura@gmail.com,,,,,,,-99.13465,19.38991,http://sic.gob.mx/ficha.php?table=centro_cultural&table_id=1221,2026-05-12 12:25:59-06,NO,,NO,,Sistema de Información Cultural (SIC)
CENTRO_CULTURAL_1195,1195,CENTRO_CULTURAL,Casa de la Cultura Álamos Postal,1979-09-01,Alcaldía Benito Juárez,PUBLICO,EVIDENCIA_INSTITUCIONAL_PUBLICA,,,9,Ciudad de México,14,Benito Juárez,1,Benito Juárez,Isabel La Católica  806,Álamos,3400.0,555 422 55 77,https://alcaldiabenitojuarez.gob.mx/casas-de-cultura/,ccalamospostal@gmail.com,,,,,,,-99.14239,19.39358,http://sic.gob.mx/ficha.php?table=centro_cultural&table_id=1195,2026-07-13 14:13:32-06,NO,,NO,,Sistema de Información Cultural (SIC)
CENTRO_CULTURAL_1222,1222,CENTRO_CULTURAL,Centro Cultural Juan Rulfo,1975-01-01,Alcaldía Benito Juárez,PUBLICO,EVIDENCIA_INSTITUCIONAL_PUBLICA,,,9,Ciudad de México,14,Benito Juárez,1,Benito Juárez,Campana 59,Col. Insurgentes Mixcoac,3920.0,55 5615 5763,,ccjuanrulfo@gmail.com,,,,,,,-99.18452,19.37201,http://sic.gob.mx/ficha.php?table=centro_cultural&table_id=1222,2022-08-02 02:50:53-05,NO,,NO,,Sistema de Información Cultural (SIC)
CENTRO_CULTURAL_1220,1220,CENTRO_CULTURAL,Casa de Cultura Moderna,1988-11-29,Alcaldía Benito Juárez,PUBLICO,EVIDENCIA_INSTITUCIONAL_PUBLICA,,,9,Ciudad de México,14,Benito Juárez,1,Benito Juárez,Juana de Arco s/n esq. Av. de las Américas,Col. Moderna,3510.0,(55) 5579 1901,http://www.delegacionbenitojuarez.gob.mx/nuestra-demarcacion/casas-de-cultura,,,,,,,,-99.13448,19.39464,http://sic.gob.mx/ficha.php?table=centro_cultural&table_id=1220,2019-11-27 02:59:15-06,NO,,NO,,Sistema de Información Cultural (SIC)
CENTRO_CULTURAL_1181,1181,CENTRO_CULTURAL,Casa de Cultura del Periodista,1978-11-29,Alcaldía Benito Juárez,PUBLICO,EVIDENCIA_INSTITUCIONAL_PUBLICA,,,9,Ciudad de México,14,Benito Juárez,1,Benito Juárez,Lázaro Cárdenas 912,Col. 2da. del Periodista,3620.0,(55) 5674 2533,http://www.delegacionbenitojuarez.gob.mx/nuestra-demarcacion/casas-de-cultura,,,,,,,,-99.14753,19.38252,http://sic.gob.mx/ficha.php?table=centro_cultural&table_id=1181,2019-11-27 02:59:50-06,NO,,NO,,Sistema de Información Cultural (SIC)
CENTRO_CULTURAL_3879,3879,CENTRO_CULTURAL,Centro Cultural Ucraniano-Mexicano A.C.,1000-01-01,Embajada de Ucrania en México,PUBLICO,EVIDENCIA_INSTITUCIONAL_PUBLICA,,,9,Ciudad de México,14,Benito Juárez,1,Benito Juárez,Luz Saviñon 832,Del Valle,,55 7481 7934,,centroculturalucranianomexican@gmail.com,,,,,,,-99.16309,19.39202,http://sic.gob.mx/ficha.php?table=centro_cultural&table_id=3879,2025-06-30 14:11:09-06,NO,,NO,,Sistema de Información Cultural (SIC)
CENTRO_CULTURAL_1206,1206,CENTRO_CULTURAL,Casa de Cultura Alicia Santillana de Guajardo,1986-11-04,Alcaldía  Benito Juárez/Coordinación de Cultura/Subdirección de Derechos Culturales Recreativos y Educativos,PUBLICO,EVIDENCIA_INSTITUCIONAL_PUBLICA,,,9,Ciudad de México,14,Benito Juárez,1,Benito Juárez,Niños Héroes 53,Col. Josefa Ortiz de Domínguez,3440.0,55 5579 5983,http://www.delegacionbenitojuarez.gob.mx/nuestra-demarcacion/casas-de-cultura,derechosculturalesbj@gmail.com,,,,,,,-99.14105,19.38691,http://sic.gob.mx/ficha.php?table=centro_cultural&table_id=1206,2024-06-05 10:22:56-06,NO,,NO,,Sistema de Información Cultural (SIC)
CENTRO_CULTURAL_1211,1211,CENTRO_CULTURAL,Centro Cultural Del Valle Sur,1994-11-01,Alcaldía Benito Juárez,PUBLICO,EVIDENCIA_INSTITUCIONAL_PUBLICA,,,9,Ciudad de México,14,Benito Juárez,1,Benito Juárez,Roberto Gayol s/n esq. Cda. de Coyoacán,Col. del Valle,3100.0,,http://www.delegacionbenitojuarez.gob.mx/conoce-bj/casas-de-cultura,els.sal.gar@gmail.com,,,,,,,-99.17101,19.37499,http://sic.gob.mx/ficha.php?table=centro_cultural&table_id=1211,2022-01-14 07:08:20-06,NO,,NO,,Sistema de Información Cultural (SIC)
CENTRO_CULTURAL_3338,3338,CENTRO_CULTURAL,"Acroyoga, Pan y Circo",1000-01-01,,NO_DETERMINADO,SIN_ADSCRIPCION,,,9,Ciudad de México,14,Benito Juárez,1,Benito Juárez,Correspondencia 124,Col. Postal,3410.0,56 1342 3357,,carlosyoltic@gmail.com,,,,,,,-99.1433,19.39237,http://sic.gob.mx/ficha.php?table=centro_cultural&table_id=3338,2021-06-15 07:21:35-05,NO,,SI,No existe adscripción disponible para determinar el tipo de gestión.,Sistema de Información Cultural (SIC)
CENTRO_CULTURAL_3825,3825,CENTRO_CULTURAL,Centro Cultural El Hormiguero,2018-01-01,,NO_DETERMINADO,SIN_ADSCRIPCION,,,9,Ciudad de México,14,Benito Juárez,1,Benito Juárez,Gabriel Mancera 1539,Col. Del Valle,3100.0,55 5131 5753,https://www.elhormiguero.mx/,elhormiguerocdmx@gmail.com,,,,,,,-99.1684,19.37011,http://sic.gob.mx/ficha.php?table=centro_cultural&table_id=3825,2026-08-04 11:34:18-06,NO,,SI,No existe adscripción disponible para determinar el tipo de gestión.,Sistema de Información Cultural (SIC)
CENTRO_CULTURAL_1185,1185,CENTRO_CULTURAL,Centro Cultural Nativitas,2003-09-03,Alcaldía  Benito Juárez/Coordinación de Cultura/Subdirección de Derechos Culturales Recreativos y Educativos,PUBLICO,EVIDENCIA_INSTITUCIONAL_PUBLICA,,,9,Ciudad de México,14,Benito Juárez,1,Benito Juárez,Emma 146 entre Lago y Don Luis,Col. Nativitas,3510.0,55 5579 1901,https://alcaldiabenitojuarez.gob.mx/casas-de-cultura/,centroculturalnativitas@yahoo.com.mx; abj.ultura@gmail.com,,,,,,,-99.13713,19.37897,http://sic.gob.mx/ficha.php?table=centro_cultural&table_id=1185,2025-08-11 12:00:46-06,NO,,NO,,Sistema de Información Cultural (SIC)
CENTRO_CULTURAL_3582,3582,CENTRO_CULTURAL,PILARES Carlos Monsiváis,2023-07-08,Gobierno de la Ciudad de México,PUBLICO,EVIDENCIA_INSTITUCIONAL_PUBLICA,,,9,Ciudad de México,14,Benito Juárez,1,Benito Juárez,Eje 7A Sur 52,Col. Portales Sur,3300.0,55 5134 0770 ext 1806,https://gobierno.cdmx.gob.mx/noticias/renombramos-carlos-monsivais-a-pilares-portales/,coord_comunicacion@pilares.cdmx.gob.mx,,,,,,,-99.14282,19.3642,http://sic.gob.mx/ficha.php?table=centro_cultural&table_id=3582,2025-06-17 17:01:09-06,SI,PILARES,NO,,Sistema de Información Cultural (SIC)
CENTRO_CULTURAL_3329,3329,CENTRO_CULTURAL,La Calaca Espacio Cultural,2014-01-01,,NO_DETERMINADO,SIN_ADSCRIPCION,,,9,Ciudad de México,14,Benito Juárez,1,Benito Juárez,Calle 21 núm. 69,Col. San Pedro de los Pinos,3800.0,55 2677 7142,https://lacalacacultural.wordpress.com/?fbclid=IwAR3JBegjreoUi2KcRi69cdGLk04fUOUpaLrJWHv1tiqbmQsb8yS7UL8Wue4,lacalaca.mex@gmail.com,,,,,,,-99.15778,19.37199,http://sic.gob.mx/ficha.php?table=centro_cultural&table_id=3329,2025-10-09 17:16:43-06,NO,,SI,No existe adscripción disponible para determinar el tipo de gestión.,Sistema de Información Cultural (SIC)
CENTRO_CULTURAL_1232,1232,CENTRO_CULTURAL,Radio UNAM,1976-10-11,Universidad Nacional Autónoma de México,PUBLICO,EVIDENCIA_INSTITUCIONAL_PUBLICA,,,9,Ciudad de México,14,Benito Juárez,1,Benito Juárez,Adolfo Prieto 133,Col. del Valle,3100.0,55 5523 4640,http://www.radiounam.unam.mx/,radio@unam.mx,,,,,,,-99.16589,19.39892,http://sic.gob.mx/ficha.php?table=centro_cultural&table_id=1232,2024-10-04 14:37:25-06,NO,,NO,,Sistema de Información Cultural (SIC)
CENTRO_CULTURAL_2468,2468,CENTRO_CULTURAL,Centros Culturales Miguel Alemán del ISSSTE,1988-09-01,Instituto de Seguridad y Servicios Sociales de los Trabajadores del Estado (ISSSTE),PUBLICO,EVIDENCIA_INSTITUCIONAL_PUBLICA,,,9,Ciudad de México,14,Benito Juárez,1,Benito Juárez,Av. Coyoacán 1435 esq. Félix Cuevas,Col. Del Valle,3100.0,55 5524 5215,http://www.issste.gob.mx,joselmejia@issste.gob.mx; atencionciudadana@issste.gob.mx,,,,,,,-99.17152,19.37075,http://sic.gob.mx/ficha.php?table=centro_cultural&table_id=2468,2025-05-19 09:03:29-06,NO,,NO,,Sistema de Información Cultural (SIC)
CENTRO_CULTURAL_3516,3516,CENTRO_CULTURAL,PILARES Municipio Libre,2019-08-31,Gobierno de la Ciudad de México,PUBLICO,EVIDENCIA_INSTITUCIONAL_PUBLICA,,,9,Ciudad de México,14,Benito Juárez,1,Benito Juárez,Municipio Libre y Calz. de Tlalpan s/n,Portales Norte,,55 5134 0770 ext 1806,https://pilares.cdmx.gob.mx/pilares/1554/municipio-libre,pilaresmunicipiolibre@cdmx.gob.mx,,,,,,,-99.14144,19.36807,http://sic.gob.mx/ficha.php?table=centro_cultural&table_id=3516,2025-08-25 17:02:40-06,SI,PILARES,NO,,Sistema de Información Cultural (SIC)
CENTRO_CULTURAL_2465,2465,CENTRO_CULTURAL,"Centro Cultural Coyoacán, Centro de Recreación Infantil del ISSSTE",1000-01-01,Instituto de Seguridad y Servicios Sociales de los Trabajadores del Estado (ISSSTE),PUBLICO,EVIDENCIA_INSTITUCIONAL_PUBLICA,,,9,Ciudad de México,14,Benito Juárez,1,Benito Juárez,Av. Coyoacán 521,Del Valle,3100.0,55 5543 5812,http://www.issste.gob.mx,culturalcoyoacan@issste.gob.mx; centroculturalcoyoacan@outlook.es; lorena.el7@gmail.com,,,,,,,-99.16649,19.39032,http://sic.gob.mx/ficha.php?table=centro_cultural&table_id=2465,2024-06-03 12:20:29-06,NO,,NO,,Sistema de Información Cultural (SIC)
CENTRO_CULTURAL_1242,1242,CENTRO_CULTURAL,Polyforum Siqueiros,1971-12-16,"Polyforum Siqueiros, A.C.",PRIVADO,EVIDENCIA_INSTITUCIONAL_PRIVADA,,,9,Ciudad de México,14,Benito Juárez,1,Benito Juárez,Insurgentes Sur s/n esq. Filadelfia,Col. Nápoles,3810.0,55 5536 4520 al 23,https://inba.gob.mx/recinto/49,info@polyforumsiqueiros.com,,,,,,,-99.17347,19.39341,http://sic.gob.mx/ficha.php?table=centro_cultural&table_id=1242,2025-06-19 11:11:54-06,NO,,NO,,Sistema de Información Cultural (SIC)
CENTRO_CULTURAL_3590,3590,CENTRO_CULTURAL,Centro de Desarrollo Social 8 de Agosto,1000-01-01,Alcaldía  Benito Juárez/Coordinación de Cultura/Subdirección de Derechos Culturales Recreativos y Educativos,PUBLICO,EVIDENCIA_INSTITUCIONAL_PUBLICA,,,9,Ciudad de México,14,Benito Juárez,1,Benito Juárez,Cda. Becerra s/n esq. 11 de Abril,Col. 8 de Agosto,3820.0,55 5134 0770 ext 1806,https://pilares.cdmx.gob.mx/,coord_comunicacion@pilares.cdmx.gob.mx,,,,,,,-99.18794,19.39484,http://sic.gob.mx/ficha.php?table=centro_cultural&table_id=3590,2024-06-05 10:22:28-06,NO,,NO,,Sistema de Información Cultural (SIC)
CENTRO_CULTURAL_3657,3657,CENTRO_CULTURAL,PILARES Deportivo Arnaíz,1000-01-01,Gobierno de la Ciudad de México,PUBLICO,EVIDENCIA_INSTITUCIONAL_PUBLICA,,,9,Ciudad de México,14,Benito Juárez,1,Benito Juárez,,,,55 5134 0770 ext 1806,https://pilares.cdmx.gob.mx/,coord_comunicacion@pilares.cdmx.gob.mx,,,,,,,-99.18749,19.38366,http://sic.gob.mx/ficha.php?table=centro_cultural&table_id=3657,2024-06-26 13:09:04-06,SI,PILARES,NO,,Sistema de Información Cultural (SIC)
CENTRO_CULTURAL_1199,1199,CENTRO_CULTURAL,Casa de Cultura Gaby Brimmer,1995-11-13,Alcaldía Benito Juárez,PUBLICO,EVIDENCIA_INSTITUCIONAL_PUBLICA,,,9,Ciudad de México,14,Benito Juárez,1,Benito Juárez,Monte Alegre 32,Col. Portales Ote.,3570.0,55 5674 2529,,ccgabybrimmerbj@gmail.com; fdelgado88.fd@gmail.com,,,,,,,-99.14051,19.36465,http://sic.gob.mx/ficha.php?table=centro_cultural&table_id=1199,2023-09-29 10:46:34-06,NO,,NO,,Sistema de Información Cultural (SIC)
CENTRO_CULTURAL_1219,1219,CENTRO_CULTURAL,Casa de Cultura Niños Héroes,1980-03-01,Alcaldía  Benito Juárez/Coordinación de Cultura/Subdirección de Derechos Culturales Recreativos y Educativos,PUBLICO,EVIDENCIA_INSTITUCIONAL_PUBLICA,,,9,Ciudad de México,14,Benito Juárez,1,Benito Juárez,5 de Febrero s/n esq. Eje 5 Sur,Col. Niños Héroes,3610.0,55 5422 5300 ext. 4488,http://www.delegacionbenitojuarez.gob.mx/nuestra-demarcacion/casas-de-cultura,abj.cultura@gmail.com,,,,,,,-99.14144,19.38409,http://sic.gob.mx/ficha.php?table=centro_cultural&table_id=1219,2024-06-05 10:23:35-06,NO,,NO,,Sistema de Información Cultural (SIC)
CENTRO_CULTURAL_2442,2442,CENTRO_CULTURAL,Centro Cultural Casa Rayuela,2010-06-01,,NO_DETERMINADO,SIN_ADSCRIPCION,,,9,Ciudad de México,14,Benito Juárez,1,Benito Juárez,Av. Tlalpan 790,Col. Villa de Cortés,3520.0,55 5698 7560,http://casarayuela.wordpress.com,lacasarayuela@gmail.com,,,,,,,-99.1382,19.39112,http://sic.gob.mx/ficha.php?table=centro_cultural&table_id=2442,2021-09-22 11:03:22-05,NO,,SI,No existe adscripción disponible para determinar el tipo de gestión.,Sistema de Información Cultural (SIC)
CENTRO_CULTURAL_1226,1226,CENTRO_CULTURAL,Centro Cultural La Pirámide,2001-10-01,Secretaría de Cultura de la Ciudad de México/Dirección General de Vinculación Cultural Comunitaria,PUBLICO,EVIDENCIA_INSTITUCIONAL_PUBLICA,,,9,Ciudad de México,14,Benito Juárez,1,Benito Juárez,Calle 24 s/n esq. Cda. Pirámide,Col. San Pedro de los Pinos,3800.0,55 5521 2115,https://www.cultura.cdmx.gob.mx/recintos/archivo-historico/centros-culturales/cclp,ferlapiramidecultura@gmail.com; difusionpira24@gmail.com,,,,,,,-99.18996,19.38578,http://sic.gob.mx/ficha.php?table=centro_cultural&table_id=1226,2026-08-05 12:47:10-06,NO,,NO,,Sistema de Información Cultural (SIC)
CENTRO_CULTURAL_1974,1974,CENTRO_CULTURAL,Centro Vlady,2007-06-21,Universidad Autónoma de la Ciudad de México,PUBLICO,EVIDENCIA_INSTITUCIONAL_PUBLICA,,,9,Ciudad de México,14,Benito Juárez,1,Benito Juárez,Goya 63,Col. Insurgentes Mixcoac,3920.0,55 5611 7678,https://cultura.uacm.edu.mx/paginas/centro-vlady,centrovlady@gmail.com,,,,,,,-99.18512,19.37344,http://sic.gob.mx/ficha.php?table=centro_cultural&table_id=1974,2023-05-23 13:02:05-06,NO,,NO,,Sistema de Información Cultural (SIC)
CENTRO_CULTURAL_2204,2204,CENTRO_CULTURAL,Instituto Guimarães Rosa-México,1960-01-01,Embajada de Brasil en México,PUBLICO,EVIDENCIA_INSTITUCIONAL_PUBLICA,,,9,Ciudad de México,14,Benito Juárez,1,Benito Juárez,Santa Rosalía 205,Col. Insurgentes San Borja,3100.0,55 5553 3183 ext. 2,https://www.gov.br/mre/pt-br/embaixada-mexico/instituto-guimaraes-rosa-mexico-folder,igr.mexico@itamaraty.gov.br,,,,,,,-99.17539,19.38223,http://sic.gob.mx/ficha.php?table=centro_cultural&table_id=2204,2025-08-28 12:11:13-06,NO,,NO,,Sistema de Información Cultural (SIC)
CENTRO_CULTURAL_1245,1245,CENTRO_CULTURAL,Centro Cultural Aragón (INAPAM),2000-09-10,Secretaría de Desarrollo Social/Instituto Nacional de las Personas Adultas Mayores,PUBLICO,EVIDENCIA_INSTITUCIONAL_PUBLICA,,,9,Ciudad de México,14,Benito Juárez,1,Benito Juárez,Aragón 224,Col. Álamos,3000.0,55 9180 1794,https://www.gob.mx/inapam/acciones-y-programas/centros-culturales-inapam,cc.aragon@inapam.gob.mx; contacto@inapam.gob.mx,,,,,,,-99.13876,19.39514,http://sic.gob.mx/ficha.php?table=centro_cultural&table_id=1245,2026-09-07 13:27:18-06,NO,,NO,,Sistema de Información Cultural (SIC)
CENTRO_CULTURAL_1243,1243,CENTRO_CULTURAL,Centro Cultural San Francisco del INAPAM,1994-05-02,Instituto Nacional de las Personas Adultas Mayores,PUBLICO,EVIDENCIA_INSTITUCIONAL_PUBLICA,,,9,Ciudad de México,14,Benito Juárez,1,Benito Juárez,Av. San Francisco 1809,Col. del Valle Actipan,3100.0,55 5534 9597,https://www.gob.mx/inapam/acciones-y-programas/centros-culturales-inapam,,,,,,,,-99.1769,19.368,http://sic.gob.mx/ficha.php?table=centro_cultural&table_id=1243,2023-09-25 13:01:48-06,NO,,NO,,Sistema de Información Cultural (SIC)
CENTRO_CULTURAL_1196,1196,CENTRO_CULTURAL,Casa de Cultura Emilio Carballido,1987-05-21,Alcaldía  Benito Juárez/Coordinación de Cultura/Subdirección de Derechos Culturales Recreativos y Educativos,PUBLICO,EVIDENCIA_INSTITUCIONAL_PUBLICA,,,9,Ciudad de México,14,Benito Juárez,1,Benito Juárez,Mier y Pesado 139,Col. Del Valle,3100.0,55 5422 5300 et. 4488,https://alcaldiabenitojuarez.gob.mx/casas-de-cultura/,abj.cultura@gmail.com,,,,,,,-99.1647,19.39692,http://sic.gob.mx/ficha.php?table=centro_cultural&table_id=1196,2024-06-05 10:23:01-06,NO,,NO,,Sistema de Información Cultural (SIC)
CENTRO_CULTURAL_3412,3412,CENTRO_CULTURAL,Centro Cultural Laguna,2019-01-01,,NO_DETERMINADO,SIN_ADSCRIPCION,,,9,Ciudad de México,15,Cuauhtémoc,1,Cuauhtémoc,Dr. Lucio 181,Col. Doctores,6720.0,,https://lagunamexico.com/,hola@lagunamexico.com,,,,,,,-99.15262,19.4182,http://sic.gob.mx/ficha.php?table=centro_cultural&table_id=3412,2024-08-26 15:05:15-06,NO,,SI,No existe adscripción disponible para determinar el tipo de gestión.,Sistema de Información Cultural (SIC)
CENTRO_CULTURAL_3045,3045,CENTRO_CULTURAL,Anglo Arts Centre,2016-08-01,Anglo Mexican Foundation,PRIVADO,REVISION_MANUAL,,,9,Ciudad de México,15,Cuauhtémoc,1,Cuauhtémoc,Antonio Caso 127,Col. San Rafael,6470.0,(55) 3067 8816,https://www.theangloartsandculture.mx/,anglo.arts@tamf.org.mx,,,,,,,-99.16468,19.43538,http://sic.gob.mx/ficha.php?table=centro_cultural&table_id=3045,2024-10-29 14:26:07-06,NO,,NO,,Sistema de Información Cultural (SIC)
CENTRO_CULTURAL_3725,3725,CENTRO_CULTURAL,PILARES Ratón Macías,2023-01-01,Gobierno de la Ciudad de México,PUBLICO,EVIDENCIA_INSTITUCIONAL_PUBLICA,,,9,Ciudad de México,15,Cuauhtémoc,1,Cuauhtémoc,Dr. Andrade 401,Col. Buenos Aires,6780.0,55 5134 0770 ext 1806,https://pilares.cdmx.gob.mx/pilares/1763/raton-macias,coord_comunicacion@pilares.cdmx.gob.mx,,,,,,,-99.14836,19.40648,http://sic.gob.mx/ficha.php?table=centro_cultural&table_id=3725,2025-11-07 14:24:29-06,SI,PILARES,NO,,Sistema de Información Cultural (SIC)
CENTRO_CULTURAL_1457,1457,CENTRO_CULTURAL,Casa Universitaria del Libro UNAM/CASUL,1986-12-10,UNAM,PUBLICO,EVIDENCIA_INSTITUCIONAL_PUBLICA,,,9,Ciudad de México,15,Cuauhtémoc,1,Cuauhtémoc,Orizaba 24 esq. Puebla,Col.  Roma,6700.0,55 5207 9390,https://casul.unam.mx/,difusioncasul@gmail.com,,,,,,,-99.16076,19.42301,http://sic.gob.mx/ficha.php?table=centro_cultural&table_id=1457,2024-08-26 09:30:07-06,NO,,NO,,Sistema de Información Cultural (SIC)
CENTRO_CULTURAL_3292,3292,CENTRO_CULTURAL,Centro Cultural Foro Valparaíso,2019-11-15,"Banco Nacional de México, S.A",PRIVADO,REVISION_MANUAL,,,9,Ciudad de México,15,Cuauhtémoc,1,Cuauhtémoc,Venustiano Carranza 60,Centro Histórico,6000.0,55 1226 4290,https://www.banamex.com/valparaiso/index.html,valparaiso@citi.com,,,,,,,-99.13628,19.43142,http://sic.gob.mx/ficha.php?table=centro_cultural&table_id=3292,2025-08-07 14:50:27-06,NO,,NO,,Sistema de Información Cultural (SIC)
CENTRO_CULTURAL_3580,3580,CENTRO_CULTURAL,PILARES Tepito Morelos,1000-01-01,Gobierno de la Ciudad de México,PUBLICO,EVIDENCIA_INSTITUCIONAL_PUBLICA,,,9,Ciudad de México,15,Cuauhtémoc,1,Cuauhtémoc,Av. del Trabajo,Col. Morelos,6200.0,55 5134 0770 ext 1806,https://pilares.cdmx.gob.mx/,coord_comunicacion@pilares.cdmx.gob.mx,,,,,,,-99.12565,19.44766,http://sic.gob.mx/ficha.php?table=centro_cultural&table_id=3580,2025-08-08 11:34:03-06,SI,PILARES,NO,,Sistema de Información Cultural (SIC)
CENTRO_CULTURAL_2921,2921,CENTRO_CULTURAL,"Foro 37, Casa de Cultura",2014-08-14,,NO_DETERMINADO,SIN_ADSCRIPCION,,,9,Ciudad de México,15,Cuauhtémoc,1,Cuauhtémoc,Londres 37,Col. Juárez,6600.0,55 5207 7873,https://foro37.com/,hola@foro37.com,,,,,,,-99.15945,19.42769,http://sic.gob.mx/ficha.php?table=centro_cultural&table_id=2921,2023-10-26 07:09:11-06,NO,,SI,No existe adscripción disponible para determinar el tipo de gestión.,Sistema de Información Cultural (SIC)
CENTRO_CULTURAL_3579,3579,CENTRO_CULTURAL,PILARES Rockdrigo González,1000-01-01,Secretaría de Cultura de la Ciudad de México,PUBLICO,EVIDENCIA_INSTITUCIONAL_PUBLICA,,,9,Ciudad de México,15,Cuauhtémoc,1,Cuauhtémoc,Republica de Perú 88,Centro,6010.0,55 5134 0770 ext 1806,https://pilares.cdmx.gob.mx/,coord_comunicacion@pilares.cdmx.gob.mx,,,,,,,-99.13429,19.43986,http://sic.gob.mx/ficha.php?table=centro_cultural&table_id=3579,2025-12-09 10:33:13-06,SI,PILARES,NO,,Sistema de Información Cultural (SIC)
CENTRO_CULTURAL_3826,3826,CENTRO_CULTURAL,Espacio Cultural Tepito,1982-01-01,,NO_DETERMINADO,SIN_ADSCRIPCION,,,9,Ciudad de México,15,Cuauhtémoc,1,Cuauhtémoc,Vidal Alcocer 114,Morelos,6022.0,55 3473 8799,,espacioculturaltepito@gmail.com,,,,,,,-99.12343,19.44237,http://sic.gob.mx/ficha.php?table=centro_cultural&table_id=3826,2024-12-11 13:04:39-06,NO,,SI,No existe adscripción disponible para determinar el tipo de gestión.,Sistema de Información Cultural (SIC)
CENTRO_CULTURAL_3533,3533,CENTRO_CULTURAL,PILARES Río Tiber,1000-01-01,Gobierno de la Ciudad de México,PUBLICO,EVIDENCIA_INSTITUCIONAL_PUBLICA,,,9,Ciudad de México,15,Cuauhtémoc,1,Cuauhtémoc,Circuito interior Melchor Ocampo y Río Tiber s/n,Cuauhtémoc,6500.0,55 5134 0770 ext 1806,https://pilares.cdmx.gob.mx/,coord_comunicacion@pilares.cdmx.gob.mx,,,,,,,-99.17061,19.43275,http://sic.gob.mx/ficha.php?table=centro_cultural&table_id=3533,2025-08-27 12:21:45-06,SI,PILARES,NO,,Sistema de Información Cultural (SIC)
CENTRO_CULTURAL_1460,1460,CENTRO_CULTURAL,Centro Cultural Casa de Francia,1998-11-12,Instituto Francés de América Latina,PUBLICO,REVISION_MANUAL,,,9,Ciudad de México,15,Cuauhtémoc,1,Cuauhtémoc,Havre 15,Col. Juárez,6600.0,55 5511 3151,https://ifal.mx/,contacto@casadefranciadigital.org.mx,,,,,,,-99.16223,19.42835,http://sic.gob.mx/ficha.php?table=centro_cultural&table_id=1460,2025-01-29 14:04:57-06,NO,,NO,,Sistema de Información Cultural (SIC)
CENTRO_CULTURAL_3983,3983,CENTRO_CULTURAL,Centro Cultural Arte Obrera ARO,2017-01-01,,NO_DETERMINADO,SIN_ADSCRIPCION,,,9,Ciudad de México,15,Cuauhtémoc,1,Cuauhtémoc,Av. Isabel la Católica 233,Col. Obrera,6800.0,55 2771 6292,,centrodeartes.aro@gmail.com; gomezlucila86@gmail.com,,,,,,,-99.13821,19.42001,http://sic.gob.mx/ficha.php?table=centro_cultural&table_id=3983,2026-04-06 18:43:52-06,NO,,SI,No existe adscripción disponible para determinar el tipo de gestión.,Sistema de Información Cultural (SIC)
CENTRO_CULTURAL_3118,3118,CENTRO_CULTURAL,Casa Nuestra Xicoténcatl,2019-04-10,Senado de la República,PUBLICO,EVIDENCIA_INSTITUCIONAL_PUBLICA,,,9,Ciudad de México,15,Cuauhtémoc,1,Cuauhtémoc,Xicoténcatl 9,Centro,6018.0,55 5130 2200,,,,,,,,,-99.13945,19.43693,http://sic.gob.mx/ficha.php?table=centro_cultural&table_id=3118,2020-04-23 13:50:53-05,NO,,NO,,Sistema de Información Cultural (SIC)
CENTRO_CULTURAL_3108,3108,CENTRO_CULTURAL,Cultubar Hostería La Bota,2005-10-06,,NO_DETERMINADO,SIN_ADSCRIPCION,,,9,Ciudad de México,15,Cuauhtémoc,1,Cuauhtémoc,San Jerónimo 40,Centro Histórico,6050.0,55 5709 9016,https://hosterialabota.blogspot.com/?fbclid=IwY2xjawI9cJ5leHRuA2FlbQIxMAABHf4hgRptVMQY4WUCQGye5UpimQQ5peuXq32C3XnFpPDoV1liByzA3TzDhQ_aem_-sBHKXjp3OnoCLJaLMWK3Q,hosterialabota@gmail.com,,,,,,,-99.15167,19.44165,http://sic.gob.mx/ficha.php?table=centro_cultural&table_id=3108,2025-03-11 13:57:46-06,NO,,SI,No existe adscripción disponible para determinar el tipo de gestión.,Sistema de Información Cultural (SIC)
CENTRO_CULTURAL_1420,1420,CENTRO_CULTURAL,Casa de Cultura la Casa de Orizaba,1995-05-01,,NO_DETERMINADO,SIN_ADSCRIPCION,,,9,Ciudad de México,15,Cuauhtémoc,1,Cuauhtémoc,Orizaba 193,Col. Roma,6700.0,(55) 5264 8380 ext. 108,https://es-la.facebook.com/Foro-Luces-de-Bohemia-Centro-Cultural-Casa-de-Orizaba-1033898529963961/,management@speakbusiness.com.mx<br>forolucesdebohemia@yahoo.com.mx,,,,,,,-99.15871,19.41385,http://sic.gob.mx/ficha.php?table=centro_cultural&table_id=1420,2020-04-21 16:32:24-05,NO,,SI,No existe adscripción disponible para determinar el tipo de gestión.,Sistema de Información Cultural (SIC)
CENTRO_CULTURAL_2467,2467,CENTRO_CULTURAL,Centro Cultural Vladimir Kaspé,2007-01-01,Universidad La Salle,PRIVADO,REVISION_MANUAL,,,9,Ciudad de México,15,Cuauhtémoc,1,Cuauhtémoc,Benjamín Hill 43,Col. Condesa,6140.0,55 5278 9573 ext. 5402,,david.zepeda@lasalle.mx,,,,,,,-99.18038,19.40883,http://sic.gob.mx/ficha.php?table=centro_cultural&table_id=2467,2025-11-19 14:23:54-06,NO,,NO,,Sistema de Información Cultural (SIC)
CENTRO_CULTURAL_3052,3052,CENTRO_CULTURAL,Obrera Centro,2017-01-01,,NO_DETERMINADO,SIN_ADSCRIPCION,,,9,Ciudad de México,15,Cuauhtémoc,1,Cuauhtémoc,Isabel La Catolica 144,Col. Obrera,6080.0,55 5709 3735,,obreracentro@gmail.com,,,,,,,-99.13708,19.41671,http://sic.gob.mx/ficha.php?table=centro_cultural&table_id=3052,2025-11-14 19:24:14-06,NO,,SI,No existe adscripción disponible para determinar el tipo de gestión.,Sistema de Información Cultural (SIC)
CENTRO_CULTURAL_1981,1981,CENTRO_CULTURAL,Centro Cultural Bella Época,2006-04-26,Fondo de Cultura Económica,PUBLICO,EVIDENCIA_INSTITUCIONAL_PUBLICA,,,9,Ciudad de México,15,Cuauhtémoc,1,Cuauhtémoc,Tamaulipas 202 esq. Benjamín Hill,Col. Hipódromo Condesa,6170.0,(55) 5376 7110 ext. 2613,https://www.facebook.com/CentroCulturalBellaEpoca/,eventos.bellaepoca@fondodeculturaeconomica.com,,,,,,,-99.17749,19.40749,http://sic.gob.mx/ficha.php?table=centro_cultural&table_id=1981,2017-10-09 13:41:55-05,NO,,NO,,Sistema de Información Cultural (SIC)
CENTRO_CULTURAL_2862,2862,CENTRO_CULTURAL,Cine Tonalá,2012-05-25,,NO_DETERMINADO,SIN_ADSCRIPCION,,,9,Ciudad de México,15,Cuauhtémoc,1,Cuauhtémoc,Tonalá 261,Col. Roma Sur,6760.0,55 5264 4101,http://www.cinetonala.com,bruno@cinetonala.com,,,,,,,-99.16057,19.40885,http://sic.gob.mx/ficha.php?table=centro_cultural&table_id=2862,2020-05-26 13:47:45-05,NO,,SI,No existe adscripción disponible para determinar el tipo de gestión.,Sistema de Información Cultural (SIC)
CENTRO_CULTURAL_3779,3779,CENTRO_CULTURAL,Taller de Producción El Nidal,1000-01-01,,NO_DETERMINADO,SIN_ADSCRIPCION,,,9,Ciudad de México,15,Cuauhtémoc,1,Cuauhtémoc,Nogal 275,Col. Santa María la Ribera,6400.0,55 3743 8610,,,,,,,,,-99.16294,19.4545,http://sic.gob.mx/ficha.php?table=centro_cultural&table_id=3779,2024-12-03 17:57:10-06,NO,,SI,No existe adscripción disponible para determinar el tipo de gestión.,Sistema de Información Cultural (SIC)
CENTRO_CULTURAL_768,768,CENTRO_CULTURAL,Centro Cultural de España en México,2002-11-18,Embajada de España/Agencia Española de Cooperación Internacional para el Desarrollo,PUBLICO,EVIDENCIA_INSTITUCIONAL_PUBLICA,,,9,Ciudad de México,15,Cuauhtémoc,1,Cuauhtémoc,Guatemala 18 esq. Donceles 97,Centro,6010.0,55 5521 1925 al 28,https://ccemx.org/evento/espacios-en-resistencia-programa-publico/,info@ccemx.org,,,,,,,-99.13257,19.43515,http://sic.gob.mx/ficha.php?table=centro_cultural&table_id=768,2023-03-23 08:44:58-06,NO,,NO,,Sistema de Información Cultural (SIC)
CENTRO_CULTURAL_3345,3345,CENTRO_CULTURAL,Centro Cultural Espacio Monca,1000-01-01,Particular,PRIVADO,CLASIFICACION_EXPLICITA,,,9,Ciudad de México,15,Cuauhtémoc,1,Cuauhtémoc,"Tacuba 88, piso 1",Centro,6000.0,55 6122 6209,,espaciomonca@gmail.com,,,,,,,-99.13429,19.43533,http://sic.gob.mx/ficha.php?table=centro_cultural&table_id=3345,2021-07-05 07:22:22-05,NO,,NO,,Sistema de Información Cultural (SIC)
CENTRO_CULTURAL_3593,3593,CENTRO_CULTURAL,PILARES Benito Juárez y el Liberalismo Mexicano,2021-01-01,Gobierno de la Ciudad de México,PUBLICO,EVIDENCIA_INSTITUCIONAL_PUBLICA,,,9,Ciudad de México,15,Cuauhtémoc,1,Cuauhtémoc,Eje 2 poniente Monterrey 206,Roma Norte,6700.0,55 5134 0770 ext. 1806,https://pilares.cdmx.gob.mx/,coord_comunicacion@pilares.cdmx.gob.mx,,,,,,,-99.16279,19.41281,http://sic.gob.mx/ficha.php?table=centro_cultural&table_id=3593,2026-01-15 13:15:26-06,SI,PILARES,NO,,Sistema de Información Cultural (SIC)
CENTRO_CULTURAL_3549,3549,CENTRO_CULTURAL,PILARES Boleo,1000-01-01,Secretaría de Cultura de la Ciudad de México,PUBLICO,EVIDENCIA_INSTITUCIONAL_PUBLICA,,,9,Ciudad de México,15,Cuauhtémoc,1,Cuauhtémoc,Ferrocarril Hidalgo s/n,Col. Valle Gómez,6240.0,55 5134 0770 ext 1806,https://pilares.cdmx.gob.mx/,coord_comunicacion@pilares.cdmx.gob.mx,,,,,,,-99.124,19.45716,http://sic.gob.mx/ficha.php?table=centro_cultural&table_id=3549,2024-06-11 11:44:53-06,SI,PILARES,NO,,Sistema de Información Cultural (SIC)
CENTRO_CULTURAL_1505,1505,CENTRO_CULTURAL,Buzón del Arte,2008-01-01,,NO_DETERMINADO,SIN_ADSCRIPCION,,,9,Ciudad de México,15,Cuauhtémoc,1,Cuauhtémoc,Cjón. Romita 8,Col. Roma,6700.0,(55) 2554 5599,http://buzondearte.tripod.com/index.html,buzondearte@gmail.com,,,,,,,-99.15464,19.42339,http://sic.gob.mx/ficha.php?table=centro_cultural&table_id=1505,2020-04-21 16:32:09-05,NO,,SI,No existe adscripción disponible para determinar el tipo de gestión.,Sistema de Información Cultural (SIC)
CENTRO_CULTURAL_1091,1091,CENTRO_CULTURAL,Centro Cultural Museo Universitario del Chopo,1975-11-25,UNAM,PUBLICO,EVIDENCIA_INSTITUCIONAL_PUBLICA,,,9,Ciudad de México,15,Cuauhtémoc,1,Cuauhtémoc,Dr. Enrique González Martínez 10,Col. Santa María la Ribera,6400.0,(55) 5546 5484,http://www.chopo.unam.mx,chopo@unam.mx,,,,,,,-99.1566,19.44188,http://sic.gob.mx/ficha.php?table=centro_cultural&table_id=1091,2020-04-21 04:23:15-05,NO,,NO,,Sistema de Información Cultural (SIC)
CENTRO_CULTURAL_1414,1414,CENTRO_CULTURAL,Centro Cultural Ateneo Español de México,1949-01-04,"Ateneo Español de México, A.C.",PRIVADO,EVIDENCIA_INSTITUCIONAL_PRIVADA,,,9,Ciudad de México,15,Cuauhtémoc,1,Cuauhtémoc,Hamburgo 6 esq. Berlín,Col. Juárez,6600.0,55 5709 00 27,http://www.ateneoesmex.com,info@ateneoesmex.com,,,,,,,-99.15817,19.42921,http://sic.gob.mx/ficha.php?table=centro_cultural&table_id=1414,2025-11-06 14:31:04-06,NO,,NO,,Sistema de Información Cultural (SIC)
CENTRO_CULTURAL_3659,3659,CENTRO_CULTURAL,PILARES Evangelina Corona,2022-11-01,Secretaría de Cultura de la Ciudad de México,PUBLICO,EVIDENCIA_INSTITUCIONAL_PUBLICA,,,9,Ciudad de México,15,Cuauhtémoc,1,Cuauhtémoc,Cerrada Fray Servando Teresa de Mier 24,Col. Tránsito,,55 5134 0770 ext 1806,https://pilares.cdmx.gob.mx/,coord_comunicacion@pilares.cdmx.gob.mx,,,,,,,-99.13262,19.42256,http://sic.gob.mx/ficha.php?table=centro_cultural&table_id=3659,2025-11-12 14:32:06-06,SI,PILARES,NO,,Sistema de Información Cultural (SIC)
CENTRO_CULTURAL_2097,2097,CENTRO_CULTURAL,Centro Cultural del México Contemporáneo,2005-04-25,"Fundación Centro Cultural del México Contemporáneo, A.C.",PRIVADO,EVIDENCIA_INSTITUCIONAL_PRIVADA,,,9,Ciudad de México,15,Cuauhtémoc,1,Cuauhtémoc,Leandro Valle 20,Centro Histórico,6020.0,55 5529 1567,,fundacionccmc@gmail.com,,,,,,,-99.13397,19.43991,http://sic.gob.mx/ficha.php?table=centro_cultural&table_id=2097,2024-04-03 08:32:12-06,NO,,NO,,Sistema de Información Cultural (SIC)
CENTRO_CULTURAL_1677,1677,CENTRO_CULTURAL,Centro Cultural Estación Indianilla,2006-12-01,Gobierno de la Ciudad de México,PUBLICO,EVIDENCIA_INSTITUCIONAL_PUBLICA,,,9,Ciudad de México,15,Cuauhtémoc,1,Cuauhtémoc,Dr. Claudio Bernard 111 esq. Niños Héroes,Col. Doctores,6720.0,55 5761 9058,,estacionindianillacc@gmail.com,,,,,,,-99.14751,19.42094,http://sic.gob.mx/ficha.php?table=centro_cultural&table_id=1677,2025-01-29 12:39:25-06,NO,,NO,,Sistema de Información Cultural (SIC)
CENTRO_CULTURAL_3561,3561,CENTRO_CULTURAL,PILARES San Francisco Tultenco,2020-02-06,Secretaría de Cultura de la Ciudad de México,PUBLICO,EVIDENCIA_INSTITUCIONAL_PUBLICA,,,9,Ciudad de México,15,Cuauhtémoc,1,Cuauhtémoc,San Francisco Tultenco 41,Col. Paulino Navarro,6870.0,55 5134 0770 ext 1806,https://pilares.cdmx.gob.mx/,coord_comunicacion@pilares.cdmx.gob.mx,,,,,,,-99.12881,19.4109,http://sic.gob.mx/ficha.php?table=centro_cultural&table_id=3561,2025-08-27 12:24:28-06,SI,PILARES,NO,,Sistema de Información Cultural (SIC)
CENTRO_CULTURAL_1596,1596,CENTRO_CULTURAL,Centro Cultural de la SHCP,2018-01-01,SCHP/Dirección General de la Conservaduría de Palacio Nacional y Patrimonio Cultural,PUBLICO,REVISION_MANUAL,,,9,Ciudad de México,15,Cuauhtémoc,1,Cuauhtémoc,República de Guatemala 80,Centro Histórico,6020.0,"55 3688 1100 exts. 81666, 81656;",https://www.gob.mx/palacionacional,difusioncultural@hacienda.gob.mx,,,,,,,-99.14459,19.43756,http://sic.gob.mx/ficha.php?table=centro_cultural&table_id=1596,2024-11-27 12:21:45-06,NO,,NO,,Sistema de Información Cultural (SIC)
CENTRO_CULTURAL_1434,1434,CENTRO_CULTURAL,Casa de Cultura del Estado de Tabasco,1997-10-15,Gobierno del Estado de Tabasco,PUBLICO,EVIDENCIA_INSTITUCIONAL_PUBLICA,,,9,Ciudad de México,15,Cuauhtémoc,1,Cuauhtémoc,Berlín 33 esq. Marsella,Col. Juárez,6600.0,55 5705 0114,https://www.facebook.com/norma.dominguezdedios,normadedios@hotmail.com,,,,,,,-99.15686,19.42678,http://sic.gob.mx/ficha.php?table=centro_cultural&table_id=1434,2020-04-22 05:53:09-05,NO,,NO,,Sistema de Información Cultural (SIC)
CENTRO_CULTURAL_3518,3518,CENTRO_CULTURAL,PILARES Glorieta de los Insurgentes,2019-09-04,Gobierno de la Ciudad de México,PUBLICO,EVIDENCIA_INSTITUCIONAL_PUBLICA,,,9,Ciudad de México,15,Cuauhtémoc,1,Cuauhtémoc,Glorieta de los Insurgentes s/n,Juárez,6600.0,55 5134 0770 ext 1806,https://pilares.cdmx.gob.mx/,coord_comunicacion@pilares.cdmx.gob.mx,,,,,,,-99.16289,19.42337,http://sic.gob.mx/ficha.php?table=centro_cultural&table_id=3518,2025-09-22 19:55:31-06,SI,PILARES,NO,,Sistema de Información Cultural (SIC)
CENTRO_CULTURAL_3044,3044,CENTRO_CULTURAL,Casa Rivas Mercado,2017-05-10,Fundación Rivas Mercado/Secretaría de Cultura de la Ciudad de México,MIXTO,MIXTO_CONFIRMADO,,,9,Ciudad de México,15,Cuauhtémoc,1,Cuauhtémoc,Héroes 53,Col. Guerrero,6300.0,55 2591 6666,https://casarivasmercado.com/,visitas@casarivasmercado.com,,,,,,,-99.14671,19.44097,http://sic.gob.mx/ficha.php?table=centro_cultural&table_id=3044,2024-11-19 13:11:09-06,NO,,NO,,Sistema de Información Cultural (SIC)
CENTRO_CULTURAL_1352,1352,CENTRO_CULTURAL,"Isidora Cyber Café y Arte, (antes Centro Cultural El Tecolote)",1983-12-31,Asociación Civil,PRIVADO,EVIDENCIA_INSTITUCIONAL_PRIVADA,,,9,Ciudad de México,15,Cuauhtémoc,1,Cuauhtémoc,"Sulivan 39, locales C y D",Col. San Rafael,6470.0,"55 5574 9079, 55 5566 7587",,"tecocafe07@gmail.com, lc310150@gmail.com",,,,,,,-99.16114,19.43349,http://sic.gob.mx/ficha.php?table=centro_cultural&table_id=1352,2025-12-01 13:38:21-06,NO,,NO,,Sistema de Información Cultural (SIC)
CENTRO_CULTURAL_1542,1542,CENTRO_CULTURAL,Centro Cultural de la Diversidad,2002-08-02,"Fundación Prodesarrollo Educativo y Asistencial, A.C.",PRIVADO,EVIDENCIA_INSTITUCIONAL_PRIVADA,,,9,Ciudad de México,15,Cuauhtémoc,1,Cuauhtémoc,"Colima 261, 267 y 269",Col. Roma Norte,6700.0,(55) 5514 2565,http://www.diversidad.mx,informes.ccd@gmail.com,,,,,,,-99.16422,19.41883,http://sic.gob.mx/ficha.php?table=centro_cultural&table_id=1542,2020-04-29 07:08:44-05,NO,,NO,,Sistema de Información Cultural (SIC)
CENTRO_CULTURAL_3312,3312,CENTRO_CULTURAL,El 77 Centro Cultural Autogestivo,2014-12-01,"Foro Shakespeare, A.C.",PRIVADO,EVIDENCIA_INSTITUCIONAL_PRIVADA,,,9,Ciudad de México,15,Cuauhtémoc,1,Cuauhtémoc,Abraham González 77,Col Juárez,6600.0,55 5566 0102,https://www.patreon.com/el77cca,el77cultural@gmail.com,,,,,,,-99.1542,19.42879,http://sic.gob.mx/ficha.php?table=centro_cultural&table_id=3312,2025-09-24 19:35:32-06,NO,,NO,,Sistema de Información Cultural (SIC)
CENTRO_CULTURAL_1467,1467,CENTRO_CULTURAL,Centro Cultural Teatro del Pueblo,1934-11-24,Alcaldía Cuauhtémoc/Subdirección de Artes y Oficios,PUBLICO,EVIDENCIA_INSTITUCIONAL_PUBLICA,,,9,Ciudad de México,15,Cuauhtémoc,1,Cuauhtémoc,Rep. de Venezuela 72,Centro,6020.0,55 4335 8036,http://teatrodelpueblocentro.jimdo.com/,paolamedinae@gmail.com; calba@alcaldiacuauhtemoc.mx,,,,,,,-99.12792,19.43707,http://sic.gob.mx/ficha.php?table=centro_cultural&table_id=1467,2020-04-22 13:20:36-05,NO,,NO,,Sistema de Información Cultural (SIC)
CENTRO_CULTURAL_3594,3594,CENTRO_CULTURAL,PILARES Parque Abasolo,1000-01-01,Secretaría de Cultura de la Ciudad de México,PUBLICO,EVIDENCIA_INSTITUCIONAL_PUBLICA,,,9,Ciudad de México,15,Cuauhtémoc,1,Cuauhtémoc,Eje 1 poniente Guerrero 222,Col. Buenavista,6350.0,55 5134 0770 ext 1806,https://pilares.cdmx.gob.mx/,coord_comunicacion@pilares.cdmx.gob.mx,,,,,,,-99.14705,19.4492,http://sic.gob.mx/ficha.php?table=centro_cultural&table_id=3594,2024-06-11 10:49:48-06,SI,PILARES,NO,,Sistema de Información Cultural (SIC)
CENTRO_CULTURAL_3475,3475,CENTRO_CULTURAL,PILARES Frida Kahlo,2019-03-01,Gobierno de la Ciudad de México,PUBLICO,EVIDENCIA_INSTITUCIONAL_PUBLICA,,,9,Ciudad de México,15,Cuauhtémoc,1,Cuauhtémoc,"Eje Central Lázaro Cárdenas s/n esquina, Juan A. Mateos",Col. Obrera,6800.0,55 5134 0770 ext 1806,https://pilares.cdmx.gob.mx/,coord_comunicacion@pilares.cdmx.gob.mx,,,,,,,-99.144,19.4106,http://sic.gob.mx/ficha.php?table=centro_cultural&table_id=3475,2025-10-15 15:38:26-06,SI,PILARES,NO,,Sistema de Información Cultural (SIC)
CENTRO_CULTURAL_3093,3093,CENTRO_CULTURAL,Centro Cultural Manzanares 25,2018-12-03,Fideicomiso Centro Histórico de la Ciudad de México,PUBLICO,REVISION_MANUAL,,,9,Ciudad de México,15,Cuauhtémoc,1,Cuauhtémoc,Manzanares 25,Centro Histórico,6000.0,55 5709 8005 ext. 110,https://www.centrohistorico.cdmx.gob.mx,proyectosespecialesfch@gmail.com,,,,,,,-99.12573,19.42981,http://sic.gob.mx/ficha.php?table=centro_cultural&table_id=3093,2025-05-27 14:42:55-06,NO,,NO,,Sistema de Información Cultural (SIC)
CENTRO_CULTURAL_1422,1422,CENTRO_CULTURAL,Centro Cultural José Martí,1976-05-27,Secretaría de Cultura de la Ciudad de México/Dirección General de Vinculación Cultural Comunitaria,PUBLICO,EVIDENCIA_INSTITUCIONAL_PUBLICA,,,9,Ciudad de México,15,Cuauhtémoc,1,Cuauhtémoc,Dr. Mora  1,Centro,6050.0,55 1719 3000 ext. 2102,http://www.cultura.cdmx.gob.mx/recintos/archivo-historico/centros-culturales/ccjm,ccjosemarti@cdmx.gob.mx,,,,,,,-99.14641,19.4368,http://sic.gob.mx/ficha.php?table=centro_cultural&table_id=1422,2026-08-05 12:04:03-06,NO,,NO,,Sistema de Información Cultural (SIC)
CENTRO_CULTURAL_3940,3940,CENTRO_CULTURAL,Casa Ribera,2019-12-18,,NO_DETERMINADO,SIN_ADSCRIPCION,,,9,Ciudad de México,15,Cuauhtémoc,1,Cuauhtémoc,Salvador Díaz Mirón 128,Col. Santa María la Rivera,6400.0,55 8662 1017,,casariberamx@gmail.com,,,,,,,-99.15843,19.44915,http://sic.gob.mx/ficha.php?table=centro_cultural&table_id=3940,2025-09-30 19:26:43-06,NO,,SI,No existe adscripción disponible para determinar el tipo de gestión.,Sistema de Información Cultural (SIC)
CENTRO_CULTURAL_1098,1098,CENTRO_CULTURAL,Centro Cultural Casa Talavera,1988-11-20,Universidad Autónoma de la Ciudad de México,PUBLICO,EVIDENCIA_INSTITUCIONAL_PUBLICA,,,9,Ciudad de México,15,Cuauhtémoc,1,Cuauhtémoc,Talavera 20 esq. República de El Salvador,Centro,6060.0,,https://cultura.uacm.edu.mx/paginas/casa-talavera,casa.talavera@uacm.edu.mx,,,,,,,-99.12738,19.42812,http://sic.gob.mx/ficha.php?table=centro_cultural&table_id=1098,2026-03-26 12:11:41-06,NO,,NO,,Sistema de Información Cultural (SIC)
CENTRO_CULTURAL_1423,1423,CENTRO_CULTURAL,Casa de Cultura Santa María la Ribera,1994-11-14,Alcaldía Cuauhtémoc,PUBLICO,EVIDENCIA_INSTITUCIONAL_PUBLICA,,,9,Ciudad de México,15,Cuauhtémoc,1,Cuauhtémoc,Jaime Torres Bodet 160,Col. Santa María de la Ribera,6400.0,55 4335 8200,https://historico.alcaldiacuauhtemoc.mx/nope/casa-de-cultura-santa-maria-la-ribera/,,,,,,,,-99.15559,19.45141,http://sic.gob.mx/ficha.php?table=centro_cultural&table_id=1423,2025-09-30 15:04:54-06,NO,,NO,,Sistema de Información Cultural (SIC)
CENTRO_CULTURAL_3824,3824,CENTRO_CULTURAL,Multiforo Alicia,1995-12-01,,NO_DETERMINADO,SIN_ADSCRIPCION,,,9,Ciudad de México,15,Cuauhtémoc,1,Cuauhtémoc,Eligio Ancona 145,Col. Santa María la Ribera,6400.0,,https://multiforoalicia.com.mx/,foroalici@hotmail.com; multiforoalicia@gmail.com,,,,,,,-99.1577,19.45278,http://sic.gob.mx/ficha.php?table=centro_cultural&table_id=3824,2025-07-29 13:21:14-06,NO,,SI,No existe adscripción disponible para determinar el tipo de gestión.,Sistema de Información Cultural (SIC)
CENTRO_CULTURAL_3063,3063,CENTRO_CULTURAL,Capilla Alfonsina,1972-06-13,Secretaría de Cultura/INBAL,PUBLICO,EVIDENCIA_INSTITUCIONAL_PUBLICA,,,9,Ciudad de México,15,Cuauhtémoc,1,Cuauhtémoc,Gral. Benjamín Hill 122,Col. Hipódromo Condesa,6170.0,55 8647 5410,capillaalfonsina.bellasartes.gob.mx,ca.direccion@inba.gob.mx; emejia@inba.gob.mx,,,,,,,-99.17853,19.40806,http://sic.gob.mx/ficha.php?table=centro_cultural&table_id=3063,2025-07-28 14:24:09-06,NO,,NO,,Sistema de Información Cultural (SIC)
CENTRO_CULTURAL_1433,1433,CENTRO_CULTURAL,Casino Español de México,1903-01-01,"Casino Español de México, A.C.",PRIVADO,EVIDENCIA_INSTITUCIONAL_PRIVADA,,,9,Ciudad de México,15,Cuauhtémoc,1,Cuauhtémoc,Isabel la Católica 29,Centro Histórico,6000.0,(55)  5510 1065,http://www.casinoespanoldemexico.com,cultura@casinoespanoldemexico.com,,,,,,,-99.13646,19.43301,http://sic.gob.mx/ficha.php?table=centro_cultural&table_id=1433,2025-01-28 12:52:03-06,NO,,NO,,Sistema de Información Cultural (SIC)
CENTRO_CULTURAL_3938,3938,CENTRO_CULTURAL,Pendular. Espacio Cultural,1000-01-01,Pendular. Espacio Cultural,PRIVADO,REVISION_MANUAL,,,9,Ciudad de México,15,Cuauhtémoc,1,Cuauhtémoc,Belisario Domínguez 32-4to. piso,Centro,,,,pendular.espaciocultural@gmail.com,,,,,,,-99.13731,19.43849,http://sic.gob.mx/ficha.php?table=centro_cultural&table_id=3938,2025-09-29 12:03:32-06,NO,,NO,,Sistema de Información Cultural (SIC)
CENTRO_CULTURAL_2918,2918,CENTRO_CULTURAL,Sinagoga Histórica Justo Sierra 71,2010-01-10,"Comunidad Ashkenazi de México, A.C.",PRIVADO,EVIDENCIA_INSTITUCIONAL_PRIVADA,,,9,Ciudad de México,15,Cuauhtémoc,1,Cuauhtémoc,Justo Sierra 71,Centro,6020.0,55 5522 4828,http://sinagogajustosierra.com/,sinagogajustosierra@gmail.com,,,,,,,-99.12818,19.43512,http://sic.gob.mx/ficha.php?table=centro_cultural&table_id=2918,2024-12-03 14:24:49-06,NO,,NO,,Sistema de Información Cultural (SIC)
CENTRO_CULTURAL_1946,1946,CENTRO_CULTURAL,Centro Cultural Xavier Villaurrutia,2006-06-19,Secretaría de Cultura de la Ciudad de México/Dirección General de Vinculación Cultural Comunitaria,PUBLICO,EVIDENCIA_INSTITUCIONAL_PUBLICA,,,9,Ciudad de México,15,Cuauhtémoc,1,Cuauhtémoc,"Glorieta del Metro Insurgentes, Av. Insurgentes Centro s/n local 25",Col. Roma,6050.0,55 5207 2491,https://culturacomunitaria.cdmx.gob.mx/centros-culturales/centro-cultural-xavier-villaurrutia; https://www.cultura.cdmx.gob.mx/recintos/ccxv,xvillaurrutia@gmail.com,,,,,,,-99.16295,19.42398,http://sic.gob.mx/ficha.php?table=centro_cultural&table_id=1946,2026-08-04 11:20:23-06,NO,,NO,,Sistema de Información Cultural (SIC)
CENTRO_CULTURAL_3496,3496,CENTRO_CULTURAL,PILARES Zona Rosa,2019-01-01,Secretaría de Cultura de la Ciudad de México,PUBLICO,EVIDENCIA_INSTITUCIONAL_PUBLICA,,,9,Ciudad de México,15,Cuauhtémoc,1,Cuauhtémoc,Londres 154,Col. Juárez,6600.0,55 5134 0770 ext 1806,https://pilares.cdmx.gob.mx/,coord_comunicacion@pilares.cdmx.gob.mx,,,,,,,-99.16549,19.42438,http://sic.gob.mx/ficha.php?table=centro_cultural&table_id=3496,2025-11-14 19:06:43-06,SI,PILARES,NO,,Sistema de Información Cultural (SIC)
CENTRO_CULTURAL_2997,2997,CENTRO_CULTURAL,Centro Cultural El Rule,2017-06-16,Secretaría de Cultura de la Ciudad de México/Dirección General de Vinculación Cultural Comunitaria,PUBLICO,EVIDENCIA_INSTITUCIONAL_PUBLICA,,,9,Ciudad de México,15,Cuauhtémoc,1,Cuauhtémoc,"Eje Central Lázaro Cárdenas 6, primer piso",Centro Histórico,6000.0,55 1719 3000 ext. 1334,https://culturacomunitaria.cdmx.gob.mx/centros-culturales/centro-cultural-el-rule,comunicacion.rule@gmail.com,,,,,,,-99.14075,19.43355,http://sic.gob.mx/ficha.php?table=centro_cultural&table_id=2997,2026-08-04 10:01:19-06,NO,,NO,,Sistema de Información Cultural (SIC)
CENTRO_CULTURAL_2614,2614,CENTRO_CULTURAL,Centro Cultural de Artes Escénicas María Rojo,2011-03-24,Alcaldía Cuauhtémoc/JUD de Espacios Culturales y Bibliotecas,PUBLICO,EVIDENCIA_INSTITUCIONAL_PUBLICA,,,9,Ciudad de México,15,Cuauhtémoc,1,Cuauhtémoc,Av. Manuel González s/n,Col. Tlatelolco 2da. sección,6900.0,55 8939 0283,https://alcaldiacuauhtemoc.mx,centromariarojo@gmail.com,,,,,,,-99.14268,19.45395,http://sic.gob.mx/ficha.php?table=centro_cultural&table_id=2614,2025-06-16 12:09:30-06,NO,,NO,,Sistema de Información Cultural (SIC)
CENTRO_CULTURAL_3476,3476,CENTRO_CULTURAL,PILARES San Simón Tolnáhuac,2019-01-01,Secretaría de Cultura de la Ciudad de México,PUBLICO,EVIDENCIA_INSTITUCIONAL_PUBLICA,,,9,Ciudad de México,15,Cuauhtémoc,1,Cuauhtémoc,Eje 1 Pte. s/n,Col. San Simón Tolnáhuac,6920.0,55 5134 0770 ext 1806,https://pilares.cdmx.gob.mx/,coord_comunicacion@pilares.cdmx.gob.mx,,,,,,,-99.14374,19.46139,http://sic.gob.mx/ficha.php?table=centro_cultural&table_id=3476,2025-09-22 19:39:28-06,SI,PILARES,NO,,Sistema de Información Cultural (SIC)
CENTRO_CULTURAL_2028,2028,CENTRO_CULTURAL,Centro Cultural El Foco,2008-01-14,"Compañía Teatro del Árbol, A.C.",PRIVADO,EVIDENCIA_INSTITUCIONAL_PRIVADA,,,9,Ciudad de México,15,Cuauhtémoc,1,Cuauhtémoc,Tlacotalpan 16,Col. Roma Sur,6700.0,55 5574 9011,,contactoelfoco@gmail.com; centroculturalelfoco.rp@gmail.com,,,,,,,-99.16689,19.40871,http://sic.gob.mx/ficha.php?table=centro_cultural&table_id=2028,2026-01-20 14:07:34-06,NO,,NO,,Sistema de Información Cultural (SIC)
CENTRO_CULTURAL_3347,3347,CENTRO_CULTURAL,Centro Cultural Foro Shakespeare,1983-05-01,"Foro Shakespeare, A.C.",PRIVADO,EVIDENCIA_INSTITUCIONAL_PRIVADA,,,9,Ciudad de México,15,Cuauhtémoc,1,Cuauhtémoc,Zamora 7,Col. Condesa,6140.0,55 7948 5597,https://foroshakespeare.com/,hola@foroshakespeare.com,,,,,,,-99.1767,19.41918,http://sic.gob.mx/ficha.php?table=centro_cultural&table_id=3347,2023-11-09 08:23:30-06,NO,,NO,,Sistema de Información Cultural (SIC)
CENTRO_CULTURAL_3555,3555,CENTRO_CULTURAL,PILARES Chabacano,2020-01-29,Gobierno de la Ciudad de México,PUBLICO,EVIDENCIA_INSTITUCIONAL_PUBLICA,,,9,Ciudad de México,15,Cuauhtémoc,1,Cuauhtémoc,San Antonio Abad 45,Col. Obrera,6800.0,55 5134 0770 ext 1806,https://pilares.cdmx.gob.mx/,coord_comunicacion@pilares.cdmx.gob.mx,,,,,,,-99.13611,19.40791,http://sic.gob.mx/ficha.php?table=centro_cultural&table_id=3555,2025-07-21 18:51:03-06,SI,PILARES,NO,,Sistema de Información Cultural (SIC)
CENTRO_CULTURAL_3096,3096,CENTRO_CULTURAL,Casa Tomada,2018-02-01,Editorial Almadia,PRIVADO,REVISION_MANUAL,,,9,Ciudad de México,15,Cuauhtémoc,1,Cuauhtémoc,Pachuca 146-A,Col. Condesa,6140.0,55 59 22 79 40,https://www.casatomada.com.mx/,apoyo@casatomada.com.mx,,,,,,,-99.17748,19.41499,http://sic.gob.mx/ficha.php?table=centro_cultural&table_id=3096,2025-02-12 11:31:12-06,NO,,NO,,Sistema de Información Cultural (SIC)
CENTRO_CULTURAL_3072,3072,CENTRO_CULTURAL,Squash 73,2016-01-01,,NO_DETERMINADO,SIN_ADSCRIPCION,,,9,Ciudad de México,15,Cuauhtémoc,1,Cuauhtémoc,Antonio Caso 147,Col. SAn Rafael,6470.0,(55) 8434 3659,,info@squash73.mx,,,,,,,-99.16488,19.43545,http://sic.gob.mx/ficha.php?table=centro_cultural&table_id=3072,2025-06-09 17:29:14-06,NO,,SI,No existe adscripción disponible para determinar el tipo de gestión.,Sistema de Información Cultural (SIC)
CENTRO_CULTURAL_1427,1427,CENTRO_CULTURAL,Casa de Cultura de Tamaulipas,1998-01-30,"Patronato de la Casa de Cultura de Tamaulipas, A.C.",PRIVADO,EVIDENCIA_INSTITUCIONAL_PRIVADA,,,9,Ciudad de México,15,Cuauhtémoc,1,Cuauhtémoc,Ernesto Pugibet 73,Centro,6070.0,55 5512 1110,,cctamaulipasdf@hotmail.com; cctamaulipasdf@gmail.com,,,,,,,-99.14788,19.43027,http://sic.gob.mx/ficha.php?table=centro_cultural&table_id=1427,2020-04-24 11:41:41-05,NO,,NO,,Sistema de Información Cultural (SIC)
CENTRO_CULTURAL_2739,2739,CENTRO_CULTURAL,Casa de Cultura Othón Salazar Ramírez,2008-08-28,Alcaldía Cuauhtémoc/Subdirección de Artes y Oficios,PUBLICO,EVIDENCIA_INSTITUCIONAL_PUBLICA,,,9,Ciudad de México,15,Cuauhtémoc,1,Cuauhtémoc,Dr. José María Vértiz,Col. Doctores,6720.0,(55) 4335 8120,http://grupoteatralindependiente.es.tl/Casa-de-Cultura-Oth%F3n-Salazar.htm#comment<br>http://www.cuauhtemoc.df.gob.mx/paginas.php?id=casas; http://www.cuauhtemoc.cdmx.gob.mx/paginas.php?id=DirCultura,jessyesky@hotmail.com,,,,,,,-99.14785,19.41248,http://sic.gob.mx/ficha.php?table=centro_cultural&table_id=2739,2026-01-08 19:43:16-06,NO,,NO,,Sistema de Información Cultural (SIC)
CENTRO_CULTURAL_2738,2738,CENTRO_CULTURAL,Casa de Cultura Romita,1994-11-10,"Alcaldía Cuauhtémoc/Dirección General de Derechos Culturales, Recreativos y Educativos",PUBLICO,EVIDENCIA_INSTITUCIONAL_PUBLICA,,,9,Ciudad de México,15,Cuauhtémoc,1,Cuauhtémoc,Plaza Real Romita 28,Col. Roma Norte,6700.0,55 4335 8100,,casaculromita@gmail.com,,,,,,,-99.15468,19.42344,http://sic.gob.mx/ficha.php?table=centro_cultural&table_id=2738,2024-11-20 12:49:04-06,NO,,NO,,Sistema de Información Cultural (SIC)
CENTRO_CULTURAL_3105,3105,CENTRO_CULTURAL,Casa de la Cultura Postal,2019-11-12,Servicio Postal Mexicano,PUBLICO,EVIDENCIA_INSTITUCIONAL_PUBLICA,,,9,Ciudad de México,15,Cuauhtémoc,1,Cuauhtémoc,Calle Valentín Gómez Farías 58 A,Col. San Rafael,6470.0,55 1336 1466,https://www.casadelaculturapostal.com.mx/,casaculturapostal@gmail.com,,,,,,,-99.15167,19.44165,http://sic.gob.mx/ficha.php?table=centro_cultural&table_id=3105,2025-07-18 17:34:49-06,NO,,NO,,Sistema de Información Cultural (SIC)
CENTRO_CULTURAL_1679,1679,CENTRO_CULTURAL,Centro Cultural Casa de la Primera Imprenta de América,1993-11-23,UAM/Coordinación General de Difusión,PUBLICO,EVIDENCIA_INSTITUCIONAL_PUBLICA,,,9,Ciudad de México,15,Cuauhtémoc,1,Cuauhtémoc,Lic. Primo Verdad 10 esq. Moneda,Centro,6060.0,55 5522 1535,http://www.uam.mx/_serv_comunidad/centros_culturales.html,casapimprenta@correo.uam.mx,,,,,,,-99.13078,19.43358,http://sic.gob.mx/ficha.php?table=centro_cultural&table_id=1679,2024-10-03 12:04:42-06,NO,,NO,,Sistema de Información Cultural (SIC)
CENTRO_CULTURAL_3278,3278,CENTRO_CULTURAL,Casa de Escritores en Lenguas Indígenas ELIAC,2019-10-10,Escritores en Lenguas Indígenas A.C.,PRIVADO,EVIDENCIA_INSTITUCIONAL_PRIVADA,,,9,Ciudad de México,15,Cuauhtémoc,1,Cuauhtémoc,Calle de Mina 150,Col. Guerrero,6300.0,55 3658 4304,,,,,,,,,-99.14854,19.4396,http://sic.gob.mx/ficha.php?table=centro_cultural&table_id=3278,2024-11-20 13:45:48-06,NO,,NO,,Sistema de Información Cultural (SIC)
CENTRO_CULTURAL_2880,2880,CENTRO_CULTURAL,Centro Cultural Casa Rafael Galván,2009-08-08,UAM/Coordinación General de Difusión,PUBLICO,EVIDENCIA_INSTITUCIONAL_PUBLICA,,,9,Ciudad de México,15,Cuauhtémoc,1,Cuauhtémoc,Zacatecas 94,Col. Roma,6700.0,55 5564 4500,http://www.uam.mx/_serv_comunidad/centros_culturales.html,ecvazquez@correo.uam.mx,,,,,,,-99.15854,19.41583,http://sic.gob.mx/ficha.php?table=centro_cultural&table_id=2880,2024-10-03 12:03:50-06,NO,,NO,,Sistema de Información Cultural (SIC)
CENTRO_CULTURAL_3595,3595,CENTRO_CULTURAL,PILARES Nezahualcóyotl (SEPI),1000-01-01,Gobierno de la Ciudad de México,PUBLICO,EVIDENCIA_INSTITUCIONAL_PUBLICA,,,9,Ciudad de México,15,Cuauhtémoc,1,Cuauhtémoc,Nezahualcóyotl 29,Col. Centro,6080.0,55 5134 0770 ext 1806,https://pilares.cdmx.gob.mx/pilares/1633/sepi,coord_comunicacion@pilares.cdmx.gob.mx,,,,,,,-99.14099,19.42557,http://sic.gob.mx/ficha.php?table=centro_cultural&table_id=3595,2024-06-18 17:34:28-06,SI,PILARES,NO,,Sistema de Información Cultural (SIC)
CENTRO_CULTURAL_3480,3480,CENTRO_CULTURAL,PILARES Atlampa,2016-03-18,Gobierno de la Ciudad de México,PUBLICO,EVIDENCIA_INSTITUCIONAL_PUBLICA,,,9,Ciudad de México,15,Cuauhtémoc,1,Cuauhtémoc,Cerrada de Cedro 561,Col. Atlampa,6450.0,55 5134 0770 ext 1806,https://pilares.cdmx.gob.mx/pilares/1518/atlampa,coord_comunicacion@pilares.cdmx.gob.mx,,,,,,,-99.16007,19.46046,http://sic.gob.mx/ficha.php?table=centro_cultural&table_id=3480,2025-06-05 19:28:34-06,SI,PILARES,NO,,Sistema de Información Cultural (SIC)
CENTRO_CULTURAL_3862,3862,CENTRO_CULTURAL,A la voz Casa de Arte,2025-02-08,,NO_DETERMINADO,SIN_ADSCRIPCION,,,9,Ciudad de México,15,Cuauhtémoc,1,Cuauhtémoc,Av. Baja California 352,Col. Hipódromo Condesa,6100.0,55 1590 7972,,alavozinfo@gmail.com,,,,,,,-99.17532,19.40572,http://sic.gob.mx/ficha.php?table=centro_cultural&table_id=3862,2025-08-12 14:43:25-06,NO,,SI,No existe adscripción disponible para determinar el tipo de gestión.,Sistema de Información Cultural (SIC)
CENTRO_CULTURAL_2429,2429,CENTRO_CULTURAL,Centro Cultural Macario Matus,2009-11-01,"Centro Cultural Matus, A.C.",PRIVADO,EVIDENCIA_INSTITUCIONAL_PRIVADA,,,9,Ciudad de México,15,Cuauhtémoc,1,Cuauhtémoc,"Almacenes 94, edif. Guanajuato, local 2",Col. Nonoalco Tlatelolco,6900.0,(55) 4831 8639,https://www.facebook.com/CentroCulturalMacarioMatus/?pnref=story,,,,,,,,-99.13576,19.45019,http://sic.gob.mx/ficha.php?table=centro_cultural&table_id=2429,2020-04-24 14:53:37-05,NO,,NO,,Sistema de Información Cultural (SIC)
CENTRO_CULTURAL_3863,3863,CENTRO_CULTURAL,Tonal: foro de expresión y música,1000-01-01,,NO_DETERMINADO,SIN_ADSCRIPCION,,,9,Ciudad de México,15,Cuauhtémoc,1,Cuauhtémoc,Álvaro Obregón 160,Roma Norte,6700.0,55 7413 7420,https://www.tonaltonal.com/,,,,,,,,-99.15167,19.44165,http://sic.gob.mx/ficha.php?table=centro_cultural&table_id=3863,2025-03-11 14:40:23-06,NO,,SI,No existe adscripción disponible para determinar el tipo de gestión.,Sistema de Información Cultural (SIC)
CENTRO_CULTURAL_2463,2463,CENTRO_CULTURAL,Centro Cultural Revolución del ISSSTE,1987-01-01,Instituto de Seguridad y Servicios Sociales de los Trabajadores del Estado (ISSSTE),PUBLICO,EVIDENCIA_INSTITUCIONAL_PUBLICA,,,9,Ciudad de México,15,Cuauhtémoc,1,Cuauhtémoc,"U. H. Nonoalco Tlatelolco<br>Av. Manuel González s/n esq. Insurgentes Norte<br>entre edif. 4, 5 , 6",Col. Tlaltelolco,6900.0,(55) 5583 1114 directo,http://www.issste.gob.mx,gabriela.aparicio@issste.gob.mx,,,,,,,-99.14756,19.45526,http://sic.gob.mx/ficha.php?table=centro_cultural&table_id=2463,2025-03-03 13:06:06-06,NO,,NO,,Sistema de Información Cultural (SIC)
CENTRO_CULTURAL_1443,1443,CENTRO_CULTURAL,Centro Cultural Instituto Goethe,1966-04-01,Embajada de Alemania,PUBLICO,EVIDENCIA_INSTITUCIONAL_PUBLICA,,,9,Ciudad de México,15,Cuauhtémoc,1,Cuauhtémoc,Tonalá 43,Col. Roma,6700.0,55 5207 0487,https://www.goethe.de/ins/mx/es/index.html,"info-mexiko@goethe.de, socialmedia-mexiko@goethe.de",,,,,,,-99.16321,19.41972,http://sic.gob.mx/ficha.php?table=centro_cultural&table_id=1443,2024-11-20 17:10:57-06,NO,,NO,,Sistema de Información Cultural (SIC)
CENTRO_CULTURAL_3115,3115,CENTRO_CULTURAL,Centro Cultural Minero,2018-09-22,Cámara Minera de México (CAMIMEX),PRIVADO,REVISION_MANUAL,,,9,Ciudad de México,15,Cuauhtémoc,1,Cuauhtémoc,Havre 32,Col. Juárez,6600.0,55 5540 6788,https://outletminero.org/inaugura-camimex-su-centro-cultural-minero-en-la-cdmx-2/,,,,,,,,-99.16156,19.42757,http://sic.gob.mx/ficha.php?table=centro_cultural&table_id=3115,2025-03-03 12:06:10-06,NO,,NO,,Sistema de Información Cultural (SIC)
CENTRO_CULTURAL_1959,1959,CENTRO_CULTURAL,Gimnasio de Arte y Cultura,2007-03-01,Gimnasio de Arte y Cultura A.C.,PRIVADO,EVIDENCIA_INSTITUCIONAL_PRIVADA,,,9,Ciudad de México,15,Cuauhtémoc,1,Cuauhtémoc,"Álvaro Obregón 185,  piso 4",Col. Roma Norte,6700.0,55 5207 9404,http://www.gimnasiodearte.com,info@gimnasiodearte.com,,,,,,,-99.16333,19.41783,http://sic.gob.mx/ficha.php?table=centro_cultural&table_id=1959,2025-03-12 12:06:46-06,NO,,NO,,Sistema de Información Cultural (SIC)
CENTRO_CULTURAL_2062,2062,CENTRO_CULTURAL,La Nana. Laboratorio Urbano de Arte Comprometido,2009-05-06,ConArte,PRIVADO,REVISION_EXTERNA,INBAL,La Nana es sede del Consorcio Internacional Arte y Escuela A.C.,9,Ciudad de México,15,Cuauhtémoc,1,Cuauhtémoc,2do Cjón. de San Juan de Dios 25,Col. Guerrero,6300.0,55 5518 5424,https://www.conartemx.net/lanana,lananaluac@gmail.com,,,,,,,-99.14301,19.43832,http://sic.gob.mx/ficha.php?table=centro_cultural&table_id=2062,2024-12-02 11:40:53-06,NO,,NO,,Sistema de Información Cultural (SIC)
CENTRO_CULTURAL_1432,1432,CENTRO_CULTURAL,Casa de Cultura Alfonso Reyes,1988-04-01,Alcaldía Cuauhtémoc/Subdirección de Artes y Oficios,PUBLICO,EVIDENCIA_INSTITUCIONAL_PUBLICA,,,9,Ciudad de México,15,Cuauhtémoc,1,Cuauhtémoc,Roa Bárcenas 251 esq. Ramón Fabié,Col. Vista Alegre,6800.0,55 4335 8110,https://alcaldiacuauhtemoc.mx/descubre/casa-de-cultura-alfonso-reyes/,casadeculturaalfonsoreyes@gmail.com,,,,,,,-99.13184,19.41079,http://sic.gob.mx/ficha.php?table=centro_cultural&table_id=1432,2020-04-27 11:55:41-05,NO,,NO,,Sistema de Información Cultural (SIC)
CENTRO_CULTURAL_3298,3298,CENTRO_CULTURAL,Foro Cultural Goya,2012-05-03,,NO_DETERMINADO,SIN_ADSCRIPCION,,,9,Ciudad de México,15,Cuauhtémoc,1,Cuauhtémoc,Av. Chapultepec 151-16,Col. Juárez,6600.0,55 4444 2299,https://www.foroculturalgoya.com,correogoya@hotmail.com,,,,,,,-99.1568,19.42539,http://sic.gob.mx/ficha.php?table=centro_cultural&table_id=3298,2024-12-02 12:32:43-06,NO,,SI,No existe adscripción disponible para determinar el tipo de gestión.,Sistema de Información Cultural (SIC)
CENTRO_CULTURAL_3374,3374,CENTRO_CULTURAL,Foro Cultural Hilvana,2007-01-01,,NO_DETERMINADO,SIN_ADSCRIPCION,,,9,Ciudad de México,15,Cuauhtémoc,1,Cuauhtémoc,Puente de Alvarado 17 A,Col. Buenavista,6350.0,"55 5566 3334,  55 7090 1392",http://www.forohilvana.com/,contacto@forohilvana.com,,,,,,,-99.15404,19.43968,http://sic.gob.mx/ficha.php?table=centro_cultural&table_id=3374,2025-12-03 17:48:26-06,NO,,SI,No existe adscripción disponible para determinar el tipo de gestión.,Sistema de Información Cultural (SIC)
CENTRO_CULTURAL_2464,2464,CENTRO_CULTURAL,Centro Cultural Adolfo López Mateos del ISSSTE,1991-04-01,ISSSTE,PUBLICO,EVIDENCIA_INSTITUCIONAL_PUBLICA,,,9,Ciudad de México,15,Cuauhtémoc,1,Cuauhtémoc,Eje Central Lázaro Cárdenas 402,Col. Tlatelolco,6900.0,55 5782 2207,http://www.issste.gob.mx,hdiaz@issste.gob.mx,,,,,,,-99.13876,19.44964,http://sic.gob.mx/ficha.php?table=centro_cultural&table_id=2464,2020-05-14 06:34:05-05,NO,,NO,,Sistema de Información Cultural (SIC)
CENTRO_CULTURAL_1504,1504,CENTRO_CULTURAL,Casa de Cultura  Profr. Jesús Romero Flores,1981-10-16,Alcaldía Cuauhtémoc/Subdirección de Artes y Oficios,PUBLICO,EVIDENCIA_INSTITUCIONAL_PUBLICA,,,9,Ciudad de México,15,Cuauhtémoc,1,Cuauhtémoc,Culiacán 103 esq. Tehuantepec,Col. Hipódromo,6100.0,55 4335.8130,https://historico.alcaldiacuauhtemoc.mx/casas-de-cultura/,,,,,,,,-99.17045,19.40364,http://sic.gob.mx/ficha.php?table=centro_cultural&table_id=1504,2025-08-27 12:19:02-06,NO,,NO,,Sistema de Información Cultural (SIC)
CENTRO_CULTURAL_1465,1465,CENTRO_CULTURAL,Centro Cultural Casa del Poeta,1991-11-28,"Fundación Casa del Poeta, I. A. P.",PRIVADO,EVIDENCIA_INSTITUCIONAL_PRIVADA,,,9,Ciudad de México,15,Cuauhtémoc,1,Cuauhtémoc,Av. Álvaro Obregón  73,Col. Roma,6700.0,55 5533 5456,http://www.casadelpoeta.iap.org.mx/,casadelpoeta@prodigy.net.mx,,,,,,,-99.15809,19.41887,http://sic.gob.mx/ficha.php?table=centro_cultural&table_id=1465,2020-05-05 05:55:07-05,NO,,NO,,Sistema de Información Cultural (SIC)
CENTRO_CULTURAL_2130,2130,CENTRO_CULTURAL,Centro Cultural Border,2006-10-10,"Border Brother, S. de R.L. de C.V.",PRIVADO,EVIDENCIA_INSTITUCIONAL_PRIVADA,,,9,Ciudad de México,15,Cuauhtémoc,1,Cuauhtémoc,Zacatecas 43,Col. Roma,6700.0,55 5584 7557,http://www.border.com.mx,eugenio@border.com.mx; info@border.com.mx,,,,,,,-99.15645,19.41735,http://sic.gob.mx/ficha.php?table=centro_cultural&table_id=2130,2023-10-31 08:53:27-06,NO,,NO,,Sistema de Información Cultural (SIC)
CENTRO_CULTURAL_1449,1449,CENTRO_CULTURAL,Centro de Cultura Casa Lamm,1993-06-01,"Centro de Estudios para la Cultura y las Artes Casa Lamm, A. C.",PRIVADO,EVIDENCIA_INSTITUCIONAL_PRIVADA,,,9,Ciudad de México,15,Cuauhtémoc,1,Cuauhtémoc,Álvaro Obregón  99,Col. Roma,6700.0,"55 5525 3938, 55 5525 3918",https://www.casalamm.com.mx/,lammacademico@casalamm.com.mx; eictvmexico@gmail.com,,,,,,,-99.15959,19.41859,http://sic.gob.mx/ficha.php?table=centro_cultural&table_id=1449,2025-05-22 10:52:31-06,NO,,NO,,Sistema de Información Cultural (SIC)
CENTRO_CULTURAL_1343,1343,CENTRO_CULTURAL,Instituto Cultural México Israel,1993-10-19,"Instituto Cultural México Israel, A.C.",PRIVADO,EVIDENCIA_INSTITUCIONAL_PRIVADA,,,9,Ciudad de México,15,Cuauhtémoc,1,Cuauhtémoc,Rep. de El Salvador 41,Centro Histórico,6030.0,55 5709 8812,http://www.mexico-israel.org/,contacto@mexico-israel.org,,,,,,,-99.13834,19.42979,http://sic.gob.mx/ficha.php?table=centro_cultural&table_id=1343,2024-12-02 14:18:15-06,NO,,NO,,Sistema de Información Cultural (SIC)
CENTRO_CULTURAL_1680,1680,CENTRO_CULTURAL,Casa Refugio Citlaltépetl,1999-09-01,Secretaría de Cultura de la Ciudad de México/Coordinación Interinstitucional,PUBLICO,EVIDENCIA_INSTITUCIONAL_PUBLICA,,,9,Ciudad de México,15,Cuauhtémoc,1,Cuauhtémoc,Citlaltépetl 25,Hipódromo Condesa,6170.0,(55) 5919 1463,,casarefugiodelamemoria@gmail.com,,,,,,,-99.17165,19.40917,http://sic.gob.mx/ficha.php?table=centro_cultural&table_id=1680,2026-02-09 19:14:24-06,NO,,NO,,Sistema de Información Cultural (SIC)
CENTRO_CULTURAL_2141,2141,CENTRO_CULTURAL,Casa de Cultura San Rafael,1991-01-01,Alcaldía Cuauhtémoc/Subdirección de Artes y Oficios,PUBLICO,EVIDENCIA_INSTITUCIONAL_PUBLICA,,,9,Ciudad de México,15,Cuauhtémoc,1,Cuauhtémoc,José Rosas Moreno 110,Col. San Rafael,6500.0,55 5705 22 19,https://historico.alcaldiacuauhtemoc.mx/nope/casa-de-cultura-san-rafael/,casadeculturasanrafael@gmail.com,,,,,,,-99.16164,19.43746,http://sic.gob.mx/ficha.php?table=centro_cultural&table_id=2141,2024-07-09 09:40:46-06,NO,,NO,,Sistema de Información Cultural (SIC)
CENTRO_CULTURAL_3109,3109,CENTRO_CULTURAL,Galera Centro Cultural Multidisciplinario,2019-01-25,Independiente,PRIVADO,CLASIFICACION_EXPLICITA,,,9,Ciudad de México,15,Cuauhtémoc,1,Cuauhtémoc,Dr. Manuel Carmona y Valle 147,Col. Doctores,6720.0,,https://distritoglobal.com/galera/,,,,,,,,-99.15331,19.42002,http://sic.gob.mx/ficha.php?table=centro_cultural&table_id=3109,2025-07-23 12:48:04-06,NO,,NO,,Sistema de Información Cultural (SIC)
CENTRO_CULTURAL_1451,1451,CENTRO_CULTURAL,Unidad Cultural y Recreativa Profr. Ismael Rodríguez y Aragón,1991-12-31,Síndicato Nacional de Trabajadores del Seguro Social,PRIVADO,REVISION_MANUAL,,,9,Ciudad de México,15,Cuauhtémoc,1,Cuauhtémoc,Sonora 13,Col. Roma,6700.0,55 5286 1059,,gonzalezgar_1323@hotmail.com,,,,,,,-99.17384,19.42058,http://sic.gob.mx/ficha.php?table=centro_cultural&table_id=1451,2024-12-06 13:35:45-06,NO,,NO,,Sistema de Información Cultural (SIC)
CENTRO_CULTURAL_1092,1092,CENTRO_CULTURAL,Palacio de Minería,1979-01-01,UNAM/Facultad de Ingeniería,PUBLICO,EVIDENCIA_INSTITUCIONAL_PUBLICA,,,9,Ciudad de México,15,Cuauhtémoc,1,Cuauhtémoc,Tacuba 5,Centro Histórico,6000.0,55 5623 2997,http://www.palaciomineria.unam.mx/,teresa.martinez@mineria.unam.mx,,,,,,,-99.13952,19.4359,http://sic.gob.mx/ficha.php?table=centro_cultural&table_id=1092,2024-12-03 13:49:52-06,NO,,NO,,Sistema de Información Cultural (SIC)
CENTRO_CULTURAL_1983,1983,CENTRO_CULTURAL,Centro Cultural Universitario Tlatelolco (CCUT),2007-10-22,"UNAM/Coordinación de Difusión Cultural, Alcaldía Cuauhtémoc",PUBLICO,EVIDENCIA_INSTITUCIONAL_PUBLICA,,,9,Ciudad de México,15,Cuauhtémoc,1,Cuauhtémoc,Ricardo Flores Magón s/n,Col. Nonoalco Tlatelolco,6900.0,55 5117 2818 ext. 49687,https://tlatelolco.unam.mx/,educacion.ccut@gmail.com,,,,,,,-99.13674,19.44986,http://sic.gob.mx/ficha.php?table=centro_cultural&table_id=1983,2025-03-04 11:06:34-06,NO,,NO,,Sistema de Información Cultural (SIC)
CENTRO_CULTURAL_3099,3099,CENTRO_CULTURAL,Complejo Cultural Los Pinos,2018-12-01,Secretaría de Cultura,PUBLICO,EVIDENCIA_INSTITUCIONAL_PUBLICA,,,9,Ciudad de México,16,Miguel Hidalgo,1,Miguel Hidalgo,"Parque Lira s/n, Bosque de Chapultepec 1a sección",Col. San Miguel Chapultepec,11850.0,55 4155 0200 ext. 2412,https://lospinos.cultura.gob.mx/?fbclid=IwAR2so5jad71Ns6eTtEoxo9QbPR9GWomBCKsaAWrNWMwihd9K-BdI6XZgOjY,contactolospinos@cultura.gob.mx,,,,,,,-99.1912,19.41559,http://sic.gob.mx/ficha.php?table=centro_cultural&table_id=3099,2024-02-29 13:35:11-06,NO,,NO,,Sistema de Información Cultural (SIC)
CENTRO_CULTURAL_3639,3639,CENTRO_CULTURAL,PILARES Casa Amarilla,1000-01-01,Secretaría de Cultura de la Ciudad de México,PUBLICO,EVIDENCIA_INSTITUCIONAL_PUBLICA,,,9,Ciudad de México,16,Miguel Hidalgo,1,Miguel Hidalgo,Av. Parque Lira 94,Col. Observatorio,11860.0,55 5134 0770 ext 1806,https://pilares.cdmx.gob.mx/pilares/1677/casa-amarilla,coord_comunicacion@pilares.cdmx.gob.mx,,,,,,,-99.19071,19.40733,http://sic.gob.mx/ficha.php?table=centro_cultural&table_id=3639,2024-06-11 10:46:42-06,SI,PILARES,NO,,Sistema de Información Cultural (SIC)
CENTRO_CULTURAL_3499,3499,CENTRO_CULTURAL,PILARES Caneguín,2019-07-27,Secretaría de Cultura de la Ciudad de México,PUBLICO,EVIDENCIA_INSTITUCIONAL_PUBLICA,,,9,Ciudad de México,16,Miguel Hidalgo,1,Miguel Hidalgo,Lago Canegín 130,Col. Argentina Antigua,11270.0,55 5134 0770 ext 1806,https://pilares.cdmx.gob.mx/,coord_comunicacion@pilares.cdmx.gob.mx,,,,,,,-99.20512,19.45478,http://sic.gob.mx/ficha.php?table=centro_cultural&table_id=3499,2025-09-08 15:39:52-06,SI,PILARES,NO,,Sistema de Información Cultural (SIC)
CENTRO_CULTURAL_3640,3640,CENTRO_CULTURAL,PILARES Othón Salazar/Parque Salesiano,2021-08-07,Gobierno de la Ciudad de México,PUBLICO,EVIDENCIA_INSTITUCIONAL_PUBLICA,,,9,Ciudad de México,16,Miguel Hidalgo,1,Miguel Hidalgo,Calle Colegio Salesiano s/n,Col. Anáhuac 1a. Sección,11320.0,55 5134 0770 ext 1806,https://pilares.cdmx.gob.mx/pilares/1678/othon-salazar,coord_comunicacion@pilares.cdmx.gob.mx,,,,,,,-99.17717,19.44771,http://sic.gob.mx/ficha.php?table=centro_cultural&table_id=3640,2025-08-11 17:59:36-06,SI,PILARES,NO,,Sistema de Información Cultural (SIC)
CENTRO_CULTURAL_3398,3398,CENTRO_CULTURAL,Centro de Cultura Ambiental,2023-01-21,Secretaría de Cultura del Gobierno de México / Secretaría de Medio Ambiente (SEDEMA),PUBLICO,EVIDENCIA_INSTITUCIONAL_PUBLICA,,,9,Ciudad de México,16,Miguel Hidalgo,1,Miguel Hidalgo,Zona del Lago Menor en la Segunda Sección del Bosque de Chapultepec.,,11100.0,,,cultura.chapultepec@gmail.com,,,,,,,-99.19918,19.41153,http://sic.gob.mx/ficha.php?table=centro_cultural&table_id=3398,2024-02-29 13:37:39-06,NO,,NO,,Sistema de Información Cultural (SIC)
CENTRO_CULTURAL_3449,3449,CENTRO_CULTURAL,Parque de Cultura Urbana (PARCUR),2022-02-19,Gobierno de la Ciudad de México,PUBLICO,EVIDENCIA_INSTITUCIONAL_PUBLICA,,,9,Ciudad de México,16,Miguel Hidalgo,1,Miguel Hidalgo,Av. Ignacio Zaragoza 224,Bosque de Chapultepec III Sección,11100.0,,,,,,,,,,-99.21935,19.39965,http://sic.gob.mx/ficha.php?table=centro_cultural&table_id=3449,2024-02-29 13:38:45-06,NO,,NO,,Sistema de Información Cultural (SIC)
CENTRO_CULTURAL_2709,2709,CENTRO_CULTURAL,Centro de Cultura Digital (CCD),2012-09-01,Secretaría de Cultura,PUBLICO,EVIDENCIA_INSTITUCIONAL_PUBLICA,,,9,Ciudad de México,16,Miguel Hidalgo,1,Miguel Hidalgo,Paseo de la Reforma s/n esq. Lieja,Col. Juárez,6600.0,55 1000 2637,http://www.centroculturadigital.mx/,asistentedir.ccd@gmail.com,,,,,,,-99.17575,19.42311,http://sic.gob.mx/ficha.php?table=centro_cultural&table_id=2709,2020-04-22 10:39:32-05,NO,,NO,,Sistema de Información Cultural (SIC)
CENTRO_CULTURAL_982,982,CENTRO_CULTURAL,Centro Cultural del Bosque,1962-07-21,Secretaría de Cultura/INBA,PUBLICO,EVIDENCIA_INSTITUCIONAL_PUBLICA,,,9,Ciudad de México,16,Miguel Hidalgo,1,Miguel Hidalgo,Av. Paseo de la Reforma y Campo Marte,Col. Chapultepec Polanco,11560.0,55 1000 5600 ext. 4408,http://www.ccb.bellasartes.gob.mx,arteccb_see@yahoo.com.mx; ccb@inba.gob.mx,,,,,,,-99.19518,19.42341,http://sic.gob.mx/ficha.php?table=centro_cultural&table_id=982,2020-04-21 06:33:01-05,NO,,NO,,Sistema de Información Cultural (SIC)
CENTRO_CULTURAL_3552,3552,CENTRO_CULTURAL,PILARES Pensil,2020-01-16,Gobierno de la Ciudad de México,PUBLICO,EVIDENCIA_INSTITUCIONAL_PUBLICA,,,9,Ciudad de México,16,Miguel Hidalgo,1,Miguel Hidalgo,Lago Trasimeno s/n esq. Lago Erne,Col. Reforma Pensil,11440.0,,https://www.jefaturadegobierno.cdmx.gob.mx/comunicacion/nota/inaugura-jefa-de-gobierno-reforma-pensil-en-la-alcaldia-miguel-hidalgo,pilarespensil@cdmx.gob.mx,,,,,,,-99.19451,19.44919,http://sic.gob.mx/ficha.php?table=centro_cultural&table_id=3552,2024-06-17 10:10:36-06,SI,PILARES,NO,,Sistema de Información Cultural (SIC)
CENTRO_CULTURAL_2450,2450,CENTRO_CULTURAL,Foro Cultural Chapultepec,2012-01-01,"Centro Deportivo Chapultepec, A.C.",PRIVADO,EVIDENCIA_INSTITUCIONAL_PRIVADA,,,9,Ciudad de México,16,Miguel Hidalgo,1,Miguel Hidalgo,Calz. Gral. Mariano Escobedo 665,Col. Anzures,11590.0,55 5263 3900,http://www.cdch.com.mx/,mvizuet@cdch.com.mx,,,,,,,-99.18026,19.42675,http://sic.gob.mx/ficha.php?table=centro_cultural&table_id=2450,2025-06-09 16:54:31-06,NO,,NO,,Sistema de Información Cultural (SIC)
CENTRO_CULTURAL_3751,3751,CENTRO_CULTURAL,PILARES Tacubaya,2022-09-17,Secretaría de Cultura de la Ciudad de México,PUBLICO,EVIDENCIA_INSTITUCIONAL_PUBLICA,,,9,Ciudad de México,16,Miguel Hidalgo,1,Miguel Hidalgo,Becerra 88,Barrio de San Juan Tacubaya,11870.0,55 5134 0770 ext 1806,https://pilares.cdmx.gob.mx/,coord_comunicacion@pilares.cdmx.gob.mx,,,,,,,-99.18772,19.39612,http://sic.gob.mx/ficha.php?table=centro_cultural&table_id=3751,2025-10-10 16:55:40-06,SI,PILARES,NO,,Sistema de Información Cultural (SIC)
CENTRO_CULTURAL_3322,3322,CENTRO_CULTURAL,Fábrica de Artes y Oficios (FARO) Cosmos,2021-03-13,Secretaría de Cultura de la Ciudad de México/Dirección General de Vinculación Cultural Comunitaria/Red de Faros,PUBLICO,EVIDENCIA_INSTITUCIONAL_PUBLICA,,,9,Ciudad de México,16,Miguel Hidalgo,1,Miguel Hidalgo,Calz. México Tacuba s/n,Col. Tlaxpana,11370.0,"55 1719 3000 exts. 1303, 1302",https://culturacomunitaria.cdmx.gob.mx/red-de-faros/faro-cosmos,lafarocosmos@gmail.com,,,,,,,-99.16625,19.44349,http://sic.gob.mx/ficha.php?table=centro_cultural&table_id=3322,2026-08-03 13:50:41-06,NO,,NO,,Sistema de Información Cultural (SIC)
CENTRO_CULTURAL_2199,2199,CENTRO_CULTURAL,Centro Citibanamex,2002-01-01,Privado,PRIVADO,CLASIFICACION_EXPLICITA,,,9,Ciudad de México,16,Miguel Hidalgo,1,Miguel Hidalgo,Av. del Conscripto 311,Col. Lomas de Sotelo,11200.0,55 5268 2000,http://www.centrobanamex.com/,info@centrobanamex.mx,,,,,,,-99.22272,19.44159,http://sic.gob.mx/ficha.php?table=centro_cultural&table_id=2199,2025-03-31 13:55:43-06,NO,,NO,,Sistema de Información Cultural (SIC)
CENTRO_CULTURAL_3605,3605,CENTRO_CULTURAL,PILARES Tlacopan,1000-01-01,Gobierno de la Ciudad de México,PUBLICO,EVIDENCIA_INSTITUCIONAL_PUBLICA,,,9,Ciudad de México,16,Miguel Hidalgo,1,Miguel Hidalgo,Calzada México Tacuba y Av. Aquiles Serdán,Tacuba,11410.0,55 5134 0770 ext 1806,https://pilares.cdmx.gob.mx/,coord_comunicacion@pilares.cdmx.gob.mx,,,,,,,-99.18982,19.46006,http://sic.gob.mx/ficha.php?table=centro_cultural&table_id=3605,2024-06-24 13:43:30-06,SI,PILARES,NO,,Sistema de Información Cultural (SIC)
CENTRO_CULTURAL_2881,2881,CENTRO_CULTURAL,Centro Cultural Casa del Tiempo,1000-01-01,UUM/Coordinación General de Difusión,PUBLICO,EVIDENCIA_INSTITUCIONAL_PUBLICA,,,9,Ciudad de México,16,Miguel Hidalgo,1,Miguel Hidalgo,Av. General Pedro Antonio de los Santos 84 esq. Tornell,Col. San Miguel Chapultepec,11850.0,55 5515 8737,http://www.uam.mx/_serv_comunidad/centros_culturales.html,casadeltiempo@correo.uam.mx,,,,,,,-99.18283,19.41183,http://sic.gob.mx/ficha.php?table=centro_cultural&table_id=2881,2024-10-03 12:04:10-06,NO,,NO,,Sistema de Información Cultural (SIC)
CENTRO_CULTURAL_1440,1440,CENTRO_CULTURAL,Casa del Lago Juan José Arreola,1959-09-15,UNAM,PUBLICO,EVIDENCIA_INSTITUCIONAL_PUBLICA,,,9,Ciudad de México,16,Miguel Hidalgo,1,Miguel Hidalgo,1ra. sección del Bosque de Chapultepec,Col. San Miguel Chapultepec,11850.0,55 5211 1098,http://www.casadellago.unam.mx,jgimenez@unam.mx,,,,,,,-99.18582,19.4224,http://sic.gob.mx/ficha.php?table=centro_cultural&table_id=1440,2020-04-22 08:19:04-05,NO,,NO,,Sistema de Información Cultural (SIC)
CENTRO_CULTURAL_3067,3067,CENTRO_CULTURAL,Casa Elena Poniatowska,2018-06-14,"Fundación Elena Poniatoswska Amor, A.C.",PRIVADO,EVIDENCIA_INSTITUCIONAL_PRIVADA,,,9,Ciudad de México,16,Miguel Hidalgo,1,Miguel Hidalgo,José Martí 105,"Col. Escandón, sección I",11800.0,55 9048 6914,,gestionfepa@gmail.com,,,,,,,-99.18121,19.40339,http://sic.gob.mx/ficha.php?table=centro_cultural&table_id=3067,2025-08-04 12:05:10-06,NO,,NO,,Sistema de Información Cultural (SIC)
CENTRO_CULTURAL_3402,3402,CENTRO_CULTURAL,Centro Cultural de Turquía Instituto Yunus Emre,2022-01-01,Instituto Yunus Emre en México,PUBLICO,REVISION_EXTERNA,Yunus Emre Institute / e-Devlet Türkiye,Institución de diplomacia cultural de Turquía; su fundación fue establecida mediante la Ley 5653.,9,Ciudad de México,16,Miguel Hidalgo,1,Miguel Hidalgo,Hegel 618,Col. Bosques de Chapultepec,11560.0,55 1741 8092,https://www.yeemexico.org/?fbclid=IwY2xjawJYEmZleHRuA2FlbQIxMAABHUpFtxGOaQnT9PkLEqWKJGQyKLh-DaLlo8jtrXJVCdo9McxnKg679Uc45A_aem_6yALh11SHdoDMZbbIq9f0A,meksika@yee.org.tr,,,,,,,-99.18783,19.42891,http://sic.gob.mx/ficha.php?table=centro_cultural&table_id=3402,2025-04-01 11:56:48-06,NO,,NO,,Sistema de Información Cultural (SIC)
CENTRO_CULTURAL_2473,2473,CENTRO_CULTURAL,Centro Cultural Poniente del ISSSTE,2002-08-01,ISSSTE,PUBLICO,EVIDENCIA_INSTITUCIONAL_PUBLICA,,,9,Ciudad de México,16,Miguel Hidalgo,1,Miguel Hidalgo,Gral. José Morán 81,"Col. San Miguel Chapultepec, secc. I",11850.0,55 5276 0059,,,,,,,,,-99.18787,19.40901,http://sic.gob.mx/ficha.php?table=centro_cultural&table_id=2473,2026-04-07 11:48:14-06,NO,,NO,,Sistema de Información Cultural (SIC)
CENTRO_CULTURAL_984,984,CENTRO_CULTURAL,Espacio Cultural Nelson Mandela,2013-07-18,Alcaldía Miguel Hidalgo/Dirección de Convivencia y Promoción Deportiva,PUBLICO,EVIDENCIA_INSTITUCIONAL_PUBLICA,,,9,Ciudad de México,16,Miguel Hidalgo,1,Miguel Hidalgo,Alejandro Dumas s/n esq. Emilio Castelar,Col. Polanco,11560.0,55 5281 3848,http://www.miguelhidalgo.gob.mx,decultura@miguelhidalgo.gob.mx,,,,,,,-99.19626,19.43,http://sic.gob.mx/ficha.php?table=centro_cultural&table_id=984,2025-04-01 13:44:54-06,NO,,NO,,Sistema de Información Cultural (SIC)
CENTRO_CULTURAL_3056,3056,CENTRO_CULTURAL,Centro Cultural de la India Guruv Tagore,2010-11-01,Embajada de la India,PUBLICO,EVIDENCIA_INSTITUCIONAL_PUBLICA,,,9,Ciudad de México,16,Miguel Hidalgo,1,Miguel Hidalgo,Anatole France 319,Col. Polanco,11550.0,55 5203 1117,https://www.indiainmexico.gov.in/eoimx_pages/MjQy,"gticc-eoi-mex@incc.com.mx, gticc.mexico@mea.gov.in",,,,,,,-99.19708,19.43686,http://sic.gob.mx/ficha.php?table=centro_cultural&table_id=3056,2025-04-01 12:33:58-06,NO,,NO,,Sistema de Información Cultural (SIC)
CENTRO_CULTURAL_3411,3411,CENTRO_CULTURAL,Casa Marie José y Octavio Paz La Perulera,2023-03-31,Sistema de Desarrollo Integral de la Familia (DIF) de la Ciudad de México,PUBLICO,EVIDENCIA_INSTITUCIONAL_PUBLICA,,,9,Ciudad de México,16,Miguel Hidalgo,1,Miguel Hidalgo,Felipe Carrillo Puerto 445,Col. Tacuba,11410.0,,https://www.youtube.com/watch?v=5PfILuhtD-g,casamariejoseoctaviopaz@dif.cdmx.gob.mx,,,,,,,-99.18975,19.45303,http://sic.gob.mx/ficha.php?table=centro_cultural&table_id=3411,2025-04-24 14:32:02-06,NO,,NO,,Sistema de Información Cultural (SIC)
CENTRO_CULTURAL_3324,3324,CENTRO_CULTURAL,Centro Cultural Ex-Fábrica MX,2020-01-01,,NO_DETERMINADO,SIN_ADSCRIPCION,,,9,Ciudad de México,16,Miguel Hidalgo,1,Miguel Hidalgo,Primavera 106,Tacuba,,55 2730 5716,,exfabricadeharina@gmail.com,,,,,,,-99.19056,19.40727,http://sic.gob.mx/ficha.php?table=centro_cultural&table_id=3324,2025-06-26 17:25:40-06,NO,,SI,No existe adscripción disponible para determinar el tipo de gestión.,Sistema de Información Cultural (SIC)
CENTRO_CULTURAL_3958,3958,CENTRO_CULTURAL,Pabellón de Cultura Comunitaria,2024-10-02,Secretaría de Cultura Federal/Dirección General de Vinculación Cultural Comunitaria,PUBLICO,EVIDENCIA_INSTITUCIONAL_PUBLICA,,,9,Ciudad de México,16,Miguel Hidalgo,1,Miguel Hidalgo,Av. Constituyentes 270,Col. Ampliación Daniel Garza,11100.0,,https://culturacomunitaria.cultura.gob.mx/conoce_mas/pabellon_de_cultura_comunitaria,contactopabellon@cultura.gob.mx,,,,,,,-99.19717,19.40953,http://sic.gob.mx/ficha.php?table=centro_cultural&table_id=3958,2025-11-06 17:51:45-06,NO,,NO,,Sistema de Información Cultural (SIC)
CENTRO_CULTURAL_991,991,CENTRO_CULTURAL,Casa de Cultura Quinta Colorada,1985-01-01,Alcaldía Miguel Hidalgo,PUBLICO,EVIDENCIA_INSTITUCIONAL_PUBLICA,,,9,Ciudad de México,16,Miguel Hidalgo,1,Miguel Hidalgo,Pedro Antonio de los Santos s/n esq. Av. Constituyentes,"1a. Sección del bosque de Chapultepec, entrada por la Puerta de Flores",11850.0,55 5281 5382,https://www.chapultepec.com.mx/visita/113,,,,,,,,-99.1812,19.41826,http://sic.gob.mx/ficha.php?table=centro_cultural&table_id=991,2025-08-27 14:30:30-06,NO,,NO,,Sistema de Información Cultural (SIC)
CENTRO_CULTURAL_953,953,CENTRO_CULTURAL,Casa de Cultura Enrique Ramírez y Ramírez,1981-03-01,Alcaldía Venustiano Carranza,PUBLICO,EVIDENCIA_INSTITUCIONAL_PUBLICA,,,9,Ciudad de México,17,Venustiano Carranza,1,Venustiano Carranza,Vidal Alcocer 280,Col. Morelos,15270.0,(55) 5702 6709,,casadeculturaeramirez@yahoo.com.mx,,,,,,,-99.12326,19.44059,http://sic.gob.mx/ficha.php?table=centro_cultural&table_id=953,2026-04-28 19:58:01-06,NO,,NO,,Sistema de Información Cultural (SIC)
CENTRO_CULTURAL_3887,3887,CENTRO_CULTURAL,El Zanate-Casa de arte,1000-01-01,,NO_DETERMINADO,SIN_ADSCRIPCION,,,9,Ciudad de México,17,Venustiano Carranza,1,Venustiano Carranza,Norte 180 núm. 648,Pensador mexicanoa,,55 5194 7766,,elzanate.casadearte@gmail.com,,,,,,,-99.08461,19.44497,http://sic.gob.mx/ficha.php?table=centro_cultural&table_id=3887,2025-07-24 14:39:52-06,NO,,SI,No existe adscripción disponible para determinar el tipo de gestión.,Sistema de Información Cultural (SIC)
CENTRO_CULTURAL_3585,3585,CENTRO_CULTURAL,PILARES Candelaria,1000-01-01,Gobierno de la Ciudad de México,PUBLICO,EVIDENCIA_INSTITUCIONAL_PUBLICA,,,9,Ciudad de México,17,Venustiano Carranza,1,Venustiano Carranza,Juan de la Granja s/n,Col. 10 de Mayo,15100.0,55 5134 0770 ext 1806,https://pilares.cdmx.gob.mx/pilares/1623/candelaria,coord_comunicacion@pilares.cdmx.gob.mx,,,,,,,-99.11983,19.43206,http://sic.gob.mx/ficha.php?table=centro_cultural&table_id=3585,2024-06-19 11:48:15-06,SI,PILARES,NO,,Sistema de Información Cultural (SIC)
CENTRO_CULTURAL_949,949,CENTRO_CULTURAL,Casa de Cultura Ing. Heberto Castillo Martínez,1990-01-01,Alcaldía Venustiano Carranza,PUBLICO,EVIDENCIA_INSTITUCIONAL_PUBLICA,,,9,Ciudad de México,17,Venustiano Carranza,1,Venustiano Carranza,Av. Tahel s/n esq. Nte. 202,Col. Pensador Mexicano,15510.0,(55) 5786 8427,,,,,,,,,-99.07817,19.44301,http://sic.gob.mx/ficha.php?table=centro_cultural&table_id=949,2019-11-27 04:44:24-06,NO,,NO,,Sistema de Información Cultural (SIC)
CENTRO_CULTURAL_3740,3740,CENTRO_CULTURAL,"PILARES Progresista, Ave Fénix",2022-01-01,Gobierno de la Ciudad de México,PUBLICO,EVIDENCIA_INSTITUCIONAL_PUBLICA,,,9,Ciudad de México,17,Venustiano Carranza,1,Venustiano Carranza,Chiclera 34,Col. Progresista,15370.0,55 5134 0770 ext. 1806,https://pilares.cdmx.gob.mx/,coord_comunicacion@pilares.cdmx.gob.mx,,,,,,,-99.1083,19.43575,http://sic.gob.mx/ficha.php?table=centro_cultural&table_id=3740,2025-11-10 11:45:06-06,SI,PILARES,NO,,Sistema de Información Cultural (SIC)
CENTRO_CULTURAL_2470,2470,CENTRO_CULTURAL,Centro Cultural Balbuena II Sección ISSSTE,1970-02-18,Instituto de Seguridad y Servicios Sociales de los Trabajadores del Estado (ISSSTE),PUBLICO,EVIDENCIA_INSTITUCIONAL_PUBLICA,,,9,Ciudad de México,17,Venustiano Carranza,1,Venustiano Carranza,Av. del Taller 707,Col. Jardín Balbuena,15900.0,55 5571 6531,,ja_cop72@yahoo.com.mx,,,,,,,-99.10151,19.41129,http://sic.gob.mx/ficha.php?table=centro_cultural&table_id=2470,2026-04-27 10:26:33-06,NO,,NO,,Sistema de Información Cultural (SIC)
CENTRO_CULTURAL_3551,3551,CENTRO_CULTURAL,PILARES Fray Servando,2019-01-01,Secretaría de Cultura de la Ciudad de México,PUBLICO,EVIDENCIA_INSTITUCIONAL_PUBLICA,,,9,Ciudad de México,17,Venustiano Carranza,1,Venustiano Carranza,Eje 3 Ote. Francisco del Paso y Troncoso s/n esq. Av. Fray Servando Teresa de Mier,Col. Jardín Balbuena,15900.0,55 5134 0770 ext 1806,https://pilares.cdmx.gob.mx/,coord_comunicacion@pilares.cdmx.gob.mx,,,,,,,-99.1115,19.41988,http://sic.gob.mx/ficha.php?table=centro_cultural&table_id=3551,2025-11-06 16:40:46-06,SI,PILARES,NO,,Sistema de Información Cultural (SIC)
CENTRO_CULTURAL_954,954,CENTRO_CULTURAL,Centro Cultural Carranza,1997-06-01,Alcaldía Venustiano Carranza,PUBLICO,EVIDENCIA_INSTITUCIONAL_PUBLICA,,,9,Ciudad de México,17,Venustiano Carranza,1,Venustiano Carranza,Lázaro Pavia s/n,Col. Jardín Balbuena,15900.0,(55) 5764 1771,http://www.vcarranza.cdmx.gob.mx/ccc/index.html,cinecarranza@yahoo.com.mx; centrocultural@vcarranza.df.gob.mx,,,,,,,-99.11474,19.41894,http://sic.gob.mx/ficha.php?table=centro_cultural&table_id=954,2025-06-13 14:21:17-06,NO,,NO,,Sistema de Información Cultural (SIC)
CENTRO_CULTURAL_1035,1035,CENTRO_CULTURAL,Centro de Arte y Cultura Circo Volador,1987-01-01,ONG,PRIVADO,EVIDENCIA_INSTITUCIONAL_PRIVADA,,,9,Ciudad de México,17,Venustiano Carranza,1,Venustiano Carranza,Calz. la Viga 146 entre Rancho de la Cruz y Guillermo Prieto,Col. Jamaica,15800.0,55 8989 3019,https://www.circovoladorradio.org/?fbclid=IwY2xjawP63zJleHRuA2FlbQIxMABicmlkETJobElDS3BYMEJnOXJ0Yk9Oc3J0YwZhcHBfaWQQMjIyMDM5MTc4ODIwMDg5MgABHhs97QX1jFgjw1R18rzvs3aF1d2WGulQdmS_Hr-etd8cJwQlYVsP3pkR6n3j_aem_DH7tMRP2lDvWHZOpPpgjBg,comunidadcircovolador@gmail.com,,,,,,,-99.12416,19.40256,http://sic.gob.mx/ficha.php?table=centro_cultural&table_id=1035,2026-02-12 11:05:44-06,NO,,NO,,Sistema de Información Cultural (SIC)
CENTRO_CULTURAL_3784,3784,CENTRO_CULTURAL,Espacio Cultural San Lázaro,2021-01-01,Cámara de Diputados/H. Congreso de la Unión,PUBLICO,REVISION_MANUAL,,,9,Ciudad de México,17,Venustiano Carranza,1,Venustiano Carranza,"H.Congreso de la Unión 66,",El Parque,15960.0,55 5036 0000 ext. 8601,https://portalciudadano.diputados.gob.mx/espacio-cultural/home.html,espaciocultural@diputados.gob.mx,,,,,,,-99.11789,19.43042,http://sic.gob.mx/ficha.php?table=centro_cultural&table_id=3784,2026-02-17 14:48:33-06,NO,,NO,,Sistema de Información Cultural (SIC)
CENTRO_CULTURAL_3535,3535,CENTRO_CULTURAL,PILARES Avenida del Taller,2019-10-21,Gobierno de la Ciudad de México,PUBLICO,EVIDENCIA_INSTITUCIONAL_PUBLICA,,,9,Ciudad de México,17,Venustiano Carranza,1,Venustiano Carranza,Eje 3 Ote. Francisco del  Paso y Troncoso y Av. del Taller s/n,Col. Jardín Balbuena,15900.0,55 5134 0770 ext 1806,https://pilares.cdmx.gob.mx/pilares/1573/avenida-del-taller,coord_comunicacion@pilares.cdmx.gob.mx,,,,,,,-99.11304,19.41364,http://sic.gob.mx/ficha.php?table=centro_cultural&table_id=3535,2025-10-15 15:47:05-06,SI,PILARES,NO,,Sistema de Información Cultural (SIC)
CENTRO_CULTURAL_3741,3741,CENTRO_CULTURAL,PILARES Escuela Vasco de Quiroga,2021-01-01,Secretaría de Cultura de la Ciudad de México,PUBLICO,EVIDENCIA_INSTITUCIONAL_PUBLICA,,,9,Ciudad de México,17,Venustiano Carranza,1,Venustiano Carranza,Eduardo Molina s/n,Col. Vasco de Quiroga,7440.0,55 5134 0770 ext 1806,https://pilares.cdmx.gob.mx/,coord_comunicacion@pilares.cdmx.gob.mx,,,,,,,-99.09073,19.49622,http://sic.gob.mx/ficha.php?table=centro_cultural&table_id=3741,2025-06-19 17:04:33-06,SI,PILARES,NO,,Sistema de Información Cultural (SIC)
CENTRO_CULTURAL_2471,2471,CENTRO_CULTURAL,Centro Cultural Candelaria de los Patos,1988-02-07,Instituto de Seguridad y Servicios Sociales de los Trabajadores del Estado (ISSSTE),PUBLICO,EVIDENCIA_INSTITUCIONAL_PUBLICA,,,9,Ciudad de México,17,Venustiano Carranza,1,Venustiano Carranza,"U.H. Candelaria de los Patos 7, entre Gral Anaya y Zavala",Col. La Merced,15100.0,(55) 5542 3783,,,,,,,,,-99.12246,19.42884,http://sic.gob.mx/ficha.php?table=centro_cultural&table_id=2471,2026-05-25 19:29:51-06,NO,,NO,,Sistema de Información Cultural (SIC)
CENTRO_CULTURAL_3648,3648,CENTRO_CULTURAL,PILARES Parque Velódromo,2021-01-01,Gobierno de la Ciudad de México,PUBLICO,EVIDENCIA_INSTITUCIONAL_PUBLICA,,,9,Ciudad de México,17,Venustiano Carranza,1,Venustiano Carranza,Luis de la Rosa casi esq. con Genaro García,Jardín Balbuena,15900.0,55 5134 0770 ext 1806,https://pilares.cdmx.gob.mx/,coord_comunicacion@pilares.cdmx.gob.mx,,,,,,,-99.10257,19.41057,http://sic.gob.mx/ficha.php?table=centro_cultural&table_id=3648,2025-06-06 19:33:02-06,SI,PILARES,NO,,Sistema de Información Cultural (SIC)
CENTRO_CULTURAL_2963,2963,CENTRO_CULTURAL,Centro Cultural Keren Tá Merced,1000-01-01,"UACM, Secretaría de Cultura de la Ciudad de México",PUBLICO,EVIDENCIA_INSTITUCIONAL_PUBLICA,,,9,Ciudad de México,17,Venustiano Carranza,1,Venustiano Carranza,Rosario s/n Pta. 24 altos de Taquería el Pollo,Col. Merced Balbuena,15810.0,,https://kerentamerced.wordpress.com/,kerentamerced@mail.com,,,,,,,-99.1226,19.42543,http://sic.gob.mx/ficha.php?table=centro_cultural&table_id=2963,2023-07-05 04:18:49-06,NO,,NO,,Sistema de Información Cultural (SIC)
CENTRO_CULTURAL_3556,3556,CENTRO_CULTURAL,PILARES Viaducto,2020-02-18,Secretaría de Cultura de la Ciudad de México,PUBLICO,EVIDENCIA_INSTITUCIONAL_PUBLICA,,,9,Ciudad de México,17,Venustiano Carranza,1,Venustiano Carranza,Viaducto Rio de la Piedad s/n,Col. Jardín Balbuena,15900.0,55 5134 0770 ext 1806,https://pilares.cdmx.gob.mx/,coord_comunicacion@pilares.cdmx.gob.mx,,,,,,,-99.11259,19.40644,http://sic.gob.mx/ficha.php?table=centro_cultural&table_id=3556,2025-10-10 19:54:59-06,SI,PILARES,NO,,Sistema de Información Cultural (SIC)
CENTRO_CULTURAL_3614,3614,CENTRO_CULTURAL,PILARES Pelón Osuna,1000-01-01,Secretaría de Cultura de la Ciudad de México,PUBLICO,EVIDENCIA_INSTITUCIONAL_PUBLICA,,,9,Ciudad de México,17,Venustiano Carranza,1,Venustiano Carranza,Norte 21 s/n,Col.  Moctezuma 2da Secc,15530.0,55 5134 0770 ext 1806,https://pilares.cdmx.gob.mx/,coord_comunicacion@pilares.cdmx.gob.mx,,,,,,,-99.0922,19.42793,http://sic.gob.mx/ficha.php?table=centro_cultural&table_id=3614,2024-06-11 11:28:11-06,SI,PILARES,NO,,Sistema de Información Cultural (SIC)
CENTRO_CULTURAL_3710,3710,CENTRO_CULTURAL,PILARES Felipe Ángeles,1000-01-01,Gobierno de la Ciudad de México,PUBLICO,EVIDENCIA_INSTITUCIONAL_PUBLICA,,,9,Ciudad de México,17,Venustiano Carranza,1,Venustiano Carranza,Calle Estaño s/n,Felipe Ángeles,15310.0,55 5134 0770 ext 1806,https://pilares.cdmx.gob.mx/,coord_comunicacion@pilares.cdmx.gob.mx,,,,,,,-99.11348,19.45223,http://sic.gob.mx/ficha.php?table=centro_cultural&table_id=3710,2024-06-10 13:22:59-06,SI,PILARES,NO,,Sistema de Información Cultural (SIC)
CENTRO_CULTURAL_3613,3613,CENTRO_CULTURAL,PILARES Adolfo Lopez Mateos,1000-01-01,Gobierno de la Ciudad de México,PUBLICO,EVIDENCIA_INSTITUCIONAL_PUBLICA,,,9,Ciudad de México,17,Venustiano Carranza,1,Venustiano Carranza,Eduardo Bustamante 102,Adolfo López Mateos,15670.0,55 5134 0770 ext 1806,https://pilares.cdmx.gob.mx/,coord_comunicacion@pilares.cdmx.gob.mx,,,,,,,-99.07165,19.42181,http://sic.gob.mx/ficha.php?table=centro_cultural&table_id=3613,2024-06-07 11:27:02-06,SI,PILARES,NO,,Sistema de Información Cultural (SIC)
CENTRO_CULTURAL_3711,3711,CENTRO_CULTURAL,PILARES 20 de Noviembre,1000-01-01,Secretaría de Cultura de la Ciudad de México,PUBLICO,EVIDENCIA_INSTITUCIONAL_PUBLICA,,,9,Ciudad de México,17,Venustiano Carranza,1,Venustiano Carranza,Av. Canal del Desagüe s/n esq. Av. Canal del Norte,Col. Amp. Venustiano Carranza,15339.0,55 5134 0770 ext 1806,https://pilares.cdmx.gob.mx/,coord_comunicacion@pilares.cdmx.gob.mx,,,,,,,-99.10311,19.44749,http://sic.gob.mx/ficha.php?table=centro_cultural&table_id=3711,2024-06-07 11:53:26-06,SI,PILARES,NO,,Sistema de Información Cultural (SIC)
CENTRO_CULTURAL_3712,3712,CENTRO_CULTURAL,PILARES Copil,2021-01-01,Gobierno de la Ciudad de México,PUBLICO,EVIDENCIA_INSTITUCIONAL_PUBLICA,,,9,Ciudad de México,17,Venustiano Carranza,1,Venustiano Carranza,Chimalhuacán s/n,Col. Peñón de los Bañoz,15520.0,55 5134 0770 ext 1806,https://pilares.cdmx.gob.mx/,coord_comunicacion@pilares.cdmx.gob.mx,,,,,,,-99.08563,19.43717,http://sic.gob.mx/ficha.php?table=centro_cultural&table_id=3712,2025-10-28 16:23:04-06,SI,PILARES,NO,,Sistema de Información Cultural (SIC)
CINE_572,572,CINE,Cinemex Portal Vallejo,1000-01-01,"Cadena Mexicana de Exhibición, S.A. de C.V.",PRIVADO,EVIDENCIA_INSTITUCIONAL_PRIVADA,,,9,Ciudad de México,2,Azcapotzalco,1,Azcapotzalco,Calz. Vallejo 304,Col. San Francisco Xocotitla,2960.0,,,,,,,,,8,-99.14496,19.46816,http://sic.gob.mx/ficha.php?table=comp_cine&table_id=572,2022-09-28 03:27:07-05,NO,,NO,,Sistema de Información Cultural (SIC)
CINE_457,457,CINE,Cinépolis Vía Vallejo,1000-01-01,"Cinépolis de México, S.A. de C.V.",PRIVADO,EVIDENCIA_INSTITUCIONAL_PRIVADA,,,9,Ciudad de México,2,Azcapotzalco,1,Azcapotzalco,Calz. Vallejo 1090,Col. Nueva Industrial Vallejo,2300.0,,,,,,,,,10,-99.15325,19.48799,http://sic.gob.mx/ficha.php?table=comp_cine&table_id=457,2022-09-30 03:32:53-05,NO,,NO,,Sistema de Información Cultural (SIC)
CINE_458,458,CINE,Cinépolis VIP Vía Vallejo,1000-01-01,"Cinépolis de México, S.A. de C.V.",PRIVADO,EVIDENCIA_INSTITUCIONAL_PRIVADA,,,9,Ciudad de México,2,Azcapotzalco,1,Azcapotzalco,Calz. Vallejo 1090,Col. Nueva Industrial Vallejo,2300.0,,,,,,,,,4,-99.15341,19.48821,http://sic.gob.mx/ficha.php?table=comp_cine&table_id=458,2022-09-28 09:35:24-05,NO,,NO,,Sistema de Información Cultural (SIC)
CINE_1102,1102,CINE,Cinépolis Plaza Cuitláhuac,1000-01-01,"Cinépolis de México, S.A. de C.V.",PRIVADO,EVIDENCIA_INSTITUCIONAL_PRIVADA,,,9,Ciudad de México,2,Azcapotzalco,1,Azcapotzalco,Av. Cuitláhuac 2309,Col. San Salvador Xochimamas,2870.0,,,,,,,,,7,-99.18417,19.4841,http://sic.gob.mx/ficha.php?table=comp_cine&table_id=1102,2022-09-28 09:30:33-05,NO,,NO,,Sistema de Información Cultural (SIC)
CINE_459,459,CINE,Cinépolis Plaza Parque Jardín,1000-01-01,"Cinépolis de México, S.A. de C.V.",PRIVADO,EVIDENCIA_INSTITUCIONAL_PRIVADA,,,9,Ciudad de México,2,Azcapotzalco,1,Azcapotzalco,Av. Jardín 330,Col. Del Gas,2950.0,,,,,,,,,8,-99.16037,19.46854,http://sic.gob.mx/ficha.php?table=comp_cine&table_id=459,2023-11-22 04:24:22-06,NO,,NO,,Sistema de Información Cultural (SIC)
CINE_1075,1075,CINE,Cinemex Ferrería,1000-01-01,,NO_DETERMINADO,SIN_ADSCRIPCION,,,9,Ciudad de México,2,Azcapotzalco,1,Azcapotzalco,Eje 4 norte 251 (Antigua Calz.de Guadalupe),Col. Azcapotzalco,2020.0,,,,,,,,,0,-99.17944,19.48917,http://sic.gob.mx/ficha.php?table=comp_cine&table_id=1075,2022-10-10 04:25:57-05,NO,,SI,No existe adscripción disponible para determinar el tipo de gestión.,Sistema de Información Cultural (SIC)
CINE_456,456,CINE,Cinépolis Town Center El Rosario,1000-01-01,"Cinépolis de México, S.A. de C.V.",PRIVADO,EVIDENCIA_INSTITUCIONAL_PRIVADA,,,9,Ciudad de México,2,Azcapotzalco,1,Azcapotzalco,Av. El Rosario 1025,Col. El Rosario,2100.0,,,,,,,,,16,-99.20327,19.50219,http://sic.gob.mx/ficha.php?table=comp_cine&table_id=456,2022-05-18 06:42:21-05,NO,,NO,,Sistema de Información Cultural (SIC)
CINE_455,455,CINE,Cinemex Rosario,1000-01-01,"Cadena Mexicana de Exhibición, S.A. de C.V.",PRIVADO,EVIDENCIA_INSTITUCIONAL_PRIVADA,,,9,Ciudad de México,2,Azcapotzalco,1,Azcapotzalco,Av. Cultura Nte. 902,"Habitacional El Rosario, Centro",2700.0,,,,,,,,,10,-99.20044,19.50605,http://sic.gob.mx/ficha.php?table=comp_cine&table_id=455,2022-09-27 06:42:36-05,NO,,NO,,Sistema de Información Cultural (SIC)
CINE_460,460,CINE,CineTop Azcapotzalco,1000-01-01,"Xtra Cinemas, S.A. de C.V.",PRIVADO,EVIDENCIA_INSTITUCIONAL_PRIVADA,,,9,Ciudad de México,2,Azcapotzalco,1,Azcapotzalco,Av. Aquiles Serdán 400,Col. Nextengo,2070.0,,,,,,,,,8,-99.18992,19.47392,http://sic.gob.mx/ficha.php?table=comp_cine&table_id=460,2022-10-17 04:26:13-05,NO,,NO,,Sistema de Información Cultural (SIC)
CINE_1001,1001,CINE,Cinedot Azcapotzalco,2022-06-23,"Interbakers, S.A. de C.V.",PRIVADO,EVIDENCIA_INSTITUCIONAL_PRIVADA,,,9,Ciudad de México,2,Azcapotzalco,1,Azcapotzalco,Av. Azcapotzalco 527,Col. Azcapotzalco,2000.0,,,,,,,,,5,-99.18661,19.47792,http://sic.gob.mx/ficha.php?table=comp_cine&table_id=1001,2022-08-23 06:42:56-05,NO,,NO,,Sistema de Información Cultural (SIC)
CINE_454,454,CINE,Cinemex Clavería,1000-01-01,"Cadena Mexicana de Exhibición, S.A. de C.V.",PRIVADO,EVIDENCIA_INSTITUCIONAL_PRIVADA,,,9,Ciudad de México,2,Azcapotzalco,1,Azcapotzalco,Av. Egipto 142,Col.  Clavería,2080.0,,,,,,,,,6,-99.18193,19.46383,http://sic.gob.mx/ficha.php?table=comp_cine&table_id=454,2022-09-26 08:00:00-05,NO,,NO,,Sistema de Información Cultural (SIC)
CINE_90,90,CINE,Cinemex Gran Sur,1000-01-01,"Cadena Mexicana de Exhibición, S.A. de C.V.",PRIVADO,EVIDENCIA_INSTITUCIONAL_PRIVADA,,,9,Ciudad de México,3,Coyoacán,1,Coyoacán,Periférico Sur 5550,Col. Pedregal de Carrasco,4300.0,,,,,,,,,10,-99.16612,19.30442,http://sic.gob.mx/ficha.php?table=comp_cine&table_id=90,2022-09-27 07:02:44-05,NO,,NO,,Sistema de Información Cultural (SIC)
CINE_92,92,CINE,Cinépolis Perisur,1000-01-01,"Cinépolis de México, S.A. de C.V.",PRIVADO,EVIDENCIA_INSTITUCIONAL_PRIVADA,,,9,Ciudad de México,3,Coyoacán,1,Coyoacán,Anillo Periférico Sur 4690,Col. Jardines del Pedregal,4500.0,,,,,,,,,18,-99.18999,19.30452,http://sic.gob.mx/ficha.php?table=comp_cine&table_id=92,2022-09-28 09:58:44-05,NO,,NO,,Sistema de Información Cultural (SIC)
CINE_91,91,CINE,Cinépolis Miramontes,1000-01-01,"Cinépolis de México, S.A. de C.V.",PRIVADO,EVIDENCIA_INSTITUCIONAL_PRIVADA,,,9,Ciudad de México,3,Coyoacán,1,Coyoacán,Canal de Miramontes 2053,Col. Los Girasoles III,4920.0,,,,,,,,,15,-99.12452,19.31017,http://sic.gob.mx/ficha.php?table=comp_cine&table_id=91,2022-09-30 03:54:06-05,NO,,NO,,Sistema de Información Cultural (SIC)
CINE_88,88,CINE,Cinépolis VIP Perisur,1000-01-01,"Cinépolis de México, S.A. de C.V.",PRIVADO,EVIDENCIA_INSTITUCIONAL_PRIVADA,,,9,Ciudad de México,3,Coyoacán,1,Coyoacán,Anillo Periférico Sur 4690,Col. Jardines del Pedregal,4500.0,,,,,,,,,4,-99.18998,19.30454,http://sic.gob.mx/ficha.php?table=comp_cine&table_id=88,2022-09-30 03:57:30-05,NO,,NO,,Sistema de Información Cultural (SIC)
CINE_466,466,CINE,Cinépolis VIP Oasis Coyoacán,1000-01-01,"Cinépolis de México, S.A. de C.V.",PRIVADO,EVIDENCIA_INSTITUCIONAL_PRIVADA,,,9,Ciudad de México,3,Coyoacán,1,Coyoacán,Av. Miguel Ángel de Quevedo 227,Col. Romero de Terrenos,4310.0,,,,,,,,,4,-99.18028,19.34558,http://sic.gob.mx/ficha.php?table=comp_cine&table_id=466,2023-11-14 08:08:38-06,NO,,NO,,Sistema de Información Cultural (SIC)
CINE_943,943,CINE,"Auto Drive Cinemas, Perisur",1000-01-01,Drive Cinema S.A. de C.V.,PRIVADO,EVIDENCIA_INSTITUCIONAL_PRIVADA,,,9,Ciudad de México,3,Coyoacán,1,Coyoacán,Periférico Sur 5000,,,,,,,,,,,1,-99.18124,19.30379,http://sic.gob.mx/ficha.php?table=comp_cine&table_id=943,2022-08-02 12:24:23-05,NO,,NO,,Sistema de Información Cultural (SIC)
CINE_939,939,CINE,"Auto Drive Cinema, Miramontes",1000-01-01,Drive Cinema S.A. de C.V.,PRIVADO,EVIDENCIA_INSTITUCIONAL_PRIVADA,,,9,Ciudad de México,3,Coyoacán,1,Coyoacán,"Calz. del Hueso 480, Girasoles II",Col. Coapa,4920.0,,,,,,,,,1,-99.12405,19.30414,http://sic.gob.mx/ficha.php?table=comp_cine&table_id=939,2022-08-31 06:59:32-05,NO,,NO,,Sistema de Información Cultural (SIC)
CINE_17,17,CINE,Cinépolis Oasis Coyoacán,1000-01-01,"Cinépolis de México, S.A. de C.V.",PRIVADO,EVIDENCIA_INSTITUCIONAL_PRIVADA,,,9,Ciudad de México,3,Coyoacán,1,Coyoacán,Av. Miguel Ángel de Quevedo 227,Col. Romero de Terreros,4310.0,,,,,,,,,8,-99.18027,19.34555,http://sic.gob.mx/ficha.php?table=comp_cine&table_id=17,2025-08-04 12:11:45-06,NO,,NO,,Sistema de Información Cultural (SIC)
CINE_465,465,CINE,Cinemex Tlalpan,1000-01-01,"Cadena Mexicana de Exhibición, S.A. de C.V.",PRIVADO,EVIDENCIA_INSTITUCIONAL_PRIVADA,,,9,Ciudad de México,3,Coyoacán,1,Coyoacán,Calz. de Tlalpan 4085,Col. Bosques de Tetlameya,4730.0,,,,,,,,,8,-99.15015,19.2997,http://sic.gob.mx/ficha.php?table=comp_cine&table_id=465,2022-09-27 07:03:30-05,NO,,NO,,Sistema de Información Cultural (SIC)
CINE_580,580,CINE,Cinépolis Copilco,1000-01-01,"Cinépolis de México, S.A. de C.V.",PRIVADO,EVIDENCIA_INSTITUCIONAL_PRIVADA,,,9,Ciudad de México,3,Coyoacán,1,Coyoacán,Eje 10 (copilco) Av. Pedro Henríquez Ureña 426,Col. Pueblo de los Reyes,4330.0,,,,,,,,,10,-99.15719,19.3356,http://sic.gob.mx/ficha.php?table=comp_cine&table_id=580,2022-09-28 09:50:08-05,NO,,NO,,Sistema de Información Cultural (SIC)
CINE_941,941,CINE,"Auto Drive Cinema, Santa Fe",1000-01-01,Drive Cinema S.A. de C.V.,PRIVADO,EVIDENCIA_INSTITUCIONAL_PRIVADA,,,9,Ciudad de México,4,Cuajimalpa de Morelos,1,Cuajimalpa de Morelos,Francisco J. Serrano 114,"Col. Santa Fe, Contadero",1219.0,,,,,,,,,0,-99.26589,19.36103,http://sic.gob.mx/ficha.php?table=comp_cine&table_id=941,2022-05-23 06:28:34-05,NO,,NO,,Sistema de Información Cultural (SIC)
CINE_95,95,CINE,Cinemex Santa Fe,1000-01-01,"Cadena Mexicana de Exhibición, S.A. de C.V.",PRIVADO,EVIDENCIA_INSTITUCIONAL_PRIVADA,,,9,Ciudad de México,4,Cuajimalpa de Morelos,1,Cuajimalpa de Morelos,Av. Vasco de Quiroga 3800,Col. Santa Fe,5349.0,,,,,,,,,15,-99.27449,19.36078,http://sic.gob.mx/ficha.php?table=comp_cine&table_id=95,2022-09-27 04:45:54-05,NO,,NO,,Sistema de Información Cultural (SIC)
CINE_467,467,CINE,Cinemex Santa Fe Platino,1000-01-01,"Cadena Mexicana de Exhibición, S.A. de C.V.",PRIVADO,EVIDENCIA_INSTITUCIONAL_PRIVADA,,,9,Ciudad de México,4,Cuajimalpa de Morelos,1,Cuajimalpa de Morelos,Av. Vasco de Quiroga 3800,Col. Santa Fe,1219.0,,,,,,,,,8,-99.2745,19.36078,http://sic.gob.mx/ficha.php?table=comp_cine&table_id=467,2022-09-28 03:22:32-05,NO,,NO,,Sistema de Información Cultural (SIC)
CINE_93,93,CINE,Cinépolis VIP Paseo Arcos Bosques,1000-01-01,"Cinépolis de México, S.A. de C.V.",PRIVADO,EVIDENCIA_INSTITUCIONAL_PRIVADA,,,9,Ciudad de México,4,Cuajimalpa de Morelos,1,Cuajimalpa de Morelos,Paseo de los Tamarindos 90,Col. Bosques de las Lomas,5120.0,,,,,,,,,12,-99.25251,19.38679,http://sic.gob.mx/ficha.php?table=comp_cine&table_id=93,2022-10-06 05:09:00-05,NO,,NO,,Sistema de Información Cultural (SIC)
CINE_1064,1064,CINE,CineForo Mayahuel,1000-01-01,Chante de todos,NO_DETERMINADO,SIN_EVIDENCIA_SUFICIENTE,,,9,Ciudad de México,4,Cuajimalpa de Morelos,1,Cuajimalpa de Morelos,Mina 11,Col. San Mateo Tlaltenango,5600.0,,,,,,,,,0,-99.28126,19.3427,http://sic.gob.mx/ficha.php?table=comp_cine&table_id=1064,2022-08-26 08:59:58-05,NO,,SI,La adscripción no contiene información suficiente para clasificarla automáticamente como pública o privada.,Sistema de Información Cultural (SIC)
CINE_113,113,CINE,Cinépolis Plaza Oriente,1000-01-01,"Cinépolis de México, S.A. de C.V.",PRIVADO,EVIDENCIA_INSTITUCIONAL_PRIVADA,,,9,Ciudad de México,5,Gustavo A. Madero,1,Gustavo A. Madero,Av. Eduardo Molina 1623 local S-7,Col. El Coyol,7420.0,,,,,,,,,4,-99.09339,19.4853,http://sic.gob.mx/ficha.php?table=comp_cine&table_id=113,2022-09-30 11:05:58-05,NO,,NO,,Sistema de Información Cultural (SIC)
CINE_110,110,CINE,Cinemex Parque Lindavista,1000-01-01,"Cadena Mexicana de Exhibición, S.A. de C.V.",PRIVADO,EVIDENCIA_INSTITUCIONAL_PRIVADA,,,9,Ciudad de México,5,Gustavo A. Madero,1,Gustavo A. Madero,Calle Colector 13 núm. 280,Col. Magdalena de las Salinas,7760.0,,,,,,,,,11,-99.13132,19.48637,http://sic.gob.mx/ficha.php?table=comp_cine&table_id=110,2022-09-28 03:27:47-05,NO,,NO,,Sistema de Información Cultural (SIC)
CINE_839,839,CINE,Cinépolis VIP Encuentro Fortuna,1000-01-01,"Cinépolis de México, S.A. de C.V.",PRIVADO,EVIDENCIA_INSTITUCIONAL_PRIVADA,,,9,Ciudad de México,5,Gustavo A. Madero,1,Gustavo A. Madero,Av Fortuna Eje 4 Norte 334,Col. Magdalena de las Salinas,7370.0,,,,,,,,,4,-99.13313,19.48383,http://sic.gob.mx/ficha.php?table=comp_cine&table_id=839,2022-10-05 07:33:03-05,NO,,NO,,Sistema de Información Cultural (SIC)
CINE_1071,1071,CINE,Cinépolis Vista Norte,1000-01-01,"Cinépolis de México, S.A. de C.V.",PRIVADO,EVIDENCIA_INSTITUCIONAL_PRIVADA,,,9,Ciudad de México,5,Gustavo A. Madero,1,Gustavo A. Madero,"Av. Acueducto 650, Plaza Vista Norte",Col. Residencial Zacatenco,7369.0,,,,,,,,,7,-99.12128,19.50206,http://sic.gob.mx/ficha.php?table=comp_cine&table_id=1071,2022-09-30 11:28:57-05,NO,,NO,,Sistema de Información Cultural (SIC)
CINE_106,106,CINE,Cinépolis Plaza Tepeyac,2000-01-01,"Cinépolis de México, S.A. de C.V.",PRIVADO,EVIDENCIA_INSTITUCIONAL_PRIVADA,,,9,Ciudad de México,5,Gustavo A. Madero,1,Gustavo A. Madero,Calz. de Guadalupe 431,Col. Guadalupe Tepeyac,7840.0,,,,,,,,,6,-99.11872,19.47148,http://sic.gob.mx/ficha.php?table=comp_cine&table_id=106,2022-10-05 06:06:32-05,NO,,NO,,Sistema de Información Cultural (SIC)
CINE_109,109,CINE,Cinemex Misterios,1000-01-01,"Cadena Mexicana de Exhibición, S.A. de C.V.",PRIVADO,EVIDENCIA_INSTITUCIONAL_PRIVADA,,,9,Ciudad de México,5,Gustavo A. Madero,1,Gustavo A. Madero,Río Consulado 1688 esq. Calz. Misterios y Calz. Guadalupe,Col. Vallejo,7870.0,,,,,,,,,10,-99.127,19.4617,http://sic.gob.mx/ficha.php?table=comp_cine&table_id=109,2022-09-27 07:03:29-05,NO,,NO,,Sistema de Información Cultural (SIC)
CINE_107,107,CINE,Cinemex Tenayuca,2000-01-01,"Cadena Mexicana de Exhibición, S.A. de C.V.",PRIVADO,EVIDENCIA_INSTITUCIONAL_PRIVADA,,,9,Ciudad de México,5,Gustavo A. Madero,1,Gustavo A. Madero,Av. La Ventisca 100,Col. U.H. Unidad Croc Solidaridad,7268.0,,,,,,,,,9,-99.15632,19.52978,http://sic.gob.mx/ficha.php?table=comp_cine&table_id=107,2023-10-13 11:31:27-06,NO,,NO,,Sistema de Información Cultural (SIC)
CINE_108,108,CINE,Cinemex Aragón,1000-01-01,"Cadena Mexicana de Exhibición, S.A. de C.V.",PRIVADO,EVIDENCIA_INSTITUCIONAL_PRIVADA,,,9,Ciudad de México,5,Gustavo A. Madero,1,Gustavo A. Madero,Calz. San Juan de Aragón 516,Col. DM Nacional,7070.0,,,,,,,,,12,-99.0955,19.4807,http://sic.gob.mx/ficha.php?table=comp_cine&table_id=108,2022-09-27 06:37:52-05,NO,,NO,,Sistema de Información Cultural (SIC)
CINE_576,576,CINE,Cinépolis Encuentro Fortuna,1000-01-01,"Cinépolis de México, S.A. de C.V.",PRIVADO,EVIDENCIA_INSTITUCIONAL_PRIVADA,,,9,Ciudad de México,5,Gustavo A. Madero,1,Gustavo A. Madero,Av Fortuna 334,Col. Magdalena de las Salinas,7760.0,,,,,,,,,8,-99.13216,19.48361,http://sic.gob.mx/ficha.php?table=comp_cine&table_id=576,2022-09-30 10:46:06-05,NO,,NO,,Sistema de Información Cultural (SIC)
CINE_111,111,CINE,Cinemex Atana Lindavista,2000-01-01,"Cadena Mexicana de Exhibición, S.A. de C.V.",PRIVADO,EVIDENCIA_INSTITUCIONAL_PRIVADA,,,9,Ciudad de México,5,Gustavo A. Madero,1,Gustavo A. Madero,Av. Escuadrón 201 núm. 200,Col.  La Purísima Ticomán,55400.0,,,,,,,,,14,-99.14212,19.51741,http://sic.gob.mx/ficha.php?table=comp_cine&table_id=111,2022-08-08 08:52:57-05,NO,,NO,,Sistema de Información Cultural (SIC)
CINE_112,112,CINE,Cinépolis Torres Lindavista,1000-01-01,"Cinépolis de México, S.A. de C.V.",PRIVADO,EVIDENCIA_INSTITUCIONAL_PRIVADA,,,9,Ciudad de México,5,Gustavo A. Madero,1,Gustavo A. Madero,Av. Othón Mendizábal Oriente 343 esq. Av. del Carrizo y Juan de Dios Bátiz,Col. Nueva Industrial Vallejo,7700.0,,,,,,,,,10,-99.14368,19.50638,http://sic.gob.mx/ficha.php?table=comp_cine&table_id=112,2022-10-05 06:15:30-05,NO,,NO,,Sistema de Información Cultural (SIC)
CINE_1122,1122,CINE,Cinépolis Viaducto,1000-01-01,"Cinépolis de México, S.A. de C.V.",PRIVADO,EVIDENCIA_INSTITUCIONAL_PRIVADA,,,9,Ciudad de México,6,Iztacalco,1,Iztacalco,Viaducto Río de la Piedad  515,Col. Granjas,8400.0,,,,,,,,,0,-99.10824,19.40615,http://sic.gob.mx/ficha.php?table=comp_cine&table_id=1122,2022-10-10 05:50:53-05,NO,,NO,,Sistema de Información Cultural (SIC)
CINE_120,120,CINE,Cinépolis Plaza Central,2000-01-01,"Cinépolis de México, S.A. de C.V.",PRIVADO,EVIDENCIA_INSTITUCIONAL_PRIVADA,,,9,Ciudad de México,7,Iztapalapa,1,Iztapalapa,Av. Canal del Río Churubusco 1635,Col. Central de Abasto,9040.0,,,,,,,,,16,-99.09516,19.37666,http://sic.gob.mx/ficha.php?table=comp_cine&table_id=120,2022-09-28 09:40:12-05,NO,,NO,,Sistema de Información Cultural (SIC)
CINE_187,187,CINE,Cinépolis Ermita,1000-01-01,"Cinépolis de México, S.A. de C.V.",PRIVADO,EVIDENCIA_INSTITUCIONAL_PRIVADA,,,9,Ciudad de México,7,Iztapalapa,1,Iztapalapa,Calz. Ermita Iztapalapa 3417,Col. Xalpa,9640.0,,,,,,,,,12,-99.0179,19.34765,http://sic.gob.mx/ficha.php?table=comp_cine&table_id=187,2022-09-28 09:36:39-05,NO,,NO,,Sistema de Información Cultural (SIC)
CINE_119,119,CINE,Cinemex Zaragoza,2002-01-01,"Cadena Mexicana de Exhibición, S.A. de C.V.",PRIVADO,EVIDENCIA_INSTITUCIONAL_PRIVADA,,,9,Ciudad de México,7,Iztapalapa,1,Iztapalapa,Calz. Ignacio Zaragoza 2221,Col. El Paraíso,9230.0,,,,,,,,,12,-99.02895,19.38052,http://sic.gob.mx/ficha.php?table=comp_cine&table_id=119,2022-09-27 07:39:39-05,NO,,NO,,Sistema de Información Cultural (SIC)
CINE_475,475,CINE,Cinemex Vía San Juan,1000-01-01,"Cadena Mexicana de Exhibición, S.A. de C.V.",PRIVADO,EVIDENCIA_INSTITUCIONAL_PRIVADA,,,9,Ciudad de México,7,Iztapalapa,1,Iztapalapa,Ignacio Zaragoza 1433 y 2717,Col. Tepalcates,9210.0,,,,,,,,,7,-99.04929,19.39121,http://sic.gob.mx/ficha.php?table=comp_cine&table_id=475,2022-09-28 03:23:52-05,NO,,NO,,Sistema de Información Cultural (SIC)
CINE_474,474,CINE,Cinemex La Viga,1000-01-01,"Cadena Mexicana de Exhibición, S.A. de C.V.",PRIVADO,EVIDENCIA_INSTITUCIONAL_PRIVADA,,,9,Ciudad de México,7,Iztapalapa,1,Iztapalapa,Calz. de La Viga 1150,Col. Apatlaco,5349.0,,,,,,,,,12,-99.12153,19.38065,http://sic.gob.mx/ficha.php?table=comp_cine&table_id=474,2022-09-27 07:32:30-05,NO,,NO,,Sistema de Información Cultural (SIC)
CINE_121,121,CINE,Cinemex Lomas Estrella,1000-01-01,"Cadena Mexicana de Exhibición, S.A. de C.V.",PRIVADO,EVIDENCIA_INSTITUCIONAL_PRIVADA,,,9,Ciudad de México,7,Iztapalapa,1,Iztapalapa,Av. Tláhuac 4409,Col. Lomas Estrella,9890.0,,,,,,,,,12,-99.09434,19.32132,http://sic.gob.mx/ficha.php?table=comp_cine&table_id=121,2022-09-27 06:58:18-05,NO,,NO,,Sistema de Información Cultural (SIC)
CINE_118,118,CINE,Cinemex Iztapalapa,1000-01-01,"Cadena Mexicana de Exhibición, S.A. de C.V.",PRIVADO,EVIDENCIA_INSTITUCIONAL_PRIVADA,,,9,Ciudad de México,7,Iztapalapa,1,Iztapalapa,Perif. Arco Oriente 2141,Col. Ejército Constitucionalista,9220.0,,,,,,,,,12,-99.05915,19.38007,http://sic.gob.mx/ficha.php?table=comp_cine&table_id=118,2022-09-28 03:25:26-05,NO,,NO,,Sistema de Información Cultural (SIC)
CINE_958,958,CINE,Cinemex Tláhuac 2000,1000-01-01,,NO_DETERMINADO,SIN_ADSCRIPCION,,,9,Ciudad de México,7,Iztapalapa,1,Iztapalapa,Av. Tláhuac 5662,Col. San Lorenzo Tezonco,9790.0,,,,,,,,,0,-99.06059,19.30573,http://sic.gob.mx/ficha.php?table=comp_cine&table_id=958,2022-08-28 15:53:55-05,NO,,SI,No existe adscripción disponible para determinar el tipo de gestión.,Sistema de Información Cultural (SIC)
CINE_1196,1196,CINE,CineStar Tlahuac,1000-01-01,Cinestar Corporation S.A. de C.V.,PRIVADO,EVIDENCIA_INSTITUCIONAL_PRIVADA,,,9,Ciudad de México,7,Iztapalapa,1,Iztapalapa,Av. Tlahuac 4746-3,Col. Granjas Estrella,9880.0,,,,,,,,,0,-99.08051,19.31925,http://sic.gob.mx/ficha.php?table=comp_cine&table_id=1196,2024-01-31 08:28:44-06,NO,,NO,,Sistema de Información Cultural (SIC)
CINE_117,117,CINE,Cinemex Tláhuac,1000-01-01,"Cadena Mexicana de Exhibición, S.A. de C.V.",PRIVADO,EVIDENCIA_INSTITUCIONAL_PRIVADA,,,9,Ciudad de México,7,Iztapalapa,1,Iztapalapa,Av. Tláhuac 5662,Col. San Lorenzo Tezonco,9790.0,,,,,,,,,10,-99.06057,19.30579,http://sic.gob.mx/ficha.php?table=comp_cine&table_id=117,2022-09-27 04:13:40-05,NO,,NO,,Sistema de Información Cultural (SIC)
CINE_1038,1038,CINE,Cinépolis Xtreme Churubusco,1000-01-01,"Cinépolis de México, S.A. de C.V.",PRIVADO,EVIDENCIA_INSTITUCIONAL_PRIVADA,,,9,Ciudad de México,7,Iztapalapa,1,Iztapalapa,Calz. La Viga 1479,Col. El Retoño,9440.0,,,,,,,,,3,-99.12102,19.36866,http://sic.gob.mx/ficha.php?table=comp_cine&table_id=1038,2022-10-05 08:33:34-05,NO,,NO,,Sistema de Información Cultural (SIC)
CINE_473,473,CINE,Cinemex Plaza Oriente,1000-01-01,"Cadena Mexicana de Exhibición, S.A. de C.V.",PRIVADO,EVIDENCIA_INSTITUCIONAL_PRIVADA,,,9,Ciudad de México,7,Iztapalapa,1,Iztapalapa,Av. Canal del Tezontle 1520,Col. Dr. Alfonso Ortíz Tirado,9020.0,,,,,,,,,10,-99.08054,19.38334,http://sic.gob.mx/ficha.php?table=comp_cine&table_id=473,2022-09-27 07:35:38-05,NO,,NO,,Sistema de Información Cultural (SIC)
CINE_960,960,CINE,Cinépolis Las Antenas,1000-01-01,"Cinépolis de México, S.A. de C.V.",PRIVADO,EVIDENCIA_INSTITUCIONAL_PRIVADA,,,9,Ciudad de México,7,Iztapalapa,1,Iztapalapa,Periférico 3278,Col. La Esperanza,9910.0,,,,,,,,,12,-99.07468,19.31296,http://sic.gob.mx/ficha.php?table=comp_cine&table_id=960,2022-09-30 03:39:51-05,NO,,NO,,Sistema de Información Cultural (SIC)
CINE_114,114,CINE,Cinépolis Portal Churubusco,1000-01-01,"Cinépolis de México, S.A. de C.V.",PRIVADO,EVIDENCIA_INSTITUCIONAL_PRIVADA,,,9,Ciudad de México,7,Iztapalapa,1,Iztapalapa,Av. Río Churubusco 583,Col. Sector Popular,9060.0,,,,,,,,,10,-99.12105,19.36867,http://sic.gob.mx/ficha.php?table=comp_cine&table_id=114,2022-09-30 11:48:09-05,NO,,NO,,Sistema de Información Cultural (SIC)
CINE_116,116,CINE,Cinemex Tezontle,1000-01-01,"Cadena Mexicana de Exhibición, S.A. de C.V.",PRIVADO,EVIDENCIA_INSTITUCIONAL_PRIVADA,,,9,Ciudad de México,7,Iztapalapa,1,Iztapalapa,Av. Canal de Tezontle 1512,Col. Dr. Alfonso Ortiz Tirado,9020.0,,,,,,,,,10,-99.08324,19.38214,http://sic.gob.mx/ficha.php?table=comp_cine&table_id=116,2022-09-27 06:59:17-05,NO,,NO,,Sistema de Información Cultural (SIC)
CINE_1185,1185,CINE,Cine Linterna Mágica,2023-01-19,Instituto Mexicano del Seguro Social (IMSS),PUBLICO,EVIDENCIA_INSTITUCIONAL_PUBLICA,,,9,Ciudad de México,8,La Magdalena Contreras,1,La Magdalena Contreras,"Periférico Sur, Glorieta de San Jerónimo",Col. Puente Sierra,10100.0,,,,,,,,,3,-99.21175,19.33149,http://sic.gob.mx/ficha.php?table=comp_cine&table_id=1185,2023-02-10 06:22:38-06,NO,,NO,,Sistema de Información Cultural (SIC)
CINE_916,916,CINE,"Autocinema Coyote, Insurgentes",1000-01-01,Autocinema Coyote SA de CV,PRIVADO,EVIDENCIA_INSTITUCIONAL_PRIVADA,,,9,Ciudad de México,10,Álvaro Obregón,1,Álvaro Obregón,Av. de los Insurgentes Sur 1729,Col. Guadalupe Inn,1020.0,,,,,,,,,1,-99.184,19.35978,http://sic.gob.mx/ficha.php?table=comp_cine&table_id=916,2022-10-14 05:06:47-05,NO,,NO,,Sistema de Información Cultural (SIC)
CINE_575,575,CINE,Cinemex Patio Revolución Platino,1000-01-01,"Cadena Mexicana de Exhibición, S.A. de C.V.",PRIVADO,EVIDENCIA_INSTITUCIONAL_PRIVADA,,,9,Ciudad de México,10,Álvaro Obregón,1,Álvaro Obregón,Av. Revolución 1837,Col. San Ángel,1000.0,,,,,,,,,6,-99.19132,19.34186,http://sic.gob.mx/ficha.php?table=comp_cine&table_id=575,2022-09-28 03:12:36-05,NO,,NO,,Sistema de Información Cultural (SIC)
CINE_79,79,CINE,Cinemex Loreto,1000-01-01,"Cadena Mexicana de Exhibición, S.A. de C.V.",PRIVADO,EVIDENCIA_INSTITUCIONAL_PRIVADA,,,9,Ciudad de México,10,Álvaro Obregón,1,Álvaro Obregón,Altamirano 46,Col. Tizapan San Ángel,1090.0,,,,,,,,,9,-99.19397,19.33953,http://sic.gob.mx/ficha.php?table=comp_cine&table_id=79,2025-08-29 12:24:22-06,NO,,NO,,Sistema de Información Cultural (SIC)
CINE_579,579,CINE,Cinépolis Portal San Ángel,1000-01-01,"Cinépolis de México, S.A. de C.V.",PRIVADO,EVIDENCIA_INSTITUCIONAL_PRIVADA,,,9,Ciudad de México,10,Álvaro Obregón,1,Álvaro Obregón,Av. Revolución 1267,Col. Los Alpes,1010.0,,,,,,,,,12,-99.19136,19.36078,http://sic.gob.mx/ficha.php?table=comp_cine&table_id=579,2022-09-30 12:49:53-05,NO,,NO,,Sistema de Información Cultural (SIC)
CINE_451,451,CINE,Cinemex Park Plaza Platino,1000-01-01,"Cadena Mexicana de Exhibición, S.A. de C.V.",PRIVADO,EVIDENCIA_INSTITUCIONAL_PRIVADA,,,9,Ciudad de México,10,Álvaro Obregón,1,Álvaro Obregón,Javier Barros Sierra 540,Col. Santa Fe,1210.0,,,,,,,,,4,-99.25933,19.3648,http://sic.gob.mx/ficha.php?table=comp_cine&table_id=451,2022-09-28 03:06:46-05,NO,,NO,,Sistema de Información Cultural (SIC)
CINE_432,432,CINE,Cinépolis Patio Santa Fe,2013-12-19,"Cinépolis de México, S.A. de C.V.",PRIVADO,EVIDENCIA_INSTITUCIONAL_PRIVADA,,,9,Ciudad de México,10,Álvaro Obregón,1,Álvaro Obregón,Av. Prol. Paseo de la Reforma 400,Col. Santa Fe Peña Blanca,1376.0,,,,,,,,,12,-99.25528,19.37677,http://sic.gob.mx/ficha.php?table=comp_cine&table_id=432,2022-09-30 12:25:20-05,NO,,NO,,Sistema de Información Cultural (SIC)
CINE_606,606,CINE,The Movie Company. Escenaria,1000-01-01,Independiente,PRIVADO,CLASIFICACION_EXPLICITA,,,9,Ciudad de México,10,Álvaro Obregón,1,Álvaro Obregón,Av. San Jerónimo 263,Col. Tizapan,1090.0,,,,,,,,,10,-99.19888,19.33576,http://sic.gob.mx/ficha.php?table=comp_cine&table_id=606,2022-05-24 03:03:57-05,NO,,NO,,Sistema de Información Cultural (SIC)
CINE_453,453,CINE,Cinemanía Loreto,1000-01-01,"Cinemanía, S. A. de C. V.",PRIVADO,EVIDENCIA_INSTITUCIONAL_PRIVADA,,,9,Ciudad de México,10,Álvaro Obregón,1,Álvaro Obregón,Altamirano 46,Col. Tizapán San Ángel,1000.0,,,,,,,,,3,-99.194,19.33972,http://sic.gob.mx/ficha.php?table=comp_cine&table_id=453,2022-05-24 02:38:43-05,NO,,NO,,Sistema de Información Cultural (SIC)
CINE_433,433,CINE,Cinépolis VIP Samara,1000-01-01,"Cinépolis de México, S.A. de C.V.",PRIVADO,EVIDENCIA_INSTITUCIONAL_PRIVADA,,,9,Ciudad de México,10,Álvaro Obregón,1,Álvaro Obregón,Av. Antonio Dovalí Jaime 70,Col. Santa Fe,1210.0,,,,,,,,,9,-99.25839,19.36836,http://sic.gob.mx/ficha.php?table=comp_cine&table_id=433,2022-09-30 03:53:13-05,NO,,NO,,Sistema de Información Cultural (SIC)
CINE_77,77,CINE,Cinemex San Antonio,2010-07-01,"Cadena Mexicana de Exhibición, S.A. de C.V.",PRIVADO,EVIDENCIA_INSTITUCIONAL_PRIVADA,,,9,Ciudad de México,10,Álvaro Obregón,1,Álvaro Obregón,Calle 10 núm. 132,Col. San Pedro de los Pinos,1180.0,,,,,,,,,11,-99.19145,19.39036,http://sic.gob.mx/ficha.php?table=comp_cine&table_id=77,2024-03-20 14:37:32-06,NO,,NO,,Sistema de Información Cultural (SIC)
CINE_997,997,CINE,Cinemex Artz Pedregal Market,1000-01-01,"Cadena Mexicana de Exhibición, S.A. de C.V.",PRIVADO,EVIDENCIA_INSTITUCIONAL_PRIVADA,,,9,Ciudad de México,10,Álvaro Obregón,1,Álvaro Obregón,Blvd. Adolfo Ruiz Cortínez 3720,Col. Jardines del Pedregal,1900.0,,,,,,,,,0,-99.21847,19.31331,http://sic.gob.mx/ficha.php?table=comp_cine&table_id=997,2022-09-28 03:09:27-05,NO,,NO,,Sistema de Información Cultural (SIC)
CINE_1149,1149,CINE,Cinépolis Portal Centenario,1000-01-01,"Cinépolis de México, S.A. de C.V.",PRIVADO,EVIDENCIA_INSTITUCIONAL_PRIVADA,,,9,Ciudad de México,10,Álvaro Obregón,1,Álvaro Obregón,Av. Centenario 776 esq. Prol. 5 de mayo y Colina de Cahuas,Col. Arcos del Centenario,1618.0,,,,,,,,,10,-99.2213,19.36146,http://sic.gob.mx/ficha.php?table=comp_cine&table_id=1149,2022-10-14 09:11:25-05,NO,,NO,,Sistema de Información Cultural (SIC)
CINE_578,578,CINE,Cinépolis VIP Portal San Ángel,1000-01-01,"Cinépolis de México, S.A. de C.V.",PRIVADO,EVIDENCIA_INSTITUCIONAL_PRIVADA,,,9,Ciudad de México,10,Álvaro Obregón,1,Álvaro Obregón,Av. Revolución 1267,Col. Los Alpes,1010.0,,,,,,,,,4,-99.19137,19.36082,http://sic.gob.mx/ficha.php?table=comp_cine&table_id=578,2022-10-06 05:36:56-05,NO,,NO,,Sistema de Información Cultural (SIC)
CINE_76,76,CINE,Cinemex Altavista,2010-07-01,"Cadena Mexicana de Exhibición, S.A. de C.V.",PRIVADO,EVIDENCIA_INSTITUCIONAL_PRIVADA,,,9,Ciudad de México,10,Álvaro Obregón,1,Álvaro Obregón,"Calz. Desierto de los Leones 52, Pabellón Altavista",Col. San Ángel,1000.0,,,,,,,,,6,-99.18982,19.34892,http://sic.gob.mx/ficha.php?table=comp_cine&table_id=76,2022-09-28 04:32:29-05,NO,,NO,,Sistema de Información Cultural (SIC)
CINE_1205,1205,CINE,Cineteca Nacional Chapultepec,2025-08-15,Secretaría de Cultura,PUBLICO,EVIDENCIA_INSTITUCIONAL_PUBLICA,,,9,Ciudad de México,10,Álvaro Obregón,1,Álvaro Obregón,Av. Vasco de Quiroga 1401 Campo Militar 1-F,Panteón Santa Fé,1219.0,,,,,,,,,9,-99.22874,19.38844,http://sic.gob.mx/ficha.php?table=comp_cine&table_id=1205,2025-08-19 12:05:40-06,NO,,NO,,Sistema de Información Cultural (SIC)
CINE_481,481,CINE,Cinemás Tláhuac,1000-01-01,Independiente,PRIVADO,CLASIFICACION_EXPLICITA,,,9,Ciudad de México,11,Tláhuac,1,Tláhuac,Av. Tláhuac 5295,Col. Los Olivos,13210.0,,,,,,,,,5,-99.06167,19.30395,http://sic.gob.mx/ficha.php?table=comp_cine&table_id=481,2026-02-17 14:39:33-06,NO,,NO,,Sistema de Información Cultural (SIC)
CINE_485,485,CINE,Cinépolis Pabellón Cuemanco,1000-01-01,"Cinépolis de México, S.A. de C.V.",PRIVADO,EVIDENCIA_INSTITUCIONAL_PRIVADA,,,9,Ciudad de México,12,Tlalpan,1,Tlalpan,Cañaverales 222,Col. Cuemanco,14360.0,,,,,,,,,8,-99.1071,19.29529,http://sic.gob.mx/ficha.php?table=comp_cine&table_id=485,2022-09-28 09:51:20-05,NO,,NO,,Sistema de Información Cultural (SIC)
CINE_484,484,CINE,Cinépolis Paseo Acoxpa,1000-01-01,"Cinépolis de México, S.A. de C.V.",PRIVADO,EVIDENCIA_INSTITUCIONAL_PRIVADA,,,9,Ciudad de México,12,Tlalpan,1,Tlalpan,Calz. Acoxpa 430,Col. Residencial Acoxpa,14300.0,,,,,,,,,12,-99.13632,19.30018,http://sic.gob.mx/ficha.php?table=comp_cine&table_id=484,2022-09-30 12:43:56-05,NO,,NO,,Sistema de Información Cultural (SIC)
CINE_131,131,CINE,Cinemex Cuicuilco,1000-01-01,"Cadena Mexicana de Exhibición, S.A. de C.V.",PRIVADO,EVIDENCIA_INSTITUCIONAL_PRIVADA,,,9,Ciudad de México,12,Tlalpan,1,Tlalpan,Av. San Fernando 649,Col. Peña Pobre,14060.0,,,,,,,,,8,-99.18123,19.29856,http://sic.gob.mx/ficha.php?table=comp_cine&table_id=131,2022-09-27 07:01:56-05,NO,,NO,,Sistema de Información Cultural (SIC)
CINE_483,483,CINE,Cinemex Prado Coapa,1000-01-01,"Cadena Mexicana de Exhibición, S.A. de C.V.",PRIVADO,EVIDENCIA_INSTITUCIONAL_PRIVADA,,,9,Ciudad de México,12,Tlalpan,1,Tlalpan,Prol. División del Norte 4515,Col. Prado Coapa,14357.0,,,,,,,,,10,-99.13189,19.29049,http://sic.gob.mx/ficha.php?table=comp_cine&table_id=483,2025-08-28 13:33:36-06,NO,,NO,,Sistema de Información Cultural (SIC)
CINE_482,482,CINE,Cinemex Cuicuilco Platino,1000-01-01,"Cadena Mexicana de Exhibición, S.A. de C.V.",PRIVADO,EVIDENCIA_INSTITUCIONAL_PRIVADA,,,9,Ciudad de México,12,Tlalpan,1,Tlalpan,Av. San Fernando 649,Col. Peña Pobre,14060.0,,,,,,,,,5,-99.18129,19.29857,http://sic.gob.mx/ficha.php?table=comp_cine&table_id=482,2022-09-27 05:32:05-05,NO,,NO,,Sistema de Información Cultural (SIC)
CINE_1134,1134,CINE,Cinépolis VIP Paseo Acoxpa,1000-01-01,"Cinépolis de México, S.A. de C.V.",PRIVADO,EVIDENCIA_INSTITUCIONAL_PRIVADA,,,9,Ciudad de México,12,Tlalpan,1,Tlalpan,Calz. Acoxpa 430,Col. Residencial Acoxpa,14300.0,,,,,,,,,4,-99.13632,19.30018,http://sic.gob.mx/ficha.php?table=comp_cine&table_id=1134,2022-10-03 03:04:24-05,NO,,NO,,Sistema de Información Cultural (SIC)
CINE_1133,1133,CINE,Cinépolis Gran Terraza Coapa,1000-01-01,"Cinépolis de México, S.A. de C.V.",PRIVADO,EVIDENCIA_INSTITUCIONAL_PRIVADA,,,9,Ciudad de México,12,Tlalpan,1,Tlalpan,Calz. Coapa 610,Col. Villa Coapa,14390.0,,,,,,,,,11,-99.12976,19.29469,http://sic.gob.mx/ficha.php?table=comp_cine&table_id=1133,2022-10-03 03:05:02-05,NO,,NO,,Sistema de Información Cultural (SIC)
CINE_130,130,CINE,Cinemex Coapa,1000-01-01,"Cadena Mexicana de Exhibición, S.A. de C.V.",PRIVADO,EVIDENCIA_INSTITUCIONAL_PRIVADA,,,9,Ciudad de México,12,Tlalpan,1,Tlalpan,Calz. del Hueso 519,Col. Residencial Acoxpa,14300.0,,,,,,,,,10,-99.12344,19.30291,http://sic.gob.mx/ficha.php?table=comp_cine&table_id=130,2022-09-28 04:34:25-05,NO,,NO,,Sistema de Información Cultural (SIC)
CINE_906,906,CINE,Cine Villa Olímpica,2016-09-01,Gobierno de la Ciudad de México / Alcaldía de Tlalpan,PUBLICO,EVIDENCIA_INSTITUCIONAL_PUBLICA,,,9,Ciudad de México,12,Tlalpan,1,Tlalpan,Del Olimpo s/n,"Col. Miguel Hidalgo, Villa Olímpica",14250.0,,,,,,,,,1,0.0,0.0,http://sic.gob.mx/ficha.php?table=comp_cine&table_id=906,2022-05-31 05:57:17-05,NO,,NO,,Sistema de Información Cultural (SIC)
CINE_129,129,CINE,Cinépolis Ajusco,2005-01-01,"Cinépolis de México, S.A. de C.V.",PRIVADO,EVIDENCIA_INSTITUCIONAL_PRIVADA,,,9,Ciudad de México,12,Tlalpan,1,Tlalpan,Carr. Picacho Ajusco 175 esq. Av. Anillo Periférico Sur y Sinanche,Col. Héroes de Padierna,14200.0,,,,,,,,,10,-99.21189,19.299,http://sic.gob.mx/ficha.php?table=comp_cine&table_id=129,2022-10-06 05:12:25-05,NO,,NO,,Sistema de Información Cultural (SIC)
CINE_1152,1152,CINE,Cinépolis VIP Gran Terraza Coapa,1000-01-01,"Cinépolis de México, S.A. de C.V.",PRIVADO,EVIDENCIA_INSTITUCIONAL_PRIVADA,,,9,Ciudad de México,12,Tlalpan,1,Tlalpan,Calz. Coapa 610,Col. Coapa,14390.0,,,,,,,,,11,-99.12952,19.29459,http://sic.gob.mx/ficha.php?table=comp_cine&table_id=1152,2022-10-06 05:33:11-05,NO,,NO,,Sistema de Información Cultural (SIC)
CINE_961,961,CINE,Cinépolis Patio Tlalpan,1000-01-01,"Cinépolis de México, S.A. de C.V.",PRIVADO,EVIDENCIA_INSTITUCIONAL_PRIVADA,,,9,Ciudad de México,12,Tlalpan,1,Tlalpan,Av. Insurgentes Sur 4177,Col. Santa Ursula Xitla,14420.0,,,,,,,,,10,-99.17624,19.28426,http://sic.gob.mx/ficha.php?table=comp_cine&table_id=961,2022-09-30 03:55:28-05,NO,,NO,,Sistema de Información Cultural (SIC)
CINE_1181,1181,CINE,Cinemagic Xochimilco,1000-01-01,"Cinemagic, S.A. de C.V.",PRIVADO,EVIDENCIA_INSTITUCIONAL_PRIVADA,,,9,Ciudad de México,13,Xochimilco,1,Xochimilco,Camino a Nativitas 35,Barrio de Xaltocan,16090.0,,,,,,,,,0,-99.10266,19.25412,http://sic.gob.mx/ficha.php?table=comp_cine&table_id=1181,2022-10-14 06:37:06-05,NO,,NO,,Sistema de Información Cultural (SIC)
CINE_463,463,CINE,Cinépolis Patio Universidad,1000-01-01,"Cinépolis de México, S.A. de C.V.",PRIVADO,EVIDENCIA_INSTITUCIONAL_PRIVADA,,,9,Ciudad de México,14,Benito Juárez,1,Benito Juárez,Popocatépetl 546 esq. Av. Universidad y Mayorazgo de Solís,Col. Xoco,3330.0,,,,,,,,,10,-99.16641,19.36547,http://sic.gob.mx/ficha.php?table=comp_cine&table_id=463,2022-10-06 05:17:27-05,NO,,NO,,Sistema de Información Cultural (SIC)
CINE_83,83,CINE,Cinemex Patriotismo,1000-01-01,"Cadena Mexicana de Exhibición, S.A. de C.V.",PRIVADO,EVIDENCIA_INSTITUCIONAL_PRIVADA,,,9,Ciudad de México,14,Benito Juárez,1,Benito Juárez,Av. Patriotismo 229,Col. San Pedro de los Pinos,3800.0,,,,,,,,,12,-99.1809,19.39656,http://sic.gob.mx/ficha.php?table=comp_cine&table_id=83,2022-09-28 04:31:39-05,NO,,NO,,Sistema de Información Cultural (SIC)
CINE_431,431,CINE,Cineteca Nacional,1974-01-17,Secretaría de Cultura,PUBLICO,EVIDENCIA_INSTITUCIONAL_PUBLICA,,,9,Ciudad de México,14,Benito Juárez,1,Benito Juárez,Av. México Coyoacán 389,Col. Xoco,3330.0,,,,,,,,,10,-99.16494,19.36067,http://sic.gob.mx/ficha.php?table=comp_cine&table_id=431,2022-08-17 03:35:27-05,NO,,NO,,Sistema de Información Cultural (SIC)
CINE_940,940,CINE,"Auto Drive Cinema, Plaza Universidad Mayorazgo",1000-01-01,Drive Cinema S.A. de C.V.,PRIVADO,EVIDENCIA_INSTITUCIONAL_PRIVADA,,,9,Ciudad de México,14,Benito Juárez,1,Benito Juárez,Mayorazgo de Solís 50,Col. Xoco,3330.0,,,,,,,,,1,-99.16676,19.3644,http://sic.gob.mx/ficha.php?table=comp_cine&table_id=940,2022-06-07 03:41:03-05,NO,,NO,,Sistema de Información Cultural (SIC)
CINE_464,464,CINE,Cinépolis VIP Universidad,1000-01-01,"Cinépolis de México, S.A. de C.V.",PRIVADO,EVIDENCIA_INSTITUCIONAL_PRIVADA,,,9,Ciudad de México,14,Benito Juárez,1,Benito Juárez,Av. Universidad 1000,Col. Santa Cruz Atoyac,3310.0,,,,,,,,,8,-99.16567,19.36671,http://sic.gob.mx/ficha.php?table=comp_cine&table_id=464,2022-09-28 10:07:30-05,NO,,NO,,Sistema de Información Cultural (SIC)
CINE_84,84,CINE,Cinemex Parque Delta,1000-01-01,"Cadena Mexicana de Exhibición, S.A. de C.V.",PRIVADO,EVIDENCIA_INSTITUCIONAL_PRIVADA,,,9,Ciudad de México,14,Benito Juárez,1,Benito Juárez,Av. Cuauhtémoc 462,Col. Narvarte,3020.0,,,,,,,,,10,-99.15365,19.40221,http://sic.gob.mx/ficha.php?table=comp_cine&table_id=84,2022-09-27 06:35:19-05,NO,,NO,,Sistema de Información Cultural (SIC)
CINE_1187,1187,CINE,Cinemas WTC,2023-03-10,,NO_DETERMINADO,SIN_ADSCRIPCION,,,9,Ciudad de México,14,Benito Juárez,1,Benito Juárez,Montecito 38,Col. Nápoles,3810.0,,,,,,,,,0,-99.17387,19.39451,http://sic.gob.mx/ficha.php?table=comp_cine&table_id=1187,2023-04-04 07:38:44-06,NO,,SI,No existe adscripción disponible para determinar el tipo de gestión.,Sistema de Información Cultural (SIC)
CINE_87,87,CINE,Cinépolis Universidad,1000-01-01,"Cinépolis de México, S.A. de C.V.",PRIVADO,EVIDENCIA_INSTITUCIONAL_PRIVADA,,,9,Ciudad de México,14,Benito Juárez,1,Benito Juárez,Av. Universidad 1000,Col. Santa Cruz Atoyac,3310.0,,,,,,,,,17,-99.16567,19.3667,http://sic.gob.mx/ficha.php?table=comp_cine&table_id=87,2022-09-30 03:56:31-05,NO,,NO,,Sistema de Información Cultural (SIC)
CINE_82,82,CINE,Cinemex Manacar,1000-01-01,"Cadena Mexicana de Exhibición, S.A. de C.V.",PRIVADO,EVIDENCIA_INSTITUCIONAL_PRIVADA,,,9,Ciudad de México,14,Benito Juárez,1,Benito Juárez,Iinsurgentes Sur 1357,Col. Insurgentes Mixcoac,3920.0,,,,,,,,,9,-99.18103,19.36899,http://sic.gob.mx/ficha.php?table=comp_cine&table_id=82,2022-05-25 07:51:52-05,NO,,NO,,Sistema de Información Cultural (SIC)
CINE_1091,1091,CINE,Cinemex Galerías Insurgentes Market,1000-01-01,"Cadena Mexicana de Exhibición, S.A. de C.V.",PRIVADO,EVIDENCIA_INSTITUCIONAL_PRIVADA,,,9,Ciudad de México,14,Benito Juárez,1,Benito Juárez,Parroquia 194,Col. Del Valle Sur,3230.0,,,,,,,,,9,-99.17871,19.3712,http://sic.gob.mx/ficha.php?table=comp_cine&table_id=1091,2022-10-17 06:16:29-05,NO,,NO,,Sistema de Información Cultural (SIC)
CINE_571,571,CINE,Cinemex Parque Delta Platino,1000-01-01,"Cadena Mexicana de Exhibición, S.A. de C.V.",PRIVADO,EVIDENCIA_INSTITUCIONAL_PRIVADA,,,9,Ciudad de México,14,Benito Juárez,1,Benito Juárez,Av. Cuauhtémoc 462 esq. Obrero Mundial,Col. Narvarte,3020.0,,,,,,,,,6,-99.15363,19.40224,http://sic.gob.mx/ficha.php?table=comp_cine&table_id=571,2022-09-26 07:23:20-05,NO,,NO,,Sistema de Información Cultural (SIC)
CINE_85,85,CINE,Cinemex Universidad,1000-01-01,"Cadena Mexicana de Exhibición, S.A. de C.V.",PRIVADO,EVIDENCIA_INSTITUCIONAL_PRIVADA,,,9,Ciudad de México,14,Benito Juárez,1,Benito Juárez,Av. Universidad 740 esq. Miguel Laurent,Col. Del Valle,3310.0,,,,,,,,,12,-99.16305,19.3732,http://sic.gob.mx/ficha.php?table=comp_cine&table_id=85,2022-09-27 05:40:32-05,NO,,NO,,Sistema de Información Cultural (SIC)
CINE_461,461,CINE,Cinemex Félix Cuevas Platino,1000-01-01,"Cadena Mexicana de Exhibición, S.A. de C.V.",PRIVADO,EVIDENCIA_INSTITUCIONAL_PRIVADA,,,9,Ciudad de México,14,Benito Juárez,1,Benito Juárez,Av. Félix Cuevas 374,Col. Del Valle,3100.0,,,,,,,,,7,-99.17292,19.3731,http://sic.gob.mx/ficha.php?table=comp_cine&table_id=461,2022-09-28 03:10:38-05,NO,,NO,,Sistema de Información Cultural (SIC)
CINE_100,100,CINE,Cinemex Real,1000-01-01,"Cadena Mexicana de Exhibición, S.A. de C.V.",PRIVADO,EVIDENCIA_INSTITUCIONAL_PRIVADA,,,9,Ciudad de México,15,Cuauhtémoc,1,Cuauhtémoc,Colón 17 esq. Balderas y Reforma,Centro,6440.0,,,,,,,,,8,-99.14735,19.4363,http://sic.gob.mx/ficha.php?table=comp_cine&table_id=100,2022-09-27 06:36:47-05,NO,,NO,,Sistema de Información Cultural (SIC)
CINE_469,469,CINE,Cinépolis Fórum Buenavista,1000-01-01,"Cinépolis de México, S.A. de C.V.",PRIVADO,EVIDENCIA_INSTITUCIONAL_PRIVADA,,,9,Ciudad de México,15,Cuauhtémoc,1,Cuauhtémoc,Eje 1 Norte Mosqueta 259 esq. Insurguentes,Col. Buenavista,6350.0,,,,,,,,,16,-99.15133,19.4515,http://sic.gob.mx/ficha.php?table=comp_cine&table_id=469,2022-08-23 05:23:00-05,NO,,NO,,Sistema de Información Cultural (SIC)
CINE_788,788,CINE,Cine Savoy,1943-01-01,Independiente,PRIVADO,CLASIFICACION_EXPLICITA,,,9,Ciudad de México,15,Cuauhtémoc,1,Cuauhtémoc,16 de Septiembre núm. 4,Centro,6010.0,,,,,,,,,1,-99.14049,19.43286,http://sic.gob.mx/ficha.php?table=comp_cine&table_id=788,2022-08-01 16:01:33-05,NO,,NO,,Sistema de Información Cultural (SIC)
CINE_1056,1056,CINE,Cinemex Portal Centro,1000-01-01,"Cadena Mexicana de Exhibición, S.A. de C.V.",PRIVADO,EVIDENCIA_INSTITUCIONAL_PRIVADA,,,9,Ciudad de México,15,Cuauhtémoc,1,Cuauhtémoc,Av. Lorenzo Boturini 258 esq. Francisco Clavijero,Col. Tránsito,6820.0,,,,,,,,,9,-99.13035,19.41898,http://sic.gob.mx/ficha.php?table=comp_cine&table_id=1056,2022-09-27 06:24:27-05,NO,,NO,,Sistema de Información Cultural (SIC)
CINE_1055,1055,CINE,Cinépolis Plaza Tlatelolco,1000-01-01,"Cinépolis de México, S.A. de C.V.",PRIVADO,EVIDENCIA_INSTITUCIONAL_PRIVADA,,,9,Ciudad de México,15,Cuauhtémoc,1,Cuauhtémoc,Av. Ricardo Flores Magón 210,Col. Guerrero,6300.0,,,,,,,,,5,-99.14087,19.45065,http://sic.gob.mx/ficha.php?table=comp_cine&table_id=1055,2022-09-30 08:54:14-05,NO,,NO,,Sistema de Información Cultural (SIC)
CINE_101,101,CINE,Cinépolis Diana,1000-01-01,"Cinépolis de México, S.A. de C.V.",PRIVADO,EVIDENCIA_INSTITUCIONAL_PRIVADA,,,9,Ciudad de México,15,Cuauhtémoc,1,Cuauhtémoc,Av. Paseo de la Reforma 423,Col. Cuauhtémoc,6500.0,,,,,,,,,8,-99.17158,19.42588,http://sic.gob.mx/ficha.php?table=comp_cine&table_id=101,2022-10-05 05:33:46-05,NO,,NO,,Sistema de Información Cultural (SIC)
CINE_468,468,CINE,Cinemex Reforma Casa de Arte,1000-01-01,Operadora de AP CineMall S.A. de C.V.,PRIVADO,EVIDENCIA_INSTITUCIONAL_PRIVADA,,,9,Ciudad de México,15,Cuauhtémoc,1,Cuauhtémoc,Río Guadalquivir 104,Col. Cuauhtémoc,6500.0,,,,,,,,,4,-99.1693,19.42738,http://sic.gob.mx/ficha.php?table=comp_cine&table_id=468,2025-08-14 13:29:16-06,NO,,NO,,Sistema de Información Cultural (SIC)
CINE_102,102,CINE,Cinemex Centro Telmex,1000-01-01,"Cadena Mexicana de Exhibición, S.A. de C.V.",PRIVADO,EVIDENCIA_INSTITUCIONAL_PRIVADA,,,9,Ciudad de México,15,Cuauhtémoc,1,Cuauhtémoc,Av. Chapultepec 19 esq. Av. Cuauhtémoc,Col. Roma Sur,6700.0,,,,,,,,,10,-99.15482,19.42524,http://sic.gob.mx/ficha.php?table=comp_cine&table_id=102,2022-09-27 05:39:18-05,NO,,NO,,Sistema de Información Cultural (SIC)
CINE_924,924,CINE,Cine Más Allá (CCD),2012-01-01,Centro de Cultura Digital de la Secretaría de Cultura,PUBLICO,EVIDENCIA_INSTITUCIONAL_PUBLICA,,,9,Ciudad de México,15,Cuauhtémoc,1,Cuauhtémoc,Paseo de Reforma s/n esq. Lieja,Col. Juárez,6600.0,,,,,,,,,1,-99.17574,19.42289,http://sic.gob.mx/ficha.php?table=comp_cine&table_id=924,2026-01-29 17:39:45-06,NO,,NO,,Sistema de Información Cultural (SIC)
CINE_103,103,CINE,Cinemex Reforma 222,1000-01-01,"Cadena Mexicana de Exhibición, S.A. de C.V.",PRIVADO,EVIDENCIA_INSTITUCIONAL_PRIVADA,,,9,Ciudad de México,15,Cuauhtémoc,1,Cuauhtémoc,Av. Paseo de la Reforma 222,Col. Juárez,6600.0,,,,,,,,,11,-99.16146,19.42844,http://sic.gob.mx/ficha.php?table=comp_cine&table_id=103,2022-09-26 07:22:49-05,NO,,NO,,Sistema de Información Cultural (SIC)
CINE_1172,1172,CINE,Cinépolis Puerta Tlatelolco,1000-01-01,"Cinépolis de México, S.A. de C.V.",PRIVADO,EVIDENCIA_INSTITUCIONAL_PRIVADA,,,9,Ciudad de México,15,Cuauhtémoc,1,Cuauhtémoc,Eje 2 Norte Manuel González 95,Col. San Simón Tolnáhuac,6920.0,,,,,,,,,0,-99.14276,19.45497,http://sic.gob.mx/ficha.php?table=comp_cine&table_id=1172,2022-10-10 05:37:31-05,NO,,NO,,Sistema de Información Cultural (SIC)
CINE_98,98,CINE,Cinépolis Bucareli,1000-01-01,"Cinépolis de México, S.A. de C.V.",PRIVADO,EVIDENCIA_INSTITUCIONAL_PRIVADA,,,9,Ciudad de México,15,Cuauhtémoc,1,Cuauhtémoc,Bucareli 63,Col. Juárez,6600.0,,,,,,,,,6,-99.15141,19.43188,http://sic.gob.mx/ficha.php?table=comp_cine&table_id=98,2022-10-10 04:27:26-05,NO,,NO,,Sistema de Información Cultural (SIC)
CINE_938,938,CINE,"Auto Drive Cinema, Insurgentes",1000-01-01,Drive Cinema S.A. de C.V.,PRIVADO,EVIDENCIA_INSTITUCIONAL_PRIVADA,,,9,Ciudad de México,15,Cuauhtémoc,1,Cuauhtémoc,Av. Insurgentes 14,Col. Hipódromo,6600.0,,,,,,,,,1,-99.16017,19.42932,http://sic.gob.mx/ficha.php?table=comp_cine&table_id=938,2022-08-02 12:31:02-05,NO,,NO,,Sistema de Información Cultural (SIC)
CINE_472,472,CINE,Le Cinéma Ifal,1000-01-01,Independiente,PRIVADO,CLASIFICACION_EXPLICITA,,,9,Ciudad de México,15,Cuauhtémoc,1,Cuauhtémoc,Río Nazas 43,Col. Cuauhtémoc,6500.0,,,,,,,,,1,-99.16686,19.43269,http://sic.gob.mx/ficha.php?table=comp_cine&table_id=472,2023-04-03 05:10:48-06,NO,,NO,,Sistema de Información Cultural (SIC)
CINE_105,105,CINE,Cinemex Cuauhtémoc,1989-01-01,"Cadena Mexicana de Exhibición, S.A. de C.V.",PRIVADO,EVIDENCIA_INSTITUCIONAL_PRIVADA,,,9,Ciudad de México,15,Cuauhtémoc,1,Cuauhtémoc,"Pabellón Cuauhtémoc, Antonio M. Anza 20",Col. Roma,6720.0,,,,,,,,,12,-99.15573,19.41153,http://sic.gob.mx/ficha.php?table=comp_cine&table_id=105,2022-10-18 14:06:13-05,NO,,NO,,Sistema de Información Cultural (SIC)
CINE_99,99,CINE,Cinemex Insurgentes,1000-01-01,"Cadena Mexicana de Exhibición, S.A. de C.V.",PRIVADO,EVIDENCIA_INSTITUCIONAL_PRIVADA,,,9,Ciudad de México,15,Cuauhtémoc,1,Cuauhtémoc,San Luis Potosí esq. Insurgentes 214,Col. Roma,6760.0,,,,,,,,,7,-99.16608,19.41272,http://sic.gob.mx/ficha.php?table=comp_cine&table_id=99,2022-09-27 06:21:13-05,NO,,NO,,Sistema de Información Cultural (SIC)
CINE_471,471,CINE,La Casa del Cine MX,1000-01-01,Independiente,PRIVADO,CLASIFICACION_EXPLICITA,,,9,Ciudad de México,15,Cuauhtémoc,1,Cuauhtémoc,República de Uruguay 52,Centro Histórico,6000.0,,,,,,,,,2,-99.13777,19.43078,http://sic.gob.mx/ficha.php?table=comp_cine&table_id=471,2022-08-08 06:40:18-05,NO,,NO,,Sistema de Información Cultural (SIC)
CINE_470,470,CINE,Cine Tonalá,1000-01-01,Independiente,PRIVADO,CLASIFICACION_EXPLICITA,,,9,Ciudad de México,15,Cuauhtémoc,1,Cuauhtémoc,Tonalá 261,Col. Roma,6760.0,,,,,,,,,1,-99.16051,19.40886,http://sic.gob.mx/ficha.php?table=comp_cine&table_id=470,2022-08-09 06:54:53-05,NO,,NO,,Sistema de Información Cultural (SIC)
CINE_127,127,CINE,Cinemex Antara,1000-01-01,"Cadena Mexicana de Exhibición, S.A. de C.V.",PRIVADO,EVIDENCIA_INSTITUCIONAL_PRIVADA,,,9,Ciudad de México,16,Miguel Hidalgo,1,Miguel Hidalgo,Av. Ejército Nacional 843-B,Col. Granada,11520.0,,,,,,,,,8,-99.20378,19.43922,http://sic.gob.mx/ficha.php?table=comp_cine&table_id=127,2022-09-26 18:21:29-05,NO,,NO,,Sistema de Información Cultural (SIC)
CINE_126,126,CINE,Cinemex Pabellón Polanco,1000-01-01,"Cadena Mexicana de Exhibición, S.A. de C.V.",PRIVADO,EVIDENCIA_INSTITUCIONAL_PRIVADA,,,9,Ciudad de México,16,Miguel Hidalgo,1,Miguel Hidalgo,Ejército Nacional 980,Col. Chapultepec Morales,11560.0,,,,,,,,,7,-99.20746,19.43709,http://sic.gob.mx/ficha.php?table=comp_cine&table_id=126,2022-09-27 07:00:07-05,NO,,NO,,Sistema de Información Cultural (SIC)
CINE_479,479,CINE,Cinépolis Plaza Carso,1000-01-01,"Cinépolis de México, S.A. de C.V.",PRIVADO,EVIDENCIA_INSTITUCIONAL_PRIVADA,,,9,Ciudad de México,16,Miguel Hidalgo,1,Miguel Hidalgo,Lago Zúrich 245,Col. Ampliación Granada,11529.0,,,,,,,,,5,-99.20412,19.44152,http://sic.gob.mx/ficha.php?table=comp_cine&table_id=479,2022-09-30 03:51:20-05,NO,,NO,,Sistema de Información Cultural (SIC)
CINE_476,476,CINE,Cinemex Antara Platino,1000-01-01,"Cadena Mexicana de Exhibición, S.A. de C.V.",PRIVADO,EVIDENCIA_INSTITUCIONAL_PRIVADA,,,9,Ciudad de México,16,Miguel Hidalgo,1,Miguel Hidalgo,Av. Ejercito Nacional 843-B,Col. Granada,11520.0,,,,,,,,,4,-99.20376,19.43928,http://sic.gob.mx/ficha.php?table=comp_cine&table_id=476,2022-09-27 04:27:18-05,NO,,NO,,Sistema de Información Cultural (SIC)
CINE_124,124,CINE,Cinemex Duraznos Platino,2010-09-01,"Cadena Mexicana de Exhibición, S.A. de C.V.",PRIVADO,EVIDENCIA_INSTITUCIONAL_PRIVADA,,,9,Ciudad de México,16,Miguel Hidalgo,1,Miguel Hidalgo,Bosques de Duraznos 39,Col. Bosques de las Lomas,11700.0,,,,,,,,,5,-99.24289,19.40248,http://sic.gob.mx/ficha.php?table=comp_cine&table_id=124,2023-11-23 06:51:14-06,NO,,NO,,Sistema de Información Cultural (SIC)
CINE_573,573,CINE,Cinemex Pabellón Polanco Platino,1000-01-01,"Cadena Mexicana de Exhibición, S.A. de C.V.",PRIVADO,EVIDENCIA_INSTITUCIONAL_PRIVADA,,,9,Ciudad de México,16,Miguel Hidalgo,1,Miguel Hidalgo,Av. Ejercito Nacional 980,Col. Chapultepec Morales,11560.0,,,,,,,,,4,-99.20747,19.43707,http://sic.gob.mx/ficha.php?table=comp_cine&table_id=573,2022-09-27 04:41:40-05,NO,,NO,,Sistema de Información Cultural (SIC)
CINE_128,128,CINE,Cinemex Galerías,1000-01-01,"Cadena Mexicana de Exhibición, S.A. de C.V.",PRIVADO,EVIDENCIA_INSTITUCIONAL_PRIVADA,,,9,Ciudad de México,16,Miguel Hidalgo,1,Miguel Hidalgo,Circuito Interior esq. Marina Nacional,Col. Verónica Anzúres,11300.0,,,,,,,,,10,-99.17118,19.43536,http://sic.gob.mx/ficha.php?table=comp_cine&table_id=128,2022-09-30 09:08:39-05,NO,,NO,,Sistema de Información Cultural (SIC)
CINE_915,915,CINE,"Autocinema Coyote, Polanco",1000-01-01,Autocinema Coyote SA de CV,PRIVADO,EVIDENCIA_INSTITUCIONAL_PRIVADA,,,9,Ciudad de México,16,Miguel Hidalgo,1,Miguel Hidalgo,Lago Zurich 200,Col. Granada,11529.0,,,,,,,,,1,-459.20256,19.44428,http://sic.gob.mx/ficha.php?table=comp_cine&table_id=915,2022-10-14 05:05:48-05,NO,,NO,,Sistema de Información Cultural (SIC)
CINE_478,478,CINE,Cinépolis VIP Plaza Carso,1000-01-01,"Cinépolis de México, S.A. de C.V.",PRIVADO,EVIDENCIA_INSTITUCIONAL_PRIVADA,,,9,Ciudad de México,16,Miguel Hidalgo,1,Miguel Hidalgo,Lago Zúrich 245,Col. Ampliación Granada,11529.0,,,,,,,,,4,-99.20411,19.44156,http://sic.gob.mx/ficha.php?table=comp_cine&table_id=478,2023-10-11 04:13:28-06,NO,,NO,,Sistema de Información Cultural (SIC)
CINE_477,477,CINE,Cinépolis VIP Miyana Polanco,1000-01-01,"Cinépolis de México, S.A. de C.V.",PRIVADO,EVIDENCIA_INSTITUCIONAL_PRIVADA,,,9,Ciudad de México,16,Miguel Hidalgo,1,Miguel Hidalgo,Av. Ejercito Nacional 769,Col. Granada,11570.0,,,,,,,,,7,-99.1999,19.43958,http://sic.gob.mx/ficha.php?table=comp_cine&table_id=477,2022-09-30 12:29:58-05,NO,,NO,,Sistema de Información Cultural (SIC)
CINE_133,133,CINE,Cinépolis Plaza Aeropuerto,1000-01-01,"Cinépolis de México, S.A. de C.V.",PRIVADO,EVIDENCIA_INSTITUCIONAL_PRIVADA,,,9,Ciudad de México,17,Venustiano Carranza,1,Venustiano Carranza,Calz. Gral. Ignacio Zaragoza 270,Col. Santa Cruz Aviación,15540.0,,,,,,,,,11,-99.09681,19.42156,http://sic.gob.mx/ficha.php?table=comp_cine&table_id=133,2022-10-05 08:27:30-05,NO,,NO,,Sistema de Información Cultural (SIC)
CINE_998,998,CINE,Cinépolis Ánfora,1000-01-01,"Cinépolis de México, S.A. de C.V.",PRIVADO,EVIDENCIA_INSTITUCIONAL_PRIVADA,,,9,Ciudad de México,17,Venustiano Carranza,1,Venustiano Carranza,Ánfora 71,Col. Penitenciaría,15390.0,,,,,,,,,7,-99.10979,19.43602,http://sic.gob.mx/ficha.php?table=comp_cine&table_id=998,2023-11-24 06:39:28-06,NO,,NO,,Sistema de Información Cultural (SIC)
CINE_993,993,CINE,Cinemex Encuentro Oceanía,2022-06-16,"Cadena Mexicana de Exhibición, S.A. de C.V.",PRIVADO,EVIDENCIA_INSTITUCIONAL_PRIVADA,,,9,Ciudad de México,17,Venustiano Carranza,1,Venustiano Carranza,Av. del Peñon 355,Col. Moctezuma 2da secc.,15530.0,,,,,,,,,15,-99.09338,19.44023,http://sic.gob.mx/ficha.php?table=comp_cine&table_id=993,2022-09-27 06:35:53-05,NO,,NO,,Sistema de Información Cultural (SIC)
