id_denue,clee,nombre_establecimiento,nombre_normalizado,razon_social,codigo_scian,actividad_scian,categoria_enfoque,subcategoria,sector,es_oferta_deportiva,es_gimnasio_acondicionamiento,es_club_deportivo,es_servicio_adulto_mayor,mencion_explicita_adulto_mayor,terminos_adulto_mayor,criterio_adulto_mayor,requiere_revision_manual,motivo_revision,posible_duplicado_nombre_coordenadas,personal_ocupado,tipo_vialidad,nombre_vialidad,numero_exterior,letra_exterior,numero_interior,letra_interior,direccion_limpia,tipo_asentamiento,asentamiento,codigo_postal,codigo_postal_valido,clave_entidad,entidad,clave_alcaldia,alcaldia,clave_localidad,localidad,ageb,manzana,clave_municipio,clave_ageb,clave_manzana,latitud,longitud,coordenadas_validas,telefono,correo_electronico,sitio_web,tipo_unidad_economica,fecha_alta_denue,anio_alta_denue,mes_alta_denue,anio_datos,mes_corte,edicion_denue
7628491,,CAM CASA DEL ADULTO MAYOR SANTA CRUZ XOCHITEPEC,CAM CASA DEL ADULTO MAYOR SANTA CRUZ XOCHITEPEC,ALCALDIA XOCHIMILCO,713942,Clubes deportivos del sector público,oferta_deportiva|servicio_adulto_mayor,club_deportivo,publico,1,0,1,1,1,ADULTO MAYOR,palabra_clave,1,palabra_clave_sin_codigo_scian_directo,0,0 a 5 personas,CALLE,COMERCIO,0,SN,0,,CALLE COMERCIO 0 SN INT 0 PUEBLO SANTA CRUZ XOCHITEPEC 16100,PUEBLO,SANTA CRUZ XOCHITEPEC,16100,1,09,CIUDAD DE MÉXICO,013,Xochimilco,0001,Xochimilco,0372,030,09013,0901300010372,0901300010372030,19.25393744,-99.13006031,1,,,,Fijo,2019-11,2019,11,2020,11,2020-11
8646288,,CASA DE DIA DEL ADULTO MAYOR TLATILCO,CASA DE DIA DEL ADULTO MAYOR TLATILCO,INSTITUTO NACIONAL DE LAS PERSONAS ADULTAS MAYORES,623312,Asilos y otras residencias del sector público para el cuidado de ancianos,servicio_adulto_mayor,residencia_cuidado,publico,0,0,0,1,1,ADULTAS MAYORES|ADULTO MAYOR,codigo_scian_y_palabra_clave,0,,0,11 a 30 personas,CALZADA,TLATILCO,33,,,,CALZADA TLATILCO 33 COLONIA TLATILCO 02860,COLONIA,TLATILCO,02860,1,09,CIUDAD DE MÉXICO,002,Azcapotzalco,0001,Azcapotzalco,0858,033,09002,0900200010858,0900200010858033,19.4594272,-99.16439062,1,,,,Fijo,2019-11,2019,11,2020,11,2020-11
741341,,CASA DEL ADULTO MAYOR,CASA DEL ADULTO MAYOR,BIENESTAR INAPAM,624122,Centros del sector público dedicados a la atención y cuidado diurno de ancianos y discapacitados,servicio_adulto_mayor,centro_cuidado_diurno,publico,0,0,0,1,1,ADULTO MAYOR|INAPAM,codigo_scian_y_palabra_clave,0,,0,0 a 5 personas,CALZADA,TLATILCO,,SN,,,CALZADA TLATILCO SN COLONIA TLATILCO 02860,COLONIA,TLATILCO,02860,1,09,CIUDAD DE MÉXICO,002,Azcapotzalco,0001,Azcapotzalco,0858,033,09002,0900200010858,0900200010858033,19.45944832,-99.16438595,1,,,WWW.INAPAM.GOB.MX,Fijo,2010-07,2010,07,2020,11,2020-11
683216,,CASA HOGAR VICENTE GARCIA TORRES,CASA HOGAR VICENTE GARCIA TORRES,SISTEMA NACIONAL PARA EL DESARROLLO INTEGRAL DE LA FAMILIA,623312,Asilos y otras residencias del sector público para el cuidado de ancianos,servicio_adulto_mayor,residencia_cuidado,publico,0,0,0,1,0,,codigo_scian,0,,0,11 a 30 personas,AVENIDA,AZCAPOTZALCO,59,,0,,AVENIDA AZCAPOTZALCO 59 INT 0 COLONIA SAN ALVARO 02090,COLONIA,SAN ALVARO,02090,1,09,CIUDAD DE MÉXICO,002,Azcapotzalco,0001,Azcapotzalco,0792,011,09002,0900200010792,0900200010792011,19.46117138,-99.18835253,1,,rodolfo.carrasco@dif.gob.mx,WWW.DIF.GOB.MX,Fijo,2014-12,2014,12,2020,11,2020-11
739148,,CENTRO DE DÍA NUEVA SANTA MARÍA,CENTRO DE DIA NUEVA SANTA MARIA,INSTITUTO MEXICANO DEL SEGURO SOCIAL,624122,Centros del sector público dedicados a la atención y cuidado diurno de ancianos y discapacitados,servicio_adulto_mayor,centro_cuidado_diurno,publico,0,0,0,1,0,,codigo_scian,0,,0,0 a 5 personas,AVENIDA,AVENIDA DE LOS MAESTROS,486,SN,0,,AVENIDA AVENIDA DE LOS MAESTROS 486 SN INT 0 COLONIA NUEVA SANTA MARIA 02800,COLONIA,NUEVA SANTA MARIA,02800,1,09,CIUDAD DE MÉXICO,002,Azcapotzalco,0001,Azcapotzalco,0843,021,09002,0900200010843,0900200010843021,19.4613787,-99.1653536,1,,minerva_459@hotmail.com,,Fijo,2010-07,2010,07,2020,11,2020-11
8000433,,FUNDACION CENTRO DE PROMOCION GERONTOLOGICA CENTRO HISTORICO CIUDAD DE MEXICO I.A.P,FUNDACION CENTRO DE PROMOCION GERONTOLOGICA CENTRO HISTORICO CIUDAD DE MEXICO I A P,CENPROGIAP,624121,Centros del sector privado dedicados a la atención y cuidado diurno de ancianos y discapacitados,servicio_adulto_mayor,centro_cuidado_diurno,privado,0,0,0,1,1,GERONTOLOG,codigo_scian_y_palabra_clave,0,,0,11 a 30 personas,CALLE,NORTE 81,200,,0,,CALLE NORTE 81 200 INT 0 COLONIA CLAVERIA 02080,COLONIA,CLAVERIA,02080,1,09,CIUDAD DE MÉXICO,002,Azcapotzalco,0001,Azcapotzalco,0701,004,09002,0900200010701,0900200010701004,19.4668439,-99.17859184,1,,cenprogiap@hotmail.com,WWW.CENPROGIAP.ORG.MX,Fijo,2019-11,2019,11,2020,11,2020-11
667589,,INSTITUCION DE ASISTENCIA PRIVADA CASA BETTI,INSTITUCION DE ASISTENCIA PRIVADA CASA BETTI,INSTITUCION DE ASISTENCIA PRIVADA CASA BETTI,623311,Asilos y otras residencias del sector privado para el cuidado de ancianos,servicio_adulto_mayor,residencia_cuidado,privado,0,0,0,1,0,,codigo_scian,0,,0,31 a 50 personas,CALLE,SAN SEBASTIAN,82,,,,CALLE SAN SEBASTIAN 82 COLONIA SAN SEBASTIAN 02040,COLONIA,SAN SEBASTIAN,02040,1,09,CIUDAD DE MÉXICO,002,Azcapotzalco,0001,Azcapotzalco,0345,005,09002,0900200010345,0900200010345005,19.48092762,-99.1805378,1,,cb.direccion@hotmail.com,WWW.CASABETTI.GOB.MX,Fijo,2010-07,2010,07,2020,11,2020-11
684022,,LA DE MONINA,LA DE MONINA,,623311,Asilos y otras residencias del sector privado para el cuidado de ancianos,servicio_adulto_mayor,residencia_cuidado,privado,0,0,0,1,0,,codigo_scian,0,,0,0 a 5 personas,CALLE,NORTE 89-A,501,,,,CALLE NORTE 89-A 501 COLONIA SANTA MARIA MALINALCO 02050,COLONIA,SANTA MARIA MALINALCO,02050,1,09,CIUDAD DE MÉXICO,002,Azcapotzalco,0001,Azcapotzalco,0491,004,09002,0900200010491,0900200010491004,19.47718164,-99.1793498,1,5563635286,lacasademonina@outlook.com,,Fijo,2014-12,2014,12,2020,11,2020-11
9300061,,RESIDENCIA TEODORO GILDRED,RESIDENCIA TEODORO GILDRED,FUNDACION BRINGAS HAGHENBECK IAP,623311,Asilos y otras residencias del sector privado para el cuidado de ancianos,servicio_adulto_mayor,residencia_cuidado,privado,0,0,0,1,0,,codigo_scian,1,codigo_postal_faltante_o_invalido,0,31 a 50 personas,CALLE,SAN SEBASTIAN,110,,,,CALLE SAN SEBASTIAN 110 COLONIA SAN SEBASTIAN,COLONIA,SAN SEBASTIAN,,0,09,CIUDAD DE MÉXICO,002,Azcapotzalco,0001,Azcapotzalco,0345,005,09002,0900200010345,0900200010345005,19.48065411,-99.17966701,1,0,,,Fijo,2020-11,2020,11,2020,11,2020-11
658173,,TERCER HOGAR,TERCER HOGAR,TERCER HOGAR SC,623311,Asilos y otras residencias del sector privado para el cuidado de ancianos,servicio_adulto_mayor,residencia_cuidado,privado,0,0,0,1,0,,codigo_scian,0,,0,6 a 10 personas,CALLE,IGNACIO ALLENDE,286,,,,CALLE IGNACIO ALLENDE 286 COLONIA LOTERIA NACIONAL 02080,COLONIA,LOTERIA NACIONAL,02080,1,09,CIUDAD DE MÉXICO,002,Azcapotzalco,0001,Azcapotzalco,0699,002,09002,0900200010699,0900200010699002,19.46902915,-99.17902126,1,,mduranra@hotmail.com,WWW.TERCERHOGARSC.COM.MX,Fijo,2011-03,2011,03,2020,11,2020-11
8539687,,ACILO CASA DE LAS LUNAS VALLE,ACILO CASA DE LAS LUNAS VALLE,,623311,Asilos y otras residencias del sector privado para el cuidado de ancianos,servicio_adulto_mayor,residencia_cuidado,privado,0,0,0,1,0,,codigo_scian,0,,0,6 a 10 personas,CALLE,EDZNA,203,,,,CALLE EDZNA 203 COLONIA LETRAN VALLE 03650,COLONIA,LETRAN VALLE,03650,1,09,CIUDAD DE MÉXICO,014,Benito Juárez,0001,Benito Juárez,0632,012,09014,0901400010632,0901400010632012,19.3752339,-99.14979167,1,,,,Fijo,2019-11,2019,11,2020,11,2020-11
870866,,ALBERGUE ALABAMA,ALBERGUE ALABAMA,INAPAM SEDESOL,623312,Asilos y otras residencias del sector público para el cuidado de ancianos,servicio_adulto_mayor,residencia_cuidado,publico,0,0,0,1,1,INAPAM,codigo_scian_y_palabra_clave,0,,0,11 a 30 personas,CALLE,ALABAMA,17,,,,CALLE ALABAMA 17 COLONIA NAPOLES 03810,COLONIA,NAPOLES,03810,1,09,CIUDAD DE MÉXICO,014,Benito Juárez,0001,Benito Juárez,0384,011,09014,0901400010384,0901400010384011,19.39134258,-99.17410291,1,5556694814,isapli@hotmail.com,WWW.INAPAM.ORG.MX,Fijo,2010-07,2010,07,2020,11,2020-11
955951,,ALBERGUE MORAS INAPAM,ALBERGUE MORAS INAPAM,ALBERGUE MORAS INAPAM,623992,Orfanatos y otras residencias de asistencia social del sector público,servicio_adulto_mayor,otro_con_mencion_adulto_mayor,no_determinado,0,0,0,1,1,INAPAM,palabra_clave,1,palabra_clave_sin_codigo_scian_directo,0,11 a 30 personas,CALLE,MORAS,818,,,,CALLE MORAS 818 COLONIA ACACIAS 03240,COLONIA,ACACIAS,03240,1,09,CIUDAD DE MÉXICO,014,Benito Juárez,0001,Benito Juárez,0933,001,09014,0901400010933,0901400010933001,19.36506546,-99.1759521,1,,,,Fijo,2010-07,2010,07,2020,11,2020-11
869108,,ALBERGUE NEBRASKA,ALBERGUE NEBRASKA,INSTITUTO NACIONAL DE LAS PERSONAS ADULTAS MAYORES,623312,Asilos y otras residencias del sector público para el cuidado de ancianos,servicio_adulto_mayor,residencia_cuidado,publico,0,0,0,1,1,ADULTAS MAYORES,codigo_scian_y_palabra_clave,0,,0,11 a 30 personas,CALLE,NEBRASKA,180,,,,CALLE NEBRASKA 180 COLONIA NAPOLES 03810,COLONIA,NAPOLES,03810,1,09,CIUDAD DE MÉXICO,014,Benito Juárez,0001,Benito Juárez,0204,006,09014,0901400010204,0901400010204006,19.3953933,-99.17697672,1,5556822207,,,Fijo,2010-07,2010,07,2020,11,2020-11
1028318,,ASOCIACION MEXICANA DE GERONTOLOGIA Y GERIATRIA,ASOCIACION MEXICANA DE GERONTOLOGIA Y GERIATRIA,ASOCIACION MEXICANA DE GERONTOLOGIA Y GERIATRIA AC,813130,Asociaciones y organizaciones de profesionistas,servicio_adulto_mayor,otro_con_mencion_adulto_mayor,no_determinado,0,0,0,1,1,GERIATR|GERONTOLOG,palabra_clave,1,palabra_clave_sin_codigo_scian_directo,0,0 a 5 personas,AVENIDA,DOCTOR JOSE MARIA VERTIZ,995,,401,,AVENIDA DOCTOR JOSE MARIA VERTIZ 995 INT 401 COLONIA NARVARTE PONIENTE 03020,COLONIA,NARVARTE PONIENTE,03020,1,09,CIUDAD DE MÉXICO,014,Benito Juárez,0001,Benito Juárez,044A,010,09014,090140001044A,090140001044A010,19.38541019,-99.15231866,1,,,,Fijo,2010-07,2010,07,2020,11,2020-11
871791,,ASOCIACION MEXICANA PRO-REHABILITACION INTEGRAL,ASOCIACION MEXICANA PRO REHABILITACION INTEGRAL,ASOCIACION MEXICANA PROSREHABILITACION INTEGRAL INSTITUCION DE ASISTENCIA PRIVADA,624121,Centros del sector privado dedicados a la atención y cuidado diurno de ancianos y discapacitados,servicio_adulto_mayor,centro_cuidado_diurno,privado,0,0,0,1,0,,codigo_scian,0,,0,11 a 30 personas,AVENIDA,2,76,A,,,AVENIDA 2 76 A COLONIA SAN PEDRO DE LOS PINOS 03800,COLONIA,SAN PEDRO DE LOS PINOS,03800,1,09,CIUDAD DE MÉXICO,014,Benito Juárez,0001,Benito Juárez,0350,007,09014,0901400010350,0901400010350007,19.39089487,-99.1840143,1,,ampri.am@hotmail.com,,Fijo,2010-07,2010,07,2020,11,2020-11
903987,,CASA DE ADULTO MAYOR MERIDIA CENTROS DE DIA,CASA DE ADULTO MAYOR MERIDIA CENTROS DE DIA,SALUS CARE SOLUTIONS SAPI DE CV,623311,Asilos y otras residencias del sector privado para el cuidado de ancianos,servicio_adulto_mayor,residencia_cuidado,privado,0,0,0,1,1,ADULTO MAYOR,codigo_scian_y_palabra_clave,0,,0,11 a 30 personas,CALLE,AMORES,1729,,,,CALLE AMORES 1729 COLONIA DEL VALLE SUR 03100,COLONIA,DEL VALLE SUR,03100,1,09,CIUDAD DE MÉXICO,014,Benito Juárez,0001,Benito Juárez,0810,010,09014,0901400010810,0901400010810010,19.3660164,-99.17089621,1,,contacto@meridia.mx,WWW.MERIDIA.MX,Fijo,2014-12,2014,12,2020,11,2020-11
8539587,,CASA DE ASISTENSIA AL ADULTO MAYOR,CASA DE ASISTENSIA AL ADULTO MAYOR,,623311,Asilos y otras residencias del sector privado para el cuidado de ancianos,servicio_adulto_mayor,residencia_cuidado,privado,0,0,0,1,1,ADULTO MAYOR,codigo_scian_y_palabra_clave,0,,0,0 a 5 personas,AVENIDA,PRESIDENTE PLUTARCO ELIAS CALLES,1143,,,,AVENIDA PRESIDENTE PLUTARCO ELIAS CALLES 1143 COLONIA PORTALES ORIENTE 03570,COLONIA,PORTALES ORIENTE,03570,1,09,CIUDAD DE MÉXICO,014,Benito Juárez,0001,Benito Juárez,0878,015,09014,0901400010878,0901400010878015,19.36709864,-99.13795519,1,,,,Fijo,2019-11,2019,11,2020,11,2020-11
1059719,,CASA DE LA CAMPANA RESIDENCIA DE DOCENTES,CASA DE LA CAMPANA RESIDENCIA DE DOCENTES,COLEGIO SIMÓN BOLÍVAR AC AR,624121,Centros del sector privado dedicados a la atención y cuidado diurno de ancianos y discapacitados,servicio_adulto_mayor,centro_cuidado_diurno,privado,0,0,0,1,0,,codigo_scian,0,,0,0 a 5 personas,CALLE,CAMPANA,,SN,,,CALLE CAMPANA SN COLONIA INSURGENTES MIXCOAC 03920,COLONIA,INSURGENTES MIXCOAC,03920,1,09,CIUDAD DE MÉXICO,014,Benito Juárez,0001,Benito Juárez,0793,013,09014,0901400010793,0901400010793013,19.37249109,-99.18550601,1,,,,Fijo,2010-07,2010,07,2020,11,2020-11
901605,,CASA DE REPOSO,CASA DE REPOSO,FUNDACION DOLORES BENEDET AC,623311,Asilos y otras residencias del sector privado para el cuidado de ancianos,servicio_adulto_mayor,residencia_cuidado,privado,0,0,0,1,0,,codigo_scian,0,,0,11 a 30 personas,CALLE,RALPH ROEDER,2824,,0,,CALLE RALPH ROEDER 2824 INT 0 COLONIA IZTACCIHUATL 03520,COLONIA,IZTACCIHUATL,03520,1,09,CIUDAD DE MÉXICO,014,Benito Juárez,0001,Benito Juárez,0312,009,09014,0901400010312,0901400010312009,19.3904203,-99.13397437,1,5543846717,,LASPALOMASDELPILAR.WIX.COM/PALOMASDELPILAS-DEL-PILAR,Fijo,2014-12,2014,12,2020,11,2020-11
954093,,CASA DEL ACTOR IAP MARIO MORENO,CASA DEL ACTOR IAP MARIO MORENO,,623312,Asilos y otras residencias del sector público para el cuidado de ancianos,servicio_adulto_mayor,residencia_cuidado,publico,0,0,0,1,0,,codigo_scian,0,,0,31 a 50 personas,CALLE,TIZIANO,34,,,,CALLE TIZIANO 34 COLONIA MIXCOAC 03910,COLONIA,MIXCOAC,03910,1,09,CIUDAD DE MÉXICO,014,Benito Juárez,0001,Benito Juárez,0685,004,09014,0901400010685,0901400010685004,19.37380107,-99.19044673,1,,casadelactor@hotmail.com,,Fijo,2010-07,2010,07,2020,11,2020-11
954990,,CASA HOGAR CENTRO DE ATENCION GERIATRICA,CASA HOGAR CENTRO DE ATENCION GERIATRICA,,623311,Asilos y otras residencias del sector privado para el cuidado de ancianos,servicio_adulto_mayor,residencia_cuidado,privado,0,0,0,1,1,GERIATR,codigo_scian_y_palabra_clave,0,,0,11 a 30 personas,CALLE,ACORDADA,62,,,,CALLE ACORDADA 62 COLONIA SAN JOSE INSURGENTES 03900,COLONIA,SAN JOSE INSURGENTES,03900,1,09,CIUDAD DE MÉXICO,014,Benito Juárez,0001,Benito Juárez,0897,017,09014,0901400010897,0901400010897017,19.36862722,-99.18357508,1,5555982472,padillageriatria@yahoo.com.mx,ATENCIONGERIATRICA.MX,Fijo,2010-07,2010,07,2020,11,2020-11
959818,,CASA HOGAR UNGRANITO DE ARENA,CASA HOGAR UNGRANITO DE ARENA,"CASA HOGAR UN GIGANTE DE ARENA, AC",623311,Asilos y otras residencias del sector privado para el cuidado de ancianos,servicio_adulto_mayor,residencia_cuidado,privado,0,0,0,1,0,,codigo_scian,0,,0,31 a 50 personas,CALLE,NICOLAS SAN JUAN,515,,,,CALLE NICOLAS SAN JUAN 515 COLONIA DEL VALLE 03020,COLONIA,DEL VALLE,03020,1,09,CIUDAD DE MÉXICO,014,Benito Juárez,0001,Benito Juárez,0257,023,09014,0901400010257,0901400010257023,19.39365802,-99.161182,1,,,,Fijo,2010-07,2010,07,2020,11,2020-11
982646,,CENTRO CULTURAL DE LA TERCERA EDAD ALHAMBRA,CENTRO CULTURAL DE LA TERCERA EDAD ALHAMBRA,INSTITUTO NACIONAL DE LAS PERSONAS ADULTAS MAYORES INAPAM,624122,Centros del sector público dedicados a la atención y cuidado diurno de ancianos y discapacitados,servicio_adulto_mayor,centro_cuidado_diurno,publico,0,0,0,1,1,ADULTAS MAYORES|INAPAM|TERCERA EDAD,codigo_scian_y_palabra_clave,0,,0,6 a 10 personas,CALLE,ALHAMBRA,1113,,,,CALLE ALHAMBRA 1113 COLONIA PORTALES SUR 03300,COLONIA,PORTALES SUR,03300,1,09,CIUDAD DE MÉXICO,014,Benito Juárez,0001,Benito Juárez,101A,017,09014,090140001101A,090140001101A017,19.35882501,-99.14529177,1,5556728301,,,Fijo,2010-07,2010,07,2020,11,2020-11
961672,,CENTRO CULTURAL PARA ADULTOS MAYORES INAPAM CUAUHTEMOC,CENTRO CULTURAL PARA ADULTOS MAYORES INAPAM CUAUHTEMOC,INAPAM,711312,"Promotores del sector público de espectáculos artísticos, culturales, deportivos y similares que cuentan con instalaciones para presentarlos",servicio_adulto_mayor,otro_con_mencion_adulto_mayor,no_determinado,0,0,0,1,1,ADULTOS MAYORES|INAPAM,palabra_clave,1,palabra_clave_sin_codigo_scian_directo,0,11 a 30 personas,EJE VIAL,1 PONIENTE (AVENIDA CUAUHTEMOC),956,,,,EJE VIAL 1 PONIENTE (AVENIDA CUAUHTEMOC) 956 COLONIA NARVARTE PONIENTE 03020,COLONIA,NARVARTE PONIENTE,03020,1,09,CIUDAD DE MÉXICO,014,Benito Juárez,0001,Benito Juárez,0420,011,09014,0901400010420,0901400010420011,19.38402439,-99.15753968,1,,,,Fijo,2010-07,2010,07,2020,11,2020-11
955886,,CENTRO CULTURAL SAN FRANCISCO INAPAM,CENTRO CULTURAL SAN FRANCISCO INAPAM,CENTRO CULTURAL SAN FRANCISCO INAPAM SEDESOL,711312,"Promotores del sector público de espectáculos artísticos, culturales, deportivos y similares que cuentan con instalaciones para presentarlos",servicio_adulto_mayor,otro_con_mencion_adulto_mayor,no_determinado,0,0,0,1,1,INAPAM,palabra_clave,1,palabra_clave_sin_codigo_scian_directo,0,31 a 50 personas,CALLE,SAN FRANCISCO,1809,,0,,CALLE SAN FRANCISCO 1809 INT 0 COLONIA ACTIPAN 03230,COLONIA,ACTIPAN,03230,1,09,CIUDAD DE MÉXICO,014,Benito Juárez,0001,Benito Juárez,0929,008,09014,0901400010929,0901400010929008,19.36806206,-99.17690991,1,5555349597,centroculturalsanfraancisco_inapam@live.com,,Fijo,2010-07,2010,07,2020,11,2020-11
963028,,CENTRO DE ESTUDIOS Y APOYO AL ADULTO MAYOR,CENTRO DE ESTUDIOS Y APOYO AL ADULTO MAYOR,DIRECCIÓN PRESTACIONES ECONÓMICAS Y SERVICIOS EDUCATIVOS,624312,"Servicios de capacitación para el trabajo prestados por el sector público para personas desempleadas, subempleadas o discapacitadas",servicio_adulto_mayor,otro_con_mencion_adulto_mayor,no_determinado,0,0,0,1,1,ADULTO MAYOR,palabra_clave,1,palabra_clave_sin_codigo_scian_directo,0,6 a 10 personas,CALLE,PALENQUE,57,,0,,CALLE PALENQUE 57 INT 0 COLONIA DIAGONAL SAN ANTONIO 03023,COLONIA,DIAGONAL SAN ANTONIO,03023,1,09,CIUDAD DE MÉXICO,014,Benito Juárez,0001,Benito Juárez,0083,002,09014,0901400010083,0901400010083002,19.39659289,-99.15174674,1,,mcvarela@issste.gob.mx,,Fijo,2010-07,2010,07,2020,11,2020-11
8616925,,CLINICA DEL ENCUENTRO,CLINICA DEL ENCUENTRO,CLINICA DEL ENCUENTRO SA DE CV,623311,Asilos y otras residencias del sector privado para el cuidado de ancianos,servicio_adulto_mayor,residencia_cuidado,privado,0,0,0,1,0,,codigo_scian,0,,0,31 a 50 personas,CALLE,SAN LORENZO,806,,,,CALLE SAN LORENZO 806 COLONIA DEL VALLE 03100,COLONIA,DEL VALLE,03100,1,09,CIUDAD DE MÉXICO,014,Benito Juárez,0001,Benito Juárez,0755,013,09014,0901400010755,0901400010755013,19.37325901,-99.16714308,1,,rebeca@laclinicadelencuentro.com,,Fijo,2019-11,2019,11,2020,11,2020-11
902939,,CONSULTORIO DE GERIATRÍA,CONSULTORIO DE GERIATRIA,,621113,Consultorios de medicina especializada del sector privado,servicio_adulto_mayor,otro_con_mencion_adulto_mayor,no_determinado,0,0,0,1,1,GERIATR,palabra_clave,1,palabra_clave_sin_codigo_scian_directo,0,0 a 5 personas,CALLE,AGUSTIN GONZALEZ DE COSSIO,353,,401,,CALLE AGUSTIN GONZALEZ DE COSSIO 353 INT 401 COLONIA DEL VALLE CENTRO 03100,COLONIA,DEL VALLE CENTRO,03100,1,09,CIUDAD DE MÉXICO,014,Benito Juárez,0001,Benito Juárez,0399,005,09014,0901400010399,0901400010399005,19.38864608,-99.17030121,1,5554332448,consultoriogcossio@hotmail.com,,Fijo,2014-12,2014,12,2020,11,2020-11
934690,,ESTANCIA DE ANCIANOS NUESTRA SEÑORA DE GUADALUPE,ESTANCIA DE ANCIANOS NUESTRA SENORA DE GUADALUPE,ESTANCIA DE ANCIANOS NUESTRA SEÑORA DE GUADALUPE AC,623311,Asilos y otras residencias del sector privado para el cuidado de ancianos,servicio_adulto_mayor,residencia_cuidado,privado,0,0,0,1,1,ANCIANO|ANCIANOS,codigo_scian_y_palabra_clave,0,,0,6 a 10 personas,CALLE,CALLE DEL ANGEL,43,,,,CALLE CALLE DEL ANGEL 43 COLONIA SAN JOSE INSURGENTES 03900,COLONIA,SAN JOSE INSURGENTES,03900,1,09,CIUDAD DE MÉXICO,014,Benito Juárez,0001,Benito Juárez,090A,020,09014,090140001090A,090140001090A020,19.36763399,-99.18407922,1,5555982492,estancia2002@gmail.com,,Fijo,2014-12,2014,12,2020,11,2020-11
902257,,FUNDACION CENTILA AC,FUNDACION CENTILA AC,,624121,Centros del sector privado dedicados a la atención y cuidado diurno de ancianos y discapacitados,servicio_adulto_mayor,centro_cuidado_diurno,privado,0,0,0,1,0,,codigo_scian,0,,0,6 a 10 personas,EJE VIAL,3 PONIENTE (MEDELLIN),381,,102,,EJE VIAL 3 PONIENTE (MEDELLIN) 381 INT 102 COLONIA DEL VALLE NORTE 03103,COLONIA,DEL VALLE NORTE,03103,1,09,CIUDAD DE MÉXICO,014,Benito Juárez,0001,Benito Juárez,005A,015,09014,090140001005A,090140001005A015,19.40193122,-99.16226018,1,,,,Fijo,2014-12,2014,12,2020,11,2020-11
8539636,,FUNDACION DE ASISTENCIA AL DISCAPACITADO LILIAN,FUNDACION DE ASISTENCIA AL DISCAPACITADO LILIAN,FUNDACION DE ASISTENCIA AL DISCAPACITADO LILIAN AC,624121,Centros del sector privado dedicados a la atención y cuidado diurno de ancianos y discapacitados,servicio_adulto_mayor,centro_cuidado_diurno,privado,0,0,0,1,0,,codigo_scian,0,,0,0 a 5 personas,AVENIDA,REPUBLICAS,37,,,,AVENIDA REPUBLICAS 37 COLONIA MIRAMAR 03580,COLONIA,MIRAMAR,03580,1,09,CIUDAD DE MÉXICO,014,Benito Juárez,0001,Benito Juárez,1024,008,09014,0901400011024,0901400011024008,19.36284526,-99.14100079,1,,,,Fijo,2019-11,2019,11,2020,11,2020-11
8386790,,GYM VIENA,GYM VIENA,GYM VIENA,624121,Centros del sector privado dedicados a la atención y cuidado diurno de ancianos y discapacitados,servicio_adulto_mayor,centro_cuidado_diurno,privado,0,0,0,1,0,,codigo_scian,0,,0,0 a 5 personas,AVENIDA,DIAGONAL SAN ANTONIO,1529,,0,SN,AVENIDA DIAGONAL SAN ANTONIO 1529 INT 0 SN COLONIA NARVARTE PONIENTE 03020,COLONIA,NARVARTE PONIENTE,03020,1,09,CIUDAD DE MÉXICO,014,Benito Juárez,0001,Benito Juárez,0083,001,09014,0901400010083,0901400010083001,19.39778341,-99.15257177,1,,,,Fijo,2019-11,2019,11,2020,11,2020-11
870463,,INAPAM,INAPAM,INSTITUTO NACIONAL DE LAS PERSONAS ADULTAS MAYORES,624122,Centros del sector público dedicados a la atención y cuidado diurno de ancianos y discapacitados,servicio_adulto_mayor,centro_cuidado_diurno,publico,0,0,0,1,1,ADULTAS MAYORES|INAPAM,codigo_scian_y_palabra_clave,0,,0,11 a 30 personas,CALLE,CONCEPCION BEISTEGUI,14,,,,CALLE CONCEPCION BEISTEGUI 14 COLONIA DEL VALLE NORTE 03100,COLONIA,DEL VALLE NORTE,03100,1,09,CIUDAD DE MÉXICO,014,Benito Juárez,0001,Benito Juárez,0223,002,09014,0901400010223,0901400010223002,19.39109791,-99.17286365,1,5556876293,comunicananapa@gmail.com,WWW.INAPAN.GOB.MX,Fijo,2010-07,2010,07,2020,11,2020-11
962899,,INAPAM,INAPAM,INSTITUTO NACIONAL DE LAS PERSONAS ADULTAS MAYORES,931610,Actividades administrativas de instituciones de bienestar social,servicio_adulto_mayor,otro_con_mencion_adulto_mayor,no_determinado,0,0,0,1,1,ADULTAS MAYORES|INAPAM,palabra_clave,1,palabra_clave_sin_codigo_scian_directo,0,51 a 100 personas,AVENIDA,UNIVERSIDAD,150,,,,AVENIDA UNIVERSIDAD 150 COLONIA NARVARTE ORIENTE 03023,COLONIA,NARVARTE ORIENTE,03023,1,09,CIUDAD DE MÉXICO,014,Benito Juárez,0001,Benito Juárez,0100,003,09014,0901400010100,0901400010100003,19.39304805,-99.15009075,1,5556692633,,,Fijo,2010-07,2010,07,2020,11,2020-11
961787,,INAPAM INSTITUTO NACIONAL DE LAS PERSONAS ADULTAS MAYORES,INAPAM INSTITUTO NACIONAL DE LAS PERSONAS ADULTAS MAYORES,INSTITUTO NACIONAL DE LASPERSONAS ADULTAS MAYORES,931610,Actividades administrativas de instituciones de bienestar social,servicio_adulto_mayor,otro_con_mencion_adulto_mayor,no_determinado,0,0,0,1,1,ADULTAS MAYORES|INAPAM,palabra_clave,1,palabra_clave_sin_codigo_scian_directo,0,0 a 5 personas,CALLE,PETEN,419,,0,,CALLE PETEN 419 INT 0 COLONIA VERTIZ NARVARTE 03020,COLONIA,VERTIZ NARVARTE,03020,1,09,CIUDAD DE MÉXICO,014,Benito Juárez,0001,Benito Juárez,044A,001,09014,090140001044A,090140001044A001,19.38351827,-99.15392306,1,,,,Fijo,2010-07,2010,07,2020,11,2020-11
8392103,,INSTITUTO NACIONAL DE LAS PERSONAS ADULTAS MAYORES,INSTITUTO NACIONAL DE LAS PERSONAS ADULTAS MAYORES,GOBIERNO DE LA CIUDAD DE MEXICO,931610,Actividades administrativas de instituciones de bienestar social,servicio_adulto_mayor,otro_con_mencion_adulto_mayor,no_determinado,0,0,0,1,1,ADULTAS MAYORES,palabra_clave,1,palabra_clave_sin_codigo_scian_directo|posible_duplicado_mismo_nombre_y_coordenadas,1,11 a 30 personas,AVENIDA,DOCTOR JOSE MARIA VERTIZ,1414,,,,AVENIDA DOCTOR JOSE MARIA VERTIZ 1414 COLONIA PORTALES NORTE 03300,COLONIA,PORTALES NORTE,03300,1,09,CIUDAD DE MÉXICO,014,Benito Juárez,0001,Benito Juárez,0774,025,09014,0901400010774,0901400010774025,19.37069678,-99.15484185,1,,,,Fijo,2019-11,2019,11,2020,11,2020-11
955372,,INSTITUTO NACIONAL DE LAS PERSONAS ADULTAS MAYORES,INSTITUTO NACIONAL DE LAS PERSONAS ADULTAS MAYORES,GOBIERNO,931610,Actividades administrativas de instituciones de bienestar social,servicio_adulto_mayor,otro_con_mencion_adulto_mayor,no_determinado,0,0,0,1,1,ADULTAS MAYORES,palabra_clave,1,palabra_clave_sin_codigo_scian_directo,0,11 a 30 personas,CALLE,YACATAS,110,,,SN,CALLE YACATAS 110 INT SN COLONIA NARVARTE PONIENTE 03020,COLONIA,NARVARTE PONIENTE,03020,1,09,CIUDAD DE MÉXICO,014,Benito Juárez,0001,Benito Juárez,0079,020,09014,0901400010079,0901400010079020,19.39758613,-99.15506371,1,5555193305,,,Fijo,2010-07,2010,07,2020,11,2020-11
967351,,INSTITUTO NACIONAL DE LAS PERSONAS ADULTAS MAYORES,INSTITUTO NACIONAL DE LAS PERSONAS ADULTAS MAYORES,GOBIERNO DE LA CIUDAD DE MEXICO,931610,Actividades administrativas de instituciones de bienestar social,servicio_adulto_mayor,otro_con_mencion_adulto_mayor,no_determinado,0,0,0,1,1,ADULTAS MAYORES,palabra_clave,1,palabra_clave_sin_codigo_scian_directo|posible_duplicado_mismo_nombre_y_coordenadas,1,11 a 30 personas,AVENIDA,DOCTOR JOSE MARIA VERTIZ,1474,,,,AVENIDA DOCTOR JOSE MARIA VERTIZ 1474 COLONIA PORTALES NORTE 03300,COLONIA,PORTALES NORTE,03300,1,09,CIUDAD DE MÉXICO,014,Benito Juárez,0001,Benito Juárez,0774,025,09014,0901400010774,0901400010774025,19.37069678,-99.15484185,1,,,,Fijo,2010-07,2010,07,2020,11,2020-11
901816,,MUJERES ILUSTRES DE LA TERCERA EDAD SIGLO XXI ASOCIACION CIVIL,MUJERES ILUSTRES DE LA TERCERA EDAD SIGLO XXI ASOCIACION CIVIL,MUJERES ILUSTRES DE LA TERCERA EDAD SIGLO XXI ASOCIACION CIVIL SC,463211,"Comercio al por menor de ropa, excepto de bebé y lencería",servicio_adulto_mayor,otro_con_mencion_adulto_mayor,no_determinado,0,0,0,1,1,TERCERA EDAD,palabra_clave,1,palabra_clave_sin_codigo_scian_directo,0,0 a 5 personas,AVENIDA,DOCTOR JOSE MARIA VERTIZ,543,,13,,AVENIDA DOCTOR JOSE MARIA VERTIZ 543 INT 13 COLONIA NARVARTE ORIENTE 03023,COLONIA,NARVARTE ORIENTE,03023,1,09,CIUDAD DE MÉXICO,014,Benito Juárez,0001,Benito Juárez,0079,007,09014,0901400010079,0901400010079007,19.40160769,-99.15075399,1,,,,Fijo,2014-12,2014,12,2020,11,2020-11
6697743,,OLAB NARVARTE-GERIATRIA,OLAB NARVARTE GERIATRIA,ESTUDIOS CLINICOS DR. T.J. ORIARD SA DE CV,621511,Laboratorios médicos y de diagnóstico del sector privado,servicio_adulto_mayor,otro_con_mencion_adulto_mayor,no_determinado,0,0,0,1,1,GERIATR,palabra_clave,1,palabra_clave_sin_codigo_scian_directo,0,0 a 5 personas,CALLE,ISABEL LOZANO VIUDA DE BETTY,127,,0,,CALLE ISABEL LOZANO VIUDA DE BETTY 127 INT 0 COLONIA VERTIZ NARVARTE 03600,COLONIA,VERTIZ NARVARTE,03600,1,09,CIUDAD DE MÉXICO,014,Benito Juárez,0001,Benito Juárez,0632,036,09014,0901400010632,0901400010632036,19.37904784,-99.15162127,1,,guillermo.velazquez@olab.com.mx,WWW.OLAB.COM.MX,Fijo,2016-01,2016,01,2020,11,2020-11
933786,,ORGANO INTERNO DE CONTROL,ORGANO INTERNO DE CONTROL,SECRETARIA DE FUNCIÓN PÚBLICA-INAPAM,931210,Administración pública en general,servicio_adulto_mayor,otro_con_mencion_adulto_mayor,no_determinado,0,0,0,1,1,INAPAM,palabra_clave,1,palabra_clave_sin_codigo_scian_directo,0,11 a 30 personas,CALLE,SAN FRANCISCO,1825,,0,,CALLE SAN FRANCISCO 1825 INT 0 COLONIA ACTIPAN 03230,COLONIA,ACTIPAN,03230,1,09,CIUDAD DE MÉXICO,014,Benito Juárez,0001,Benito Juárez,0929,008,09014,0901400010929,0901400010929008,19.36781638,-99.17697249,1,5555247868,,,Fijo,2014-12,2014,12,2020,11,2020-11
962253,,RESIDENCIA DE DIA MITLA,RESIDENCIA DE DIA MITLA,INAPAM INP 780922,624122,Centros del sector público dedicados a la atención y cuidado diurno de ancianos y discapacitados,servicio_adulto_mayor,centro_cuidado_diurno,publico,0,0,0,1,1,INAPAM,codigo_scian_y_palabra_clave,0,,0,11 a 30 personas,CALLE,MITLA,73,,,,CALLE MITLA 73 COLONIA NARVARTE ORIENTE 03020,COLONIA,NARVARTE ORIENTE,03020,1,09,CIUDAD DE MÉXICO,014,Benito Juárez,0001,Benito Juárez,0098,012,09014,0901400010098,0901400010098012,19.39714671,-99.14958299,1,,,,Fijo,2010-07,2010,07,2020,11,2020-11
955353,,RESIDENCIA LOS ANGELES,RESIDENCIA LOS ANGELES,,623311,Asilos y otras residencias del sector privado para el cuidado de ancianos,servicio_adulto_mayor,residencia_cuidado,privado,0,0,0,1,0,,codigo_scian,0,,0,6 a 10 personas,CALLE,UXMAL,103,,,,CALLE UXMAL 103 COLONIA NARVARTE PONIENTE 03020,COLONIA,NARVARTE PONIENTE,03020,1,09,CIUDAD DE MÉXICO,014,Benito Juárez,0001,Benito Juárez,0079,020,09014,0901400010079,0901400010079020,19.39771758,-99.1544334,1,5555387253,,,Fijo,2010-07,2010,07,2020,11,2020-11
6317831,,RESIDENCIA VILLAZUL,RESIDENCIA VILLAZUL,OPERADORA DE RESIDENCIAS SAPI DE CV,623311,Asilos y otras residencias del sector privado para el cuidado de ancianos,servicio_adulto_mayor,residencia_cuidado,privado,0,0,0,1,0,,codigo_scian,0,,0,101 a 250 personas,CALLE,LA MORENA,415,,,,CALLE LA MORENA 415 COLONIA DEL VALLE NORTE 03103,COLONIA,DEL VALLE NORTE,03103,1,09,CIUDAD DE MÉXICO,014,Benito Juárez,0001,Benito Juárez,005A,003,09014,090140001005A,090140001005A003,19.39875475,-99.16214724,1,,gteadmvo@villazul.com.mx,WWW.VILLAZUL.COM.MX,Fijo,2010-07,2010,07,2020,11,2020-11
8489265,,SOCIEDAD NACIONAL DE PROFESIONALES ESPECIALIZADOS EN LA ATENCION DEL ADULTO MAYOR,SOCIEDAD NACIONAL DE PROFESIONALES ESPECIALIZADOS EN LA ATENCION DEL ADULTO MAYOR,SONAPAM AC,813230,Asociaciones y organizaciones civiles,servicio_adulto_mayor,otro_con_mencion_adulto_mayor,no_determinado,0,0,0,1,1,ADULTO MAYOR,palabra_clave,1,palabra_clave_sin_codigo_scian_directo|posible_duplicado_mismo_nombre_y_coordenadas,1,11 a 30 personas,CALLE,SORIA,191,,,D,CALLE SORIA 191 INT D COLONIA ALAMOS 03400,COLONIA,ALAMOS,03400,1,09,CIUDAD DE MÉXICO,014,Benito Juárez,0001,Benito Juárez,0134,018,09014,0901400010134,0901400010134018,19.39699172,-99.13799532,1,,tpgmarthavazquez@msm.com,,Fijo,2019-11,2019,11,2020,11,2020-11
9131000,,SOCIEDAD NACIONAL DE PROFESIONALES ESPECIALIZADOS EN LA ATENCION DEL ADULTO MAYOR,SOCIEDAD NACIONAL DE PROFESIONALES ESPECIALIZADOS EN LA ATENCION DEL ADULTO MAYOR,SONAPAM AC,813230,Asociaciones y organizaciones civiles,servicio_adulto_mayor,otro_con_mencion_adulto_mayor,no_determinado,0,0,0,1,1,ADULTO MAYOR,palabra_clave,1,palabra_clave_sin_codigo_scian_directo|posible_duplicado_mismo_nombre_y_coordenadas,1,0 a 5 personas,CALLE,SORIA,191,,,D,CALLE SORIA 191 INT D COLONIA ALAMOS 03400,COLONIA,ALAMOS,03400,1,09,CIUDAD DE MÉXICO,014,Benito Juárez,0001,Benito Juárez,0134,018,09014,0901400010134,0901400010134018,19.39699172,-99.13799532,1,,tpgmarthavazquez@msn.com,,Fijo,2019-11,2019,11,2020,11,2020-11
8539484,,SOY ABUELO ASILO DE ANCIANOS,SOY ABUELO ASILO DE ANCIANOS,HOSPITAL UNIVERSIDAD SC,623311,Asilos y otras residencias del sector privado para el cuidado de ancianos,servicio_adulto_mayor,residencia_cuidado,privado,0,0,0,1,1,ANCIANO|ANCIANOS,codigo_scian_y_palabra_clave,0,,0,6 a 10 personas,CALLE,XOCHICALCO,368,,,,CALLE XOCHICALCO 368 COLONIA NARVARTE PONIENTE 03020,COLONIA,NARVARTE PONIENTE,03020,1,09,CIUDAD DE MÉXICO,014,Benito Juárez,0001,Benito Juárez,0261,012,09014,0901400010261,0901400010261012,19.388202,-99.15441597,1,,,,Fijo,2019-11,2019,11,2020,11,2020-11
965563,,UNIVERSIDAD DE LA TERCERA EDAD,UNIVERSIDAD DE LA TERCERA EDAD,DELEGACIÓN BENITO JUÁREZ,611312,Escuelas de educación superior del sector público,servicio_adulto_mayor,otro_con_mencion_adulto_mayor,no_determinado,0,0,0,1,1,TERCERA EDAD,palabra_clave,1,palabra_clave_sin_codigo_scian_directo,0,51 a 100 personas,EJE VIAL,CENTRAL (LAZARO CARDENAS),818,,,,EJE VIAL CENTRAL (LAZARO CARDENAS) 818 COLONIA NIÑOS HEROES DE CHAPULTEPEC 03440,COLONIA,NIÑOS HEROES DE CHAPULTEPEC,03440,1,09,CIUDAD DE MÉXICO,014,Benito Juárez,0001,Benito Juárez,0473,013,09014,0901400010473,0901400010473013,19.38602421,-99.14705937,1,55908901,,,Fijo,2010-07,2010,07,2020,11,2020-11
989049,,ALBERGUE GEMELOS,ALBERGUE GEMELOS,INSTITUTO NACIONAL DE LAS PERSONAS ADULTAS MAYORES INAPAM,623312,Asilos y otras residencias del sector público para el cuidado de ancianos,servicio_adulto_mayor,residencia_cuidado,publico,0,0,0,1,1,ADULTAS MAYORES|INAPAM,codigo_scian_y_palabra_clave,0,,0,11 a 30 personas,CALLE,GEMELOS,14,,,14 Y 10,CALLE GEMELOS 14 INT 14 Y 10 COLONIA PRADO CHURUBUSCO 04230,COLONIA,PRADO CHURUBUSCO,04230,1,09,CIUDAD DE MÉXICO,003,Coyoacán,0001,Coyoacán,0094,013,09003,0900300010094,0900300010094013,19.35799375,-99.12886995,1,,,WWW.INAPAM.GOB.MX,Fijo,2010-07,2010,07,2020,11,2020-11
7717707,,ASILO DE ANCIANOS ARBOL DE VIDA,ASILO DE ANCIANOS ARBOL DE VIDA,,623311,Asilos y otras residencias del sector privado para el cuidado de ancianos,servicio_adulto_mayor,residencia_cuidado,privado,0,0,0,1,1,ANCIANO|ANCIANOS,codigo_scian_y_palabra_clave,0,,0,6 a 10 personas,CALLEJON,IXPANTENCO,50,,,,CALLEJON IXPANTENCO 50 COLONIA PUEBLO LOS REYES 04330,COLONIA,PUEBLO LOS REYES,04330,1,09,CIUDAD DE MÉXICO,003,Coyoacán,0001,Coyoacán,0450,016,09003,0900300010450,0900300010450016,19.34209028,-99.1554233,1,5554139686,asiloarboldevida@gmail.com,WWW.ASILOARBOLDEVIDA.COM,Fijo,2019-11,2019,11,2020,11,2020-11
7706233,,ASILO DE ANCIANOS LOS MILAGROS DE JESUS,ASILO DE ANCIANOS LOS MILAGROS DE JESUS,ASILO DE ANCIANOS LOS MILAGROS DE JESUS AC,813230,Asociaciones y organizaciones civiles,servicio_adulto_mayor,otro_con_mencion_adulto_mayor,no_determinado,0,0,0,1,1,ANCIANO|ANCIANOS,palabra_clave,1,palabra_clave_sin_codigo_scian_directo,0,6 a 10 personas,CALLE,CERRO TEZOYO,8,,,,CALLE CERRO TEZOYO 8 COLONIA CAMPESTRE CHURUBUSCO 04200,COLONIA,CAMPESTRE CHURUBUSCO,04200,1,09,CIUDAD DE MÉXICO,003,Coyoacán,0001,Coyoacán,0183,019,09003,0900300010183,0900300010183019,19.34454287,-99.13627067,1,,,,Fijo,2019-11,2019,11,2020,11,2020-11
9111333,,ASILO PARA ADULTOS MAYORES SIN NOMBRE,ASILO PARA ADULTOS MAYORES SIN NOMBRE,,623311,Asilos y otras residencias del sector privado para el cuidado de ancianos,servicio_adulto_mayor,residencia_cuidado,privado,0,0,0,1,1,ADULTOS MAYORES,codigo_scian_y_palabra_clave,0,,0,0 a 5 personas,CALLE,OTOMIES,452,,,,CALLE OTOMIES 452 COLONIA PEDREGAL DE SANTA URSULA 04600,COLONIA,PEDREGAL DE SANTA URSULA,04600,1,09,CIUDAD DE MÉXICO,003,Coyoacán,0001,Coyoacán,0963,023,09003,0900300010963,0900300010963023,19.3119384,-99.16260996,1,,,,Fijo,2019-11,2019,11,2020,11,2020-11
8387277,,CASA DE JUBILADOS PEDRO ROMERO DE TERREROS,CASA DE JUBILADOS PEDRO ROMERO DE TERREROS,FUNDACION CONCEPCION BEISTEGUI,624122,Centros del sector público dedicados a la atención y cuidado diurno de ancianos y discapacitados,servicio_adulto_mayor,centro_cuidado_diurno,publico,0,0,0,1,0,,codigo_scian,0,,0,0 a 5 personas,CALLE,EPSILON,228,,,,CALLE EPSILON 228 COLONIA ROMERO DE TERREROS 04310,COLONIA,ROMERO DE TERREROS,04310,1,09,CIUDAD DE MÉXICO,003,Coyoacán,0001,Coyoacán,0272,034,09003,0900300010272,0900300010272034,19.3437573,-99.17329041,1,5541844193,,WWW.FUNDACIONPARAANCIANOSCONCEPCIONBEISTEGUI.COM,Fijo,2019-11,2019,11,2020,11,2020-11
906810,,CASA DE LA TERCERA EDAD,CASA DE LA TERCERA EDAD,GOBIERNO DE LA CDMX ALCALDIA DE COYOACAN,624122,Centros del sector público dedicados a la atención y cuidado diurno de ancianos y discapacitados,servicio_adulto_mayor,centro_cuidado_diurno,publico,0,0,0,1,1,TERCERA EDAD,codigo_scian_y_palabra_clave,0,,0,11 a 30 personas,PRIVADA,QUINTO CALLEJON HUAYAMILPAS,,SN,,,PRIVADA QUINTO CALLEJON HUAYAMILPAS SN COLONIA ADOLFO RUIZ CORTINES 04360,COLONIA,ADOLFO RUIZ CORTINES,04360,1,09,CIUDAD DE MÉXICO,003,Coyoacán,0001,Coyoacán,0662,048,09003,0900300010662,0900300010662048,19.32398709,-99.14814232,1,,,,Fijo,2014-12,2014,12,2020,11,2020-11
7924101,,CASA DE REPOSO FARO MEXICO,CASA DE REPOSO FARO MEXICO,CASA DE REPOSO FAVO MEXICO AC,623311,Asilos y otras residencias del sector privado para el cuidado de ancianos,servicio_adulto_mayor,residencia_cuidado,privado,0,0,0,1,0,,codigo_scian,0,,0,0 a 5 personas,EJE VIAL,1 ORIENTE (AVENIDA CANAL DE MIRAMONTES),2158,,,,EJE VIAL 1 ORIENTE (AVENIDA CANAL DE MIRAMONTES) 2158 COLONIA AVANTE 04460,COLONIA,AVANTE,04460,1,09,CIUDAD DE MÉXICO,003,Coyoacán,0001,Coyoacán,0713,053,09003,0900300010713,0900300010713053,19.33207561,-99.13678147,1,,,WWW.CASADEREPOSOFAROMEXICO.COM.MX,Fijo,2019-11,2019,11,2020,11,2020-11
7924102,,CASA DE REPOSO FARO MEXICO,CASA DE REPOSO FARO MEXICO,CASA DE REPOSO FARO MEXICO AC,623311,Asilos y otras residencias del sector privado para el cuidado de ancianos,servicio_adulto_mayor,residencia_cuidado,privado,0,0,0,1,0,,codigo_scian,0,,0,0 a 5 personas,PRIVADA,RETORNO 28,6,,,,PRIVADA RETORNO 28 6 COLONIA AVANTE 04460,COLONIA,AVANTE,04460,1,09,CIUDAD DE MÉXICO,003,Coyoacán,0001,Coyoacán,0713,001,09003,0900300010713,0900300010713001,19.33026374,-99.13096356,1,,,WWW.CASADEREPOSOFAROMEXICO.COM.MX,Fijo,2019-11,2019,11,2020,11,2020-11
6316603,,CASA DE REPOSO PARA ANCIANOS,CASA DE REPOSO PARA ANCIANOS,ASOCIACION FRANCO MEXICANA SUIZA Y BELGA DE BENEFICENCIA IAP,623311,Asilos y otras residencias del sector privado para el cuidado de ancianos,servicio_adulto_mayor,residencia_cuidado,privado,0,0,0,1,1,ANCIANO|ANCIANOS,codigo_scian_y_palabra_clave,0,,0,31 a 50 personas,CALLE,AYUNTAMIENTO,43,,0,,CALLE AYUNTAMIENTO 43 INT 0 COLONIA COYOACAN 04000,COLONIA,COYOACAN,04000,1,09,CIUDAD DE MÉXICO,003,Coyoacán,0001,Coyoacán,0130,019,09003,0900300010130,0900300010130019,19.35108956,-99.16797307,1,,casa_reposo_coyoacan@hotmail.com,,Fijo,2010-07,2010,07,2020,11,2020-11
972412,,CASA DE REPOSO PARA PERSONAS DE LA TERCERA EL PARAISO DEL ABUELO AC,CASA DE REPOSO PARA PERSONAS DE LA TERCERA EL PARAISO DEL ABUELO AC,,623311,Asilos y otras residencias del sector privado para el cuidado de ancianos,servicio_adulto_mayor,residencia_cuidado,privado,0,0,0,1,0,,codigo_scian,0,,0,6 a 10 personas,CALLE,AVENIDA 3,,SN,,,CALLE AVENIDA 3 SN COLONIA EDUCACION 04400,COLONIA,EDUCACION,04400,1,09,CIUDAD DE MÉXICO,003,Coyoacán,0001,Coyoacán,0499,001,09003,0900300010499,0900300010499001,19.33610695,-99.13677623,1,5555446252,,,Fijo,2010-07,2010,07,2020,11,2020-11
909172,,CASA DEL ADULTO MAYOR,CASA DEL ADULTO MAYOR,,621331,Consultorios de psicología del sector privado,servicio_adulto_mayor,otro_con_mencion_adulto_mayor,no_determinado,0,0,0,1,1,ADULTO MAYOR,palabra_clave,1,palabra_clave_sin_codigo_scian_directo,0,0 a 5 personas,CALLE,ROSARIO CASTELLANOS,,SN,,,CALLE ROSARIO CASTELLANOS SN UNIDAD HABITACIONAL CTM CULHUACAN 04909,UNIDAD HABITACIONAL,CTM CULHUACAN,04909,1,09,CIUDAD DE MÉXICO,003,Coyoacán,0001,Coyoacán,1478,002,09003,0900300011478,0900300011478002,19.31760135,-99.10381722,1,,,,Fijo,2014-12,2014,12,2020,11,2020-11
9072976,,CASA DEL ADULTO MAYOR ANGELES DE LOS REYES,CASA DEL ADULTO MAYOR ANGELES DE LOS REYES,SECRETARIA DE DESARROLLO SOCIAL,624122,Centros del sector público dedicados a la atención y cuidado diurno de ancianos y discapacitados,servicio_adulto_mayor,centro_cuidado_diurno,publico,0,0,0,1,1,ADULTO MAYOR,codigo_scian_y_palabra_clave,0,,0,11 a 30 personas,CALLE,PLAZUELA DE LOS REYES,,SN,,,CALLE PLAZUELA DE LOS REYES SN COLONIA PUEBLO DE LOS REYES 04330,COLONIA,PUEBLO DE LOS REYES,04330,1,09,CIUDAD DE MÉXICO,003,Coyoacán,0001,Coyoacán,0450,023,09003,0900300010450,0900300010450023,19.33679182,-99.15356819,1,,,,Fijo,2019-11,2019,11,2020,11,2020-11
1060496,,CASA DEL ADULTO MAYOR DE COYOÁCAN,CASA DEL ADULTO MAYOR DE COYOACAN,GOBIERNO DEL DISTRITO FEDERAL,624122,Centros del sector público dedicados a la atención y cuidado diurno de ancianos y discapacitados,servicio_adulto_mayor,centro_cuidado_diurno,publico,0,0,0,1,1,ADULTO MAYOR,codigo_scian_y_palabra_clave,0,,0,0 a 5 personas,CALLE,XICOTENCATL,0,SN,0,,CALLE XICOTENCATL 0 SN INT 0 COLONIA DEL CARMEN 04100,COLONIA,DEL CARMEN,04100,1,09,CIUDAD DE MÉXICO,003,Coyoacán,0001,Coyoacán,0037,009,09003,0900300010037,0900300010037009,19.3530201,-99.16292061,1,,,,Fijo,2010-07,2010,07,2020,11,2020-11
8583374,,CASA DEL ADULTO MAYOR PRADO CHURUBUSCO,CASA DEL ADULTO MAYOR PRADO CHURUBUSCO,GOBIERNO DE LA CIUDAD DE MEXICO ALCALDIA DE COYOACAN,624112,Servicios de orientación y trabajo social para la niñez y la juventud prestados por el sector público,servicio_adulto_mayor,otro_con_mencion_adulto_mayor,no_determinado,0,0,0,1,1,ADULTO MAYOR,palabra_clave,1,palabra_clave_sin_codigo_scian_directo,0,11 a 30 personas,CALLE,NINGUNO,,SN,,,CALLE NINGUNO SN COLONIA PRADO CHURUBUSCO 04230,COLONIA,PRADO CHURUBUSCO,04230,1,09,CIUDAD DE MÉXICO,003,Coyoacán,0001,Coyoacán,0107,054,09003,0900300010107,0900300010107054,19.35165446,-99.12530204,1,,,,Fijo,2019-11,2019,11,2020,11,2020-11
980573,,CASA HOGAR PARA ADULTOS MAYORES BOSTON,CASA HOGAR PARA ADULTOS MAYORES BOSTON,,624121,Centros del sector privado dedicados a la atención y cuidado diurno de ancianos y discapacitados,servicio_adulto_mayor,centro_cuidado_diurno,privado,0,0,0,1,1,ADULTOS MAYORES,codigo_scian_y_palabra_clave,0,,0,6 a 10 personas,CALZADA,CALZADA DE TLALPAN,2493,,,,CALZADA CALZADA DE TLALPAN 2493 COLONIA XOTEPINGO 04610,COLONIA,XOTEPINGO,04610,1,09,CIUDAD DE MÉXICO,003,Coyoacán,0001,Coyoacán,0696,003,09003,0900300010696,0900300010696003,19.32890193,-99.13998997,1,,,,Fijo,2010-07,2010,07,2020,11,2020-11
970518,,CASA PARA ABUELOS,CASA PARA ABUELOS,CASA PARA ABUELOS AC,623311,Asilos y otras residencias del sector privado para el cuidado de ancianos,servicio_adulto_mayor,residencia_cuidado,privado,0,0,0,1,0,,codigo_scian,0,,0,6 a 10 personas,CALLE,CALZADA CANDELARIA,107,,,,CALLE CALZADA CANDELARIA 107 COLONIA ATLANTIDA 04370,COLONIA,ATLANTIDA,04370,1,09,CIUDAD DE MÉXICO,003,Coyoacán,0001,Coyoacán,0304,009,09003,0900300010304,0900300010304009,19.33763408,-99.14684924,1,5555447800,pipe13@live.com.mx,,Fijo,2010-07,2010,07,2020,11,2020-11
978296,,CENTRO COMUNITARIO DE ATENCIÓN INTEGRAL AL ADULTO MAYOR Y SU FAMILIA,CENTRO COMUNITARIO DE ATENCION INTEGRAL AL ADULTO MAYOR Y SU FAMILIA,"CIUDADANOS EDIFICANDO SOLUCIONES, AC",624121,Centros del sector privado dedicados a la atención y cuidado diurno de ancianos y discapacitados,servicio_adulto_mayor,centro_cuidado_diurno,privado,0,0,0,1,1,ADULTO MAYOR,codigo_scian_y_palabra_clave,0,,0,11 a 30 personas,CALLE,CATALINA BUENDIA,,SN,,,CALLE CATALINA BUENDIA SN COLONIA UNIDAD HAB PILOTO CULHUACAN 04480,COLONIA,UNIDAD HAB PILOTO CULHUACAN,04480,1,09,CIUDAD DE MÉXICO,003,Coyoacán,0001,Coyoacán,1336,029,09003,0900300011336,0900300011336029,19.3227372,-99.10932742,1,5555555555,,,Fijo,2014-12,2014,12,2020,11,2020-11
8488869,,CENTRO DE DESARROLLO CREATIVO PARA LA TERCERA EDAD,CENTRO DE DESARROLLO CREATIVO PARA LA TERCERA EDAD,CENTRO DE DESARROLLO CREATIVO PARA LA TERCERA EDAD AC,623311,Asilos y otras residencias del sector privado para el cuidado de ancianos,servicio_adulto_mayor,residencia_cuidado,privado,0,0,0,1,1,TERCERA EDAD,codigo_scian_y_palabra_clave,0,,0,6 a 10 personas,CALLE,ABASOLO,153,,,,CALLE ABASOLO 153 COLONIA DEL CARMEN 04100,COLONIA,DEL CARMEN,04100,1,09,CIUDAD DE MÉXICO,003,Coyoacán,0001,Coyoacán,0037,006,09003,0900300010037,0900300010037006,19.35590241,-99.16128979,1,5552353781,villaarmonica2015@gmail.com,WWW.VILLAARMONIA.ORG,Fijo,2019-11,2019,11,2020,11,2020-11
909317,,CENTRO DE MEDIO DIA PARA EL ADULTO MAYOR INDEPENDIENTE,CENTRO DE MEDIO DIA PARA EL ADULTO MAYOR INDEPENDIENTE,GOBERNO DEL DISTRITO FEDERAL,624122,Centros del sector público dedicados a la atención y cuidado diurno de ancianos y discapacitados,servicio_adulto_mayor,centro_cuidado_diurno,publico,0,0,0,1,1,ADULTO MAYOR,codigo_scian_y_palabra_clave,0,,0,11 a 30 personas,AVENIDA,AVENIDA DEL PARQUE,0,SN,0,,AVENIDA AVENIDA DEL PARQUE 0 SN INT 0 COLONIA AVANTE 04460,COLONIA,AVANTE,04460,1,09,CIUDAD DE MÉXICO,003,Coyoacán,0001,Coyoacán,0728,067,09003,0900300010728,0900300010728067,19.32657663,-99.13504854,1,,,,Fijo,2014-12,2014,12,2020,11,2020-11
990693,,CENTRO MÉDICO COYOACÁN GERIATRA,CENTRO MEDICO COYOACAN GERIATRA,,621113,Consultorios de medicina especializada del sector privado,servicio_adulto_mayor,otro_con_mencion_adulto_mayor,no_determinado,0,0,0,1,1,GERIATR,palabra_clave,1,palabra_clave_sin_codigo_scian_directo,0,0 a 5 personas,CALZADA,CALZADA DE LAS BOMBAS,128,,402,,CALZADA CALZADA DE LAS BOMBAS 128 INT 402 COLONIA EL PARQUE 04899,COLONIA,EL PARQUE,04899,1,09,CIUDAD DE MÉXICO,003,Coyoacán,0001,Coyoacán,1675,022,09003,0900300011675,0900300011675022,19.30976774,-99.12969975,1,5556793651,javier-salinas-salinas@hotmail.com,,Fijo,2010-07,2010,07,2020,11,2020-11
7760712,,CLINICA GERIATRICA,CLINICA GERIATRICA,GOBIERNO DE LA CIUDAD DE MEXICO,622112,Hospitales generales del sector público,servicio_adulto_mayor,otro_con_mencion_adulto_mayor,no_determinado,0,0,0,1,1,GERIATR,palabra_clave,1,palabra_clave_sin_codigo_scian_directo,0,11 a 30 personas,CALLE,CANDELARIA PEREZ,,SN,,,CALLE CANDELARIA PEREZ SN COLONIA UNID OBRERO CTM CULHUACAN SECC 8 04909,COLONIA,UNID OBRERO CTM CULHUACAN SECC 8,04909,1,09,CIUDAD DE MÉXICO,003,Coyoacán,0001,Coyoacán,1463,021,09003,0900300011463,0900300011463021,19.31638436,-99.10060717,1,,,,Fijo,2019-11,2019,11,2020,11,2020-11
993243,,CLINICA VIDA Y BIENESTAR,CLINICA VIDA Y BIENESTAR,CLÍNICA VIDA Y BIENESTAR SC,624121,Centros del sector privado dedicados a la atención y cuidado diurno de ancianos y discapacitados,servicio_adulto_mayor,centro_cuidado_diurno,privado,0,0,0,1,0,,codigo_scian,0,,0,6 a 10 personas,CALLE,CERRO DEL CUBILETE,106,,0,,CALLE CERRO DEL CUBILETE 106 INT 0 COLONIA CAMPESTRE CHURUBUSCO 04200,COLONIA,CAMPESTRE CHURUBUSCO,04200,1,09,CIUDAD DE MÉXICO,003,Coyoacán,0001,Coyoacán,0179,009,09003,0900300010179,0900300010179009,19.35037465,-99.13362158,1,,,,Fijo,2014-12,2014,12,2020,11,2020-11
9096847,,CLUB INTEGRACION INAPAN,CLUB INTEGRACION INAPAN,,624122,Centros del sector público dedicados a la atención y cuidado diurno de ancianos y discapacitados,servicio_adulto_mayor,centro_cuidado_diurno,publico,0,0,0,1,0,,codigo_scian,0,,0,11 a 30 personas,CALLE,BENITO JUAREZ,2014,VENEZUELA,,ENTRADA E,CALLE BENITO JUAREZ 2014 VENEZUELA INT ENTRADA E CONJUNTO HABITACIONAL INTEGRACION LATINOAMERICANA 04350,CONJUNTO HABITACIONAL,INTEGRACION LATINOAMERICANA,04350,1,09,CIUDAD DE MÉXICO,003,Coyoacán,0001,Coyoacán,0412,001,09003,0900300010412,0900300010412001,19.33879555,-99.17910933,1,,,,Fijo,2019-11,2019,11,2020,11,2020-11
8582836,,CON ESMERO Y CARIÑO,CON ESMERO Y CARINO,,623311,Asilos y otras residencias del sector privado para el cuidado de ancianos,servicio_adulto_mayor,residencia_cuidado,privado,0,0,0,1,0,,codigo_scian,0,,0,6 a 10 personas,CALLE,RICARDO MONJES LOPEZ,20,,,,CALLE RICARDO MONJES LOPEZ 20 COLONIA PETROLERA TAXQUEÑA 04410,COLONIA,PETROLERA TAXQUEÑA,04410,1,09,CIUDAD DE MÉXICO,003,Coyoacán,0001,Coyoacán,0501,038,09003,0900300010501,0900300010501038,19.33672028,-99.13261864,1,5512892804,conesmeroycarino@gmail.com,,Fijo,2019-11,2019,11,2020,11,2020-11
9306388,,FUNDACION BRINGAS HAGHENBECK IAP,FUNDACION BRINGAS HAGHENBECK IAP,FUNDACION BRINGAS HAGHENBECK IAP,623311,Asilos y otras residencias del sector privado para el cuidado de ancianos,servicio_adulto_mayor,residencia_cuidado,privado,0,0,0,1,0,,codigo_scian,1,codigo_postal_faltante_o_invalido,0,31 a 50 personas,CALLE,MIGUEL HIDALGO,9,,,17,CALLE MIGUEL HIDALGO 9 INT 17 COLONIA DEL CARMEN,COLONIA,DEL CARMEN,,0,09,CIUDAD DE MÉXICO,003,Coyoacán,0001,Coyoacán,0145,005,09003,0900300010145,0900300010145005,19.34970304,-99.16054621,1,5556589090,,,Fijo,2020-11,2020,11,2020,11,2020-11
6315656,,FUNDACION DE OBRAS SOCIALES DE SAN VICENTE,FUNDACION DE OBRAS SOCIALES DE SAN VICENTE,FUNDACION DE OBRAS SOCIALES DE SAN VICENTE IAP,623311,Asilos y otras residencias del sector privado para el cuidado de ancianos,servicio_adulto_mayor,residencia_cuidado,privado,0,0,0,1,0,,codigo_scian,0,,0,31 a 50 personas,CALLE,PRIMERA CERRADA DEL PEDREGAL,31,,0,,CALLE PRIMERA CERRADA DEL PEDREGAL 31 INT 0 COLONIA COYOACAN 04000,COLONIA,COYOACAN,04000,1,09,CIUDAD DE MÉXICO,003,Coyoacán,0001,Coyoacán,0111,001,09003,0900300010111,0900300010111001,19.34670643,-99.17561765,1,,balfaro@fossui.org.mx,WWW.FUNDACIONDEOBRASSOCIALES.ORG,Fijo,2014-12,2014,12,2020,11,2020-11
6313444,,FUNDACION DE OBRAS SOCIALES DE SAN VICENTE IAP,FUNDACION DE OBRAS SOCIALES DE SAN VICENTE IAP,FUNDACION DE OBRAS SOCIALES DE SAN VICENTE IAP,623311,Asilos y otras residencias del sector privado para el cuidado de ancianos,servicio_adulto_mayor,residencia_cuidado,privado,0,0,0,1,0,,codigo_scian,0,,0,101 a 250 personas,CERRADA,PRIMERA CERRADA DEL PEDREGAL,31,,0,,CERRADA PRIMERA CERRADA DEL PEDREGAL 31 INT 0 COLONIA COYOACAN 04000,COLONIA,COYOACAN,04000,1,09,CIUDAD DE MÉXICO,003,Coyoacán,0001,Coyoacán,0111,001,09003,0900300010111,0900300010111001,19.34756394,-99.17567597,1,,,WWW.FUNDACIONDEOBRASSOCIALES.ORG,Fijo,2010-07,2010,07,2020,11,2020-11
983763,,INAPAM INSTITUTO NACIONAL DE PERSONAS ADULTAS MAYORES,INAPAM INSTITUTO NACIONAL DE PERSONAS ADULTAS MAYORES,SEDESOL,624199,Otros servicios de orientación y trabajo social prestados por el sector público,servicio_adulto_mayor,otro_con_mencion_adulto_mayor,no_determinado,0,0,0,1,1,ADULTAS MAYORES|INAPAM,palabra_clave,1,palabra_clave_sin_codigo_scian_directo,0,6 a 10 personas,CALLE,HEROES DEL 47,79,,,,CALLE HEROES DEL 47 79 COLONIA SAN DIEGO CHURUBUSCO 04120,COLONIA,SAN DIEGO CHURUBUSCO,04120,1,09,CIUDAD DE MÉXICO,003,Coyoacán,0001,Coyoacán,0060,005,09003,0900300010060,0900300010060005,19.35116538,-99.1487971,1,5556880615,,,Fijo,2010-07,2010,07,2020,11,2020-11
971474,,INSTITUTO NACIONAL DE PERSONAS ADULTAS MAYORES,INSTITUTO NACIONAL DE PERSONAS ADULTAS MAYORES,INSTITO NACIONAL DE LAS PERSONAS ADULTAS MAYORES SECRETARIA BIENESTAR SOCIAL,621116,Clínicas de consultorios médicos del sector público,servicio_adulto_mayor,otro_con_mencion_adulto_mayor,no_determinado,0,0,0,1,1,ADULTAS MAYORES,palabra_clave,1,palabra_clave_sin_codigo_scian_directo,0,6 a 10 personas,CALLE,CERRO SAN ANDRES,440,,,,CALLE CERRO SAN ANDRES 440 COLONIA CAMPSTRE CHURUBUSCO 04200,COLONIA,CAMPSTRE CHURUBUSCO,04200,1,09,CIUDAD DE MÉXICO,003,Coyoacán,0001,Coyoacán,0319,014,09003,0900300010319,0900300010319014,19.34013487,-99.13558713,1,5555491608,angflorestt@yahoo.com,,Fijo,2010-07,2010,07,2020,11,2020-11
9120832,,LOS ANGELES PARA LA TERCERA EDAD,LOS ANGELES PARA LA TERCERA EDAD,LOS ANGELES PARA LA TERCERA EDAD AC,623311,Asilos y otras residencias del sector privado para el cuidado de ancianos,servicio_adulto_mayor,residencia_cuidado,privado,0,0,0,1,1,TERCERA EDAD,codigo_scian_y_palabra_clave,0,,0,31 a 50 personas,CERRADA,PEDREGAL,82,BIS,0,SN,CERRADA PEDREGAL 82 BIS INT 0 SN BARRIO BARRIO SANTA CATARINA 04100,BARRIO,BARRIO SANTA CATARINA,04100,1,09,CIUDAD DE MÉXICO,003,Coyoacán,0001,Coyoacán,0111,001,09003,0900300010111,0900300010111001,19.34740983,-99.17581287,1,5556882757,,WWW.RESIDENCIALOSANGELES.COM,Fijo,2019-11,2019,11,2020,11,2020-11
1014645,,PLENITUD EN ARMONÍA,PLENITUD EN ARMONIA,PLENITUD EN ARMONIA AC,623311,Asilos y otras residencias del sector privado para el cuidado de ancianos,servicio_adulto_mayor,residencia_cuidado,privado,0,0,0,1,0,,codigo_scian,0,,0,6 a 10 personas,AVENIDA,MIGUEL ANGEL DE QUEVEDO,566,B,,,AVENIDA MIGUEL ANGEL DE QUEVEDO 566 B BARRIO SANTA CATARINA 04010,BARRIO,SANTA CATARINA,04010,1,09,CIUDAD DE MÉXICO,003,Coyoacán,0001,Coyoacán,0130,024,09003,0900300010130,0900300010130024,19.34516118,-99.16712311,1,,,WWW.PLENITUDENARMONIA.ORG.MX,Fijo,2010-07,2010,07,2020,11,2020-11
1007724,,RESIDENCIA EL PARAISO,RESIDENCIA EL PARAISO,,623311,Asilos y otras residencias del sector privado para el cuidado de ancianos,servicio_adulto_mayor,residencia_cuidado,privado,0,0,0,1,0,,codigo_scian,0,,0,0 a 5 personas,CALLE,CERRO DEL TESORO,131,,,,CALLE CERRO DEL TESORO 131 COLONIA ROMERO DE TERREROS 04310,COLONIA,ROMERO DE TERREROS,04310,1,09,CIUDAD DE MÉXICO,003,Coyoacán,0001,Coyoacán,0272,003,09003,0900300010272,0900300010272003,19.34154756,-99.17457288,1,5555541474,javierbenito2012@gmail.com,,Fijo,2010-07,2010,07,2020,11,2020-11
8561420,,ASILO RESIDENCIA LOS ANGELES,ASILO RESIDENCIA LOS ANGELES,ASILO RESIDENCIAL LOS ANGELES SC,623311,Asilos y otras residencias del sector privado para el cuidado de ancianos,servicio_adulto_mayor,residencia_cuidado,privado,0,0,0,1,0,,codigo_scian,0,,0,11 a 30 personas,PRIVADA,LAS MARGARITAS,161,,,,PRIVADA LAS MARGARITAS 161 COLONIA LOMAS DE MEMETLA 05330,COLONIA,LOMAS DE MEMETLA,05330,1,09,CIUDAD DE MÉXICO,004,Cuajimalpa de Morelos,0001,Cuajimalpa de Morelos,0212,003,09004,0900400010212,0900400010212003,19.35599314,-99.28589419,1,5580303515,info@residenciaslosangeles.com,WWW.RESIDENCIASLOSANGELES.COM,Fijo,2019-11,2019,11,2020,11,2020-11
6811031,,BELMONT VILLAGE,BELMONT VILLAGE,CORPORATIVO SANTA FE LIVING S DE RL DE CV,623311,Asilos y otras residencias del sector privado para el cuidado de ancianos,servicio_adulto_mayor,residencia_cuidado,privado,0,0,0,1,0,,codigo_scian,0,,0,101 a 250 personas,CALLE,Vialidad Vasco de Quiroga Segunda Etapa,540,II,0,,CALLE Vialidad Vasco de Quiroga Segunda Etapa 540 II INT 0 COLONIA LOMAS DE SANTA FE 05300,COLONIA,LOMAS DE SANTA FE,05300,1,09,CIUDAD DE MÉXICO,004,Cuajimalpa de Morelos,0001,Cuajimalpa de Morelos,0369,004,09004,0900400010369,0900400010369004,19.35800392,-99.28282059,1,015550255200,al.zapata@belmontvillage.com.mx,BELMONTVILLAGE.COM.MX,Fijo,2017-11,2017,11,2020,11,2020-11
7261971,,CASA DEL ADULTO MAYOR,CASA DEL ADULTO MAYOR,GOBIERNO CIUDAD DE MEXICO,623312,Asilos y otras residencias del sector público para el cuidado de ancianos,servicio_adulto_mayor,residencia_cuidado,publico,0,0,0,1,1,ADULTO MAYOR,codigo_scian_y_palabra_clave,0,,0,0 a 5 personas,CALLE,CARLOS ALBERTO MADRAZO,0,SN,0,,CALLE CARLOS ALBERTO MADRAZO 0 SN INT 0 COLONIA COOPERATIVA PALO ALTO 05110,COLONIA,COOPERATIVA PALO ALTO,05110,1,09,CIUDAD DE MÉXICO,004,Cuajimalpa de Morelos,0001,Cuajimalpa de Morelos,0195,045,09004,0900400010195,0900400010195045,19.38615418,-99.24931203,1,,,,Fijo,2019-11,2019,11,2020,11,2020-11
878373,,CASA DEL ADULTO MAYOR INAPAM XOLALPA CHIMALPA,CASA DEL ADULTO MAYOR INAPAM XOLALPA CHIMALPA,INSTITUTO NACIONAL DE LAS PERSONAS ADULTAS MAYORES INAPAM,624122,Centros del sector público dedicados a la atención y cuidado diurno de ancianos y discapacitados,servicio_adulto_mayor,centro_cuidado_diurno,publico,0,0,0,1,1,ADULTAS MAYORES|ADULTO MAYOR|INAPAM,codigo_scian_y_palabra_clave,0,,0,0 a 5 personas,CALLE,INDEPENDENCIA,,SN,,,CALLE INDEPENDENCIA SN COLONIA SAN PABLO CHIMALPA 05050,COLONIA,SAN PABLO CHIMALPA,05050,1,09,CIUDAD DE MÉXICO,004,Cuajimalpa de Morelos,0001,Cuajimalpa de Morelos,0227,002,09004,0900400010227,0900400010227002,19.35329204,-99.31716208,1,,,,Fijo,2010-07,2010,07,2020,11,2020-11
920286,,CASA YEKKAN,CASA YEKKAN,CASA YEKKAN AC,624121,Centros del sector privado dedicados a la atención y cuidado diurno de ancianos y discapacitados,servicio_adulto_mayor,centro_cuidado_diurno,privado,0,0,0,1,0,,codigo_scian,0,,0,0 a 5 personas,CERRADA,COMANDANTE JESUS ROMERO FLORES,,SN,,,CERRADA COMANDANTE JESUS ROMERO FLORES SN COLONIA MOLINO 05240,COLONIA,MOLINO,05240,1,09,CIUDAD DE MÉXICO,004,Cuajimalpa de Morelos,0001,Cuajimalpa de Morelos,0354,022,09004,0900400010354,0900400010354022,19.36639954,-99.28198205,1,5523064740,casayekkan@hotmail.com,,Fijo,2014-12,2014,12,2020,11,2020-11
7233176,,CENTRO DE INTEGRACION DE PERSONAS ADULTAS MAYORES,CENTRO DE INTEGRACION DE PERSONAS ADULTAS MAYORES,,624198,Otros servicios de orientación y trabajo social prestados por el sector privado,servicio_adulto_mayor,otro_con_mencion_adulto_mayor,no_determinado,0,0,0,1,1,ADULTAS MAYORES,palabra_clave,1,palabra_clave_sin_codigo_scian_directo,0,6 a 10 personas,CALLE,MIGUEL ROMERO,0,SN,0,,CALLE MIGUEL ROMERO 0 SN INT 0 COLONIA MEMETLA 05330,COLONIA,MEMETLA,05330,1,09,CIUDAD DE MÉXICO,004,Cuajimalpa de Morelos,0001,Cuajimalpa de Morelos,0104,008,09004,0900400010104,0900400010104008,19.36067036,-99.28489939,1,5532286163,,,Fijo,2019-11,2019,11,2020,11,2020-11
8413427,,CONTINIA A TU LADO,CONTINIA A TU LADO,,624121,Centros del sector privado dedicados a la atención y cuidado diurno de ancianos y discapacitados,servicio_adulto_mayor,centro_cuidado_diurno,privado,0,0,0,1,0,,codigo_scian,0,,0,0 a 5 personas,CALLE,COAHUILA,5631,,102,,CALLE COAHUILA 5631 INT 102 COLONIA CUAJIMALPA 05000,COLONIA,CUAJIMALPA,05000,1,09,CIUDAD DE MÉXICO,004,Cuajimalpa de Morelos,0001,Cuajimalpa de Morelos,0104,012,09004,0900400010104,0900400010104012,19.35589961,-99.29195719,1,,,WWW.VISITENENSELS.COM.MX,Fijo,2019-11,2019,11,2020,11,2020-11
8386634,,FUNDACION MI QUERIDO VIEJO,FUNDACION MI QUERIDO VIEJO,,623311,Asilos y otras residencias del sector privado para el cuidado de ancianos,servicio_adulto_mayor,residencia_cuidado,privado,0,0,0,1,0,,codigo_scian,0,,0,0 a 5 personas,AVENIDA,JOSE MARIA CASTORENA,249,,,,AVENIDA JOSE MARIA CASTORENA 249 COLONIA MOLINO 05240,COLONIA,MOLINO,05240,1,09,CIUDAD DE MÉXICO,004,Cuajimalpa de Morelos,0001,Cuajimalpa de Morelos,0354,022,09004,0900400010354,0900400010354022,19.3654221,-99.28352867,1,5558120991,,,Fijo,2019-11,2019,11,2020,11,2020-11
7261962,,LA CASA DE LAS LUNAS,LA CASA DE LAS LUNAS,LA CASA DE LAS LUNAS S DE SS,623311,Asilos y otras residencias del sector privado para el cuidado de ancianos,servicio_adulto_mayor,residencia_cuidado,privado,0,0,0,1,0,,codigo_scian,0,,0,0 a 5 personas,CALLE,PALO ALTO,35,,0,,CALLE PALO ALTO 35 INT 0 COLONIA PALO ALTO 05118,COLONIA,PALO ALTO,05118,1,09,CIUDAD DE MÉXICO,004,Cuajimalpa de Morelos,0001,Cuajimalpa de Morelos,0195,015,09004,0900400010195,0900400010195015,19.38197837,-99.25612357,1,,contacto@lacasadelaslunas.com,WWW.LACASADELASLUNAS.COM,Fijo,2019-11,2019,11,2020,11,2020-11
1002099,,UNIVERSIDAD DE LA TERCERA EDAD,UNIVERSIDAD DE LA TERCERA EDAD,DELEGACIÓN CUAJIMALPA GOBIERNO DE LA CIUDAD DE MEXICO,611312,Escuelas de educación superior del sector público,servicio_adulto_mayor,otro_con_mencion_adulto_mayor,no_determinado,0,0,0,1,1,TERCERA EDAD,palabra_clave,1,palabra_clave_sin_codigo_scian_directo,0,11 a 30 personas,CALLE,SAUCE,0,SN,0,LOCAL 41,CALLE SAUCE 0 SN INT 0 LOCAL 41 COLONIA SAN JOSE DE LOS CEDROS 2DA SECC 05200,COLONIA,SAN JOSE DE LOS CEDROS 2DA SECC,05200,1,09,CIUDAD DE MÉXICO,004,Cuajimalpa de Morelos,0001,Cuajimalpa de Morelos,027A,021,09004,090040001027A,090040001027A021,19.37026667,-99.28863686,1,5562798344,,,Fijo,2010-07,2010,07,2020,11,2020-11
1028709,,ADMIISTRADORA DE FONDOS PARA SACERDOTES OBRA DE CLERIGOS EN AYUDA SOLIDARIA,ADMIISTRADORA DE FONDOS PARA SACERDOTES OBRA DE CLERIGOS EN AYUDA SOLIDARIA,OBRA DE CLERIGOS EN AYUDA SOLIDARIA AR,623311,Asilos y otras residencias del sector privado para el cuidado de ancianos,servicio_adulto_mayor,residencia_cuidado,privado,0,0,0,1,0,,codigo_scian,0,,0,11 a 30 personas,CALLE,PUEBLA,79,,,,CALLE PUEBLA 79 COLONIA ROMA NORTE 06700,COLONIA,ROMA NORTE,06700,1,09,CIUDAD DE MÉXICO,015,Cuauhtémoc,0001,Cuauhtémoc,1017,010,09015,0901500011017,0901500011017010,19.4233644,-99.15814353,1,,oceas2014@gmail.com,,Fijo,2010-07,2010,07,2020,11,2020-11
6258622,,ASILO FRANCISCO DIAZ DE LEON,ASILO FRANCISCO DIAZ DE LEON,ASILO FRANCISCO DIAZ DE LEON IAP,623311,Asilos y otras residencias del sector privado para el cuidado de ancianos,servicio_adulto_mayor,residencia_cuidado,privado,0,0,0,1,0,,codigo_scian,0,,0,0 a 5 personas,CALLE,BOLÍVAR,31,,108,,CALLE BOLÍVAR 31 INT 108 COLONIA CENTRO 06000,COLONIA,CENTRO,06000,1,09,CIUDAD DE MÉXICO,015,Cuauhtémoc,0001,Cuauhtémoc,0767,004,09015,0901500010767,0901500010767004,19.43278549,-99.13850192,1,,asilofdl@gmail.com,WWW.ASILO-FDDL.ORG,Fijo,2010-07,2010,07,2020,11,2020-11
899038,,ASILO LA LUZ DE LA TERCERA EDAD,ASILO LA LUZ DE LA TERCERA EDAD,,623311,Asilos y otras residencias del sector privado para el cuidado de ancianos,servicio_adulto_mayor,residencia_cuidado,privado,0,0,0,1,1,TERCERA EDAD,codigo_scian_y_palabra_clave,0,,0,11 a 30 personas,CALLE,TORREON,13,,,,CALLE TORREON 13 COLONIA ROMA SUR 06760,COLONIA,ROMA SUR,06760,1,09,CIUDAD DE MÉXICO,015,Cuauhtémoc,0001,Cuauhtémoc,1464,008,09015,0901500011464,0901500011464008,19.40545954,-99.16205836,1,55847284,,,Fijo,2014-12,2014,12,2020,11,2020-11
991184,,CASA HOGAR PARA PERSONAS DE LA 3 EDAD,CASA HOGAR PARA PERSONAS DE LA 3 EDAD,FUNDACION ANTONIO SAENZ DE MIERA Y FIEYTAL IAP,623311,Asilos y otras residencias del sector privado para el cuidado de ancianos,servicio_adulto_mayor,residencia_cuidado,privado,0,0,0,1,0,,codigo_scian,0,,0,31 a 50 personas,CALLE,FILOMENO MATA,8,,,,CALLE FILOMENO MATA 8 COLONIA CENTR0 06000,COLONIA,CENTR0,06000,1,09,CIUDAD DE MÉXICO,015,Cuauhtémoc,0001,Cuauhtémoc,0767,008,09015,0901500010767,0901500010767008,19.43516041,-99.13911362,1,55125638,fundacionantoniosainz@prodigy.net.mx,WWW.POSADADELPERIODISTA.ORG,Fijo,2010-07,2010,07,2020,11,2020-11
877474,,CENTRO DE ATENCION Y DESARROLLO AL ADULTO MAYOR CADAM,CENTRO DE ATENCION Y DESARROLLO AL ADULTO MAYOR CADAM,GOBIERNO DEL DISTRITO FEDERAL ALCALDIA CUAUHTÉMOC,624122,Centros del sector público dedicados a la atención y cuidado diurno de ancianos y discapacitados,servicio_adulto_mayor,centro_cuidado_diurno,publico,0,0,0,1,1,ADULTO MAYOR,codigo_scian_y_palabra_clave,0,,0,31 a 50 personas,CALLE,CARLOS J. MENESES,244,,,,CALLE CARLOS J. MENESES 244 COLONIA BUENAVISTA 06350,COLONIA,BUENAVISTA,06350,1,09,CIUDAD DE MÉXICO,015,Cuauhtémoc,0001,Cuauhtémoc,049A,009,09015,090150001049A,090150001049A009,19.44388538,-99.15116088,1,5543358227,centrocadam@gmail.com,,Fijo,2010-07,2010,07,2020,11,2020-11
7744645,,COMUNIDAD PARTICIPATIVA TEPITO,COMUNIDAD PARTICIPATIVA TEPITO,COMUNIDAD PARTICIPATIVA TEPITO AC,624121,Centros del sector privado dedicados a la atención y cuidado diurno de ancianos y discapacitados,servicio_adulto_mayor,centro_cuidado_diurno,privado,0,0,0,1,0,,codigo_scian,0,,0,6 a 10 personas,PRIVADA,DIAZ DE LEON,15,,0,,PRIVADA DIAZ DE LEON 15 INT 0 COLONIA MORELOS 06200,COLONIA,MORELOS,06200,1,09,CIUDAD DE MÉXICO,015,Cuauhtémoc,0001,Cuauhtémoc,0358,008,09015,0901500010358,0901500010358008,19.44370938,-99.12614512,1,5526164270,admon.cpt.ac@gmail.com,,Fijo,2019-11,2019,11,2020,11,2020-11
7733339,,CONSTRUYENDO UN ESPACIO PARA EL ESPARCIMIENTO DEL ADULTO MAYOR,CONSTRUYENDO UN ESPACIO PARA EL ESPARCIMIENTO DEL ADULTO MAYOR,SECRETARIA DE DESARROLLO SOCIAL GOBIERNO DE LA CIUDAD DE MEXICO,624122,Centros del sector público dedicados a la atención y cuidado diurno de ancianos y discapacitados,servicio_adulto_mayor,centro_cuidado_diurno,publico,0,0,0,1,1,ADULTO MAYOR,codigo_scian_y_palabra_clave,0,,0,6 a 10 personas,AVENIDA,ANDRES MOLINA ENRIQUEZ,0,SN,0,,AVENIDA ANDRES MOLINA ENRIQUEZ 0 SN INT 0 COLONIA AMPLIACION ASTURIAS 06860,COLONIA,AMPLIACION ASTURIAS,06860,1,09,CIUDAD DE MÉXICO,015,Cuauhtémoc,0001,Cuauhtémoc,1515,024,09015,0901500011515,0901500011515024,19.40710575,-99.12891977,1,,,,Fijo,2019-11,2019,11,2020,11,2020-11
8625829,,CONSULTORIO MEDICO GERIATRIA Y ENDOCRINOLOGIA,CONSULTORIO MEDICO GERIATRIA Y ENDOCRINOLOGIA,,621113,Consultorios de medicina especializada del sector privado,servicio_adulto_mayor,otro_con_mencion_adulto_mayor,no_determinado,0,0,0,1,1,GERIATR,palabra_clave,1,palabra_clave_sin_codigo_scian_directo,0,0 a 5 personas,CALLE,GUANAJUATO,92,PB,,,CALLE GUANAJUATO 92 PB COLONIA ROMA NORTE 06700,COLONIA,ROMA NORTE,06700,1,09,CIUDAD DE MÉXICO,015,Cuauhtémoc,0001,Cuauhtémoc,1110,007,09015,0901500011110,0901500011110007,19.4168684,-99.15873502,1,,dra.carmen.candelas@gmail.com,,Fijo,2019-11,2019,11,2020,11,2020-11
8327560,,CONSULTORIO MEDICO INTERNISTA GERIATRA,CONSULTORIO MEDICO INTERNISTA GERIATRA,,621113,Consultorios de medicina especializada del sector privado,servicio_adulto_mayor,otro_con_mencion_adulto_mayor,no_determinado,0,0,0,1,1,GERIATR,palabra_clave,1,palabra_clave_sin_codigo_scian_directo,0,0 a 5 personas,CALLE,QUINTANA ROO,81,,302,302-2,CALLE QUINTANA ROO 81 INT 302 302-2 COLONIA ROMA SUR 06760,COLONIA,ROMA SUR,06760,1,09,CIUDAD DE MÉXICO,015,Cuauhtémoc,0001,Cuauhtémoc,145A,025,09015,090150001145A,090150001145A025,19.40502742,-99.16739192,1,5525612933,dr.grodriguezayala@gmail.com,,Fijo,2019-11,2019,11,2020,11,2020-11
895770,,EISHEL NUESTRO HOGAR AC,EISHEL NUESTRO HOGAR AC,EISHEL NUESTRO HOGAR AC,623311,Asilos y otras residencias del sector privado para el cuidado de ancianos,servicio_adulto_mayor,residencia_cuidado,privado,0,0,0,1,0,,codigo_scian,0,,0,6 a 10 personas,CALLE,ACAPULCO,70,,603,OFICINA,CALLE ACAPULCO 70 INT 603 OFICINA COLONIA ROMA NORTE 06700,COLONIA,ROMA NORTE,06700,1,09,CIUDAD DE MÉXICO,015,Cuauhtémoc,0001,Cuauhtémoc,1182,008,09015,0901500011182,0901500011182008,19.41735233,-99.17361885,1,,yapolinar@eishel.org,,Fijo,2014-12,2014,12,2020,11,2020-11
6318235,,FUNDACIÓN PARA ANCIANOS CONCEPCION BEISTEGUI IAP,FUNDACION PARA ANCIANOS CONCEPCION BEISTEGUI IAP,FUNDACIÓN PARA ANCIANOS CONCEPCION BEISTEGUI IAP,623311,Asilos y otras residencias del sector privado para el cuidado de ancianos,servicio_adulto_mayor,residencia_cuidado,privado,0,0,0,1,1,ANCIANO|ANCIANOS,codigo_scian_y_palabra_clave,0,,0,101 a 250 personas,CALLE,REGINA,7,,0,,CALLE REGINA 7 INT 0 COLONIA CENTRO 06080,COLONIA,CENTRO,06080,1,09,CIUDAD DE MÉXICO,015,Cuauhtémoc,0001,Cuauhtémoc,088A,004,09015,090150001088A,090150001088A004,19.42817232,-99.13847769,1,,fundacion@concepcionbeistegui.org.mx,WWW.FUNDACIONPARAANCIANOSCONCEPCIONBEISTEGUI.ORG.MX,Fijo,2014-12,2014,12,2020,11,2020-11
1000699,,HOGAR DE ANCIANOS NUESTRA SEÑORA DE GUADALUPE,HOGAR DE ANCIANOS NUESTRA SENORA DE GUADALUPE,,623311,Asilos y otras residencias del sector privado para el cuidado de ancianos,servicio_adulto_mayor,residencia_cuidado,privado,0,0,0,1,1,ANCIANO|ANCIANOS,codigo_scian_y_palabra_clave,0,,0,11 a 30 personas,CALLE,MISIONEROS,13,,0,,CALLE MISIONEROS 13 INT 0 COLONIA CENTRO (ÁREA 2) 06000,COLONIA,CENTRO (ÁREA 2),06000,1,09,CIUDAD DE MÉXICO,015,Cuauhtémoc,0001,Cuauhtémoc,0911,016,09015,0901500010911,0901500010911016,19.42660974,-99.12718859,1,5555224848,vvhancisanos_misioneros13@hotmail.com,,Fijo,2010-07,2010,07,2020,11,2020-11
877079,,HOGAR PARA ANCIANOS MATIAS ROMERO,HOGAR PARA ANCIANOS MATIAS ROMERO,HOGAR PARA ANCIANOS MATIAS ROMERO IAP,623311,Asilos y otras residencias del sector privado para el cuidado de ancianos,servicio_adulto_mayor,residencia_cuidado,privado,0,0,0,1,1,ANCIANO|ANCIANOS,codigo_scian_y_palabra_clave,0,,0,31 a 50 personas,CALLE,SOR JUANA INES DE LA CRUZ,179,,,,CALLE SOR JUANA INES DE LA CRUZ 179 COLONIA SANTA MARIA LA RIBERA 06400,COLONIA,SANTA MARIA LA RIBERA,06400,1,09,CIUDAD DE MÉXICO,015,Cuauhtémoc,0001,Cuauhtémoc,0555,005,09015,0901500010555,0901500010555005,19.44645079,-99.16375433,1,5555479325,,,Fijo,2010-07,2010,07,2020,11,2020-11
954437,,INSTITUTO NACIONAL DE LAS PERSONAS ADULTAS MAYORES,INSTITUTO NACIONAL DE LAS PERSONAS ADULTAS MAYORES,INAPAM-SEDESOL,931610,Actividades administrativas de instituciones de bienestar social,servicio_adulto_mayor,otro_con_mencion_adulto_mayor,no_determinado,0,0,0,1,1,ADULTAS MAYORES|INAPAM,palabra_clave,1,palabra_clave_sin_codigo_scian_directo,0,6 a 10 personas,CALLE,JUAN HERNANDEZ Y DAVALOS,75,,,,CALLE JUAN HERNANDEZ Y DAVALOS 75 COLONIA ALGARIN 06880,COLONIA,ALGARIN,06880,1,09,CIUDAD DE MÉXICO,015,Cuauhtémoc,0001,Cuauhtémoc,1498,002,09015,0901500011498,0901500011498002,19.4063375,-99.14047541,1,,,WWW.INAPAM.GOB.MX,Fijo,2010-07,2010,07,2020,11,2020-11
991115,,JUNTOS EN ACCION POR LA DISCAPACIDAD Y LA EDUCACION,JUNTOS EN ACCION POR LA DISCAPACIDAD Y LA EDUCACION,JUNTOS EN ACCION POR LA DISCAPACIDAD Y LA EDUCACION AC,624121,Centros del sector privado dedicados a la atención y cuidado diurno de ancianos y discapacitados,servicio_adulto_mayor,centro_cuidado_diurno,privado,0,0,0,1,0,,codigo_scian,0,,0,0 a 5 personas,EJE VIAL,CENTRAL (LAZARO CARDENAS),13,,1505,,EJE VIAL CENTRAL (LAZARO CARDENAS) 13 INT 1505 COLONIA CENTR0 06000,COLONIA,CENTR0,06000,1,09,CIUDAD DE MÉXICO,015,Cuauhtémoc,0001,Cuauhtémoc,0748,013,09015,0901500010748,0901500010748013,19.43298669,-99.14115257,1,5555101418,jadeac.disc@yahoo.com.mx,,Fijo,2010-07,2010,07,2020,11,2020-11
782882,,ASILO CENTRO DE ATENCION PARA ADULTOS MAYORES A.C.,ASILO CENTRO DE ATENCION PARA ADULTOS MAYORES A C,,623311,Asilos y otras residencias del sector privado para el cuidado de ancianos,servicio_adulto_mayor,residencia_cuidado,privado,0,0,0,1,1,ADULTOS MAYORES,codigo_scian_y_palabra_clave,0,,0,6 a 10 personas,CALLE,CARUSO,284,,,,CALLE CARUSO 284 COLONIA VALLEJO 07870,COLONIA,VALLEJO,07870,1,09,CIUDAD DE MÉXICO,005,Gustavo A. Madero,0001,Gustavo A. Madero,1754,018,09005,0900500011754,0900500011754018,19.46789442,-99.13007062,1,5551556075,,,Fijo,2010-07,2010,07,2020,11,2020-11
678571,,ASILO DE SAN JUAN DE DIOS,ASILO DE SAN JUAN DE DIOS,ASILO DE SAN JUAN DE DIOS AC,623311,Asilos y otras residencias del sector privado para el cuidado de ancianos,servicio_adulto_mayor,residencia_cuidado,privado,0,0,0,1,0,,codigo_scian,0,,0,0 a 5 personas,CALLEJON,5 DE MAYO,9,,0,,CALLEJON 5 DE MAYO 9 INT 0 PUEBLO SAN JUAN DE ARAGON 07950,PUEBLO,SAN JUAN DE ARAGON,07950,1,09,CIUDAD DE MÉXICO,005,Gustavo A. Madero,0001,Gustavo A. Madero,2945,003,09005,0900500012945,0900500012945003,19.47006674,-99.08415396,1,5557710784,,,Fijo,2014-12,2014,12,2020,11,2020-11
680050,,ASILO SAN JUAN DE DIOS,ASILO SAN JUAN DE DIOS,ASILO SAN JUAN DE DIOS PARA ADULTO MAYOR AC,623311,Asilos y otras residencias del sector privado para el cuidado de ancianos,servicio_adulto_mayor,residencia_cuidado,privado,0,0,0,1,1,ADULTO MAYOR,codigo_scian_y_palabra_clave,0,,0,0 a 5 personas,CALLE,NORTE 92-B,8522,,,,CALLE NORTE 92-B 8522 COLONIA LA ESMERALDA 07540,COLONIA,LA ESMERALDA,07540,1,09,CIUDAD DE MÉXICO,005,Gustavo A. Madero,0001,Gustavo A. Madero,3341,001,09005,0900500013341,0900500013341001,19.48658507,-99.08611406,1,,,,Fijo,2014-12,2014,12,2020,11,2020-11
818970,,AVU DIVERSION PARA PERSONAS MAYORES IAP,AVU DIVERSION PARA PERSONAS MAYORES IAP,,611691,Servicios de profesores particulares,servicio_adulto_mayor,otro_con_mencion_adulto_mayor,no_determinado,0,0,0,1,1,PERSONAS MAYORES,palabra_clave,1,palabra_clave_sin_codigo_scian_directo,0,6 a 10 personas,AVENIDA,602,7,,,,AVENIDA 602 7 COLONIA SAN JUAN DE ARAGON III SECCIÓN 07970,COLONIA,SAN JUAN DE ARAGON III SECCIÓN,07970,1,09,CIUDAD DE MÉXICO,005,Gustavo A. Madero,0001,Gustavo A. Madero,2381,021,09005,0900500012381,0900500012381021,19.45096903,-99.07776326,1,,,WWW.AVUDIVERSION.GOB,Fijo,2010-07,2010,07,2020,11,2020-11
638565,,CASA DE DÍA DEL ADULTO MAYOR A C,CASA DE DIA DEL ADULTO MAYOR A C,CASA DE ADULTO MAYOR DE LA CIUDAD DE MEXICO,624121,Centros del sector privado dedicados a la atención y cuidado diurno de ancianos y discapacitados,servicio_adulto_mayor,centro_cuidado_diurno,privado,0,0,0,1,1,ADULTO MAYOR,codigo_scian_y_palabra_clave,0,,0,11 a 30 personas,CALLE,PUMA,,SN,,,CALLE PUMA SN COLONIA COCOYOTES 07180,COLONIA,COCOYOTES,07180,1,09,CIUDAD DE MÉXICO,005,Gustavo A. Madero,0001,Gustavo A. Madero,2767,005,09005,0900500012767,0900500012767005,19.5479149,-99.1320054,1,,,,Fijo,2010-07,2010,07,2020,11,2020-11
679170,,CASA DE LA TERCERA EDAD,CASA DE LA TERCERA EDAD,ESTANCIA DE LA SABIDURIA,624122,Centros del sector público dedicados a la atención y cuidado diurno de ancianos y discapacitados,servicio_adulto_mayor,centro_cuidado_diurno,publico,0,0,0,1,1,TERCERA EDAD,codigo_scian_y_palabra_clave,0,,0,31 a 50 personas,OTRO (ESPECIFIQUE),NINGUNO,0,SN,0,,OTRO (ESPECIFIQUE) NINGUNO 0 SN INT 0 UNIDAD HABITACIONAL SAN JUAN DE ARAGON CUARTA Y QUINTA SECCION 07979,UNIDAD HABITACIONAL,SAN JUAN DE ARAGON CUARTA Y QUINTA SECCION,07979,1,09,CIUDAD DE MÉXICO,005,Gustavo A. Madero,0001,Gustavo A. Madero,2432,029,09005,0900500012432,0900500012432029,19.44782326,-99.06542594,1,5572099077,,,Fijo,2014-12,2014,12,2020,11,2020-11
795838,,CASA DE LA TERCERA EDAD CLUB RINCON DEL PARAISO,CASA DE LA TERCERA EDAD CLUB RINCON DEL PARAISO,DELEGACIÓN GUSTAVO A MADERO,624122,Centros del sector público dedicados a la atención y cuidado diurno de ancianos y discapacitados,servicio_adulto_mayor,centro_cuidado_diurno,publico,0,0,0,1,1,TERCERA EDAD,codigo_scian_y_palabra_clave,0,,0,0 a 5 personas,CALLE,NORTE 84,,SN,,,CALLE NORTE 84 SN COLONIA NUVA TENOCHTITLAN 07890,COLONIA,NUVA TENOCHTITLAN,07890,1,09,CIUDAD DE MÉXICO,005,Gustavo A. Madero,0001,Gustavo A. Madero,2220,028,09005,0900500012220,0900500012220028,19.45915996,-99.10321029,1,,,,Fijo,2010-07,2010,07,2020,11,2020-11
632907,,CASA DE LA TERCERA EDAD DE ARBOLEDAS,CASA DE LA TERCERA EDAD DE ARBOLEDAS,INSTITUTO NACIONAL DE LAS PERSONAS ADULTAS MAYORES INAPAM,624122,Centros del sector público dedicados a la atención y cuidado diurno de ancianos y discapacitados,servicio_adulto_mayor,centro_cuidado_diurno,publico,0,0,0,1,1,ADULTAS MAYORES|INAPAM|TERCERA EDAD,codigo_scian_y_palabra_clave,0,,0,0 a 5 personas,CALLE,LAZARO CARDENAS,25,,,,CALLE LAZARO CARDENAS 25 COLONIA ARBOLEDAS 07140,COLONIA,ARBOLEDAS,07140,1,09,CIUDAD DE MÉXICO,005,Gustavo A. Madero,0001,Gustavo A. Madero,2606,011,09005,0900500012606,0900500012606011,19.56067931,-99.1248506,1,,,,Fijo,2010-07,2010,07,2020,11,2020-11
677209,,CASA DE MADRES MAYORES RELIGIOSAS,CASA DE MADRES MAYORES RELIGIOSAS,MISIONERAS HIJAS DEL CALVARIO AR,623311,Asilos y otras residencias del sector privado para el cuidado de ancianos,servicio_adulto_mayor,residencia_cuidado,privado,0,0,0,1,0,,codigo_scian,0,,0,6 a 10 personas,CALLE,5 DE FEBRERO,19,,0,,CALLE 5 DE FEBRERO 19 INT 0 COLONIA ARAGON LA VILLA 07000,COLONIA,ARAGON LA VILLA,07000,1,09,CIUDAD DE MÉXICO,005,Gustavo A. Madero,0001,Gustavo A. Madero,1449,012,09005,0900500011449,0900500011449012,19.47844303,-99.11584485,1,5557810043,,,Fijo,2014-12,2014,12,2020,11,2020-11
781509,,CASA HOGAR MARIANO GALVEZ,CASA HOGAR MARIANO GALVEZ,INSTITUTO DE BENEFICENCIA LARRAINZAR IAP,623311,Asilos y otras residencias del sector privado para el cuidado de ancianos,servicio_adulto_mayor,residencia_cuidado,privado,0,0,0,1,0,,codigo_scian,0,,0,6 a 10 personas,CALLE,CALVARIO,153,B,0,,CALLE CALVARIO 153 B INT 0 COLONIA TEPEYAC INSURGENTES 07020,COLONIA,TEPEYAC INSURGENTES,07020,1,09,CIUDAD DE MÉXICO,005,Gustavo A. Madero,0001,Gustavo A. Madero,1260,011,09005,0900500011260,0900500011260011,19.48598041,-99.11918447,1,5555770330,,,Fijo,2010-07,2010,07,2020,11,2020-11
678184,,CENTRO DE ATENCION SOCIAL A LA SALUD DE LAS Y LOS ADULTOS MAYORES,CENTRO DE ATENCION SOCIAL A LA SALUD DE LAS Y LOS ADULTOS MAYORES,INSTITUTO MEXICANO DEL SEGURO SOCIAL C.A.S.S.A.A.M.,623312,Asilos y otras residencias del sector público para el cuidado de ancianos,servicio_adulto_mayor,residencia_cuidado,publico,0,0,0,1,1,ADULTOS MAYORES,codigo_scian_y_palabra_clave,0,,0,11 a 30 personas,EJE VIAL,5 NORTE (CALZADA SAN JUAN DE ARAGON),311,,,,EJE VIAL 5 NORTE (CALZADA SAN JUAN DE ARAGON) 311 COLONIA DM NACIONAL 07480,COLONIA,DM NACIONAL,07480,1,09,CIUDAD DE MÉXICO,005,Gustavo A. Madero,0001,Gustavo A. Madero,1650,001,09005,0900500011650,0900500011650001,19.47829543,-99.096793,1,5555771600,,,Fijo,2014-12,2014,12,2020,11,2020-11
679406,,CENTRO DEL ADULTO MAYOR FLOR DE JUVENTUD,CENTRO DEL ADULTO MAYOR FLOR DE JUVENTUD,DESARROLLO INTEGRAL DE LA FAMILIA GOBIERNO DE LA CIUDAD DE MEXICO,624122,Centros del sector público dedicados a la atención y cuidado diurno de ancianos y discapacitados,servicio_adulto_mayor,centro_cuidado_diurno,publico,0,0,0,1,1,ADULTO MAYOR,codigo_scian_y_palabra_clave,0,,0,0 a 5 personas,CALLE,EJIDO,,SN,,,CALLE EJIDO SN COLONIA 25 DE JULIO 07520,COLONIA,25 DE JULIO,07520,1,09,CIUDAD DE MÉXICO,005,Gustavo A. Madero,0001,Gustavo A. Madero,103A,004,09005,090050001103A,090050001103A004,19.49560009,-99.08096902,1,,,,Fijo,2014-12,2014,12,2020,11,2020-11
799793,,CENTRO DEPORTIVO AQUILES SERDAN,CENTRO DEPORTIVO AQUILES SERDAN,DELEGACION GUZTAVO A MADERO,624122,Centros del sector público dedicados a la atención y cuidado diurno de ancianos y discapacitados,servicio_adulto_mayor,centro_cuidado_diurno,publico,0,0,0,1,0,,codigo_scian,0,,0,11 a 30 personas,CALLE,PUERTO TAMPICO,,SN,,,CALLE PUERTO TAMPICO SN COLONIA CASAS ALEMAN 07580,COLONIA,CASAS ALEMAN,07580,1,09,CIUDAD DE MÉXICO,005,Gustavo A. Madero,0001,Gustavo A. Madero,1909,001,09005,0900500011909,0900500011909001,19.47730567,-99.08678514,1,5555770899,,,Fijo,2010-07,2010,07,2020,11,2020-11
9192130,,CLINICA GERIATRICA SIN NOMBRE,CLINICA GERIATRICA SIN NOMBRE,GOBIERNO DE LA CIUDAD DE MEXICO,621116,Clínicas de consultorios médicos del sector público,servicio_adulto_mayor,otro_con_mencion_adulto_mayor,no_determinado,0,0,0,1,1,GERIATR,palabra_clave,1,palabra_clave_sin_codigo_scian_directo,0,11 a 30 personas,AVENIDA,508,,SN,,,AVENIDA 508 SN COLONIA U.H. SAN JUAN DE ARAGON 1RA SECC 07969,COLONIA,U.H. SAN JUAN DE ARAGON 1RA SECC,07969,1,09,CIUDAD DE MÉXICO,005,Gustavo A. Madero,0001,Gustavo A. Madero,2150,022,09005,0900500012150,0900500012150022,19.46100266,-99.08793351,1,,clinica.geriatrica@hotmail.com,,Fijo,2019-11,2019,11,2020,11,2020-11
7768939,,CLUB DE ADULTOS MAYORES LA PASTORA,CLUB DE ADULTOS MAYORES LA PASTORA,INSTITUTO NACIONAL DE LAS PERSONAS ADULTAS MAYORES,623312,Asilos y otras residencias del sector público para el cuidado de ancianos,servicio_adulto_mayor,residencia_cuidado,publico,0,0,0,1,1,ADULTAS MAYORES|ADULTOS MAYORES,codigo_scian_y_palabra_clave,0,,0,0 a 5 personas,CALLE,MOCTEZUMA,,SN,,,CALLE MOCTEZUMA SN COLONIA LA PASTORA 07290,COLONIA,LA PASTORA,07290,1,09,CIUDAD DE MÉXICO,005,Gustavo A. Madero,0001,Gustavo A. Madero,0332,022,09005,0900500010332,0900500010332022,19.52377585,-99.13783747,1,,,,Fijo,2019-11,2019,11,2020,11,2020-11
791603,,CLUB DE LA TERCERA EDAD SAN CALLETANO,CLUB DE LA TERCERA EDAD SAN CALLETANO,INAPAN GUSTAVO A MADERO,624122,Centros del sector público dedicados a la atención y cuidado diurno de ancianos y discapacitados,servicio_adulto_mayor,centro_cuidado_diurno,publico,0,0,0,1,1,TERCERA EDAD,codigo_scian_y_palabra_clave,0,,0,0 a 5 personas,CALLE,ORIENTE 95,,SN,,,CALLE ORIENTE 95 SN COLONIA MARTIRES DE RIO BLANCO 07869,COLONIA,MARTIRES DE RIO BLANCO,07869,1,09,CIUDAD DE MÉXICO,005,Gustavo A. Madero,0001,Gustavo A. Madero,2201,022,09005,0900500012201,0900500012201022,19.46206782,-99.11149247,1,5557713195,,,Fijo,2010-07,2010,07,2020,11,2020-11
670495,,CLUB DE LA TERCERA EDAD VALLE MADERO,CLUB DE LA TERCERA EDAD VALLE MADERO,GOBIERNO DE LA CIUDAD DE MEXICO INAPAM,624122,Centros del sector público dedicados a la atención y cuidado diurno de ancianos y discapacitados,servicio_adulto_mayor,centro_cuidado_diurno,publico,0,0,0,1,1,INAPAM|TERCERA EDAD,codigo_scian_y_palabra_clave,0,,0,0 a 5 personas,CALLE,ESTADO DE MEXICO,,SN,,,CALLE ESTADO DE MEXICO SN COLONIA LOMA LA PALMA 07160,COLONIA,LOMA LA PALMA,07160,1,09,CIUDAD DE MÉXICO,005,Gustavo A. Madero,0001,Gustavo A. Madero,0101,027,09005,0900500010101,0900500010101027,19.55072773,-99.14823498,1,,,,Fijo,2014-12,2014,12,2020,11,2020-11
634030,,CLUB ECOLOGICO DE ADULTOS MAYORES DE LA 3A EDAD LOMA LA PALMA,CLUB ECOLOGICO DE ADULTOS MAYORES DE LA 3A EDAD LOMA LA PALMA,GOBIERNO DEL DF,624122,Centros del sector público dedicados a la atención y cuidado diurno de ancianos y discapacitados,servicio_adulto_mayor,centro_cuidado_diurno,publico,0,0,0,1,1,ADULTOS MAYORES,codigo_scian_y_palabra_clave,0,,0,11 a 30 personas,PROLONGACION,LA CORONA,,SN,,,PROLONGACION LA CORONA SN COLONIA LOMA LA PALMA 07160,COLONIA,LOMA LA PALMA,07160,1,09,CIUDAD DE MÉXICO,005,Gustavo A. Madero,0001,Gustavo A. Madero,0084,037,09005,0900500010084,0900500010084037,19.55948058,-99.14035725,1,5553239986,,,Fijo,2010-07,2010,07,2020,11,2020-11
679851,,"CLUB ECOLOGICO DE ADULTOS MAYORES, JOSE VASCONCELOS",CLUB ECOLOGICO DE ADULTOS MAYORES JOSE VASCONCELOS,ALCALDIA GUSTAVO A. MADERO,624122,Centros del sector público dedicados a la atención y cuidado diurno de ancianos y discapacitados,servicio_adulto_mayor,centro_cuidado_diurno,publico,0,0,0,1,1,ADULTOS MAYORES,codigo_scian_y_palabra_clave,0,,0,6 a 10 personas,AVENIDA,GRAN CANAL,,SN,,,AVENIDA GRAN CANAL SN COLONIA CASAS ALEMAN 07580,COLONIA,CASAS ALEMAN,07580,1,09,CIUDAD DE MÉXICO,005,Gustavo A. Madero,0001,Gustavo A. Madero,1909,028,09005,0900500011909,0900500011909028,19.47841609,-99.08979028,1,,,,Fijo,2014-12,2014,12,2020,11,2020-11
778929,,CLUB ECOLOGICO DE ADULTOS MAYORES PABLO NERUDA,CLUB ECOLOGICO DE ADULTOS MAYORES PABLO NERUDA,DELEGACIÓN GUSTAVO A MADERO,623312,Asilos y otras residencias del sector público para el cuidado de ancianos,servicio_adulto_mayor,residencia_cuidado,publico,0,0,0,1,1,ADULTOS MAYORES,codigo_scian_y_palabra_clave,0,,0,6 a 10 personas,CALLE,NORTE 9,,SN,,,CALLE NORTE 9 SN COLONIA PANAMERICANA 07770,COLONIA,PANAMERICANA,07770,1,09,CIUDAD DE MÉXICO,005,Gustavo A. Madero,0001,Gustavo A. Madero,1383,008,09005,0900500011383,0900500011383008,19.47865495,-99.14477246,1,,,WWW.CDMXG.OB.MX,Fijo,2010-07,2010,07,2020,11,2020-11
818011,,CLUB ECOLÓGICO DE LA TERCERA EDAD ARAGÓN,CLUB ECOLOGICO DE LA TERCERA EDAD ARAGON,GOBIERNO DE LA CIUDAD DE MEXICO ALCALDIA GUSTAVO A MADERO,624122,Centros del sector público dedicados a la atención y cuidado diurno de ancianos y discapacitados,servicio_adulto_mayor,centro_cuidado_diurno,publico,0,0,0,1,1,TERCERA EDAD,codigo_scian_y_palabra_clave,0,,0,11 a 30 personas,AVENIDA,JOSE LORETO FABELA,,SN,,,AVENIDA JOSE LORETO FABELA SN COLONIA SAN JUAN DE ARAGON 07920,COLONIA,SAN JUAN DE ARAGON,07920,1,09,CIUDAD DE MÉXICO,005,Gustavo A. Madero,0001,Gustavo A. Madero,2165,003,09005,0900500012165,0900500012165003,19.4528229,-99.08176085,1,5557712809,,,Fijo,2010-07,2010,07,2020,11,2020-11
819512,,CLUB EL TULE DE LA TERCERA EDAD,CLUB EL TULE DE LA TERCERA EDAD,INAPAM,624122,Centros del sector público dedicados a la atención y cuidado diurno de ancianos y discapacitados,servicio_adulto_mayor,centro_cuidado_diurno,publico,0,0,0,1,1,INAPAM|TERCERA EDAD,codigo_scian_y_palabra_clave,0,,0,0 a 5 personas,CALLE,AVENIDA 685,,SN,,,CALLE AVENIDA 685 SN COLONIA C.T.M. ARAGON 07990,COLONIA,C.T.M. ARAGON,07990,1,09,CIUDAD DE MÉXICO,005,Gustavo A. Madero,0001,Gustavo A. Madero,2451,039,09005,0900500012451,0900500012451039,19.45278592,-99.05562099,1,5523688743,,,Fijo,2010-07,2010,07,2020,11,2020-11
744807,,CONSULTORA GERONTOLOGICACUIGER DE MEXICO,CONSULTORA GERONTOLOGICACUIGER DE MEXICO,CONSULTORA ODONTOLOGICACUINGER DE MEXICO SA DE CV,621113,Consultorios de medicina especializada del sector privado,servicio_adulto_mayor,otro_con_mencion_adulto_mayor,no_determinado,0,0,0,1,1,GERONTOLOG,palabra_clave,1,palabra_clave_sin_codigo_scian_directo,0,31 a 50 personas,CALLE,SANTURCE,1032,,,,CALLE SANTURCE 1032 COLONIA RESIDENCIAL ZACATENCO 07369,COLONIA,RESIDENCIAL ZACATENCO,07369,1,09,CIUDAD DE MÉXICO,005,Gustavo A. Madero,0001,Gustavo A. Madero,0633,015,09005,0900500010633,0900500010633015,19.5005873,-99.12392505,1,5557546563,,WWW.CUIGER.COM,Fijo,2010-07,2010,07,2020,11,2020-11
675207,,CONSULTORIO MÉDICO GERIATRA,CONSULTORIO MEDICO GERIATRA,,621113,Consultorios de medicina especializada del sector privado,servicio_adulto_mayor,otro_con_mencion_adulto_mayor,no_determinado,0,0,0,1,1,GERIATR,palabra_clave,1,palabra_clave_sin_codigo_scian_directo,0,0 a 5 personas,CALLE,INGENIERO ROBERTO GAYOL,0,SN,0,,CALLE INGENIERO ROBERTO GAYOL 0 SN INT 0 COLONIA GUADALUPE INSURGENTES 07870,COLONIA,GUADALUPE INSURGENTES,07870,1,09,CIUDAD DE MÉXICO,005,Gustavo A. Madero,0001,Gustavo A. Madero,1561,011,09005,0900500011561,0900500011561011,19.47491567,-99.13088939,1,,alezar55@hotmail.com,SISTEMA.DOCTORZADIVAR.COM,Fijo,2010-07,2010,07,2020,11,2020-11
741584,,CUSEN LA CASA DE MIS ABUELOS,CUSEN LA CASA DE MIS ABUELOS,CUSEN SC,623311,Asilos y otras residencias del sector privado para el cuidado de ancianos,servicio_adulto_mayor,residencia_cuidado,privado,0,0,0,1,0,,codigo_scian,0,,0,11 a 30 personas,CALLE,LA RIOJA,1135,,,,CALLE LA RIOJA 1135 COLONIA RESIDENCIAL ZACATENCO 07369,COLONIA,RESIDENCIAL ZACATENCO,07369,1,09,CIUDAD DE MÉXICO,005,Gustavo A. Madero,0001,Gustavo A. Madero,060A,019,09005,090050001060A,090050001060A019,19.50569527,-99.12810548,1,5555860842,,,Fijo,2010-07,2010,07,2020,11,2020-11
7958884,,HERMANAS DE LA SAGRADA FAMILIA ORDEN DE SAN BENITO,HERMANAS DE LA SAGRADA FAMILIA ORDEN DE SAN BENITO,HERMANAS DE LA SAGRADA FAMILIA AR,623311,Asilos y otras residencias del sector privado para el cuidado de ancianos,servicio_adulto_mayor,residencia_cuidado,privado,0,0,0,1,0,,codigo_scian,0,,0,11 a 30 personas,CALLE,HABANA,251,,,,CALLE HABANA 251 COLONIA TEPEYAC INSURGENTES 07020,COLONIA,TEPEYAC INSURGENTES,07020,1,09,CIUDAD DE MÉXICO,005,Gustavo A. Madero,0001,Gustavo A. Madero,1129,009,09005,0900500011129,0900500011129009,19.48862907,-99.11981446,1,5574271453,,,Fijo,2019-11,2019,11,2020,11,2020-11
781508,,HOGAR DE ANCIANOS SANTA MARIA DE GUADALUPE,HOGAR DE ANCIANOS SANTA MARIA DE GUADALUPE,INSTITUTO DE BENEFICENCIA ERNESTINA LARRAINZAR AC,623311,Asilos y otras residencias del sector privado para el cuidado de ancianos,servicio_adulto_mayor,residencia_cuidado,privado,0,0,0,1,1,ANCIANO|ANCIANOS,codigo_scian_y_palabra_clave,0,,0,11 a 30 personas,CALLE,CALVARIO,153,,0,,CALLE CALVARIO 153 INT 0 COLONIA TEPEYAC INSURGENTES 07020,COLONIA,TEPEYAC INSURGENTES,07020,1,09,CIUDAD DE MÉXICO,005,Gustavo A. Madero,0001,Gustavo A. Madero,1260,011,09005,0900500011260,0900500011260011,19.48583847,-99.1192383,1,5555770261,,,Fijo,2010-07,2010,07,2020,11,2020-11
652746,,INSTITUTO DE PERSONAS ADULTAS RESIDENCIA DE DIA GUADALUPE PROLETARIA,INSTITUTO DE PERSONAS ADULTAS RESIDENCIA DE DIA GUADALUPE PROLETARIA,,624121,Centros del sector privado dedicados a la atención y cuidado diurno de ancianos y discapacitados,servicio_adulto_mayor,centro_cuidado_diurno,privado,0,0,0,1,0,,codigo_scian,0,,0,6 a 10 personas,CALLE,7,,SN,,,CALLE 7 SN COLONIA AMPLIACION GUADALUPE PROLETARIA 07670,COLONIA,AMPLIACION GUADALUPE PROLETARIA,07670,1,09,CIUDAD DE MÉXICO,005,Gustavo A. Madero,0001,Gustavo A. Madero,3303,042,09005,0900500013303,0900500013303042,19.51929436,-99.14969417,1,5553927211,,,Fijo,2010-07,2010,07,2020,11,2020-11
679398,,MODULO DE ATENCION AL ADULTO MAYOR,MODULO DE ATENCION AL ADULTO MAYOR,CENTRO FEMENIL 25 DE JULIO,624122,Centros del sector público dedicados a la atención y cuidado diurno de ancianos y discapacitados,servicio_adulto_mayor,centro_cuidado_diurno,publico,0,0,0,1,1,ADULTO MAYOR,codigo_scian_y_palabra_clave,0,,0,11 a 30 personas,CALLE,20 DE NOVIEMBRE,0,SN,0,,CALLE 20 DE NOVIEMBRE 0 SN INT 0 COLONIA 25 DE JULIO 07520,COLONIA,25 DE JULIO,07520,1,09,CIUDAD DE MÉXICO,005,Gustavo A. Madero,0001,Gustavo A. Madero,103A,009,09005,090050001103A,090050001103A009,19.49702923,-99.07983753,1,,,,Fijo,2014-12,2014,12,2020,11,2020-11
800035,,"OFICINA DE VIGILANCIA, CLUB PARA ADULTOS MAYORES JOSE VASCONCELOS",OFICINA DE VIGILANCIA CLUB PARA ADULTOS MAYORES JOSE VASCONCELOS,POLICÍA AUXILIAR DEL GOBIERNO DEL DISTRITO FEDERAL.,931410,Impartición de justicia y mantenimiento de la seguridad y el orden público,servicio_adulto_mayor,otro_con_mencion_adulto_mayor,no_determinado,0,0,0,1,1,ADULTOS MAYORES,palabra_clave,1,palabra_clave_sin_codigo_scian_directo,0,0 a 5 personas,AVENIDA,GRAN CANAL,,SN,,,AVENIDA GRAN CANAL SN COLONIA CASAS ALEMAN 07580,COLONIA,CASAS ALEMAN,07580,1,09,CIUDAD DE MÉXICO,005,Gustavo A. Madero,0001,Gustavo A. Madero,1909,028,09005,0900500011909,0900500011909028,19.47880578,-99.08964194,1,,,,Fijo,2010-07,2010,07,2020,11,2020-11
672373,,SERVICIO COMUNITARIO GUADALUPE PROLETARIA,SERVICIO COMUNITARIO GUADALUPE PROLETARIA,,624121,Centros del sector privado dedicados a la atención y cuidado diurno de ancianos y discapacitados,servicio_adulto_mayor,centro_cuidado_diurno,privado,0,0,0,1,0,,codigo_scian,0,,0,11 a 30 personas,CALLE,29,39,,0,,CALLE 29 39 INT 0 COLONIA PROGRESO NACIONAL 07600,COLONIA,PROGRESO NACIONAL,07600,1,09,CIUDAD DE MÉXICO,005,Gustavo A. Madero,0001,Gustavo A. Madero,3290,004,09005,0900500013290,0900500013290004,19.51844948,-99.15123335,1,5541491962,,,Fijo,2014-12,2014,12,2020,11,2020-11
711067,,CASA DE DÍA DEL ADULTO MAYOR ELENA PONIATOWSKA AMOR,CASA DE DIA DEL ADULTO MAYOR ELENA PONIATOWSKA AMOR,GOBIERNO,624122,Centros del sector público dedicados a la atención y cuidado diurno de ancianos y discapacitados,servicio_adulto_mayor,centro_cuidado_diurno,publico,0,0,0,1,1,ADULTO MAYOR,codigo_scian_y_palabra_clave,0,,0,6 a 10 personas,CALLE,1,,SN,,SN,CALLE 1 SN INT SN COLONIA AGRICOLA PANTITLAN 08100,COLONIA,AGRICOLA PANTITLAN,08100,1,09,CIUDAD DE MÉXICO,006,Iztacalco,0001,Iztacalco,001A,012,09006,090060001001A,090060001001A012,19.41472289,-99.06851072,1,5524569781,elenaponiatowskaamor@hotmail.com,,Fijo,2014-12,2014,12,2020,11,2020-11
8629531,,CASA DEL ADULTO MAYOR,CASA DEL ADULTO MAYOR,GOBIERNO,624122,Centros del sector público dedicados a la atención y cuidado diurno de ancianos y discapacitados,servicio_adulto_mayor,centro_cuidado_diurno,publico,0,0,0,1,1,ADULTO MAYOR,codigo_scian_y_palabra_clave,0,,0,6 a 10 personas,EJE VIAL,5 SUR (PLAYA VILLA DEL MAR),,SN,,SN,EJE VIAL 5 SUR (PLAYA VILLA DEL MAR) SN INT SN COLONIA MILITAR MARTE 08830,COLONIA,MILITAR MARTE,08830,1,09,CIUDAD DE MÉXICO,006,Iztacalco,0001,Iztacalco,0880,025,09006,0900600010880,0900600010880025,19.3810389,-99.12830734,1,,,,Fijo,2019-11,2019,11,2020,11,2020-11
8652779,,CASA DEL ADULTO MAYOR,CASA DEL ADULTO MAYOR,GDF ALCALDIA IZTACALCO,623312,Asilos y otras residencias del sector público para el cuidado de ancianos,servicio_adulto_mayor,residencia_cuidado,publico,0,0,0,1,1,ADULTO MAYOR,codigo_scian_y_palabra_clave,0,,0,6 a 10 personas,CALLE,TALLERES GRAFICOS,0,SN,0,,CALLE TALLERES GRAFICOS 0 SN INT 0 COLONIA AGRICOLA PANTITLAN 08100,COLONIA,AGRICOLA PANTITLAN,08100,1,09,CIUDAD DE MÉXICO,006,Iztacalco,0001,Iztacalco,001A,006,09006,090060001001A,090060001001A006,19.4134774,-99.06778657,1,,,,Fijo,2019-11,2019,11,2020,11,2020-11
707695,,CASA DEL ADULTO MAYOR EX LAGO,CASA DEL ADULTO MAYOR EX LAGO,GOBIERNO DEL DF,624122,Centros del sector público dedicados a la atención y cuidado diurno de ancianos y discapacitados,servicio_adulto_mayor,centro_cuidado_diurno,publico,0,0,0,1,1,ADULTO MAYOR,codigo_scian_y_palabra_clave,0,,0,6 a 10 personas,CALLE,PASEO DEL LAGO,,SN,,,CALLE PASEO DEL LAGO SN COLONIA INFONAVIT IZTACALCO 08900,COLONIA,INFONAVIT IZTACALCO,08900,1,09,CIUDAD DE MÉXICO,006,Iztacalco,0001,Iztacalco,0946,044,09006,0900600010946,0900600010946044,19.38171598,-99.10259992,1,,,,Fijo,2014-12,2014,12,2020,11,2020-11
7268791,,CENTRO DE FORMACION INTEGRAL PARA PERSONAS MAYORES DE LA CIUDAD DE MEXICO,CENTRO DE FORMACION INTEGRAL PARA PERSONAS MAYORES DE LA CIUDAD DE MEXICO,GOBIERNO DE LA CIUDAD DE MEXICO,931610,Actividades administrativas de instituciones de bienestar social,servicio_adulto_mayor,otro_con_mencion_adulto_mayor,no_determinado,0,0,0,1,1,PERSONAS MAYORES,palabra_clave,1,palabra_clave_sin_codigo_scian_directo,0,6 a 10 personas,CALLE,SUR 65-A,3246,,,,CALLE SUR 65-A 3246 COLONIA VIADUCTO PIEDAD 08200,COLONIA,VIADUCTO PIEDAD,08200,1,09,CIUDAD DE MÉXICO,006,Iztacalco,0001,Iztacalco,0221,019,09006,0900600010221,0900600010221019,19.39920313,-99.13179764,1,5555123799,,WWW.ADULTOMAYOR.CDMX.GOB.MX,Fijo,2019-11,2019,11,2020,11,2020-11
7268831,,CLINICA GERIATRICA,CLINICA GERIATRICA,SERVICIOS DE SALUD PUBLICA DELA CDMX,621114,Consultorios de medicina especializada del sector público,servicio_adulto_mayor,otro_con_mencion_adulto_mayor,no_determinado,0,0,0,1,1,GERIATR,palabra_clave,1,palabra_clave_sin_codigo_scian_directo,0,31 a 50 personas,CALLE,ORIENTE 245,270,,,,CALLE ORIENTE 245 270 COLONIA AGRICOLA ORIENTAL 08500,COLONIA,AGRICOLA ORIENTAL,08500,1,09,CIUDAD DE MÉXICO,006,Iztacalco,0001,Iztacalco,0344,006,09006,0900600010344,0900600010344006,19.39432911,-99.07068993,1,,,,Fijo,2019-11,2019,11,2020,11,2020-11
7714627,,MODULO DE ATENCION AL ADULTO MAYOR,MODULO DE ATENCION AL ADULTO MAYOR,SECRETARIA DE INCLUSION Y BIENESTAR SOCIAL,931610,Actividades administrativas de instituciones de bienestar social,servicio_adulto_mayor,otro_con_mencion_adulto_mayor,no_determinado,0,0,0,1,1,ADULTO MAYOR,palabra_clave,1,palabra_clave_sin_codigo_scian_directo,0,11 a 30 personas,CALLE,6,,SN,,,CALLE 6 SN COLONIA AGRICOLA PANTITLAN 08100,COLONIA,AGRICOLA PANTITLAN,08100,1,09,CIUDAD DE MÉXICO,006,Iztacalco,0001,Iztacalco,0109,028,09006,0900600010109,0900600010109028,19.41361831,-99.05869945,1,,,,Fijo,2019-11,2019,11,2020,11,2020-11
8596717,,RESIDENCIA DEL ADULTO MAYOR ELENA PONIATOWSKA AMOR,RESIDENCIA DEL ADULTO MAYOR ELENA PONIATOWSKA AMOR,GOBIERNO,624122,Centros del sector público dedicados a la atención y cuidado diurno de ancianos y discapacitados,servicio_adulto_mayor,centro_cuidado_diurno,publico,0,0,0,1,1,ADULTO MAYOR,codigo_scian_y_palabra_clave,0,,0,6 a 10 personas,CALLE,1,,SN,,SN,CALLE 1 SN INT SN COLONIA AGRICOLA PANTITLAN 08100,COLONIA,AGRICOLA PANTITLAN,08100,1,09,CIUDAD DE MÉXICO,006,Iztacalco,0001,Iztacalco,001A,030,09006,090060001001A,090060001001A030,19.41452734,-99.06837278,1,,,,Fijo,2019-11,2019,11,2020,11,2020-11
7268776,,WELI TIENDA PARA EL ADULTO MAYOR,WELI TIENDA PARA EL ADULTO MAYOR,,464122,Comercio al por menor de artículos ortopédicos,servicio_adulto_mayor,otro_con_mencion_adulto_mayor,no_determinado,0,0,0,1,1,ADULTO MAYOR,palabra_clave,1,palabra_clave_sin_codigo_scian_directo,0,0 a 5 personas,CALLE,ORIENTE 245,0,SN,0,,CALLE ORIENTE 245 0 SN INT 0 COLONIA AGRICOLA ORIENTAL 08500,COLONIA,AGRICOLA ORIENTAL,08500,1,09,CIUDAD DE MÉXICO,006,Iztacalco,0001,Iztacalco,0344,001,09006,0900600010344,0900600010344001,19.39437842,-99.07076303,1,,,WWW.WELI.COM,Fijo,2019-11,2019,11,2020,11,2020-11
829449,,AREA VERDA RECREACION Y ESPARCIMIENTO REUNION DE ADULTOS MAYORES COLIBRI,AREA VERDA RECREACION Y ESPARCIMIENTO REUNION DE ADULTOS MAYORES COLIBRI,,813230,Asociaciones y organizaciones civiles,servicio_adulto_mayor,otro_con_mencion_adulto_mayor,no_determinado,0,0,0,1,1,ADULTOS MAYORES,palabra_clave,1,palabra_clave_sin_codigo_scian_directo,0,0 a 5 personas,CALLE,NINGUNO,,SN,,,CALLE NINGUNO SN COLONIA LOMAS ESTRELLA 09890,COLONIA,LOMAS ESTRELLA,09890,1,09,CIUDAD DE MÉXICO,007,Iztapalapa,0001,Iztapalapa,4965,001,09007,0900700014965,0900700014965001,19.32673497,-99.09338395,1,,,,Fijo,2010-07,2010,07,2020,11,2020-11
647544,,ASILO DE ANCIANOS,ASILO DE ANCIANOS,,623311,Asilos y otras residencias del sector privado para el cuidado de ancianos,servicio_adulto_mayor,residencia_cuidado,privado,0,0,0,1,1,ANCIANO|ANCIANOS,codigo_scian_y_palabra_clave,0,,0,0 a 5 personas,CALLE,VERACRUZ,14,,,,CALLE VERACRUZ 14 COLONIA ACULCO 09410,COLONIA,ACULCO,09410,1,09,CIUDAD DE MÉXICO,007,Iztapalapa,0001,Iztapalapa,038A,022,09007,090070001038A,090070001038A022,19.37536263,-99.10281784,1,5556330337,,,Fijo,2010-07,2010,07,2020,11,2020-11
8137728,,ASILO SU SANTIDAD JUAN PABLO II,ASILO SU SANTIDAD JUAN PABLO II,ASILO SU SANTIDAD JUAN PABLO II SC,623311,Asilos y otras residencias del sector privado para el cuidado de ancianos,servicio_adulto_mayor,residencia_cuidado,privado,0,0,0,1,0,,codigo_scian,0,,0,0 a 5 personas,CALLE,RAFAEL MERINO,1,A,0,,CALLE RAFAEL MERINO 1 A INT 0 COLONIA SAN SEBASTIAN TECOLOXTITLA 09520,COLONIA,SAN SEBASTIAN TECOLOXTITLA,09520,1,09,CIUDAD DE MÉXICO,007,Iztapalapa,0001,Iztapalapa,0784,004,09007,0900700010784,0900700010784004,19.3647179,-99.0167135,1,5545827628,,,Fijo,2019-11,2019,11,2020,11,2020-11
712619,,ATENCION INTEGRAL A LA SENECTUD LUZ AZTECA,ATENCION INTEGRAL A LA SENECTUD LUZ AZTECA,,623311,Asilos y otras residencias del sector privado para el cuidado de ancianos,servicio_adulto_mayor,residencia_cuidado,privado,0,0,0,1,0,,codigo_scian,0,,0,11 a 30 personas,CALLE,BIOGRAFOS,8,,,,CALLE BIOGRAFOS 8 COLONIA EL SIFON 09400,COLONIA,EL SIFON,09400,1,09,CIUDAD DE MÉXICO,007,Iztapalapa,0001,Iztapalapa,0534,018,09007,0900700010534,0900700010534018,19.37038731,-99.10939574,1,,,,Fijo,2014-12,2014,12,2020,11,2020-11
729494,,CASA DE LA TERCERA EDAD PARAISO,CASA DE LA TERCERA EDAD PARAISO,CASA DE LA TERCERA EDAD PARAISO,624122,Centros del sector público dedicados a la atención y cuidado diurno de ancianos y discapacitados,servicio_adulto_mayor,centro_cuidado_diurno,publico,0,0,0,1,1,TERCERA EDAD,codigo_scian_y_palabra_clave,0,,0,11 a 30 personas,CALLE,QUETZAL,0,SN,0,,CALLE QUETZAL 0 SN INT 0 COLONIA ALVARO OGBREGON 09230,COLONIA,ALVARO OGBREGON,09230,1,09,CIUDAD DE MÉXICO,007,Iztapalapa,0001,Iztapalapa,2441,047,09007,0900700012441,0900700012441047,19.37426013,-99.03414614,1,,,,Fijo,2014-12,2014,12,2020,11,2020-11
7747722,,CASA DE LA TERCERA EDAD SANTA CECILIA,CASA DE LA TERCERA EDAD SANTA CECILIA,,624121,Centros del sector privado dedicados a la atención y cuidado diurno de ancianos y discapacitados,servicio_adulto_mayor,centro_cuidado_diurno,privado,0,0,0,1,1,TERCERA EDAD,codigo_scian_y_palabra_clave,0,,0,0 a 5 personas,CALLE,SUR 73,222,A,,,CALLE SUR 73 222 A COLONIA BANJIDAL 09460,COLONIA,BANJIDAL,09460,1,09,CIUDAD DE MÉXICO,007,Iztapalapa,0001,Iztapalapa,0801,008,09007,0900700010801,0900700010801008,19.3596503,-99.13458338,1,,,,Fijo,2019-11,2019,11,2020,11,2020-11
789490,,CASA DEL ADLTO MAYOR CHINAMPAC DE JUAREZ,CASA DEL ADLTO MAYOR CHINAMPAC DE JUAREZ,,624122,Centros del sector público dedicados a la atención y cuidado diurno de ancianos y discapacitados,servicio_adulto_mayor,centro_cuidado_diurno,publico,0,0,0,1,0,,codigo_scian,0,,0,0 a 5 personas,CALLE,ROSARIO CASTELLANOS,,SN,,,CALLE ROSARIO CASTELLANOS SN COLONIA RENOVACION 09205,COLONIA,RENOVACION,09205,1,09,CIUDAD DE MÉXICO,007,Iztapalapa,0001,Iztapalapa,4645,001,09007,0900700014645,0900700014645001,19.37338739,-99.05184302,1,5554451073,,,Fijo,2010-07,2010,07,2020,11,2020-11
712589,,CASA DEL ADULTO MAYOR,CASA DEL ADULTO MAYOR,,624122,Centros del sector público dedicados a la atención y cuidado diurno de ancianos y discapacitados,servicio_adulto_mayor,centro_cuidado_diurno,publico,0,0,0,1,1,ADULTO MAYOR,codigo_scian_y_palabra_clave,0,,0,0 a 5 personas,EJE VIAL,5 SUR (PURISIMA),,SN,,,EJE VIAL 5 SUR (PURISIMA) SN COLONIA NUEVA ROSITA 09420,COLONIA,NUEVA ROSITA,09420,1,09,CIUDAD DE MÉXICO,007,Iztapalapa,0001,Iztapalapa,0356,003,09007,0900700010356,0900700010356003,19.3789011,-99.10909257,1,,,,Fijo,2014-12,2014,12,2020,11,2020-11
727639,,CASA DEL ADULTO MAYOR,CASA DEL ADULTO MAYOR,CASA DEL ADULTO MAYOR CAM,621212,Consultorios dentales del sector público,servicio_adulto_mayor,otro_con_mencion_adulto_mayor,no_determinado,0,0,0,1,1,ADULTO MAYOR,palabra_clave,1,palabra_clave_sin_codigo_scian_directo,0,0 a 5 personas,CALLE,JARDIN HORTENSIAS,,SN,,,CALLE JARDIN HORTENSIAS SN COLONIA EL MOLINO TEZONCO 09960,COLONIA,EL MOLINO TEZONCO,09960,1,09,CIUDAD DE MÉXICO,007,Iztapalapa,0001,Iztapalapa,433A,013,09007,090070001433A,090070001433A013,19.29538829,-99.07072819,1,,,,Fijo,2014-12,2014,12,2020,11,2020-11
7338231,,CASA DEL ADULTO MAYOR,CASA DEL ADULTO MAYOR,,624121,Centros del sector privado dedicados a la atención y cuidado diurno de ancianos y discapacitados,servicio_adulto_mayor,centro_cuidado_diurno,privado,0,0,0,1,1,ADULTO MAYOR,codigo_scian_y_palabra_clave,0,,0,6 a 10 personas,CALLE,PICOS VI B ANDADOR 10,0,SN,0,,CALLE PICOS VI B ANDADOR 10 0 SN INT 0 COLONIA PICOS VI B 09420,COLONIA,PICOS VI B,09420,1,09,CIUDAD DE MÉXICO,007,Iztapalapa,0001,Iztapalapa,0375,001,09007,0900700010375,0900700010375001,19.37949089,-99.10559899,1,,,,Fijo,2019-11,2019,11,2020,11,2020-11
7904737,,CASA DEL ADULTO MAYOR,CASA DEL ADULTO MAYOR,GOBIERNO CENTRAL,624199,Otros servicios de orientación y trabajo social prestados por el sector público,servicio_adulto_mayor,otro_con_mencion_adulto_mayor,no_determinado,0,0,0,1,1,ADULTO MAYOR,palabra_clave,1,palabra_clave_sin_codigo_scian_directo,0,11 a 30 personas,CALLE,SAN RAFAEL ATLIXCO,,SN,,,CALLE SAN RAFAEL ATLIXCO SN AMPLIACION SAN MIGUEL 09360,AMPLIACION,SAN MIGUEL,09360,1,09,CIUDAD DE MÉXICO,007,Iztapalapa,0001,Iztapalapa,1250,029,09007,0900700011250,0900700011250029,19.35230175,-99.0682585,1,,,,Fijo,2019-11,2019,11,2020,11,2020-11
713592,,CASA DEL ADULTO MAYOR ACULCO,CASA DEL ADULTO MAYOR ACULCO,GOBIERNO DEL DISTRITO FEDERAL,624122,Centros del sector público dedicados a la atención y cuidado diurno de ancianos y discapacitados,servicio_adulto_mayor,centro_cuidado_diurno,publico,0,0,0,1,1,ADULTO MAYOR,codigo_scian_y_palabra_clave,0,,0,0 a 5 personas,CALLE,ALFONSO TORO,,SN,,,CALLE ALFONSO TORO SN COLONIA SECTOR POPULAR 09060,COLONIA,SECTOR POPULAR,09060,1,09,CIUDAD DE MÉXICO,007,Iztapalapa,0001,Iztapalapa,0680,018,09007,0900700010680,0900700010680018,19.36787206,-99.11820157,1,5555812547,,,Fijo,2014-12,2014,12,2020,11,2020-11
7904615,,CASA DEL ADULTO MAYOR ANGELES DIVINOS,CASA DEL ADULTO MAYOR ANGELES DIVINOS,GOBIERNO DE LA CIUDAD DE MEXICO,624122,Centros del sector público dedicados a la atención y cuidado diurno de ancianos y discapacitados,servicio_adulto_mayor,centro_cuidado_diurno,publico,0,0,0,1,1,ADULTO MAYOR,codigo_scian_y_palabra_clave,0,,0,6 a 10 personas,CALLE,CORL. PORFIRIO DEL CASTILLO,,SN,,,CALLE CORL. PORFIRIO DEL CASTILLO SN COLONIA CONSTITUCION DE 1917 09260,COLONIA,CONSTITUCION DE 1917,09260,1,09,CIUDAD DE MÉXICO,007,Iztapalapa,0001,Iztapalapa,1443,022,09007,0900700011443,0900700011443022,19.34852485,-99.06107457,1,,,,Fijo,2019-11,2019,11,2020,11,2020-11
825471,,CASA DEL ADULTO MAYOR BENITA GALEANA TURNO MATUTINO,CASA DEL ADULTO MAYOR BENITA GALEANA TURNO MATUTINO,ALCALDIA IZTAPALAPA,624122,Centros del sector público dedicados a la atención y cuidado diurno de ancianos y discapacitados,servicio_adulto_mayor,centro_cuidado_diurno,publico,0,0,0,1,1,ADULTO MAYOR,codigo_scian_y_palabra_clave,0,,0,6 a 10 personas,AVENIDA,HERMINIO CHAVARRIA,,SN,,,AVENIDA HERMINIO CHAVARRIA SN COLONIA Z.U SANTA MARIA AZTAHUACAN 09570,COLONIA,Z.U SANTA MARIA AZTAHUACAN,09570,1,09,CIUDAD DE MÉXICO,007,Iztapalapa,0001,Iztapalapa,1091,015,09007,0900700011091,0900700011091015,19.35580846,-99.03155967,1,,,,Fijo,2010-07,2010,07,2020,11,2020-11
8522336,,CASA DEL ADULTO MAYOR BENITA GALEANA TURNO VESPERTINO,CASA DEL ADULTO MAYOR BENITA GALEANA TURNO VESPERTINO,ALCALDIA IZTAPALAPA,623312,Asilos y otras residencias del sector público para el cuidado de ancianos,servicio_adulto_mayor,residencia_cuidado,publico,0,0,0,1,1,ADULTO MAYOR,codigo_scian_y_palabra_clave,0,,0,0 a 5 personas,AVENIDA,HERMINIO CHAVARRIA,,SN,,,AVENIDA HERMINIO CHAVARRIA SN COLONIA Z.U SANTA MARIA AZTAHUACAN 09570,COLONIA,Z.U SANTA MARIA AZTAHUACAN,09570,1,09,CIUDAD DE MÉXICO,007,Iztapalapa,0001,Iztapalapa,1091,015,09007,0900700011091,0900700011091015,19.35583417,-99.03171348,1,,,,Fijo,2019-11,2019,11,2020,11,2020-11
730156,,CASA DEL ADULTO MAYOR CABEZA DE JUAREZ,CASA DEL ADULTO MAYOR CABEZA DE JUAREZ,GOBIERNO DE LA CDMX ALCALDIA IZTAPALAPA,624122,Centros del sector público dedicados a la atención y cuidado diurno de ancianos y discapacitados,servicio_adulto_mayor,centro_cuidado_diurno,publico,0,0,0,1,1,ADULTO MAYOR,codigo_scian_y_palabra_clave,0,,0,6 a 10 personas,CALLE,DECADA NACIONAL,,SN,,,CALLE DECADA NACIONAL SN COLONIA UNIDAD HAB IGNACIO ZARAGOZA 09208,COLONIA,UNIDAD HAB IGNACIO ZARAGOZA,09208,1,09,CIUDAD DE MÉXICO,007,Iztapalapa,0001,Iztapalapa,3581,018,09007,0900700013581,0900700013581018,19.3835922,-99.04378843,1,5566065375,,,Fijo,2014-12,2014,12,2020,11,2020-11
841654,,CASA DEL ADULTO MAYOR CANO T MATUTINO,CASA DEL ADULTO MAYOR CANO T MATUTINO,CASA DEL ADULTO MAYOR CAM,624122,Centros del sector público dedicados a la atención y cuidado diurno de ancianos y discapacitados,servicio_adulto_mayor,centro_cuidado_diurno,publico,0,0,0,1,1,ADULTO MAYOR,codigo_scian_y_palabra_clave,0,,0,0 a 5 personas,CALLE,JARDIN HORTENSIAS,0,SN,,,CALLE JARDIN HORTENSIAS 0 SN COLONIA EL MOLINO TEZONCO 09960,COLONIA,EL MOLINO TEZONCO,09960,1,09,CIUDAD DE MÉXICO,007,Iztapalapa,0001,Iztapalapa,433A,013,09007,090070001433A,090070001433A013,19.29547155,-99.07121769,1,,,,Fijo,2010-07,2010,07,2020,11,2020-11
731513,,CASA DEL ADULTO MAYOR COLONIAL,CASA DEL ADULTO MAYOR COLONIAL,,624122,Centros del sector público dedicados a la atención y cuidado diurno de ancianos y discapacitados,servicio_adulto_mayor,centro_cuidado_diurno,publico,0,0,0,1,1,ADULTO MAYOR,codigo_scian_y_palabra_clave,0,,0,0 a 5 personas,CALLE,MANZANA O EDIFICACION CONTIGUA,,SN,,,CALLE MANZANA O EDIFICACION CONTIGUA SN COLONIA JACARANDAS 09280,COLONIA,JACARANDAS,09280,1,09,CIUDAD DE MÉXICO,007,Iztapalapa,0001,Iztapalapa,1299,044,09007,0900700011299,0900700011299044,19.34748997,-99.05321232,1,,,,Fijo,2014-12,2014,12,2020,11,2020-11
841602,,CASA DEL ADULTO MAYOR JARDINES DE SAN LORENZO TURNO VESPERTINO,CASA DEL ADULTO MAYOR JARDINES DE SAN LORENZO TURNO VESPERTINO,,624122,Centros del sector público dedicados a la atención y cuidado diurno de ancianos y discapacitados,servicio_adulto_mayor,centro_cuidado_diurno,publico,0,0,0,1,1,ADULTO MAYOR,codigo_scian_y_palabra_clave,0,,0,6 a 10 personas,CALLE,JARDIN HORTENSIAS,,SN,,,CALLE JARDIN HORTENSIAS SN COLONIA EL MOLINO TEZONCO 09960,COLONIA,EL MOLINO TEZONCO,09960,1,09,CIUDAD DE MÉXICO,007,Iztapalapa,0001,Iztapalapa,433A,013,09007,090070001433A,090070001433A013,19.29547712,-99.0712504,1,,,,Fijo,2010-07,2010,07,2020,11,2020-11
803399,,CASA DEL ADULTO MAYOR LA CABAÑITA DE CONSTITUCION,CASA DEL ADULTO MAYOR LA CABANITA DE CONSTITUCION,GOBIERNO DE LA CIUDAD DE MEXICO,624122,Centros del sector público dedicados a la atención y cuidado diurno de ancianos y discapacitados,servicio_adulto_mayor,centro_cuidado_diurno,publico,0,0,0,1,1,ADULTO MAYOR,codigo_scian_y_palabra_clave,0,,0,0 a 5 personas,CALLE,ING. RAFAEL CURIEL,,SN,,,CALLE ING. RAFAEL CURIEL SN COLONIA CONSTITUCION DE 1917 09260,COLONIA,CONSTITUCION DE 1917,09260,1,09,CIUDAD DE MÉXICO,007,Iztapalapa,0001,Iztapalapa,1439,021,09007,0900700011439,0900700011439021,19.34952271,-99.06492273,1,,,,Fijo,2010-07,2010,07,2020,11,2020-11
761827,,CASA DEL ADULTO MAYOR LEYES DE REFORMA,CASA DEL ADULTO MAYOR LEYES DE REFORMA,GOBIERNO DE LA CIUDAD DE MEXICOI,624122,Centros del sector público dedicados a la atención y cuidado diurno de ancianos y discapacitados,servicio_adulto_mayor,centro_cuidado_diurno,publico,0,0,0,1,1,ADULTO MAYOR,codigo_scian_y_palabra_clave,0,,0,0 a 5 personas,CALLE,NINGUNO,,SN,,,CALLE NINGUNO SN COLONIA UNIDAD HAB CABEZA DE JUAREZ 09310,COLONIA,UNIDAD HAB CABEZA DE JUAREZ,09310,1,09,CIUDAD DE MÉXICO,007,Iztapalapa,0001,Iztapalapa,547A,004,09007,090070001547A,090070001547A004,19.37684307,-99.06153703,1,5538766988,,,Fijo,2010-07,2010,07,2020,11,2020-11
799088,,CASA DEL ADULTO MAYOR LLUVIA DE ESTRELLAS,CASA DEL ADULTO MAYOR LLUVIA DE ESTRELLAS,LA DELEGACION IZTAPALAPA,624112,Servicios de orientación y trabajo social para la niñez y la juventud prestados por el sector público,servicio_adulto_mayor,otro_con_mencion_adulto_mayor,no_determinado,0,0,0,1,1,ADULTO MAYOR,palabra_clave,1,palabra_clave_sin_codigo_scian_directo,0,0 a 5 personas,AVENIDA,4,,SN,,,AVENIDA 4 SN UNIDAD HABITACIONAL SANTA CRUZ MEYEHUALCO 09290,UNIDAD HABITACIONAL,SANTA CRUZ MEYEHUALCO,09290,1,09,CIUDAD DE MÉXICO,007,Iztapalapa,0001,Iztapalapa,1693,040,09007,0900700011693,0900700011693040,19.34636893,-99.03501482,1,5566718275,,,Fijo,2010-07,2010,07,2020,11,2020-11
6472186,,CASA DEL ADULTO MAYOR MARTHA REYNA,CASA DEL ADULTO MAYOR MARTHA REYNA,,813230,Asociaciones y organizaciones civiles,servicio_adulto_mayor,otro_con_mencion_adulto_mayor,no_determinado,0,0,0,1,1,ADULTO MAYOR,palabra_clave,1,palabra_clave_sin_codigo_scian_directo,0,11 a 30 personas,CALLE,VILLA CAMPA,,SN,,,CALLE VILLA CAMPA SN COLONIA DESARROLLO URBANO QUETZALCOATL 09700,COLONIA,DESARROLLO URBANO QUETZALCOATL,09700,1,09,CIUDAD DE MÉXICO,007,Iztapalapa,0001,Iztapalapa,3079,015,09007,0900700013079,0900700013079015,19.32733542,-99.04271871,1,5572160786,,,Fijo,2016-01,2016,01,2020,11,2020-11
820628,,CASA DEL ADULTO MAYOR YOLOXOCHITL,CASA DEL ADULTO MAYOR YOLOXOCHITL,DEL GOBIERNO DE LA ALCALDIA DE IZTAPALAPA,624122,Centros del sector público dedicados a la atención y cuidado diurno de ancianos y discapacitados,servicio_adulto_mayor,centro_cuidado_diurno,publico,0,0,0,1,1,ADULTO MAYOR,codigo_scian_y_palabra_clave,0,,0,0 a 5 personas,CALLE,RAFAEL SIERRA,,SN,,,CALLE RAFAEL SIERRA SN COLONIA PARAJE SAN JUAN 09830,COLONIA,PARAJE SAN JUAN,09830,1,09,CIUDAD DE MÉXICO,007,Iztapalapa,0001,Iztapalapa,159A,011,09007,090070001159A,090070001159A011,19.34172149,-99.07184061,1,,,,Fijo,2010-07,2010,07,2020,11,2020-11
8635681,,CENTRO SOCIAL DEL ADULTO MAYOR,CENTRO SOCIAL DEL ADULTO MAYOR,CENTRO SOCIAL DEL ADULTO MAYOR DE LOMAS DE LA ESTANCIA,813230,Asociaciones y organizaciones civiles,servicio_adulto_mayor,otro_con_mencion_adulto_mayor,no_determinado,0,0,0,1,1,ADULTO MAYOR,palabra_clave,1,palabra_clave_sin_codigo_scian_directo,0,0 a 5 personas,CALLE,LUNA,15,MZ76A,,,CALLE LUNA 15 MZ76A COLONIA LOMAS DE LA ESTANCIA 09640,COLONIA,LOMAS DE LA ESTANCIA,09640,1,09,CIUDAD DE MÉXICO,007,Iztapalapa,0001,Iztapalapa,3100,009,09007,0900700013100,0900700013100009,19.33769305,-99.01011643,1,,,,Fijo,2019-11,2019,11,2020,11,2020-11
730252,,CENTRO SOCIAL EJERCITO CONSTITUCIONALISTA 1 CASA DEL PUEBLO 1,CENTRO SOCIAL EJERCITO CONSTITUCIONALISTA 1 CASA DEL PUEBLO 1,,624122,Centros del sector público dedicados a la atención y cuidado diurno de ancianos y discapacitados,servicio_adulto_mayor,centro_cuidado_diurno,publico,0,0,0,1,0,,codigo_scian,0,,0,0 a 5 personas,CALLE,NINGUNO,,SN,,,CALLE NINGUNO SN COLONIA EJERCITO CONSTITUCIONALISTA 09220,COLONIA,EJERCITO CONSTITUCIONALISTA,09220,1,09,CIUDAD DE MÉXICO,007,Iztapalapa,0001,Iztapalapa,0248,001,09007,0900700010248,0900700010248001,19.38245128,-99.05214592,1,,,,Fijo,2014-12,2014,12,2020,11,2020-11
790531,,CENTRO SOCIAL EMMA GODOY,CENTRO SOCIAL EMMA GODOY,EL GOBIERNO,623312,Asilos y otras residencias del sector público para el cuidado de ancianos,servicio_adulto_mayor,residencia_cuidado,publico,0,0,0,1,0,,codigo_scian,0,,0,0 a 5 personas,CALLE,4 DOMINGO RIOS,5,Y 6,,SN,CALLE 4 DOMINGO RIOS 5 Y 6 INT SN COLONIA U.H. VICENTE GUERRERO 09200,COLONIA,U.H. VICENTE GUERRERO,09200,1,09,CIUDAD DE MÉXICO,007,Iztapalapa,0001,Iztapalapa,3721,009,09007,0900700013721,0900700013721009,19.36178591,-99.06262959,1,,,,Fijo,2010-07,2010,07,2020,11,2020-11
8138058,,CONSEJO DE ANCIANOS LOS AÑOS FELICES,CONSEJO DE ANCIANOS LOS ANOS FELICES,,624122,Centros del sector público dedicados a la atención y cuidado diurno de ancianos y discapacitados,servicio_adulto_mayor,centro_cuidado_diurno,publico,0,0,0,1,1,ANCIANO|ANCIANOS,codigo_scian_y_palabra_clave,0,,0,6 a 10 personas,CALLE,VICENTE GUERRERO,,SN,,,CALLE VICENTE GUERRERO SN PUEBLO SANTA MARIA AZTAHUACAN 09500,PUEBLO,SANTA MARIA AZTAHUACAN,09500,1,09,CIUDAD DE MÉXICO,007,Iztapalapa,0001,Iztapalapa,1710,001,09007,0900700011710,0900700011710001,19.34924472,-99.02338167,1,,,,Fijo,2019-11,2019,11,2020,11,2020-11
7737297,,CONSULTORIO DENTAL CASA ADULTO MAYOR,CONSULTORIO DENTAL CASA ADULTO MAYOR,,621212,Consultorios dentales del sector público,servicio_adulto_mayor,otro_con_mencion_adulto_mayor,no_determinado,0,0,0,1,1,ADULTO MAYOR,palabra_clave,1,palabra_clave_sin_codigo_scian_directo,0,0 a 5 personas,CALLE,25 DE SEPTIEMBRE DE 1873,,SN,,,CALLE 25 DE SEPTIEMBRE DE 1873 SN COLONIA UNIDAD HAB CABEZA DE JUAREZ 09310,COLONIA,UNIDAD HAB CABEZA DE JUAREZ,09310,1,09,CIUDAD DE MÉXICO,007,Iztapalapa,0001,Iztapalapa,547A,008,09007,090070001547A,090070001547A008,19.37669983,-99.06179258,1,,,,Fijo,2019-11,2019,11,2020,11,2020-11
8629493,,ESTANCIA DE DIA PARA ADULTOS MAYORES LA CASA DEL ABUELITO SAROME,ESTANCIA DE DIA PARA ADULTOS MAYORES LA CASA DEL ABUELITO SAROME,,623311,Asilos y otras residencias del sector privado para el cuidado de ancianos,servicio_adulto_mayor,residencia_cuidado,privado,0,0,0,1,1,ADULTOS MAYORES,codigo_scian_y_palabra_clave,0,,0,0 a 5 personas,CALLE,SUR 107,341,A,,,CALLE SUR 107 341 A COLONIA HEROES DE CHURUBUSCO 09090,COLONIA,HEROES DE CHURUBUSCO,09090,1,09,CIUDAD DE MÉXICO,007,Iztapalapa,0001,Iztapalapa,0939,020,09007,0900700010939,0900700010939020,19.36098395,-99.11827519,1,,,,Fijo,2019-11,2019,11,2020,11,2020-11
711996,,FUNDACION MI QUERIDO ABUELO,FUNDACION MI QUERIDO ABUELO,SEDESOL AC,623311,Asilos y otras residencias del sector privado para el cuidado de ancianos,servicio_adulto_mayor,residencia_cuidado,privado,0,0,0,1,0,,codigo_scian,0,,0,0 a 5 personas,CALLE,SUR 79-A,304,,0,,CALLE SUR 79-A 304 INT 0 COLONIA SINATEL 09470,COLONIA,SINATEL,09470,1,09,CIUDAD DE MÉXICO,007,Iztapalapa,0001,Iztapalapa,0642,016,09007,0900700010642,0900700010642016,19.36103519,-99.13079945,1,,,,Fijo,2014-12,2014,12,2020,11,2020-11
838527,,GRUPO DE LA TERCERA EDAD SAN LORENZO TEZONCO,GRUPO DE LA TERCERA EDAD SAN LORENZO TEZONCO,ALCALDIA IZTAPALAPA,624122,Centros del sector público dedicados a la atención y cuidado diurno de ancianos y discapacitados,servicio_adulto_mayor,centro_cuidado_diurno,publico,0,0,0,1,1,TERCERA EDAD,codigo_scian_y_palabra_clave,0,,0,0 a 5 personas,CALLE,SAN LORENZO,0,SN,0,,CALLE SAN LORENZO 0 SN INT 0 PUEBLO SAN LORENZO TEZONCO 09790,PUEBLO,SAN LORENZO TEZONCO,09790,1,09,CIUDAD DE MÉXICO,007,Iztapalapa,0001,Iztapalapa,2102,001,09007,0900700012102,0900700012102001,19.31027665,-99.06851707,1,,,,Fijo,2010-07,2010,07,2020,11,2020-11
653613,,GRUPO DE TERCERA EDAD UNIDAD MODELO,GRUPO DE TERCERA EDAD UNIDAD MODELO,INAPAM,624122,Centros del sector público dedicados a la atención y cuidado diurno de ancianos y discapacitados,servicio_adulto_mayor,centro_cuidado_diurno,publico,0,0,0,1,1,INAPAM|TERCERA EDAD,codigo_scian_y_palabra_clave,0,,0,0 a 5 personas,AVENIDA,UNIDAD MODELO,,SN,,,AVENIDA UNIDAD MODELO SN COLONIA UNIDAD MODELO 09089,COLONIA,UNIDAD MODELO,09089,1,09,CIUDAD DE MÉXICO,007,Iztapalapa,0001,Iztapalapa,0816,021,09007,0900700010816,0900700010816021,19.36256849,-99.12580858,1,5556462364,,,Fijo,2010-07,2010,07,2020,11,2020-11
8612296,,GRUPO SENECTUD ACTIVA,GRUPO SENECTUD ACTIVA,GOBIERNO DE LA CIUDAD DE MEXICO,624122,Centros del sector público dedicados a la atención y cuidado diurno de ancianos y discapacitados,servicio_adulto_mayor,centro_cuidado_diurno,publico,0,0,0,1,0,,codigo_scian,0,,0,0 a 5 personas,AVENIDA,REVOLUCION SOCIAL,,SN,,,AVENIDA REVOLUCION SOCIAL SN UNIDAD HABITACIONAL UNIDAD VICENTE GUERRERO 09200,UNIDAD HABITACIONAL,UNIDAD VICENTE GUERRERO,09200,1,09,CIUDAD DE MÉXICO,007,Iztapalapa,0001,Iztapalapa,1053,005,09007,0900700011053,0900700011053005,19.35275263,-99.05743831,1,,,,Fijo,2019-11,2019,11,2020,11,2020-11
711507,,INSTITUTO DE ATENCIÓN DE ADULTOS MAYORES EN EL DISTRITO FEDERAL,INSTITUTO DE ATENCION DE ADULTOS MAYORES EN EL DISTRITO FEDERAL,GOBIERNO,624122,Centros del sector público dedicados a la atención y cuidado diurno de ancianos y discapacitados,servicio_adulto_mayor,centro_cuidado_diurno,publico,0,0,0,1,1,ADULTOS MAYORES,codigo_scian_y_palabra_clave,0,,0,11 a 30 personas,CALLE,INDEPENDENCIA,20,,,,CALLE INDEPENDENCIA 20 COLONIA MARIA DEL CARMEN 03500,COLONIA,MARIA DEL CARMEN,03500,1,09,CIUDAD DE MÉXICO,007,Iztapalapa,0001,Iztapalapa,0483,024,09007,0900700010483,0900700010483024,19.37600384,-99.13447796,1,,,,Fijo,2014-12,2014,12,2020,11,2020-11
720780,,INSTITUTO NACIONAL DE LAS PERSONAS ADULTAS MAYORES,INSTITUTO NACIONAL DE LAS PERSONAS ADULTAS MAYORES,SECRETARÍA DE DESARROLLO DE BIENESTAR SOCIAL,931610,Actividades administrativas de instituciones de bienestar social,servicio_adulto_mayor,otro_con_mencion_adulto_mayor,no_determinado,0,0,0,1,1,ADULTAS MAYORES,palabra_clave,1,palabra_clave_sin_codigo_scian_directo,0,11 a 30 personas,CALLE,FERROCARRIL SAN RAFAEL ATLIXCO,275,,,,CALLE FERROCARRIL SAN RAFAEL ATLIXCO 275 COLONIA GUADALUPE DEL MORAL 09300,COLONIA,GUADALUPE DEL MORAL,09300,1,09,CIUDAD DE MÉXICO,007,Iztapalapa,0001,Iztapalapa,3666,048,09007,0900700013666,0900700013666048,19.36323373,-99.07453131,1,555531099798,,,Fijo,2014-12,2014,12,2020,11,2020-11
818706,,MODULO CARLOTA BOTEY ESTAPE,MODULO CARLOTA BOTEY ESTAPE,DELEGACION IZTAPALAPA,624122,Centros del sector público dedicados a la atención y cuidado diurno de ancianos y discapacitados,servicio_adulto_mayor,centro_cuidado_diurno,publico,0,0,0,1,0,,codigo_scian,0,,0,0 a 5 personas,CALLE,VERBENA,0,SN,0,,CALLE VERBENA 0 SN INT 0 COLONIA LOS ANGELES 09830,COLONIA,LOS ANGELES,09830,1,09,CIUDAD DE MÉXICO,007,Iztapalapa,0001,Iztapalapa,2808,007,09007,0900700012808,0900700012808007,19.34099417,-99.06617489,1,,,,Fijo,2010-07,2010,07,2020,11,2020-11
655091,,MODULO SAN JUANICO NEXTIPAC,MODULO SAN JUANICO NEXTIPAC,GOBIERNO DELEGACION IZTAPALAPA,624122,Centros del sector público dedicados a la atención y cuidado diurno de ancianos y discapacitados,servicio_adulto_mayor,centro_cuidado_diurno,publico,0,0,0,1,0,,codigo_scian,0,,0,6 a 10 personas,CALLE,IGNACIO ALLENDE,,SN,,,CALLE IGNACIO ALLENDE SN COLONIA SAN JUANICO NEXTIPAC 09400,COLONIA,SAN JUANICO NEXTIPAC,09400,1,09,CIUDAD DE MÉXICO,007,Iztapalapa,0001,Iztapalapa,3647,022,09007,0900700013647,0900700013647022,19.37359497,-99.11722997,1,,,,Fijo,2010-07,2010,07,2020,11,2020-11
821816,,OBRA BEATO LUIS GUANELLA,OBRA BEATO LUIS GUANELLA,OBRA BEATO LUIS GUANELLA AC,624121,Centros del sector privado dedicados a la atención y cuidado diurno de ancianos y discapacitados,servicio_adulto_mayor,centro_cuidado_diurno,privado,0,0,0,1,0,,codigo_scian,0,,0,11 a 30 personas,CALLE,ARRAYAN,8,MZ 11,,,CALLE ARRAYAN 8 MZ 11 COLONIA SAN MIGUEL TEOTONGO SECCION CAPILLA 09630,COLONIA,SAN MIGUEL TEOTONGO SECCION CAPILLA,09630,1,09,CIUDAD DE MÉXICO,007,Iztapalapa,0001,Iztapalapa,294A,021,09007,090070001294A,090070001294A021,19.34381817,-98.99129454,1,,,,Fijo,2010-07,2010,07,2020,11,2020-11
1021344,,ASOCIACION PARA LA INTEGRACION PERSONAS CON DISCAPACIDAD,ASOCIACION PARA LA INTEGRACION PERSONAS CON DISCAPACIDAD,,624121,Centros del sector privado dedicados a la atención y cuidado diurno de ancianos y discapacitados,servicio_adulto_mayor,centro_cuidado_diurno,privado,0,0,0,1,0,,codigo_scian,0,,0,0 a 5 personas,CALLE,SONORA,0,SN,,,CALLE SONORA 0 SN COLONIA HEROES DE PADIERNA 10700,COLONIA,HEROES DE PADIERNA,10700,1,09,CIUDAD DE MÉXICO,008,La Magdalena Contreras,0001,La Magdalena Contreras,0283,020,09008,0900800010283,0900800010283020,19.31502274,-99.22650785,1,5565506596,,,Fijo,2010-07,2010,07,2020,11,2020-11
8507684,,ATENCION A PERSONAS CON DISCAPACIDAD,ATENCION A PERSONAS CON DISCAPACIDAD,ALCALDIA LA MAGDALENA CONTRERAS,624122,Centros del sector público dedicados a la atención y cuidado diurno de ancianos y discapacitados,servicio_adulto_mayor,centro_cuidado_diurno,publico,0,0,0,1,0,,codigo_scian,0,,0,0 a 5 personas,AVENIDA,OAXACA,,SN,,,AVENIDA OAXACA SN COLONIA HEROES DE PADIERNA 10700,COLONIA,HEROES DE PADIERNA,10700,1,09,CIUDAD DE MÉXICO,008,La Magdalena Contreras,0001,La Magdalena Contreras,0283,020,09008,0900800010283,0900800010283020,19.31520152,-99.22624527,1,,,,Fijo,2019-11,2019,11,2020,11,2020-11
8387102,,CASA DE DESCANSO DE LA TERCERA EDAD SENIOR CLUB MEXICO,CASA DE DESCANSO DE LA TERCERA EDAD SENIOR CLUB MEXICO,SENIOR CLUB MEXICO S DE R L DE C V,623311,Asilos y otras residencias del sector privado para el cuidado de ancianos,servicio_adulto_mayor,residencia_cuidado,privado,0,0,0,1,1,TERCERA EDAD,codigo_scian_y_palabra_clave,0,,0,6 a 10 personas,CERRADA,PRESA ESCOLTA,19,,,,CERRADA PRESA ESCOLTA 19 COLONIA SAN JERONIMO LIDICE 10200,COLONIA,SAN JERONIMO LIDICE,10200,1,09,CIUDAD DE MÉXICO,008,La Magdalena Contreras,0001,La Magdalena Contreras,0052,001,09008,0900800010052,0900800010052001,19.32999213,-99.2218468,1,55951148,,SENIORCLUBMEXICO.COM,Fijo,2019-11,2019,11,2020,11,2020-11
8695022,,CASA DE DIA DEL ADULTO MAYOR EL ROSAL,CASA DE DIA DEL ADULTO MAYOR EL ROSAL,ALCALDIA LA MAGDALENA CONTRERAS,624122,Centros del sector público dedicados a la atención y cuidado diurno de ancianos y discapacitados,servicio_adulto_mayor,centro_cuidado_diurno,publico,0,0,0,1,1,ADULTO MAYOR,codigo_scian_y_palabra_clave,0,,0,31 a 50 personas,CALLE,HUAYATLA,,SN,,,CALLE HUAYATLA SN COLONIA NUEVO PUEBLO BAJO 10640,COLONIA,NUEVO PUEBLO BAJO,10640,1,09,CIUDAD DE MÉXICO,008,La Magdalena Contreras,0001,La Magdalena Contreras,0300,023,09008,0900800010300,0900800010300023,19.30532712,-99.24850752,1,,,,Fijo,2019-11,2019,11,2020,11,2020-11
7705703,,INSTITUTO NACIONAL DEE GERIATRIA,INSTITUTO NACIONAL DEE GERIATRIA,SECRETARIA DE SALUD,624122,Centros del sector público dedicados a la atención y cuidado diurno de ancianos y discapacitados,servicio_adulto_mayor,centro_cuidado_diurno,publico,0,0,0,1,1,GERIATR,codigo_scian_y_palabra_clave,0,,0,51 a 100 personas,AVENIDA,CONTRERAS,428,,0,,AVENIDA CONTRERAS 428 INT 0 COLONIA SAN JERONIMO LIDICE 10200,COLONIA,SAN JERONIMO LIDICE,10200,1,09,CIUDAD DE MÉXICO,008,La Magdalena Contreras,0001,La Magdalena Contreras,0086,010,09008,0900800010086,0900800010086010,19.32741386,-99.21537704,1,,contacto.geriatria@salud.gob.mx,WWW.GERIATRIA.SALUD.GOB.MX,Fijo,2019-11,2019,11,2020,11,2020-11
6258692,,RESIDENCIA LAS MAGNOLIAS,RESIDENCIA LAS MAGNOLIAS,FUNDACION BRINGAS HAGHENBECK IAP,623311,Asilos y otras residencias del sector privado para el cuidado de ancianos,servicio_adulto_mayor,residencia_cuidado,privado,0,0,0,1,0,,codigo_scian,0,,0,31 a 50 personas,CALLE,FERROCARRIL DE CUERNAVACA,,SN,165,,CALLE FERROCARRIL DE CUERNAVACA SN INT 165 COLONIA LA CRUZ 10800,COLONIA,LA CRUZ,10800,1,09,CIUDAD DE MÉXICO,008,La Magdalena Contreras,0001,La Magdalena Contreras,025A,015,09008,090080001025A,090080001025A015,19.31045003,-99.23676648,1,5514736034,lasmagnolias@fbh.org.mx,WWW.RESIDENCIALASMAGNOLIAS.ORG.MX,Fijo,2010-07,2010,07,2020,11,2020-11
1050979,,RESIDENCIA SAN JOSÉ,RESIDENCIA SAN JOSE,"ASOCIACION DE EX ALUMNAS DEL COLEGIO FRANCES, A.C.",623311,Asilos y otras residencias del sector privado para el cuidado de ancianos,servicio_adulto_mayor,residencia_cuidado,privado,0,0,0,1,0,,codigo_scian,0,,0,11 a 30 personas,CALLE,OCOTEPEC,39,,0,,CALLE OCOTEPEC 39 INT 0 COLONIA SAN JERONIMO LIDICE 10200,COLONIA,SAN JERONIMO LIDICE,10200,1,09,CIUDAD DE MÉXICO,008,La Magdalena Contreras,0001,La Magdalena Contreras,0052,018,09008,0900800010052,0900800010052018,19.32776189,-99.22624396,1,,asoc-exalumnas@colegio-frances.edu.mx,,Fijo,2010-07,2010,07,2020,11,2020-11
7706282,,SERVICIO AL DULTO MAYOR,SERVICIO AL DULTO MAYOR,ALCALDIA LA MAGDALENA CONTRERAS,623312,Asilos y otras residencias del sector público para el cuidado de ancianos,servicio_adulto_mayor,residencia_cuidado,publico,0,0,0,1,0,,codigo_scian,0,,0,0 a 5 personas,AVENIDA,OAXACA,,SN,,,AVENIDA OAXACA SN COLONIA HEROES DE PADIERNA 10700,COLONIA,HEROES DE PADIERNA,10700,1,09,CIUDAD DE MÉXICO,008,La Magdalena Contreras,0001,La Magdalena Contreras,0283,020,09008,0900800010283,0900800010283020,19.31519447,-99.22629085,1,,,,Fijo,2019-11,2019,11,2020,11,2020-11
1023314,,TECHO EDUCACION Y AYUDA AC,TECHO EDUCACION Y AYUDA AC,TECHO EDUCACION Y AYUDA AC,623311,Asilos y otras residencias del sector privado para el cuidado de ancianos,servicio_adulto_mayor,residencia_cuidado,privado,0,0,0,1,0,,codigo_scian,0,,0,51 a 100 personas,AVENIDA,Guerrero,105,C,0,,AVENIDA Guerrero 105 C INT 0 COLONIA HEROES DE PADIERNA 10700,COLONIA,HEROES DE PADIERNA,10700,1,09,CIUDAD DE MÉXICO,008,La Magdalena Contreras,0001,La Magdalena Contreras,0283,015,09008,0900800010283,0900800010283015,19.31269008,-99.22280178,1,,techoeducacionyayuda@prodigy.net.mx,RESIDENCIAMATER.ORG,Fijo,2010-07,2010,07,2020,11,2020-11
6309651,,ALBERGUE RAMON ARBIDE,ALBERGUE RAMON ARBIDE,FUNDACION DE OBRAS SOCIALES DE SAN VICENTE IAP,623311,Asilos y otras residencias del sector privado para el cuidado de ancianos,servicio_adulto_mayor,residencia_cuidado,privado,0,0,0,1,0,,codigo_scian,0,,0,31 a 50 personas,CALLE,TORDO,10,,,,CALLE TORDO 10 COLONIA TACUBAYA 11870,COLONIA,TACUBAYA,11870,1,09,CIUDAD DE MÉXICO,016,Miguel Hidalgo,0001,Miguel Hidalgo,1156,029,09016,0901600011156,0901600011156029,19.40048723,-99.18883283,1,,,WWW.FUNDACIONDEOBRASSOCIALES.ORG,Fijo,2010-07,2010,07,2020,11,2020-11
7444623,,CASA DE DIA PARA EL ADULTO MAYOR,CASA DE DIA PARA EL ADULTO MAYOR,CQASA DE DIA PARA EL ADULTO MAYOR DEL I S S S T E,623312,Asilos y otras residencias del sector público para el cuidado de ancianos,servicio_adulto_mayor,residencia_cuidado,publico,0,0,0,1,1,ADULTO MAYOR,codigo_scian_y_palabra_clave,0,,0,11 a 30 personas,CALLE,BRADLEY,72,,,,CALLE BRADLEY 72 COLONIA ANZURES 11590,COLONIA,ANZURES,11590,1,09,CIUDAD DE MÉXICO,016,Miguel Hidalgo,0001,Miguel Hidalgo,0694,001,09016,0901600010694,0901600010694001,19.43253445,-99.17883198,1,,,,Fijo,2019-11,2019,11,2020,11,2020-11
751654,,CENTRO INTEGRAL MIGUEL HIDALGO INAPAM,CENTRO INTEGRAL MIGUEL HIDALGO INAPAM,DEPENDENCIA SEDESOL GOBIERNO FEDERAL MODULO DE AFILIACION DEL INAPAM,931610,Actividades administrativas de instituciones de bienestar social,servicio_adulto_mayor,otro_con_mencion_adulto_mayor,no_determinado,0,0,0,1,1,INAPAM,palabra_clave,1,palabra_clave_sin_codigo_scian_directo,0,6 a 10 personas,AVENIDA,CALZADA LEGARIA,373,,,,AVENIDA CALZADA LEGARIA 373 COLONIA PANTEON FRANCES 11260,COLONIA,PANTEON FRANCES,11260,1,09,CIUDAD DE MÉXICO,016,Miguel Hidalgo,0001,Miguel Hidalgo,0247,003,09016,0901600010247,0901600010247003,19.45006185,-99.20353177,1,5528730168,,WWW.INAPAM.GOB.MX,Fijo,2010-07,2010,07,2020,11,2020-11
752864,,CENTRO LABORAL MEXICO IAP,CENTRO LABORAL MEXICO IAP,CENTRO LABORAL MEXICO IAP,624121,Centros del sector privado dedicados a la atención y cuidado diurno de ancianos y discapacitados,servicio_adulto_mayor,centro_cuidado_diurno,privado,0,0,0,1,0,,codigo_scian,0,,0,31 a 50 personas,CERRADA,PRIMERA IGNACIO ALLENDE,27,,0,,CERRADA PRIMERA IGNACIO ALLENDE 27 INT 0 COLONIA AMPLIACION TORRE BLANCA 11289,COLONIA,AMPLIACION TORRE BLANCA,11289,1,09,CIUDAD DE MÉXICO,016,Miguel Hidalgo,0001,Miguel Hidalgo,0124,011,09016,0901600010124,0901600010124011,19.45423828,-99.20015588,1,,contacto@celamex.org.mx,WWW.CELAMEX.ORG.MX,Fijo,2010-07,2010,07,2020,11,2020-11
751648,,CENTRO SOCIAL UNIVERSIDAD DE VIDA DE PERSONAS MAYORES,CENTRO SOCIAL UNIVERSIDAD DE VIDA DE PERSONAS MAYORES,DELEGACIÓN MIGUEL HIDALGO,624122,Centros del sector público dedicados a la atención y cuidado diurno de ancianos y discapacitados,servicio_adulto_mayor,centro_cuidado_diurno,publico,0,0,0,1,1,PERSONAS MAYORES,codigo_scian_y_palabra_clave,0,,0,6 a 10 personas,AVENIDA,CALZADA LEGARIA,373,,,,AVENIDA CALZADA LEGARIA 373 COLONIA PANTEON FRANCES 11260,COLONIA,PANTEON FRANCES,11260,1,09,CIUDAD DE MÉXICO,016,Miguel Hidalgo,0001,Miguel Hidalgo,0247,003,09016,0901600010247,0901600010247003,19.45006185,-99.20353177,1,5553995126,,,Fijo,2010-07,2010,07,2020,11,2020-11
687140,,FUNDACIÓN PARA EL BIENESTAR DEL ADULTO MAYOR I.A.P.,FUNDACION PARA EL BIENESTAR DEL ADULTO MAYOR I A P,FUNDACION PARA EL BIENESTAR DEL ADULTO MAYOR IAP,813230,Asociaciones y organizaciones civiles,servicio_adulto_mayor,otro_con_mencion_adulto_mayor,no_determinado,0,0,0,1,1,ADULTO MAYOR,palabra_clave,1,palabra_clave_sin_codigo_scian_directo,0,0 a 5 personas,CALLE,BAHIA MANGUEIRA,73,,,,CALLE BAHIA MANGUEIRA 73 COLONIA VERONICA ANZURES 11300,COLONIA,VERONICA ANZURES,11300,1,09,CIUDAD DE MÉXICO,016,Miguel Hidalgo,0001,Miguel Hidalgo,0603,015,09016,0901600010603,0901600010603015,19.43516532,-99.17636063,1,5555758006,,,Fijo,2014-12,2014,12,2020,11,2020-11
769828,,HOGAR DOCTOR GONZALO COSIO DUCOING,HOGAR DOCTOR GONZALO COSIO DUCOING,,623311,Asilos y otras residencias del sector privado para el cuidado de ancianos,servicio_adulto_mayor,residencia_cuidado,privado,0,0,0,1,0,,codigo_scian,0,,0,11 a 30 personas,AVENIDA,MONTES PIRINEOS,750,,,,AVENIDA MONTES PIRINEOS 750 COLONIA LOMAS DE CHAPULTEPEC 11000,COLONIA,LOMAS DE CHAPULTEPEC,11000,1,09,CIUDAD DE MÉXICO,016,Miguel Hidalgo,0001,Miguel Hidalgo,0942,016,09016,0901600010942,0901600010942016,19.42082502,-99.21594733,1,5552825689,aepa_gcd@yahoo.com,WWW.FUNDACIONCOSIODUCOING.IAP.ORG.MX,Fijo,2010-07,2010,07,2020,11,2020-11
691775,,JARDIN DEL ADULTO MAYOR ENRIQUE EUQUERIO GUERRERO,JARDIN DEL ADULTO MAYOR ENRIQUE EUQUERIO GUERRERO,SMA.DIR BOSQUE DE CHAPULTEPEC,624122,Centros del sector público dedicados a la atención y cuidado diurno de ancianos y discapacitados,servicio_adulto_mayor,centro_cuidado_diurno,publico,0,0,0,1,1,ADULTO MAYOR,codigo_scian_y_palabra_clave,0,,0,31 a 50 personas,AVENIDA,CALZADA CHIVATITO,,SN,,,AVENIDA CALZADA CHIVATITO SN COLONIA BOSQUE DE LA TERCERA EDAD CHAPULTEPEC I SECCION 11100,COLONIA,BOSQUE DE LA TERCERA EDAD CHAPULTEPEC I SECCION,11100,1,09,CIUDAD DE MÉXICO,016,Miguel Hidalgo,0001,Miguel Hidalgo,0798,009,09016,0901600010798,0901600010798009,19.42374492,-99.19219792,1,5552562833,,,Fijo,2014-12,2014,12,2020,11,2020-11
8228761,,LA CASA DE LAS LUNAS,LA CASA DE LAS LUNAS,LA CASA DE LAS LUNAS SA DE CV,623311,Asilos y otras residencias del sector privado para el cuidado de ancianos,servicio_adulto_mayor,residencia_cuidado,privado,0,0,0,1,0,,codigo_scian,0,,0,6 a 10 personas,CALLE,HALLEY,43,,,,CALLE HALLEY 43 COLONIA ANZURES 11590,COLONIA,ANZURES,11590,1,09,CIUDAD DE MÉXICO,016,Miguel Hidalgo,0001,Miguel Hidalgo,0707,001,09016,0901600010707,0901600010707001,19.43528564,-99.17839533,1,,senex.sapiens.mex@gmail.com,WWW.LACASADELASLUNAS.COM,Fijo,2019-11,2019,11,2020,11,2020-11
6258815,,RESIDENCIA FUNDACION MIER Y PESADO,RESIDENCIA FUNDACION MIER Y PESADO,FUNDACION MIER Y PESADO IAP,623311,Asilos y otras residencias del sector privado para el cuidado de ancianos,servicio_adulto_mayor,residencia_cuidado,privado,0,0,0,1,0,,codigo_scian,0,,0,51 a 100 personas,CALLE,ANTONIO MACEO,38,,0,,CALLE ANTONIO MACEO 38 INT 0 COLONIA TACUBAYA 11870,COLONIA,TACUBAYA,11870,1,09,CIUDAD DE MÉXICO,016,Miguel Hidalgo,0001,Miguel Hidalgo,1175,004,09016,0901600011175,0901600011175004,19.40511134,-99.18510598,1,,contacto@fundacionmierypesado.org.mx,WWW.FUNDACIONMIERYPESADO.ORG.MX,Fijo,2010-07,2010,07,2020,11,2020-11
7642982,,CASA DEL ADULTO MAYOR SAN PEDRO ATOCPAN,CASA DEL ADULTO MAYOR SAN PEDRO ATOCPAN,ALCALDIA MILPA ALTA,624122,Centros del sector público dedicados a la atención y cuidado diurno de ancianos y discapacitados,servicio_adulto_mayor,centro_cuidado_diurno,publico,0,0,0,1,1,ADULTO MAYOR,codigo_scian_y_palabra_clave,0,,0,6 a 10 personas,CALLE,ATZAYACATL,,SN,,,CALLE ATZAYACATL SN PUEBLO SAN PEDRO ATOCPAN 12200,PUEBLO,SAN PEDRO ATOCPAN,12200,1,09,CIUDAD DE MÉXICO,009,Milpa Alta,0029,San Pedro Atocpan,044A,005,09009,090090029044A,090090029044A005,19.20233018,-99.05232739,1,,,,Fijo,2019-11,2019,11,2020,11,2020-11
877722,,CLUB DE LA TERCERA EDAD MILPA ALTA,CLUB DE LA TERCERA EDAD MILPA ALTA,GOBIERNO DEL DISTRITO FEDERAL,624122,Centros del sector público dedicados a la atención y cuidado diurno de ancianos y discapacitados,servicio_adulto_mayor,centro_cuidado_diurno,publico,0,0,0,1,1,TERCERA EDAD,codigo_scian_y_palabra_clave,0,,0,0 a 5 personas,CALLE,AVENIDA MEXICO SUR,0,SN,0,,CALLE AVENIDA MEXICO SUR 0 SN INT 0 BARRIO JALISTO PONIENTE 12000,BARRIO,JALISTO PONIENTE,12000,1,09,CIUDAD DE MÉXICO,009,Milpa Alta,0001,Villa Milpa Alta,0026,004,09009,0900900010026,0900900010026004,19.19133661,-99.02388038,1,,,,Fijo,2010-07,2010,07,2020,11,2020-11
950581,,GRUPO OZTOTLITLA INAPAM,GRUPO OZTOTLITLA INAPAM,BIENESTAR INAPAM,624122,Centros del sector público dedicados a la atención y cuidado diurno de ancianos y discapacitados,servicio_adulto_mayor,centro_cuidado_diurno,publico,0,0,0,1,1,INAPAM,codigo_scian_y_palabra_clave,0,,0,6 a 10 personas,CALLE,AVENIDA VICENTE GUERRERO,0,SN,0,,CALLE AVENIDA VICENTE GUERRERO 0 SN INT 0 PUEBLO SAN PABLO OZTOTEPEC 12400,PUEBLO,SAN PABLO OZTOTEPEC,12400,1,09,CIUDAD DE MÉXICO,009,Milpa Alta,0024,San Pablo Oztotepec,0219,056,09009,0900900240219,0900900240219056,19.18446818,-99.07112142,1,,,,Fijo,2014-12,2014,12,2020,11,2020-11
7729420,,ALZHEIMER MEXICO,ALZHEIMER MEXICO,ALZHEIMER MEXICO AC,624121,Centros del sector privado dedicados a la atención y cuidado diurno de ancianos y discapacitados,servicio_adulto_mayor,centro_cuidado_diurno,privado,0,0,0,1,0,,codigo_scian,0,,0,11 a 30 personas,CALLE,MONEDA,90,,0,,CALLE MONEDA 90 INT 0 COLONIA TLALPAN CENTRO 14000,COLONIA,TLALPAN CENTRO,14000,1,09,CIUDAD DE MÉXICO,012,Tlalpan,0001,Tlalpan,038A,003,09012,090120001038A,090120001038A003,19.2898475,-99.16973863,1,,alzheimermexico@hotmail.com,WWW.ALZHEIMERMEXICO.ORG,Fijo,2019-11,2019,11,2020,11,2020-11
7729182,,ASILO RESIDENCIA PARIS,ASILO RESIDENCIA PARIS,,623311,Asilos y otras residencias del sector privado para el cuidado de ancianos,servicio_adulto_mayor,residencia_cuidado,privado,0,0,0,1,0,,codigo_scian,0,,0,6 a 10 personas,CALLE,CONTOY,208,,,,CALLE CONTOY 208 COLONIA LOMAS DE PADIERNA 14240,COLONIA,LOMAS DE PADIERNA,14240,1,09,CIUDAD DE MÉXICO,012,Tlalpan,0001,Tlalpan,0642,009,09012,0901200010642,0901200010642009,19.28999714,-99.22101726,1,,,,Fijo,2019-11,2019,11,2020,11,2020-11
8602100,,ASILO RESIDENCIAL CEREZOS,ASILO RESIDENCIAL CEREZOS,RESIDENCIAL CEREZOS AC,623311,Asilos y otras residencias del sector privado para el cuidado de ancianos,servicio_adulto_mayor,residencia_cuidado,privado,0,0,0,1,0,,codigo_scian,0,,0,6 a 10 personas,CERRADA,CEREZOS,22,,,,CERRADA CEREZOS 22 COLONIA GUADALUPE 14389,COLONIA,GUADALUPE,14389,1,09,CIUDAD DE MÉXICO,012,Tlalpan,0001,Tlalpan,0981,003,09012,0901200010981,0901200010981003,19.28658708,-99.14778318,1,5522720100,,,Fijo,2019-11,2019,11,2020,11,2020-11
859889,,CASA DE ADULTO MAYOR LOS VERGELES,CASA DE ADULTO MAYOR LOS VERGELES,GOBIERNO DEL DISTRITO FEDERAL,624122,Centros del sector público dedicados a la atención y cuidado diurno de ancianos y discapacitados,servicio_adulto_mayor,centro_cuidado_diurno,publico,0,0,0,1,1,ADULTO MAYOR,codigo_scian_y_palabra_clave,0,,0,11 a 30 personas,CALLE,EJIDO,0,SN,0,,CALLE EJIDO 0 SN INT 0 COLONIA VERGEL DEL SUR 14340,COLONIA,VERGEL DEL SUR,14340,1,09,CIUDAD DE MÉXICO,012,Tlalpan,0001,Tlalpan,0214,017,09012,0901200010214,0901200010214017,19.30127494,-99.13789732,1,,,,Fijo,2010-07,2010,07,2020,11,2020-11
7719025,,CASA DE DESCANSO ADULTO MAYOR,CASA DE DESCANSO ADULTO MAYOR,,623311,Asilos y otras residencias del sector privado para el cuidado de ancianos,servicio_adulto_mayor,residencia_cuidado,privado,0,0,0,1,1,ADULTO MAYOR,codigo_scian_y_palabra_clave,0,,0,6 a 10 personas,CALLE,HACIENDA EL VALPARAISO,79,,,,CALLE HACIENDA EL VALPARAISO 79 COLONIA PRADOS COAPA 14350,COLONIA,PRADOS COAPA,14350,1,09,CIUDAD DE MÉXICO,012,Tlalpan,0001,Tlalpan,020A,008,09012,090120001020A,090120001020A008,19.30319101,-99.12905987,1,,yolis.soto@hotmal.com,,Fijo,2019-11,2019,11,2020,11,2020-11
862407,,CASA DE LAS PERSONAS MAYORES,CASA DE LAS PERSONAS MAYORES,GOBIERNO,711312,"Promotores del sector público de espectáculos artísticos, culturales, deportivos y similares que cuentan con instalaciones para presentarlos",servicio_adulto_mayor,otro_con_mencion_adulto_mayor,no_determinado,0,0,0,1,1,PERSONAS MAYORES,palabra_clave,1,palabra_clave_sin_codigo_scian_directo,0,6 a 10 personas,EJE VIAL,2 ORIENTE (AVENIDA CANAL DE MIRAMONTES),0,SN,0,SN,EJE VIAL 2 ORIENTE (AVENIDA CANAL DE MIRAMONTES) 0 SN INT 0 SN COLONIA NARCISO MENDOZA 14390,COLONIA,NARCISO MENDOZA,14390,1,09,CIUDAD DE MÉXICO,012,Tlalpan,0001,Tlalpan,0746,016,09012,0901200010746,0901200010746016,19.28708726,-99.12628376,1,,,,Fijo,2010-07,2010,07,2020,11,2020-11
6314487,,CASA DE REPOSO MATEOS PORTILLO,CASA DE REPOSO MATEOS PORTILLO,FUNDACION PARA LA PROMOCION HUMANA IAP,623311,Asilos y otras residencias del sector privado para el cuidado de ancianos,servicio_adulto_mayor,residencia_cuidado,privado,0,0,0,1,0,,codigo_scian,0,,0,11 a 30 personas,CALLE,MARIANO MATAMOROS,143,,0,,CALLE MARIANO MATAMOROS 143 INT 0 COLONIA LA JOYA 14000,COLONIA,LA JOYA,14000,1,09,CIUDAD DE MÉXICO,012,Tlalpan,0001,Tlalpan,0958,010,09012,0901200010958,0901200010958010,19.2860076,-99.16440151,1,,fph91@prodigy.net.mx,WWW.FPH.ORG.MX,Fijo,2010-07,2010,07,2020,11,2020-11
859775,,CASA DE REPOSO VILLA GUADALUPE,CASA DE REPOSO VILLA GUADALUPE,,623311,Asilos y otras residencias del sector privado para el cuidado de ancianos,servicio_adulto_mayor,residencia_cuidado,privado,0,0,0,1,0,,codigo_scian,0,,0,6 a 10 personas,CALLE,ACOXPA,9,15,,,CALLE ACOXPA 9 15 COLONIA EJIDOS DE HUIPULCO 14380,COLONIA,EJIDOS DE HUIPULCO,14380,1,09,CIUDAD DE MÉXICO,012,Tlalpan,0001,Tlalpan,0445,007,09012,0901200010445,0901200010445007,19.30020172,-99.14762545,1,,,,Fijo,2010-07,2010,07,2020,11,2020-11
912574,,CASA DE RETIRO PARA MADRES ADULTAS MAYORES,CASA DE RETIRO PARA MADRES ADULTAS MAYORES,CONGREGACION DE ESCLAVAS DE LA NIÑA INMACULADA AR,624121,Centros del sector privado dedicados a la atención y cuidado diurno de ancianos y discapacitados,servicio_adulto_mayor,centro_cuidado_diurno,privado,0,0,0,1,1,ADULTAS MAYORES,codigo_scian_y_palabra_clave,0,,0,11 a 30 personas,CALLE,FRANCISCO I. MADERO,4,,,,CALLE FRANCISCO I. MADERO 4 COLONIA TLALPAN CENTRO 14000,COLONIA,TLALPAN CENTRO,14000,1,09,CIUDAD DE MÉXICO,012,Tlalpan,0001,Tlalpan,038A,009,09012,090120001038A,090120001038A009,19.29056218,-99.16592545,1,,,,Fijo,2014-12,2014,12,2020,11,2020-11
912511,,CASA DEL PARQUE TLALPAN,CASA DEL PARQUE TLALPAN,OPERADORA CASA DEL PARQUE SA,623311,Asilos y otras residencias del sector privado para el cuidado de ancianos,servicio_adulto_mayor,residencia_cuidado,privado,0,0,0,1,0,,codigo_scian,0,,0,11 a 30 personas,CALLE,CUAUHTEMOC,3,,,,CALLE CUAUHTEMOC 3 COLONIA TORIELLO GUERRA 14050,COLONIA,TORIELLO GUERRA,14050,1,09,CIUDAD DE MÉXICO,012,Tlalpan,0001,Tlalpan,0407,006,09012,0901200010407,0901200010407006,19.293435,-99.16533798,1,,contacto@casadelparque.mx,WWW.CASADELPARQUE.MX,Fijo,2014-12,2014,12,2020,11,2020-11
859131,,CASA HOGAR PARA ANCIANOS DAUVERRE,CASA HOGAR PARA ANCIANOS DAUVERRE,,623311,Asilos y otras residencias del sector privado para el cuidado de ancianos,servicio_adulto_mayor,residencia_cuidado,privado,0,0,0,1,1,ANCIANO|ANCIANOS,codigo_scian_y_palabra_clave,0,,0,31 a 50 personas,CALLE,TRIUNFO DE LA LIBERTAD,6,,,,CALLE TRIUNFO DE LA LIBERTAD 6 COLONIA TLALPAN CENTRO 14000,COLONIA,TLALPAN CENTRO,14000,1,09,CIUDAD DE MÉXICO,012,Tlalpan,0001,Tlalpan,0958,004,09012,0901200010958,0901200010958004,19.28606134,-99.16769517,1,,,,Fijo,2010-07,2010,07,2020,11,2020-11
6258304,,CASA HOGAR PARA ANCIANOS DESAMPARADOS ISABEL LA CATOLICA,CASA HOGAR PARA ANCIANOS DESAMPARADOS ISABEL LA CATOLICA,FUNDACION HERMANITAS DE LOS ANCIANOS DESAMPARADOS IAP,623311,Asilos y otras residencias del sector privado para el cuidado de ancianos,servicio_adulto_mayor,residencia_cuidado,privado,0,0,0,1,1,ANCIANO|ANCIANOS,codigo_scian_y_palabra_clave,0,,0,11 a 30 personas,AVENIDA,SAN FERNANDO,104,,0,,AVENIDA SAN FERNANDO 104 INT 0 COLONIA TLALPAN CENTRO 14000,COLONIA,TLALPAN CENTRO,14000,1,09,CIUDAD DE MÉXICO,012,Tlalpan,0001,Tlalpan,038A,014,09012,090120001038A,090120001038A014,19.2931898,-99.17061836,1,,fundacionhermanitasdelosancianosdesamparados@hotmail.com,,Fijo,2010-07,2010,07,2020,11,2020-11
7923637,,CASA HOGAR SANTA LUCIA,CASA HOGAR SANTA LUCIA,,623311,Asilos y otras residencias del sector privado para el cuidado de ancianos,servicio_adulto_mayor,residencia_cuidado,privado,0,0,0,1,0,,codigo_scian,0,,0,6 a 10 personas,AVENIDA,LA GARITA,155,,0,,AVENIDA LA GARITA 155 INT 0 COLONIA RESIDENCIAL VILLACOAPA 14390,COLONIA,RESIDENCIAL VILLACOAPA,14390,1,09,CIUDAD DE MÉXICO,012,Tlalpan,0001,Tlalpan,0731,006,09012,0901200010731,0901200010731006,19.28954858,-99.12168367,1,5544032137,residenciasantalucia@gmail.com,,Fijo,2019-11,2019,11,2020,11,2020-11
859083,,CASA HOGAR UN GRANITO DE ARENA A. C,CASA HOGAR UN GRANITO DE ARENA A C,,623311,Asilos y otras residencias del sector privado para el cuidado de ancianos,servicio_adulto_mayor,residencia_cuidado,privado,0,0,0,1,0,,codigo_scian,0,,0,11 a 30 personas,AVENIDA,INSURGENTES SUR,3956,,,,AVENIDA INSURGENTES SUR 3956 COLONIA TLALPAN CENTRO 14000,COLONIA,TLALPAN CENTRO,14000,1,09,CIUDAD DE MÉXICO,012,Tlalpan,0001,Tlalpan,0958,012,09012,0901200010958,0901200010958012,19.28925621,-99.17402363,1,,,,Fijo,2010-07,2010,07,2020,11,2020-11
850151,,CENTRO COMUNITARIO DEL ADULTO MAYOR VIDA Y AMOR,CENTRO COMUNITARIO DEL ADULTO MAYOR VIDA Y AMOR,GOBIERNO DE LA CIUDAD DE MEXICO ALCALDIA DE TLALPAN,624112,Servicios de orientación y trabajo social para la niñez y la juventud prestados por el sector público,servicio_adulto_mayor,otro_con_mencion_adulto_mayor,no_determinado,0,0,0,1,1,ADULTO MAYOR,palabra_clave,1,palabra_clave_sin_codigo_scian_directo,0,0 a 5 personas,CALLE,HOMUN,,SN,,SN,CALLE HOMUN SN INT SN COLONIA PEDREGAL DE SAN NICOLAS 3RA SECC 14100,COLONIA,PEDREGAL DE SAN NICOLAS 3RA SECC,14100,1,09,CIUDAD DE MÉXICO,012,Tlalpan,0001,Tlalpan,0619,016,09012,0901200010619,0901200010619016,19.28392084,-99.23261034,1,,,,Fijo,2010-07,2010,07,2020,11,2020-11
913317,,CENTRO COMUNITARO,CENTRO COMUNITARO,CENTRO COMUNITARIO,624122,Centros del sector público dedicados a la atención y cuidado diurno de ancianos y discapacitados,servicio_adulto_mayor,centro_cuidado_diurno,publico,0,0,0,1,0,,codigo_scian,0,,0,0 a 5 personas,CALLE,KOPOMA,11,MZ 52 LT 11 BIS,,,CALLE KOPOMA 11 MZ 52 LT 11 BIS COLONIA PEDREGAL DE SAN NICOLAS 3ERA SECCION 14100,COLONIA,PEDREGAL DE SAN NICOLAS 3ERA SECCION,14100,1,09,CIUDAD DE MÉXICO,012,Tlalpan,0001,Tlalpan,0515,023,09012,0901200010515,0901200010515023,19.28599455,-99.23539389,1,5532663615,,,Fijo,2014-12,2014,12,2020,11,2020-11
7595626,,COMUNIDAD EMAUS,COMUNIDAD EMAUS,,624121,Centros del sector privado dedicados a la atención y cuidado diurno de ancianos y discapacitados,servicio_adulto_mayor,centro_cuidado_diurno,privado,0,0,0,1,0,,codigo_scian,0,,0,11 a 30 personas,CALLE,CARRETERA A XOCHIMILCO-TOPILEJO,33,,,,CALLE CARRETERA A XOCHIMILCO-TOPILEJO 33 PUEBLO EL ARENAL 14500,PUEBLO,EL ARENAL,14500,1,09,CIUDAD DE MÉXICO,012,Tlalpan,0027,San Miguel Topilejo,1782,060,09012,0901200271782,0901200271782060,19.20976451,-99.13337778,1,,comunidademaus_ac@yahoo.com,,Fijo,2019-11,2019,11,2020,11,2020-11
858971,,CONSULTORIO GERIATRICO,CONSULTORIO GERIATRICO,,621113,Consultorios de medicina especializada del sector privado,servicio_adulto_mayor,otro_con_mencion_adulto_mayor,no_determinado,0,0,0,1,1,GERIATR,palabra_clave,1,palabra_clave_sin_codigo_scian_directo,0,0 a 5 personas,CALLE,JOJUTLA,91,,0,,CALLE JOJUTLA 91 INT 0 COLONIA TLALPAN CENTRO 14000,COLONIA,TLALPAN CENTRO,14000,1,09,CIUDAD DE MÉXICO,012,Tlalpan,0001,Tlalpan,0943,009,09012,0901200010943,0901200010943009,19.2835054,-99.1649576,1,,,,Fijo,2010-07,2010,07,2020,11,2020-11
7595746,,ESTANCIA MI AMIGO EL ABUELO,ESTANCIA MI AMIGO EL ABUELO,,623311,Asilos y otras residencias del sector privado para el cuidado de ancianos,servicio_adulto_mayor,residencia_cuidado,privado,0,0,0,1,0,,codigo_scian,0,,0,6 a 10 personas,PRIVADA,TEXIMULCO,57,,0,,PRIVADA TEXIMULCO 57 INT 0 COLONIA SAN MIGUEL TOPILEJO 14500,COLONIA,SAN MIGUEL TOPILEJO,14500,1,09,CIUDAD DE MÉXICO,012,Tlalpan,0027,San Miguel Topilejo,2032,032,09012,0901200272032,0901200272032032,19.19551474,-99.14481013,1,,,,Fijo,2019-11,2019,11,2020,11,2020-11
859560,,FUNDACIÓN DE MANO AMIGA A MANO ANCIANA IAP,FUNDACION DE MANO AMIGA A MANO ANCIANA IAP,FUNDACIÓN DE MANO AMIGA A MANO ANCIANA IAP,623311,Asilos y otras residencias del sector privado para el cuidado de ancianos,servicio_adulto_mayor,residencia_cuidado,privado,0,0,0,1,0,,codigo_scian,0,,0,31 a 50 personas,CALLE,MEXICO XOCHIMILCO,25,,,,CALLE MEXICO XOCHIMILCO 25 COLONIA PUEBLO DE SAN LORENZO HUIPULCO 14080,COLONIA,PUEBLO DE SAN LORENZO HUIPULCO,14080,1,09,CIUDAD DE MÉXICO,012,Tlalpan,0001,Tlalpan,0430,004,09012,0901200010430,0901200010430004,19.29300399,-99.15196411,1,5555738860,maciapl@prodigy.net.mx,,Fijo,2010-07,2010,07,2020,11,2020-11
912279,,GERIATRA,GERIATRA,,621113,Consultorios de medicina especializada del sector privado,servicio_adulto_mayor,otro_con_mencion_adulto_mayor,no_determinado,0,0,0,1,1,GERIATR,palabra_clave,1,palabra_clave_sin_codigo_scian_directo,0,0 a 5 personas,CALLE,PUENTE DE PIEDRA,150,,405,,CALLE PUENTE DE PIEDRA 150 INT 405 COLONIA TORIELLO GUERRA 14050,COLONIA,TORIELLO GUERRA,14050,1,09,CIUDAD DE MÉXICO,012,Tlalpan,0001,Tlalpan,0182,002,09012,0901200010182,0901200010182002,19.2978237,-99.16048174,1,,,,Fijo,2010-07,2010,07,2020,11,2020-11
912206,,GERIATRIA Y MEDICINA INTERNA,GERIATRIA Y MEDICINA INTERNA,,621113,Consultorios de medicina especializada del sector privado,servicio_adulto_mayor,otro_con_mencion_adulto_mayor,no_determinado,0,0,0,1,1,GERIATR,palabra_clave,1,palabra_clave_sin_codigo_scian_directo,0,0 a 5 personas,CALLE,PUENTE DE PIEDRA,150,,728,,CALLE PUENTE DE PIEDRA 150 INT 728 COLONIA TORIELLO GUERRA 14050,COLONIA,TORIELLO GUERRA,14050,1,09,CIUDAD DE MÉXICO,012,Tlalpan,0001,Tlalpan,0182,002,09012,0901200010182,0901200010182002,19.29651061,-99.1605306,1,,,,Fijo,2014-12,2014,12,2020,11,2020-11
912659,,MODULO DE EDUCADORAS DE ADULTOS MAYORES,MODULO DE EDUCADORAS DE ADULTOS MAYORES,SECRETARIA DE SALUD PUBLICA DE CIUDAD DE MEXICO,624122,Centros del sector público dedicados a la atención y cuidado diurno de ancianos y discapacitados,servicio_adulto_mayor,centro_cuidado_diurno,publico,0,0,0,1,1,ADULTOS MAYORES,codigo_scian_y_palabra_clave,0,,0,0 a 5 personas,CALLE,CARRASCO,0,SN,0,,CALLE CARRASCO 0 SN INT 0 COLONIA TORIELLO GUERRA 14040,COLONIA,TORIELLO GUERRA,14040,1,09,CIUDAD DE MÉXICO,012,Tlalpan,0001,Tlalpan,0394,004,09012,0901200010394,0901200010394004,19.29326439,-99.16661889,1,,,,Fijo,2014-12,2014,12,2020,11,2020-11
1056439,,MUJERES DE LA TERCERA EDAD DEL TELAR DE GUADALUPE,MUJERES DE LA TERCERA EDAD DEL TELAR DE GUADALUPE,,315192,Fabricación de ropa exterior de tejido de punto,servicio_adulto_mayor,otro_con_mencion_adulto_mayor,no_determinado,0,0,0,1,1,TERCERA EDAD,palabra_clave,1,palabra_clave_sin_codigo_scian_directo,0,0 a 5 personas,CALLE,MIRADOR CHAPULTEPEC,,SN,,,CALLE MIRADOR CHAPULTEPEC SN PUEBLO SAN MIGUEL TOPILEJO 14500,PUEBLO,SAN MIGUEL TOPILEJO,14500,1,09,CIUDAD DE MÉXICO,012,Tlalpan,0027,San Miguel Topilejo,1763,047,09012,0901200271763,0901200271763047,19.2052111,-99.15031528,1,,,,Fijo,2010-07,2010,07,2020,11,2020-11
8602671,,OFICINA DE ATENCION AL ADULTO MAYOR,OFICINA DE ATENCION AL ADULTO MAYOR,PROGRAMA BIENESTAR DE PENSION PARA ADULTO MAYOR GOBIERNO FEDERAL,931610,Actividades administrativas de instituciones de bienestar social,servicio_adulto_mayor,otro_con_mencion_adulto_mayor,no_determinado,0,0,0,1,1,ADULTO MAYOR,palabra_clave,1,palabra_clave_sin_codigo_scian_directo,0,11 a 30 personas,CALLE,CARRASCO,67,,0,,CALLE CARRASCO 67 INT 0 COLONIA TORIELLO GUERRA 14040,COLONIA,TORIELLO GUERRA,14040,1,09,CIUDAD DE MÉXICO,012,Tlalpan,0001,Tlalpan,0394,001,09012,0901200010394,0901200010394001,19.29441666,-99.16616631,1,,,,Fijo,2019-11,2019,11,2020,11,2020-11
6314642,,REHABILITACIÓN INFANTIL SAN VICENTE,REHABILITACION INFANTIL SAN VICENTE,FUNDACION DE OBRAS SOCIALES DE SAN VICENTE IAP,623311,Asilos y otras residencias del sector privado para el cuidado de ancianos,servicio_adulto_mayor,residencia_cuidado,privado,0,0,0,1,0,,codigo_scian,0,,0,51 a 100 personas,CALLE,HACIENDA COYOTEPEC,36,,0,,CALLE HACIENDA COYOTEPEC 36 INT 0 COLONIA PRADO COAPA 2A SECC 14350,COLONIA,PRADO COAPA 2A SECC,14350,1,09,CIUDAD DE MÉXICO,012,Tlalpan,0001,Tlalpan,0568,012,09012,0901200010568,0901200010568012,19.29096292,-99.13209066,1,,,WWW.FUNDACIONDEOBRASSANVICENTE.ORG,Fijo,2010-07,2010,07,2020,11,2020-11
860529,,RESIDENCIA DE DIA DR ATL,RESIDENCIA DE DIA DR ATL,INAPAM,624122,Centros del sector público dedicados a la atención y cuidado diurno de ancianos y discapacitados,servicio_adulto_mayor,centro_cuidado_diurno,publico,0,0,0,1,1,INAPAM,codigo_scian_y_palabra_clave,0,,0,6 a 10 personas,CALLE,DOCTOR ATL,29,,0,,CALLE DOCTOR ATL 29 INT 0 COLONIA BELISARIO DOMINGUEZ 14310,COLONIA,BELISARIO DOMINGUEZ,14310,1,09,CIUDAD DE MÉXICO,012,Tlalpan,0001,Tlalpan,0197,010,09012,0901200010197,0901200010197010,19.30605748,-99.13266532,1,,,,Fijo,2010-07,2010,07,2020,11,2020-11
1047557,,CASA DE LA TERCERA EDAD CAPULLITOS DE ALGODON,CASA DE LA TERCERA EDAD CAPULLITOS DE ALGODON,ALCALDIA DE TLAHUAC,624122,Centros del sector público dedicados a la atención y cuidado diurno de ancianos y discapacitados,servicio_adulto_mayor,centro_cuidado_diurno,publico,0,0,0,1,1,TERCERA EDAD,codigo_scian_y_palabra_clave,0,,0,0 a 5 personas,CALLE,DEODATO,,SN,,,CALLE DEODATO SN COLONIA MIGUEL HIDALGO 13200,COLONIA,MIGUEL HIDALGO,13200,1,09,CIUDAD DE MÉXICO,011,Tláhuac,0001,Tláhuac,0096,026,09011,0901100010096,0901100010096026,19.2914339,-99.04860112,1,,,,Fijo,2010-07,2010,07,2020,11,2020-11
8631801,,CENTRO DE BIENESTAR PROGAMA ADULTOS MAYORES,CENTRO DE BIENESTAR PROGAMA ADULTOS MAYORES,CENTRO DE BIENESTAR PROGRAMA ADULTOS MAYORES,931610,Actividades administrativas de instituciones de bienestar social,servicio_adulto_mayor,otro_con_mencion_adulto_mayor,no_determinado,0,0,0,1,1,ADULTOS MAYORES,palabra_clave,1,palabra_clave_sin_codigo_scian_directo,0,11 a 30 personas,CALLE,AVENIDA DE LAS TORRES,,SN,,,CALLE AVENIDA DE LAS TORRES SN COLONIA TECPINCO 13100,COLONIA,TECPINCO,13100,1,09,CIUDAD DE MÉXICO,011,Tláhuac,0026,Santa Catarina Yecahuitzotl,1164,002,09011,0901100261164,0901100261164002,19.3179319,-98.96297301,1,,,,Fijo,2019-11,2019,11,2020,11,2020-11
945393,,CENTRO SOCIAL DE LA TERCERA EDAD,CENTRO SOCIAL DE LA TERCERA EDAD,DELEGACIÓN TLAHUAC,624122,Centros del sector público dedicados a la atención y cuidado diurno de ancianos y discapacitados,servicio_adulto_mayor,centro_cuidado_diurno,publico,0,0,0,1,1,TERCERA EDAD,codigo_scian_y_palabra_clave,0,,0,0 a 5 personas,CALLE,SEBASTIAN TREJO,0,SN,0,,CALLE SEBASTIAN TREJO 0 SN INT 0 COLONIA LACONCHITA ZAPOTITLAN 13360,COLONIA,LACONCHITA ZAPOTITLAN,13360,1,09,CIUDAD DE MÉXICO,011,Tláhuac,0001,Tláhuac,0113,008,09011,0901100010113,0901100010113008,19.29578447,-99.03548317,1,,,,Fijo,2014-12,2014,12,2020,11,2020-11
947299,,CLUB DE ADULTOS MAYORES ESPERANZA DE VIDA,CLUB DE ADULTOS MAYORES ESPERANZA DE VIDA,DELEGACIÓN TLÁHUAC,624122,Centros del sector público dedicados a la atención y cuidado diurno de ancianos y discapacitados,servicio_adulto_mayor,centro_cuidado_diurno,publico,0,0,0,1,1,ADULTOS MAYORES,codigo_scian_y_palabra_clave,0,,0,0 a 5 personas,AVENIDA,CONCEPCION,0,SN,0,,AVENIDA CONCEPCION 0 SN INT 0 BARRIO SAN MIGUEL 13180,BARRIO,SAN MIGUEL,13180,1,09,CIUDAD DE MÉXICO,011,Tláhuac,0026,Santa Catarina Yecahuitzotl,097A,002,09011,090110026097A,090110026097A002,19.30877545,-98.96792157,1,,,,Fijo,2014-12,2014,12,2020,11,2020-11
1045043,,CLUB DE ADULTOS MAYORES MAR DE LUZ AC.,CLUB DE ADULTOS MAYORES MAR DE LUZ AC,INAPAM,624122,Centros del sector público dedicados a la atención y cuidado diurno de ancianos y discapacitados,servicio_adulto_mayor,centro_cuidado_diurno,publico,0,0,0,1,1,ADULTOS MAYORES|INAPAM,codigo_scian_y_palabra_clave,0,,0,0 a 5 personas,AVENIDA,LA TURBA,,SN,,,AVENIDA LA TURBA SN COLONIA GRANJAS CABRERA 13230,COLONIA,GRANJAS CABRERA,13230,1,09,CIUDAD DE MÉXICO,011,Tláhuac,0001,Tláhuac,0058,022,09011,0901100010058,0901100010058022,19.29817584,-99.0631482,1,5545117630,,,Fijo,2010-07,2010,07,2020,11,2020-11
7721294,,CLUB DE ADULTOS MAYORES MIEL FLORES Y AGUA,CLUB DE ADULTOS MAYORES MIEL FLORES Y AGUA,GOBIERNO DE LA CIUDAD DE MEXICO,624122,Centros del sector público dedicados a la atención y cuidado diurno de ancianos y discapacitados,servicio_adulto_mayor,centro_cuidado_diurno,publico,0,0,0,1,1,ADULTOS MAYORES,codigo_scian_y_palabra_clave,0,,0,0 a 5 personas,CALLE,LA TRAVIATA,0,SN,0,,CALLE LA TRAVIATA 0 SN INT 0 COLONIA MIGUEL HIDALGO 13200,COLONIA,MIGUEL HIDALGO,13200,1,09,CIUDAD DE MÉXICO,011,Tláhuac,0001,Tláhuac,0217,001,09011,0901100010217,0901100010217001,19.2902952,-99.04302609,1,,,,Fijo,2019-11,2019,11,2020,11,2020-11
1048461,,CLUB DE LA TERCERA EDAD BRILLO DE LUNA,CLUB DE LA TERCERA EDAD BRILLO DE LUNA,DELEGACIÓN TLAHUAC,624122,Centros del sector público dedicados a la atención y cuidado diurno de ancianos y discapacitados,servicio_adulto_mayor,centro_cuidado_diurno,publico,0,0,0,1,1,TERCERA EDAD,codigo_scian_y_palabra_clave,0,,0,0 a 5 personas,PRIVADA,DON GIOVANI,0,SN,0,,PRIVADA DON GIOVANI 0 SN INT 0 COLONIA AGRICOLA METROPOLITANA 13280,COLONIA,AGRICOLA METROPOLITANA,13280,1,09,CIUDAD DE MÉXICO,011,Tláhuac,0001,Tláhuac,0664,003,09011,0901100010664,0901100010664003,19.28944116,-99.05290364,1,,,,Fijo,2010-07,2010,07,2020,11,2020-11
1050057,,CLUB DE LA TERCERA EDAD LUCES DEL PORVENIR,CLUB DE LA TERCERA EDAD LUCES DEL PORVENIR,EL GOBIERNO DEL DF,623312,Asilos y otras residencias del sector público para el cuidado de ancianos,servicio_adulto_mayor,residencia_cuidado,publico,0,0,0,1,1,TERCERA EDAD,codigo_scian_y_palabra_clave,0,,0,0 a 5 personas,CALLE,CECILIO ACOSTA,0,SN,0,,CALLE CECILIO ACOSTA 0 SN INT 0 COLONIA ZAPOTITLA 13710,COLONIA,ZAPOTITLA,13710,1,09,CIUDAD DE MÉXICO,011,Tláhuac,0001,Tláhuac,0607,021,09011,0901100010607,0901100010607021,19.31149803,-99.03696696,1,,,,Fijo,2010-07,2010,07,2020,11,2020-11
7632051,,ESTANCIA PARA EL ADULTO MAYOR CANA DE AMOR,ESTANCIA PARA EL ADULTO MAYOR CANA DE AMOR,,813230,Asociaciones y organizaciones civiles,servicio_adulto_mayor,otro_con_mencion_adulto_mayor,no_determinado,0,0,0,1,1,ADULTO MAYOR,palabra_clave,1,palabra_clave_sin_codigo_scian_directo,0,11 a 30 personas,CALLE,MELCHOR OCAMPO,7,B,,,CALLE MELCHOR OCAMPO 7 B COLONIA OLIVAR DE SANTA MARIA 13546,COLONIA,OLIVAR DE SANTA MARIA,13546,1,09,CIUDAD DE MÉXICO,011,Tláhuac,0001,Tláhuac,1499,017,09011,0901100011499,0901100011499017,19.24900439,-99.00688908,1,,,,Fijo,2019-11,2019,11,2020,11,2020-11
946259,,ESTIMULACION INTELECTUAL,ESTIMULACION INTELECTUAL,,624121,Centros del sector privado dedicados a la atención y cuidado diurno de ancianos y discapacitados,servicio_adulto_mayor,centro_cuidado_diurno,privado,0,0,0,1,0,,codigo_scian,0,,0,0 a 5 personas,CALLE,MAGDALENO ITA,,SN,,,CALLE MAGDALENO ITA SN COLONIA LA CONCHITA ZAPOTITLAN 13360,COLONIA,LA CONCHITA ZAPOTITLAN,13360,1,09,CIUDAD DE MÉXICO,011,Tláhuac,0001,Tláhuac,0927,009,09011,0901100010927,0901100010927009,19.29155513,-99.03822623,1,5511499959,inafinck@yahoo.com.mx,,Fijo,2014-12,2014,12,2020,11,2020-11
1054241,,GRUPO ADULTOS MAYORES TLAMEME CITLALLI,GRUPO ADULTOS MAYORES TLAMEME CITLALLI,DELEGACIÓN TLAHUAC,624122,Centros del sector público dedicados a la atención y cuidado diurno de ancianos y discapacitados,servicio_adulto_mayor,centro_cuidado_diurno,publico,0,0,0,1,1,ADULTOS MAYORES,codigo_scian_y_palabra_clave,0,,0,0 a 5 personas,CALLE,MONTES APENINOS,0,SN,0,,CALLE MONTES APENINOS 0 SN INT 0 COLONIA SELENE 1 RA SECCION 13420,COLONIA,SELENE 1 RA SECCION,13420,1,09,CIUDAD DE MÉXICO,011,Tláhuac,0001,Tláhuac,0255,002,09011,0901100010255,0901100010255002,19.28865503,-99.00571508,1,,,,Fijo,2010-07,2010,07,2020,11,2020-11
883263,,GRUPO DE LA TERCERA EDAD ANHELO DE VIVIR,GRUPO DE LA TERCERA EDAD ANHELO DE VIVIR,ALCALDIA TLAHUAC,623312,Asilos y otras residencias del sector público para el cuidado de ancianos,servicio_adulto_mayor,residencia_cuidado,publico,0,0,0,1,1,TERCERA EDAD,codigo_scian_y_palabra_clave,0,,0,0 a 5 personas,CALLE,ALVARO OBREGON,,SN,,,CALLE ALVARO OBREGON SN BARRIO LA ASUNCION 13530,BARRIO,LA ASUNCION,13530,1,09,CIUDAD DE MÉXICO,011,Tláhuac,0021,San Juan Ixtayopan,1018,015,09011,0901100211018,0901100211018015,19.24231892,-98.99635332,1,5558486508,,,Fijo,2010-07,2010,07,2020,11,2020-11
957851,,GRUPO DE LA TERCERA EDAD OTRO BELLO AMANECER,GRUPO DE LA TERCERA EDAD OTRO BELLO AMANECER,GOBIERNO DEL DISTRITO FEDERAL,624122,Centros del sector público dedicados a la atención y cuidado diurno de ancianos y discapacitados,servicio_adulto_mayor,centro_cuidado_diurno,publico,0,0,0,1,1,TERCERA EDAD,codigo_scian_y_palabra_clave,0,,0,0 a 5 personas,CALLE,NICOLAS BRAVO,0,SN,0,,CALLE NICOLAS BRAVO 0 SN INT 0 BARRIO SAN MATEO 13040,BARRIO,SAN MATEO,13040,1,09,CIUDAD DE MÉXICO,011,Tláhuac,0001,Tláhuac,0433,002,09011,0901100010433,0901100010433002,19.27038563,-99.00315047,1,,,,Fijo,2010-07,2010,07,2020,11,2020-11
948523,,GRUPO DEL ADULTO MAYOR MIXQUIC,GRUPO DEL ADULTO MAYOR MIXQUIC,GOBIERNO DE LA CDMX,624198,Otros servicios de orientación y trabajo social prestados por el sector privado,servicio_adulto_mayor,otro_con_mencion_adulto_mayor,no_determinado,0,0,0,1,1,ADULTO MAYOR,palabra_clave,1,palabra_clave_sin_codigo_scian_directo,0,0 a 5 personas,CALZADA,TETELCO,,SN,,,CALZADA TETELCO SN BARRIO SAN AGUSTIN 13640,BARRIO,SAN AGUSTIN,13640,1,09,CIUDAD DE MÉXICO,011,Tláhuac,0011,San Andrés Mixquic,072A,058,09011,090110011072A,090110011072A058,19.22305305,-98.96593621,1,,,,Fijo,2014-12,2014,12,2020,11,2020-11
745690,,CASA DEL ADULTO MAYOR BENITO JUAREZ,CASA DEL ADULTO MAYOR BENITO JUAREZ,DELEGACIÓN VENUSTIANO CARRANZA,624122,Centros del sector público dedicados a la atención y cuidado diurno de ancianos y discapacitados,servicio_adulto_mayor,centro_cuidado_diurno,publico,0,0,0,1,1,ADULTO MAYOR,codigo_scian_y_palabra_clave,0,,0,31 a 50 personas,CALLE,SUR 103,,SN,,,CALLE SUR 103 SN COLONIA AERONAUTICA MILITAR 15970,COLONIA,AERONAUTICA MILITAR,15970,1,09,CIUDAD DE MÉXICO,017,Venustiano Carranza,0001,Venustiano Carranza,0719,005,09017,0901700010719,0901700010719005,19.4208898,-99.1166323,1,5555520147,,,Fijo,2010-07,2010,07,2020,11,2020-11
7152959,,CENTRO DE ATENCION E INTEGRACION AL ADULTO MAYOR CASA IGNACIO LOPEZ TARSO,CENTRO DE ATENCION E INTEGRACION AL ADULTO MAYOR CASA IGNACIO LOPEZ TARSO,ALCALDIA VENUSTIANO CARRANZA,624122,Centros del sector público dedicados a la atención y cuidado diurno de ancianos y discapacitados,servicio_adulto_mayor,centro_cuidado_diurno,publico,0,0,0,1,1,ADULTO MAYOR,codigo_scian_y_palabra_clave,0,,0,11 a 30 personas,CALLE,XOCOYOTE,,SN,,,CALLE XOCOYOTE SN COLONIA ARENAL 4TA SECCION 15640,COLONIA,ARENAL 4TA SECCION,15640,1,09,CIUDAD DE MÉXICO,017,Venustiano Carranza,0001,Venustiano Carranza,0831,026,09017,0901700010831,0901700010831026,19.4306446,-99.05885893,1,,,,Fijo,2019-11,2019,11,2020,11,2020-11
706297,,CETRO SOCIAL JOSE MARIA PINOSUAREZ GRUPO DE LA TERCERA EDAD,CETRO SOCIAL JOSE MARIA PINOSUAREZ GRUPO DE LA TERCERA EDAD,GOBIERNO DEL DISTRITO FEDERAL,931610,Actividades administrativas de instituciones de bienestar social,servicio_adulto_mayor,otro_con_mencion_adulto_mayor,no_determinado,0,0,0,1,1,TERCERA EDAD,palabra_clave,1,palabra_clave_sin_codigo_scian_directo,0,0 a 5 personas,CALZADA,CALZADA DE LA VIGA,,SN,,,CALZADA CALZADA DE LA VIGA SN COLONIA JAMAICA 15800,COLONIA,JAMAICA,15800,1,09,CIUDAD DE MÉXICO,017,Venustiano Carranza,0001,Venustiano Carranza,1399,002,09017,0901700011399,0901700011399002,19.40673763,-99.12604846,1,,,,Fijo,2014-12,2014,12,2020,11,2020-11
745782,,CLUB DE LA TERCERA EDAD ARCELIA NUTO DE VILLAMICHEL,CLUB DE LA TERCERA EDAD ARCELIA NUTO DE VILLAMICHEL,GOBIERNO DELEGACIÓN VENUSTIANO CARRANZA,624122,Centros del sector público dedicados a la atención y cuidado diurno de ancianos y discapacitados,servicio_adulto_mayor,centro_cuidado_diurno,publico,0,0,0,1,1,TERCERA EDAD,codigo_scian_y_palabra_clave,0,,0,0 a 5 personas,CALLE,SUR 91,,SN,,,CALLE SUR 91 SN COLONIA DEL PARQUE 15960,COLONIA,DEL PARQUE,15960,1,09,CIUDAD DE MÉXICO,017,Venustiano Carranza,0001,Venustiano Carranza,0916,007,09017,0901700010916,0901700010916007,19.41815494,-99.11884866,1,,g.munozg66@.hotmail.com,,Fijo,2014-12,2014,12,2020,11,2020-11
696449,,IGLESIA DE LA CONGREGACION CRISTIANA DE LOS TESTIGOS DE JEOVA,IGLESIA DE LA CONGREGACION CRISTIANA DE LOS TESTIGOS DE JEOVA,ADMINISTRACION CUERPO DE ANCIANOS AR,813210,Asociaciones y organizaciones religiosas,servicio_adulto_mayor,otro_con_mencion_adulto_mayor,no_determinado,0,0,0,1,1,ANCIANO|ANCIANOS,palabra_clave,1,palabra_clave_sin_codigo_scian_directo,0,11 a 30 personas,CALLE,NEZAHUALCOYOTL,160,,,,CALLE NEZAHUALCOYOTL 160 COLONIA EL ARENAL 1RA SECC 15600,COLONIA,EL ARENAL 1RA SECC,15600,1,09,CIUDAD DE MÉXICO,017,Venustiano Carranza,0001,Venustiano Carranza,1524,018,09017,0901700011524,0901700011524018,19.4245435,-99.06079732,1,,,WWW.JW.ORG,Fijo,2014-12,2014,12,2020,11,2020-11
9193079,,INAPAM,INAPAM,,624122,Centros del sector público dedicados a la atención y cuidado diurno de ancianos y discapacitados,servicio_adulto_mayor,centro_cuidado_diurno,publico,0,0,0,1,1,INAPAM,codigo_scian_y_palabra_clave,0,,0,0 a 5 personas,CALLE,AGIABAMPO,0,SN,0,,CALLE AGIABAMPO 0 SN INT 0 COLONIA PUEBLO MAGDALENA MIXHUCA 15851,COLONIA,PUEBLO MAGDALENA MIXHUCA,15851,1,09,CIUDAD DE MÉXICO,017,Venustiano Carranza,0001,Venustiano Carranza,1401,007,09017,0901700011401,0901700011401007,19.41159176,-99.11759241,1,,,,Fijo,2019-11,2019,11,2020,11,2020-11
846573,,INSEN,INSEN,INSTITUTO NACIONAL DE LAS PERSONAS ADULTAS MAYORES,624122,Centros del sector público dedicados a la atención y cuidado diurno de ancianos y discapacitados,servicio_adulto_mayor,centro_cuidado_diurno,publico,0,0,0,1,1,ADULTAS MAYORES,codigo_scian_y_palabra_clave,0,,0,0 a 5 personas,CALLE,NORTE 176,623,,,,CALLE NORTE 176 623 COLONIA PENSADOR MEXICANO 01510,COLONIA,PENSADOR MEXICANO,01510,1,09,CIUDAD DE MÉXICO,017,Venustiano Carranza,0001,Venustiano Carranza,0121,023,09017,0901700010121,0901700010121023,19.44432938,-99.08586457,1,5614146277,,,Fijo,2014-12,2014,12,2020,11,2020-11
703615,,INSTITUTO NACIONAL DE LAS PERSONAS ADULTAS MAYORES,INSTITUTO NACIONAL DE LAS PERSONAS ADULTAS MAYORES,GOBIERNO FEDERAL,624122,Centros del sector público dedicados a la atención y cuidado diurno de ancianos y discapacitados,servicio_adulto_mayor,centro_cuidado_diurno,publico,0,0,0,1,1,ADULTAS MAYORES,codigo_scian_y_palabra_clave,0,,0,0 a 5 personas,CALLE,SUR 103,,SN,,,CALLE SUR 103 SN COLONIA AERONAUTICA MILITAR 15970,COLONIA,AERONAUTICA MILITAR,15970,1,09,CIUDAD DE MÉXICO,017,Venustiano Carranza,0001,Venustiano Carranza,0719,005,09017,0901700010719,0901700010719005,19.42089084,-99.11663215,1,5557681465,,WWW.INAPAM.GOB.MX,Fijo,2014-12,2014,12,2020,11,2020-11
8126774,,MODULO DE ATENCION PARA EL ADULTO MAYOR,MODULO DE ATENCION PARA EL ADULTO MAYOR,INSTITUTO PARA EL ENVEJECIMIENTO DIGNO,813230,Asociaciones y organizaciones civiles,servicio_adulto_mayor,otro_con_mencion_adulto_mayor,no_determinado,0,0,0,1,1,ADULTO MAYOR,palabra_clave,1,palabra_clave_sin_codigo_scian_directo,0,6 a 10 personas,EJE VIAL,3 ORIENTE (INGENIERO EDUARDO MOLINA),,SN,,,EJE VIAL 3 ORIENTE (INGENIERO EDUARDO MOLINA) SN COLONIA MICHOACAN 15240,COLONIA,MICHOACAN,15240,1,09,CIUDAD DE MÉXICO,017,Venustiano Carranza,0001,Venustiano Carranza,0244,008,09017,0901700010244,0901700010244008,19.44526162,-99.11211844,1,,,,Fijo,2019-11,2019,11,2020,11,2020-11
9009750,,PROGRAMA DE PENSION ALIMENTARIA PARA EL ADULTO MAYOR DE LA CDMX,PROGRAMA DE PENSION ALIMENTARIA PARA EL ADULTO MAYOR DE LA CDMX,SECRETARIA DEL BIENESTAR DE LA CDMX,931610,Actividades administrativas de instituciones de bienestar social,servicio_adulto_mayor,otro_con_mencion_adulto_mayor,no_determinado,0,0,0,1,1,ADULTO MAYOR,palabra_clave,1,palabra_clave_sin_codigo_scian_directo,0,11 a 30 personas,CALLE,ORIENTE 170,154,,,,CALLE ORIENTE 170 154 COLONIA MOCTEZUMA SEGUNDA SECCION 15530,COLONIA,MOCTEZUMA SEGUNDA SECCION,15530,1,09,CIUDAD DE MÉXICO,017,Venustiano Carranza,0001,Venustiano Carranza,0668,014,09017,0901700010668,0901700010668014,19.42850664,-99.09681282,1,,,,Fijo,2019-11,2019,11,2020,11,2020-11
9009749,,PROGRAMA DE PENSION ALIMENTARIA PARA EL ADULTO MAYOR DE LA CDMX ZONA MOCTEZUMA,PROGRAMA DE PENSION ALIMENTARIA PARA EL ADULTO MAYOR DE LA CDMX ZONA MOCTEZUMA,SECRETARIA DEL BIENESTAR DE LA CDMX,931610,Actividades administrativas de instituciones de bienestar social,servicio_adulto_mayor,otro_con_mencion_adulto_mayor,no_determinado,0,0,0,1,1,ADULTO MAYOR,palabra_clave,1,palabra_clave_sin_codigo_scian_directo,0,11 a 30 personas,CALLE,ORIENTE 170,154,,,,CALLE ORIENTE 170 154 COLONIA MOCTEZUMA SEGUNDA SECCION 15530,COLONIA,MOCTEZUMA SEGUNDA SECCION,15530,1,09,CIUDAD DE MÉXICO,017,Venustiano Carranza,0001,Venustiano Carranza,0668,014,09017,0901700010668,0901700010668014,19.42850664,-99.09681282,1,,,,Fijo,2019-11,2019,11,2020,11,2020-11
6258601,,ASILO DE ANCIANOS RESIDENCIA REINA SOFIA,ASILO DE ANCIANOS RESIDENCIA REINA SOFIA,RESIDENCIA REINA SOFIA INSTITUCION DE ASISTENCIA PRIVADA,623311,Asilos y otras residencias del sector privado para el cuidado de ancianos,servicio_adulto_mayor,residencia_cuidado,privado,0,0,0,1,1,ANCIANO|ANCIANOS,codigo_scian_y_palabra_clave,0,,0,31 a 50 personas,CALLE,CINCO,,SN,,,CALLE CINCO SN COLONIA AMPLIACION TEPEPAN 16020,COLONIA,AMPLIACION TEPEPAN,16020,1,09,CIUDAD DE MÉXICO,013,Xochimilco,0001,Xochimilco,0917,037,09013,0901300010917,0901300010917037,19.26476167,-99.13638899,1,,,,Fijo,2010-07,2010,07,2020,11,2020-11
6317942,,ASOCIACION DE AYUDA SOCIAL DE LA COMUNIDAD ALEMANA IAP,ASOCIACION DE AYUDA SOCIAL DE LA COMUNIDAD ALEMANA IAP,ASOCIACION DE AYUDA SOCIAL DE LA COMUNIDAD ALEMANA INSTITUCION DE ASISTENCIA PRIVADA,623311,Asilos y otras residencias del sector privado para el cuidado de ancianos,servicio_adulto_mayor,residencia_cuidado,privado,0,0,0,1,0,,codigo_scian,0,,0,51 a 100 personas,CALLE,IGNACIO ALDAMA,24,,0,,CALLE IGNACIO ALDAMA 24 INT 0 COLONIA SANTA MARIA TEPEPAN 16020,COLONIA,SANTA MARIA TEPEPAN,16020,1,09,CIUDAD DE MÉXICO,013,Xochimilco,0001,Xochimilco,0014,011,09013,0901300010014,0901300010014011,19.27613064,-99.13375886,1,,a.rosales.1@hotmail.com,,Fijo,2010-07,2010,07,2020,11,2020-11
6324660,,ASOCIACION PARA AYUDA DE ANCIANOS IAP,ASOCIACION PARA AYUDA DE ANCIANOS IAP,ASOCIACION PARA AYUDA DE ANCIANOS IAP,623311,Asilos y otras residencias del sector privado para el cuidado de ancianos,servicio_adulto_mayor,residencia_cuidado,privado,0,0,0,1,1,ANCIANO|ANCIANOS,codigo_scian_y_palabra_clave,0,,0,51 a 100 personas,CALLE,PROLONGACION 14 DE JULIO,25,,0,,CALLE PROLONGACION 14 DE JULIO 25 INT 0 COLONIA HUICHAPAN 16030,COLONIA,HUICHAPAN,16030,1,09,CIUDAD DE MÉXICO,013,Xochimilco,0001,Xochimilco,0160,011,09013,0901300010160,0901300010160011,19.26151206,-99.11463312,1,,hogarsanjuan@yahoo.com.mx,,Fijo,2010-07,2010,07,2020,11,2020-11
971852,,ATENCIÓN AL ANCIANO Y PROMOCIÓN SOCIAL,ATENCION AL ANCIANO Y PROMOCION SOCIAL,ATENCION AL ANCIANO Y PROMOCION SOCIAL INSTITUCION DE ASISTENCIA PRIVADA,623311,Asilos y otras residencias del sector privado para el cuidado de ancianos,servicio_adulto_mayor,residencia_cuidado,privado,0,0,0,1,1,ANCIANO,codigo_scian_y_palabra_clave,0,,0,31 a 50 personas,CALLE,CINCO,18,,0,,CALLE CINCO 18 INT 0 COLONIA AMPLIACION TEPEPAN 16020,COLONIA,AMPLIACION TEPEPAN,16020,1,09,CIUDAD DE MÉXICO,013,Xochimilco,0001,Xochimilco,0917,037,09013,0901300010917,0901300010917037,19.26446154,-99.13532455,1,5556766228,atencionalanciano@eninfinitum.com,WWW.ATENCIONALANCIANO.IAP.ORG.MX,Fijo,2010-07,2010,07,2020,11,2020-11
940415,,ATENCION PARA ADULTOS MAYORES,ATENCION PARA ADULTOS MAYORES,SEDESOL,624122,Centros del sector público dedicados a la atención y cuidado diurno de ancianos y discapacitados,servicio_adulto_mayor,centro_cuidado_diurno,publico,0,0,0,1,1,ADULTOS MAYORES,codigo_scian_y_palabra_clave,0,,0,0 a 5 personas,CALLE,BENITO JUAREZ,,SN,,,CALLE BENITO JUAREZ SN BARRIO EL ROSARIO 16070,BARRIO,EL ROSARIO,16070,1,09,CIUDAD DE MÉXICO,013,Xochimilco,0001,Xochimilco,0122,013,09013,0901300010122,0901300010122013,19.26502673,-99.1039804,1,,,,Fijo,2014-12,2014,12,2020,11,2020-11
1031432,,CASA ADULTO MAYOR SAN LORENZO ATEMOAYA,CASA ADULTO MAYOR SAN LORENZO ATEMOAYA,ALCALDIA DE XOCHIMILCO,624122,Centros del sector público dedicados a la atención y cuidado diurno de ancianos y discapacitados,servicio_adulto_mayor,centro_cuidado_diurno,publico,0,0,0,1,1,ADULTO MAYOR,codigo_scian_y_palabra_clave,0,,0,0 a 5 personas,CALLE,MIGUEL HIDALGO,,SN,,,CALLE MIGUEL HIDALGO SN PUEBLO SAN LORENZO ATEMOAYA 16400,PUEBLO,SAN LORENZO ATEMOAYA,16400,1,09,CIUDAD DE MÉXICO,013,Xochimilco,0001,Xochimilco,0442,005,09013,0901300010442,0901300010442005,19.24469895,-99.10158132,1,,,,Fijo,2010-07,2010,07,2020,11,2020-11
942609,,CASA DE LA TERCERA EDAD SAN ANDRES AHUAYUCAN,CASA DE LA TERCERA EDAD SAN ANDRES AHUAYUCAN,ALCALDIA DE XOCHIMILCO,624122,Centros del sector público dedicados a la atención y cuidado diurno de ancianos y discapacitados,servicio_adulto_mayor,centro_cuidado_diurno,publico,0,0,0,1,1,TERCERA EDAD,codigo_scian_y_palabra_clave,0,,0,0 a 5 personas,CALLE,BENITO JUAREZ,0,SN,0,,CALLE BENITO JUAREZ 0 SN INT 0 PUEBLO SAN ANDRES AHUAYUCAN 16810,PUEBLO,SAN ANDRES AHUAYUCAN,16810,1,09,CIUDAD DE MÉXICO,013,Xochimilco,0001,Xochimilco,0601,046,09013,0901300010601,0901300010601046,19.22450817,-99.10834199,1,,,,Fijo,2014-12,2014,12,2020,11,2020-11
975336,,CASA DE REPOSO SAGRADO CORAZON,CASA DE REPOSO SAGRADO CORAZON,,623311,Asilos y otras residencias del sector privado para el cuidado de ancianos,servicio_adulto_mayor,residencia_cuidado,privado,0,0,0,1,0,,codigo_scian,0,,0,0 a 5 personas,CALLE,GARGOLAS,89,,,,CALLE GARGOLAS 89 COLONIA JARDINES DEL SUR 16058,COLONIA,JARDINES DEL SUR,16058,1,09,CIUDAD DE MÉXICO,013,Xochimilco,0001,Xochimilco,0207,013,09013,0901300010207,0901300010207013,19.25974217,-99.11492165,1,,,,Fijo,2010-07,2010,07,2020,11,2020-11
940042,,CASA DEL ADULTO,CASA DEL ADULTO,GOBIERNO DEL DF,624122,Centros del sector público dedicados a la atención y cuidado diurno de ancianos y discapacitados,servicio_adulto_mayor,centro_cuidado_diurno,publico,0,0,0,1,0,,codigo_scian,0,,0,0 a 5 personas,CALLE,PROLONGACION FRANCISCO SARABIA,0,SN,0,,CALLE PROLONGACION FRANCISCO SARABIA 0 SN INT 0 PUEBLO SANTA CECILIA TEPETLAPA 16880,PUEBLO,SANTA CECILIA TEPETLAPA,16880,1,09,CIUDAD DE MÉXICO,013,Xochimilco,0001,Xochimilco,064A,008,09013,090130001064A,090130001064A008,19.21593567,-99.09936907,1,,,,Fijo,2014-12,2014,12,2020,11,2020-11
941661,,CASA DEL ADULTO MALLOR DE SAN LUCAS,CASA DEL ADULTO MALLOR DE SAN LUCAS,GOBIERNO DE LA CDMX,624122,Centros del sector público dedicados a la atención y cuidado diurno de ancianos y discapacitados,servicio_adulto_mayor,centro_cuidado_diurno,publico,0,0,0,1,0,,codigo_scian,0,,0,6 a 10 personas,CALLE,CAMINO NACIONAL,,SN,,,CALLE CAMINO NACIONAL SN PUEBLO SAN LUCAS XOCHIMANCA 16300,PUEBLO,SAN LUCAS XOCHIMANCA,16300,1,09,CIUDAD DE MÉXICO,013,Xochimilco,0001,Xochimilco,0419,003,09013,0901300010419,0901300010419003,19.24533602,-99.11408519,1,,,,Fijo,2014-12,2014,12,2020,11,2020-11
8736731,,CASA DEL ADULTO MAYOR,CASA DEL ADULTO MAYOR,,624122,Centros del sector público dedicados a la atención y cuidado diurno de ancianos y discapacitados,servicio_adulto_mayor,centro_cuidado_diurno,publico,0,0,0,1,1,ADULTO MAYOR,codigo_scian_y_palabra_clave,0,,0,0 a 5 personas,CALLE,PINO (ACUEDUCTO),,SN,,,CALLE PINO (ACUEDUCTO) SN PUEBLO LOMAS DE TONALCO 16450,PUEBLO,LOMAS DE TONALCO,16450,1,09,CIUDAD DE MÉXICO,013,Xochimilco,0001,Xochimilco,0442,055,09013,0901300010442,0901300010442055,19.24634697,-99.09407919,1,,,,Fijo,2019-11,2019,11,2020,11,2020-11
942533,,CASA DEL ADULTO MAYOR,CASA DEL ADULTO MAYOR,GOBIERNO DEL DISTRITO FEDERAL,624122,Centros del sector público dedicados a la atención y cuidado diurno de ancianos y discapacitados,servicio_adulto_mayor,centro_cuidado_diurno,publico,0,0,0,1,1,ADULTO MAYOR,codigo_scian_y_palabra_clave,0,,0,0 a 5 personas,CALLE,CONSTITUCION,31,,0,,CALLE CONSTITUCION 31 INT 0 PUEBLO SAN FRANCISCO TLALNEPANTLA 16900,PUEBLO,SAN FRANCISCO TLALNEPANTLA,16900,1,09,CIUDAD DE MÉXICO,013,Xochimilco,0001,Xochimilco,0669,040,09013,0901300010669,0901300010669040,19.19605717,-99.12234576,1,,,,Fijo,2014-12,2014,12,2020,11,2020-11
972919,,CASA DEL ADULTO MAYOR,CASA DEL ADULTO MAYOR,GOBIERNO DEL DISTRITO FEDERAL,623312,Asilos y otras residencias del sector público para el cuidado de ancianos,servicio_adulto_mayor,residencia_cuidado,publico,0,0,0,1,1,ADULTO MAYOR,codigo_scian_y_palabra_clave,0,,0,6 a 10 personas,CALLE,BELLAVISTA,0,SN,0,,CALLE BELLAVISTA 0 SN INT 0 COLONIA AMPLIACION TEPEPAN 16029,COLONIA,AMPLIACION TEPEPAN,16029,1,09,CIUDAD DE MÉXICO,013,Xochimilco,0001,Xochimilco,1332,014,09013,0901300011332,0901300011332014,19.26260587,-99.12990841,1,,,,Fijo,2010-07,2010,07,2020,11,2020-11
939152,,CASA DEL ADULTO MAYOR DE SANTIAGO TULYEHUALCO,CASA DEL ADULTO MAYOR DE SANTIAGO TULYEHUALCO,DELEGACIÓN DE XOCHIMILCO,624122,Centros del sector público dedicados a la atención y cuidado diurno de ancianos y discapacitados,servicio_adulto_mayor,centro_cuidado_diurno,publico,0,0,0,1,1,ADULTO MAYOR,codigo_scian_y_palabra_clave,0,,0,11 a 30 personas,CALLE,FRANCISCO I. MADERO,0,SN,0,,CALLE FRANCISCO I. MADERO 0 SN INT 0 COLONIA LA LUPITA 16740,COLONIA,LA LUPITA,16740,1,09,CIUDAD DE MÉXICO,013,Xochimilco,0001,Xochimilco,1313,001,09013,0901300011313,0901300011313001,19.25525276,-99.01716836,1,5525634128,,,Fijo,2014-12,2014,12,2020,11,2020-11
936258,,CASA DEL ADULTO MAYOR MUYUGUARDA,CASA DEL ADULTO MAYOR MUYUGUARDA,CASA DEL ADULTO MAYOR,624122,Centros del sector público dedicados a la atención y cuidado diurno de ancianos y discapacitados,servicio_adulto_mayor,centro_cuidado_diurno,publico,0,0,0,1,1,ADULTO MAYOR,codigo_scian_y_palabra_clave,0,,0,6 a 10 personas,CALLE,PLAN DE MUYUGUARDA,0,SN,0,,CALLE PLAN DE MUYUGUARDA 0 SN INT 0 COLONIA BARRIO 18 16034,COLONIA,BARRIO 18,16034,1,09,CIUDAD DE MÉXICO,013,Xochimilco,0001,Xochimilco,1385,024,09013,0901300011385,0901300011385024,19.27634296,-99.11871075,1,,,,Fijo,2014-12,2014,12,2020,11,2020-11
935828,,COMUNIDAD CON CORAZON FAUSTO,COMUNIDAD CON CORAZON FAUSTO,COMUNIDAD CON CORAZON FAUSTO AC,624121,Centros del sector privado dedicados a la atención y cuidado diurno de ancianos y discapacitados,servicio_adulto_mayor,centro_cuidado_diurno,privado,0,0,0,1,0,,codigo_scian,0,,0,6 a 10 personas,CALLE,RINCON SUR,2,,,,CALLE RINCON SUR 2 FRACCIONAMIENTO BOSQUE RESIDENCIAL DEL SUR 16010,FRACCIONAMIENTO,BOSQUE RESIDENCIAL DEL SUR,16010,1,09,CIUDAD DE MÉXICO,013,Xochimilco,0001,Xochimilco,0029,011,09013,0901300010029,0901300010029011,19.28079963,-99.13285529,1,,comunidad@corazonfausto.com,WWW.CORAZONFAUSTO.COM,Fijo,2014-12,2014,12,2020,11,2020-11
8736962,,CORAZON DE MARIA,CORAZON DE MARIA,,623311,Asilos y otras residencias del sector privado para el cuidado de ancianos,servicio_adulto_mayor,residencia_cuidado,privado,0,0,0,1,0,,codigo_scian,0,,0,6 a 10 personas,CALLE,REFORMA LABORAL,,SN,36,LT 14,CALLE REFORMA LABORAL SN INT 36 LT 14 COLONIA SAN LORRENZO LA CEBADA 16035,COLONIA,SAN LORRENZO LA CEBADA,16035,1,09,CIUDAD DE MÉXICO,013,Xochimilco,0001,Xochimilco,121A,016,09013,090130001121A,090130001121A016,19.28378039,-99.11955733,1,,,WWW.CORAZONDEMARIA,Fijo,2019-11,2019,11,2020,11,2020-11
7627379,,ESTANCIA GEDRIATRICA,ESTANCIA GEDRIATRICA,TOLTEKAYOTL JEVETI EL ARTE DE ENVEJECER AC,623311,Asilos y otras residencias del sector privado para el cuidado de ancianos,servicio_adulto_mayor,residencia_cuidado,privado,0,0,0,1,0,,codigo_scian,0,,0,6 a 10 personas,CALLE,CERRADA 5 DE MAYO,351,,,,CALLE CERRADA 5 DE MAYO 351 COLONIA TEPEPAN 16020,COLONIA,TEPEPAN,16020,1,09,CIUDAD DE MÉXICO,013,Xochimilco,0001,Xochimilco,0067,004,09013,0901300010067,0901300010067004,19.26823568,-99.13766534,1,,,,Fijo,2019-11,2019,11,2020,11,2020-11
7619644,,FUNDACION GERIATRICA BLANQUITA EN PLENITUD,FUNDACION GERIATRICA BLANQUITA EN PLENITUD,FUNDACION GERIATRICA BLANQUITAEN PLENITUD AC,623311,Asilos y otras residencias del sector privado para el cuidado de ancianos,servicio_adulto_mayor,residencia_cuidado,privado,0,0,0,1,1,GERIATR,codigo_scian_y_palabra_clave,0,,0,6 a 10 personas,AVENIDA,CARRETERA A SAN PABLO,2525,,,,AVENIDA CARRETERA A SAN PABLO 2525 PUEBLO CHAPULTEPEC 16810,PUEBLO,CHAPULTEPEC,16810,1,09,CIUDAD DE MÉXICO,013,Xochimilco,0001,Xochimilco,0601,055,09013,0901300010601,0901300010601055,19.22274284,-99.11126226,1,,plenitudbigger@hotmail.com,,Fijo,2019-11,2019,11,2020,11,2020-11
1035723,,INSTITUTO PEPARA LA ATENCION DE LOS ADULTO MAYORES DEL GOBIERNO DEL DISTRITO FEDERAL IAAMDF,INSTITUTO PEPARA LA ATENCION DE LOS ADULTO MAYORES DEL GOBIERNO DEL DISTRITO FEDERAL IAAMDF,GOBIERNO DEL DISTRITO FEDERAL SECRETARIA DE DESARROLLO SOCIAL,624122,Centros del sector público dedicados a la atención y cuidado diurno de ancianos y discapacitados,servicio_adulto_mayor,centro_cuidado_diurno,publico,0,0,0,1,1,ADULTO MAYOR,codigo_scian_y_palabra_clave,0,,0,0 a 5 personas,CALLE,PROLONGACION AGUSTIN MELGAR,,SN,,,CALLE PROLONGACION AGUSTIN MELGAR SN PUEBLO SAN GREGORIO ATLAPULCO 16600,PUEBLO,SAN GREGORIO ATLAPULCO,16600,1,09,CIUDAD DE MÉXICO,013,Xochimilco,0001,Xochimilco,0279,025,09013,0901300010279,0901300010279025,19.25634205,-99.0608013,1,,,,Fijo,2010-07,2010,07,2020,11,2020-11
987970,,UNIVERSIDAD XOCHIMILCO PARA ADULTOS MAYORES,UNIVERSIDAD XOCHIMILCO PARA ADULTOS MAYORES,UNIVERSIDAD XOCHIMILCO PARA ADULTOS MAYORES AC,611311,Escuelas de educación superior del sector privado,servicio_adulto_mayor,otro_con_mencion_adulto_mayor,no_determinado,0,0,0,1,1,ADULTOS MAYORES,palabra_clave,1,palabra_clave_sin_codigo_scian_directo,0,0 a 5 personas,CALLE,5 DE MAYO,0,SN,0,,CALLE 5 DE MAYO 0 SN INT 0 BARRIO XALTOCAN 16090,BARRIO,XALTOCAN,16090,1,09,CIUDAD DE MÉXICO,013,Xochimilco,0001,Xochimilco,025A,006,09013,090130001025A,090130001025A006,19.25801286,-99.10325933,1,,,,Fijo,2010-07,2010,07,2020,11,2020-11
1060080,,CAPILLA DE NUESTRA SEÑORA DE GUADALUPE,CAPILLA DE NUESTRA SENORA DE GUADALUPE,ASOCIACIÓN PRO BIENESTAR DE LOS ANCIANOS AC,813210,Asociaciones y organizaciones religiosas,servicio_adulto_mayor,otro_con_mencion_adulto_mayor,no_determinado,0,0,0,1,1,ANCIANO|ANCIANOS,palabra_clave,1,palabra_clave_sin_codigo_scian_directo,0,0 a 5 personas,CALLE,SUR 112,0,SN,0,,CALLE SUR 112 0 SN INT 0 COLONIA COVE 01120,COLONIA,COVE,01120,1,09,CIUDAD DE MÉXICO,010,Álvaro Obregón,0001,Álvaro Obregón,0027,013,09010,0901000010027,0901000010027013,19.40140117,-99.19674857,1,,,,Fijo,2010-07,2010,07,2020,11,2020-11
1038938,,CASA DE ADUALTOS MAYORES,CASA DE ADUALTOS MAYORES,GOBIERNO,624122,Centros del sector público dedicados a la atención y cuidado diurno de ancianos y discapacitados,servicio_adulto_mayor,centro_cuidado_diurno,publico,0,0,0,1,0,,codigo_scian,0,,0,0 a 5 personas,CALZADA,CALZADA DE LAS AGUILAS,0,SN,0,SN,CALZADA CALZADA DE LAS AGUILAS 0 SN INT 0 SN COLONIA SAN CLEMENTE SUR 01740,COLONIA,SAN CLEMENTE SUR,01740,1,09,CIUDAD DE MÉXICO,010,Álvaro Obregón,0001,Álvaro Obregón,1824,011,09010,0901000011824,0901000011824011,19.34951328,-99.22366973,1,,,,Fijo,2010-07,2010,07,2020,11,2020-11
7672936,,CASA DE REPOSO LA PAZ,CASA DE REPOSO LA PAZ,,623311,Asilos y otras residencias del sector privado para el cuidado de ancianos,servicio_adulto_mayor,residencia_cuidado,privado,0,0,0,1,0,,codigo_scian,0,,0,0 a 5 personas,CALLE,10 DE MAYO,33,,0,,CALLE 10 DE MAYO 33 INT 0 COLONIA OLIVAR DE LOS PADRES 01780,COLONIA,OLIVAR DE LOS PADRES,01780,1,09,CIUDAD DE MÉXICO,010,Álvaro Obregón,0001,Álvaro Obregón,1186,001,09010,0901000011186,0901000011186001,19.34219076,-99.20852556,1,5533187912,,,Fijo,2019-11,2019,11,2020,11,2020-11
1027268,,CASA DEL ADULTO MAYOR,CASA DEL ADULTO MAYOR,ALCALDIA ALVARO OBREGÓN,624122,Centros del sector público dedicados a la atención y cuidado diurno de ancianos y discapacitados,servicio_adulto_mayor,centro_cuidado_diurno,publico,0,0,0,1,1,ADULTO MAYOR,codigo_scian_y_palabra_clave,0,,0,11 a 30 personas,CALLE,10,,SN,,,CALLE 10 SN COLONIA 2 SECCION BOSQUES 01140,COLONIA,2 SECCION BOSQUES,01140,1,09,CIUDAD DE MÉXICO,010,Álvaro Obregón,0001,Álvaro Obregón,1773,008,09010,0901000011773,0901000011773008,19.39040773,-99.19709952,1,5552732747,,,Fijo,2010-07,2010,07,2020,11,2020-11
7263049,,CASA DEL ADULTO MAYOR,CASA DEL ADULTO MAYOR,CASA DEL ADULTO MAYOR,624122,Centros del sector público dedicados a la atención y cuidado diurno de ancianos y discapacitados,servicio_adulto_mayor,centro_cuidado_diurno,publico,0,0,0,1,1,ADULTO MAYOR,codigo_scian_y_palabra_clave,0,,0,0 a 5 personas,CALLE,ALVARO OBREGON,0,SN,0,,CALLE ALVARO OBREGON 0 SN INT 0 COLONIA PRESIDENTES 01290,COLONIA,PRESIDENTES,01290,1,09,CIUDAD DE MÉXICO,010,Álvaro Obregón,0001,Álvaro Obregón,1966,010,09010,0901000011966,0901000011966010,19.37719594,-99.22162055,1,,,,Fijo,2019-11,2019,11,2020,11,2020-11
7672767,,CASA DEL ADULTO MAYOR,CASA DEL ADULTO MAYOR,,624112,Servicios de orientación y trabajo social para la niñez y la juventud prestados por el sector público,servicio_adulto_mayor,otro_con_mencion_adulto_mayor,no_determinado,0,0,0,1,1,ADULTO MAYOR,palabra_clave,1,palabra_clave_sin_codigo_scian_directo,0,0 a 5 personas,CALLE,GUAJIRAS,,SN,,,CALLE GUAJIRAS SN COLONIA 2DO REACOMODO DE TLACUITLAPA 01650,COLONIA,2DO REACOMODO DE TLACUITLAPA,01650,1,09,CIUDAD DE MÉXICO,010,Álvaro Obregón,0001,Álvaro Obregón,1646,052,09010,0901000011646,0901000011646052,19.35543075,-99.23845029,1,,,,Fijo,2019-11,2019,11,2020,11,2020-11
8528558,,CASA DEL ADULTO MAYOR,CASA DEL ADULTO MAYOR,DIRECCION DE EQUIDAD Y ATENCION A GRUPOS BULNERABLES,624112,Servicios de orientación y trabajo social para la niñez y la juventud prestados por el sector público,servicio_adulto_mayor,otro_con_mencion_adulto_mayor,no_determinado,0,0,0,1,1,ADULTO MAYOR,palabra_clave,1,palabra_clave_sin_codigo_scian_directo,0,6 a 10 personas,CALLE,HUAMAITENOS,,SN,,,CALLE HUAMAITENOS SN COLONIA FRANCISCO VILLA 01280,COLONIA,FRANCISCO VILLA,01280,1,09,CIUDAD DE MÉXICO,010,Álvaro Obregón,0001,Álvaro Obregón,2108,024,09010,0901000012108,0901000012108024,19.38547955,-99.20537331,1,,,,Fijo,2019-11,2019,11,2020,11,2020-11
7672938,,CASA DEL ADULTO MAYOR AHUEHUETES,CASA DEL ADULTO MAYOR AHUEHUETES,ALCALDIA ALVARO OBREGON,624122,Centros del sector público dedicados a la atención y cuidado diurno de ancianos y discapacitados,servicio_adulto_mayor,centro_cuidado_diurno,publico,0,0,0,1,1,ADULTO MAYOR,codigo_scian_y_palabra_clave,0,,0,0 a 5 personas,CALLE,FRANCISCO DE P. MIRANDA,,SN,,,CALLE FRANCISCO DE P. MIRANDA SN COLONIA LOMAS DE PLATEROS 01600,COLONIA,LOMAS DE PLATEROS,01600,1,09,CIUDAD DE MÉXICO,010,Álvaro Obregón,0001,Álvaro Obregón,0811,001,09010,0901000010811,0901000010811001,19.36816684,-99.19260022,1,,,,Fijo,2019-11,2019,11,2020,11,2020-11
1052356,,CASA DEL ADULTO MAYOR EMMA GODOY,CASA DEL ADULTO MAYOR EMMA GODOY,EL GOBIERNO DE LA CIUDAD DE MEXICO,624122,Centros del sector público dedicados a la atención y cuidado diurno de ancianos y discapacitados,servicio_adulto_mayor,centro_cuidado_diurno,publico,0,0,0,1,1,ADULTO MAYOR,codigo_scian_y_palabra_clave,0,,0,6 a 10 personas,CALLE,LOMAS DE PLATEROS,,SN,,,CALLE LOMAS DE PLATEROS SN UNIDAD HABITACIONAL LOMAS DE PLATEROS 01480,UNIDAD HABITACIONAL,LOMAS DE PLATEROS,01480,1,09,CIUDAD DE MÉXICO,010,Álvaro Obregón,0001,Álvaro Obregón,0811,011,09010,0901000010811,0901000010811011,19.36678491,-99.19565431,1,,,,Fijo,2010-07,2010,07,2020,11,2020-11
7674557,,CASA DEL ADULTO MAYOR TIZAPAN,CASA DEL ADULTO MAYOR TIZAPAN,,624122,Centros del sector público dedicados a la atención y cuidado diurno de ancianos y discapacitados,servicio_adulto_mayor,centro_cuidado_diurno,publico,0,0,0,1,1,ADULTO MAYOR,codigo_scian_y_palabra_clave,0,,0,0 a 5 personas,CALLE,MEXICO,,SN,,,CALLE MEXICO SN COLONIA PROGRESO TIZAPAN 01080,COLONIA,PROGRESO TIZAPAN,01080,1,09,CIUDAD DE MÉXICO,010,Álvaro Obregón,0001,Álvaro Obregón,1237,017,09010,0901000011237,0901000011237017,19.3379113,-99.20414113,1,,,,Fijo,2019-11,2019,11,2020,11,2020-11
927518,,CASA HOGAR HUMILDE PATLAN,CASA HOGAR HUMILDE PATLAN,CASA HOGAR HUMILDE PATLAN AC,623311,Asilos y otras residencias del sector privado para el cuidado de ancianos,servicio_adulto_mayor,residencia_cuidado,privado,0,0,0,1,0,,codigo_scian,0,,0,6 a 10 personas,CALLE,FLOR DE MARIA,,SN,,,CALLE FLOR DE MARIA SN COLONIA LOMAS DE SAN ANGEL INN 01760,COLONIA,LOMAS DE SAN ANGEL INN,01760,1,09,CIUDAD DE MÉXICO,010,Álvaro Obregón,0001,Álvaro Obregón,103A,001,09010,090100001103A,090100001103A001,19.34794511,-99.20806238,1,5556833360,,,Fijo,2014-12,2014,12,2020,11,2020-11
1026075,,CENTRO DE DIA,CENTRO DE DIA,INSTITUTO MEXICANO DEL SEGURO SOCIAL,624122,Centros del sector público dedicados a la atención y cuidado diurno de ancianos y discapacitados,servicio_adulto_mayor,centro_cuidado_diurno,publico,0,0,0,1,0,,codigo_scian,0,,0,6 a 10 personas,CALLE,NINGUNO,,SN,,,CALLE NINGUNO SN UNIDAD HABITACIONAL SANTA FE IMSS 01170,UNIDAD HABITACIONAL,SANTA FE IMSS,01170,1,09,CIUDAD DE MÉXICO,010,Álvaro Obregón,0001,Álvaro Obregón,0239,018,09010,0901000010239,0901000010239018,19.38770859,-99.20489221,1,5555153460,,,Fijo,2010-07,2010,07,2020,11,2020-11
7262235,,CENTRO DE SEGURIDAD SOCIAL SANTA FE IMSS,CENTRO DE SEGURIDAD SOCIAL SANTA FE IMSS,CENTRO DE SEGURIDAD SOCIAL SANTA FE IMSS,623312,Asilos y otras residencias del sector público para el cuidado de ancianos,servicio_adulto_mayor,residencia_cuidado,publico,0,0,0,1,0,,codigo_scian,0,,0,31 a 50 personas,CALLE,TOSCANOS,,SN,,,CALLE TOSCANOS SN UNIDAD HABITACIONAL SANTA FE IMSS 01170,UNIDAD HABITACIONAL,SANTA FE IMSS,01170,1,09,CIUDAD DE MÉXICO,010,Álvaro Obregón,0001,Álvaro Obregón,0239,018,09010,0901000010239,0901000010239018,19.38744672,-99.2047041,1,,,,Fijo,2019-11,2019,11,2020,11,2020-11
8565170,,CENTRO GERIATRICO VILLA JACARNDAS,CENTRO GERIATRICO VILLA JACARNDAS,,623311,Asilos y otras residencias del sector privado para el cuidado de ancianos,servicio_adulto_mayor,residencia_cuidado,privado,0,0,0,1,1,GERIATR,codigo_scian_y_palabra_clave,0,,0,11 a 30 personas,CALLE,TECOYOTITLA,349,,,,CALLE TECOYOTITLA 349 COLONIA EX HACIENDA GUADALUPE DE CHIMALISTAC 01050,COLONIA,EX HACIENDA GUADALUPE DE CHIMALISTAC,01050,1,09,CIUDAD DE MÉXICO,010,Álvaro Obregón,0001,Álvaro Obregón,1133,033,09010,0901000011133,0901000011133033,19.35083196,-99.18373878,1,5519419455,areadnegarcini@hotmail.com,,Fijo,2019-11,2019,11,2020,11,2020-11
998471,,CENTRO NACIONAL MODELO DE ATENCION INVESTIGACION Y CAPACITACION GERONTOLOGICA ARTURO MUNDET,CENTRO NACIONAL MODELO DE ATENCION INVESTIGACION Y CAPACITACION GERONTOLOGICA ARTURO MUNDET,SISTEMA NACIONAL PARA EL DESARROLLO INTEGRAL DE LA FAMILIA,624112,Servicios de orientación y trabajo social para la niñez y la juventud prestados por el sector público,servicio_adulto_mayor,otro_con_mencion_adulto_mayor,no_determinado,0,0,0,1,1,GERONTOLOG,palabra_clave,1,palabra_clave_sin_codigo_scian_directo,0,11 a 30 personas,AVENIDA,REVOLUCION,1445,,,,AVENIDA REVOLUCION 1445 COLONIA CAMPESTRE 01040,COLONIA,CAMPESTRE,01040,1,09,CIUDAD DE MÉXICO,010,Álvaro Obregón,0001,Álvaro Obregón,1044,003,09010,0901000011044,0901000011044003,19.35502722,-99.19019757,1,5527660391,jose.villeda@dif.gob.mx,WWW.DIF.GOB.MX,Fijo,2010-07,2010,07,2020,11,2020-11
1049830,,COMUNIDAD ESPECIAL DE DESARROLLO E INTEGRACION,COMUNIDAD ESPECIAL DE DESARROLLO E INTEGRACION,COMUNIDAD ESPECIAL DE DESARROLLO E INTEGRACION AC,624121,Centros del sector privado dedicados a la atención y cuidado diurno de ancianos y discapacitados,servicio_adulto_mayor,centro_cuidado_diurno,privado,0,0,0,1,0,,codigo_scian,0,,0,11 a 30 personas,CALLE,ARBOLEDA,21,,,,CALLE ARBOLEDA 21 COLONIA OLIVAR DE LOS PADRES 01780,COLONIA,OLIVAR DE LOS PADRES,01780,1,09,CIUDAD DE MÉXICO,010,Álvaro Obregón,0001,Álvaro Obregón,1218,012,09010,0901000011218,0901000011218012,19.33621324,-99.21881212,1,,cediacmail@yahoo.com.mx,WWW.CEDI.COM.MX,Fijo,2010-07,2010,07,2020,11,2020-11
7673157,,ESPACIO DE ALIMENTACIN ENCUENTRO Y DESARROLLOADOLFO LOPEZ MATEOS,ESPACIO DE ALIMENTACIN ENCUENTRO Y DESARROLLOADOLFO LOPEZ MATEOS,GRUPO DE ADULTOS MAYORES CARITAS FELICES,813230,Asociaciones y organizaciones civiles,servicio_adulto_mayor,otro_con_mencion_adulto_mayor,no_determinado,0,0,0,1,1,ADULTOS MAYORES,palabra_clave,1,palabra_clave_sin_codigo_scian_directo,0,0 a 5 personas,CALLE,BOULEVARD ADOLFO LÓPEZ MATEOS,1715,,0,,CALLE BOULEVARD ADOLFO LÓPEZ MATEOS 1715 INT 0 COLONIA MERCED GOMEZ 01600,COLONIA,MERCED GOMEZ,01600,1,09,CIUDAD DE MÉXICO,010,Álvaro Obregón,0001,Álvaro Obregón,0830,005,09010,0901000010830,0901000010830005,19.36929995,-99.1920094,1,,,,Fijo,2019-11,2019,11,2020,11,2020-11
6319210,,FUNDACIÓN DE AYUDA A LA ANCIANIDAD IAP NUESTRA SEÑORA DEL CAMINO,FUNDACION DE AYUDA A LA ANCIANIDAD IAP NUESTRA SENORA DEL CAMINO,FUNDACION DE AYUDA A LA ANCIANIDAD I A P,623311,Asilos y otras residencias del sector privado para el cuidado de ancianos,servicio_adulto_mayor,residencia_cuidado,privado,0,0,0,1,0,,codigo_scian,0,,0,51 a 100 personas,BOULEVARD,BOULEVARD(ADOLFO LÓPEZ MATEOS),190,,0,,BOULEVARD BOULEVARD(ADOLFO LÓPEZ MATEOS) 190 INT 0 COLONIA SAN ÁNGEL INN 01060,COLONIA,SAN ÁNGEL INN,01060,1,09,CIUDAD DE MÉXICO,010,Álvaro Obregón,0001,Álvaro Obregón,110A,002,09010,090100001110A,090100001110A002,19.34553448,-99.20214014,1,,,,Fijo,2014-12,2014,12,2020,11,2020-11
1041538,,FUNDACION OBDULIA MONTES DE OLINA CASA HOGAR,FUNDACION OBDULIA MONTES DE OLINA CASA HOGAR,FUNDACIÓN OBDULIA MONTES DE MOLINA IAP,624121,Centros del sector privado dedicados a la atención y cuidado diurno de ancianos y discapacitados,servicio_adulto_mayor,centro_cuidado_diurno,privado,0,0,0,1,0,,codigo_scian,0,,0,11 a 30 personas,CALLE,OLIVARITO,107,,,,CALLE OLIVARITO 107 COLONIA OLIVAR DE LOS PADRES 01780,COLONIA,OLIVAR DE LOS PADRES,01780,1,09,CIUDAD DE MÉXICO,010,Álvaro Obregón,0001,Álvaro Obregón,1858,006,09010,0901000011858,0901000011858006,19.3363516,-99.23423496,1,5555954358,alicia.fomm@prodigymovil.com,WWW.FOMM.COM.MX,Fijo,2010-07,2010,07,2020,11,2020-11
8564772,,FUNDACION VIDA PLENA,FUNDACION VIDA PLENA,FUNDACION VIDA PLENA INGENIERO DANIEL LOZANO ADUNA IAP INSTITUCION DE ASISTENCIA PRIVADA,624121,Centros del sector privado dedicados a la atención y cuidado diurno de ancianos y discapacitados,servicio_adulto_mayor,centro_cuidado_diurno,privado,0,0,0,1,0,,codigo_scian,0,,0,11 a 30 personas,CALLE,SAN JUAN,134,,,,CALLE SAN JUAN 134 COLONIA SAN JOSE DEL OLIVAR 01780,COLONIA,SAN JOSE DEL OLIVAR,01780,1,09,CIUDAD DE MÉXICO,010,Álvaro Obregón,0001,Álvaro Obregón,1858,014,09010,0901000011858,0901000011858014,19.33828929,-99.22517624,1,,vdpln@yahoo.com,WWW.FUNDACIONVIDAPLENA.ORG,Fijo,2019-11,2019,11,2020,11,2020-11
1036151,,MODULO DE ATENCION A ADULTOS MAYORES,MODULO DE ATENCION A ADULTOS MAYORES,INSTITUTO DEL ADULTO MAYOR,624122,Centros del sector público dedicados a la atención y cuidado diurno de ancianos y discapacitados,servicio_adulto_mayor,centro_cuidado_diurno,publico,0,0,0,1,1,ADULTO MAYOR|ADULTOS MAYORES,codigo_scian_y_palabra_clave,0,,0,0 a 5 personas,CALLE,ENCINO,1067,,0,,CALLE ENCINO 1067 INT 0 COLONIA GARCIMARRERO 01510,COLONIA,GARCIMARRERO,01510,1,09,CIUDAD DE MÉXICO,010,Álvaro Obregón,0001,Álvaro Obregón,053A,026,09010,090100001053A,090100001053A026,19.36781824,-99.23632742,1,,,,Fijo,2010-07,2010,07,2020,11,2020-11
1032810,,RESIDENCIA DE DIA CORPUS CHRISTY,RESIDENCIA DE DIA CORPUS CHRISTY,RESIDENCIA DE DIA CORPUS CHRISTY,623312,Asilos y otras residencias del sector público para el cuidado de ancianos,servicio_adulto_mayor,residencia_cuidado,publico,0,0,0,1,0,,codigo_scian,0,,0,6 a 10 personas,CALLE,SACRAMENTO,25,,,,CALLE SACRAMENTO 25 COLONIA CORPUS CHRISTY 01530,COLONIA,CORPUS CHRISTY,01530,1,09,CIUDAD DE MÉXICO,010,Álvaro Obregón,0001,Álvaro Obregón,2095,017,09010,0901000012095,0901000012095017,19.36237832,-99.24680322,1,,,WWW.INAPAM.ORG.MX,Fijo,2010-07,2010,07,2020,11,2020-11
8392298,,SALON DEL ADULTO MAYOR,SALON DEL ADULTO MAYOR,COOPERATIVA PODER POPULAR,531113,Alquiler sin intermediación de salones para fiestas y convenciones,servicio_adulto_mayor,otro_con_mencion_adulto_mayor,no_determinado,0,0,0,1,1,ADULTO MAYOR,palabra_clave,1,palabra_clave_sin_codigo_scian_directo,0,6 a 10 personas,CALLE,3,,SN,,,CALLE 3 SN COLONIA COOPERATIVA PODER POPULAR MERCED GOMEZ 01600,COLONIA,COOPERATIVA PODER POPULAR MERCED GOMEZ,01600,1,09,CIUDAD DE MÉXICO,010,Álvaro Obregón,0001,Álvaro Obregón,092A,010,09010,090100001092A,090100001092A010,19.3635636,-99.20393582,1,,,,Fijo,2019-11,2019,11,2020,11,2020-11
8459139,,SECRETARIA DE BIENESTAR PENSION PARA EL ADULTO MAYOR,SECRETARIA DE BIENESTAR PENSION PARA EL ADULTO MAYOR,SECRETARIA DE BIENESTAR,931610,Actividades administrativas de instituciones de bienestar social,servicio_adulto_mayor,otro_con_mencion_adulto_mayor,no_determinado,0,0,0,1,1,ADULTO MAYOR,palabra_clave,1,palabra_clave_sin_codigo_scian_directo,0,6 a 10 personas,OTRO (ESPECIFIQUE),MANZANA O EDIFICACION CONTIGUA,,SN,,,OTRO (ESPECIFIQUE) MANZANA O EDIFICACION CONTIGUA SN UNIDAD HABITACIONAL SANTA FE IMSS 01170,UNIDAD HABITACIONAL,SANTA FE IMSS,01170,1,09,CIUDAD DE MÉXICO,010,Álvaro Obregón,0001,Álvaro Obregón,0239,018,09010,0901000010239,0901000010239018,19.38739977,-99.20443171,1,,,,Fijo,2019-11,2019,11,2020,11,2020-11
