id_espacio_publico,id_fuente,parte_original,area_m2,area_ha
EP000001,1,1,23794.97,2.3795
EP000002,1,2,943.32,0.0943
EP000003,1,3,7815.49,0.7815
EP000004,1,4,234.07,0.0234
EP000005,1,5,130.71,0.0131
EP000006,1,6,2230.26,0.223
EP000007,1,7,12664.25,1.2664
EP000008,1,8,500.24,0.05
EP000009,1,9,245.42,0.0245
EP000010,1,10,1849.8,0.185
EP000011,1,11,5427.52,0.5428
EP000012,1,12,296.66,0.0297
EP000013,1,13,75.24,0.0075
EP000014,1,14,818.56,0.0819
EP000015,1,15,540.22,0.054
EP000016,1,16,37.88,0.0038
EP000017,1,17,235.05,0.0235
EP000018,1,18,692.6,0.0693
EP000019,1,19,536.88,0.0537
EP000020,1,20,381.53,0.0382
EP000021,1,21,1747.11,0.1747
EP000022,1,22,4960.72,0.4961
EP000023,1,23,45.15,0.0045
EP000024,1,24,149.17,0.0149
EP000025,1,25,82.54,0.0083
EP000026,1,26,32.51,0.0033
EP000027,1,27,3313.75,0.3314
EP000028,1,28,31221.01,3.1221
EP000029,1,29,1198.97,0.1199
EP000030,1,30,44.48,0.0044
EP000031,1,31,107.38,0.0107
EP000032,1,32,2379.29,0.2379
EP000033,1,33,59.97,0.006
EP000034,1,34,102.92,0.0103
EP000035,1,35,438.08,0.0438
EP000036,1,36,55.22,0.0055
EP000037,1,37,3412.89,0.3413
EP000038,1,38,73.47,0.0073
EP000039,1,39,92.0,0.0092
EP000040,1,40,78.78,0.0079
EP000041,1,41,4396.1,0.4396
EP000042,1,42,42339.64,4.234
EP000043,1,43,54.42,0.0054
EP000044,1,44,120.01,0.012
EP000045,1,45,1395.9,0.1396
EP000046,1,46,23686.76,2.3687
EP000047,1,47,1300.81,0.1301
EP000048,1,48,206.33,0.0206
EP000049,1,49,2338.98,0.2339
EP000050,1,50,99.08,0.0099
EP000051,1,51,341.19,0.0341
EP000052,1,52,357.71,0.0358
EP000053,1,53,313.49,0.0313
EP000054,1,54,221.99,0.0222
EP000055,1,55,80.03,0.008
EP000056,1,56,41122.93,4.1123
EP000057,1,57,139.93,0.014
EP000058,1,58,278.64,0.0279
EP000059,1,59,168.44,0.0168
EP000060,1,60,376.18,0.0376
EP000061,1,61,1059.84,0.106
EP000062,1,62,1379.34,0.1379
EP000063,1,63,5101.89,0.5102
EP000064,1,64,15099.58,1.51
EP000065,1,65,1493.23,0.1493
EP000066,1,66,4152.67,0.4153
EP000067,1,67,23008.46,2.3008
EP000068,1,68,4991.29,0.4991
EP000069,1,69,2871.53,0.2872
EP000070,1,70,11546.36,1.1546
EP000071,1,71,8562.3,0.8562
EP000072,1,72,1162.67,0.1163
EP000073,1,73,7497.75,0.7498
EP000074,1,74,157.63,0.0158
EP000075,1,75,32.65,0.0033
EP000076,1,76,76.26,0.0076
EP000077,1,77,1622.01,0.1622
EP000078,1,78,200.99,0.0201
EP000079,1,79,183.09,0.0183
EP000080,1,80,207328.23,20.7328
EP000081,1,81,23135.37,2.3135
EP000082,1,82,7048.76,0.7049
EP000083,1,83,19885.39,1.9885
EP000084,1,84,9325.07,0.9325
EP000085,1,85,2133.75,0.2134
EP000086,1,86,2451.58,0.2452
EP000087,1,87,122.75,0.0123
EP000088,1,88,54.6,0.0055
EP000089,1,89,20.5,0.002
EP000090,1,90,12.85,0.0013
EP000091,1,91,11.86,0.0012
EP000092,1,92,82.81,0.0083
EP000093,1,93,15.72,0.0016
EP000094,1,94,268.01,0.0268
EP000095,1,95,56.98,0.0057
EP000096,1,96,121.93,0.0122
EP000097,1,97,501.85,0.0502
EP000098,1,98,1802.61,0.1803
EP000099,1,99,873.04,0.0873
EP000100,1,100,20982.59,2.0983
EP000101,1,101,3259.22,0.3259
EP000102,1,102,729.38,0.0729
EP000103,1,103,9000.87,0.9001
EP000104,1,104,3576.27,0.3576
EP000105,1,105,832.31,0.0832
EP000106,1,106,50789.24,5.0789
EP000107,1,107,14923.25,1.4923
EP000108,1,108,260.31,0.026
EP000109,1,109,1243.03,0.1243
EP000110,1,110,8431.5,0.8432
EP000111,1,111,1611.38,0.1611
EP000112,1,112,50.85,0.0051
EP000113,1,113,809.35,0.0809
EP000114,1,114,115.25,0.0115
EP000115,1,115,368.66,0.0369
EP000116,1,116,3346.04,0.3346
EP000117,1,117,20.31,0.002
EP000118,1,118,165.01,0.0165
EP000119,1,119,1248.2,0.1248
EP000120,1,120,138.19,0.0138
EP000121,1,121,183.49,0.0183
EP000122,1,122,5013857.52,501.3858
EP000123,1,123,21644.11,2.1644
EP000124,1,124,3911.95,0.3912
EP000125,1,125,18140.38,1.814
EP000126,1,126,95.84,0.0096
EP000127,1,127,1910.83,0.1911
EP000128,1,128,5946.21,0.5946
EP000129,1,129,3285.65,0.3286
EP000130,1,130,86.72,0.0087
EP000131,1,131,44.89,0.0045
EP000132,1,132,3295.35,0.3295
EP000133,1,133,668.67,0.0669
EP000134,1,134,209.7,0.021
EP000135,1,135,277.96,0.0278
EP000136,1,136,420.16,0.042
EP000137,1,137,327.45,0.0327
EP000138,1,138,1844.15,0.1844
EP000139,1,139,13433.46,1.3433
EP000140,1,140,116.29,0.0116
EP000141,1,141,105.91,0.0106
EP000142,1,142,115.81,0.0116
EP000143,1,143,89.04,0.0089
EP000144,1,144,88.35,0.0088
EP000145,1,145,194.83,0.0195
EP000146,1,146,705.96,0.0706
EP000147,1,147,1061.57,0.1062
EP000148,1,148,247.68,0.0248
EP000149,1,149,3787.14,0.3787
EP000150,1,150,26164.79,2.6165
EP000151,1,151,10581.63,1.0582
EP000152,1,152,6465.05,0.6465
EP000153,1,153,351.91,0.0352
EP000154,1,154,20.44,0.002
EP000155,1,155,101.0,0.0101
EP000156,1,156,2686.89,0.2687
EP000157,1,157,74.89,0.0075
EP000158,1,158,1023.61,0.1024
EP000159,1,159,1467.57,0.1468
EP000160,1,160,1363.51,0.1364
EP000161,1,161,35775.53,3.5776
EP000162,1,162,21.37,0.0021
EP000163,1,163,3251.2,0.3251
EP000164,1,164,1143.62,0.1144
EP000165,1,165,108179.92,10.818
EP000166,1,166,3815.54,0.3816
EP000167,1,167,4284.87,0.4285
EP000168,1,168,101.97,0.0102
EP000169,1,169,94.61,0.0095
EP000170,1,170,696.77,0.0697
EP000171,1,171,382.74,0.0383
EP000172,1,172,1473.76,0.1474
EP000173,1,173,1346.5,0.1347
EP000174,1,174,54254.43,5.4254
EP000175,1,175,25047.52,2.5048
EP000176,1,176,160.6,0.0161
EP000177,1,177,1332.74,0.1333
EP000178,1,178,727.06,0.0727
EP000179,1,179,300.85,0.0301
EP000180,1,180,4288.1,0.4288
EP000181,1,181,3449.94,0.345
EP000182,1,182,26901.51,2.6902
EP000183,1,183,10851.93,1.0852
EP000184,1,184,152.54,0.0153
EP000185,1,185,870.84,0.0871
EP000186,1,186,1763.15,0.1763
EP000187,1,187,8618.35,0.8618
EP000188,1,188,1735.86,0.1736
EP000189,1,189,56.24,0.0056
EP000190,1,190,519.63,0.052
EP000191,1,191,2694.8,0.2695
EP000192,1,192,2628.26,0.2628
EP000193,1,193,6113.48,0.6113
EP000194,1,194,75758.45,7.5758
EP000195,1,195,9986.98,0.9987
EP000196,1,196,5164.31,0.5164
EP000197,1,197,164.04,0.0164
EP000198,1,198,279.57,0.028
EP000199,1,199,2261.96,0.2262
EP000200,1,200,1510.64,0.1511
EP000201,1,201,4805.6,0.4806
EP000202,1,202,221.7,0.0222
EP000203,1,203,3856.06,0.3856
EP000204,1,204,446.39,0.0446
EP000205,1,205,1002.59,0.1003
EP000206,1,206,215039.92,21.504
EP000207,1,207,3828.12,0.3828
EP000208,1,208,84923.08,8.4923
EP000209,1,209,140.65,0.0141
EP000210,1,210,109.98,0.011
EP000211,1,211,18883.68,1.8884
EP000212,1,212,196.73,0.0197
EP000213,1,213,141.68,0.0142
EP000214,1,214,8619.41,0.8619
EP000215,1,215,14951.94,1.4952
EP000216,1,216,1314.11,0.1314
EP000217,1,217,4786.27,0.4786
EP000218,1,218,3764.58,0.3765
EP000219,1,219,13036.43,1.3036
EP000220,1,220,4425.98,0.4426
EP000221,1,221,75.24,0.0075
EP000222,1,222,5803.03,0.5803
EP000223,1,223,444.58,0.0445
EP000224,1,224,2149.98,0.215
EP000225,1,225,10208.47,1.0208
EP000226,1,226,2582.64,0.2583
EP000227,1,227,851.03,0.0851
EP000228,1,228,11385.71,1.1386
EP000229,1,229,393.17,0.0393
EP000230,1,230,54.15,0.0054
EP000231,1,231,153.07,0.0153
EP000232,1,232,120.2,0.012
EP000233,1,233,178.46,0.0178
EP000234,1,234,22473.21,2.2473
EP000235,1,235,2006.64,0.2007
EP000236,1,236,972.82,0.0973
EP000237,1,237,61195.02,6.1195
EP000238,1,238,277478.6,27.7479
EP000239,1,239,19399.83,1.94
EP000240,1,240,321.74,0.0322
EP000241,1,241,2953.72,0.2954
EP000242,1,242,313.03,0.0313
EP000243,1,243,281.07,0.0281
EP000244,1,244,380.14,0.038
EP000245,1,245,383.09,0.0383
EP000246,1,246,250.08,0.025
EP000247,1,247,22139.43,2.2139
EP000248,1,248,25286.51,2.5287
EP000249,1,249,243.13,0.0243
EP000250,1,250,787.11,0.0787
EP000251,1,251,7303.11,0.7303
EP000252,1,252,53.63,0.0054
EP000253,1,253,47.01,0.0047
EP000254,1,254,89.03,0.0089
EP000255,1,255,220.85,0.0221
EP000256,1,256,26976.0,2.6976
EP000257,1,257,28928.21,2.8928
EP000258,1,258,4167.33,0.4167
EP000259,1,259,660.88,0.0661
EP000260,1,260,483.32,0.0483
EP000261,1,261,18015.38,1.8015
EP000262,1,262,1925.97,0.1926
EP000263,1,263,4613.17,0.4613
EP000264,1,264,336.95,0.0337
EP000265,1,265,165.15,0.0165
EP000266,1,266,275.96,0.0276
EP000267,1,267,120.1,0.012
EP000268,1,268,33065.66,3.3066
EP000269,1,269,2241.77,0.2242
EP000270,1,270,49430.25,4.943
EP000271,1,271,6763.42,0.6763
EP000272,1,272,3551.47,0.3551
EP000273,1,273,11914.09,1.1914
EP000274,1,274,3844.78,0.3845
EP000275,1,275,1899.8,0.19
EP000276,1,276,1127.37,0.1127
EP000277,1,277,2421.36,0.2421
EP000278,1,278,10352.96,1.0353
EP000279,1,279,4954.34,0.4954
EP000280,1,280,211140.59,21.1141
EP000281,1,281,5822.61,0.5823
EP000282,1,282,931.32,0.0931
EP000283,1,283,14388.49,1.4388
EP000284,1,284,1133.61,0.1134
EP000285,1,285,940.32,0.094
EP000286,1,286,3065.19,0.3065
EP000287,1,287,6058.55,0.6059
EP000288,1,288,1213.03,0.1213
EP000289,1,289,1946.12,0.1946
EP000290,1,290,79.38,0.0079
EP000291,1,291,18.19,0.0018
EP000292,1,292,204.95,0.0205
EP000293,1,293,251.5,0.0252
EP000294,1,294,1164.85,0.1165
EP000295,1,295,460533.71,46.0534
EP000296,1,296,823.63,0.0824
EP000297,1,297,12096.06,1.2096
EP000298,1,298,853.87,0.0854
EP000299,1,299,606.54,0.0607
EP000300,1,300,10612.31,1.0612
EP000301,1,301,2490.23,0.249
EP000302,1,302,4942.95,0.4943
EP000303,1,303,189.32,0.0189
EP000304,1,304,1473.9,0.1474
EP000305,1,305,1416.8,0.1417
EP000306,1,306,620.63,0.0621
EP000307,1,307,4703.55,0.4704
EP000308,1,308,26042.43,2.6042
EP000309,1,309,56.04,0.0056
EP000310,1,310,5079.63,0.508
EP000311,1,311,572.48,0.0572
EP000312,1,312,62.97,0.0063
EP000313,1,313,26462.34,2.6462
EP000314,1,314,2090.67,0.2091
EP000315,1,315,75.0,0.0075
EP000316,1,316,89.24,0.0089
EP000317,1,317,76.86,0.0077
EP000318,1,318,3519.76,0.352
EP000319,1,319,158417.22,15.8417
EP000320,1,320,70.35,0.007
EP000321,1,321,90.16,0.009
EP000322,1,322,39.76,0.004
EP000323,1,323,77.21,0.0077
EP000324,1,324,316.18,0.0316
EP000325,1,325,37.77,0.0038
EP000326,1,326,58.29,0.0058
EP000327,1,327,134.39,0.0134
EP000328,1,328,70.02,0.007
EP000329,1,329,24.01,0.0024
EP000330,1,330,144.28,0.0144
EP000331,1,331,16229.03,1.6229
EP000332,1,332,133.27,0.0133
EP000333,1,333,333.41,0.0333
EP000334,1,334,401.71,0.0402
EP000335,1,335,4211.62,0.4212
EP000336,1,336,27.85,0.0028
EP000337,1,337,11.92,0.0012
EP000338,1,338,5709.04,0.5709
EP000339,1,339,5.81,0.0006
EP000340,1,340,859.33,0.0859
EP000341,1,341,9421.59,0.9422
EP000342,1,342,3574.58,0.3575
EP000343,1,343,6407.17,0.6407
EP000344,1,344,1890.38,0.189
EP000345,1,345,296.19,0.0296
EP000346,1,346,69.43,0.0069
EP000347,1,347,2163.2,0.2163
EP000348,1,348,71.74,0.0072
EP000349,1,349,61.58,0.0062
EP000350,1,350,14784.83,1.4785
EP000351,1,351,12953.64,1.2954
EP000352,1,352,691.34,0.0691
EP000353,1,353,32098.36,3.2098
EP000354,1,354,13230.2,1.323
EP000355,1,355,1942.15,0.1942
EP000356,1,356,455.74,0.0456
EP000357,1,357,804.89,0.0805
EP000358,1,358,15543.5,1.5543
EP000359,1,359,7950.79,0.7951
EP000360,1,360,2589.28,0.2589
EP000361,1,361,4061.88,0.4062
EP000362,1,362,508.16,0.0508
EP000363,1,363,84.77,0.0085
EP000364,1,364,172.04,0.0172
EP000365,1,365,8325.08,0.8325
EP000366,1,366,2726.78,0.2727
EP000367,1,367,100.93,0.0101
EP000368,1,368,7918.08,0.7918
EP000369,1,369,783.19,0.0783
EP000370,1,370,145.16,0.0145
EP000371,1,371,610.02,0.061
EP000372,1,372,50.53,0.0051
EP000373,1,373,46.77,0.0047
EP000374,1,374,94.68,0.0095
EP000375,1,375,93420.47,9.342
EP000376,1,376,23816.53,2.3817
EP000377,1,377,460.15,0.046
EP000378,1,378,444.46,0.0444
EP000379,1,379,43.68,0.0044
EP000380,1,380,5523.37,0.5523
EP000381,1,381,442.78,0.0443
EP000382,1,382,4188.92,0.4189
EP000383,1,383,319.39,0.0319
EP000384,1,384,861.85,0.0862
EP000385,1,385,49.77,0.005
EP000386,1,386,606.01,0.0606
EP000387,1,387,954.45,0.0954
EP000388,1,388,38755.17,3.8755
EP000389,1,389,114844.59,11.4845
EP000390,1,390,9243.71,0.9244
EP000391,1,391,770.43,0.077
EP000392,1,392,1339.95,0.134
EP000393,1,393,1004.37,0.1004
EP000394,1,394,4520.24,0.452
EP000395,1,395,11536.89,1.1537
EP000396,1,396,8588.24,0.8588
EP000397,1,397,3026.95,0.3027
EP000398,1,398,6703.84,0.6704
EP000399,1,399,10939.99,1.094
EP000400,1,400,2408.23,0.2408
EP000401,1,401,2441.28,0.2441
EP000402,1,402,12744.36,1.2744
EP000403,1,403,1474.81,0.1475
EP000404,1,404,101171.92,10.1172
EP000405,1,405,8308.25,0.8308
EP000406,1,406,58532.85,5.8533
EP000407,1,407,1829.21,0.1829
EP000408,1,408,31106.22,3.1106
EP000409,1,409,568.76,0.0569
EP000410,1,410,2717.54,0.2718
EP000411,1,411,6481.47,0.6481
EP000412,1,412,703.8,0.0704
EP000413,1,413,2013.28,0.2013
EP000414,1,414,6318.39,0.6318
EP000415,1,415,760.29,0.076
EP000416,1,416,930.32,0.093
EP000417,1,417,1354.74,0.1355
EP000418,1,418,6048.74,0.6049
EP000419,1,419,2984.72,0.2985
EP000420,1,420,1495.04,0.1495
EP000421,1,421,37278.15,3.7278
EP000422,1,422,427.11,0.0427
EP000423,1,423,1697.08,0.1697
EP000424,1,424,67.94,0.0068
EP000425,1,425,80.32,0.008
EP000426,1,426,14.62,0.0015
EP000427,1,427,43.15,0.0043
EP000428,1,428,423.95,0.0424
EP000429,1,429,515.02,0.0515
EP000430,1,430,1388.82,0.1389
EP000431,1,431,73.03,0.0073
EP000432,1,432,14.76,0.0015
EP000433,1,433,173.0,0.0173
EP000434,1,434,970.53,0.0971
EP000435,1,435,171.28,0.0171
EP000436,1,436,164.6,0.0165
EP000437,1,437,589.32,0.0589
EP000438,1,438,85.82,0.0086
EP000439,1,439,315.5,0.0316
EP000440,1,440,192.58,0.0193
EP000441,1,441,128.82,0.0129
EP000442,1,442,97.41,0.0097
EP000443,1,443,24.65,0.0025
EP000444,1,444,133.08,0.0133
EP000445,1,445,55.36,0.0055
EP000446,1,446,98.19,0.0098
EP000447,1,447,302.64,0.0303
EP000448,1,448,130.75,0.0131
EP000449,1,449,4626.23,0.4626
EP000450,1,450,270.76,0.0271
EP000451,1,451,407.75,0.0408
EP000452,1,452,12.49,0.0012
EP000453,1,453,20.7,0.0021
EP000454,1,454,12.58,0.0013
EP000455,1,455,10.44,0.001
EP000456,1,456,611.11,0.0611
EP000457,1,457,120.18,0.012
EP000458,1,458,13066.32,1.3066
EP000459,1,459,204.29,0.0204
EP000460,1,460,1862.83,0.1863
EP000461,1,461,58.75,0.0059
EP000462,1,462,233.08,0.0233
EP000463,1,463,3915.98,0.3916
EP000464,1,464,201.3,0.0201
EP000465,1,465,161.5,0.0162
EP000466,1,466,18.9,0.0019
EP000467,1,467,102.81,0.0103
EP000468,1,468,22406.08,2.2406
EP000469,1,469,69.08,0.0069
EP000470,1,470,101.65,0.0102
EP000471,1,471,54524.33,5.4524
EP000472,1,472,1550.91,0.1551
EP000473,1,473,14.53,0.0015
EP000474,1,474,18910.13,1.891
EP000475,1,475,13193.64,1.3194
EP000476,1,476,8615.73,0.8616
EP000477,1,477,1550.87,0.1551
EP000478,1,478,38.63,0.0039
EP000479,1,479,164.76,0.0165
EP000480,1,480,76.24,0.0076
EP000481,1,481,21259.77,2.126
EP000482,1,482,11077.69,1.1078
EP000483,1,483,806.7,0.0807
EP000484,1,484,54.25,0.0054
EP000485,1,485,19.54,0.002
EP000486,1,486,28.89,0.0029
EP000487,1,487,1944.23,0.1944
EP000488,1,488,183.27,0.0183
EP000489,1,489,118.69,0.0119
EP000490,1,490,25178.26,2.5178
EP000491,1,491,2533.79,0.2534
EP000492,1,492,1787.51,0.1788
EP000493,1,493,12602.64,1.2603
EP000494,1,494,14701.04,1.4701
EP000495,1,495,294.79,0.0295
EP000496,1,496,757743.2,75.7743
EP000497,1,497,24749.89,2.475
EP000498,1,498,11001.59,1.1002
EP000499,1,499,576281.95,57.6282
EP000500,1,500,5452.89,0.5453
EP000501,1,501,17433.28,1.7433
EP000502,1,502,19487.7,1.9488
EP000503,1,503,3956.78,0.3957
EP000504,1,504,294.27,0.0294
EP000505,1,505,1284.79,0.1285
EP000506,1,506,2062.05,0.2062
EP000507,1,507,3936.8,0.3937
EP000508,1,508,259.8,0.026
EP000509,1,509,2099.68,0.21
EP000510,1,510,8136.85,0.8137
EP000511,1,511,465.19,0.0465
EP000512,1,512,895.74,0.0896
EP000513,1,513,109352.12,10.9352
EP000514,1,514,3654.75,0.3655
EP000515,1,515,353.86,0.0354
EP000516,1,516,334.25,0.0334
EP000517,1,517,1023.18,0.1023
EP000518,1,518,3936.99,0.3937
EP000519,1,519,2763.05,0.2763
EP000520,1,520,123681.15,12.3681
EP000521,1,521,3522.57,0.3523
EP000522,1,522,477.71,0.0478
EP000523,1,523,4182.88,0.4183
EP000524,1,524,2854.81,0.2855
EP000525,1,525,4627.54,0.4628
EP000526,1,526,80.05,0.008
EP000527,1,527,1121.49,0.1121
EP000528,1,528,44.88,0.0045
EP000529,1,529,260.34,0.026
EP000530,1,530,40.18,0.004
EP000531,1,531,264.37,0.0264
EP000532,1,532,238734.31,23.8734
EP000533,1,533,48.72,0.0049
EP000534,1,534,61.23,0.0061
EP000535,1,535,1115.76,0.1116
EP000536,1,536,3322.31,0.3322
EP000537,1,537,112.28,0.0112
EP000538,1,538,7139.67,0.714
EP000539,1,539,4219.58,0.422
EP000540,1,540,2710.3,0.271
EP000541,1,541,11364.83,1.1365
EP000542,1,542,3638.36,0.3638
EP000543,1,543,1023.93,0.1024
EP000544,1,544,4123.71,0.4124
EP000545,1,545,1621.48,0.1621
EP000546,1,546,8.44,0.0008
EP000547,1,547,12271.28,1.2271
EP000548,1,548,81.77,0.0082
EP000549,1,549,26.55,0.0027
EP000550,1,550,7177.39,0.7177
EP000551,1,551,565.07,0.0565
EP000552,1,552,9885.9,0.9886
EP000553,1,553,23.28,0.0023
EP000554,1,554,7227.71,0.7228
EP000555,1,555,1346.72,0.1347
EP000556,1,556,316.6,0.0317
EP000557,1,557,17225.2,1.7225
EP000558,1,558,9398.73,0.9399
EP000559,1,559,950.63,0.0951
EP000560,1,560,9076.16,0.9076
EP000561,1,561,864.43,0.0864
EP000562,1,562,18853.05,1.8853
EP000563,1,563,6351.41,0.6351
EP000564,1,564,1872.82,0.1873
EP000565,1,565,5108.27,0.5108
EP000566,1,566,34722.18,3.4722
EP000567,1,567,491.27,0.0491
EP000568,1,568,5464.7,0.5465
EP000569,1,569,11867.6,1.1868
EP000570,1,570,3835.48,0.3835
EP000571,1,571,1185.58,0.1186
EP000572,1,572,7661.73,0.7662
EP000573,1,573,12372.17,1.2372
EP000574,1,574,178.87,0.0179
EP000575,1,575,3670.27,0.367
EP000576,1,576,124.11,0.0124
EP000577,1,577,8083.51,0.8084
EP000578,1,578,20372.18,2.0372
EP000579,1,579,3660.37,0.366
EP000580,1,580,1705.58,0.1706
EP000581,1,581,12764.91,1.2765
EP000582,1,582,547.21,0.0547
EP000583,1,583,175.83,0.0176
EP000584,1,584,369981.2,36.9981
EP000585,1,585,3511.3,0.3511
EP000586,1,586,150.48,0.015
EP000587,1,587,35059.4,3.5059
EP000588,1,588,2150.21,0.215
EP000589,1,589,683.59,0.0684
EP000590,1,590,45173.09,4.5173
EP000591,1,591,818.73,0.0819
EP000592,1,592,1313.21,0.1313
EP000593,1,593,356.45,0.0356
EP000594,1,594,33103.09,3.3103
EP000595,1,595,3440.91,0.3441
EP000596,1,596,62126.38,6.2126
EP000597,1,597,480.22,0.048
EP000598,1,598,19.64,0.002
EP000599,1,599,248.43,0.0248
EP000600,1,600,1272.25,0.1272
EP000601,1,601,68.54,0.0069
EP000602,1,602,13166.21,1.3166
EP000603,1,603,6128.04,0.6128
EP000604,1,604,11974.76,1.1975
EP000605,1,605,2538.95,0.2539
EP000606,1,606,3697.41,0.3697
EP000607,1,607,87047.76,8.7048
EP000608,1,608,1033.62,0.1034
EP000609,1,609,234.52,0.0235
EP000610,1,610,8014.1,0.8014
EP000611,1,611,780.98,0.0781
EP000612,1,612,1063.12,0.1063
EP000613,1,613,1067.34,0.1067
EP000614,1,614,181.97,0.0182
EP000615,1,615,407467.45,40.7467
EP000616,1,616,2041.96,0.2042
EP000617,1,617,269387.2,26.9387
EP000618,1,618,9245.05,0.9245
EP000619,1,619,8699.12,0.8699
EP000620,1,620,1778.98,0.1779
EP000621,1,621,3399.76,0.34
EP000622,1,622,1893.52,0.1894
EP000623,1,623,54227.56,5.4228
EP000624,1,624,4417.48,0.4417
EP000625,1,625,346.17,0.0346
EP000626,1,626,4828.22,0.4828
EP000627,1,627,213.22,0.0213
EP000628,1,628,793.65,0.0794
EP000629,1,629,358.89,0.0359
EP000630,1,630,8.29,0.0008
EP000631,1,631,32.92,0.0033
EP000632,1,632,283.69,0.0284
EP000633,1,633,200.7,0.0201
EP000634,1,634,11765.12,1.1765
EP000635,1,635,28.13,0.0028
EP000636,1,636,5639.95,0.564
EP000637,1,637,24.79,0.0025
EP000638,1,638,31.86,0.0032
EP000639,1,639,12369.2,1.2369
EP000640,1,640,204.94,0.0205
EP000641,1,641,49141.11,4.9141
EP000642,1,642,307.39,0.0307
EP000643,1,643,142.02,0.0142
EP000644,1,644,5422.95,0.5423
EP000645,1,645,535.45,0.0535
EP000646,1,646,86.97,0.0087
EP000647,1,647,189.71,0.019
EP000648,1,648,66.11,0.0066
EP000649,1,649,2561.75,0.2562
EP000650,1,650,467.5,0.0467
EP000651,1,651,27.47,0.0027
EP000652,1,652,14597.36,1.4597
EP000653,1,653,3689.58,0.369
EP000654,1,654,2707.87,0.2708
EP000655,1,655,2681.2,0.2681
EP000656,1,656,1945.28,0.1945
EP000657,1,657,27759.3,2.7759
EP000658,1,658,2661.5,0.2662
EP000659,1,659,5252.56,0.5253
EP000660,1,660,699.27,0.0699
EP000661,1,661,4233.36,0.4233
EP000662,1,662,463.8,0.0464
EP000663,1,663,1937.65,0.1938
EP000664,1,664,119.38,0.0119
EP000665,1,665,386.84,0.0387
EP000666,1,666,38.36,0.0038
EP000667,1,667,17629.97,1.763
EP000668,1,668,17409.57,1.741
EP000669,1,669,69.47,0.0069
EP000670,1,670,5966.52,0.5967
EP000671,1,671,669.53,0.067
EP000672,1,672,480.77,0.0481
EP000673,1,673,507.29,0.0507
EP000674,1,674,59.72,0.006
EP000675,1,675,25965.7,2.5966
EP000676,1,676,848.25,0.0848
EP000677,1,677,3266.93,0.3267
EP000678,1,678,8492.82,0.8493
EP000679,1,679,6181.58,0.6182
EP000680,1,680,1865.99,0.1866
EP000681,1,681,151.61,0.0152
EP000682,1,682,7653.5,0.7654
EP000683,1,683,2597.8,0.2598
EP000684,1,684,8689.37,0.8689
EP000685,1,685,6216.44,0.6216
EP000686,1,686,3025.74,0.3026
EP000687,1,687,2831.61,0.2832
EP000688,1,688,2129.89,0.213
EP000689,1,689,1686.95,0.1687
EP000690,1,690,1582.42,0.1582
EP000691,1,691,345.32,0.0345
EP000692,1,692,5424.63,0.5425
EP000693,1,693,20025.3,2.0025
EP000694,1,694,8443.7,0.8444
EP000695,1,695,4352.84,0.4353
EP000696,1,696,14.75,0.0015
EP000697,1,697,531.5,0.0531
EP000698,1,698,663.08,0.0663
EP000699,1,699,726.77,0.0727
EP000700,1,700,3000822.81,300.0823
EP000701,1,701,2247.65,0.2248
EP000702,1,702,771.43,0.0771
EP000703,1,703,178.22,0.0178
EP000704,1,704,180.61,0.0181
EP000705,1,705,143.17,0.0143
EP000706,1,706,426.61,0.0427
EP000707,1,707,2121.98,0.2122
EP000708,1,708,915.26,0.0915
EP000709,1,709,3618.73,0.3619
EP000710,1,710,19.51,0.002
EP000711,1,711,99.27,0.0099
EP000712,1,712,104.36,0.0104
EP000713,1,713,21.48,0.0021
EP000714,1,714,43.1,0.0043
EP000715,1,715,768.96,0.0769
EP000716,1,716,1165.35,0.1165
EP000717,1,717,71064.88,7.1065
EP000718,1,718,3878.42,0.3878
EP000719,1,719,3209.47,0.3209
EP000720,1,720,9126.47,0.9126
EP000721,1,721,24547.12,2.4547
EP000722,1,722,3229.59,0.323
EP000723,1,723,12663.4,1.2663
EP000724,1,724,17131.55,1.7132
EP000725,1,725,1222.36,0.1222
EP000726,1,726,1004.86,0.1005
EP000727,1,727,1434.04,0.1434
EP000728,1,728,3920.84,0.3921
EP000729,1,729,3532.95,0.3533
EP000730,1,730,3128.58,0.3129
EP000731,1,731,3814.65,0.3815
EP000732,1,732,2437.89,0.2438
EP000733,1,733,6730.22,0.673
EP000734,1,734,3127.29,0.3127
EP000735,1,735,17054.46,1.7054
EP000736,1,736,193.18,0.0193
EP000737,1,737,6444.76,0.6445
EP000738,1,738,3370.48,0.337
EP000739,1,739,451.83,0.0452
EP000740,1,740,4087.84,0.4088
EP000741,1,741,5791.12,0.5791
EP000742,1,742,3505.72,0.3506
EP000743,1,743,1924.38,0.1924
EP000744,1,744,7067.17,0.7067
EP000745,1,745,169.69,0.017
EP000746,1,746,4821.04,0.4821
EP000747,1,747,8709.88,0.871
EP000748,1,748,50571.33,5.0571
EP000749,1,749,3882.51,0.3883
EP000750,1,750,1715.58,0.1716
EP000751,1,751,4108.34,0.4108
EP000752,1,752,1540.49,0.154
EP000753,1,753,3822.91,0.3823
EP000754,1,754,1589.15,0.1589
EP000755,1,755,440.3,0.044
EP000756,1,756,2351.8,0.2352
EP000757,1,757,241.54,0.0242
EP000758,1,758,50.02,0.005
EP000759,1,759,6649.38,0.6649
EP000760,1,760,1297.83,0.1298
EP000761,1,761,2695.68,0.2696
EP000762,1,762,19189.88,1.919
EP000763,1,763,40209.7,4.021
EP000764,1,764,389.64,0.039
EP000765,1,765,1892.63,0.1893
EP000766,1,766,396.34,0.0396
EP000767,1,767,104934.53,10.4935
EP000768,1,768,1454.1,0.1454
EP000769,1,769,10446.68,1.0447
EP000770,1,770,82.03,0.0082
EP000771,1,771,4354.18,0.4354
EP000772,1,772,75.54,0.0076
EP000773,1,773,4006.53,0.4007
EP000774,1,774,12337.41,1.2337
EP000775,1,775,5701.99,0.5702
EP000776,1,776,301.54,0.0302
EP000777,1,777,19112.79,1.9113
EP000778,1,778,29.95,0.003
EP000779,1,779,94.82,0.0095
EP000780,1,780,8733.0,0.8733
EP000781,1,781,1150.04,0.115
EP000782,1,782,6749.34,0.6749
EP000783,1,783,877.04,0.0877
EP000784,1,784,103935.57,10.3936
EP000785,1,785,338.18,0.0338
EP000786,1,786,9176.79,0.9177
EP000787,1,787,49.88,0.005
EP000788,1,788,334.59,0.0335
EP000789,1,789,458.96,0.0459
EP000790,1,790,116.95,0.0117
EP000791,1,791,464.58,0.0465
EP000792,1,792,839.25,0.0839
EP000793,1,793,5632.68,0.5633
EP000794,1,794,78.38,0.0078
EP000795,1,795,353.88,0.0354
EP000796,1,796,270.72,0.0271
EP000797,1,797,4852.89,0.4853
EP000798,1,798,34469.24,3.4469
EP000799,1,799,7011.1,0.7011
EP000800,1,800,3293.98,0.3294
EP000801,1,801,55980.9,5.5981
EP000802,1,802,39.88,0.004
EP000803,1,803,4688.94,0.4689
EP000804,1,804,5994.13,0.5994
EP000805,1,805,236.63,0.0237
EP000806,1,806,148.4,0.0148
EP000807,1,807,76.64,0.0077
EP000808,1,808,39.13,0.0039
EP000809,1,809,1323854.87,132.3855
EP000810,1,810,126.25,0.0126
EP000811,1,811,37.1,0.0037
EP000812,1,812,262.01,0.0262
EP000813,1,813,425.27,0.0425
EP000814,1,814,293.67,0.0294
EP000815,1,815,4465.51,0.4466
EP000816,1,816,25.36,0.0025
EP000817,1,817,3195.88,0.3196
EP000818,1,818,4632.8,0.4633
EP000819,1,819,6701.64,0.6702
EP000820,1,820,70.14,0.007
EP000821,1,821,1110.9,0.1111
EP000822,1,822,181.36,0.0181
EP000823,1,823,528.77,0.0529
EP000824,1,824,56.14,0.0056
EP000825,1,825,5683.08,0.5683
EP000826,1,826,5726.77,0.5727
EP000827,1,827,1132.4,0.1132
EP000828,1,828,207.58,0.0208
EP000829,1,829,512.97,0.0513
EP000830,1,830,248.17,0.0248
EP000831,1,831,945.93,0.0946
EP000832,1,832,35.08,0.0035
EP000833,1,833,18903.02,1.8903
EP000834,1,834,1649.23,0.1649
EP000835,1,835,835.65,0.0836
EP000836,1,836,7172.22,0.7172
EP000837,1,837,885.83,0.0886
EP000838,1,838,39.68,0.004
EP000839,1,839,387.86,0.0388
EP000840,1,840,2803.77,0.2804
EP000841,1,841,878.22,0.0878
EP000842,1,842,64.44,0.0064
EP000843,1,843,2551.16,0.2551
EP000844,1,844,7766.23,0.7766
EP000845,1,845,1402.66,0.1403
EP000846,1,846,31.6,0.0032
EP000847,1,847,266.43,0.0266
EP000848,1,848,2113.45,0.2113
EP000849,1,849,1041.3,0.1041
EP000850,1,850,2236.52,0.2237
EP000851,1,851,220176.8,22.0177
EP000852,1,852,13.3,0.0013
EP000853,1,853,1307.99,0.1308
EP000854,1,854,1833.64,0.1834
EP000855,1,855,62895.93,6.2896
EP000856,1,856,442.39,0.0442
EP000857,1,857,2378.95,0.2379
EP000858,1,858,3053.88,0.3054
EP000859,1,859,1715.59,0.1716
EP000860,1,860,1270.03,0.127
EP000861,1,861,5404.51,0.5405
EP000862,1,862,249.05,0.0249
EP000863,1,863,27706.42,2.7706
EP000864,1,864,167.4,0.0167
EP000865,1,865,10749.46,1.0749
EP000866,1,866,3839.95,0.384
EP000867,1,867,5873.24,0.5873
EP000868,1,868,446.1,0.0446
EP000869,1,869,1577.54,0.1578
EP000870,1,870,164.54,0.0165
EP000871,1,871,2054.42,0.2054
EP000872,1,872,32068.79,3.2069
EP000873,1,873,28652.17,2.8652
EP000874,1,874,5776.26,0.5776
EP000875,1,875,5989.22,0.5989
EP000876,1,876,688.44,0.0688
EP000877,1,877,5456.66,0.5457
EP000878,1,878,186.72,0.0187
EP000879,1,879,21.19,0.0021
EP000880,1,880,480.18,0.048
EP000881,1,881,5631.81,0.5632
EP000882,1,882,357.93,0.0358
EP000883,1,883,1370.18,0.137
EP000884,1,884,87.17,0.0087
EP000885,1,885,11.18,0.0011
EP000886,1,886,2112.5,0.2112
EP000887,1,887,1093.81,0.1094
EP000888,1,888,360.91,0.0361
EP000889,1,889,927.56,0.0928
EP000890,1,890,526.7,0.0527
EP000891,1,891,23.27,0.0023
EP000892,1,892,433.09,0.0433
EP000893,1,893,295.07,0.0295
EP000894,1,894,2389.6,0.239
EP000895,1,895,1500.82,0.1501
EP000896,1,896,10499.04,1.0499
EP000897,1,897,184.85,0.0185
EP000898,1,898,679.57,0.068
EP000899,1,899,558.08,0.0558
EP000900,1,900,24698.33,2.4698
EP000901,1,901,4871.35,0.4871
EP000902,1,902,6664.62,0.6665
EP000903,1,903,313.12,0.0313
EP000904,1,904,6118.41,0.6118
EP000905,1,905,2076.27,0.2076
EP000906,1,906,325.36,0.0325
EP000907,1,907,16299.64,1.63
EP000908,1,908,172.2,0.0172
EP000909,1,909,127.68,0.0128
EP000910,1,910,10443.58,1.0444
EP000911,1,911,219.79,0.022
EP000912,1,912,803.72,0.0804
EP000913,1,913,188.38,0.0188
EP000914,1,914,707.56,0.0708
EP000915,1,915,7040.5,0.704
EP000916,1,916,1431.4,0.1431
EP000917,1,917,896.41,0.0896
EP000918,1,918,37843.89,3.7844
EP000919,1,919,361.26,0.0361
EP000920,1,920,5667.95,0.5668
EP000921,1,921,470.72,0.0471
EP000922,1,922,275.58,0.0276
EP000923,1,923,28257.63,2.8258
EP000924,1,924,4421.45,0.4421
EP000925,1,925,263.01,0.0263
EP000926,1,926,367.61,0.0368
EP000927,1,927,11983.21,1.1983
EP000928,1,928,812.02,0.0812
EP000929,1,929,5085.41,0.5085
EP000930,1,930,89341.93,8.9342
EP000931,1,931,2145.19,0.2145
EP000932,1,932,709.22,0.0709
EP000933,1,933,101.9,0.0102
EP000934,1,934,2108.99,0.2109
EP000935,1,935,458.61,0.0459
EP000936,1,936,383.36,0.0383
EP000937,1,937,181.3,0.0181
EP000938,1,938,556.08,0.0556
EP000939,1,939,1532.51,0.1533
EP000940,1,940,107.14,0.0107
EP000941,1,941,335.08,0.0335
EP000942,1,942,273.04,0.0273
EP000943,1,943,568.32,0.0568
EP000944,1,944,16064.69,1.6065
EP000945,1,945,185.53,0.0186
EP000946,1,946,581.44,0.0581
EP000947,1,947,1045.52,0.1046
EP000948,1,948,989.51,0.099
EP000949,1,949,1009.74,0.101
EP000950,1,950,179999.05,17.9999
EP000951,1,951,79.2,0.0079
EP000952,1,952,67.23,0.0067
EP000953,1,953,51.3,0.0051
EP000954,1,954,78.91,0.0079
EP000955,1,955,72.24,0.0072
EP000956,1,956,4556.58,0.4557
EP000957,1,957,2037.96,0.2038
EP000958,1,958,102.38,0.0102
EP000959,1,959,2601.31,0.2601
EP000960,1,960,456.15,0.0456
EP000961,1,961,124.52,0.0125
EP000962,1,962,152.23,0.0152
EP000963,1,963,30.12,0.003
EP000964,1,964,82.3,0.0082
EP000965,1,965,1848.02,0.1848
EP000966,1,966,1981.75,0.1982
EP000967,1,967,76.43,0.0076
EP000968,1,968,116.58,0.0117
EP000969,1,969,2516.18,0.2516
EP000970,1,970,14584.6,1.4585
EP000971,1,971,71.85,0.0072
EP000972,1,972,3037.58,0.3038
EP000973,1,973,277.26,0.0277
EP000974,1,974,2010.76,0.2011
EP000975,1,975,526.89,0.0527
EP000976,1,976,91.07,0.0091
EP000977,1,977,804.53,0.0805
EP000978,1,978,158.07,0.0158
EP000979,1,979,612.77,0.0613
EP000980,1,980,313.33,0.0313
EP000981,1,981,112.78,0.0113
EP000982,1,982,545.55,0.0546
EP000983,1,983,2501.78,0.2502
EP000984,1,984,4545.8,0.4546
EP000985,1,985,801.3,0.0801
EP000986,1,986,1161.84,0.1162
EP000987,1,987,117.46,0.0117
EP000988,1,988,275.48,0.0275
EP000989,1,989,2371.99,0.2372
EP000990,1,990,44.45,0.0044
EP000991,1,991,21349.67,2.135
EP000992,1,992,80.61,0.0081
EP000993,1,993,467.49,0.0467
EP000994,1,994,158.57,0.0159
EP000995,1,995,391.79,0.0392
EP000996,1,996,283.18,0.0283
EP000997,1,997,185.05,0.0185
EP000998,1,998,364.48,0.0364
EP000999,1,999,4517.68,0.4518
EP001000,1,1000,97099.07,9.7099
EP001001,1,1001,40780.61,4.0781
EP001002,1,1002,490.74,0.0491
EP001003,1,1003,14372.78,1.4373
EP001004,1,1004,221.91,0.0222
EP001005,1,1005,1121.9,0.1122
EP001006,1,1006,0.69,0.0001
EP001007,1,1007,5055.41,0.5055
EP001008,1,1008,633.83,0.0634
EP001009,1,1009,107.28,0.0107
EP001010,1,1010,1423.91,0.1424
EP001011,1,1011,1832.57,0.1833
EP001012,1,1012,42.21,0.0042
EP001013,1,1013,2536.88,0.2537
EP001014,1,1014,184.16,0.0184
EP001015,1,1015,1932.29,0.1932
EP001016,1,1016,2433.75,0.2434
EP001017,1,1017,64.31,0.0064
EP001018,1,1018,878.45,0.0878
EP001019,1,1019,206.54,0.0207
EP001020,1,1020,82.9,0.0083
EP001021,1,1021,3439.89,0.344
EP001022,1,1022,165.67,0.0166
EP001023,1,1023,1104.2,0.1104
EP001024,1,1024,104.24,0.0104
EP001025,1,1025,64.35,0.0064
EP001026,1,1026,670454.93,67.0455
EP001027,1,1027,12481.06,1.2481
EP001028,1,1028,22624.89,2.2625
EP001029,1,1029,65.13,0.0065
EP001030,1,1030,181.56,0.0182
EP001031,1,1031,326.01,0.0326
EP001032,1,1032,568.65,0.0569
EP001033,1,1033,4631.4,0.4631
EP001034,1,1034,7272.49,0.7272
EP001035,1,1035,76.43,0.0076
EP001036,1,1036,51.75,0.0052
EP001037,1,1037,1267.41,0.1267
EP001038,1,1038,389.83,0.039
EP001039,1,1039,332.96,0.0333
EP001040,1,1040,94.21,0.0094
EP001041,1,1041,66.82,0.0067
EP001042,1,1042,309.0,0.0309
EP001043,1,1043,96.25,0.0096
EP001044,1,1044,6734.5,0.6734
EP001045,1,1045,47.08,0.0047
EP001046,1,1046,1365.92,0.1366
EP001047,1,1047,356.14,0.0356
EP001048,1,1048,460.7,0.0461
EP001049,1,1049,61.5,0.0062
EP001050,1,1050,37.37,0.0037
EP001051,1,1051,1501.63,0.1502
EP001052,1,1052,813.36,0.0813
EP001053,1,1053,334.48,0.0334
EP001054,1,1054,375.07,0.0375
EP001055,1,1055,90.16,0.009
EP001056,1,1056,488.48,0.0488
EP001057,1,1057,543.75,0.0544
EP001058,1,1058,8987.37,0.8987
EP001059,1,1059,213.65,0.0214
EP001060,1,1060,377.92,0.0378
EP001061,1,1061,71.51,0.0072
EP001062,1,1062,938.25,0.0938
EP001063,1,1063,281.45,0.0281
EP001064,1,1064,138.16,0.0138
EP001065,1,1065,698.86,0.0699
EP001066,1,1066,1655.32,0.1655
EP001067,1,1067,82.87,0.0083
EP001068,1,1068,85.82,0.0086
EP001069,1,1069,58.61,0.0059
EP001070,1,1070,3041.72,0.3042
EP001071,1,1071,87.47,0.0087
EP001072,1,1072,178.95,0.0179
EP001073,1,1073,1091.66,0.1092
EP001074,1,1074,163.73,0.0164
EP001075,1,1075,26.55,0.0027
EP001076,1,1076,225.74,0.0226
EP001077,1,1077,103.27,0.0103
EP001078,1,1078,409.17,0.0409
EP001079,1,1079,1167.85,0.1168
EP001080,1,1080,601.79,0.0602
EP001081,1,1081,4234.97,0.4235
EP001082,1,1082,152.08,0.0152
EP001083,1,1083,49.1,0.0049
EP001084,1,1084,47186.95,4.7187
EP001085,1,1085,10216.95,1.0217
EP001086,1,1086,22.71,0.0023
EP001087,1,1087,3517.12,0.3517
EP001088,1,1088,516.04,0.0516
EP001089,1,1089,431.91,0.0432
EP001090,1,1090,321.5,0.0322
EP001091,1,1091,290.37,0.029
EP001092,1,1092,104.46,0.0104
EP001093,1,1093,62.67,0.0063
EP001094,1,1094,247.13,0.0247
EP001095,1,1095,163.52,0.0164
EP001096,1,1096,4436.82,0.4437
EP001097,1,1097,8841.11,0.8841
EP001098,1,1098,190.53,0.0191
EP001099,1,1099,86.89,0.0087
EP001100,1,1100,76.26,0.0076
EP001101,1,1101,844761.36,84.4761
EP001102,1,1102,1053.15,0.1053
EP001103,1,1103,23.28,0.0023
EP001104,1,1104,13.17,0.0013
EP001105,1,1105,820.37,0.082
EP001106,1,1106,1652.12,0.1652
EP001107,1,1107,18526.07,1.8526
EP001108,1,1108,2908.45,0.2908
EP001109,1,1109,1507.05,0.1507
EP001110,1,1110,31.72,0.0032
EP001111,1,1111,102.72,0.0103
EP001112,1,1112,261.04,0.0261
EP001113,1,1113,96.32,0.0096
EP001114,1,1114,1434.95,0.1435
EP001115,1,1115,0.48,0.0
EP001116,1,1116,1479.4,0.1479
EP001117,1,1117,514.23,0.0514
EP001118,1,1118,31.74,0.0032
EP001119,1,1119,196.78,0.0197
EP001120,1,1120,0.02,0.0
EP001121,1,1121,111.33,0.0111
EP001122,1,1122,907.62,0.0908
EP001123,1,1123,453.91,0.0454
EP001124,1,1124,577.6,0.0578
EP001125,1,1125,8719.2,0.8719
EP001126,1,1126,4775.24,0.4775
EP001127,1,1127,173.11,0.0173
EP001128,1,1128,39395.79,3.9396
EP001129,1,1129,149.56,0.015
EP001130,1,1130,1726.59,0.1727
EP001131,1,1131,549.3,0.0549
EP001132,1,1132,1141.22,0.1141
EP001133,1,1133,223.15,0.0223
EP001134,1,1134,114.68,0.0115
EP001135,1,1135,131.19,0.0131
EP001136,1,1136,3117.45,0.3117
EP001137,1,1137,1594.36,0.1594
EP001138,1,1138,10171.6,1.0172
EP001139,1,1139,500.95,0.0501
EP001140,1,1140,2502.44,0.2502
EP001141,1,1141,2079.54,0.208
EP001142,1,1142,444.72,0.0445
EP001143,1,1143,1062.71,0.1063
EP001144,1,1144,971.5,0.0972
EP001145,1,1145,669.23,0.0669
EP001146,1,1146,927.59,0.0928
EP001147,1,1147,3660.3,0.366
EP001148,1,1148,3879.08,0.3879
EP001149,1,1149,13424.67,1.3425
EP001150,1,1150,55.95,0.0056
EP001151,1,1151,739.29,0.0739
EP001152,1,1152,270.84,0.0271
EP001153,1,1153,28412.03,2.8412
EP001154,1,1154,400.57,0.0401
EP001155,1,1155,197.07,0.0197
EP001156,1,1156,792.57,0.0793
EP001157,1,1157,2263.41,0.2263
EP001158,1,1158,227.11,0.0227
EP001159,1,1159,328.62,0.0329
EP001160,1,1160,2574.76,0.2575
EP001161,1,1161,2782.21,0.2782
EP001162,1,1162,4405.53,0.4406
EP001163,1,1163,17.94,0.0018
EP001164,1,1164,679.02,0.0679
EP001165,1,1165,179.79,0.018
EP001166,1,1166,63.77,0.0064
EP001167,1,1167,774.92,0.0775
EP001168,1,1168,13085.72,1.3086
EP001169,1,1169,786.81,0.0787
EP001170,1,1170,93.7,0.0094
EP001171,1,1171,5476.23,0.5476
EP001172,1,1172,1189.02,0.1189
EP001173,1,1173,505.56,0.0506
EP001174,1,1174,2343.38,0.2343
EP001175,1,1175,231.09,0.0231
EP001176,1,1176,1809.62,0.181
EP001177,1,1177,91.15,0.0091
EP001178,1,1178,175.9,0.0176
EP001179,1,1179,106.97,0.0107
EP001180,1,1180,82.64,0.0083
EP001181,1,1181,572.31,0.0572
EP001182,1,1182,34.99,0.0035
EP001183,1,1183,90.83,0.0091
EP001184,1,1184,110.09,0.011
EP001185,1,1185,136.55,0.0137
EP001186,1,1186,19083.91,1.9084
EP001187,1,1187,16898.24,1.6898
EP001188,1,1188,205.58,0.0206
EP001189,1,1189,262.27,0.0262
EP001190,1,1190,1039.2,0.1039
EP001191,1,1191,5401.88,0.5402
EP001192,1,1192,11.26,0.0011
EP001193,1,1193,45.28,0.0045
EP001194,1,1194,93.64,0.0094
EP001195,1,1195,16740.7,1.6741
EP001196,1,1196,1060.31,0.106
EP001197,1,1197,390.42,0.039
EP001198,1,1198,185.63,0.0186
EP001199,1,1199,412.11,0.0412
EP001200,1,1200,6664.19,0.6664
EP001201,1,1201,3000.98,0.3001
EP001202,1,1202,91.45,0.0091
EP001203,1,1203,3477.66,0.3478
EP001204,1,1204,26.12,0.0026
EP001205,1,1205,4608.08,0.4608
EP001206,1,1206,5048.86,0.5049
EP001207,1,1207,8670.86,0.8671
EP001208,1,1208,3440.48,0.344
EP001209,1,1209,40.86,0.0041
EP001210,1,1210,377.61,0.0378
EP001211,1,1211,1300.89,0.1301
EP001212,1,1212,1187.32,0.1187
EP001213,1,1213,141.92,0.0142
EP001214,1,1214,59.8,0.006
EP001215,1,1215,21532.75,2.1533
EP001216,1,1216,11675.9,1.1676
EP001217,1,1217,300.93,0.0301
EP001218,1,1218,535.21,0.0535
EP001219,1,1219,863.04,0.0863
EP001220,1,1220,135.45,0.0135
EP001221,1,1221,1634.19,0.1634
EP001222,1,1222,1343.33,0.1343
EP001223,1,1223,5093.08,0.5093
EP001224,1,1224,560.12,0.056
EP001225,1,1225,132.49,0.0132
EP001226,1,1226,1042.59,0.1043
EP001227,1,1227,175.55,0.0176
EP001228,1,1228,1282.75,0.1283
EP001229,1,1229,12499.21,1.2499
EP001230,1,1230,357.52,0.0358
EP001231,1,1231,11150.0,1.115
EP001232,1,1232,115.47,0.0115
EP001233,1,1233,61.01,0.0061
EP001234,1,1234,1422.83,0.1423
EP001235,1,1235,24.71,0.0025
EP001236,1,1236,721.14,0.0721
EP001237,1,1237,6886.52,0.6887
EP001238,1,1238,38.89,0.0039
EP001239,1,1239,36.94,0.0037
EP001240,1,1240,159.72,0.016
EP001241,1,1241,25.35,0.0025
EP001242,1,1242,237.47,0.0237
EP001243,1,1243,319339.54,31.934
EP001244,1,1244,41.68,0.0042
EP001245,1,1245,4166.59,0.4167
EP001246,1,1246,20242.98,2.0243
EP001247,1,1247,502.24,0.0502
EP001248,1,1248,52.62,0.0053
EP001249,1,1249,37.77,0.0038
EP001250,1,1250,95458.6,9.5459
EP001251,1,1251,51.92,0.0052
EP001252,1,1252,1167.56,0.1168
EP001253,1,1253,62.77,0.0063
EP001254,1,1254,3052.14,0.3052
EP001255,1,1255,57.64,0.0058
EP001256,1,1256,371.05,0.0371
EP001257,1,1257,275.49,0.0275
EP001258,1,1258,1428.85,0.1429
EP001259,1,1259,215.57,0.0216
EP001260,1,1260,5730.39,0.573
EP001261,1,1261,122.73,0.0123
EP001262,1,1262,40218.38,4.0218
EP001263,1,1263,97.21,0.0097
EP001264,1,1264,77.23,0.0077
EP001265,1,1265,76.51,0.0077
EP001266,1,1266,255.77,0.0256
EP001267,1,1267,204.22,0.0204
EP001268,1,1268,45.15,0.0045
EP001269,1,1269,1716.85,0.1717
EP001270,1,1270,75.91,0.0076
EP001271,1,1271,1801.0,0.1801
EP001272,1,1272,66.74,0.0067
EP001273,1,1273,237.46,0.0237
EP001274,1,1274,276.55,0.0277
EP001275,1,1275,59.56,0.006
EP001276,1,1276,65.22,0.0065
EP001277,1,1277,1926.64,0.1927
EP001278,1,1278,118.7,0.0119
EP001279,1,1279,119.86,0.012
EP001280,1,1280,1536.47,0.1536
EP001281,1,1281,164.42,0.0164
EP001282,1,1282,23439.88,2.344
EP001283,1,1283,552.01,0.0552
EP001284,1,1284,1742.58,0.1743
EP001285,1,1285,669.76,0.067
EP001286,1,1286,39.9,0.004
EP001287,1,1287,249.39,0.0249
EP001288,1,1288,5520.71,0.5521
EP001289,1,1289,522.39,0.0522
EP001290,1,1290,9509.33,0.9509
EP001291,1,1291,8796.7,0.8797
EP001292,1,1292,112902.38,11.2902
EP001293,1,1293,21392.83,2.1393
EP001294,1,1294,76906.63,7.6907
EP001295,1,1295,337.41,0.0337
EP001296,1,1296,1448.05,0.1448
EP001297,1,1297,92.39,0.0092
EP001298,1,1298,7448.2,0.7448
EP001299,1,1299,895.18,0.0895
EP001300,1,1300,1881.05,0.1881
EP001301,1,1301,2513.92,0.2514
EP001302,1,1302,749.73,0.075
EP001303,1,1303,2116.25,0.2116
EP001304,1,1304,530.02,0.053
EP001305,1,1305,90.61,0.0091
EP001306,1,1306,359.1,0.0359
EP001307,1,1307,1694.41,0.1694
EP001308,1,1308,2096.02,0.2096
EP001309,1,1309,1310.31,0.131
EP001310,1,1310,2200.65,0.2201
EP001311,1,1311,97.69,0.0098
EP001312,1,1312,942.73,0.0943
EP001313,1,1313,1053.87,0.1054
EP001314,1,1314,2006.4,0.2006
EP001315,1,1315,966.63,0.0967
EP001316,1,1316,875.07,0.0875
EP001317,1,1317,6905.5,0.6906
EP001318,1,1318,1788.81,0.1789
EP001319,1,1319,3391.69,0.3392
EP001320,1,1320,7084.97,0.7085
EP001321,1,1321,1077.84,0.1078
EP001322,1,1322,26.46,0.0026
EP001323,1,1323,592.79,0.0593
EP001324,1,1324,1005.7,0.1006
EP001325,1,1325,452.23,0.0452
EP001326,1,1326,666.27,0.0666
EP001327,1,1327,29.71,0.003
EP001328,1,1328,560.68,0.0561
EP001329,1,1329,312.05,0.0312
EP001330,1,1330,285.48,0.0285
EP001331,1,1331,2618.39,0.2618
EP001332,1,1332,11015.38,1.1015
EP001333,1,1333,467.63,0.0468
EP001334,1,1334,2051.72,0.2052
EP001335,1,1335,749.07,0.0749
EP001336,1,1336,6544.61,0.6545
EP001337,1,1337,142.29,0.0142
EP001338,1,1338,46435.71,4.6436
EP001339,1,1339,1468.7,0.1469
EP001340,1,1340,211.56,0.0212
EP001341,1,1341,863.88,0.0864
EP001342,1,1342,334.56,0.0335
EP001343,1,1343,15.39,0.0015
EP001344,1,1344,819.97,0.082
EP001345,1,1345,105.55,0.0106
EP001346,1,1346,368.61,0.0369
EP001347,1,1347,2390.52,0.2391
EP001348,1,1348,320.35,0.032
EP001349,1,1349,894.91,0.0895
EP001350,1,1350,10269.97,1.027
EP001351,1,1351,75.28,0.0075
EP001352,1,1352,23.02,0.0023
EP001353,1,1353,169.69,0.017
EP001354,1,1354,143.42,0.0143
EP001355,1,1355,3507.49,0.3507
EP001356,1,1356,90.57,0.0091
EP001357,1,1357,28404.4,2.8404
EP001358,1,1358,44.05,0.0044
EP001359,1,1359,159.72,0.016
EP001360,1,1360,12.86,0.0013
EP001361,1,1361,180.61,0.0181
EP001362,1,1362,5663.05,0.5663
EP001363,1,1363,2672.31,0.2672
EP001364,1,1364,1213.4,0.1213
EP001365,1,1365,29.69,0.003
EP001366,1,1366,235.5,0.0236
EP001367,1,1367,228.47,0.0228
EP001368,1,1368,1623.5,0.1623
EP001369,1,1369,403.82,0.0404
EP001370,1,1370,139.7,0.014
EP001371,1,1371,574.42,0.0574
EP001372,1,1372,690.39,0.069
EP001373,1,1373,246.22,0.0246
EP001374,1,1374,74.87,0.0075
EP001375,1,1375,6947.48,0.6947
EP001376,1,1376,151.76,0.0152
EP001377,1,1377,37.1,0.0037
EP001378,1,1378,17125.05,1.7125
EP001379,1,1379,42.19,0.0042
EP001380,1,1380,2289.12,0.2289
EP001381,1,1381,82866.57,8.2867
EP001382,1,1382,1359.75,0.136
EP001383,1,1383,1600.37,0.16
EP001384,1,1384,524.25,0.0524
EP001385,1,1385,415.83,0.0416
EP001386,1,1386,98.63,0.0099
EP001387,1,1387,126.45,0.0126
EP001388,1,1388,6180.05,0.618
EP001389,1,1389,4621.24,0.4621
EP001390,1,1390,1015.16,0.1015
EP001391,1,1391,182.4,0.0182
EP001392,1,1392,272.4,0.0272
EP001393,1,1393,1995.68,0.1996
EP001394,1,1394,8404.05,0.8404
EP001395,1,1395,1939.66,0.194
EP001396,1,1396,214.72,0.0215
EP001397,1,1397,193.51,0.0194
EP001398,1,1398,73.49,0.0073
EP001399,1,1399,263.53,0.0264
EP001400,1,1400,179.74,0.018
EP001401,1,1401,351.4,0.0351
EP001402,1,1402,191.7,0.0192
EP001403,1,1403,148.89,0.0149
EP001404,1,1404,9018.85,0.9019
EP001405,1,1405,96248.74,9.6249
EP001406,1,1406,103.39,0.0103
EP001407,1,1407,182.33,0.0182
EP001408,1,1408,9052.36,0.9052
EP001409,1,1409,1340.46,0.134
EP001410,1,1410,268.89,0.0269
EP001411,1,1411,84.04,0.0084
EP001412,1,1412,274.34,0.0274
EP001413,1,1413,268.47,0.0268
EP001414,1,1414,111.29,0.0111
EP001415,1,1415,281.16,0.0281
EP001416,1,1416,52991.48,5.2991
EP001417,1,1417,777.2,0.0777
EP001418,1,1418,34109.59,3.411
EP001419,1,1419,700.24,0.07
EP001420,1,1420,782.35,0.0782
EP001421,1,1421,206.81,0.0207
EP001422,1,1422,4304.63,0.4305
EP001423,1,1423,8719.93,0.872
EP001424,1,1424,42.41,0.0042
EP001425,1,1425,29.88,0.003
EP001426,1,1426,108.9,0.0109
EP001427,1,1427,419.73,0.042
EP001428,1,1428,122.9,0.0123
EP001429,1,1429,2863.86,0.2864
EP001430,1,1430,48.67,0.0049
EP001431,1,1431,3257.85,0.3258
EP001432,1,1432,783.32,0.0783
EP001433,1,1433,16736.51,1.6737
EP001434,1,1434,29042.91,2.9043
EP001435,1,1435,242.45,0.0242
EP001436,1,1436,4047.28,0.4047
EP001437,1,1437,198.05,0.0198
EP001438,1,1438,2230.88,0.2231
EP001439,1,1439,416.76,0.0417
EP001440,1,1440,485.92,0.0486
EP001441,1,1441,50.59,0.0051
EP001442,1,1442,192544.84,19.2545
EP001443,1,1443,169358.5,16.9359
EP001444,1,1444,1714.53,0.1715
EP001445,1,1445,517.41,0.0517
EP001446,1,1446,3211.28,0.3211
EP001447,1,1447,4465.92,0.4466
EP001448,1,1448,4424.68,0.4425
EP001449,1,1449,1181.7,0.1182
EP001450,1,1450,991.79,0.0992
EP001451,1,1451,245.99,0.0246
EP001452,1,1452,8444.82,0.8445
EP001453,1,1453,452.04,0.0452
EP001454,1,1454,1922.85,0.1923
EP001455,1,1455,2130.49,0.213
EP001456,1,1456,579.99,0.058
EP001457,1,1457,140.4,0.014
EP001458,1,1458,686.97,0.0687
EP001459,1,1459,114.38,0.0114
EP001460,1,1460,241.64,0.0242
EP001461,1,1461,12501.99,1.2502
EP001462,1,1462,508.87,0.0509
EP001463,1,1463,36.79,0.0037
EP001464,1,1464,1245.8,0.1246
EP001465,1,1465,4535.16,0.4535
EP001466,1,1466,8731.26,0.8731
EP001467,1,1467,3630.09,0.363
EP001468,1,1468,616.53,0.0617
EP001469,1,1469,8481.85,0.8482
EP001470,1,1470,1032.53,0.1033
EP001471,1,1471,131.56,0.0132
EP001472,1,1472,696.26,0.0696
EP001473,1,1473,868.8,0.0869
EP001474,1,1474,12430.46,1.243
EP001475,1,1475,32449.99,3.245
EP001476,1,1476,118.28,0.0118
EP001477,1,1477,681.9,0.0682
EP001478,1,1478,4028.68,0.4029
EP001479,1,1479,48.67,0.0049
EP001480,1,1480,17753.35,1.7753
EP001481,1,1481,130.9,0.0131
EP001482,1,1482,121.42,0.0121
EP001483,1,1483,719.75,0.072
EP001484,1,1484,37480.47,3.748
EP001485,1,1485,883.49,0.0883
EP001486,1,1486,199.05,0.0199
EP001487,1,1487,1844.86,0.1845
EP001488,1,1488,6001.02,0.6001
EP001489,1,1489,298.85,0.0299
EP001490,1,1490,184.38,0.0184
EP001491,1,1491,102.13,0.0102
EP001492,1,1492,419.55,0.042
EP001493,1,1493,318.62,0.0319
EP001494,1,1494,298.43,0.0298
EP001495,1,1495,24765.43,2.4765
EP001496,1,1496,3129.19,0.3129
EP001497,1,1497,1308.31,0.1308
EP001498,1,1498,1354.61,0.1355
EP001499,1,1499,70.55,0.0071
EP001500,1,1500,125.9,0.0126
EP001501,1,1501,332.96,0.0333
EP001502,1,1502,1300.15,0.13
EP001503,1,1503,3811.26,0.3811
EP001504,1,1504,752.95,0.0753
EP001505,1,1505,44.41,0.0044
EP001506,1,1506,858.8,0.0859
EP001507,1,1507,2802.66,0.2803
EP001508,1,1508,2399.44,0.2399
EP001509,1,1509,2313.46,0.2313
EP001510,1,1510,199.81,0.02
EP001511,1,1511,2128.97,0.2129
EP001512,1,1512,121.69,0.0122
EP001513,1,1513,3776.12,0.3776
EP001514,1,1514,253.72,0.0254
EP001515,1,1515,27.16,0.0027
EP001516,1,1516,991.34,0.0991
EP001517,1,1517,180.38,0.018
EP001518,1,1518,87.52,0.0088
EP001519,1,1519,234.61,0.0235
EP001520,1,1520,2205.86,0.2206
EP001521,1,1521,2036.6,0.2037
EP001522,1,1522,45.03,0.0045
EP001523,1,1523,7228.94,0.7229
EP001524,1,1524,1125.21,0.1125
EP001525,1,1525,44.14,0.0044
EP001526,1,1526,405.32,0.0405
EP001527,1,1527,529.21,0.0529
EP001528,1,1528,382.7,0.0383
EP001529,1,1529,215.8,0.0216
EP001530,1,1530,5743.07,0.5743
EP001531,1,1531,108.62,0.0109
EP001532,1,1532,106.58,0.0107
EP001533,1,1533,305.93,0.0306
EP001534,1,1534,121.97,0.0122
EP001535,1,1535,84.23,0.0084
EP001536,1,1536,64.56,0.0065
EP001537,1,1537,87.24,0.0087
EP001538,1,1538,62.86,0.0063
EP001539,1,1539,45.45,0.0045
EP001540,1,1540,2104.94,0.2105
EP001541,1,1541,205.96,0.0206
EP001542,1,1542,96.35,0.0096
EP001543,1,1543,210.76,0.0211
EP001544,1,1544,49.37,0.0049
EP001545,1,1545,237.67,0.0238
EP001546,1,1546,67.57,0.0068
EP001547,1,1547,829.75,0.083
EP001548,1,1548,72.71,0.0073
EP001549,1,1549,90.26,0.009
EP001550,1,1550,390.02,0.039
EP001551,1,1551,32.6,0.0033
EP001552,1,1552,769.29,0.0769
EP001553,1,1553,106.93,0.0107
EP001554,1,1554,75.17,0.0075
EP001555,1,1555,1840.02,0.184
EP001556,1,1556,12.72,0.0013
EP001557,1,1557,129.69,0.013
EP001558,1,1558,222.51,0.0223
EP001559,1,1559,145.56,0.0146
EP001560,1,1560,41486.66,4.1487
EP001561,1,1561,783.02,0.0783
EP001562,1,1562,101.77,0.0102
EP001563,1,1563,85.24,0.0085
EP001564,1,1564,506.9,0.0507
EP001565,1,1565,1605.68,0.1606
EP001566,1,1566,2252.27,0.2252
EP001567,1,1567,2933.96,0.2934
EP001568,1,1568,192.9,0.0193
EP001569,1,1569,3224.8,0.3225
EP001570,1,1570,195.4,0.0195
EP001571,1,1571,642.56,0.0643
EP001572,1,1572,45.79,0.0046
EP001573,1,1573,97.09,0.0097
EP001574,1,1574,436.38,0.0436
EP001575,1,1575,572.62,0.0573
EP001576,1,1576,44.91,0.0045
EP001577,1,1577,269.36,0.0269
EP001578,1,1578,112.42,0.0112
EP001579,1,1579,958.87,0.0959
EP001580,1,1580,398.04,0.0398
EP001581,1,1581,1256.68,0.1257
EP001582,1,1582,431.48,0.0431
EP001583,1,1583,24.74,0.0025
EP001584,1,1584,625.97,0.0626
EP001585,1,1585,637.52,0.0638
EP001586,1,1586,258646.66,25.8647
EP001587,1,1587,335.15,0.0335
EP001588,1,1588,120.91,0.0121
EP001589,1,1589,51825.26,5.1825
EP001590,1,1590,719.74,0.072
EP001591,1,1591,4787.59,0.4788
EP001592,1,1592,260.84,0.0261
EP001593,1,1593,795.45,0.0795
EP001594,1,1594,74.39,0.0074
EP001595,1,1595,3891.49,0.3891
EP001596,1,1596,125.65,0.0126
EP001597,1,1597,4239.76,0.424
EP001598,1,1598,51.24,0.0051
EP001599,1,1599,464.66,0.0465
EP001600,1,1600,180.64,0.0181
EP001601,1,1601,868.8,0.0869
EP001602,1,1602,530.73,0.0531
EP001603,1,1603,1487.39,0.1487
EP001604,1,1604,3127.11,0.3127
EP001605,1,1605,293.34,0.0293
EP001606,1,1606,122.17,0.0122
EP001607,1,1607,973.84,0.0974
EP001608,1,1608,88358.55,8.8359
EP001609,1,1609,9356.23,0.9356
EP001610,1,1610,9748.64,0.9749
EP001611,1,1611,4163.01,0.4163
EP001612,1,1612,315.87,0.0316
EP001613,1,1613,25.76,0.0026
EP001614,1,1614,1352.13,0.1352
EP001615,1,1615,2101.01,0.2101
EP001616,1,1616,120.57,0.0121
EP001617,1,1617,504.51,0.0505
EP001618,1,1618,94.47,0.0094
EP001619,1,1619,1202.08,0.1202
EP001620,1,1620,91.72,0.0092
EP001621,1,1621,31.69,0.0032
EP001622,1,1622,2151.59,0.2152
EP001623,1,1623,222.78,0.0223
EP001624,1,1624,2140.83,0.2141
EP001625,1,1625,97.53,0.0098
EP001626,1,1626,221.26,0.0221
EP001627,1,1627,143.05,0.0143
EP001628,1,1628,125.41,0.0125
EP001629,1,1629,223.03,0.0223
EP001630,1,1630,449.03,0.0449
EP001631,1,1631,18381.41,1.8381
EP001632,1,1632,164.87,0.0165
EP001633,1,1633,92.77,0.0093
EP001634,1,1634,94.39,0.0094
EP001635,1,1635,403.05,0.0403
EP001636,1,1636,5222.78,0.5223
EP001637,1,1637,136.02,0.0136
EP001638,1,1638,5454.14,0.5454
EP001639,1,1639,79.89,0.008
EP001640,1,1640,71.86,0.0072
EP001641,1,1641,194.61,0.0195
EP001642,1,1642,269.81,0.027
EP001643,1,1643,643.74,0.0644
EP001644,1,1644,129.64,0.013
EP001645,1,1645,298.46,0.0298
EP001646,1,1646,636.52,0.0637
EP001647,1,1647,6524.43,0.6524
EP001648,1,1648,355.36,0.0355
EP001649,1,1649,317.61,0.0318
EP001650,1,1650,667.4,0.0667
EP001651,1,1651,453.64,0.0454
EP001652,1,1652,11069.54,1.107
EP001653,1,1653,861.87,0.0862
EP001654,1,1654,44.07,0.0044
EP001655,1,1655,2836.87,0.2837
EP001656,1,1656,1368.75,0.1369
EP001657,1,1657,188.53,0.0189
EP001658,1,1658,1462.81,0.1463
EP001659,1,1659,1278.24,0.1278
EP001660,1,1660,3748.26,0.3748
EP001661,1,1661,2134.73,0.2135
EP001662,1,1662,1846.7,0.1847
EP001663,1,1663,368.54,0.0369
EP001664,1,1664,2183.9,0.2184
EP001665,1,1665,372.69,0.0373
EP001666,1,1666,1287.59,0.1288
EP001667,1,1667,1343.12,0.1343
EP001668,1,1668,5262.86,0.5263
EP001669,1,1669,336.68,0.0337
EP001670,1,1670,317.92,0.0318
EP001671,1,1671,3622.68,0.3623
EP001672,1,1672,4264.34,0.4264
EP001673,1,1673,1068.85,0.1069
EP001674,1,1674,8528.49,0.8528
EP001675,1,1675,3759.09,0.3759
EP001676,1,1676,4698.0,0.4698
EP001677,1,1677,324.01,0.0324
EP001678,1,1678,449.94,0.045
EP001679,1,1679,5032.02,0.5032
EP001680,1,1680,387.92,0.0388
EP001681,1,1681,71.44,0.0071
EP001682,1,1682,722.54,0.0723
EP001683,1,1683,5732.82,0.5733
EP001684,1,1684,23740.96,2.3741
EP001685,1,1685,1272.64,0.1273
EP001686,1,1686,76.96,0.0077
EP001687,1,1687,725.05,0.0725
EP001688,1,1688,121.1,0.0121
EP001689,1,1689,67.06,0.0067
EP001690,1,1690,961.83,0.0962
EP001691,1,1691,38452.77,3.8453
EP001692,1,1692,1210.33,0.121
EP001693,1,1693,1150.43,0.115
EP001694,1,1694,3660.07,0.366
EP001695,1,1695,68.12,0.0068
EP001696,1,1696,13020.3,1.302
EP001697,1,1697,1576.35,0.1576
EP001698,1,1698,72.07,0.0072
EP001699,1,1699,73.48,0.0073
EP001700,1,1700,63.43,0.0063
EP001701,1,1701,417.44,0.0417
EP001702,1,1702,873.2,0.0873
EP001703,1,1703,73.4,0.0073
EP001704,1,1704,1080.14,0.108
EP001705,1,1705,1590.16,0.159
EP001706,1,1706,316.68,0.0317
EP001707,1,1707,76.04,0.0076
EP001708,1,1708,1240.71,0.1241
EP001709,1,1709,103.32,0.0103
EP001710,1,1710,101.81,0.0102
EP001711,1,1711,1905.44,0.1905
EP001712,1,1712,91.87,0.0092
EP001713,1,1713,1012.48,0.1012
EP001714,1,1714,3217.16,0.3217
EP001715,1,1715,177.93,0.0178
EP001716,1,1716,2561.41,0.2561
EP001717,1,1717,1886.37,0.1886
EP001718,1,1718,358.24,0.0358
EP001719,1,1719,2606.05,0.2606
EP001720,1,1720,86.79,0.0087
EP001721,1,1721,527.04,0.0527
EP001722,1,1722,1017.41,0.1017
EP001723,1,1723,5172.38,0.5172
EP001724,1,1724,34988.3,3.4988
EP001725,1,1725,298.65,0.0299
EP001726,1,1726,9250.98,0.9251
EP001727,1,1727,176.95,0.0177
EP001728,1,1728,282.15,0.0282
EP001729,1,1729,1029.81,0.103
EP001730,1,1730,31.38,0.0031
EP001731,1,1731,77.37,0.0077
EP001732,1,1732,117.57,0.0118
EP001733,1,1733,226.34,0.0226
EP001734,1,1734,275.01,0.0275
EP001735,1,1735,15060.93,1.5061
EP001736,1,1736,343.72,0.0344
EP001737,1,1737,203.79,0.0204
EP001738,1,1738,662.12,0.0662
EP001739,1,1739,3717.45,0.3717
EP001740,1,1740,284.39,0.0284
EP001741,1,1741,190.79,0.0191
EP001742,1,1742,75.06,0.0075
EP001743,1,1743,384.72,0.0385
EP001744,1,1744,62.93,0.0063
EP001745,1,1745,1727.05,0.1727
EP001746,1,1746,140.46,0.014
EP001747,1,1747,340.49,0.034
EP001748,1,1748,106.72,0.0107
EP001749,1,1749,1165.63,0.1166
EP001750,1,1750,72.28,0.0072
EP001751,1,1751,847.33,0.0847
EP001752,1,1752,132819.05,13.2819
EP001753,1,1753,562.84,0.0563
EP001754,1,1754,243.06,0.0243
EP001755,1,1755,5531.67,0.5532
EP001756,1,1756,50.24,0.005
EP001757,1,1757,1566.03,0.1566
EP001758,1,1758,2473.84,0.2474
EP001759,1,1759,322.54,0.0323
EP001760,1,1760,51.31,0.0051
EP001761,1,1761,4891.79,0.4892
EP001762,1,1762,6083.49,0.6083
EP001763,1,1763,125.26,0.0125
EP001764,1,1764,1321.89,0.1322
EP001765,1,1765,28.02,0.0028
EP001766,1,1766,163.88,0.0164
EP001767,1,1767,1254.15,0.1254
EP001768,1,1768,337.25,0.0337
EP001769,1,1769,36.56,0.0037
EP001770,1,1770,105683.74,10.5684
EP001771,1,1771,282.51,0.0283
EP001772,1,1772,459.46,0.0459
EP001773,1,1773,284.3,0.0284
EP001774,1,1774,4883.46,0.4883
EP001775,1,1775,188.67,0.0189
EP001776,1,1776,38.96,0.0039
EP001777,1,1777,94.67,0.0095
EP001778,1,1778,5207.32,0.5207
EP001779,1,1779,188.72,0.0189
EP001780,1,1780,210.74,0.0211
EP001781,1,1781,869.74,0.087
EP001782,1,1782,580.83,0.0581
EP001783,1,1783,38.01,0.0038
EP001784,1,1784,288.56,0.0289
EP001785,1,1785,2966.03,0.2966
EP001786,1,1786,41.42,0.0041
EP001787,1,1787,64.83,0.0065
EP001788,1,1788,8.52,0.0009
EP001789,1,1789,74.09,0.0074
EP001790,1,1790,399.86,0.04
EP001791,1,1791,649.53,0.065
EP001792,1,1792,143.89,0.0144
EP001793,1,1793,4417.23,0.4417
EP001794,1,1794,1316.95,0.1317
EP001795,1,1795,177.41,0.0177
EP001796,1,1796,251396.65,25.1397
EP001797,1,1797,748.41,0.0748
EP001798,1,1798,6664.77,0.6665
EP001799,1,1799,18288.15,1.8288
EP001800,1,1800,852.13,0.0852
EP001801,1,1801,1582.18,0.1582
EP001802,1,1802,3606.21,0.3606
EP001803,1,1803,12061.85,1.2062
EP001804,1,1804,877.83,0.0878
EP001805,1,1805,8031.9,0.8032
EP001806,1,1806,1836.95,0.1837
EP001807,1,1807,5856.17,0.5856
EP001808,1,1808,200.79,0.0201
EP001809,1,1809,224.34,0.0224
EP001810,1,1810,1410.84,0.1411
EP001811,1,1811,443.43,0.0443
EP001812,1,1812,934.3,0.0934
EP001813,1,1813,218.36,0.0218
EP001814,1,1814,263.96,0.0264
EP001815,1,1815,2638.99,0.2639
EP001816,1,1816,1550.48,0.155
EP001817,1,1817,433.46,0.0433
EP001818,1,1818,53.78,0.0054
EP001819,1,1819,3257.32,0.3257
EP001820,1,1820,159.42,0.0159
EP001821,1,1821,720.44,0.072
EP001822,1,1822,39.02,0.0039
EP001823,1,1823,433.85,0.0434
EP001824,1,1824,994.48,0.0994
EP001825,1,1825,282.28,0.0282
EP001826,1,1826,2356.73,0.2357
EP001827,1,1827,2503.91,0.2504
EP001828,1,1828,3486.03,0.3486
EP001829,1,1829,2639.45,0.2639
EP001830,1,1830,949.73,0.095
EP001831,1,1831,222.23,0.0222
EP001832,1,1832,4392.38,0.4392
EP001833,1,1833,816.58,0.0817
EP001834,1,1834,2065.41,0.2065
EP001835,1,1835,56606.21,5.6606
EP001836,1,1836,140.73,0.0141
EP001837,1,1837,352.54,0.0353
EP001838,1,1838,84.31,0.0084
EP001839,1,1839,3978.9,0.3979
EP001840,1,1840,3936.93,0.3937
EP001841,1,1841,159.94,0.016
EP001842,1,1842,369.52,0.037
EP001843,1,1843,42.77,0.0043
EP001844,1,1844,7427.07,0.7427
EP001845,1,1845,914.67,0.0915
EP001846,1,1846,120.19,0.012
EP001847,1,1847,1285.7,0.1286
EP001848,1,1848,221.34,0.0221
EP001849,1,1849,2571.24,0.2571
EP001850,1,1850,119.12,0.0119
EP001851,1,1851,281.03,0.0281
EP001852,1,1852,3061.51,0.3062
EP001853,1,1853,222.03,0.0222
EP001854,1,1854,12280.94,1.2281
EP001855,1,1855,102.62,0.0103
EP001856,1,1856,447.6,0.0448
EP001857,1,1857,116.19,0.0116
EP001858,1,1858,1651.27,0.1651
EP001859,1,1859,79.08,0.0079
EP001860,1,1860,120.08,0.012
EP001861,1,1861,337.09,0.0337
EP001862,1,1862,197.51,0.0198
EP001863,1,1863,86.75,0.0087
EP001864,1,1864,254.72,0.0255
EP001865,1,1865,6179.91,0.618
EP001866,1,1866,20546.14,2.0546
EP001867,1,1867,3238.01,0.3238
EP001868,1,1868,129.36,0.0129
EP001869,1,1869,69.25,0.0069
EP001870,1,1870,76.45,0.0076
EP001871,1,1871,73.67,0.0074
EP001872,1,1872,32515.37,3.2515
EP001873,1,1873,3139.5,0.314
EP001874,1,1874,2089.78,0.209
EP001875,1,1875,1172306.49,117.2306
EP001876,1,1876,142.25,0.0142
EP001877,1,1877,2761.68,0.2762
EP001878,1,1878,454.67,0.0455
EP001879,1,1879,1939.08,0.1939
EP001880,1,1880,7390.47,0.739
EP001881,1,1881,300.64,0.0301
EP001882,1,1882,2426.21,0.2426
EP001883,1,1883,800.29,0.08
EP001884,1,1884,506.3,0.0506
EP001885,1,1885,324.07,0.0324
EP001886,1,1886,2434.66,0.2435
EP001887,1,1887,141.71,0.0142
EP001888,1,1888,3462.25,0.3462
EP001889,1,1889,2050.21,0.205
EP001890,1,1890,13023.92,1.3024
EP001891,1,1891,572.94,0.0573
EP001892,1,1892,871.88,0.0872
EP001893,1,1893,135.08,0.0135
EP001894,1,1894,504.15,0.0504
EP001895,1,1895,1955.84,0.1956
EP001896,1,1896,409.3,0.0409
EP001897,1,1897,1473.0,0.1473
EP001898,1,1898,725.34,0.0725
EP001899,1,1899,345.95,0.0346
EP001900,1,1900,15949.4,1.5949
EP001901,1,1901,368.96,0.0369
EP001902,1,1902,78.77,0.0079
EP001903,1,1903,688.11,0.0688
EP001904,1,1904,750.32,0.075
EP001905,1,1905,515.09,0.0515
EP001906,1,1906,99.31,0.0099
EP001907,1,1907,975.89,0.0976
EP001908,1,1908,4893.08,0.4893
EP001909,1,1909,55.47,0.0055
EP001910,1,1910,5317.51,0.5318
EP001911,1,1911,536594.62,53.6595
EP001912,1,1912,234.6,0.0235
EP001913,1,1913,4886.75,0.4887
EP001914,1,1914,4069.92,0.407
EP001915,1,1915,2044.56,0.2045
EP001916,1,1916,156.31,0.0156
EP001917,1,1917,4132.03,0.4132
EP001918,1,1918,8924.08,0.8924
EP001919,1,1919,171.76,0.0172
EP001920,1,1920,712.27,0.0712
EP001921,1,1921,1232.17,0.1232
EP001922,1,1922,2005.99,0.2006
EP001923,1,1923,13166.38,1.3166
EP001924,1,1924,1047.28,0.1047
EP001925,1,1925,320.52,0.0321
EP001926,1,1926,3210.87,0.3211
EP001927,1,1927,1995.67,0.1996
EP001928,1,1928,134.23,0.0134
EP001929,1,1929,26655.89,2.6656
EP001930,1,1930,7172.87,0.7173
EP001931,1,1931,3624.18,0.3624
EP001932,1,1932,1043.14,0.1043
EP001933,1,1933,40156.12,4.0156
EP001934,1,1934,89.41,0.0089
EP001935,1,1935,496.91,0.0497
EP001936,1,1936,161.04,0.0161
EP001937,1,1937,346.78,0.0347
EP001938,1,1938,594.32,0.0594
EP001939,1,1939,347.14,0.0347
EP001940,1,1940,6844.99,0.6845
EP001941,1,1941,9295.77,0.9296
EP001942,1,1942,34850.91,3.4851
EP001943,1,1943,2359.65,0.236
EP001944,1,1944,3339.04,0.3339
EP001945,1,1945,740.37,0.074
EP001946,1,1946,25.58,0.0026
EP001947,1,1947,5192.97,0.5193
EP001948,1,1948,70.36,0.007
EP001949,1,1949,44973.05,4.4973
EP001950,1,1950,4529.01,0.4529
EP001951,1,1951,2037.28,0.2037
EP001952,1,1952,239.12,0.0239
EP001953,1,1953,24470.96,2.4471
EP001954,1,1954,884.1,0.0884
EP001955,1,1955,997.9,0.0998
EP001956,1,1956,3180.9,0.3181
EP001957,1,1957,152.86,0.0153
EP001958,1,1958,1742.07,0.1742
EP001959,1,1959,44.7,0.0045
EP001960,1,1960,52.43,0.0052
EP001961,1,1961,1953.72,0.1954
EP001962,1,1962,535.57,0.0536
EP001963,1,1963,282178.7,28.2179
EP001964,1,1964,28779.91,2.878
EP001965,1,1965,13090.97,1.3091
EP001966,1,1966,223.14,0.0223
EP001967,1,1967,64.25,0.0064
EP001968,1,1968,138.8,0.0139
EP001969,1,1969,10486.37,1.0486
EP001970,1,1970,97.78,0.0098
EP001971,1,1971,579.97,0.058
EP001972,1,1972,119.0,0.0119
EP001973,1,1973,80.47,0.008
EP001974,1,1974,192.89,0.0193
EP001975,1,1975,96.24,0.0096
EP001976,1,1976,11678.95,1.1679
EP001977,1,1977,207.87,0.0208
EP001978,1,1978,10490.71,1.0491
EP001979,1,1979,1469.67,0.147
EP001980,1,1980,3724.55,0.3725
EP001981,1,1981,550.9,0.0551
EP001982,1,1982,3844.88,0.3845
EP001983,1,1983,4827.79,0.4828
EP001984,1,1984,915.29,0.0915
EP001985,1,1985,53.94,0.0054
EP001986,1,1986,105.53,0.0106
EP001987,1,1987,506.14,0.0506
EP001988,1,1988,7149.63,0.715
EP001989,1,1989,306.05,0.0306
EP001990,1,1990,664.81,0.0665
EP001991,1,1991,1523.48,0.1523
EP001992,1,1992,128.86,0.0129
EP001993,1,1993,15180.73,1.5181
EP001994,1,1994,5752.56,0.5753
EP001995,1,1995,2945.85,0.2946
EP001996,1,1996,414.78,0.0415
EP001997,1,1997,350.09,0.035
EP001998,1,1998,635.6,0.0636
EP001999,1,1999,17917.41,1.7917
EP002000,1,2000,125.07,0.0125
EP002001,1,2001,182.58,0.0183
EP002002,1,2002,4088.65,0.4089
EP002003,1,2003,59715.2,5.9715
EP002004,1,2004,1578.43,0.1578
EP002005,1,2005,258.99,0.0259
EP002006,1,2006,65.83,0.0066
EP002007,1,2007,1203.36,0.1203
EP002008,1,2008,803.05,0.0803
EP002009,1,2009,456.45,0.0456
EP002010,1,2010,488.06,0.0488
EP002011,1,2011,47.13,0.0047
EP002012,1,2012,49.24,0.0049
EP002013,1,2013,9105.53,0.9106
EP002014,1,2014,8525.31,0.8525
EP002015,1,2015,1457.8,0.1458
EP002016,1,2016,112.54,0.0113
EP002017,1,2017,496.87,0.0497
EP002018,1,2018,65.34,0.0065
EP002019,1,2019,78.56,0.0079
EP002020,1,2020,74.84,0.0075
EP002021,1,2021,148.61,0.0149
EP002022,1,2022,77.38,0.0077
EP002023,1,2023,86.95,0.0087
EP002024,1,2024,15725.87,1.5726
EP002025,1,2025,25.46,0.0025
EP002026,1,2026,81.66,0.0082
EP002027,1,2027,1738.75,0.1739
EP002028,1,2028,1566.29,0.1566
EP002029,1,2029,1175.13,0.1175
EP002030,1,2030,107.68,0.0108
EP002031,1,2031,1872.92,0.1873
EP002032,1,2032,735.35,0.0735
EP002033,1,2033,833.55,0.0834
EP002034,1,2034,1439.09,0.1439
EP002035,1,2035,1351.54,0.1352
EP002036,1,2036,293.73,0.0294
EP002037,1,2037,447.56,0.0448
EP002038,1,2038,168.51,0.0169
EP002039,1,2039,376.69,0.0377
EP002040,1,2040,417.73,0.0418
EP002041,1,2041,9407.71,0.9408
EP002042,1,2042,6383.18,0.6383
EP002043,1,2043,5460.86,0.5461
EP002044,1,2044,248.93,0.0249
EP002045,1,2045,2234.48,0.2234
EP002046,1,2046,16496.51,1.6497
EP002047,1,2047,850.7,0.0851
EP002048,1,2048,11940.45,1.194
EP002049,1,2049,1035.61,0.1036
EP002050,1,2050,788.77,0.0789
EP002051,1,2051,2002.77,0.2003
EP002052,1,2052,665.07,0.0665
EP002053,1,2053,140.7,0.0141
EP002054,1,2054,661.86,0.0662
EP002055,1,2055,67.86,0.0068
EP002056,1,2056,9911.66,0.9912
EP002057,1,2057,36917.23,3.6917
EP002058,1,2058,77.94,0.0078
EP002059,1,2059,4730.53,0.4731
EP002060,1,2060,22436.43,2.2436
EP002061,1,2061,125.21,0.0125
EP002062,1,2062,80.35,0.008
EP002063,1,2063,1535.72,0.1536
EP002064,1,2064,267.92,0.0268
EP002065,1,2065,85.9,0.0086
EP002066,1,2066,743.58,0.0744
EP002067,1,2067,36.11,0.0036
EP002068,1,2068,829.27,0.0829
EP002069,1,2069,239.81,0.024
EP002070,1,2070,113.34,0.0113
EP002071,1,2071,111.82,0.0112
EP002072,1,2072,146.0,0.0146
EP002073,1,2073,1233.83,0.1234
EP002074,1,2074,25875.99,2.5876
EP002075,1,2075,121.79,0.0122
EP002076,1,2076,378.53,0.0379
EP002077,1,2077,4048.07,0.4048
EP002078,1,2078,1013.53,0.1014
EP002079,1,2079,113.37,0.0113
EP002080,1,2080,5103.43,0.5103
EP002081,1,2081,879.76,0.088
EP002082,1,2082,259.71,0.026
EP002083,1,2083,209.11,0.0209
EP002084,1,2084,537.83,0.0538
EP002085,1,2085,292.98,0.0293
EP002086,1,2086,1360.87,0.1361
EP002087,1,2087,2980.39,0.298
EP002088,1,2088,1516.3,0.1516
EP002089,1,2089,965.87,0.0966
EP002090,1,2090,1397.44,0.1397
EP002091,1,2091,734.25,0.0734
EP002092,1,2092,15120.29,1.512
EP002093,1,2093,1416.28,0.1416
EP002094,1,2094,38.04,0.0038
EP002095,1,2095,19545.71,1.9546
EP002096,1,2096,655.55,0.0656
EP002097,1,2097,256.17,0.0256
EP002098,1,2098,837.04,0.0837
EP002099,1,2099,20089.64,2.009
EP002100,1,2100,551.52,0.0552
EP002101,1,2101,319.93,0.032
EP002102,1,2102,136.3,0.0136
EP002103,1,2103,199.5,0.0199
EP002104,1,2104,15437.93,1.5438
EP002105,1,2105,498.95,0.0499
EP002106,1,2106,48.13,0.0048
EP002107,1,2107,324.53,0.0325
EP002108,1,2108,61.41,0.0061
EP002109,1,2109,866.87,0.0867
EP002110,1,2110,2449.8,0.245
EP002111,1,2111,1485.42,0.1485
EP002112,1,2112,14754.51,1.4755
EP002113,1,2113,851.22,0.0851
EP002114,1,2114,751.21,0.0751
EP002115,1,2115,170149.47,17.0149
EP002116,1,2116,1090.41,0.109
EP002117,1,2117,249.28,0.0249
EP002118,1,2118,3805.71,0.3806
EP002119,1,2119,1035.59,0.1036
EP002120,1,2120,11714.94,1.1715
EP002121,1,2121,128.91,0.0129
EP002122,1,2122,347.53,0.0348
EP002123,1,2123,1608.81,0.1609
EP002124,1,2124,287.24,0.0287
EP002125,1,2125,395.8,0.0396
EP002126,1,2126,17543.91,1.7544
EP002127,1,2127,286.85,0.0287
EP002128,1,2128,234.95,0.0235
EP002129,1,2129,154.27,0.0154
EP002130,1,2130,4613.51,0.4614
EP002131,1,2131,747.99,0.0748
EP002132,1,2132,444.01,0.0444
EP002133,1,2133,271.6,0.0272
EP002134,1,2134,2198.86,0.2199
EP002135,1,2135,10279.4,1.0279
EP002136,1,2136,1716.95,0.1717
EP002137,1,2137,4479.1,0.4479
EP002138,1,2138,27265.72,2.7266
EP002139,1,2139,5676.02,0.5676
EP002140,1,2140,844.42,0.0844
EP002141,1,2141,161.75,0.0162
EP002142,1,2142,638.6,0.0639
EP002143,1,2143,842.22,0.0842
EP002144,1,2144,261.66,0.0262
EP002145,1,2145,11132.68,1.1133
EP002146,1,2146,234.19,0.0234
EP002147,1,2147,180.26,0.018
EP002148,1,2148,2762.47,0.2762
EP002149,1,2149,51994.11,5.1994
EP002150,1,2150,82.51,0.0083
EP002151,1,2151,623.78,0.0624
EP002152,1,2152,11438.71,1.1439
EP002153,1,2153,129.54,0.013
EP002154,1,2154,428.89,0.0429
EP002155,1,2155,3988.63,0.3989
EP002156,1,2156,264.28,0.0264
EP002157,1,2157,1348.24,0.1348
EP002158,1,2158,295.12,0.0295
EP002159,1,2159,339.16,0.0339
EP002160,1,2160,286.22,0.0286
EP002161,1,2161,347.87,0.0348
EP002162,1,2162,505.41,0.0505
EP002163,1,2163,7105.95,0.7106
EP002164,1,2164,142.24,0.0142
EP002165,1,2165,2547.43,0.2547
EP002166,1,2166,278.24,0.0278
EP002167,1,2167,946.48,0.0946
EP002168,1,2168,611.13,0.0611
EP002169,1,2169,1516.45,0.1516
EP002170,1,2170,1792.22,0.1792
EP002171,1,2171,380.44,0.038
EP002172,1,2172,297.41,0.0297
EP002173,1,2173,630.54,0.0631
EP002174,1,2174,9847.73,0.9848
EP002175,1,2175,263.65,0.0264
EP002176,1,2176,78.06,0.0078
EP002177,1,2177,261.88,0.0262
EP002178,1,2178,1223.67,0.1224
EP002179,1,2179,597.31,0.0597
EP002180,1,2180,344.23,0.0344
EP002181,1,2181,485.56,0.0486
EP002182,1,2182,315.83,0.0316
EP002183,1,2183,1485.49,0.1485
EP002184,1,2184,2448.01,0.2448
EP002185,1,2185,191.37,0.0191
EP002186,1,2186,3878.36,0.3878
EP002187,1,2187,2317.23,0.2317
EP002188,1,2188,602.07,0.0602
EP002189,1,2189,15239366.58,1523.9367
EP002190,1,2190,141.12,0.0141
EP002191,1,2191,2293.85,0.2294
EP002192,1,2192,833.6,0.0834
EP002193,1,2193,340.93,0.0341
EP002194,1,2194,1010.99,0.1011
EP002195,1,2195,305.22,0.0305
EP002196,1,2196,376.01,0.0376
EP002197,1,2197,641.23,0.0641
EP002198,1,2198,79.08,0.0079
EP002199,1,2199,2282.89,0.2283
EP002200,1,2200,66.37,0.0066
EP002201,1,2201,476.22,0.0476
EP002202,1,2202,26.62,0.0027
EP002203,1,2203,96.29,0.0096
EP002204,1,2204,255.39,0.0255
EP002205,1,2205,469.67,0.047
EP002206,1,2206,6165.22,0.6165
EP002207,1,2207,100.12,0.01
EP002208,1,2208,1230.95,0.1231
EP002209,1,2209,56.29,0.0056
EP002210,1,2210,98112.71,9.8113
EP002211,1,2211,7961.12,0.7961
EP002212,1,2212,2346.68,0.2347
EP002213,1,2213,2948.66,0.2949
EP002214,1,2214,176.43,0.0176
EP002215,1,2215,239.0,0.0239
EP002216,1,2216,160.01,0.016
EP002217,1,2217,46.55,0.0047
EP002218,1,2218,1194.44,0.1194
EP002219,1,2219,1724.18,0.1724
EP002220,1,2220,370.5,0.0371
EP002221,1,2221,45.78,0.0046
EP002222,1,2222,1619.88,0.162
EP002223,1,2223,230.82,0.0231
EP002224,1,2224,562.45,0.0562
EP002225,1,2225,1132.2,0.1132
EP002226,1,2226,306.51,0.0307
EP002227,1,2227,9356.79,0.9357
EP002228,1,2228,1217.05,0.1217
EP002229,1,2229,351.65,0.0352
EP002230,1,2230,2257.27,0.2257
EP002231,1,2231,340.37,0.034
EP002232,1,2232,196.05,0.0196
EP002233,1,2233,368.56,0.0369
EP002234,1,2234,9373.07,0.9373
EP002235,1,2235,3064.73,0.3065
EP002236,1,2236,816.54,0.0817
EP002237,1,2237,4311.56,0.4312
EP002238,1,2238,1108.61,0.1109
EP002239,1,2239,370.71,0.0371
EP002240,1,2240,512.36,0.0512
EP002241,1,2241,221.24,0.0221
EP002242,1,2242,1262.7,0.1263
EP002243,1,2243,171.66,0.0172
EP002244,1,2244,6991.94,0.6992
EP002245,1,2245,3495.29,0.3495
EP002246,1,2246,320.27,0.032
EP002247,1,2247,448.74,0.0449
EP002248,1,2248,4180.72,0.4181
EP002249,1,2249,9062.26,0.9062
EP002250,1,2250,279.0,0.0279
EP002251,1,2251,260.43,0.026
EP002252,1,2252,65.74,0.0066
EP002253,1,2253,1748.72,0.1749
EP002254,1,2254,2014.43,0.2014
EP002255,1,2255,189086.79,18.9087
EP002256,1,2256,118.64,0.0119
EP002257,1,2257,3091.25,0.3091
EP002258,1,2258,7507.3,0.7507
EP002259,1,2259,164.74,0.0165
EP002260,1,2260,379.48,0.0379
EP002261,1,2261,6481.47,0.6481
EP002262,1,2262,1143.23,0.1143
EP002263,1,2263,5489.34,0.5489
EP002264,1,2264,5189.73,0.519
EP002265,1,2265,45.62,0.0046
EP002266,1,2266,1910.86,0.1911
EP002267,1,2267,26.06,0.0026
EP002268,1,2268,102.47,0.0102
EP002269,1,2269,11557.45,1.1557
EP002270,1,2270,10219.28,1.0219
EP002271,1,2271,1654.63,0.1655
EP002272,1,2272,284.53,0.0285
EP002273,1,2273,855.45,0.0855
EP002274,1,2274,1020.8,0.1021
EP002275,1,2275,9471.56,0.9472
EP002276,1,2276,238.49,0.0238
EP002277,1,2277,551.47,0.0551
EP002278,1,2278,687.47,0.0687
EP002279,1,2279,205.92,0.0206
EP002280,1,2280,49.87,0.005
EP002281,1,2281,238.76,0.0239
EP002282,1,2282,151.67,0.0152
EP002283,1,2283,742.84,0.0743
EP002284,1,2284,13543.56,1.3544
EP002285,1,2285,2040.0,0.204
EP002286,1,2286,99.45,0.0099
EP002287,1,2287,353.19,0.0353
EP002288,1,2288,322.58,0.0323
EP002289,1,2289,3443.75,0.3444
EP002290,1,2290,2916.08,0.2916
EP002291,1,2291,310.59,0.0311
EP002292,1,2292,204.95,0.0205
EP002293,1,2293,41.34,0.0041
EP002294,1,2294,20625.07,2.0625
EP002295,1,2295,18013.28,1.8013
EP002296,1,2296,7556.44,0.7556
EP002297,1,2297,205.07,0.0205
EP002298,1,2298,5183.57,0.5184
EP002299,1,2299,300.66,0.0301
EP002300,1,2300,1270.52,0.1271
EP002301,1,2301,598.66,0.0599
EP002302,1,2302,8065.98,0.8066
EP002303,1,2303,26.79,0.0027
EP002304,1,2304,347.35,0.0347
EP002305,1,2305,3128.79,0.3129
EP002306,1,2306,507.74,0.0508
EP002307,1,2307,366.23,0.0366
EP002308,1,2308,204.71,0.0205
EP002309,1,2309,27430.91,2.7431
EP002310,1,2310,5436.73,0.5437
EP002311,1,2311,584.92,0.0585
EP002312,1,2312,30.98,0.0031
EP002313,1,2313,89015.16,8.9015
EP002314,1,2314,523.7,0.0524
EP002315,1,2315,11464.02,1.1464
EP002316,1,2316,97.3,0.0097
EP002317,1,2317,1207.21,0.1207
EP002318,1,2318,546.63,0.0547
EP002319,1,2319,12.52,0.0013
EP002320,1,2320,894.18,0.0894
EP002321,1,2321,489.65,0.049
EP002322,1,2322,704.09,0.0704
EP002323,1,2323,58.38,0.0058
EP002324,1,2324,512.55,0.0513
EP002325,1,2325,12.46,0.0012
EP002326,1,2326,128.28,0.0128
EP002327,1,2327,177.6,0.0178
EP002328,1,2328,45305.29,4.5305
EP002329,1,2329,516.64,0.0517
EP002330,1,2330,147.12,0.0147
EP002331,1,2331,136.43,0.0136
EP002332,1,2332,211.2,0.0211
EP002333,1,2333,10985.53,1.0986
EP002334,1,2334,503.54,0.0504
EP002335,1,2335,2341.53,0.2342
EP002336,1,2336,498.12,0.0498
EP002337,1,2337,4486.33,0.4486
EP002338,1,2338,132.87,0.0133
EP002339,1,2339,450.5,0.045
EP002340,1,2340,76.52,0.0077
EP002341,1,2341,462.33,0.0462
EP002342,1,2342,401.03,0.0401
EP002343,1,2343,72.87,0.0073
EP002344,1,2344,236.87,0.0237
EP002345,1,2345,1409.94,0.141
EP002346,1,2346,477.83,0.0478
EP002347,1,2347,49.15,0.0049
EP002348,1,2348,77.23,0.0077
EP002349,1,2349,723.66,0.0724
EP002350,1,2350,606.09,0.0606
EP002351,1,2351,240.89,0.0241
EP002352,1,2352,8238.29,0.8238
EP002353,1,2353,472.05,0.0472
EP002354,1,2354,2393.72,0.2394
EP002355,1,2355,27520.96,2.7521
EP002356,1,2356,562.01,0.0562
EP002357,1,2357,131.3,0.0131
EP002358,1,2358,155.04,0.0155
EP002359,1,2359,197.82,0.0198
EP002360,1,2360,2174.14,0.2174
EP002361,1,2361,854.83,0.0855
EP002362,1,2362,456.35,0.0456
EP002363,1,2363,30.84,0.0031
EP002364,1,2364,36079.24,3.6079
EP002365,1,2365,663.37,0.0663
EP002366,1,2366,247.91,0.0248
EP002367,1,2367,3990.76,0.3991
EP002368,1,2368,914.53,0.0915
EP002369,1,2369,321.79,0.0322
EP002370,1,2370,434.25,0.0434
EP002371,1,2371,6613.08,0.6613
EP002372,1,2372,1356.38,0.1356
EP002373,1,2373,357.77,0.0358
EP002374,1,2374,886.18,0.0886
EP002375,1,2375,11508.93,1.1509
EP002376,1,2376,3072.65,0.3073
EP002377,1,2377,143.39,0.0143
EP002378,1,2378,232.13,0.0232
EP002379,1,2379,108.95,0.0109
EP002380,1,2380,1195.4,0.1195
EP002381,1,2381,3684.59,0.3685
EP002382,1,2382,307.21,0.0307
EP002383,1,2383,1124.43,0.1124
EP002384,1,2384,1400.11,0.14
EP002385,1,2385,317.85,0.0318
EP002386,1,2386,499.19,0.0499
EP002387,1,2387,140.17,0.014
EP002388,1,2388,3777.61,0.3778
EP002389,1,2389,227.2,0.0227
EP002390,1,2390,3627.31,0.3627
EP002391,1,2391,1255.72,0.1256
EP002392,1,2392,1160.19,0.116
EP002393,1,2393,94.93,0.0095
EP002394,1,2394,1591.37,0.1591
EP002395,1,2395,735.05,0.0735
EP002396,1,2396,692.34,0.0692
EP002397,1,2397,1161.7,0.1162
EP002398,1,2398,77.37,0.0077
EP002399,1,2399,119.06,0.0119
EP002400,1,2400,21355.5,2.1355
EP002401,1,2401,566.74,0.0567
EP002402,1,2402,50.56,0.0051
EP002403,1,2403,174.54,0.0175
EP002404,1,2404,581.23,0.0581
EP002405,1,2405,1410.39,0.141
EP002406,1,2406,1056.1,0.1056
EP002407,1,2407,710.89,0.0711
EP002408,1,2408,407.81,0.0408
EP002409,1,2409,1612.9,0.1613
EP002410,1,2410,1481.1,0.1481
EP002411,1,2411,116.8,0.0117
EP002412,1,2412,1023.79,0.1024
EP002413,1,2413,530.4,0.053
EP002414,1,2414,2482.33,0.2482
EP002415,1,2415,541.21,0.0541
EP002416,1,2416,5668.19,0.5668
EP002417,1,2417,64.82,0.0065
EP002418,1,2418,35.11,0.0035
EP002419,1,2419,3814.24,0.3814
EP002420,1,2420,6737.08,0.6737
EP002421,1,2421,4987.4,0.4987
EP002422,1,2422,146.74,0.0147
EP002423,1,2423,1366.9,0.1367
EP002424,1,2424,2056.97,0.2057
EP002425,1,2425,3289.19,0.3289
EP002426,1,2426,8455.62,0.8456
EP002427,1,2427,7949.14,0.7949
EP002428,1,2428,144.97,0.0145
EP002429,1,2429,302.18,0.0302
EP002430,1,2430,21552.77,2.1553
EP002431,1,2431,1003.21,0.1003
EP002432,1,2432,17.49,0.0017
EP002433,1,2433,11.96,0.0012
EP002434,1,2434,14.08,0.0014
EP002435,1,2435,406.01,0.0406
EP002436,1,2436,1050.39,0.105
EP002437,1,2437,27906.35,2.7906
EP002438,1,2438,1778.66,0.1779
EP002439,1,2439,2477.98,0.2478
EP002440,1,2440,109.91,0.011
EP002441,1,2441,4185.72,0.4186
EP002442,1,2442,1334.55,0.1335
EP002443,1,2443,91.67,0.0092
EP002444,1,2444,4835.46,0.4835
EP002445,1,2445,5551.24,0.5551
EP002446,1,2446,1178.77,0.1179
EP002447,1,2447,93.17,0.0093
EP002448,1,2448,137.66,0.0138
EP002449,1,2449,92.76,0.0093
EP002450,1,2450,107.75,0.0108
EP002451,1,2451,6898.76,0.6899
EP002452,1,2452,98.31,0.0098
EP002453,1,2453,2507.33,0.2507
EP002454,1,2454,242.33,0.0242
EP002455,1,2455,1228.1,0.1228
EP002456,1,2456,1366.79,0.1367
EP002457,1,2457,632.81,0.0633
EP002458,1,2458,1256.36,0.1256
EP002459,1,2459,595.13,0.0595
EP002460,1,2460,572.81,0.0573
EP002461,1,2461,87.1,0.0087
EP002462,1,2462,76.22,0.0076
EP002463,1,2463,1442.09,0.1442
EP002464,1,2464,580.88,0.0581
EP002465,1,2465,1208.51,0.1209
EP002466,1,2466,1788.41,0.1788
EP002467,1,2467,5308.89,0.5309
EP002468,1,2468,65.82,0.0066
EP002469,1,2469,80.47,0.008
EP002470,1,2470,4345.3,0.4345
EP002471,1,2471,1758.02,0.1758
EP002472,1,2472,63.91,0.0064
EP002473,1,2473,913.54,0.0914
EP002474,1,2474,1205.61,0.1206
EP002475,1,2475,17.16,0.0017
EP002476,1,2476,2952.15,0.2952
EP002477,1,2477,168.57,0.0169
EP002478,1,2478,341.36,0.0341
EP002479,1,2479,120.18,0.012
EP002480,1,2480,9262.18,0.9262
EP002481,1,2481,388.77,0.0389
EP002482,1,2482,799.73,0.08
EP002483,1,2483,384.16,0.0384
EP002484,1,2484,907.73,0.0908
EP002485,1,2485,494.86,0.0495
EP002486,1,2486,410.4,0.041
EP002487,1,2487,5796.57,0.5797
EP002488,1,2488,5532.06,0.5532
EP002489,1,2489,811.84,0.0812
EP002490,1,2490,595.37,0.0595
EP002491,1,2491,1479.17,0.1479
EP002492,1,2492,572.25,0.0572
EP002493,1,2493,300.28,0.03
EP002494,1,2494,101.38,0.0101
EP002495,1,2495,9122.98,0.9123
EP002496,1,2496,104.87,0.0105
EP002497,1,2497,131.77,0.0132
EP002498,1,2498,66.36,0.0066
EP002499,1,2499,10834.62,1.0835
EP002500,1,2500,3931.76,0.3932
EP002501,1,2501,1460.53,0.1461
EP002502,1,2502,2411.03,0.2411
EP002503,1,2503,217.05,0.0217
EP002504,1,2504,5532.49,0.5532
EP002505,1,2505,7650.44,0.765
EP002506,1,2506,204.15,0.0204
EP002507,1,2507,32285.92,3.2286
EP002508,1,2508,782.25,0.0782
EP002509,1,2509,917.77,0.0918
EP002510,1,2510,712.12,0.0712
EP002511,1,2511,966.53,0.0967
EP002512,1,2512,39.8,0.004
EP002513,1,2513,260.23,0.026
EP002514,1,2514,226.89,0.0227
EP002515,1,2515,351.92,0.0352
EP002516,1,2516,657.25,0.0657
EP002517,1,2517,126.42,0.0126
EP002518,1,2518,144.88,0.0145
EP002519,1,2519,188.32,0.0188
EP002520,1,2520,58.39,0.0058
EP002521,1,2521,145.07,0.0145
EP002522,1,2522,5110.33,0.511
EP002523,1,2523,70.24,0.007
EP002524,1,2524,123.94,0.0124
EP002525,1,2525,2067.85,0.2068
EP002526,1,2526,4325.06,0.4325
EP002527,1,2527,53.24,0.0053
EP002528,1,2528,627.7,0.0628
EP002529,1,2529,103.53,0.0104
EP002530,1,2530,482.85,0.0483
EP002531,1,2531,71.76,0.0072
EP002532,1,2532,53.06,0.0053
EP002533,1,2533,11.34,0.0011
EP002534,1,2534,10.08,0.001
EP002535,1,2535,1139.67,0.114
EP002536,1,2536,738.86,0.0739
EP002537,1,2537,93.12,0.0093
EP002538,1,2538,3885.4,0.3885
EP002539,1,2539,49.84,0.005
EP002540,1,2540,277.09,0.0277
EP002541,1,2541,368.27,0.0368
EP002542,1,2542,14.27,0.0014
EP002543,1,2543,6157.17,0.6157
EP002544,1,2544,31.5,0.0031
EP002545,1,2545,5986.63,0.5987
EP002546,1,2546,58.13,0.0058
EP002547,1,2547,1886.06,0.1886
EP002548,1,2548,2355.92,0.2356
EP002549,1,2549,3422.5,0.3422
EP002550,1,2550,26545.64,2.6546
EP002551,1,2551,146.78,0.0147
EP002552,1,2552,68.66,0.0069
EP002553,1,2553,2506.63,0.2507
EP002554,1,2554,18.35,0.0018
EP002555,1,2555,33.66,0.0034
EP002556,1,2556,4211.78,0.4212
EP002557,1,2557,10.9,0.0011
EP002558,1,2558,3430.49,0.343
EP002559,1,2559,1634.92,0.1635
EP002560,1,2560,11140.84,1.1141
EP002561,1,2561,39.29,0.0039
EP002562,1,2562,261.42,0.0261
EP002563,1,2563,4325.9,0.4326
EP002564,1,2564,213.21,0.0213
EP002565,1,2565,3927.58,0.3928
EP002566,1,2566,131.57,0.0132
EP002567,1,2567,15.77,0.0016
EP002568,1,2568,1231.26,0.1231
EP002569,1,2569,45.37,0.0045
EP002570,1,2570,646.11,0.0646
EP002571,1,2571,9382.84,0.9383
EP002572,1,2572,35.38,0.0035
EP002573,1,2573,1011.52,0.1012
EP002574,1,2574,60.39,0.006
EP002575,1,2575,3685.34,0.3685
EP002576,1,2576,5446.65,0.5447
EP002577,1,2577,1554.94,0.1555
EP002578,1,2578,2294.76,0.2295
EP002579,1,2579,1339.88,0.134
EP002580,1,2580,46.07,0.0046
EP002581,1,2581,486.71,0.0487
EP002582,1,2582,3143.86,0.3144
EP002583,1,2583,41.8,0.0042
EP002584,1,2584,1874.89,0.1875
EP002585,1,2585,7346.33,0.7346
EP002586,1,2586,54.62,0.0055
EP002587,1,2587,966.41,0.0966
EP002588,1,2588,424.74,0.0425
EP002589,1,2589,5889.55,0.589
EP002590,1,2590,520.32,0.052
EP002591,1,2591,45186.67,4.5187
EP002592,1,2592,854.47,0.0854
EP002593,1,2593,4184.25,0.4184
EP002594,1,2594,439.53,0.044
EP002595,1,2595,17035.31,1.7035
EP002596,1,2596,64.32,0.0064
EP002597,1,2597,919.32,0.0919
EP002598,1,2598,7127.91,0.7128
EP002599,1,2599,8720.23,0.872
EP002600,1,2600,955.06,0.0955
EP002601,1,2601,448.12,0.0448
EP002602,1,2602,2100.9,0.2101
EP002603,1,2603,619.79,0.062
EP002604,1,2604,674.24,0.0674
EP002605,1,2605,43.72,0.0044
EP002606,1,2606,62.39,0.0062
EP002607,1,2607,233921.86,23.3922
EP002608,1,2608,417.62,0.0418
EP002609,1,2609,66457.63,6.6458
EP002610,1,2610,2575.03,0.2575
EP002611,1,2611,507.56,0.0508
EP002612,1,2612,37.91,0.0038
EP002613,1,2613,89.45,0.0089
EP002614,1,2614,298.34,0.0298
EP002615,1,2615,1908.24,0.1908
EP002616,1,2616,94.55,0.0095
EP002617,1,2617,149.66,0.015
EP002618,1,2618,1045.39,0.1045
EP002619,1,2619,545.55,0.0546
EP002620,1,2620,741.48,0.0741
EP002621,1,2621,2419.77,0.242
EP002622,1,2622,4486.41,0.4486
EP002623,1,2623,419.45,0.0419
EP002624,1,2624,42075.57,4.2076
EP002625,1,2625,5020.76,0.5021
EP002626,1,2626,471.82,0.0472
EP002627,1,2627,231.25,0.0231
EP002628,1,2628,232.23,0.0232
EP002629,1,2629,18515.78,1.8516
EP002630,1,2630,1243.69,0.1244
EP002631,1,2631,4469.61,0.447
EP002632,1,2632,4612.92,0.4613
EP002633,1,2633,1361.99,0.1362
EP002634,1,2634,1011.28,0.1011
EP002635,1,2635,385.35,0.0385
EP002636,1,2636,412.37,0.0412
EP002637,1,2637,3849.49,0.3849
EP002638,1,2638,289.5,0.029
EP002639,1,2639,1242.13,0.1242
EP002640,1,2640,1214.75,0.1215
EP002641,1,2641,315.52,0.0316
EP002642,1,2642,238.03,0.0238
EP002643,1,2643,566.58,0.0567
EP002644,1,2644,1096.99,0.1097
EP002645,1,2645,157.97,0.0158
EP002646,1,2646,169.51,0.017
EP002647,1,2647,78.28,0.0078
EP002648,1,2648,128199.14,12.8199
EP002649,1,2649,260.47,0.026
EP002650,1,2650,29820.7,2.9821
EP002651,1,2651,30247.85,3.0248
EP002652,1,2652,205.87,0.0206
EP002653,1,2653,13115.52,1.3116
EP002654,1,2654,3501.26,0.3501
EP002655,1,2655,1367.17,0.1367
EP002656,1,2656,4764.55,0.4765
EP002657,1,2657,173.1,0.0173
EP002658,1,2658,398.04,0.0398
EP002659,1,2659,159.96,0.016
EP002660,1,2660,167.58,0.0168
EP002661,1,2661,36.29,0.0036
EP002662,1,2662,870.54,0.0871
EP002663,1,2663,2197.1,0.2197
EP002664,1,2664,165.34,0.0165
EP002665,1,2665,9217.26,0.9217
EP002666,1,2666,18002.39,1.8002
EP002667,1,2667,579.75,0.058
EP002668,1,2668,12568.07,1.2568
EP002669,1,2669,4667.53,0.4668
EP002670,1,2670,3030.82,0.3031
EP002671,1,2671,398.89,0.0399
EP002672,1,2672,81.3,0.0081
EP002673,1,2673,1238.07,0.1238
EP002674,1,2674,9143.23,0.9143
EP002675,1,2675,296.69,0.0297
EP002676,1,2676,2368.76,0.2369
EP002677,1,2677,29.76,0.003
EP002678,1,2678,16.14,0.0016
EP002679,1,2679,301.36,0.0301
EP002680,1,2680,1201.74,0.1202
EP002681,1,2681,28.99,0.0029
EP002682,1,2682,133.4,0.0133
EP002683,1,2683,7016.8,0.7017
EP002684,1,2684,1830.93,0.1831
EP002685,1,2685,604.82,0.0605
EP002686,1,2686,4064.35,0.4064
EP002687,1,2687,150.42,0.015
EP002688,1,2688,8578.09,0.8578
EP002689,1,2689,337.52,0.0338
EP002690,1,2690,527.04,0.0527
EP002691,1,2691,74.49,0.0074
EP002692,1,2692,1636.46,0.1636
EP002693,1,2693,269.59,0.027
EP002694,1,2694,1372.89,0.1373
EP002695,1,2695,56.54,0.0057
EP002696,1,2696,4001.56,0.4002
EP002697,1,2697,934839.93,93.484
EP002698,1,2698,210.56,0.0211
EP002699,1,2699,183.24,0.0183
EP002700,1,2700,933.84,0.0934
EP002701,1,2701,2186.15,0.2186
EP002702,1,2702,137.64,0.0138
EP002703,1,2703,101.36,0.0101
EP002704,1,2704,25758.92,2.5759
EP002705,1,2705,2121.22,0.2121
EP002706,1,2706,1484.78,0.1485
EP002707,1,2707,135734.77,13.5735
EP002708,1,2708,13384.21,1.3384
EP002709,1,2709,410.73,0.0411
EP002710,1,2710,23.26,0.0023
EP002711,1,2711,1134.35,0.1134
EP002712,1,2712,378.27,0.0378
EP002713,1,2713,188.72,0.0189
EP002714,1,2714,914.78,0.0915
EP002715,1,2715,563.68,0.0564
EP002716,1,2716,849.43,0.0849
EP002717,1,2717,68.03,0.0068
EP002718,1,2718,2939.87,0.294
EP002719,1,2719,1350.16,0.135
EP002720,1,2720,110.69,0.0111
EP002721,1,2721,4128.12,0.4128
EP002722,1,2722,294.16,0.0294
EP002723,1,2723,43.86,0.0044
EP002724,1,2724,53.42,0.0053
EP002725,1,2725,808.85,0.0809
EP002726,1,2726,698.02,0.0698
EP002727,1,2727,2244.82,0.2245
EP002728,1,2728,157.91,0.0158
EP002729,1,2729,26994.82,2.6995
EP002730,1,2730,1876.75,0.1877
EP002731,1,2731,201.02,0.0201
EP002732,1,2732,1757.52,0.1758
EP002733,1,2733,256.53,0.0257
EP002734,1,2734,927.76,0.0928
EP002735,1,2735,382.68,0.0383
EP002736,1,2736,91.51,0.0092
EP002737,1,2737,286.12,0.0286
EP002738,1,2738,690.04,0.069
EP002739,1,2739,111.42,0.0111
EP002740,1,2740,1147.75,0.1148
EP002741,1,2741,14.18,0.0014
EP002742,1,2742,1678.55,0.1679
EP002743,1,2743,62.51,0.0063
EP002744,1,2744,68.53,0.0069
EP002745,1,2745,1263.63,0.1264
EP002746,1,2746,942.02,0.0942
EP002747,1,2747,260.25,0.026
EP002748,1,2748,405.9,0.0406
EP002749,1,2749,106.73,0.0107
EP002750,1,2750,49.87,0.005
EP002751,1,2751,218.4,0.0218
EP002752,1,2752,3239.51,0.324
EP002753,1,2753,857.57,0.0858
EP002754,1,2754,42.75,0.0043
EP002755,1,2755,5609.94,0.561
EP002756,1,2756,15142.36,1.5142
EP002757,1,2757,999.19,0.0999
EP002758,1,2758,68.96,0.0069
EP002759,1,2759,39.53,0.004
EP002760,1,2760,2534.51,0.2535
EP002761,1,2761,2726.35,0.2726
EP002762,1,2762,313211.11,31.3211
EP002763,1,2763,299.1,0.0299
EP002764,1,2764,3113.11,0.3113
EP002765,1,2765,338.87,0.0339
EP002766,1,2766,32.4,0.0032
EP002767,1,2767,1977.81,0.1978
EP002768,1,2768,33384.87,3.3385
EP002769,1,2769,7409.67,0.741
EP002770,1,2770,14356.92,1.4357
EP002771,1,2771,646.09,0.0646
EP002772,1,2772,784.4,0.0784
EP002773,1,2773,222.99,0.0223
EP002774,1,2774,311.81,0.0312
EP002775,1,2775,140.35,0.014
EP002776,1,2776,111.49,0.0111
EP002777,1,2777,163.53,0.0164
EP002778,1,2778,84.87,0.0085
EP002779,1,2779,743.9,0.0744
EP002780,1,2780,438.82,0.0439
EP002781,1,2781,3084.84,0.3085
EP002782,1,2782,3102.88,0.3103
EP002783,1,2783,45.97,0.0046
EP002784,1,2784,513.09,0.0513
EP002785,1,2785,676.95,0.0677
EP002786,1,2786,151.74,0.0152
EP002787,1,2787,5166.41,0.5166
EP002788,1,2788,5157.3,0.5157
EP002789,1,2789,304.53,0.0305
EP002790,1,2790,4527.15,0.4527
EP002791,1,2791,117.93,0.0118
EP002792,1,2792,4813.23,0.4813
EP002793,1,2793,287.27,0.0287
EP002794,1,2794,280.03,0.028
EP002795,1,2795,164.49,0.0164
EP002796,1,2796,436.74,0.0437
EP002797,1,2797,20.21,0.002
EP002798,1,2798,202.23,0.0202
EP002799,1,2799,536.84,0.0537
EP002800,1,2800,555.38,0.0555
EP002801,1,2801,91.73,0.0092
EP002802,1,2802,1754.15,0.1754
EP002803,1,2803,6862.21,0.6862
EP002804,1,2804,309.03,0.0309
EP002805,1,2805,1478.98,0.1479
EP002806,1,2806,248.39,0.0248
EP002807,1,2807,107.57,0.0108
EP002808,1,2808,174.73,0.0175
EP002809,1,2809,282.31,0.0282
EP002810,1,2810,809.83,0.081
EP002811,1,2811,114.05,0.0114
EP002812,1,2812,101.1,0.0101
EP002813,1,2813,259.38,0.0259
EP002814,1,2814,3400.74,0.3401
EP002815,1,2815,75957.39,7.5957
EP002816,1,2816,295.59,0.0296
EP002817,1,2817,1341.14,0.1341
EP002818,1,2818,495.18,0.0495
EP002819,1,2819,449.96,0.045
EP002820,1,2820,411.21,0.0411
EP002821,1,2821,1657.34,0.1657
EP002822,1,2822,9210.58,0.9211
EP002823,1,2823,274.52,0.0275
EP002824,1,2824,231.1,0.0231
EP002825,1,2825,27817.18,2.7817
EP002826,1,2826,183.93,0.0184
EP002827,1,2827,982.11,0.0982
EP002828,1,2828,429270.68,42.9271
EP002829,1,2829,267.95,0.0268
EP002830,1,2830,1895.86,0.1896
EP002831,1,2831,5064.72,0.5065
EP002832,1,2832,97.51,0.0098
EP002833,1,2833,280.25,0.028
EP002834,1,2834,2586.9,0.2587
EP002835,1,2835,230.28,0.023
EP002836,1,2836,7806.54,0.7807
EP002837,1,2837,743.95,0.0744
EP002838,1,2838,292.29,0.0292
EP002839,1,2839,11448.19,1.1448
EP002840,1,2840,1209.94,0.121
EP002841,1,2841,576.45,0.0576
EP002842,1,2842,801.24,0.0801
EP002843,1,2843,18627.56,1.8628
EP002844,1,2844,2142.62,0.2143
EP002845,1,2845,78.21,0.0078
EP002846,1,2846,2300.68,0.2301
EP002847,1,2847,7385.44,0.7385
EP002848,1,2848,46.5,0.0046
EP002849,1,2849,1882.41,0.1882
EP002850,1,2850,2273.21,0.2273
EP002851,1,2851,782.76,0.0783
EP002852,1,2852,685.59,0.0686
EP002853,1,2853,489.81,0.049
EP002854,1,2854,3064.67,0.3065
EP002855,1,2855,30722.89,3.0723
EP002856,1,2856,388.82,0.0389
EP002857,1,2857,168.59,0.0169
EP002858,1,2858,518.26,0.0518
EP002859,1,2859,728.32,0.0728
EP002860,1,2860,108867.06,10.8867
EP002861,1,2861,4995.36,0.4995
EP002862,1,2862,529.47,0.0529
EP002863,1,2863,32.99,0.0033
EP002864,1,2864,3561.1,0.3561
EP002865,1,2865,218.26,0.0218
EP002866,1,2866,1341.25,0.1341
EP002867,1,2867,2278.13,0.2278
EP002868,1,2868,28098.48,2.8098
EP002869,1,2869,185.77,0.0186
EP002870,1,2870,23.5,0.0024
EP002871,1,2871,1820.98,0.1821
EP002872,1,2872,1563.98,0.1564
EP002873,1,2873,6.83,0.0007
EP002874,1,2874,169.42,0.0169
EP002875,1,2875,124.36,0.0124
EP002876,1,2876,19.08,0.0019
EP002877,1,2877,103.62,0.0104
EP002878,1,2878,2087.17,0.2087
EP002879,1,2879,3238.75,0.3239
EP002880,1,2880,5501.8,0.5502
EP002881,1,2881,218.23,0.0218
EP002882,1,2882,9759.78,0.976
EP002883,1,2883,36.26,0.0036
EP002884,1,2884,119.02,0.0119
EP002885,1,2885,4504.91,0.4505
EP002886,1,2886,1163.19,0.1163
EP002887,1,2887,374.59,0.0375
EP002888,1,2888,960.04,0.096
EP002889,1,2889,88.24,0.0088
EP002890,1,2890,3392.34,0.3392
EP002891,1,2891,65.68,0.0066
EP002892,1,2892,339.87,0.034
EP002893,1,2893,993.8,0.0994
EP002894,1,2894,7408.5,0.7409
EP002895,1,2895,286.52,0.0287
EP002896,1,2896,558.2,0.0558
EP002897,1,2897,9929.65,0.993
EP002898,1,2898,126.37,0.0126
EP002899,1,2899,195.21,0.0195
EP002900,1,2900,12840.44,1.284
EP002901,1,2901,74.27,0.0074
EP002902,1,2902,6924.82,0.6925
EP002903,1,2903,199.95,0.02
EP002904,1,2904,356.4,0.0356
EP002905,1,2905,1921.2,0.1921
EP002906,1,2906,108.27,0.0108
EP002907,1,2907,17093.0,1.7093
EP002908,1,2908,149.51,0.015
EP002909,1,2909,52.1,0.0052
EP002910,1,2910,2476.74,0.2477
EP002911,1,2911,1498.69,0.1499
EP002912,1,2912,73.48,0.0073
EP002913,1,2913,39.17,0.0039
EP002914,1,2914,9051.9,0.9052
EP002915,1,2915,5152.65,0.5153
EP002916,1,2916,4219.86,0.422
EP002917,1,2917,1461.8,0.1462
EP002918,1,2918,2704.61,0.2705
EP002919,1,2919,4486.18,0.4486
EP002920,1,2920,154.91,0.0155
EP002921,1,2921,7.89,0.0008
EP002922,1,2922,8.77,0.0009
EP002923,1,2923,7.76,0.0008
EP002924,1,2924,3135.98,0.3136
EP002925,1,2925,9.82,0.001
EP002926,1,2926,3551.49,0.3551
EP002927,1,2927,1971.13,0.1971
EP002928,1,2928,22.87,0.0023
EP002929,1,2929,67.02,0.0067
EP002930,1,2930,1016.69,0.1017
EP002931,1,2931,118.19,0.0118
EP002932,1,2932,433.84,0.0434
EP002933,1,2933,2628.1,0.2628
EP002934,1,2934,3949.32,0.3949
EP002935,1,2935,8.81,0.0009
EP002936,1,2936,6.1,0.0006
EP002937,1,2937,11.57,0.0012
EP002938,1,2938,25.86,0.0026
EP002939,1,2939,1223.7,0.1224
EP002940,1,2940,1590.85,0.1591
EP002941,1,2941,1759.4,0.1759
EP002942,1,2942,460.6,0.0461
EP002943,1,2943,250.54,0.0251
EP002944,1,2944,237.53,0.0238
EP002945,1,2945,3795.79,0.3796
EP002946,1,2946,10163.49,1.0163
EP002947,1,2947,46.05,0.0046
EP002948,1,2948,1321.0,0.1321
EP002949,1,2949,1068.06,0.1068
EP002950,1,2950,376.49,0.0376
EP002951,1,2951,362.71,0.0363
EP002952,1,2952,240.33,0.024
EP002953,1,2953,2569.76,0.257
EP002954,1,2954,293.64,0.0294
EP002955,1,2955,8467.76,0.8468
EP002956,1,2956,658.65,0.0659
EP002957,1,2957,52.2,0.0052
EP002958,1,2958,173.92,0.0174
EP002959,1,2959,76497.08,7.6497
EP002960,1,2960,416.45,0.0416
EP002961,1,2961,892.86,0.0893
EP002962,1,2962,1289.89,0.129
EP002963,1,2963,8038.79,0.8039
EP002964,1,2964,54.48,0.0054
EP002965,1,2965,265.43,0.0265
EP002966,1,2966,480.08,0.048
EP002967,1,2967,570.45,0.057
EP002968,1,2968,2819.57,0.282
EP002969,1,2969,1477.31,0.1477
EP002970,1,2970,818.45,0.0818
EP002971,1,2971,5780.19,0.578
EP002972,1,2972,2229.79,0.223
EP002973,1,2973,173.93,0.0174
EP002974,1,2974,73.13,0.0073
EP002975,1,2975,4448.21,0.4448
EP002976,1,2976,22762.89,2.2763
EP002977,1,2977,1068.65,0.1069
EP002978,1,2978,11135.9,1.1136
EP002979,1,2979,319.88,0.032
EP002980,1,2980,3421.49,0.3421
EP002981,1,2981,109.83,0.011
EP002982,1,2982,173.94,0.0174
EP002983,1,2983,194.18,0.0194
EP002984,1,2984,70.12,0.007
EP002985,1,2985,5405.21,0.5405
EP002986,1,2986,173.93,0.0174
EP002987,1,2987,2682.06,0.2682
EP002988,1,2988,5249.91,0.525
EP002989,1,2989,95.08,0.0095
EP002990,1,2990,36.31,0.0036
EP002991,1,2991,9982.4,0.9982
EP002992,1,2992,173.93,0.0174
EP002993,1,2993,36.47,0.0036
EP002994,1,2994,173.92,0.0174
EP002995,1,2995,217.16,0.0217
EP002996,1,2996,787.31,0.0787
EP002997,1,2997,5958.43,0.5958
EP002998,1,2998,1583.78,0.1584
EP002999,1,2999,113.28,0.0113
EP003000,1,3000,961.93,0.0962
EP003001,1,3001,200.67,0.0201
EP003002,1,3002,458.31,0.0458
EP003003,1,3003,6697.6,0.6698
EP003004,1,3004,140.78,0.0141
EP003005,1,3005,173.92,0.0174
EP003006,1,3006,2968.0,0.2968
EP003007,1,3007,296.96,0.0297
EP003008,1,3008,81.34,0.0081
EP003009,1,3009,36.29,0.0036
EP003010,1,3010,44.78,0.0045
EP003011,1,3011,8310.86,0.8311
EP003012,1,3012,248.4,0.0248
EP003013,1,3013,96.08,0.0096
EP003014,1,3014,173.93,0.0174
EP003015,1,3015,3503.02,0.3503
EP003016,1,3016,43.38,0.0043
EP003017,1,3017,41.63,0.0042
EP003018,1,3018,6105.48,0.6105
EP003019,1,3019,38.36,0.0038
EP003020,1,3020,910.21,0.091
EP003021,1,3021,119.21,0.0119
EP003022,1,3022,27.87,0.0028
EP003023,1,3023,469.38,0.0469
EP003024,1,3024,173.94,0.0174
EP003025,1,3025,125.18,0.0125
EP003026,1,3026,7740.98,0.7741
EP003027,1,3027,115.84,0.0116
EP003028,1,3028,3888.67,0.3889
EP003029,1,3029,275.34,0.0275
EP003030,1,3030,3306.54,0.3307
EP003031,1,3031,2701.78,0.2702
EP003032,1,3032,267.92,0.0268
EP003033,1,3033,126.53,0.0127
EP003034,1,3034,185.93,0.0186
EP003035,1,3035,101.53,0.0102
EP003036,1,3036,585.78,0.0586
EP003037,1,3037,111.53,0.0112
EP003038,1,3038,14620.95,1.4621
EP003039,1,3039,132.8,0.0133
EP003040,1,3040,3528.05,0.3528
EP003041,1,3041,2576.13,0.2576
EP003042,1,3042,6193.76,0.6194
EP003043,1,3043,2618.9,0.2619
EP003044,1,3044,62.88,0.0063
EP003045,1,3045,245.69,0.0246
EP003046,1,3046,225.07,0.0225
EP003047,1,3047,430.89,0.0431
EP003048,1,3048,1384.17,0.1384
EP003049,1,3049,680.18,0.068
EP003050,1,3050,2475.97,0.2476
EP003051,1,3051,587.33,0.0587
EP003052,1,3052,1720.6,0.1721
EP003053,1,3053,10230.37,1.023
EP003054,1,3054,2083.77,0.2084
EP003055,1,3055,2219.38,0.2219
EP003056,1,3056,1673.9,0.1674
EP003057,1,3057,1893.93,0.1894
EP003058,1,3058,3020.57,0.3021
EP003059,1,3059,195.63,0.0196
EP003060,1,3060,204.05,0.0204
EP003061,1,3061,1106.18,0.1106
EP003062,1,3062,66.1,0.0066
EP003063,1,3063,648.22,0.0648
EP003064,1,3064,154.96,0.0155
EP003065,1,3065,125.44,0.0125
EP003066,1,3066,115.62,0.0116
EP003067,1,3067,509.72,0.051
EP003068,1,3068,1698.86,0.1699
EP003069,1,3069,13527.82,1.3528
EP003070,1,3070,215.37,0.0215
EP003071,1,3071,139.77,0.014
EP003072,1,3072,767.85,0.0768
EP003073,1,3073,92.58,0.0093
EP003074,1,3074,2568.25,0.2568
EP003075,1,3075,24544.31,2.4544
EP003076,1,3076,84.4,0.0084
EP003077,1,3077,731.49,0.0731
EP003078,1,3078,15828.15,1.5828
EP003079,1,3079,62.13,0.0062
EP003080,1,3080,214.91,0.0215
EP003081,1,3081,290.31,0.029
EP003082,1,3082,4654.61,0.4655
EP003083,1,3083,659.7,0.066
EP003084,1,3084,93.11,0.0093
EP003085,1,3085,108.01,0.0108
EP003086,1,3086,19.22,0.0019
EP003087,1,3087,551.51,0.0552
EP003088,1,3088,560.96,0.0561
EP003089,1,3089,1105.18,0.1105
EP003090,1,3090,1345.64,0.1346
EP003091,1,3091,557.8,0.0558
EP003092,1,3092,178.14,0.0178
EP003093,1,3093,185.99,0.0186
EP003094,1,3094,79.26,0.0079
EP003095,1,3095,105.47,0.0105
EP003096,1,3096,451.77,0.0452
EP003097,1,3097,812.27,0.0812
EP003098,1,3098,71.06,0.0071
EP003099,1,3099,41.86,0.0042
EP003100,1,3100,454.15,0.0454
EP003101,1,3101,382.9,0.0383
EP003102,1,3102,5549.62,0.555
EP003103,1,3103,465.66,0.0466
EP003104,1,3104,84.74,0.0085
EP003105,1,3105,93.42,0.0093
EP003106,1,3106,615.8,0.0616
EP003107,1,3107,3781.0,0.3781
EP003108,1,3108,166.33,0.0166
EP003109,1,3109,4405.59,0.4406
EP003110,1,3110,85.81,0.0086
EP003111,1,3111,182.55,0.0183
EP003112,1,3112,1638.11,0.1638
EP003113,1,3113,5837.28,0.5837
EP003114,1,3114,261.34,0.0261
EP003115,1,3115,302.22,0.0302
EP003116,1,3116,451.23,0.0451
EP003117,1,3117,1700.34,0.17
EP003118,1,3118,487.31,0.0487
EP003119,1,3119,49.15,0.0049
EP003120,1,3120,270.41,0.027
EP003121,1,3121,135.97,0.0136
EP003122,1,3122,32426.92,3.2427
EP003123,1,3123,672.48,0.0672
EP003124,1,3124,2123.47,0.2123
EP003125,1,3125,4795.91,0.4796
EP003126,1,3126,792.35,0.0792
EP003127,1,3127,53158.3,5.3158
EP003128,1,3128,162.24,0.0162
EP003129,1,3129,311.72,0.0312
EP003130,1,3130,98.95,0.0099
EP003131,1,3131,284.62,0.0285
EP003132,1,3132,2028.74,0.2029
EP003133,1,3133,62.21,0.0062
EP003134,1,3134,130.99,0.0131
EP003135,1,3135,205.96,0.0206
EP003136,1,3136,209.55,0.021
EP003137,1,3137,2874.48,0.2874
EP003138,1,3138,178.22,0.0178
EP003139,1,3139,39.14,0.0039
EP003140,1,3140,807.8,0.0808
EP003141,1,3141,5665.28,0.5665
EP003142,1,3142,10887.9,1.0888
EP003143,1,3143,19533.87,1.9534
EP003144,1,3144,354.41,0.0354
EP003145,1,3145,227.63,0.0228
EP003146,1,3146,1547.09,0.1547
EP003147,1,3147,227.21,0.0227
EP003148,1,3148,921.85,0.0922
EP003149,1,3149,5.22,0.0005
EP003150,1,3150,362.45,0.0362
EP003151,1,3151,8.75,0.0009
EP003152,1,3152,35.13,0.0035
EP003153,1,3153,569.31,0.0569
EP003154,1,3154,22.57,0.0023
EP003155,1,3155,14683.59,1.4684
EP003156,1,3156,7577.25,0.7577
EP003157,1,3157,79.64,0.008
EP003158,1,3158,1035.7,0.1036
EP003159,1,3159,340.76,0.0341
EP003160,1,3160,230.35,0.023
EP003161,1,3161,18.95,0.0019
EP003162,1,3162,3816.45,0.3816
EP003163,1,3163,23.42,0.0023
EP003164,1,3164,3365.53,0.3366
EP003165,1,3165,4642.35,0.4642
EP003166,1,3166,209.57,0.021
EP003167,1,3167,1102.56,0.1103
EP003168,1,3168,1201.89,0.1202
EP003169,1,3169,11.75,0.0012
EP003170,1,3170,95153.12,9.5153
EP003171,1,3171,12.01,0.0012
EP003172,1,3172,722.73,0.0723
EP003173,1,3173,17.31,0.0017
EP003174,1,3174,36.7,0.0037
EP003175,1,3175,926.94,0.0927
EP003176,1,3176,857.66,0.0858
EP003177,1,3177,2042.46,0.2042
EP003178,1,3178,2512.33,0.2512
EP003179,1,3179,4866.43,0.4866
EP003180,1,3180,117.64,0.0118
EP003181,1,3181,38.77,0.0039
EP003182,1,3182,905.79,0.0906
EP003183,1,3183,1028.28,0.1028
EP003184,1,3184,38.96,0.0039
EP003185,1,3185,23.04,0.0023
EP003186,1,3186,1136.45,0.1136
EP003187,1,3187,655.12,0.0655
EP003188,1,3188,8.75,0.0009
EP003189,1,3189,6974.46,0.6974
EP003190,1,3190,2421.41,0.2421
EP003191,1,3191,1216.22,0.1216
EP003192,1,3192,861.19,0.0861
EP003193,1,3193,3323.47,0.3323
EP003194,1,3194,4365.49,0.4365
EP003195,1,3195,1778.88,0.1779
EP003196,1,3196,28.74,0.0029
EP003197,1,3197,208.5,0.0209
EP003198,1,3198,2512.71,0.2513
EP003199,1,3199,4839.07,0.4839
EP003200,1,3200,6693.34,0.6693
EP003201,1,3201,37.66,0.0038
EP003202,1,3202,38555.49,3.8555
EP003203,1,3203,56.69,0.0057
EP003204,1,3204,5982.78,0.5983
EP003205,1,3205,542.59,0.0543
EP003206,1,3206,192.56,0.0193
EP003207,1,3207,81.7,0.0082
EP003208,1,3208,689.93,0.069
EP003209,1,3209,1547.54,0.1548
EP003210,1,3210,3438.2,0.3438
EP003211,1,3211,358.37,0.0358
EP003212,1,3212,474.87,0.0475
EP003213,1,3213,219.82,0.022
EP003214,1,3214,89.65,0.009
EP003215,1,3215,1312.44,0.1312
EP003216,1,3216,3592.28,0.3592
EP003217,1,3217,8.44,0.0008
EP003218,1,3218,12.96,0.0013
EP003219,1,3219,193.51,0.0194
EP003220,1,3220,149.08,0.0149
EP003221,1,3221,3895.86,0.3896
EP003222,1,3222,364.79,0.0365
EP003223,1,3223,228.63,0.0229
EP003224,1,3224,1356.0,0.1356
EP003225,1,3225,121.37,0.0121
EP003226,1,3226,2223.09,0.2223
EP003227,1,3227,1656.7,0.1657
EP003228,1,3228,1246.74,0.1247
EP003229,1,3229,406.31,0.0406
EP003230,1,3230,8074.08,0.8074
EP003231,1,3231,341.79,0.0342
EP003232,1,3232,141.39,0.0141
EP003233,1,3233,784.76,0.0785
EP003234,1,3234,18829.64,1.883
EP003235,1,3235,842.68,0.0843
EP003236,1,3236,9157.44,0.9157
EP003237,1,3237,1334.67,0.1335
EP003238,1,3238,1190.51,0.1191
EP003239,1,3239,12940.73,1.2941
EP003240,1,3240,5600.14,0.56
EP003241,1,3241,220.83,0.0221
EP003242,1,3242,2678.19,0.2678
EP003243,1,3243,27248.32,2.7248
EP003244,1,3244,67.37,0.0067
EP003245,1,3245,3767.18,0.3767
EP003246,1,3246,52.22,0.0052
EP003247,1,3247,1480.45,0.148
EP003248,1,3248,15.08,0.0015
EP003249,1,3249,161.77,0.0162
EP003250,1,3250,2253.25,0.2253
EP003251,1,3251,38.08,0.0038
EP003252,1,3252,1474.14,0.1474
EP003253,1,3253,152.52,0.0153
EP003254,1,3254,21.76,0.0022
EP003255,1,3255,1474.96,0.1475
EP003256,1,3256,2237.09,0.2237
EP003257,1,3257,12853.04,1.2853
EP003258,1,3258,767.79,0.0768
EP003259,1,3259,89.61,0.009
EP003260,1,3260,59834.6,5.9835
EP003261,1,3261,1345.3,0.1345
EP003262,1,3262,16.18,0.0016
EP003263,1,3263,1195.0,0.1195
EP003264,1,3264,200.09,0.02
EP003265,1,3265,1731.81,0.1732
EP003266,1,3266,8363.85,0.8364
EP003267,1,3267,83.78,0.0084
EP003268,1,3268,564.53,0.0565
EP003269,1,3269,21.34,0.0021
EP003270,1,3270,1960.44,0.196
EP003271,1,3271,137.85,0.0138
EP003272,1,3272,6101.07,0.6101
EP003273,1,3273,97.18,0.0097
EP003274,1,3274,62.98,0.0063
EP003275,1,3275,272.9,0.0273
EP003276,1,3276,2595.93,0.2596
EP003277,1,3277,367.11,0.0367
EP003278,1,3278,9561.42,0.9561
EP003279,1,3279,6868.04,0.6868
EP003280,1,3280,1708.69,0.1709
EP003281,1,3281,614.25,0.0614
EP003282,1,3282,31.09,0.0031
EP003283,1,3283,545.16,0.0545
EP003284,1,3284,6394.84,0.6395
EP003285,1,3285,324.6,0.0325
EP003286,1,3286,7885.66,0.7886
EP003287,1,3287,1725.37,0.1725
EP003288,1,3288,3264.25,0.3264
EP003289,1,3289,1620.27,0.162
EP003290,1,3290,2820.15,0.282
EP003291,1,3291,8444.61,0.8445
EP003292,1,3292,6453.67,0.6454
EP003293,1,3293,280.23,0.028
EP003294,1,3294,3161.65,0.3162
EP003295,1,3295,52486.39,5.2486
EP003296,1,3296,3697.98,0.3698
EP003297,1,3297,7587.64,0.7588
EP003298,1,3298,50441.86,5.0442
EP003299,1,3299,364.67,0.0365
EP003300,1,3300,614.12,0.0614
EP003301,1,3301,409.48,0.0409
EP003302,1,3302,46305.55,4.6306
EP003303,1,3303,1841.59,0.1842
EP003304,1,3304,345.44,0.0345
EP003305,1,3305,12609.45,1.2609
EP003306,1,3306,2079.23,0.2079
EP003307,1,3307,11605.7,1.1606
EP003308,1,3308,6271.16,0.6271
EP003309,1,3309,425.3,0.0425
EP003310,1,3310,188.14,0.0188
EP003311,1,3311,972.85,0.0973
EP003312,1,3312,894.9,0.0895
EP003313,1,3313,1932.74,0.1933
EP003314,1,3314,4545.25,0.4545
EP003315,1,3315,1208.23,0.1208
EP003316,1,3316,349.97,0.035
EP003317,1,3317,744.46,0.0744
EP003318,1,3318,1745.82,0.1746
EP003319,1,3319,5588.72,0.5589
EP003320,1,3320,8540.82,0.8541
EP003321,1,3321,8281.14,0.8281
EP003322,1,3322,4015.99,0.4016
EP003323,1,3323,254.25,0.0254
EP003324,1,3324,890.24,0.089
EP003325,1,3325,7249.19,0.7249
EP003326,1,3326,33548.08,3.3548
EP003327,1,3327,79.58,0.008
EP003328,1,3328,112.56,0.0113
EP003329,1,3329,2847.4,0.2847
EP003330,1,3330,31705.26,3.1705
EP003331,1,3331,2821.22,0.2821
EP003332,1,3332,482.12,0.0482
EP003333,1,3333,349.96,0.035
EP003334,1,3334,7091.79,0.7092
EP003335,1,3335,2218.11,0.2218
EP003336,1,3336,417.49,0.0417
EP003337,1,3337,163.21,0.0163
EP003338,1,3338,5410.68,0.5411
EP003339,1,3339,1527.35,0.1527
EP003340,1,3340,223193.14,22.3193
EP003341,1,3341,2086.44,0.2086
EP003342,1,3342,14147.17,1.4147
EP003343,1,3343,623.2,0.0623
EP003344,1,3344,82.49,0.0082
EP003345,1,3345,394.59,0.0395
EP003346,1,3346,349.97,0.035
EP003347,1,3347,9509.91,0.951
EP003348,1,3348,90.72,0.0091
EP003349,1,3349,634.71,0.0635
EP003350,1,3350,1331.91,0.1332
EP003351,1,3351,7038.59,0.7039
EP003352,1,3352,71.78,0.0072
EP003353,1,3353,4870.34,0.487
EP003354,1,3354,145.79,0.0146
EP003355,1,3355,147.27,0.0147
EP003356,1,3356,8872.35,0.8872
EP003357,1,3357,3422.25,0.3422
EP003358,1,3358,309.98,0.031
EP003359,1,3359,1178.26,0.1178
EP003360,1,3360,5125.95,0.5126
EP003361,1,3361,186.39,0.0186
EP003362,1,3362,240.35,0.024
EP003363,1,3363,76.71,0.0077
EP003364,1,3364,120.06,0.012
EP003365,1,3365,28.39,0.0028
EP003366,1,3366,550.27,0.055
EP003367,1,3367,149.87,0.015
EP003368,1,3368,1977.06,0.1977
EP003369,1,3369,134.63,0.0135
EP003370,1,3370,5588.87,0.5589
EP003371,1,3371,349.95,0.035
EP003372,1,3372,2176.5,0.2177
EP003373,1,3373,124.69,0.0125
EP003374,1,3374,3067.14,0.3067
EP003375,1,3375,13.48,0.0013
EP003376,1,3376,125.83,0.0126
EP003377,1,3377,2215.84,0.2216
EP003378,1,3378,13096.06,1.3096
EP003379,1,3379,38.17,0.0038
EP003380,1,3380,733.61,0.0734
EP003381,1,3381,86.25,0.0086
EP003382,1,3382,8341.34,0.8341
EP003383,1,3383,62.99,0.0063
EP003384,1,3384,117.21,0.0117
EP003385,1,3385,92.49,0.0092
EP003386,1,3386,303.6,0.0304
EP003387,1,3387,154597.38,15.4597
EP003388,1,3388,3199.05,0.3199
EP003389,1,3389,348.56,0.0349
EP003390,1,3390,75.14,0.0075
EP003391,1,3391,22228.58,2.2229
EP003392,1,3392,21.55,0.0022
EP003393,1,3393,47.08,0.0047
EP003394,1,3394,409.9,0.041
EP003395,1,3395,73.21,0.0073
EP003396,1,3396,1255.3,0.1255
EP003397,1,3397,463.52,0.0464
EP003398,1,3398,119.98,0.012
EP003399,1,3399,1764.11,0.1764
EP003400,1,3400,9.19,0.0009
EP003401,1,3401,38.0,0.0038
EP003402,1,3402,719.43,0.0719
EP003403,1,3403,11862.38,1.1862
EP003404,1,3404,281.85,0.0282
EP003405,1,3405,2078.29,0.2078
EP003406,1,3406,110.84,0.0111
EP003407,1,3407,6776.52,0.6777
EP003408,1,3408,21.45,0.0021
EP003409,1,3409,37.03,0.0037
EP003410,1,3410,1261.53,0.1262
EP003411,1,3411,139.55,0.014
EP003412,1,3412,23177.82,2.3178
EP003413,1,3413,4620.49,0.462
EP003414,1,3414,3694.11,0.3694
EP003415,1,3415,293.88,0.0294
EP003416,1,3416,83.85,0.0084
EP003417,1,3417,81.98,0.0082
EP003418,1,3418,965.91,0.0966
EP003419,1,3419,713.42,0.0713
EP003420,1,3420,481.2,0.0481
EP003421,1,3421,88.88,0.0089
EP003422,1,3422,127.5,0.0127
EP003423,1,3423,2324.59,0.2325
EP003424,1,3424,52.35,0.0052
EP003425,1,3425,672.47,0.0672
EP003426,1,3426,5905.95,0.5906
EP003427,1,3427,386.57,0.0387
EP003428,1,3428,895.23,0.0895
EP003429,1,3429,2374.32,0.2374
EP003430,1,3430,2035.42,0.2035
EP003431,1,3431,6432.97,0.6433
EP003432,1,3432,14517.58,1.4518
EP003433,1,3433,4794.49,0.4794
EP003434,1,3434,2293.24,0.2293
EP003435,1,3435,675.12,0.0675
EP003436,1,3436,292.86,0.0293
EP003437,1,3437,2799.98,0.28
EP003438,1,3438,2151.56,0.2152
EP003439,1,3439,23647.15,2.3647
EP003440,1,3440,1422.08,0.1422
EP003441,1,3441,13774.16,1.3774
EP003442,1,3442,5418.73,0.5419
EP003443,1,3443,2300.45,0.23
EP003444,1,3444,989.69,0.099
EP003445,1,3445,389.69,0.039
EP003446,1,3446,5725.14,0.5725
EP003447,1,3447,13197.22,1.3197
EP003448,1,3448,1981.92,0.1982
EP003449,1,3449,294.08,0.0294
EP003450,1,3450,10746.85,1.0747
EP003451,1,3451,1065.18,0.1065
EP003452,1,3452,1633.31,0.1633
EP003453,1,3453,1916.21,0.1916
EP003454,1,3454,11131.41,1.1131
EP003455,1,3455,45.56,0.0046
EP003456,1,3456,1915.51,0.1916
EP003457,1,3457,154.91,0.0155
EP003458,1,3458,25.72,0.0026
EP003459,1,3459,2067.75,0.2068
EP003460,1,3460,2227.19,0.2227
EP003461,1,3461,1337.98,0.1338
EP003462,1,3462,686.75,0.0687
EP003463,1,3463,1289.51,0.129
EP003464,1,3464,149.44,0.0149
EP003465,1,3465,1711.2,0.1711
EP003466,1,3466,110.08,0.011
EP003467,1,3467,514.4,0.0514
EP003468,1,3468,8318.61,0.8319
EP003469,1,3469,7096.61,0.7097
EP003470,1,3470,19.49,0.0019
EP003471,1,3471,12129.05,1.2129
EP003472,1,3472,205.14,0.0205
EP003473,1,3473,18.27,0.0018
EP003474,1,3474,194.86,0.0195
EP003475,1,3475,21631.68,2.1632
EP003476,1,3476,369.92,0.037
EP003477,1,3477,3925.06,0.3925
EP003478,1,3478,1753.26,0.1753
EP003479,1,3479,1941.52,0.1942
EP003480,1,3480,68.74,0.0069
EP003481,1,3481,1104.4,0.1104
EP003482,1,3482,164.3,0.0164
EP003483,1,3483,1002.5,0.1002
EP003484,1,3484,1527.86,0.1528
EP003485,1,3485,834.73,0.0835
EP003486,1,3486,241.11,0.0241
EP003487,1,3487,3566.78,0.3567
EP003488,1,3488,1587.75,0.1588
EP003489,1,3489,1190.44,0.119
EP003490,1,3490,2480.23,0.248
EP003491,1,3491,2120.5,0.2121
EP003492,1,3492,26.62,0.0027
EP003493,1,3493,1406.29,0.1406
EP003494,1,3494,287.74,0.0288
EP003495,1,3495,55.73,0.0056
EP003496,1,3496,266.36,0.0266
EP003497,1,3497,79.74,0.008
EP003498,1,3498,4555.58,0.4556
EP003499,1,3499,1993.99,0.1994
EP003500,1,3500,400.27,0.04
EP003501,1,3501,2187.9,0.2188
EP003502,1,3502,944.27,0.0944
EP003503,1,3503,870.52,0.0871
EP003504,1,3504,49954.61,4.9955
EP003505,1,3505,28.53,0.0029
EP003506,1,3506,289.64,0.029
EP003507,1,3507,33.11,0.0033
EP003508,1,3508,2283.1,0.2283
EP003509,1,3509,189.65,0.019
EP003510,1,3510,5815.04,0.5815
EP003511,1,3511,229.21,0.0229
EP003512,1,3512,37.91,0.0038
EP003513,1,3513,100.49,0.01
EP003514,1,3514,5578.04,0.5578
EP003515,1,3515,26.38,0.0026
EP003516,1,3516,86.79,0.0087
EP003517,1,3517,12.69,0.0013
EP003518,1,3518,68.7,0.0069
EP003519,1,3519,73350.72,7.3351
EP003520,1,3520,398.73,0.0399
EP003521,1,3521,966.94,0.0967
EP003522,1,3522,1227.53,0.1228
EP003523,1,3523,77.24,0.0077
EP003524,1,3524,440.68,0.0441
EP003525,1,3525,88.96,0.0089
EP003526,1,3526,23.49,0.0023
EP003527,1,3527,1453.56,0.1454
EP003528,1,3528,14786.55,1.4787
EP003529,1,3529,12.47,0.0012
EP003530,1,3530,1671.46,0.1671
EP003531,1,3531,52.63,0.0053
EP003532,1,3532,777.22,0.0777
EP003533,1,3533,6231.93,0.6232
EP003534,1,3534,281.55,0.0282
EP003535,1,3535,298.63,0.0299
EP003536,1,3536,249.33,0.0249
EP003537,1,3537,25.09,0.0025
EP003538,1,3538,13.32,0.0013
EP003539,1,3539,392.8,0.0393
EP003540,1,3540,156.83,0.0157
EP003541,1,3541,16.2,0.0016
EP003542,1,3542,221.78,0.0222
EP003543,1,3543,12.16,0.0012
EP003544,1,3544,12.01,0.0012
EP003545,1,3545,3229.19,0.3229
EP003546,1,3546,23.73,0.0024
EP003547,1,3547,7.16,0.0007
EP003548,1,3548,2.7,0.0003
EP003549,1,3549,390.83,0.0391
EP003550,1,3550,1972.56,0.1973
EP003551,1,3551,38.02,0.0038
EP003552,1,3552,311230.04,31.123
EP003553,1,3553,3029.78,0.303
EP003554,1,3554,800.71,0.0801
EP003555,1,3555,844.28,0.0844
EP003556,1,3556,108.27,0.0108
EP003557,1,3557,60.63,0.0061
EP003558,1,3558,357.53,0.0358
EP003559,1,3559,10872.35,1.0872
EP003560,1,3560,1342.18,0.1342
EP003561,1,3561,872.09,0.0872
EP003562,1,3562,118434.45,11.8434
EP003563,1,3563,1074.39,0.1074
EP003564,1,3564,826.23,0.0826
EP003565,1,3565,952.84,0.0953
EP003566,1,3566,93.05,0.0093
EP003567,1,3567,1491.76,0.1492
EP003568,1,3568,193.94,0.0194
EP003569,1,3569,286.94,0.0287
EP003570,1,3570,14168.0,1.4168
EP003571,1,3571,1910.6,0.1911
EP003572,1,3572,1249.23,0.1249
EP003573,1,3573,11406.76,1.1407
EP003574,1,3574,50.16,0.005
EP003575,1,3575,91.36,0.0091
EP003576,1,3576,88.92,0.0089
EP003577,1,3577,63.73,0.0064
EP003578,1,3578,485.12,0.0485
EP003579,1,3579,72.22,0.0072
EP003580,1,3580,107.73,0.0108
EP003581,1,3581,379.83,0.038
EP003582,1,3582,99.14,0.0099
EP003583,1,3583,114.93,0.0115
EP003584,1,3584,86.9,0.0087
EP003585,1,3585,188.92,0.0189
EP003586,1,3586,7768.38,0.7768
EP003587,1,3587,112.28,0.0112
EP003588,1,3588,147.92,0.0148
EP003589,1,3589,7.12,0.0007
EP003590,1,3590,7.09,0.0007
EP003591,1,3591,20.57,0.0021
EP003592,1,3592,122.81,0.0123
EP003593,1,3593,29.08,0.0029
EP003594,1,3594,458.07,0.0458
EP003595,1,3595,61.91,0.0062
EP003596,1,3596,66.26,0.0066
EP003597,1,3597,184.42,0.0184
EP003598,1,3598,32.2,0.0032
EP003599,1,3599,1414.11,0.1414
EP003600,1,3600,179.88,0.018
EP003601,1,3601,4327.95,0.4328
EP003602,1,3602,78.06,0.0078
EP003603,1,3603,17.65,0.0018
EP003604,1,3604,730.8,0.0731
EP003605,1,3605,6872.28,0.6872
EP003606,1,3606,649.1,0.0649
EP003607,1,3607,377.47,0.0377
EP003608,1,3608,1273.8,0.1274
EP003609,1,3609,2277.3,0.2277
EP003610,1,3610,488.59,0.0489
EP003611,1,3611,1215.75,0.1216
EP003612,1,3612,196.8,0.0197
EP003613,1,3613,20.2,0.002
EP003614,1,3614,398.98,0.0399
EP003615,1,3615,152.97,0.0153
EP003616,1,3616,625.63,0.0626
EP003617,1,3617,713.99,0.0714
EP003618,1,3618,666.32,0.0666
EP003619,1,3619,1476.25,0.1476
EP003620,1,3620,56.59,0.0057
EP003621,1,3621,96.09,0.0096
EP003622,1,3622,18.0,0.0018
EP003623,1,3623,37027.63,3.7028
EP003624,1,3624,204.2,0.0204
EP003625,1,3625,21285.5,2.1285
EP003626,1,3626,58.86,0.0059
EP003627,1,3627,18.07,0.0018
EP003628,1,3628,3722.02,0.3722
EP003629,1,3629,24876.45,2.4876
EP003630,1,3630,17.83,0.0018
EP003631,1,3631,109.73,0.011
EP003632,1,3632,32.33,0.0032
EP003633,1,3633,778.73,0.0779
EP003634,1,3634,58.19,0.0058
EP003635,1,3635,16.5,0.0016
EP003636,1,3636,107.58,0.0108
EP003637,1,3637,294.07,0.0294
EP003638,1,3638,226.52,0.0227
EP003639,1,3639,142.82,0.0143
EP003640,1,3640,27.41,0.0027
EP003641,1,3641,12.82,0.0013
EP003642,1,3642,279.51,0.028
EP003643,1,3643,3916.61,0.3917
EP003644,1,3644,6480.44,0.648
EP003645,1,3645,762.4,0.0762
EP003646,1,3646,62.05,0.0062
EP003647,1,3647,948.4,0.0948
EP003648,1,3648,89.35,0.0089
EP003649,1,3649,1764.72,0.1765
EP003650,1,3650,1620.16,0.162
EP003651,1,3651,69.95,0.007
EP003652,1,3652,296.35,0.0296
EP003653,1,3653,281.65,0.0282
EP003654,1,3654,42.4,0.0042
EP003655,1,3655,263.39,0.0263
EP003656,1,3656,23.0,0.0023
EP003657,1,3657,310.79,0.0311
EP003658,1,3658,21.87,0.0022
EP003659,1,3659,435.42,0.0435
EP003660,1,3660,36253.52,3.6254
EP003661,1,3661,91128.75,9.1129
EP003662,1,3662,26.34,0.0026
EP003663,1,3663,325.7,0.0326
EP003664,1,3664,48.41,0.0048
EP003665,1,3665,548.2,0.0548
EP003666,1,3666,53.08,0.0053
EP003667,1,3667,23.02,0.0023
EP003668,1,3668,234.81,0.0235
EP003669,1,3669,1219.45,0.1219
EP003670,1,3670,5457.73,0.5458
EP003671,1,3671,1632.38,0.1632
EP003672,1,3672,378.57,0.0379
EP003673,1,3673,119.03,0.0119
EP003674,1,3674,1509.05,0.1509
EP003675,1,3675,5596.44,0.5596
EP003676,1,3676,353867.9,35.3868
EP003677,1,3677,567.4,0.0567
EP003678,1,3678,15.04,0.0015
EP003679,1,3679,21.06,0.0021
EP003680,1,3680,154519.81,15.452
EP003681,1,3681,20.45,0.002
EP003682,1,3682,60.22,0.006
EP003683,1,3683,119.16,0.0119
EP003684,1,3684,124.57,0.0125
EP003685,1,3685,2191.25,0.2191
EP003686,1,3686,10.87,0.0011
EP003687,1,3687,83.11,0.0083
EP003688,1,3688,165.88,0.0166
EP003689,1,3689,326.67,0.0327
EP003690,1,3690,77.26,0.0077
EP003691,1,3691,13100.53,1.3101
EP003692,1,3692,39093.35,3.9093
EP003693,1,3693,101.99,0.0102
EP003694,1,3694,3961.6,0.3962
EP003695,1,3695,2082.39,0.2082
EP003696,1,3696,1452.03,0.1452
EP003697,1,3697,146.28,0.0146
EP003698,1,3698,5134.43,0.5134
EP003699,1,3699,35.92,0.0036
EP003700,1,3700,446.06,0.0446
EP003701,1,3701,444.22,0.0444
EP003702,1,3702,1388.54,0.1389
EP003703,1,3703,10203.3,1.0203
EP003704,1,3704,191.11,0.0191
EP003705,1,3705,1052.15,0.1052
EP003706,1,3706,5875.48,0.5875
EP003707,1,3707,2876.65,0.2877
EP003708,1,3708,11028.91,1.1029
EP003709,1,3709,198.76,0.0199
EP003710,1,3710,5.1,0.0005
EP003711,1,3711,734.28,0.0734
EP003712,1,3712,13998.84,1.3999
EP003713,1,3713,1333.67,0.1334
EP003714,1,3714,4168.42,0.4168
EP003715,1,3715,4078.55,0.4079
EP003716,1,3716,952.44,0.0952
EP003717,1,3717,637.6,0.0638
EP003718,1,3718,195.6,0.0196
EP003719,1,3719,1144.56,0.1145
EP003720,1,3720,605.26,0.0605
EP003721,1,3721,5179.37,0.5179
EP003722,1,3722,942.57,0.0943
EP003723,1,3723,1383.36,0.1383
EP003724,1,3724,5729.85,0.573
EP003725,1,3725,1676.54,0.1677
EP003726,1,3726,2772.54,0.2773
EP003727,1,3727,4525.88,0.4526
EP003728,1,3728,6078.16,0.6078
EP003729,1,3729,1086.91,0.1087
EP003730,1,3730,10531.45,1.0531
EP003731,1,3731,21334.14,2.1334
EP003732,1,3732,41258.46,4.1258
EP003733,1,3733,1436.76,0.1437
EP003734,1,3734,2163.35,0.2163
EP003735,1,3735,3749.92,0.375
EP003736,1,3736,4450.47,0.445
EP003737,1,3737,603.38,0.0603
EP003738,1,3738,805.68,0.0806
EP003739,1,3739,14052.02,1.4052
EP003740,1,3740,13912.87,1.3913
EP003741,1,3741,222.66,0.0223
EP003742,1,3742,43.61,0.0044
EP003743,1,3743,1420.11,0.142
EP003744,1,3744,54.28,0.0054
EP003745,1,3745,276.55,0.0277
EP003746,1,3746,1588.13,0.1588
EP003747,1,3747,17398.86,1.7399
EP003748,1,3748,228.77,0.0229
EP003749,1,3749,43.37,0.0043
EP003750,1,3750,954.04,0.0954
EP003751,1,3751,298.79,0.0299
EP003752,1,3752,2355.29,0.2355
EP003753,1,3753,2940.97,0.2941
EP003754,1,3754,605.95,0.0606
EP003755,1,3755,11893.8,1.1894
EP003756,1,3756,127.51,0.0128
EP003757,1,3757,224.33,0.0224
EP003758,1,3758,1933.85,0.1934
EP003759,1,3759,239.19,0.0239
EP003760,1,3760,2076.98,0.2077
EP003761,1,3761,203.64,0.0204
EP003762,1,3762,923.63,0.0924
EP003763,1,3763,228.63,0.0229
EP003764,1,3764,142.27,0.0142
EP003765,1,3765,695.01,0.0695
EP003766,1,3766,3403.63,0.3404
EP003767,1,3767,3081.2,0.3081
EP003768,1,3768,46.84,0.0047
EP003769,1,3769,4748.86,0.4749
EP003770,1,3770,3781.67,0.3782
EP003771,1,3771,245.24,0.0245
EP003772,1,3772,893.53,0.0894
EP003773,1,3773,248.94,0.0249
EP003774,1,3774,2199.21,0.2199
EP003775,1,3775,1235.11,0.1235
EP003776,1,3776,231.86,0.0232
EP003777,1,3777,7742.05,0.7742
EP003778,1,3778,3500.13,0.35
EP003779,1,3779,4114.05,0.4114
EP003780,1,3780,816.71,0.0817
EP003781,1,3781,158.67,0.0159
EP003782,1,3782,404.85,0.0405
EP003783,1,3783,252.28,0.0252
EP003784,1,3784,5720.68,0.5721
EP003785,1,3785,154.55,0.0155
EP003786,1,3786,106.69,0.0107
EP003787,1,3787,1378.06,0.1378
EP003788,1,3788,295.4,0.0295
EP003789,1,3789,19.49,0.0019
EP003790,1,3790,4246.08,0.4246
EP003791,1,3791,151.95,0.0152
EP003792,1,3792,12218.51,1.2219
EP003793,1,3793,65.04,0.0065
EP003794,1,3794,1419.38,0.1419
EP003795,1,3795,268.43,0.0268
EP003796,1,3796,155.05,0.0155
EP003797,1,3797,306.34,0.0306
EP003798,1,3798,15858.29,1.5858
EP003799,1,3799,354.01,0.0354
EP003800,1,3800,33961.42,3.3961
EP003801,1,3801,603.38,0.0603
EP003802,1,3802,1758.62,0.1759
EP003803,1,3803,390.94,0.0391
EP003804,1,3804,451.58,0.0452
EP003805,1,3805,129.63,0.013
EP003806,1,3806,430.2,0.043
EP003807,1,3807,2245.35,0.2245
EP003808,1,3808,13.15,0.0013
EP003809,1,3809,35368.38,3.5368
EP003810,1,3810,666.86,0.0667
EP003811,1,3811,794.4,0.0794
EP003812,1,3812,2288.87,0.2289
EP003813,1,3813,868.0,0.0868
EP003814,1,3814,273.82,0.0274
EP003815,1,3815,10080.03,1.008
EP003816,1,3816,946.27,0.0946
EP003817,1,3817,847.25,0.0847
EP003818,1,3818,1116.86,0.1117
EP003819,1,3819,2676.94,0.2677
EP003820,1,3820,359.68,0.036
EP003821,1,3821,3004.09,0.3004
EP003822,1,3822,6333.35,0.6333
EP003823,1,3823,1640.47,0.164
EP003824,1,3824,9996.0,0.9996
EP003825,1,3825,40.97,0.0041
EP003826,1,3826,214.48,0.0214
EP003827,1,3827,348.97,0.0349
EP003828,1,3828,172.97,0.0173
EP003829,1,3829,523.23,0.0523
EP003830,1,3830,4.01,0.0004
EP003831,1,3831,132.51,0.0133
EP003832,1,3832,470.57,0.0471
EP003833,1,3833,16.01,0.0016
EP003834,1,3834,45.35,0.0045
EP003835,1,3835,38.92,0.0039
EP003836,1,3836,36.89,0.0037
EP003837,1,3837,13608.23,1.3608
EP003838,1,3838,912.65,0.0913
EP003839,1,3839,783.4,0.0783
EP003840,1,3840,5622.73,0.5623
EP003841,1,3841,89.81,0.009
EP003842,1,3842,1154.35,0.1154
EP003843,1,3843,852.67,0.0853
EP003844,1,3844,5090.25,0.509
EP003845,1,3845,428.35,0.0428
EP003846,1,3846,177.79,0.0178
EP003847,1,3847,7985.93,0.7986
EP003848,1,3848,2704.9,0.2705
EP003849,1,3849,253.44,0.0253
EP003850,1,3850,1808.06,0.1808
EP003851,1,3851,289.75,0.029
EP003852,1,3852,66759.9,6.676
EP003853,1,3853,3329.3,0.3329
EP003854,1,3854,5135.66,0.5136
EP003855,1,3855,5845.22,0.5845
EP003856,1,3856,4329.54,0.433
EP003857,1,3857,681.83,0.0682
EP003858,1,3858,212.84,0.0213
EP003859,1,3859,58.89,0.0059
EP003860,1,3860,31.84,0.0032
EP003861,1,3861,8921.11,0.8921
EP003862,1,3862,2721.95,0.2722
EP003863,1,3863,16765.76,1.6766
EP003864,1,3864,749.47,0.0749
EP003865,1,3865,3069.11,0.3069
EP003866,1,3866,1451.55,0.1452
EP003867,1,3867,1262.77,0.1263
EP003868,1,3868,4511.28,0.4511
EP003869,1,3869,174.86,0.0175
EP003870,1,3870,25.29,0.0025
EP003871,1,3871,361.3,0.0361
EP003872,1,3872,800.87,0.0801
EP003873,1,3873,644.76,0.0645
EP003874,1,3874,203.71,0.0204
EP003875,1,3875,10676.56,1.0677
EP003876,1,3876,157.17,0.0157
EP003877,1,3877,55.05,0.0055
EP003878,1,3878,629.12,0.0629
EP003879,1,3879,1347.82,0.1348
EP003880,1,3880,1264.64,0.1265
EP003881,1,3881,3570.61,0.3571
EP003882,1,3882,1957.15,0.1957
EP003883,1,3883,890.38,0.089
EP003884,1,3884,6324.29,0.6324
EP003885,1,3885,2831.33,0.2831
EP003886,1,3886,7278.27,0.7278
EP003887,1,3887,7827.94,0.7828
EP003888,1,3888,55.73,0.0056
EP003889,1,3889,23070.23,2.307
EP003890,1,3890,47.08,0.0047
EP003891,1,3891,2040.38,0.204
EP003892,1,3892,4200.33,0.42
EP003893,1,3893,124.05,0.0124
EP003894,1,3894,188.16,0.0188
EP003895,1,3895,153.13,0.0153
EP003896,1,3896,10.77,0.0011
EP003897,1,3897,52.96,0.0053
EP003898,1,3898,104.49,0.0104
EP003899,1,3899,114.52,0.0115
EP003900,1,3900,68.26,0.0068
EP003901,1,3901,4158.56,0.4159
EP003902,1,3902,124.76,0.0125
EP003903,1,3903,369.67,0.037
EP003904,1,3904,442.87,0.0443
EP003905,1,3905,11874.44,1.1874
EP003906,1,3906,879.8,0.088
EP003907,1,3907,9443.26,0.9443
EP003908,1,3908,170.25,0.017
EP003909,1,3909,881198.41,88.1198
EP003910,1,3910,2617.95,0.2618
EP003911,1,3911,67.07,0.0067
EP003912,1,3912,2012.11,0.2012
EP003913,1,3913,39.85,0.004
EP003914,1,3914,293.96,0.0294
EP003915,1,3915,12826.77,1.2827
EP003916,1,3916,21.02,0.0021
EP003917,1,3917,91.18,0.0091
EP003918,1,3918,189.31,0.0189
EP003919,1,3919,730.35,0.073
EP003920,1,3920,2969.07,0.2969
EP003921,1,3921,114.83,0.0115
EP003922,1,3922,93.19,0.0093
EP003923,1,3923,10688.84,1.0689
EP003924,1,3924,4656.28,0.4656
EP003925,1,3925,168.66,0.0169
EP003926,1,3926,614.13,0.0614
EP003927,1,3927,268.55,0.0269
EP003928,1,3928,433.53,0.0434
EP003929,1,3929,113.66,0.0114
EP003930,1,3930,1269.63,0.127
EP003931,1,3931,1017.1,0.1017
EP003932,1,3932,48.16,0.0048
EP003933,1,3933,53.7,0.0054
EP003934,1,3934,125.37,0.0125
EP003935,1,3935,77.22,0.0077
EP003936,1,3936,52.43,0.0052
EP003937,1,3937,1798.69,0.1799
EP003938,1,3938,3243.28,0.3243
EP003939,1,3939,5131.84,0.5132
EP003940,1,3940,36.26,0.0036
EP003941,1,3941,2495.8,0.2496
EP003942,1,3942,3187.12,0.3187
EP003943,1,3943,736.92,0.0737
EP003944,1,3944,65518.17,6.5518
EP003945,1,3945,1682.1,0.1682
EP003946,1,3946,218.93,0.0219
EP003947,1,3947,229.72,0.023
EP003948,1,3948,78.81,0.0079
EP003949,1,3949,1413.98,0.1414
EP003950,1,3950,713.73,0.0714
EP003951,1,3951,68.32,0.0068
EP003952,1,3952,276.69,0.0277
EP003953,1,3953,252.41,0.0252
EP003954,1,3954,2391.79,0.2392
EP003955,1,3955,178.17,0.0178
EP003956,1,3956,911.77,0.0912
EP003957,1,3957,44.69,0.0045
EP003958,1,3958,215.7,0.0216
EP003959,1,3959,167.73,0.0168
EP003960,1,3960,1290.87,0.1291
EP003961,1,3961,257488.2,25.7488
EP003962,1,3962,1970.47,0.197
EP003963,1,3963,23.15,0.0023
EP003964,1,3964,512.55,0.0513
EP003965,1,3965,8.42,0.0008
EP003966,1,3966,27604.53,2.7605
EP003967,1,3967,268.36,0.0268
EP003968,1,3968,97.57,0.0098
EP003969,1,3969,46.45,0.0046
EP003970,1,3970,975.07,0.0975
EP003971,1,3971,25492.3,2.5492
EP003972,1,3972,93.5,0.0093
EP003973,1,3973,7837.68,0.7838
EP003974,1,3974,994.16,0.0994
EP003975,1,3975,1696.31,0.1696
EP003976,1,3976,951.75,0.0952
EP003977,1,3977,127.32,0.0127
EP003978,1,3978,795.13,0.0795
EP003979,1,3979,231.36,0.0231
EP003980,1,3980,909.42,0.0909
EP003981,1,3981,137.63,0.0138
EP003982,1,3982,1045.02,0.1045
EP003983,1,3983,514.95,0.0515
EP003984,1,3984,230.56,0.0231
EP003985,1,3985,112.08,0.0112
EP003986,1,3986,2008.85,0.2009
EP003987,1,3987,26524.14,2.6524
EP003988,1,3988,13508.27,1.3508
EP003989,1,3989,203.48,0.0203
EP003990,1,3990,83.84,0.0084
EP003991,1,3991,779.12,0.0779
EP003992,1,3992,105.35,0.0105
EP003993,1,3993,14.13,0.0014
EP003994,1,3994,798.22,0.0798
EP003995,1,3995,129.7,0.013
EP003996,1,3996,710.78,0.0711
EP003997,1,3997,91.44,0.0091
EP003998,1,3998,206.42,0.0206
EP003999,1,3999,13290.61,1.3291
EP004000,1,4000,213.7,0.0214
EP004001,1,4001,86.66,0.0087
EP004002,1,4002,338.46,0.0338
EP004003,1,4003,224.11,0.0224
EP004004,1,4004,621.27,0.0621
EP004005,1,4005,1555.84,0.1556
EP004006,1,4006,153.81,0.0154
EP004007,1,4007,19330.05,1.933
EP004008,1,4008,45.58,0.0046
EP004009,1,4009,2717.63,0.2718
EP004010,1,4010,1272.74,0.1273
EP004011,1,4011,712.86,0.0713
EP004012,1,4012,1704.48,0.1704
EP004013,1,4013,549.19,0.0549
EP004014,1,4014,89.73,0.009
EP004015,1,4015,40.89,0.0041
EP004016,1,4016,2519.8,0.252
EP004017,1,4017,2266.01,0.2266
EP004018,1,4018,4840.99,0.4841
EP004019,1,4019,25.28,0.0025
EP004020,1,4020,8352.19,0.8352
EP004021,1,4021,234.95,0.0235
EP004022,1,4022,19.36,0.0019
EP004023,1,4023,793.31,0.0793
EP004024,1,4024,114.95,0.0115
EP004025,1,4025,5360.72,0.5361
EP004026,1,4026,24.08,0.0024
EP004027,1,4027,887.87,0.0888
EP004028,1,4028,501.33,0.0501
EP004029,1,4029,158.07,0.0158
EP004030,1,4030,174.95,0.0175
EP004031,1,4031,144.97,0.0145
EP004032,1,4032,6595.77,0.6596
EP004033,1,4033,49.35,0.0049
EP004034,1,4034,253.9,0.0254
EP004035,1,4035,20324.95,2.0325
EP004036,1,4036,3671.06,0.3671
EP004037,1,4037,848.95,0.0849
EP004038,1,4038,2037.81,0.2038
EP004039,1,4039,112.17,0.0112
EP004040,1,4040,181.19,0.0181
EP004041,1,4041,437.45,0.0437
EP004042,1,4042,10287.32,1.0287
EP004043,1,4043,479.48,0.0479
EP004044,1,4044,16398.8,1.6399
EP004045,1,4045,1402.32,0.1402
EP004046,1,4046,40.5,0.0041
EP004047,1,4047,477.89,0.0478
EP004048,1,4048,400.86,0.0401
EP004049,1,4049,1067.63,0.1068
EP004050,1,4050,181.49,0.0181
EP004051,1,4051,238.36,0.0238
EP004052,1,4052,351.8,0.0352
EP004053,1,4053,741.66,0.0742
EP004054,1,4054,1041.36,0.1041
EP004055,1,4055,159.63,0.016
EP004056,1,4056,6048.28,0.6048
EP004057,1,4058,479.85,0.048
EP004058,1,4059,59.94,0.006
EP004059,1,4060,1609.83,0.161
EP004060,1,4061,660.26,0.066
EP004061,1,4062,2010.27,0.201
EP004062,1,4063,367.37,0.0367
EP004063,1,4064,778.58,0.0779
EP004064,1,4065,6083.91,0.6084
EP004065,1,4066,314.27,0.0314
EP004066,1,4067,132.61,0.0133
EP004067,1,4068,4176.02,0.4176
EP004068,1,4069,376.09,0.0376
EP004069,1,4070,26972.07,2.6972
EP004070,1,4071,32192.03,3.2192
EP004071,1,4072,8428.52,0.8429
EP004072,1,4073,15724.51,1.5725
EP004073,1,4074,445.78,0.0446
EP004074,1,4075,1197.49,0.1197
EP004075,1,4076,490.11,0.049
EP004076,1,4077,22947.1,2.2947
EP004077,1,4078,525.36,0.0525
EP004078,1,4079,146.88,0.0147
EP004079,1,4080,188.5,0.0189
EP004080,1,4081,119.32,0.0119
EP004081,1,4082,64.46,0.0064
EP004082,1,4083,83.57,0.0084
EP004083,1,4084,748.77,0.0749
EP004084,1,4085,298.7,0.0299
EP004085,1,4086,24650.53,2.4651
EP004086,1,4087,93749.07,9.3749
EP004087,1,4088,417.07,0.0417
EP004088,1,4089,522.25,0.0522
EP004089,1,4090,1998.94,0.1999
EP004090,1,4091,151.91,0.0152
EP004091,1,4092,2721.87,0.2722
EP004092,1,4093,11180.07,1.118
EP004093,1,4094,2402.09,0.2402
EP004094,1,4095,5722.62,0.5723
EP004095,1,4096,125.3,0.0125
EP004096,1,4097,337.81,0.0338
EP004097,1,4098,2193.06,0.2193
EP004098,1,4099,447.83,0.0448
EP004099,1,4100,213.84,0.0214
EP004100,1,4101,298.63,0.0299
EP004101,1,4102,648.35,0.0648
EP004102,1,4103,41901.04,4.1901
EP004103,1,4104,27405.33,2.7405
EP004104,1,4105,250.1,0.025
EP004105,1,4106,333.34,0.0333
EP004106,1,4107,108.1,0.0108
EP004107,1,4108,496.52,0.0497
EP004108,1,4109,929.16,0.0929
EP004109,1,4110,3251.03,0.3251
EP004110,1,4111,17871.02,1.7871
EP004111,1,4112,121.71,0.0122
EP004112,1,4113,3649.43,0.3649
EP004113,1,4114,81.69,0.0082
EP004114,1,4115,12669.04,1.2669
EP004115,1,4116,145.34,0.0145
EP004116,1,4117,249.36,0.0249
EP004117,1,4118,226.06,0.0226
EP004118,1,4119,30.98,0.0031
EP004119,1,4120,27911.17,2.7911
EP004120,1,4121,157.08,0.0157
EP004121,1,4122,680.69,0.0681
EP004122,1,4123,1497.36,0.1497
EP004123,1,4124,728.99,0.0729
EP004124,1,4125,188.51,0.0189
EP004125,1,4126,223.28,0.0223
EP004126,1,4127,211.09,0.0211
EP004127,1,4128,77.9,0.0078
EP004128,1,4129,36.13,0.0036
EP004129,1,4130,186.61,0.0187
EP004130,1,4131,1440.34,0.144
EP004131,1,4132,8002.77,0.8003
EP004132,1,4133,818.33,0.0818
EP004133,1,4134,45.35,0.0045
EP004134,1,4135,4212.62,0.4213
EP004135,1,4136,3461.14,0.3461
EP004136,1,4137,247.52,0.0248
EP004137,1,4138,28.47,0.0028
EP004138,1,4139,4893.85,0.4894
EP004139,1,4140,75.49,0.0075
EP004140,1,4141,9400.9,0.9401
EP004141,1,4142,542.11,0.0542
EP004142,1,4143,158.73,0.0159
EP004143,1,4144,200.88,0.0201
EP004144,1,4145,82.49,0.0082
EP004145,1,4146,31.24,0.0031
EP004146,1,4147,73.45,0.0073
EP004147,1,4148,2180.86,0.2181
EP004148,1,4149,393.58,0.0394
EP004149,1,4150,2667.76,0.2668
EP004150,1,4151,151.87,0.0152
EP004151,1,4152,164.3,0.0164
EP004152,1,4153,38.8,0.0039
EP004153,1,4154,62.19,0.0062
EP004154,1,4155,514.66,0.0515
EP004155,1,4156,7276.05,0.7276
EP004156,1,4157,790.27,0.079
EP004157,1,4158,1267.56,0.1268
EP004158,1,4159,2469.66,0.247
EP004159,1,4160,70.48,0.007
EP004160,1,4161,42.76,0.0043
EP004161,1,4162,3104.52,0.3105
EP004162,1,4163,31.84,0.0032
EP004163,1,4164,358.61,0.0359
EP004164,1,4165,775.09,0.0775
EP004165,1,4166,154.93,0.0155
EP004166,1,4167,40.02,0.004
EP004167,1,4168,1423.67,0.1424
EP004168,1,4169,405.22,0.0405
EP004169,1,4170,735.28,0.0735
EP004170,1,4171,428.22,0.0428
EP004171,1,4172,266.99,0.0267
EP004172,1,4173,362.33,0.0362
EP004173,1,4174,255.11,0.0255
EP004174,1,4175,143.76,0.0144
EP004175,1,4176,51234.43,5.1234
EP004176,1,4177,201.25,0.0201
EP004177,1,4178,4644.34,0.4644
EP004178,1,4179,2872.07,0.2872
EP004179,1,4180,33.72,0.0034
EP004180,1,4181,23.5,0.0023
EP004181,1,4182,3058.54,0.3059
EP004182,1,4183,4225.63,0.4226
EP004183,1,4184,180.13,0.018
EP004184,1,4185,143.4,0.0143
EP004185,1,4186,1685.57,0.1686
EP004186,1,4187,369.19,0.0369
EP004187,1,4188,94.94,0.0095
EP004188,1,4189,355.01,0.0355
EP004189,1,4190,376.33,0.0376
EP004190,1,4191,92.39,0.0092
EP004191,1,4192,1699.58,0.17
EP004192,1,4193,622.08,0.0622
EP004193,1,4194,3345.1,0.3345
EP004194,1,4195,120.89,0.0121
EP004195,1,4196,650.15,0.065
EP004196,1,4197,484.09,0.0484
EP004197,1,4198,209.72,0.021
EP004198,1,4199,850.33,0.085
EP004199,1,4200,867.19,0.0867
EP004200,1,4201,68.27,0.0068
EP004201,1,4202,605.66,0.0606
EP004202,1,4203,12069.79,1.207
EP004203,1,4204,149.63,0.015
EP004204,1,4205,197.06,0.0197
EP004205,1,4206,35654.63,3.5655
EP004206,1,4207,530.08,0.053
EP004207,1,4208,6227.64,0.6228
EP004208,1,4209,1172.32,0.1172
EP004209,1,4210,18.06,0.0018
EP004210,1,4211,423.06,0.0423
EP004211,1,4212,351.23,0.0351
EP004212,1,4213,209.25,0.0209
EP004213,1,4214,1363.04,0.1363
EP004214,1,4215,132.23,0.0132
EP004215,1,4216,25501.38,2.5501
EP004216,1,4217,4438.48,0.4438
EP004217,1,4218,1917.78,0.1918
EP004218,1,4219,26.42,0.0026
EP004219,1,4220,7866.6,0.7867
EP004220,1,4221,543.33,0.0543
EP004221,1,4222,998.42,0.0998
EP004222,1,4223,331.72,0.0332
EP004223,1,4224,395.89,0.0396
EP004224,1,4225,1295.72,0.1296
EP004225,1,4226,486.98,0.0487
EP004226,1,4227,4971.84,0.4972
EP004227,1,4228,6093.56,0.6094
EP004228,1,4229,135.53,0.0136
EP004229,1,4230,1782.86,0.1783
EP004230,1,4231,13061.76,1.3062
EP004231,1,4232,84.35,0.0084
EP004232,1,4233,494.71,0.0495
EP004233,1,4234,59.98,0.006
EP004234,1,4235,307.69,0.0308
EP004235,1,4236,306.78,0.0307
EP004236,1,4237,77.69,0.0078
EP004237,1,4238,5153.35,0.5153
EP004238,1,4239,2691.3,0.2691
EP004239,1,4240,310.73,0.0311
EP004240,1,4241,385.26,0.0385
EP004241,1,4242,285.62,0.0286
EP004242,1,4243,633.51,0.0634
EP004243,1,4244,137.79,0.0138
EP004244,1,4245,199.29,0.0199
EP004245,1,4246,274.51,0.0275
EP004246,1,4247,20952.98,2.0953
EP004247,1,4248,1694.5,0.1694
EP004248,1,4249,266.77,0.0267
EP004249,1,4250,664.3,0.0664
EP004250,1,4251,55473.86,5.5474
EP004251,1,4252,717.78,0.0718
EP004252,1,4253,769.13,0.0769
EP004253,1,4254,159.67,0.016
EP004254,1,4255,1196.12,0.1196
EP004255,1,4256,99.76,0.01
EP004256,1,4257,389.51,0.039
EP004257,1,4258,18786.98,1.8787
EP004258,1,4259,1148.81,0.1149
EP004259,1,4260,234.33,0.0234
EP004260,1,4261,275.38,0.0275
EP004261,1,4262,3080.99,0.3081
EP004262,1,4263,834.35,0.0834
EP004263,1,4264,612.8,0.0613
EP004264,1,4265,1211.17,0.1211
EP004265,1,4266,742.09,0.0742
EP004266,1,4267,192.22,0.0192
EP004267,1,4268,63.09,0.0063
EP004268,1,4269,1927.46,0.1927
EP004269,1,4270,1058.05,0.1058
EP004270,1,4271,709.09,0.0709
EP004271,1,4272,90795.25,9.0795
EP004272,1,4273,155.78,0.0156
EP004273,1,4274,107.44,0.0107
EP004274,1,4275,418.26,0.0418
EP004275,1,4276,253.34,0.0253
EP004276,1,4277,2625.91,0.2626
EP004277,1,4278,15850.48,1.585
EP004278,1,4279,76563.65,7.6564
EP004279,1,4280,1351.01,0.1351
EP004280,1,4281,176.7,0.0177
EP004281,1,4282,795.14,0.0795
EP004282,1,4283,186.99,0.0187
EP004283,1,4284,2978.08,0.2978
EP004284,1,4285,545.28,0.0545
EP004285,1,4286,126.95,0.0127
EP004286,1,4287,795.95,0.0796
EP004287,1,4288,184.13,0.0184
EP004288,1,4289,6227.94,0.6228
EP004289,1,4290,2378.29,0.2378
EP004290,1,4291,41924.15,4.1924
EP004291,1,4292,2122.08,0.2122
EP004292,1,4293,138.17,0.0138
EP004293,1,4294,43.4,0.0043
EP004294,1,4295,558300.9,55.8301
EP004295,1,4296,222.65,0.0223
EP004296,1,4297,1385.21,0.1385
EP004297,1,4298,987.08,0.0987
EP004298,1,4299,124.73,0.0125
EP004299,1,4300,688.34,0.0688
EP004300,1,4301,131.34,0.0131
EP004301,1,4302,9.95,0.001
EP004302,1,4303,747.61,0.0748
EP004303,1,4304,119.97,0.012
EP004304,1,4305,4447.8,0.4448
EP004305,1,4306,174.12,0.0174
EP004306,1,4307,3605.89,0.3606
EP004307,1,4308,395.6,0.0396
EP004308,1,4309,774.93,0.0775
EP004309,1,4310,2171.62,0.2172
EP004310,1,4311,121.86,0.0122
EP004311,1,4312,87.98,0.0088
EP004312,1,4313,79.9,0.008
EP004313,1,4314,339.28,0.0339
EP004314,1,4315,462.06,0.0462
EP004315,1,4316,86.37,0.0086
EP004316,1,4317,1701.64,0.1702
EP004317,1,4318,315.15,0.0315
EP004318,1,4319,77.91,0.0078
EP004319,1,4320,84.76,0.0085
EP004320,1,4321,451.7,0.0452
EP004321,1,4322,13567.78,1.3568
EP004322,1,4323,1305.5,0.1306
EP004323,1,4324,5901.75,0.5902
EP004324,1,4325,5576.49,0.5576
EP004325,1,4326,2417.75,0.2418
EP004326,1,4327,5403.15,0.5403
EP004327,1,4328,434.4,0.0434
EP004328,1,4329,1353.92,0.1354
EP004329,1,4330,347.1,0.0347
EP004330,1,4331,17741.99,1.7742
EP004331,1,4332,134.63,0.0135
EP004332,1,4333,777.07,0.0777
EP004333,1,4334,732.28,0.0732
EP004334,1,4335,2634.73,0.2635
EP004335,1,4336,256.64,0.0257
EP004336,1,4337,130.2,0.013
EP004337,1,4338,185.62,0.0186
EP004338,1,4339,380.38,0.038
EP004339,1,4340,563.18,0.0563
EP004340,1,4341,1411.8,0.1412
EP004341,1,4342,6944.87,0.6945
EP004342,1,4343,670.24,0.067
EP004343,1,4344,310.34,0.031
EP004344,1,4345,81.84,0.0082
EP004345,1,4346,899.81,0.09
EP004346,1,4347,280.96,0.0281
EP004347,1,4348,1797.33,0.1797
EP004348,1,4349,189.23,0.0189
EP004349,1,4350,45.99,0.0046
EP004350,1,4351,2366.71,0.2367
EP004351,1,4352,122296.62,12.2297
EP004352,1,4353,41.94,0.0042
EP004353,1,4354,91.38,0.0091
EP004354,1,4355,109.55,0.011
EP004355,1,4356,373.19,0.0373
EP004356,1,4357,2510.4,0.251
EP004357,1,4358,11.56,0.0012
EP004358,1,4359,188.1,0.0188
EP004359,1,4360,115.75,0.0116
EP004360,1,4361,56.47,0.0056
EP004361,1,4362,80.14,0.008
EP004362,1,4363,147.03,0.0147
EP004363,1,4364,1065.16,0.1065
EP004364,1,4365,62.13,0.0062
EP004365,1,4366,424.67,0.0425
EP004366,1,4367,62.11,0.0062
EP004367,1,4368,24.43,0.0024
EP004368,1,4369,2334.14,0.2334
EP004369,1,4370,23.21,0.0023
EP004370,1,4371,154.97,0.0155
EP004371,1,4372,422.62,0.0423
EP004372,1,4373,188.59,0.0189
EP004373,1,4374,214.54,0.0215
EP004374,1,4375,7961.23,0.7961
EP004375,1,4376,125.53,0.0126
EP004376,1,4377,66.16,0.0066
EP004377,1,4378,111.43,0.0111
EP004378,1,4379,157.64,0.0158
EP004379,1,4380,29.57,0.003
EP004380,1,4381,366.79,0.0367
EP004381,1,4382,108.86,0.0109
EP004382,1,4383,7052.71,0.7053
EP004383,1,4384,336.1,0.0336
EP004384,1,4385,310.2,0.031
EP004385,1,4386,88.04,0.0088
EP004386,1,4387,28456.23,2.8456
EP004387,1,4388,2988.57,0.2989
EP004388,1,4389,129.83,0.013
EP004389,1,4390,11039.99,1.104
EP004390,1,4391,3010.1,0.301
EP004391,1,4392,6911.09,0.6911
EP004392,1,4393,5085.17,0.5085
EP004393,1,4394,1226.01,0.1226
EP004394,1,4395,425.7,0.0426
EP004395,1,4396,2714.27,0.2714
EP004396,1,4397,705.33,0.0705
EP004397,1,4398,511.49,0.0511
EP004398,1,4399,1188.95,0.1189
EP004399,1,4400,29.07,0.0029
EP004400,1,4401,629.9,0.063
EP004401,1,4402,589.05,0.0589
EP004402,1,4403,942.2,0.0942
EP004403,1,4404,16170.25,1.617
EP004404,1,4405,446.86,0.0447
EP004405,1,4406,15962.62,1.5963
EP004406,1,4407,476.23,0.0476
EP004407,1,4408,492.04,0.0492
EP004408,1,4409,587.32,0.0587
EP004409,1,4410,1911.77,0.1912
EP004410,1,4411,293.92,0.0294
EP004411,1,4412,92.76,0.0093
EP004412,1,4413,18.91,0.0019
EP004413,1,4414,719.14,0.0719
EP004414,1,4415,1611.16,0.1611
EP004415,1,4416,834.48,0.0834
EP004416,1,4417,812.86,0.0813
EP004417,1,4418,845.37,0.0845
EP004418,1,4419,362.99,0.0363
EP004419,1,4420,454.6,0.0455
EP004420,1,4421,5453.57,0.5454
EP004421,1,4422,1352.87,0.1353
EP004422,1,4423,607.27,0.0607
EP004423,1,4424,19860.33,1.986
EP004424,1,4425,47.97,0.0048
EP004425,1,4426,44.61,0.0045
EP004426,1,4427,110.53,0.0111
EP004427,1,4428,1503.25,0.1503
EP004428,1,4429,2111.77,0.2112
EP004429,1,4430,123.08,0.0123
EP004430,1,4431,800.24,0.08
EP004431,1,4432,625.72,0.0626
EP004432,1,4433,21.76,0.0022
EP004433,1,4434,24702.46,2.4702
EP004434,1,4435,286.37,0.0286
EP004435,1,4436,245.11,0.0245
EP004436,1,4437,339.15,0.0339
EP004437,1,4438,951.9,0.0952
EP004438,1,4439,91.74,0.0092
EP004439,1,4440,28.44,0.0028
EP004440,1,4441,4973.08,0.4973
EP004441,1,4442,3713.81,0.3714
EP004442,1,4443,3556.33,0.3556
EP004443,1,4444,1066.88,0.1067
EP004444,1,4445,486.41,0.0486
EP004445,1,4446,142.26,0.0142
EP004446,1,4447,196.91,0.0197
EP004447,1,4448,1109.89,0.111
EP004448,1,4449,669.59,0.067
EP004449,1,4450,230.84,0.0231
EP004450,1,4451,11246.67,1.1247
EP004451,1,4452,429.6,0.043
EP004452,1,4453,2516.08,0.2516
EP004453,1,4454,373.79,0.0374
EP004454,1,4455,187.89,0.0188
EP004455,1,4456,5938.93,0.5939
EP004456,1,4457,216.26,0.0216
EP004457,1,4458,2399.84,0.24
EP004458,1,4459,1561.92,0.1562
EP004459,1,4460,541.01,0.0541
EP004460,1,4461,2580.01,0.258
EP004461,1,4462,2783.66,0.2784
EP004462,1,4463,5252.67,0.5253
EP004463,1,4464,157.55,0.0158
EP004464,1,4465,862.57,0.0863
EP004465,1,4466,1185.89,0.1186
EP004466,1,4467,5359.25,0.5359
EP004467,1,4468,398.14,0.0398
EP004468,1,4469,126.95,0.0127
EP004469,1,4470,43.05,0.0043
EP004470,1,4471,1804.47,0.1804
EP004471,1,4472,2234.16,0.2234
EP004472,1,4473,337.75,0.0338
EP004473,1,4474,1018.97,0.1019
EP004474,1,4475,373.28,0.0373
EP004475,1,4476,76.82,0.0077
EP004476,1,4477,5719.01,0.5719
EP004477,1,4478,221.11,0.0221
EP004478,1,4479,722.63,0.0723
EP004479,1,4480,46.85,0.0047
EP004480,1,4481,1568.2,0.1568
EP004481,1,4482,1832.5,0.1832
EP004482,1,4483,77079.12,7.7079
EP004483,1,4484,2234.71,0.2235
EP004484,1,4485,87694.17,8.7694
EP004485,1,4486,40504.83,4.0505
EP004486,1,4487,3436.9,0.3437
EP004487,1,4488,1006.36,0.1006
EP004488,1,4489,930.65,0.0931
EP004489,1,4490,185.71,0.0186
EP004490,1,4491,129.12,0.0129
EP004491,1,4492,162.11,0.0162
EP004492,1,4493,32.65,0.0033
EP004493,1,4494,567.32,0.0567
EP004494,1,4495,1636.27,0.1636
EP004495,1,4496,5843.19,0.5843
EP004496,1,4497,4121.05,0.4121
EP004497,1,4498,1042.84,0.1043
EP004498,1,4499,9525.77,0.9526
EP004499,1,4500,371606.4,37.1606
EP004500,1,4501,1599.3,0.1599
EP004501,1,4502,1959.27,0.1959
EP004502,1,4503,813.74,0.0814
EP004503,1,4504,9681.82,0.9682
EP004504,1,4505,1573.61,0.1574
EP004505,1,4506,1297.94,0.1298
EP004506,1,4507,778.32,0.0778
EP004507,1,4508,2376.59,0.2377
EP004508,1,4509,73741.96,7.3742
EP004509,1,4510,3933.6,0.3934
EP004510,1,4511,1287.47,0.1287
EP004511,1,4512,13617.19,1.3617
EP004512,1,4513,4056.24,0.4056
EP004513,1,4514,3367.23,0.3367
EP004514,1,4515,609.66,0.061
EP004515,1,4516,327.46,0.0327
EP004516,1,4517,2250.12,0.225
EP004517,1,4518,1697.39,0.1697
EP004518,1,4519,123.7,0.0124
EP004519,1,4520,1734.79,0.1735
EP004520,1,4521,12158.61,1.2159
EP004521,1,4522,1209.77,0.121
EP004522,1,4523,18336.16,1.8336
EP004523,1,4524,3759.17,0.3759
EP004524,1,4525,824.38,0.0824
EP004525,1,4526,496.02,0.0496
EP004526,1,4527,940.08,0.094
EP004527,1,4528,2942.0,0.2942
EP004528,1,4529,9.34,0.0009
EP004529,1,4530,4672.48,0.4672
EP004530,1,4531,73.57,0.0074
EP004531,1,4532,1022.65,0.1023
EP004532,1,4533,6876.11,0.6876
EP004533,1,4534,8192.25,0.8192
EP004534,1,4535,7497.94,0.7498
EP004535,1,4536,23.3,0.0023
EP004536,1,4537,207.45,0.0207
EP004537,1,4538,4658.71,0.4659
EP004538,1,4539,27.86,0.0028
EP004539,1,4540,302.12,0.0302
EP004540,1,4541,10506.52,1.0507
EP004541,1,4542,537.26,0.0537
EP004542,1,4543,16.98,0.0017
EP004543,1,4544,32.79,0.0033
EP004544,1,4545,31156.8,3.1157
EP004545,1,4546,53.09,0.0053
EP004546,1,4547,29.04,0.0029
EP004547,1,4548,23.08,0.0023
EP004548,1,4549,757.24,0.0757
EP004549,1,4550,9.95,0.001
EP004550,1,4551,38509.69,3.851
EP004551,1,4552,1490.19,0.149
EP004552,1,4553,1937.09,0.1937
EP004553,1,4554,26024.17,2.6024
EP004554,1,4555,3089.1,0.3089
EP004555,1,4556,448747.36,44.8747
EP004556,1,4557,34.78,0.0035
EP004557,1,4558,875.16,0.0875
EP004558,1,4559,314.62,0.0315
EP004559,1,4560,31.69,0.0032
EP004560,1,4561,72.62,0.0073
EP004561,1,4562,23050.59,2.3051
EP004562,1,4563,55.69,0.0056
EP004563,1,4564,8306.08,0.8306
EP004564,1,4565,359.4,0.0359
EP004565,1,4566,77.5,0.0077
EP004566,1,4567,111.34,0.0111
EP004567,1,4568,1490.12,0.149
EP004568,1,4569,4103.24,0.4103
EP004569,1,4570,2417.56,0.2418
EP004570,1,4571,106.38,0.0106
EP004571,1,4572,586.38,0.0586
EP004572,1,4573,44586.48,4.4586
EP004573,1,4574,159.52,0.016
EP004574,1,4575,551.4,0.0551
EP004575,1,4576,99.96,0.01
EP004576,1,4577,3044.14,0.3044
EP004577,1,4578,1665.0,0.1665
EP004578,1,4579,34145.36,3.4145
EP004579,1,4580,711.3,0.0711
EP004580,1,4581,14.65,0.0015
EP004581,1,4582,1011.95,0.1012
EP004582,1,4583,276.75,0.0277
EP004583,1,4584,57.26,0.0057
EP004584,1,4585,6070.6,0.6071
EP004585,1,4586,175.93,0.0176
EP004586,1,4587,9264.11,0.9264
EP004587,1,4588,615.64,0.0616
EP004588,1,4589,332.14,0.0332
EP004589,1,4590,1098.93,0.1099
EP004590,1,4591,267.66,0.0268
EP004591,1,4592,220.85,0.0221
EP004592,1,4593,707.56,0.0708
EP004593,1,4594,259.9,0.026
EP004594,1,4595,2088.39,0.2088
EP004595,1,4596,9444.52,0.9445
EP004596,1,4597,144.19,0.0144
EP004597,1,4598,560.83,0.0561
EP004598,1,4599,2473.84,0.2474
EP004599,1,4600,459.81,0.046
EP004600,1,4601,3596.48,0.3596
EP004601,1,4602,949.97,0.095
EP004602,1,4603,1818.62,0.1819
EP004603,1,4604,5424.8,0.5425
EP004604,1,4605,1970.22,0.197
EP004605,1,4606,240.13,0.024
EP004606,1,4607,1064.68,0.1065
EP004607,1,4608,18294.95,1.8295
EP004608,1,4609,893.44,0.0893
EP004609,1,4610,983.54,0.0984
EP004610,1,4611,36.49,0.0036
EP004611,1,4612,403.23,0.0403
EP004612,1,4613,29.39,0.0029
EP004613,1,4614,1043.52,0.1044
EP004614,1,4615,27.1,0.0027
EP004615,1,4616,15897.83,1.5898
EP004616,1,4617,1480.59,0.1481
EP004617,1,4618,30.72,0.0031
EP004618,1,4619,53671.66,5.3672
EP004619,1,4620,1928.34,0.1928
EP004620,1,4621,31.5,0.0031
EP004621,1,4622,134.54,0.0135
EP004622,1,4623,5024.1,0.5024
EP004623,1,4624,118.39,0.0118
EP004624,1,4625,316.06,0.0316
EP004625,1,4626,152.64,0.0153
EP004626,1,4627,50.26,0.005
EP004627,1,4628,313.11,0.0313
EP004628,1,4629,5876.97,0.5877
EP004629,1,4630,1034.31,0.1034
EP004630,1,4631,22.38,0.0022
EP004631,1,4632,4349.11,0.4349
EP004632,1,4633,1674.84,0.1675
EP004633,1,4634,7538.44,0.7538
EP004634,1,4635,974.73,0.0975
EP004635,1,4636,1766.02,0.1766
EP004636,1,4637,0.21,0.0
EP004637,1,4638,22523.31,2.2523
EP004638,1,4639,83.69,0.0084
EP004639,1,4640,36457.99,3.6458
EP004640,1,4641,2925.13,0.2925
EP004641,1,4642,438.31,0.0438
EP004642,1,4643,25940.56,2.5941
EP004643,1,4644,231.03,0.0231
EP004644,1,4645,774.42,0.0774
EP004645,1,4646,26.65,0.0027
EP004646,1,4647,40.37,0.004
EP004647,1,4648,579.94,0.058
EP004648,1,4649,165.19,0.0165
EP004649,1,4650,29.2,0.0029
EP004650,1,4651,571.47,0.0571
EP004651,1,4652,27.12,0.0027
EP004652,1,4653,271.38,0.0271
EP004653,1,4654,9669.01,0.9669
EP004654,1,4655,6264.13,0.6264
EP004655,1,4656,83.64,0.0084
EP004656,1,4657,11714.21,1.1714
EP004657,1,4658,1733.75,0.1734
EP004658,1,4659,7337.12,0.7337
EP004659,1,4660,0.37,0.0
EP004660,1,4661,1357.69,0.1358
EP004661,1,4662,1126.49,0.1126
EP004662,1,4663,84240.4,8.424
EP004663,1,4664,3840.24,0.384
EP004664,1,4665,963.35,0.0963
EP004665,1,4666,2202.47,0.2202
EP004666,1,4667,2275.43,0.2275
EP004667,1,4668,935.33,0.0935
EP004668,1,4669,1032.0,0.1032
EP004669,1,4670,806.72,0.0807
EP004670,1,4671,619.14,0.0619
EP004671,1,4672,1047.31,0.1047
EP004672,1,4673,621.06,0.0621
EP004673,1,4674,30378.61,3.0379
EP004674,1,4675,3235.33,0.3235
EP004675,1,4676,21890.66,2.1891
EP004676,1,4677,669.0,0.0669
EP004677,1,4678,2283.26,0.2283
EP004678,1,4679,1849.11,0.1849
EP004679,1,4680,28786.11,2.8786
EP004680,1,4681,12861.34,1.2861
EP004681,1,4682,716.1,0.0716
EP004682,1,4683,2216.52,0.2217
EP004683,1,4684,1344.0,0.1344
EP004684,1,4685,266.02,0.0266
EP004685,1,4686,11114.02,1.1114
EP004686,1,4687,11455.44,1.1455
EP004687,1,4688,1115.28,0.1115
EP004688,1,4689,29918.99,2.9919
EP004689,1,4690,2512.66,0.2513
EP004690,1,4691,1455.01,0.1455
EP004691,1,4692,103.54,0.0104
EP004692,1,4693,336.32,0.0336
EP004693,1,4694,4422.88,0.4423
EP004694,1,4695,280.83,0.0281
EP004695,1,4696,121.47,0.0121
EP004696,1,4697,2305.7,0.2306
EP004697,1,4698,575.69,0.0576
EP004698,1,4699,891.02,0.0891
EP004699,1,4700,116.87,0.0117
EP004700,1,4701,635.87,0.0636
EP004701,1,4702,1069.43,0.1069
EP004702,1,4703,418.94,0.0419
EP004703,1,4704,10202.87,1.0203
EP004704,1,4705,232.5,0.0233
EP004705,1,4706,1759.99,0.176
EP004706,1,4707,1987.21,0.1987
EP004707,1,4708,153.73,0.0154
EP004708,1,4709,256089.94,25.609
EP004709,1,4710,2536.36,0.2536
EP004710,1,4711,4579.69,0.458
EP004711,1,4712,1950.89,0.1951
EP004712,1,4713,145.63,0.0146
EP004713,1,4714,6040.42,0.604
EP004714,1,4715,1629.38,0.1629
EP004715,1,4716,1220.16,0.122
EP004716,1,4717,1162.52,0.1163
EP004717,1,4718,1668.34,0.1668
EP004718,1,4719,548.21,0.0548
EP004719,1,4720,5758.77,0.5759
EP004720,1,4721,294.13,0.0294
EP004721,1,4722,1731.7,0.1732
EP004722,1,4723,799.42,0.0799
EP004723,1,4724,29.68,0.003
EP004724,1,4725,112.65,0.0113
EP004725,1,4726,68.13,0.0068
EP004726,1,4727,68.28,0.0068
EP004727,1,4728,93.45,0.0093
EP004728,1,4729,1116.07,0.1116
EP004729,1,4730,528.21,0.0528
EP004730,1,4731,1436.29,0.1436
EP004731,1,4732,694.38,0.0694
EP004732,1,4733,13978.88,1.3979
EP004733,1,4734,1121.42,0.1121
EP004734,1,4735,12705.44,1.2705
EP004735,1,4736,224.38,0.0224
EP004736,1,4737,76.9,0.0077
EP004737,1,4738,5081.65,0.5082
EP004738,1,4739,259.48,0.0259
EP004739,1,4740,68.74,0.0069
EP004740,1,4741,1947.83,0.1948
EP004741,1,4742,37.38,0.0037
EP004742,1,4743,922.68,0.0923
EP004743,1,4744,70.13,0.007
EP004744,1,4745,1409.41,0.1409
EP004745,1,4746,54.11,0.0054
EP004746,1,4747,39.32,0.0039
EP004747,1,4748,571.49,0.0571
EP004748,1,4749,428.06,0.0428
EP004749,1,4750,1109.76,0.111
EP004750,1,4751,51.63,0.0052
EP004751,1,4752,4311.01,0.4311
EP004752,1,4753,578.43,0.0578
EP004753,1,4754,355.26,0.0355
EP004754,1,4755,1734.88,0.1735
EP004755,1,4756,445.27,0.0445
EP004756,1,4757,1772.43,0.1772
EP004757,1,4758,19619.36,1.9619
EP004758,1,4759,52.49,0.0052
EP004759,1,4760,130.81,0.0131
EP004760,1,4761,759.71,0.076
EP004761,1,4762,44296.68,4.4297
EP004762,1,4763,3064.9,0.3065
EP004763,1,4764,638.51,0.0639
EP004764,1,4765,1420.17,0.142
EP004765,1,4766,785.41,0.0785
EP004766,1,4767,3605.7,0.3606
EP004767,1,4768,279.47,0.0279
EP004768,1,4769,582.6,0.0583
EP004769,1,4770,3753.65,0.3754
EP004770,1,4771,289.23,0.0289
EP004771,1,4772,7536.75,0.7537
EP004772,1,4773,788.19,0.0788
EP004773,1,4774,435.81,0.0436
EP004774,1,4775,3710.43,0.371
EP004775,1,4776,5427.78,0.5428
EP004776,1,4777,142.49,0.0142
EP004777,1,4778,1048.52,0.1049
EP004778,1,4779,3992.27,0.3992
EP004779,1,4780,477.28,0.0477
EP004780,1,4781,15469.75,1.547
EP004781,1,4782,3348.72,0.3349
EP004782,1,4783,41.38,0.0041
EP004783,1,4784,146.61,0.0147
EP004784,1,4785,138.68,0.0139
EP004785,1,4786,168.72,0.0169
EP004786,1,4787,2605.53,0.2606
EP004787,1,4788,5152.76,0.5153
EP004788,1,4789,2208.94,0.2209
EP004789,1,4790,308.81,0.0309
EP004790,1,4791,120.69,0.0121
EP004791,1,4792,202.32,0.0202
EP004792,1,4793,154.1,0.0154
EP004793,1,4794,15884.35,1.5884
EP004794,1,4795,38388.66,3.8389
EP004795,1,4796,5165.79,0.5166
EP004796,1,4797,540.05,0.054
EP004797,1,4798,5995.26,0.5995
EP004798,1,4799,10747.67,1.0748
EP004799,1,4800,520.57,0.0521
EP004800,1,4801,96.48,0.0096
EP004801,1,4802,366.98,0.0367
EP004802,1,4803,1453.21,0.1453
EP004803,1,4804,931.11,0.0931
EP004804,1,4805,1624.79,0.1625
EP004805,1,4806,629.25,0.0629
EP004806,1,4807,220.03,0.022
EP004807,1,4808,34.14,0.0034
EP004808,1,4809,177.09,0.0177
EP004809,1,4810,4052.48,0.4052
EP004810,1,4811,11.96,0.0012
EP004811,1,4812,3797.31,0.3797
EP004812,1,4813,1601.26,0.1601
EP004813,1,4814,915.86,0.0916
EP004814,1,4815,11069.51,1.107
EP004815,1,4816,749.83,0.075
EP004816,1,4817,386.44,0.0386
EP004817,1,4818,1207.83,0.1208
EP004818,1,4819,16.22,0.0016
EP004819,1,4820,359.81,0.036
EP004820,1,4821,708.42,0.0708
EP004821,1,4822,187.44,0.0187
EP004822,1,4823,28.62,0.0029
EP004823,1,4824,320.29,0.032
EP004824,1,4825,294.6,0.0295
EP004825,1,4826,188.93,0.0189
EP004826,1,4827,10372.27,1.0372
EP004827,1,4828,14.5,0.0014
EP004828,1,4829,94.24,0.0094
EP004829,1,4830,305.55,0.0306
EP004830,1,4831,4566.19,0.4566
EP004831,1,4832,148.05,0.0148
EP004832,1,4833,1557.81,0.1558
EP004833,1,4834,64.56,0.0065
EP004834,1,4835,394.82,0.0395
EP004835,1,4836,75.28,0.0075
EP004836,1,4837,557.88,0.0558
EP004837,1,4838,275.94,0.0276
EP004838,1,4839,21765.87,2.1766
EP004839,1,4840,23.02,0.0023
EP004840,1,4841,387.38,0.0387
EP004841,1,4842,662.0,0.0662
EP004842,1,4843,220.4,0.022
EP004843,1,4844,272.99,0.0273
EP004844,1,4845,64.29,0.0064
EP004845,1,4846,1720.5,0.172
EP004846,1,4847,1653.13,0.1653
EP004847,1,4848,1337.62,0.1338
EP004848,1,4849,714.44,0.0714
EP004849,1,4850,6108.04,0.6108
EP004850,1,4851,327.49,0.0327
EP004851,1,4852,139.7,0.014
EP004852,1,4853,8922.21,0.8922
EP004853,1,4854,84.22,0.0084
EP004854,1,4855,234.87,0.0235
EP004855,1,4856,3452.14,0.3452
EP004856,1,4857,481.73,0.0482
EP004857,1,4858,184.36,0.0184
EP004858,1,4859,1166.08,0.1166
EP004859,1,4860,31.28,0.0031
EP004860,1,4861,108.91,0.0109
EP004861,1,4862,22.32,0.0022
EP004862,1,4863,9263.06,0.9263
EP004863,1,4864,17938.79,1.7939
EP004864,1,4865,120.82,0.0121
EP004865,1,4866,1079.25,0.1079
EP004866,1,4867,47463.71,4.7464
EP004867,1,4868,27.1,0.0027
EP004868,1,4869,143.91,0.0144
EP004869,1,4870,1178.34,0.1178
EP004870,1,4871,8558.54,0.8559
EP004871,1,4872,611744.01,61.1744
EP004872,1,4873,190.21,0.019
EP004873,1,4874,323.58,0.0324
EP004874,1,4875,2428.6,0.2429
EP004875,1,4876,1809.45,0.1809
EP004876,1,4877,240.69,0.0241
EP004877,1,4878,441.85,0.0442
EP004878,1,4879,8882.07,0.8882
EP004879,1,4880,200.6,0.0201
EP004880,1,4881,27251.72,2.7252
EP004881,1,4882,565.06,0.0565
EP004882,1,4883,9968.1,0.9968
EP004883,1,4884,2998.71,0.2999
EP004884,1,4885,2480.67,0.2481
EP004885,1,4886,1251.05,0.1251
EP004886,1,4887,1377.09,0.1377
EP004887,1,4888,2103.59,0.2104
EP004888,1,4889,1460.16,0.146
EP004889,1,4890,490.04,0.049
EP004890,1,4891,927.91,0.0928
EP004891,1,4892,4447.65,0.4448
EP004892,1,4893,1858.33,0.1858
EP004893,1,4894,3715.0,0.3715
EP004894,1,4895,237.12,0.0237
EP004895,1,4896,347.9,0.0348
EP004896,1,4897,1757.88,0.1758
EP004897,1,4898,1515.91,0.1516
EP004898,1,4899,141055.79,14.1056
EP004899,1,4900,255.57,0.0256
EP004900,1,4901,669.93,0.067
EP004901,1,4902,13949.8,1.395
EP004902,1,4903,477.76,0.0478
EP004903,1,4904,380.5,0.0381
EP004904,1,4905,338.99,0.0339
EP004905,1,4906,8292.95,0.8293
EP004906,1,4907,303.03,0.0303
EP004907,1,4908,3235.24,0.3235
EP004908,1,4909,2711.19,0.2711
EP004909,1,4910,492.89,0.0493
EP004910,1,4911,6385.62,0.6386
EP004911,1,4912,86.99,0.0087
EP004912,1,4913,26293.0,2.6293
EP004913,1,4914,276.54,0.0277
EP004914,1,4915,1081.85,0.1082
EP004915,1,4916,441.82,0.0442
EP004916,1,4917,360.4,0.036
EP004917,1,4918,520.38,0.052
EP004918,1,4919,3918.55,0.3919
EP004919,1,4920,335.56,0.0336
EP004920,1,4921,1084.95,0.1085
EP004921,1,4922,921.71,0.0922
EP004922,1,4923,7032.42,0.7032
EP004923,1,4924,240.24,0.024
EP004924,1,4925,1293.04,0.1293
EP004925,1,4926,18159.72,1.816
EP004926,1,4927,97.76,0.0098
EP004927,1,4928,539.64,0.054
EP004928,1,4929,462.09,0.0462
EP004929,1,4930,9536.62,0.9537
EP004930,1,4931,45496.37,4.5496
EP004931,1,4932,2797.61,0.2798
EP004932,1,4933,268.8,0.0269
EP004933,1,4934,54.37,0.0054
EP004934,1,4935,1337.64,0.1338
EP004935,1,4936,2034.06,0.2034
EP004936,1,4937,690.33,0.069
EP004937,1,4938,1212.8,0.1213
EP004938,1,4939,6941.54,0.6942
EP004939,1,4940,304.46,0.0304
EP004940,1,4941,2640.07,0.264
EP004941,1,4942,2851.13,0.2851
EP004942,1,4943,870.58,0.0871
EP004943,1,4944,683.24,0.0683
EP004944,1,4945,2383.29,0.2383
EP004945,1,4946,19655.9,1.9656
EP004946,1,4947,1755.25,0.1755
EP004947,1,4948,811.11,0.0811
EP004948,1,4949,637.84,0.0638
EP004949,1,4950,3921.53,0.3922
EP004950,1,4951,3428.52,0.3429
EP004951,1,4952,7079.53,0.708
EP004952,1,4953,4848.37,0.4848
EP004953,1,4954,64.29,0.0064
EP004954,1,4955,195.93,0.0196
EP004955,1,4956,3755.54,0.3756
EP004956,1,4957,1342.96,0.1343
EP004957,1,4958,124.7,0.0125
EP004958,1,4959,2244.91,0.2245
EP004959,1,4960,54.74,0.0055
EP004960,1,4961,1322.41,0.1322
EP004961,1,4962,5294.82,0.5295
EP004962,1,4963,188.72,0.0189
EP004963,1,4964,1810.18,0.181
EP004964,1,4965,518.6,0.0519
EP004965,1,4966,64.37,0.0064
EP004966,1,4967,9381.22,0.9381
EP004967,1,4968,68997.74,6.8998
EP004968,1,4969,64.58,0.0065
EP004969,1,4970,423.59,0.0424
EP004970,1,4971,2128.71,0.2129
EP004971,1,4972,265.16,0.0265
EP004972,1,4973,415.06,0.0415
EP004973,1,4974,1632.27,0.1632
EP004974,1,4975,950.6,0.0951
EP004975,1,4976,1193.51,0.1194
EP004976,1,4977,2465.27,0.2465
EP004977,1,4978,932.99,0.0933
EP004978,1,4979,5088.34,0.5088
EP004979,1,4980,1107.54,0.1108
EP004980,1,4981,1213.69,0.1214
EP004981,1,4982,1183.57,0.1184
EP004982,1,4983,1477.67,0.1478
EP004983,1,4984,11011.33,1.1011
EP004984,1,4985,6309.28,0.6309
EP004985,1,4986,5111.58,0.5112
EP004986,1,4987,1782.43,0.1782
EP004987,1,4988,1246.64,0.1247
EP004988,1,4989,7697.28,0.7697
EP004989,1,4990,6528.44,0.6528
EP004990,1,4991,460.93,0.0461
EP004991,1,4992,183.57,0.0184
EP004992,1,4993,665.92,0.0666
EP004993,1,4994,4713.26,0.4713
EP004994,1,4995,191.61,0.0192
EP004995,1,4996,8033.79,0.8034
EP004996,1,4997,339.0,0.0339
EP004997,1,4998,311.65,0.0312
EP004998,1,4999,765.35,0.0765
EP004999,1,5000,929.87,0.093
EP005000,1,5001,854.32,0.0854
EP005001,1,5002,48657.38,4.8657
EP005002,1,5003,1289.09,0.1289
EP005003,1,5004,8856.99,0.8857
EP005004,1,5005,600.07,0.06
EP005005,1,5006,9177.66,0.9178
EP005006,1,5007,2917.26,0.2917
EP005007,1,5008,2097.97,0.2098
EP005008,1,5009,1336.12,0.1336
EP005009,1,5010,8925.53,0.8926
EP005010,1,5011,247.57,0.0248
EP005011,1,5012,1901.92,0.1902
EP005012,1,5013,163.99,0.0164
EP005013,1,5014,510.55,0.0511
EP005014,1,5015,487.42,0.0487
EP005015,1,5016,35.03,0.0035
EP005016,1,5017,2043.39,0.2043
EP005017,1,5018,1719.25,0.1719
EP005018,1,5019,501.93,0.0502
EP005019,1,5020,1127.57,0.1128
EP005020,1,5021,905.5,0.0906
EP005021,1,5022,181.78,0.0182
EP005022,1,5023,423.01,0.0423
EP005023,1,5024,11.2,0.0011
EP005024,1,5025,791.95,0.0792
EP005025,1,5026,33.36,0.0033
EP005026,1,5027,124.25,0.0124
EP005027,1,5028,509.86,0.051
EP005028,1,5029,124.83,0.0125
EP005029,1,5030,1422.57,0.1423
EP005030,1,5031,289.2,0.0289
EP005031,1,5032,2896.52,0.2897
EP005032,1,5033,1558.72,0.1559
EP005033,1,5034,267.51,0.0268
EP005034,1,5035,1469.01,0.1469
EP005035,1,5036,4754.71,0.4755
EP005036,1,5037,1075.88,0.1076
EP005037,1,5038,492.78,0.0493
EP005038,1,5039,20119.66,2.012
EP005039,1,5040,60.46,0.006
EP005040,1,5041,3341.63,0.3342
EP005041,1,5042,111.47,0.0111
EP005042,1,5043,19732.12,1.9732
EP005043,1,5044,128.79,0.0129
EP005044,1,5045,16746.28,1.6746
EP005045,1,5046,3222.1,0.3222
EP005046,1,5047,10060.55,1.0061
EP005047,1,5048,80558.79,8.0559
EP005048,1,5049,299.64,0.03
EP005049,1,5050,945.64,0.0946
EP005050,1,5051,1033.12,0.1033
EP005051,1,5052,1074.13,0.1074
EP005052,1,5053,519.31,0.0519
EP005053,1,5054,1173.83,0.1174
EP005054,1,5055,949.93,0.095
EP005055,1,5056,4326.35,0.4326
EP005056,1,5057,3772.39,0.3772
EP005057,1,5058,194.45,0.0194
EP005058,1,5059,4828.7,0.4829
EP005059,1,5060,1291.59,0.1292
EP005060,1,5061,6002.27,0.6002
EP005061,1,5062,707.74,0.0708
EP005062,1,5063,679.89,0.068
EP005063,1,5064,441.06,0.0441
EP005064,1,5065,1193.41,0.1193
EP005065,1,5066,1738.79,0.1739
EP005066,1,5067,2516.84,0.2517
EP005067,1,5068,420.25,0.042
EP005068,1,5069,4538.98,0.4539
EP005069,1,5070,15193.39,1.5193
EP005070,1,5071,1573.9,0.1574
EP005071,1,5072,2630.61,0.2631
EP005072,1,5073,2635.21,0.2635
EP005073,1,5074,143.47,0.0143
EP005074,1,5075,14954.84,1.4955
EP005075,1,5076,237.53,0.0238
EP005076,1,5077,546.39,0.0546
EP005077,1,5078,6752.24,0.6752
EP005078,1,5079,4591.64,0.4592
EP005079,1,5080,309.61,0.031
EP005080,1,5081,850.89,0.0851
EP005081,1,5082,536.02,0.0536
EP005082,1,5083,46.04,0.0046
EP005083,1,5084,71.22,0.0071
EP005084,1,5085,1913.26,0.1913
EP005085,1,5086,2070.29,0.207
EP005086,1,5087,158.14,0.0158
EP005087,1,5088,9464.82,0.9465
EP005088,1,5089,2665.77,0.2666
EP005089,1,5090,1368.36,0.1368
EP005090,1,5091,312.45,0.0312
EP005091,1,5092,409.49,0.0409
EP005092,1,5093,1202.51,0.1203
EP005093,1,5094,187.75,0.0188
EP005094,1,5095,7156.81,0.7157
EP005095,1,5096,892.33,0.0892
EP005096,1,5097,259.94,0.026
EP005097,1,5098,9143.48,0.9143
EP005098,1,5099,3219.88,0.322
EP005099,1,5100,643.68,0.0644
EP005100,1,5101,3193.91,0.3194
EP005101,1,5102,24979.27,2.4979
EP005102,1,5103,12393.62,1.2394
EP005103,1,5104,14530.8,1.4531
EP005104,1,5105,739.43,0.0739
EP005105,1,5106,50.73,0.0051
EP005106,1,5107,3893.95,0.3894
EP005107,1,5108,227.95,0.0228
EP005108,1,5109,238.21,0.0238
EP005109,1,5110,49.98,0.005
EP005110,1,5111,1775.65,0.1776
EP005111,1,5112,752.42,0.0752
EP005112,1,5113,8808.91,0.8809
EP005113,1,5114,1244.62,0.1245
EP005114,1,5115,417.9,0.0418
EP005115,1,5116,483.21,0.0483
EP005116,1,5117,241.21,0.0241
EP005117,1,5118,266.31,0.0266
EP005118,1,5119,6135.31,0.6135
EP005119,1,5120,898.51,0.0899
EP005120,1,5121,2157.2,0.2157
EP005121,1,5122,1773.24,0.1773
EP005122,1,5123,413.78,0.0414
EP005123,1,5124,4499.02,0.4499
EP005124,1,5125,1803.77,0.1804
EP005125,1,5126,4794.53,0.4795
EP005126,1,5127,122.65,0.0123
EP005127,1,5128,1571.04,0.1571
EP005128,1,5129,173.86,0.0174
EP005129,1,5130,292.35,0.0292
EP005130,1,5131,776.24,0.0776
EP005131,1,5132,118.81,0.0119
EP005132,1,5133,53.82,0.0054
EP005133,1,5134,470.34,0.047
EP005134,1,5135,1756.99,0.1757
EP005135,1,5136,111.04,0.0111
EP005136,1,5137,259.62,0.026
EP005137,1,5138,293.36,0.0293
EP005138,1,5139,132.29,0.0132
EP005139,1,5140,50.42,0.005
EP005140,1,5141,760.5,0.076
EP005141,1,5142,133.03,0.0133
EP005142,1,5143,517.24,0.0517
EP005143,1,5144,235.18,0.0235
EP005144,1,5145,476.01,0.0476
EP005145,1,5146,331.3,0.0331
EP005146,1,5147,559.72,0.056
EP005147,1,5148,1939.83,0.194
EP005148,1,5149,3653.84,0.3654
EP005149,1,5150,2643.13,0.2643
EP005150,1,5151,422.59,0.0423
EP005151,1,5152,2388.33,0.2388
EP005152,1,5153,80.57,0.0081
EP005153,1,5154,401.16,0.0401
EP005154,1,5155,5948.11,0.5948
EP005155,1,5156,6935.4,0.6935
EP005156,1,5157,2667.59,0.2668
EP005157,1,5158,1075.21,0.1075
EP005158,1,5159,1523.58,0.1524
EP005159,1,5160,2832.66,0.2833
EP005160,1,5161,4085.86,0.4086
EP005161,1,5162,1625.5,0.1625
EP005162,1,5163,4589.53,0.459
EP005163,1,5164,86.52,0.0087
EP005164,1,5165,325.28,0.0325
EP005165,1,5166,74.49,0.0074
EP005166,1,5167,184.43,0.0184
EP005167,1,5168,33.28,0.0033
EP005168,1,5169,571.92,0.0572
EP005169,1,5170,2593.59,0.2594
EP005170,1,5171,322.63,0.0323
EP005171,1,5172,58.09,0.0058
EP005172,1,5173,427.68,0.0428
EP005173,1,5174,553.79,0.0554
EP005174,1,5175,92.53,0.0093
EP005175,1,5176,274.58,0.0275
EP005176,1,5177,273.14,0.0273
EP005177,1,5178,1275.3,0.1275
EP005178,1,5179,5293.36,0.5293
EP005179,1,5180,778.47,0.0778
EP005180,1,5181,21679.0,2.1679
EP005181,1,5182,1342.19,0.1342
EP005182,1,5183,943.58,0.0944
EP005183,1,5184,942.08,0.0942
EP005184,1,5185,164.76,0.0165
EP005185,1,5186,7828.47,0.7828
EP005186,1,5187,37.98,0.0038
EP005187,1,5188,13864.95,1.3865
EP005188,1,5189,15399.8,1.54
EP005189,1,5190,64.51,0.0065
EP005190,1,5191,4407.61,0.4408
EP005191,1,5192,101.31,0.0101
EP005192,1,5193,51.2,0.0051
EP005193,1,5194,11202.52,1.1203
EP005194,1,5195,3024.06,0.3024
EP005195,1,5196,423.09,0.0423
EP005196,1,5197,42.25,0.0042
EP005197,1,5198,6892.52,0.6893
EP005198,1,5199,2552.74,0.2553
EP005199,1,5200,1830.57,0.1831
EP005200,1,5201,8933.51,0.8934
EP005201,1,5202,504.0,0.0504
EP005202,1,5203,817.46,0.0817
EP005203,1,5204,3472.25,0.3472
EP005204,1,5205,56.99,0.0057
EP005205,1,5206,439.95,0.044
EP005206,1,5207,433.55,0.0434
EP005207,1,5208,11723.88,1.1724
EP005208,1,5209,56.1,0.0056
EP005209,1,5210,3845.35,0.3845
EP005210,1,5211,5161.64,0.5162
EP005211,1,5212,314.9,0.0315
EP005212,1,5213,1862.66,0.1863
EP005213,1,5214,66.28,0.0066
EP005214,1,5215,368.55,0.0369
EP005215,1,5216,393.89,0.0394
EP005216,1,5217,3354.32,0.3354
EP005217,1,5218,201.83,0.0202
EP005218,1,5219,7758.29,0.7758
EP005219,1,5220,1824.2,0.1824
EP005220,1,5221,1363.6,0.1364
EP005221,1,5222,167.65,0.0168
EP005222,1,5223,1319.49,0.1319
EP005223,1,5224,1201.06,0.1201
EP005224,1,5225,324.92,0.0325
EP005225,1,5226,218.06,0.0218
EP005226,1,5227,808.07,0.0808
EP005227,1,5228,415.47,0.0415
EP005228,1,5229,381.99,0.0382
EP005229,1,5230,39.47,0.0039
EP005230,1,5231,344.93,0.0345
EP005231,1,5232,346.92,0.0347
EP005232,1,5233,298.86,0.0299
EP005233,1,5234,365.33,0.0365
EP005234,1,5235,30271.64,3.0272
EP005235,1,5236,512.65,0.0513
EP005236,1,5237,537.79,0.0538
EP005237,1,5238,362.51,0.0363
EP005238,1,5239,524.82,0.0525
EP005239,1,5240,420.87,0.0421
EP005240,1,5241,378.32,0.0378
EP005241,1,5242,6976.44,0.6976
EP005242,1,5243,443.69,0.0444
EP005243,1,5244,420.48,0.042
EP005244,1,5245,367.57,0.0368
EP005245,1,5246,330.79,0.0331
EP005246,1,5247,890.12,0.089
EP005247,1,5248,6282.55,0.6283
EP005248,1,5249,744.95,0.0745
EP005249,1,5250,311.66,0.0312
EP005250,1,5251,308.12,0.0308
EP005251,1,5252,311.46,0.0311
EP005252,1,5253,1834.79,0.1835
EP005253,1,5254,3076.81,0.3077
EP005254,1,5255,253.17,0.0253
EP005255,1,5256,603.18,0.0603
EP005256,1,5257,12335.68,1.2336
EP005257,1,5258,51.46,0.0051
EP005258,1,5259,2816.2,0.2816
EP005259,1,5260,435.58,0.0436
EP005260,1,5261,50.28,0.005
EP005261,1,5262,1393.31,0.1393
EP005262,1,5263,24355.76,2.4356
EP005263,1,5264,107.67,0.0108
EP005264,1,5265,55.41,0.0055
EP005265,1,5266,126.55,0.0127
EP005266,1,5267,28.58,0.0029
EP005267,1,5268,2920.37,0.292
EP005268,1,5269,1537.43,0.1537
EP005269,1,5270,727.4,0.0727
EP005270,1,5271,39.84,0.004
EP005271,1,5272,163.78,0.0164
EP005272,1,5273,65.28,0.0065
EP005273,1,5274,370.04,0.037
EP005274,1,5275,797.23,0.0797
EP005275,1,5276,1028.61,0.1029
EP005276,1,5277,753.47,0.0753
EP005277,1,5278,1005.03,0.1005
EP005278,1,5279,4124.55,0.4125
EP005279,1,5280,596.37,0.0596
EP005280,1,5281,85.82,0.0086
EP005281,1,5282,71.74,0.0072
EP005282,1,5283,30170.46,3.017
EP005283,1,5284,467.67,0.0468
EP005284,1,5285,470.07,0.047
EP005285,1,5286,9503.51,0.9504
EP005286,1,5287,1417.71,0.1418
EP005287,1,5288,361.9,0.0362
EP005288,1,5289,302.36,0.0302
EP005289,1,5290,132.36,0.0132
EP005290,1,5291,75751.4,7.5751
EP005291,1,5292,4409.41,0.4409
EP005292,1,5293,322.86,0.0323
EP005293,1,5294,1021.88,0.1022
EP005294,1,5295,417.95,0.0418
EP005295,1,5296,259.63,0.026
EP005296,1,5297,443.21,0.0443
EP005297,1,5298,479.03,0.0479
EP005298,1,5299,230.35,0.023
EP005299,1,5300,883.9,0.0884
EP005300,1,5301,206.62,0.0207
EP005301,1,5302,3585.17,0.3585
EP005302,1,5303,247.27,0.0247
EP005303,1,5304,188.85,0.0189
EP005304,1,5305,0.58,0.0001
EP005305,1,5306,73.95,0.0074
EP005306,1,5307,285.04,0.0285
EP005307,1,5308,106.87,0.0107
EP005308,1,5309,431.14,0.0431
EP005309,1,5310,3.22,0.0003
EP005310,1,5311,295.71,0.0296
EP005311,1,5312,198.78,0.0199
EP005312,1,5313,24757.89,2.4758
EP005313,1,5314,116.57,0.0117
EP005314,1,5315,271.35,0.0271
EP005315,1,5316,3306.53,0.3307
EP005316,1,5317,5266.14,0.5266
EP005317,1,5318,496.98,0.0497
EP005318,1,5319,169.02,0.0169
EP005319,1,5320,233.1,0.0233
EP005320,1,5321,8198.61,0.8199
EP005321,1,5322,12742.05,1.2742
EP005322,1,5323,1753.85,0.1754
EP005323,1,5324,344.36,0.0344
EP005324,1,5325,52303.39,5.2303
EP005325,1,5326,86.09,0.0086
EP005326,1,5327,849.99,0.085
EP005327,1,5328,834.33,0.0834
EP005328,1,5329,664.56,0.0665
EP005329,1,5330,549.67,0.055
EP005330,1,5331,393.97,0.0394
EP005331,1,5332,1309.72,0.131
EP005332,1,5333,2.33,0.0002
EP005333,1,5334,905.34,0.0905
EP005334,1,5335,417.69,0.0418
EP005335,1,5336,211.99,0.0212
EP005336,1,5337,5447.38,0.5447
EP005337,1,5338,1329.01,0.1329
EP005338,1,5339,106468.83,10.6469
EP005339,1,5340,379.75,0.038
EP005340,1,5341,289.28,0.0289
EP005341,1,5342,421.6,0.0422
EP005342,1,5343,222.25,0.0222
EP005343,1,5344,536.7,0.0537
EP005344,1,5345,280.74,0.0281
EP005345,1,5346,353.71,0.0354
EP005346,1,5347,534.3,0.0534
EP005347,1,5348,231.14,0.0231
EP005348,1,5349,98.98,0.0099
EP005349,1,5350,58.15,0.0058
EP005350,1,5351,6716.8,0.6717
EP005351,1,5352,876.93,0.0877
EP005352,1,5353,97.36,0.0097
EP005353,1,5354,1020.17,0.102
EP005354,1,5355,2470.33,0.247
EP005355,1,5356,796.43,0.0796
EP005356,1,5357,23213.53,2.3214
EP005357,1,5358,175.43,0.0175
EP005358,1,5359,4954.13,0.4954
EP005359,1,5360,1040.39,0.104
EP005360,1,5361,212.79,0.0213
EP005361,1,5362,310.01,0.031
EP005362,1,5363,694.39,0.0694
EP005363,1,5364,828.48,0.0828
EP005364,1,5365,532.83,0.0533
EP005365,1,5366,2362.84,0.2363
EP005366,1,5367,78.74,0.0079
EP005367,1,5368,256.46,0.0256
EP005368,1,5369,2409.06,0.2409
EP005369,1,5370,897.18,0.0897
EP005370,1,5371,385.44,0.0385
EP005371,1,5372,1324.04,0.1324
EP005372,1,5373,292.62,0.0293
EP005373,1,5374,2414.9,0.2415
EP005374,1,5375,216.06,0.0216
EP005375,1,5376,400.8,0.0401
EP005376,1,5377,302.63,0.0303
EP005377,1,5378,1835.3,0.1835
EP005378,1,5379,3488.41,0.3488
EP005379,1,5380,465.45,0.0465
EP005380,1,5381,187.85,0.0188
EP005381,1,5382,162.79,0.0163
EP005382,1,5383,248.4,0.0248
EP005383,1,5384,1009.43,0.1009
EP005384,1,5385,7897.24,0.7897
EP005385,1,5386,2216.0,0.2216
EP005386,1,5387,192.38,0.0192
EP005387,1,5388,362.74,0.0363
EP005388,1,5389,376.76,0.0377
EP005389,1,5390,352.09,0.0352
EP005390,1,5391,486.51,0.0487
EP005391,1,5392,1106.39,0.1106
EP005392,1,5393,1679.99,0.168
EP005393,1,5394,437.58,0.0438
EP005394,1,5395,126.94,0.0127
EP005395,1,5396,175.62,0.0176
EP005396,1,5397,6408.81,0.6409
EP005397,1,5398,697.66,0.0698
EP005398,1,5399,434.1,0.0434
EP005399,1,5400,130.25,0.013
EP005400,1,5401,66.13,0.0066
EP005401,1,5402,2834.11,0.2834
EP005402,1,5403,803.63,0.0804
EP005403,1,5404,694.73,0.0695
EP005404,1,5405,20856.68,2.0857
EP005405,1,5406,695.75,0.0696
EP005406,1,5407,156.05,0.0156
EP005407,1,5408,629.82,0.063
EP005408,1,5409,58.61,0.0059
EP005409,1,5410,707.86,0.0708
EP005410,1,5411,21630.48,2.163
EP005411,1,5412,28745.92,2.8746
EP005412,1,5413,258.45,0.0258
EP005413,1,5414,200.37,0.02
EP005414,1,5415,552.67,0.0553
EP005415,1,5416,1659.17,0.1659
EP005416,1,5417,452.8,0.0453
EP005417,1,5418,7866.57,0.7867
EP005418,1,5419,167.11,0.0167
EP005419,1,5420,2208.68,0.2209
EP005420,1,5421,272.05,0.0272
EP005421,1,5422,1428.71,0.1429
EP005422,1,5423,7389.17,0.7389
EP005423,1,5424,914.62,0.0915
EP005424,1,5425,235.83,0.0236
EP005425,1,5426,444.69,0.0445
EP005426,1,5427,596.69,0.0597
EP005427,1,5428,21882.15,2.1882
EP005428,1,5429,2483.13,0.2483
EP005429,1,5430,114.76,0.0115
EP005430,1,5431,566.9,0.0567
EP005431,1,5432,8415.27,0.8415
EP005432,1,5433,754.55,0.0755
EP005433,1,5434,477.72,0.0478
EP005434,1,5435,293.69,0.0294
EP005435,1,5436,350.81,0.0351
EP005436,1,5437,580.61,0.0581
EP005437,1,5438,192.69,0.0193
EP005438,1,5439,1002.74,0.1003
EP005439,1,5440,321.19,0.0321
EP005440,1,5441,20916.26,2.0916
EP005441,1,5442,3083.19,0.3083
EP005442,1,5443,522.54,0.0523
EP005443,1,5444,485.61,0.0486
EP005444,1,5445,217.72,0.0218
EP005445,1,5446,1748.91,0.1749
EP005446,1,5447,4019.9,0.402
EP005447,1,5448,565.77,0.0566
EP005448,1,5449,23458.67,2.3459
EP005449,1,5450,213.71,0.0214
EP005450,1,5451,117.42,0.0117
EP005451,1,5452,295.45,0.0295
EP005452,1,5453,23315.59,2.3316
EP005453,1,5454,96.34,0.0096
EP005454,1,5455,2846.99,0.2847
EP005455,1,5456,419.68,0.042
EP005456,1,5457,1893.14,0.1893
EP005457,1,5458,66.94,0.0067
EP005458,1,5459,245.62,0.0246
EP005459,1,5460,434.95,0.0435
EP005460,1,5461,14586.42,1.4586
EP005461,1,5462,5836.65,0.5837
EP005462,1,5463,657.85,0.0658
EP005463,1,5464,2917.01,0.2917
EP005464,1,5465,535.25,0.0535
EP005465,1,5466,2312.28,0.2312
EP005466,1,5467,1845.98,0.1846
EP005467,1,5468,241.39,0.0241
EP005468,1,5469,455.69,0.0456
EP005469,1,5470,706.17,0.0706
EP005470,1,5471,17983.3,1.7983
EP005471,1,5472,149.08,0.0149
EP005472,1,5473,78.27,0.0078
EP005473,1,5474,2315.75,0.2316
EP005474,1,5475,353.92,0.0354
EP005475,1,5476,11270.93,1.1271
EP005476,1,5477,4282.75,0.4283
EP005477,1,5478,2477.49,0.2477
EP005478,1,5479,451.05,0.0451
EP005479,1,5480,3018.91,0.3019
EP005480,1,5481,483.03,0.0483
EP005481,1,5482,112.11,0.0112
EP005482,1,5483,416.26,0.0416
EP005483,1,5484,352.56,0.0353
EP005484,1,5485,816.08,0.0816
EP005485,1,5486,409.24,0.0409
EP005486,1,5487,72183.99,7.2184
EP005487,1,5488,324.73,0.0325
EP005488,1,5489,6609.54,0.661
EP005489,1,5490,950.69,0.0951
EP005490,1,5491,79.04,0.0079
EP005491,1,5492,1647.93,0.1648
EP005492,1,5493,307.49,0.0307
EP005493,1,5494,253.84,0.0254
EP005494,1,5495,83.91,0.0084
EP005495,1,5496,7787.2,0.7787
EP005496,1,5497,225.47,0.0225
EP005497,1,5498,294.33,0.0294
EP005498,1,5499,205.15,0.0205
EP005499,1,5500,622.62,0.0623
EP005500,1,5501,1415.71,0.1416
EP005501,1,5502,13835.28,1.3835
EP005502,1,5503,3884.05,0.3884
EP005503,1,5504,5747.26,0.5747
EP005504,1,5505,4505.4,0.4505
EP005505,1,5506,2446.71,0.2447
EP005506,1,5507,787.01,0.0787
EP005507,1,5508,849.13,0.0849
EP005508,1,5509,42482.81,4.2483
EP005509,1,5510,2858.2,0.2858
EP005510,1,5511,528.97,0.0529
EP005511,1,5512,1620.55,0.1621
EP005512,1,5513,1131.24,0.1131
EP005513,1,5514,1315.47,0.1315
EP005514,1,5515,927.54,0.0928
EP005515,1,5516,1510357.41,151.0357
EP005516,1,5517,2334.29,0.2334
EP005517,1,5518,9785.23,0.9785
EP005518,1,5519,1093.63,0.1094
EP005519,1,5520,3837.94,0.3838
EP005520,1,5521,180.45,0.018
EP005521,1,5522,2471.91,0.2472
EP005522,1,5523,1614.5,0.1614
EP005523,1,5524,55.89,0.0056
EP005524,1,5525,8654.28,0.8654
EP005525,1,5526,5132.02,0.5132
EP005526,1,5527,308.41,0.0308
EP005527,1,5528,1214.05,0.1214
EP005528,1,5529,102.0,0.0102
EP005529,1,5530,141.88,0.0142
EP005530,1,5531,650.14,0.065
EP005531,1,5532,89.42,0.0089
EP005532,1,5533,807.91,0.0808
EP005533,1,5534,879.22,0.0879
EP005534,1,5535,2269.53,0.227
EP005535,1,5536,57032.44,5.7032
EP005536,1,5537,1739.82,0.174
EP005537,1,5538,62.93,0.0063
EP005538,1,5539,140.61,0.0141
EP005539,1,5540,110.14,0.011
EP005540,1,5541,11522.88,1.1523
EP005541,1,5542,1971.26,0.1971
EP005542,1,5543,4728.49,0.4728
EP005543,1,5544,976.32,0.0976
EP005544,1,5545,1412.04,0.1412
EP005545,1,5546,177.82,0.0178
EP005546,1,5547,1370.6,0.1371
EP005547,1,5548,12097.66,1.2098
EP005548,1,5549,1085.19,0.1085
EP005549,1,5550,15316.75,1.5317
EP005550,1,5551,123.45,0.0123
EP005551,1,5552,2070.13,0.207
EP005552,1,5553,131.98,0.0132
EP005553,1,5554,703.24,0.0703
EP005554,1,5555,701.76,0.0702
EP005555,1,5556,4250.8,0.4251
EP005556,1,5557,28440.21,2.844
EP005557,1,5558,1719.31,0.1719
EP005558,1,5559,175.2,0.0175
EP005559,1,5560,616.47,0.0616
EP005560,1,5561,17291.42,1.7291
EP005561,1,5562,523.31,0.0523
EP005562,1,5563,1296.51,0.1297
EP005563,1,5564,3079.22,0.3079
EP005564,1,5565,138.92,0.0139
EP005565,1,5566,14400.99,1.4401
EP005566,1,5567,30053.3,3.0053
EP005567,1,5568,449.04,0.0449
EP005568,1,5569,77.14,0.0077
EP005569,1,5570,2285.14,0.2285
EP005570,1,5571,12.29,0.0012
EP005571,1,5572,2274.81,0.2275
EP005572,1,5573,2206.25,0.2206
EP005573,1,5574,646.75,0.0647
EP005574,1,5575,95.9,0.0096
EP005575,1,5576,23.56,0.0024
EP005576,1,5577,3782.74,0.3783
EP005577,1,5578,1375.16,0.1375
EP005578,1,5579,27.31,0.0027
EP005579,1,5580,422.33,0.0422
EP005580,1,5581,2219.31,0.2219
EP005581,1,5582,11358.3,1.1358
EP005582,1,5583,1281.96,0.1282
EP005583,1,5584,1616.92,0.1617
EP005584,1,5585,1832.49,0.1832
EP005585,1,5586,1632.38,0.1632
EP005586,1,5587,6795.63,0.6796
EP005587,1,5588,17592.52,1.7593
EP005588,1,5589,270.56,0.0271
EP005589,1,5590,1968.15,0.1968
EP005590,1,5591,61602.62,6.1603
EP005591,1,5592,890.68,0.0891
EP005592,1,5593,231.99,0.0232
EP005593,1,5594,652.13,0.0652
EP005594,1,5595,1608.63,0.1609
EP005595,1,5596,901.54,0.0902
EP005596,1,5597,1012.56,0.1013
EP005597,1,5598,14457.38,1.4457
EP005598,1,5599,1506.09,0.1506
EP005599,1,5600,378.8,0.0379
EP005600,1,5601,128698.98,12.8699
EP005601,1,5602,130177.31,13.0177
EP005602,1,5603,95032.49,9.5032
EP005603,1,5604,49.42,0.0049
EP005604,1,5605,35.85,0.0036
EP005605,1,5606,2130.39,0.213
EP005606,1,5607,2638.99,0.2639
EP005607,1,5608,11179.46,1.1179
EP005608,1,5609,997.88,0.0998
EP005609,1,5610,58.22,0.0058
EP005610,1,5611,146.65,0.0147
EP005611,1,5612,104002.51,10.4003
EP005612,1,5613,2637.06,0.2637
EP005613,1,5614,8250.06,0.825
EP005614,1,5615,961.08,0.0961
EP005615,1,5616,2529.11,0.2529
EP005616,1,5617,27.53,0.0028
EP005617,1,5618,307.93,0.0308
EP005618,1,5619,424.42,0.0424
EP005619,1,5620,110324.62,11.0325
EP005620,1,5621,7897.24,0.7897
EP005621,1,5622,25.5,0.0026
EP005622,1,5623,2948.72,0.2949
EP005623,1,5624,2499.17,0.2499
EP005624,1,5625,51.4,0.0051
EP005625,1,5626,38.66,0.0039
EP005626,1,5627,1065.0,0.1065
EP005627,1,5628,181.73,0.0182
EP005628,1,5629,128.5,0.0129
EP005629,1,5630,158.22,0.0158
EP005630,1,5631,251.34,0.0251
EP005631,1,5632,75.56,0.0076
EP005632,1,5633,2642.9,0.2643
EP005633,1,5634,769.55,0.077
EP005634,1,5635,2139.65,0.214
EP005635,1,5636,669.41,0.0669
EP005636,1,5637,3575.01,0.3575
EP005637,1,5638,541.9,0.0542
EP005638,1,5639,6087.16,0.6087
EP005639,1,5640,235.73,0.0236
EP005640,1,5641,250.73,0.0251
EP005641,1,5642,335.79,0.0336
EP005642,1,5643,618.15,0.0618
EP005643,1,5644,622.07,0.0622
EP005644,1,5645,244.94,0.0245
EP005645,1,5646,1288.05,0.1288
EP005646,1,5647,963.66,0.0964
EP005647,1,5648,1578.72,0.1579
EP005648,1,5649,2759.4,0.2759
EP005649,1,5650,654.87,0.0655
EP005650,1,5651,278.26,0.0278
EP005651,1,5652,1094.17,0.1094
EP005652,1,5653,23647.9,2.3648
EP005653,1,5654,692.9,0.0693
EP005654,1,5655,509.44,0.0509
EP005655,1,5656,2589.48,0.2589
EP005656,1,5657,590.44,0.059
EP005657,1,5658,2200.91,0.2201
EP005658,1,5659,1927.59,0.1928
EP005659,1,5660,4757.95,0.4758
EP005660,1,5661,681.72,0.0682
EP005661,1,5662,3448.12,0.3448
EP005662,1,5663,9964.23,0.9964
EP005663,1,5664,1793.07,0.1793
EP005664,1,5665,21035.85,2.1036
EP005665,1,5666,7657.32,0.7657
EP005666,1,5667,38930.79,3.8931
EP005667,1,5668,185.54,0.0186
EP005668,1,5669,899.22,0.0899
EP005669,1,5670,2113.39,0.2113
EP005670,1,5671,18103.11,1.8103
EP005671,1,5672,371.9,0.0372
EP005672,1,5673,1870.6,0.1871
EP005673,1,5674,4175.43,0.4175
EP005674,1,5675,359.56,0.036
EP005675,1,5676,1074.45,0.1074
EP005676,1,5677,1916.0,0.1916
EP005677,1,5678,1174.08,0.1174
EP005678,1,5679,4008.29,0.4008
EP005679,1,5680,250.58,0.0251
EP005680,1,5681,577.37,0.0577
EP005681,1,5682,1504.34,0.1504
EP005682,1,5683,51997.16,5.1997
EP005683,1,5684,4672.81,0.4673
EP005684,1,5685,420.15,0.042
EP005685,1,5686,1326.18,0.1326
EP005686,1,5687,167.95,0.0168
EP005687,1,5688,12994.39,1.2994
EP005688,1,5689,198.98,0.0199
EP005689,1,5690,20765.15,2.0765
EP005690,1,5691,3070.32,0.307
EP005691,1,5692,43580.23,4.358
EP005692,1,5693,612.08,0.0612
EP005693,1,5694,100.64,0.0101
EP005694,1,5695,497.3,0.0497
EP005695,1,5696,637.0,0.0637
EP005696,1,5697,18371.43,1.8371
EP005697,1,5698,516.96,0.0517
EP005698,1,5699,655.16,0.0655
EP005699,1,5700,396.57,0.0397
EP005700,1,5701,1512.48,0.1512
EP005701,1,5702,847.79,0.0848
EP005702,1,5703,815.15,0.0815
EP005703,1,5704,730.12,0.073
EP005704,1,5705,765.0,0.0765
EP005705,1,5706,775.66,0.0776
EP005706,1,5707,1394.02,0.1394
EP005707,1,5708,59248.84,5.9249
EP005708,1,5709,739.62,0.074
EP005709,1,5710,194.62,0.0195
EP005710,1,5711,867.8,0.0868
EP005711,1,5712,7196.5,0.7196
EP005712,1,5713,2267.39,0.2267
EP005713,1,5714,1314.81,0.1315
EP005714,1,5715,24148.13,2.4148
EP005715,1,5716,7170.78,0.7171
EP005716,1,5717,676.68,0.0677
EP005717,1,5718,11063.03,1.1063
EP005718,1,5719,1855.12,0.1855
EP005719,1,5720,7266.29,0.7266
EP005720,1,5721,9927.04,0.9927
EP005721,1,5722,474.49,0.0474
EP005722,1,5723,246.55,0.0247
EP005723,1,5724,48043.17,4.8043
EP005724,1,5725,4901.24,0.4901
EP005725,1,5726,892.01,0.0892
EP005726,1,5727,279.18,0.0279
EP005727,1,5728,819.03,0.0819
EP005728,1,5729,1736.62,0.1737
EP005729,1,5730,665.23,0.0665
EP005730,1,5731,411.27,0.0411
EP005731,1,5732,608.28,0.0608
EP005732,1,5733,785.93,0.0786
EP005733,1,5734,385.47,0.0385
EP005734,1,5735,2486.01,0.2486
EP005735,1,5736,1036.93,0.1037
EP005736,1,5737,391.0,0.0391
EP005737,1,5738,3.06,0.0003
EP005738,1,5739,1127.02,0.1127
EP005739,1,5740,60.55,0.0061
EP005740,1,5741,9035.98,0.9036
EP005741,1,5742,1792.59,0.1793
EP005742,1,5743,699.77,0.07
EP005743,1,5744,752.3,0.0752
EP005744,1,5745,3459.89,0.346
EP005745,1,5746,3685.06,0.3685
EP005746,1,5747,295.65,0.0296
EP005747,1,5748,3459.1,0.3459
EP005748,1,5749,404.81,0.0405
EP005749,1,5750,498.57,0.0499
EP005750,1,5751,33670.38,3.367
EP005751,1,5752,691.4,0.0691
EP005752,1,5753,670.54,0.0671
EP005753,1,5754,1019.17,0.1019
EP005754,1,5755,55.34,0.0055
EP005755,1,5756,34057.47,3.4057
EP005756,1,5757,1975.97,0.1976
EP005757,1,5758,808.09,0.0808
EP005758,1,5759,1063.71,0.1064
EP005759,1,5760,1561.36,0.1561
EP005760,1,5761,899.52,0.09
EP005761,1,5762,478.6,0.0479
EP005762,1,5763,738.01,0.0738
EP005763,1,5764,1255.01,0.1255
EP005764,1,5765,329.73,0.033
EP005765,1,5766,2524.47,0.2524
EP005766,1,5767,4487.43,0.4487
EP005767,1,5768,42945.09,4.2945
EP005768,1,5769,4956.03,0.4956
EP005769,1,5770,12827.69,1.2828
EP005770,1,5771,1234.42,0.1234
EP005771,1,5772,151.33,0.0151
EP005772,1,5773,290.34,0.029
EP005773,1,5774,1495.5,0.1495
EP005774,1,5775,373.45,0.0373
EP005775,1,5776,980.29,0.098
EP005776,1,5777,306.04,0.0306
EP005777,1,5778,559.35,0.0559
EP005778,1,5779,2365.12,0.2365
EP005779,1,5780,70.66,0.0071
EP005780,1,5781,3877.86,0.3878
EP005781,1,5782,30234.78,3.0235
EP005782,1,5783,1557.51,0.1558
EP005783,1,5784,156.76,0.0157
EP005784,1,5785,1564.67,0.1565
EP005785,1,5786,1852.64,0.1853
EP005786,1,5787,1433.99,0.1434
EP005787,1,5788,1632.1,0.1632
EP005788,1,5789,1038.98,0.1039
EP005789,1,5790,1348.49,0.1348
EP005790,1,5791,2147.45,0.2147
EP005791,1,5792,281.19,0.0281
EP005792,1,5793,2638.99,0.2639
EP005793,1,5794,657.12,0.0657
EP005794,1,5795,1278.16,0.1278
EP005795,1,5796,14286.47,1.4286
EP005796,1,5797,306.63,0.0307
EP005797,1,5798,57152.79,5.7153
EP005798,1,5799,106.75,0.0107
EP005799,1,5800,1839.55,0.184
EP005800,1,5801,43889.22,4.3889
EP005801,1,5802,303.45,0.0303
EP005802,1,5803,1216.24,0.1216
EP005803,1,5804,1061.16,0.1061
EP005804,1,5805,1757.82,0.1758
EP005805,1,5806,101.62,0.0102
EP005806,1,5807,991.29,0.0991
EP005807,1,5808,365.7,0.0366
EP005808,1,5809,254.87,0.0255
EP005809,1,5810,21626.39,2.1626
EP005810,1,5811,1042.45,0.1042
EP005811,1,5812,1870.54,0.1871
EP005812,1,5813,1215.79,0.1216
EP005813,1,5814,1971.6,0.1972
EP005814,1,5815,7834.0,0.7834
EP005815,1,5816,127.48,0.0127
EP005816,1,5817,39.7,0.004
EP005817,1,5818,1045.01,0.1045
EP005818,1,5819,553.28,0.0553
EP005819,1,5820,143.86,0.0144
EP005820,1,5821,1870.88,0.1871
EP005821,1,5822,16548.47,1.6548
EP005822,1,5823,1084.92,0.1085
EP005823,1,5824,4367.66,0.4368
EP005824,1,5825,1847.55,0.1848
EP005825,1,5826,401.96,0.0402
EP005826,1,5827,1430.55,0.1431
EP005827,1,5828,83.93,0.0084
EP005828,1,5829,914.92,0.0915
EP005829,1,5830,2284.23,0.2284
EP005830,1,5831,1867.3,0.1867
EP005831,1,5832,1724.73,0.1725
EP005832,1,5833,1964.86,0.1965
EP005833,1,5834,25503.27,2.5503
EP005834,1,5835,60556.98,6.0557
EP005835,1,5836,926.81,0.0927
EP005836,1,5837,1102.11,0.1102
EP005837,1,5838,2846.77,0.2847
EP005838,1,5839,139.42,0.0139
EP005839,1,5840,16.72,0.0017
EP005840,1,5841,1924.22,0.1924
EP005841,1,5842,5557.57,0.5558
EP005842,1,5843,726.33,0.0726
EP005843,1,5844,3580.39,0.358
EP005844,1,5845,1351.49,0.1351
EP005845,1,5846,313.15,0.0313
EP005846,1,5847,5059.45,0.5059
EP005847,1,5848,7687.66,0.7688
EP005848,1,5849,2193091.53,219.3092
EP005849,1,5850,22165.84,2.2166
EP005850,1,5851,627.63,0.0628
EP005851,1,5852,1237.44,0.1237
EP005852,1,5853,507.01,0.0507
EP005853,1,5854,66461.66,6.6462
EP005854,1,5855,120.93,0.0121
EP005855,1,5856,267.39,0.0267
EP005856,1,5857,524.15,0.0524
EP005857,1,5858,2578.23,0.2578
EP005858,1,5859,4341.49,0.4341
EP005859,1,5860,371.49,0.0371
EP005860,1,5861,2108.27,0.2108
EP005861,1,5862,726.6,0.0727
EP005862,1,5863,533.22,0.0533
EP005863,1,5864,930.61,0.0931
EP005864,1,5865,638.49,0.0638
EP005865,1,5866,2121.86,0.2122
EP005866,1,5867,274.81,0.0275
EP005867,1,5868,1665.9,0.1666
EP005868,1,5869,465.17,0.0465
EP005869,1,5870,1202.42,0.1202
EP005870,1,5871,96.96,0.0097
EP005871,1,5872,231.07,0.0231
EP005872,1,5873,1052.98,0.1053
EP005873,1,5874,536.2,0.0536
EP005874,1,5875,417.59,0.0418
EP005875,1,5876,551.95,0.0552
EP005876,1,5877,1377.71,0.1378
EP005877,1,5878,499.31,0.0499
EP005878,1,5879,510.94,0.0511
EP005879,1,5880,728.1,0.0728
EP005880,1,5881,4277.96,0.4278
EP005881,1,5882,2674.76,0.2675
EP005882,1,5883,1094.26,0.1094
EP005883,1,5884,566192.67,56.6193
EP005884,1,5885,289.68,0.029
EP005885,1,5886,3106.05,0.3106
EP005886,1,5887,9280.55,0.9281
EP005887,1,5888,4453.01,0.4453
EP005888,1,5889,3724.17,0.3724
EP005889,1,5890,929.34,0.0929
EP005890,1,5891,893.28,0.0893
EP005891,1,5892,519.98,0.052
EP005892,1,5893,461.44,0.0461
EP005893,1,5894,536.47,0.0536
EP005894,1,5895,371.48,0.0371
EP005895,1,5896,2824.58,0.2825
EP005896,1,5897,464.65,0.0465
EP005897,1,5898,3133.95,0.3134
EP005898,1,5899,572.69,0.0573
EP005899,1,5900,2117.54,0.2118
EP005900,1,5901,190.2,0.019
EP005901,1,5902,165.48,0.0165
EP005902,1,5903,367.29,0.0367
EP005903,1,5904,7830.79,0.7831
EP005904,1,5905,3144.3,0.3144
EP005905,1,5906,20.15,0.002
EP005906,1,5907,437.58,0.0438
EP005907,1,5908,496.31,0.0496
EP005908,1,5909,332.28,0.0332
EP005909,1,5910,3628.95,0.3629
EP005910,1,5911,398.29,0.0398
EP005911,1,5912,804.59,0.0805
EP005912,1,5913,657.67,0.0658
EP005913,1,5914,558.45,0.0558
EP005914,1,5915,568.21,0.0568
EP005915,1,5916,3740.53,0.3741
EP005916,1,5917,16384.0,1.6384
EP005917,1,5918,17420.14,1.742
EP005918,1,5919,165.56,0.0166
EP005919,1,5920,1178.99,0.1179
EP005920,1,5921,1585.56,0.1586
EP005921,1,5922,3561.13,0.3561
EP005922,1,5923,7447.4,0.7447
EP005923,1,5924,776.56,0.0777
EP005924,1,5925,139.26,0.0139
EP005925,1,5926,157.39,0.0157
EP005926,1,5927,810.3,0.081
EP005927,1,5928,230.49,0.023
EP005928,1,5929,51.43,0.0051
EP005929,1,5930,815.81,0.0816
EP005930,1,5931,48.59,0.0049
EP005931,1,5932,200.68,0.0201
EP005932,1,5933,1046.02,0.1046
EP005933,1,5934,482.48,0.0482
EP005934,1,5935,765.44,0.0765
EP005935,1,5936,265.64,0.0266
EP005936,1,5937,766.98,0.0767
EP005937,1,5938,1605.22,0.1605
EP005938,1,5939,7940.85,0.7941
EP005939,1,5940,11944.56,1.1945
EP005940,1,5941,662.66,0.0663
EP005941,1,5942,9286.46,0.9286
EP005942,1,5943,215.53,0.0216
EP005943,1,5944,13787.69,1.3788
EP005944,1,5945,111350.68,11.1351
EP005945,1,5946,641.62,0.0642
EP005946,1,5947,663.03,0.0663
EP005947,1,5948,799.96,0.08
EP005948,1,5949,207.95,0.0208
EP005949,1,5950,1710.63,0.1711
EP005950,1,5951,6629.38,0.6629
EP005951,1,5952,709.61,0.071
EP005952,1,5953,908616.42,90.8616
EP005953,1,5954,66360.0,6.636
EP005954,1,5955,4622.98,0.4623
EP005955,1,5956,941.35,0.0941
EP005956,1,5957,755.2,0.0755
EP005957,1,5958,2355.26,0.2355
EP005958,1,5959,505.24,0.0505
EP005959,1,5960,288.49,0.0288
EP005960,1,5961,160.81,0.0161
EP005961,1,5962,11700.48,1.17
EP005962,1,5963,306.55,0.0307
EP005963,1,5964,286.65,0.0287
EP005964,1,5965,301.7,0.0302
EP005965,1,5966,424.25,0.0424
EP005966,1,5967,2396.36,0.2396
EP005967,1,5968,1038.81,0.1039
EP005968,1,5969,69.51,0.007
EP005969,1,5970,73.15,0.0073
EP005970,1,5971,1435.11,0.1435
EP005971,1,5972,4521.06,0.4521
EP005972,1,5973,512.07,0.0512
EP005973,1,5974,101.12,0.0101
EP005974,1,5975,956.3,0.0956
EP005975,1,5976,7440.48,0.744
EP005976,1,5977,594.46,0.0594
EP005977,1,5978,144.22,0.0144
EP005978,1,5979,2210.22,0.221
EP005979,1,5980,171.93,0.0172
EP005980,1,5981,516.33,0.0516
EP005981,1,5982,145.58,0.0146
EP005982,1,5983,630.14,0.063
EP005983,1,5984,1376.36,0.1376
EP005984,1,5985,307.25,0.0307
EP005985,1,5986,1267.43,0.1267
EP005986,1,5987,159.03,0.0159
EP005987,1,5988,100.11,0.01
EP005988,1,5989,111.07,0.0111
EP005989,1,5990,2812.62,0.2813
EP005990,1,5991,1396.73,0.1397
EP005991,1,5992,23762.66,2.3763
EP005992,1,5993,1928.15,0.1928
EP005993,1,5994,114.87,0.0115
EP005994,1,5995,219.82,0.022
EP005995,1,5996,2343.43,0.2343
EP005996,1,5997,636.32,0.0636
EP005997,1,5998,2086.34,0.2086
EP005998,1,5999,451.74,0.0452
EP005999,1,6000,4623.07,0.4623
EP006000,1,6001,484.56,0.0485
EP006001,1,6002,111.89,0.0112
EP006002,1,6003,35198.01,3.5198
EP006003,1,6004,1092.22,0.1092
EP006004,1,6005,143.99,0.0144
EP006005,1,6006,35361.23,3.5361
EP006006,1,6007,515.14,0.0515
EP006007,1,6008,1565.75,0.1566
EP006008,1,6009,1707.85,0.1708
EP006009,1,6010,4974.67,0.4975
EP006010,1,6011,4732.11,0.4732
EP006011,1,6012,2171.77,0.2172
EP006012,1,6013,33317.99,3.3318
EP006013,1,6014,1150.46,0.115
EP006014,1,6015,98.89,0.0099
EP006015,1,6016,54.25,0.0054
EP006016,1,6017,5334.73,0.5335
EP006017,1,6018,593.37,0.0593
EP006018,1,6019,1378.96,0.1379
EP006019,1,6020,256.36,0.0256
EP006020,1,6021,49.88,0.005
EP006021,1,6022,2100.59,0.2101
EP006022,1,6023,1827.41,0.1827
EP006023,1,6024,114.91,0.0115
EP006024,1,6025,732.8,0.0733
EP006025,1,6026,1954.31,0.1954
EP006026,1,6027,224.26,0.0224
EP006027,1,6028,516.3,0.0516
EP006028,1,6029,2576.85,0.2577
EP006029,1,6030,1806.49,0.1806
EP006030,1,6031,3880.25,0.388
EP006031,1,6032,1007.76,0.1008
EP006032,1,6033,12026.51,1.2027
EP006033,1,6034,2525.67,0.2526
EP006034,1,6035,1880.76,0.1881
EP006035,1,6036,2082.89,0.2083
EP006036,1,6037,790.76,0.0791
EP006037,1,6038,4896.58,0.4897
EP006038,1,6039,1385.46,0.1385
EP006039,1,6040,1498.83,0.1499
EP006040,1,6041,1207.16,0.1207
EP006041,1,6042,564.4,0.0564
EP006042,1,6043,253.77,0.0254
EP006043,1,6044,715.79,0.0716
EP006044,1,6045,611.37,0.0611
EP006045,1,6046,365857.59,36.5858
EP006046,1,6047,441.13,0.0441
EP006047,1,6048,10953.91,1.0954
EP006048,1,6049,10854.83,1.0855
EP006049,1,6050,49.92,0.005
EP006050,1,6051,541.63,0.0542
EP006051,1,6052,999.86,0.1
EP006052,1,6053,4657.29,0.4657
EP006053,1,6054,197.63,0.0198
EP006054,1,6055,1728.74,0.1729
EP006055,1,6056,149784.74,14.9785
EP006056,1,6057,709.42,0.0709
EP006057,1,6058,103.87,0.0104
EP006058,1,6059,10075.89,1.0076
EP006059,1,6060,1692.82,0.1693
EP006060,1,6061,270.02,0.027
EP006061,1,6062,876.54,0.0877
EP006062,1,6063,5725.28,0.5725
EP006063,1,6064,2193.9,0.2194
EP006064,1,6065,261.86,0.0262
EP006065,1,6066,697.91,0.0698
EP006066,1,6067,10091.06,1.0091
EP006067,1,6068,805.21,0.0805
EP006068,1,6069,1125.52,0.1126
EP006069,1,6070,7070.74,0.7071
EP006070,1,6071,122.73,0.0123
EP006071,1,6072,26.21,0.0026
EP006072,1,6073,695.13,0.0695
EP006073,1,6074,18.73,0.0019
EP006074,1,6075,374.63,0.0375
EP006075,1,6076,343.13,0.0343
EP006076,1,6077,2737.65,0.2738
EP006077,1,6078,47.44,0.0047
EP006078,1,6079,10646.23,1.0646
EP006079,1,6080,5146.09,0.5146
EP006080,1,6081,83.96,0.0084
EP006081,1,6082,698.67,0.0699
EP006082,1,6083,42913.55,4.2914
EP006083,1,6084,2155.82,0.2156
EP006084,1,6085,606.48,0.0606
EP006085,1,6086,2236.31,0.2236
EP006086,1,6087,189066.4,18.9066
EP006087,1,6088,29104.75,2.9105
EP006088,1,6089,160.07,0.016
EP006089,1,6090,375189.26,37.5189
EP006090,1,6091,6782.41,0.6782
EP006091,1,6092,576.74,0.0577
EP006092,1,6093,891.03,0.0891
EP006093,1,6094,742.13,0.0742
EP006094,1,6095,7280.58,0.7281
EP006095,1,6096,1629.15,0.1629
EP006096,1,6097,365.64,0.0366
EP006097,1,6098,2905.83,0.2906
EP006098,1,6099,1162.11,0.1162
EP006099,1,6100,981.14,0.0981
EP006100,1,6101,1043.72,0.1044
EP006101,1,6102,895.55,0.0896
EP006102,1,6103,249.06,0.0249
EP006103,1,6104,273.22,0.0273
EP006104,1,6105,57699.32,5.7699
EP006105,1,6106,27.19,0.0027
EP006106,1,6107,354.98,0.0355
EP006107,1,6108,972.72,0.0973
EP006108,1,6109,9208.02,0.9208
EP006109,1,6110,2128.48,0.2128
EP006110,1,6111,987.74,0.0988
EP006111,1,6112,16.75,0.0017
EP006112,1,6113,383.4,0.0383
EP006113,1,6114,272.96,0.0273
EP006114,1,6115,56.6,0.0057
EP006115,1,6116,19.64,0.002
EP006116,1,6117,883.05,0.0883
EP006117,1,6118,790.6,0.0791
EP006118,1,6119,2784.21,0.2784
EP006119,1,6120,14721.11,1.4721
EP006120,1,6121,62.18,0.0062
EP006121,1,6122,5980.33,0.598
EP006122,1,6123,189983.17,18.9983
EP006123,1,6124,1135.34,0.1135
EP006124,1,6125,137.39,0.0137
EP006125,1,6126,381.97,0.0382
EP006126,1,6127,8673.15,0.8673
EP006127,1,6128,8709.22,0.8709
EP006128,1,6129,373.01,0.0373
EP006129,1,6130,1106.23,0.1106
EP006130,1,6131,425.63,0.0426
EP006131,1,6132,264.01,0.0264
EP006132,1,6133,32557.43,3.2557
EP006133,1,6134,1016.68,0.1017
EP006134,1,6135,302.83,0.0303
EP006135,1,6136,1530.17,0.153
EP006136,1,6137,880.87,0.0881
EP006137,1,6138,550.55,0.0551
EP006138,1,6139,256.63,0.0257
EP006139,1,6140,593.92,0.0594
EP006140,1,6141,33643.27,3.3643
EP006141,1,6142,668.57,0.0669
EP006142,1,6143,1817.64,0.1818
EP006143,1,6144,247.89,0.0248
EP006144,1,6145,255.66,0.0256
EP006145,1,6146,981.26,0.0981
EP006146,1,6147,166.24,0.0166
EP006147,1,6148,496.28,0.0496
EP006148,1,6149,617.74,0.0618
EP006149,1,6150,12060.37,1.206
EP006150,1,6151,1096.91,0.1097
EP006151,1,6152,701.23,0.0701
EP006152,1,6153,24855.7,2.4856
EP006153,1,6154,1111.4,0.1111
EP006154,1,6155,127.72,0.0128
EP006155,1,6156,3223.27,0.3223
EP006156,1,6157,98.95,0.0099
EP006157,1,6158,330.63,0.0331
EP006158,1,6159,98.31,0.0098
EP006159,1,6160,1612.69,0.1613
EP006160,1,6161,11578.39,1.1578
EP006161,1,6162,49.58,0.005
EP006162,1,6163,849.11,0.0849
EP006163,1,6164,1028.49,0.1028
EP006164,1,6165,4985.43,0.4985
EP006165,1,6166,143.26,0.0143
EP006166,1,6167,534.1,0.0534
EP006167,1,6168,5584.38,0.5584
EP006168,1,6169,1323.77,0.1324
EP006169,1,6170,1860.09,0.186
EP006170,1,6171,393.81,0.0394
EP006171,1,6172,46.37,0.0046
EP006172,1,6173,932.46,0.0932
EP006173,1,6174,1539.23,0.1539
EP006174,1,6175,10827.75,1.0828
EP006175,1,6176,4233.97,0.4234
EP006176,1,6177,6327.71,0.6328
EP006177,1,6178,11889.01,1.1889
EP006178,1,6179,382.38,0.0382
EP006179,1,6180,1404.97,0.1405
EP006180,1,6181,2274.98,0.2275
EP006181,1,6182,3914.36,0.3914
EP006182,1,6183,33631.86,3.3632
EP006183,1,6184,1726.86,0.1727
EP006184,1,6185,780.69,0.0781
EP006185,1,6186,975.1,0.0975
EP006186,1,6187,745.29,0.0745
EP006187,1,6188,834.12,0.0834
EP006188,1,6189,397.95,0.0398
EP006189,1,6190,114126.37,11.4126
EP006190,1,6191,604.18,0.0604
EP006191,1,6192,291.05,0.0291
EP006192,1,6193,738.04,0.0738
EP006193,1,6194,622.35,0.0622
EP006194,1,6195,1849.47,0.1849
EP006195,1,6196,172.52,0.0173
EP006196,1,6197,290.01,0.029
EP006197,1,6198,24371.96,2.4372
EP006198,1,6199,1903.03,0.1903
EP006199,1,6200,448.1,0.0448
EP006200,1,6201,2433.29,0.2433
EP006201,1,6202,32936.85,3.2937
EP006202,1,6203,5115.61,0.5116
EP006203,1,6204,1343.35,0.1343
EP006204,1,6205,817.65,0.0818
EP006205,1,6206,450.86,0.0451
EP006206,1,6207,3028.13,0.3028
EP006207,1,6208,428.21,0.0428
EP006208,1,6209,398.49,0.0398
EP006209,1,6210,385.28,0.0385
EP006210,1,6211,15449.43,1.5449
EP006211,1,6212,251.92,0.0252
EP006212,1,6213,824.3,0.0824
EP006213,1,6214,280.29,0.028
EP006214,1,6215,2256.77,0.2257
EP006215,1,6216,171.34,0.0171
EP006216,1,6217,23748.15,2.3748
EP006217,1,6218,306.51,0.0307
EP006218,1,6219,15178.84,1.5179
EP006219,1,6220,301.83,0.0302
EP006220,1,6221,5260.72,0.5261
EP006221,1,6222,50.33,0.005
EP006222,1,6223,156.36,0.0156
EP006223,1,6224,9288.16,0.9288
EP006224,1,6225,2694.29,0.2694
EP006225,1,6226,201.18,0.0201
EP006226,1,6227,36.82,0.0037
EP006227,1,6228,485.02,0.0485
EP006228,1,6229,93.6,0.0094
EP006229,1,6230,372.81,0.0373
EP006230,1,6231,4346.17,0.4346
EP006231,1,6232,5037.82,0.5038
EP006232,1,6233,232.03,0.0232
EP006233,1,6234,4970.6,0.4971
EP006234,1,6235,806.96,0.0807
EP006235,1,6236,1584.66,0.1585
EP006236,1,6237,193.18,0.0193
EP006237,1,6238,2226.16,0.2226
EP006238,1,6239,604.34,0.0604
EP006239,1,6240,203192.49,20.3192
EP006240,1,6241,650.89,0.0651
EP006241,1,6242,43.96,0.0044
EP006242,1,6243,1605.14,0.1605
EP006243,1,6244,39618.83,3.9619
EP006244,1,6245,18.97,0.0019
EP006245,1,6246,9.09,0.0009
EP006246,1,6247,12371.77,1.2372
EP006247,1,6248,41.12,0.0041
EP006248,1,6249,2.59,0.0003
EP006249,1,6250,9.98,0.001
EP006250,1,6251,26.67,0.0027
EP006251,1,6252,46.67,0.0047
EP006252,1,6253,2458.49,0.2458
EP006253,1,6254,187.4,0.0187
EP006254,1,6255,6616.05,0.6616
EP006255,1,6256,99.12,0.0099
EP006256,1,6257,78.97,0.0079
EP006257,1,6258,189.17,0.0189
EP006258,1,6259,210.51,0.0211
EP006259,1,6260,638.34,0.0638
EP006260,1,6261,183.22,0.0183
EP006261,1,6262,254.57,0.0255
EP006262,1,6263,4083.8,0.4084
EP006263,1,6264,732.47,0.0732
EP006264,1,6265,1180.82,0.1181
EP006265,1,6266,173.8,0.0174
EP006266,1,6267,158.2,0.0158
EP006267,1,6268,369.08,0.0369
EP006268,1,6269,224.38,0.0224
EP006269,1,6270,842.83,0.0843
EP006270,1,6271,173.97,0.0174
EP006271,1,6272,265.03,0.0265
EP006272,1,6273,230.41,0.023
EP006273,1,6274,626.69,0.0627
EP006274,1,6275,453.99,0.0454
EP006275,1,6276,1627.57,0.1628
EP006276,1,6277,244.58,0.0245
EP006277,1,6278,188.84,0.0189
EP006278,1,6279,3002.56,0.3003
EP006279,1,6280,141.33,0.0141
EP006280,1,6281,198.44,0.0198
EP006281,1,6282,87.51,0.0088
EP006282,1,6283,422.1,0.0422
EP006283,1,6284,176.74,0.0177
EP006284,1,6285,14838.01,1.4838
EP006285,1,6286,257.28,0.0257
EP006286,1,6287,643.69,0.0644
EP006287,1,6288,158.83,0.0159
EP006288,1,6289,3250.84,0.3251
EP006289,1,6290,341.96,0.0342
EP006290,1,6291,299.57,0.03
EP006291,1,6292,1690.47,0.169
EP006292,1,6293,203.43,0.0203
EP006293,1,6294,488.02,0.0488
EP006294,1,6295,279.51,0.028
EP006295,1,6296,1198.16,0.1198
EP006296,1,6297,24050.82,2.4051
EP006297,1,6298,446.27,0.0446
EP006298,1,6299,4929.99,0.493
EP006299,1,6300,80.66,0.0081
EP006300,1,6301,8753.58,0.8754
EP006301,1,6302,153.18,0.0153
EP006302,1,6303,8169.66,0.817
EP006303,1,6304,846.0,0.0846
EP006304,1,6305,1779.3,0.1779
EP006305,1,6306,488.47,0.0488
EP006306,1,6307,208.15,0.0208
EP006307,1,6308,216.22,0.0216
EP006308,1,6309,186.49,0.0186
EP006309,1,6310,808.45,0.0808
EP006310,1,6311,3517.95,0.3518
EP006311,1,6312,535.34,0.0535
EP006312,1,6313,761.6,0.0762
EP006313,1,6314,866.18,0.0866
EP006314,1,6315,14700.66,1.4701
EP006315,1,6316,361.64,0.0362
EP006316,1,6317,900.37,0.09
EP006317,1,6318,23.93,0.0024
EP006318,1,6319,40.18,0.004
EP006319,1,6320,345.84,0.0346
EP006320,1,6321,104.51,0.0105
EP006321,1,6322,1110.88,0.1111
EP006322,1,6323,5891.27,0.5891
EP006323,1,6324,832.97,0.0833
EP006324,1,6325,855.71,0.0856
EP006325,1,6326,173.62,0.0174
EP006326,1,6327,374.38,0.0374
EP006327,1,6328,3936.85,0.3937
EP006328,1,6329,615.95,0.0616
EP006329,1,6330,1127.58,0.1128
EP006330,1,6331,317.54,0.0318
EP006331,1,6332,1163.76,0.1164
EP006332,1,6333,449.52,0.045
EP006333,1,6334,1203.49,0.1203
EP006334,1,6335,535.57,0.0536
EP006335,1,6336,1483.43,0.1483
EP006336,1,6337,7369.71,0.737
EP006337,1,6338,1093.68,0.1094
EP006338,1,6339,265.05,0.0265
EP006339,1,6340,21279.01,2.1279
EP006340,1,6341,607.46,0.0607
EP006341,1,6342,1228.58,0.1229
EP006342,1,6343,52769.11,5.2769
EP006343,1,6344,698.04,0.0698
EP006344,1,6345,429.13,0.0429
EP006345,1,6346,80.18,0.008
EP006346,1,6347,482.92,0.0483
EP006347,1,6348,72.43,0.0072
EP006348,1,6349,1189.04,0.1189
EP006349,1,6350,136.79,0.0137
EP006350,1,6351,860.14,0.086
EP006351,1,6352,1208.97,0.1209
EP006352,1,6353,9190.68,0.9191
EP006353,1,6354,443.2,0.0443
EP006354,1,6355,46.41,0.0046
EP006355,1,6356,179.88,0.018
EP006356,1,6357,131.49,0.0131
EP006357,1,6358,18474.99,1.8475
EP006358,1,6359,304.61,0.0305
EP006359,1,6360,32.56,0.0033
EP006360,1,6361,1713.73,0.1714
EP006361,1,6362,4.2,0.0004
EP006362,1,6363,640.33,0.064
EP006363,1,6364,3.82,0.0004
EP006364,1,6365,312.1,0.0312
EP006365,1,6366,7554.92,0.7555
EP006366,1,6367,71.31,0.0071
EP006367,1,6368,694.43,0.0694
EP006368,1,6369,305.42,0.0305
EP006369,1,6370,7.22,0.0007
EP006370,1,6371,7.53,0.0008
EP006371,1,6372,1809.49,0.1809
EP006372,1,6373,264.21,0.0264
EP006373,1,6374,16.11,0.0016
EP006374,1,6375,2821.08,0.2821
EP006375,1,6376,261.98,0.0262
EP006376,1,6377,71.33,0.0071
EP006377,1,6378,1064.29,0.1064
EP006378,1,6379,1221.52,0.1222
EP006379,1,6380,3274.56,0.3275
EP006380,1,6381,198.37,0.0198
EP006381,1,6382,650.66,0.0651
EP006382,1,6383,284.35,0.0284
EP006383,1,6384,909.84,0.091
EP006384,1,6385,46.56,0.0047
EP006385,1,6386,109.03,0.0109
EP006386,1,6387,62.13,0.0062
EP006387,1,6388,2130.85,0.2131
EP006388,1,6389,229.75,0.023
EP006389,1,6390,2651.59,0.2652
EP006390,1,6391,16280.6,1.6281
EP006391,1,6392,10781.94,1.0782
EP006392,1,6393,194.12,0.0194
EP006393,1,6394,183.06,0.0183
EP006394,1,6395,31200.24,3.12
EP006395,1,6396,1315.1,0.1315
EP006396,1,6397,1904.61,0.1905
EP006397,1,6398,1822.26,0.1822
EP006398,1,6399,177.49,0.0177
EP006399,1,6400,239.55,0.024
EP006400,1,6401,1397.3,0.1397
EP006401,1,6402,1323.44,0.1323
EP006402,1,6403,1739.6,0.174
EP006403,1,6404,1823.55,0.1824
EP006404,1,6405,1408.34,0.1408
EP006405,1,6406,779.9,0.078
EP006406,1,6407,1556.61,0.1557
EP006407,1,6408,1571.63,0.1572
EP006408,1,6409,291.97,0.0292
EP006409,1,6410,357.34,0.0357
EP006410,1,6411,746.21,0.0746
EP006411,1,6412,365.62,0.0366
EP006412,1,6413,217.12,0.0217
EP006413,1,6414,2826.04,0.2826
EP006414,1,6415,124.3,0.0124
EP006415,1,6416,684.93,0.0685
EP006416,1,6417,378.98,0.0379
EP006417,1,6418,3162.54,0.3163
EP006418,1,6419,1657.19,0.1657
EP006419,1,6420,358.59,0.0359
EP006420,1,6421,7208.02,0.7208
EP006421,1,6422,7764.71,0.7765
EP006422,1,6423,13312.03,1.3312
EP006423,1,6424,1073.09,0.1073
EP006424,1,6425,450.85,0.0451
EP006425,1,6426,531.89,0.0532
EP006426,1,6427,19588.49,1.9588
EP006427,1,6428,537.86,0.0538
EP006428,1,6429,639.76,0.064
EP006429,1,6430,437.73,0.0438
EP006430,1,6431,439.56,0.044
EP006431,1,6432,332.52,0.0333
EP006432,1,6433,2411.8,0.2412
EP006433,1,6434,454.35,0.0454
EP006434,1,6435,915.29,0.0915
EP006435,1,6436,479.66,0.048
EP006436,1,6437,1932.54,0.1933
EP006437,1,6438,462.79,0.0463
EP006438,1,6439,3585.61,0.3586
EP006439,1,6440,153.67,0.0154
EP006440,1,6441,503.56,0.0504
EP006441,1,6442,572.35,0.0572
EP006442,1,6443,401.59,0.0402
EP006443,1,6444,396.98,0.0397
EP006444,1,6445,50.99,0.0051
EP006445,1,6446,242.92,0.0243
EP006446,1,6447,6898.75,0.6899
EP006447,1,6448,558.83,0.0559
EP006448,1,6449,581.77,0.0582
EP006449,1,6450,548.64,0.0549
EP006450,1,6451,3608.13,0.3608
EP006451,1,6452,505.54,0.0506
EP006452,1,6453,508.9,0.0509
EP006453,1,6454,247.54,0.0248
EP006454,1,6455,1149.36,0.1149
EP006455,1,6456,370.9,0.0371
EP006456,1,6457,1267.04,0.1267
EP006457,1,6458,913.01,0.0913
EP006458,1,6459,474.03,0.0474
EP006459,1,6460,2441.18,0.2441
EP006460,1,6461,903.93,0.0904
EP006461,1,6462,295.87,0.0296
EP006462,1,6463,13.02,0.0013
EP006463,1,6464,572.33,0.0572
EP006464,1,6465,9601.81,0.9602
EP006465,1,6466,848.38,0.0848
EP006466,1,6467,1043.23,0.1043
EP006467,1,6468,131.66,0.0132
EP006468,1,6469,676.03,0.0676
EP006469,1,6470,1171.46,0.1171
EP006470,1,6471,3150.35,0.315
EP006471,1,6472,890.3,0.089
EP006472,1,6473,777.71,0.0778
EP006473,1,6474,418.01,0.0418
EP006474,1,6475,3093.0,0.3093
EP006475,1,6476,711.84,0.0712
EP006476,1,6477,597.04,0.0597
EP006477,1,6478,513.35,0.0513
EP006478,1,6479,90478.77,9.0479
EP006479,1,6480,505.24,0.0505
EP006480,1,6481,1327.01,0.1327
EP006481,1,6482,1877.51,0.1878
EP006482,1,6483,604.75,0.0605
EP006483,1,6484,373.89,0.0374
EP006484,1,6485,346.46,0.0346
EP006485,1,6486,1342.46,0.1342
EP006486,1,6487,343.98,0.0344
EP006487,1,6488,1240.96,0.1241
EP006488,1,6489,33637.4,3.3637
EP006489,1,6490,1754.92,0.1755
EP006490,1,6491,307.11,0.0307
EP006491,1,6492,15.96,0.0016
EP006492,1,6493,1722.57,0.1723
EP006493,1,6494,3382.55,0.3383
EP006494,1,6495,11646.61,1.1647
EP006495,1,6496,150.17,0.015
EP006496,1,6497,1291.22,0.1291
EP006497,1,6498,88.32,0.0088
EP006498,1,6499,442.06,0.0442
EP006499,1,6500,526.27,0.0526
EP006500,1,6501,641.66,0.0642
EP006501,1,6502,758.84,0.0759
EP006502,1,6503,646.61,0.0647
EP006503,1,6504,2859.42,0.2859
EP006504,1,6505,1077.46,0.1077
EP006505,1,6506,2727.75,0.2728
EP006506,1,6507,642.24,0.0642
EP006507,1,6508,7495.78,0.7496
EP006508,1,6509,323.22,0.0323
EP006509,1,6510,933.52,0.0934
EP006510,1,6511,24.82,0.0025
EP006511,1,6512,644.59,0.0645
EP006512,1,6513,2082.67,0.2083
EP006513,1,6514,9709.65,0.971
EP006514,1,6515,3765.51,0.3766
EP006515,1,6516,941.7,0.0942
EP006516,1,6517,28.64,0.0029
EP006517,1,6518,2051.0,0.2051
EP006518,1,6519,2101.72,0.2102
EP006519,1,6520,1260.81,0.1261
EP006520,1,6521,86.72,0.0087
EP006521,1,6522,675.39,0.0675
EP006522,1,6523,285.08,0.0285
EP006523,1,6524,1.89,0.0002
EP006524,1,6525,0.64,0.0001
EP006525,1,6526,33.6,0.0034
EP006526,1,6527,103.6,0.0104
EP006527,1,6528,2414.76,0.2415
EP006528,1,6529,127.1,0.0127
EP006529,1,6530,214.13,0.0214
EP006530,1,6531,1989.75,0.199
EP006531,1,6532,11.74,0.0012
EP006532,1,6533,85.19,0.0085
EP006533,1,6534,78.32,0.0078
EP006534,1,6535,466.44,0.0466
EP006535,1,6536,671.18,0.0671
EP006536,1,6537,1930.22,0.193
EP006537,1,6538,227.01,0.0227
EP006538,1,6539,31.15,0.0031
EP006539,1,6540,1028.18,0.1028
EP006540,1,6541,2688.6,0.2689
EP006541,1,6542,185.0,0.0185
EP006542,1,6543,55.31,0.0055
EP006543,1,6544,265.83,0.0266
EP006544,1,6545,978.52,0.0979
EP006545,1,6546,147.64,0.0148
EP006546,1,6547,1135.89,0.1136
EP006547,1,6548,412.23,0.0412
EP006548,1,6549,271.79,0.0272
EP006549,1,6550,653.65,0.0654
EP006550,1,6551,5939.87,0.594
EP006551,1,6552,235.42,0.0235
EP006552,1,6553,1077.58,0.1078
EP006553,1,6554,600.66,0.0601
EP006554,1,6555,9.68,0.001
EP006555,1,6556,3137.59,0.3138
EP006556,1,6557,3436.03,0.3436
EP006557,1,6558,448.64,0.0449
EP006558,1,6559,380.34,0.038
EP006559,1,6560,2613.04,0.2613
EP006560,1,6561,1282.72,0.1283
EP006561,1,6562,1076.16,0.1076
EP006562,1,6563,387.05,0.0387
EP006563,1,6564,448.34,0.0448
EP006564,1,6565,72.52,0.0073
EP006565,1,6566,273.82,0.0274
EP006566,1,6567,1047.25,0.1047
EP006567,1,6568,430.76,0.0431
EP006568,1,6569,6508.33,0.6508
EP006569,1,6570,26596.04,2.6596
EP006570,1,6571,222.3,0.0222
EP006571,1,6572,3596.59,0.3597
EP006572,1,6573,1701.79,0.1702
EP006573,1,6574,1723.63,0.1724
EP006574,1,6575,809.43,0.0809
EP006575,1,6576,1324.19,0.1324
EP006576,1,6577,1737.91,0.1738
EP006577,1,6578,826.42,0.0826
EP006578,1,6579,23.95,0.0024
EP006579,1,6580,69.26,0.0069
EP006580,1,6581,466.08,0.0466
EP006581,1,6582,3115.36,0.3115
EP006582,1,6583,926.7,0.0927
EP006583,1,6584,671.35,0.0671
EP006584,1,6585,1547.08,0.1547
EP006585,1,6586,2438.97,0.2439
EP006586,1,6587,201.51,0.0202
EP006587,1,6588,52.5,0.0052
EP006588,1,6589,293.75,0.0294
EP006589,1,6590,218.59,0.0219
EP006590,1,6591,1523.06,0.1523
EP006591,1,6592,200.13,0.02
EP006592,1,6593,1156.34,0.1156
EP006593,1,6594,2558.84,0.2559
EP006594,1,6595,561.1,0.0561
EP006595,1,6596,142.84,0.0143
EP006596,1,6597,1083.83,0.1084
EP006597,1,6598,3415.91,0.3416
EP006598,1,6599,6872.88,0.6873
EP006599,1,6600,535.18,0.0535
EP006600,1,6601,741.0,0.0741
EP006601,1,6602,154.09,0.0154
EP006602,1,6603,24.88,0.0025
EP006603,1,6604,1106.03,0.1106
EP006604,1,6605,1203.62,0.1204
EP006605,1,6606,27.57,0.0028
EP006606,1,6607,5139.56,0.514
EP006607,1,6608,1978.92,0.1979
EP006608,1,6609,1862.41,0.1862
EP006609,1,6610,1549.63,0.155
EP006610,1,6611,170.64,0.0171
EP006611,1,6612,3073.12,0.3073
EP006612,1,6613,324.71,0.0325
EP006613,1,6614,1375.04,0.1375
EP006614,1,6615,3135.82,0.3136
EP006615,1,6616,1902.5,0.1903
EP006616,1,6617,1857.36,0.1857
EP006617,1,6618,694.1,0.0694
EP006618,1,6619,186.27,0.0186
EP006619,1,6620,2926.87,0.2927
EP006620,1,6621,1248.82,0.1249
EP006621,1,6622,476.03,0.0476
EP006622,1,6623,1309.93,0.131
EP006623,1,6624,205.47,0.0205
EP006624,1,6625,646.93,0.0647
EP006625,1,6626,9.22,0.0009
EP006626,1,6627,1335.38,0.1335
EP006627,1,6628,166.6,0.0167
EP006628,1,6629,15.55,0.0016
EP006629,1,6630,1321.14,0.1321
EP006630,1,6631,2164.23,0.2164
EP006631,1,6632,10.09,0.001
EP006632,1,6633,180.86,0.0181
EP006633,1,6634,14.17,0.0014
EP006634,1,6635,87454.92,8.7455
EP006635,1,6636,19.31,0.0019
EP006636,1,6637,9795.72,0.9796
EP006637,1,6638,368.36,0.0368
EP006638,1,6639,84.17,0.0084
EP006639,1,6640,3613.14,0.3613
EP006640,1,6641,406.04,0.0406
EP006641,1,6642,12.02,0.0012
EP006642,1,6643,414.76,0.0415
EP006643,1,6644,4792.46,0.4792
EP006644,1,6645,271.55,0.0272
EP006645,1,6646,1883.09,0.1883
EP006646,1,6647,58.79,0.0059
EP006647,1,6648,861.99,0.0862
EP006648,1,6649,926.7,0.0927
EP006649,1,6650,829102.67,82.9103
EP006650,1,6651,87.73,0.0088
EP006651,1,6652,1215.7,0.1216
EP006652,1,6653,28.02,0.0028
EP006653,1,6654,2309.71,0.231
EP006654,1,6655,1148.48,0.1148
EP006655,1,6656,1961.32,0.1961
EP006656,1,6657,27711.31,2.7711
EP006657,1,6658,205.39,0.0205
EP006658,1,6659,6062.08,0.6062
EP006659,1,6660,3304.17,0.3304
EP006660,1,6661,22.23,0.0022
EP006661,1,6662,16.59,0.0017
EP006662,1,6663,66.55,0.0067
EP006663,1,6664,1331.98,0.1332
EP006664,1,6665,40.62,0.0041
EP006665,1,6666,85.61,0.0086
EP006666,1,6667,248.48,0.0248
EP006667,1,6668,2586.62,0.2587
EP006668,1,6669,392.26,0.0392
EP006669,1,6670,143.51,0.0144
EP006670,1,6671,251.38,0.0251
EP006671,1,6672,54.42,0.0054
EP006672,1,6673,11208.75,1.1209
EP006673,1,6674,1154.17,0.1154
EP006674,1,6675,156.6,0.0157
EP006675,1,6676,1328.53,0.1329
EP006676,1,6677,1492.76,0.1493
EP006677,1,6678,42.6,0.0043
EP006678,1,6679,5901.86,0.5902
EP006679,1,6680,3359.33,0.3359
EP006680,1,6681,640.8,0.0641
EP006681,1,6682,187.24,0.0187
EP006682,1,6683,15249.53,1.525
EP006683,1,6684,487.98,0.0488
EP006684,1,6685,5012.41,0.5012
EP006685,1,6686,5298.97,0.5299
EP006686,1,6687,1196.08,0.1196
EP006687,1,6688,1686.52,0.1687
EP006688,1,6689,1092.71,0.1093
EP006689,1,6690,1390.49,0.139
EP006690,1,6691,493.11,0.0493
EP006691,1,6692,2138.03,0.2138
EP006692,1,6693,201.81,0.0202
EP006693,1,6694,1115.78,0.1116
EP006694,1,6695,92.6,0.0093
EP006695,1,6696,3515.37,0.3515
EP006696,1,6697,20.21,0.002
EP006697,1,6698,461495.35,46.1495
EP006698,1,6699,65.13,0.0065
EP006699,1,6700,141.08,0.0141
EP006700,1,6701,1556.06,0.1556
EP006701,1,6702,1117.89,0.1118
EP006702,1,6703,70.6,0.0071
EP006703,1,6704,3519.1,0.3519
EP006704,1,6705,27681.37,2.7681
EP006705,1,6706,465.09,0.0465
EP006706,1,6707,702.04,0.0702
EP006707,1,6708,259.06,0.0259
EP006708,1,6709,891.82,0.0892
EP006709,1,6710,223.04,0.0223
EP006710,1,6711,73.73,0.0074
EP006711,1,6712,36.75,0.0037
EP006712,1,6713,474.13,0.0474
EP006713,1,6714,443.73,0.0444
EP006714,1,6715,114.69,0.0115
EP006715,1,6716,16432.37,1.6432
EP006716,1,6717,2164.11,0.2164
EP006717,1,6718,23.99,0.0024
EP006718,1,6719,176.72,0.0177
EP006719,1,6720,34.07,0.0034
EP006720,1,6721,391.04,0.0391
EP006721,1,6722,1624.56,0.1625
EP006722,1,6723,6577.57,0.6578
EP006723,1,6724,1765.85,0.1766
EP006724,1,6725,572.38,0.0572
EP006725,1,6726,797.06,0.0797
EP006726,1,6727,1141.53,0.1142
EP006727,1,6728,625.45,0.0625
EP006728,1,6729,46.44,0.0046
EP006729,1,6730,314.8,0.0315
EP006730,1,6731,63.04,0.0063
EP006731,1,6732,144.52,0.0145
EP006732,1,6733,520.15,0.052
EP006733,1,6734,193.57,0.0194
EP006734,1,6735,3459.57,0.346
EP006735,1,6736,9838.41,0.9838
EP006736,1,6737,659.82,0.066
EP006737,1,6738,171.03,0.0171
EP006738,1,6739,1227.35,0.1227
EP006739,1,6740,535.94,0.0536
EP006740,1,6741,333.44,0.0333
EP006741,1,6742,763.57,0.0764
EP006742,1,6743,856.89,0.0857
EP006743,1,6744,84.03,0.0084
EP006744,1,6745,2372.08,0.2372
EP006745,1,6746,1721.99,0.1722
EP006746,1,6747,503.05,0.0503
EP006747,1,6748,118.63,0.0119
EP006748,1,6749,485.21,0.0485
EP006749,1,6750,204.75,0.0205
EP006750,1,6751,5583.7,0.5584
EP006751,1,6752,1541.0,0.1541
EP006752,1,6753,231.38,0.0231
EP006753,1,6754,138.3,0.0138
EP006754,1,6755,1763.73,0.1764
EP006755,1,6756,435.43,0.0435
EP006756,1,6757,414.51,0.0415
EP006757,1,6758,5241.29,0.5241
EP006758,1,6759,768.49,0.0768
EP006759,1,6760,135.06,0.0135
EP006760,1,6761,4048.96,0.4049
EP006761,1,6762,101684.98,10.1685
EP006762,1,6763,3569.22,0.3569
EP006763,1,6764,256.81,0.0257
EP006764,1,6765,1082.87,0.1083
EP006765,1,6766,176.14,0.0176
EP006766,1,6767,161.93,0.0162
EP006767,1,6768,2881.77,0.2882
EP006768,1,6769,2589.74,0.259
EP006769,1,6770,4195.44,0.4195
EP006770,1,6771,434.26,0.0434
EP006771,1,6772,78.35,0.0078
EP006772,1,6773,756.47,0.0756
EP006773,1,6774,1148.02,0.1148
EP006774,1,6775,225.88,0.0226
EP006775,1,6776,182.56,0.0183
EP006776,1,6777,73.54,0.0074
EP006777,1,6778,2809.77,0.281
EP006778,1,6779,246.78,0.0247
EP006779,1,6780,1346.63,0.1347
EP006780,1,6781,20.7,0.0021
EP006781,1,6782,97.29,0.0097
EP006782,1,6783,2466.53,0.2467
EP006783,1,6784,33.95,0.0034
EP006784,1,6785,1440.74,0.1441
EP006785,1,6786,317.78,0.0318
EP006786,1,6787,30.39,0.003
EP006787,1,6788,1634.04,0.1634
EP006788,1,6789,94.65,0.0095
EP006789,1,6790,1690.18,0.169
EP006790,1,6791,5117.78,0.5118
EP006791,1,6792,370.27,0.037
EP006792,1,6793,130.85,0.0131
EP006793,1,6794,2797.45,0.2797
EP006794,1,6795,127.64,0.0128
EP006795,1,6796,28.83,0.0029
EP006796,1,6797,61688.8,6.1689
EP006797,1,6798,831.17,0.0831
EP006798,1,6799,440.37,0.044
EP006799,1,6800,69.17,0.0069
EP006800,1,6801,621.9,0.0622
EP006801,1,6802,1053.97,0.1054
EP006802,1,6803,213.79,0.0214
EP006803,1,6804,3331.96,0.3332
EP006804,1,6805,10745.32,1.0745
EP006805,1,6806,68.59,0.0069
EP006806,1,6807,124.1,0.0124
EP006807,1,6808,243.91,0.0244
EP006808,1,6809,146.33,0.0146
EP006809,1,6810,4743.51,0.4744
EP006810,1,6811,293.47,0.0293
EP006811,1,6812,2863.02,0.2863
EP006812,1,6813,356.22,0.0356
EP006813,1,6814,3594.0,0.3594
EP006814,1,6815,211.6,0.0212
EP006815,1,6816,3381.32,0.3381
EP006816,1,6817,69.07,0.0069
EP006817,1,6818,2123.65,0.2124
EP006818,1,6819,2994.99,0.2995
EP006819,1,6820,386.97,0.0387
EP006820,1,6821,3188.4,0.3188
EP006821,1,6822,40.57,0.0041
EP006822,1,6823,1321.27,0.1321
EP006823,1,6824,14.79,0.0015
EP006824,1,6825,1466.0,0.1466
EP006825,1,6826,228.94,0.0229
EP006826,1,6827,2783.53,0.2784
EP006827,1,6828,160.77,0.0161
EP006828,1,6829,171.55,0.0172
EP006829,1,6830,381.99,0.0382
EP006830,1,6831,749.58,0.075
EP006831,1,6832,100.15,0.01
EP006832,1,6833,23182.58,2.3183
EP006833,1,6834,4713.15,0.4713
EP006834,1,6835,1641.96,0.1642
EP006835,1,6836,3990.39,0.399
EP006836,1,6837,1664.59,0.1665
EP006837,1,6838,747.59,0.0748
EP006838,1,6839,601.01,0.0601
EP006839,1,6840,2437.45,0.2437
EP006840,1,6841,11063.48,1.1063
EP006841,1,6842,3789.71,0.379
EP006842,1,6843,4391.99,0.4392
EP006843,1,6844,13508.55,1.3509
EP006844,1,6845,2070.39,0.207
EP006845,1,6846,2964.55,0.2965
EP006846,1,6847,1439.22,0.1439
EP006847,1,6848,7933.33,0.7933
EP006848,1,6849,22667.47,2.2667
EP006849,1,6850,2792.53,0.2793
EP006850,1,6851,245.25,0.0245
EP006851,1,6852,2437.39,0.2437
EP006852,1,6853,4473.14,0.4473
EP006853,1,6854,430.27,0.043
EP006854,1,6855,1131.7,0.1132
EP006855,1,6856,223.36,0.0223
EP006856,1,6857,89.6,0.009
EP006857,1,6858,14817.22,1.4817
EP006858,1,6859,2.67,0.0003
EP006859,1,6860,3535.44,0.3535
EP006860,1,6861,4113.38,0.4113
EP006861,1,6862,12083.05,1.2083
EP006862,1,6863,35135.59,3.5136
EP006863,1,6864,482.83,0.0483
EP006864,1,6865,936.64,0.0937
EP006865,1,6866,8539.18,0.8539
EP006866,1,6867,56307.61,5.6308
EP006867,1,6868,1036.42,0.1036
EP006868,1,6869,1396.06,0.1396
EP006869,1,6870,8825.7,0.8826
EP006870,1,6871,2020.49,0.202
EP006871,1,6872,219.57,0.022
EP006872,1,6873,1511.21,0.1511
EP006873,1,6874,2252.17,0.2252
EP006874,1,6875,6044.24,0.6044
EP006875,1,6876,135134.49,13.5134
EP006876,1,6877,10155.1,1.0155
EP006877,1,6878,1981.16,0.1981
EP006878,1,6879,2593.37,0.2593
EP006879,1,6880,10681.55,1.0682
EP006880,1,6881,5670.25,0.567
EP006881,1,6882,1304.92,0.1305
EP006882,1,6883,5799.99,0.58
EP006883,1,6884,274739.96,27.474
EP006884,1,6885,751.96,0.0752
EP006885,1,6886,1735.58,0.1736
EP006886,1,6887,5266.68,0.5267
EP006887,1,6888,2003.89,0.2004
EP006888,1,6889,163.93,0.0164
EP006889,1,6890,4362.02,0.4362
EP006890,1,6891,9762.09,0.9762
EP006891,1,6892,596.88,0.0597
EP006892,1,6893,124.18,0.0124
EP006893,1,6894,985.67,0.0986
EP006894,1,6895,2869.38,0.2869
EP006895,1,6896,1156.83,0.1157
EP006896,1,6897,484.46,0.0484
EP006897,1,6898,1969.69,0.197
EP006898,1,6899,1635.0,0.1635
EP006899,1,6900,507.12,0.0507
EP006900,1,6901,36339.62,3.634
EP006901,1,6902,1296.32,0.1296
EP006902,1,6903,659.08,0.0659
EP006903,1,6904,8827.73,0.8828
EP006904,1,6905,10494.38,1.0494
EP006905,1,6906,772.51,0.0773
EP006906,1,6907,26332.25,2.6332
EP006907,1,6908,2430.21,0.243
EP006908,1,6909,2095.55,0.2096
EP006909,1,6910,19597.84,1.9598
EP006910,1,6911,6696.68,0.6697
EP006911,1,6912,3163.29,0.3163
EP006912,1,6913,15577.41,1.5577
EP006913,1,6914,6617.12,0.6617
EP006914,1,6915,1432.39,0.1432
EP006915,1,6916,858.96,0.0859
EP006916,1,6917,396.54,0.0397
EP006917,1,6918,12.25,0.0012
EP006918,1,6919,1170.64,0.1171
EP006919,1,6920,265.95,0.0266
EP006920,1,6921,900.82,0.0901
EP006921,1,6922,187.79,0.0188
EP006922,1,6923,3008.06,0.3008
EP006923,1,6924,434.63,0.0435
EP006924,1,6925,1462.74,0.1463
EP006925,1,6926,2237.06,0.2237
EP006926,1,6927,309.49,0.0309
EP006927,1,6928,218.76,0.0219
EP006928,1,6929,930.44,0.093
EP006929,1,6930,260.67,0.0261
EP006930,1,6931,36623.82,3.6624
EP006931,1,6932,586.15,0.0586
EP006932,1,6933,17894.09,1.7894
EP006933,1,6934,100.05,0.01
EP006934,1,6935,26.18,0.0026
EP006935,1,6936,642.76,0.0643
EP006936,1,6937,7672.32,0.7672
EP006937,1,6938,712.17,0.0712
EP006938,1,6939,7414.02,0.7414
EP006939,1,6940,8704.21,0.8704
EP006940,1,6941,120.91,0.0121
EP006941,1,6942,3317.55,0.3318
EP006942,1,6943,45.51,0.0046
EP006943,1,6944,392.57,0.0393
EP006944,1,6945,5127.06,0.5127
EP006945,1,6946,52.96,0.0053
EP006946,1,6947,1140.42,0.114
EP006947,1,6948,877.62,0.0878
EP006948,1,6949,1035.37,0.1035
EP006949,1,6950,1659.28,0.1659
EP006950,1,6951,345.91,0.0346
EP006951,1,6952,1447.56,0.1448
EP006952,1,6953,93.51,0.0094
EP006953,1,6954,1231.14,0.1231
EP006954,1,6955,3178.82,0.3179
EP006955,1,6956,519.55,0.052
EP006956,1,6957,116.75,0.0117
EP006957,1,6958,236.54,0.0237
EP006958,1,6959,5361.87,0.5362
EP006959,1,6960,1740.57,0.1741
EP006960,1,6961,1839.7,0.184
EP006961,1,6962,1343.06,0.1343
EP006962,1,6963,530.61,0.0531
EP006963,1,6964,3222.8,0.3223
EP006964,1,6965,880.8,0.0881
EP006965,1,6966,1125.07,0.1125
EP006966,1,6967,18211.9,1.8212
EP006967,1,6968,903.68,0.0904
EP006968,1,6969,2199.21,0.2199
EP006969,1,6970,55.32,0.0055
EP006970,1,6971,1438.8,0.1439
EP006971,1,6972,3550.17,0.355
EP006972,1,6973,995.34,0.0995
EP006973,1,6974,1290.35,0.129
EP006974,1,6975,9463.18,0.9463
EP006975,1,6976,72.79,0.0073
EP006976,1,6977,7703.57,0.7704
EP006977,1,6978,186.07,0.0186
EP006978,1,6979,594.51,0.0595
EP006979,1,6980,1126.38,0.1126
EP006980,1,6981,1142.26,0.1142
EP006981,1,6982,35403.72,3.5404
EP006982,1,6983,5524.76,0.5525
EP006983,1,6984,13939.45,1.3939
EP006984,1,6985,3819.69,0.382
EP006985,1,6986,1064.93,0.1065
EP006986,1,6987,41343.95,4.1344
EP006987,1,6988,223.62,0.0224
EP006988,1,6989,870.31,0.087
EP006989,1,6990,8274.01,0.8274
EP006990,1,6991,265.18,0.0265
EP006991,1,6992,758.21,0.0758
EP006992,1,6993,142.2,0.0142
EP006993,1,6994,829.17,0.0829
EP006994,1,6995,22562.77,2.2563
EP006995,1,6996,178.14,0.0178
EP006996,1,6997,954.26,0.0954
EP006997,1,6998,817.62,0.0818
EP006998,1,6999,9792.17,0.9792
EP006999,1,7000,1055.82,0.1056
EP007000,1,7001,886.97,0.0887
EP007001,1,7002,5520.89,0.5521
EP007002,1,7003,9135.39,0.9135
EP007003,1,7004,3001.25,0.3001
EP007004,1,7005,29858.35,2.9858
EP007005,1,7006,1668.51,0.1669
EP007006,1,7007,1080.9,0.1081
EP007007,1,7008,2140.7,0.2141
EP007008,1,7009,2902.3,0.2902
EP007009,1,7010,760.42,0.076
EP007010,1,7011,1778.43,0.1778
EP007011,1,7012,163.46,0.0163
EP007012,1,7013,154.98,0.0155
EP007013,1,7014,623.58,0.0624
EP007014,1,7015,436.67,0.0437
EP007015,1,7016,168.89,0.0169
EP007016,1,7017,804.59,0.0805
EP007017,1,7018,17296.45,1.7296
EP007018,1,7019,819.89,0.082
EP007019,1,7020,1143.47,0.1143
EP007020,1,7021,153.14,0.0153
EP007021,1,7022,8136.58,0.8137
EP007022,1,7023,36.63,0.0037
EP007023,1,7024,873.52,0.0874
EP007024,1,7025,409.95,0.041
EP007025,1,7026,114.02,0.0114
EP007026,1,7027,22.87,0.0023
EP007027,1,7028,897.22,0.0897
EP007028,1,7029,3416.15,0.3416
EP007029,1,7030,74.32,0.0074
EP007030,1,7031,1552.91,0.1553
EP007031,1,7032,658.91,0.0659
EP007032,1,7033,1266.89,0.1267
EP007033,1,7034,50.06,0.005
EP007034,1,7035,9518.17,0.9518
EP007035,1,7036,708.03,0.0708
EP007036,1,7037,3583.0,0.3583
EP007037,1,7038,844.68,0.0845
EP007038,1,7039,795.38,0.0795
EP007039,1,7040,2829.14,0.2829
EP007040,1,7041,213.97,0.0214
EP007041,1,7042,21341.3,2.1341
EP007042,1,7043,1549.82,0.155
EP007043,1,7044,3304.13,0.3304
EP007044,1,7045,4445.09,0.4445
EP007045,1,7046,1951.57,0.1952
EP007046,1,7047,1204.94,0.1205
EP007047,1,7048,210.81,0.0211
EP007048,1,7049,1120.48,0.112
EP007049,1,7050,312.89,0.0313
EP007050,1,7051,500.65,0.0501
EP007051,1,7052,121.12,0.0121
EP007052,1,7053,1297.08,0.1297
EP007053,1,7054,242682.03,24.2682
EP007054,1,7055,1252.92,0.1253
EP007055,1,7056,1957.86,0.1958
EP007056,1,7057,13043.41,1.3043
EP007057,1,7058,15980.59,1.5981
EP007058,1,7059,6571.98,0.6572
EP007059,1,7060,2373.33,0.2373
EP007060,1,7061,31480.2,3.148
EP007061,1,7062,1631.13,0.1631
EP007062,1,7063,7995.35,0.7995
EP007063,1,7064,3476.58,0.3477
EP007064,1,7065,34514.53,3.4515
EP007065,1,7066,26086.02,2.6086
EP007066,1,7067,4575.66,0.4576
EP007067,1,7068,1771.78,0.1772
EP007068,1,7069,14558.51,1.4559
EP007069,1,7070,1332.59,0.1333
EP007070,1,7071,1230.27,0.123
EP007071,1,7072,2097.72,0.2098
EP007072,1,7073,126.05,0.0126
EP007073,1,7074,32740.33,3.274
EP007074,1,7075,125.81,0.0126
EP007075,1,7076,736.82,0.0737
EP007076,1,7077,1138.15,0.1138
EP007077,1,7078,266.65,0.0267
EP007078,1,7079,2078.49,0.2078
EP007079,1,7080,169.84,0.017
EP007080,1,7081,471.45,0.0471
EP007081,1,7082,5619.0,0.5619
EP007082,1,7083,1654.2,0.1654
EP007083,1,7084,134.67,0.0135
EP007084,1,7085,10298.16,1.0298
EP007085,1,7086,1567.82,0.1568
EP007086,1,7087,7.4,0.0007
EP007087,1,7088,246.43,0.0246
EP007088,1,7089,133668.21,13.3668
EP007089,1,7090,26.21,0.0026
EP007090,1,7091,11111.52,1.1112
EP007091,1,7092,214.67,0.0215
EP007092,1,7093,918.18,0.0918
EP007093,1,7094,25.32,0.0025
EP007094,1,7095,235.47,0.0235
EP007095,1,7096,39.28,0.0039
EP007096,1,7097,131.04,0.0131
EP007097,1,7098,2266.56,0.2267
EP007098,1,7099,25.21,0.0025
EP007099,1,7100,151.12,0.0151
EP007100,1,7101,3018.22,0.3018
EP007101,1,7102,22.83,0.0023
EP007102,1,7103,7.95,0.0008
EP007103,1,7104,1676.74,0.1677
EP007104,1,7105,251.6,0.0252
EP007105,1,7106,6.68,0.0007
EP007106,1,7107,2637.33,0.2637
EP007107,1,7108,55.52,0.0056
EP007108,1,7109,26.05,0.0026
EP007109,1,7110,144747.75,14.4748
EP007110,1,7111,243.61,0.0244
EP007111,1,7112,8.8,0.0009
EP007112,1,7113,123.73,0.0124
EP007113,1,7114,23.75,0.0024
EP007114,1,7115,23.24,0.0023
EP007115,1,7116,7.26,0.0007
EP007116,1,7117,3035.83,0.3036
EP007117,1,7118,556.85,0.0557
EP007118,1,7119,838.28,0.0838
EP007119,1,7120,27.58,0.0028
EP007120,1,7121,2804.6,0.2805
EP007121,1,7122,8567.14,0.8567
EP007122,1,7123,208.11,0.0208
EP007123,1,7124,44735.38,4.4735
EP007124,1,7125,127.69,0.0128
EP007125,1,7126,844.97,0.0845
EP007126,1,7127,200.63,0.0201
EP007127,1,7128,54.57,0.0055
EP007128,1,7129,122872.44,12.2872
EP007129,1,7130,884.67,0.0885
EP007130,1,7131,411.66,0.0412
EP007131,1,7132,163.05,0.0163
EP007132,1,7133,2811.57,0.2812
EP007133,1,7134,537.56,0.0538
EP007134,1,7135,3500.72,0.3501
EP007135,1,7136,229.92,0.023
EP007136,1,7137,30977.67,3.0978
EP007137,1,7138,2951.29,0.2951
EP007138,1,7139,5711.94,0.5712
EP007139,1,7140,172619.86,17.262
EP007140,1,7141,3054.69,0.3055
EP007141,1,7142,1222.96,0.1223
EP007142,1,7143,87229.41,8.7229
EP007143,1,7144,410.3,0.041
EP007144,1,7145,7447.9,0.7448
EP007145,1,7146,589.4,0.0589
EP007146,1,7147,2038.13,0.2038
EP007147,1,7148,2761.91,0.2762
EP007148,1,7149,479.52,0.048
EP007149,1,7150,499.33,0.0499
EP007150,1,7151,998.45,0.0998
EP007151,1,7152,10956.71,1.0957
EP007152,1,7153,6461.57,0.6462
EP007153,1,7154,977.63,0.0978
EP007154,1,7155,1222.81,0.1223
EP007155,1,7156,3240.72,0.3241
EP007156,1,7157,5607.39,0.5607
EP007157,1,7158,36341.83,3.6342
EP007158,1,7159,3365.94,0.3366
EP007159,1,7160,733.91,0.0734
EP007160,1,7161,996.22,0.0996
EP007161,1,7162,1848.82,0.1849
EP007162,1,7163,70.64,0.0071
EP007163,1,7164,1975.62,0.1976
EP007164,1,7165,15850.63,1.5851
EP007165,1,7166,1006.38,0.1006
EP007166,1,7167,98.57,0.0099
EP007167,1,7168,209.84,0.021
EP007168,1,7169,58.43,0.0058
EP007169,1,7170,322.59,0.0323
EP007170,1,7171,671.35,0.0671
EP007171,1,7172,2061.72,0.2062
EP007172,1,7173,1621.19,0.1621
EP007173,1,7174,13971.78,1.3972
EP007174,1,7175,147.94,0.0148
EP007175,1,7176,17264.36,1.7264
EP007176,1,7177,4071.96,0.4072
EP007177,1,7178,205.07,0.0205
EP007178,1,7179,356.66,0.0357
EP007179,1,7180,1092.36,0.1092
EP007180,1,7181,212.73,0.0213
EP007181,1,7182,250.74,0.0251
EP007182,1,7183,464.2,0.0464
EP007183,1,7184,11.32,0.0011
EP007184,1,7185,86.07,0.0086
EP007185,1,7186,2349.36,0.2349
EP007186,1,7187,2875.72,0.2876
EP007187,1,7188,7.29,0.0007
EP007188,1,7189,8584.64,0.8585
EP007189,1,7190,97.7,0.0098
EP007190,1,7191,94.6,0.0095
EP007191,1,7192,2700.41,0.27
EP007192,1,7193,1787.75,0.1788
EP007193,1,7194,1496.6,0.1497
EP007194,1,7195,549.57,0.055
EP007195,1,7196,927.12,0.0927
EP007196,1,7197,11557.11,1.1557
EP007197,1,7198,343.98,0.0344
EP007198,1,7199,800.23,0.08
EP007199,1,7200,16296.61,1.6297
EP007200,1,7201,777.18,0.0777
EP007201,1,7202,165.12,0.0165
EP007202,1,7203,5761.29,0.5761
EP007203,1,7204,766.67,0.0767
EP007204,1,7205,18321.69,1.8322
EP007205,1,7206,594.67,0.0595
EP007206,1,7207,3857.11,0.3857
EP007207,1,7208,373.53,0.0374
EP007208,1,7209,2977.54,0.2978
EP007209,1,7210,4495.37,0.4495
EP007210,1,7211,301.42,0.0301
EP007211,1,7212,54991.45,5.4991
EP007212,1,7213,19103.54,1.9104
EP007213,1,7214,6071.94,0.6072
EP007214,1,7215,170.12,0.017
EP007215,1,7216,3231.71,0.3232
EP007216,1,7217,8397.83,0.8398
EP007217,1,7218,63.17,0.0063
EP007218,1,7219,918.46,0.0918
EP007219,1,7220,1738.64,0.1739
EP007220,1,7221,110.77,0.0111
EP007221,1,7222,4160.8,0.4161
EP007222,1,7223,552.55,0.0553
EP007223,1,7224,6444.71,0.6445
EP007224,1,7225,1321.34,0.1321
EP007225,1,7226,84.41,0.0084
EP007226,1,7227,330.19,0.033
EP007227,1,7228,321.9,0.0322
EP007228,1,7229,63.35,0.0063
EP007229,1,7230,94.98,0.0095
EP007230,1,7231,575.19,0.0575
EP007231,1,7232,144.02,0.0144
EP007232,1,7233,162.99,0.0163
EP007233,1,7234,5202.41,0.5202
EP007234,1,7235,3202.14,0.3202
EP007235,1,7236,113.43,0.0113
EP007236,1,7237,10719.35,1.0719
EP007237,1,7238,15494.08,1.5494
EP007238,1,7239,1519.17,0.1519
EP007239,1,7240,13604.24,1.3604
EP007240,1,7241,8793.89,0.8794
EP007241,1,7242,445.23,0.0445
EP007242,1,7243,6514.2,0.6514
EP007243,1,7244,1254.76,0.1255
EP007244,1,7245,1136.31,0.1136
EP007245,1,7246,1071.93,0.1072
EP007246,1,7247,211.08,0.0211
EP007247,1,7248,694.78,0.0695
EP007248,1,7249,597.15,0.0597
EP007249,1,7250,419.15,0.0419
EP007250,1,7251,704.69,0.0705
EP007251,1,7252,14449.3,1.4449
EP007252,1,7253,728.26,0.0728
EP007253,1,7254,544.39,0.0544
EP007254,1,7255,6718.55,0.6719
EP007255,1,7256,2322.01,0.2322
EP007256,1,7257,14039.19,1.4039
EP007257,1,7258,1946.87,0.1947
EP007258,1,7259,598.18,0.0598
EP007259,1,7260,7085.92,0.7086
EP007260,1,7261,2034.44,0.2034
EP007261,1,7262,3284.98,0.3285
EP007262,1,7263,21473.53,2.1474
EP007263,1,7264,286.9,0.0287
EP007264,1,7265,4478.92,0.4479
EP007265,1,7266,294.38,0.0294
EP007266,1,7267,347.22,0.0347
EP007267,1,7268,5622.14,0.5622
EP007268,1,7269,3214.2,0.3214
EP007269,1,7270,10234.66,1.0235
EP007270,1,7271,2094.22,0.2094
EP007271,1,7272,27.77,0.0028
EP007272,1,7273,1297.92,0.1298
EP007273,1,7274,913.91,0.0914
EP007274,1,7275,659.09,0.0659
EP007275,1,7276,371792.28,37.1792
EP007276,1,7277,537.04,0.0537
EP007277,1,7278,1885.86,0.1886
EP007278,1,7279,1137.16,0.1137
EP007279,1,7280,42.59,0.0043
EP007280,1,7281,650.62,0.0651
EP007281,1,7282,16107.23,1.6107
EP007282,1,7283,2534.2,0.2534
EP007283,1,7284,4618.68,0.4619
EP007284,1,7285,4742.38,0.4742
EP007285,1,7286,501.47,0.0501
EP007286,1,7287,12640.94,1.2641
EP007287,1,7288,16291.18,1.6291
EP007288,1,7289,3078.44,0.3078
EP007289,1,7290,64.79,0.0065
EP007290,1,7291,3365.94,0.3366
EP007291,1,7292,703.61,0.0704
EP007292,1,7293,8064.33,0.8064
EP007293,1,7294,883.1,0.0883
EP007294,1,7295,2133.54,0.2134
EP007295,1,7296,257.34,0.0257
EP007296,1,7297,1042.43,0.1042
EP007297,1,7298,486.11,0.0486
EP007298,1,7299,53.09,0.0053
EP007299,1,7300,1615382.29,161.5382
EP007300,1,7301,1784.14,0.1784
EP007301,1,7302,515.64,0.0516
EP007302,1,7303,81.83,0.0082
EP007303,1,7304,809.35,0.0809
EP007304,1,7305,2999.91,0.3
EP007305,1,7306,19043.57,1.9044
EP007306,1,7307,192.43,0.0192
EP007307,1,7308,1946.26,0.1946
EP007308,1,7309,2355.89,0.2356
EP007309,1,7310,10580.4,1.058
EP007310,1,7311,4286.93,0.4287
EP007311,1,7312,121.38,0.0121
EP007312,1,7313,1429.77,0.143
EP007313,1,7314,501.9,0.0502
EP007314,1,7315,1711.35,0.1711
EP007315,1,7316,129.14,0.0129
EP007316,1,7317,186961.24,18.6961
EP007317,1,7318,1601.7,0.1602
EP007318,1,7319,1931.37,0.1931
EP007319,1,7320,889.78,0.089
EP007320,1,7321,1715.63,0.1716
EP007321,1,7322,57444.16,5.7444
EP007322,1,7323,1499.34,0.1499
EP007323,1,7324,726.27,0.0726
EP007324,1,7325,2326.41,0.2326
EP007325,1,7326,2709.45,0.2709
EP007326,1,7327,2256.12,0.2256
EP007327,1,7328,588.32,0.0588
EP007328,1,7329,114.99,0.0115
EP007329,1,7330,517.6,0.0518
EP007330,1,7331,65.06,0.0065
EP007331,1,7332,274.51,0.0275
EP007332,1,7333,3485.66,0.3486
EP007333,1,7334,1080.36,0.108
EP007334,1,7335,149.36,0.0149
EP007335,1,7336,1655.21,0.1655
EP007336,1,7337,323.62,0.0324
EP007337,1,7338,9826.75,0.9827
EP007338,1,7339,4188.04,0.4188
EP007339,1,7340,872.47,0.0872
EP007340,1,7341,238.23,0.0238
EP007341,1,7342,126.27,0.0126
EP007342,1,7343,296.89,0.0297
EP007343,1,7344,176.28,0.0176
EP007344,1,7345,94.36,0.0094
EP007345,1,7346,8272.03,0.8272
EP007346,1,7347,20716.89,2.0717
EP007347,1,7348,169.89,0.017
EP007348,1,7349,506.01,0.0506
EP007349,1,7350,1070.77,0.1071
EP007350,1,7351,708.03,0.0708
EP007351,1,7352,253.55,0.0254
EP007352,1,7353,18234.56,1.8235
EP007353,1,7354,52.08,0.0052
EP007354,1,7355,867.65,0.0868
EP007355,1,7356,253.4,0.0253
EP007356,1,7357,253.34,0.0253
EP007357,1,7358,867.65,0.0868
EP007358,1,7359,66.96,0.0067
EP007359,1,7360,18.47,0.0018
EP007360,1,7361,305.26,0.0305
EP007361,1,7362,295.12,0.0295
EP007362,1,7363,267.31,0.0267
EP007363,1,7364,297.23,0.0297
EP007364,1,7365,1533.43,0.1533
EP007365,1,7366,349.98,0.035
EP007366,1,7367,69.54,0.007
EP007367,1,7368,4589.73,0.459
EP007368,1,7369,333.42,0.0333
EP007369,1,7370,860.23,0.086
EP007370,1,7371,5156.77,0.5157
EP007371,1,7372,122.19,0.0122
EP007372,1,7373,323.23,0.0323
EP007373,1,7374,2007.6,0.2008
EP007374,1,7375,2113.8,0.2114
EP007375,1,7376,1010.06,0.101
EP007376,1,7377,297.15,0.0297
EP007377,1,7378,56.22,0.0056
EP007378,1,7379,6597.81,0.6598
EP007379,1,7380,296.91,0.0297
EP007380,1,7381,731.0,0.0731
EP007381,1,7382,253.64,0.0254
EP007382,1,7383,2169.43,0.2169
EP007383,1,7384,1724.6,0.1725
EP007384,1,7385,395.0,0.0395
EP007385,1,7386,344.2,0.0344
EP007386,1,7387,336.33,0.0336
EP007387,1,7388,2104.94,0.2105
EP007388,1,7389,52.67,0.0053
EP007389,1,7390,1547.87,0.1548
EP007390,1,7391,336.19,0.0336
EP007391,1,7392,31253.63,3.1254
EP007392,1,7393,122.09,0.0122
EP007393,1,7394,642.17,0.0642
EP007394,1,7395,336.07,0.0336
EP007395,1,7396,3524.01,0.3524
EP007396,1,7397,441.36,0.0441
EP007397,1,7398,1016.35,0.1016
EP007398,1,7399,335.95,0.0336
EP007399,1,7400,66.0,0.0066
EP007400,1,7401,115.36,0.0115
EP007401,1,7402,74.08,0.0074
EP007402,1,7403,1025.61,0.1026
EP007403,1,7404,12743.86,1.2744
EP007404,1,7405,1752.95,0.1753
EP007405,1,7406,657.56,0.0658
EP007406,1,7407,139.68,0.014
EP007407,1,7408,109.76,0.011
EP007408,1,7409,686.62,0.0687
EP007409,1,7410,897.41,0.0897
EP007410,1,7411,9820.37,0.982
EP007411,1,7412,1666.12,0.1666
EP007412,1,7413,3806.26,0.3806
EP007413,1,7414,211.28,0.0211
EP007414,1,7415,2436.07,0.2436
EP007415,1,7416,2418.63,0.2419
EP007416,1,7417,6691.31,0.6691
EP007417,1,7418,1851.27,0.1851
EP007418,1,7419,1606.21,0.1606
EP007419,1,7420,11796.98,1.1797
EP007420,1,7421,6705.71,0.6706
EP007421,1,7422,1184.72,0.1185
EP007422,1,7423,15184.3,1.5184
EP007423,1,7424,1866.22,0.1866
EP007424,1,7425,10533.66,1.0534
EP007425,1,7426,1412.98,0.1413
EP007426,1,7427,835.26,0.0835
EP007427,1,7428,1922.77,0.1923
EP007428,1,7429,30907.7,3.0908
EP007429,1,7430,360.86,0.0361
EP007430,1,7431,2404.51,0.2405
EP007431,1,7432,2483.92,0.2484
EP007432,1,7433,776.7,0.0777
EP007433,1,7434,10958.02,1.0958
EP007434,1,7435,2755.1,0.2755
EP007435,1,7436,1877.01,0.1877
EP007436,1,7437,3665.93,0.3666
EP007437,1,7438,7522.81,0.7523
EP007438,1,7439,1874.94,0.1875
EP007439,1,7440,4834.04,0.4834
EP007440,1,7441,879.28,0.0879
EP007441,1,7442,2731.09,0.2731
EP007442,1,7443,5396.46,0.5396
EP007443,1,7444,44.73,0.0045
EP007444,1,7445,1070.86,0.1071
EP007445,1,7446,2053.88,0.2054
EP007446,1,7447,1141.64,0.1142
EP007447,1,7448,113.1,0.0113
EP007448,1,7449,1859.93,0.186
EP007449,1,7450,925.12,0.0925
EP007450,1,7451,580.74,0.0581
EP007451,1,7452,211.03,0.0211
EP007452,1,7453,2585.53,0.2586
EP007453,1,7454,5035.26,0.5035
EP007454,1,7455,5499.84,0.55
EP007455,1,7456,6740.81,0.6741
EP007456,1,7457,111.97,0.0112
EP007457,1,7458,1385.75,0.1386
EP007458,1,7459,306.11,0.0306
EP007459,1,7460,136.45,0.0136
EP007460,1,7461,2715.27,0.2715
EP007461,1,7462,1356.78,0.1357
EP007462,1,7463,195.77,0.0196
EP007463,1,7464,931883.66,93.1884
EP007464,1,7465,2035.97,0.2036
EP007465,1,7466,68.08,0.0068
EP007466,1,7467,128.02,0.0128
EP007467,1,7468,1.75,0.0002
EP007468,1,7469,375.76,0.0376
EP007469,1,7470,102.43,0.0102
EP007470,1,7471,101.33,0.0101
EP007471,1,7472,2361.46,0.2361
EP007472,1,7473,930.6,0.0931
EP007473,1,7474,10386.84,1.0387
EP007474,1,7475,68.6,0.0069
EP007475,1,7476,7853.52,0.7854
EP007476,1,7477,140.33,0.014
EP007477,1,7478,13616.01,1.3616
EP007478,1,7479,823.46,0.0823
EP007479,1,7480,28317.47,2.8317
EP007480,1,7481,222.94,0.0223
EP007481,1,7482,247879.87,24.788
EP007482,1,7483,1390.33,0.139
EP007483,1,7484,9635.62,0.9636
EP007484,1,7485,277.79,0.0278
EP007485,1,7486,14804.71,1.4805
EP007486,1,7487,20053.16,2.0053
EP007487,1,7488,3365.94,0.3366
EP007488,1,7489,851.32,0.0851
EP007489,1,7490,12390.75,1.2391
EP007490,1,7491,1047.67,0.1048
EP007491,1,7492,91.98,0.0092
EP007492,1,7493,121.07,0.0121
EP007493,1,7494,4871.98,0.4872
EP007494,1,7495,101.88,0.0102
EP007495,1,7496,943.39,0.0943
EP007496,1,7497,4228.3,0.4228
EP007497,1,7498,2450.86,0.2451
EP007498,1,7499,13214.19,1.3214
EP007499,1,7500,29.85,0.003
EP007500,1,7501,8518.46,0.8518
EP007501,1,7502,92.22,0.0092
EP007502,1,7503,1416.17,0.1416
EP007503,1,7504,594.64,0.0595
EP007504,1,7505,2053.6,0.2054
EP007505,1,7506,360.75,0.0361
EP007506,1,7507,10186.5,1.0187
EP007507,1,7508,61.53,0.0062
EP007508,1,7509,458.58,0.0459
EP007509,1,7510,1514.2,0.1514
EP007510,1,7511,250.31,0.025
EP007511,1,7512,2367.27,0.2367
EP007512,1,7513,20571.19,2.0571
EP007513,1,7514,272.21,0.0272
EP007514,1,7515,1288.15,0.1288
EP007515,1,7516,151.13,0.0151
EP007516,1,7517,3122.09,0.3122
EP007517,1,7518,129.44,0.0129
EP007518,1,7519,80822.68,8.0823
EP007519,1,7520,54.1,0.0054
EP007520,1,7521,851.13,0.0851
EP007521,1,7522,5194.97,0.5195
EP007522,1,7523,557.11,0.0557
EP007523,1,7524,41.53,0.0042
EP007524,1,7525,331.0,0.0331
EP007525,1,7526,4820.04,0.482
EP007526,1,7527,95.24,0.0095
EP007527,1,7528,38.39,0.0038
EP007528,1,7529,1216.09,0.1216
EP007529,1,7530,257.07,0.0257
EP007530,1,7531,331.32,0.0331
EP007531,1,7532,8215.11,0.8215
EP007532,1,7533,1423.94,0.1424
EP007533,1,7534,5277.15,0.5277
EP007534,1,7535,273.37,0.0273
EP007535,1,7536,2471.45,0.2471
EP007536,1,7537,5248.01,0.5248
EP007537,1,7538,389.69,0.039
EP007538,1,7539,121.96,0.0122
EP007539,1,7540,11150.91,1.1151
EP007540,1,7541,299.08,0.0299
EP007541,1,7542,757.84,0.0758
EP007542,1,7543,1117.67,0.1118
EP007543,1,7544,173.32,0.0173
EP007544,1,7545,246090.36,24.609
EP007545,1,7546,1400.68,0.1401
EP007546,1,7547,33.43,0.0033
EP007547,1,7548,17749.81,1.775
EP007548,1,7549,150.47,0.015
EP007549,1,7550,1271.6,0.1272
EP007550,1,7551,1006.78,0.1007
EP007551,1,7552,335.36,0.0335
EP007552,1,7553,7194.66,0.7195
EP007553,1,7554,211.48,0.0211
EP007554,1,7555,713.23,0.0713
EP007555,1,7556,380.55,0.0381
EP007556,1,7557,380.55,0.0381
EP007557,1,7558,66.88,0.0067
EP007558,1,7559,133.59,0.0134
EP007559,1,7560,384.05,0.0384
EP007560,1,7561,3141.61,0.3142
EP007561,1,7562,337.83,0.0338
EP007562,1,7563,237.48,0.0237
EP007563,1,7564,426.3,0.0426
EP007564,1,7565,680.0,0.068
EP007565,1,7566,2148.79,0.2149
EP007566,1,7567,347.2,0.0347
EP007567,1,7568,76.15,0.0076
EP007568,1,7569,30.9,0.0031
EP007569,1,7570,160.37,0.016
EP007570,1,7571,286.04,0.0286
EP007571,1,7572,332.27,0.0332
EP007572,1,7573,46.85,0.0047
EP007573,1,7574,115.99,0.0116
EP007574,1,7575,105.63,0.0106
EP007575,1,7576,5610.38,0.561
EP007576,1,7577,199.36,0.0199
EP007577,1,7578,181.62,0.0182
EP007578,1,7579,468.65,0.0469
EP007579,1,7580,92.01,0.0092
EP007580,1,7581,98.65,0.0099
EP007581,1,7582,10017.02,1.0017
EP007582,1,7583,32.58,0.0033
EP007583,1,7584,30.52,0.0031
EP007584,1,7585,22720.68,2.2721
EP007585,1,7586,42770.71,4.2771
EP007586,1,7587,394.88,0.0395
EP007587,1,7588,244.76,0.0245
EP007588,1,7589,5224.68,0.5225
EP007589,1,7590,3050.38,0.305
EP007590,1,7591,295.3,0.0295
EP007591,1,7592,429.91,0.043
EP007592,1,7593,545.21,0.0545
EP007593,1,7594,4656.37,0.4656
EP007594,1,7595,524.08,0.0524
EP007595,1,7596,520959.69,52.096
EP007596,1,7597,1168.32,0.1168
EP007597,1,7598,3676.57,0.3677
EP007598,1,7599,136.45,0.0136
EP007599,1,7600,1702.43,0.1702
EP007600,1,7601,20277.34,2.0277
EP007601,1,7602,1272.58,0.1273
EP007602,1,7603,1184.46,0.1184
EP007603,1,7604,196.41,0.0196
EP007604,1,7605,264.66,0.0265
EP007605,1,7606,1328.9,0.1329
EP007606,1,7607,1004.75,0.1005
EP007607,1,7608,3689.5,0.3689
EP007608,1,7609,6380.94,0.6381
EP007609,1,7610,241.99,0.0242
EP007610,1,7611,406.63,0.0407
EP007611,1,7612,60038.99,6.0039
EP007612,1,7613,94.42,0.0094
EP007613,1,7614,652.19,0.0652
EP007614,1,7615,7705.2,0.7705
EP007615,1,7616,346.03,0.0346
EP007616,1,7617,383.27,0.0383
EP007617,1,7618,1070.56,0.1071
EP007618,1,7619,6733.91,0.6734
EP007619,1,7620,1130.99,0.1131
EP007620,1,7621,1099.11,0.1099
EP007621,1,7622,1327.55,0.1328
EP007622,1,7623,15743.75,1.5744
EP007623,1,7624,280.47,0.028
EP007624,1,7625,28.72,0.0029
EP007625,1,7626,628.89,0.0629
EP007626,1,7627,87.42,0.0087
EP007627,1,7628,151.2,0.0151
EP007628,1,7629,348.19,0.0348
EP007629,1,7630,5903.37,0.5903
EP007630,1,7631,759.41,0.0759
EP007631,1,7632,5619.63,0.562
EP007632,1,7633,156.43,0.0156
EP007633,1,7634,296.93,0.0297
EP007634,1,7635,6383.36,0.6383
EP007635,1,7636,50052.44,5.0052
EP007636,1,7637,192.48,0.0192
EP007637,1,7638,108.35,0.0108
EP007638,1,7639,1365.79,0.1366
EP007639,1,7640,57.73,0.0058
EP007640,1,7641,8221.98,0.8222
EP007641,1,7642,33937.92,3.3938
EP007642,1,7643,3337.72,0.3338
EP007643,1,7644,1833.97,0.1834
EP007644,1,7645,1194.9,0.1195
EP007645,1,7646,435.0,0.0435
EP007646,1,7647,579.82,0.058
EP007647,1,7648,1227.33,0.1227
EP007648,1,7649,178.33,0.0178
EP007649,1,7650,117.01,0.0117
EP007650,1,7651,477.23,0.0477
EP007651,1,7652,68.99,0.0069
EP007652,1,7653,39.23,0.0039
EP007653,1,7654,393.13,0.0393
EP007654,1,7655,316.24,0.0316
EP007655,1,7656,1640.1,0.164
EP007656,1,7657,68.85,0.0069
EP007657,1,7658,494.71,0.0495
EP007658,1,7659,4845.26,0.4845
EP007659,1,7660,173.09,0.0173
EP007660,1,7661,67.82,0.0068
EP007661,1,7662,66.9,0.0067
EP007662,1,7663,146.22,0.0146
EP007663,1,7664,517.42,0.0517
EP007664,1,7665,13794.68,1.3795
EP007665,1,7666,72.24,0.0072
EP007666,1,7667,582.78,0.0583
EP007667,1,7668,111.34,0.0111
EP007668,1,7669,402.61,0.0403
EP007669,1,7670,567.05,0.0567
EP007670,1,7671,3432.31,0.3432
EP007671,1,7672,209.12,0.0209
EP007672,1,7673,195.75,0.0196
EP007673,1,7674,379.22,0.0379
EP007674,1,7675,1082.21,0.1082
EP007675,1,7676,2650.96,0.2651
EP007676,1,7677,84.11,0.0084
EP007677,1,7678,315.55,0.0316
EP007678,1,7679,5012.46,0.5012
EP007679,1,7680,745.11,0.0745
EP007680,1,7681,1528.9,0.1529
EP007681,1,7682,2093.21,0.2093
EP007682,1,7683,29506.98,2.9507
EP007683,1,7684,720.75,0.0721
EP007684,1,7685,1537.57,0.1538
EP007685,1,7686,832.06,0.0832
EP007686,1,7687,2103.15,0.2103
EP007687,1,7688,475.79,0.0476
EP007688,1,7689,4252.55,0.4253
EP007689,1,7690,10145.44,1.0145
EP007690,1,7691,951.93,0.0952
EP007691,1,7692,4935.66,0.4936
EP007692,1,7693,8235.93,0.8236
EP007693,1,7694,33037.56,3.3038
EP007694,1,7695,72518.57,7.2519
EP007695,1,7696,4807.47,0.4807
EP007696,1,7697,3365.94,0.3366
EP007697,1,7698,2427.25,0.2427
EP007698,1,7699,128884.94,12.8885
EP007699,1,7700,20275.24,2.0275
EP007700,1,7701,1036.34,0.1036
EP007701,1,7702,67.67,0.0068
EP007702,1,7703,7780.79,0.7781
EP007703,1,7704,43.41,0.0043
EP007704,1,7705,16103.31,1.6103
EP007705,1,7706,2060.6,0.2061
EP007706,1,7707,19.56,0.002
EP007707,1,7708,138.0,0.0138
EP007708,1,7709,21.73,0.0022
EP007709,1,7710,16.16,0.0016
EP007710,1,7711,14149.62,1.415
EP007711,1,7712,54264.93,5.4265
EP007712,1,7713,623.01,0.0623
EP007713,1,7714,5264.14,0.5264
EP007714,1,7715,37.0,0.0037
EP007715,1,7716,27.56,0.0028
EP007716,1,7717,72608.99,7.2609
EP007717,1,7718,149.32,0.0149
EP007718,1,7719,575.78,0.0576
EP007719,1,7720,233.02,0.0233
EP007720,1,7721,562.28,0.0562
EP007721,1,7722,51.49,0.0051
EP007722,1,7723,96.98,0.0097
EP007723,1,7724,347.9,0.0348
EP007724,1,7725,632.39,0.0632
EP007725,1,7726,7177.93,0.7178
EP007726,1,7727,544.2,0.0544
EP007727,1,7728,400.38,0.04
EP007728,1,7729,22.24,0.0022
EP007729,1,7730,305.93,0.0306
EP007730,1,7731,98.25,0.0098
EP007731,1,7732,273.4,0.0273
EP007732,1,7733,498.94,0.0499
EP007733,1,7734,158.22,0.0158
EP007734,1,7735,540.71,0.0541
EP007735,1,7736,1330.59,0.1331
EP007736,1,7737,496.44,0.0496
EP007737,1,7738,85.11,0.0085
EP007738,1,7739,80.79,0.0081
EP007739,1,7740,518.23,0.0518
EP007740,1,7741,112.79,0.0113
EP007741,1,7742,364.64,0.0365
EP007742,1,7743,31989.31,3.1989
EP007743,1,7744,54684.85,5.4685
EP007744,1,7745,479.05,0.0479
EP007745,1,7746,42.22,0.0042
EP007746,1,7747,27.91,0.0028
EP007747,1,7748,151.29,0.0151
EP007748,1,7749,4.27,0.0004
EP007749,1,7750,1062.37,0.1062
EP007750,1,7751,172.87,0.0173
EP007751,1,7752,96.42,0.0096
EP007752,1,7753,223.92,0.0224
EP007753,1,7754,502.1,0.0502
EP007754,1,7755,9.38,0.0009
EP007755,1,7756,4858.49,0.4858
EP007756,1,7757,11.05,0.0011
EP007757,1,7758,975.71,0.0976
EP007758,1,7759,103.09,0.0103
EP007759,1,7760,3570.83,0.3571
EP007760,1,7761,547.56,0.0548
EP007761,1,7762,171.32,0.0171
EP007762,1,7763,8516.95,0.8517
EP007763,1,7764,16.37,0.0016
EP007764,1,7765,2858.49,0.2858
EP007765,1,7766,944.08,0.0944
EP007766,1,7767,39.3,0.0039
EP007767,1,7768,17.43,0.0017
EP007768,1,7769,65.46,0.0065
EP007769,1,7770,40.81,0.0041
EP007770,1,7771,17.72,0.0018
EP007771,1,7772,27.97,0.0028
EP007772,1,7773,435.24,0.0435
EP007773,1,7774,352.42,0.0352
EP007774,1,7775,46.91,0.0047
EP007775,1,7776,148.3,0.0148
EP007776,1,7777,783.27,0.0783
EP007777,1,7778,319.9,0.032
EP007778,1,7779,165.33,0.0165
EP007779,1,7780,569.62,0.057
EP007780,1,7781,4353.29,0.4353
EP007781,1,7782,283.92,0.0284
EP007782,1,7783,667.55,0.0668
EP007783,1,7784,168.98,0.0169
EP007784,1,7785,221.67,0.0222
EP007785,1,7786,5469.63,0.547
EP007786,1,7787,1700.44,0.17
EP007787,1,7788,947.38,0.0947
EP007788,1,7789,56.41,0.0056
EP007789,1,7790,147.62,0.0148
EP007790,1,7791,36.05,0.0036
EP007791,1,7792,632.5,0.0632
EP007792,1,7793,2460.36,0.246
EP007793,1,7794,1090.9,0.1091
EP007794,1,7795,400.7,0.0401
EP007795,1,7796,532.37,0.0532
EP007796,1,7797,32.77,0.0033
EP007797,1,7798,873.81,0.0874
EP007798,1,7799,92.04,0.0092
EP007799,1,7800,762.82,0.0763
EP007800,1,7801,39.79,0.004
EP007801,1,7802,189.74,0.019
EP007802,1,7803,504.91,0.0505
EP007803,1,7804,40.17,0.004
EP007804,1,7805,186.69,0.0187
EP007805,1,7806,450.31,0.045
EP007806,1,7807,295.94,0.0296
EP007807,1,7808,180.64,0.0181
EP007808,1,7809,3607.89,0.3608
EP007809,1,7810,70.5,0.007
EP007810,1,7811,14.65,0.0015
EP007811,1,7812,115.65,0.0116
EP007812,1,7813,155.69,0.0156
EP007813,1,7814,2605.63,0.2606
EP007814,1,7815,10985.18,1.0985
EP007815,1,7816,166.1,0.0166
EP007816,1,7817,1584.79,0.1585
EP007817,1,7818,81.83,0.0082
EP007818,1,7819,2157.93,0.2158
EP007819,1,7820,2099.03,0.2099
EP007820,1,7821,65.54,0.0066
EP007821,1,7822,198.22,0.0198
EP007822,1,7823,12735.51,1.2736
EP007823,1,7824,11.41,0.0011
EP007824,1,7825,2315.54,0.2316
EP007825,1,7826,25.29,0.0025
EP007826,1,7827,24.54,0.0025
EP007827,1,7828,31.64,0.0032
EP007828,1,7829,110.07,0.011
EP007829,1,7830,20.7,0.0021
EP007830,1,7831,208.72,0.0209
EP007831,1,7832,64.17,0.0064
EP007832,1,7833,111.13,0.0111
EP007833,1,7834,536.32,0.0536
EP007834,1,7835,307.21,0.0307
EP007835,1,7836,1155.11,0.1155
EP007836,1,7837,3641.6,0.3642
EP007837,1,7838,143.97,0.0144
EP007838,1,7839,3388.55,0.3389
EP007839,1,7840,11104.77,1.1105
EP007840,1,7841,290.01,0.029
EP007841,1,7842,103.43,0.0103
EP007842,1,7843,176.83,0.0177
EP007843,1,7844,1053.22,0.1053
EP007844,1,7845,330.23,0.033
EP007845,1,7846,31.7,0.0032
EP007846,1,7847,477.96,0.0478
EP007847,1,7848,61.24,0.0061
EP007848,1,7849,15975.09,1.5975
EP007849,1,7850,2553.66,0.2554
EP007850,1,7851,380.55,0.0381
EP007851,1,7852,475.97,0.0476
EP007852,1,7853,81.83,0.0082
EP007853,1,7854,90.89,0.0091
EP007854,1,7855,146.19,0.0146
EP007855,1,7856,30695.81,3.0696
EP007856,1,7857,2285.75,0.2286
EP007857,1,7858,168.87,0.0169
EP007858,1,7859,377.19,0.0377
EP007859,1,7860,11424.38,1.1424
EP007860,1,7861,606.23,0.0606
EP007861,1,7862,9790.51,0.9791
EP007862,1,7863,5020.41,0.502
EP007863,1,7864,603.37,0.0603
EP007864,1,7865,682.29,0.0682
EP007865,1,7866,238.76,0.0239
EP007866,1,7867,126895.76,12.6896
EP007867,1,7868,163.42,0.0163
EP007868,1,7869,3526.21,0.3526
EP007869,1,7870,26.97,0.0027
EP007870,1,7871,80.89,0.0081
EP007871,1,7872,4894.54,0.4895
EP007872,1,7873,12719.16,1.2719
EP007873,1,7874,57.34,0.0057
EP007874,1,7875,383.99,0.0384
EP007875,1,7876,292.02,0.0292
EP007876,1,7877,2591.46,0.2591
EP007877,1,7878,1216.28,0.1216
EP007878,1,7879,10091.2,1.0091
EP007879,1,7880,657.9,0.0658
EP007880,1,7881,37311.08,3.7311
EP007881,1,7882,739.21,0.0739
EP007882,1,7883,17421.27,1.7421
EP007883,1,7884,50415.94,5.0416
EP007884,1,7885,150.32,0.015
EP007885,1,7886,4322.45,0.4322
EP007886,1,7887,1971.58,0.1972
EP007887,1,7888,36986.7,3.6987
EP007888,1,7889,1078.53,0.1079
EP007889,1,7890,100.54,0.0101
EP007890,1,7891,618.88,0.0619
EP007891,1,7892,420.82,0.0421
EP007892,1,7893,90.69,0.0091
EP007893,1,7894,2713.15,0.2713
EP007894,1,7895,109.33,0.0109
EP007895,1,7896,4228.13,0.4228
EP007896,1,7897,798.01,0.0798
EP007897,1,7898,528.45,0.0528
EP007898,1,7899,60572.29,6.0572
EP007899,1,7900,985.26,0.0985
EP007900,1,7901,2567.31,0.2567
EP007901,1,7902,1696.9,0.1697
EP007902,1,7903,700.81,0.0701
EP007903,1,7904,530.1,0.053
EP007904,1,7905,1175.21,0.1175
EP007905,1,7906,363.49,0.0363
EP007906,1,7907,3245.41,0.3245
EP007907,1,7908,1923.73,0.1924
EP007908,1,7909,1695.95,0.1696
EP007909,1,7910,18839.1,1.8839
EP007910,1,7911,2458.26,0.2458
EP007911,1,7912,195.61,0.0196
EP007912,1,7913,723.26,0.0723
EP007913,1,7914,1610.14,0.161
EP007914,1,7915,4891.9,0.4892
EP007915,1,7916,74937.13,7.4937
EP007916,1,7917,1238.05,0.1238
EP007917,1,7918,89.54,0.009
EP007918,1,7919,10776.47,1.0776
EP007919,1,7920,246.66,0.0247
EP007920,1,7921,2025.87,0.2026
EP007921,1,7922,791.49,0.0791
EP007922,1,7923,531.47,0.0531
EP007923,1,7924,378.88,0.0379
EP007924,1,7925,421.44,0.0421
EP007925,1,7926,20039.65,2.004
EP007926,1,7927,258.79,0.0259
EP007927,1,7928,1954.92,0.1955
EP007928,1,7929,778.43,0.0778
EP007929,1,7930,378.7,0.0379
EP007930,1,7931,266.9,0.0267
EP007931,1,7932,2138.92,0.2139
EP007932,1,7933,432.21,0.0432
EP007933,1,7934,3428.18,0.3428
EP007934,1,7935,780.46,0.078
EP007935,1,7936,196.62,0.0197
EP007936,1,7937,1750.89,0.1751
EP007937,1,7938,1360.17,0.136
EP007938,1,7939,14.78,0.0015
EP007939,1,7940,13114.47,1.3114
EP007940,1,7941,1760.74,0.1761
EP007941,1,7942,43696.19,4.3696
EP007942,1,7943,639.69,0.064
EP007943,1,7944,11175.53,1.1176
EP007944,1,7945,713.74,0.0714
EP007945,1,7946,328.69,0.0329
EP007946,1,7947,641.66,0.0642
EP007947,1,7948,1940.25,0.194
EP007948,1,7949,17.2,0.0017
EP007949,1,7950,494.86,0.0495
EP007950,1,7951,167.29,0.0167
EP007951,1,7952,1379.19,0.1379
EP007952,1,7953,58.29,0.0058
EP007953,1,7954,57.26,0.0057
EP007954,1,7955,1061.8,0.1062
EP007955,1,7956,90.8,0.0091
EP007956,1,7957,12.19,0.0012
EP007957,1,7958,72.95,0.0073
EP007958,1,7959,16.07,0.0016
EP007959,1,7960,1246.85,0.1247
EP007960,1,7961,407.82,0.0408
EP007961,1,7962,30.73,0.0031
EP007962,1,7963,12.58,0.0013
EP007963,1,7964,9.88,0.001
EP007964,1,7965,370.77,0.0371
EP007965,1,7966,4914.36,0.4914
EP007966,1,7967,309.31,0.0309
EP007967,1,7968,309.37,0.0309
EP007968,1,7969,37.77,0.0038
EP007969,1,7970,395.91,0.0396
EP007970,1,7971,1484.4,0.1484
EP007971,1,7972,9554.96,0.9555
EP007972,1,7973,618.22,0.0618
EP007973,1,7974,27.47,0.0027
EP007974,1,7975,10042.52,1.0043
EP007975,1,7976,182.13,0.0182
EP007976,1,7977,5466.29,0.5466
EP007977,1,7978,1731.31,0.1731
EP007978,1,7979,15432.87,1.5433
EP007979,1,7980,163.28,0.0163
EP007980,1,7981,808.9,0.0809
EP007981,1,7982,85.71,0.0086
EP007982,1,7983,193.98,0.0194
EP007983,1,7984,131.04,0.0131
EP007984,1,7985,1207.79,0.1208
EP007985,1,7986,25.76,0.0026
EP007986,1,7987,326.7,0.0327
EP007987,1,7988,27.25,0.0027
EP007988,1,7989,787.77,0.0788
EP007989,1,7990,27.27,0.0027
EP007990,1,7991,320.4,0.032
EP007991,1,7992,261.39,0.0261
EP007992,1,7993,2987.89,0.2988
EP007993,1,7994,418.78,0.0419
EP007994,1,7995,6252.46,0.6252
EP007995,1,7996,135.47,0.0135
EP007996,1,7997,100.61,0.0101
EP007997,1,7998,39.07,0.0039
EP007998,1,7999,193.9,0.0194
EP007999,1,8000,1086.55,0.1087
EP008000,1,8001,82.51,0.0083
EP008001,1,8002,2762.19,0.2762
EP008002,1,8003,256.68,0.0257
EP008003,1,8004,191.91,0.0192
EP008004,1,8005,72.85,0.0073
EP008005,1,8006,8678.39,0.8678
EP008006,1,8007,1210.97,0.1211
EP008007,1,8008,2447.53,0.2448
EP008008,1,8009,34.7,0.0035
EP008009,1,8010,168.05,0.0168
EP008010,1,8011,557.42,0.0557
EP008011,1,8012,10207.29,1.0207
EP008012,1,8013,94.87,0.0095
EP008013,1,8014,71.77,0.0072
EP008014,1,8015,351.83,0.0352
EP008015,1,8016,8742.38,0.8742
EP008016,1,8017,3633.2,0.3633
EP008017,1,8018,337.49,0.0337
EP008018,1,8019,6822.03,0.6822
EP008019,1,8020,2071.37,0.2071
EP008020,1,8021,4297.01,0.4297
EP008021,1,8022,202.05,0.0202
EP008022,1,8023,859.14,0.0859
EP008023,1,8024,13915.83,1.3916
EP008024,1,8025,468.71,0.0469
EP008025,1,8026,5001.52,0.5002
EP008026,1,8027,2110.73,0.2111
EP008027,1,8028,131.9,0.0132
EP008028,1,8029,1992.45,0.1992
EP008029,1,8030,128.82,0.0129
EP008030,1,8031,443.87,0.0444
EP008031,1,8032,30.13,0.003
EP008032,1,8033,152750.36,15.275
EP008033,1,8034,61.91,0.0062
EP008034,1,8035,49.56,0.005
EP008035,1,8036,1569.67,0.157
EP008036,1,8037,515.06,0.0515
EP008037,1,8038,55.65,0.0056
EP008038,1,8039,50.79,0.0051
EP008039,1,8040,110.4,0.011
EP008040,1,8041,3139.28,0.3139
EP008041,1,8042,134410.11,13.441
EP008042,1,8043,60.65,0.0061
EP008043,1,8044,59.55,0.006
EP008044,1,8045,361.62,0.0362
EP008045,1,8046,173.87,0.0174
EP008046,1,8047,125.9,0.0126
EP008047,1,8048,714.18,0.0714
EP008048,1,8049,3333.24,0.3333
EP008049,1,8050,316.81,0.0317
EP008050,1,8051,2368.1,0.2368
EP008051,1,8052,1840.36,0.184
EP008052,1,8053,277.97,0.0278
EP008053,1,8054,220.01,0.022
EP008054,1,8055,9210.55,0.9211
EP008055,1,8056,2750.78,0.2751
EP008056,1,8057,28658.61,2.8659
EP008057,1,8058,19095.39,1.9095
EP008058,1,8059,1213.87,0.1214
EP008059,1,8060,175.83,0.0176
EP008060,1,8061,307997.6,30.7998
EP008061,1,8062,4374.08,0.4374
EP008062,1,8063,180.95,0.0181
EP008063,1,8064,942.25,0.0942
EP008064,1,8065,15410.15,1.541
EP008065,1,8066,5033.53,0.5034
EP008066,1,8067,667.98,0.0668
EP008067,1,8068,111.45,0.0111
EP008068,1,8069,61.7,0.0062
EP008069,1,8070,44.38,0.0044
EP008070,1,8071,141.82,0.0142
EP008071,1,8072,73.62,0.0074
EP008072,1,8073,73.62,0.0074
EP008073,1,8074,360322.45,36.0322
EP008074,1,8075,155.6,0.0156
EP008075,1,8076,15.47,0.0015
EP008076,1,8077,204.85,0.0205
EP008077,1,8078,74.19,0.0074
EP008078,1,8079,988.86,0.0989
EP008079,1,8080,11.75,0.0012
EP008080,1,8081,7116.63,0.7117
EP008081,1,8082,399969.96,39.997
EP008082,1,8083,37.01,0.0037
EP008083,1,8084,43.59,0.0044
EP008084,1,8085,42.54,0.0043
EP008085,1,8086,130.2,0.013
EP008086,1,8087,45097.43,4.5097
EP008087,1,8088,318637.64,31.8638
EP008088,1,8089,166.24,0.0166
EP008089,1,8090,836.97,0.0837
EP008090,1,8091,580.7,0.0581
EP008091,1,8092,1405.31,0.1405
EP008092,1,8093,196.6,0.0197
EP008093,1,8094,106.91,0.0107
EP008094,1,8095,156.88,0.0157
EP008095,1,8096,468.77,0.0469
EP008096,1,8097,1031.56,0.1032
EP008097,1,8098,1895.48,0.1895
EP008098,1,8099,186.5,0.0186
EP008099,1,8100,1609.2,0.1609
EP008100,1,8101,66939.97,6.694
EP008101,1,8102,7092.17,0.7092
EP008102,1,8103,669.27,0.0669
EP008103,1,8104,678.27,0.0678
EP008104,1,8105,25367.63,2.5368
EP008105,1,8106,3573.79,0.3574
EP008106,1,8107,2786.22,0.2786
EP008107,1,8108,648.89,0.0649
EP008108,1,8109,1548.26,0.1548
EP008109,1,8110,3387.36,0.3387
EP008110,1,8111,195395.25,19.5395
EP008111,1,8112,46.92,0.0047
EP008112,1,8113,41194.07,4.1194
EP008113,1,8114,822.72,0.0823
EP008114,1,8115,82.75,0.0083
EP008115,1,8116,1012.91,0.1013
EP008116,1,8117,558994.39,55.8994
EP008117,1,8118,907.19,0.0907
EP008118,1,8119,155.22,0.0155
EP008119,1,8120,31145.51,3.1146
EP008120,1,8121,140.71,0.0141
EP008121,1,8122,548.01,0.0548
EP008122,1,8123,499.58,0.05
EP008123,1,8124,2109.77,0.211
EP008124,1,8125,19407.66,1.9408
EP008125,1,8126,1908.67,0.1909
EP008126,1,8127,40.11,0.004
EP008127,1,8128,11644.96,1.1645
EP008128,1,8129,21.43,0.0021
EP008129,1,8130,2466.73,0.2467
EP008130,1,8131,5609.19,0.5609
EP008131,1,8132,589.72,0.059
EP008132,1,8133,820.69,0.0821
EP008133,1,8134,2807.93,0.2808
EP008134,1,8135,764.22,0.0764
EP008135,1,8136,227.4,0.0227
EP008136,1,8137,923.97,0.0924
EP008137,1,8138,12695.72,1.2696
EP008138,1,8139,614.05,0.0614
EP008139,1,8140,527.86,0.0528
EP008140,1,8141,2156.35,0.2156
EP008141,1,8142,18.28,0.0018
EP008142,1,8143,1525.28,0.1525
EP008143,1,8144,71380.57,7.1381
EP008144,1,8145,623.86,0.0624
EP008145,1,8146,1721.44,0.1721
EP008146,1,8147,356.65,0.0357
EP008147,1,8148,157.98,0.0158
EP008148,1,8149,371.86,0.0372
EP008149,1,8150,861.77,0.0862
EP008150,1,8151,725.36,0.0725
EP008151,1,8152,4478.47,0.4478
EP008152,1,8153,732.23,0.0732
EP008153,1,8154,650.62,0.0651
EP008154,1,8155,14506.17,1.4506
EP008155,1,8156,5749.7,0.575
EP008156,1,8157,920.4,0.092
EP008157,1,8158,965.89,0.0966
EP008158,1,8159,736.28,0.0736
EP008159,1,8160,329.85,0.033
EP008160,1,8161,2685.45,0.2685
EP008161,1,8162,548.95,0.0549
EP008162,1,8163,737.93,0.0738
EP008163,1,8164,3032.36,0.3032
EP008164,1,8165,261.91,0.0262
EP008165,1,8166,109.2,0.0109
EP008166,1,8167,145583.88,14.5584
EP008167,1,8168,1433.27,0.1433
EP008168,1,8169,1117.41,0.1117
EP008169,1,8170,13027.95,1.3028
EP008170,1,8171,162.41,0.0162
EP008171,1,8172,81.74,0.0082
EP008172,1,8173,343.48,0.0343
EP008173,1,8174,624.3,0.0624
EP008174,1,8175,306.91,0.0307
EP008175,1,8176,613.04,0.0613
EP008176,1,8177,53919.89,5.392
EP008177,1,8178,5769.09,0.5769
EP008178,1,8179,621.73,0.0622
EP008179,1,8180,15.67,0.0016
EP008180,1,8181,22.3,0.0022
EP008181,1,8182,15215.26,1.5215
EP008182,1,8183,11125.99,1.1126
EP008183,1,8184,673.54,0.0674
EP008184,1,8185,626.19,0.0626
EP008185,1,8186,658.24,0.0658
EP008186,1,8187,883.62,0.0884
EP008187,1,8188,69.68,0.007
EP008188,1,8189,21.32,0.0021
EP008189,1,8190,878.95,0.0879
EP008190,1,8191,838.36,0.0838
EP008191,1,8192,2871.61,0.2872
EP008192,1,8193,619.27,0.0619
EP008193,1,8194,45.5,0.0045
EP008194,1,8195,320.14,0.032
EP008195,1,8196,432.8,0.0433
EP008196,1,8197,873.94,0.0874
EP008197,1,8198,318.16,0.0318
EP008198,1,8199,4042.51,0.4043
EP008199,1,8200,222.28,0.0222
EP008200,1,8201,249.89,0.025
EP008201,1,8202,797.06,0.0797
EP008202,1,8203,759.65,0.076
EP008203,1,8204,29.74,0.003
EP008204,1,8205,884.67,0.0885
EP008205,1,8206,44.57,0.0045
EP008206,1,8207,7314.51,0.7315
EP008207,1,8208,330.89,0.0331
EP008208,1,8209,16.11,0.0016
EP008209,1,8210,4287.53,0.4288
EP008210,1,8211,25.63,0.0026
EP008211,1,8212,1153.63,0.1154
EP008212,1,8213,1060.11,0.106
EP008213,1,8214,151.48,0.0151
EP008214,1,8215,3096.22,0.3096
EP008215,1,8216,73454.21,7.3454
EP008216,1,8217,133.13,0.0133
EP008217,1,8218,145.87,0.0146
EP008218,1,8219,8121.81,0.8122
EP008219,1,8220,4532.41,0.4532
EP008220,1,8221,805.46,0.0805
EP008221,1,8222,379.52,0.038
EP008222,1,8223,46889.6,4.689
EP008223,1,8224,2433.37,0.2433
EP008224,1,8225,750.09,0.075
EP008225,1,8226,360.83,0.0361
EP008226,1,8227,8853.14,0.8853
EP008227,1,8228,680.32,0.068
EP008228,1,8229,563.77,0.0564
EP008229,1,8230,23466.73,2.3467
EP008230,1,8231,1346.99,0.1347
EP008231,1,8232,823.73,0.0824
EP008232,1,8233,346.6,0.0347
EP008233,1,8234,4258.83,0.4259
EP008234,1,8235,810.37,0.081
EP008235,1,8236,258.04,0.0258
EP008236,1,8237,16545.24,1.6545
EP008237,1,8238,3016.32,0.3016
EP008238,1,8239,1082.8,0.1083
EP008239,1,8240,1887.23,0.1887
EP008240,1,8241,30696.59,3.0697
EP008241,1,8242,512.13,0.0512
EP008242,1,8243,5257.06,0.5257
EP008243,1,8244,2900.39,0.29
EP008244,1,8245,450.06,0.045
EP008245,1,8246,14059.04,1.4059
EP008246,1,8247,1219.18,0.1219
EP008247,1,8248,535.93,0.0536
EP008248,1,8249,1218.62,0.1219
EP008249,1,8250,373510.16,37.351
EP008250,1,8251,831.04,0.0831
EP008251,1,8252,1259.28,0.1259
EP008252,1,8253,7869.72,0.787
EP008253,1,8254,110.91,0.0111
EP008254,1,8255,462.41,0.0462
EP008255,1,8256,496.91,0.0497
EP008256,1,8257,842.27,0.0842
EP008257,1,8258,744.18,0.0744
EP008258,1,8259,19613.66,1.9614
EP008259,1,8260,17.93,0.0018
EP008260,1,8261,1053.9,0.1054
EP008261,1,8262,729.32,0.0729
EP008262,1,8263,90.17,0.009
EP008263,1,8264,79.22,0.0079
EP008264,1,8265,565.21,0.0565
EP008265,1,8266,529.55,0.053
EP008266,1,8267,10186.84,1.0187
EP008267,1,8268,81.33,0.0081
EP008268,1,8269,949.69,0.095
EP008269,1,8270,2400.04,0.24
EP008270,1,8271,40373.46,4.0373
EP008271,1,8272,140.3,0.014
EP008272,1,8273,8426.84,0.8427
EP008273,1,8274,4255.58,0.4256
EP008274,1,8275,19855.32,1.9855
EP008275,1,8276,25725.73,2.5726
EP008276,1,8277,5935.66,0.5936
EP008277,1,8278,479.63,0.048
EP008278,1,8279,1818.5,0.1819
EP008279,1,8280,2294.06,0.2294
EP008280,1,8281,223.89,0.0224
EP008281,1,8282,19755.96,1.9756
EP008282,1,8283,2826.45,0.2826
EP008283,1,8284,5513.03,0.5513
EP008284,1,8285,771.33,0.0771
EP008285,1,8286,141.14,0.0141
EP008286,1,8287,1678.3,0.1678
EP008287,1,8288,22888.41,2.2888
EP008288,1,8289,303.26,0.0303
EP008289,1,8290,1622.75,0.1623
EP008290,1,8291,3879.45,0.3879
EP008291,1,8292,17276.56,1.7277
EP008292,1,8293,1261.63,0.1262
EP008293,1,8294,17005.07,1.7005
EP008294,1,8295,222.03,0.0222
EP008295,1,8296,275.62,0.0276
EP008296,1,8297,67.3,0.0067
EP008297,1,8298,37.96,0.0038
EP008298,1,8299,684.42,0.0684
EP008299,1,8300,399.63,0.04
EP008300,1,8301,299.51,0.03
EP008301,1,8302,1955.27,0.1955
EP008302,1,8303,3184.86,0.3185
EP008303,1,8304,4724.2,0.4724
EP008304,1,8305,29012.25,2.9012
EP008305,1,8306,108892.12,10.8892
EP008306,1,8307,540.89,0.0541
EP008307,1,8308,498.25,0.0498
EP008308,1,8309,3231236.51,323.1237
EP008309,1,8310,14938.28,1.4938
EP008310,1,8311,777.81,0.0778
EP008311,1,8312,351.07,0.0351
EP008312,1,8313,1141.03,0.1141
EP008313,1,8314,1337.36,0.1337
EP008314,1,8315,32.91,0.0033
EP008315,1,8316,3538.31,0.3538
EP008316,1,8317,548.94,0.0549
EP008317,1,8318,175.63,0.0176
EP008318,1,8319,585.56,0.0586
EP008319,1,8320,925.39,0.0925
EP008320,1,8321,1273.5,0.1273
EP008321,1,8322,222.31,0.0222
EP008322,1,8323,517.28,0.0517
EP008323,1,8324,59375.2,5.9375
EP008324,1,8325,517.48,0.0517
EP008325,1,8326,1595.06,0.1595
EP008326,1,8327,44894.03,4.4894
EP008327,1,8328,6552.59,0.6553
EP008328,1,8329,615.15,0.0615
EP008329,1,8330,350.02,0.035
EP008330,1,8331,651.16,0.0651
EP008331,1,8332,6859.43,0.6859
EP008332,1,8333,339.71,0.034
EP008333,1,8334,24418.78,2.4419
EP008334,1,8335,48721.6,4.8722
EP008335,1,8336,1108.77,0.1109
EP008336,1,8337,103.09,0.0103
EP008337,1,8338,363.08,0.0363
EP008338,1,8339,352.28,0.0352
EP008339,1,8340,310.89,0.0311
EP008340,1,8341,24539.36,2.4539
EP008341,1,8342,1763.87,0.1764
EP008342,1,8343,18348.7,1.8349
EP008343,1,8344,3060.41,0.306
EP008344,1,8345,5174.42,0.5174
EP008345,1,8346,7918.87,0.7919
EP008346,1,8347,9395.05,0.9395
EP008347,1,8348,5635.67,0.5636
EP008348,1,8349,375.96,0.0376
EP008349,1,8350,359.68,0.036
EP008350,1,8351,12439.3,1.2439
EP008351,1,8352,402.16,0.0402
EP008352,1,8353,1781.79,0.1782
EP008353,1,8354,1474.54,0.1475
EP008354,1,8355,886.09,0.0886
EP008355,1,8356,371.47,0.0371
EP008356,1,8357,1814.55,0.1815
EP008357,1,8358,684.45,0.0684
EP008358,1,8359,15.02,0.0015
EP008359,1,8360,15.02,0.0015
EP008360,1,8361,361.73,0.0362
EP008361,1,8362,1497.72,0.1498
EP008362,1,8363,251.0,0.0251
EP008363,1,8364,1909.65,0.191
EP008364,1,8365,117.54,0.0118
EP008365,1,8366,103.3,0.0103
EP008366,1,8367,2889.81,0.289
EP008367,1,8368,1860.39,0.186
EP008368,1,8369,125.65,0.0126
EP008369,1,8370,4655.22,0.4655
EP008370,1,8371,418.01,0.0418
EP008371,1,8372,625.12,0.0625
EP008372,1,8373,2656.07,0.2656
EP008373,1,8374,702.67,0.0703
EP008374,1,8375,3977.62,0.3978
EP008375,1,8376,2258.47,0.2258
EP008376,1,8377,189.92,0.019
EP008377,1,8378,877.77,0.0878
EP008378,1,8379,2093.76,0.2094
EP008379,1,8380,627.71,0.0628
EP008380,1,8381,33936.12,3.3936
EP008381,1,8382,3164.73,0.3165
EP008382,1,8383,2353.42,0.2353
EP008383,1,8384,36694.73,3.6695
EP008384,1,8385,4106.77,0.4107
EP008385,1,8386,780.43,0.078
EP008386,1,8387,1493.69,0.1494
EP008387,1,8388,1426.04,0.1426
EP008388,1,8389,8288.51,0.8289
EP008389,1,8390,7483.83,0.7484
EP008390,1,8391,2733.15,0.2733
EP008391,1,8392,428.63,0.0429
EP008392,1,8393,6381.92,0.6382
EP008393,1,8394,19208.01,1.9208
EP008394,1,8395,2942.47,0.2942
EP008395,1,8396,1140.75,0.1141
EP008396,1,8397,733.74,0.0734
EP008397,1,8398,1432.91,0.1433
EP008398,1,8399,743.21,0.0743
EP008399,1,8400,84817.61,8.4818
EP008400,1,8401,640.26,0.064
EP008401,1,8402,1509.57,0.151
EP008402,1,8403,1510.04,0.151
EP008403,1,8404,350.3,0.035
EP008404,1,8405,286.79,0.0287
EP008405,1,8406,754.73,0.0755
EP008406,1,8407,1271.83,0.1272
EP008407,1,8408,15400.55,1.5401
EP008408,1,8409,339.3,0.0339
EP008409,1,8410,342.52,0.0343
EP008410,1,8411,164.43,0.0164
EP008411,1,8412,188.48,0.0188
EP008412,1,8413,157.54,0.0158
EP008413,1,8414,328.31,0.0328
EP008414,1,8415,310.79,0.0311
EP008415,1,8416,1084.27,0.1084
EP008416,1,8417,224.17,0.0224
EP008417,1,8418,3211.88,0.3212
EP008418,1,8419,391.07,0.0391
EP008419,1,8420,236.6,0.0237
EP008420,1,8421,1896.57,0.1897
EP008421,1,8422,1528.76,0.1529
EP008422,1,8423,113.42,0.0113
EP008423,1,8424,607.63,0.0608
EP008424,1,8425,2252.91,0.2253
EP008425,1,8426,231.15,0.0231
EP008426,1,8427,30.24,0.003
EP008427,1,8428,449.6,0.045
EP008428,1,8429,47472.07,4.7472
EP008429,1,8430,129.58,0.013
EP008430,1,8431,220.2,0.022
EP008431,1,8432,826.05,0.0826
EP008432,1,8433,319.58,0.032
EP008433,1,8434,3589.86,0.359
EP008434,1,8435,368.46,0.0368
EP008435,1,8436,596.03,0.0596
EP008436,1,8437,197.9,0.0198
EP008437,1,8438,133.36,0.0133
EP008438,1,8439,467.81,0.0468
EP008439,1,8440,330.25,0.033
EP008440,1,8441,677.78,0.0678
EP008441,1,8442,165.75,0.0166
EP008442,1,8443,312.0,0.0312
EP008443,1,8444,4106.85,0.4107
EP008444,1,8445,1019.23,0.1019
EP008445,1,8446,230.32,0.023
EP008446,1,8447,1381.56,0.1382
EP008447,1,8448,3565.46,0.3565
EP008448,1,8449,104.86,0.0105
EP008449,1,8450,91.98,0.0092
EP008450,1,8451,8024.75,0.8025
EP008451,1,8452,212.82,0.0213
EP008452,1,8453,25.32,0.0025
EP008453,1,8454,219.87,0.022
EP008454,1,8455,306.0,0.0306
EP008455,1,8456,483.47,0.0483
EP008456,1,8457,240.22,0.024
EP008457,1,8458,431.46,0.0431
EP008458,1,8459,726.4,0.0726
EP008459,1,8460,152.17,0.0152
EP008460,1,8461,5932.4,0.5932
EP008461,1,8462,191.05,0.0191
EP008462,1,8463,183.94,0.0184
EP008463,1,8464,173263.73,17.3264
EP008464,1,8465,327.56,0.0328
EP008465,1,8466,3609.74,0.361
EP008466,1,8467,16757.25,1.6757
EP008467,1,8468,2236.97,0.2237
EP008468,1,8469,3133.94,0.3134
EP008469,1,8470,1111.59,0.1112
EP008470,1,8471,9990.61,0.9991
EP008471,1,8472,339.56,0.034
EP008472,1,8473,878.98,0.0879
EP008473,1,8474,1289.96,0.129
EP008474,1,8475,15648.28,1.5648
EP008475,1,8476,346.65,0.0347
EP008476,1,8477,30.66,0.0031
EP008477,1,8478,1374.44,0.1374
EP008478,1,8479,4163.96,0.4164
EP008479,1,8480,650.82,0.0651
EP008480,1,8481,74.06,0.0074
EP008481,1,8482,1920.2,0.192
EP008482,1,8483,1797.72,0.1798
EP008483,1,8484,455.33,0.0455
EP008484,1,8485,271.77,0.0272
EP008485,1,8486,768.1,0.0768
EP008486,1,8487,160.96,0.0161
EP008487,1,8488,176.54,0.0177
EP008488,1,8489,443165.8,44.3166
EP008489,1,8490,4199.23,0.4199
EP008490,1,8491,174.98,0.0175
EP008491,1,8492,174.33,0.0174
EP008492,1,8493,15445.17,1.5445
EP008493,1,8494,2533.7,0.2534
EP008494,1,8495,5471.32,0.5471
EP008495,1,8496,64213.38,6.4213
EP008496,1,8497,7311.97,0.7312
EP008497,1,8498,1111.86,0.1112
EP008498,1,8499,1910.54,0.1911
