{
"type": "FeatureCollection",
"name": "colonias_cdmx",
"crs": { "type": "name", "properties": { "name": "urn:ogc:def:crs:OGC:1.3:CRS84" } },
"xy_coordinate_resolution": 1e-06,
"features": [
{ "type": "Feature", "properties": { "colonia": "SAN MARCOS (AMPL)", "alcaldia": "XOCHIMILCO", "cveut": "13-054" }, "geometry": { "type": "Polygon", "coordinates": [ [ [ -99.10567, 19.28766 ], [ -99.1061, 19.29303 ], [ -99.10132, 19.29496 ], [ -99.09903, 19.32047 ], [ -99.09878, 19.32049 ], [ -99.09873, 19.31871 ], [ -99.08772, 19.30474 ], [ -99.07504, 19.28969 ], [ -99.06909, 19.28484 ], [ -99.07216, 19.27885 ], [ -99.07958, 19.28184 ], [ -99.08342, 19.27531 ], [ -99.08988, 19.2721 ], [ -99.09346, 19.27349 ], [ -99.09265, 19.27719 ], [ -99.09421, 19.27656 ], [ -99.0988, 19.27762 ], [ -99.10282, 19.27432 ], [ -99.10624, 19.26921 ], [ -99.10747, 19.26933 ], [ -99.1087, 19.26629 ], [ -99.10798, 19.26492 ], [ -99.1156, 19.26619 ], [ -99.11862, 19.27138 ], [ -99.11524, 19.27053 ], [ -99.11478, 19.27205 ], [ -99.11906, 19.27262 ], [ -99.11946, 19.27463 ], [ -99.10648, 19.28184 ], [ -99.10567, 19.28766 ] ] ] } },
{ "type": "Feature", "properties": { "colonia": "SANTO TOMAS AJUSCO (PBLO)", "alcaldia": "TLALPAN", "cveut": "12-163" }, "geometry": { "type": "Polygon", "coordinates": [ [ [ -99.22639, 19.22666 ], [ -99.2296, 19.23239 ], [ -99.21822, 19.23207 ], [ -99.21491, 19.23088 ], [ -99.20906, 19.22497 ], [ -99.20565, 19.22243 ], [ -99.20414, 19.22242 ], [ -99.20417, 19.22136 ], [ -99.20097, 19.22138 ], [ -99.20089, 19.22234 ], [ -99.19817, 19.22265 ], [ -99.19568, 19.22145 ], [ -99.19724, 19.21098 ], [ -99.20027, 19.21058 ], [ -99.20608, 19.20478 ], [ -99.20577, 19.20236 ], [ -99.20467, 19.20213 ], [ -99.20489, 19.19945 ], [ -99.20767, 19.19904 ], [ -99.20865, 19.20103 ], [ -99.21115, 19.19966 ], [ -99.21198, 19.20011 ], [ -99.21126, 19.19379 ], [ -99.2228, 19.19814 ], [ -99.23067, 19.19767 ], [ -99.23071, 19.19933 ], [ -99.23235, 19.19955 ], [ -99.23619, 19.20355 ], [ -99.23659, 19.20496 ], [ -99.23471, 19.20543 ], [ -99.23426, 19.20674 ], [ -99.23803, 19.2102 ], [ -99.23856, 19.21251 ], [ -99.23237, 19.21578 ], [ -99.23097, 19.21808 ], [ -99.23394, 19.22334 ], [ -99.23298, 19.22488 ], [ -99.22639, 19.22666 ] ] ] } },
{ "type": "Feature", "properties": { "colonia": "SAN FRANCISCO TLALNEPANTLA (PBLO)", "alcaldia": "XOCHIMILCO", "cveut": "13-042" }, "geometry": { "type": "Polygon", "coordinates": [ [ [ -99.12005, 19.20527 ], [ -99.11895, 19.20707 ], [ -99.11962, 19.20893 ], [ -99.11907, 19.20784 ], [ -99.11805, 19.20893 ], [ -99.10991, 19.20543 ], [ -99.11329, 19.1998 ], [ -99.10607, 19.19887 ], [ -99.10619, 19.19401 ], [ -99.10753, 19.19329 ], [ -99.10781, 19.18193 ], [ -99.1006, 19.17205 ], [ -99.1305, 19.1432 ], [ -99.12939, 19.15463 ], [ -99.12532, 19.15699 ], [ -99.12401, 19.16184 ], [ -99.12504, 19.17105 ], [ -99.123, 19.17499 ], [ -99.12322, 19.17652 ], [ -99.12046, 19.18067 ], [ -99.12454, 19.18469 ], [ -99.12276, 19.18936 ], [ -99.12294, 19.19246 ], [ -99.12519, 19.19556 ], [ -99.12995, 19.1967 ], [ -99.12915, 19.19834 ], [ -99.1293, 19.20294 ], [ -99.13244, 19.20646 ], [ -99.1329, 19.20992 ], [ -99.13093, 19.20936 ], [ -99.12822, 19.21301 ], [ -99.12458, 19.20509 ], [ -99.12244, 19.20446 ], [ -99.12221, 19.20569 ], [ -99.12005, 19.20527 ] ] ] } },
{ "type": "Feature", "properties": { "colonia": "SAN GREGORIO ATLAPULCO (PBLO)", "alcaldia": "XOCHIMILCO", "cveut": "13-043" }, "geometry": { "type": "Polygon", "coordinates": [ [ [ -99.06344, 19.24738 ], [ -99.06202, 19.24888 ], [ -99.06758, 19.24953 ], [ -99.06838, 19.25054 ], [ -99.06695, 19.25147 ], [ -99.06921, 19.25278 ], [ -99.0702, 19.25167 ], [ -99.06868, 19.25375 ], [ -99.06675, 19.25506 ], [ -99.07564, 19.25695 ], [ -99.0726, 19.26559 ], [ -99.06934, 19.2688 ], [ -99.06818, 19.27158 ], [ -99.06416, 19.26992 ], [ -99.05975, 19.28022 ], [ -99.05443, 19.27924 ], [ -99.04794, 19.27579 ], [ -99.04156, 19.27385 ], [ -99.03716, 19.27165 ], [ -99.03264, 19.26678 ], [ -99.03326, 19.26547 ], [ -99.04227, 19.26096 ], [ -99.04388, 19.24599 ], [ -99.04283, 19.24446 ], [ -99.05423, 19.23787 ], [ -99.05507, 19.23575 ], [ -99.05753, 19.23691 ], [ -99.05722, 19.23826 ], [ -99.05793, 19.23858 ], [ -99.05673, 19.24053 ], [ -99.05845, 19.24319 ], [ -99.05836, 19.24542 ], [ -99.05952, 19.24664 ], [ -99.06344, 19.24738 ] ] ] } },
{ "type": "Feature", "properties": { "colonia": "SAN MIGUEL TOPILEJO (PBLO)", "alcaldia": "TLALPAN", "cveut": "12-157" }, "geometry": { "type": "Polygon", "coordinates": [ [ [ -99.17808, 19.20487 ], [ -99.17689, 19.20674 ], [ -99.1698, 19.2042 ], [ -99.16863, 19.20741 ], [ -99.16367, 19.20777 ], [ -99.16401, 19.20697 ], [ -99.16172, 19.20559 ], [ -99.1606, 19.20754 ], [ -99.15464, 19.20599 ], [ -99.15283, 19.207 ], [ -99.1506, 19.20545 ], [ -99.15043, 19.2078 ], [ -99.14861, 19.20595 ], [ -99.14522, 19.20475 ], [ -99.1444, 19.20519 ], [ -99.14389, 19.2095 ], [ -99.14146, 19.20976 ], [ -99.13938, 19.20957 ], [ -99.14048, 19.20864 ], [ -99.14144, 19.20521 ], [ -99.14036, 19.20409 ], [ -99.14072, 19.20331 ], [ -99.13687, 19.2051 ], [ -99.13303, 19.21008 ], [ -99.13244, 19.20646 ], [ -99.1293, 19.20294 ], [ -99.12915, 19.19834 ], [ -99.12995, 19.1967 ], [ -99.12718, 19.19573 ], [ -99.12663, 19.19631 ], [ -99.12426, 19.19416 ], [ -99.12793, 19.1941 ], [ -99.13066, 19.19561 ], [ -99.13201, 19.19359 ], [ -99.13194, 19.19129 ], [ -99.13308, 19.19033 ], [ -99.13241, 19.18654 ], [ -99.1336, 19.18578 ], [ -99.13567, 19.18839 ], [ -99.1352, 19.19009 ], [ -99.13644, 19.19164 ], [ -99.13588, 19.19397 ], [ -99.13685, 19.1956 ], [ -99.13947, 19.19486 ], [ -99.13924, 19.19292 ], [ -99.14048, 19.19362 ], [ -99.14045, 19.19661 ], [ -99.14153, 19.19511 ], [ -99.14307, 19.1957 ], [ -99.14455, 19.19209 ], [ -99.14538, 19.1921 ], [ -99.14553, 19.18891 ], [ -99.14651, 19.19187 ], [ -99.14773, 19.19267 ], [ -99.14963, 19.19061 ], [ -99.14858, 19.19368 ], [ -99.15058, 19.19337 ], [ -99.1504, 19.19416 ], [ -99.14825, 19.19439 ], [ -99.14707, 19.19628 ], [ -99.14868, 19.19775 ], [ -99.14883, 19.19997 ], [ -99.15051, 19.19976 ], [ -99.15129, 19.19872 ], [ -99.15248, 19.19904 ], [ -99.15476, 19.19481 ], [ -99.15456, 19.19408 ], [ -99.15184, 19.19414 ], [ -99.1511, 19.19263 ], [ -99.15673, 19.1925 ], [ -99.15873, 19.19416 ], [ -99.16003, 19.19121 ], [ -99.16296, 19.18897 ], [ -99.16418, 19.186 ], [ -99.17084, 19.17803 ], [ -99.17321, 19.17671 ], [ -99.17816, 19.18188 ], [ -99.18117, 19.18165 ], [ -99.18352, 19.18308 ], [ -99.18333, 19.18478 ], [ -99.18198, 19.18538 ], [ -99.18392, 19.18634 ], [ -99.18186, 19.18978 ], [ -99.17747, 19.1953 ], [ -99.17522, 19.19609 ], [ -99.17397, 19.19838 ], [ -99.17451, 19.20195 ], [ -99.17808, 19.20487 ] ] ] } },
{ "type": "Feature", "properties": { "colonia": "PEÑON DE LOS BAÑOS", "alcaldia": "VENUSTIANO CARRANZA", "cveut": "17-047" }, "geometry": { "type": "Polygon", "coordinates": [ [ [ -99.08799, 19.4353 ], [ -99.08875, 19.43597 ], [ -99.08812, 19.43893 ], [ -99.08605, 19.4385 ], [ -99.08529, 19.44143 ], [ -99.08254, 19.4431 ], [ -99.08148, 19.44251 ], [ -99.08088, 19.44339 ], [ -99.08004, 19.44185 ], [ -99.07739, 19.44283 ], [ -99.081, 19.44486 ], [ -99.07599, 19.4484 ], [ -99.07673, 19.44923 ], [ -99.06224, 19.44485 ], [ -99.05258, 19.44842 ], [ -99.05076, 19.45048 ], [ -99.04676, 19.44102 ], [ -99.04831, 19.43948 ], [ -99.05244, 19.43004 ], [ -99.06163, 19.43335 ], [ -99.06471, 19.42844 ], [ -99.06835, 19.43071 ], [ -99.07327, 19.42798 ], [ -99.07497, 19.41694 ], [ -99.07765, 19.41834 ], [ -99.0783, 19.41733 ], [ -99.08142, 19.42031 ], [ -99.09265, 19.42691 ], [ -99.08799, 19.4353 ] ] ] } },
{ "type": "Feature", "properties": { "colonia": "SAN ANTONIO TECOMITL (PBLO)", "alcaldia": "MILPA ALTA", "cveut": "09-002" }, "geometry": { "type": "Polygon", "coordinates": [ [ [ -99.00795, 19.22674 ], [ -98.9958, 19.22703 ], [ -98.9884, 19.22603 ], [ -98.98526, 19.2218 ], [ -98.98441, 19.22354 ], [ -98.9776, 19.21592 ], [ -98.97788, 19.2151 ], [ -98.97939, 19.21533 ], [ -98.98155, 19.20856 ], [ -98.97746, 19.20695 ], [ -98.97715, 19.20425 ], [ -98.97408, 19.20381 ], [ -98.97259, 19.19814 ], [ -98.97656, 19.19998 ], [ -98.97838, 19.19907 ], [ -98.97879, 19.1977 ], [ -98.98216, 19.19763 ], [ -98.98534, 19.19921 ], [ -98.99037, 19.19907 ], [ -98.99466, 19.19705 ], [ -98.99619, 19.19778 ], [ -98.99546, 19.19792 ], [ -98.99582, 19.19931 ], [ -98.99818, 19.2035 ], [ -98.99801, 19.20971 ], [ -99.00067, 19.20829 ], [ -99.00578, 19.20853 ], [ -99.00691, 19.20658 ], [ -99.00901, 19.2079 ], [ -99.00816, 19.21033 ], [ -99.00964, 19.21098 ], [ -99.00923, 19.21225 ], [ -99.01109, 19.2126 ], [ -99.01141, 19.21496 ], [ -99.01025, 19.21559 ], [ -99.01091, 19.21628 ], [ -99.01012, 19.2177 ], [ -99.01057, 19.21973 ], [ -99.00875, 19.22599 ], [ -99.00795, 19.22674 ] ] ] } },
{ "type": "Feature", "properties": { "colonia": "SANTA CECILIA TEPETLAPA (PBLO)", "alcaldia": "XOCHIMILCO", "cveut": "13-058" }, "geometry": { "type": "Polygon", "coordinates": [ [ [ -99.10386, 19.21902 ], [ -99.10294, 19.22032 ], [ -99.10429, 19.22331 ], [ -99.10269, 19.22277 ], [ -99.10415, 19.2252 ], [ -99.103, 19.22578 ], [ -99.10032, 19.225 ], [ -99.09778, 19.22751 ], [ -99.09841, 19.22514 ], [ -99.09065, 19.22441 ], [ -99.09184, 19.2228 ], [ -99.09034, 19.21862 ], [ -99.08714, 19.21902 ], [ -99.08739, 19.22067 ], [ -99.08637, 19.22066 ], [ -99.08263, 19.21575 ], [ -99.08032, 19.21817 ], [ -99.07062, 19.22239 ], [ -99.06898, 19.22509 ], [ -99.06695, 19.22488 ], [ -99.06293, 19.21283 ], [ -99.06732, 19.21057 ], [ -99.07212, 19.20944 ], [ -99.07612, 19.20737 ], [ -99.07656, 19.20608 ], [ -99.0783, 19.20672 ], [ -99.07425, 19.20232 ], [ -99.08023, 19.19633 ], [ -99.08277, 19.20004 ], [ -99.08656, 19.20263 ], [ -99.08788, 19.19897 ], [ -99.08932, 19.19993 ], [ -99.09641, 19.20007 ], [ -99.09871, 19.2042 ], [ -99.09802, 19.20833 ], [ -99.09925, 19.20807 ], [ -99.1018, 19.20478 ], [ -99.10402, 19.21475 ], [ -99.10658, 19.2192 ], [ -99.10386, 19.21902 ] ] ] } },
{ "type": "Feature", "properties": { "colonia": "VILLA MILPA ALTA (PBLO)", "alcaldia": "MILPA ALTA", "cveut": "09-012" }, "geometry": { "type": "Polygon", "coordinates": [ [ [ -99.03849, 19.20664 ], [ -99.03812, 19.20864 ], [ -99.0291, 19.2063 ], [ -99.0264, 19.20004 ], [ -99.0232, 19.19941 ], [ -99.02468, 19.20536 ], [ -99.02448, 19.20995 ], [ -99.02302, 19.20943 ], [ -99.02133, 19.21028 ], [ -99.01751, 19.20924 ], [ -99.01753, 19.20818 ], [ -99.015, 19.20828 ], [ -99.0153, 19.20655 ], [ -99.00885, 19.20384 ], [ -99.00937, 19.20178 ], [ -99.01111, 19.20014 ], [ -99.00824, 19.20065 ], [ -99.01594, 19.19603 ], [ -99.01702, 19.19361 ], [ -99.01536, 19.19344 ], [ -99.01509, 19.19154 ], [ -99.01193, 19.18919 ], [ -99.01085, 19.18999 ], [ -99.00978, 19.1853 ], [ -99.00747, 19.18131 ], [ -99.01262, 19.18237 ], [ -99.01274, 19.1774 ], [ -99.01754, 19.17843 ], [ -99.02038, 19.17801 ], [ -99.02647, 19.17909 ], [ -99.02801, 19.1812 ], [ -99.0301, 19.1814 ], [ -99.03297, 19.18374 ], [ -99.03488, 19.18595 ], [ -99.03611, 19.19042 ], [ -99.03875, 19.19213 ], [ -99.04001, 19.19445 ], [ -99.03815, 19.19762 ], [ -99.03996, 19.20055 ], [ -99.04034, 19.2035 ], [ -99.03662, 19.20305 ], [ -99.03776, 19.20478 ], [ -99.03737, 19.2064 ], [ -99.03849, 19.20664 ] ] ] } },
{ "type": "Feature", "properties": { "colonia": "CIUDAD UNIVERSITARIA", "alcaldia": "COYOACAN", "cveut": "03-021" }, "geometry": { "type": "Polygon", "coordinates": [ [ [ -99.19049, 19.30999 ], [ -99.19676, 19.31155 ], [ -99.20174, 19.31108 ], [ -99.19483, 19.32243 ], [ -99.19477, 19.33014 ], [ -99.19783, 19.33352 ], [ -99.20003, 19.33324 ], [ -99.19803, 19.33552 ], [ -99.19112, 19.33685 ], [ -99.19039, 19.33777 ], [ -99.18949, 19.33465 ], [ -99.18396, 19.3359 ], [ -99.17875, 19.33412 ], [ -99.17854, 19.33168 ], [ -99.17686, 19.33111 ], [ -99.1751, 19.32883 ], [ -99.17464, 19.32621 ], [ -99.17335, 19.3284 ], [ -99.17068, 19.31233 ], [ -99.18029, 19.30774 ], [ -99.18074, 19.31027 ], [ -99.18459, 19.31178 ], [ -99.18628, 19.3115 ], [ -99.18726, 19.31285 ], [ -99.18695, 19.31025 ], [ -99.19049, 19.30999 ] ] ] } },
{ "type": "Feature", "properties": { "colonia": "SAN MATEO TLALTENANGO (PBLO)", "alcaldia": "CUAJIMALPA DE MORELOS", "cveut": "04-046" }, "geometry": { "type": "Polygon", "coordinates": [ [ [ -99.28052, 19.34522 ], [ -99.26909, 19.34947 ], [ -99.26687, 19.34499 ], [ -99.26326, 19.34903 ], [ -99.25845, 19.35019 ], [ -99.25851, 19.34829 ], [ -99.26005, 19.34755 ], [ -99.25565, 19.34803 ], [ -99.26239, 19.34542 ], [ -99.26755, 19.34106 ], [ -99.26895, 19.34117 ], [ -99.27217, 19.3392 ], [ -99.27343, 19.33621 ], [ -99.27635, 19.33618 ], [ -99.27942, 19.33362 ], [ -99.28, 19.33637 ], [ -99.28048, 19.33516 ], [ -99.28436, 19.33666 ], [ -99.28932, 19.3339 ], [ -99.29428, 19.33347 ], [ -99.29565, 19.33251 ], [ -99.29666, 19.32623 ], [ -99.29384, 19.32347 ], [ -99.29433, 19.31972 ], [ -99.30083, 19.32466 ], [ -99.30224, 19.32259 ], [ -99.30379, 19.32204 ], [ -99.30537, 19.31674 ], [ -99.30655, 19.32107 ], [ -99.3088, 19.32008 ], [ -99.3095, 19.32149 ], [ -99.30741, 19.32426 ], [ -99.30863, 19.32554 ], [ -99.3071, 19.3304 ], [ -99.30983, 19.33527 ], [ -99.30446, 19.33452 ], [ -99.3012, 19.33567 ], [ -99.2926, 19.34367 ], [ -99.2883, 19.34507 ], [ -99.28522, 19.34786 ], [ -99.28241, 19.34799 ], [ -99.28294, 19.34702 ], [ -99.28052, 19.34522 ] ] ] } },
{ "type": "Feature", "properties": { "colonia": "JARDINES DEL PEDREGAL", "alcaldia": "ALVARO OBREGON", "cveut": "10-091" }, "geometry": { "type": "Polygon", "coordinates": [ [ [ -99.19783, 19.33352 ], [ -99.19477, 19.33014 ], [ -99.19483, 19.32243 ], [ -99.20174, 19.31108 ], [ -99.2009, 19.31074 ], [ -99.20538, 19.30642 ], [ -99.20486, 19.30551 ], [ -99.21462, 19.30732 ], [ -99.21718, 19.30871 ], [ -99.2207, 19.31404 ], [ -99.22157, 19.3192 ], [ -99.22081, 19.32077 ], [ -99.21266, 19.32687 ], [ -99.21032, 19.33116 ], [ -99.20775, 19.33229 ], [ -99.19783, 19.33352 ] ] ] } },
{ "type": "Feature", "properties": { "colonia": "SAN MIGUEL  XICALCO (PBLO)", "alcaldia": "TLALPAN", "cveut": "12-154" }, "geometry": { "type": "Polygon", "coordinates": [ [ [ -99.15547, 19.2407 ], [ -99.15425, 19.23741 ], [ -99.153, 19.23746 ], [ -99.15278, 19.23639 ], [ -99.15083, 19.23651 ], [ -99.15033, 19.23414 ], [ -99.14933, 19.23399 ], [ -99.14795, 19.23609 ], [ -99.15358, 19.22297 ], [ -99.15647, 19.22406 ], [ -99.16143, 19.22212 ], [ -99.15961, 19.21933 ], [ -99.16394, 19.21819 ], [ -99.17165, 19.22145 ], [ -99.17147, 19.22032 ], [ -99.1733, 19.22126 ], [ -99.17377, 19.22044 ], [ -99.17755, 19.22063 ], [ -99.17948, 19.22277 ], [ -99.17911, 19.22511 ], [ -99.18185, 19.2258 ], [ -99.18187, 19.22692 ], [ -99.17518, 19.22611 ], [ -99.17606, 19.23028 ], [ -99.17369, 19.23932 ], [ -99.16717, 19.23973 ], [ -99.16746, 19.24207 ], [ -99.16383, 19.2414 ], [ -99.16104, 19.2405 ], [ -99.15834, 19.23602 ], [ -99.15692, 19.24013 ], [ -99.15547, 19.2407 ] ] ] } },
{ "type": "Feature", "properties": { "colonia": "SAN PEDRO TLAHUAC (PBLO)", "alcaldia": "TLAHUAC", "cveut": "11-038" }, "geometry": { "type": "Polygon", "coordinates": [ [ [ -99.02483, 19.28287 ], [ -99.01245, 19.28239 ], [ -99.01103, 19.27928 ], [ -99.01174, 19.27813 ], [ -99.01017, 19.27803 ], [ -99.00908, 19.27633 ], [ -99.00337, 19.27635 ], [ -98.99768, 19.27238 ], [ -98.99941, 19.26592 ], [ -98.99379, 19.26452 ], [ -98.99553, 19.2541 ], [ -99.00097, 19.25573 ], [ -99.00034, 19.25692 ], [ -99.00327, 19.25788 ], [ -99.00095, 19.26168 ], [ -99.00245, 19.26265 ], [ -99.00678, 19.26288 ], [ -99.00918, 19.25971 ], [ -99.01327, 19.26106 ], [ -99.01287, 19.26676 ], [ -99.02587, 19.26962 ], [ -99.02501, 19.27001 ], [ -99.02483, 19.28287 ] ] ] } },
{ "type": "Feature", "properties": { "colonia": "SAN MIGUEL AJUSCO (PBLO)", "alcaldia": "TLALPAN", "cveut": "12-155" }, "geometry": { "type": "Polygon", "coordinates": [ [ [ -99.18603, 19.21685 ], [ -99.19344, 19.21858 ], [ -99.19703, 19.22246 ], [ -99.20417, 19.22136 ], [ -99.20414, 19.22242 ], [ -99.20565, 19.22243 ], [ -99.20906, 19.22497 ], [ -99.21491, 19.23088 ], [ -99.2191, 19.23205 ], [ -99.21765, 19.23277 ], [ -99.21772, 19.23509 ], [ -99.2156, 19.23555 ], [ -99.2146, 19.23753 ], [ -99.21363, 19.23613 ], [ -99.20749, 19.23312 ], [ -99.20454, 19.23576 ], [ -99.20111, 19.2359 ], [ -99.20144, 19.23747 ], [ -99.20017, 19.23827 ], [ -99.19527, 19.23879 ], [ -99.19296, 19.23631 ], [ -99.19411, 19.23246 ], [ -99.19531, 19.23144 ], [ -99.1949, 19.22999 ], [ -99.19243, 19.23112 ], [ -99.19007, 19.22979 ], [ -99.18745, 19.23323 ], [ -99.18413, 19.23297 ], [ -99.18126, 19.23025 ], [ -99.18342, 19.22792 ], [ -99.18185, 19.2258 ], [ -99.17911, 19.22511 ], [ -99.17948, 19.22277 ], [ -99.18118, 19.21885 ], [ -99.18258, 19.2195 ], [ -99.18603, 19.21685 ] ] ] } },
{ "type": "Feature", "properties": { "colonia": "SAN LORENZO (BARR)", "alcaldia": "XOCHIMILCO", "cveut": "13-049" }, "geometry": { "type": "Polygon", "coordinates": [ [ [ -99.07447, 19.26061 ], [ -99.09385, 19.26543 ], [ -99.09426, 19.26401 ], [ -99.09835, 19.26472 ], [ -99.09917, 19.26511 ], [ -99.09891, 19.26661 ], [ -99.09617, 19.26638 ], [ -99.09285, 19.27325 ], [ -99.08988, 19.2721 ], [ -99.08342, 19.27531 ], [ -99.07958, 19.28184 ], [ -99.07216, 19.27885 ], [ -99.06909, 19.28484 ], [ -99.05975, 19.28022 ], [ -99.06416, 19.26992 ], [ -99.06818, 19.27158 ], [ -99.06934, 19.2688 ], [ -99.0726, 19.26559 ], [ -99.07447, 19.26061 ] ] ] } },
{ "type": "Feature", "properties": { "colonia": "SAN FRANCISCO TLALTENCO (PBLO)", "alcaldia": "TLAHUAC", "cveut": "11-032" }, "geometry": { "type": "Polygon", "coordinates": [ [ [ -99.01749, 19.30651 ], [ -99.01976, 19.30951 ], [ -99.01772, 19.31489 ], [ -99.01863, 19.32086 ], [ -99.00388, 19.32437 ], [ -99.0057, 19.31294 ], [ -99.00503, 19.3102 ], [ -99.00334, 19.30936 ], [ -99.00539, 19.30612 ], [ -99.00518, 19.30088 ], [ -99.00708, 19.29562 ], [ -99.00879, 19.29502 ], [ -99.00919, 19.29122 ], [ -99.01673, 19.29221 ], [ -99.01801, 19.28989 ], [ -99.02274, 19.29306 ], [ -99.02631, 19.29786 ], [ -99.0217, 19.2987 ], [ -99.02064, 19.30227 ], [ -99.01849, 19.3017 ], [ -99.01883, 19.30363 ], [ -99.01525, 19.30639 ], [ -99.01749, 19.30651 ] ] ] } },
{ "type": "Feature", "properties": { "colonia": "SAN PABLO OZTOTEPEC (PBLO)", "alcaldia": "MILPA ALTA", "cveut": "09-008" }, "geometry": { "type": "Polygon", "coordinates": [ [ [ -99.07667, 19.1773 ], [ -99.07999, 19.17872 ], [ -99.07931, 19.18042 ], [ -99.08489, 19.18207 ], [ -99.08525, 19.18772 ], [ -99.0813, 19.19693 ], [ -99.07685, 19.19255 ], [ -99.07562, 19.19432 ], [ -99.07133, 19.19267 ], [ -99.07103, 19.19392 ], [ -99.06513, 19.18978 ], [ -99.06236, 19.19121 ], [ -99.05806, 19.18927 ], [ -99.06022, 19.18525 ], [ -99.05831, 19.18352 ], [ -99.05901, 19.1815 ], [ -99.06127, 19.18265 ], [ -99.06638, 19.17465 ], [ -99.06876, 19.16857 ], [ -99.07218, 19.16722 ], [ -99.07604, 19.16927 ], [ -99.07548, 19.17071 ], [ -99.07758, 19.17184 ], [ -99.07667, 19.1773 ] ] ] } },
{ "type": "Feature", "properties": { "colonia": "SAN ANDRES TOTOLTEPEC (PBLO)", "alcaldia": "TLALPAN", "cveut": "12-147" }, "geometry": { "type": "Polygon", "coordinates": [ [ [ -99.16188, 19.2554 ], [ -99.16187, 19.25328 ], [ -99.16453, 19.2523 ], [ -99.15854, 19.2506 ], [ -99.15949, 19.2474 ], [ -99.15565, 19.24609 ], [ -99.15608, 19.24533 ], [ -99.1553, 19.24479 ], [ -99.15834, 19.23602 ], [ -99.16114, 19.24057 ], [ -99.16746, 19.24207 ], [ -99.16717, 19.23973 ], [ -99.1753, 19.23934 ], [ -99.1762, 19.23686 ], [ -99.18003, 19.23825 ], [ -99.18028, 19.24326 ], [ -99.18261, 19.24062 ], [ -99.18303, 19.24298 ], [ -99.18755, 19.23981 ], [ -99.19026, 19.23928 ], [ -99.18876, 19.24203 ], [ -99.18497, 19.24416 ], [ -99.18175, 19.24841 ], [ -99.179, 19.24824 ], [ -99.17902, 19.25144 ], [ -99.17763, 19.25319 ], [ -99.18029, 19.25368 ], [ -99.17874, 19.25606 ], [ -99.17992, 19.2581 ], [ -99.17888, 19.26068 ], [ -99.17669, 19.26031 ], [ -99.17581, 19.26271 ], [ -99.17403, 19.26203 ], [ -99.17366, 19.25818 ], [ -99.1693, 19.25921 ], [ -99.16532, 19.25818 ], [ -99.16556, 19.25682 ], [ -99.16188, 19.2554 ] ] ] } },
{ "type": "Feature", "properties": { "colonia": "SANTA ANA TLACOTENCO (PBLO)", "alcaldia": "MILPA ALTA", "cveut": "09-011" }, "geometry": { "type": "Polygon", "coordinates": [ [ [ -98.98855, 19.16988 ], [ -98.98611, 19.16951 ], [ -98.98596, 19.16726 ], [ -98.98715, 19.16645 ], [ -98.98667, 19.16301 ], [ -98.98987, 19.1634 ], [ -98.99185, 19.16726 ], [ -98.99336, 19.16504 ], [ -98.99461, 19.16675 ], [ -98.99684, 19.16751 ], [ -98.99677, 19.16383 ], [ -98.99797, 19.16048 ], [ -98.99879, 19.16456 ], [ -99.00078, 19.16584 ], [ -99.00074, 19.1672 ], [ -99.00177, 19.16734 ], [ -99.00227, 19.16442 ], [ -99.00541, 19.16386 ], [ -99.00583, 19.16201 ], [ -99.00818, 19.16204 ], [ -99.01052, 19.16712 ], [ -99.00709, 19.17323 ], [ -99.00722, 19.17449 ], [ -99.01274, 19.1774 ], [ -99.01262, 19.18237 ], [ -99.00747, 19.18131 ], [ -99.00848, 19.18296 ], [ -99.00446, 19.18409 ], [ -99.00205, 19.18355 ], [ -99.00129, 19.1847 ], [ -98.99404, 19.18317 ], [ -98.99334, 19.18574 ], [ -98.99164, 19.1812 ], [ -98.98784, 19.1788 ], [ -98.98911, 19.17748 ], [ -98.98855, 19.16988 ] ] ] } },
{ "type": "Feature", "properties": { "colonia": "SAN SALVADOR CUAUHTENCO (PBLO)", "alcaldia": "MILPA ALTA", "cveut": "09-010" }, "geometry": { "type": "Polygon", "coordinates": [ [ [ -99.10486, 19.19888 ], [ -99.09902, 19.20203 ], [ -99.09668, 19.2011 ], [ -99.09641, 19.20007 ], [ -99.08932, 19.19993 ], [ -99.08794, 19.19896 ], [ -99.08656, 19.20263 ], [ -99.08231, 19.19957 ], [ -99.08072, 19.1972 ], [ -99.08525, 19.18772 ], [ -99.08489, 19.18207 ], [ -99.08845, 19.18288 ], [ -99.09112, 19.18002 ], [ -99.09316, 19.18095 ], [ -99.09419, 19.1824 ], [ -99.09308, 19.1846 ], [ -99.09411, 19.18421 ], [ -99.09489, 19.18736 ], [ -99.09567, 19.18743 ], [ -99.09851, 19.18653 ], [ -99.09891, 19.18494 ], [ -99.10212, 19.18411 ], [ -99.10276, 19.18279 ], [ -99.10666, 19.18196 ], [ -99.10699, 19.18086 ], [ -99.10781, 19.18193 ], [ -99.10753, 19.19329 ], [ -99.10465, 19.1935 ], [ -99.10486, 19.19888 ] ] ] } },
{ "type": "Feature", "properties": { "colonia": "SAN PEDRO ATOCPAN (PBLO)", "alcaldia": "MILPA ALTA", "cveut": "09-009" }, "geometry": { "type": "Polygon", "coordinates": [ [ [ -99.03849, 19.20664 ], [ -99.03737, 19.2064 ], [ -99.03776, 19.20478 ], [ -99.03662, 19.20305 ], [ -99.04034, 19.2035 ], [ -99.04002, 19.20113 ], [ -99.04104, 19.19997 ], [ -99.04233, 19.20026 ], [ -99.04465, 19.19666 ], [ -99.04679, 19.1956 ], [ -99.04887, 19.18965 ], [ -99.05377, 19.19071 ], [ -99.05329, 19.19359 ], [ -99.05635, 19.19338 ], [ -99.05482, 19.19586 ], [ -99.05622, 19.19496 ], [ -99.05875, 19.19532 ], [ -99.05855, 19.19691 ], [ -99.06151, 19.19727 ], [ -99.06045, 19.20113 ], [ -99.05647, 19.20128 ], [ -99.05513, 19.20352 ], [ -99.05633, 19.20512 ], [ -99.05474, 19.20592 ], [ -99.05331, 19.2091 ], [ -99.0522, 19.20936 ], [ -99.05348, 19.21105 ], [ -99.0511, 19.2135 ], [ -99.05224, 19.21749 ], [ -99.05553, 19.22202 ], [ -99.05324, 19.22275 ], [ -99.04607, 19.2213 ], [ -99.04737, 19.21835 ], [ -99.04537, 19.21857 ], [ -99.04571, 19.21744 ], [ -99.04328, 19.21523 ], [ -99.03839, 19.21334 ], [ -99.03987, 19.21217 ], [ -99.03886, 19.211 ], [ -99.0392, 19.20933 ], [ -99.03808, 19.20888 ], [ -99.03849, 19.20664 ] ] ] } },
{ "type": "Feature", "properties": { "colonia": "SAN JOSE", "alcaldia": "TLAHUAC", "cveut": "11-033" }, "geometry": { "type": "Polygon", "coordinates": [ [ [ -98.99303, 19.26435 ], [ -98.99307, 19.26943 ], [ -99.0022, 19.27545 ], [ -99.00116, 19.28075 ], [ -98.97165, 19.27684 ], [ -98.97451, 19.26108 ], [ -98.99303, 19.26435 ] ] ] } },
{ "type": "Feature", "properties": { "colonia": "LA TORTUGA XOLALPA-HCO COLEGIO MILITAR", "alcaldia": "TLALPAN", "cveut": "12-077" }, "geometry": { "type": "Polygon", "coordinates": [ [ [ -99.14865, 19.26729 ], [ -99.14323, 19.26734 ], [ -99.14239, 19.26028 ], [ -99.14018, 19.25785 ], [ -99.14081, 19.25701 ], [ -99.1394, 19.25468 ], [ -99.14179, 19.2488 ], [ -99.14929, 19.24458 ], [ -99.15524, 19.24851 ], [ -99.15631, 19.25349 ], [ -99.16597, 19.26178 ], [ -99.16199, 19.2647 ], [ -99.14865, 19.26729 ] ] ] } },
{ "type": "Feature", "properties": { "colonia": "LOMAS VIRREYES (LOMAS DE CHAPULTEPEC)", "alcaldia": "MIGUEL HIDALGO", "cveut": "16-046" }, "geometry": { "type": "Polygon", "coordinates": [ [ [ -99.20483, 19.41806 ], [ -99.20312, 19.41198 ], [ -99.2029, 19.40596 ], [ -99.21422, 19.39897 ], [ -99.22244, 19.39624 ], [ -99.22324, 19.39685 ], [ -99.22352, 19.3993 ], [ -99.22248, 19.40057 ], [ -99.21723, 19.40397 ], [ -99.22037, 19.40328 ], [ -99.22035, 19.4051 ], [ -99.22293, 19.40466 ], [ -99.22204, 19.40615 ], [ -99.2258, 19.40463 ], [ -99.2265, 19.40655 ], [ -99.22382, 19.40689 ], [ -99.22006, 19.41335 ], [ -99.21858, 19.41258 ], [ -99.21317, 19.41679 ], [ -99.21115, 19.42113 ], [ -99.2062, 19.42349 ], [ -99.19979, 19.42096 ], [ -99.20483, 19.41806 ] ] ] } },
{ "type": "Feature", "properties": { "colonia": "SAN ANDRES AHUAYUCAN (PBLO)", "alcaldia": "XOCHIMILCO", "cveut": "13-035" }, "geometry": { "type": "Polygon", "coordinates": [ [ [ -99.10386, 19.21902 ], [ -99.10658, 19.2192 ], [ -99.10402, 19.21475 ], [ -99.1018, 19.20478 ], [ -99.09925, 19.20807 ], [ -99.09802, 19.20833 ], [ -99.09871, 19.2042 ], [ -99.09668, 19.2011 ], [ -99.09964, 19.202 ], [ -99.10474, 19.19906 ], [ -99.10449, 19.19404 ], [ -99.10621, 19.19322 ], [ -99.10607, 19.19887 ], [ -99.11329, 19.1998 ], [ -99.10943, 19.20562 ], [ -99.1075, 19.21061 ], [ -99.10766, 19.21616 ], [ -99.11277, 19.21956 ], [ -99.11333, 19.21837 ], [ -99.11681, 19.21855 ], [ -99.11791, 19.22103 ], [ -99.11714, 19.22272 ], [ -99.1157, 19.2221 ], [ -99.11327, 19.2241 ], [ -99.1118, 19.22767 ], [ -99.11009, 19.22847 ], [ -99.11002, 19.22931 ], [ -99.11254, 19.22992 ], [ -99.11169, 19.23066 ], [ -99.11189, 19.23289 ], [ -99.10984, 19.23575 ], [ -99.10894, 19.23428 ], [ -99.10787, 19.23647 ], [ -99.10359, 19.23557 ], [ -99.10642, 19.23369 ], [ -99.10355, 19.23253 ], [ -99.10379, 19.2315 ], [ -99.10214, 19.23064 ], [ -99.10232, 19.22931 ], [ -99.10082, 19.23133 ], [ -99.09719, 19.23049 ], [ -99.09778, 19.22751 ], [ -99.10032, 19.225 ], [ -99.103, 19.22578 ], [ -99.10415, 19.2252 ], [ -99.10269, 19.22277 ], [ -99.10429, 19.22331 ], [ -99.10294, 19.22032 ], [ -99.10386, 19.21902 ] ] ] } },
{ "type": "Feature", "properties": { "colonia": "MALACATES (AMPL)", "alcaldia": "GUSTAVO A. MADERO", "cveut": "05-121" }, "geometry": { "type": "Polygon", "coordinates": [ [ [ -99.13115, 19.57516 ], [ -99.13766, 19.57733 ], [ -99.13987, 19.5804 ], [ -99.13888, 19.58276 ], [ -99.13574, 19.58396 ], [ -99.13521, 19.58723 ], [ -99.12863, 19.58962 ], [ -99.12551, 19.59373 ], [ -99.12111, 19.59309 ], [ -99.11957, 19.59189 ], [ -99.12051, 19.58597 ], [ -99.11876, 19.58234 ], [ -99.11631, 19.58032 ], [ -99.11352, 19.57179 ], [ -99.12824, 19.5722 ], [ -99.12688, 19.57486 ], [ -99.12909, 19.57423 ], [ -99.12999, 19.57512 ], [ -99.13091, 19.57338 ], [ -99.13115, 19.57516 ] ] ] } },
{ "type": "Feature", "properties": { "colonia": "SAN JERONIMO ACULCO - LIDICE (PBLO)", "alcaldia": "LA MAGDALENA CONTRERAS", "cveut": "08-045" }, "geometry": { "type": "Polygon", "coordinates": [ [ [ -99.23115, 19.31745 ], [ -99.23479, 19.31624 ], [ -99.23937, 19.31935 ], [ -99.23692, 19.32195 ], [ -99.23817, 19.32455 ], [ -99.23121, 19.32979 ], [ -99.22201, 19.3338 ], [ -99.21713, 19.33483 ], [ -99.21462, 19.33636 ], [ -99.21423, 19.33503 ], [ -99.21268, 19.33534 ], [ -99.21216, 19.33405 ], [ -99.21411, 19.33208 ], [ -99.21256, 19.33067 ], [ -99.21032, 19.33116 ], [ -99.21266, 19.32687 ], [ -99.22081, 19.32077 ], [ -99.22157, 19.3192 ], [ -99.22104, 19.31598 ], [ -99.22939, 19.31472 ], [ -99.23115, 19.31745 ] ] ] } },
{ "type": "Feature", "properties": { "colonia": "INDUSTRIAL VALLEJO (U HAB)", "alcaldia": "AZCAPOTZALCO", "cveut": "02-036" }, "geometry": { "type": "Polygon", "coordinates": [ [ [ -99.16175, 19.48474 ], [ -99.16114, 19.48763 ], [ -99.1688, 19.49085 ], [ -99.17528, 19.50749 ], [ -99.17305, 19.50862 ], [ -99.15697, 19.50274 ], [ -99.15296, 19.49184 ], [ -99.15671, 19.48938 ], [ -99.16032, 19.49048 ], [ -99.161, 19.4877 ], [ -99.15595, 19.48651 ], [ -99.15746, 19.48049 ], [ -99.16386, 19.47825 ], [ -99.16679, 19.48586 ], [ -99.16175, 19.48474 ] ] ] } },
{ "type": "Feature", "properties": { "colonia": "LOMAS DE VISTA HERMOSA", "alcaldia": "CUAJIMALPA DE MORELOS", "cveut": "04-032" }, "geometry": { "type": "MultiPolygon", "coordinates": [ [ [ [ -99.27448, 19.38638 ], [ -99.27329, 19.38758 ], [ -99.27303, 19.39011 ], [ -99.27131, 19.3911 ], [ -99.2699, 19.39015 ], [ -99.26795, 19.3938 ], [ -99.26688, 19.39332 ], [ -99.26517, 19.38943 ], [ -99.26678, 19.38207 ], [ -99.2683, 19.38032 ], [ -99.26501, 19.37875 ], [ -99.26001, 19.37903 ], [ -99.26156, 19.37597 ], [ -99.26057, 19.37637 ], [ -99.26744, 19.37345 ], [ -99.26997, 19.37333 ], [ -99.26974, 19.3693 ], [ -99.27324, 19.36557 ], [ -99.28163, 19.36355 ], [ -99.27721, 19.37238 ], [ -99.27962, 19.37368 ], [ -99.27879, 19.37412 ], [ -99.28158, 19.37435 ], [ -99.28334, 19.37658 ], [ -99.285, 19.37672 ], [ -99.28509, 19.37905 ], [ -99.282, 19.38024 ], [ -99.28025, 19.38246 ], [ -99.27448, 19.38638 ] ] ], [ [ [ -99.27498, 19.38609 ], [ -99.27491, 19.38615 ], [ -99.27497, 19.3861 ], [ -99.27498, 19.38609 ] ] ] ] } },
{ "type": "Feature", "properties": { "colonia": "SAN BARTOLO AMEYALCO (PBLO)", "alcaldia": "ALVARO OBREGON", "cveut": "10-194" }, "geometry": { "type": "Polygon", "coordinates": [ [ [ -99.25705, 19.3325 ], [ -99.25684, 19.328 ], [ -99.26004, 19.32815 ], [ -99.26287, 19.32678 ], [ -99.26395, 19.32394 ], [ -99.26904, 19.3249 ], [ -99.27023, 19.32394 ], [ -99.27009, 19.32265 ], [ -99.27168, 19.32178 ], [ -99.27429, 19.32506 ], [ -99.27924, 19.3245 ], [ -99.28077, 19.3232 ], [ -99.28569, 19.31208 ], [ -99.28682, 19.31388 ], [ -99.2862, 19.31886 ], [ -99.27761, 19.32907 ], [ -99.27957, 19.33362 ], [ -99.27635, 19.33618 ], [ -99.27343, 19.33621 ], [ -99.27217, 19.3392 ], [ -99.26895, 19.34117 ], [ -99.26741, 19.34122 ], [ -99.26515, 19.33898 ], [ -99.26426, 19.33936 ], [ -99.25604, 19.33595 ], [ -99.25538, 19.3343 ], [ -99.25705, 19.3325 ] ] ] } },
{ "type": "Feature", "properties": { "colonia": "SAN ANDRES MIXQUIC (PBLO)", "alcaldia": "TLAHUAC", "cveut": "11-031" }, "geometry": { "type": "Polygon", "coordinates": [ [ [ -98.96612, 19.21881 ], [ -98.97006, 19.22019 ], [ -98.96896, 19.22265 ], [ -98.97014, 19.22296 ], [ -98.96922, 19.22567 ], [ -98.97113, 19.22741 ], [ -98.97064, 19.22943 ], [ -98.97212, 19.23052 ], [ -98.97118, 19.23286 ], [ -98.94565, 19.22513 ], [ -98.94864, 19.21492 ], [ -98.95705, 19.21607 ], [ -98.96375, 19.21273 ], [ -98.9656, 19.21294 ], [ -98.96791, 19.21394 ], [ -98.96612, 19.21881 ] ] ] } },
{ "type": "Feature", "properties": { "colonia": "NATIVITAS LA JOYA (AMPL)", "alcaldia": "XOCHIMILCO", "cveut": "13-030" }, "geometry": { "type": "Polygon", "coordinates": [ [ [ -99.07435, 19.22079 ], [ -99.08074, 19.21792 ], [ -99.08263, 19.21575 ], [ -99.08637, 19.22066 ], [ -99.08739, 19.22067 ], [ -99.08714, 19.21902 ], [ -99.09034, 19.21862 ], [ -99.09184, 19.2228 ], [ -99.09065, 19.22441 ], [ -99.09841, 19.22514 ], [ -99.09718, 19.23051 ], [ -99.09718, 19.24208 ], [ -99.09204, 19.24196 ], [ -99.09121, 19.23982 ], [ -99.0923, 19.23763 ], [ -99.09174, 19.23605 ], [ -99.08984, 19.23409 ], [ -99.08755, 19.23416 ], [ -99.087, 19.23171 ], [ -99.08525, 19.23485 ], [ -99.08292, 19.23494 ], [ -99.0827, 19.23595 ], [ -99.07964, 19.23659 ], [ -99.07981, 19.22864 ], [ -99.07435, 19.22079 ] ] ] } },
{ "type": "Feature", "properties": { "colonia": "SANTA ROSA XOCHIAC (PBLO)", "alcaldia": "ALVARO OBREGON", "cveut": "10-204" }, "geometry": { "type": "Polygon", "coordinates": [ [ [ -99.28, 19.33637 ], [ -99.27761, 19.32907 ], [ -99.2862, 19.31886 ], [ -99.28697, 19.31571 ], [ -99.28569, 19.31208 ], [ -99.29033, 19.31313 ], [ -99.29044, 19.31239 ], [ -99.29111, 19.31347 ], [ -99.30216, 19.31852 ], [ -99.30068, 19.32038 ], [ -99.30079, 19.32212 ], [ -99.299, 19.32327 ], [ -99.29433, 19.31972 ], [ -99.29384, 19.32347 ], [ -99.29666, 19.32623 ], [ -99.29605, 19.33163 ], [ -99.29428, 19.33347 ], [ -99.28932, 19.3339 ], [ -99.28436, 19.33666 ], [ -99.28048, 19.33516 ], [ -99.28, 19.33637 ] ] ] } },
{ "type": "Feature", "properties": { "colonia": "EL CONTADERO", "alcaldia": "CUAJIMALPA DE MORELOS", "cveut": "04-015" }, "geometry": { "type": "Polygon", "coordinates": [ [ [ -99.28863, 19.35246 ], [ -99.2875, 19.35203 ], [ -99.28795, 19.35119 ], [ -99.2841, 19.35043 ], [ -99.2812, 19.35282 ], [ -99.27975, 19.35254 ], [ -99.27722, 19.35666 ], [ -99.27613, 19.3568 ], [ -99.27578, 19.35462 ], [ -99.27178, 19.35458 ], [ -99.26977, 19.35616 ], [ -99.26872, 19.35542 ], [ -99.27076, 19.35331 ], [ -99.2784, 19.35171 ], [ -99.28123, 19.34828 ], [ -99.28522, 19.34786 ], [ -99.2883, 19.34507 ], [ -99.2926, 19.34367 ], [ -99.29899, 19.33691 ], [ -99.3027, 19.33494 ], [ -99.30983, 19.33527 ], [ -99.31052, 19.33643 ], [ -99.312, 19.33509 ], [ -99.31107, 19.33971 ], [ -99.30853, 19.34217 ], [ -99.3058, 19.34931 ], [ -99.29697, 19.35128 ], [ -99.29487, 19.35263 ], [ -99.29583, 19.34898 ], [ -99.29315, 19.34899 ], [ -99.28863, 19.35246 ] ] ] } },
{ "type": "Feature", "properties": { "colonia": "SANTIAGO ZAPOTITLAN (PBLO)", "alcaldia": "TLAHUAC", "cveut": "11-042" }, "geometry": { "type": "Polygon", "coordinates": [ [ [ -99.04454, 19.30201 ], [ -99.03962, 19.30029 ], [ -99.03891, 19.30377 ], [ -99.03714, 19.30314 ], [ -99.03341, 19.31267 ], [ -99.03137, 19.31431 ], [ -99.03005, 19.31814 ], [ -99.02287, 19.31985 ], [ -99.02308, 19.31808 ], [ -99.02039, 19.31691 ], [ -99.02312, 19.31138 ], [ -99.02126, 19.31067 ], [ -99.02542, 19.30287 ], [ -99.02199, 19.29866 ], [ -99.03776, 19.2961 ], [ -99.04098, 19.29673 ], [ -99.04162, 19.29954 ], [ -99.04843, 19.30031 ], [ -99.04444, 19.30524 ], [ -99.04288, 19.30404 ], [ -99.04454, 19.30201 ] ] ] } },
{ "type": "Feature", "properties": { "colonia": "LA VENTA", "alcaldia": "CUAJIMALPA DE MORELOS", "cveut": "04-025" }, "geometry": { "type": "Polygon", "coordinates": [ [ [ -99.31671, 19.32988 ], [ -99.31211, 19.33593 ], [ -99.31179, 19.33514 ], [ -99.31052, 19.33643 ], [ -99.30718, 19.33085 ], [ -99.30863, 19.32554 ], [ -99.30741, 19.32426 ], [ -99.30951, 19.32129 ], [ -99.30842, 19.31982 ], [ -99.30715, 19.32115 ], [ -99.30632, 19.32082 ], [ -99.30537, 19.31674 ], [ -99.30379, 19.32204 ], [ -99.30224, 19.32259 ], [ -99.30083, 19.32466 ], [ -99.299, 19.32327 ], [ -99.30079, 19.32212 ], [ -99.30129, 19.31889 ], [ -99.30507, 19.31243 ], [ -99.3187, 19.3022 ], [ -99.31739, 19.31027 ], [ -99.31422, 19.3156 ], [ -99.31865, 19.32455 ], [ -99.31671, 19.32988 ] ] ] } },
{ "type": "Feature", "properties": { "colonia": "SAN JUAN DE ARAGON 4A  Y 5A SECCION (U HAB) II", "alcaldia": "GUSTAVO A. MADERO", "cveut": "05-246" }, "geometry": { "type": "Polygon", "coordinates": [ [ [ -99.07359, 19.46662 ], [ -99.05841, 19.46379 ], [ -99.05859, 19.46272 ], [ -99.05606, 19.46187 ], [ -99.05464, 19.45878 ], [ -99.06269, 19.45599 ], [ -99.06232, 19.45507 ], [ -99.06375, 19.45206 ], [ -99.06281, 19.45221 ], [ -99.06482, 19.45146 ], [ -99.06519, 19.45542 ], [ -99.06812, 19.4549 ], [ -99.06861, 19.45839 ], [ -99.07913, 19.45095 ], [ -99.08012, 19.45266 ], [ -99.08189, 19.45332 ], [ -99.08057, 19.45681 ], [ -99.08729, 19.46022 ], [ -99.08619, 19.46522 ], [ -99.08011, 19.46392 ], [ -99.07359, 19.46662 ] ] ] } },
{ "type": "Feature", "properties": { "colonia": "SAN LORENZO TLACOYUCAN (PBLO)", "alcaldia": "MILPA ALTA", "cveut": "09-007" }, "geometry": { "type": "Polygon", "coordinates": [ [ [ -99.03792, 19.18224 ], [ -99.03627, 19.18151 ], [ -99.03427, 19.18366 ], [ -99.03268, 19.18353 ], [ -99.0301, 19.1814 ], [ -99.02801, 19.1812 ], [ -99.02647, 19.17909 ], [ -99.01866, 19.17827 ], [ -99.01923, 19.16894 ], [ -99.02267, 19.16982 ], [ -99.02595, 19.16918 ], [ -99.0306, 19.17083 ], [ -99.03155, 19.16794 ], [ -99.03411, 19.16881 ], [ -99.03555, 19.16754 ], [ -99.03775, 19.16752 ], [ -99.03818, 19.16886 ], [ -99.03906, 19.16861 ], [ -99.03672, 19.17213 ], [ -99.03995, 19.17219 ], [ -99.04127, 19.17094 ], [ -99.04094, 19.17602 ], [ -99.04368, 19.17621 ], [ -99.04461, 19.17836 ], [ -99.0436, 19.18042 ], [ -99.04455, 19.18168 ], [ -99.04295, 19.18436 ], [ -99.04097, 19.18517 ], [ -99.0377, 19.18354 ], [ -99.03792, 19.18224 ] ] ] } },
{ "type": "Feature", "properties": { "colonia": "LINDAVISTA II", "alcaldia": "GUSTAVO A. MADERO", "cveut": "05-226" }, "geometry": { "type": "Polygon", "coordinates": [ [ [ -99.12228, 19.48904 ], [ -99.12182, 19.49071 ], [ -99.12281, 19.48955 ], [ -99.12523, 19.49189 ], [ -99.12651, 19.49031 ], [ -99.1315, 19.494 ], [ -99.14006, 19.49588 ], [ -99.14844, 19.49947 ], [ -99.15081, 19.50539 ], [ -99.13963, 19.50974 ], [ -99.13335, 19.50339 ], [ -99.12906, 19.50264 ], [ -99.12851, 19.50316 ], [ -99.12952, 19.50573 ], [ -99.12034, 19.49215 ], [ -99.12228, 19.48904 ] ] ] } },
{ "type": "Feature", "properties": { "colonia": "EL GAVILLERO", "alcaldia": "LA MAGDALENA CONTRERAS", "cveut": "08-007" }, "geometry": { "type": "Polygon", "coordinates": [ [ [ -99.24562, 19.28955 ], [ -99.24103, 19.28687 ], [ -99.24257, 19.28435 ], [ -99.25013, 19.28128 ], [ -99.24841, 19.27976 ], [ -99.26416, 19.26966 ], [ -99.26851, 19.26939 ], [ -99.26763, 19.27394 ], [ -99.26236, 19.28327 ], [ -99.24803, 19.29277 ], [ -99.24555, 19.29322 ], [ -99.24658, 19.29203 ], [ -99.24562, 19.28955 ] ] ] } },
{ "type": "Feature", "properties": { "colonia": "JARDINES DE SAN JUAN", "alcaldia": "TLALPAN", "cveut": "12-065" }, "geometry": { "type": "GeometryCollection", "geometries": [ { "type": "Polygon", "coordinates": [ [ [ -99.17659, 19.21428 ], [ -99.17753, 19.21337 ], [ -99.17689, 19.21294 ], [ -99.17484, 19.21653 ], [ -99.17362, 19.21618 ], [ -99.17303, 19.21817 ], [ -99.17111, 19.21975 ], [ -99.17109, 19.21543 ], [ -99.17808, 19.20487 ], [ -99.18067, 19.20544 ], [ -99.18137, 19.20454 ], [ -99.18208, 19.20566 ], [ -99.18353, 19.2051 ], [ -99.1826, 19.20638 ], [ -99.1808, 19.20657 ], [ -99.18907, 19.21231 ], [ -99.1912, 19.21127 ], [ -99.18992, 19.21083 ], [ -99.189, 19.2074 ], [ -99.18724, 19.20527 ], [ -99.18934, 19.20439 ], [ -99.19054, 19.19802 ], [ -99.19356, 19.20225 ], [ -99.19338, 19.20454 ], [ -99.19645, 19.20367 ], [ -99.19836, 19.20562 ], [ -99.19886, 19.20871 ], [ -99.19724, 19.21098 ], [ -99.19625, 19.21491 ], [ -99.19568, 19.22145 ], [ -99.19344, 19.21858 ], [ -99.188, 19.21734 ], [ -99.18726, 19.21488 ], [ -99.18629, 19.21605 ], [ -99.18367, 19.21462 ], [ -99.18426, 19.21674 ], [ -99.18096, 19.21645 ], [ -99.17659, 19.21428 ] ] ] }, { "type": "LineString", "coordinates": [ [ -99.17486, 19.21654 ], [ -99.17484, 19.21653 ] ] } ] } },
{ "type": "Feature", "properties": { "colonia": "GUADALUPE", "alcaldia": "XOCHIMILCO", "cveut": "13-013" }, "geometry": { "type": "Polygon", "coordinates": [ [ [ -99.11995, 19.20529 ], [ -99.12221, 19.20569 ], [ -99.12244, 19.20446 ], [ -99.12458, 19.20509 ], [ -99.12843, 19.21438 ], [ -99.12438, 19.21903 ], [ -99.12453, 19.22081 ], [ -99.12344, 19.22087 ], [ -99.11905, 19.22819 ], [ -99.11895, 19.22172 ], [ -99.11773, 19.22233 ], [ -99.11681, 19.21855 ], [ -99.11333, 19.21837 ], [ -99.11277, 19.21956 ], [ -99.11142, 19.21905 ], [ -99.11027, 19.21739 ], [ -99.10766, 19.21616 ], [ -99.1072, 19.21251 ], [ -99.10943, 19.20562 ], [ -99.11805, 19.20893 ], [ -99.11907, 19.20784 ], [ -99.11962, 19.20893 ], [ -99.11895, 19.20707 ], [ -99.11995, 19.20529 ] ] ] } },
{ "type": "Feature", "properties": { "colonia": "SAN LUIS TLAXIALTEMALCO (PBLO)", "alcaldia": "XOCHIMILCO", "cveut": "13-053" }, "geometry": { "type": "Polygon", "coordinates": [ [ [ -99.03346, 19.24983 ], [ -99.03437, 19.24711 ], [ -99.03334, 19.24692 ], [ -99.03389, 19.24562 ], [ -99.03233, 19.24474 ], [ -99.03288, 19.24203 ], [ -99.03544, 19.24269 ], [ -99.03679, 19.24413 ], [ -99.04096, 19.24335 ], [ -99.04383, 19.2458 ], [ -99.04227, 19.26096 ], [ -99.03326, 19.26547 ], [ -99.03264, 19.26678 ], [ -99.0296, 19.26251 ], [ -99.02686, 19.26183 ], [ -99.02807, 19.25835 ], [ -99.02983, 19.25849 ], [ -99.02983, 19.25689 ], [ -99.02777, 19.25635 ], [ -99.02822, 19.25521 ], [ -99.03089, 19.25569 ], [ -99.02954, 19.25188 ], [ -99.03346, 19.24983 ] ] ] } },
{ "type": "Feature", "properties": { "colonia": "SANTA CATARINA YECAHUIZOTL (PBLO)", "alcaldia": "TLAHUAC", "cveut": "11-040" }, "geometry": { "type": "Polygon", "coordinates": [ [ [ -98.97747, 19.30634 ], [ -98.97809, 19.30676 ], [ -98.97535, 19.31401 ], [ -98.97367, 19.31323 ], [ -98.97303, 19.31424 ], [ -98.96962, 19.30994 ], [ -98.96438, 19.31779 ], [ -98.96344, 19.31418 ], [ -98.96435, 19.3079 ], [ -98.96543, 19.30631 ], [ -98.96723, 19.30596 ], [ -98.96884, 19.29469 ], [ -98.98658, 19.29712 ], [ -98.9847, 19.29847 ], [ -98.98348, 19.30188 ], [ -98.97747, 19.30634 ] ] ] } },
{ "type": "Feature", "properties": { "colonia": "LOMAS DE TEPEMECATL", "alcaldia": "TLALPAN", "cveut": "12-222" }, "geometry": { "type": "Polygon", "coordinates": [ [ [ -99.24357, 19.23588 ], [ -99.24706, 19.2393 ], [ -99.24472, 19.23936 ], [ -99.24249, 19.24227 ], [ -99.24276, 19.24543 ], [ -99.2418, 19.24604 ], [ -99.24033, 19.24322 ], [ -99.22933, 19.24513 ], [ -99.22116, 19.24296 ], [ -99.22576, 19.24119 ], [ -99.22564, 19.23879 ], [ -99.22056, 19.23794 ], [ -99.22012, 19.23629 ], [ -99.21781, 19.23546 ], [ -99.21765, 19.23277 ], [ -99.22192, 19.23172 ], [ -99.2273, 19.2318 ], [ -99.22969, 19.23215 ], [ -99.23322, 19.23586 ], [ -99.2357, 19.23425 ], [ -99.24344, 19.23374 ], [ -99.24357, 19.23588 ] ] ] } },
{ "type": "Feature", "properties": { "colonia": "SANTA CRUZ ACALPIXCA (PBLO)", "alcaldia": "XOCHIMILCO", "cveut": "13-060" }, "geometry": { "type": "Polygon", "coordinates": [ [ [ -99.08393, 19.24324 ], [ -99.08359, 19.2469 ], [ -99.08523, 19.24713 ], [ -99.08415, 19.25059 ], [ -99.07995, 19.24792 ], [ -99.07719, 19.25727 ], [ -99.06675, 19.25506 ], [ -99.06868, 19.25375 ], [ -99.0702, 19.25167 ], [ -99.06926, 19.25279 ], [ -99.06777, 19.25222 ], [ -99.06695, 19.25147 ], [ -99.06838, 19.25054 ], [ -99.0677, 19.24962 ], [ -99.06532, 19.24928 ], [ -99.06682, 19.248 ], [ -99.06673, 19.24537 ], [ -99.07183, 19.24147 ], [ -99.06952, 19.23919 ], [ -99.06917, 19.23571 ], [ -99.07018, 19.2335 ], [ -99.0679, 19.23325 ], [ -99.0689, 19.23071 ], [ -99.07252, 19.23294 ], [ -99.07147, 19.23637 ], [ -99.07397, 19.23823 ], [ -99.07429, 19.23959 ], [ -99.07554, 19.23942 ], [ -99.0776, 19.23555 ], [ -99.07693, 19.23887 ], [ -99.0775, 19.24096 ], [ -99.07597, 19.24148 ], [ -99.07669, 19.24218 ], [ -99.07883, 19.24272 ], [ -99.08106, 19.24141 ], [ -99.08696, 19.24054 ], [ -99.08728, 19.24154 ], [ -99.0858, 19.2419 ], [ -99.08535, 19.24345 ], [ -99.08393, 19.24324 ] ] ] } },
{ "type": "Feature", "properties": { "colonia": "OLIVAR DE LOS PADRES", "alcaldia": "ALVARO OBREGON", "cveut": "10-163" }, "geometry": { "type": "Polygon", "coordinates": [ [ [ -99.22366, 19.33424 ], [ -99.22481, 19.33227 ], [ -99.23046, 19.33019 ], [ -99.23019, 19.33572 ], [ -99.24367, 19.33242 ], [ -99.25015, 19.33383 ], [ -99.25695, 19.32959 ], [ -99.25748, 19.33028 ], [ -99.2563, 19.33232 ], [ -99.2519, 19.33549 ], [ -99.25106, 19.33759 ], [ -99.24916, 19.33861 ], [ -99.2336, 19.33792 ], [ -99.215, 19.34255 ], [ -99.20541, 19.34253 ], [ -99.20875, 19.33949 ], [ -99.21505, 19.33769 ], [ -99.22037, 19.33454 ], [ -99.22244, 19.33459 ], [ -99.22305, 19.33729 ], [ -99.22431, 19.337 ], [ -99.22366, 19.33424 ] ] ] } },
{ "type": "Feature", "properties": { "colonia": "MILITAR 1 K LOMAS DE SOTELO (U HAB)", "alcaldia": "MIGUEL HIDALGO", "cveut": "16-051" }, "geometry": { "type": "Polygon", "coordinates": [ [ [ -99.22191, 19.43079 ], [ -99.22366, 19.4332 ], [ -99.22279, 19.43383 ], [ -99.22718, 19.43612 ], [ -99.22828, 19.43846 ], [ -99.23146, 19.4361 ], [ -99.23305, 19.43705 ], [ -99.23384, 19.43951 ], [ -99.23767, 19.44028 ], [ -99.24012, 19.44197 ], [ -99.23578, 19.44368 ], [ -99.22928, 19.44436 ], [ -99.22207, 19.4494 ], [ -99.22175, 19.45167 ], [ -99.21998, 19.45256 ], [ -99.21999, 19.4456 ], [ -99.21734, 19.44452 ], [ -99.21214, 19.43536 ], [ -99.22191, 19.43079 ] ] ] } },
{ "type": "Feature", "properties": { "colonia": "CONDOMINIO DEL BOSQUE (FRACC)-BOSQUE DE TLALPAN", "alcaldia": "TLALPAN", "cveut": "12-026" }, "geometry": { "type": "Polygon", "coordinates": [ [ [ -99.19455, 19.28618 ], [ -99.2041, 19.28676 ], [ -99.20952, 19.28612 ], [ -99.21231, 19.28812 ], [ -99.21083, 19.2925 ], [ -99.21219, 19.29324 ], [ -99.20552, 19.29291 ], [ -99.20531, 19.29766 ], [ -99.19551, 19.29712 ], [ -99.19373, 19.29595 ], [ -99.19226, 19.29668 ], [ -99.18905, 19.29633 ], [ -99.18638, 19.29576 ], [ -99.18463, 19.29426 ], [ -99.18756, 19.28726 ], [ -99.19348, 19.28621 ], [ -99.19374, 19.28709 ], [ -99.19486, 19.28704 ], [ -99.19455, 19.28618 ] ] ] } },
{ "type": "Feature", "properties": { "colonia": "SANTIAGO TEPALCATLALPAN (PBLO)", "alcaldia": "XOCHIMILCO", "cveut": "13-066" }, "geometry": { "type": "Polygon", "coordinates": [ [ [ -99.11999, 19.24309 ], [ -99.1209, 19.2416 ], [ -99.12004, 19.24016 ], [ -99.12162, 19.24067 ], [ -99.12136, 19.24232 ], [ -99.12294, 19.24242 ], [ -99.12373, 19.24144 ], [ -99.1243, 19.24345 ], [ -99.1266, 19.2433 ], [ -99.12875, 19.23763 ], [ -99.12982, 19.2376 ], [ -99.13045, 19.23109 ], [ -99.13464, 19.22967 ], [ -99.13094, 19.23383 ], [ -99.13068, 19.23555 ], [ -99.13176, 19.23554 ], [ -99.13305, 19.2372 ], [ -99.13413, 19.23608 ], [ -99.13825, 19.23668 ], [ -99.13844, 19.24038 ], [ -99.13761, 19.24212 ], [ -99.13873, 19.24574 ], [ -99.13588, 19.24436 ], [ -99.1357, 19.24525 ], [ -99.13708, 19.24586 ], [ -99.13392, 19.24738 ], [ -99.13786, 19.25051 ], [ -99.13349, 19.2488 ], [ -99.13317, 19.2499 ], [ -99.12809, 19.25007 ], [ -99.12804, 19.25303 ], [ -99.12675, 19.25146 ], [ -99.12639, 19.25304 ], [ -99.12479, 19.2528 ], [ -99.12474, 19.25081 ], [ -99.12364, 19.2508 ], [ -99.12481, 19.25581 ], [ -99.12251, 19.25607 ], [ -99.11792, 19.24748 ], [ -99.11629, 19.24716 ], [ -99.11638, 19.246 ], [ -99.1174, 19.24614 ], [ -99.11669, 19.24384 ], [ -99.11999, 19.24309 ] ] ] } },
{ "type": "Feature", "properties": { "colonia": "SANTIAGO TULYEHUALCO (PBLO)", "alcaldia": "XOCHIMILCO", "cveut": "13-067" }, "geometry": { "type": "Polygon", "coordinates": [ [ [ -99.01327, 19.26106 ], [ -99.00034, 19.25692 ], [ -99.00097, 19.25573 ], [ -98.99961, 19.25531 ], [ -99.00182, 19.25161 ], [ -99.0029, 19.25155 ], [ -99.00474, 19.24752 ], [ -99.01011, 19.2513 ], [ -99.01565, 19.2529 ], [ -99.01728, 19.2527 ], [ -99.01637, 19.2522 ], [ -99.01886, 19.25017 ], [ -99.01965, 19.25044 ], [ -99.01826, 19.25259 ], [ -99.02083, 19.25331 ], [ -99.02343, 19.25152 ], [ -99.02367, 19.25283 ], [ -99.02542, 19.25319 ], [ -99.02499, 19.25477 ], [ -99.02983, 19.25689 ], [ -99.02983, 19.25849 ], [ -99.02807, 19.25835 ], [ -99.02686, 19.26183 ], [ -99.01666, 19.25995 ], [ -99.01499, 19.26345 ], [ -99.01336, 19.26293 ], [ -99.01327, 19.26106 ] ] ] } },
{ "type": "Feature", "properties": { "colonia": "SAN NICOLAS TETELCO (PBLO)", "alcaldia": "TLAHUAC", "cveut": "11-037" }, "geometry": { "type": "Polygon", "coordinates": [ [ [ -98.97448, 19.22352 ], [ -98.97125, 19.22233 ], [ -98.97155, 19.21929 ], [ -98.96874, 19.21997 ], [ -98.96612, 19.21881 ], [ -98.96791, 19.21394 ], [ -98.96459, 19.21307 ], [ -98.96657, 19.20886 ], [ -98.97366, 19.21412 ], [ -98.97528, 19.2079 ], [ -98.97477, 19.20471 ], [ -98.97633, 19.2041 ], [ -98.9772, 19.2043 ], [ -98.97746, 19.20695 ], [ -98.98155, 19.20856 ], [ -98.97939, 19.21533 ], [ -98.97788, 19.2151 ], [ -98.9776, 19.21592 ], [ -98.98441, 19.22354 ], [ -98.98183, 19.23017 ], [ -98.98026, 19.23065 ], [ -98.97722, 19.22943 ], [ -98.97802, 19.2274 ], [ -98.97448, 19.22352 ] ] ] } },
{ "type": "Feature", "properties": { "colonia": "SAN JUAN IXTAYOPAN (PBLO)", "alcaldia": "TLAHUAC", "cveut": "11-034" }, "geometry": { "type": "Polygon", "coordinates": [ [ [ -99.00182, 19.25161 ], [ -98.99961, 19.25531 ], [ -98.98638, 19.25143 ], [ -98.98872, 19.23805 ], [ -98.9946, 19.23989 ], [ -98.99153, 19.23415 ], [ -98.99235, 19.23325 ], [ -98.99467, 19.23345 ], [ -98.99475, 19.23615 ], [ -98.99551, 19.23531 ], [ -98.99973, 19.2361 ], [ -98.99801, 19.23927 ], [ -99.00474, 19.24752 ], [ -99.00103, 19.24591 ], [ -98.99972, 19.24817 ], [ -98.99818, 19.24719 ], [ -98.99756, 19.24785 ], [ -98.99871, 19.25007 ], [ -99.00182, 19.25161 ] ] ] } },
{ "type": "Feature", "properties": { "colonia": "PASEOS DE CHURUBUSCO", "alcaldia": "IZTAPALAPA", "cveut": "07-157" }, "geometry": { "type": "Polygon", "coordinates": [ [ [ -99.09876, 19.37477 ], [ -99.08858, 19.39073 ], [ -99.08352, 19.38925 ], [ -99.08052, 19.3873 ], [ -99.08089, 19.38537 ], [ -99.0835, 19.38569 ], [ -99.08394, 19.38225 ], [ -99.0809, 19.38142 ], [ -99.07608, 19.38311 ], [ -99.0787, 19.37414 ], [ -99.07968, 19.37315 ], [ -99.08082, 19.37461 ], [ -99.09876, 19.37477 ] ] ] } },
{ "type": "Feature", "properties": { "colonia": "CRUZ BLANCA", "alcaldia": "CUAJIMALPA DE MORELOS", "cveut": "04-011" }, "geometry": { "type": "Polygon", "coordinates": [ [ [ -99.32082, 19.32027 ], [ -99.31865, 19.32455 ], [ -99.31422, 19.3156 ], [ -99.31739, 19.31027 ], [ -99.3187, 19.3022 ], [ -99.3216, 19.29922 ], [ -99.32098, 19.30152 ], [ -99.32209, 19.30247 ], [ -99.32157, 19.30629 ], [ -99.32355, 19.3078 ], [ -99.32753, 19.30327 ], [ -99.32858, 19.30011 ], [ -99.32893, 19.30603 ], [ -99.32752, 19.30719 ], [ -99.32748, 19.31388 ], [ -99.32558, 19.31677 ], [ -99.33171, 19.32051 ], [ -99.32745, 19.32503 ], [ -99.3263, 19.32276 ], [ -99.32555, 19.32326 ], [ -99.32537, 19.32115 ], [ -99.32082, 19.32027 ] ] ] } },
{ "type": "Feature", "properties": { "colonia": "CORREDOR SANTA FE", "alcaldia": "CUAJIMALPA DE MORELOS", "cveut": "04-012" }, "geometry": { "type": "Polygon", "coordinates": [ [ [ -99.26016, 19.35651 ], [ -99.26872, 19.35542 ], [ -99.26977, 19.35616 ], [ -99.27178, 19.35458 ], [ -99.27578, 19.35462 ], [ -99.27613, 19.3568 ], [ -99.27722, 19.35666 ], [ -99.27975, 19.35254 ], [ -99.2812, 19.35282 ], [ -99.28275, 19.35086 ], [ -99.28444, 19.35165 ], [ -99.2829, 19.35427 ], [ -99.28384, 19.35612 ], [ -99.28542, 19.35608 ], [ -99.28063, 19.36109 ], [ -99.28181, 19.36351 ], [ -99.27379, 19.36526 ], [ -99.27127, 19.36751 ], [ -99.26879, 19.36534 ], [ -99.26662, 19.3659 ], [ -99.26677, 19.3638 ], [ -99.26111, 19.36099 ], [ -99.26016, 19.35651 ] ] ] } },
{ "type": "Feature", "properties": { "colonia": "SAN LORENZO ACOPILCO (PBLO)", "alcaldia": "CUAJIMALPA DE MORELOS", "cveut": "04-045" }, "geometry": { "type": "Polygon", "coordinates": [ [ [ -99.32006, 19.33128 ], [ -99.32624, 19.32608 ], [ -99.32565, 19.32384 ], [ -99.32756, 19.32501 ], [ -99.33171, 19.32051 ], [ -99.33426, 19.32118 ], [ -99.33161, 19.32442 ], [ -99.32928, 19.33147 ], [ -99.32988, 19.33476 ], [ -99.33149, 19.33546 ], [ -99.3312, 19.33984 ], [ -99.32904, 19.34343 ], [ -99.3263, 19.34329 ], [ -99.32424, 19.3445 ], [ -99.32378, 19.34224 ], [ -99.32525, 19.33843 ], [ -99.32451, 19.33744 ], [ -99.32249, 19.33734 ], [ -99.31968, 19.33992 ], [ -99.32068, 19.3345 ], [ -99.32206, 19.33224 ], [ -99.31814, 19.33729 ], [ -99.31211, 19.33593 ], [ -99.31631, 19.33062 ], [ -99.3179, 19.32698 ], [ -99.31908, 19.32658 ], [ -99.32006, 19.33128 ] ] ] } },
{ "type": "Feature", "properties": { "colonia": "SANTA CRUZ XOCHITEPEC (PBLO)", "alcaldia": "XOCHIMILCO", "cveut": "13-062" }, "geometry": { "type": "Polygon", "coordinates": [ [ [ -99.12386, 19.25922 ], [ -99.12214, 19.25586 ], [ -99.12481, 19.25581 ], [ -99.12364, 19.2508 ], [ -99.12474, 19.25081 ], [ -99.12479, 19.2528 ], [ -99.12639, 19.25304 ], [ -99.12675, 19.25146 ], [ -99.12804, 19.25303 ], [ -99.12809, 19.25007 ], [ -99.13317, 19.2499 ], [ -99.13349, 19.2488 ], [ -99.1376, 19.25067 ], [ -99.13392, 19.24772 ], [ -99.13708, 19.24586 ], [ -99.1357, 19.24525 ], [ -99.13588, 19.24436 ], [ -99.13919, 19.24601 ], [ -99.14177, 19.24895 ], [ -99.1394, 19.25468 ], [ -99.14081, 19.25701 ], [ -99.14018, 19.25785 ], [ -99.14239, 19.26028 ], [ -99.14228, 19.26244 ], [ -99.13456, 19.26065 ], [ -99.13418, 19.25783 ], [ -99.13323, 19.25765 ], [ -99.13289, 19.25993 ], [ -99.12967, 19.26095 ], [ -99.12818, 19.26382 ], [ -99.12759, 19.26208 ], [ -99.12386, 19.25922 ] ] ] } },
{ "type": "Feature", "properties": { "colonia": "GRANJAS MEXICO II", "alcaldia": "IZTACALCO", "cveut": "06-051" }, "geometry": { "type": "Polygon", "coordinates": [ [ [ -99.09703, 19.40919 ], [ -99.07984, 19.40691 ], [ -99.0813, 19.40691 ], [ -99.08257, 19.40034 ], [ -99.08668, 19.39388 ], [ -99.08919, 19.39522 ], [ -99.08985, 19.39352 ], [ -99.09396, 19.39615 ], [ -99.09894, 19.39688 ], [ -99.09703, 19.40919 ] ] ] } },
{ "type": "Feature", "properties": { "colonia": "SANTA MARIA NATIVITAS (PBLO)", "alcaldia": "XOCHIMILCO", "cveut": "13-064" }, "geometry": { "type": "Polygon", "coordinates": [ [ [ -99.09686, 19.24184 ], [ -99.09634, 19.24573 ], [ -99.09452, 19.24713 ], [ -99.09584, 19.24809 ], [ -99.095, 19.24814 ], [ -99.09386, 19.25293 ], [ -99.0926, 19.2531 ], [ -99.08415, 19.25059 ], [ -99.08523, 19.24713 ], [ -99.08359, 19.2469 ], [ -99.08393, 19.24324 ], [ -99.08535, 19.24345 ], [ -99.0858, 19.2419 ], [ -99.08728, 19.24154 ], [ -99.08696, 19.24054 ], [ -99.08106, 19.24141 ], [ -99.07883, 19.24272 ], [ -99.07691, 19.24228 ], [ -99.07891, 19.24096 ], [ -99.07964, 19.23659 ], [ -99.0827, 19.23595 ], [ -99.08292, 19.23494 ], [ -99.08525, 19.23485 ], [ -99.087, 19.23171 ], [ -99.08755, 19.23416 ], [ -99.08984, 19.23409 ], [ -99.09174, 19.23605 ], [ -99.0923, 19.23763 ], [ -99.09121, 19.23982 ], [ -99.09204, 19.24196 ], [ -99.09686, 19.24184 ] ] ] } },
{ "type": "Feature", "properties": { "colonia": "TLAXOPAN", "alcaldia": "XOCHIMILCO", "cveut": "13-072" }, "geometry": { "type": "Polygon", "coordinates": [ [ [ -99.14418, 19.2447 ], [ -99.14038, 19.24362 ], [ -99.13873, 19.24574 ], [ -99.13894, 19.24482 ], [ -99.13774, 19.24375 ], [ -99.13849, 19.23822 ], [ -99.13773, 19.23614 ], [ -99.13394, 19.23611 ], [ -99.13305, 19.2372 ], [ -99.13176, 19.23554 ], [ -99.13068, 19.23555 ], [ -99.13094, 19.23383 ], [ -99.13464, 19.22967 ], [ -99.12989, 19.23057 ], [ -99.13091, 19.22794 ], [ -99.13273, 19.22852 ], [ -99.13555, 19.22698 ], [ -99.13744, 19.22294 ], [ -99.13986, 19.22435 ], [ -99.14291, 19.2234 ], [ -99.14497, 19.22479 ], [ -99.14501, 19.22766 ], [ -99.14301, 19.23054 ], [ -99.14751, 19.24025 ], [ -99.14599, 19.2393 ], [ -99.1439, 19.23973 ], [ -99.14418, 19.2447 ] ] ] } },
{ "type": "Feature", "properties": { "colonia": "SAN PABLO CHIMALPA (PBLO)", "alcaldia": "CUAJIMALPA DE MORELOS", "cveut": "04-047" }, "geometry": { "type": "Polygon", "coordinates": [ [ [ -99.32335, 19.35843 ], [ -99.31704, 19.35778 ], [ -99.31389, 19.35983 ], [ -99.31157, 19.3572 ], [ -99.31482, 19.35116 ], [ -99.31679, 19.34958 ], [ -99.32017, 19.33975 ], [ -99.32276, 19.34009 ], [ -99.32424, 19.3445 ], [ -99.3263, 19.34329 ], [ -99.32876, 19.34359 ], [ -99.32787, 19.34937 ], [ -99.32945, 19.35262 ], [ -99.32692, 19.35393 ], [ -99.32335, 19.35843 ] ] ] } },
{ "type": "Feature", "properties": { "colonia": "BOSQUES DE CHAPULTEPEC (POLANCO)", "alcaldia": "MIGUEL HIDALGO", "cveut": "16-018" }, "geometry": { "type": "Polygon", "coordinates": [ [ [ -99.19281, 19.42127 ], [ -99.19089, 19.43164 ], [ -99.18114, 19.4314 ], [ -99.1808, 19.43061 ], [ -99.18279, 19.42973 ], [ -99.18124, 19.4281 ], [ -99.1799, 19.42826 ], [ -99.17744, 19.42368 ], [ -99.17797, 19.42037 ], [ -99.18018, 19.41674 ], [ -99.1878, 19.41402 ], [ -99.18788, 19.41668 ], [ -99.18998, 19.41749 ], [ -99.1906, 19.41873 ], [ -99.18947, 19.42111 ], [ -99.19281, 19.42127 ] ] ] } },
{ "type": "Feature", "properties": { "colonia": "SANTA FE", "alcaldia": "ALVARO OBREGON", "cveut": "10-198" }, "geometry": { "type": "Polygon", "coordinates": [ [ [ -99.22217, 19.39633 ], [ -99.2221, 19.39432 ], [ -99.21919, 19.39409 ], [ -99.21885, 19.39197 ], [ -99.21608, 19.39256 ], [ -99.21762, 19.39137 ], [ -99.22313, 19.39086 ], [ -99.22859, 19.38604 ], [ -99.22868, 19.38464 ], [ -99.2373, 19.3827 ], [ -99.24413, 19.38004 ], [ -99.24482, 19.38073 ], [ -99.24448, 19.38288 ], [ -99.24103, 19.38444 ], [ -99.23918, 19.38724 ], [ -99.23985, 19.38889 ], [ -99.23845, 19.39328 ], [ -99.22217, 19.39633 ] ] ] } },
{ "type": "Feature", "properties": { "colonia": "LOMAS DE SANTA FE II", "alcaldia": "ALVARO OBREGON", "cveut": "10-248" }, "geometry": { "type": "Polygon", "coordinates": [ [ [ -99.2614, 19.36153 ], [ -99.26073, 19.36115 ], [ -99.26081, 19.35973 ], [ -99.25733, 19.36119 ], [ -99.25592, 19.36303 ], [ -99.25443, 19.36353 ], [ -99.25392, 19.36281 ], [ -99.25444, 19.3607 ], [ -99.25651, 19.35843 ], [ -99.26026, 19.35693 ], [ -99.26124, 19.36117 ], [ -99.26677, 19.3638 ], [ -99.26671, 19.36721 ], [ -99.26492, 19.37144 ], [ -99.25378, 19.37857 ], [ -99.25319, 19.37708 ], [ -99.24825, 19.37902 ], [ -99.2479, 19.37707 ], [ -99.25085, 19.37308 ], [ -99.25049, 19.37181 ], [ -99.25442, 19.3671 ], [ -99.25714, 19.36574 ], [ -99.2614, 19.36153 ] ] ] } },
{ "type": "Feature", "properties": { "colonia": "LA CONCHITA II", "alcaldia": "TLAHUAC", "cveut": "11-057" }, "geometry": { "type": "Polygon", "coordinates": [ [ [ -99.03659, 19.2716 ], [ -99.03629, 19.2964 ], [ -99.0271, 19.29775 ], [ -99.03287, 19.27642 ], [ -99.02501, 19.27395 ], [ -99.02513, 19.26985 ], [ -99.03659, 19.2716 ] ] ] } },
{ "type": "Feature", "properties": { "colonia": "LA MAGDALENA PETLACALCO (PBLO)", "alcaldia": "TLALPAN", "cveut": "12-074" }, "geometry": { "type": "Polygon", "coordinates": [ [ [ -99.1762, 19.23686 ], [ -99.1753, 19.23934 ], [ -99.17372, 19.23919 ], [ -99.17606, 19.23028 ], [ -99.17518, 19.22611 ], [ -99.18212, 19.22685 ], [ -99.18342, 19.22792 ], [ -99.18126, 19.23025 ], [ -99.18413, 19.23297 ], [ -99.18745, 19.23323 ], [ -99.19007, 19.22979 ], [ -99.19243, 19.23112 ], [ -99.1949, 19.22999 ], [ -99.19527, 19.23057 ], [ -99.19225, 19.23775 ], [ -99.18303, 19.24298 ], [ -99.18261, 19.24062 ], [ -99.18028, 19.24326 ], [ -99.18003, 19.23825 ], [ -99.1762, 19.23686 ] ] ] } },
{ "type": "Feature", "properties": { "colonia": "SAN FRANCISCO TECOXPA (PBLO)", "alcaldia": "MILPA ALTA", "cveut": "09-004" }, "geometry": { "type": "Polygon", "coordinates": [ [ [ -98.99483, 19.19717 ], [ -98.99226, 19.19786 ], [ -98.99206, 19.19552 ], [ -98.99579, 19.19482 ], [ -98.9981, 19.19328 ], [ -99.00459, 19.19342 ], [ -99.00466, 19.19262 ], [ -99.00928, 19.19413 ], [ -99.01035, 19.19332 ], [ -99.00854, 19.19547 ], [ -99.00995, 19.19782 ], [ -99.00803, 19.20058 ], [ -99.01111, 19.20014 ], [ -99.00937, 19.20178 ], [ -99.00885, 19.20384 ], [ -99.00744, 19.20361 ], [ -99.00633, 19.2082 ], [ -99.00339, 19.20899 ], [ -99.00012, 19.20838 ], [ -98.99801, 19.20971 ], [ -98.99818, 19.2035 ], [ -98.99582, 19.19931 ], [ -98.99546, 19.19792 ], [ -98.99619, 19.19778 ], [ -98.99483, 19.19717 ] ] ] } },
{ "type": "Feature", "properties": { "colonia": "MOLINO DEL REY", "alcaldia": "MIGUEL HIDALGO", "cveut": "16-053" }, "geometry": { "type": "Polygon", "coordinates": [ [ [ -99.20427, 19.42254 ], [ -99.20399, 19.42742 ], [ -99.20315, 19.42794 ], [ -99.19186, 19.42583 ], [ -99.19263, 19.42093 ], [ -99.19552, 19.4205 ], [ -99.19344, 19.41455 ], [ -99.19376, 19.41097 ], [ -99.2029, 19.40596 ], [ -99.20312, 19.41197 ], [ -99.20512, 19.41764 ], [ -99.19979, 19.42096 ], [ -99.20427, 19.42254 ] ] ] } },
{ "type": "Feature", "properties": { "colonia": "DEL CARMEN", "alcaldia": "COYOACAN", "cveut": "03-037" }, "geometry": { "type": "Polygon", "coordinates": [ [ [ -99.16172, 19.35134 ], [ -99.16277, 19.3504 ], [ -99.1639, 19.35071 ], [ -99.16427, 19.34921 ], [ -99.16894, 19.34938 ], [ -99.17039, 19.34946 ], [ -99.16969, 19.35114 ], [ -99.17753, 19.35189 ], [ -99.17302, 19.35678 ], [ -99.1718, 19.3596 ], [ -99.16964, 19.35862 ], [ -99.15299, 19.3577 ], [ -99.15125, 19.35156 ], [ -99.16178, 19.34953 ], [ -99.16172, 19.35134 ] ] ] } },
{ "type": "Feature", "properties": { "colonia": "FUENTES DEL PEDREGAL", "alcaldia": "TLALPAN", "cveut": "12-049" }, "geometry": { "type": "Polygon", "coordinates": [ [ [ -99.22404, 19.31091 ], [ -99.21886, 19.31067 ], [ -99.21506, 19.30747 ], [ -99.20377, 19.30499 ], [ -99.20815, 19.30217 ], [ -99.20896, 19.30029 ], [ -99.20827, 19.30249 ], [ -99.21096, 19.30397 ], [ -99.21601, 19.29465 ], [ -99.21837, 19.29474 ], [ -99.21968, 19.29573 ], [ -99.21697, 19.30613 ], [ -99.22011, 19.30633 ], [ -99.22066, 19.30386 ], [ -99.22719, 19.3026 ], [ -99.22686, 19.29881 ], [ -99.23252, 19.29987 ], [ -99.23324, 19.30079 ], [ -99.23178, 19.30193 ], [ -99.23128, 19.30522 ], [ -99.22754, 19.30695 ], [ -99.22779, 19.3079 ], [ -99.22524, 19.30987 ], [ -99.22601, 19.30907 ], [ -99.2249, 19.30789 ], [ -99.22315, 19.30974 ], [ -99.22404, 19.31091 ] ] ] } },
{ "type": "Feature", "properties": { "colonia": "SANTA MARIA TEPEPAN (PBLO)", "alcaldia": "XOCHIMILCO", "cveut": "13-065" }, "geometry": { "type": "Polygon", "coordinates": [ [ [ -99.13561, 19.28118 ], [ -99.13257, 19.27894 ], [ -99.12931, 19.27088 ], [ -99.12743, 19.26886 ], [ -99.13117, 19.27173 ], [ -99.13245, 19.26683 ], [ -99.13785, 19.26604 ], [ -99.1381, 19.26319 ], [ -99.14246, 19.2634 ], [ -99.14336, 19.26951 ], [ -99.14251, 19.27069 ], [ -99.14103, 19.2825 ], [ -99.13561, 19.28118 ] ] ] } },
{ "type": "Feature", "properties": { "colonia": "EL TRIANGULO", "alcaldia": "TLAHUAC", "cveut": "11-007" }, "geometry": { "type": "Polygon", "coordinates": [ [ [ -99.01392, 19.28673 ], [ -99.00994, 19.28647 ], [ -99.00994, 19.28209 ], [ -99.03092, 19.28312 ], [ -99.0271, 19.29775 ], [ -99.02631, 19.29786 ], [ -99.02252, 19.29285 ], [ -99.01801, 19.28989 ], [ -99.01737, 19.29082 ], [ -99.01392, 19.28673 ] ] ] } },
{ "type": "Feature", "properties": { "colonia": "BOSQUES DE LAS LOMAS", "alcaldia": "CUAJIMALPA DE MORELOS", "cveut": "04-006" }, "geometry": { "type": "Polygon", "coordinates": [ [ [ -99.25357, 19.38387 ], [ -99.25462, 19.38479 ], [ -99.25697, 19.3844 ], [ -99.26001, 19.37903 ], [ -99.26501, 19.37875 ], [ -99.2683, 19.38032 ], [ -99.26617, 19.3839 ], [ -99.26378, 19.38503 ], [ -99.26297, 19.38744 ], [ -99.26013, 19.38621 ], [ -99.25781, 19.38809 ], [ -99.25968, 19.39025 ], [ -99.26024, 19.39383 ], [ -99.25785, 19.39617 ], [ -99.25828, 19.39722 ], [ -99.25689, 19.39937 ], [ -99.25528, 19.39975 ], [ -99.25574, 19.39713 ], [ -99.25949, 19.39435 ], [ -99.25891, 19.39252 ], [ -99.25461, 19.39387 ], [ -99.25469, 19.39505 ], [ -99.25253, 19.39353 ], [ -99.24626, 19.39387 ], [ -99.24729, 19.38626 ], [ -99.24985, 19.38737 ], [ -99.25282, 19.38584 ], [ -99.2523, 19.38449 ], [ -99.25357, 19.38387 ] ] ] } },
{ "type": "Feature", "properties": { "colonia": "SAN BARTOLOME XICOMULCO (PBLO)", "alcaldia": "MILPA ALTA", "cveut": "09-003" }, "geometry": { "type": "Polygon", "coordinates": [ [ [ -99.07425, 19.20232 ], [ -99.0783, 19.20672 ], [ -99.07656, 19.20608 ], [ -99.07612, 19.20737 ], [ -99.07212, 19.20944 ], [ -99.06732, 19.21057 ], [ -99.06289, 19.21284 ], [ -99.05836, 19.21056 ], [ -99.05899, 19.20817 ], [ -99.05776, 19.20698 ], [ -99.05854, 19.20464 ], [ -99.06234, 19.2015 ], [ -99.06804, 19.19894 ], [ -99.07425, 19.20232 ] ] ] } },
{ "type": "Feature", "properties": { "colonia": "MA ESTHER ZUNO DE ECHEVERRIA-TLALPUENTE", "alcaldia": "TLALPAN", "cveut": "12-092" }, "geometry": { "type": "Polygon", "coordinates": [ [ [ -99.1828, 19.25363 ], [ -99.18289, 19.25646 ], [ -99.18021, 19.25631 ], [ -99.17956, 19.25563 ], [ -99.18029, 19.25368 ], [ -99.17763, 19.25319 ], [ -99.17902, 19.25144 ], [ -99.179, 19.24824 ], [ -99.18175, 19.24841 ], [ -99.18497, 19.24416 ], [ -99.18905, 19.24171 ], [ -99.19296, 19.23631 ], [ -99.19392, 19.24097 ], [ -99.1966, 19.2429 ], [ -99.19479, 19.24397 ], [ -99.19556, 19.24484 ], [ -99.19445, 19.24889 ], [ -99.19557, 19.25155 ], [ -99.19419, 19.2507 ], [ -99.19348, 19.25356 ], [ -99.18934, 19.25179 ], [ -99.18657, 19.25188 ], [ -99.18456, 19.25351 ], [ -99.1828, 19.25363 ] ] ] } },
{ "type": "Feature", "properties": { "colonia": "SAN PEDRO MARTIR (PBLO)", "alcaldia": "TLALPAN", "cveut": "12-160" }, "geometry": { "type": "Polygon", "coordinates": [ [ [ -99.18525, 19.2651 ], [ -99.18392, 19.26698 ], [ -99.18215, 19.26678 ], [ -99.18243, 19.26892 ], [ -99.17498, 19.26815 ], [ -99.17456, 19.26702 ], [ -99.16926, 19.2729 ], [ -99.16232, 19.26991 ], [ -99.16121, 19.27178 ], [ -99.1634, 19.26491 ], [ -99.16242, 19.26437 ], [ -99.17133, 19.25823 ], [ -99.17366, 19.25818 ], [ -99.17403, 19.26203 ], [ -99.17664, 19.26369 ], [ -99.18525, 19.2651 ] ] ] } },
{ "type": "Feature", "properties": { "colonia": "SAN MIGUEL (BARR)", "alcaldia": "IZTAPALAPA", "cveut": "07-196" }, "geometry": { "type": "Polygon", "coordinates": [ [ [ -99.0818, 19.36756 ], [ -99.07457, 19.36609 ], [ -99.07436, 19.35981 ], [ -99.07214, 19.35644 ], [ -99.07284, 19.35371 ], [ -99.0687, 19.35144 ], [ -99.06978, 19.34869 ], [ -99.08653, 19.35664 ], [ -99.0818, 19.36756 ] ] ] } },
{ "type": "Feature", "properties": { "colonia": "SAN JOSE (BARR)", "alcaldia": "IZTAPALAPA", "cveut": "07-181" }, "geometry": { "type": "Polygon", "coordinates": [ [ [ -99.08252, 19.37151 ], [ -99.08753, 19.36513 ], [ -99.08687, 19.36497 ], [ -99.08726, 19.36368 ], [ -99.0895, 19.36293 ], [ -99.09118, 19.36362 ], [ -99.09002, 19.36695 ], [ -99.09669, 19.3672 ], [ -99.10085, 19.36835 ], [ -99.10264, 19.36896 ], [ -99.10395, 19.37102 ], [ -99.09876, 19.37477 ], [ -99.08082, 19.37461 ], [ -99.07968, 19.37315 ], [ -99.08029, 19.3717 ], [ -99.08252, 19.37151 ] ] ] } },
{ "type": "Feature", "properties": { "colonia": "SAN MATEO XALPA (PBLO)", "alcaldia": "XOCHIMILCO", "cveut": "13-056" }, "geometry": { "type": "MultiPolygon", "coordinates": [ [ [ [ -99.111641, 19.23095 ], [ -99.11169, 19.23066 ], [ -99.11254, 19.22992 ], [ -99.10979, 19.22894 ], [ -99.1118, 19.22767 ], [ -99.11327, 19.2241 ], [ -99.1157, 19.2221 ], [ -99.11714, 19.22272 ], [ -99.11895, 19.22172 ], [ -99.11905, 19.22819 ], [ -99.11968, 19.22693 ], [ -99.12026, 19.2296 ], [ -99.12407, 19.22996 ], [ -99.12328, 19.22841 ], [ -99.12476, 19.22831 ], [ -99.12788, 19.23107 ], [ -99.13117, 19.23023 ], [ -99.12967, 19.23779 ], [ -99.1238, 19.23705 ], [ -99.12404, 19.23506 ], [ -99.12145, 19.23472 ], [ -99.12004, 19.23622 ], [ -99.11965, 19.23866 ], [ -99.1167, 19.23674 ], [ -99.11726, 19.2358 ], [ -99.1154, 19.23194 ], [ -99.111641, 19.23095 ] ] ], [ [ [ -99.11164, 19.23095 ], [ -99.111641, 19.23095 ], [ -99.11151, 19.23173 ], [ -99.11164, 19.23095 ] ] ] ] } },
{ "type": "Feature", "properties": { "colonia": "MIRAVALLE", "alcaldia": "IZTAPALAPA", "cveut": "07-143" }, "geometry": { "type": "Polygon", "coordinates": [ [ [ -98.9949, 19.33945 ], [ -98.99498, 19.33628 ], [ -98.99001, 19.33514 ], [ -98.98828, 19.33115 ], [ -98.98942, 19.32558 ], [ -99.00137, 19.32497 ], [ -99.00251, 19.33552 ], [ -99.00169, 19.33679 ], [ -99.00048, 19.33658 ], [ -99.0002, 19.33922 ], [ -98.99766, 19.33868 ], [ -98.9966, 19.33986 ], [ -98.9949, 19.33945 ] ] ] } },
{ "type": "Feature", "properties": { "colonia": "SANTA MARIA AZTAHUACAN (EJ) I", "alcaldia": "IZTAPALAPA", "cveut": "07-297" }, "geometry": { "type": "Polygon", "coordinates": [ [ [ -99.04032, 19.36663 ], [ -99.0273, 19.36177 ], [ -99.02688, 19.36244 ], [ -99.02074, 19.35917 ], [ -99.02204, 19.35779 ], [ -99.02575, 19.35723 ], [ -99.02676, 19.35316 ], [ -99.0404, 19.35539 ], [ -99.04032, 19.36663 ] ] ] } },
{ "type": "Feature", "properties": { "colonia": "TEZONTITLA-ZOMPANTITLA", "alcaldia": "TLAHUAC", "cveut": "11-049" }, "geometry": { "type": "Polygon", "coordinates": [ [ [ -99.00499, 19.30286 ], [ -99.00539, 19.30612 ], [ -99.00334, 19.30936 ], [ -99.00561, 19.31122 ], [ -99.00483, 19.32048 ], [ -99.00388, 19.32437 ], [ -98.99976, 19.32535 ], [ -99.00038, 19.31544 ], [ -99.00234, 19.31049 ], [ -98.99852, 19.30683 ], [ -98.99897, 19.30285 ], [ -98.99758, 19.2964 ], [ -99.00085, 19.29711 ], [ -99.00312, 19.29656 ], [ -99.00335, 19.2951 ], [ -99.00708, 19.29562 ], [ -99.00499, 19.30286 ] ] ] } },
{ "type": "Feature", "properties": { "colonia": "EL SANTUARIO (AMPL)", "alcaldia": "IZTAPALAPA", "cveut": "07-061" }, "geometry": { "type": "Polygon", "coordinates": [ [ [ -99.09112, 19.34945 ], [ -99.08698, 19.35003 ], [ -99.08589, 19.34661 ], [ -99.08375, 19.34482 ], [ -99.08182, 19.34521 ], [ -99.08135, 19.34308 ], [ -99.08054, 19.34307 ], [ -99.08099, 19.34059 ], [ -99.08496, 19.34177 ], [ -99.08553, 19.3412 ], [ -99.08653, 19.33554 ], [ -99.08893, 19.33593 ], [ -99.08971, 19.33157 ], [ -99.09116, 19.33181 ], [ -99.09224, 19.3291 ], [ -99.09392, 19.32946 ], [ -99.09146, 19.33895 ], [ -99.09373, 19.33909 ], [ -99.09363, 19.34867 ], [ -99.09493, 19.3492 ], [ -99.09612, 19.34757 ], [ -99.09769, 19.34853 ], [ -99.09624, 19.35096 ], [ -99.09764, 19.35182 ], [ -99.09689, 19.35352 ], [ -99.09485, 19.35398 ], [ -99.09431, 19.35109 ], [ -99.09242, 19.35002 ], [ -99.09112, 19.34707 ], [ -99.09021, 19.34761 ], [ -99.09112, 19.34945 ] ] ] } },
{ "type": "Feature", "properties": { "colonia": "EJTO CONSTITUCIONALISTA", "alcaldia": "IZTAPALAPA", "cveut": "07-044" }, "geometry": { "type": "Polygon", "coordinates": [ [ [ -99.03724, 19.37884 ], [ -99.04079, 19.38077 ], [ -99.04388, 19.3754 ], [ -99.05185, 19.38058 ], [ -99.05394, 19.37788 ], [ -99.05747, 19.37869 ], [ -99.05716, 19.37994 ], [ -99.0604, 19.38062 ], [ -99.06038, 19.38617 ], [ -99.0547, 19.38423 ], [ -99.05539, 19.38143 ], [ -99.05144, 19.38059 ], [ -99.04548, 19.39042 ], [ -99.03708, 19.38581 ], [ -99.03955, 19.38286 ], [ -99.03724, 19.37884 ] ] ] } },
{ "type": "Feature", "properties": { "colonia": "TECACALANCO", "alcaldia": "XOCHIMILCO", "cveut": "13-068" }, "geometry": { "type": "Polygon", "coordinates": [ [ [ -99.05609, 19.23523 ], [ -99.05863, 19.23318 ], [ -99.06364, 19.2361 ], [ -99.06502, 19.23462 ], [ -99.06654, 19.23462 ], [ -99.06672, 19.23328 ], [ -99.06821, 19.23243 ], [ -99.0679, 19.23325 ], [ -99.07004, 19.2333 ], [ -99.06917, 19.23571 ], [ -99.06952, 19.23919 ], [ -99.07178, 19.24171 ], [ -99.06968, 19.24242 ], [ -99.06683, 19.24523 ], [ -99.06611, 19.24896 ], [ -99.06202, 19.24888 ], [ -99.06344, 19.24738 ], [ -99.05952, 19.24664 ], [ -99.05836, 19.24542 ], [ -99.05845, 19.24319 ], [ -99.05673, 19.24053 ], [ -99.05793, 19.23858 ], [ -99.05609, 19.23523 ] ] ] } },
{ "type": "Feature", "properties": { "colonia": "BOSQUES DE LAS LOMAS I", "alcaldia": "MIGUEL HIDALGO", "cveut": "16-019" }, "geometry": { "type": "Polygon", "coordinates": [ [ [ -99.23073, 19.41333 ], [ -99.23004, 19.40891 ], [ -99.231, 19.4071 ], [ -99.22884, 19.40571 ], [ -99.2293, 19.40518 ], [ -99.23178, 19.40565 ], [ -99.23308, 19.40854 ], [ -99.2334, 19.40759 ], [ -99.23376, 19.41023 ], [ -99.23503, 19.41063 ], [ -99.23946, 19.40857 ], [ -99.25016, 19.39785 ], [ -99.25571, 19.39613 ], [ -99.25913, 19.39289 ], [ -99.25949, 19.39435 ], [ -99.25574, 19.39713 ], [ -99.25524, 19.40167 ], [ -99.24534, 19.40944 ], [ -99.24089, 19.41192 ], [ -99.23719, 19.41236 ], [ -99.23401, 19.41668 ], [ -99.23302, 19.41298 ], [ -99.23073, 19.41333 ] ] ] } },
{ "type": "Feature", "properties": { "colonia": "TLALPAN CENTRO", "alcaldia": "TLALPAN", "cveut": "12-177" }, "geometry": { "type": "Polygon", "coordinates": [ [ [ -99.18472, 19.29556 ], [ -99.17502, 19.29501 ], [ -99.16191, 19.29029 ], [ -99.16734, 19.27843 ], [ -99.17556, 19.28353 ], [ -99.17396, 19.29098 ], [ -99.18472, 19.29556 ] ] ] } },
{ "type": "Feature", "properties": { "colonia": "GRANJAS MEXICO I", "alcaldia": "IZTACALCO", "cveut": "06-050" }, "geometry": { "type": "Polygon", "coordinates": [ [ [ -99.09703, 19.40919 ], [ -99.09894, 19.39688 ], [ -99.11339, 19.39816 ], [ -99.11351, 19.40553 ], [ -99.09703, 19.40919 ] ] ] } },
{ "type": "Feature", "properties": { "colonia": "EL JAGUEY-ESTACION PANTACO", "alcaldia": "AZCAPOTZALCO", "cveut": "02-021" }, "geometry": { "type": "Polygon", "coordinates": [ [ [ -99.1677, 19.47344 ], [ -99.17418, 19.47524 ], [ -99.17319, 19.48087 ], [ -99.17473, 19.48119 ], [ -99.17353, 19.49073 ], [ -99.17089, 19.49115 ], [ -99.17445, 19.50028 ], [ -99.17201, 19.4991 ], [ -99.16386, 19.47825 ], [ -99.16557, 19.47766 ], [ -99.16436, 19.47452 ], [ -99.1677, 19.47344 ] ] ] } },
{ "type": "Feature", "properties": { "colonia": "CALTONGO (BARR)", "alcaldia": "XOCHIMILCO", "cveut": "13-007" }, "geometry": { "type": "Polygon", "coordinates": [ [ [ -99.07476, 19.2607 ], [ -99.07564, 19.25695 ], [ -99.08222, 19.25828 ], [ -99.08439, 19.2507 ], [ -99.0926, 19.2531 ], [ -99.09573, 19.25751 ], [ -99.09498, 19.25968 ], [ -99.09836, 19.26128 ], [ -99.09303, 19.26104 ], [ -99.09342, 19.26213 ], [ -99.09206, 19.26277 ], [ -99.08505, 19.26112 ], [ -99.08507, 19.26324 ], [ -99.07476, 19.2607 ] ] ] } },
{ "type": "Feature", "properties": { "colonia": "NUEVA ARGENTINA (ARGENTINA PONIENTE)", "alcaldia": "MIGUEL HIDALGO", "cveut": "16-057" }, "geometry": { "type": "Polygon", "coordinates": [ [ [ -99.20708, 19.46958 ], [ -99.1933, 19.46525 ], [ -99.19064, 19.4629 ], [ -99.19667, 19.46486 ], [ -99.1979, 19.46325 ], [ -99.19878, 19.45866 ], [ -99.20995, 19.45565 ], [ -99.2102, 19.45865 ], [ -99.21249, 19.4627 ], [ -99.21095, 19.46514 ], [ -99.20866, 19.46496 ], [ -99.20708, 19.46958 ] ] ] } },
{ "type": "Feature", "properties": { "colonia": "SANTA CRUZ MEYEHUALCO (U HAB) II", "alcaldia": "IZTAPALAPA", "cveut": "07-296" }, "geometry": { "type": "Polygon", "coordinates": [ [ [ -99.04916, 19.35295 ], [ -99.04901, 19.36231 ], [ -99.04024, 19.36124 ], [ -99.04044, 19.35315 ], [ -99.04135, 19.35126 ], [ -99.03926, 19.34961 ], [ -99.04182, 19.3499 ], [ -99.04211, 19.34874 ], [ -99.04263, 19.34996 ], [ -99.04288, 19.34809 ], [ -99.04206, 19.34817 ], [ -99.04194, 19.34699 ], [ -99.04604, 19.34658 ], [ -99.04432, 19.3456 ], [ -99.04404, 19.34293 ], [ -99.04954, 19.34237 ], [ -99.04929, 19.35056 ], [ -99.04745, 19.35044 ], [ -99.04739, 19.35269 ], [ -99.04916, 19.35295 ] ] ] } },
{ "type": "Feature", "properties": { "colonia": "SELENE (AMPL)", "alcaldia": "TLAHUAC", "cveut": "11-043" }, "geometry": { "type": "Polygon", "coordinates": [ [ [ -98.99794, 19.29421 ], [ -98.99201, 19.2934 ], [ -98.98658, 19.29712 ], [ -98.9851, 19.29692 ], [ -98.98567, 19.2941 ], [ -98.98453, 19.29375 ], [ -98.98477, 19.29211 ], [ -98.98927, 19.29272 ], [ -98.99135, 19.27949 ], [ -99.00116, 19.28075 ], [ -99.00011, 19.28084 ], [ -98.99794, 19.29421 ] ] ] } },
{ "type": "Feature", "properties": { "colonia": "SAN PEDRO CUAJIMALPA (PBLO)", "alcaldia": "CUAJIMALPA DE MORELOS", "cveut": "04-056" }, "geometry": { "type": "Polygon", "coordinates": [ [ [ -99.3069, 19.34727 ], [ -99.30376, 19.35789 ], [ -99.30389, 19.36507 ], [ -99.3016, 19.36194 ], [ -99.30206, 19.36057 ], [ -99.3003, 19.36007 ], [ -99.29953, 19.36005 ], [ -99.29961, 19.364 ], [ -99.29842, 19.36397 ], [ -99.29685, 19.36163 ], [ -99.29322, 19.36216 ], [ -99.29386, 19.35898 ], [ -99.28703, 19.36299 ], [ -99.28596, 19.3627 ], [ -99.28808, 19.36173 ], [ -99.29137, 19.35648 ], [ -99.29572, 19.35187 ], [ -99.30556, 19.34941 ], [ -99.3069, 19.34727 ] ] ] } },
{ "type": "Feature", "properties": { "colonia": "OCOTLA - OCOTLA CHICO", "alcaldia": "TLALPAN", "cveut": "12-111" }, "geometry": { "type": "Polygon", "coordinates": [ [ [ -99.16729, 19.20999 ], [ -99.1698, 19.2042 ], [ -99.17689, 19.20674 ], [ -99.17179, 19.21457 ], [ -99.1706, 19.21458 ], [ -99.16813, 19.21952 ], [ -99.16454, 19.21819 ], [ -99.15801, 19.21772 ], [ -99.15925, 19.2131 ], [ -99.15996, 19.213 ], [ -99.15963, 19.21013 ], [ -99.16284, 19.21151 ], [ -99.1635, 19.20881 ], [ -99.16729, 19.20999 ] ] ] } },
{ "type": "Feature", "properties": { "colonia": "SAN LUCAS XOCHIMANCA (PBLO)", "alcaldia": "XOCHIMILCO", "cveut": "13-052" }, "geometry": { "type": "Polygon", "coordinates": [ [ [ -99.10794, 19.24159 ], [ -99.10433, 19.24249 ], [ -99.1062, 19.24041 ], [ -99.10466, 19.23912 ], [ -99.10465, 19.23675 ], [ -99.10596, 19.23666 ], [ -99.10604, 19.23575 ], [ -99.10787, 19.23647 ], [ -99.10894, 19.23428 ], [ -99.10984, 19.23575 ], [ -99.11153, 19.23385 ], [ -99.11372, 19.23443 ], [ -99.11368, 19.23619 ], [ -99.1167, 19.23674 ], [ -99.11568, 19.23852 ], [ -99.11761, 19.24106 ], [ -99.11955, 19.23997 ], [ -99.11659, 19.24399 ], [ -99.1174, 19.24614 ], [ -99.11638, 19.246 ], [ -99.11629, 19.24716 ], [ -99.11461, 19.24679 ], [ -99.11433, 19.24589 ], [ -99.11003, 19.25078 ], [ -99.10624, 19.25021 ], [ -99.10809, 19.24359 ], [ -99.10794, 19.24159 ] ] ] } },
{ "type": "Feature", "properties": { "colonia": "SAN LORENZO ATEMOAYA (PBLO)", "alcaldia": "XOCHIMILCO", "cveut": "13-050" }, "geometry": { "type": "Polygon", "coordinates": [ [ [ -99.09614, 19.24362 ], [ -99.09744, 19.24133 ], [ -99.09718, 19.23051 ], [ -99.10082, 19.23133 ], [ -99.10229, 19.22929 ], [ -99.10214, 19.23064 ], [ -99.10379, 19.2315 ], [ -99.10355, 19.23253 ], [ -99.10642, 19.23369 ], [ -99.10359, 19.23557 ], [ -99.10519, 19.23629 ], [ -99.10466, 19.23912 ], [ -99.1062, 19.24041 ], [ -99.10431, 19.24253 ], [ -99.10645, 19.2446 ], [ -99.10541, 19.24884 ], [ -99.10242, 19.24615 ], [ -99.09885, 19.24841 ], [ -99.09584, 19.24809 ], [ -99.09452, 19.24713 ], [ -99.09634, 19.24573 ], [ -99.09614, 19.24362 ] ] ] } },
{ "type": "Feature", "properties": { "colonia": "PORTAL DEL SOL", "alcaldia": "CUAJIMALPA DE MORELOS", "cveut": "04-055" }, "geometry": { "type": "Polygon", "coordinates": [ [ [ -99.26909, 19.34947 ], [ -99.28052, 19.34522 ], [ -99.28307, 19.34728 ], [ -99.27714, 19.35223 ], [ -99.27163, 19.35294 ], [ -99.26802, 19.35584 ], [ -99.26024, 19.35649 ], [ -99.25875, 19.35015 ], [ -99.26432, 19.34859 ], [ -99.26622, 19.34662 ], [ -99.26596, 19.34554 ], [ -99.26687, 19.34499 ], [ -99.26909, 19.34947 ] ] ] } },
{ "type": "Feature", "properties": { "colonia": "PARRES EL GUARDA (PBLO)", "alcaldia": "TLALPAN", "cveut": "12-115" }, "geometry": { "type": "Polygon", "coordinates": [ [ [ -99.17964, 19.12959 ], [ -99.18089, 19.12867 ], [ -99.18212, 19.12908 ], [ -99.18537, 19.13192 ], [ -99.18572, 19.13329 ], [ -99.17831, 19.13388 ], [ -99.17664, 19.13675 ], [ -99.17739, 19.1375 ], [ -99.17606, 19.13812 ], [ -99.17746, 19.14133 ], [ -99.17414, 19.14384 ], [ -99.16934, 19.1413 ], [ -99.17144, 19.13793 ], [ -99.16734, 19.13359 ], [ -99.17032, 19.13028 ], [ -99.17142, 19.13107 ], [ -99.17335, 19.12742 ], [ -99.17964, 19.12959 ] ] ] } },
{ "type": "Feature", "properties": { "colonia": "LOMAS DE CHAPULTEPEC I", "alcaldia": "MIGUEL HIDALGO", "cveut": "16-042" }, "geometry": { "type": "Polygon", "coordinates": [ [ [ -99.21692, 19.42289 ], [ -99.21879, 19.42079 ], [ -99.21918, 19.42204 ], [ -99.21733, 19.42492 ], [ -99.21867, 19.4257 ], [ -99.22064, 19.42471 ], [ -99.2213, 19.42645 ], [ -99.21919, 19.42736 ], [ -99.22017, 19.42803 ], [ -99.21952, 19.42855 ], [ -99.21533, 19.43049 ], [ -99.21578, 19.43105 ], [ -99.21355, 19.43292 ], [ -99.20985, 19.43339 ], [ -99.20894, 19.43141 ], [ -99.20326, 19.42788 ], [ -99.20399, 19.42742 ], [ -99.20338, 19.42613 ], [ -99.20439, 19.4224 ], [ -99.20497, 19.42346 ], [ -99.2062, 19.42349 ], [ -99.21115, 19.42113 ], [ -99.21331, 19.417 ], [ -99.21377, 19.41866 ], [ -99.2127, 19.42403 ], [ -99.21692, 19.42289 ] ] ] } },
{ "type": "Feature", "properties": { "colonia": "LAS AGUILAS (AMPL)", "alcaldia": "ALVARO OBREGON", "cveut": "10-115" }, "geometry": { "type": "Polygon", "coordinates": [ [ [ -99.21676, 19.35682 ], [ -99.21203, 19.35907 ], [ -99.2144, 19.35715 ], [ -99.21207, 19.35424 ], [ -99.20265, 19.35467 ], [ -99.20636, 19.34927 ], [ -99.2106, 19.34594 ], [ -99.21767, 19.34732 ], [ -99.2237, 19.34564 ], [ -99.22327, 19.35029 ], [ -99.21698, 19.35319 ], [ -99.21649, 19.35494 ], [ -99.21762, 19.3536 ], [ -99.21818, 19.35444 ], [ -99.21676, 19.35682 ] ] ] } },
{ "type": "Feature", "properties": { "colonia": "LOMAS ALTAS", "alcaldia": "MIGUEL HIDALGO", "cveut": "16-039" }, "geometry": { "type": "Polygon", "coordinates": [ [ [ -99.2265, 19.40655 ], [ -99.22635, 19.40481 ], [ -99.22465, 19.40466 ], [ -99.22204, 19.40615 ], [ -99.22293, 19.40466 ], [ -99.22035, 19.4051 ], [ -99.22037, 19.40328 ], [ -99.21723, 19.40397 ], [ -99.22352, 19.3993 ], [ -99.22338, 19.39708 ], [ -99.22244, 19.39624 ], [ -99.23765, 19.3936 ], [ -99.23898, 19.39274 ], [ -99.2391, 19.39102 ], [ -99.23957, 19.39448 ], [ -99.22794, 19.40641 ], [ -99.2265, 19.40655 ] ] ] } },
{ "type": "Feature", "properties": { "colonia": "SAN MARTIN XOCHINAHUAC (PBLO)", "alcaldia": "AZCAPOTZALCO", "cveut": "02-081" }, "geometry": { "type": "Polygon", "coordinates": [ [ [ -99.19077, 19.50532 ], [ -99.18963, 19.49824 ], [ -99.19129, 19.49863 ], [ -99.19232, 19.4958 ], [ -99.19867, 19.49772 ], [ -99.19745, 19.50293 ], [ -99.19838, 19.50601 ], [ -99.19791, 19.50772 ], [ -99.19123, 19.50459 ], [ -99.19182, 19.5107 ], [ -99.18242, 19.50758 ], [ -99.18286, 19.50535 ], [ -99.18937, 19.50654 ], [ -99.18966, 19.50508 ], [ -99.18314, 19.50387 ], [ -99.18453, 19.49797 ], [ -99.18796, 19.49895 ], [ -99.18857, 19.50246 ], [ -99.19035, 19.50293 ], [ -99.19077, 19.50532 ] ] ] } },
{ "type": "Feature", "properties": { "colonia": "JARDIN BALBUENA III", "alcaldia": "VENUSTIANO CARRANZA", "cveut": "17-078" }, "geometry": { "type": "Polygon", "coordinates": [ [ [ -99.10751, 19.41863 ], [ -99.09782, 19.41678 ], [ -99.09703, 19.40919 ], [ -99.10447, 19.40791 ], [ -99.11129, 19.40832 ], [ -99.11117, 19.41168 ], [ -99.11315, 19.41168 ], [ -99.11294, 19.41363 ], [ -99.11112, 19.41347 ], [ -99.11055, 19.4186 ], [ -99.10788, 19.41765 ], [ -99.10751, 19.41863 ] ] ] } },
{ "type": "Feature", "properties": { "colonia": "LOMA DEL PADRE", "alcaldia": "CUAJIMALPA DE MORELOS", "cveut": "04-030" }, "geometry": { "type": "Polygon", "coordinates": [ [ [ -99.31814, 19.33729 ], [ -99.32206, 19.33224 ], [ -99.32068, 19.3345 ], [ -99.31966, 19.34273 ], [ -99.31633, 19.34904 ], [ -99.31402, 19.35039 ], [ -99.31333, 19.34861 ], [ -99.31235, 19.34852 ], [ -99.31148, 19.35032 ], [ -99.30885, 19.35207 ], [ -99.30908, 19.35103 ], [ -99.30742, 19.35022 ], [ -99.30817, 19.34921 ], [ -99.30783, 19.34459 ], [ -99.30853, 19.34217 ], [ -99.31082, 19.34024 ], [ -99.31211, 19.33593 ], [ -99.31814, 19.33729 ] ] ] } },
{ "type": "Feature", "properties": { "colonia": "RENOVACION", "alcaldia": "IZTAPALAPA", "cveut": "07-171" }, "geometry": { "type": "Polygon", "coordinates": [ [ [ -99.05683, 19.36654 ], [ -99.05992, 19.37624 ], [ -99.0592, 19.37648 ], [ -99.05852, 19.37379 ], [ -99.05182, 19.37121 ], [ -99.05126, 19.37254 ], [ -99.0461, 19.37218 ], [ -99.04632, 19.3689 ], [ -99.04032, 19.36663 ], [ -99.04044, 19.36127 ], [ -99.04976, 19.36239 ], [ -99.04966, 19.3635 ], [ -99.05196, 19.36383 ], [ -99.05188, 19.36547 ], [ -99.05605, 19.36609 ], [ -99.05699, 19.36415 ], [ -99.05683, 19.36654 ] ] ] } },
{ "type": "Feature", "properties": { "colonia": "JUAREZ", "alcaldia": "CUAUHTEMOC", "cveut": "15-017" }, "geometry": { "type": "Polygon", "coordinates": [ [ [ -99.17523, 19.42324 ], [ -99.15447, 19.43262 ], [ -99.14984, 19.43529 ], [ -99.15367, 19.42577 ], [ -99.16295, 19.42305 ], [ -99.17576, 19.4208 ], [ -99.17709, 19.42019 ], [ -99.17891, 19.41701 ], [ -99.17781, 19.41909 ], [ -99.17746, 19.42368 ], [ -99.17523, 19.42324 ] ] ] } },
{ "type": "Feature", "properties": { "colonia": "LA DRAGA", "alcaldia": "TLAHUAC", "cveut": "11-014" }, "geometry": { "type": "Polygon", "coordinates": [ [ [ -99.05093, 19.28753 ], [ -99.04006, 19.28506 ], [ -99.03839, 19.272 ], [ -99.05066, 19.2774 ], [ -99.05093, 19.28753 ] ] ] } },
{ "type": "Feature", "properties": { "colonia": "BOSQUES DE TARANGO", "alcaldia": "ALVARO OBREGON", "cveut": "10-033" }, "geometry": { "type": "Polygon", "coordinates": [ [ [ -99.247, 19.3549 ], [ -99.24566, 19.3532 ], [ -99.24451, 19.35337 ], [ -99.24388, 19.3494 ], [ -99.24514, 19.34664 ], [ -99.24857, 19.34563 ], [ -99.25443, 19.34583 ], [ -99.25844, 19.34241 ], [ -99.26515, 19.33898 ], [ -99.26709, 19.34065 ], [ -99.26663, 19.34224 ], [ -99.26239, 19.34542 ], [ -99.25565, 19.34803 ], [ -99.26008, 19.34768 ], [ -99.25679, 19.34861 ], [ -99.25563, 19.35009 ], [ -99.247, 19.3549 ] ] ] } },
{ "type": "Feature", "properties": { "colonia": "BOSQUES DE LAS LOMAS II", "alcaldia": "MIGUEL HIDALGO", "cveut": "16-101" }, "geometry": { "type": "Polygon", "coordinates": [ [ [ -99.24449, 19.39662 ], [ -99.24524, 19.39495 ], [ -99.24902, 19.39342 ], [ -99.25284, 19.39359 ], [ -99.25458, 19.39507 ], [ -99.2551, 19.39363 ], [ -99.25913, 19.39289 ], [ -99.25571, 19.39613 ], [ -99.24972, 19.39818 ], [ -99.23898, 19.40896 ], [ -99.23391, 19.41042 ], [ -99.233, 19.40677 ], [ -99.23728, 19.40414 ], [ -99.24256, 19.39761 ], [ -99.24449, 19.39662 ] ] ] } },
{ "type": "Feature", "properties": { "colonia": "ARBOLEDAS DE CUAUTEPEC", "alcaldia": "GUSTAVO A. MADERO", "cveut": "05-007" }, "geometry": { "type": "Polygon", "coordinates": [ [ [ -99.1269, 19.56421 ], [ -99.12389, 19.56365 ], [ -99.11946, 19.56433 ], [ -99.11605, 19.56823 ], [ -99.11525, 19.57183 ], [ -99.11352, 19.57179 ], [ -99.11149, 19.5634 ], [ -99.11703, 19.55682 ], [ -99.12278, 19.55748 ], [ -99.12292, 19.55867 ], [ -99.12419, 19.55816 ], [ -99.13045, 19.55985 ], [ -99.1269, 19.56421 ] ] ] } },
{ "type": "Feature", "properties": { "colonia": "CAMPESTRE CHURUBUSCO", "alcaldia": "COYOACAN", "cveut": "03-012" }, "geometry": { "type": "Polygon", "coordinates": [ [ [ -99.13068, 19.34319 ], [ -99.1316, 19.34007 ], [ -99.12997, 19.33943 ], [ -99.13443, 19.34072 ], [ -99.13493, 19.33896 ], [ -99.13712, 19.33923 ], [ -99.13726, 19.33831 ], [ -99.13734, 19.33909 ], [ -99.14317, 19.33994 ], [ -99.14468, 19.34572 ], [ -99.13716, 19.34533 ], [ -99.13446, 19.35591 ], [ -99.13071, 19.35233 ], [ -99.13004, 19.35259 ], [ -99.13015, 19.34477 ], [ -99.13156, 19.34486 ], [ -99.13169, 19.34375 ], [ -99.13068, 19.34319 ] ] ] } },
{ "type": "Feature", "properties": { "colonia": "LOMAS DE CHAPULTEPEC III", "alcaldia": "MIGUEL HIDALGO", "cveut": "16-097" }, "geometry": { "type": "Polygon", "coordinates": [ [ [ -99.21858, 19.41258 ], [ -99.2229, 19.41479 ], [ -99.2297, 19.41387 ], [ -99.22823, 19.41754 ], [ -99.22364, 19.42157 ], [ -99.2213, 19.42645 ], [ -99.22064, 19.42471 ], [ -99.21867, 19.4257 ], [ -99.21733, 19.42492 ], [ -99.2191, 19.4224 ], [ -99.21879, 19.42079 ], [ -99.21792, 19.4205 ], [ -99.21767, 19.42217 ], [ -99.21642, 19.42311 ], [ -99.21255, 19.42348 ], [ -99.21377, 19.41866 ], [ -99.21317, 19.41679 ], [ -99.21858, 19.41258 ] ] ] } },
{ "type": "Feature", "properties": { "colonia": "XALTOCAN (BARR)", "alcaldia": "XOCHIMILCO", "cveut": "13-073" }, "geometry": { "type": "Polygon", "coordinates": [ [ [ -99.10876, 19.2529 ], [ -99.10601, 19.25206 ], [ -99.10423, 19.25934 ], [ -99.10096, 19.25889 ], [ -99.09864, 19.25747 ], [ -99.09679, 19.25744 ], [ -99.09666, 19.25844 ], [ -99.09256, 19.25325 ], [ -99.09386, 19.25293 ], [ -99.09507, 19.24797 ], [ -99.09858, 19.24849 ], [ -99.10242, 19.24615 ], [ -99.10615, 19.25022 ], [ -99.11003, 19.25078 ], [ -99.10876, 19.2529 ] ] ] } },
{ "type": "Feature", "properties": { "colonia": "LA LOMA", "alcaldia": "ALVARO OBREGON", "cveut": "10-104" }, "geometry": { "type": "Polygon", "coordinates": [ [ [ -99.2614, 19.36153 ], [ -99.25714, 19.36574 ], [ -99.25442, 19.3671 ], [ -99.25049, 19.37181 ], [ -99.25085, 19.37308 ], [ -99.2479, 19.37707 ], [ -99.24837, 19.37819 ], [ -99.24677, 19.37721 ], [ -99.24731, 19.37569 ], [ -99.24109, 19.37895 ], [ -99.24059, 19.37812 ], [ -99.23835, 19.37813 ], [ -99.24388, 19.37004 ], [ -99.24874, 19.36684 ], [ -99.24939, 19.36546 ], [ -99.25592, 19.36303 ], [ -99.25733, 19.36119 ], [ -99.26081, 19.35973 ], [ -99.2614, 19.36153 ] ] ] } },
{ "type": "Feature", "properties": { "colonia": "GABRIEL HERNANDEZ", "alcaldia": "GUSTAVO A. MADERO", "cveut": "05-063" }, "geometry": { "type": "Polygon", "coordinates": [ [ [ -99.10107, 19.49206 ], [ -99.10114, 19.49353 ], [ -99.10449, 19.4945 ], [ -99.10585, 19.49249 ], [ -99.11136, 19.49303 ], [ -99.10808, 19.50474 ], [ -99.10621, 19.50403 ], [ -99.10551, 19.50484 ], [ -99.10244, 19.50496 ], [ -99.1014, 19.50421 ], [ -99.10143, 19.50249 ], [ -99.09593, 19.50102 ], [ -99.10001, 19.4947 ], [ -99.10025, 19.49203 ], [ -99.10107, 19.49206 ] ] ] } },
{ "type": "Feature", "properties": { "colonia": "SANTA MARTHA ACATITLA", "alcaldia": "IZTAPALAPA", "cveut": "07-215" }, "geometry": { "type": "Polygon", "coordinates": [ [ [ -99.02164, 19.36745 ], [ -99.02737, 19.37244 ], [ -99.02541, 19.37563 ], [ -99.02632, 19.37692 ], [ -99.02594, 19.37868 ], [ -99.027, 19.37879 ], [ -99.02757, 19.38076 ], [ -99.00849, 19.36724 ], [ -99.0047, 19.36349 ], [ -99.01957, 19.36845 ], [ -99.02613, 19.36199 ], [ -99.02688, 19.36244 ], [ -99.02571, 19.36422 ], [ -99.02164, 19.36745 ] ] ] } },
{ "type": "Feature", "properties": { "colonia": "CAMPESTRE POTRERO", "alcaldia": "IZTAPALAPA", "cveut": "07-021" }, "geometry": { "type": "Polygon", "coordinates": [ [ [ -98.97062, 19.3263 ], [ -98.96927, 19.3248 ], [ -98.97638, 19.32485 ], [ -98.97858, 19.32619 ], [ -98.97766, 19.32776 ], [ -98.97942, 19.32799 ], [ -98.9796, 19.32579 ], [ -98.98449, 19.32569 ], [ -98.98473, 19.33546 ], [ -98.97875, 19.33619 ], [ -98.97626, 19.33536 ], [ -98.97667, 19.33338 ], [ -98.97549, 19.3319 ], [ -98.97145, 19.33179 ], [ -98.97183, 19.33039 ], [ -98.97023, 19.32981 ], [ -98.97062, 19.3263 ] ] ] } },
{ "type": "Feature", "properties": { "colonia": "LOMAS DE SAN BERNABE (AMPL)", "alcaldia": "LA MAGDALENA CONTRERAS", "cveut": "08-031" }, "geometry": { "type": "Polygon", "coordinates": [ [ [ -99.26619, 19.31227 ], [ -99.26572, 19.30682 ], [ -99.27208, 19.30246 ], [ -99.27472, 19.30329 ], [ -99.27512, 19.30659 ], [ -99.27821, 19.30408 ], [ -99.27879, 19.3158 ], [ -99.27813, 19.31744 ], [ -99.27461, 19.31635 ], [ -99.27131, 19.31137 ], [ -99.26899, 19.31236 ], [ -99.26699, 19.31215 ], [ -99.26682, 19.31141 ], [ -99.26619, 19.31227 ] ] ] } },
{ "type": "Feature", "properties": { "colonia": "SAN LORENZO TEZONCO (PBLO)", "alcaldia": "IZTAPALAPA", "cveut": "07-191" }, "geometry": { "type": "Polygon", "coordinates": [ [ [ -99.05982, 19.30451 ], [ -99.0667, 19.30671 ], [ -99.06931, 19.30901 ], [ -99.0698, 19.31359 ], [ -99.07105, 19.31477 ], [ -99.07042, 19.31626 ], [ -99.06068, 19.31516 ], [ -99.06184, 19.31395 ], [ -99.06177, 19.31251 ], [ -99.06089, 19.31213 ], [ -99.05853, 19.31511 ], [ -99.05411, 19.3115 ], [ -99.05982, 19.30451 ] ] ] } },
{ "type": "Feature", "properties": { "colonia": "BARRIO 18", "alcaldia": "XOCHIMILCO", "cveut": "13-003" }, "geometry": { "type": "Polygon", "coordinates": [ [ [ -99.1061, 19.29303 ], [ -99.10648, 19.28184 ], [ -99.11934, 19.27492 ], [ -99.11391, 19.28985 ], [ -99.1061, 19.29303 ] ] ] } },
{ "type": "Feature", "properties": { "colonia": "JARDINES EN LA MONTAÑA", "alcaldia": "TLALPAN", "cveut": "12-067" }, "geometry": { "type": "Polygon", "coordinates": [ [ [ -99.20388, 19.30534 ], [ -99.19777, 19.30284 ], [ -99.19859, 19.30133 ], [ -99.19683, 19.3007 ], [ -99.19776, 19.30003 ], [ -99.19644, 19.29947 ], [ -99.19558, 19.29668 ], [ -99.20531, 19.29766 ], [ -99.20552, 19.29291 ], [ -99.21202, 19.29305 ], [ -99.2153, 19.29445 ], [ -99.21238, 19.29804 ], [ -99.20939, 19.2994 ], [ -99.20815, 19.30217 ], [ -99.20388, 19.30534 ] ] ] } },
{ "type": "Feature", "properties": { "colonia": "LOMA DE LA PALMA", "alcaldia": "GUSTAVO A. MADERO", "cveut": "05-114" }, "geometry": { "type": "Polygon", "coordinates": [ [ [ -99.13726, 19.55777 ], [ -99.13629, 19.55741 ], [ -99.13812, 19.55372 ], [ -99.14236, 19.54949 ], [ -99.14716, 19.54243 ], [ -99.15283, 19.54568 ], [ -99.14662, 19.55627 ], [ -99.1445, 19.556 ], [ -99.14289, 19.55449 ], [ -99.14045, 19.5575 ], [ -99.13965, 19.56115 ], [ -99.13744, 19.55913 ], [ -99.13726, 19.55777 ] ] ] } },
{ "type": "Feature", "properties": { "colonia": "ATOTOLCO", "alcaldia": "TLAHUAC", "cveut": "11-059" }, "geometry": { "type": "Polygon", "coordinates": [ [ [ -99.01735, 19.26832 ], [ -99.02028, 19.26093 ], [ -99.0296, 19.26251 ], [ -99.03742, 19.27172 ], [ -99.01735, 19.26832 ] ] ] } },
{ "type": "Feature", "properties": { "colonia": "MAGDALENA DE LAS SALINAS", "alcaldia": "GUSTAVO A. MADERO", "cveut": "05-119" }, "geometry": { "type": "Polygon", "coordinates": [ [ [ -99.14687, 19.47618 ], [ -99.14971, 19.48325 ], [ -99.14298, 19.48557 ], [ -99.14343, 19.48673 ], [ -99.13249, 19.48455 ], [ -99.13221, 19.48593 ], [ -99.13427, 19.4863 ], [ -99.13402, 19.48763 ], [ -99.13034, 19.48673 ], [ -99.12949, 19.4878 ], [ -99.1269, 19.48341 ], [ -99.12968, 19.48001 ], [ -99.12961, 19.48127 ], [ -99.13085, 19.47975 ], [ -99.13752, 19.48106 ], [ -99.13859, 19.47751 ], [ -99.14021, 19.47849 ], [ -99.14198, 19.48305 ], [ -99.14482, 19.48256 ], [ -99.14551, 19.47906 ], [ -99.14637, 19.47921 ], [ -99.14583, 19.47721 ], [ -99.14669, 19.47742 ], [ -99.14687, 19.47618 ] ] ] } },
{ "type": "Feature", "properties": { "colonia": "SAN PEDRO ZACATENCO (PBLO)", "alcaldia": "GUSTAVO A. MADERO", "cveut": "05-168" }, "geometry": { "type": "Polygon", "coordinates": [ [ [ -99.12254, 19.50114 ], [ -99.12525, 19.51011 ], [ -99.12433, 19.5116 ], [ -99.11073, 19.51069 ], [ -99.11019, 19.50816 ], [ -99.10793, 19.50736 ], [ -99.11742, 19.50179 ], [ -99.12108, 19.50246 ], [ -99.12242, 19.50382 ], [ -99.12145, 19.5024 ], [ -99.12254, 19.50114 ] ] ] } },
{ "type": "Feature", "properties": { "colonia": "SANTA ISABEL TOLA (PBLO)", "alcaldia": "GUSTAVO A. MADERO", "cveut": "05-170" }, "geometry": { "type": "Polygon", "coordinates": [ [ [ -99.11717, 19.4889 ], [ -99.12034, 19.49215 ], [ -99.11814, 19.50074 ], [ -99.11659, 19.5024 ], [ -99.10925, 19.50612 ], [ -99.10808, 19.50474 ], [ -99.11082, 19.49371 ], [ -99.11195, 19.49254 ], [ -99.11515, 19.49287 ], [ -99.11717, 19.4889 ] ] ] } },
{ "type": "Feature", "properties": { "colonia": "SANTA MARTHA ACATITLA_(PBLO)", "alcaldia": "IZTAPALAPA", "cveut": "07-217" }, "geometry": { "type": "Polygon", "coordinates": [ [ [ -99.01539, 19.36007 ], [ -99.01172, 19.3623 ], [ -99.01105, 19.36557 ], [ -99.0047, 19.36349 ], [ -99.00672, 19.36507 ], [ -99.00624, 19.36584 ], [ -98.9993, 19.35934 ], [ -99.01339, 19.35311 ], [ -99.01525, 19.35439 ], [ -99.01539, 19.36007 ] ] ] } },
{ "type": "Feature", "properties": { "colonia": "EL CARMEN", "alcaldia": "XOCHIMILCO", "cveut": "13-011" }, "geometry": { "type": "Polygon", "coordinates": [ [ [ -99.02559, 19.24974 ], [ -99.02807, 19.24855 ], [ -99.02704, 19.24819 ], [ -99.02919, 19.24384 ], [ -99.0278, 19.24294 ], [ -99.02832, 19.23916 ], [ -99.02972, 19.23687 ], [ -99.03173, 19.23581 ], [ -99.03201, 19.23322 ], [ -99.03345, 19.23231 ], [ -99.03486, 19.23449 ], [ -99.03498, 19.2375 ], [ -99.03261, 19.24022 ], [ -99.03231, 19.24448 ], [ -99.03389, 19.24562 ], [ -99.03334, 19.24692 ], [ -99.03437, 19.24711 ], [ -99.03402, 19.24948 ], [ -99.02954, 19.25188 ], [ -99.03089, 19.25569 ], [ -99.02672, 19.25549 ], [ -99.02499, 19.25477 ], [ -99.02542, 19.25319 ], [ -99.02367, 19.25283 ], [ -99.02378, 19.25187 ], [ -99.02524, 19.25239 ], [ -99.02559, 19.24974 ] ] ] } },
{ "type": "Feature", "properties": { "colonia": "SANTA BARBARA (PBLO)", "alcaldia": "AZCAPOTZALCO", "cveut": "02-090" }, "geometry": { "type": "Polygon", "coordinates": [ [ [ -99.18242, 19.50758 ], [ -99.17684, 19.5064 ], [ -99.17288, 19.49626 ], [ -99.17326, 19.49269 ], [ -99.18476, 19.49666 ], [ -99.18242, 19.50758 ] ] ] } },
{ "type": "Feature", "properties": { "colonia": "SAN NICOLAS TOTOLAPAN (PBLO)", "alcaldia": "LA MAGDALENA CONTRERAS", "cveut": "08-048" }, "geometry": { "type": "Polygon", "coordinates": [ [ [ -99.24555, 19.30146 ], [ -99.24038, 19.30275 ], [ -99.23817, 19.30162 ], [ -99.23974, 19.30016 ], [ -99.2364, 19.30017 ], [ -99.23556, 19.29941 ], [ -99.23591, 19.29823 ], [ -99.23873, 19.2983 ], [ -99.23863, 19.29515 ], [ -99.24127, 19.29404 ], [ -99.24171, 19.2928 ], [ -99.24555, 19.29322 ], [ -99.24921, 19.29193 ], [ -99.25382, 19.29436 ], [ -99.25576, 19.29349 ], [ -99.25178, 19.29633 ], [ -99.25283, 19.29616 ], [ -99.25305, 19.29695 ], [ -99.25065, 19.29859 ], [ -99.24405, 19.30128 ], [ -99.24555, 19.30146 ] ] ] } },
{ "type": "Feature", "properties": { "colonia": "SANTA URSULA XITLA", "alcaldia": "TLALPAN", "cveut": "12-161" }, "geometry": { "type": "Polygon", "coordinates": [ [ [ -99.17436, 19.27623 ], [ -99.17683, 19.27694 ], [ -99.17716, 19.27471 ], [ -99.17812, 19.27509 ], [ -99.17823, 19.2742 ], [ -99.18137, 19.27292 ], [ -99.18134, 19.27749 ], [ -99.18608, 19.27786 ], [ -99.18323, 19.2819 ], [ -99.18394, 19.28186 ], [ -99.18391, 19.28378 ], [ -99.18222, 19.28421 ], [ -99.18007, 19.28669 ], [ -99.17848, 19.28754 ], [ -99.17728, 19.28678 ], [ -99.1748, 19.28873 ], [ -99.17556, 19.28353 ], [ -99.17118, 19.28092 ], [ -99.17224, 19.27893 ], [ -99.17441, 19.27875 ], [ -99.17375, 19.2776 ], [ -99.17436, 19.27623 ] ] ] } },
{ "type": "Feature", "properties": { "colonia": "CENTRO IV", "alcaldia": "CUAUHTEMOC", "cveut": "15-040" }, "geometry": { "type": "Polygon", "coordinates": [ [ [ -99.13527, 19.44079 ], [ -99.13556, 19.43796 ], [ -99.13352, 19.43768 ], [ -99.13376, 19.43601 ], [ -99.12958, 19.43542 ], [ -99.1305, 19.42883 ], [ -99.13257, 19.42912 ], [ -99.13281, 19.42742 ], [ -99.14164, 19.42905 ], [ -99.13985, 19.44096 ], [ -99.13527, 19.44079 ] ] ] } },
{ "type": "Feature", "properties": { "colonia": "SAN JUAN TEPENAHUAC (PBLO)", "alcaldia": "MILPA ALTA", "cveut": "09-006" }, "geometry": { "type": "Polygon", "coordinates": [ [ [ -98.99193, 19.19552 ], [ -98.99026, 19.19679 ], [ -98.9885, 19.19584 ], [ -98.98908, 19.19561 ], [ -98.98779, 19.19241 ], [ -98.98854, 19.19089 ], [ -98.98756, 19.19042 ], [ -98.98743, 19.18891 ], [ -98.99107, 19.1883 ], [ -98.99165, 19.18656 ], [ -98.99059, 19.18588 ], [ -98.99204, 19.18281 ], [ -98.99334, 19.18574 ], [ -98.99404, 19.18317 ], [ -98.99988, 19.18461 ], [ -99.00149, 19.18698 ], [ -98.99778, 19.18915 ], [ -98.99825, 19.19327 ], [ -98.99579, 19.19482 ], [ -98.99193, 19.19552 ] ] ] } },
{ "type": "Feature", "properties": { "colonia": "NUEVA INDUSTRIAL VALLEJO (FRACC)", "alcaldia": "GUSTAVO A. MADERO", "cveut": "05-129" }, "geometry": { "type": "Polygon", "coordinates": [ [ [ -99.1511, 19.50528 ], [ -99.15172, 19.50602 ], [ -99.15482, 19.50484 ], [ -99.15558, 19.50687 ], [ -99.15828, 19.50592 ], [ -99.16092, 19.51278 ], [ -99.15482, 19.51498 ], [ -99.15378, 19.51334 ], [ -99.15424, 19.51469 ], [ -99.14981, 19.51626 ], [ -99.14613, 19.51437 ], [ -99.14877, 19.50875 ], [ -99.14732, 19.50673 ], [ -99.1511, 19.50528 ] ] ] } },
{ "type": "Feature", "properties": { "colonia": "LEYES DE REFORMA 2A SECCION", "alcaldia": "IZTAPALAPA", "cveut": "07-120" }, "geometry": { "type": "Polygon", "coordinates": [ [ [ -99.0635, 19.37425 ], [ -99.05916, 19.3735 ], [ -99.05683, 19.36654 ], [ -99.05745, 19.36312 ], [ -99.06773, 19.36447 ], [ -99.07095, 19.36612 ], [ -99.06801, 19.37238 ], [ -99.0643, 19.37256 ], [ -99.0635, 19.37425 ] ] ] } },
{ "type": "Feature", "properties": { "colonia": "TEOZOMA", "alcaldia": "TLAHUAC", "cveut": "11-047" }, "geometry": { "type": "GeometryCollection", "geometries": [ { "type": "Polygon", "coordinates": [ [ [ -98.97782, 19.32338 ], [ -98.97565, 19.32324 ], [ -98.97478, 19.32375 ], [ -98.97557, 19.32489 ], [ -98.96615, 19.32484 ], [ -98.96454, 19.31843 ], [ -98.96966, 19.31843 ], [ -98.97035, 19.31684 ], [ -98.96929, 19.31621 ], [ -98.96975, 19.31524 ], [ -98.96777, 19.31346 ], [ -98.9687, 19.31195 ], [ -98.97136, 19.31409 ], [ -98.97223, 19.31315 ], [ -98.97355, 19.31765 ], [ -98.97517, 19.31626 ], [ -98.97608, 19.31684 ], [ -98.98015, 19.32277 ], [ -98.97839, 19.32536 ], [ -98.97734, 19.32518 ], [ -98.97782, 19.32338 ] ] ] }, { "type": "LineString", "coordinates": [ [ -98.97209, 19.31298 ], [ -98.97223, 19.31315 ] ] } ] } },
{ "type": "Feature", "properties": { "colonia": "CUAUHTEMOC", "alcaldia": "CUAUHTEMOC", "cveut": "15-009" }, "geometry": { "type": "Polygon", "coordinates": [ [ [ -99.16943, 19.43617 ], [ -99.15905, 19.43238 ], [ -99.15991, 19.43075 ], [ -99.17147, 19.42467 ], [ -99.17493, 19.42317 ], [ -99.17759, 19.42372 ], [ -99.16943, 19.43617 ] ] ] } },
{ "type": "Feature", "properties": { "colonia": "DEL MAR SUR", "alcaldia": "TLAHUAC", "cveut": "11-004" }, "geometry": { "type": "Polygon", "coordinates": [ [ [ -99.06909, 19.28484 ], [ -99.06161, 19.29259 ], [ -99.06155, 19.29411 ], [ -99.05339, 19.28806 ], [ -99.05975, 19.28022 ], [ -99.06909, 19.28484 ] ] ] } },
{ "type": "Feature", "properties": { "colonia": "LINDAVISTA I", "alcaldia": "GUSTAVO A. MADERO", "cveut": "05-225" }, "geometry": { "type": "Polygon", "coordinates": [ [ [ -99.1394, 19.49568 ], [ -99.1315, 19.494 ], [ -99.12651, 19.49031 ], [ -99.12523, 19.49189 ], [ -99.12281, 19.48955 ], [ -99.12182, 19.49071 ], [ -99.12228, 19.48904 ], [ -99.1269, 19.48341 ], [ -99.12949, 19.4878 ], [ -99.13034, 19.48673 ], [ -99.13402, 19.48763 ], [ -99.13453, 19.48498 ], [ -99.13656, 19.48531 ], [ -99.13597, 19.48871 ], [ -99.13892, 19.48905 ], [ -99.13836, 19.49187 ], [ -99.14008, 19.49214 ], [ -99.1394, 19.49568 ] ] ] } },
{ "type": "Feature", "properties": { "colonia": "AHUATENCO", "alcaldia": "CUAJIMALPA DE MORELOS", "cveut": "04-004" }, "geometry": { "type": "Polygon", "coordinates": [ [ [ -99.30626, 19.3682 ], [ -99.3061, 19.37023 ], [ -99.30345, 19.37477 ], [ -99.30395, 19.37575 ], [ -99.30267, 19.37624 ], [ -99.30142, 19.37494 ], [ -99.30112, 19.36982 ], [ -99.29903, 19.36751 ], [ -99.29953, 19.36005 ], [ -99.30206, 19.36057 ], [ -99.3016, 19.36194 ], [ -99.30389, 19.36507 ], [ -99.30392, 19.36026 ], [ -99.30628, 19.36166 ], [ -99.30945, 19.35943 ], [ -99.3118, 19.35965 ], [ -99.31223, 19.36085 ], [ -99.31058, 19.36416 ], [ -99.30626, 19.3682 ] ] ] } },
{ "type": "Feature", "properties": { "colonia": "SAN JERONIMO MIACATLAN (PBLO)", "alcaldia": "MILPA ALTA", "cveut": "09-005" }, "geometry": { "type": "Polygon", "coordinates": [ [ [ -99.00205, 19.18355 ], [ -99.00848, 19.18296 ], [ -99.00958, 19.18485 ], [ -99.01085, 19.18999 ], [ -99.00976, 19.1911 ], [ -99.01031, 19.19342 ], [ -99.00772, 19.19404 ], [ -99.00786, 19.19322 ], [ -99.00466, 19.19262 ], [ -99.00459, 19.19342 ], [ -98.99825, 19.19327 ], [ -98.99778, 19.18915 ], [ -99.00149, 19.18698 ], [ -98.99988, 19.18468 ], [ -99.0021, 19.18434 ], [ -99.00205, 19.18355 ] ] ] } },
{ "type": "Feature", "properties": { "colonia": "SAN DIEGO OCOYOACAC", "alcaldia": "MIGUEL HIDALGO", "cveut": "16-072" }, "geometry": { "type": "Polygon", "coordinates": [ [ [ -99.191, 19.46296 ], [ -99.1933, 19.46525 ], [ -99.20708, 19.46958 ], [ -99.20658, 19.47137 ], [ -99.20084, 19.47327 ], [ -99.19049, 19.47036 ], [ -99.19077, 19.46467 ], [ -99.18983, 19.45966 ], [ -99.19461, 19.45955 ], [ -99.19447, 19.46127 ], [ -99.19645, 19.46165 ], [ -99.19563, 19.46456 ], [ -99.191, 19.46296 ] ] ] } },
{ "type": "Feature", "properties": { "colonia": "PASEO DE LAS LOMAS-SAN GABRIEL", "alcaldia": "ALVARO OBREGON", "cveut": "10-170" }, "geometry": { "type": "Polygon", "coordinates": [ [ [ -99.26662, 19.3659 ], [ -99.26879, 19.36534 ], [ -99.27127, 19.36751 ], [ -99.26951, 19.37003 ], [ -99.27011, 19.37316 ], [ -99.26311, 19.375 ], [ -99.25357, 19.37974 ], [ -99.25428, 19.38133 ], [ -99.24611, 19.38719 ], [ -99.24264, 19.38707 ], [ -99.24356, 19.38596 ], [ -99.24103, 19.38444 ], [ -99.24768, 19.3805 ], [ -99.24889, 19.38093 ], [ -99.2486, 19.38225 ], [ -99.26448, 19.3719 ], [ -99.26662, 19.3659 ] ] ] } },
{ "type": "Feature", "properties": { "colonia": "SANTA MARIA AZTAHUACAN (EJ) II", "alcaldia": "IZTAPALAPA", "cveut": "07-298" }, "geometry": { "type": "Polygon", "coordinates": [ [ [ -99.02596, 19.34637 ], [ -99.02485, 19.34632 ], [ -99.02537, 19.34475 ], [ -99.03279, 19.344 ], [ -99.03386, 19.34716 ], [ -99.04135, 19.35126 ], [ -99.0404, 19.35539 ], [ -99.02676, 19.35316 ], [ -99.02979, 19.35271 ], [ -99.03063, 19.35022 ], [ -99.02539, 19.34965 ], [ -99.02596, 19.34637 ] ] ] } },
{ "type": "Feature", "properties": { "colonia": "JARDINES DEL LLANO-U.H. VILLA TLATEMPA", "alcaldia": "TLAHUAC", "cveut": "11-013" }, "geometry": { "type": "Polygon", "coordinates": [ [ [ -98.9935, 19.2268 ], [ -98.99467, 19.23345 ], [ -98.99235, 19.23325 ], [ -98.99153, 19.23415 ], [ -98.9946, 19.23989 ], [ -98.98872, 19.23805 ], [ -98.98964, 19.2333 ], [ -98.98177, 19.23032 ], [ -98.98526, 19.2218 ], [ -98.9884, 19.22603 ], [ -98.9935, 19.2268 ] ] ] } },
{ "type": "Feature", "properties": { "colonia": "CLUB DE GOLF MEXICO-SAN BUENAVENTURA", "alcaldia": "TLALPAN", "cveut": "12-023" }, "geometry": { "type": "Polygon", "coordinates": [ [ [ -99.14878, 19.28213 ], [ -99.15089, 19.28085 ], [ -99.15075, 19.27895 ], [ -99.15332, 19.27851 ], [ -99.15482, 19.27346 ], [ -99.1607, 19.27596 ], [ -99.15966, 19.27753 ], [ -99.16231, 19.27866 ], [ -99.16077, 19.28089 ], [ -99.16293, 19.28146 ], [ -99.15693, 19.28663 ], [ -99.14851, 19.2834 ], [ -99.14878, 19.28213 ] ] ] } },
{ "type": "Feature", "properties": { "colonia": "SAN PABLO I, II Y V-LOMAS DEL PARAISO", "alcaldia": "IZTAPALAPA", "cveut": "07-201" }, "geometry": { "type": "Polygon", "coordinates": [ [ [ -99.00671, 19.33539 ], [ -99.00465, 19.33461 ], [ -99.00478, 19.33599 ], [ -99.00169, 19.33679 ], [ -99.00251, 19.33552 ], [ -99.00137, 19.32497 ], [ -99.0105, 19.32279 ], [ -99.01103, 19.33347 ], [ -99.00941, 19.33511 ], [ -99.00812, 19.33405 ], [ -99.00723, 19.33405 ], [ -99.00671, 19.33539 ] ] ] } },
{ "type": "Feature", "properties": { "colonia": "LA ASUNCION (BARR)", "alcaldia": "XOCHIMILCO", "cveut": "13-017" }, "geometry": { "type": "Polygon", "coordinates": [ [ [ -99.10395, 19.27281 ], [ -99.0988, 19.27762 ], [ -99.09223, 19.27669 ], [ -99.09314, 19.27249 ], [ -99.09617, 19.26638 ], [ -99.09871, 19.26706 ], [ -99.09917, 19.26511 ], [ -99.10012, 19.2661 ], [ -99.10105, 19.26499 ], [ -99.10381, 19.26552 ], [ -99.10273, 19.27246 ], [ -99.10395, 19.27281 ] ] ] } },
{ "type": "Feature", "properties": { "colonia": "LOMAS DEL CHAMIZAL", "alcaldia": "CUAJIMALPA DE MORELOS", "cveut": "04-033" }, "geometry": { "type": "Polygon", "coordinates": [ [ [ -99.25816, 19.39742 ], [ -99.26024, 19.39383 ], [ -99.25968, 19.39025 ], [ -99.25781, 19.38809 ], [ -99.26013, 19.38621 ], [ -99.26297, 19.38744 ], [ -99.26378, 19.38503 ], [ -99.26654, 19.38314 ], [ -99.26517, 19.38943 ], [ -99.26575, 19.39221 ], [ -99.26795, 19.3938 ], [ -99.26646, 19.39643 ], [ -99.26761, 19.39922 ], [ -99.26526, 19.39978 ], [ -99.26415, 19.39859 ], [ -99.25974, 19.40061 ], [ -99.25816, 19.39742 ] ] ] } },
{ "type": "Feature", "properties": { "colonia": "COUNTRY CLUB", "alcaldia": "COYOACAN", "cveut": "03-025" }, "geometry": { "type": "Polygon", "coordinates": [ [ [ -99.1346, 19.35625 ], [ -99.13716, 19.34533 ], [ -99.14468, 19.34572 ], [ -99.14559, 19.35039 ], [ -99.14409, 19.35631 ], [ -99.1346, 19.35625 ] ] ] } },
{ "type": "Feature", "properties": { "colonia": "CENTRO VIII", "alcaldia": "CUAUHTEMOC", "cveut": "15-044" }, "geometry": { "type": "Polygon", "coordinates": [ [ [ -99.14962, 19.43525 ], [ -99.1464, 19.43737 ], [ -99.14056, 19.43626 ], [ -99.14207, 19.4266 ], [ -99.14823, 19.42723 ], [ -99.15367, 19.42577 ], [ -99.14962, 19.43525 ] ] ] } },
{ "type": "Feature", "properties": { "colonia": "HEROES DE 1910", "alcaldia": "TLALPAN", "cveut": "12-055" }, "geometry": { "type": "Polygon", "coordinates": [ [ [ -99.24033, 19.24322 ], [ -99.24233, 19.24736 ], [ -99.23294, 19.24936 ], [ -99.23152, 19.25064 ], [ -99.2329, 19.25186 ], [ -99.23129, 19.25491 ], [ -99.22597, 19.25397 ], [ -99.22545, 19.25159 ], [ -99.2279, 19.24983 ], [ -99.22384, 19.24661 ], [ -99.24033, 19.24322 ] ] ] } },
{ "type": "Feature", "properties": { "colonia": "FLORIDA", "alcaldia": "ALVARO OBREGON", "cveut": "10-073" }, "geometry": { "type": "Polygon", "coordinates": [ [ [ -99.17748, 19.35197 ], [ -99.18663, 19.35039 ], [ -99.18281, 19.36211 ], [ -99.1798, 19.36288 ], [ -99.17757, 19.36512 ], [ -99.17378, 19.36116 ], [ -99.17511, 19.36228 ], [ -99.17565, 19.35979 ], [ -99.17763, 19.36021 ], [ -99.17812, 19.35791 ], [ -99.17646, 19.35711 ], [ -99.17686, 19.35586 ], [ -99.1748, 19.35484 ], [ -99.17748, 19.35197 ] ] ] } },
{ "type": "Feature", "properties": { "colonia": "LOMAS DE SAN LORENZO II", "alcaldia": "IZTAPALAPA", "cveut": "07-284" }, "geometry": { "type": "Polygon", "coordinates": [ [ [ -99.07314, 19.32177 ], [ -99.06767, 19.32862 ], [ -99.06887, 19.32687 ], [ -99.06353, 19.32462 ], [ -99.05895, 19.3207 ], [ -99.06159, 19.31745 ], [ -99.06315, 19.31859 ], [ -99.06228, 19.31961 ], [ -99.06388, 19.32083 ], [ -99.06558, 19.31573 ], [ -99.07042, 19.31626 ], [ -99.07117, 19.31461 ], [ -99.07338, 19.31651 ], [ -99.07109, 19.32202 ], [ -99.07235, 19.32257 ], [ -99.07314, 19.32177 ] ] ] } },
{ "type": "Feature", "properties": { "colonia": "PUEBLO DE LOS REYES HUEYTLILAC", "alcaldia": "COYOACAN", "cveut": "03-078" }, "geometry": { "type": "Polygon", "coordinates": [ [ [ -99.16126, 19.33783 ], [ -99.15982, 19.33955 ], [ -99.16002, 19.33846 ], [ -99.15843, 19.33727 ], [ -99.15731, 19.34283 ], [ -99.15567, 19.3437 ], [ -99.14807, 19.33559 ], [ -99.15107, 19.33454 ], [ -99.15161, 19.3321 ], [ -99.15273, 19.33193 ], [ -99.15547, 19.32806 ], [ -99.15679, 19.32987 ], [ -99.15854, 19.33038 ], [ -99.15641, 19.33391 ], [ -99.15789, 19.33388 ], [ -99.15784, 19.33524 ], [ -99.16292, 19.33596 ], [ -99.16252, 19.33809 ], [ -99.16126, 19.33783 ] ] ] } },
{ "type": "Feature", "properties": { "colonia": "LA PILA", "alcaldia": "CUAJIMALPA DE MORELOS", "cveut": "04-023" }, "geometry": { "type": "Polygon", "coordinates": [ [ [ -99.33188, 19.31057 ], [ -99.33109, 19.30212 ], [ -99.3341, 19.30032 ], [ -99.33395, 19.30396 ], [ -99.33615, 19.3036 ], [ -99.33642, 19.30472 ], [ -99.33793, 19.30417 ], [ -99.33503, 19.3082 ], [ -99.33612, 19.31004 ], [ -99.33724, 19.30822 ], [ -99.33815, 19.3104 ], [ -99.34091, 19.30919 ], [ -99.34137, 19.30807 ], [ -99.34208, 19.3096 ], [ -99.34616, 19.30504 ], [ -99.34769, 19.30017 ], [ -99.34652, 19.30486 ], [ -99.3408, 19.31111 ], [ -99.33772, 19.31906 ], [ -99.3353, 19.321 ], [ -99.33177, 19.32049 ], [ -99.3339, 19.31898 ], [ -99.33522, 19.31442 ], [ -99.33501, 19.31226 ], [ -99.33307, 19.31155 ], [ -99.33236, 19.30968 ], [ -99.33188, 19.31057 ] ] ] } },
{ "type": "Feature", "properties": { "colonia": "LEYES DE REFORMA 3A SECCION I", "alcaldia": "IZTAPALAPA", "cveut": "07-279" }, "geometry": { "type": "Polygon", "coordinates": [ [ [ -99.07608, 19.38311 ], [ -99.07209, 19.38442 ], [ -99.06092, 19.38268 ], [ -99.06193, 19.37622 ], [ -99.07732, 19.37888 ], [ -99.07608, 19.38311 ] ] ] } },
{ "type": "Feature", "properties": { "colonia": "ATLAMPA", "alcaldia": "CUAUHTEMOC", "cveut": "15-004" }, "geometry": { "type": "Polygon", "coordinates": [ [ [ -99.15364, 19.46324 ], [ -99.15422, 19.4601 ], [ -99.14716, 19.4587 ], [ -99.15146, 19.45531 ], [ -99.15186, 19.45403 ], [ -99.16374, 19.45578 ], [ -99.16285, 19.45926 ], [ -99.15929, 19.46352 ], [ -99.15758, 19.4641 ], [ -99.15364, 19.46324 ] ] ] } },
{ "type": "Feature", "properties": { "colonia": "TIERRA COLORADA", "alcaldia": "LA MAGDALENA CONTRERAS", "cveut": "08-051" }, "geometry": { "type": "Polygon", "coordinates": [ [ [ -99.24645, 19.26454 ], [ -99.25187, 19.26542 ], [ -99.2527, 19.26913 ], [ -99.25448, 19.2694 ], [ -99.25754, 19.2676 ], [ -99.25941, 19.27051 ], [ -99.2571, 19.27273 ], [ -99.2498, 19.27285 ], [ -99.24474, 19.27644 ], [ -99.24344, 19.27541 ], [ -99.24463, 19.27294 ], [ -99.24372, 19.26965 ], [ -99.24601, 19.268 ], [ -99.24645, 19.26454 ] ] ] } },
{ "type": "Feature", "properties": { "colonia": "AVANTE", "alcaldia": "COYOACAN", "cveut": "03-008" }, "geometry": { "type": "Polygon", "coordinates": [ [ [ -99.12887, 19.32434 ], [ -99.12997, 19.32141 ], [ -99.1344, 19.32327 ], [ -99.13371, 19.32237 ], [ -99.13797, 19.32315 ], [ -99.13847, 19.32474 ], [ -99.1371, 19.32474 ], [ -99.13699, 19.32846 ], [ -99.13952, 19.32815 ], [ -99.14139, 19.33422 ], [ -99.13709, 19.33357 ], [ -99.13709, 19.33453 ], [ -99.13681, 19.33342 ], [ -99.12995, 19.33203 ], [ -99.13088, 19.32602 ], [ -99.12887, 19.32434 ] ] ] } },
{ "type": "Feature", "properties": { "colonia": "LA CARBONERA", "alcaldia": "LA MAGDALENA CONTRERAS", "cveut": "08-020" }, "geometry": { "type": "Polygon", "coordinates": [ [ [ -99.25879, 19.30193 ], [ -99.25506, 19.30284 ], [ -99.2494, 19.30206 ], [ -99.25086, 19.30058 ], [ -99.25023, 19.30001 ], [ -99.25097, 19.29818 ], [ -99.25764, 19.2948 ], [ -99.26204, 19.28846 ], [ -99.26457, 19.28769 ], [ -99.2664, 19.29016 ], [ -99.26407, 19.29085 ], [ -99.26498, 19.29313 ], [ -99.25932, 19.29815 ], [ -99.25879, 19.30193 ] ] ] } },
{ "type": "Feature", "properties": { "colonia": "AMPLIACION MIGUEL HIDALGO 2A SECC", "alcaldia": "TLALPAN", "cveut": "12-002" }, "geometry": { "type": "Polygon", "coordinates": [ [ [ -99.19069, 19.28039 ], [ -99.20147, 19.27704 ], [ -99.20482, 19.28652 ], [ -99.19589, 19.28609 ], [ -99.19374, 19.28709 ], [ -99.19022, 19.28422 ], [ -99.19276, 19.28311 ], [ -99.19069, 19.28039 ] ] ] } },
{ "type": "Feature", "properties": { "colonia": "EL ROSARIO C (U HAB)", "alcaldia": "AZCAPOTZALCO", "cveut": "02-025" }, "geometry": { "type": "Polygon", "coordinates": [ [ [ -99.21097, 19.50945 ], [ -99.20843, 19.50834 ], [ -99.20572, 19.50862 ], [ -99.20075, 19.51114 ], [ -99.19668, 19.51182 ], [ -99.19839, 19.5062 ], [ -99.19745, 19.50293 ], [ -99.19819, 19.50016 ], [ -99.20483, 19.50183 ], [ -99.21105, 19.50805 ], [ -99.21097, 19.50945 ] ] ] } },
{ "type": "Feature", "properties": { "colonia": "SAN JUAN XALPA II", "alcaldia": "IZTAPALAPA", "cveut": "07-290" }, "geometry": { "type": "Polygon", "coordinates": [ [ [ -99.08042, 19.34044 ], [ -99.07438, 19.33859 ], [ -99.07505, 19.32997 ], [ -99.082, 19.33111 ], [ -99.08233, 19.32934 ], [ -99.08426, 19.32963 ], [ -99.085, 19.32977 ], [ -99.08467, 19.33159 ], [ -99.08607, 19.33185 ], [ -99.08632, 19.32999 ], [ -99.0878, 19.33023 ], [ -99.08964, 19.33196 ], [ -99.08893, 19.33593 ], [ -99.08606, 19.33564 ], [ -99.08625, 19.33471 ], [ -99.08477, 19.33446 ], [ -99.08495, 19.33354 ], [ -99.08166, 19.33296 ], [ -99.08042, 19.34044 ] ] ] } },
{ "type": "Feature", "properties": { "colonia": "AMPLIACION MIGUEL HIDALGO 3A SECC", "alcaldia": "TLALPAN", "cveut": "12-003" }, "geometry": { "type": "Polygon", "coordinates": [ [ [ -99.21235, 19.27947 ], [ -99.2098, 19.28629 ], [ -99.20482, 19.28652 ], [ -99.20147, 19.27704 ], [ -99.20579, 19.27626 ], [ -99.20556, 19.27253 ], [ -99.20352, 19.27172 ], [ -99.20357, 19.27002 ], [ -99.20564, 19.26978 ], [ -99.2073, 19.27457 ], [ -99.21023, 19.27835 ], [ -99.21235, 19.27947 ] ] ] } },
{ "type": "Feature", "properties": { "colonia": "LOPEZ PORTILLO", "alcaldia": "TLAHUAC", "cveut": "11-022" }, "geometry": { "type": "Polygon", "coordinates": [ [ [ -99.0185, 19.30755 ], [ -99.01536, 19.30583 ], [ -99.01883, 19.30363 ], [ -99.01849, 19.3017 ], [ -99.02064, 19.30227 ], [ -99.02199, 19.29866 ], [ -99.02542, 19.30287 ], [ -99.02128, 19.31062 ], [ -99.02312, 19.31138 ], [ -99.02039, 19.31691 ], [ -99.02308, 19.31808 ], [ -99.02347, 19.31928 ], [ -99.01863, 19.32086 ], [ -99.01772, 19.31489 ], [ -99.01976, 19.30951 ], [ -99.0185, 19.30755 ] ] ] } },
{ "type": "Feature", "properties": { "colonia": "GRANJAS MODERNAS-SAN JUAN DE ARAGON (AMPL)", "alcaldia": "GUSTAVO A. MADERO", "cveut": "05-070" }, "geometry": { "type": "Polygon", "coordinates": [ [ [ -99.11142, 19.47534 ], [ -99.10626, 19.4825 ], [ -99.09809, 19.47928 ], [ -99.10173, 19.47044 ], [ -99.11142, 19.47534 ] ] ] } },
{ "type": "Feature", "properties": { "colonia": "GRANADA", "alcaldia": "MIGUEL HIDALGO", "cveut": "16-031" }, "geometry": { "type": "Polygon", "coordinates": [ [ [ -99.20222, 19.44125 ], [ -99.18652, 19.44295 ], [ -99.18665, 19.44207 ], [ -99.18323, 19.44166 ], [ -99.18349, 19.43712 ], [ -99.20591, 19.43844 ], [ -99.20222, 19.44125 ] ] ] } },
{ "type": "Feature", "properties": { "colonia": "AGRICOLA ORIENTAL I", "alcaldia": "IZTACALCO", "cveut": "06-040" }, "geometry": { "type": "Polygon", "coordinates": [ [ [ -99.0771, 19.40854 ], [ -99.07085, 19.4052 ], [ -99.07204, 19.40001 ], [ -99.0774, 19.40087 ], [ -99.07806, 19.39818 ], [ -99.07636, 19.39791 ], [ -99.07699, 19.39521 ], [ -99.08335, 19.39625 ], [ -99.08341, 19.39906 ], [ -99.0771, 19.40854 ] ] ] } },
{ "type": "Feature", "properties": { "colonia": "LA CONCHITA I", "alcaldia": "TLAHUAC", "cveut": "11-056" }, "geometry": { "type": "Polygon", "coordinates": [ [ [ -99.03629, 19.29627 ], [ -99.03637, 19.28335 ], [ -99.03659, 19.2716 ], [ -99.03839, 19.272 ], [ -99.04176, 19.29919 ], [ -99.04055, 19.2965 ], [ -99.03629, 19.29627 ] ] ] } },
{ "type": "Feature", "properties": { "colonia": "LA LAGUNA TICOMAN (BARR)", "alcaldia": "GUSTAVO A. MADERO", "cveut": "05-104" }, "geometry": { "type": "Polygon", "coordinates": [ [ [ -99.13451, 19.51769 ], [ -99.12827, 19.51819 ], [ -99.12587, 19.51637 ], [ -99.12408, 19.51308 ], [ -99.12437, 19.511 ], [ -99.12962, 19.50577 ], [ -99.135, 19.51385 ], [ -99.13451, 19.51769 ] ] ] } },
{ "type": "Feature", "properties": { "colonia": "TORIELLO GUERRA", "alcaldia": "TLALPAN", "cveut": "12-180" }, "geometry": { "type": "Polygon", "coordinates": [ [ [ -99.15741, 19.29782 ], [ -99.15518, 19.29528 ], [ -99.16191, 19.29029 ], [ -99.17318, 19.29433 ], [ -99.17269, 19.29723 ], [ -99.17482, 19.29743 ], [ -99.16943, 19.29801 ], [ -99.16962, 19.29716 ], [ -99.16869, 19.29684 ], [ -99.16792, 19.29881 ], [ -99.16704, 19.29881 ], [ -99.16743, 19.29711 ], [ -99.1641, 19.29604 ], [ -99.16317, 19.29864 ], [ -99.16231, 19.29869 ], [ -99.16044, 19.29853 ], [ -99.16044, 19.29653 ], [ -99.15796, 19.29648 ], [ -99.15741, 19.29782 ] ] ] } },
{ "type": "Feature", "properties": { "colonia": "PEÑA ALTA", "alcaldia": "TLAHUAC", "cveut": "11-029" }, "geometry": { "type": "Polygon", "coordinates": [ [ [ -98.99816, 19.23435 ], [ -99.00233, 19.23208 ], [ -99.004, 19.2328 ], [ -99.00494, 19.2302 ], [ -99.00298, 19.22978 ], [ -99.00302, 19.22896 ], [ -99.00423, 19.22832 ], [ -99.00438, 19.22668 ], [ -99.00795, 19.22674 ], [ -99.00895, 19.2253 ], [ -99.01263, 19.22527 ], [ -99.00619, 19.2361 ], [ -99.00128, 19.23875 ], [ -98.99968, 19.24155 ], [ -98.99801, 19.23927 ], [ -98.99973, 19.2362 ], [ -98.99816, 19.23435 ] ] ] } },
{ "type": "Feature", "properties": { "colonia": "STA CRUZ ATOYAC", "alcaldia": "BENITO JUAREZ", "cveut": "14-045" }, "geometry": { "type": "Polygon", "coordinates": [ [ [ -99.16241, 19.37463 ], [ -99.15764, 19.37395 ], [ -99.1566, 19.37031 ], [ -99.1587, 19.37063 ], [ -99.15941, 19.36757 ], [ -99.15548, 19.36635 ], [ -99.15415, 19.36176 ], [ -99.16766, 19.36634 ], [ -99.16241, 19.37463 ] ] ] } },
{ "type": "Feature", "properties": { "colonia": "SELENE 1a SECC", "alcaldia": "TLAHUAC", "cveut": "11-044" }, "geometry": { "type": "Polygon", "coordinates": [ [ [ -99.00085, 19.29711 ], [ -98.99593, 19.29556 ], [ -98.99622, 19.29393 ], [ -98.99794, 19.29421 ], [ -98.99909, 19.28762 ], [ -99.0095, 19.28915 ], [ -99.00878, 19.29505 ], [ -99.00335, 19.2951 ], [ -99.00312, 19.29656 ], [ -99.00085, 19.29711 ] ] ] } },
{ "type": "Feature", "properties": { "colonia": "NUEVA VALLEJO", "alcaldia": "GUSTAVO A. MADERO", "cveut": "05-131" }, "geometry": { "type": "Polygon", "coordinates": [ [ [ -99.15187, 19.49466 ], [ -99.14868, 19.49397 ], [ -99.14923, 19.49127 ], [ -99.14689, 19.4908 ], [ -99.14643, 19.49257 ], [ -99.14298, 19.48557 ], [ -99.14971, 19.48325 ], [ -99.15638, 19.50117 ], [ -99.15084, 19.49901 ], [ -99.15187, 19.49466 ] ] ] } },
{ "type": "Feature", "properties": { "colonia": "IRRIGACION", "alcaldia": "MIGUEL HIDALGO", "cveut": "16-035" }, "geometry": { "type": "Polygon", "coordinates": [ [ [ -99.2123, 19.44755 ], [ -99.21079, 19.44827 ], [ -99.21088, 19.44948 ], [ -99.20468, 19.44686 ], [ -99.20514, 19.44025 ], [ -99.2061, 19.43845 ], [ -99.21446, 19.43904 ], [ -99.21742, 19.4447 ], [ -99.21045, 19.44425 ], [ -99.21063, 19.44721 ], [ -99.2123, 19.44755 ] ] ] } },
{ "type": "Feature", "properties": { "colonia": "LOMAS DE CUAUTEPEC", "alcaldia": "GUSTAVO A. MADERO", "cveut": "05-115" }, "geometry": { "type": "Polygon", "coordinates": [ [ [ -99.14022, 19.57703 ], [ -99.13169, 19.57083 ], [ -99.13257, 19.56655 ], [ -99.13413, 19.56427 ], [ -99.14005, 19.56926 ], [ -99.14599, 19.57147 ], [ -99.14022, 19.57703 ] ] ] } },
{ "type": "Feature", "properties": { "colonia": "LOS ANGELES", "alcaldia": "IZTAPALAPA", "cveut": "07-130" }, "geometry": { "type": "Polygon", "coordinates": [ [ [ -99.06535, 19.3389 ], [ -99.07105, 19.34473 ], [ -99.07501, 19.34622 ], [ -99.07511, 19.34452 ], [ -99.07695, 19.34587 ], [ -99.0773, 19.3469 ], [ -99.07486, 19.351 ], [ -99.05984, 19.34414 ], [ -99.06535, 19.3389 ] ] ] } },
{ "type": "Feature", "properties": { "colonia": "LOMAS DE  PADIERNA II", "alcaldia": "TLALPAN", "cveut": "12-212" }, "geometry": { "type": "Polygon", "coordinates": [ [ [ -99.2165, 19.29463 ], [ -99.21096, 19.30397 ], [ -99.20827, 19.30249 ], [ -99.20939, 19.2994 ], [ -99.21238, 19.29804 ], [ -99.21613, 19.29337 ], [ -99.21759, 19.28951 ], [ -99.22415, 19.28896 ], [ -99.22499, 19.29851 ], [ -99.22226, 19.29772 ], [ -99.21837, 19.29474 ], [ -99.2165, 19.29463 ] ] ] } },
{ "type": "Feature", "properties": { "colonia": "CHINAMPAC DE JUAREZ II", "alcaldia": "IZTAPALAPA", "cveut": "07-263" }, "geometry": { "type": "Polygon", "coordinates": [ [ [ -99.05377, 19.37826 ], [ -99.0515, 19.38049 ], [ -99.04026, 19.37286 ], [ -99.04032, 19.36663 ], [ -99.04632, 19.3689 ], [ -99.0461, 19.37218 ], [ -99.05244, 19.37403 ], [ -99.05377, 19.37826 ] ] ] } },
{ "type": "Feature", "properties": { "colonia": "EL PARQUE", "alcaldia": "VENUSTIANO CARRANZA", "cveut": "17-023" }, "geometry": { "type": "Polygon", "coordinates": [ [ [ -99.11164, 19.42738 ], [ -99.11353, 19.42636 ], [ -99.11379, 19.42472 ], [ -99.1162, 19.42502 ], [ -99.11774, 19.41393 ], [ -99.12182, 19.41378 ], [ -99.11888, 19.4321 ], [ -99.11531, 19.43179 ], [ -99.11521, 19.42934 ], [ -99.11164, 19.42738 ] ] ] } },
{ "type": "Feature", "properties": { "colonia": "PRADO CHURUBUSCO", "alcaldia": "COYOACAN", "cveut": "03-094" }, "geometry": { "type": "Polygon", "coordinates": [ [ [ -99.13071, 19.35233 ], [ -99.13446, 19.35591 ], [ -99.131, 19.35862 ], [ -99.12197, 19.35762 ], [ -99.11967, 19.3493 ], [ -99.12134, 19.35068 ], [ -99.12891, 19.35086 ], [ -99.1305, 19.35298 ], [ -99.13071, 19.35233 ] ] ] } },
{ "type": "Feature", "properties": { "colonia": "SAN ANGEL", "alcaldia": "ALVARO OBREGON", "cveut": "10-192" }, "geometry": { "type": "MultiPolygon", "coordinates": [ [ [ [ -99.19052, 19.35122 ], [ -99.19042, 19.35072 ], [ -99.18665, 19.35034 ], [ -99.18939, 19.34264 ], [ -99.19247, 19.34167 ], [ -99.19781, 19.3417 ], [ -99.19798, 19.34301 ], [ -99.19925, 19.34249 ], [ -99.19924, 19.34398 ], [ -99.20135, 19.3451 ], [ -99.201, 19.34678 ], [ -99.19528, 19.34569 ], [ -99.1937, 19.3515 ], [ -99.19052, 19.35122 ] ] ], [ [ [ -99.19048, 19.35148 ], [ -99.19046, 19.35158 ], [ -99.19049, 19.35136 ], [ -99.19048, 19.35148 ] ] ] ] } },
{ "type": "Feature", "properties": { "colonia": "COLINAS DEL SUR", "alcaldia": "ALVARO OBREGON", "cveut": "10-044" }, "geometry": { "type": "Polygon", "coordinates": [ [ [ -99.23097, 19.36781 ], [ -99.22342, 19.37103 ], [ -99.2229, 19.36842 ], [ -99.2176, 19.37006 ], [ -99.21663, 19.36685 ], [ -99.21852, 19.36691 ], [ -99.21902, 19.36536 ], [ -99.22073, 19.36525 ], [ -99.22398, 19.36251 ], [ -99.22465, 19.3646 ], [ -99.22745, 19.36429 ], [ -99.22884, 19.36296 ], [ -99.23364, 19.36288 ], [ -99.23417, 19.36703 ], [ -99.23148, 19.36677 ], [ -99.23097, 19.36781 ] ] ] } },
{ "type": "Feature", "properties": { "colonia": "STA MA AZTAHUACAN (PBLO)", "alcaldia": "IZTAPALAPA", "cveut": "07-227" }, "geometry": { "type": "Polygon", "coordinates": [ [ [ -99.02596, 19.34637 ], [ -99.02539, 19.34965 ], [ -99.03063, 19.35022 ], [ -99.02979, 19.35271 ], [ -99.0268, 19.35297 ], [ -99.02575, 19.35723 ], [ -99.02204, 19.35779 ], [ -99.02316, 19.35658 ], [ -99.02162, 19.3558 ], [ -99.02242, 19.35329 ], [ -99.02027, 19.35091 ], [ -99.01594, 19.352 ], [ -99.02058, 19.3456 ], [ -99.02537, 19.34475 ], [ -99.02485, 19.34632 ], [ -99.02596, 19.34637 ] ] ] } },
{ "type": "Feature", "properties": { "colonia": "XALPA I", "alcaldia": "IZTAPALAPA", "cveut": "07-305" }, "geometry": { "type": "Polygon", "coordinates": [ [ [ -99.01338, 19.33604 ], [ -99.01239, 19.33335 ], [ -99.01383, 19.33182 ], [ -99.01422, 19.32692 ], [ -99.01127, 19.32851 ], [ -99.0105, 19.32279 ], [ -99.01863, 19.32086 ], [ -99.01911, 19.32308 ], [ -99.01787, 19.33362 ], [ -99.01338, 19.33604 ] ] ] } },
{ "type": "Feature", "properties": { "colonia": "PEDREGAL DE SAN ANGEL (AMPL)", "alcaldia": "COYOACAN", "cveut": "03-088" }, "geometry": { "type": "Polygon", "coordinates": [ [ [ -99.19049, 19.30999 ], [ -99.18695, 19.31025 ], [ -99.18682, 19.30922 ], [ -99.19383, 19.31005 ], [ -99.19292, 19.3021 ], [ -99.19716, 19.30254 ], [ -99.20538, 19.30642 ], [ -99.19993, 19.31173 ], [ -99.19049, 19.30999 ] ] ] } },
{ "type": "Feature", "properties": { "colonia": "NAPOLES", "alcaldia": "BENITO JUAREZ", "cveut": "14-028" }, "geometry": { "type": "Polygon", "coordinates": [ [ [ -99.1705, 19.39979 ], [ -99.17351, 19.39027 ], [ -99.18135, 19.38755 ], [ -99.1811, 19.38643 ], [ -99.1816, 19.38726 ], [ -99.18122, 19.39264 ], [ -99.17961, 19.39663 ], [ -99.1764, 19.39855 ], [ -99.1705, 19.39979 ] ] ] } },
{ "type": "Feature", "properties": { "colonia": "SANTA CRUZ MEYEHUALCO (PBLO)", "alcaldia": "IZTAPALAPA", "cveut": "07-206" }, "geometry": { "type": "Polygon", "coordinates": [ [ [ -99.04775, 19.33821 ], [ -99.04749, 19.34258 ], [ -99.03407, 19.34388 ], [ -99.03671, 19.33537 ], [ -99.04775, 19.33821 ] ] ] } },
{ "type": "Feature", "properties": { "colonia": "TEPEYAC INSURGENTES", "alcaldia": "GUSTAVO A. MADERO", "cveut": "05-181" }, "geometry": { "type": "Polygon", "coordinates": [ [ [ -99.11965, 19.4782 ], [ -99.12839, 19.48158 ], [ -99.12034, 19.49215 ], [ -99.11732, 19.48893 ], [ -99.11929, 19.48322 ], [ -99.11781, 19.48275 ], [ -99.11965, 19.4782 ] ] ] } },
{ "type": "Feature", "properties": { "colonia": "SAN MIGUEL TEOTONGO IV", "alcaldia": "IZTAPALAPA", "cveut": "07-294" }, "geometry": { "type": "Polygon", "coordinates": [ [ [ -98.99491, 19.33959 ], [ -98.98867, 19.33862 ], [ -98.98864, 19.33976 ], [ -98.98759, 19.33996 ], [ -98.98757, 19.33881 ], [ -98.98483, 19.33754 ], [ -98.98428, 19.33963 ], [ -98.98175, 19.33938 ], [ -98.98311, 19.3369 ], [ -98.98495, 19.33696 ], [ -98.98534, 19.33566 ], [ -98.98449, 19.32569 ], [ -98.98942, 19.32558 ], [ -98.98828, 19.33115 ], [ -98.99001, 19.33514 ], [ -98.99498, 19.33628 ], [ -98.99491, 19.33959 ] ] ] } },
{ "type": "Feature", "properties": { "colonia": "RESIDENCIAL ZACATENCO", "alcaldia": "GUSTAVO A. MADERO", "cveut": "05-146" }, "geometry": { "type": "Polygon", "coordinates": [ [ [ -99.12525, 19.51011 ], [ -99.12254, 19.50114 ], [ -99.12145, 19.5024 ], [ -99.12244, 19.50332 ], [ -99.12242, 19.50382 ], [ -99.12108, 19.50246 ], [ -99.11742, 19.50179 ], [ -99.12034, 19.49215 ], [ -99.12962, 19.50577 ], [ -99.12525, 19.51011 ] ] ] } },
{ "type": "Feature", "properties": { "colonia": "SAN MIGUEL ZAPOTITLA", "alcaldia": "TLAHUAC", "cveut": "11-036" }, "geometry": { "type": "Polygon", "coordinates": [ [ [ -99.04337, 19.30647 ], [ -99.03796, 19.3132 ], [ -99.03972, 19.31475 ], [ -99.03005, 19.31814 ], [ -99.03137, 19.31431 ], [ -99.03341, 19.31267 ], [ -99.03714, 19.30314 ], [ -99.04337, 19.30647 ] ] ] } },
{ "type": "Feature", "properties": { "colonia": "IXTLAHUALTONGO", "alcaldia": "LA MAGDALENA CONTRERAS", "cveut": "08-019" }, "geometry": { "type": "Polygon", "coordinates": [ [ [ -99.25882, 19.2736 ], [ -99.24841, 19.27976 ], [ -99.24997, 19.28083 ], [ -99.24931, 19.28191 ], [ -99.24327, 19.28423 ], [ -99.24205, 19.28331 ], [ -99.24496, 19.27996 ], [ -99.24499, 19.27623 ], [ -99.24809, 19.27364 ], [ -99.2498, 19.27285 ], [ -99.2571, 19.27273 ], [ -99.26027, 19.27057 ], [ -99.25882, 19.2736 ] ] ] } },
{ "type": "Feature", "properties": { "colonia": "SAN PEDRO DE LOS  PINOS", "alcaldia": "BENITO JUAREZ", "cveut": "14-043" }, "geometry": { "type": "Polygon", "coordinates": [ [ [ -99.17775, 19.3979 ], [ -99.17961, 19.39663 ], [ -99.18085, 19.3942 ], [ -99.18253, 19.38549 ], [ -99.19089, 19.3849 ], [ -99.18871, 19.39232 ], [ -99.18572, 19.3924 ], [ -99.18531, 19.39596 ], [ -99.17775, 19.3979 ] ] ] } },
{ "type": "Feature", "properties": { "colonia": "JARDINES DEL AJUSCO", "alcaldia": "TLALPAN", "cveut": "12-066" }, "geometry": { "type": "Polygon", "coordinates": [ [ [ -99.2098, 19.28629 ], [ -99.21235, 19.27947 ], [ -99.21453, 19.28062 ], [ -99.21839, 19.28522 ], [ -99.21808, 19.28811 ], [ -99.2153, 19.29445 ], [ -99.21083, 19.2925 ], [ -99.21231, 19.28812 ], [ -99.2098, 19.28629 ] ] ] } },
{ "type": "Feature", "properties": { "colonia": "LEYES DE REFORMA 3A SECCION II", "alcaldia": "IZTAPALAPA", "cveut": "07-280" }, "geometry": { "type": "Polygon", "coordinates": [ [ [ -99.06088, 19.38181 ], [ -99.05916, 19.3735 ], [ -99.0635, 19.37425 ], [ -99.06298, 19.37536 ], [ -99.07171, 19.37231 ], [ -99.0787, 19.37414 ], [ -99.07732, 19.37888 ], [ -99.06193, 19.37622 ], [ -99.06088, 19.38181 ] ] ] } },
{ "type": "Feature", "properties": { "colonia": "JARDIN BALBUENA I", "alcaldia": "VENUSTIANO CARRANZA", "cveut": "17-076" }, "geometry": { "type": "Polygon", "coordinates": [ [ [ -99.11182, 19.42424 ], [ -99.11164, 19.42738 ], [ -99.11027, 19.42736 ], [ -99.09946, 19.422 ], [ -99.09856, 19.41687 ], [ -99.11049, 19.4194 ], [ -99.11008, 19.42331 ], [ -99.11182, 19.42424 ] ] ] } },
{ "type": "Feature", "properties": { "colonia": "CHALMA DE GUADALUPE I", "alcaldia": "GUSTAVO A. MADERO", "cveut": "05-219" }, "geometry": { "type": "Polygon", "coordinates": [ [ [ -99.15741, 19.55446 ], [ -99.15818, 19.55831 ], [ -99.15405, 19.56184 ], [ -99.15109, 19.56153 ], [ -99.14949, 19.55812 ], [ -99.14614, 19.55924 ], [ -99.14756, 19.55693 ], [ -99.14645, 19.55653 ], [ -99.14961, 19.55146 ], [ -99.15216, 19.55284 ], [ -99.1527, 19.55197 ], [ -99.15741, 19.55446 ] ] ] } },
{ "type": "Feature", "properties": { "colonia": "PROVIDENCIA", "alcaldia": "AZCAPOTZALCO", "cveut": "02-066" }, "geometry": { "type": "Polygon", "coordinates": [ [ [ -99.21409, 19.49641 ], [ -99.20685, 19.4943 ], [ -99.2088, 19.48514 ], [ -99.21724, 19.48736 ], [ -99.21409, 19.49641 ] ] ] } },
{ "type": "Feature", "properties": { "colonia": "TIZAPAN_TIZAPAN SAN ANGEL", "alcaldia": "ALVARO OBREGON", "cveut": "10-217" }, "geometry": { "type": "Polygon", "coordinates": [ [ [ -99.20048, 19.33924 ], [ -99.19801, 19.34168 ], [ -99.19486, 19.34206 ], [ -99.19284, 19.34167 ], [ -99.19336, 19.33999 ], [ -99.19224, 19.33987 ], [ -99.19318, 19.33789 ], [ -99.19937, 19.33668 ], [ -99.20003, 19.33324 ], [ -99.21032, 19.33116 ], [ -99.20825, 19.33479 ], [ -99.20537, 19.33735 ], [ -99.20376, 19.33702 ], [ -99.20219, 19.33892 ], [ -99.20048, 19.33924 ] ] ] } },
{ "type": "Feature", "properties": { "colonia": "MIGUEL HIDALGO", "alcaldia": "TLALPAN", "cveut": "12-095" }, "geometry": { "type": "GeometryCollection", "geometries": [ { "type": "Polygon", "coordinates": [ [ [ -99.19276, 19.28311 ], [ -99.19022, 19.28422 ], [ -99.19236, 19.28633 ], [ -99.18756, 19.28726 ], [ -99.18591, 19.28995 ], [ -99.18579, 19.29269 ], [ -99.18463, 19.29426 ], [ -99.18638, 19.29576 ], [ -99.17862, 19.29304 ], [ -99.18211, 19.29277 ], [ -99.1825, 19.29082 ], [ -99.17961, 19.28929 ], [ -99.18185, 19.28657 ], [ -99.18598, 19.28404 ], [ -99.18754, 19.2816 ], [ -99.19069, 19.28039 ], [ -99.19276, 19.28311 ] ] ] }, { "type": "LineString", "coordinates": [ [ -99.17917, 19.28995 ], [ -99.17961, 19.28929 ] ] } ] } },
{ "type": "Feature", "properties": { "colonia": "GRANJAS SAN ANTONIO", "alcaldia": "IZTAPALAPA", "cveut": "07-086" }, "geometry": { "type": "Polygon", "coordinates": [ [ [ -99.10836, 19.37005 ], [ -99.10395, 19.37102 ], [ -99.10264, 19.36896 ], [ -99.10674, 19.35624 ], [ -99.11144, 19.35666 ], [ -99.10836, 19.37005 ] ] ] } },
{ "type": "Feature", "properties": { "colonia": "FEDERAL", "alcaldia": "VENUSTIANO CARRANZA", "cveut": "17-026" }, "geometry": { "type": "Polygon", "coordinates": [ [ [ -99.09265, 19.42691 ], [ -99.08275, 19.42115 ], [ -99.08707, 19.41406 ], [ -99.09385, 19.41799 ], [ -99.09061, 19.42333 ], [ -99.09444, 19.42357 ], [ -99.09265, 19.42691 ] ] ] } },
{ "type": "Feature", "properties": { "colonia": "LOMAS DE GUADALUPE", "alcaldia": "ALVARO OBREGON", "cveut": "10-131" }, "geometry": { "type": "Polygon", "coordinates": [ [ [ -99.24388, 19.3494 ], [ -99.23924, 19.35074 ], [ -99.24026, 19.34806 ], [ -99.23916, 19.34502 ], [ -99.2362, 19.3424 ], [ -99.24331, 19.34008 ], [ -99.24854, 19.34047 ], [ -99.24911, 19.34258 ], [ -99.24699, 19.34386 ], [ -99.24905, 19.34549 ], [ -99.24514, 19.34664 ], [ -99.24388, 19.3494 ] ] ] } },
{ "type": "Feature", "properties": { "colonia": "SAN LORENZO HUIPULCO", "alcaldia": "TLALPAN", "cveut": "12-153" }, "geometry": { "type": "Polygon", "coordinates": [ [ [ -99.15212, 19.29778 ], [ -99.14744, 19.30128 ], [ -99.14455, 19.30038 ], [ -99.14651, 19.29514 ], [ -99.1451, 19.29469 ], [ -99.14726, 19.28936 ], [ -99.14958, 19.29133 ], [ -99.15149, 19.2901 ], [ -99.15636, 19.29685 ], [ -99.15212, 19.29778 ] ] ] } },
{ "type": "Feature", "properties": { "colonia": "CLAVERIA", "alcaldia": "AZCAPOTZALCO", "cveut": "02-008" }, "geometry": { "type": "Polygon", "coordinates": [ [ [ -99.18748, 19.46948 ], [ -99.18416, 19.46912 ], [ -99.17875, 19.4705 ], [ -99.17627, 19.46812 ], [ -99.17871, 19.45892 ], [ -99.17979, 19.46162 ], [ -99.18341, 19.46382 ], [ -99.18633, 19.46397 ], [ -99.18668, 19.46301 ], [ -99.18803, 19.46367 ], [ -99.18748, 19.46948 ] ] ] } },
{ "type": "Feature", "properties": { "colonia": "PANTITLAN V", "alcaldia": "IZTACALCO", "cveut": "06-060" }, "geometry": { "type": "Polygon", "coordinates": [ [ [ -99.06254, 19.41267 ], [ -99.0607, 19.41246 ], [ -99.06061, 19.41328 ], [ -99.05693, 19.41234 ], [ -99.05838, 19.39801 ], [ -99.06377, 19.40112 ], [ -99.06254, 19.41267 ] ] ] } },
{ "type": "Feature", "properties": { "colonia": "JAIME TORRES BODET", "alcaldia": "TLAHUAC", "cveut": "11-012" }, "geometry": { "type": "Polygon", "coordinates": [ [ [ -99.00233, 19.23208 ], [ -98.99816, 19.23435 ], [ -98.99885, 19.23588 ], [ -98.99535, 19.23532 ], [ -98.99467, 19.23608 ], [ -98.9935, 19.2268 ], [ -99.00438, 19.22668 ], [ -99.00423, 19.22832 ], [ -99.00302, 19.22896 ], [ -99.00298, 19.22978 ], [ -99.00494, 19.2302 ], [ -99.004, 19.2328 ], [ -99.00233, 19.23208 ] ] ] } },
{ "type": "Feature", "properties": { "colonia": "LOMAS DE BARRILACO (LOMAS DE CHAPULTEPEC)", "alcaldia": "MIGUEL HIDALGO", "cveut": "16-040" }, "geometry": { "type": "Polygon", "coordinates": [ [ [ -99.23073, 19.41333 ], [ -99.23174, 19.41274 ], [ -99.23336, 19.41348 ], [ -99.23374, 19.41673 ], [ -99.23294, 19.41874 ], [ -99.223, 19.4287 ], [ -99.22233, 19.427 ], [ -99.21965, 19.42789 ], [ -99.21919, 19.42736 ], [ -99.22182, 19.42588 ], [ -99.22364, 19.42157 ], [ -99.22823, 19.41754 ], [ -99.22967, 19.41406 ], [ -99.2313, 19.41435 ], [ -99.23073, 19.41333 ] ] ] } },
{ "type": "Feature", "properties": { "colonia": "MERCED GOMEZ", "alcaldia": "ALVARO OBREGON", "cveut": "10-151" }, "geometry": { "type": "Polygon", "coordinates": [ [ [ -99.20547, 19.3628 ], [ -99.20651, 19.36151 ], [ -99.21006, 19.36145 ], [ -99.21239, 19.35969 ], [ -99.21313, 19.36184 ], [ -99.21016, 19.36542 ], [ -99.21265, 19.36546 ], [ -99.21263, 19.36669 ], [ -99.19632, 19.36628 ], [ -99.19529, 19.36775 ], [ -99.19282, 19.36752 ], [ -99.19177, 19.37041 ], [ -99.19077, 19.36694 ], [ -99.19116, 19.36361 ], [ -99.19962, 19.36518 ], [ -99.2012, 19.36429 ], [ -99.20501, 19.36439 ], [ -99.20501, 19.36329 ], [ -99.20332, 19.363 ], [ -99.20547, 19.3628 ] ] ] } },
{ "type": "Feature", "properties": { "colonia": "SAN MIGUEL TEOTONGO II", "alcaldia": "IZTAPALAPA", "cveut": "07-292" }, "geometry": { "type": "Polygon", "coordinates": [ [ [ -98.98616, 19.35041 ], [ -98.9795, 19.34403 ], [ -98.98199, 19.34417 ], [ -98.98225, 19.34284 ], [ -98.98603, 19.34416 ], [ -98.98776, 19.34285 ], [ -98.98916, 19.34322 ], [ -98.9892, 19.34473 ], [ -98.99101, 19.34292 ], [ -98.99123, 19.3411 ], [ -98.9925, 19.34124 ], [ -98.99219, 19.34243 ], [ -98.99465, 19.34137 ], [ -98.99587, 19.34518 ], [ -98.99517, 19.3491 ], [ -98.99404, 19.34902 ], [ -98.99428, 19.34778 ], [ -98.99003, 19.34693 ], [ -98.9889, 19.34732 ], [ -98.98866, 19.34943 ], [ -98.98691, 19.34846 ], [ -98.98616, 19.35041 ] ] ] } },
{ "type": "Feature", "properties": { "colonia": "PREDIO LA ANGOSTURA", "alcaldia": "ALVARO OBREGON", "cveut": "10-257" }, "geometry": { "type": "Polygon", "coordinates": [ [ [ -99.23615, 19.33388 ], [ -99.23322, 19.33269 ], [ -99.23194, 19.32896 ], [ -99.23715, 19.32463 ], [ -99.24032, 19.3245 ], [ -99.24247, 19.32779 ], [ -99.2427, 19.32926 ], [ -99.24136, 19.3303 ], [ -99.24354, 19.33243 ], [ -99.23615, 19.33388 ] ] ] } },
{ "type": "Feature", "properties": { "colonia": "LA PASTORA", "alcaldia": "GUSTAVO A. MADERO", "cveut": "05-106" }, "geometry": { "type": "Polygon", "coordinates": [ [ [ -99.14213, 19.52964 ], [ -99.12956, 19.53166 ], [ -99.12923, 19.52688 ], [ -99.13525, 19.52483 ], [ -99.1406, 19.52109 ], [ -99.14059, 19.52661 ], [ -99.14213, 19.52964 ] ] ] } },
{ "type": "Feature", "properties": { "colonia": "SELENE 2da SECC", "alcaldia": "TLAHUAC", "cveut": "11-045" }, "geometry": { "type": "Polygon", "coordinates": [ [ [ -99.0095, 19.28915 ], [ -98.99909, 19.28762 ], [ -99.00011, 19.28084 ], [ -99.00994, 19.28209 ], [ -99.01049, 19.283 ], [ -99.0095, 19.28915 ] ] ] } },
{ "type": "Feature", "properties": { "colonia": "OLIVAR SANTA MARIA", "alcaldia": "TLAHUAC", "cveut": "11-062" }, "geometry": { "type": "Polygon", "coordinates": [ [ [ -99.01538, 19.24103 ], [ -99.01391, 19.24506 ], [ -99.01259, 19.24472 ], [ -99.01233, 19.24649 ], [ -99.01034, 19.24589 ], [ -99.01037, 19.24489 ], [ -99.00872, 19.25005 ], [ -99.00342, 19.24577 ], [ -99.00752, 19.23904 ], [ -99.00953, 19.23847 ], [ -99.01208, 19.23887 ], [ -99.01328, 19.24094 ], [ -99.01538, 19.24103 ] ] ] } },
{ "type": "Feature", "properties": { "colonia": "SAN JUAN DE ARAGON 1A SECCION (U HAB) II", "alcaldia": "GUSTAVO A. MADERO", "cveut": "05-242" }, "geometry": { "type": "Polygon", "coordinates": [ [ [ -99.09607, 19.46781 ], [ -99.08619, 19.46522 ], [ -99.08827, 19.45829 ], [ -99.09096, 19.45903 ], [ -99.08997, 19.46161 ], [ -99.09186, 19.46227 ], [ -99.09372, 19.45738 ], [ -99.09841, 19.4589 ], [ -99.09504, 19.46722 ], [ -99.09607, 19.46781 ] ] ] } },
{ "type": "Feature", "properties": { "colonia": "ROMA NORTE III", "alcaldia": "CUAUHTEMOC", "cveut": "15-070" }, "geometry": { "type": "Polygon", "coordinates": [ [ [ -99.15425, 19.41919 ], [ -99.1548, 19.4118 ], [ -99.15963, 19.41213 ], [ -99.16697, 19.41048 ], [ -99.16481, 19.41716 ], [ -99.15425, 19.41919 ] ] ] } },
{ "type": "Feature", "properties": { "colonia": "LOMAS DE SAN LORENZO I", "alcaldia": "IZTAPALAPA", "cveut": "07-283" }, "geometry": { "type": "Polygon", "coordinates": [ [ [ -99.06388, 19.32083 ], [ -99.06228, 19.31961 ], [ -99.06315, 19.31859 ], [ -99.06159, 19.31745 ], [ -99.05895, 19.3207 ], [ -99.0495, 19.31379 ], [ -99.05205, 19.31101 ], [ -99.05357, 19.31217 ], [ -99.05411, 19.3115 ], [ -99.05853, 19.31511 ], [ -99.06089, 19.31213 ], [ -99.06177, 19.31251 ], [ -99.06184, 19.31395 ], [ -99.06068, 19.31516 ], [ -99.06565, 19.31544 ], [ -99.06388, 19.32083 ] ] ] } },
{ "type": "Feature", "properties": { "colonia": "SAN ANDRES TETEPILCO (PBLO)", "alcaldia": "IZTAPALAPA", "cveut": "07-175" }, "geometry": { "type": "Polygon", "coordinates": [ [ [ -99.12721, 19.37654 ], [ -99.12762, 19.36686 ], [ -99.12917, 19.36973 ], [ -99.12974, 19.36624 ], [ -99.13787, 19.36726 ], [ -99.13686, 19.37165 ], [ -99.13298, 19.37146 ], [ -99.13138, 19.37719 ], [ -99.12721, 19.37654 ] ] ] } },
{ "type": "Feature", "properties": { "colonia": "SAN BERNABE OCOTEPEC (PBLO)", "alcaldia": "LA MAGDALENA CONTRERAS", "cveut": "08-042" }, "geometry": { "type": "Polygon", "coordinates": [ [ [ -99.25899, 19.3095 ], [ -99.25981, 19.31245 ], [ -99.26098, 19.31267 ], [ -99.26172, 19.31719 ], [ -99.26279, 19.3169 ], [ -99.25814, 19.32238 ], [ -99.25815, 19.31778 ], [ -99.25744, 19.31764 ], [ -99.25864, 19.31716 ], [ -99.25282, 19.31649 ], [ -99.25272, 19.3153 ], [ -99.25453, 19.31202 ], [ -99.25328, 19.31086 ], [ -99.25354, 19.30796 ], [ -99.25631, 19.30762 ], [ -99.2564, 19.30871 ], [ -99.25823, 19.30883 ], [ -99.25814, 19.31044 ], [ -99.25899, 19.3095 ] ] ] } },
{ "type": "Feature", "properties": { "colonia": "SANTA URSULA - BOSQUES DE TETLAMEYA", "alcaldia": "COYOACAN", "cveut": "03-009" }, "geometry": { "type": "Polygon", "coordinates": [ [ [ -99.15467, 19.30529 ], [ -99.1518, 19.30579 ], [ -99.14644, 19.30267 ], [ -99.15183, 19.29787 ], [ -99.15662, 19.29678 ], [ -99.15794, 19.29852 ], [ -99.15299, 19.30125 ], [ -99.15702, 19.30172 ], [ -99.15907, 19.3033 ], [ -99.15969, 19.30763 ], [ -99.15467, 19.30529 ] ] ] } },
{ "type": "Feature", "properties": { "colonia": "EMILIANO ZAPATA (AMPL)", "alcaldia": "IZTAPALAPA", "cveut": "07-069" }, "geometry": { "type": "Polygon", "coordinates": [ [ [ -98.97449, 19.33175 ], [ -98.9766, 19.33311 ], [ -98.97626, 19.33536 ], [ -98.97875, 19.33619 ], [ -98.98534, 19.33566 ], [ -98.98495, 19.33696 ], [ -98.98311, 19.3369 ], [ -98.9826, 19.3385 ], [ -98.98186, 19.3384 ], [ -98.98019, 19.34227 ], [ -98.98221, 19.34322 ], [ -98.98199, 19.34417 ], [ -98.9795, 19.34403 ], [ -98.97434, 19.33711 ], [ -98.96839, 19.33208 ], [ -98.96906, 19.33131 ], [ -98.97449, 19.33175 ] ] ] } },
{ "type": "Feature", "properties": { "colonia": "LOMAS DE REFORMA (LOMAS DE CHAPULTEPEC)", "alcaldia": "MIGUEL HIDALGO", "cveut": "16-044" }, "geometry": { "type": "Polygon", "coordinates": [ [ [ -99.2313, 19.41435 ], [ -99.2229, 19.41479 ], [ -99.22006, 19.41335 ], [ -99.22382, 19.40689 ], [ -99.22758, 19.40663 ], [ -99.22861, 19.40566 ], [ -99.231, 19.4071 ], [ -99.23004, 19.40891 ], [ -99.2313, 19.41435 ] ] ] } },
{ "type": "Feature", "properties": { "colonia": "LAS AGUILAS", "alcaldia": "ALVARO OBREGON", "cveut": "10-114" }, "geometry": { "type": "Polygon", "coordinates": [ [ [ -99.20035, 19.36346 ], [ -99.19962, 19.36518 ], [ -99.1956, 19.36481 ], [ -99.19924, 19.35588 ], [ -99.19943, 19.35701 ], [ -99.20926, 19.35847 ], [ -99.2092, 19.35964 ], [ -99.21249, 19.35817 ], [ -99.21232, 19.3596 ], [ -99.21454, 19.35847 ], [ -99.21006, 19.36145 ], [ -99.2039, 19.3615 ], [ -99.20332, 19.363 ], [ -99.20035, 19.36346 ] ] ] } },
{ "type": "Feature", "properties": { "colonia": "LA MARTINICA", "alcaldia": "ALVARO OBREGON", "cveut": "10-105" }, "geometry": { "type": "Polygon", "coordinates": [ [ [ -99.21853, 19.36351 ], [ -99.21701, 19.3615 ], [ -99.2176, 19.36214 ], [ -99.22181, 19.36006 ], [ -99.2216, 19.35883 ], [ -99.21816, 19.35917 ], [ -99.21653, 19.36035 ], [ -99.21826, 19.35882 ], [ -99.21402, 19.35956 ], [ -99.21818, 19.35444 ], [ -99.22275, 19.35243 ], [ -99.22732, 19.36095 ], [ -99.22419, 19.36231 ], [ -99.22317, 19.36376 ], [ -99.22211, 19.36171 ], [ -99.21853, 19.36351 ] ] ] } },
{ "type": "Feature", "properties": { "colonia": "ANAHUAC II", "alcaldia": "MIGUEL HIDALGO", "cveut": "16-089" }, "geometry": { "type": "Polygon", "coordinates": [ [ [ -99.1836, 19.43832 ], [ -99.18296, 19.44358 ], [ -99.17812, 19.44293 ], [ -99.17998, 19.44516 ], [ -99.17102, 19.44395 ], [ -99.1697, 19.44305 ], [ -99.17249, 19.4402 ], [ -99.17276, 19.4382 ], [ -99.17629, 19.44056 ], [ -99.17931, 19.43623 ], [ -99.1836, 19.43832 ] ] ] } },
{ "type": "Feature", "properties": { "colonia": "GUADALUPE DEL MORAL", "alcaldia": "IZTAPALAPA", "cveut": "07-088" }, "geometry": { "type": "Polygon", "coordinates": [ [ [ -99.06865, 19.37348 ], [ -99.07218, 19.3656 ], [ -99.0818, 19.36756 ], [ -99.0787, 19.37414 ], [ -99.07171, 19.37231 ], [ -99.06865, 19.37348 ] ] ] } },
{ "type": "Feature", "properties": { "colonia": "HEROES DE PADIERNA II", "alcaldia": "TLALPAN", "cveut": "12-210" }, "geometry": { "type": "Polygon", "coordinates": [ [ [ -99.22726, 19.28172 ], [ -99.22345, 19.2807 ], [ -99.22392, 19.2862 ], [ -99.22203, 19.28635 ], [ -99.22193, 19.28496 ], [ -99.22066, 19.28506 ], [ -99.22042, 19.28226 ], [ -99.21918, 19.28234 ], [ -99.21932, 19.28372 ], [ -99.21765, 19.28388 ], [ -99.21235, 19.27947 ], [ -99.21355, 19.27852 ], [ -99.21281, 19.27642 ], [ -99.21702, 19.27822 ], [ -99.21757, 19.27738 ], [ -99.22706, 19.27918 ], [ -99.22726, 19.28172 ] ] ] } },
{ "type": "Feature", "properties": { "colonia": "LOMAS ESTRELLA 2A SECC II", "alcaldia": "IZTAPALAPA", "cveut": "07-286" }, "geometry": { "type": "Polygon", "coordinates": [ [ [ -99.09439, 19.31382 ], [ -99.09441, 19.31315 ], [ -99.09873, 19.31871 ], [ -99.09803, 19.3226 ], [ -99.08943, 19.32105 ], [ -99.08983, 19.31922 ], [ -99.09122, 19.31946 ], [ -99.09111, 19.31672 ], [ -99.09369, 19.31717 ], [ -99.09388, 19.31619 ], [ -99.08904, 19.31532 ], [ -99.0901, 19.30886 ], [ -99.09439, 19.31382 ] ] ] } },
{ "type": "Feature", "properties": { "colonia": "LOS REYES (AMPL)", "alcaldia": "IZTAPALAPA", "cveut": "07-134" }, "geometry": { "type": "Polygon", "coordinates": [ [ [ -99.10676, 19.34937 ], [ -99.10598, 19.34925 ], [ -99.1063, 19.34847 ], [ -99.09381, 19.34505 ], [ -99.0939, 19.34004 ], [ -99.10769, 19.34385 ], [ -99.10676, 19.34937 ] ] ] } },
{ "type": "Feature", "properties": { "colonia": "LOMAS DE BEZARES I", "alcaldia": "MIGUEL HIDALGO", "cveut": "16-041" }, "geometry": { "type": "Polygon", "coordinates": [ [ [ -99.24449, 19.39662 ], [ -99.24256, 19.39761 ], [ -99.24072, 19.40075 ], [ -99.23925, 19.40123 ], [ -99.24096, 19.39706 ], [ -99.23967, 19.39718 ], [ -99.24023, 19.39624 ], [ -99.23983, 19.39565 ], [ -99.23871, 19.39732 ], [ -99.2371, 19.39677 ], [ -99.23957, 19.39448 ], [ -99.2391, 19.39102 ], [ -99.23985, 19.38889 ], [ -99.24289, 19.38697 ], [ -99.24391, 19.38897 ], [ -99.24739, 19.38923 ], [ -99.24626, 19.39387 ], [ -99.24706, 19.3942 ], [ -99.24524, 19.39495 ], [ -99.24449, 19.39662 ] ] ] } },
{ "type": "Feature", "properties": { "colonia": "SANTA CATARINA (BARR)", "alcaldia": "COYOACAN", "cveut": "03-106" }, "geometry": { "type": "Polygon", "coordinates": [ [ [ -99.16591, 19.34927 ], [ -99.1678, 19.345 ], [ -99.18087, 19.3469 ], [ -99.18011, 19.34951 ], [ -99.17753, 19.35189 ], [ -99.16969, 19.35114 ], [ -99.17039, 19.34946 ], [ -99.16591, 19.34927 ] ] ] } },
{ "type": "Feature", "properties": { "colonia": "EL OCOTAL", "alcaldia": "LA MAGDALENA CONTRERAS", "cveut": "08-009" }, "geometry": { "type": "Polygon", "coordinates": [ [ [ -99.25683, 19.30209 ], [ -99.25879, 19.30193 ], [ -99.25932, 19.29815 ], [ -99.26498, 19.29313 ], [ -99.26407, 19.29085 ], [ -99.2664, 19.29016 ], [ -99.26728, 19.29273 ], [ -99.26599, 19.29323 ], [ -99.267, 19.29711 ], [ -99.2644, 19.29877 ], [ -99.2615, 19.30608 ], [ -99.25858, 19.30616 ], [ -99.25667, 19.30371 ], [ -99.25683, 19.30209 ] ] ] } },
{ "type": "Feature", "properties": { "colonia": "SAN MIGUEL CHAPULTEPEC I", "alcaldia": "MIGUEL HIDALGO", "cveut": "16-094" }, "geometry": { "type": "Polygon", "coordinates": [ [ [ -99.19552, 19.4205 ], [ -99.18947, 19.42111 ], [ -99.19062, 19.41967 ], [ -99.19027, 19.41785 ], [ -99.18788, 19.41668 ], [ -99.1878, 19.41402 ], [ -99.18468, 19.41345 ], [ -99.18587, 19.41007 ], [ -99.18796, 19.40997 ], [ -99.18792, 19.4078 ], [ -99.18961, 19.40774 ], [ -99.19286, 19.41396 ], [ -99.19354, 19.41232 ], [ -99.19344, 19.41455 ], [ -99.19552, 19.4205 ] ] ] } },
{ "type": "Feature", "properties": { "colonia": "AYOCATITLA,  ASUNCIÓN", "alcaldia": "TLALPAN", "cveut": "12-011" }, "geometry": { "type": "Polygon", "coordinates": [ [ [ -99.14604, 19.1904 ], [ -99.14412, 19.18544 ], [ -99.14398, 19.18211 ], [ -99.14485, 19.18065 ], [ -99.14769, 19.17933 ], [ -99.15261, 19.18136 ], [ -99.14963, 19.19061 ], [ -99.14712, 19.18977 ], [ -99.14604, 19.1904 ] ] ] } },
{ "type": "Feature", "properties": { "colonia": "POLANCO REFORMA (POLANCO)", "alcaldia": "MIGUEL HIDALGO", "cveut": "16-065" }, "geometry": { "type": "Polygon", "coordinates": [ [ [ -99.19048, 19.43776 ], [ -99.19118, 19.43136 ], [ -99.202, 19.43212 ], [ -99.20099, 19.43824 ], [ -99.19048, 19.43776 ] ] ] } },
{ "type": "Feature", "properties": { "colonia": "SAN ANTONIO (BARR)", "alcaldia": "IZTAPALAPA", "cveut": "07-177" }, "geometry": { "type": "Polygon", "coordinates": [ [ [ -99.07386, 19.31131 ], [ -99.06986, 19.31056 ], [ -99.06874, 19.30847 ], [ -99.07176, 19.2992 ], [ -99.07437, 19.29942 ], [ -99.07327, 19.30201 ], [ -99.07896, 19.30492 ], [ -99.07386, 19.31131 ] ] ] } },
{ "type": "Feature", "properties": { "colonia": "HEROES DE PADIERNA I", "alcaldia": "TLALPAN", "cveut": "12-209" }, "geometry": { "type": "Polygon", "coordinates": [ [ [ -99.22726, 19.28172 ], [ -99.22742, 19.28313 ], [ -99.22941, 19.283 ], [ -99.2297, 19.28858 ], [ -99.21759, 19.28951 ], [ -99.21851, 19.2866 ], [ -99.21765, 19.28388 ], [ -99.21932, 19.28372 ], [ -99.21918, 19.28234 ], [ -99.22042, 19.28226 ], [ -99.22066, 19.28506 ], [ -99.22193, 19.28496 ], [ -99.22203, 19.28635 ], [ -99.22392, 19.2862 ], [ -99.22345, 19.2807 ], [ -99.22726, 19.28172 ] ] ] } },
{ "type": "Feature", "properties": { "colonia": "LOS CERRILLOS II", "alcaldia": "XOCHIMILCO", "cveut": "13-026" }, "geometry": { "type": "Polygon", "coordinates": [ [ [ -99.01924, 19.24523 ], [ -99.01652, 19.24932 ], [ -99.01114, 19.2482 ], [ -99.01107, 19.24616 ], [ -99.01233, 19.24649 ], [ -99.01259, 19.24472 ], [ -99.01391, 19.24506 ], [ -99.01538, 19.24103 ], [ -99.01702, 19.24059 ], [ -99.01829, 19.23785 ], [ -99.01946, 19.23823 ], [ -99.01926, 19.23932 ], [ -99.02366, 19.23896 ], [ -99.02097, 19.24511 ], [ -99.01924, 19.24523 ] ] ] } },
{ "type": "Feature", "properties": { "colonia": "MIGUEL HIDALGO OTE", "alcaldia": "TLAHUAC", "cveut": "11-026" }, "geometry": { "type": "Polygon", "coordinates": [ [ [ -99.0466, 19.28672 ], [ -99.04673, 19.29766 ], [ -99.04199, 19.2981 ], [ -99.04006, 19.28506 ], [ -99.0466, 19.28672 ] ] ] } },
{ "type": "Feature", "properties": { "colonia": "SAN JUAN DE ARAGON 2A SECCION (U HAB) I", "alcaldia": "GUSTAVO A. MADERO", "cveut": "05-243" }, "geometry": { "type": "Polygon", "coordinates": [ [ [ -99.08898, 19.45576 ], [ -99.08012, 19.45266 ], [ -99.07913, 19.45095 ], [ -99.08702, 19.44573 ], [ -99.091, 19.44984 ], [ -99.08898, 19.45576 ] ] ] } },
{ "type": "Feature", "properties": { "colonia": "STA MARTHA ACATITLA NTE (AMPL) II", "alcaldia": "IZTAPALAPA", "cveut": "07-300" }, "geometry": { "type": "Polygon", "coordinates": [ [ [ -99.01513, 19.38095 ], [ -99.00792, 19.37689 ], [ -99.01019, 19.37172 ], [ -99.00867, 19.37077 ], [ -99.01013, 19.36886 ], [ -99.00756, 19.3669 ], [ -99.01834, 19.37506 ], [ -99.01513, 19.38095 ] ] ] } },
{ "type": "Feature", "properties": { "colonia": "ANZURES", "alcaldia": "MIGUEL HIDALGO", "cveut": "16-013" }, "geometry": { "type": "Polygon", "coordinates": [ [ [ -99.17359, 19.43306 ], [ -99.17186, 19.43338 ], [ -99.17809, 19.42373 ], [ -99.1836, 19.43832 ], [ -99.17359, 19.43306 ] ] ] } },
{ "type": "Feature", "properties": { "colonia": "SAN JUAN TLIHUACA (PBLO)", "alcaldia": "AZCAPOTZALCO", "cveut": "02-079" }, "geometry": { "type": "Polygon", "coordinates": [ [ [ -99.20108, 19.48866 ], [ -99.20335, 19.48369 ], [ -99.2088, 19.48514 ], [ -99.2068, 19.49499 ], [ -99.20022, 19.49323 ], [ -99.20108, 19.48866 ] ] ] } },
{ "type": "Feature", "properties": { "colonia": "SANTA MARIA LA RIBERA IV", "alcaldia": "CUAUHTEMOC", "cveut": "15-078" }, "geometry": { "type": "Polygon", "coordinates": [ [ [ -99.16464, 19.44826 ], [ -99.15325, 19.44635 ], [ -99.15565, 19.43978 ], [ -99.16558, 19.44342 ], [ -99.16464, 19.44826 ] ] ] } },
{ "type": "Feature", "properties": { "colonia": "CENTRO VI", "alcaldia": "CUAUHTEMOC", "cveut": "15-042" }, "geometry": { "type": "Polygon", "coordinates": [ [ [ -99.142, 19.42691 ], [ -99.13088, 19.42629 ], [ -99.13075, 19.42712 ], [ -99.12858, 19.42781 ], [ -99.12872, 19.42686 ], [ -99.12563, 19.42565 ], [ -99.12596, 19.42306 ], [ -99.13333, 19.42369 ], [ -99.13364, 19.42228 ], [ -99.14312, 19.42223 ], [ -99.142, 19.42691 ] ] ] } },
{ "type": "Feature", "properties": { "colonia": "TEPEPAN (AMPL)", "alcaldia": "XOCHIMILCO", "cveut": "13-069" }, "geometry": { "type": "Polygon", "coordinates": [ [ [ -99.12757, 19.26634 ], [ -99.12899, 19.26171 ], [ -99.13289, 19.25993 ], [ -99.13323, 19.25765 ], [ -99.13418, 19.25783 ], [ -99.13456, 19.26065 ], [ -99.14228, 19.26244 ], [ -99.14246, 19.2634 ], [ -99.1381, 19.26319 ], [ -99.13785, 19.26604 ], [ -99.13616, 19.26687 ], [ -99.13567, 19.26625 ], [ -99.13028, 19.26722 ], [ -99.13017, 19.26639 ], [ -99.12757, 19.26634 ] ] ] } },
{ "type": "Feature", "properties": { "colonia": "SOLIDARIDAD NACIONAL", "alcaldia": "GUSTAVO A. MADERO", "cveut": "05-177" }, "geometry": { "type": "Polygon", "coordinates": [ [ [ -99.15756, 19.53022 ], [ -99.15573, 19.53229 ], [ -99.15915, 19.53402 ], [ -99.15392, 19.54024 ], [ -99.14866, 19.53446 ], [ -99.14924, 19.53245 ], [ -99.15145, 19.52941 ], [ -99.15756, 19.53022 ] ] ] } },
{ "type": "Feature", "properties": { "colonia": "TACUBA", "alcaldia": "MIGUEL HIDALGO", "cveut": "16-077" }, "geometry": { "type": "Polygon", "coordinates": [ [ [ -99.19025, 19.46176 ], [ -99.18201, 19.45946 ], [ -99.1841, 19.45165 ], [ -99.19184, 19.45335 ], [ -99.18972, 19.45931 ], [ -99.19025, 19.46176 ] ] ] } },
{ "type": "Feature", "properties": { "colonia": "MOCTEZUMA 2A SECCION I", "alcaldia": "VENUSTIANO CARRANZA", "cveut": "17-079" }, "geometry": { "type": "Polygon", "coordinates": [ [ [ -99.09327, 19.44107 ], [ -99.08799, 19.43905 ], [ -99.08875, 19.43597 ], [ -99.08799, 19.4353 ], [ -99.08908, 19.43332 ], [ -99.09358, 19.43559 ], [ -99.09538, 19.43235 ], [ -99.09653, 19.43261 ], [ -99.09895, 19.43416 ], [ -99.09808, 19.43576 ], [ -99.10013, 19.43794 ], [ -99.09327, 19.44107 ] ] ] } },
{ "type": "Feature", "properties": { "colonia": "LOMAS DE ZARAGOZA", "alcaldia": "IZTAPALAPA", "cveut": "07-125" }, "geometry": { "type": "Polygon", "coordinates": [ [ [ -98.99345, 19.35476 ], [ -98.99433, 19.3548 ], [ -98.99538, 19.34798 ], [ -99.00171, 19.3492 ], [ -99.00088, 19.35201 ], [ -99.00197, 19.35286 ], [ -99.00056, 19.35313 ], [ -99.00057, 19.35535 ], [ -99.00158, 19.35567 ], [ -98.9992, 19.35642 ], [ -98.99896, 19.35863 ], [ -98.99992, 19.3585 ], [ -98.99777, 19.35923 ], [ -98.99536, 19.35856 ], [ -98.99258, 19.35639 ], [ -98.99345, 19.35476 ] ] ] } },
{ "type": "Feature", "properties": { "colonia": "LA PURISIMA TICOMAN (BARR)", "alcaldia": "GUSTAVO A. MADERO", "cveut": "05-111" }, "geometry": { "type": "Polygon", "coordinates": [ [ [ -99.12962, 19.50577 ], [ -99.14133, 19.51283 ], [ -99.14344, 19.51626 ], [ -99.14305, 19.51784 ], [ -99.13451, 19.51769 ], [ -99.135, 19.51385 ], [ -99.12962, 19.50577 ] ] ] } },
{ "type": "Feature", "properties": { "colonia": "COLA DE PATO", "alcaldia": "CUAJIMALPA DE MORELOS", "cveut": "04-008" }, "geometry": { "type": "Polygon", "coordinates": [ [ [ -99.3458, 19.29904 ], [ -99.34762, 19.29927 ], [ -99.34953, 19.29674 ], [ -99.35038, 19.29665 ], [ -99.34749, 19.30016 ], [ -99.34616, 19.30504 ], [ -99.34342, 19.30848 ], [ -99.34208, 19.3096 ], [ -99.34137, 19.30807 ], [ -99.34091, 19.30919 ], [ -99.33829, 19.31044 ], [ -99.33724, 19.30822 ], [ -99.33634, 19.31023 ], [ -99.33503, 19.3082 ], [ -99.33802, 19.30402 ], [ -99.34044, 19.30413 ], [ -99.34332, 19.30271 ], [ -99.3458, 19.29904 ] ] ] } },
{ "type": "Feature", "properties": { "colonia": "SAN JUAN DE ARAGON 7 SECC (U HAB) I", "alcaldia": "GUSTAVO A. MADERO", "cveut": "05-247" }, "geometry": { "type": "Polygon", "coordinates": [ [ [ -99.08042, 19.46717 ], [ -99.0765, 19.48101 ], [ -99.06892, 19.4735 ], [ -99.07016, 19.47386 ], [ -99.07074, 19.47163 ], [ -99.07603, 19.47256 ], [ -99.07715, 19.46697 ], [ -99.08042, 19.46717 ] ] ] } },
{ "type": "Feature", "properties": { "colonia": "ROMA SUR I", "alcaldia": "CUAUHTEMOC", "cveut": "15-071" }, "geometry": { "type": "Polygon", "coordinates": [ [ [ -99.15965, 19.41191 ], [ -99.1548, 19.4118 ], [ -99.15512, 19.40751 ], [ -99.15699, 19.40741 ], [ -99.15678, 19.40652 ], [ -99.16848, 19.40593 ], [ -99.16697, 19.41048 ], [ -99.15965, 19.41191 ] ] ] } },
{ "type": "Feature", "properties": { "colonia": "LA CONCHA", "alcaldia": "XOCHIMILCO", "cveut": "13-021" }, "geometry": { "type": "Polygon", "coordinates": [ [ [ -99.12386, 19.25922 ], [ -99.11613, 19.25333 ], [ -99.1135, 19.2553 ], [ -99.1132, 19.25431 ], [ -99.10876, 19.2529 ], [ -99.11077, 19.2497 ], [ -99.1181, 19.24785 ], [ -99.12386, 19.25922 ] ] ] } },
{ "type": "Feature", "properties": { "colonia": "JARDINES DEL SUR", "alcaldia": "XOCHIMILCO", "cveut": "13-015" }, "geometry": { "type": "Polygon", "coordinates": [ [ [ -99.1207, 19.25701 ], [ -99.11883, 19.26163 ], [ -99.12003, 19.26218 ], [ -99.11949, 19.26335 ], [ -99.11672, 19.26195 ], [ -99.11609, 19.26311 ], [ -99.11267, 19.26154 ], [ -99.11028, 19.25735 ], [ -99.11613, 19.25333 ], [ -99.1207, 19.25701 ] ] ] } },
{ "type": "Feature", "properties": { "colonia": "ATOCPA SUR", "alcaldia": "TLALPAN", "cveut": "12-010" }, "geometry": { "type": "Polygon", "coordinates": [ [ [ -99.19235, 19.25511 ], [ -99.1885, 19.25436 ], [ -99.18821, 19.25354 ], [ -99.18609, 19.25404 ], [ -99.18524, 19.25305 ], [ -99.18657, 19.25188 ], [ -99.18934, 19.25179 ], [ -99.1972, 19.25424 ], [ -99.20027, 19.2589 ], [ -99.19727, 19.26192 ], [ -99.19573, 19.2615 ], [ -99.19262, 19.25986 ], [ -99.19235, 19.25511 ] ] ] } },
{ "type": "Feature", "properties": { "colonia": "SAN JOSE OBRERO", "alcaldia": "XOCHIMILCO", "cveut": "13-045" }, "geometry": { "type": "Polygon", "coordinates": [ [ [ -99.07935, 19.23084 ], [ -99.07554, 19.23942 ], [ -99.07429, 19.23959 ], [ -99.07397, 19.23823 ], [ -99.07147, 19.23637 ], [ -99.07252, 19.23294 ], [ -99.0689, 19.23071 ], [ -99.06964, 19.22844 ], [ -99.06851, 19.22672 ], [ -99.07161, 19.2273 ], [ -99.07509, 19.22965 ], [ -99.07509, 19.23105 ], [ -99.07935, 19.23084 ] ] ] } },
{ "type": "Feature", "properties": { "colonia": "AJUSCO III", "alcaldia": "COYOACAN", "cveut": "03-130" }, "geometry": { "type": "Polygon", "coordinates": [ [ [ -99.17083, 19.31238 ], [ -99.16655, 19.31858 ], [ -99.16204, 19.31517 ], [ -99.15946, 19.31809 ], [ -99.15802, 19.31472 ], [ -99.16174, 19.31335 ], [ -99.16373, 19.30816 ], [ -99.17083, 19.31238 ] ] ] } },
{ "type": "Feature", "properties": { "colonia": "STA MARTHA ACATITLA NTE (AMPL) I", "alcaldia": "IZTAPALAPA", "cveut": "07-299" }, "geometry": { "type": "Polygon", "coordinates": [ [ [ -99.01583, 19.37262 ], [ -99.02662, 19.38036 ], [ -99.02356, 19.38505 ], [ -99.01513, 19.38095 ], [ -99.01834, 19.37506 ], [ -99.01583, 19.37262 ] ] ] } },
{ "type": "Feature", "properties": { "colonia": "ALIANZA POPULAR REVOLUCIONARIA NORTE (U HAB)", "alcaldia": "COYOACAN", "cveut": "03-131" }, "geometry": { "type": "Polygon", "coordinates": [ [ [ -99.12997, 19.32141 ], [ -99.12874, 19.32452 ], [ -99.12253, 19.32016 ], [ -99.11939, 19.31965 ], [ -99.11369, 19.32067 ], [ -99.11141, 19.3157 ], [ -99.12439, 19.31694 ], [ -99.12526, 19.31933 ], [ -99.12997, 19.32141 ] ] ] } },
{ "type": "Feature", "properties": { "colonia": "NUEVA SANTA MARIA", "alcaldia": "AZCAPOTZALCO", "cveut": "02-052" }, "geometry": { "type": "Polygon", "coordinates": [ [ [ -99.16521, 19.46253 ], [ -99.16443, 19.46123 ], [ -99.16558, 19.45853 ], [ -99.16494, 19.4566 ], [ -99.16813, 19.45713 ], [ -99.1731, 19.46548 ], [ -99.17271, 19.46746 ], [ -99.16394, 19.46602 ], [ -99.16266, 19.46415 ], [ -99.16358, 19.46429 ], [ -99.16521, 19.46253 ] ] ] } },
{ "type": "Feature", "properties": { "colonia": "LOS OLIVOS", "alcaldia": "TLAHUAC", "cveut": "11-024" }, "geometry": { "type": "Polygon", "coordinates": [ [ [ -99.05417, 19.3023 ], [ -99.0561, 19.29681 ], [ -99.05765, 19.29797 ], [ -99.0615, 19.29407 ], [ -99.06141, 19.29724 ], [ -99.06027, 19.29783 ], [ -99.06317, 19.30265 ], [ -99.0626, 19.30545 ], [ -99.05782, 19.30386 ], [ -99.05434, 19.30812 ], [ -99.05286, 19.30699 ], [ -99.05602, 19.30299 ], [ -99.05417, 19.3023 ] ] ] } },
{ "type": "Feature", "properties": { "colonia": "3 DE MAYO", "alcaldia": "TLAHUAC", "cveut": "11-054" }, "geometry": { "type": "Polygon", "coordinates": [ [ [ -98.99758, 19.2964 ], [ -98.99798, 19.29844 ], [ -98.99722, 19.29912 ], [ -98.99414, 19.29829 ], [ -98.9908, 19.30075 ], [ -98.98782, 19.30065 ], [ -98.9873, 19.30173 ], [ -98.98443, 19.30048 ], [ -98.9847, 19.29847 ], [ -98.99201, 19.2934 ], [ -98.99622, 19.29393 ], [ -98.99593, 19.29556 ], [ -98.99758, 19.2964 ] ] ] } },
{ "type": "Feature", "properties": { "colonia": "CTM VI CULHUACAN (U HAB)", "alcaldia": "COYOACAN", "cveut": "03-030" }, "geometry": { "type": "Polygon", "coordinates": [ [ [ -99.11672, 19.32664 ], [ -99.11652, 19.32854 ], [ -99.11349, 19.32827 ], [ -99.11351, 19.32072 ], [ -99.11966, 19.31965 ], [ -99.12359, 19.32083 ], [ -99.1229, 19.3243 ], [ -99.12098, 19.32413 ], [ -99.1208, 19.32629 ], [ -99.11672, 19.32664 ] ] ] } },
{ "type": "Feature", "properties": { "colonia": "MILITAR MARTE", "alcaldia": "IZTACALCO", "cveut": "06-019" }, "geometry": { "type": "Polygon", "coordinates": [ [ [ -99.13408, 19.38456 ], [ -99.12236, 19.38248 ], [ -99.12244, 19.37777 ], [ -99.13514, 19.37936 ], [ -99.13408, 19.38456 ] ] ] } },
{ "type": "Feature", "properties": { "colonia": "PEDREGAL DE SN NICOLAS 4A SECC II", "alcaldia": "TLALPAN", "cveut": "12-214" }, "geometry": { "type": "Polygon", "coordinates": [ [ [ -99.23701, 19.28239 ], [ -99.22941, 19.283 ], [ -99.22894, 19.27564 ], [ -99.23409, 19.27432 ], [ -99.23404, 19.27699 ], [ -99.23887, 19.27639 ], [ -99.23895, 19.28072 ], [ -99.23772, 19.28081 ], [ -99.23762, 19.27943 ], [ -99.23621, 19.27962 ], [ -99.23701, 19.28239 ] ] ] } },
{ "type": "Feature", "properties": { "colonia": "LETRAN VALLE", "alcaldia": "BENITO JUAREZ", "cveut": "14-021" }, "geometry": { "type": "Polygon", "coordinates": [ [ [ -99.1593, 19.37967 ], [ -99.1485, 19.37765 ], [ -99.14942, 19.37299 ], [ -99.16241, 19.37463 ], [ -99.1593, 19.37967 ] ] ] } },
{ "type": "Feature", "properties": { "colonia": "PANTITLAN III", "alcaldia": "IZTACALCO", "cveut": "06-058" }, "geometry": { "type": "Polygon", "coordinates": [ [ [ -99.07195, 19.41669 ], [ -99.06842, 19.41566 ], [ -99.06962, 19.40449 ], [ -99.0771, 19.40854 ], [ -99.07195, 19.41669 ] ] ] } },
{ "type": "Feature", "properties": { "colonia": "DEL VALLE II", "alcaldia": "BENITO JUAREZ", "cveut": "14-054" }, "geometry": { "type": "Polygon", "coordinates": [ [ [ -99.17161, 19.39609 ], [ -99.16111, 19.39411 ], [ -99.16221, 19.38828 ], [ -99.17319, 19.39116 ], [ -99.17161, 19.39609 ] ] ] } },
{ "type": "Feature", "properties": { "colonia": "DEL VALLE I", "alcaldia": "BENITO JUAREZ", "cveut": "14-053" }, "geometry": { "type": "Polygon", "coordinates": [ [ [ -99.16276, 19.40224 ], [ -99.16254, 19.4012 ], [ -99.16059, 19.40129 ], [ -99.16111, 19.39411 ], [ -99.17161, 19.39609 ], [ -99.1705, 19.39979 ], [ -99.16276, 19.40224 ] ] ] } },
{ "type": "Feature", "properties": { "colonia": "AJUSCO I", "alcaldia": "COYOACAN", "cveut": "03-128" }, "geometry": { "type": "Polygon", "coordinates": [ [ [ -99.15854, 19.33038 ], [ -99.15679, 19.32987 ], [ -99.15716, 19.32939 ], [ -99.15198, 19.32525 ], [ -99.15334, 19.32371 ], [ -99.1524, 19.32324 ], [ -99.15332, 19.32121 ], [ -99.15229, 19.32042 ], [ -99.15046, 19.32197 ], [ -99.14923, 19.32167 ], [ -99.15034, 19.32007 ], [ -99.15613, 19.31915 ], [ -99.15527, 19.32011 ], [ -99.16178, 19.3255 ], [ -99.15854, 19.33038 ] ] ] } },
{ "type": "Feature", "properties": { "colonia": "PANTITLAN IV", "alcaldia": "IZTACALCO", "cveut": "06-059" }, "geometry": { "type": "Polygon", "coordinates": [ [ [ -99.0666, 19.41353 ], [ -99.06245, 19.41344 ], [ -99.06377, 19.40112 ], [ -99.06962, 19.40449 ], [ -99.06894, 19.41095 ], [ -99.06689, 19.4107 ], [ -99.0666, 19.41353 ] ] ] } },
{ "type": "Feature", "properties": { "colonia": "GUADALUPE TEPEYAC", "alcaldia": "GUSTAVO A. MADERO", "cveut": "05-074" }, "geometry": { "type": "Polygon", "coordinates": [ [ [ -99.12542, 19.46402 ], [ -99.12157, 19.47327 ], [ -99.11476, 19.47083 ], [ -99.12019, 19.46279 ], [ -99.12542, 19.46402 ] ] ] } },
{ "type": "Feature", "properties": { "colonia": "PEDREGAL DE SN NICOLAS 1A SECC", "alcaldia": "TLALPAN", "cveut": "12-117" }, "geometry": { "type": "Polygon", "coordinates": [ [ [ -99.23109, 19.29948 ], [ -99.22993, 19.29138 ], [ -99.23979, 19.29067 ], [ -99.2397, 19.28924 ], [ -99.24286, 19.28929 ], [ -99.24288, 19.2917 ], [ -99.24127, 19.29404 ], [ -99.23593, 19.29447 ], [ -99.2327, 19.29735 ], [ -99.23271, 19.29978 ], [ -99.23109, 19.29948 ] ] ] } },
{ "type": "Feature", "properties": { "colonia": "XALPA", "alcaldia": "CUAJIMALPA DE MORELOS", "cveut": "04-051" }, "geometry": { "type": "Polygon", "coordinates": [ [ [ -99.33109, 19.30212 ], [ -99.33254, 19.31576 ], [ -99.33198, 19.31807 ], [ -99.33051, 19.3189 ], [ -99.32733, 19.31439 ], [ -99.32723, 19.3118 ], [ -99.32752, 19.30719 ], [ -99.32893, 19.30603 ], [ -99.32876, 19.30339 ], [ -99.33109, 19.30212 ] ] ] } },
{ "type": "Feature", "properties": { "colonia": "PUEBLO SANTA URSULA COAPA", "alcaldia": "COYOACAN", "cveut": "03-109" }, "geometry": { "type": "Polygon", "coordinates": [ [ [ -99.14557, 19.31327 ], [ -99.14352, 19.31627 ], [ -99.13982, 19.31491 ], [ -99.14177, 19.30917 ], [ -99.14644, 19.30267 ], [ -99.15032, 19.30535 ], [ -99.14841, 19.30892 ], [ -99.14533, 19.30924 ], [ -99.14557, 19.31327 ] ] ] } },
{ "type": "Feature", "properties": { "colonia": "MIGUEL HIDALGO", "alcaldia": "TLAHUAC", "cveut": "11-025" }, "geometry": { "type": "Polygon", "coordinates": [ [ [ -99.05306, 19.29461 ], [ -99.04859, 19.30011 ], [ -99.04162, 19.29954 ], [ -99.04199, 19.2981 ], [ -99.04673, 19.29766 ], [ -99.04659, 19.28657 ], [ -99.05143, 19.28761 ], [ -99.04851, 19.29129 ], [ -99.05306, 19.29461 ] ] ] } },
{ "type": "Feature", "properties": { "colonia": "ROMA NORTE II", "alcaldia": "CUAUHTEMOC", "cveut": "15-069" }, "geometry": { "type": "Polygon", "coordinates": [ [ [ -99.16234, 19.42374 ], [ -99.15367, 19.42577 ], [ -99.15425, 19.41919 ], [ -99.16481, 19.41716 ], [ -99.16234, 19.42374 ] ] ] } },
{ "type": "Feature", "properties": { "colonia": "ROMA SUR II", "alcaldia": "CUAUHTEMOC", "cveut": "15-072" }, "geometry": { "type": "Polygon", "coordinates": [ [ [ -99.15512, 19.40751 ], [ -99.15539, 19.40406 ], [ -99.17035, 19.39982 ], [ -99.16848, 19.40593 ], [ -99.15678, 19.40652 ], [ -99.15699, 19.40741 ], [ -99.15512, 19.40751 ] ] ] } },
{ "type": "Feature", "properties": { "colonia": "DEL VALLE IV", "alcaldia": "BENITO JUAREZ", "cveut": "14-056" }, "geometry": { "type": "Polygon", "coordinates": [ [ [ -99.17162, 19.38609 ], [ -99.16035, 19.3834 ], [ -99.1593, 19.37967 ], [ -99.1598, 19.37852 ], [ -99.1613, 19.3793 ], [ -99.16093, 19.38083 ], [ -99.16387, 19.38149 ], [ -99.16426, 19.37993 ], [ -99.17036, 19.38128 ], [ -99.17098, 19.37901 ], [ -99.17678, 19.38016 ], [ -99.17288, 19.38147 ], [ -99.17162, 19.38609 ] ] ] } },
{ "type": "Feature", "properties": { "colonia": "LEYES DE REFORMA 1A SECCION", "alcaldia": "IZTAPALAPA", "cveut": "07-119" }, "geometry": { "type": "Polygon", "coordinates": [ [ [ -99.07457, 19.36609 ], [ -99.07123, 19.36552 ], [ -99.07095, 19.36612 ], [ -99.06671, 19.36427 ], [ -99.06966, 19.35489 ], [ -99.07237, 19.35532 ], [ -99.07214, 19.35644 ], [ -99.07408, 19.35883 ], [ -99.07457, 19.36609 ] ] ] } },
{ "type": "Feature", "properties": { "colonia": "DOCTORES IV", "alcaldia": "CUAUHTEMOC", "cveut": "15-048" }, "geometry": { "type": "Polygon", "coordinates": [ [ [ -99.15444, 19.41688 ], [ -99.15078, 19.4166 ], [ -99.15062, 19.41754 ], [ -99.14806, 19.41636 ], [ -99.14977, 19.40685 ], [ -99.15519, 19.40658 ], [ -99.15444, 19.41688 ] ] ] } },
{ "type": "Feature", "properties": { "colonia": "XALPA III", "alcaldia": "IZTAPALAPA", "cveut": "07-307" }, "geometry": { "type": "Polygon", "coordinates": [ [ [ -99.01745, 19.33356 ], [ -99.022, 19.33499 ], [ -99.02163, 19.33694 ], [ -99.02045, 19.33673 ], [ -99.02055, 19.34034 ], [ -99.01956, 19.34029 ], [ -99.02099, 19.34521 ], [ -99.01824, 19.34585 ], [ -99.01739, 19.34426 ], [ -99.0161, 19.34418 ], [ -99.0162, 19.34297 ], [ -99.01471, 19.34285 ], [ -99.01567, 19.34083 ], [ -99.01659, 19.34093 ], [ -99.01694, 19.33787 ], [ -99.01602, 19.33885 ], [ -99.01404, 19.33868 ], [ -99.01355, 19.33645 ], [ -99.01513, 19.33448 ], [ -99.01745, 19.33356 ] ] ] } },
{ "type": "Feature", "properties": { "colonia": "SAN JUAN DE ARAGON 1A SECCION (U HAB) I", "alcaldia": "GUSTAVO A. MADERO", "cveut": "05-241" }, "geometry": { "type": "Polygon", "coordinates": [ [ [ -99.091, 19.44984 ], [ -99.09886, 19.45672 ], [ -99.09814, 19.45882 ], [ -99.09372, 19.45738 ], [ -99.09186, 19.46227 ], [ -99.08997, 19.46161 ], [ -99.09096, 19.45903 ], [ -99.08827, 19.45829 ], [ -99.08771, 19.45911 ], [ -99.091, 19.44984 ] ] ] } },
{ "type": "Feature", "properties": { "colonia": "LA CASILDA", "alcaldia": "GUSTAVO A. MADERO", "cveut": "05-094" }, "geometry": { "type": "Polygon", "coordinates": [ [ [ -99.12298, 19.55201 ], [ -99.12541, 19.55154 ], [ -99.12678, 19.55224 ], [ -99.12519, 19.55449 ], [ -99.12669, 19.55641 ], [ -99.13004, 19.55803 ], [ -99.1292, 19.55958 ], [ -99.12419, 19.55816 ], [ -99.12292, 19.55867 ], [ -99.12278, 19.55748 ], [ -99.11703, 19.55682 ], [ -99.11701, 19.55451 ], [ -99.1202, 19.55096 ], [ -99.12234, 19.55073 ], [ -99.12298, 19.55201 ] ] ] } },
{ "type": "Feature", "properties": { "colonia": "ANAHUAC I", "alcaldia": "MIGUEL HIDALGO", "cveut": "16-088" }, "geometry": { "type": "Polygon", "coordinates": [ [ [ -99.18232, 19.44796 ], [ -99.18182, 19.45117 ], [ -99.17163, 19.44885 ], [ -99.16859, 19.44518 ], [ -99.1697, 19.44305 ], [ -99.17102, 19.44395 ], [ -99.17903, 19.44502 ], [ -99.17868, 19.44796 ], [ -99.18031, 19.44737 ], [ -99.17998, 19.44516 ], [ -99.18232, 19.44796 ] ] ] } },
{ "type": "Feature", "properties": { "colonia": "MOCTEZUMA 2A SECCION III", "alcaldia": "VENUSTIANO CARRANZA", "cveut": "17-081" }, "geometry": { "type": "Polygon", "coordinates": [ [ [ -99.10013, 19.43794 ], [ -99.09808, 19.43576 ], [ -99.10035, 19.43276 ], [ -99.09831, 19.43178 ], [ -99.10045, 19.42906 ], [ -99.10149, 19.42959 ], [ -99.10219, 19.4283 ], [ -99.10065, 19.42752 ], [ -99.10215, 19.42606 ], [ -99.1081, 19.43473 ], [ -99.10013, 19.43794 ] ] ] } },
{ "type": "Feature", "properties": { "colonia": "GUADALUPE INN", "alcaldia": "ALVARO OBREGON", "cveut": "10-084" }, "geometry": { "type": "Polygon", "coordinates": [ [ [ -99.19042, 19.35072 ], [ -99.18904, 19.36308 ], [ -99.18554, 19.36162 ], [ -99.18281, 19.36211 ], [ -99.18665, 19.35034 ], [ -99.19042, 19.35072 ] ] ] } },
{ "type": "Feature", "properties": { "colonia": "CONDESA", "alcaldia": "CUAUHTEMOC", "cveut": "15-008" }, "geometry": { "type": "Polygon", "coordinates": [ [ [ -99.17408, 19.41147 ], [ -99.18114, 19.41143 ], [ -99.18089, 19.41076 ], [ -99.18235, 19.41139 ], [ -99.17709, 19.42019 ], [ -99.1719, 19.41597 ], [ -99.17001, 19.41586 ], [ -99.17152, 19.41322 ], [ -99.17408, 19.41147 ] ] ] } },
{ "type": "Feature", "properties": { "colonia": "TORRES DE POTRERO", "alcaldia": "ALVARO OBREGON", "cveut": "10-228" }, "geometry": { "type": "Polygon", "coordinates": [ [ [ -99.24953, 19.33342 ], [ -99.24354, 19.33243 ], [ -99.24136, 19.3303 ], [ -99.2427, 19.32926 ], [ -99.24247, 19.32779 ], [ -99.24432, 19.3286 ], [ -99.25416, 19.32698 ], [ -99.25684, 19.328 ], [ -99.25692, 19.32966 ], [ -99.25352, 19.33013 ], [ -99.24953, 19.33342 ] ] ] } },
{ "type": "Feature", "properties": { "colonia": "PANTITLAN I", "alcaldia": "IZTACALCO", "cveut": "06-056" }, "geometry": { "type": "Polygon", "coordinates": [ [ [ -99.07195, 19.41669 ], [ -99.06856, 19.4207 ], [ -99.05984, 19.42093 ], [ -99.05994, 19.41965 ], [ -99.0639, 19.41909 ], [ -99.06415, 19.41691 ], [ -99.06207, 19.41666 ], [ -99.06245, 19.41344 ], [ -99.0666, 19.41353 ], [ -99.06689, 19.4107 ], [ -99.06894, 19.41095 ], [ -99.06842, 19.41566 ], [ -99.07195, 19.41669 ] ] ] } },
{ "type": "Feature", "properties": { "colonia": "PROGRESO TIZAPAN", "alcaldia": "ALVARO OBREGON", "cveut": "10-182" }, "geometry": { "type": "Polygon", "coordinates": [ [ [ -99.21346, 19.33794 ], [ -99.20617, 19.3416 ], [ -99.20281, 19.34146 ], [ -99.20243, 19.34516 ], [ -99.19924, 19.34398 ], [ -99.19925, 19.34249 ], [ -99.19798, 19.34301 ], [ -99.19798, 19.34133 ], [ -99.19974, 19.33935 ], [ -99.20219, 19.33892 ], [ -99.20376, 19.33702 ], [ -99.21338, 19.33652 ], [ -99.21346, 19.33794 ] ] ] } },
{ "type": "Feature", "properties": { "colonia": "PEDREGAL DE SN NICOLAS 3A SECC", "alcaldia": "TLALPAN", "cveut": "12-119" }, "geometry": { "type": "Polygon", "coordinates": [ [ [ -99.24155, 19.28657 ], [ -99.22966, 19.28715 ], [ -99.22941, 19.283 ], [ -99.23707, 19.28288 ], [ -99.23783, 19.28184 ], [ -99.24029, 19.28199 ], [ -99.24489, 19.27959 ], [ -99.2434, 19.28111 ], [ -99.24358, 19.2822 ], [ -99.24198, 19.28318 ], [ -99.24295, 19.28418 ], [ -99.24155, 19.28657 ] ] ] } },
{ "type": "Feature", "properties": { "colonia": "LOMAS DE LA ERA", "alcaldia": "ALVARO OBREGON", "cveut": "10-132" }, "geometry": { "type": "Polygon", "coordinates": [ [ [ -99.2681, 19.31435 ], [ -99.26412, 19.32073 ], [ -99.26457, 19.32214 ], [ -99.26303, 19.32657 ], [ -99.26004, 19.32815 ], [ -99.25828, 19.32766 ], [ -99.25813, 19.32645 ], [ -99.25996, 19.32425 ], [ -99.25894, 19.32197 ], [ -99.26177, 19.31766 ], [ -99.26607, 19.31346 ], [ -99.2681, 19.31435 ] ] ] } },
{ "type": "Feature", "properties": { "colonia": "ESCUADRON 201", "alcaldia": "IZTAPALAPA", "cveut": "07-071" }, "geometry": { "type": "Polygon", "coordinates": [ [ [ -99.11429, 19.36334 ], [ -99.11284, 19.3696 ], [ -99.12228, 19.36927 ], [ -99.10836, 19.37005 ], [ -99.11144, 19.35666 ], [ -99.11573, 19.35704 ], [ -99.11437, 19.36291 ], [ -99.1156, 19.36305 ], [ -99.11429, 19.36334 ] ] ] } },
{ "type": "Feature", "properties": { "colonia": "DEL VALLE III", "alcaldia": "BENITO JUAREZ", "cveut": "14-055" }, "geometry": { "type": "Polygon", "coordinates": [ [ [ -99.17319, 19.39116 ], [ -99.16271, 19.38883 ], [ -99.16035, 19.3834 ], [ -99.17235, 19.3865 ], [ -99.17485, 19.38612 ], [ -99.17319, 19.39116 ] ] ] } },
{ "type": "Feature", "properties": { "colonia": "DOCTORES I", "alcaldia": "CUAUHTEMOC", "cveut": "15-045" }, "geometry": { "type": "Polygon", "coordinates": [ [ [ -99.14702, 19.42191 ], [ -99.1499, 19.42225 ], [ -99.14951, 19.42395 ], [ -99.15147, 19.42411 ], [ -99.1518, 19.42237 ], [ -99.15395, 19.42258 ], [ -99.15367, 19.42577 ], [ -99.14823, 19.42723 ], [ -99.14207, 19.4266 ], [ -99.14346, 19.41889 ], [ -99.14448, 19.41895 ], [ -99.14424, 19.42039 ], [ -99.14559, 19.42052 ], [ -99.14585, 19.4191 ], [ -99.14742, 19.41924 ], [ -99.14702, 19.42191 ] ] ] } },
{ "type": "Feature", "properties": { "colonia": "COMPOSITORES MEXICANOS", "alcaldia": "GUSTAVO A. MADERO", "cveut": "05-028" }, "geometry": { "type": "Polygon", "coordinates": [ [ [ -99.13513, 19.56517 ], [ -99.13521, 19.56351 ], [ -99.13756, 19.56453 ], [ -99.14032, 19.5636 ], [ -99.14086, 19.56222 ], [ -99.14508, 19.56443 ], [ -99.14673, 19.56615 ], [ -99.14599, 19.57147 ], [ -99.14005, 19.56926 ], [ -99.13513, 19.56517 ] ] ] } },
{ "type": "Feature", "properties": { "colonia": "ROMA NORTE I", "alcaldia": "CUAUHTEMOC", "cveut": "15-068" }, "geometry": { "type": "Polygon", "coordinates": [ [ [ -99.16534, 19.41551 ], [ -99.16741, 19.41673 ], [ -99.17164, 19.41586 ], [ -99.17656, 19.42033 ], [ -99.16353, 19.42335 ], [ -99.16534, 19.41551 ] ] ] } },
{ "type": "Feature", "properties": { "colonia": "LOMAS DE  PADIERNA I", "alcaldia": "TLALPAN", "cveut": "12-211" }, "geometry": { "type": "Polygon", "coordinates": [ [ [ -99.22415, 19.28896 ], [ -99.2297, 19.28858 ], [ -99.23085, 19.29942 ], [ -99.22499, 19.29851 ], [ -99.22415, 19.28896 ] ] ] } },
{ "type": "Feature", "properties": { "colonia": "SAN JOSE DE LOS CEDROS II", "alcaldia": "CUAJIMALPA DE MORELOS", "cveut": "04-059" }, "geometry": { "type": "Polygon", "coordinates": [ [ [ -99.29077, 19.37011 ], [ -99.28767, 19.37211 ], [ -99.2873, 19.37127 ], [ -99.28474, 19.37076 ], [ -99.28501, 19.36929 ], [ -99.28234, 19.36892 ], [ -99.28441, 19.36443 ], [ -99.29386, 19.35898 ], [ -99.29283, 19.36492 ], [ -99.28969, 19.36594 ], [ -99.28735, 19.36468 ], [ -99.28837, 19.36761 ], [ -99.28717, 19.3684 ], [ -99.28721, 19.36965 ], [ -99.29077, 19.37011 ] ] ] } },
{ "type": "Feature", "properties": { "colonia": "PARQUES DEL PEDREGAL", "alcaldia": "TLALPAN", "cveut": "12-114" }, "geometry": { "type": "Polygon", "coordinates": [ [ [ -99.19373, 19.29595 ], [ -99.19771, 19.29991 ], [ -99.19683, 19.3007 ], [ -99.19859, 19.30133 ], [ -99.19777, 19.30284 ], [ -99.19437, 19.30201 ], [ -99.18598, 19.30287 ], [ -99.18566, 19.30013 ], [ -99.18751, 19.29955 ], [ -99.18766, 19.29767 ], [ -99.19066, 19.2975 ], [ -99.19022, 19.29648 ], [ -99.19373, 19.29595 ] ] ] } },
{ "type": "Feature", "properties": { "colonia": "LOMAS DE REFORMA", "alcaldia": "MIGUEL HIDALGO", "cveut": "16-043" }, "geometry": { "type": "Polygon", "coordinates": [ [ [ -99.23598, 19.4051 ], [ -99.23283, 19.40719 ], [ -99.23178, 19.40565 ], [ -99.22861, 19.40566 ], [ -99.23596, 19.39748 ], [ -99.2371, 19.39677 ], [ -99.23876, 19.3973 ], [ -99.23983, 19.39565 ], [ -99.23967, 19.39718 ], [ -99.2409, 19.39699 ], [ -99.24084, 19.39875 ], [ -99.23598, 19.4051 ] ] ] } },
{ "type": "Feature", "properties": { "colonia": "POPOTLA II", "alcaldia": "MIGUEL HIDALGO", "cveut": "16-093" }, "geometry": { "type": "Polygon", "coordinates": [ [ [ -99.18297, 19.45802 ], [ -99.17309, 19.45134 ], [ -99.17131, 19.44844 ], [ -99.18182, 19.45117 ], [ -99.18232, 19.44796 ], [ -99.18556, 19.45195 ], [ -99.1841, 19.45165 ], [ -99.18297, 19.45802 ] ] ] } },
{ "type": "Feature", "properties": { "colonia": "ARBOLEDAS DE CUAUTEPEC (AMPL)", "alcaldia": "GUSTAVO A. MADERO", "cveut": "05-008" }, "geometry": { "type": "Polygon", "coordinates": [ [ [ -99.12479, 19.56689 ], [ -99.12449, 19.56548 ], [ -99.12272, 19.56798 ], [ -99.12185, 19.57199 ], [ -99.11525, 19.57183 ], [ -99.11605, 19.56823 ], [ -99.11946, 19.56433 ], [ -99.12389, 19.56365 ], [ -99.12747, 19.56422 ], [ -99.1258, 19.56702 ], [ -99.12479, 19.56689 ] ] ] } },
{ "type": "Feature", "properties": { "colonia": "LOMAS DE LA ESTANCIA II", "alcaldia": "IZTAPALAPA", "cveut": "07-282" }, "geometry": { "type": "Polygon", "coordinates": [ [ [ -99.01327, 19.33283 ], [ -99.01239, 19.33335 ], [ -99.01262, 19.33527 ], [ -99.01404, 19.33868 ], [ -99.01561, 19.33887 ], [ -99.01456, 19.34114 ], [ -99.01186, 19.34011 ], [ -99.01071, 19.33681 ], [ -99.00837, 19.33892 ], [ -99.00628, 19.33881 ], [ -99.00293, 19.33687 ], [ -99.00478, 19.33599 ], [ -99.00465, 19.33461 ], [ -99.00671, 19.33539 ], [ -99.00723, 19.33405 ], [ -99.00812, 19.33405 ], [ -99.00941, 19.33511 ], [ -99.01103, 19.33347 ], [ -99.01127, 19.32851 ], [ -99.01422, 19.32692 ], [ -99.01327, 19.33283 ] ] ] } },
{ "type": "Feature", "properties": { "colonia": "TLACOPAC", "alcaldia": "ALVARO OBREGON", "cveut": "10-218" }, "geometry": { "type": "Polygon", "coordinates": [ [ [ -99.19052, 19.35122 ], [ -99.19669, 19.35259 ], [ -99.20078, 19.35147 ], [ -99.19924, 19.35588 ], [ -99.18938, 19.35968 ], [ -99.19052, 19.35122 ] ] ] } },
{ "type": "Feature", "properties": { "colonia": "VILLA VERDUN", "alcaldia": "ALVARO OBREGON", "cveut": "10-238" }, "geometry": { "type": "Polygon", "coordinates": [ [ [ -99.25629, 19.34239 ], [ -99.25911, 19.34121 ], [ -99.25637, 19.33959 ], [ -99.25553, 19.33988 ], [ -99.25611, 19.34171 ], [ -99.25458, 19.34159 ], [ -99.252, 19.34012 ], [ -99.25149, 19.33863 ], [ -99.25288, 19.33706 ], [ -99.25128, 19.3381 ], [ -99.25091, 19.33722 ], [ -99.25699, 19.33151 ], [ -99.25538, 19.3343 ], [ -99.25604, 19.33595 ], [ -99.26426, 19.33936 ], [ -99.25744, 19.34339 ], [ -99.25629, 19.34239 ] ] ] } },
{ "type": "Feature", "properties": { "colonia": "EDUCACION", "alcaldia": "COYOACAN", "cveut": "03-039" }, "geometry": { "type": "Polygon", "coordinates": [ [ [ -99.13346, 19.33849 ], [ -99.13418, 19.33763 ], [ -99.13293, 19.33734 ], [ -99.13288, 19.33574 ], [ -99.13182, 19.33551 ], [ -99.13081, 19.33967 ], [ -99.12729, 19.33865 ], [ -99.12995, 19.33203 ], [ -99.13681, 19.33342 ], [ -99.13712, 19.33654 ], [ -99.13919, 19.33787 ], [ -99.14122, 19.33778 ], [ -99.14203, 19.33978 ], [ -99.13734, 19.33909 ], [ -99.13726, 19.33831 ], [ -99.13712, 19.33923 ], [ -99.13346, 19.33849 ] ] ] } },
{ "type": "Feature", "properties": { "colonia": "PASEOS DE TAXQUEÑA II", "alcaldia": "COYOACAN", "cveut": "03-134" }, "geometry": { "type": "Polygon", "coordinates": [ [ [ -99.12997, 19.33943 ], [ -99.13156, 19.34486 ], [ -99.12687, 19.34433 ], [ -99.12689, 19.34586 ], [ -99.12641, 19.34516 ], [ -99.12612, 19.34581 ], [ -99.12062, 19.34578 ], [ -99.12182, 19.34067 ], [ -99.12371, 19.34095 ], [ -99.12447, 19.33809 ], [ -99.12997, 19.33943 ] ] ] } },
{ "type": "Feature", "properties": { "colonia": "CERRO DE LA ESTRELLA I", "alcaldia": "IZTAPALAPA", "cveut": "07-260" }, "geometry": { "type": "Polygon", "coordinates": [ [ [ -99.07521, 19.32726 ], [ -99.07277, 19.32583 ], [ -99.06986, 19.32605 ], [ -99.07171, 19.32371 ], [ -99.07804, 19.3248 ], [ -99.07939, 19.3213 ], [ -99.08371, 19.32207 ], [ -99.08233, 19.32934 ], [ -99.07515, 19.32806 ], [ -99.07521, 19.32726 ] ] ] } },
{ "type": "Feature", "properties": { "colonia": "SAN JUAN DE ARAGON (PBLO)", "alcaldia": "GUSTAVO A. MADERO", "cveut": "05-156" }, "geometry": { "type": "Polygon", "coordinates": [ [ [ -99.08857, 19.47034 ], [ -99.08836, 19.47157 ], [ -99.08681, 19.47163 ], [ -99.0874, 19.47259 ], [ -99.08516, 19.47214 ], [ -99.08536, 19.47446 ], [ -99.08305, 19.47404 ], [ -99.08359, 19.4718 ], [ -99.08181, 19.47143 ], [ -99.08138, 19.47372 ], [ -99.07925, 19.47334 ], [ -99.07949, 19.47196 ], [ -99.08097, 19.47163 ], [ -99.0811, 19.47075 ], [ -99.07968, 19.47102 ], [ -99.08065, 19.46394 ], [ -99.08619, 19.46522 ], [ -99.08541, 19.46773 ], [ -99.08662, 19.4681 ], [ -99.08615, 19.46933 ], [ -99.08857, 19.47034 ] ] ] } },
{ "type": "Feature", "properties": { "colonia": "INDUSTRIAL I", "alcaldia": "GUSTAVO A. MADERO", "cveut": "05-223" }, "geometry": { "type": "Polygon", "coordinates": [ [ [ -99.11965, 19.4782 ], [ -99.12366, 19.4679 ], [ -99.12847, 19.46904 ], [ -99.12422, 19.47994 ], [ -99.11965, 19.4782 ] ] ] } },
{ "type": "Feature", "properties": { "colonia": "LAS CRUCES", "alcaldia": "LA MAGDALENA CONTRERAS", "cveut": "08-027" }, "geometry": { "type": "Polygon", "coordinates": [ [ [ -99.25502, 19.32404 ], [ -99.25477, 19.3259 ], [ -99.25455, 19.32396 ], [ -99.25349, 19.32368 ], [ -99.25062, 19.32477 ], [ -99.25047, 19.32082 ], [ -99.24823, 19.32051 ], [ -99.24774, 19.31859 ], [ -99.25153, 19.31852 ], [ -99.25327, 19.3165 ], [ -99.25855, 19.31706 ], [ -99.25744, 19.31764 ], [ -99.25815, 19.31778 ], [ -99.25814, 19.32238 ], [ -99.25711, 19.32349 ], [ -99.25611, 19.3228 ], [ -99.25502, 19.32404 ] ] ] } },
{ "type": "Feature", "properties": { "colonia": "DEL VALLE V", "alcaldia": "BENITO JUAREZ", "cveut": "14-057" }, "geometry": { "type": "Polygon", "coordinates": [ [ [ -99.17262, 19.37233 ], [ -99.17036, 19.38128 ], [ -99.16426, 19.37993 ], [ -99.16542, 19.37528 ], [ -99.16689, 19.3756 ], [ -99.16746, 19.37329 ], [ -99.16894, 19.37362 ], [ -99.16942, 19.37164 ], [ -99.16796, 19.37131 ], [ -99.16851, 19.36897 ], [ -99.17155, 19.36963 ], [ -99.17102, 19.37199 ], [ -99.17262, 19.37233 ] ] ] } },
{ "type": "Feature", "properties": { "colonia": "EX HIPODROMO DE PERALVILLO", "alcaldia": "CUAUHTEMOC", "cveut": "15-012" }, "geometry": { "type": "Polygon", "coordinates": [ [ [ -99.14022, 19.46039 ], [ -99.13672, 19.46013 ], [ -99.12816, 19.45705 ], [ -99.13069, 19.45311 ], [ -99.14038, 19.45521 ], [ -99.13949, 19.45906 ], [ -99.14022, 19.46039 ] ] ] } },
{ "type": "Feature", "properties": { "colonia": "SAN FRANCISCO (BARR)", "alcaldia": "LA MAGDALENA CONTRERAS", "cveut": "08-044" }, "geometry": { "type": "Polygon", "coordinates": [ [ [ -99.23111, 19.31749 ], [ -99.23029, 19.31575 ], [ -99.23136, 19.31525 ], [ -99.22962, 19.3134 ], [ -99.23475, 19.31155 ], [ -99.23556, 19.31291 ], [ -99.2371, 19.31207 ], [ -99.23615, 19.31088 ], [ -99.2372, 19.30883 ], [ -99.24021, 19.30745 ], [ -99.24084, 19.30906 ], [ -99.24177, 19.30844 ], [ -99.24353, 19.31031 ], [ -99.23717, 19.31523 ], [ -99.23111, 19.31749 ] ] ] } },
{ "type": "Feature", "properties": { "colonia": "IXTLAHUACAN", "alcaldia": "IZTAPALAPA", "cveut": "07-096" }, "geometry": { "type": "Polygon", "coordinates": [ [ [ -99.0023, 19.34572 ], [ -99.00224, 19.34906 ], [ -99.0039, 19.34966 ], [ -98.99538, 19.34798 ], [ -98.99587, 19.34518 ], [ -98.99525, 19.34505 ], [ -98.99552, 19.34279 ], [ -98.99447, 19.34256 ], [ -98.9949, 19.33945 ], [ -98.9966, 19.33986 ], [ -98.99766, 19.33868 ], [ -99.00078, 19.3395 ], [ -98.99967, 19.34155 ], [ -99.0007, 19.34183 ], [ -99.00033, 19.3436 ], [ -99.00185, 19.34447 ], [ -99.00086, 19.34452 ], [ -99.00067, 19.34573 ], [ -99.0023, 19.34572 ] ] ] } },
{ "type": "Feature", "properties": { "colonia": "SAN JOSE INSURGENTES", "alcaldia": "BENITO JUAREZ", "cveut": "14-041" }, "geometry": { "type": "Polygon", "coordinates": [ [ [ -99.18809, 19.37246 ], [ -99.18093, 19.36793 ], [ -99.18359, 19.36173 ], [ -99.18921, 19.36309 ], [ -99.18809, 19.37246 ] ] ] } },
{ "type": "Feature", "properties": { "colonia": "DESARROLLO URBANO QUETZALCOATL  III", "alcaldia": "IZTAPALAPA", "cveut": "07-270" }, "geometry": { "type": "Polygon", "coordinates": [ [ [ -99.0366, 19.31977 ], [ -99.04193, 19.32063 ], [ -99.0429, 19.32203 ], [ -99.04511, 19.31979 ], [ -99.04351, 19.3226 ], [ -99.04463, 19.32287 ], [ -99.04589, 19.32035 ], [ -99.04768, 19.32214 ], [ -99.04457, 19.32544 ], [ -99.03442, 19.32602 ], [ -99.03559, 19.32267 ], [ -99.03479, 19.32243 ], [ -99.0366, 19.31977 ] ] ] } },
{ "type": "Feature", "properties": { "colonia": "PARAISO", "alcaldia": "IZTAPALAPA", "cveut": "07-152" }, "geometry": { "type": "Polygon", "coordinates": [ [ [ -99.02596, 19.37745 ], [ -99.02799, 19.37616 ], [ -99.02697, 19.37487 ], [ -99.02816, 19.37456 ], [ -99.02904, 19.37581 ], [ -99.02778, 19.37778 ], [ -99.03049, 19.37775 ], [ -99.0315, 19.37683 ], [ -99.03004, 19.37532 ], [ -99.03157, 19.37162 ], [ -99.03451, 19.37559 ], [ -99.03794, 19.37658 ], [ -99.03702, 19.37852 ], [ -99.03805, 19.38117 ], [ -99.03583, 19.37776 ], [ -99.03081, 19.38255 ], [ -99.02757, 19.38076 ], [ -99.027, 19.37879 ], [ -99.02594, 19.37868 ], [ -99.02596, 19.37745 ] ] ] } },
{ "type": "Feature", "properties": { "colonia": "SANTIAGO AHUIZOTLA (PBLO)", "alcaldia": "AZCAPOTZALCO", "cveut": "02-097" }, "geometry": { "type": "Polygon", "coordinates": [ [ [ -99.21299, 19.48334 ], [ -99.20961, 19.48244 ], [ -99.21023, 19.4802 ], [ -99.20812, 19.47961 ], [ -99.20888, 19.47808 ], [ -99.20635, 19.47745 ], [ -99.20869, 19.4761 ], [ -99.206, 19.47524 ], [ -99.20709, 19.47481 ], [ -99.20802, 19.47153 ], [ -99.21423, 19.47316 ], [ -99.21305, 19.47726 ], [ -99.2137, 19.47743 ], [ -99.21271, 19.48074 ], [ -99.21369, 19.48098 ], [ -99.21299, 19.48334 ] ] ] } },
{ "type": "Feature", "properties": { "colonia": "CTM VII CULHUACAN (U HAB)", "alcaldia": "COYOACAN", "cveut": "03-031" }, "geometry": { "type": "Polygon", "coordinates": [ [ [ -99.107, 19.32779 ], [ -99.10087, 19.32287 ], [ -99.11286, 19.32077 ], [ -99.10921, 19.32163 ], [ -99.10911, 19.32317 ], [ -99.11394, 19.3236 ], [ -99.11347, 19.32856 ], [ -99.107, 19.32779 ] ] ] } },
{ "type": "Feature", "properties": { "colonia": "CHAPULTEPEC POLANCO (POLANCO)", "alcaldia": "MIGUEL HIDALGO", "cveut": "16-022" }, "geometry": { "type": "Polygon", "coordinates": [ [ [ -99.202, 19.43212 ], [ -99.19125, 19.43137 ], [ -99.19186, 19.42583 ], [ -99.20315, 19.42794 ], [ -99.202, 19.43212 ] ] ] } },
{ "type": "Feature", "properties": { "colonia": "CHALMA DE GUADALUPE II", "alcaldia": "GUSTAVO A. MADERO", "cveut": "05-220" }, "geometry": { "type": "Polygon", "coordinates": [ [ [ -99.15741, 19.55446 ], [ -99.1527, 19.55197 ], [ -99.15216, 19.55284 ], [ -99.14961, 19.55146 ], [ -99.15283, 19.54568 ], [ -99.15958, 19.54859 ], [ -99.1597, 19.54953 ], [ -99.16145, 19.54945 ], [ -99.15741, 19.55446 ] ] ] } },
{ "type": "Feature", "properties": { "colonia": "SAN MIGUEL TEOTONGO III", "alcaldia": "IZTAPALAPA", "cveut": "07-293" }, "geometry": { "type": "Polygon", "coordinates": [ [ [ -98.99465, 19.34137 ], [ -98.99219, 19.34243 ], [ -98.9925, 19.34124 ], [ -98.99123, 19.3411 ], [ -98.99101, 19.34292 ], [ -98.9892, 19.34473 ], [ -98.98916, 19.34322 ], [ -98.98776, 19.34285 ], [ -98.98603, 19.34416 ], [ -98.98014, 19.34257 ], [ -98.98175, 19.33938 ], [ -98.98428, 19.33963 ], [ -98.98483, 19.33754 ], [ -98.98757, 19.33881 ], [ -98.98759, 19.33996 ], [ -98.98864, 19.33976 ], [ -98.98867, 19.33862 ], [ -98.99491, 19.33959 ], [ -98.99465, 19.34137 ] ] ] } },
{ "type": "Feature", "properties": { "colonia": "20 DE NOVIEMBRE", "alcaldia": "VENUSTIANO CARRANZA", "cveut": "17-066" }, "geometry": { "type": "Polygon", "coordinates": [ [ [ -99.11066, 19.44891 ], [ -99.10424, 19.44752 ], [ -99.1071, 19.44 ], [ -99.11375, 19.44062 ], [ -99.11066, 19.44891 ] ] ] } },
{ "type": "Feature", "properties": { "colonia": "PORTALES I", "alcaldia": "BENITO JUAREZ", "cveut": "14-066" }, "geometry": { "type": "Polygon", "coordinates": [ [ [ -99.15764, 19.37395 ], [ -99.14942, 19.37299 ], [ -99.14292, 19.37097 ], [ -99.14155, 19.37011 ], [ -99.14188, 19.36804 ], [ -99.15448, 19.37001 ], [ -99.15475, 19.36871 ], [ -99.15624, 19.36898 ], [ -99.15764, 19.37395 ] ] ] } },
{ "type": "Feature", "properties": { "colonia": "SANTA CRUZ MEYEHUALCO (U HAB) I", "alcaldia": "IZTAPALAPA", "cveut": "07-295" }, "geometry": { "type": "Polygon", "coordinates": [ [ [ -99.04404, 19.34293 ], [ -99.04432, 19.3456 ], [ -99.04604, 19.34658 ], [ -99.04194, 19.34699 ], [ -99.04206, 19.34817 ], [ -99.04288, 19.34809 ], [ -99.04263, 19.34996 ], [ -99.04211, 19.34874 ], [ -99.04182, 19.3499 ], [ -99.03926, 19.34961 ], [ -99.03313, 19.34616 ], [ -99.03279, 19.344 ], [ -99.04404, 19.34293 ] ] ] } },
{ "type": "Feature", "properties": { "colonia": "TEMPILULI", "alcaldia": "TLAHUAC", "cveut": "11-061" }, "geometry": { "type": "Polygon", "coordinates": [ [ [ -99.02517, 19.28288 ], [ -99.02501, 19.27395 ], [ -99.03287, 19.27642 ], [ -99.03092, 19.28312 ], [ -99.02517, 19.28288 ] ] ] } },
{ "type": "Feature", "properties": { "colonia": "EL TRIANGULO", "alcaldia": "IZTAPALAPA", "cveut": "07-063" }, "geometry": { "type": "Polygon", "coordinates": [ [ [ -99.04816, 19.31281 ], [ -99.05744, 19.31955 ], [ -99.05655, 19.32066 ], [ -99.05382, 19.32097 ], [ -99.05094, 19.3246 ], [ -99.04662, 19.31493 ], [ -99.04816, 19.31281 ] ] ] } },
{ "type": "Feature", "properties": { "colonia": "NARVARTE IV", "alcaldia": "BENITO JUAREZ", "cveut": "14-063" }, "geometry": { "type": "Polygon", "coordinates": [ [ [ -99.15604, 19.39594 ], [ -99.14608, 19.39519 ], [ -99.14682, 19.3894 ], [ -99.15643, 19.39078 ], [ -99.15604, 19.39594 ] ] ] } },
{ "type": "Feature", "properties": { "colonia": "EX HACIENDA COAPA", "alcaldia": "COYOACAN", "cveut": "03-051" }, "geometry": { "type": "Polygon", "coordinates": [ [ [ -99.13345, 19.30911 ], [ -99.12779, 19.31105 ], [ -99.12728, 19.31041 ], [ -99.1297, 19.30972 ], [ -99.12808, 19.31001 ], [ -99.1291, 19.30588 ], [ -99.12847, 19.30539 ], [ -99.13481, 19.30825 ], [ -99.13761, 19.30799 ], [ -99.14159, 19.30967 ], [ -99.13982, 19.31491 ], [ -99.13621, 19.31385 ], [ -99.1364, 19.31265 ], [ -99.13429, 19.31165 ], [ -99.13345, 19.30911 ] ] ] } },
{ "type": "Feature", "properties": { "colonia": "VIEJO EJIDO SANTA URSULA COAPA", "alcaldia": "COYOACAN", "cveut": "03-113" }, "geometry": { "type": "Polygon", "coordinates": [ [ [ -99.14151, 19.30964 ], [ -99.13752, 19.30798 ], [ -99.13705, 19.30566 ], [ -99.14255, 19.29964 ], [ -99.14744, 19.30128 ], [ -99.14151, 19.30964 ] ] ] } },
{ "type": "Feature", "properties": { "colonia": "SAN SIMON TICUMAC", "alcaldia": "BENITO JUAREZ", "cveut": "14-044" }, "geometry": { "type": "Polygon", "coordinates": [ [ [ -99.14618, 19.37898 ], [ -99.14155, 19.3781 ], [ -99.14053, 19.37695 ], [ -99.14155, 19.37011 ], [ -99.14942, 19.37299 ], [ -99.1485, 19.37765 ], [ -99.14655, 19.37727 ], [ -99.14618, 19.37898 ] ] ] } },
{ "type": "Feature", "properties": { "colonia": "TRANSITO", "alcaldia": "CUAUHTEMOC", "cveut": "15-032" }, "geometry": { "type": "Polygon", "coordinates": [ [ [ -99.13333, 19.42369 ], [ -99.12922, 19.42328 ], [ -99.12995, 19.41762 ], [ -99.12762, 19.41744 ], [ -99.12787, 19.41347 ], [ -99.13496, 19.4133 ], [ -99.13333, 19.42369 ] ] ] } },
{ "type": "Feature", "properties": { "colonia": "SAN FRANCISCO CULHUACAN (PBLO)", "alcaldia": "COYOACAN", "cveut": "03-101" }, "geometry": { "type": "Polygon", "coordinates": [ [ [ -99.11328, 19.33317 ], [ -99.11539, 19.3345 ], [ -99.11681, 19.33251 ], [ -99.12372, 19.33209 ], [ -99.12272, 19.33749 ], [ -99.11989, 19.33734 ], [ -99.11619, 19.33936 ], [ -99.11418, 19.3389 ], [ -99.1129, 19.33572 ], [ -99.11328, 19.33317 ] ] ] } },
{ "type": "Feature", "properties": { "colonia": "LA CANDELARIA TICOMAN (BARR)", "alcaldia": "GUSTAVO A. MADERO", "cveut": "05-093" }, "geometry": { "type": "Polygon", "coordinates": [ [ [ -99.14286, 19.51838 ], [ -99.14314, 19.52241 ], [ -99.13962, 19.5212 ], [ -99.13563, 19.52462 ], [ -99.13092, 19.52619 ], [ -99.1323, 19.52059 ], [ -99.13544, 19.52027 ], [ -99.13444, 19.51953 ], [ -99.13451, 19.51769 ], [ -99.14286, 19.51838 ] ] ] } },
{ "type": "Feature", "properties": { "colonia": "SAN PEDRO (BARR)", "alcaldia": "XOCHIMILCO", "cveut": "13-057" }, "geometry": { "type": "Polygon", "coordinates": [ [ [ -99.10601, 19.25206 ], [ -99.1132, 19.25431 ], [ -99.1135, 19.2553 ], [ -99.11028, 19.25735 ], [ -99.11259, 19.26135 ], [ -99.10867, 19.25969 ], [ -99.10721, 19.26214 ], [ -99.10571, 19.26197 ], [ -99.10613, 19.26017 ], [ -99.10423, 19.25934 ], [ -99.10601, 19.25206 ] ] ] } },
{ "type": "Feature", "properties": { "colonia": "CONSTITUCION DE 1917 I", "alcaldia": "IZTAPALAPA", "cveut": "07-266" }, "geometry": { "type": "Polygon", "coordinates": [ [ [ -99.06257, 19.35362 ], [ -99.05977, 19.353 ], [ -99.06115, 19.34475 ], [ -99.06978, 19.34869 ], [ -99.06771, 19.35275 ], [ -99.06296, 19.35213 ], [ -99.06257, 19.35362 ] ] ] } },
{ "type": "Feature", "properties": { "colonia": "ALAMOS I", "alcaldia": "BENITO JUAREZ", "cveut": "14-051" }, "geometry": { "type": "Polygon", "coordinates": [ [ [ -99.14499, 19.40388 ], [ -99.1365, 19.40342 ], [ -99.13774, 19.39545 ], [ -99.13943, 19.39572 ], [ -99.13919, 19.3973 ], [ -99.14567, 19.39829 ], [ -99.14499, 19.40388 ] ] ] } },
{ "type": "Feature", "properties": { "colonia": "LA MAGDALENA CULHUACAN (BARR)", "alcaldia": "COYOACAN", "cveut": "03-066" }, "geometry": { "type": "Polygon", "coordinates": [ [ [ -99.12272, 19.33749 ], [ -99.1196, 19.34972 ], [ -99.11575, 19.34353 ], [ -99.11428, 19.33908 ], [ -99.11704, 19.33917 ], [ -99.12052, 19.33718 ], [ -99.12272, 19.33749 ] ] ] } },
{ "type": "Feature", "properties": { "colonia": "TIERRA BLANCA", "alcaldia": "TLAHUAC", "cveut": "11-050" }, "geometry": { "type": "Polygon", "coordinates": [ [ [ -99.00678, 19.23778 ], [ -99.00154, 19.2436 ], [ -98.99968, 19.24155 ], [ -99.00128, 19.23875 ], [ -99.00619, 19.2361 ], [ -99.00971, 19.23105 ], [ -99.00992, 19.2294 ], [ -99.01093, 19.22868 ], [ -99.01432, 19.22896 ], [ -99.01431, 19.23065 ], [ -99.01343, 19.23039 ], [ -99.0118, 19.23256 ], [ -99.01094, 19.2356 ], [ -99.00678, 19.23778 ] ] ] } },
{ "type": "Feature", "properties": { "colonia": "TACUBAYA", "alcaldia": "MIGUEL HIDALGO", "cveut": "16-078" }, "geometry": { "type": "Polygon", "coordinates": [ [ [ -99.18779, 19.4039 ], [ -99.18708, 19.40275 ], [ -99.18428, 19.40792 ], [ -99.18531, 19.39596 ], [ -99.18908, 19.39563 ], [ -99.19226, 19.40126 ], [ -99.19221, 19.40374 ], [ -99.18779, 19.4039 ] ] ] } },
{ "type": "Feature", "properties": { "colonia": "DEL VALLE VII", "alcaldia": "BENITO JUAREZ", "cveut": "14-059" }, "geometry": { "type": "Polygon", "coordinates": [ [ [ -99.17559, 19.37297 ], [ -99.17256, 19.37232 ], [ -99.17317, 19.36999 ], [ -99.17235, 19.3698 ], [ -99.16851, 19.36897 ], [ -99.16796, 19.37131 ], [ -99.16496, 19.37066 ], [ -99.1699, 19.36318 ], [ -99.17434, 19.36541 ], [ -99.17379, 19.3677 ], [ -99.17673, 19.36838 ], [ -99.17559, 19.37297 ] ] ] } },
{ "type": "Feature", "properties": { "colonia": "JUAN ESCUTIA I", "alcaldia": "IZTAPALAPA", "cveut": "07-277" }, "geometry": { "type": "Polygon", "coordinates": [ [ [ -99.04517, 19.39096 ], [ -99.04309, 19.38926 ], [ -99.05838, 19.39801 ], [ -99.05818, 19.40088 ], [ -99.04326, 19.39404 ], [ -99.04517, 19.39096 ] ] ] } },
{ "type": "Feature", "properties": { "colonia": "SANTA ANITA", "alcaldia": "IZTACALCO", "cveut": "06-032" }, "geometry": { "type": "Polygon", "coordinates": [ [ [ -99.12043, 19.4053 ], [ -99.11419, 19.39852 ], [ -99.11423, 19.39826 ], [ -99.12389, 19.39805 ], [ -99.12568, 19.40435 ], [ -99.12043, 19.4053 ] ] ] } },
{ "type": "Feature", "properties": { "colonia": "EL TIANGUILLO", "alcaldia": "CUAJIMALPA DE MORELOS", "cveut": "04-018" }, "geometry": { "type": "Polygon", "coordinates": [ [ [ -99.32565, 19.32384 ], [ -99.32624, 19.32608 ], [ -99.32419, 19.32689 ], [ -99.32006, 19.33128 ], [ -99.31902, 19.32648 ], [ -99.31656, 19.3291 ], [ -99.32082, 19.32027 ], [ -99.32537, 19.32115 ], [ -99.32555, 19.32326 ], [ -99.32612, 19.32269 ], [ -99.32648, 19.32353 ], [ -99.32565, 19.32384 ] ] ] } },
{ "type": "Feature", "properties": { "colonia": "MOCTEZUMA 1A SECCION", "alcaldia": "VENUSTIANO CARRANZA", "cveut": "17-042" }, "geometry": { "type": "Polygon", "coordinates": [ [ [ -99.1081, 19.43473 ], [ -99.09986, 19.42358 ], [ -99.09946, 19.422 ], [ -99.11027, 19.42736 ], [ -99.10899, 19.43436 ], [ -99.1081, 19.43473 ] ] ] } },
{ "type": "Feature", "properties": { "colonia": "AVIACION CIVIL", "alcaldia": "VENUSTIANO CARRANZA", "cveut": "17-007" }, "geometry": { "type": "Polygon", "coordinates": [ [ [ -99.08366, 19.41289 ], [ -99.08262, 19.42107 ], [ -99.0783, 19.41733 ], [ -99.07765, 19.41834 ], [ -99.07488, 19.41698 ], [ -99.07867, 19.41003 ], [ -99.08366, 19.41289 ] ] ] } },
{ "type": "Feature", "properties": { "colonia": "GRANJAS ESTRELLA I", "alcaldia": "IZTAPALAPA", "cveut": "07-083" }, "geometry": { "type": "Polygon", "coordinates": [ [ [ -99.09125, 19.32519 ], [ -99.09195, 19.32612 ], [ -99.0911, 19.32893 ], [ -99.09224, 19.3291 ], [ -99.09136, 19.33086 ], [ -99.08953, 19.33053 ], [ -99.09006, 19.32696 ], [ -99.08304, 19.32566 ], [ -99.08407, 19.32012 ], [ -99.09166, 19.32144 ], [ -99.09125, 19.32519 ] ] ] } },
{ "type": "Feature", "properties": { "colonia": "2A AMPLIACION SANTIAGO ACAHUALTEPEC II", "alcaldia": "IZTAPALAPA", "cveut": "07-309" }, "geometry": { "type": "Polygon", "coordinates": [ [ [ -99.0125, 19.34452 ], [ -99.01229, 19.3455 ], [ -99.01327, 19.34614 ], [ -99.01252, 19.3493 ], [ -99.01041, 19.34924 ], [ -99.01015, 19.35059 ], [ -99.00516, 19.3499 ], [ -99.00599, 19.34216 ], [ -99.00509, 19.34143 ], [ -99.00828, 19.34127 ], [ -99.01053, 19.34393 ], [ -99.0125, 19.34452 ] ] ] } },
{ "type": "Feature", "properties": { "colonia": "OBRERA I", "alcaldia": "CUAUHTEMOC", "cveut": "15-062" }, "geometry": { "type": "Polygon", "coordinates": [ [ [ -99.13863, 19.4155 ], [ -99.14366, 19.41692 ], [ -99.14312, 19.42223 ], [ -99.13364, 19.42228 ], [ -99.13437, 19.41706 ], [ -99.1384, 19.41736 ], [ -99.13863, 19.4155 ] ] ] } },
{ "type": "Feature", "properties": { "colonia": "IGNACIO ZARAGOZA I", "alcaldia": "VENUSTIANO CARRANZA", "cveut": "17-074" }, "geometry": { "type": "Polygon", "coordinates": [ [ [ -99.09939, 19.42175 ], [ -99.09608, 19.41993 ], [ -99.09774, 19.41692 ], [ -99.0885, 19.41144 ], [ -99.0895, 19.40966 ], [ -99.09019, 19.41006 ], [ -99.09121, 19.40848 ], [ -99.09703, 19.40919 ], [ -99.09782, 19.41678 ], [ -99.09856, 19.41687 ], [ -99.09939, 19.42175 ] ] ] } },
{ "type": "Feature", "properties": { "colonia": "TABACALERA", "alcaldia": "CUAUHTEMOC", "cveut": "15-031" }, "geometry": { "type": "Polygon", "coordinates": [ [ [ -99.15583, 19.43972 ], [ -99.1464, 19.43737 ], [ -99.15447, 19.43262 ], [ -99.15991, 19.43075 ], [ -99.15583, 19.43972 ] ] ] } },
{ "type": "Feature", "properties": { "colonia": "AJUSCO II", "alcaldia": "COYOACAN", "cveut": "03-129" }, "geometry": { "type": "Polygon", "coordinates": [ [ [ -99.16178, 19.3255 ], [ -99.15527, 19.32011 ], [ -99.15613, 19.31915 ], [ -99.15987, 19.31886 ], [ -99.15946, 19.31809 ], [ -99.16204, 19.31517 ], [ -99.16655, 19.31858 ], [ -99.16248, 19.32337 ], [ -99.16301, 19.32381 ], [ -99.16178, 19.3255 ] ] ] } },
{ "type": "Feature", "properties": { "colonia": "PEDREGAL DE SAN FRANCISCO (FRACC)", "alcaldia": "COYOACAN", "cveut": "03-089" }, "geometry": { "type": "Polygon", "coordinates": [ [ [ -99.1591, 19.34007 ], [ -99.16126, 19.33783 ], [ -99.16252, 19.33809 ], [ -99.16286, 19.33632 ], [ -99.17136, 19.33725 ], [ -99.1729, 19.33714 ], [ -99.17358, 19.3361 ], [ -99.17596, 19.33629 ], [ -99.17162, 19.3413 ], [ -99.17118, 19.34033 ], [ -99.16907, 19.34128 ], [ -99.16272, 19.34062 ], [ -99.16087, 19.33905 ], [ -99.16114, 19.34074 ], [ -99.1591, 19.34007 ] ] ] } },
{ "type": "Feature", "properties": { "colonia": "ESTRELLA", "alcaldia": "GUSTAVO A. MADERO", "cveut": "05-055" }, "geometry": { "type": "Polygon", "coordinates": [ [ [ -99.12157, 19.47327 ], [ -99.11928, 19.47918 ], [ -99.1107, 19.47631 ], [ -99.11476, 19.47083 ], [ -99.12157, 19.47327 ] ] ] } },
{ "type": "Feature", "properties": { "colonia": "AGRICOLA ORIENTAL II", "alcaldia": "IZTACALCO", "cveut": "06-041" }, "geometry": { "type": "Polygon", "coordinates": [ [ [ -99.0774, 19.40087 ], [ -99.07204, 19.40001 ], [ -99.07388, 19.39201 ], [ -99.08384, 19.3937 ], [ -99.08335, 19.39625 ], [ -99.07699, 19.39521 ], [ -99.07636, 19.39791 ], [ -99.07806, 19.39818 ], [ -99.0774, 19.40087 ] ] ] } },
{ "type": "Feature", "properties": { "colonia": "DESARROLLO URBANO QUETZALCOATL  II", "alcaldia": "IZTAPALAPA", "cveut": "07-269" }, "geometry": { "type": "Polygon", "coordinates": [ [ [ -99.03962, 19.32762 ], [ -99.03901, 19.32606 ], [ -99.03773, 19.32593 ], [ -99.04311, 19.32492 ], [ -99.04929, 19.32722 ], [ -99.04869, 19.32936 ], [ -99.04562, 19.32964 ], [ -99.04504, 19.3309 ], [ -99.04321, 19.33038 ], [ -99.04282, 19.33315 ], [ -99.04038, 19.33397 ], [ -99.03921, 19.33237 ], [ -99.04057, 19.32819 ], [ -99.0392, 19.32872 ], [ -99.03962, 19.32762 ] ] ] } },
{ "type": "Feature", "properties": { "colonia": "EL SIFON", "alcaldia": "IZTAPALAPA", "cveut": "07-062" }, "geometry": { "type": "Polygon", "coordinates": [ [ [ -99.11525, 19.37277 ], [ -99.11502, 19.37368 ], [ -99.10784, 19.37341 ], [ -99.10836, 19.37005 ], [ -99.12258, 19.36938 ], [ -99.12233, 19.37351 ], [ -99.11525, 19.37277 ] ] ] } },
{ "type": "Feature", "properties": { "colonia": "ROMERO RUBIO", "alcaldia": "VENUSTIANO CARRANZA", "cveut": "17-055" }, "geometry": { "type": "Polygon", "coordinates": [ [ [ -99.10258, 19.43748 ], [ -99.0992, 19.4464 ], [ -99.09006, 19.4437 ], [ -99.09342, 19.44099 ], [ -99.10258, 19.43748 ] ] ] } },
{ "type": "Feature", "properties": { "colonia": "LAS ARBOLEDAS", "alcaldia": "TLAHUAC", "cveut": "11-021" }, "geometry": { "type": "Polygon", "coordinates": [ [ [ -99.05602, 19.30299 ], [ -99.05286, 19.30699 ], [ -99.05434, 19.30812 ], [ -99.05782, 19.30386 ], [ -99.05982, 19.30451 ], [ -99.05357, 19.31217 ], [ -99.05205, 19.31101 ], [ -99.05121, 19.31211 ], [ -99.04963, 19.31093 ], [ -99.04813, 19.31279 ], [ -99.04658, 19.3117 ], [ -99.05417, 19.3023 ], [ -99.05602, 19.30299 ] ] ] } },
{ "type": "Feature", "properties": { "colonia": "CASAS ALEMAN (AMPL) II", "alcaldia": "GUSTAVO A. MADERO", "cveut": "05-218" }, "geometry": { "type": "Polygon", "coordinates": [ [ [ -99.09169, 19.47666 ], [ -99.08874, 19.48441 ], [ -99.08351, 19.48052 ], [ -99.08462, 19.47432 ], [ -99.08885, 19.47499 ], [ -99.09169, 19.47666 ] ] ] } },
{ "type": "Feature", "properties": { "colonia": "SAN RAFAEL II", "alcaldia": "CUAUHTEMOC", "cveut": "15-074" }, "geometry": { "type": "Polygon", "coordinates": [ [ [ -99.16558, 19.44342 ], [ -99.16053, 19.44174 ], [ -99.16254, 19.43378 ], [ -99.16953, 19.43622 ], [ -99.16558, 19.44342 ] ] ] } },
{ "type": "Feature", "properties": { "colonia": "INSURGENTES CUICUILCO", "alcaldia": "COYOACAN", "cveut": "03-059" }, "geometry": { "type": "Polygon", "coordinates": [ [ [ -99.1798, 19.30342 ], [ -99.18598, 19.30287 ], [ -99.18726, 19.31285 ], [ -99.18628, 19.3115 ], [ -99.18459, 19.31178 ], [ -99.18045, 19.31001 ], [ -99.1798, 19.30342 ] ] ] } },
{ "type": "Feature", "properties": { "colonia": "PARAJES BUENAVISTA (TETECON)", "alcaldia": "IZTAPALAPA", "cveut": "07-156" }, "geometry": { "type": "Polygon", "coordinates": [ [ [ -99.03151, 19.32611 ], [ -99.02822, 19.32502 ], [ -99.02799, 19.32415 ], [ -99.02654, 19.32462 ], [ -99.02133, 19.32022 ], [ -99.03195, 19.31769 ], [ -99.03197, 19.32318 ], [ -99.03092, 19.32313 ], [ -99.03216, 19.32406 ], [ -99.03151, 19.32611 ] ] ] } },
{ "type": "Feature", "properties": { "colonia": "ERMITA ZARAGOZA (U HAB) I", "alcaldia": "IZTAPALAPA", "cveut": "07-273" }, "geometry": { "type": "Polygon", "coordinates": [ [ [ -99.00218, 19.36695 ], [ -98.99973, 19.36393 ], [ -98.99483, 19.36366 ], [ -98.99473, 19.36554 ], [ -98.99218, 19.36542 ], [ -98.99465, 19.3587 ], [ -98.99404, 19.35768 ], [ -98.99763, 19.35923 ], [ -99.00036, 19.35849 ], [ -98.99931, 19.35927 ], [ -99.0, 19.36063 ], [ -99.00624, 19.36584 ], [ -99.00486, 19.36529 ], [ -99.00218, 19.36695 ] ] ] } },
{ "type": "Feature", "properties": { "colonia": "VILLA QUIETUD (FRACC)", "alcaldia": "COYOACAN", "cveut": "03-122" }, "geometry": { "type": "Polygon", "coordinates": [ [ [ -99.10425, 19.30549 ], [ -99.10447, 19.30859 ], [ -99.10028, 19.30646 ], [ -99.1009, 19.30002 ], [ -99.10704, 19.29957 ], [ -99.10869, 19.30696 ], [ -99.10425, 19.30549 ] ] ] } },
{ "type": "Feature", "properties": { "colonia": "SAN FELIPE DE JESUS II", "alcaldia": "GUSTAVO A. MADERO", "cveut": "05-238" }, "geometry": { "type": "Polygon", "coordinates": [ [ [ -99.07903, 19.49526 ], [ -99.07849, 19.49373 ], [ -99.07573, 19.4926 ], [ -99.07531, 19.4932 ], [ -99.07408, 19.4924 ], [ -99.07349, 19.49324 ], [ -99.06986, 19.49094 ], [ -99.06933, 19.49168 ], [ -99.06853, 19.49116 ], [ -99.0696, 19.48895 ], [ -99.0749, 19.49023 ], [ -99.08651, 19.49041 ], [ -99.08422, 19.49488 ], [ -99.08087, 19.49274 ], [ -99.07903, 19.49526 ] ] ] } },
{ "type": "Feature", "properties": { "colonia": "NARVARTE I", "alcaldia": "BENITO JUAREZ", "cveut": "14-060" }, "geometry": { "type": "Polygon", "coordinates": [ [ [ -99.14515, 19.40241 ], [ -99.14567, 19.39829 ], [ -99.16077, 19.39868 ], [ -99.16059, 19.40129 ], [ -99.14515, 19.40241 ] ] ] } },
{ "type": "Feature", "properties": { "colonia": "GRANJAS ESMERALDA", "alcaldia": "IZTAPALAPA", "cveut": "07-082" }, "geometry": { "type": "Polygon", "coordinates": [ [ [ -99.11939, 19.35647 ], [ -99.11859, 19.35756 ], [ -99.11326, 19.35682 ], [ -99.11396, 19.35007 ], [ -99.12013, 19.35051 ], [ -99.12163, 19.35445 ], [ -99.12197, 19.35762 ], [ -99.12176, 19.35663 ], [ -99.11939, 19.35647 ] ] ] } },
{ "type": "Feature", "properties": { "colonia": "ROMERO DE TERREROS (FRACC)", "alcaldia": "COYOACAN", "cveut": "03-099" }, "geometry": { "type": "Polygon", "coordinates": [ [ [ -99.17872, 19.34355 ], [ -99.18091, 19.34526 ], [ -99.18041, 19.34683 ], [ -99.17444, 19.3458 ], [ -99.17588, 19.34407 ], [ -99.17408, 19.34393 ], [ -99.17372, 19.34209 ], [ -99.1716, 19.34148 ], [ -99.17596, 19.33629 ], [ -99.17987, 19.34046 ], [ -99.17999, 19.34257 ], [ -99.17872, 19.34355 ] ] ] } },
{ "type": "Feature", "properties": { "colonia": "SAN MIGUEL TEOTONGO I", "alcaldia": "IZTAPALAPA", "cveut": "07-291" }, "geometry": { "type": "Polygon", "coordinates": [ [ [ -98.99345, 19.35476 ], [ -98.99258, 19.35639 ], [ -98.98616, 19.35041 ], [ -98.98691, 19.34846 ], [ -98.98866, 19.34943 ], [ -98.9889, 19.34732 ], [ -98.99003, 19.34693 ], [ -98.99428, 19.34778 ], [ -98.99509, 19.35113 ], [ -98.99433, 19.3548 ], [ -98.99345, 19.35476 ] ] ] } },
{ "type": "Feature", "properties": { "colonia": "PORTALES II", "alcaldia": "BENITO JUAREZ", "cveut": "14-067" }, "geometry": { "type": "Polygon", "coordinates": [ [ [ -99.15624, 19.36898 ], [ -99.15475, 19.36871 ], [ -99.15448, 19.37001 ], [ -99.14188, 19.36804 ], [ -99.1425, 19.36431 ], [ -99.15548, 19.36635 ], [ -99.15624, 19.36898 ] ] ] } },
{ "type": "Feature", "properties": { "colonia": "HIPODROMO II", "alcaldia": "CUAUHTEMOC", "cveut": "15-055" }, "geometry": { "type": "Polygon", "coordinates": [ [ [ -99.1739, 19.41146 ], [ -99.17247, 19.4115 ], [ -99.17299, 19.41023 ], [ -99.17202, 19.40735 ], [ -99.16832, 19.40895 ], [ -99.16773, 19.4082 ], [ -99.17041, 19.40006 ], [ -99.17118, 19.40351 ], [ -99.1807, 19.40669 ], [ -99.17744, 19.40756 ], [ -99.1739, 19.41146 ] ] ] } },
{ "type": "Feature", "properties": { "colonia": "SANTA CECILIA", "alcaldia": "TLAHUAC", "cveut": "11-041" }, "geometry": { "type": "Polygon", "coordinates": [ [ [ -99.01249, 19.28229 ], [ -99.00112, 19.28097 ], [ -99.0022, 19.27545 ], [ -99.00337, 19.27635 ], [ -99.00908, 19.27633 ], [ -99.01017, 19.27803 ], [ -99.01174, 19.27813 ], [ -99.01103, 19.27928 ], [ -99.01249, 19.28229 ] ] ] } },
{ "type": "Feature", "properties": { "colonia": "CONSEJO AGRARISTA MEXICANO I", "alcaldia": "IZTAPALAPA", "cveut": "07-264" }, "geometry": { "type": "Polygon", "coordinates": [ [ [ -99.05868, 19.33017 ], [ -99.05931, 19.3288 ], [ -99.05813, 19.32783 ], [ -99.05871, 19.32711 ], [ -99.05364, 19.32426 ], [ -99.0543, 19.32351 ], [ -99.0527, 19.32236 ], [ -99.05382, 19.32097 ], [ -99.05655, 19.32066 ], [ -99.05744, 19.31955 ], [ -99.06359, 19.32401 ], [ -99.05868, 19.33017 ] ] ] } },
{ "type": "Feature", "properties": { "colonia": "XOCO", "alcaldia": "BENITO JUAREZ", "cveut": "14-049" }, "geometry": { "type": "Polygon", "coordinates": [ [ [ -99.16766, 19.36634 ], [ -99.1627, 19.36467 ], [ -99.16347, 19.35828 ], [ -99.16964, 19.35862 ], [ -99.1718, 19.3596 ], [ -99.16766, 19.36634 ] ] ] } },
{ "type": "Feature", "properties": { "colonia": "SANTO TOMAS", "alcaldia": "AZCAPOTZALCO", "cveut": "02-099" }, "geometry": { "type": "Polygon", "coordinates": [ [ [ -99.17906, 19.48938 ], [ -99.17353, 19.49073 ], [ -99.17473, 19.48119 ], [ -99.18143, 19.48261 ], [ -99.17906, 19.48938 ] ] ] } },
{ "type": "Feature", "properties": { "colonia": "JARDINES DEL PEDREGAL", "alcaldia": "COYOACAN", "cveut": "03-062" }, "geometry": { "type": "Polygon", "coordinates": [ [ [ -99.19383, 19.31005 ], [ -99.18682, 19.30922 ], [ -99.18598, 19.30287 ], [ -99.19292, 19.3021 ], [ -99.19383, 19.31005 ] ] ] } },
{ "type": "Feature", "properties": { "colonia": "LOMAS DE TARANGO", "alcaldia": "ALVARO OBREGON", "cveut": "10-143" }, "geometry": { "type": "Polygon", "coordinates": [ [ [ -99.21704, 19.36202 ], [ -99.22082, 19.36513 ], [ -99.21902, 19.36536 ], [ -99.21852, 19.36691 ], [ -99.21499, 19.36789 ], [ -99.21263, 19.36669 ], [ -99.21265, 19.36546 ], [ -99.21016, 19.36542 ], [ -99.21313, 19.36184 ], [ -99.2125, 19.36 ], [ -99.21498, 19.35839 ], [ -99.21408, 19.35975 ], [ -99.21826, 19.35882 ], [ -99.21653, 19.36035 ], [ -99.21716, 19.35984 ], [ -99.21785, 19.36062 ], [ -99.21704, 19.36202 ] ] ] } },
{ "type": "Feature", "properties": { "colonia": "SAN SIMON TOLNAHUAC", "alcaldia": "CUAUHTEMOC", "cveut": "15-027" }, "geometry": { "type": "Polygon", "coordinates": [ [ [ -99.14168, 19.46578 ], [ -99.13861, 19.46522 ], [ -99.14101, 19.46497 ], [ -99.14204, 19.4638 ], [ -99.13949, 19.45906 ], [ -99.14038, 19.45521 ], [ -99.1489, 19.4572 ], [ -99.14478, 19.46177 ], [ -99.14411, 19.46133 ], [ -99.14468, 19.4619 ], [ -99.14323, 19.46392 ], [ -99.14403, 19.46484 ], [ -99.14168, 19.46578 ] ] ] } },
{ "type": "Feature", "properties": { "colonia": "VILLA GUSTAVO A MADERO", "alcaldia": "GUSTAVO A. MADERO", "cveut": "05-199" }, "geometry": { "type": "Polygon", "coordinates": [ [ [ -99.11732, 19.48893 ], [ -99.11277, 19.48742 ], [ -99.11341, 19.48415 ], [ -99.10626, 19.4825 ], [ -99.10847, 19.47929 ], [ -99.11168, 19.48116 ], [ -99.11929, 19.48322 ], [ -99.11732, 19.48893 ] ] ] } },
{ "type": "Feature", "properties": { "colonia": "VIADUCTO PIEDAD", "alcaldia": "IZTACALCO", "cveut": "06-038" }, "geometry": { "type": "Polygon", "coordinates": [ [ [ -99.13056, 19.40313 ], [ -99.12568, 19.40435 ], [ -99.12501, 19.40141 ], [ -99.12659, 19.40141 ], [ -99.12668, 19.39874 ], [ -99.13715, 19.39905 ], [ -99.1365, 19.40342 ], [ -99.13056, 19.40313 ] ] ] } },
{ "type": "Feature", "properties": { "colonia": "SAN AGUSTIN OHTENCO (PBLO)", "alcaldia": "MILPA ALTA", "cveut": "09-001" }, "geometry": { "type": "Polygon", "coordinates": [ [ [ -99.01694, 19.19373 ], [ -99.01594, 19.19603 ], [ -99.01398, 19.19756 ], [ -99.00803, 19.20058 ], [ -99.00995, 19.19782 ], [ -99.00854, 19.19547 ], [ -99.01035, 19.19332 ], [ -99.00976, 19.1911 ], [ -99.01156, 19.1891 ], [ -99.01509, 19.19154 ], [ -99.01536, 19.19344 ], [ -99.01694, 19.19373 ] ] ] } },
{ "type": "Feature", "properties": { "colonia": "SECTOR POPULAR", "alcaldia": "IZTAPALAPA", "cveut": "07-220" }, "geometry": { "type": "Polygon", "coordinates": [ [ [ -99.12228, 19.36927 ], [ -99.11284, 19.3696 ], [ -99.11429, 19.36334 ], [ -99.12215, 19.36414 ], [ -99.12228, 19.36927 ] ] ] } },
{ "type": "Feature", "properties": { "colonia": "GENERAL PEDRO MARIA ANAYA", "alcaldia": "BENITO JUAREZ", "cveut": "14-015" }, "geometry": { "type": "Polygon", "coordinates": [ [ [ -99.1627, 19.36467 ], [ -99.15415, 19.36176 ], [ -99.15299, 19.3577 ], [ -99.16347, 19.35828 ], [ -99.1627, 19.36467 ] ] ] } },
{ "type": "Feature", "properties": { "colonia": "DESARROLLO URBANO QUETZALCOATL  I", "alcaldia": "IZTAPALAPA", "cveut": "07-268" }, "geometry": { "type": "Polygon", "coordinates": [ [ [ -99.03921, 19.33237 ], [ -99.04038, 19.33397 ], [ -99.04282, 19.33315 ], [ -99.04284, 19.33475 ], [ -99.04649, 19.33438 ], [ -99.04652, 19.33798 ], [ -99.03671, 19.33537 ], [ -99.03736, 19.33337 ], [ -99.03492, 19.33337 ], [ -99.03531, 19.33197 ], [ -99.03695, 19.33095 ], [ -99.03622, 19.33014 ], [ -99.03766, 19.32628 ], [ -99.03901, 19.32606 ], [ -99.0392, 19.32872 ], [ -99.04057, 19.32819 ], [ -99.03921, 19.33237 ] ] ] } },
{ "type": "Feature", "properties": { "colonia": "PORTALES III", "alcaldia": "BENITO JUAREZ", "cveut": "14-068" }, "geometry": { "type": "Polygon", "coordinates": [ [ [ -99.15548, 19.36635 ], [ -99.1425, 19.36431 ], [ -99.14314, 19.3606 ], [ -99.15415, 19.36176 ], [ -99.15548, 19.36635 ] ] ] } },
{ "type": "Feature", "properties": { "colonia": "MOCTEZUMA 2A SECCION II", "alcaldia": "VENUSTIANO CARRANZA", "cveut": "17-080" }, "geometry": { "type": "Polygon", "coordinates": [ [ [ -99.09358, 19.43559 ], [ -99.08908, 19.43332 ], [ -99.09258, 19.42703 ], [ -99.09964, 19.43056 ], [ -99.09831, 19.43178 ], [ -99.10035, 19.43276 ], [ -99.09944, 19.4344 ], [ -99.09538, 19.43235 ], [ -99.09358, 19.43559 ] ] ] } },
{ "type": "Feature", "properties": { "colonia": "NARVARTE V", "alcaldia": "BENITO JUAREZ", "cveut": "14-064" }, "geometry": { "type": "Polygon", "coordinates": [ [ [ -99.15643, 19.39078 ], [ -99.15239, 19.39019 ], [ -99.15325, 19.38886 ], [ -99.15153, 19.38862 ], [ -99.15193, 19.38646 ], [ -99.15437, 19.38698 ], [ -99.15875, 19.37934 ], [ -99.16221, 19.38828 ], [ -99.15686, 19.3875 ], [ -99.15643, 19.39078 ] ] ] } },
{ "type": "Feature", "properties": { "colonia": "SAN RAFAEL TICOMAN (BARR)", "alcaldia": "GUSTAVO A. MADERO", "cveut": "05-169" }, "geometry": { "type": "Polygon", "coordinates": [ [ [ -99.12433, 19.51919 ], [ -99.11682, 19.51295 ], [ -99.11434, 19.51089 ], [ -99.12436, 19.51118 ], [ -99.12408, 19.51308 ], [ -99.12578, 19.51624 ], [ -99.12827, 19.51819 ], [ -99.12433, 19.51919 ] ] ] } },
{ "type": "Feature", "properties": { "colonia": "PANTITLAN II", "alcaldia": "IZTACALCO", "cveut": "06-057" }, "geometry": { "type": "Polygon", "coordinates": [ [ [ -99.05604, 19.42215 ], [ -99.05693, 19.41234 ], [ -99.06061, 19.41328 ], [ -99.0607, 19.41246 ], [ -99.06254, 19.41267 ], [ -99.06207, 19.41666 ], [ -99.06415, 19.41691 ], [ -99.0639, 19.41909 ], [ -99.06183, 19.4189 ], [ -99.06173, 19.41982 ], [ -99.05994, 19.41965 ], [ -99.05984, 19.42093 ], [ -99.05723, 19.42107 ], [ -99.05604, 19.42215 ] ] ] } },
{ "type": "Feature", "properties": { "colonia": "AMPLIACION MIGUEL HIDALGO 4A SECC", "alcaldia": "TLALPAN", "cveut": "12-004" }, "geometry": { "type": "Polygon", "coordinates": [ [ [ -99.21182, 19.27512 ], [ -99.21355, 19.27852 ], [ -99.21235, 19.27947 ], [ -99.21023, 19.27835 ], [ -99.2073, 19.27457 ], [ -99.20605, 19.27233 ], [ -99.20853, 19.27143 ], [ -99.20803, 19.27009 ], [ -99.20682, 19.27037 ], [ -99.20691, 19.26838 ], [ -99.21192, 19.27003 ], [ -99.21475, 19.27264 ], [ -99.21182, 19.27512 ] ] ] } },
{ "type": "Feature", "properties": { "colonia": "CHAPULTEPEC MORALES (POLANCO)", "alcaldia": "MIGUEL HIDALGO", "cveut": "16-021" }, "geometry": { "type": "Polygon", "coordinates": [ [ [ -99.19089, 19.43163 ], [ -99.19048, 19.43776 ], [ -99.18419, 19.43749 ], [ -99.18114, 19.4314 ], [ -99.19089, 19.43163 ] ] ] } },
{ "type": "Feature", "properties": { "colonia": "AGRICOLA ORIENTAL V", "alcaldia": "IZTACALCO", "cveut": "06-044" }, "geometry": { "type": "Polygon", "coordinates": [ [ [ -99.06545, 19.39893 ], [ -99.06445, 19.39876 ], [ -99.06619, 19.39075 ], [ -99.07388, 19.39201 ], [ -99.07234, 19.39868 ], [ -99.06978, 19.39828 ], [ -99.07012, 19.3969 ], [ -99.06603, 19.39624 ], [ -99.06545, 19.39893 ] ] ] } },
{ "type": "Feature", "properties": { "colonia": "VERGEL DE COYOACAN-VERGEL DEL SUR", "alcaldia": "TLALPAN", "cveut": "12-188" }, "geometry": { "type": "Polygon", "coordinates": [ [ [ -99.14255, 19.29964 ], [ -99.13481, 19.30825 ], [ -99.13282, 19.30735 ], [ -99.13504, 19.30443 ], [ -99.13459, 19.29655 ], [ -99.14255, 19.29964 ] ] ] } },
{ "type": "Feature", "properties": { "colonia": "DEPORTIVA PENSIL", "alcaldia": "MIGUEL HIDALGO", "cveut": "16-028" }, "geometry": { "type": "Polygon", "coordinates": [ [ [ -99.20239, 19.45085 ], [ -99.19922, 19.4524 ], [ -99.19982, 19.45009 ], [ -99.2026, 19.45046 ], [ -99.20166, 19.44929 ], [ -99.20203, 19.44786 ], [ -99.20363, 19.44843 ], [ -99.20428, 19.44668 ], [ -99.20576, 19.44796 ], [ -99.21181, 19.44984 ], [ -99.21649, 19.45341 ], [ -99.21282, 19.4537 ], [ -99.20239, 19.45085 ] ] ] } },
{ "type": "Feature", "properties": { "colonia": "PEDREGAL DE SN NICOLAS 4A SECC I", "alcaldia": "TLALPAN", "cveut": "12-213" }, "geometry": { "type": "Polygon", "coordinates": [ [ [ -99.2365, 19.27528 ], [ -99.23644, 19.2738 ], [ -99.24178, 19.27311 ], [ -99.24188, 19.27668 ], [ -99.24255, 19.27636 ], [ -99.24244, 19.27796 ], [ -99.24421, 19.2785 ], [ -99.24432, 19.28005 ], [ -99.24029, 19.28199 ], [ -99.23783, 19.28184 ], [ -99.23707, 19.28288 ], [ -99.23621, 19.27962 ], [ -99.23762, 19.27943 ], [ -99.23772, 19.28081 ], [ -99.23895, 19.28072 ], [ -99.23887, 19.27639 ], [ -99.23404, 19.27699 ], [ -99.2342, 19.27433 ], [ -99.2365, 19.27528 ] ] ] } },
{ "type": "Feature", "properties": { "colonia": "SAN FELIPE DE JESUS III", "alcaldia": "GUSTAVO A. MADERO", "cveut": "05-239" }, "geometry": { "type": "Polygon", "coordinates": [ [ [ -99.07787, 19.50391 ], [ -99.07254, 19.50117 ], [ -99.07407, 19.49749 ], [ -99.07281, 19.49669 ], [ -99.07352, 19.49569 ], [ -99.0748, 19.49652 ], [ -99.07718, 19.49319 ], [ -99.07911, 19.49432 ], [ -99.07772, 19.49712 ], [ -99.08111, 19.4993 ], [ -99.07787, 19.50391 ] ] ] } },
{ "type": "Feature", "properties": { "colonia": "AGRICOLA ORIENTAL VI", "alcaldia": "IZTACALCO", "cveut": "06-045" }, "geometry": { "type": "Polygon", "coordinates": [ [ [ -99.06619, 19.39075 ], [ -99.06404, 19.40089 ], [ -99.05843, 19.39766 ], [ -99.05938, 19.3923 ], [ -99.06297, 19.3929 ], [ -99.06356, 19.39031 ], [ -99.06619, 19.39075 ] ] ] } },
{ "type": "Feature", "properties": { "colonia": "PENSADOR MEXICANO I", "alcaldia": "VENUSTIANO CARRANZA", "cveut": "17-085" }, "geometry": { "type": "Polygon", "coordinates": [ [ [ -99.08046, 19.45009 ], [ -99.07604, 19.44881 ], [ -99.081, 19.44486 ], [ -99.07739, 19.44283 ], [ -99.08004, 19.44185 ], [ -99.08088, 19.44339 ], [ -99.08148, 19.44251 ], [ -99.08254, 19.4431 ], [ -99.08529, 19.44143 ], [ -99.08702, 19.44573 ], [ -99.08046, 19.45009 ] ] ] } },
{ "type": "Feature", "properties": { "colonia": "LOMAS DE AXOMIATLA", "alcaldia": "ALVARO OBREGON", "cveut": "10-123" }, "geometry": { "type": "Polygon", "coordinates": [ [ [ -99.25629, 19.34239 ], [ -99.25744, 19.34339 ], [ -99.25439, 19.34584 ], [ -99.24857, 19.34563 ], [ -99.24879, 19.34465 ], [ -99.24699, 19.34386 ], [ -99.24917, 19.34237 ], [ -99.24794, 19.34001 ], [ -99.25149, 19.33863 ], [ -99.252, 19.34012 ], [ -99.25458, 19.34159 ], [ -99.25611, 19.34171 ], [ -99.25553, 19.33988 ], [ -99.25637, 19.33959 ], [ -99.25911, 19.34121 ], [ -99.25629, 19.34239 ] ] ] } },
{ "type": "Feature", "properties": { "colonia": "SAN JUAN DE ARAGON 3A SECCION (U HAB) I", "alcaldia": "GUSTAVO A. MADERO", "cveut": "05-159" }, "geometry": { "type": "Polygon", "coordinates": [ [ [ -99.07135, 19.45642 ], [ -99.07029, 19.45242 ], [ -99.07122, 19.45221 ], [ -99.07071, 19.45011 ], [ -99.07187, 19.44976 ], [ -99.06977, 19.44813 ], [ -99.06986, 19.44688 ], [ -99.08069, 19.45009 ], [ -99.07135, 19.45642 ] ] ] } },
{ "type": "Feature", "properties": { "colonia": "PEDREGAL DE SN NICOLAS 2A SECC", "alcaldia": "TLALPAN", "cveut": "12-118" }, "geometry": { "type": "Polygon", "coordinates": [ [ [ -99.24031, 19.28919 ], [ -99.23979, 19.29067 ], [ -99.22993, 19.29138 ], [ -99.22966, 19.28715 ], [ -99.24078, 19.28636 ], [ -99.24238, 19.28925 ], [ -99.24031, 19.28919 ] ] ] } },
{ "type": "Feature", "properties": { "colonia": "CITLALLI", "alcaldia": "IZTAPALAPA", "cveut": "07-030" }, "geometry": { "type": "Polygon", "coordinates": [ [ [ -99.0212, 19.33687 ], [ -99.022, 19.33499 ], [ -99.02501, 19.33564 ], [ -99.02504, 19.34036 ], [ -99.02657, 19.34062 ], [ -99.02537, 19.34475 ], [ -99.02105, 19.34535 ], [ -99.01956, 19.34029 ], [ -99.02055, 19.34034 ], [ -99.02045, 19.33673 ], [ -99.0212, 19.33687 ] ] ] } },
{ "type": "Feature", "properties": { "colonia": "CUCHILLA DEL TESORO", "alcaldia": "GUSTAVO A. MADERO", "cveut": "05-035" }, "geometry": { "type": "Polygon", "coordinates": [ [ [ -99.06224, 19.44485 ], [ -99.06725, 19.44668 ], [ -99.05177, 19.45226 ], [ -99.05093, 19.45012 ], [ -99.05258, 19.44842 ], [ -99.06224, 19.44485 ] ] ] } },
{ "type": "Feature", "properties": { "colonia": "DR ALFONSO ORTIZ TIRADO", "alcaldia": "IZTAPALAPA", "cveut": "07-041" }, "geometry": { "type": "Polygon", "coordinates": [ [ [ -99.08089, 19.38537 ], [ -99.07999, 19.39056 ], [ -99.07483, 19.38788 ], [ -99.07608, 19.38311 ], [ -99.0809, 19.38142 ], [ -99.08394, 19.38225 ], [ -99.0835, 19.38569 ], [ -99.08089, 19.38537 ] ] ] } },
{ "type": "Feature", "properties": { "colonia": "SAN JUAN Y GUADALUPE TICOMAN (BARR)", "alcaldia": "GUSTAVO A. MADERO", "cveut": "05-164" }, "geometry": { "type": "Polygon", "coordinates": [ [ [ -99.12827, 19.51819 ], [ -99.13451, 19.51769 ], [ -99.13444, 19.51953 ], [ -99.13544, 19.52027 ], [ -99.1323, 19.52059 ], [ -99.13092, 19.52619 ], [ -99.13003, 19.52684 ], [ -99.12923, 19.52688 ], [ -99.12612, 19.52104 ], [ -99.12434, 19.51959 ], [ -99.12827, 19.51819 ] ] ] } },
{ "type": "Feature", "properties": { "colonia": "PARQUE SAN ANDRES", "alcaldia": "COYOACAN", "cveut": "03-085" }, "geometry": { "type": "Polygon", "coordinates": [ [ [ -99.15082, 19.34998 ], [ -99.14546, 19.34909 ], [ -99.14401, 19.34284 ], [ -99.14537, 19.34233 ], [ -99.15567, 19.3437 ], [ -99.15103, 19.34516 ], [ -99.15082, 19.34998 ] ] ] } },
{ "type": "Feature", "properties": { "colonia": "SAN SEBASTIAN TECOLOXTITLAN (PBLO)", "alcaldia": "IZTAPALAPA", "cveut": "07-203" }, "geometry": { "type": "Polygon", "coordinates": [ [ [ -99.01539, 19.36007 ], [ -99.01533, 19.35754 ], [ -99.02242, 19.36007 ], [ -99.01874, 19.36572 ], [ -99.0171, 19.36517 ], [ -99.01626, 19.36736 ], [ -99.01458, 19.36678 ], [ -99.01572, 19.3637 ], [ -99.01153, 19.36277 ], [ -99.01539, 19.36007 ] ] ] } },
{ "type": "Feature", "properties": { "colonia": "ESCANDON I", "alcaldia": "MIGUEL HIDALGO", "cveut": "16-090" }, "geometry": { "type": "Polygon", "coordinates": [ [ [ -99.18428, 19.40792 ], [ -99.17118, 19.40351 ], [ -99.17184, 19.40033 ], [ -99.18164, 19.40342 ], [ -99.18466, 19.40333 ], [ -99.18428, 19.40792 ] ] ] } },
{ "type": "Feature", "properties": { "colonia": "AGRICOLA ORIENTAL IV", "alcaldia": "IZTACALCO", "cveut": "06-043" }, "geometry": { "type": "Polygon", "coordinates": [ [ [ -99.07085, 19.4052 ], [ -99.05838, 19.39801 ], [ -99.05843, 19.39766 ], [ -99.06404, 19.40089 ], [ -99.06603, 19.39624 ], [ -99.07012, 19.3969 ], [ -99.06978, 19.39828 ], [ -99.07234, 19.39868 ], [ -99.07085, 19.4052 ] ] ] } },
{ "type": "Feature", "properties": { "colonia": "ERMITA ZARAGOZA (U HAB) II", "alcaldia": "IZTAPALAPA", "cveut": "07-274" }, "geometry": { "type": "Polygon", "coordinates": [ [ [ -99.00218, 19.36695 ], [ -99.00016, 19.3684 ], [ -98.9984, 19.37142 ], [ -98.9917, 19.36755 ], [ -98.99218, 19.36542 ], [ -98.99473, 19.36554 ], [ -98.99483, 19.36366 ], [ -98.99973, 19.36393 ], [ -99.00218, 19.36695 ] ] ] } },
{ "type": "Feature", "properties": { "colonia": "ZENTLAPATL", "alcaldia": "CUAJIMALPA DE MORELOS", "cveut": "04-052" }, "geometry": { "type": "Polygon", "coordinates": [ [ [ -99.31402, 19.35039 ], [ -99.31171, 19.35308 ], [ -99.30968, 19.35366 ], [ -99.31047, 19.35359 ], [ -99.3076, 19.35759 ], [ -99.30393, 19.3573 ], [ -99.30783, 19.34459 ], [ -99.30817, 19.34921 ], [ -99.30742, 19.35022 ], [ -99.30908, 19.35103 ], [ -99.30885, 19.35207 ], [ -99.31148, 19.35032 ], [ -99.31235, 19.34852 ], [ -99.31333, 19.34861 ], [ -99.31402, 19.35039 ] ] ] } },
{ "type": "Feature", "properties": { "colonia": "NONOALCO", "alcaldia": "BENITO JUAREZ", "cveut": "14-033" }, "geometry": { "type": "Polygon", "coordinates": [ [ [ -99.19089, 19.3849 ], [ -99.18307, 19.38523 ], [ -99.1848, 19.38089 ], [ -99.187, 19.38112 ], [ -99.18762, 19.37642 ], [ -99.19161, 19.37801 ], [ -99.1916, 19.3833 ], [ -99.19089, 19.3849 ] ] ] } },
{ "type": "Feature", "properties": { "colonia": "CONSTITUCION DE LA REPUBLICA", "alcaldia": "GUSTAVO A. MADERO", "cveut": "05-029" }, "geometry": { "type": "Polygon", "coordinates": [ [ [ -99.10259, 19.48758 ], [ -99.09595, 19.4843 ], [ -99.09809, 19.47928 ], [ -99.10626, 19.4825 ], [ -99.10259, 19.48758 ] ] ] } },
{ "type": "Feature", "properties": { "colonia": "SAN MIGUEL TEHUISCO-LOS ANGELES-AYOMETITLA", "alcaldia": "TLALPAN", "cveut": "12-156" }, "geometry": { "type": "Polygon", "coordinates": [ [ [ -99.15461, 19.21187 ], [ -99.15637, 19.20806 ], [ -99.1561, 19.20629 ], [ -99.1614, 19.20787 ], [ -99.16108, 19.20915 ], [ -99.16181, 19.2081 ], [ -99.1635, 19.20881 ], [ -99.16284, 19.21151 ], [ -99.15963, 19.21013 ], [ -99.15996, 19.213 ], [ -99.15925, 19.2131 ], [ -99.15801, 19.21772 ], [ -99.15673, 19.21637 ], [ -99.15664, 19.21707 ], [ -99.15509, 19.21688 ], [ -99.15625, 19.21539 ], [ -99.15621, 19.2134 ], [ -99.15461, 19.21187 ] ] ] } },
{ "type": "Feature", "properties": { "colonia": "PARAJE SAN JUAN", "alcaldia": "IZTAPALAPA", "cveut": "07-154" }, "geometry": { "type": "Polygon", "coordinates": [ [ [ -99.07459, 19.33887 ], [ -99.07695, 19.34587 ], [ -99.07511, 19.34452 ], [ -99.07501, 19.34622 ], [ -99.07105, 19.34473 ], [ -99.06532, 19.33907 ], [ -99.07459, 19.33887 ] ] ] } },
{ "type": "Feature", "properties": { "colonia": "ALPES", "alcaldia": "ALVARO OBREGON", "cveut": "10-010" }, "geometry": { "type": "Polygon", "coordinates": [ [ [ -99.19568, 19.36411 ], [ -99.18904, 19.36308 ], [ -99.18958, 19.35929 ], [ -99.19924, 19.35588 ], [ -99.19568, 19.36411 ] ] ] } },
{ "type": "Feature", "properties": { "colonia": "SAN BARTOLO ATEPEHUACAN (PBLO)", "alcaldia": "GUSTAVO A. MADERO", "cveut": "05-151" }, "geometry": { "type": "Polygon", "coordinates": [ [ [ -99.1437, 19.49547 ], [ -99.1397, 19.49409 ], [ -99.14008, 19.49214 ], [ -99.13836, 19.49187 ], [ -99.13892, 19.48905 ], [ -99.14481, 19.49024 ], [ -99.14844, 19.49947 ], [ -99.14305, 19.49725 ], [ -99.1437, 19.49547 ] ] ] } },
{ "type": "Feature", "properties": { "colonia": "SAN PEDRO (BARR)", "alcaldia": "IZTAPALAPA", "cveut": "07-202" }, "geometry": { "type": "Polygon", "coordinates": [ [ [ -99.09005, 19.36148 ], [ -99.0894, 19.36321 ], [ -99.08726, 19.36368 ], [ -99.08688, 19.36696 ], [ -99.08252, 19.37151 ], [ -99.08029, 19.3717 ], [ -99.08458, 19.36023 ], [ -99.08552, 19.36138 ], [ -99.0862, 19.36044 ], [ -99.09005, 19.36148 ] ] ] } },
{ "type": "Feature", "properties": { "colonia": "BUENAVISTA II", "alcaldia": "CUAUHTEMOC", "cveut": "15-036" }, "geometry": { "type": "Polygon", "coordinates": [ [ [ -99.15325, 19.44635 ], [ -99.14741, 19.44537 ], [ -99.14911, 19.43789 ], [ -99.15565, 19.43978 ], [ -99.15325, 19.44635 ] ] ] } },
{ "type": "Feature", "properties": { "colonia": "SANTA MARIA LA RIBERA I", "alcaldia": "CUAUHTEMOC", "cveut": "15-075" }, "geometry": { "type": "Polygon", "coordinates": [ [ [ -99.16374, 19.45578 ], [ -99.15181, 19.45403 ], [ -99.15259, 19.44989 ], [ -99.156, 19.45049 ], [ -99.15566, 19.45229 ], [ -99.15705, 19.45251 ], [ -99.15739, 19.45068 ], [ -99.16425, 19.45182 ], [ -99.16374, 19.45578 ] ] ] } },
{ "type": "Feature", "properties": { "colonia": "NATIVITAS", "alcaldia": "BENITO JUAREZ", "cveut": "14-030" }, "geometry": { "type": "Polygon", "coordinates": [ [ [ -99.13908, 19.38646 ], [ -99.13381, 19.38578 ], [ -99.13559, 19.37728 ], [ -99.14053, 19.37695 ], [ -99.13908, 19.38646 ] ] ] } },
{ "type": "Feature", "properties": { "colonia": "TETELPAN", "alcaldia": "ALVARO OBREGON", "cveut": "10-213" }, "geometry": { "type": "Polygon", "coordinates": [ [ [ -99.23624, 19.34177 ], [ -99.23952, 19.34163 ], [ -99.23286, 19.34292 ], [ -99.23102, 19.34479 ], [ -99.22787, 19.34477 ], [ -99.22773, 19.34348 ], [ -99.22921, 19.3417 ], [ -99.22893, 19.33894 ], [ -99.23496, 19.33787 ], [ -99.24101, 19.3388 ], [ -99.2373, 19.33967 ], [ -99.23624, 19.34177 ] ] ] } },
{ "type": "Feature", "properties": { "colonia": "MOCTEZUMA 2A SECCION IV", "alcaldia": "VENUSTIANO CARRANZA", "cveut": "17-082" }, "geometry": { "type": "Polygon", "coordinates": [ [ [ -99.09964, 19.43056 ], [ -99.09258, 19.42703 ], [ -99.09444, 19.42357 ], [ -99.10003, 19.42303 ], [ -99.10215, 19.42606 ], [ -99.10065, 19.42752 ], [ -99.10219, 19.4283 ], [ -99.09964, 19.43056 ] ] ] } },
{ "type": "Feature", "properties": { "colonia": "AGRICOLA ORIENTAL VIII", "alcaldia": "IZTACALCO", "cveut": "06-047" }, "geometry": { "type": "Polygon", "coordinates": [ [ [ -99.06297, 19.3929 ], [ -99.05938, 19.3923 ], [ -99.06092, 19.38268 ], [ -99.0664, 19.38364 ], [ -99.06551, 19.38765 ], [ -99.06443, 19.38746 ], [ -99.0649, 19.39053 ], [ -99.06356, 19.39031 ], [ -99.06297, 19.3929 ] ] ] } },
{ "type": "Feature", "properties": { "colonia": "VALLEJO I", "alcaldia": "GUSTAVO A. MADERO", "cveut": "05-249" }, "geometry": { "type": "Polygon", "coordinates": [ [ [ -99.13692, 19.47119 ], [ -99.12847, 19.46904 ], [ -99.12905, 19.46737 ], [ -99.13008, 19.46769 ], [ -99.13041, 19.46671 ], [ -99.13247, 19.46736 ], [ -99.13293, 19.46603 ], [ -99.13383, 19.46611 ], [ -99.13297, 19.4649 ], [ -99.14168, 19.46578 ], [ -99.13692, 19.47119 ] ] ] } },
{ "type": "Feature", "properties": { "colonia": "DEL RECREO", "alcaldia": "AZCAPOTZALCO", "cveut": "02-018" }, "geometry": { "type": "Polygon", "coordinates": [ [ [ -99.18718, 19.47729 ], [ -99.18457, 19.4773 ], [ -99.17875, 19.4705 ], [ -99.18416, 19.46912 ], [ -99.18748, 19.46948 ], [ -99.18718, 19.47729 ] ] ] } },
{ "type": "Feature", "properties": { "colonia": "CAMPESTRE ARAGON II", "alcaldia": "GUSTAVO A. MADERO", "cveut": "05-216" }, "geometry": { "type": "Polygon", "coordinates": [ [ [ -99.07786, 19.47902 ], [ -99.08795, 19.48321 ], [ -99.08764, 19.48403 ], [ -99.08428, 19.48289 ], [ -99.08253, 19.48688 ], [ -99.07728, 19.48606 ], [ -99.07774, 19.48369 ], [ -99.07616, 19.48344 ], [ -99.07797, 19.47794 ], [ -99.07786, 19.47902 ] ] ] } },
{ "type": "Feature", "properties": { "colonia": "CENTRO VII", "alcaldia": "CUAUHTEMOC", "cveut": "15-043" }, "geometry": { "type": "Polygon", "coordinates": [ [ [ -99.12958, 19.43542 ], [ -99.12754, 19.43517 ], [ -99.12765, 19.43434 ], [ -99.12593, 19.43412 ], [ -99.12609, 19.43298 ], [ -99.12454, 19.43282 ], [ -99.12563, 19.42565 ], [ -99.12872, 19.42686 ], [ -99.12858, 19.42781 ], [ -99.13075, 19.42712 ], [ -99.13088, 19.42629 ], [ -99.13294, 19.42656 ], [ -99.13257, 19.42912 ], [ -99.1305, 19.42883 ], [ -99.12958, 19.43542 ] ] ] } },
{ "type": "Feature", "properties": { "colonia": "MODELO (U)", "alcaldia": "IZTAPALAPA", "cveut": "07-145" }, "geometry": { "type": "Polygon", "coordinates": [ [ [ -99.12994, 19.36025 ], [ -99.12541, 19.36839 ], [ -99.12228, 19.36937 ], [ -99.12227, 19.36054 ], [ -99.12535, 19.36118 ], [ -99.12589, 19.35926 ], [ -99.12994, 19.36025 ] ] ] } },
{ "type": "Feature", "properties": { "colonia": "CTM V CULHUACAN (U HAB)", "alcaldia": "COYOACAN", "cveut": "03-029" }, "geometry": { "type": "Polygon", "coordinates": [ [ [ -99.11328, 19.33317 ], [ -99.1129, 19.33572 ], [ -99.10741, 19.32819 ], [ -99.1182, 19.32888 ], [ -99.11851, 19.33284 ], [ -99.11681, 19.33251 ], [ -99.11539, 19.3345 ], [ -99.11328, 19.33317 ] ] ] } },
{ "type": "Feature", "properties": { "colonia": "LOMAS DE MEMETLA", "alcaldia": "CUAJIMALPA DE MORELOS", "cveut": "04-031" }, "geometry": { "type": "Polygon", "coordinates": [ [ [ -99.28863, 19.35246 ], [ -99.28973, 19.35373 ], [ -99.29318, 19.35444 ], [ -99.28847, 19.36117 ], [ -99.28529, 19.35961 ], [ -99.2837, 19.36047 ], [ -99.28294, 19.35919 ], [ -99.28634, 19.35492 ], [ -99.28564, 19.35368 ], [ -99.28863, 19.35246 ] ] ] } },
{ "type": "Feature", "properties": { "colonia": "AGUA BENDITA", "alcaldia": "CUAJIMALPA DE MORELOS", "cveut": "04-003" }, "geometry": { "type": "Polygon", "coordinates": [ [ [ -99.31284, 19.35953 ], [ -99.30945, 19.35943 ], [ -99.30628, 19.36166 ], [ -99.30392, 19.36026 ], [ -99.30376, 19.35789 ], [ -99.3076, 19.35759 ], [ -99.31047, 19.35359 ], [ -99.30968, 19.35366 ], [ -99.31171, 19.35308 ], [ -99.31325, 19.35071 ], [ -99.31593, 19.3496 ], [ -99.31727, 19.34646 ], [ -99.31769, 19.34633 ], [ -99.31679, 19.34958 ], [ -99.31482, 19.35116 ], [ -99.31162, 19.35674 ], [ -99.31284, 19.35953 ] ] ] } },
{ "type": "Feature", "properties": { "colonia": "SAN LORENZO LA CEBADA I", "alcaldia": "XOCHIMILCO", "cveut": "13-075" }, "geometry": { "type": "Polygon", "coordinates": [ [ [ -99.11391, 19.28985 ], [ -99.11736, 19.28098 ], [ -99.12449, 19.2837 ], [ -99.12506, 19.28267 ], [ -99.12445, 19.28537 ], [ -99.11391, 19.28985 ] ] ] } },
{ "type": "Feature", "properties": { "colonia": "BUENAVISTA I", "alcaldia": "CUAUHTEMOC", "cveut": "15-035" }, "geometry": { "type": "Polygon", "coordinates": [ [ [ -99.15181, 19.45403 ], [ -99.14582, 19.45242 ], [ -99.14741, 19.44537 ], [ -99.15325, 19.44635 ], [ -99.15181, 19.45403 ] ] ] } },
{ "type": "Feature", "properties": { "colonia": "SAN MIGUEL (AMPL)", "alcaldia": "TLAHUAC", "cveut": "11-035" }, "geometry": { "type": "Polygon", "coordinates": [ [ [ -98.97864, 19.29607 ], [ -98.96884, 19.29469 ], [ -98.96951, 19.29021 ], [ -98.97942, 19.29153 ], [ -98.97864, 19.29607 ] ] ] } },
{ "type": "Feature", "properties": { "colonia": "ARGENTINA ANTIGUA", "alcaldia": "MIGUEL HIDALGO", "cveut": "16-014" }, "geometry": { "type": "Polygon", "coordinates": [ [ [ -99.20995, 19.45565 ], [ -99.20141, 19.4582 ], [ -99.19781, 19.45885 ], [ -99.19844, 19.45702 ], [ -99.20102, 19.45695 ], [ -99.20187, 19.45319 ], [ -99.20981, 19.45534 ], [ -99.21041, 19.45291 ], [ -99.21715, 19.45396 ], [ -99.21513, 19.45662 ], [ -99.20995, 19.45565 ] ] ] } },
{ "type": "Feature", "properties": { "colonia": "SAN FRANCISCO APOLOCALCO", "alcaldia": "IZTAPALAPA", "cveut": "07-179" }, "geometry": { "type": "Polygon", "coordinates": [ [ [ -98.97059, 19.32635 ], [ -98.97023, 19.32981 ], [ -98.97183, 19.33039 ], [ -98.97144, 19.33182 ], [ -98.96906, 19.33131 ], [ -98.96839, 19.33208 ], [ -98.95999, 19.32493 ], [ -98.96927, 19.3248 ], [ -98.97059, 19.32635 ] ] ] } },
{ "type": "Feature", "properties": { "colonia": "UNIDADES HABITACIONALES DE SANTA ANA PONIENTE I", "alcaldia": "TLAHUAC", "cveut": "11-055" }, "geometry": { "type": "Polygon", "coordinates": [ [ [ -99.05056, 19.30073 ], [ -99.05417, 19.3023 ], [ -99.04527, 19.31339 ], [ -99.04462, 19.30801 ], [ -99.05056, 19.30073 ] ] ] } },
{ "type": "Feature", "properties": { "colonia": "HIPODROMO I", "alcaldia": "CUAUHTEMOC", "cveut": "15-054" }, "geometry": { "type": "Polygon", "coordinates": [ [ [ -99.1739, 19.41146 ], [ -99.17214, 19.41352 ], [ -99.17152, 19.41322 ], [ -99.16961, 19.41625 ], [ -99.16741, 19.41673 ], [ -99.16534, 19.41551 ], [ -99.16773, 19.4082 ], [ -99.16832, 19.40895 ], [ -99.17202, 19.40735 ], [ -99.17299, 19.41023 ], [ -99.17247, 19.4115 ], [ -99.1739, 19.41146 ] ] ] } },
{ "type": "Feature", "properties": { "colonia": "XALPA II", "alcaldia": "IZTAPALAPA", "cveut": "07-306" }, "geometry": { "type": "Polygon", "coordinates": [ [ [ -99.02099, 19.34521 ], [ -99.01781, 19.35006 ], [ -99.01588, 19.34893 ], [ -99.01626, 19.34704 ], [ -99.01476, 19.34525 ], [ -99.01086, 19.34416 ], [ -99.00907, 19.34224 ], [ -99.00984, 19.33959 ], [ -99.01456, 19.34114 ], [ -99.01668, 19.33765 ], [ -99.01659, 19.34093 ], [ -99.01567, 19.34083 ], [ -99.01471, 19.34285 ], [ -99.0162, 19.34297 ], [ -99.0161, 19.34418 ], [ -99.01739, 19.34426 ], [ -99.01777, 19.34582 ], [ -99.02099, 19.34521 ] ] ] } },
{ "type": "Feature", "properties": { "colonia": "MIGUEL GAONA ARMENTA", "alcaldia": "ALVARO OBREGON", "cveut": "10-153" }, "geometry": { "type": "Polygon", "coordinates": [ [ [ -99.25599, 19.35497 ], [ -99.25144, 19.35669 ], [ -99.25001, 19.35566 ], [ -99.24851, 19.35658 ], [ -99.24691, 19.35526 ], [ -99.24767, 19.354 ], [ -99.25851, 19.34829 ], [ -99.2581, 19.34988 ], [ -99.25904, 19.3525 ], [ -99.25635, 19.35276 ], [ -99.25599, 19.35497 ] ] ] } },
{ "type": "Feature", "properties": { "colonia": "INSURGENTES MIXCOAC", "alcaldia": "BENITO JUAREZ", "cveut": "14-017" }, "geometry": { "type": "Polygon", "coordinates": [ [ [ -99.18093, 19.36793 ], [ -99.18809, 19.37246 ], [ -99.18762, 19.37642 ], [ -99.17892, 19.37424 ], [ -99.18093, 19.36793 ] ] ] } },
{ "type": "Feature", "properties": { "colonia": "XICALHUACAN", "alcaldia": "XOCHIMILCO", "cveut": "13-074" }, "geometry": { "type": "Polygon", "coordinates": [ [ [ -99.08439, 19.2507 ], [ -99.08222, 19.25828 ], [ -99.07719, 19.25727 ], [ -99.07995, 19.24792 ], [ -99.08439, 19.2507 ] ] ] } },
{ "type": "Feature", "properties": { "colonia": "TEPALCATES I", "alcaldia": "IZTAPALAPA", "cveut": "07-301" }, "geometry": { "type": "Polygon", "coordinates": [ [ [ -99.05544, 19.38841 ], [ -99.05333, 19.39475 ], [ -99.04734, 19.39129 ], [ -99.04805, 19.3917 ], [ -99.05204, 19.38492 ], [ -99.05911, 19.3896 ], [ -99.05948, 19.39075 ], [ -99.05544, 19.38841 ] ] ] } },
{ "type": "Feature", "properties": { "colonia": "PROGRESISTA", "alcaldia": "IZTAPALAPA", "cveut": "07-164" }, "geometry": { "type": "Polygon", "coordinates": [ [ [ -99.06421, 19.36036 ], [ -99.0663, 19.35246 ], [ -99.06771, 19.35275 ], [ -99.06806, 19.35107 ], [ -99.07284, 19.35371 ], [ -99.07237, 19.35532 ], [ -99.06966, 19.35489 ], [ -99.06696, 19.36357 ], [ -99.06421, 19.36036 ] ] ] } },
{ "type": "Feature", "properties": { "colonia": "ALTOS TEPETLICA", "alcaldia": "XOCHIMILCO", "cveut": "13-001" }, "geometry": { "type": "Polygon", "coordinates": [ [ [ -99.14457, 19.23458 ], [ -99.14301, 19.23016 ], [ -99.15142, 19.22457 ], [ -99.15093, 19.22291 ], [ -99.15358, 19.22297 ], [ -99.14984, 19.23174 ], [ -99.14563, 19.23072 ], [ -99.14557, 19.23168 ], [ -99.14705, 19.23203 ], [ -99.147, 19.23389 ], [ -99.14457, 19.23458 ] ] ] } },
{ "type": "Feature", "properties": { "colonia": "AGRICOLA ORIENTAL III", "alcaldia": "IZTACALCO", "cveut": "06-042" }, "geometry": { "type": "Polygon", "coordinates": [ [ [ -99.08384, 19.3937 ], [ -99.07015, 19.3914 ], [ -99.07139, 19.38614 ], [ -99.08401, 19.39265 ], [ -99.08384, 19.3937 ] ] ] } },
{ "type": "Feature", "properties": { "colonia": "ADOLFO LOPEZ MATEOS", "alcaldia": "VENUSTIANO CARRANZA", "cveut": "17-002" }, "geometry": { "type": "Polygon", "coordinates": [ [ [ -99.07569, 19.41579 ], [ -99.07439, 19.41809 ], [ -99.07351, 19.42522 ], [ -99.06744, 19.42414 ], [ -99.0756, 19.41099 ], [ -99.07494, 19.41528 ], [ -99.07569, 19.41579 ] ] ] } },
{ "type": "Feature", "properties": { "colonia": "SANTA MARIA LA RIBERA II", "alcaldia": "CUAUHTEMOC", "cveut": "15-076" }, "geometry": { "type": "Polygon", "coordinates": [ [ [ -99.15325, 19.44635 ], [ -99.16464, 19.44826 ], [ -99.16425, 19.45182 ], [ -99.15739, 19.45068 ], [ -99.15705, 19.45251 ], [ -99.15566, 19.45229 ], [ -99.156, 19.45049 ], [ -99.15259, 19.44989 ], [ -99.15325, 19.44635 ] ] ] } },
{ "type": "Feature", "properties": { "colonia": "ARENAL PUERTA TEPEPAN", "alcaldia": "TLALPAN", "cveut": "12-009" }, "geometry": { "type": "Polygon", "coordinates": [ [ [ -99.14116, 19.28122 ], [ -99.15616, 19.28577 ], [ -99.15693, 19.28663 ], [ -99.15149, 19.2901 ], [ -99.14744, 19.28535 ], [ -99.14103, 19.2825 ], [ -99.14116, 19.28122 ] ] ] } },
{ "type": "Feature", "properties": { "colonia": "VALLE ESCONDIDO", "alcaldia": "TLALPAN", "cveut": "12-184" }, "geometry": { "type": "Polygon", "coordinates": [ [ [ -99.14759, 19.2831 ], [ -99.14116, 19.28122 ], [ -99.14207, 19.27396 ], [ -99.14543, 19.2748 ], [ -99.14696, 19.27347 ], [ -99.14902, 19.274 ], [ -99.14771, 19.27578 ], [ -99.1496, 19.27723 ], [ -99.14918, 19.27883 ], [ -99.14616, 19.27692 ], [ -99.1451, 19.27952 ], [ -99.14555, 19.2813 ], [ -99.14784, 19.28183 ], [ -99.14759, 19.2831 ] ] ] } },
{ "type": "Feature", "properties": { "colonia": "TEPETONGO", "alcaldia": "CUAJIMALPA DE MORELOS", "cveut": "04-050" }, "geometry": { "type": "Polygon", "coordinates": [ [ [ -99.294, 19.36993 ], [ -99.29111, 19.37425 ], [ -99.29241, 19.37404 ], [ -99.29245, 19.37991 ], [ -99.29325, 19.38089 ], [ -99.2913, 19.38346 ], [ -99.28683, 19.38301 ], [ -99.28712, 19.3808 ], [ -99.28976, 19.3799 ], [ -99.29018, 19.37062 ], [ -99.29265, 19.36847 ], [ -99.294, 19.36993 ] ] ] } },
{ "type": "Feature", "properties": { "colonia": "ZONA MILITAR FAVE SEDENA (U HAB)", "alcaldia": "IZTAPALAPA", "cveut": "07-252" }, "geometry": { "type": "Polygon", "coordinates": [ [ [ -99.08654, 19.31487 ], [ -99.07925, 19.31446 ], [ -99.08394, 19.30809 ], [ -99.08989, 19.30982 ], [ -99.08914, 19.31343 ], [ -99.08689, 19.31305 ], [ -99.08654, 19.31487 ] ] ] } },
{ "type": "Feature", "properties": { "colonia": "SAN JOSE ZACATEPEC", "alcaldia": "XOCHIMILCO", "cveut": "13-046" }, "geometry": { "type": "Polygon", "coordinates": [ [ [ -99.1238, 19.23705 ], [ -99.12875, 19.23763 ], [ -99.1266, 19.2433 ], [ -99.1243, 19.24345 ], [ -99.12373, 19.24144 ], [ -99.12294, 19.24242 ], [ -99.12136, 19.24232 ], [ -99.12063, 19.23544 ], [ -99.12145, 19.23472 ], [ -99.12404, 19.23506 ], [ -99.1238, 19.23705 ] ] ] } },
{ "type": "Feature", "properties": { "colonia": "FUEGO NUEVO", "alcaldia": "IZTAPALAPA", "cveut": "07-077" }, "geometry": { "type": "Polygon", "coordinates": [ [ [ -99.09381, 19.32989 ], [ -99.10107, 19.33234 ], [ -99.10214, 19.32991 ], [ -99.10451, 19.33003 ], [ -99.10551, 19.3311 ], [ -99.10509, 19.33359 ], [ -99.10024, 19.33397 ], [ -99.10063, 19.33643 ], [ -99.0992, 19.33487 ], [ -99.09828, 19.33731 ], [ -99.09696, 19.33604 ], [ -99.09724, 19.33457 ], [ -99.09294, 19.33328 ], [ -99.09381, 19.32989 ] ] ] } },
{ "type": "Feature", "properties": { "colonia": "EX-HACIENDA EL ROSARIO", "alcaldia": "AZCAPOTZALCO", "cveut": "02-027" }, "geometry": { "type": "Polygon", "coordinates": [ [ [ -99.21228, 19.50241 ], [ -99.206, 19.50054 ], [ -99.20685, 19.4943 ], [ -99.21409, 19.49641 ], [ -99.21228, 19.50241 ] ] ] } },
{ "type": "Feature", "properties": { "colonia": "DE LA CANDELARIA (PBLO)", "alcaldia": "COYOACAN", "cveut": "03-036" }, "geometry": { "type": "Polygon", "coordinates": [ [ [ -99.14713, 19.32653 ], [ -99.14638, 19.32909 ], [ -99.14835, 19.33079 ], [ -99.15268, 19.32913 ], [ -99.15407, 19.32694 ], [ -99.15547, 19.32806 ], [ -99.15273, 19.33193 ], [ -99.15161, 19.3321 ], [ -99.15107, 19.33454 ], [ -99.14864, 19.33499 ], [ -99.14724, 19.33692 ], [ -99.14708, 19.33438 ], [ -99.14444, 19.33098 ], [ -99.14515, 19.32712 ], [ -99.14713, 19.32653 ] ] ] } },
{ "type": "Feature", "properties": { "colonia": "PROGRESO NACIONAL II", "alcaldia": "GUSTAVO A. MADERO", "cveut": "05-233" }, "geometry": { "type": "Polygon", "coordinates": [ [ [ -99.14639, 19.51989 ], [ -99.14821, 19.52149 ], [ -99.14321, 19.51915 ], [ -99.14305, 19.51784 ], [ -99.14536, 19.51796 ], [ -99.15424, 19.51469 ], [ -99.15378, 19.51334 ], [ -99.1551, 19.51581 ], [ -99.15871, 19.51748 ], [ -99.15759, 19.5205 ], [ -99.15231, 19.5179 ], [ -99.15138, 19.5187 ], [ -99.15199, 19.52023 ], [ -99.14756, 19.51852 ], [ -99.14639, 19.51989 ] ] ] } },
{ "type": "Feature", "properties": { "colonia": "MIGUEL DE LA MADRID HURTADO", "alcaldia": "IZTAPALAPA", "cveut": "07-139" }, "geometry": { "type": "Polygon", "coordinates": [ [ [ -99.0023, 19.34572 ], [ -99.00067, 19.34573 ], [ -99.00185, 19.34396 ], [ -99.00033, 19.3436 ], [ -99.0007, 19.34183 ], [ -98.99967, 19.34155 ], [ -99.00068, 19.34025 ], [ -99.00048, 19.33658 ], [ -99.00119, 19.33654 ], [ -99.00151, 19.33845 ], [ -99.00397, 19.33881 ], [ -99.0037, 19.34135 ], [ -99.00599, 19.34216 ], [ -99.00516, 19.3499 ], [ -99.00224, 19.34906 ], [ -99.0023, 19.34572 ] ] ] } },
{ "type": "Feature", "properties": { "colonia": "CHIMALCOYOC", "alcaldia": "TLALPAN", "cveut": "12-020" }, "geometry": { "type": "Polygon", "coordinates": [ [ [ -99.17111, 19.27502 ], [ -99.16884, 19.27409 ], [ -99.16741, 19.27575 ], [ -99.16734, 19.27843 ], [ -99.16609, 19.27603 ], [ -99.1652, 19.27742 ], [ -99.16289, 19.27751 ], [ -99.16346, 19.27614 ], [ -99.16188, 19.27555 ], [ -99.16091, 19.27268 ], [ -99.16232, 19.26991 ], [ -99.17155, 19.27354 ], [ -99.17111, 19.27502 ] ] ] } },
{ "type": "Feature", "properties": { "colonia": "MODERNA", "alcaldia": "BENITO JUAREZ", "cveut": "14-027" }, "geometry": { "type": "Polygon", "coordinates": [ [ [ -99.13723, 19.39862 ], [ -99.13097, 19.3988 ], [ -99.13249, 19.39122 ], [ -99.13828, 19.3918 ], [ -99.13723, 19.39862 ] ] ] } },
{ "type": "Feature", "properties": { "colonia": "COLTONGO", "alcaldia": "AZCAPOTZALCO", "cveut": "02-009" }, "geometry": { "type": "Polygon", "coordinates": [ [ [ -99.15595, 19.48651 ], [ -99.15048, 19.48529 ], [ -99.14797, 19.47862 ], [ -99.15731, 19.4811 ], [ -99.15595, 19.48651 ] ] ] } },
{ "type": "Feature", "properties": { "colonia": "SAN JUAN CERRO (PJE)", "alcaldia": "IZTAPALAPA", "cveut": "07-185" }, "geometry": { "type": "Polygon", "coordinates": [ [ [ -99.08092, 19.34734 ], [ -99.08091, 19.34638 ], [ -99.07994, 19.34626 ], [ -99.07968, 19.34754 ], [ -99.07771, 19.34788 ], [ -99.07461, 19.33892 ], [ -99.08099, 19.34059 ], [ -99.08109, 19.34438 ], [ -99.08247, 19.34532 ], [ -99.08375, 19.34482 ], [ -99.08548, 19.34647 ], [ -99.08092, 19.34734 ] ] ] } },
{ "type": "Feature", "properties": { "colonia": "DEL VALLE VI", "alcaldia": "BENITO JUAREZ", "cveut": "14-058" }, "geometry": { "type": "Polygon", "coordinates": [ [ [ -99.16542, 19.37528 ], [ -99.16387, 19.38149 ], [ -99.16093, 19.38083 ], [ -99.1613, 19.3793 ], [ -99.15983, 19.379 ], [ -99.15999, 19.37837 ], [ -99.16496, 19.37066 ], [ -99.16942, 19.37164 ], [ -99.16894, 19.37362 ], [ -99.16746, 19.37329 ], [ -99.16689, 19.3756 ], [ -99.16542, 19.37528 ] ] ] } },
{ "type": "Feature", "properties": { "colonia": "SANTA BARBARA (BARR) I", "alcaldia": "IZTAPALAPA", "cveut": "07-205" }, "geometry": { "type": "Polygon", "coordinates": [ [ [ -99.10444, 19.36421 ], [ -99.09908, 19.36269 ], [ -99.10052, 19.35618 ], [ -99.10674, 19.35624 ], [ -99.10444, 19.36421 ] ] ] } },
{ "type": "Feature", "properties": { "colonia": "LOMAS DE LAS AGUILAS", "alcaldia": "ALVARO OBREGON", "cveut": "10-133" }, "geometry": { "type": "Polygon", "coordinates": [ [ [ -99.23317, 19.35058 ], [ -99.23239, 19.34909 ], [ -99.23345, 19.34521 ], [ -99.2319, 19.34405 ], [ -99.23286, 19.34292 ], [ -99.2362, 19.3424 ], [ -99.23865, 19.34414 ], [ -99.24026, 19.34806 ], [ -99.23317, 19.35058 ] ] ] } },
{ "type": "Feature", "properties": { "colonia": "INDUSTRIAL II", "alcaldia": "GUSTAVO A. MADERO", "cveut": "05-224" }, "geometry": { "type": "Polygon", "coordinates": [ [ [ -99.12824, 19.48062 ], [ -99.12422, 19.47994 ], [ -99.12847, 19.46904 ], [ -99.1319, 19.46989 ], [ -99.12824, 19.48062 ] ] ] } },
{ "type": "Feature", "properties": { "colonia": "LA PRADERA", "alcaldia": "GUSTAVO A. MADERO", "cveut": "05-108" }, "geometry": { "type": "Polygon", "coordinates": [ [ [ -99.07075, 19.47522 ], [ -99.06627, 19.48057 ], [ -99.06391, 19.48004 ], [ -99.06262, 19.47658 ], [ -99.06487, 19.475 ], [ -99.06351, 19.47356 ], [ -99.06651, 19.47101 ], [ -99.07075, 19.47522 ] ] ] } },
{ "type": "Feature", "properties": { "colonia": "ISIDRO FABELA I (PONIENTE)", "alcaldia": "TLALPAN", "cveut": "12-060" }, "geometry": { "type": "Polygon", "coordinates": [ [ [ -99.17876, 19.30106 ], [ -99.17964, 19.30052 ], [ -99.179, 19.30031 ], [ -99.1795, 19.29873 ], [ -99.18559, 19.29961 ], [ -99.18598, 19.30287 ], [ -99.17409, 19.30289 ], [ -99.17406, 19.29855 ], [ -99.17474, 19.29809 ], [ -99.17806, 19.29945 ], [ -99.17768, 19.30038 ], [ -99.17876, 19.30106 ] ] ] } },
{ "type": "Feature", "properties": { "colonia": "FUENTES Y PEDREGAL DE TEPEPAN", "alcaldia": "TLALPAN", "cveut": "12-048" }, "geometry": { "type": "Polygon", "coordinates": [ [ [ -99.1473, 19.26678 ], [ -99.15208, 19.26719 ], [ -99.15127, 19.26893 ], [ -99.15183, 19.26986 ], [ -99.15375, 19.26972 ], [ -99.15253, 19.27455 ], [ -99.14902, 19.274 ], [ -99.14982, 19.27146 ], [ -99.14291, 19.26939 ], [ -99.14315, 19.26736 ], [ -99.14591, 19.26767 ], [ -99.1473, 19.26678 ] ] ] } },
{ "type": "Feature", "properties": { "colonia": "PILOTO (ADOLFO LOPEZ MATEOS) (AMPL)", "alcaldia": "ALVARO OBREGON", "cveut": "10-172" }, "geometry": { "type": "Polygon", "coordinates": [ [ [ -99.22679, 19.37165 ], [ -99.22152, 19.3763 ], [ -99.21842, 19.37704 ], [ -99.21906, 19.37681 ], [ -99.21854, 19.37512 ], [ -99.22695, 19.36952 ], [ -99.23055, 19.36849 ], [ -99.23148, 19.36677 ], [ -99.23291, 19.36671 ], [ -99.23269, 19.37097 ], [ -99.23012, 19.37367 ], [ -99.22957, 19.37327 ], [ -99.23055, 19.37183 ], [ -99.22679, 19.37165 ] ] ] } },
{ "type": "Feature", "properties": { "colonia": "PEDREGAL DE SANTA URSULA IV", "alcaldia": "COYOACAN", "cveut": "03-138" }, "geometry": { "type": "Polygon", "coordinates": [ [ [ -99.16229, 19.31264 ], [ -99.15427, 19.31667 ], [ -99.15033, 19.31779 ], [ -99.15234, 19.31211 ], [ -99.15577, 19.3132 ], [ -99.15626, 19.31173 ], [ -99.15827, 19.31237 ], [ -99.15832, 19.31053 ], [ -99.16064, 19.31123 ], [ -99.16167, 19.30828 ], [ -99.16333, 19.30878 ], [ -99.16229, 19.31264 ] ] ] } },
{ "type": "Feature", "properties": { "colonia": "ALAMOS II", "alcaldia": "BENITO JUAREZ", "cveut": "14-052" }, "geometry": { "type": "Polygon", "coordinates": [ [ [ -99.14567, 19.39829 ], [ -99.13919, 19.3973 ], [ -99.13943, 19.39572 ], [ -99.13774, 19.39545 ], [ -99.13828, 19.3918 ], [ -99.14642, 19.39256 ], [ -99.14567, 19.39829 ] ] ] } },
{ "type": "Feature", "properties": { "colonia": "SAN JUAN DE ARAGON 4A  Y 5A SECCION (U HAB) I", "alcaldia": "GUSTAVO A. MADERO", "cveut": "05-245" }, "geometry": { "type": "Polygon", "coordinates": [ [ [ -99.06863, 19.45723 ], [ -99.06812, 19.4549 ], [ -99.06519, 19.45542 ], [ -99.06482, 19.45146 ], [ -99.0599, 19.45328 ], [ -99.05826, 19.44987 ], [ -99.0666, 19.44695 ], [ -99.06863, 19.45723 ] ] ] } },
{ "type": "Feature", "properties": { "colonia": "PRESIDENTES DE MEXICO", "alcaldia": "IZTAPALAPA", "cveut": "07-162" }, "geometry": { "type": "Polygon", "coordinates": [ [ [ -99.05837, 19.33289 ], [ -99.05664, 19.33419 ], [ -99.05575, 19.33334 ], [ -99.05696, 19.33149 ], [ -99.05623, 19.33076 ], [ -99.05795, 19.33109 ], [ -99.0607, 19.32769 ], [ -99.06405, 19.32961 ], [ -99.06357, 19.33021 ], [ -99.06516, 19.3314 ], [ -99.06432, 19.33401 ], [ -99.06336, 19.33357 ], [ -99.06246, 19.33545 ], [ -99.06363, 19.33571 ], [ -99.06428, 19.33832 ], [ -99.05837, 19.33289 ] ] ] } },
{ "type": "Feature", "properties": { "colonia": "SANTA CATARINA (AMPL)", "alcaldia": "TLAHUAC", "cveut": "11-039" }, "geometry": { "type": "Polygon", "coordinates": [ [ [ -98.95999, 19.32493 ], [ -98.9579, 19.32315 ], [ -98.96296, 19.31662 ], [ -98.96344, 19.31418 ], [ -98.96615, 19.32484 ], [ -98.95999, 19.32493 ] ] ] } },
{ "type": "Feature", "properties": { "colonia": "NUEVA ATZACOALCO II", "alcaldia": "GUSTAVO A. MADERO", "cveut": "05-230" }, "geometry": { "type": "Polygon", "coordinates": [ [ [ -99.08863, 19.50183 ], [ -99.08779, 19.5018 ], [ -99.0869, 19.50383 ], [ -99.08322, 19.5026 ], [ -99.08396, 19.50057 ], [ -99.08212, 19.49994 ], [ -99.08332, 19.49804 ], [ -99.08356, 19.49678 ], [ -99.08289, 19.49677 ], [ -99.08614, 19.49202 ], [ -99.08511, 19.49607 ], [ -99.0903, 19.49778 ], [ -99.08863, 19.50183 ] ] ] } },
{ "type": "Feature", "properties": { "colonia": "NUEVA ATZACOALCO III", "alcaldia": "GUSTAVO A. MADERO", "cveut": "05-231" }, "geometry": { "type": "Polygon", "coordinates": [ [ [ -99.0903, 19.49778 ], [ -99.08511, 19.49607 ], [ -99.08566, 19.49381 ], [ -99.08729, 19.49003 ], [ -99.09239, 19.4904 ], [ -99.09465, 19.48717 ], [ -99.0903, 19.49778 ] ] ] } },
{ "type": "Feature", "properties": { "colonia": "BUENAVISTA II", "alcaldia": "IZTAPALAPA", "cveut": "07-259" }, "geometry": { "type": "Polygon", "coordinates": [ [ [ -99.03524, 19.32908 ], [ -99.03428, 19.32876 ], [ -99.03383, 19.33056 ], [ -99.03096, 19.32945 ], [ -99.03069, 19.32797 ], [ -99.02735, 19.32713 ], [ -99.02735, 19.32793 ], [ -99.02494, 19.32859 ], [ -99.02305, 19.3244 ], [ -99.02429, 19.32254 ], [ -99.02654, 19.32462 ], [ -99.02799, 19.32415 ], [ -99.02822, 19.32502 ], [ -99.03101, 19.32602 ], [ -99.03637, 19.32603 ], [ -99.03524, 19.32908 ] ] ] } },
{ "type": "Feature", "properties": { "colonia": "EL VERGEL", "alcaldia": "IZTAPALAPA", "cveut": "07-066" }, "geometry": { "type": "Polygon", "coordinates": [ [ [ -99.08481, 19.31597 ], [ -99.08405, 19.32024 ], [ -99.0757, 19.31871 ], [ -99.07597, 19.31712 ], [ -99.07967, 19.31315 ], [ -99.0793, 19.31454 ], [ -99.08654, 19.31487 ], [ -99.08643, 19.31675 ], [ -99.08481, 19.31597 ] ] ] } },
{ "type": "Feature", "properties": { "colonia": "NUEVA ATZACOALCO I", "alcaldia": "GUSTAVO A. MADERO", "cveut": "05-229" }, "geometry": { "type": "Polygon", "coordinates": [ [ [ -99.08617, 19.50741 ], [ -99.07778, 19.50403 ], [ -99.08289, 19.49677 ], [ -99.08356, 19.49678 ], [ -99.08332, 19.49804 ], [ -99.08212, 19.49994 ], [ -99.08396, 19.50057 ], [ -99.08322, 19.5026 ], [ -99.0869, 19.50383 ], [ -99.08779, 19.5018 ], [ -99.08863, 19.50183 ], [ -99.08617, 19.50741 ] ] ] } },
{ "type": "Feature", "properties": { "colonia": "SAN FELIPE DE JESUS IV", "alcaldia": "GUSTAVO A. MADERO", "cveut": "05-240" }, "geometry": { "type": "Polygon", "coordinates": [ [ [ -99.07264, 19.49948 ], [ -99.07164, 19.49916 ], [ -99.07233, 19.49817 ], [ -99.07113, 19.49739 ], [ -99.07158, 19.4959 ], [ -99.07033, 19.49511 ], [ -99.06931, 19.49656 ], [ -99.06674, 19.49245 ], [ -99.06835, 19.48854 ], [ -99.06987, 19.48925 ], [ -99.06853, 19.49116 ], [ -99.06933, 19.49168 ], [ -99.06986, 19.49094 ], [ -99.07349, 19.49324 ], [ -99.07408, 19.4924 ], [ -99.07718, 19.49319 ], [ -99.0748, 19.49652 ], [ -99.07352, 19.49569 ], [ -99.07281, 19.49669 ], [ -99.07407, 19.49749 ], [ -99.07264, 19.49948 ] ] ] } },
{ "type": "Feature", "properties": { "colonia": "PARAJE ZACATEPEC", "alcaldia": "IZTAPALAPA", "cveut": "07-155" }, "geometry": { "type": "Polygon", "coordinates": [ [ [ -99.02056, 19.35936 ], [ -99.01533, 19.35754 ], [ -99.01525, 19.35439 ], [ -99.01339, 19.35311 ], [ -99.02027, 19.35091 ], [ -99.02231, 19.35367 ], [ -99.01842, 19.35347 ], [ -99.01838, 19.35411 ], [ -99.02316, 19.35658 ], [ -99.02056, 19.35936 ] ] ] } },
{ "type": "Feature", "properties": { "colonia": "MORELOS II", "alcaldia": "VENUSTIANO CARRANZA", "cveut": "17-084" }, "geometry": { "type": "Polygon", "coordinates": [ [ [ -99.12121, 19.44797 ], [ -99.11388, 19.44009 ], [ -99.11436, 19.43802 ], [ -99.12127, 19.43846 ], [ -99.12121, 19.44797 ] ] ] } },
{ "type": "Feature", "properties": { "colonia": "LOMAS QUEBRADAS", "alcaldia": "LA MAGDALENA CONTRERAS", "cveut": "08-032" }, "geometry": { "type": "Polygon", "coordinates": [ [ [ -99.23937, 19.31935 ], [ -99.23473, 19.31623 ], [ -99.24272, 19.31094 ], [ -99.24446, 19.31418 ], [ -99.24634, 19.3132 ], [ -99.24621, 19.31474 ], [ -99.24321, 19.31685 ], [ -99.24191, 19.31621 ], [ -99.23937, 19.31935 ] ] ] } },
{ "type": "Feature", "properties": { "colonia": "PALMATITLA", "alcaldia": "GUSTAVO A. MADERO", "cveut": "05-132" }, "geometry": { "type": "Polygon", "coordinates": [ [ [ -99.13354, 19.55575 ], [ -99.12671, 19.55233 ], [ -99.12856, 19.55201 ], [ -99.12951, 19.54969 ], [ -99.12895, 19.54876 ], [ -99.13267, 19.55015 ], [ -99.13407, 19.54848 ], [ -99.13685, 19.5489 ], [ -99.1362, 19.55463 ], [ -99.1347, 19.55401 ], [ -99.13354, 19.55575 ] ] ] } },
{ "type": "Feature", "properties": { "colonia": "SAN ANGEL INN", "alcaldia": "ALVARO OBREGON", "cveut": "10-193" }, "geometry": { "type": "Polygon", "coordinates": [ [ [ -99.20135, 19.3451 ], [ -99.20243, 19.34516 ], [ -99.20072, 19.35158 ], [ -99.19669, 19.35259 ], [ -99.19372, 19.3516 ], [ -99.19528, 19.34569 ], [ -99.201, 19.34678 ], [ -99.20135, 19.3451 ] ] ] } },
{ "type": "Feature", "properties": { "colonia": "CUAUTEPEC DE MADERO", "alcaldia": "GUSTAVO A. MADERO", "cveut": "05-033" }, "geometry": { "type": "Polygon", "coordinates": [ [ [ -99.1386, 19.54078 ], [ -99.14194, 19.54211 ], [ -99.14024, 19.54479 ], [ -99.14212, 19.54416 ], [ -99.142, 19.5459 ], [ -99.14089, 19.54669 ], [ -99.14323, 19.54778 ], [ -99.14236, 19.54949 ], [ -99.13747, 19.54723 ], [ -99.13659, 19.54944 ], [ -99.13407, 19.54848 ], [ -99.13507, 19.54865 ], [ -99.1355, 19.54712 ], [ -99.13459, 19.54586 ], [ -99.1386, 19.54078 ] ] ] } },
{ "type": "Feature", "properties": { "colonia": "SANTA ROSA", "alcaldia": "GUSTAVO A. MADERO", "cveut": "05-171" }, "geometry": { "type": "Polygon", "coordinates": [ [ [ -99.17495, 19.52375 ], [ -99.17027, 19.52856 ], [ -99.16548, 19.52273 ], [ -99.1629, 19.51782 ], [ -99.16995, 19.5221 ], [ -99.17495, 19.52375 ] ] ] } },
{ "type": "Feature", "properties": { "colonia": "REFORMA POLITICA II", "alcaldia": "IZTAPALAPA", "cveut": "07-288" }, "geometry": { "type": "Polygon", "coordinates": [ [ [ -99.02792, 19.34449 ], [ -99.02931, 19.33866 ], [ -99.03098, 19.33847 ], [ -99.03214, 19.335 ], [ -99.0366, 19.33564 ], [ -99.03407, 19.34388 ], [ -99.03158, 19.34171 ], [ -99.02954, 19.34193 ], [ -99.02954, 19.34433 ], [ -99.02792, 19.34449 ] ] ] } },
{ "type": "Feature", "properties": { "colonia": "COLINAS DEL BOSQUE-LAS TORTOLAS", "alcaldia": "TLALPAN", "cveut": "12-025" }, "geometry": { "type": "Polygon", "coordinates": [ [ [ -99.15089, 19.28085 ], [ -99.14851, 19.2834 ], [ -99.14759, 19.2831 ], [ -99.1476, 19.2816 ], [ -99.14524, 19.28094 ], [ -99.14599, 19.27722 ], [ -99.14741, 19.27708 ], [ -99.14894, 19.27893 ], [ -99.1496, 19.27723 ], [ -99.14771, 19.27578 ], [ -99.14792, 19.2746 ], [ -99.15253, 19.27455 ], [ -99.154, 19.2755 ], [ -99.15379, 19.27735 ], [ -99.15301, 19.27882 ], [ -99.15075, 19.27895 ], [ -99.15089, 19.28085 ] ] ] } },
{ "type": "Feature", "properties": { "colonia": "REFORMA IZTACCIHUATL NORTE", "alcaldia": "IZTACALCO", "cveut": "06-027" }, "geometry": { "type": "Polygon", "coordinates": [ [ [ -99.12439, 19.38282 ], [ -99.13408, 19.38456 ], [ -99.13261, 19.39123 ], [ -99.12933, 19.39091 ], [ -99.12925, 19.38595 ], [ -99.12397, 19.38577 ], [ -99.12439, 19.38282 ] ] ] } },
{ "type": "Feature", "properties": { "colonia": "MOLINO DE ROSAS", "alcaldia": "ALVARO OBREGON", "cveut": "10-157" }, "geometry": { "type": "Polygon", "coordinates": [ [ [ -99.20697, 19.37049 ], [ -99.20609, 19.37034 ], [ -99.20617, 19.37293 ], [ -99.20348, 19.37297 ], [ -99.20275, 19.3747 ], [ -99.19342, 19.37334 ], [ -99.19354, 19.37216 ], [ -99.1992, 19.36978 ], [ -99.19955, 19.37102 ], [ -99.20673, 19.36922 ], [ -99.20697, 19.37049 ] ] ] } },
{ "type": "Feature", "properties": { "colonia": "LOS CERRILLOS III", "alcaldia": "XOCHIMILCO", "cveut": "13-027" }, "geometry": { "type": "Polygon", "coordinates": [ [ [ -99.02807, 19.24855 ], [ -99.02559, 19.24974 ], [ -99.02524, 19.25239 ], [ -99.02343, 19.25152 ], [ -99.02083, 19.25331 ], [ -99.01826, 19.25259 ], [ -99.02127, 19.24537 ], [ -99.02253, 19.24557 ], [ -99.02245, 19.24732 ], [ -99.0257, 19.24596 ], [ -99.02807, 19.24855 ] ] ] } },
{ "type": "Feature", "properties": { "colonia": "NUEVA ORIENTAL COAPA-EX HACIENDA COAPA", "alcaldia": "TLALPAN", "cveut": "12-109" }, "geometry": { "type": "Polygon", "coordinates": [ [ [ -99.12722, 19.29956 ], [ -99.12724, 19.30026 ], [ -99.12493, 19.30027 ], [ -99.12579, 19.29279 ], [ -99.13155, 19.29511 ], [ -99.13147, 19.30189 ], [ -99.129, 19.3016 ], [ -99.12953, 19.29985 ], [ -99.12722, 19.29956 ] ] ] } },
{ "type": "Feature", "properties": { "colonia": "BELEN DE LAS FLORES", "alcaldia": "ALVARO OBREGON", "cveut": "10-029" }, "geometry": { "type": "Polygon", "coordinates": [ [ [ -99.21885, 19.39357 ], [ -99.2221, 19.39432 ], [ -99.22217, 19.39633 ], [ -99.21257, 19.39977 ], [ -99.2122, 19.39865 ], [ -99.21381, 19.39848 ], [ -99.21208, 19.39767 ], [ -99.21391, 19.39639 ], [ -99.21352, 19.39413 ], [ -99.21785, 19.39202 ], [ -99.21885, 19.39197 ], [ -99.21885, 19.39357 ] ] ] } },
{ "type": "Feature", "properties": { "colonia": "NARVARTE III", "alcaldia": "BENITO JUAREZ", "cveut": "14-062" }, "geometry": { "type": "Polygon", "coordinates": [ [ [ -99.16098, 19.39627 ], [ -99.15604, 19.39594 ], [ -99.15686, 19.3875 ], [ -99.16211, 19.3887 ], [ -99.16098, 19.39627 ] ] ] } },
{ "type": "Feature", "properties": { "colonia": "SAN PABLO TEPETLAPA (PBLO)", "alcaldia": "COYOACAN", "cveut": "03-105" }, "geometry": { "type": "Polygon", "coordinates": [ [ [ -99.14632, 19.32715 ], [ -99.143, 19.32558 ], [ -99.1413, 19.3276 ], [ -99.13793, 19.32301 ], [ -99.13838, 19.31923 ], [ -99.13894, 19.32156 ], [ -99.14096, 19.32058 ], [ -99.14241, 19.32104 ], [ -99.14355, 19.3193 ], [ -99.14587, 19.31979 ], [ -99.1447, 19.32101 ], [ -99.14548, 19.32124 ], [ -99.14541, 19.32369 ], [ -99.14434, 19.32454 ], [ -99.14619, 19.3251 ], [ -99.14632, 19.32715 ] ] ] } },
{ "type": "Feature", "properties": { "colonia": "EMILIANO ZAPATA 1A", "alcaldia": "TLAHUAC", "cveut": "11-008" }, "geometry": { "type": "Polygon", "coordinates": [ [ [ -98.97366, 19.21412 ], [ -98.96854, 19.21056 ], [ -98.96969, 19.20949 ], [ -98.96877, 19.20891 ], [ -98.9717, 19.20628 ], [ -98.9713, 19.20525 ], [ -98.97226, 19.20485 ], [ -98.97257, 19.20261 ], [ -98.97483, 19.20435 ], [ -98.97528, 19.2079 ], [ -98.97366, 19.21412 ] ] ] } },
{ "type": "Feature", "properties": { "colonia": "TLACOQUEMECATL DEL VALLE", "alcaldia": "BENITO JUAREZ", "cveut": "14-046" }, "geometry": { "type": "Polygon", "coordinates": [ [ [ -99.17625, 19.38027 ], [ -99.17085, 19.37894 ], [ -99.17262, 19.37233 ], [ -99.17888, 19.37369 ], [ -99.17625, 19.38027 ] ] ] } },
{ "type": "Feature", "properties": { "colonia": "FUENTES BROTANTES MIGUEL HIDALGO (U HAB)", "alcaldia": "TLALPAN", "cveut": "12-047" }, "geometry": { "type": "Polygon", "coordinates": [ [ [ -99.18983, 19.27899 ], [ -99.19091, 19.27833 ], [ -99.19179, 19.27998 ], [ -99.18754, 19.2816 ], [ -99.18598, 19.28404 ], [ -99.18027, 19.28832 ], [ -99.17848, 19.28754 ], [ -99.18268, 19.28388 ], [ -99.18391, 19.28378 ], [ -99.18394, 19.28186 ], [ -99.18323, 19.2819 ], [ -99.18664, 19.27725 ], [ -99.18882, 19.27723 ], [ -99.18983, 19.27899 ] ] ] } },
{ "type": "Feature", "properties": { "colonia": "VIVEROS DE COACTETLAN", "alcaldia": "TLALPAN", "cveut": "12-199" }, "geometry": { "type": "Polygon", "coordinates": [ [ [ -99.15547, 19.2407 ], [ -99.15692, 19.24013 ], [ -99.1553, 19.24479 ], [ -99.15608, 19.24533 ], [ -99.15462, 19.2461 ], [ -99.15444, 19.24711 ], [ -99.15563, 19.2475 ], [ -99.15524, 19.24851 ], [ -99.15005, 19.24498 ], [ -99.14881, 19.24144 ], [ -99.15051, 19.24092 ], [ -99.15158, 19.23887 ], [ -99.15547, 19.2407 ] ] ] } },
{ "type": "Feature", "properties": { "colonia": "ACUEDUCTO DE GUADALUPE (RDCIAL)", "alcaldia": "GUSTAVO A. MADERO", "cveut": "05-001" }, "geometry": { "type": "Polygon", "coordinates": [ [ [ -99.1589, 19.52728 ], [ -99.15641, 19.52815 ], [ -99.14314, 19.52241 ], [ -99.14278, 19.51869 ], [ -99.1589, 19.52728 ] ] ] } },
{ "type": "Feature", "properties": { "colonia": "MIRASOLES (U HAB)", "alcaldia": "IZTAPALAPA", "cveut": "07-142" }, "geometry": { "type": "Polygon", "coordinates": [ [ [ -99.07579, 19.31855 ], [ -99.07117, 19.31461 ], [ -99.07632, 19.30829 ], [ -99.07584, 19.30916 ], [ -99.08035, 19.31253 ], [ -99.07597, 19.31712 ], [ -99.07579, 19.31855 ] ] ] } },
{ "type": "Feature", "properties": { "colonia": "SAN LUCAS (BARR)", "alcaldia": "IZTAPALAPA", "cveut": "07-195" }, "geometry": { "type": "Polygon", "coordinates": [ [ [ -99.09908, 19.36269 ], [ -99.09132, 19.36079 ], [ -99.092, 19.35821 ], [ -99.09572, 19.35719 ], [ -99.09584, 19.35572 ], [ -99.10052, 19.35618 ], [ -99.09908, 19.36269 ] ] ] } },
{ "type": "Feature", "properties": { "colonia": "JUAN ESCUTIA II", "alcaldia": "IZTAPALAPA", "cveut": "07-278" }, "geometry": { "type": "Polygon", "coordinates": [ [ [ -99.03708, 19.38581 ], [ -99.04517, 19.39096 ], [ -99.04326, 19.39404 ], [ -99.03452, 19.39 ], [ -99.03708, 19.38581 ] ] ] } },
{ "type": "Feature", "properties": { "colonia": "TENORIOS (AMPL)", "alcaldia": "IZTAPALAPA", "cveut": "07-318" }, "geometry": { "type": "Polygon", "coordinates": [ [ [ -99.02428, 19.32894 ], [ -99.01824, 19.32919 ], [ -99.01863, 19.32086 ], [ -99.02133, 19.32022 ], [ -99.02429, 19.32254 ], [ -99.02299, 19.32514 ], [ -99.02402, 19.32739 ], [ -99.0227, 19.32617 ], [ -99.0217, 19.32695 ], [ -99.02428, 19.32894 ] ] ] } },
{ "type": "Feature", "properties": { "colonia": "SAN FRANCISCO CHIQUIMOLA", "alcaldia": "XOCHIMILCO", "cveut": "13-041" }, "geometry": { "type": "Polygon", "coordinates": [ [ [ -99.02732, 19.23981 ], [ -99.02645, 19.24133 ], [ -99.02854, 19.24192 ], [ -99.0278, 19.24294 ], [ -99.02914, 19.24317 ], [ -99.0278, 19.24712 ], [ -99.02531, 19.24587 ], [ -99.02245, 19.24732 ], [ -99.02253, 19.24557 ], [ -99.02102, 19.24495 ], [ -99.02359, 19.23918 ], [ -99.02732, 19.23981 ] ] ] } },
{ "type": "Feature", "properties": { "colonia": "CAMPESTRE ARAGON I", "alcaldia": "GUSTAVO A. MADERO", "cveut": "05-215" }, "geometry": { "type": "Polygon", "coordinates": [ [ [ -99.08351, 19.4903 ], [ -99.0738, 19.49002 ], [ -99.07616, 19.48344 ], [ -99.07774, 19.48369 ], [ -99.07728, 19.48606 ], [ -99.07896, 19.48577 ], [ -99.08453, 19.48784 ], [ -99.08351, 19.4903 ] ] ] } },
{ "type": "Feature", "properties": { "colonia": "SANTIAGO ACAHUALTEPEC (PBLO)", "alcaldia": "IZTAPALAPA", "cveut": "07-219" }, "geometry": { "type": "Polygon", "coordinates": [ [ [ -99.00635, 19.3537 ], [ -99.00972, 19.35464 ], [ -98.99896, 19.35863 ], [ -98.9992, 19.35642 ], [ -99.00158, 19.35567 ], [ -99.00057, 19.35535 ], [ -99.00071, 19.35268 ], [ -99.00197, 19.35286 ], [ -99.00088, 19.35201 ], [ -99.00145, 19.34927 ], [ -99.0039, 19.34966 ], [ -99.00416, 19.35302 ], [ -99.00633, 19.3518 ], [ -99.00635, 19.3537 ] ] ] } },
{ "type": "Feature", "properties": { "colonia": "ALFONSO XIII", "alcaldia": "ALVARO OBREGON", "cveut": "10-009" }, "geometry": { "type": "Polygon", "coordinates": [ [ [ -99.19354, 19.37216 ], [ -99.19342, 19.37334 ], [ -99.19936, 19.37418 ], [ -99.19733, 19.38071 ], [ -99.19498, 19.38056 ], [ -99.19609, 19.37941 ], [ -99.19161, 19.37801 ], [ -99.1919, 19.37263 ], [ -99.19354, 19.37216 ] ] ] } },
{ "type": "Feature", "properties": { "colonia": "ESPARTACO", "alcaldia": "COYOACAN", "cveut": "03-050" }, "geometry": { "type": "Polygon", "coordinates": [ [ [ -99.13762, 19.32122 ], [ -99.13323, 19.32134 ], [ -99.13264, 19.32056 ], [ -99.13407, 19.31322 ], [ -99.13982, 19.31491 ], [ -99.13762, 19.32122 ] ] ] } },
{ "type": "Feature", "properties": { "colonia": "PEDREGAL DE SANTA URSULA I", "alcaldia": "COYOACAN", "cveut": "03-135" }, "geometry": { "type": "Polygon", "coordinates": [ [ [ -99.144, 19.31521 ], [ -99.14507, 19.31468 ], [ -99.14588, 19.3106 ], [ -99.1484, 19.31248 ], [ -99.14893, 19.311 ], [ -99.15067, 19.31156 ], [ -99.15116, 19.3101 ], [ -99.15286, 19.31064 ], [ -99.15033, 19.31779 ], [ -99.14578, 19.31775 ], [ -99.14584, 19.31608 ], [ -99.144, 19.31521 ] ] ] } },
{ "type": "Feature", "properties": { "colonia": "CONSEJO AGRARISTA MEXICANO II", "alcaldia": "IZTAPALAPA", "cveut": "07-265" }, "geometry": { "type": "Polygon", "coordinates": [ [ [ -99.05931, 19.3288 ], [ -99.05795, 19.33109 ], [ -99.05623, 19.33076 ], [ -99.04929, 19.32722 ], [ -99.05149, 19.32603 ], [ -99.05094, 19.3246 ], [ -99.0527, 19.32236 ], [ -99.0543, 19.32351 ], [ -99.05364, 19.32426 ], [ -99.05871, 19.32711 ], [ -99.05813, 19.32783 ], [ -99.05931, 19.3288 ] ] ] } },
{ "type": "Feature", "properties": { "colonia": "EL ARENAL 4A SECCION", "alcaldia": "VENUSTIANO CARRANZA", "cveut": "17-021" }, "geometry": { "type": "Polygon", "coordinates": [ [ [ -99.06163, 19.43335 ], [ -99.05244, 19.43004 ], [ -99.05427, 19.42595 ], [ -99.05796, 19.42639 ], [ -99.06163, 19.43074 ], [ -99.06304, 19.43081 ], [ -99.06163, 19.43335 ] ] ] } },
{ "type": "Feature", "properties": { "colonia": "TLALPEXCO", "alcaldia": "GUSTAVO A. MADERO", "cveut": "05-184" }, "geometry": { "type": "Polygon", "coordinates": [ [ [ -99.12889, 19.54175 ], [ -99.13007, 19.5435 ], [ -99.128, 19.54382 ], [ -99.1289, 19.54442 ], [ -99.12762, 19.54953 ], [ -99.12692, 19.55035 ], [ -99.12621, 19.5487 ], [ -99.12497, 19.54898 ], [ -99.12445, 19.55096 ], [ -99.12521, 19.55166 ], [ -99.12437, 19.55273 ], [ -99.12298, 19.55201 ], [ -99.12234, 19.55073 ], [ -99.12318, 19.55085 ], [ -99.12351, 19.54497 ], [ -99.12811, 19.54077 ], [ -99.12987, 19.54141 ], [ -99.12889, 19.54175 ] ] ] } },
{ "type": "Feature", "properties": { "colonia": "ESTRELLA DEL SUR", "alcaldia": "IZTAPALAPA", "cveut": "07-074" }, "geometry": { "type": "Polygon", "coordinates": [ [ [ -99.09585, 19.34766 ], [ -99.09493, 19.3492 ], [ -99.09363, 19.34867 ], [ -99.09381, 19.34505 ], [ -99.10339, 19.34761 ], [ -99.1019, 19.35171 ], [ -99.10034, 19.3512 ], [ -99.09949, 19.35322 ], [ -99.09624, 19.35096 ], [ -99.09769, 19.34853 ], [ -99.09585, 19.34766 ] ] ] } },
{ "type": "Feature", "properties": { "colonia": "DOCTORES II", "alcaldia": "CUAUHTEMOC", "cveut": "15-046" }, "geometry": { "type": "Polygon", "coordinates": [ [ [ -99.15395, 19.42258 ], [ -99.1518, 19.42237 ], [ -99.15147, 19.42411 ], [ -99.14951, 19.42395 ], [ -99.1499, 19.42225 ], [ -99.14697, 19.4219 ], [ -99.14806, 19.41636 ], [ -99.15062, 19.41754 ], [ -99.15078, 19.4166 ], [ -99.15444, 19.41688 ], [ -99.15395, 19.42258 ] ] ] } },
{ "type": "Feature", "properties": { "colonia": "NARVARTE II", "alcaldia": "BENITO JUAREZ", "cveut": "14-061" }, "geometry": { "type": "Polygon", "coordinates": [ [ [ -99.16077, 19.39868 ], [ -99.15583, 19.39837 ], [ -99.14567, 19.39829 ], [ -99.14608, 19.39519 ], [ -99.16098, 19.39627 ], [ -99.16077, 19.39868 ] ] ] } },
{ "type": "Feature", "properties": { "colonia": "SAN  MIGUEL AMANTLA (PBLO)", "alcaldia": "AZCAPOTZALCO", "cveut": "02-069" }, "geometry": { "type": "Polygon", "coordinates": [ [ [ -99.20497, 19.47913 ], [ -99.19988, 19.47773 ], [ -99.20084, 19.47327 ], [ -99.20802, 19.47153 ], [ -99.20709, 19.47481 ], [ -99.206, 19.47524 ], [ -99.20869, 19.4761 ], [ -99.20586, 19.47733 ], [ -99.20497, 19.47913 ] ] ] } },
{ "type": "Feature", "properties": { "colonia": "BONDOJITO", "alcaldia": "GUSTAVO A. MADERO", "cveut": "05-013" }, "geometry": { "type": "Polygon", "coordinates": [ [ [ -99.1068, 19.46583 ], [ -99.10821, 19.46075 ], [ -99.10967, 19.46122 ], [ -99.10827, 19.46452 ], [ -99.11145, 19.46564 ], [ -99.11104, 19.46657 ], [ -99.11171, 19.46574 ], [ -99.11695, 19.46758 ], [ -99.11476, 19.47083 ], [ -99.10681, 19.46803 ], [ -99.10759, 19.46615 ], [ -99.1068, 19.46583 ] ] ] } },
{ "type": "Feature", "properties": { "colonia": "PEDREGAL DE SANTA URSULA III", "alcaldia": "COYOACAN", "cveut": "03-137" }, "geometry": { "type": "Polygon", "coordinates": [ [ [ -99.16064, 19.31123 ], [ -99.15832, 19.31053 ], [ -99.15827, 19.31237 ], [ -99.15626, 19.31173 ], [ -99.15577, 19.3132 ], [ -99.15234, 19.31211 ], [ -99.15402, 19.30916 ], [ -99.15389, 19.30524 ], [ -99.16025, 19.30795 ], [ -99.1635, 19.30822 ], [ -99.16167, 19.30828 ], [ -99.16064, 19.31123 ] ] ] } },
{ "type": "Feature", "properties": { "colonia": "CARLOS HANK GONZALEZ", "alcaldia": "IZTAPALAPA", "cveut": "07-023" }, "geometry": { "type": "Polygon", "coordinates": [ [ [ -99.04284, 19.33475 ], [ -99.04321, 19.33038 ], [ -99.04504, 19.3309 ], [ -99.04562, 19.32964 ], [ -99.04869, 19.32936 ], [ -99.04922, 19.32748 ], [ -99.05223, 19.32853 ], [ -99.05173, 19.33017 ], [ -99.04972, 19.32979 ], [ -99.04947, 19.33057 ], [ -99.05105, 19.33115 ], [ -99.05182, 19.33275 ], [ -99.04649, 19.33488 ], [ -99.04524, 19.33412 ], [ -99.04284, 19.33475 ] ] ] } },
{ "type": "Feature", "properties": { "colonia": "SAN JOSE BUENAVISTA", "alcaldia": "IZTAPALAPA", "cveut": "07-183" }, "geometry": { "type": "Polygon", "coordinates": [ [ [ -99.03928, 19.31492 ], [ -99.03479, 19.32243 ], [ -99.03559, 19.32267 ], [ -99.03442, 19.32602 ], [ -99.03171, 19.3261 ], [ -99.03216, 19.32406 ], [ -99.03092, 19.32313 ], [ -99.03197, 19.32318 ], [ -99.03195, 19.31769 ], [ -99.03928, 19.31492 ] ] ] } },
{ "type": "Feature", "properties": { "colonia": "HACIENDA SAN JUAN-RINCON DE SAN JUAN", "alcaldia": "TLALPAN", "cveut": "12-053" }, "geometry": { "type": "Polygon", "coordinates": [ [ [ -99.14726, 19.28936 ], [ -99.14584, 19.29282 ], [ -99.14045, 19.29131 ], [ -99.14077, 19.2905 ], [ -99.1396, 19.29016 ], [ -99.14056, 19.28369 ], [ -99.13916, 19.28238 ], [ -99.14726, 19.28936 ] ] ] } },
{ "type": "Feature", "properties": { "colonia": "CENTRO I", "alcaldia": "CUAUHTEMOC", "cveut": "15-037" }, "geometry": { "type": "Polygon", "coordinates": [ [ [ -99.13876, 19.44396 ], [ -99.13079, 19.44323 ], [ -99.12473, 19.44284 ], [ -99.12588, 19.4402 ], [ -99.13114, 19.44008 ], [ -99.13107, 19.44079 ], [ -99.13975, 19.44095 ], [ -99.13876, 19.44396 ] ] ] } },
{ "type": "Feature", "properties": { "colonia": "MINAS DE CRISTO", "alcaldia": "ALVARO OBREGON", "cveut": "10-156" }, "geometry": { "type": "Polygon", "coordinates": [ [ [ -99.20223, 19.37588 ], [ -99.20137, 19.37773 ], [ -99.20384, 19.37772 ], [ -99.20331, 19.38101 ], [ -99.19169, 19.38501 ], [ -99.19498, 19.38056 ], [ -99.19733, 19.38071 ], [ -99.19768, 19.37849 ], [ -99.20079, 19.37661 ], [ -99.20133, 19.37727 ], [ -99.20223, 19.37588 ] ] ] } },
{ "type": "Feature", "properties": { "colonia": "VERONICA ANZURES", "alcaldia": "MIGUEL HIDALGO", "cveut": "16-084" }, "geometry": { "type": "Polygon", "coordinates": [ [ [ -99.17359, 19.43306 ], [ -99.17931, 19.43623 ], [ -99.17629, 19.44056 ], [ -99.16953, 19.43622 ], [ -99.17233, 19.43226 ], [ -99.17189, 19.43343 ], [ -99.17359, 19.43306 ] ] ] } },
{ "type": "Feature", "properties": { "colonia": "GERTRUDIS SANCHEZ 2A SECCION", "alcaldia": "GUSTAVO A. MADERO", "cveut": "05-067" }, "geometry": { "type": "Polygon", "coordinates": [ [ [ -99.10133, 19.47022 ], [ -99.09504, 19.46722 ], [ -99.09708, 19.46238 ], [ -99.10369, 19.46465 ], [ -99.10133, 19.47022 ] ] ] } },
{ "type": "Feature", "properties": { "colonia": "BUENAVISTA I", "alcaldia": "IZTAPALAPA", "cveut": "07-258" }, "geometry": { "type": "Polygon", "coordinates": [ [ [ -99.03519, 19.32928 ], [ -99.03289, 19.3352 ], [ -99.02951, 19.33443 ], [ -99.02884, 19.33235 ], [ -99.02494, 19.32859 ], [ -99.02735, 19.32793 ], [ -99.02735, 19.32713 ], [ -99.03069, 19.32797 ], [ -99.03096, 19.32945 ], [ -99.03383, 19.33056 ], [ -99.03428, 19.32876 ], [ -99.03519, 19.32928 ] ] ] } },
{ "type": "Feature", "properties": { "colonia": "CASAS ALEMAN (AMPL) I", "alcaldia": "GUSTAVO A. MADERO", "cveut": "05-217" }, "geometry": { "type": "Polygon", "coordinates": [ [ [ -99.07786, 19.47902 ], [ -99.07902, 19.47308 ], [ -99.08462, 19.47432 ], [ -99.08351, 19.48052 ], [ -99.08458, 19.48066 ], [ -99.08437, 19.48172 ], [ -99.07786, 19.47902 ] ] ] } },
{ "type": "Feature", "properties": { "colonia": "LOMAS DE PUERTA GRANDE", "alcaldia": "ALVARO OBREGON", "cveut": "10-138" }, "geometry": { "type": "Polygon", "coordinates": [ [ [ -99.23313, 19.35862 ], [ -99.23194, 19.35721 ], [ -99.23176, 19.35781 ], [ -99.22986, 19.35687 ], [ -99.22941, 19.35764 ], [ -99.22903, 19.35589 ], [ -99.22717, 19.35671 ], [ -99.22499, 19.3521 ], [ -99.23121, 19.35111 ], [ -99.2329, 19.3525 ], [ -99.23194, 19.35424 ], [ -99.23493, 19.35766 ], [ -99.23313, 19.35862 ] ] ] } },
{ "type": "Feature", "properties": { "colonia": "EL MANTO", "alcaldia": "IZTAPALAPA", "cveut": "07-051" }, "geometry": { "type": "Polygon", "coordinates": [ [ [ -99.08075, 19.34733 ], [ -99.08589, 19.34661 ], [ -99.08697, 19.35007 ], [ -99.08429, 19.35074 ], [ -99.08268, 19.35381 ], [ -99.08066, 19.35271 ], [ -99.07784, 19.34843 ], [ -99.0779, 19.34727 ], [ -99.07968, 19.34754 ], [ -99.07994, 19.34626 ], [ -99.08091, 19.34638 ], [ -99.08075, 19.34733 ] ] ] } },
{ "type": "Feature", "properties": { "colonia": "LA NORIA", "alcaldia": "XOCHIMILCO", "cveut": "13-081" }, "geometry": { "type": "Polygon", "coordinates": [ [ [ -99.12416, 19.2672 ], [ -99.11905, 19.26458 ], [ -99.12183, 19.25778 ], [ -99.12386, 19.25922 ], [ -99.12581, 19.26341 ], [ -99.12652, 19.26634 ], [ -99.12402, 19.26609 ], [ -99.12468, 19.26634 ], [ -99.12416, 19.2672 ] ] ] } },
{ "type": "Feature", "properties": { "colonia": "EJIDOS DE SAN PEDRO MARTIR II (SUR)", "alcaldia": "TLALPAN", "cveut": "12-219" }, "geometry": { "type": "Polygon", "coordinates": [ [ [ -99.16126, 19.27166 ], [ -99.16113, 19.27053 ], [ -99.15339, 19.26838 ], [ -99.15359, 19.26735 ], [ -99.15485, 19.26595 ], [ -99.16242, 19.26437 ], [ -99.1634, 19.26491 ], [ -99.16126, 19.27166 ] ] ] } },
{ "type": "Feature", "properties": { "colonia": "PEDREGAL DE STO DOMINGO II", "alcaldia": "COYOACAN", "cveut": "03-140" }, "geometry": { "type": "Polygon", "coordinates": [ [ [ -99.16768, 19.33707 ], [ -99.15784, 19.33524 ], [ -99.15789, 19.33388 ], [ -99.15645, 19.33349 ], [ -99.16003, 19.32821 ], [ -99.16097, 19.3285 ], [ -99.16054, 19.33218 ], [ -99.16643, 19.33395 ], [ -99.166, 19.33567 ], [ -99.16775, 19.33577 ], [ -99.16768, 19.33707 ] ] ] } },
{ "type": "Feature", "properties": { "colonia": "SANTA MARIA INSURGENTES", "alcaldia": "CUAUHTEMOC", "cveut": "15-029" }, "geometry": { "type": "Polygon", "coordinates": [ [ [ -99.15363, 19.4633 ], [ -99.15032, 19.46297 ], [ -99.14403, 19.46484 ], [ -99.14323, 19.46392 ], [ -99.14468, 19.4619 ], [ -99.14411, 19.46133 ], [ -99.14478, 19.46177 ], [ -99.14716, 19.4587 ], [ -99.15422, 19.4601 ], [ -99.15363, 19.4633 ] ] ] } },
{ "type": "Feature", "properties": { "colonia": "GRANADA (AMPL)", "alcaldia": "MIGUEL HIDALGO", "cveut": "16-032" }, "geometry": { "type": "Polygon", "coordinates": [ [ [ -99.20468, 19.44686 ], [ -99.19775, 19.44389 ], [ -99.19186, 19.44228 ], [ -99.20222, 19.44125 ], [ -99.2061, 19.43845 ], [ -99.20514, 19.44025 ], [ -99.20468, 19.44686 ] ] ] } },
{ "type": "Feature", "properties": { "colonia": "SAN FELIPE DE JESUS I", "alcaldia": "GUSTAVO A. MADERO", "cveut": "05-237" }, "geometry": { "type": "Polygon", "coordinates": [ [ [ -99.07327, 19.50193 ], [ -99.06391, 19.49836 ], [ -99.06674, 19.49245 ], [ -99.06931, 19.49656 ], [ -99.07033, 19.49511 ], [ -99.07158, 19.4959 ], [ -99.07113, 19.49739 ], [ -99.07233, 19.49817 ], [ -99.07164, 19.49916 ], [ -99.07341, 19.49998 ], [ -99.07254, 19.50117 ], [ -99.07327, 19.50193 ] ] ] } },
{ "type": "Feature", "properties": { "colonia": "ARAGON LA VILLA (ARAGON)", "alcaldia": "GUSTAVO A. MADERO", "cveut": "05-006" }, "geometry": { "type": "Polygon", "coordinates": [ [ [ -99.11781, 19.48275 ], [ -99.11168, 19.48116 ], [ -99.10847, 19.47929 ], [ -99.11096, 19.47625 ], [ -99.11928, 19.47918 ], [ -99.11781, 19.48275 ] ] ] } },
{ "type": "Feature", "properties": { "colonia": "LUIS DONALDO COLOSIO", "alcaldia": "GUSTAVO A. MADERO", "cveut": "05-118" }, "geometry": { "type": "Polygon", "coordinates": [ [ [ -99.14116, 19.56239 ], [ -99.14949, 19.55812 ], [ -99.15109, 19.56153 ], [ -99.14673, 19.56615 ], [ -99.14116, 19.56239 ] ] ] } },
{ "type": "Feature", "properties": { "colonia": "FRANCISCO VILLA", "alcaldia": "IZTAPALAPA", "cveut": "07-076" }, "geometry": { "type": "Polygon", "coordinates": [ [ [ -99.0583, 19.33282 ], [ -99.06428, 19.33832 ], [ -99.06429, 19.33905 ], [ -99.05748, 19.3406 ], [ -99.05533, 19.33526 ], [ -99.0583, 19.33282 ] ] ] } },
{ "type": "Feature", "properties": { "colonia": "NAVIDAD (GRANJAS DE NAVIDAD)", "alcaldia": "CUAJIMALPA DE MORELOS", "cveut": "04-036" }, "geometry": { "type": "Polygon", "coordinates": [ [ [ -99.28333, 19.37047 ], [ -99.28489, 19.37021 ], [ -99.28539, 19.3714 ], [ -99.2873, 19.37127 ], [ -99.28767, 19.37211 ], [ -99.2902, 19.37066 ], [ -99.2895, 19.37412 ], [ -99.28876, 19.37243 ], [ -99.2876, 19.37489 ], [ -99.28865, 19.37511 ], [ -99.28614, 19.37863 ], [ -99.28593, 19.37738 ], [ -99.28505, 19.37802 ], [ -99.285, 19.37672 ], [ -99.28334, 19.37658 ], [ -99.28158, 19.37435 ], [ -99.27879, 19.37412 ], [ -99.28369, 19.37241 ], [ -99.28333, 19.37047 ] ] ] } },
{ "type": "Feature", "properties": { "colonia": "TEZONTITLA", "alcaldia": "TLALPAN", "cveut": "12-173" }, "geometry": { "type": "Polygon", "coordinates": [ [ [ -99.15592, 19.20876 ], [ -99.15263, 19.21367 ], [ -99.15023, 19.21406 ], [ -99.14793, 19.21304 ], [ -99.14805, 19.21074 ], [ -99.15033, 19.20835 ], [ -99.1506, 19.20545 ], [ -99.15592, 19.20876 ] ] ] } },
{ "type": "Feature", "properties": { "colonia": "PERALVILLO II", "alcaldia": "CUAUHTEMOC", "cveut": "15-067" }, "geometry": { "type": "Polygon", "coordinates": [ [ [ -99.13329, 19.46502 ], [ -99.12625, 19.4613 ], [ -99.12796, 19.45698 ], [ -99.13454, 19.45934 ], [ -99.13329, 19.46502 ] ] ] } },
{ "type": "Feature", "properties": { "colonia": "ROMULO SANCHEZ-SAN FERNANDO (BARR)-PEÑA POBRE", "alcaldia": "TLALPAN", "cveut": "12-146" }, "geometry": { "type": "Polygon", "coordinates": [ [ [ -99.17806, 19.29945 ], [ -99.17457, 19.29787 ], [ -99.17563, 19.2951 ], [ -99.18472, 19.29556 ], [ -99.18559, 19.29961 ], [ -99.18083, 19.29946 ], [ -99.1795, 19.29873 ], [ -99.1798, 19.29799 ], [ -99.17806, 19.29945 ] ] ] } },
{ "type": "Feature", "properties": { "colonia": "CIUDAD JARDIN", "alcaldia": "COYOACAN", "cveut": "03-020" }, "geometry": { "type": "Polygon", "coordinates": [ [ [ -99.14724, 19.33692 ], [ -99.14333, 19.34045 ], [ -99.14048, 19.33123 ], [ -99.14353, 19.33049 ], [ -99.14708, 19.33438 ], [ -99.14724, 19.33692 ] ] ] } },
{ "type": "Feature", "properties": { "colonia": "PUERTO LAS CRUCES", "alcaldia": "CUAJIMALPA DE MORELOS", "cveut": "04-060" }, "geometry": { "type": "Polygon", "coordinates": [ [ [ -99.34429, 19.29494 ], [ -99.34423, 19.29394 ], [ -99.34611, 19.29246 ], [ -99.34551, 19.29023 ], [ -99.34901, 19.29142 ], [ -99.35109, 19.2943 ], [ -99.35049, 19.2963 ], [ -99.34762, 19.29927 ], [ -99.34522, 19.29985 ], [ -99.34459, 19.29603 ], [ -99.34531, 19.29579 ], [ -99.34635, 19.29727 ], [ -99.34764, 19.296 ], [ -99.34429, 19.29494 ] ] ] } },
{ "type": "Feature", "properties": { "colonia": "VERTIZ NARVARTE", "alcaldia": "BENITO JUAREZ", "cveut": "14-047" }, "geometry": { "type": "Polygon", "coordinates": [ [ [ -99.14791, 19.38406 ], [ -99.14781, 19.3814 ], [ -99.15162, 19.38247 ], [ -99.15336, 19.37859 ], [ -99.15875, 19.37934 ], [ -99.15557, 19.38485 ], [ -99.14791, 19.38406 ] ] ] } },
{ "type": "Feature", "properties": { "colonia": "SAN PEDRO XALPA (AMPL) I", "alcaldia": "AZCAPOTZALCO", "cveut": "02-111" }, "geometry": { "type": "Polygon", "coordinates": [ [ [ -99.21813, 19.4846 ], [ -99.21299, 19.48334 ], [ -99.2137, 19.47743 ], [ -99.21503, 19.47777 ], [ -99.2153, 19.47688 ], [ -99.21766, 19.47847 ], [ -99.21792, 19.47759 ], [ -99.22038, 19.47824 ], [ -99.21813, 19.4846 ] ] ] } },
{ "type": "Feature", "properties": { "colonia": "JUAN ESCUTIA III", "alcaldia": "IZTAPALAPA", "cveut": "07-313" }, "geometry": { "type": "Polygon", "coordinates": [ [ [ -99.03095, 19.38229 ], [ -99.03708, 19.38581 ], [ -99.03437, 19.39009 ], [ -99.02776, 19.38696 ], [ -99.03095, 19.38229 ] ] ] } },
{ "type": "Feature", "properties": { "colonia": "CENTRO III", "alcaldia": "CUAUHTEMOC", "cveut": "15-039" }, "geometry": { "type": "Polygon", "coordinates": [ [ [ -99.1333, 19.43938 ], [ -99.12526, 19.43879 ], [ -99.1254, 19.43768 ], [ -99.12379, 19.43749 ], [ -99.12454, 19.43282 ], [ -99.12609, 19.43298 ], [ -99.12593, 19.43412 ], [ -99.12765, 19.43434 ], [ -99.12754, 19.43517 ], [ -99.13376, 19.43601 ], [ -99.1333, 19.43938 ] ] ] } },
{ "type": "Feature", "properties": { "colonia": "CERRO DE LA ESTRELLA II", "alcaldia": "IZTAPALAPA", "cveut": "07-261" }, "geometry": { "type": "Polygon", "coordinates": [ [ [ -99.07939, 19.3213 ], [ -99.07804, 19.3248 ], [ -99.07171, 19.32371 ], [ -99.0757, 19.31871 ], [ -99.08405, 19.32024 ], [ -99.08371, 19.32207 ], [ -99.07939, 19.3213 ] ] ] } },
{ "type": "Feature", "properties": { "colonia": "CTM EL RISCO (U HAB)", "alcaldia": "GUSTAVO A. MADERO", "cveut": "05-032" }, "geometry": { "type": "Polygon", "coordinates": [ [ [ -99.09774, 19.51253 ], [ -99.09058, 19.50949 ], [ -99.0926, 19.50597 ], [ -99.10028, 19.50889 ], [ -99.10099, 19.51176 ], [ -99.09774, 19.51253 ] ] ] } },
{ "type": "Feature", "properties": { "colonia": "GARCIMARRERO NORTE", "alcaldia": "ALVARO OBREGON", "cveut": "10-077" }, "geometry": { "type": "Polygon", "coordinates": [ [ [ -99.24715, 19.36534 ], [ -99.23606, 19.37213 ], [ -99.23489, 19.37249 ], [ -99.23416, 19.37151 ], [ -99.23546, 19.36736 ], [ -99.24281, 19.36584 ], [ -99.24649, 19.36394 ], [ -99.24715, 19.36534 ] ] ] } },
{ "type": "Feature", "properties": { "colonia": "UNIDADES HABITACIONALES DE SANTA ANA PONIENTE II", "alcaldia": "TLAHUAC", "cveut": "11-058" }, "geometry": { "type": "Polygon", "coordinates": [ [ [ -99.03962, 19.30029 ], [ -99.04454, 19.30201 ], [ -99.04288, 19.30404 ], [ -99.04444, 19.30524 ], [ -99.04843, 19.30031 ], [ -99.0464, 19.29988 ], [ -99.05056, 19.30073 ], [ -99.04462, 19.30801 ], [ -99.03891, 19.30377 ], [ -99.03962, 19.30029 ] ] ] } },
{ "type": "Feature", "properties": { "colonia": "MORELOS I", "alcaldia": "VENUSTIANO CARRANZA", "cveut": "17-083" }, "geometry": { "type": "Polygon", "coordinates": [ [ [ -99.12379, 19.43749 ], [ -99.12302, 19.44263 ], [ -99.12594, 19.44768 ], [ -99.12487, 19.45185 ], [ -99.12121, 19.44797 ], [ -99.12128, 19.43722 ], [ -99.12379, 19.43749 ] ] ] } },
{ "type": "Feature", "properties": { "colonia": "STA ISABEL INDUSTRIAL", "alcaldia": "IZTAPALAPA", "cveut": "07-226" }, "geometry": { "type": "Polygon", "coordinates": [ [ [ -99.10299, 19.35208 ], [ -99.1019, 19.35171 ], [ -99.10339, 19.34761 ], [ -99.10775, 19.34953 ], [ -99.1072, 19.35528 ], [ -99.10592, 19.35519 ], [ -99.10574, 19.35614 ], [ -99.10099, 19.35566 ], [ -99.10299, 19.35208 ] ] ] } },
{ "type": "Feature", "properties": { "colonia": "VILLA CENTROAMERICANA (U HAB)", "alcaldia": "TLAHUAC", "cveut": "11-052" }, "geometry": { "type": "Polygon", "coordinates": [ [ [ -99.05339, 19.28806 ], [ -99.05093, 19.28753 ], [ -99.05057, 19.28526 ], [ -99.05523, 19.27934 ], [ -99.05975, 19.28022 ], [ -99.05339, 19.28806 ] ] ] } },
{ "type": "Feature", "properties": { "colonia": "PALO ALTO (GRANJAS)", "alcaldia": "CUAJIMALPA DE MORELOS", "cveut": "04-038" }, "geometry": { "type": "Polygon", "coordinates": [ [ [ -99.25357, 19.38387 ], [ -99.2523, 19.38449 ], [ -99.25282, 19.38584 ], [ -99.24985, 19.38737 ], [ -99.24769, 19.38636 ], [ -99.26156, 19.37597 ], [ -99.25758, 19.38384 ], [ -99.25574, 19.3849 ], [ -99.25357, 19.38387 ] ] ] } },
{ "type": "Feature", "properties": { "colonia": "TLALCOLIGIA", "alcaldia": "TLALPAN", "cveut": "12-175" }, "geometry": { "type": "Polygon", "coordinates": [ [ [ -99.17111, 19.27502 ], [ -99.17155, 19.27354 ], [ -99.16926, 19.2729 ], [ -99.16976, 19.27168 ], [ -99.17538, 19.27342 ], [ -99.17366, 19.27781 ], [ -99.17224, 19.27772 ], [ -99.16982, 19.28034 ], [ -99.16761, 19.27902 ], [ -99.16741, 19.27575 ], [ -99.16884, 19.27409 ], [ -99.17111, 19.27502 ] ] ] } },
{ "type": "Feature", "properties": { "colonia": "SALVADOR DIAZ MIRON", "alcaldia": "GUSTAVO A. MADERO", "cveut": "05-149" }, "geometry": { "type": "Polygon", "coordinates": [ [ [ -99.09878, 19.49197 ], [ -99.09372, 19.48941 ], [ -99.09549, 19.48383 ], [ -99.10223, 19.48732 ], [ -99.09878, 19.49197 ] ] ] } },
{ "type": "Feature", "properties": { "colonia": "JACARANDAS", "alcaldia": "IZTAPALAPA", "cveut": "07-097" }, "geometry": { "type": "Polygon", "coordinates": [ [ [ -99.05343, 19.34202 ], [ -99.05757, 19.34362 ], [ -99.05476, 19.34295 ], [ -99.05313, 19.34699 ], [ -99.05273, 19.35157 ], [ -99.04979, 19.35065 ], [ -99.04916, 19.35295 ], [ -99.04954, 19.34237 ], [ -99.05343, 19.34202 ] ] ] } },
{ "type": "Feature", "properties": { "colonia": "LINDAVISTA VALLEJO (U HAB)", "alcaldia": "GUSTAVO A. MADERO", "cveut": "05-113" }, "geometry": { "type": "Polygon", "coordinates": [ [ [ -99.15187, 19.49466 ], [ -99.15084, 19.49901 ], [ -99.15638, 19.50117 ], [ -99.15697, 19.50274 ], [ -99.14827, 19.499 ], [ -99.14343, 19.48673 ], [ -99.14643, 19.49257 ], [ -99.14689, 19.4908 ], [ -99.14923, 19.49127 ], [ -99.14868, 19.49397 ], [ -99.15187, 19.49466 ] ] ] } },
{ "type": "Feature", "properties": { "colonia": "CENTRO II", "alcaldia": "VENUSTIANO CARRANZA", "cveut": "17-073" }, "geometry": { "type": "Polygon", "coordinates": [ [ [ -99.12511, 19.4292 ], [ -99.1223, 19.42886 ], [ -99.12166, 19.42789 ], [ -99.1216, 19.4288 ], [ -99.11918, 19.42901 ], [ -99.12037, 19.42211 ], [ -99.12609, 19.42282 ], [ -99.12511, 19.4292 ] ] ] } },
{ "type": "Feature", "properties": { "colonia": "CENTRO DE AZCAPOTZALCO", "alcaldia": "AZCAPOTZALCO", "cveut": "02-007" }, "geometry": { "type": "Polygon", "coordinates": [ [ [ -99.18959, 19.48519 ], [ -99.1829, 19.48408 ], [ -99.18463, 19.47773 ], [ -99.18394, 19.4766 ], [ -99.18897, 19.47769 ], [ -99.18857, 19.48251 ], [ -99.18959, 19.48519 ] ] ] } },
{ "type": "Feature", "properties": { "colonia": "JALALPA EL GRANDE", "alcaldia": "ALVARO OBREGON", "cveut": "10-089" }, "geometry": { "type": "Polygon", "coordinates": [ [ [ -99.24615, 19.3683 ], [ -99.24034, 19.37472 ], [ -99.23789, 19.37241 ], [ -99.23842, 19.37189 ], [ -99.23742, 19.3708 ], [ -99.24921, 19.36437 ], [ -99.24874, 19.36684 ], [ -99.24615, 19.3683 ] ] ] } },
{ "type": "Feature", "properties": { "colonia": "LAS PEÑAS I", "alcaldia": "IZTAPALAPA", "cveut": "07-118" }, "geometry": { "type": "Polygon", "coordinates": [ [ [ -99.0503, 19.33884 ], [ -99.04652, 19.33798 ], [ -99.04649, 19.33488 ], [ -99.05261, 19.33239 ], [ -99.05664, 19.33419 ], [ -99.0503, 19.33884 ] ] ] } },
{ "type": "Feature", "properties": { "colonia": "GUERRERO IV", "alcaldia": "CUAUHTEMOC", "cveut": "15-053" }, "geometry": { "type": "Polygon", "coordinates": [ [ [ -99.14373, 19.44473 ], [ -99.13876, 19.44396 ], [ -99.14056, 19.43626 ], [ -99.14665, 19.43742 ], [ -99.14276, 19.4411 ], [ -99.14439, 19.44149 ], [ -99.14373, 19.44473 ] ] ] } },
{ "type": "Feature", "properties": { "colonia": "VALLEJO II", "alcaldia": "GUSTAVO A. MADERO", "cveut": "05-250" }, "geometry": { "type": "Polygon", "coordinates": [ [ [ -99.12394, 19.46782 ], [ -99.12625, 19.4613 ], [ -99.13383, 19.46611 ], [ -99.13293, 19.46603 ], [ -99.13247, 19.46736 ], [ -99.13041, 19.46671 ], [ -99.13008, 19.46769 ], [ -99.12905, 19.46737 ], [ -99.12847, 19.46904 ], [ -99.12662, 19.4686 ], [ -99.12394, 19.46782 ] ] ] } },
{ "type": "Feature", "properties": { "colonia": "GERTRUDIS SANCHEZ 3A SECCION", "alcaldia": "GUSTAVO A. MADERO", "cveut": "05-068" }, "geometry": { "type": "Polygon", "coordinates": [ [ [ -99.09913, 19.45725 ], [ -99.10573, 19.45993 ], [ -99.10369, 19.46465 ], [ -99.09708, 19.46238 ], [ -99.09913, 19.45725 ] ] ] } },
{ "type": "Feature", "properties": { "colonia": "SANTIAGO SUR (BARR)", "alcaldia": "IZTACALCO", "cveut": "06-035" }, "geometry": { "type": "Polygon", "coordinates": [ [ [ -99.12924, 19.3863 ], [ -99.12933, 19.39091 ], [ -99.12208, 19.39022 ], [ -99.12267, 19.38251 ], [ -99.12439, 19.38282 ], [ -99.12397, 19.38577 ], [ -99.12924, 19.3863 ] ] ] } },
{ "type": "Feature", "properties": { "colonia": "EJIDOS DE SAN PEDRO MARTIR I (NORTE)", "alcaldia": "TLALPAN", "cveut": "12-035" }, "geometry": { "type": "Polygon", "coordinates": [ [ [ -99.15945, 19.27549 ], [ -99.15482, 19.27346 ], [ -99.154, 19.2755 ], [ -99.15253, 19.27455 ], [ -99.15446, 19.26891 ], [ -99.16113, 19.27053 ], [ -99.16136, 19.27224 ], [ -99.15945, 19.27549 ] ] ] } },
{ "type": "Feature", "properties": { "colonia": "SAN ANTONIO (FRACC)", "alcaldia": "AZCAPOTZALCO", "cveut": "02-074" }, "geometry": { "type": "Polygon", "coordinates": [ [ [ -99.20566, 19.48171 ], [ -99.20437, 19.4824 ], [ -99.20016, 19.48149 ], [ -99.20047, 19.48032 ], [ -99.19902, 19.4797 ], [ -99.19988, 19.47773 ], [ -99.20497, 19.47913 ], [ -99.20586, 19.47733 ], [ -99.20888, 19.47808 ], [ -99.20812, 19.47961 ], [ -99.21023, 19.4802 ], [ -99.20946, 19.48288 ], [ -99.20566, 19.48171 ] ] ] } },
{ "type": "Feature", "properties": { "colonia": "LOMAS ESTRELLA 2A SECC I", "alcaldia": "IZTAPALAPA", "cveut": "07-285" }, "geometry": { "type": "Polygon", "coordinates": [ [ [ -99.09379, 19.31663 ], [ -99.09111, 19.31672 ], [ -99.09122, 19.31946 ], [ -99.08983, 19.31922 ], [ -99.08943, 19.32105 ], [ -99.08407, 19.32012 ], [ -99.08481, 19.31597 ], [ -99.08643, 19.31675 ], [ -99.08689, 19.31305 ], [ -99.08951, 19.31355 ], [ -99.08904, 19.31532 ], [ -99.09379, 19.31663 ] ] ] } },
{ "type": "Feature", "properties": { "colonia": "PERALVILLO I", "alcaldia": "CUAUHTEMOC", "cveut": "15-066" }, "geometry": { "type": "Polygon", "coordinates": [ [ [ -99.14101, 19.46497 ], [ -99.13329, 19.46502 ], [ -99.13454, 19.45934 ], [ -99.14022, 19.46039 ], [ -99.14204, 19.4638 ], [ -99.14101, 19.46497 ] ] ] } },
{ "type": "Feature", "properties": { "colonia": "BELLA VISTA", "alcaldia": "ALVARO OBREGON", "cveut": "10-031" }, "geometry": { "type": "Polygon", "coordinates": [ [ [ -99.19641, 19.39611 ], [ -99.19415, 19.39935 ], [ -99.19273, 19.3994 ], [ -99.19386, 19.40075 ], [ -99.19225, 19.40267 ], [ -99.18908, 19.39563 ], [ -99.19214, 19.39528 ], [ -99.19225, 19.39402 ], [ -99.19885, 19.39394 ], [ -99.19784, 19.39584 ], [ -99.19641, 19.39611 ] ] ] } },
{ "type": "Feature", "properties": { "colonia": "TEPALCATES II", "alcaldia": "IZTAPALAPA", "cveut": "07-302" }, "geometry": { "type": "Polygon", "coordinates": [ [ [ -99.05982, 19.38969 ], [ -99.05838, 19.39801 ], [ -99.05176, 19.39419 ], [ -99.05333, 19.39475 ], [ -99.05544, 19.38841 ], [ -99.05948, 19.39075 ], [ -99.05982, 19.38969 ] ] ] } },
{ "type": "Feature", "properties": { "colonia": "RAMOS MILLAN BRAMADERO I", "alcaldia": "IZTACALCO", "cveut": "06-061" }, "geometry": { "type": "Polygon", "coordinates": [ [ [ -99.09411, 19.38923 ], [ -99.09931, 19.38968 ], [ -99.09905, 19.39239 ], [ -99.10021, 19.3925 ], [ -99.09921, 19.39691 ], [ -99.0938, 19.39607 ], [ -99.09496, 19.39151 ], [ -99.09389, 19.39141 ], [ -99.09411, 19.38923 ] ] ] } },
{ "type": "Feature", "properties": { "colonia": "PORTALES IV", "alcaldia": "BENITO JUAREZ", "cveut": "14-069" }, "geometry": { "type": "Polygon", "coordinates": [ [ [ -99.15415, 19.36176 ], [ -99.14314, 19.3606 ], [ -99.14385, 19.35726 ], [ -99.15299, 19.3577 ], [ -99.15415, 19.36176 ] ] ] } },
{ "type": "Feature", "properties": { "colonia": "SAN CLEMENTE", "alcaldia": "ALVARO OBREGON", "cveut": "10-195" }, "geometry": { "type": "Polygon", "coordinates": [ [ [ -99.22327, 19.35029 ], [ -99.2237, 19.34564 ], [ -99.22568, 19.34634 ], [ -99.22713, 19.34565 ], [ -99.22833, 19.34836 ], [ -99.23049, 19.34933 ], [ -99.23121, 19.35111 ], [ -99.22298, 19.35289 ], [ -99.22448, 19.35159 ], [ -99.22277, 19.35217 ], [ -99.2223, 19.35061 ], [ -99.22327, 19.35029 ] ] ] } },
{ "type": "Feature", "properties": { "colonia": "CONSTITUCION DE 1917 II", "alcaldia": "IZTAPALAPA", "cveut": "07-267" }, "geometry": { "type": "Polygon", "coordinates": [ [ [ -99.05977, 19.353 ], [ -99.05271, 19.35164 ], [ -99.05307, 19.35011 ], [ -99.0566, 19.35085 ], [ -99.05768, 19.34316 ], [ -99.06115, 19.34475 ], [ -99.05977, 19.353 ] ] ] } },
{ "type": "Feature", "properties": { "colonia": "CTM ATZACOALCO (U HAB)", "alcaldia": "GUSTAVO A. MADERO", "cveut": "05-031" }, "geometry": { "type": "Polygon", "coordinates": [ [ [ -99.10028, 19.50889 ], [ -99.0926, 19.50597 ], [ -99.09382, 19.50431 ], [ -99.09575, 19.5062 ], [ -99.09617, 19.50452 ], [ -99.10094, 19.50722 ], [ -99.10559, 19.50735 ], [ -99.10726, 19.50838 ], [ -99.10599, 19.51003 ], [ -99.10116, 19.51185 ], [ -99.10028, 19.50889 ] ] ] } },
{ "type": "Feature", "properties": { "colonia": "EL RETOÑO", "alcaldia": "IZTAPALAPA", "cveut": "07-057" }, "geometry": { "type": "Polygon", "coordinates": [ [ [ -99.12731, 19.36604 ], [ -99.12721, 19.37654 ], [ -99.1227, 19.3757 ], [ -99.12228, 19.36973 ], [ -99.12509, 19.36869 ], [ -99.12731, 19.36604 ] ] ] } },
{ "type": "Feature", "properties": { "colonia": "HEROES DE PADIERNA", "alcaldia": "LA MAGDALENA CONTRERAS", "cveut": "08-013" }, "geometry": { "type": "Polygon", "coordinates": [ [ [ -99.22953, 19.31117 ], [ -99.22888, 19.31188 ], [ -99.22939, 19.31472 ], [ -99.22136, 19.31601 ], [ -99.21886, 19.31067 ], [ -99.22299, 19.311 ], [ -99.22299, 19.31331 ], [ -99.22416, 19.31283 ], [ -99.22364, 19.31115 ], [ -99.22468, 19.31097 ], [ -99.22549, 19.31262 ], [ -99.22765, 19.31071 ], [ -99.22953, 19.31117 ] ] ] } },
{ "type": "Feature", "properties": { "colonia": "GUERRERO III", "alcaldia": "CUAUHTEMOC", "cveut": "15-052" }, "geometry": { "type": "Polygon", "coordinates": [ [ [ -99.14723, 19.44614 ], [ -99.14497, 19.44575 ], [ -99.14444, 19.44814 ], [ -99.14295, 19.44785 ], [ -99.14439, 19.44149 ], [ -99.14276, 19.4411 ], [ -99.14665, 19.43742 ], [ -99.14911, 19.43789 ], [ -99.14723, 19.44614 ] ] ] } },
{ "type": "Feature", "properties": { "colonia": "LOMAS DE TETELPAN", "alcaldia": "ALVARO OBREGON", "cveut": "10-144" }, "geometry": { "type": "Polygon", "coordinates": [ [ [ -99.22262, 19.34544 ], [ -99.22163, 19.34669 ], [ -99.21767, 19.34732 ], [ -99.21418, 19.34722 ], [ -99.21137, 19.34563 ], [ -99.21409, 19.34444 ], [ -99.21354, 19.34359 ], [ -99.22153, 19.3426 ], [ -99.22326, 19.34276 ], [ -99.22156, 19.34313 ], [ -99.22262, 19.34544 ] ] ] } },
{ "type": "Feature", "properties": { "colonia": "SAN JOSE ACULCO", "alcaldia": "IZTAPALAPA", "cveut": "07-182" }, "geometry": { "type": "Polygon", "coordinates": [ [ [ -99.10158, 19.38027 ], [ -99.09581, 19.37963 ], [ -99.09837, 19.37513 ], [ -99.10255, 19.37181 ], [ -99.1055, 19.37009 ], [ -99.10836, 19.37005 ], [ -99.10302, 19.37241 ], [ -99.10158, 19.38027 ] ] ] } },
{ "type": "Feature", "properties": { "colonia": "EMILIANO ZAPATA 2A", "alcaldia": "TLAHUAC", "cveut": "11-009" }, "geometry": { "type": "Polygon", "coordinates": [ [ [ -98.97257, 19.20261 ], [ -98.97226, 19.20485 ], [ -98.9713, 19.20525 ], [ -98.9717, 19.20628 ], [ -98.96877, 19.20891 ], [ -98.96969, 19.20949 ], [ -98.96854, 19.21056 ], [ -98.96667, 19.20895 ], [ -98.96871, 19.20265 ], [ -98.96691, 19.19678 ], [ -98.97257, 19.20261 ] ] ] } },
{ "type": "Feature", "properties": { "colonia": "TORRES LINDAVISTA (FRACC)", "alcaldia": "GUSTAVO A. MADERO", "cveut": "05-188" }, "geometry": { "type": "Polygon", "coordinates": [ [ [ -99.14651, 19.51376 ], [ -99.14031, 19.51153 ], [ -99.13963, 19.50974 ], [ -99.14732, 19.50673 ], [ -99.14877, 19.50875 ], [ -99.14651, 19.51376 ] ] ] } },
{ "type": "Feature", "properties": { "colonia": "LA PATERA-CONDOMODULOS (U HAB)", "alcaldia": "GUSTAVO A. MADERO", "cveut": "05-107" }, "geometry": { "type": "Polygon", "coordinates": [ [ [ -99.15828, 19.50592 ], [ -99.15558, 19.50687 ], [ -99.15482, 19.50484 ], [ -99.15172, 19.50602 ], [ -99.15081, 19.50539 ], [ -99.14827, 19.499 ], [ -99.15675, 19.50255 ], [ -99.15828, 19.50592 ] ] ] } },
{ "type": "Feature", "properties": { "colonia": "CUITLAHUAC", "alcaldia": "TLAHUAC", "cveut": "11-060" }, "geometry": { "type": "Polygon", "coordinates": [ [ [ -99.02062, 19.26149 ], [ -99.01735, 19.26832 ], [ -99.01287, 19.26676 ], [ -99.01336, 19.26293 ], [ -99.0157, 19.26304 ], [ -99.01666, 19.25995 ], [ -99.02062, 19.26149 ] ] ] } },
{ "type": "Feature", "properties": { "colonia": "SAN JOSE DE LA ESCALERA", "alcaldia": "GUSTAVO A. MADERO", "cveut": "05-153" }, "geometry": { "type": "Polygon", "coordinates": [ [ [ -99.16081, 19.52702 ], [ -99.16246, 19.52381 ], [ -99.16548, 19.52273 ], [ -99.17027, 19.52856 ], [ -99.16989, 19.52998 ], [ -99.15951, 19.5269 ], [ -99.16081, 19.52702 ] ] ] } },
{ "type": "Feature", "properties": { "colonia": "VILLA LAZARO CARDENAS", "alcaldia": "TLALPAN", "cveut": "12-194" }, "geometry": { "type": "Polygon", "coordinates": [ [ [ -99.14455, 19.30038 ], [ -99.14255, 19.29964 ], [ -99.13256, 19.29575 ], [ -99.14651, 19.29514 ], [ -99.14455, 19.30038 ] ] ] } },
{ "type": "Feature", "properties": { "colonia": "LA NOPALERA", "alcaldia": "TLAHUAC", "cveut": "11-019" }, "geometry": { "type": "Polygon", "coordinates": [ [ [ -99.05558, 19.29964 ], [ -99.05417, 19.3023 ], [ -99.04859, 19.30011 ], [ -99.05526, 19.2919 ], [ -99.05558, 19.29964 ] ] ] } },
{ "type": "Feature", "properties": { "colonia": "SAN JUAN DE ARAGON 3A SECCION (U HAB) II", "alcaldia": "GUSTAVO A. MADERO", "cveut": "05-255" }, "geometry": { "type": "Polygon", "coordinates": [ [ [ -99.07135, 19.45642 ], [ -99.06861, 19.45839 ], [ -99.06649, 19.44734 ], [ -99.06812, 19.4464 ], [ -99.06986, 19.44688 ], [ -99.06977, 19.44813 ], [ -99.07187, 19.44976 ], [ -99.07071, 19.45011 ], [ -99.07122, 19.45221 ], [ -99.07029, 19.45242 ], [ -99.07135, 19.45642 ] ] ] } },
{ "type": "Feature", "properties": { "colonia": "VILLA COYOACAN", "alcaldia": "COYOACAN", "cveut": "03-114" }, "geometry": { "type": "Polygon", "coordinates": [ [ [ -99.16178, 19.34953 ], [ -99.15908, 19.34999 ], [ -99.16073, 19.34434 ], [ -99.16778, 19.34518 ], [ -99.16591, 19.34927 ], [ -99.16427, 19.34921 ], [ -99.1639, 19.35071 ], [ -99.16277, 19.3504 ], [ -99.16172, 19.35134 ], [ -99.16178, 19.34953 ] ] ] } },
{ "type": "Feature", "properties": { "colonia": "TENORIOS", "alcaldia": "IZTAPALAPA", "cveut": "07-229" }, "geometry": { "type": "Polygon", "coordinates": [ [ [ -99.01824, 19.32919 ], [ -99.02417, 19.32919 ], [ -99.02424, 19.328 ], [ -99.02599, 19.32992 ], [ -99.02605, 19.3312 ], [ -99.0241, 19.33135 ], [ -99.02453, 19.33307 ], [ -99.0232, 19.3332 ], [ -99.02283, 19.33526 ], [ -99.01795, 19.33397 ], [ -99.01824, 19.32919 ] ] ] } },
{ "type": "Feature", "properties": { "colonia": "SAN JUAN XALPA I", "alcaldia": "IZTAPALAPA", "cveut": "07-289" }, "geometry": { "type": "Polygon", "coordinates": [ [ [ -99.08625, 19.33471 ], [ -99.08496, 19.34177 ], [ -99.08042, 19.34044 ], [ -99.08166, 19.33296 ], [ -99.08495, 19.33354 ], [ -99.08477, 19.33446 ], [ -99.08625, 19.33471 ] ] ] } },
{ "type": "Feature", "properties": { "colonia": "SANTA LUCIA", "alcaldia": "ALVARO OBREGON", "cveut": "10-200" }, "geometry": { "type": "Polygon", "coordinates": [ [ [ -99.25677, 19.354 ], [ -99.25874, 19.35682 ], [ -99.25096, 19.36134 ], [ -99.24852, 19.35897 ], [ -99.24984, 19.35568 ], [ -99.25144, 19.35669 ], [ -99.25414, 19.35502 ], [ -99.25535, 19.35577 ], [ -99.25677, 19.354 ] ] ] } },
{ "type": "Feature", "properties": { "colonia": "AQUILES SERDAN", "alcaldia": "VENUSTIANO CARRANZA", "cveut": "17-005" }, "geometry": { "type": "Polygon", "coordinates": [ [ [ -99.0936, 19.45127 ], [ -99.09185, 19.45066 ], [ -99.08709, 19.44588 ], [ -99.09006, 19.4437 ], [ -99.09575, 19.44563 ], [ -99.0936, 19.45127 ] ] ] } },
{ "type": "Feature", "properties": { "colonia": "APATLACO", "alcaldia": "IZTAPALAPA", "cveut": "07-009" }, "geometry": { "type": "Polygon", "coordinates": [ [ [ -99.11091, 19.37929 ], [ -99.1128, 19.37948 ], [ -99.1138, 19.37718 ], [ -99.11554, 19.37729 ], [ -99.11845, 19.37862 ], [ -99.11814, 19.37987 ], [ -99.12247, 19.38017 ], [ -99.12236, 19.38248 ], [ -99.11087, 19.38144 ], [ -99.11091, 19.37929 ] ] ] } },
{ "type": "Feature", "properties": { "colonia": "CHIMALISTAC", "alcaldia": "ALVARO OBREGON", "cveut": "10-042" }, "geometry": { "type": "Polygon", "coordinates": [ [ [ -99.18703, 19.34919 ], [ -99.18182, 19.34732 ], [ -99.18412, 19.34383 ], [ -99.19053, 19.33874 ], [ -99.18703, 19.34919 ] ] ] } },
{ "type": "Feature", "properties": { "colonia": "SAN JUAN DE ARAGON 6A SECCION (U HAB) II", "alcaldia": "GUSTAVO A. MADERO", "cveut": "05-256" }, "geometry": { "type": "Polygon", "coordinates": [ [ [ -99.05932, 19.46338 ], [ -99.06943, 19.46546 ], [ -99.06829, 19.46539 ], [ -99.06684, 19.47136 ], [ -99.05827, 19.46406 ], [ -99.05932, 19.46338 ] ] ] } },
{ "type": "Feature", "properties": { "colonia": "SAN RAFAEL I", "alcaldia": "CUAUHTEMOC", "cveut": "15-073" }, "geometry": { "type": "Polygon", "coordinates": [ [ [ -99.16053, 19.44174 ], [ -99.15583, 19.43972 ], [ -99.15905, 19.43238 ], [ -99.16254, 19.43378 ], [ -99.16053, 19.44174 ] ] ] } },
{ "type": "Feature", "properties": { "colonia": "GUADALUPE INSURGENTES", "alcaldia": "GUSTAVO A. MADERO", "cveut": "05-071" }, "geometry": { "type": "Polygon", "coordinates": [ [ [ -99.12839, 19.48158 ], [ -99.12781, 19.48115 ], [ -99.1319, 19.46989 ], [ -99.13692, 19.47119 ], [ -99.12839, 19.48158 ] ] ] } },
{ "type": "Feature", "properties": { "colonia": "LA COLMENA (U HAB)", "alcaldia": "IZTAPALAPA", "cveut": "07-105" }, "geometry": { "type": "Polygon", "coordinates": [ [ [ -99.00673, 19.36578 ], [ -99.003, 19.37406 ], [ -98.9984, 19.37142 ], [ -99.00034, 19.36821 ], [ -99.00455, 19.36543 ], [ -99.00673, 19.36578 ] ] ] } },
{ "type": "Feature", "properties": { "colonia": "JORGE NEGRETE", "alcaldia": "GUSTAVO A. MADERO", "cveut": "05-086" }, "geometry": { "type": "Polygon", "coordinates": [ [ [ -99.14552, 19.53139 ], [ -99.14316, 19.53017 ], [ -99.14059, 19.52661 ], [ -99.14082, 19.52148 ], [ -99.14294, 19.52236 ], [ -99.14679, 19.52616 ], [ -99.14528, 19.52913 ], [ -99.14617, 19.52967 ], [ -99.14552, 19.53139 ] ] ] } },
{ "type": "Feature", "properties": { "colonia": "INDEPENDENCIA", "alcaldia": "BENITO JUAREZ", "cveut": "14-016" }, "geometry": { "type": "Polygon", "coordinates": [ [ [ -99.15162, 19.38247 ], [ -99.14343, 19.38093 ], [ -99.14155, 19.3781 ], [ -99.14618, 19.37898 ], [ -99.14655, 19.37727 ], [ -99.15336, 19.37859 ], [ -99.15162, 19.38247 ] ] ] } },
{ "type": "Feature", "properties": { "colonia": "SIMON  BOLIVAR", "alcaldia": "VENUSTIANO CARRANZA", "cveut": "17-058" }, "geometry": { "type": "Polygon", "coordinates": [ [ [ -99.09908, 19.45026 ], [ -99.09425, 19.45195 ], [ -99.09185, 19.45066 ], [ -99.0936, 19.45127 ], [ -99.09575, 19.44563 ], [ -99.10306, 19.44727 ], [ -99.10196, 19.45024 ], [ -99.09908, 19.45026 ] ] ] } },
{ "type": "Feature", "properties": { "colonia": "VALLE DE LUCES I", "alcaldia": "IZTAPALAPA", "cveut": "07-237" }, "geometry": { "type": "Polygon", "coordinates": [ [ [ -99.10353, 19.33918 ], [ -99.10256, 19.34236 ], [ -99.09145, 19.33881 ], [ -99.09177, 19.33679 ], [ -99.1058, 19.33901 ], [ -99.10353, 19.33918 ] ] ] } },
{ "type": "Feature", "properties": { "colonia": "5TO TRAMO DE 20 DE NOVIEMBRE", "alcaldia": "VENUSTIANO CARRANZA", "cveut": "17-069" }, "geometry": { "type": "Polygon", "coordinates": [ [ [ -99.10855, 19.45277 ], [ -99.10196, 19.45024 ], [ -99.10306, 19.44727 ], [ -99.11577, 19.45002 ], [ -99.11543, 19.45139 ], [ -99.11003, 19.4502 ], [ -99.10855, 19.45277 ] ] ] } },
{ "type": "Feature", "properties": { "colonia": "VALLE DEL SUR", "alcaldia": "IZTAPALAPA", "cveut": "07-240" }, "geometry": { "type": "Polygon", "coordinates": [ [ [ -99.12013, 19.35051 ], [ -99.11105, 19.34982 ], [ -99.11239, 19.34383 ], [ -99.11745, 19.34627 ], [ -99.12013, 19.35051 ] ] ] } },
{ "type": "Feature", "properties": { "colonia": "EJTO DE OTE II (U HAB)", "alcaldia": "IZTAPALAPA", "cveut": "07-049" }, "geometry": { "type": "Polygon", "coordinates": [ [ [ -99.03708, 19.38581 ], [ -99.03073, 19.3819 ], [ -99.03583, 19.37776 ], [ -99.03955, 19.38254 ], [ -99.03708, 19.38581 ] ] ] } },
{ "type": "Feature", "properties": { "colonia": "LOMAS DE SOTELO", "alcaldia": "MIGUEL HIDALGO", "cveut": "16-045" }, "geometry": { "type": "Polygon", "coordinates": [ [ [ -99.21037, 19.44979 ], [ -99.2123, 19.44755 ], [ -99.21063, 19.44721 ], [ -99.21317, 19.44771 ], [ -99.21517, 19.44663 ], [ -99.21455, 19.44469 ], [ -99.21781, 19.44451 ], [ -99.21686, 19.44981 ], [ -99.21866, 19.45306 ], [ -99.21715, 19.45396 ], [ -99.21181, 19.44984 ], [ -99.21037, 19.44979 ] ] ] } },
{ "type": "Feature", "properties": { "colonia": "AGRICOLA ORIENTAL VII", "alcaldia": "IZTACALCO", "cveut": "06-046" }, "geometry": { "type": "Polygon", "coordinates": [ [ [ -99.07015, 19.3914 ], [ -99.0649, 19.39053 ], [ -99.06443, 19.38746 ], [ -99.06551, 19.38765 ], [ -99.0664, 19.38364 ], [ -99.07139, 19.38614 ], [ -99.07015, 19.3914 ] ] ] } },
{ "type": "Feature", "properties": { "colonia": "SAN LORENZO LA CEBADA II", "alcaldia": "XOCHIMILCO", "cveut": "13-076" }, "geometry": { "type": "Polygon", "coordinates": [ [ [ -99.12487, 19.28263 ], [ -99.12449, 19.2837 ], [ -99.11736, 19.28098 ], [ -99.1164, 19.28253 ], [ -99.11973, 19.27377 ], [ -99.12487, 19.28263 ] ] ] } },
{ "type": "Feature", "properties": { "colonia": "LAS LAJAS", "alcaldia": "CUAJIMALPA DE MORELOS", "cveut": "04-026" }, "geometry": { "type": "Polygon", "coordinates": [ [ [ -99.33171, 19.32051 ], [ -99.32558, 19.31677 ], [ -99.32774, 19.31435 ], [ -99.33007, 19.31868 ], [ -99.33185, 19.31823 ], [ -99.33236, 19.30968 ], [ -99.33307, 19.31155 ], [ -99.33501, 19.31226 ], [ -99.33525, 19.31581 ], [ -99.33379, 19.31915 ], [ -99.33171, 19.32051 ] ] ] } },
{ "type": "Feature", "properties": { "colonia": "SAN IGNACIO (BARR)", "alcaldia": "IZTAPALAPA", "cveut": "07-180" }, "geometry": { "type": "Polygon", "coordinates": [ [ [ -99.09987, 19.3682 ], [ -99.09191, 19.36697 ], [ -99.09368, 19.36458 ], [ -99.09408, 19.36127 ], [ -99.10002, 19.36295 ], [ -99.09832, 19.36587 ], [ -99.10035, 19.36644 ], [ -99.09987, 19.3682 ] ] ] } },
{ "type": "Feature", "properties": { "colonia": "INFONAVIT IZTACALCO (U HAB) I", "alcaldia": "IZTACALCO", "cveut": "06-052" }, "geometry": { "type": "Polygon", "coordinates": [ [ [ -99.11109, 19.38442 ], [ -99.11223, 19.38828 ], [ -99.10034, 19.38572 ], [ -99.10108, 19.38022 ], [ -99.10111, 19.38335 ], [ -99.11109, 19.38442 ] ] ] } },
{ "type": "Feature", "properties": { "colonia": "CIUDAD DE LOS DEPORTES", "alcaldia": "BENITO JUAREZ", "cveut": "14-009" }, "geometry": { "type": "Polygon", "coordinates": [ [ [ -99.17485, 19.38612 ], [ -99.17581, 19.38317 ], [ -99.18155, 19.38044 ], [ -99.1848, 19.38089 ], [ -99.18307, 19.38523 ], [ -99.17485, 19.38612 ] ] ] } },
{ "type": "Feature", "properties": { "colonia": "SAN NICOLAS II", "alcaldia": "TLALPAN", "cveut": "12-158" }, "geometry": { "type": "Polygon", "coordinates": [ [ [ -99.24007, 19.26312 ], [ -99.24115, 19.27038 ], [ -99.23369, 19.26938 ], [ -99.2342, 19.2673 ], [ -99.23829, 19.26389 ], [ -99.23797, 19.26204 ], [ -99.24007, 19.26312 ] ] ] } },
{ "type": "Feature", "properties": { "colonia": "PUEBLA", "alcaldia": "VENUSTIANO CARRANZA", "cveut": "17-053" }, "geometry": { "type": "Polygon", "coordinates": [ [ [ -99.07794, 19.4072 ], [ -99.08749, 19.40792 ], [ -99.08442, 19.41312 ], [ -99.07687, 19.40897 ], [ -99.07794, 19.4072 ] ] ] } },
{ "type": "Feature", "properties": { "colonia": "VICENTE GUERRERO SUPER MANZANA 6 (U HAB)", "alcaldia": "IZTAPALAPA", "cveut": "07-247" }, "geometry": { "type": "Polygon", "coordinates": [ [ [ -99.05972, 19.35331 ], [ -99.05772, 19.36041 ], [ -99.05761, 19.3595 ], [ -99.05356, 19.35852 ], [ -99.05378, 19.35189 ], [ -99.05972, 19.35331 ] ] ] } },
{ "type": "Feature", "properties": { "colonia": "SANTA LUCIA (BARR)", "alcaldia": "AZCAPOTZALCO", "cveut": "02-095" }, "geometry": { "type": "Polygon", "coordinates": [ [ [ -99.19448, 19.4788 ], [ -99.19228, 19.47813 ], [ -99.20103, 19.4735 ], [ -99.19783, 19.48236 ], [ -99.19348, 19.48142 ], [ -99.19448, 19.4788 ] ] ] } },
{ "type": "Feature", "properties": { "colonia": "MALACATES", "alcaldia": "GUSTAVO A. MADERO", "cveut": "05-120" }, "geometry": { "type": "Polygon", "coordinates": [ [ [ -99.13766, 19.57733 ], [ -99.13115, 19.57516 ], [ -99.13091, 19.57338 ], [ -99.12999, 19.57512 ], [ -99.12909, 19.57423 ], [ -99.13037, 19.57129 ], [ -99.13339, 19.57122 ], [ -99.13315, 19.57201 ], [ -99.13641, 19.57338 ], [ -99.13596, 19.57408 ], [ -99.14022, 19.57703 ], [ -99.13987, 19.5804 ], [ -99.13766, 19.57733 ] ] ] } },
{ "type": "Feature", "properties": { "colonia": "ALGARIN", "alcaldia": "CUAUHTEMOC", "cveut": "15-001" }, "geometry": { "type": "Polygon", "coordinates": [ [ [ -99.13578, 19.40811 ], [ -99.1365, 19.40342 ], [ -99.14499, 19.40388 ], [ -99.14464, 19.4072 ], [ -99.13578, 19.40811 ] ] ] } },
{ "type": "Feature", "properties": { "colonia": "LA FORESTAL 2", "alcaldia": "GUSTAVO A. MADERO", "cveut": "05-100" }, "geometry": { "type": "Polygon", "coordinates": [ [ [ -99.12868, 19.56205 ], [ -99.12735, 19.56704 ], [ -99.12831, 19.56895 ], [ -99.12824, 19.5722 ], [ -99.12185, 19.57199 ], [ -99.12272, 19.56798 ], [ -99.12449, 19.56548 ], [ -99.12479, 19.56689 ], [ -99.1258, 19.56702 ], [ -99.12747, 19.56422 ], [ -99.12716, 19.56331 ], [ -99.12868, 19.56205 ] ] ] } },
{ "type": "Feature", "properties": { "colonia": "ARBOLEDAS DEL SUR", "alcaldia": "TLALPAN", "cveut": "12-007" }, "geometry": { "type": "Polygon", "coordinates": [ [ [ -99.14136, 19.2936 ], [ -99.14522, 19.29482 ], [ -99.14321, 19.29562 ], [ -99.13611, 19.29519 ], [ -99.13537, 19.28892 ], [ -99.14077, 19.2905 ], [ -99.14136, 19.2936 ] ] ] } },
{ "type": "Feature", "properties": { "colonia": "POTRERO DE SAN BERNARDINO", "alcaldia": "XOCHIMILCO", "cveut": "13-033" }, "geometry": { "type": "Polygon", "coordinates": [ [ [ -99.12124, 19.27285 ], [ -99.12015, 19.27234 ], [ -99.11973, 19.27377 ], [ -99.1155, 19.26602 ], [ -99.12435, 19.26788 ], [ -99.12332, 19.26971 ], [ -99.12386, 19.27107 ], [ -99.12124, 19.27285 ] ] ] } },
{ "type": "Feature", "properties": { "colonia": "HEROES DE CHURUBUSCO", "alcaldia": "IZTAPALAPA", "cveut": "07-091" }, "geometry": { "type": "Polygon", "coordinates": [ [ [ -99.12215, 19.36414 ], [ -99.11437, 19.36291 ], [ -99.11573, 19.35704 ], [ -99.11818, 19.35748 ], [ -99.1177, 19.35949 ], [ -99.12194, 19.35989 ], [ -99.12215, 19.36414 ] ] ] } },
{ "type": "Feature", "properties": { "colonia": "CARLOS ZAPATA VELA", "alcaldia": "IZTACALCO", "cveut": "06-004" }, "geometry": { "type": "Polygon", "coordinates": [ [ [ -99.10034, 19.38572 ], [ -99.09287, 19.38402 ], [ -99.09562, 19.37954 ], [ -99.10108, 19.38022 ], [ -99.10034, 19.38572 ] ] ] } },
{ "type": "Feature", "properties": { "colonia": "EL TANQUE", "alcaldia": "LA MAGDALENA CONTRERAS", "cveut": "08-011" }, "geometry": { "type": "Polygon", "coordinates": [ [ [ -99.25477, 19.3259 ], [ -99.25502, 19.32404 ], [ -99.25611, 19.3228 ], [ -99.25711, 19.32349 ], [ -99.25483, 19.3268 ], [ -99.24869, 19.32764 ], [ -99.24807, 19.3265 ], [ -99.24603, 19.32627 ], [ -99.24719, 19.3225 ], [ -99.25032, 19.32236 ], [ -99.25069, 19.32481 ], [ -99.25349, 19.32368 ], [ -99.25455, 19.32396 ], [ -99.25477, 19.3259 ] ] ] } },
{ "type": "Feature", "properties": { "colonia": "REFORMA SOCIAL", "alcaldia": "MIGUEL HIDALGO", "cveut": "16-070" }, "geometry": { "type": "Polygon", "coordinates": [ [ [ -99.22325, 19.42975 ], [ -99.21214, 19.43536 ], [ -99.20985, 19.43339 ], [ -99.21355, 19.43292 ], [ -99.21589, 19.43003 ], [ -99.22233, 19.427 ], [ -99.22325, 19.42975 ] ] ] } },
{ "type": "Feature", "properties": { "colonia": "SAN LUCAS (BARR)", "alcaldia": "COYOACAN", "cveut": "03-103" }, "geometry": { "type": "Polygon", "coordinates": [ [ [ -99.1561, 19.3506 ], [ -99.15125, 19.35156 ], [ -99.15051, 19.34889 ], [ -99.15103, 19.34516 ], [ -99.15478, 19.34408 ], [ -99.1563, 19.34605 ], [ -99.1561, 19.3506 ] ] ] } },
{ "type": "Feature", "properties": { "colonia": "NUEVA TENOCHTITLAN", "alcaldia": "GUSTAVO A. MADERO", "cveut": "05-130" }, "geometry": { "type": "Polygon", "coordinates": [ [ [ -99.10573, 19.45993 ], [ -99.09913, 19.45725 ], [ -99.10062, 19.45331 ], [ -99.10769, 19.45495 ], [ -99.10573, 19.45993 ] ] ] } },
{ "type": "Feature", "properties": { "colonia": "CAMPAMENTO 2 DE OCTUBRE I", "alcaldia": "IZTACALCO", "cveut": "06-048" }, "geometry": { "type": "Polygon", "coordinates": [ [ [ -99.1171, 19.38586 ], [ -99.11528, 19.38851 ], [ -99.11223, 19.38828 ], [ -99.1106, 19.3814 ], [ -99.11735, 19.38223 ], [ -99.11651, 19.38528 ], [ -99.1171, 19.38586 ] ] ] } },
{ "type": "Feature", "properties": { "colonia": "7 DE JULIO", "alcaldia": "VENUSTIANO CARRANZA", "cveut": "17-070" }, "geometry": { "type": "Polygon", "coordinates": [ [ [ -99.11521, 19.42934 ], [ -99.11486, 19.43536 ], [ -99.11088, 19.43485 ], [ -99.11097, 19.43415 ], [ -99.10962, 19.43472 ], [ -99.11027, 19.42736 ], [ -99.11521, 19.42934 ] ] ] } },
{ "type": "Feature", "properties": { "colonia": "NARVARTE VI", "alcaldia": "BENITO JUAREZ", "cveut": "14-065" }, "geometry": { "type": "Polygon", "coordinates": [ [ [ -99.15239, 19.39019 ], [ -99.14682, 19.3894 ], [ -99.14747, 19.384 ], [ -99.15557, 19.38485 ], [ -99.15437, 19.38698 ], [ -99.15193, 19.38646 ], [ -99.15153, 19.38862 ], [ -99.15325, 19.38886 ], [ -99.15239, 19.39019 ] ] ] } },
{ "type": "Feature", "properties": { "colonia": "EL CARMEN", "alcaldia": "GUSTAVO A. MADERO", "cveut": "05-049" }, "geometry": { "type": "Polygon", "coordinates": [ [ [ -99.13007, 19.5435 ], [ -99.12889, 19.54175 ], [ -99.12987, 19.54141 ], [ -99.12811, 19.54077 ], [ -99.12949, 19.5385 ], [ -99.13088, 19.53981 ], [ -99.13244, 19.53901 ], [ -99.13688, 19.54327 ], [ -99.13461, 19.54566 ], [ -99.12919, 19.54401 ], [ -99.13007, 19.5435 ] ] ] } },
{ "type": "Feature", "properties": { "colonia": "LA ERA", "alcaldia": "IZTAPALAPA", "cveut": "07-106" }, "geometry": { "type": "Polygon", "coordinates": [ [ [ -99.05823, 19.3434 ], [ -99.05501, 19.34216 ], [ -99.05182, 19.34216 ], [ -99.05119, 19.34051 ], [ -99.05113, 19.33875 ], [ -99.05533, 19.33526 ], [ -99.05841, 19.34198 ], [ -99.05823, 19.3434 ] ] ] } },
{ "type": "Feature", "properties": { "colonia": "BENITO JUAREZ (AMPL)", "alcaldia": "GUSTAVO A. MADERO", "cveut": "05-012" }, "geometry": { "type": "Polygon", "coordinates": [ [ [ -99.13787, 19.53576 ], [ -99.12975, 19.53562 ], [ -99.12956, 19.53166 ], [ -99.13547, 19.53139 ], [ -99.13649, 19.5341 ], [ -99.13907, 19.53405 ], [ -99.14091, 19.53535 ], [ -99.13747, 19.5366 ], [ -99.13787, 19.53576 ] ] ] } },
{ "type": "Feature", "properties": { "colonia": "EL CARACOL", "alcaldia": "COYOACAN", "cveut": "03-041" }, "geometry": { "type": "Polygon", "coordinates": [ [ [ -99.16302, 19.30391 ], [ -99.16288, 19.30135 ], [ -99.16647, 19.30185 ], [ -99.16587, 19.30335 ], [ -99.16765, 19.30674 ], [ -99.16367, 19.30814 ], [ -99.15907, 19.3033 ], [ -99.16086, 19.30262 ], [ -99.16051, 19.30076 ], [ -99.16245, 19.30129 ], [ -99.16203, 19.30306 ], [ -99.16302, 19.30391 ] ] ] } },
{ "type": "Feature", "properties": { "colonia": "GRANJAS COAPA", "alcaldia": "TLALPAN", "cveut": "12-050" }, "geometry": { "type": "Polygon", "coordinates": [ [ [ -99.11503, 19.29515 ], [ -99.11403, 19.29802 ], [ -99.11527, 19.29815 ], [ -99.11587, 19.3011 ], [ -99.11147, 19.30006 ], [ -99.11208, 19.29616 ], [ -99.11322, 19.29637 ], [ -99.11352, 19.29488 ], [ -99.11257, 19.29403 ], [ -99.11293, 19.29027 ], [ -99.11468, 19.28951 ], [ -99.1176, 19.294 ], [ -99.11503, 19.29515 ] ] ] } },
{ "type": "Feature", "properties": { "colonia": "CUAUTEPEC EL ALTO (PBLO)", "alcaldia": "GUSTAVO A. MADERO", "cveut": "05-034" }, "geometry": { "type": "Polygon", "coordinates": [ [ [ -99.13653, 19.55275 ], [ -99.13825, 19.55354 ], [ -99.13629, 19.55741 ], [ -99.13726, 19.55777 ], [ -99.13725, 19.55936 ], [ -99.13555, 19.55869 ], [ -99.13457, 19.56098 ], [ -99.12972, 19.5586 ], [ -99.13171, 19.55493 ], [ -99.13354, 19.55575 ], [ -99.1347, 19.55401 ], [ -99.1362, 19.55463 ], [ -99.13653, 19.55275 ] ] ] } },
{ "type": "Feature", "properties": { "colonia": "CORPUS CHRISTY", "alcaldia": "ALVARO OBREGON", "cveut": "10-047" }, "geometry": { "type": "Polygon", "coordinates": [ [ [ -99.25096, 19.36134 ], [ -99.25161, 19.36374 ], [ -99.25024, 19.36313 ], [ -99.24715, 19.36534 ], [ -99.24649, 19.36394 ], [ -99.24737, 19.36319 ], [ -99.24346, 19.36096 ], [ -99.24699, 19.35688 ], [ -99.24837, 19.35645 ], [ -99.24943, 19.35763 ], [ -99.24852, 19.35897 ], [ -99.25096, 19.36134 ] ] ] } },
{ "type": "Feature", "properties": { "colonia": "VASCO DE QUIROGA", "alcaldia": "GUSTAVO A. MADERO", "cveut": "05-196" }, "geometry": { "type": "Polygon", "coordinates": [ [ [ -99.09366, 19.49886 ], [ -99.0903, 19.49778 ], [ -99.09322, 19.49071 ], [ -99.09832, 19.49256 ], [ -99.09366, 19.49886 ] ] ] } },
{ "type": "Feature", "properties": { "colonia": "LA HABANA", "alcaldia": "TLAHUAC", "cveut": "11-016" }, "geometry": { "type": "Polygon", "coordinates": [ [ [ -98.99307, 19.26943 ], [ -98.99303, 19.26435 ], [ -98.99941, 19.26592 ], [ -98.99768, 19.27238 ], [ -98.99307, 19.26943 ] ] ] } },
{ "type": "Feature", "properties": { "colonia": "PROVIDENCIA I", "alcaldia": "GUSTAVO A. MADERO", "cveut": "05-234" }, "geometry": { "type": "Polygon", "coordinates": [ [ [ -99.07535, 19.48532 ], [ -99.07247, 19.48426 ], [ -99.07302, 19.48286 ], [ -99.07121, 19.48223 ], [ -99.07065, 19.48366 ], [ -99.06813, 19.4828 ], [ -99.06854, 19.48105 ], [ -99.06975, 19.4812 ], [ -99.07335, 19.47794 ], [ -99.07715, 19.48084 ], [ -99.07535, 19.48532 ] ] ] } },
{ "type": "Feature", "properties": { "colonia": "SAN PEDRO EL CHICO", "alcaldia": "GUSTAVO A. MADERO", "cveut": "05-167" }, "geometry": { "type": "Polygon", "coordinates": [ [ [ -99.09902, 19.47559 ], [ -99.09939, 19.47471 ], [ -99.09352, 19.47209 ], [ -99.09526, 19.46745 ], [ -99.10173, 19.47044 ], [ -99.09902, 19.47559 ] ] ] } },
{ "type": "Feature", "properties": { "colonia": "JARDINES DE SAN LORENZO", "alcaldia": "IZTAPALAPA", "cveut": "07-099" }, "geometry": { "type": "Polygon", "coordinates": [ [ [ -99.07579, 19.29104 ], [ -99.07516, 19.29017 ], [ -99.07726, 19.2929 ], [ -99.07437, 19.29942 ], [ -99.07038, 19.29907 ], [ -99.07171, 19.29426 ], [ -99.07429, 19.29364 ], [ -99.07215, 19.29194 ], [ -99.07579, 19.29104 ] ] ] } },
{ "type": "Feature", "properties": { "colonia": "EL RELOJ", "alcaldia": "COYOACAN", "cveut": "03-045" }, "geometry": { "type": "Polygon", "coordinates": [ [ [ -99.14355, 19.3193 ], [ -99.14241, 19.32104 ], [ -99.14096, 19.32058 ], [ -99.13894, 19.32156 ], [ -99.13838, 19.31923 ], [ -99.13982, 19.31491 ], [ -99.14352, 19.31627 ], [ -99.14467, 19.31532 ], [ -99.14584, 19.31608 ], [ -99.14598, 19.31977 ], [ -99.14355, 19.3193 ] ] ] } },
{ "type": "Feature", "properties": { "colonia": "BOSQUE RESIDENCIAL DEL SUR (FRACC)", "alcaldia": "XOCHIMILCO", "cveut": "13-005" }, "geometry": { "type": "Polygon", "coordinates": [ [ [ -99.13183, 19.28048 ], [ -99.13301, 19.28065 ], [ -99.13321, 19.27954 ], [ -99.13512, 19.28058 ], [ -99.13466, 19.28194 ], [ -99.13156, 19.28291 ], [ -99.12534, 19.28283 ], [ -99.12885, 19.27675 ], [ -99.13183, 19.27829 ], [ -99.13183, 19.28048 ] ] ] } },
{ "type": "Feature", "properties": { "colonia": "SANTIAGO ATZACOALCO (PBLO)", "alcaldia": "GUSTAVO A. MADERO", "cveut": "05-174" }, "geometry": { "type": "Polygon", "coordinates": [ [ [ -99.09312, 19.50502 ], [ -99.09432, 19.4973 ], [ -99.10043, 19.48998 ], [ -99.10001, 19.4947 ], [ -99.09312, 19.50502 ] ] ] } },
{ "type": "Feature", "properties": { "colonia": "MIXCOAC", "alcaldia": "BENITO JUAREZ", "cveut": "14-026" }, "geometry": { "type": "Polygon", "coordinates": [ [ [ -99.19161, 19.37801 ], [ -99.18762, 19.37642 ], [ -99.18868, 19.36765 ], [ -99.19126, 19.36802 ], [ -99.1917, 19.36895 ], [ -99.19161, 19.37801 ] ] ] } },
{ "type": "Feature", "properties": { "colonia": "FLORESTA-PRADO-VERGEL COAPA", "alcaldia": "TLALPAN", "cveut": "12-043" }, "geometry": { "type": "Polygon", "coordinates": [ [ [ -99.1316, 19.30199 ], [ -99.13196, 19.30698 ], [ -99.12452, 19.30382 ], [ -99.12493, 19.30027 ], [ -99.12953, 19.29985 ], [ -99.129, 19.3016 ], [ -99.1316, 19.30199 ] ] ] } },
{ "type": "Feature", "properties": { "colonia": "LOS REYES (PBLO)", "alcaldia": "IZTAPALAPA", "cveut": "07-135" }, "geometry": { "type": "Polygon", "coordinates": [ [ [ -99.11105, 19.34982 ], [ -99.10676, 19.34937 ], [ -99.10878, 19.33961 ], [ -99.10856, 19.34092 ], [ -99.11248, 19.3435 ], [ -99.11105, 19.34982 ] ] ] } },
{ "type": "Feature", "properties": { "colonia": "DM NACIONAL", "alcaldia": "GUSTAVO A. MADERO", "cveut": "05-040" }, "geometry": { "type": "Polygon", "coordinates": [ [ [ -99.09809, 19.47928 ], [ -99.09169, 19.47666 ], [ -99.09352, 19.47209 ], [ -99.09939, 19.47471 ], [ -99.09902, 19.47559 ], [ -99.09974, 19.47523 ], [ -99.09809, 19.47928 ] ] ] } },
{ "type": "Feature", "properties": { "colonia": "PENITENCIARIA (AMPL)", "alcaldia": "VENUSTIANO CARRANZA", "cveut": "17-046" }, "geometry": { "type": "Polygon", "coordinates": [ [ [ -99.12127, 19.43846 ], [ -99.11054, 19.43763 ], [ -99.11088, 19.43485 ], [ -99.11486, 19.43536 ], [ -99.11502, 19.43438 ], [ -99.12125, 19.43525 ], [ -99.12127, 19.43846 ] ] ] } },
{ "type": "Feature", "properties": { "colonia": "EL MOLINO", "alcaldia": "IZTAPALAPA", "cveut": "07-054" }, "geometry": { "type": "Polygon", "coordinates": [ [ [ -99.06949, 19.30233 ], [ -99.06742, 19.30222 ], [ -99.0664, 19.29788 ], [ -99.06477, 19.29585 ], [ -99.06698, 19.29381 ], [ -99.0686, 19.29508 ], [ -99.07171, 19.29426 ], [ -99.06949, 19.30233 ] ] ] } },
{ "type": "Feature", "properties": { "colonia": "CRUZ DEL FAROL", "alcaldia": "TLALPAN", "cveut": "12-029" }, "geometry": { "type": "Polygon", "coordinates": [ [ [ -99.20611, 19.27219 ], [ -99.2045, 19.26623 ], [ -99.20585, 19.26527 ], [ -99.20866, 19.26728 ], [ -99.2137, 19.26868 ], [ -99.21669, 19.27183 ], [ -99.21475, 19.27264 ], [ -99.20828, 19.26827 ], [ -99.20647, 19.26879 ], [ -99.20682, 19.27037 ], [ -99.20803, 19.27009 ], [ -99.20853, 19.27143 ], [ -99.20611, 19.27219 ] ] ] } },
{ "type": "Feature", "properties": { "colonia": "COPILCO UNIVERSIDAD II", "alcaldia": "COYOACAN", "cveut": "03-161" }, "geometry": { "type": "Polygon", "coordinates": [ [ [ -99.19043, 19.33874 ], [ -99.17928, 19.33574 ], [ -99.1742, 19.33614 ], [ -99.17434, 19.33537 ], [ -99.17574, 19.33322 ], [ -99.17825, 19.33308 ], [ -99.17924, 19.33439 ], [ -99.18396, 19.3359 ], [ -99.18949, 19.33465 ], [ -99.19043, 19.33874 ] ] ] } },
{ "type": "Feature", "properties": { "colonia": "LA FORESTAL", "alcaldia": "GUSTAVO A. MADERO", "cveut": "05-098" }, "geometry": { "type": "Polygon", "coordinates": [ [ [ -99.13045, 19.55985 ], [ -99.1292, 19.55958 ], [ -99.12972, 19.5586 ], [ -99.13444, 19.56092 ], [ -99.1335, 19.56389 ], [ -99.13399, 19.56514 ], [ -99.13267, 19.56634 ], [ -99.13089, 19.56559 ], [ -99.13121, 19.56436 ], [ -99.13035, 19.56423 ], [ -99.12962, 19.56708 ], [ -99.12801, 19.56692 ], [ -99.12898, 19.5608 ], [ -99.13045, 19.55985 ] ] ] } },
{ "type": "Feature", "properties": { "colonia": "SAN MIGUEL (BARR)", "alcaldia": "IZTACALCO", "cveut": "06-030" }, "geometry": { "type": "Polygon", "coordinates": [ [ [ -99.11248, 19.38977 ], [ -99.12208, 19.39028 ], [ -99.12272, 19.39254 ], [ -99.12175, 19.39246 ], [ -99.12127, 19.39366 ], [ -99.11876, 19.39259 ], [ -99.11841, 19.3944 ], [ -99.11369, 19.39359 ], [ -99.11248, 19.38977 ] ] ] } },
{ "type": "Feature", "properties": { "colonia": "EL ROSARIO B (U HAB)", "alcaldia": "AZCAPOTZALCO", "cveut": "02-024" }, "geometry": { "type": "Polygon", "coordinates": [ [ [ -99.20539, 19.50898 ], [ -99.20582, 19.51453 ], [ -99.20486, 19.51519 ], [ -99.19184, 19.51091 ], [ -99.1988, 19.51164 ], [ -99.20539, 19.50898 ] ] ] } },
{ "type": "Feature", "properties": { "colonia": "PEDREGAL DE SANTA URSULA II", "alcaldia": "COYOACAN", "cveut": "03-136" }, "geometry": { "type": "Polygon", "coordinates": [ [ [ -99.15286, 19.31064 ], [ -99.15116, 19.3101 ], [ -99.15067, 19.31156 ], [ -99.14893, 19.311 ], [ -99.1484, 19.31248 ], [ -99.14527, 19.31042 ], [ -99.14533, 19.30924 ], [ -99.14841, 19.30892 ], [ -99.14944, 19.30794 ], [ -99.15032, 19.30535 ], [ -99.14881, 19.30456 ], [ -99.15204, 19.30582 ], [ -99.15389, 19.30524 ], [ -99.15402, 19.30916 ], [ -99.15286, 19.31064 ] ] ] } },
{ "type": "Feature", "properties": { "colonia": "EJERCITO DE ORIENTE (U HAB) II", "alcaldia": "IZTAPALAPA", "cveut": "07-272" }, "geometry": { "type": "Polygon", "coordinates": [ [ [ -99.03268, 19.37254 ], [ -99.02623, 19.36773 ], [ -99.02418, 19.36542 ], [ -99.02571, 19.36422 ], [ -99.03496, 19.36967 ], [ -99.03268, 19.37254 ] ] ] } },
{ "type": "Feature", "properties": { "colonia": "SAN JUAN DE ARAGON 2A SECCION (U HAB) II", "alcaldia": "GUSTAVO A. MADERO", "cveut": "05-244" }, "geometry": { "type": "Polygon", "coordinates": [ [ [ -99.08692, 19.46043 ], [ -99.08057, 19.45681 ], [ -99.08189, 19.45332 ], [ -99.08898, 19.45576 ], [ -99.08692, 19.46043 ] ] ] } },
{ "type": "Feature", "properties": { "colonia": "SANTO DOMINGO (PBLO)", "alcaldia": "AZCAPOTZALCO", "cveut": "02-098" }, "geometry": { "type": "Polygon", "coordinates": [ [ [ -99.19343, 19.49295 ], [ -99.18937, 19.49179 ], [ -99.18975, 19.48539 ], [ -99.18861, 19.48285 ], [ -99.19256, 19.48396 ], [ -99.19172, 19.48713 ], [ -99.19487, 19.48988 ], [ -99.19343, 19.49295 ] ] ] } },
{ "type": "Feature", "properties": { "colonia": "PUEBLO NUEVO ALTO", "alcaldia": "LA MAGDALENA CONTRERAS", "cveut": "08-038" }, "geometry": { "type": "Polygon", "coordinates": [ [ [ -99.25328, 19.30557 ], [ -99.24764, 19.30645 ], [ -99.24902, 19.30235 ], [ -99.2508, 19.30171 ], [ -99.25073, 19.30257 ], [ -99.25506, 19.30284 ], [ -99.25683, 19.30209 ], [ -99.25683, 19.30409 ], [ -99.25883, 19.30561 ], [ -99.25724, 19.30662 ], [ -99.25328, 19.30557 ] ] ] } },
{ "type": "Feature", "properties": { "colonia": "EL MIRADOR", "alcaldia": "IZTAPALAPA", "cveut": "07-053" }, "geometry": { "type": "Polygon", "coordinates": [ [ [ -99.10528, 19.33881 ], [ -99.09177, 19.33679 ], [ -99.0924, 19.33388 ], [ -99.09294, 19.33328 ], [ -99.09724, 19.33457 ], [ -99.09696, 19.33604 ], [ -99.09828, 19.33731 ], [ -99.0992, 19.33487 ], [ -99.10048, 19.33644 ], [ -99.10379, 19.33625 ], [ -99.10565, 19.33727 ], [ -99.10528, 19.33881 ] ] ] } },
{ "type": "Feature", "properties": { "colonia": "2A AMPLIACION SANTIAGO ACAHUALTEPEC I", "alcaldia": "IZTAPALAPA", "cveut": "07-308" }, "geometry": { "type": "Polygon", "coordinates": [ [ [ -99.0125, 19.34452 ], [ -99.01476, 19.34525 ], [ -99.01626, 19.34704 ], [ -99.01588, 19.34893 ], [ -99.01781, 19.35006 ], [ -99.01626, 19.35181 ], [ -99.01255, 19.35346 ], [ -99.01185, 19.35121 ], [ -99.00848, 19.35026 ], [ -99.01015, 19.35059 ], [ -99.01041, 19.34924 ], [ -99.01252, 19.3493 ], [ -99.01327, 19.34614 ], [ -99.01229, 19.3455 ], [ -99.0125, 19.34452 ] ] ] } },
{ "type": "Feature", "properties": { "colonia": "MESA LOS HORNOS, TEXCALTENCO", "alcaldia": "TLALPAN", "cveut": "12-094" }, "geometry": { "type": "Polygon", "coordinates": [ [ [ -99.18885, 19.27296 ], [ -99.18608, 19.27786 ], [ -99.18134, 19.27749 ], [ -99.18214, 19.27161 ], [ -99.18472, 19.27106 ], [ -99.18471, 19.27306 ], [ -99.18683, 19.27322 ], [ -99.18706, 19.27227 ], [ -99.18885, 19.27296 ] ] ] } },
{ "type": "Feature", "properties": { "colonia": "PALMITAS", "alcaldia": "IZTAPALAPA", "cveut": "07-151" }, "geometry": { "type": "Polygon", "coordinates": [ [ [ -99.0241, 19.33135 ], [ -99.02636, 19.33066 ], [ -99.02867, 19.33217 ], [ -99.02973, 19.33455 ], [ -99.02821, 19.33599 ], [ -99.02635, 19.33619 ], [ -99.02657, 19.34062 ], [ -99.02504, 19.34036 ], [ -99.02501, 19.33564 ], [ -99.02282, 19.33578 ], [ -99.0232, 19.3332 ], [ -99.02453, 19.33307 ], [ -99.0241, 19.33135 ] ] ] } },
{ "type": "Feature", "properties": { "colonia": "JOSE LOPEZ PORTILLO I", "alcaldia": "IZTAPALAPA", "cveut": "07-275" }, "geometry": { "type": "Polygon", "coordinates": [ [ [ -99.08479, 19.30709 ], [ -99.08319, 19.3059 ], [ -99.08224, 19.30706 ], [ -99.07909, 19.30475 ], [ -99.08324, 19.29959 ], [ -99.0872, 19.3042 ], [ -99.08479, 19.30709 ] ] ] } },
{ "type": "Feature", "properties": { "colonia": "DOCTORES V", "alcaldia": "CUAUHTEMOC", "cveut": "15-049" }, "geometry": { "type": "Polygon", "coordinates": [ [ [ -99.14836, 19.41464 ], [ -99.14671, 19.41453 ], [ -99.14713, 19.4122 ], [ -99.14561, 19.41206 ], [ -99.14522, 19.41441 ], [ -99.14392, 19.4143 ], [ -99.14461, 19.4072 ], [ -99.14977, 19.40685 ], [ -99.14836, 19.41464 ] ] ] } },
{ "type": "Feature", "properties": { "colonia": "LOMAS DE SAN ANGEL INN", "alcaldia": "ALVARO OBREGON", "cveut": "10-139" }, "geometry": { "type": "Polygon", "coordinates": [ [ [ -99.20541, 19.34253 ], [ -99.21064, 19.34309 ], [ -99.20827, 19.34644 ], [ -99.20194, 19.34708 ], [ -99.20281, 19.34146 ], [ -99.20617, 19.3416 ], [ -99.20541, 19.34253 ] ] ] } },
{ "type": "Feature", "properties": { "colonia": "OJO DE AGUA", "alcaldia": "TLAHUAC", "cveut": "11-027" }, "geometry": { "type": "Polygon", "coordinates": [ [ [ -99.01673, 19.29221 ], [ -99.00919, 19.29122 ], [ -99.00994, 19.28647 ], [ -99.01392, 19.28673 ], [ -99.01701, 19.29047 ], [ -99.01673, 19.29221 ] ] ] } },
{ "type": "Feature", "properties": { "colonia": "LA MALINCHE", "alcaldia": "LA MAGDALENA CONTRERAS", "cveut": "08-025" }, "geometry": { "type": "Polygon", "coordinates": [ [ [ -99.24613, 19.32605 ], [ -99.23817, 19.32455 ], [ -99.23692, 19.32195 ], [ -99.23937, 19.31935 ], [ -99.24678, 19.32505 ], [ -99.24613, 19.32605 ] ] ] } },
{ "type": "Feature", "properties": { "colonia": "LA VENTA-AMPLIACION LA VENTA", "alcaldia": "TLALPAN", "cveut": "12-226" }, "geometry": { "type": "Polygon", "coordinates": [ [ [ -99.18099, 19.21646 ], [ -99.18426, 19.21674 ], [ -99.18367, 19.21462 ], [ -99.18629, 19.21605 ], [ -99.18726, 19.21488 ], [ -99.188, 19.21734 ], [ -99.18603, 19.21685 ], [ -99.18258, 19.2195 ], [ -99.1793, 19.21787 ], [ -99.1772, 19.21851 ], [ -99.17484, 19.21653 ], [ -99.17689, 19.21294 ], [ -99.17753, 19.21337 ], [ -99.17659, 19.21428 ], [ -99.18099, 19.21646 ] ] ] } },
{ "type": "Feature", "properties": { "colonia": "ESCANDON II", "alcaldia": "MIGUEL HIDALGO", "cveut": "16-091" }, "geometry": { "type": "Polygon", "coordinates": [ [ [ -99.17907, 19.40268 ], [ -99.18093, 19.39714 ], [ -99.18531, 19.39596 ], [ -99.18466, 19.40333 ], [ -99.17907, 19.40268 ] ] ] } },
{ "type": "Feature", "properties": { "colonia": "MORELOS II", "alcaldia": "CUAUHTEMOC", "cveut": "15-057" }, "geometry": { "type": "Polygon", "coordinates": [ [ [ -99.12302, 19.44263 ], [ -99.12875, 19.44313 ], [ -99.1285, 19.44489 ], [ -99.12944, 19.44509 ], [ -99.1286, 19.44966 ], [ -99.1272, 19.44954 ], [ -99.1266, 19.45239 ], [ -99.12478, 19.452 ], [ -99.12594, 19.44768 ], [ -99.12302, 19.44263 ] ] ] } },
{ "type": "Feature", "properties": { "colonia": "JARDIN BALBUENA II", "alcaldia": "VENUSTIANO CARRANZA", "cveut": "17-077" }, "geometry": { "type": "Polygon", "coordinates": [ [ [ -99.11315, 19.41168 ], [ -99.11618, 19.41169 ], [ -99.11366, 19.42482 ], [ -99.11182, 19.42424 ], [ -99.11315, 19.41168 ] ] ] } },
{ "type": "Feature", "properties": { "colonia": "MORELOS III", "alcaldia": "CUAUHTEMOC", "cveut": "15-058" }, "geometry": { "type": "Polygon", "coordinates": [ [ [ -99.13417, 19.4478 ], [ -99.13032, 19.44719 ], [ -99.13046, 19.44621 ], [ -99.1285, 19.44489 ], [ -99.12875, 19.44313 ], [ -99.13876, 19.44396 ], [ -99.13511, 19.44773 ], [ -99.13513, 19.44871 ], [ -99.13414, 19.44863 ], [ -99.13417, 19.4478 ] ] ] } },
{ "type": "Feature", "properties": { "colonia": "SANTA MARTHA ACATITLA SUR (AMPL)", "alcaldia": "IZTAPALAPA", "cveut": "07-216" }, "geometry": { "type": "Polygon", "coordinates": [ [ [ -99.01957, 19.36845 ], [ -99.01626, 19.36736 ], [ -99.0171, 19.36517 ], [ -99.01874, 19.36572 ], [ -99.02242, 19.36007 ], [ -99.02613, 19.36199 ], [ -99.01957, 19.36845 ] ] ] } },
{ "type": "Feature", "properties": { "colonia": "LOMAS DE SAN BERNABE", "alcaldia": "LA MAGDALENA CONTRERAS", "cveut": "08-030" }, "geometry": { "type": "Polygon", "coordinates": [ [ [ -99.26624, 19.31123 ], [ -99.26499, 19.31472 ], [ -99.26172, 19.31719 ], [ -99.26108, 19.31297 ], [ -99.26017, 19.31234 ], [ -99.26572, 19.30682 ], [ -99.26624, 19.31123 ] ] ] } },
{ "type": "Feature", "properties": { "colonia": "EL ROSARIO", "alcaldia": "TLAHUAC", "cveut": "11-006" }, "geometry": { "type": "Polygon", "coordinates": [ [ [ -99.00154, 19.2436 ], [ -99.00678, 19.23778 ], [ -99.01077, 19.23566 ], [ -99.01169, 19.23634 ], [ -99.01102, 19.23739 ], [ -99.01496, 19.23696 ], [ -99.01318, 19.23985 ], [ -99.01134, 19.23844 ], [ -99.00752, 19.23904 ], [ -99.00342, 19.24577 ], [ -99.00154, 19.2436 ] ] ] } },
{ "type": "Feature", "properties": { "colonia": "EL SANTUARIO", "alcaldia": "IZTAPALAPA", "cveut": "07-060" }, "geometry": { "type": "Polygon", "coordinates": [ [ [ -99.08935, 19.3585 ], [ -99.08653, 19.35664 ], [ -99.08993, 19.35648 ], [ -99.09102, 19.35224 ], [ -99.09318, 19.35033 ], [ -99.09431, 19.35109 ], [ -99.09485, 19.35398 ], [ -99.09689, 19.35352 ], [ -99.09572, 19.35719 ], [ -99.09351, 19.35777 ], [ -99.09332, 19.35614 ], [ -99.08985, 19.35657 ], [ -99.08935, 19.3585 ] ] ] } },
{ "type": "Feature", "properties": { "colonia": "SAN ANTONIO CULHUACAN (BARR)", "alcaldia": "IZTAPALAPA", "cveut": "07-178" }, "geometry": { "type": "Polygon", "coordinates": [ [ [ -99.10856, 19.34092 ], [ -99.10881, 19.33816 ], [ -99.11418, 19.3389 ], [ -99.11745, 19.34627 ], [ -99.10856, 19.34092 ] ] ] } },
{ "type": "Feature", "properties": { "colonia": "NONOALCO-TLATELOLCO (U HAB) II", "alcaldia": "CUAUHTEMOC", "cveut": "15-060" }, "geometry": { "type": "Polygon", "coordinates": [ [ [ -99.14582, 19.45242 ], [ -99.14493, 19.45625 ], [ -99.13833, 19.45476 ], [ -99.13842, 19.44987 ], [ -99.14582, 19.45242 ] ] ] } },
{ "type": "Feature", "properties": { "colonia": "MARTIN CARRERA II", "alcaldia": "GUSTAVO A. MADERO", "cveut": "05-228" }, "geometry": { "type": "Polygon", "coordinates": [ [ [ -99.10223, 19.49123 ], [ -99.10036, 19.49083 ], [ -99.10223, 19.48732 ], [ -99.10312, 19.48961 ], [ -99.10543, 19.48808 ], [ -99.10568, 19.48898 ], [ -99.11234, 19.48727 ], [ -99.11396, 19.48781 ], [ -99.11147, 19.4894 ], [ -99.10616, 19.4907 ], [ -99.10639, 19.49151 ], [ -99.10407, 19.49321 ], [ -99.10267, 19.49266 ], [ -99.10223, 19.49123 ] ] ] } },
{ "type": "Feature", "properties": { "colonia": "TETELPAN (PBLO)", "alcaldia": "ALVARO OBREGON", "cveut": "10-214" }, "geometry": { "type": "Polygon", "coordinates": [ [ [ -99.22326, 19.34286 ], [ -99.22171, 19.34061 ], [ -99.22893, 19.33894 ], [ -99.22921, 19.3417 ], [ -99.22773, 19.34348 ], [ -99.22787, 19.34477 ], [ -99.22723, 19.34509 ], [ -99.22703, 19.34402 ], [ -99.22461, 19.34491 ], [ -99.22156, 19.3444 ], [ -99.22156, 19.34313 ], [ -99.22326, 19.34286 ] ] ] } },
{ "type": "Feature", "properties": { "colonia": "SOLIDARIDAD EL SALADO (U HAB)", "alcaldia": "IZTAPALAPA", "cveut": "07-225" }, "geometry": { "type": "Polygon", "coordinates": [ [ [ -99.00792, 19.37689 ], [ -99.00454, 19.37492 ], [ -99.00585, 19.37372 ], [ -99.00491, 19.37334 ], [ -99.00427, 19.37477 ], [ -99.003, 19.37406 ], [ -99.00549, 19.36862 ], [ -99.01019, 19.37172 ], [ -99.00792, 19.37689 ] ] ] } },
{ "type": "Feature", "properties": { "colonia": "ACUEDUCTO DE GUADALUPE (U HAB)", "alcaldia": "GUSTAVO A. MADERO", "cveut": "05-002" }, "geometry": { "type": "Polygon", "coordinates": [ [ [ -99.15858, 19.52898 ], [ -99.15756, 19.53022 ], [ -99.15182, 19.52964 ], [ -99.14294, 19.52236 ], [ -99.15858, 19.52898 ] ] ] } },
{ "type": "Feature", "properties": { "colonia": "SAN NICOLAS TOTOLAPAN", "alcaldia": "LA MAGDALENA CONTRERAS", "cveut": "08-047" }, "geometry": { "type": "Polygon", "coordinates": [ [ [ -99.23745, 19.30357 ], [ -99.23693, 19.30184 ], [ -99.23282, 19.29995 ], [ -99.23251, 19.29783 ], [ -99.23593, 19.29447 ], [ -99.23736, 19.29419 ], [ -99.23763, 19.29492 ], [ -99.23535, 19.29593 ], [ -99.23834, 19.29625 ], [ -99.23873, 19.2983 ], [ -99.23591, 19.29823 ], [ -99.23556, 19.29941 ], [ -99.2364, 19.30017 ], [ -99.23974, 19.30016 ], [ -99.23817, 19.30162 ], [ -99.24056, 19.30318 ], [ -99.24006, 19.30409 ], [ -99.23917, 19.30417 ], [ -99.23979, 19.30362 ], [ -99.23994, 19.30289 ], [ -99.23948, 19.30372 ], [ -99.23745, 19.30357 ] ] ] } },
{ "type": "Feature", "properties": { "colonia": "SAN SIMON CULHUACAN (BARR)", "alcaldia": "IZTAPALAPA", "cveut": "07-204" }, "geometry": { "type": "Polygon", "coordinates": [ [ [ -99.1049, 19.33689 ], [ -99.10063, 19.33643 ], [ -99.10024, 19.33397 ], [ -99.10947, 19.3323 ], [ -99.11209, 19.33424 ], [ -99.11146, 19.33574 ], [ -99.10558, 19.33485 ], [ -99.1049, 19.33689 ] ] ] } },
{ "type": "Feature", "properties": { "colonia": "SAN PEDRO IZTACALCO (BARR)", "alcaldia": "IZTACALCO", "cveut": "06-031" }, "geometry": { "type": "Polygon", "coordinates": [ [ [ -99.12686, 19.39801 ], [ -99.12699, 19.39068 ], [ -99.13249, 19.39122 ], [ -99.13102, 19.39692 ], [ -99.12686, 19.39801 ] ] ] } },
{ "type": "Feature", "properties": { "colonia": "DANIEL GARZA (AMPL)", "alcaldia": "MIGUEL HIDALGO", "cveut": "16-025" }, "geometry": { "type": "Polygon", "coordinates": [ [ [ -99.19325, 19.41382 ], [ -99.19178, 19.41284 ], [ -99.18961, 19.40774 ], [ -99.19206, 19.40788 ], [ -99.19237, 19.40659 ], [ -99.19507, 19.40736 ], [ -99.19799, 19.40505 ], [ -99.19789, 19.40871 ], [ -99.19376, 19.41097 ], [ -99.19325, 19.41382 ] ] ] } },
{ "type": "Feature", "properties": { "colonia": "JUAN GONZALEZ ROMERO", "alcaldia": "GUSTAVO A. MADERO", "cveut": "05-091" }, "geometry": { "type": "Polygon", "coordinates": [ [ [ -99.09065, 19.50933 ], [ -99.08608, 19.50762 ], [ -99.08858, 19.50195 ], [ -99.09345, 19.50392 ], [ -99.09065, 19.50933 ] ] ] } },
{ "type": "Feature", "properties": { "colonia": "OBSERVATORIO", "alcaldia": "MIGUEL HIDALGO", "cveut": "16-058" }, "geometry": { "type": "Polygon", "coordinates": [ [ [ -99.18961, 19.40774 ], [ -99.18779, 19.4039 ], [ -99.19675, 19.40319 ], [ -99.19715, 19.40576 ], [ -99.19507, 19.40736 ], [ -99.19237, 19.40659 ], [ -99.19206, 19.40788 ], [ -99.18961, 19.40774 ] ] ] } },
{ "type": "Feature", "properties": { "colonia": "NIÑOS HEROES DE CHAPULTEPEC", "alcaldia": "BENITO JUAREZ", "cveut": "14-031" }, "geometry": { "type": "Polygon", "coordinates": [ [ [ -99.14682, 19.3894 ], [ -99.14237, 19.38878 ], [ -99.14262, 19.38711 ], [ -99.13908, 19.38646 ], [ -99.13936, 19.38458 ], [ -99.14294, 19.38523 ], [ -99.14332, 19.38336 ], [ -99.14747, 19.384 ], [ -99.14682, 19.3894 ] ] ] } },
{ "type": "Feature", "properties": { "colonia": "VALLE GOMEZ", "alcaldia": "VENUSTIANO CARRANZA", "cveut": "17-061" }, "geometry": { "type": "Polygon", "coordinates": [ [ [ -99.12214, 19.45995 ], [ -99.1171, 19.45831 ], [ -99.11427, 19.45613 ], [ -99.11485, 19.4538 ], [ -99.12368, 19.45648 ], [ -99.12214, 19.45995 ] ] ] } },
{ "type": "Feature", "properties": { "colonia": "SAN NICOLAS TOLENTINO II", "alcaldia": "IZTAPALAPA", "cveut": "07-199" }, "geometry": { "type": "Polygon", "coordinates": [ [ [ -99.09116, 19.33181 ], [ -99.08887, 19.33179 ], [ -99.0878, 19.33023 ], [ -99.08632, 19.32999 ], [ -99.08607, 19.33185 ], [ -99.08467, 19.33159 ], [ -99.085, 19.32977 ], [ -99.08331, 19.32948 ], [ -99.08304, 19.32566 ], [ -99.09006, 19.32696 ], [ -99.08953, 19.33053 ], [ -99.09136, 19.33086 ], [ -99.09116, 19.33181 ] ] ] } },
{ "type": "Feature", "properties": { "colonia": "LA ESTACION", "alcaldia": "TLAHUAC", "cveut": "11-015" }, "geometry": { "type": "Polygon", "coordinates": [ [ [ -99.03796, 19.3132 ], [ -99.04337, 19.30647 ], [ -99.04422, 19.30733 ], [ -99.04527, 19.31339 ], [ -99.04363, 19.31221 ], [ -99.04048, 19.31542 ], [ -99.03796, 19.3132 ] ] ] } },
{ "type": "Feature", "properties": { "colonia": "AGRICOLA METROPOLITANA", "alcaldia": "TLAHUAC", "cveut": "11-001" }, "geometry": { "type": "Polygon", "coordinates": [ [ [ -99.05651, 19.29034 ], [ -99.05306, 19.29461 ], [ -99.04851, 19.29129 ], [ -99.05143, 19.28761 ], [ -99.05397, 19.28827 ], [ -99.05651, 19.29034 ] ] ] } },
{ "type": "Feature", "properties": { "colonia": "VICENTE GUERRERO SUPER MANZANA 5 (U HAB)", "alcaldia": "IZTAPALAPA", "cveut": "07-246" }, "geometry": { "type": "Polygon", "coordinates": [ [ [ -99.04913, 19.35838 ], [ -99.04979, 19.35065 ], [ -99.05378, 19.35189 ], [ -99.05356, 19.35852 ], [ -99.04913, 19.35838 ] ] ] } },
{ "type": "Feature", "properties": { "colonia": "TLAXPANA", "alcaldia": "MIGUEL HIDALGO", "cveut": "16-080" }, "geometry": { "type": "Polygon", "coordinates": [ [ [ -99.16565, 19.44372 ], [ -99.16953, 19.43622 ], [ -99.17276, 19.4382 ], [ -99.17249, 19.4402 ], [ -99.17181, 19.44005 ], [ -99.16859, 19.44518 ], [ -99.16565, 19.44372 ] ] ] } },
{ "type": "Feature", "properties": { "colonia": "BUENOS AIRES", "alcaldia": "CUAUHTEMOC", "cveut": "15-006" }, "geometry": { "type": "MultiPolygon", "coordinates": [ [ [ [ -99.15519, 19.40658 ], [ -99.14464, 19.40719 ], [ -99.14499, 19.40388 ], [ -99.15539, 19.40406 ], [ -99.15519, 19.40658 ] ] ], [ [ [ -99.14464, 19.40719 ], [ -99.14463, 19.4072 ], [ -99.14461, 19.4072 ], [ -99.14464, 19.40719 ] ] ] ] } },
{ "type": "Feature", "properties": { "colonia": "SAN ALVARO", "alcaldia": "AZCAPOTZALCO", "cveut": "02-070" }, "geometry": { "type": "Polygon", "coordinates": [ [ [ -99.18803, 19.46367 ], [ -99.18668, 19.46301 ], [ -99.18633, 19.46397 ], [ -99.18341, 19.46382 ], [ -99.17979, 19.46162 ], [ -99.17852, 19.45965 ], [ -99.17896, 19.45896 ], [ -99.18854, 19.46077 ], [ -99.18803, 19.46367 ] ] ] } },
{ "type": "Feature", "properties": { "colonia": "NONOALCO-TLATELOLCO (U HAB) III", "alcaldia": "CUAUHTEMOC", "cveut": "15-061" }, "geometry": { "type": "Polygon", "coordinates": [ [ [ -99.13069, 19.45311 ], [ -99.13414, 19.44863 ], [ -99.13842, 19.44987 ], [ -99.13833, 19.45476 ], [ -99.13069, 19.45311 ] ] ] } },
{ "type": "Feature", "properties": { "colonia": "PENSADOR MEXICANO II", "alcaldia": "VENUSTIANO CARRANZA", "cveut": "17-086" }, "geometry": { "type": "Polygon", "coordinates": [ [ [ -99.08529, 19.44143 ], [ -99.08605, 19.4385 ], [ -99.09351, 19.44124 ], [ -99.08709, 19.44588 ], [ -99.08529, 19.44143 ] ] ] } },
{ "type": "Feature", "properties": { "colonia": "PASEOS DE TAXQUEÑA I", "alcaldia": "COYOACAN", "cveut": "03-133" }, "geometry": { "type": "Polygon", "coordinates": [ [ [ -99.12641, 19.34516 ], [ -99.12734, 19.35083 ], [ -99.12002, 19.34993 ], [ -99.12062, 19.34578 ], [ -99.12612, 19.34581 ], [ -99.12641, 19.34516 ] ] ] } },
{ "type": "Feature", "properties": { "colonia": "BOSCOSO (U HAB)", "alcaldia": "ALVARO OBREGON", "cveut": "10-061" }, "geometry": { "type": "Polygon", "coordinates": [ [ [ -99.22438, 19.38981 ], [ -99.22275, 19.39103 ], [ -99.2165, 19.39206 ], [ -99.21583, 19.39112 ], [ -99.21862, 19.38666 ], [ -99.22104, 19.38732 ], [ -99.22309, 19.38658 ], [ -99.22438, 19.38981 ] ] ] } },
{ "type": "Feature", "properties": { "colonia": "EJERCITO DE AGUA PRIETA", "alcaldia": "IZTAPALAPA", "cveut": "07-042" }, "geometry": { "type": "Polygon", "coordinates": [ [ [ -99.03505, 19.36939 ], [ -99.03605, 19.36753 ], [ -99.03325, 19.36611 ], [ -99.03419, 19.36443 ], [ -99.04032, 19.36663 ], [ -99.04026, 19.37286 ], [ -99.03505, 19.36939 ] ] ] } },
{ "type": "Feature", "properties": { "colonia": "EL ERMITAÑO", "alcaldia": "LA MAGDALENA CONTRERAS", "cveut": "08-006" }, "geometry": { "type": "Polygon", "coordinates": [ [ [ -99.26431, 19.29967 ], [ -99.267, 19.29711 ], [ -99.2682, 19.29827 ], [ -99.2675, 19.29991 ], [ -99.26882, 19.30099 ], [ -99.26808, 19.30324 ], [ -99.26523, 19.30604 ], [ -99.2641, 19.30416 ], [ -99.26215, 19.30504 ], [ -99.26431, 19.29967 ] ] ] } },
{ "type": "Feature", "properties": { "colonia": "JALALPA TEPITO", "alcaldia": "ALVARO OBREGON", "cveut": "10-090" }, "geometry": { "type": "Polygon", "coordinates": [ [ [ -99.23412, 19.37412 ], [ -99.23843, 19.37217 ], [ -99.24041, 19.37497 ], [ -99.23583, 19.37969 ], [ -99.23353, 19.37977 ], [ -99.23445, 19.37632 ], [ -99.23293, 19.37715 ], [ -99.23469, 19.3746 ], [ -99.23412, 19.37412 ] ] ] } },
{ "type": "Feature", "properties": { "colonia": "SAN JUAN TEPEPAN", "alcaldia": "XOCHIMILCO", "cveut": "13-048" }, "geometry": { "type": "Polygon", "coordinates": [ [ [ -99.13189, 19.27829 ], [ -99.12967, 19.27784 ], [ -99.12885, 19.27675 ], [ -99.12841, 19.27727 ], [ -99.12884, 19.2763 ], [ -99.12467, 19.27439 ], [ -99.12743, 19.26886 ], [ -99.12931, 19.27088 ], [ -99.13189, 19.27829 ] ] ] } },
{ "type": "Feature", "properties": { "colonia": "CENTRO I", "alcaldia": "VENUSTIANO CARRANZA", "cveut": "17-072" }, "geometry": { "type": "Polygon", "coordinates": [ [ [ -99.12379, 19.43749 ], [ -99.12128, 19.43722 ], [ -99.12109, 19.43244 ], [ -99.11889, 19.43216 ], [ -99.11918, 19.42901 ], [ -99.12022, 19.42908 ], [ -99.1201, 19.43049 ], [ -99.12266, 19.43069 ], [ -99.12291, 19.42894 ], [ -99.12511, 19.4292 ], [ -99.12379, 19.43749 ] ] ] } },
{ "type": "Feature", "properties": { "colonia": "MAGDALENA  MIXHUCA (PBLO)", "alcaldia": "VENUSTIANO CARRANZA", "cveut": "17-037" }, "geometry": { "type": "Polygon", "coordinates": [ [ [ -99.12187, 19.40919 ], [ -99.12194, 19.41149 ], [ -99.11117, 19.41168 ], [ -99.11129, 19.40832 ], [ -99.12187, 19.40919 ] ] ] } },
{ "type": "Feature", "properties": { "colonia": "PARAJE EL CABALLITO", "alcaldia": "ALVARO OBREGON", "cveut": "10-168" }, "geometry": { "type": "Polygon", "coordinates": [ [ [ -99.27074, 19.31672 ], [ -99.26966, 19.31677 ], [ -99.27124, 19.3134 ], [ -99.2698, 19.31328 ], [ -99.27113, 19.31129 ], [ -99.27461, 19.31635 ], [ -99.27657, 19.31732 ], [ -99.27226, 19.32125 ], [ -99.2701, 19.31858 ], [ -99.27099, 19.31827 ], [ -99.27074, 19.31672 ] ] ] } },
{ "type": "Feature", "properties": { "colonia": "ADOLFO RUIZ CORTINES II", "alcaldia": "COYOACAN", "cveut": "03-127" }, "geometry": { "type": "Polygon", "coordinates": [ [ [ -99.15034, 19.32007 ], [ -99.15102, 19.31903 ], [ -99.14968, 19.31952 ], [ -99.15022, 19.3178 ], [ -99.15802, 19.31472 ], [ -99.15987, 19.31886 ], [ -99.15034, 19.32007 ] ] ] } },
{ "type": "Feature", "properties": { "colonia": "HIPODROMO CONDESA", "alcaldia": "CUAUHTEMOC", "cveut": "15-016" }, "geometry": { "type": "Polygon", "coordinates": [ [ [ -99.18114, 19.41143 ], [ -99.17866, 19.41134 ], [ -99.1739, 19.41146 ], [ -99.17879, 19.40703 ], [ -99.1807, 19.40669 ], [ -99.18428, 19.40792 ], [ -99.18235, 19.41139 ], [ -99.18089, 19.41076 ], [ -99.18114, 19.41143 ] ] ] } },
{ "type": "Feature", "properties": { "colonia": "LOMAS ESTRELLA 1A SECC (FRACC)", "alcaldia": "IZTAPALAPA", "cveut": "07-128" }, "geometry": { "type": "Polygon", "coordinates": [ [ [ -99.09125, 19.32519 ], [ -99.09166, 19.32144 ], [ -99.09814, 19.32277 ], [ -99.09625, 19.32743 ], [ -99.09487, 19.32833 ], [ -99.09125, 19.32519 ] ] ] } },
{ "type": "Feature", "properties": { "colonia": "PLUTARCO ELIAS CALLES", "alcaldia": "MIGUEL HIDALGO", "cveut": "16-064" }, "geometry": { "type": "Polygon", "coordinates": [ [ [ -99.17156, 19.45507 ], [ -99.17096, 19.45713 ], [ -99.17293, 19.45793 ], [ -99.16563, 19.45671 ], [ -99.16642, 19.45218 ], [ -99.17413, 19.45274 ], [ -99.17156, 19.45507 ] ] ] } },
{ "type": "Feature", "properties": { "colonia": "SAN PEDRO XALPA (PBLO)", "alcaldia": "AZCAPOTZALCO", "cveut": "02-085" }, "geometry": { "type": "Polygon", "coordinates": [ [ [ -99.20377, 19.48228 ], [ -99.20566, 19.48171 ], [ -99.21564, 19.48394 ], [ -99.21477, 19.48655 ], [ -99.20335, 19.48369 ], [ -99.20377, 19.48228 ] ] ] } },
{ "type": "Feature", "properties": { "colonia": "PUENTE BLANCO", "alcaldia": "IZTAPALAPA", "cveut": "07-166" }, "geometry": { "type": "Polygon", "coordinates": [ [ [ -99.06359, 19.32401 ], [ -99.06887, 19.32687 ], [ -99.06516, 19.3314 ], [ -99.06357, 19.33021 ], [ -99.06405, 19.32961 ], [ -99.0607, 19.32769 ], [ -99.06359, 19.32401 ] ] ] } },
{ "type": "Feature", "properties": { "colonia": "ARENAL GUADALUPE TLALPAN", "alcaldia": "TLALPAN", "cveut": "12-008" }, "geometry": { "type": "Polygon", "coordinates": [ [ [ -99.13894, 19.28223 ], [ -99.1466, 19.28474 ], [ -99.15149, 19.2901 ], [ -99.14958, 19.29133 ], [ -99.13894, 19.28223 ] ] ] } },
{ "type": "Feature", "properties": { "colonia": "PEDREGAL DE STO DOMINGO VI", "alcaldia": "COYOACAN", "cveut": "03-144" }, "geometry": { "type": "Polygon", "coordinates": [ [ [ -99.16226, 19.32966 ], [ -99.16277, 19.32673 ], [ -99.16053, 19.32694 ], [ -99.16301, 19.32381 ], [ -99.16248, 19.32337 ], [ -99.16636, 19.31881 ], [ -99.16812, 19.3194 ], [ -99.16731, 19.32135 ], [ -99.17047, 19.32265 ], [ -99.16968, 19.32474 ], [ -99.16517, 19.32268 ], [ -99.16445, 19.32433 ], [ -99.16348, 19.32399 ], [ -99.16316, 19.32474 ], [ -99.16431, 19.32577 ], [ -99.16403, 19.32849 ], [ -99.16272, 19.3282 ], [ -99.16226, 19.32966 ] ] ] } },
{ "type": "Feature", "properties": { "colonia": "TOLTECA", "alcaldia": "ALVARO OBREGON", "cveut": "10-226" }, "geometry": { "type": "Polygon", "coordinates": [ [ [ -99.19464, 19.38902 ], [ -99.19971, 19.38716 ], [ -99.20217, 19.3905 ], [ -99.20058, 19.39059 ], [ -99.19836, 19.39273 ], [ -99.1965, 19.39244 ], [ -99.19355, 19.39383 ], [ -99.19464, 19.38902 ] ] ] } },
{ "type": "Feature", "properties": { "colonia": "EL ROSARIO", "alcaldia": "IZTAPALAPA", "cveut": "07-059" }, "geometry": { "type": "Polygon", "coordinates": [ [ [ -99.06754, 19.30729 ], [ -99.06339, 19.30571 ], [ -99.06479, 19.30163 ], [ -99.06284, 19.29762 ], [ -99.06477, 19.29585 ], [ -99.0664, 19.29788 ], [ -99.06754, 19.30729 ] ] ] } },
{ "type": "Feature", "properties": { "colonia": "PEDREGAL DE STO DOMINGO III", "alcaldia": "COYOACAN", "cveut": "03-141" }, "geometry": { "type": "Polygon", "coordinates": [ [ [ -99.16738, 19.33575 ], [ -99.166, 19.33567 ], [ -99.16643, 19.33395 ], [ -99.16054, 19.33218 ], [ -99.16146, 19.3294 ], [ -99.16097, 19.3285 ], [ -99.15919, 19.32845 ], [ -99.16053, 19.32694 ], [ -99.16277, 19.32673 ], [ -99.16181, 19.32951 ], [ -99.1688, 19.33162 ], [ -99.16738, 19.33575 ] ] ] } },
{ "type": "Feature", "properties": { "colonia": "CUCHILLA PANTITLAN", "alcaldia": "VENUSTIANO CARRANZA", "cveut": "17-016" }, "geometry": { "type": "Polygon", "coordinates": [ [ [ -99.07064, 19.41875 ], [ -99.06744, 19.42414 ], [ -99.05604, 19.42215 ], [ -99.05788, 19.42093 ], [ -99.06856, 19.4207 ], [ -99.07064, 19.41875 ] ] ] } },
{ "type": "Feature", "properties": { "colonia": "SAN SALVADOR XOCHIMANCA", "alcaldia": "AZCAPOTZALCO", "cveut": "02-087" }, "geometry": { "type": "Polygon", "coordinates": [ [ [ -99.17763, 19.46195 ], [ -99.17035, 19.46089 ], [ -99.16813, 19.45713 ], [ -99.17871, 19.45892 ], [ -99.17763, 19.46195 ] ] ] } },
{ "type": "Feature", "properties": { "colonia": "ALVARO OBREGON_(FRACC)", "alcaldia": "IZTAPALAPA", "cveut": "07-006" }, "geometry": { "type": "Polygon", "coordinates": [ [ [ -99.03794, 19.37658 ], [ -99.03451, 19.37559 ], [ -99.03404, 19.374 ], [ -99.03244, 19.3734 ], [ -99.03496, 19.36967 ], [ -99.04026, 19.37286 ], [ -99.03794, 19.37658 ] ] ] } },
{ "type": "Feature", "properties": { "colonia": "JOSE LOPEZ PORTILLO II", "alcaldia": "IZTAPALAPA", "cveut": "07-276" }, "geometry": { "type": "Polygon", "coordinates": [ [ [ -99.08479, 19.30709 ], [ -99.08101, 19.31174 ], [ -99.07632, 19.30829 ], [ -99.07909, 19.30475 ], [ -99.08224, 19.30706 ], [ -99.08319, 19.3059 ], [ -99.08479, 19.30709 ] ] ] } },
{ "type": "Feature", "properties": { "colonia": "GUADALUPE PROLETARIA", "alcaldia": "GUSTAVO A. MADERO", "cveut": "05-072" }, "geometry": { "type": "Polygon", "coordinates": [ [ [ -99.15231, 19.5179 ], [ -99.15981, 19.52161 ], [ -99.15723, 19.5264 ], [ -99.15519, 19.52495 ], [ -99.15629, 19.52291 ], [ -99.15244, 19.52141 ], [ -99.15138, 19.5187 ], [ -99.15231, 19.5179 ] ] ] } },
{ "type": "Feature", "properties": { "colonia": "TEZOZOMOC", "alcaldia": "AZCAPOTZALCO", "cveut": "02-102" }, "geometry": { "type": "Polygon", "coordinates": [ [ [ -99.19652, 19.49167 ], [ -99.19487, 19.48988 ], [ -99.19663, 19.48537 ], [ -99.20143, 19.48887 ], [ -99.20018, 19.49313 ], [ -99.19652, 19.49167 ] ] ] } },
{ "type": "Feature", "properties": { "colonia": "SAN JUAN DE ARAGON 7 SECC (U HAB) II", "alcaldia": "GUSTAVO A. MADERO", "cveut": "05-248" }, "geometry": { "type": "Polygon", "coordinates": [ [ [ -99.07715, 19.46697 ], [ -99.07603, 19.47256 ], [ -99.07074, 19.47163 ], [ -99.0721, 19.46628 ], [ -99.07715, 19.46697 ] ] ] } },
{ "type": "Feature", "properties": { "colonia": "PROVIDENCIA III", "alcaldia": "GUSTAVO A. MADERO", "cveut": "05-236" }, "geometry": { "type": "Polygon", "coordinates": [ [ [ -99.07535, 19.48532 ], [ -99.0738, 19.49002 ], [ -99.06874, 19.48866 ], [ -99.07121, 19.48223 ], [ -99.07302, 19.48286 ], [ -99.07247, 19.48426 ], [ -99.07535, 19.48532 ] ] ] } },
{ "type": "Feature", "properties": { "colonia": "JOSE MARIA PINO SUAREZ", "alcaldia": "ALVARO OBREGON", "cveut": "10-092" }, "geometry": { "type": "Polygon", "coordinates": [ [ [ -99.19465, 19.3986 ], [ -99.19885, 19.39394 ], [ -99.19701, 19.39342 ], [ -99.20217, 19.3905 ], [ -99.20227, 19.39268 ], [ -99.19966, 19.39391 ], [ -99.19863, 19.39611 ], [ -99.19888, 19.39814 ], [ -99.20382, 19.3965 ], [ -99.20452, 19.39742 ], [ -99.19697, 19.39909 ], [ -99.19369, 19.40112 ], [ -99.19273, 19.3994 ], [ -99.19465, 19.3986 ] ] ] } },
{ "type": "Feature", "properties": { "colonia": "CULHUACAN (PBLO)", "alcaldia": "IZTAPALAPA", "cveut": "07-037" }, "geometry": { "type": "Polygon", "coordinates": [ [ [ -99.10659, 19.34056 ], [ -99.10465, 19.33641 ], [ -99.10558, 19.33485 ], [ -99.11146, 19.33574 ], [ -99.11047, 19.33814 ], [ -99.10881, 19.33816 ], [ -99.10769, 19.34385 ], [ -99.10574, 19.34328 ], [ -99.10659, 19.34056 ] ] ] } },
{ "type": "Feature", "properties": { "colonia": "POPULAR RASTRO", "alcaldia": "VENUSTIANO CARRANZA", "cveut": "17-050" }, "geometry": { "type": "Polygon", "coordinates": [ [ [ -99.12173, 19.45588 ], [ -99.11485, 19.4538 ], [ -99.11577, 19.45002 ], [ -99.12245, 19.4515 ], [ -99.12173, 19.45588 ] ] ] } },
{ "type": "Feature", "properties": { "colonia": "OBRERO POPULAR", "alcaldia": "AZCAPOTZALCO", "cveut": "02-054" }, "geometry": { "type": "Polygon", "coordinates": [ [ [ -99.17607, 19.46838 ], [ -99.1731, 19.46548 ], [ -99.17035, 19.46089 ], [ -99.17763, 19.46195 ], [ -99.17722, 19.46624 ], [ -99.17607, 19.46838 ] ] ] } },
{ "type": "Feature", "properties": { "colonia": "EX HACIENDA SAN JUAN DE DIOS", "alcaldia": "TLALPAN", "cveut": "12-042" }, "geometry": { "type": "Polygon", "coordinates": [ [ [ -99.1359, 19.28749 ], [ -99.13542, 19.28947 ], [ -99.1338, 19.29046 ], [ -99.13314, 19.28986 ], [ -99.13154, 19.29159 ], [ -99.12714, 19.28686 ], [ -99.13464, 19.28527 ], [ -99.13364, 19.28693 ], [ -99.1359, 19.28749 ] ] ] } },
{ "type": "Feature", "properties": { "colonia": "PROGRESO NACIONAL (AMPL)", "alcaldia": "GUSTAVO A. MADERO", "cveut": "05-141" }, "geometry": { "type": "Polygon", "coordinates": [ [ [ -99.164, 19.52018 ], [ -99.1551, 19.51581 ], [ -99.15482, 19.51498 ], [ -99.16092, 19.51278 ], [ -99.164, 19.52018 ] ] ] } },
{ "type": "Feature", "properties": { "colonia": "OBRERA II", "alcaldia": "CUAUHTEMOC", "cveut": "15-063" }, "geometry": { "type": "Polygon", "coordinates": [ [ [ -99.1384, 19.41736 ], [ -99.13437, 19.41706 ], [ -99.13499, 19.41307 ], [ -99.13874, 19.41436 ], [ -99.13886, 19.41342 ], [ -99.14404, 19.41322 ], [ -99.14366, 19.41692 ], [ -99.13863, 19.4155 ], [ -99.1384, 19.41736 ] ] ] } },
{ "type": "Feature", "properties": { "colonia": "AMPLIACION SAN FRANCISCO CULHUACAN (EJ)", "alcaldia": "COYOACAN", "cveut": "03-102" }, "geometry": { "type": "Polygon", "coordinates": [ [ [ -99.12858, 19.3355 ], [ -99.12729, 19.33865 ], [ -99.12272, 19.33749 ], [ -99.12372, 19.33209 ], [ -99.12832, 19.33278 ], [ -99.12858, 19.3355 ] ] ] } },
{ "type": "Feature", "properties": { "colonia": "ACACIAS", "alcaldia": "BENITO JUAREZ", "cveut": "14-001" }, "geometry": { "type": "Polygon", "coordinates": [ [ [ -99.17434, 19.36541 ], [ -99.1699, 19.36318 ], [ -99.1718, 19.3596 ], [ -99.1778, 19.36536 ], [ -99.17673, 19.36838 ], [ -99.17379, 19.3677 ], [ -99.17434, 19.36541 ] ] ] } },
{ "type": "Feature", "properties": { "colonia": "ESCANDON III", "alcaldia": "MIGUEL HIDALGO", "cveut": "16-099" }, "geometry": { "type": "Polygon", "coordinates": [ [ [ -99.17907, 19.40268 ], [ -99.17184, 19.40033 ], [ -99.171, 19.40269 ], [ -99.17035, 19.39982 ], [ -99.18093, 19.39714 ], [ -99.17907, 19.40268 ] ] ] } },
{ "type": "Feature", "properties": { "colonia": "GUERRERO I", "alcaldia": "CUAUHTEMOC", "cveut": "15-050" }, "geometry": { "type": "Polygon", "coordinates": [ [ [ -99.14582, 19.45242 ], [ -99.1413, 19.45111 ], [ -99.14159, 19.44956 ], [ -99.13857, 19.44884 ], [ -99.13873, 19.44779 ], [ -99.14027, 19.44824 ], [ -99.14057, 19.44692 ], [ -99.14444, 19.44814 ], [ -99.14497, 19.44575 ], [ -99.14723, 19.44614 ], [ -99.14582, 19.45242 ] ] ] } },
{ "type": "Feature", "properties": { "colonia": "JARDINES DE LA PALMA (HUIZACHITO)", "alcaldia": "CUAJIMALPA DE MORELOS", "cveut": "04-021" }, "geometry": { "type": "Polygon", "coordinates": [ [ [ -99.28347, 19.37067 ], [ -99.28369, 19.37241 ], [ -99.27962, 19.37368 ], [ -99.27721, 19.37238 ], [ -99.27952, 19.36752 ], [ -99.28501, 19.36929 ], [ -99.28489, 19.37021 ], [ -99.28347, 19.37067 ] ] ] } },
{ "type": "Feature", "properties": { "colonia": "TEXCALCO", "alcaldia": "CUAJIMALPA DE MORELOS", "cveut": "04-027" }, "geometry": { "type": "Polygon", "coordinates": [ [ [ -99.32928, 19.33147 ], [ -99.33161, 19.32442 ], [ -99.33359, 19.32161 ], [ -99.33666, 19.32036 ], [ -99.33165, 19.32946 ], [ -99.3307, 19.33247 ], [ -99.33149, 19.33546 ], [ -99.32988, 19.33476 ], [ -99.32928, 19.33147 ] ] ] } },
{ "type": "Feature", "properties": { "colonia": "EL COYOL (U HAB)", "alcaldia": "GUSTAVO A. MADERO", "cveut": "05-050" }, "geometry": { "type": "Polygon", "coordinates": [ [ [ -99.09412, 19.48697 ], [ -99.09239, 19.4904 ], [ -99.08729, 19.49003 ], [ -99.08586, 19.49216 ], [ -99.0898, 19.48163 ], [ -99.08919, 19.48483 ], [ -99.09412, 19.48697 ] ] ] } },
{ "type": "Feature", "properties": { "colonia": "EJERCITO DE ORIENTE (U HAB) I", "alcaldia": "IZTAPALAPA", "cveut": "07-271" }, "geometry": { "type": "Polygon", "coordinates": [ [ [ -99.03078, 19.37089 ], [ -99.02811, 19.37317 ], [ -99.02164, 19.36745 ], [ -99.02418, 19.36542 ], [ -99.03078, 19.37089 ] ] ] } },
{ "type": "Feature", "properties": { "colonia": "POPOTLA I", "alcaldia": "MIGUEL HIDALGO", "cveut": "16-092" }, "geometry": { "type": "Polygon", "coordinates": [ [ [ -99.17601, 19.45491 ], [ -99.17468, 19.45243 ], [ -99.18288, 19.45799 ], [ -99.18264, 19.45878 ], [ -99.18201, 19.45946 ], [ -99.17293, 19.45793 ], [ -99.1754, 19.45579 ], [ -99.17601, 19.45491 ] ] ] } },
{ "type": "Feature", "properties": { "colonia": "LORENZO BOTURINI", "alcaldia": "VENUSTIANO CARRANZA", "cveut": "17-035" }, "geometry": { "type": "Polygon", "coordinates": [ [ [ -99.12741, 19.41869 ], [ -99.12124, 19.4178 ], [ -99.12183, 19.41371 ], [ -99.12817, 19.41372 ], [ -99.12741, 19.41869 ] ] ] } },
{ "type": "Feature", "properties": { "colonia": "GUERRERO II", "alcaldia": "CUAUHTEMOC", "cveut": "15-051" }, "geometry": { "type": "Polygon", "coordinates": [ [ [ -99.14298, 19.44751 ], [ -99.14057, 19.44692 ], [ -99.14027, 19.44824 ], [ -99.13873, 19.44779 ], [ -99.13857, 19.44884 ], [ -99.14159, 19.44956 ], [ -99.1413, 19.45111 ], [ -99.13511, 19.44773 ], [ -99.13876, 19.44396 ], [ -99.14373, 19.44473 ], [ -99.14298, 19.44751 ] ] ] } },
{ "type": "Feature", "properties": { "colonia": "7 DE NOVIEMBRE", "alcaldia": "GUSTAVO A. MADERO", "cveut": "05-212" }, "geometry": { "type": "Polygon", "coordinates": [ [ [ -99.12625, 19.4613 ], [ -99.12499, 19.4645 ], [ -99.12019, 19.46279 ], [ -99.12039, 19.46061 ], [ -99.11739, 19.45851 ], [ -99.11187, 19.45731 ], [ -99.11251, 19.45467 ], [ -99.1171, 19.45831 ], [ -99.12625, 19.4613 ] ] ] } },
{ "type": "Feature", "properties": { "colonia": "PUEBLO NUEVO BAJO", "alcaldia": "LA MAGDALENA CONTRERAS", "cveut": "08-039" }, "geometry": { "type": "Polygon", "coordinates": [ [ [ -99.24882, 19.30274 ], [ -99.24499, 19.31126 ], [ -99.24433, 19.31058 ], [ -99.24329, 19.31175 ], [ -99.24272, 19.31094 ], [ -99.24353, 19.31031 ], [ -99.24177, 19.30844 ], [ -99.24369, 19.30468 ], [ -99.24882, 19.30274 ] ] ] } },
{ "type": "Feature", "properties": { "colonia": "SAN DIEGO CHURUBUSCO", "alcaldia": "COYOACAN", "cveut": "03-100" }, "geometry": { "type": "Polygon", "coordinates": [ [ [ -99.15177, 19.35333 ], [ -99.15299, 19.3577 ], [ -99.14385, 19.35726 ], [ -99.14493, 19.35348 ], [ -99.14958, 19.3546 ], [ -99.15177, 19.35333 ] ] ] } },
{ "type": "Feature", "properties": { "colonia": "SAN MIGUEL CHAPULTEPEC III", "alcaldia": "MIGUEL HIDALGO", "cveut": "16-100" }, "geometry": { "type": "Polygon", "coordinates": [ [ [ -99.18506, 19.4124 ], [ -99.18235, 19.41139 ], [ -99.18708, 19.40275 ], [ -99.18961, 19.40774 ], [ -99.18792, 19.4078 ], [ -99.18796, 19.40997 ], [ -99.18587, 19.41007 ], [ -99.18506, 19.4124 ] ] ] } },
{ "type": "Feature", "properties": { "colonia": "ZONA ESCOLAR I", "alcaldia": "GUSTAVO A. MADERO", "cveut": "05-251" }, "geometry": { "type": "Polygon", "coordinates": [ [ [ -99.15208, 19.5432 ], [ -99.14956, 19.54108 ], [ -99.14995, 19.54054 ], [ -99.1463, 19.53823 ], [ -99.1487, 19.53452 ], [ -99.15392, 19.54024 ], [ -99.15208, 19.5432 ] ] ] } },
{ "type": "Feature", "properties": { "colonia": "DEL GAS (AMPL)", "alcaldia": "AZCAPOTZALCO", "cveut": "02-016" }, "geometry": { "type": "Polygon", "coordinates": [ [ [ -99.16092, 19.4692 ], [ -99.15415, 19.46833 ], [ -99.15502, 19.46356 ], [ -99.15856, 19.46394 ], [ -99.16153, 19.46817 ], [ -99.16092, 19.4692 ] ] ] } },
{ "type": "Feature", "properties": { "colonia": "DEL GAS", "alcaldia": "AZCAPOTZALCO", "cveut": "02-015" }, "geometry": { "type": "Polygon", "coordinates": [ [ [ -99.16303, 19.47114 ], [ -99.15921, 19.47142 ], [ -99.15912, 19.47263 ], [ -99.15353, 19.47179 ], [ -99.15398, 19.46928 ], [ -99.1522, 19.46817 ], [ -99.16073, 19.46923 ], [ -99.16137, 19.4676 ], [ -99.16303, 19.47114 ] ] ] } },
{ "type": "Feature", "properties": { "colonia": "SAN JUAN DE ARAGON 6A SECCION (U HAB) I", "alcaldia": "GUSTAVO A. MADERO", "cveut": "05-161" }, "geometry": { "type": "Polygon", "coordinates": [ [ [ -99.06829, 19.46539 ], [ -99.07215, 19.46607 ], [ -99.06978, 19.47406 ], [ -99.06649, 19.47077 ], [ -99.06829, 19.46539 ] ] ] } },
{ "type": "Feature", "properties": { "colonia": "MORELOS I", "alcaldia": "CUAUHTEMOC", "cveut": "15-056" }, "geometry": { "type": "Polygon", "coordinates": [ [ [ -99.1286, 19.44966 ], [ -99.12935, 19.44602 ], [ -99.13046, 19.44621 ], [ -99.13032, 19.44719 ], [ -99.1342, 19.44777 ], [ -99.13069, 19.45311 ], [ -99.1266, 19.45239 ], [ -99.1272, 19.44954 ], [ -99.1286, 19.44966 ] ] ] } },
{ "type": "Feature", "properties": { "colonia": "SAN PABLO (BARR)", "alcaldia": "IZTAPALAPA", "cveut": "07-200" }, "geometry": { "type": "Polygon", "coordinates": [ [ [ -99.08935, 19.3585 ], [ -99.08985, 19.35657 ], [ -99.09332, 19.35614 ], [ -99.09351, 19.35777 ], [ -99.092, 19.35821 ], [ -99.09105, 19.36175 ], [ -99.0862, 19.36044 ], [ -99.08552, 19.36138 ], [ -99.08458, 19.36023 ], [ -99.08653, 19.35664 ], [ -99.08935, 19.3585 ] ] ] } },
{ "type": "Feature", "properties": { "colonia": "IGNACIO ZARAGOZA II", "alcaldia": "VENUSTIANO CARRANZA", "cveut": "17-075" }, "geometry": { "type": "Polygon", "coordinates": [ [ [ -99.09458, 19.41513 ], [ -99.09076, 19.41293 ], [ -99.08942, 19.41541 ], [ -99.08355, 19.41299 ], [ -99.08442, 19.41312 ], [ -99.08749, 19.40792 ], [ -99.09121, 19.40848 ], [ -99.0885, 19.41144 ], [ -99.09458, 19.41513 ] ] ] } },
{ "type": "Feature", "properties": { "colonia": "ALVARO OBREGON", "alcaldia": "IZTAPALAPA", "cveut": "07-005" }, "geometry": { "type": "Polygon", "coordinates": [ [ [ -99.04079, 19.38077 ], [ -99.03703, 19.37868 ], [ -99.04026, 19.37286 ], [ -99.04388, 19.3754 ], [ -99.04079, 19.38077 ] ] ] } },
{ "type": "Feature", "properties": { "colonia": "ALPES (AMPL)", "alcaldia": "ALVARO OBREGON", "cveut": "10-011" }, "geometry": { "type": "Polygon", "coordinates": [ [ [ -99.20946, 19.35961 ], [ -99.20926, 19.35847 ], [ -99.20662, 19.35832 ], [ -99.2069, 19.35444 ], [ -99.21207, 19.35424 ], [ -99.2144, 19.35715 ], [ -99.20946, 19.35961 ] ] ] } },
{ "type": "Feature", "properties": { "colonia": "EMILIO PORTES GIL PEMEX PICACHO (U HAB)", "alcaldia": "TLALPAN", "cveut": "12-040" }, "geometry": { "type": "Polygon", "coordinates": [ [ [ -99.21999, 19.30636 ], [ -99.21693, 19.30585 ], [ -99.2191, 19.29746 ], [ -99.22087, 19.29781 ], [ -99.22115, 19.29675 ], [ -99.22229, 19.29762 ], [ -99.21999, 19.30636 ] ] ] } },
{ "type": "Feature", "properties": { "colonia": "LOS CIPRESES", "alcaldia": "COYOACAN", "cveut": "03-072" }, "geometry": { "type": "Polygon", "coordinates": [ [ [ -99.12454, 19.31528 ], [ -99.13127, 19.31884 ], [ -99.1344, 19.32327 ], [ -99.12526, 19.31933 ], [ -99.12417, 19.31693 ], [ -99.12454, 19.31528 ] ] ] } },
{ "type": "Feature", "properties": { "colonia": "TLACUITLAPA", "alcaldia": "ALVARO OBREGON", "cveut": "10-222" }, "geometry": { "type": "Polygon", "coordinates": [ [ [ -99.24024, 19.35187 ], [ -99.24045, 19.35101 ], [ -99.23932, 19.35098 ], [ -99.23924, 19.35074 ], [ -99.24388, 19.3494 ], [ -99.24451, 19.35337 ], [ -99.2404, 19.35619 ], [ -99.23857, 19.35593 ], [ -99.23954, 19.3557 ], [ -99.23782, 19.35425 ], [ -99.23864, 19.35336 ], [ -99.23756, 19.35223 ], [ -99.24024, 19.35187 ] ] ] } },
{ "type": "Feature", "properties": { "colonia": "MAGDALENA  MIXHUCA", "alcaldia": "VENUSTIANO CARRANZA", "cveut": "17-036" }, "geometry": { "type": "Polygon", "coordinates": [ [ [ -99.12187, 19.40919 ], [ -99.11349, 19.40836 ], [ -99.11372, 19.40621 ], [ -99.12215, 19.40472 ], [ -99.12187, 19.40919 ] ] ] } },
{ "type": "Feature", "properties": { "colonia": "EL ARBOLILLO 1 (U HAB)", "alcaldia": "GUSTAVO A. MADERO", "cveut": "05-046" }, "geometry": { "type": "Polygon", "coordinates": [ [ [ -99.15145, 19.52941 ], [ -99.14866, 19.53446 ], [ -99.14552, 19.53139 ], [ -99.14617, 19.52967 ], [ -99.14528, 19.52913 ], [ -99.14679, 19.52616 ], [ -99.15145, 19.52941 ] ] ] } },
{ "type": "Feature", "properties": { "colonia": "LA MAGDALENA ATLITIC (PBLO)", "alcaldia": "LA MAGDALENA CONTRERAS", "cveut": "08-024" }, "geometry": { "type": "Polygon", "coordinates": [ [ [ -99.24038, 19.30275 ], [ -99.24555, 19.30146 ], [ -99.24405, 19.30128 ], [ -99.25065, 19.29859 ], [ -99.25086, 19.30058 ], [ -99.24782, 19.30317 ], [ -99.24396, 19.30444 ], [ -99.24012, 19.30406 ], [ -99.24038, 19.30275 ] ] ] } },
{ "type": "Feature", "properties": { "colonia": "EL ZACATON", "alcaldia": "TLALPAN", "cveut": "12-039" }, "geometry": { "type": "Polygon", "coordinates": [ [ [ -99.23991, 19.26531 ], [ -99.24038, 19.26279 ], [ -99.24173, 19.26217 ], [ -99.24292, 19.26371 ], [ -99.2421, 19.26452 ], [ -99.24272, 19.26654 ], [ -99.24609, 19.26636 ], [ -99.24601, 19.268 ], [ -99.24394, 19.26932 ], [ -99.24373, 19.27106 ], [ -99.24115, 19.27038 ], [ -99.23991, 19.26531 ] ] ] } },
{ "type": "Feature", "properties": { "colonia": "PEDREGAL DE STO DOMINGO I", "alcaldia": "COYOACAN", "cveut": "03-139" }, "geometry": { "type": "Polygon", "coordinates": [ [ [ -99.17171, 19.33724 ], [ -99.16768, 19.33707 ], [ -99.1688, 19.33162 ], [ -99.17416, 19.33272 ], [ -99.17341, 19.33507 ], [ -99.1742, 19.33614 ], [ -99.17171, 19.33724 ] ] ] } },
{ "type": "Feature", "properties": { "colonia": "OLIVAR DEL CONDE 2DA SECCION I", "alcaldia": "ALVARO OBREGON", "cveut": "10-254" }, "geometry": { "type": "Polygon", "coordinates": [ [ [ -99.21854, 19.37512 ], [ -99.2151, 19.37616 ], [ -99.21243, 19.3717 ], [ -99.21533, 19.37065 ], [ -99.21509, 19.36923 ], [ -99.21705, 19.36813 ], [ -99.2176, 19.37006 ], [ -99.21873, 19.36974 ], [ -99.2192, 19.37133 ], [ -99.21694, 19.37192 ], [ -99.21854, 19.37512 ] ] ] } },
{ "type": "Feature", "properties": { "colonia": "ANAHUAC LOS MANZANOS", "alcaldia": "MIGUEL HIDALGO", "cveut": "16-009" }, "geometry": { "type": "Polygon", "coordinates": [ [ [ -99.18323, 19.44166 ], [ -99.18665, 19.44207 ], [ -99.18525, 19.45157 ], [ -99.18232, 19.44796 ], [ -99.18323, 19.44166 ] ] ] } },
{ "type": "Feature", "properties": { "colonia": "REYNOSA TAMAULIPAS", "alcaldia": "AZCAPOTZALCO", "cveut": "02-067" }, "geometry": { "type": "Polygon", "coordinates": [ [ [ -99.18963, 19.49824 ], [ -99.18476, 19.49666 ], [ -99.18655, 19.49258 ], [ -99.18636, 19.48965 ], [ -99.18944, 19.49036 ], [ -99.18963, 19.49824 ] ] ] } },
{ "type": "Feature", "properties": { "colonia": "ASTURIAS (AMPL)", "alcaldia": "CUAUHTEMOC", "cveut": "15-003" }, "geometry": { "type": "Polygon", "coordinates": [ [ [ -99.1361, 19.40604 ], [ -99.13519, 19.40841 ], [ -99.12748, 19.40899 ], [ -99.12671, 19.40894 ], [ -99.12617, 19.40682 ], [ -99.12999, 19.40525 ], [ -99.1361, 19.40604 ] ] ] } },
{ "type": "Feature", "properties": { "colonia": "REFORMA IZTACCIHUATL SUR", "alcaldia": "IZTACALCO", "cveut": "06-028" }, "geometry": { "type": "Polygon", "coordinates": [ [ [ -99.13487, 19.37933 ], [ -99.12244, 19.37777 ], [ -99.12239, 19.37565 ], [ -99.13559, 19.37728 ], [ -99.13487, 19.37933 ] ] ] } },
{ "type": "Feature", "properties": { "colonia": "CANANEA (U HAB)", "alcaldia": "IZTAPALAPA", "cveut": "07-022" }, "geometry": { "type": "Polygon", "coordinates": [ [ [ -99.07351, 19.29382 ], [ -99.07054, 19.29455 ], [ -99.07016, 19.29297 ], [ -99.0668, 19.29366 ], [ -99.06467, 19.29194 ], [ -99.06161, 19.29259 ], [ -99.06534, 19.28874 ], [ -99.06673, 19.29085 ], [ -99.07022, 19.29021 ], [ -99.07351, 19.29382 ] ] ] } },
{ "type": "Feature", "properties": { "colonia": "LA JOYA", "alcaldia": "GUSTAVO A. MADERO", "cveut": "05-102" }, "geometry": { "type": "Polygon", "coordinates": [ [ [ -99.10912, 19.46104 ], [ -99.10573, 19.45993 ], [ -99.10855, 19.45277 ], [ -99.11192, 19.45425 ], [ -99.10912, 19.46104 ] ] ] } },
{ "type": "Feature", "properties": { "colonia": "VALLE DE SAN LORENZO I", "alcaldia": "IZTAPALAPA", "cveut": "07-303" }, "geometry": { "type": "Polygon", "coordinates": [ [ [ -99.08042, 19.2963 ], [ -99.07586, 19.30209 ], [ -99.07415, 19.29995 ], [ -99.07726, 19.2929 ], [ -99.07691, 19.29198 ], [ -99.08042, 19.2963 ] ] ] } },
{ "type": "Feature", "properties": { "colonia": "BARRIO NORTE", "alcaldia": "ALVARO OBREGON", "cveut": "10-026" }, "geometry": { "type": "Polygon", "coordinates": [ [ [ -99.20928, 19.38022 ], [ -99.2034, 19.38069 ], [ -99.20384, 19.37772 ], [ -99.20238, 19.37788 ], [ -99.20281, 19.37696 ], [ -99.20614, 19.37759 ], [ -99.21073, 19.37582 ], [ -99.21205, 19.37839 ], [ -99.20928, 19.38022 ] ] ] } },
{ "type": "Feature", "properties": { "colonia": "PRESIDENTES EJIDALES SEGUNDA SECCION", "alcaldia": "COYOACAN", "cveut": "03-152" }, "geometry": { "type": "Polygon", "coordinates": [ [ [ -99.12621, 19.32282 ], [ -99.12562, 19.32924 ], [ -99.12251, 19.32904 ], [ -99.12271, 19.32646 ], [ -99.1208, 19.32629 ], [ -99.12093, 19.3242 ], [ -99.1229, 19.3243 ], [ -99.12359, 19.32083 ], [ -99.12621, 19.32282 ] ] ] } },
{ "type": "Feature", "properties": { "colonia": "ISIDRO FABELA II (ORIENTE)", "alcaldia": "TLALPAN", "cveut": "12-220" }, "geometry": { "type": "Polygon", "coordinates": [ [ [ -99.17409, 19.30289 ], [ -99.16602, 19.30179 ], [ -99.16609, 19.2994 ], [ -99.17406, 19.29855 ], [ -99.17409, 19.30289 ] ] ] } },
{ "type": "Feature", "properties": { "colonia": "SAN PEDRO XALPA (AMPL) II", "alcaldia": "AZCAPOTZALCO", "cveut": "02-112" }, "geometry": { "type": "Polygon", "coordinates": [ [ [ -99.22038, 19.47824 ], [ -99.21792, 19.47759 ], [ -99.21766, 19.47847 ], [ -99.2153, 19.47688 ], [ -99.21503, 19.47777 ], [ -99.21305, 19.47726 ], [ -99.21423, 19.47316 ], [ -99.22112, 19.47506 ], [ -99.22038, 19.47824 ] ] ] } },
{ "type": "Feature", "properties": { "colonia": "MARTIN CARRERA I", "alcaldia": "GUSTAVO A. MADERO", "cveut": "05-227" }, "geometry": { "type": "Polygon", "coordinates": [ [ [ -99.10312, 19.48961 ], [ -99.10317, 19.48683 ], [ -99.11184, 19.48465 ], [ -99.11349, 19.48512 ], [ -99.11277, 19.48742 ], [ -99.10568, 19.48898 ], [ -99.10543, 19.48808 ], [ -99.10312, 19.48961 ] ] ] } },
{ "type": "Feature", "properties": { "colonia": "PASTEROS", "alcaldia": "AZCAPOTZALCO", "cveut": "02-056" }, "geometry": { "type": "Polygon", "coordinates": [ [ [ -99.19232, 19.4958 ], [ -99.19487, 19.48988 ], [ -99.19937, 19.49615 ], [ -99.19867, 19.49772 ], [ -99.19232, 19.4958 ] ] ] } },
{ "type": "Feature", "properties": { "colonia": "PRO HOGAR I", "alcaldia": "AZCAPOTZALCO", "cveut": "02-113" }, "geometry": { "type": "Polygon", "coordinates": [ [ [ -99.15191, 19.47772 ], [ -99.14707, 19.47623 ], [ -99.1459, 19.47322 ], [ -99.15443, 19.47346 ], [ -99.15394, 19.47638 ], [ -99.15212, 19.4766 ], [ -99.15377, 19.47735 ], [ -99.15202, 19.47709 ], [ -99.15191, 19.47772 ] ] ] } },
{ "type": "Feature", "properties": { "colonia": "SAN BARTOLO EL CHICO", "alcaldia": "TLALPAN", "cveut": "12-148" }, "geometry": { "type": "Polygon", "coordinates": [ [ [ -99.13666, 19.28592 ], [ -99.13464, 19.28527 ], [ -99.12714, 19.28686 ], [ -99.12502, 19.28524 ], [ -99.13894, 19.28223 ], [ -99.13666, 19.28592 ] ] ] } },
{ "type": "Feature", "properties": { "colonia": "VILLA COAPA (RDCIAL)", "alcaldia": "TLALPAN", "cveut": "12-191" }, "geometry": { "type": "Polygon", "coordinates": [ [ [ -99.11838, 19.29301 ], [ -99.11696, 19.29269 ], [ -99.11468, 19.28951 ], [ -99.12233, 19.2862 ], [ -99.12211, 19.28934 ], [ -99.11838, 19.29301 ] ] ] } },
{ "type": "Feature", "properties": { "colonia": "EL ROSAL", "alcaldia": "LA MAGDALENA CONTRERAS", "cveut": "08-010" }, "geometry": { "type": "Polygon", "coordinates": [ [ [ -99.25354, 19.30796 ], [ -99.25327, 19.31091 ], [ -99.24837, 19.31367 ], [ -99.24896, 19.30948 ], [ -99.24775, 19.31003 ], [ -99.24652, 19.30886 ], [ -99.24792, 19.30682 ], [ -99.25354, 19.30796 ] ] ] } },
{ "type": "Feature", "properties": { "colonia": "POPULAR STA TERESA", "alcaldia": "TLALPAN", "cveut": "12-127" }, "geometry": { "type": "Polygon", "coordinates": [ [ [ -99.22684, 19.30263 ], [ -99.22066, 19.30386 ], [ -99.22226, 19.29772 ], [ -99.22686, 19.29881 ], [ -99.22684, 19.30263 ] ] ] } },
{ "type": "Feature", "properties": { "colonia": "PIEDRA LARGA", "alcaldia": "TLALPAN", "cveut": "12-124" }, "geometry": { "type": "Polygon", "coordinates": [ [ [ -99.13923, 19.18749 ], [ -99.13947, 19.19486 ], [ -99.13685, 19.1956 ], [ -99.13588, 19.19397 ], [ -99.13644, 19.19164 ], [ -99.13527, 19.19037 ], [ -99.13541, 19.18891 ], [ -99.13799, 19.18682 ], [ -99.13923, 19.18749 ] ] ] } },
{ "type": "Feature", "properties": { "colonia": "CHINAMPAC DE JUAREZ I", "alcaldia": "IZTAPALAPA", "cveut": "07-262" }, "geometry": { "type": "Polygon", "coordinates": [ [ [ -99.05992, 19.37624 ], [ -99.06092, 19.38268 ], [ -99.0604, 19.38062 ], [ -99.05716, 19.37994 ], [ -99.05747, 19.37869 ], [ -99.05394, 19.37788 ], [ -99.05244, 19.37403 ], [ -99.05992, 19.37624 ] ] ] } },
{ "type": "Feature", "properties": { "colonia": "PRADO COAPA 3A SECCION-POTRERO ACOXPA", "alcaldia": "TLALPAN", "cveut": "12-131" }, "geometry": { "type": "Polygon", "coordinates": [ [ [ -99.13542, 19.28947 ], [ -99.13611, 19.29519 ], [ -99.13264, 19.2956 ], [ -99.12989, 19.29437 ], [ -99.13063, 19.29063 ], [ -99.13154, 19.29159 ], [ -99.13314, 19.28986 ], [ -99.1338, 19.29046 ], [ -99.13542, 19.28947 ] ] ] } },
{ "type": "Feature", "properties": { "colonia": "SANTA MARIA MALINALCO (PBLO)", "alcaldia": "AZCAPOTZALCO", "cveut": "02-096" }, "geometry": { "type": "Polygon", "coordinates": [ [ [ -99.18347, 19.48194 ], [ -99.17912, 19.48046 ], [ -99.1812, 19.47336 ], [ -99.18463, 19.47773 ], [ -99.18347, 19.48194 ] ] ] } },
{ "type": "Feature", "properties": { "colonia": "MERCED BALBUENA", "alcaldia": "VENUSTIANO CARRANZA", "cveut": "17-038" }, "geometry": { "type": "Polygon", "coordinates": [ [ [ -99.12609, 19.42282 ], [ -99.12037, 19.42211 ], [ -99.12094, 19.41776 ], [ -99.12741, 19.41869 ], [ -99.12609, 19.42282 ] ] ] } },
{ "type": "Feature", "properties": { "colonia": "CENTRO II", "alcaldia": "CUAUHTEMOC", "cveut": "15-038" }, "geometry": { "type": "Polygon", "coordinates": [ [ [ -99.13556, 19.43796 ], [ -99.13527, 19.44079 ], [ -99.12588, 19.4402 ], [ -99.12473, 19.44284 ], [ -99.12302, 19.44263 ], [ -99.12379, 19.43749 ], [ -99.1254, 19.43768 ], [ -99.12526, 19.43879 ], [ -99.1333, 19.43938 ], [ -99.13352, 19.43768 ], [ -99.13556, 19.43796 ] ] ] } },
{ "type": "Feature", "properties": { "colonia": "ZONA ESCOLAR II", "alcaldia": "GUSTAVO A. MADERO", "cveut": "05-252" }, "geometry": { "type": "Polygon", "coordinates": [ [ [ -99.15208, 19.5432 ], [ -99.15107, 19.54477 ], [ -99.14716, 19.54243 ], [ -99.14621, 19.5439 ], [ -99.14325, 19.54264 ], [ -99.1463, 19.53823 ], [ -99.14995, 19.54054 ], [ -99.14956, 19.54108 ], [ -99.15208, 19.5432 ] ] ] } },
{ "type": "Feature", "properties": { "colonia": "LOMAS DE LA ESTANCIA I", "alcaldia": "IZTAPALAPA", "cveut": "07-281" }, "geometry": { "type": "Polygon", "coordinates": [ [ [ -99.01186, 19.34011 ], [ -99.00984, 19.33959 ], [ -99.00909, 19.3418 ], [ -99.00722, 19.3409 ], [ -99.00747, 19.34145 ], [ -99.0037, 19.34135 ], [ -99.00397, 19.33881 ], [ -99.00151, 19.33845 ], [ -99.00132, 19.337 ], [ -99.00303, 19.33635 ], [ -99.00507, 19.33827 ], [ -99.00837, 19.33892 ], [ -99.01071, 19.33681 ], [ -99.01186, 19.34011 ] ] ] } },
{ "type": "Feature", "properties": { "colonia": "VALLE DE SAN LORENZO II", "alcaldia": "IZTAPALAPA", "cveut": "07-304" }, "geometry": { "type": "Polygon", "coordinates": [ [ [ -99.08324, 19.29959 ], [ -99.07896, 19.30492 ], [ -99.07327, 19.30201 ], [ -99.07415, 19.29995 ], [ -99.07586, 19.30209 ], [ -99.07683, 19.30168 ], [ -99.07905, 19.2983 ], [ -99.07859, 19.29944 ], [ -99.08088, 19.3011 ], [ -99.08224, 19.29938 ], [ -99.08057, 19.29777 ], [ -99.08042, 19.2963 ], [ -99.08324, 19.29959 ] ] ] } },
{ "type": "Feature", "properties": { "colonia": "EJTO CONSTITUCIONALISTA, SUPERMANZANA I ( U HAB)", "alcaldia": "IZTAPALAPA", "cveut": "07-046" }, "geometry": { "type": "Polygon", "coordinates": [ [ [ -99.05286, 19.3836 ], [ -99.04805, 19.3917 ], [ -99.04734, 19.39129 ], [ -99.04808, 19.39209 ], [ -99.04461, 19.39015 ], [ -99.04559, 19.3904 ], [ -99.05021, 19.38265 ], [ -99.05286, 19.3836 ] ] ] } },
{ "type": "Feature", "properties": { "colonia": "AMPLIACION RAMOS MILLAN", "alcaldia": "IZTACALCO", "cveut": "06-002" }, "geometry": { "type": "Polygon", "coordinates": [ [ [ -99.09349, 19.38917 ], [ -99.09305, 19.38678 ], [ -99.09412, 19.38688 ], [ -99.09499, 19.38448 ], [ -99.10005, 19.38556 ], [ -99.09931, 19.38968 ], [ -99.09349, 19.38917 ] ] ] } },
{ "type": "Feature", "properties": { "colonia": "OBRERA III", "alcaldia": "CUAUHTEMOC", "cveut": "15-064" }, "geometry": { "type": "Polygon", "coordinates": [ [ [ -99.14404, 19.41322 ], [ -99.13886, 19.41342 ], [ -99.13948, 19.40845 ], [ -99.14458, 19.40785 ], [ -99.14404, 19.41322 ] ] ] } },
{ "type": "Feature", "properties": { "colonia": "EL ARENAL", "alcaldia": "TLALPAN", "cveut": "12-036" }, "geometry": { "type": "Polygon", "coordinates": [ [ [ -99.13938, 19.20957 ], [ -99.1342, 19.20912 ], [ -99.13687, 19.2051 ], [ -99.14072, 19.20331 ], [ -99.14036, 19.20409 ], [ -99.14144, 19.20521 ], [ -99.14048, 19.20864 ], [ -99.13938, 19.20957 ] ] ] } },
{ "type": "Feature", "properties": { "colonia": "SAN MATEO (BARR)", "alcaldia": "COYOACAN", "cveut": "03-104" }, "geometry": { "type": "Polygon", "coordinates": [ [ [ -99.15098, 19.35056 ], [ -99.15177, 19.35333 ], [ -99.14958, 19.3546 ], [ -99.14493, 19.35348 ], [ -99.14546, 19.34909 ], [ -99.15098, 19.35056 ] ] ] } },
{ "type": "Feature", "properties": { "colonia": "PILOTO (ADOLFO LOPEZ MATEOS)", "alcaldia": "ALVARO OBREGON", "cveut": "10-171" }, "geometry": { "type": "Polygon", "coordinates": [ [ [ -99.23269, 19.37097 ], [ -99.2329, 19.36674 ], [ -99.23546, 19.36736 ], [ -99.23416, 19.37151 ], [ -99.23473, 19.37278 ], [ -99.23221, 19.37602 ], [ -99.22771, 19.37765 ], [ -99.23269, 19.37097 ] ] ] } },
{ "type": "Feature", "properties": { "colonia": "SAN JUAN", "alcaldia": "BENITO JUAREZ", "cveut": "14-042" }, "geometry": { "type": "Polygon", "coordinates": [ [ [ -99.187, 19.38112 ], [ -99.18155, 19.38044 ], [ -99.18285, 19.37523 ], [ -99.18762, 19.37642 ], [ -99.187, 19.38112 ] ] ] } },
{ "type": "Feature", "properties": { "colonia": "PRO HOGAR II", "alcaldia": "AZCAPOTZALCO", "cveut": "02-114" }, "geometry": { "type": "Polygon", "coordinates": [ [ [ -99.15765, 19.47962 ], [ -99.15191, 19.47772 ], [ -99.15202, 19.47709 ], [ -99.15377, 19.47735 ], [ -99.15212, 19.4766 ], [ -99.15394, 19.47638 ], [ -99.15443, 19.47346 ], [ -99.15901, 19.47374 ], [ -99.15765, 19.47962 ] ] ] } },
{ "type": "Feature", "properties": { "colonia": "CAMPAMENTO 2 DE OCTUBRE II", "alcaldia": "IZTACALCO", "cveut": "06-049" }, "geometry": { "type": "Polygon", "coordinates": [ [ [ -99.11735, 19.38223 ], [ -99.12267, 19.38251 ], [ -99.12212, 19.38748 ], [ -99.11599, 19.38646 ], [ -99.1171, 19.38586 ], [ -99.11651, 19.38528 ], [ -99.11735, 19.38223 ] ] ] } },
{ "type": "Feature", "properties": { "colonia": "BARRANCA SECA", "alcaldia": "LA MAGDALENA CONTRERAS", "cveut": "08-002" }, "geometry": { "type": "Polygon", "coordinates": [ [ [ -99.2439, 19.30438 ], [ -99.241, 19.30917 ], [ -99.24021, 19.30745 ], [ -99.2372, 19.30883 ], [ -99.23557, 19.30648 ], [ -99.23778, 19.30458 ], [ -99.23774, 19.30336 ], [ -99.23948, 19.30372 ], [ -99.23994, 19.30289 ], [ -99.23979, 19.30362 ], [ -99.23917, 19.30417 ], [ -99.2439, 19.30438 ] ] ] } },
{ "type": "Feature", "properties": { "colonia": "COVE", "alcaldia": "ALVARO OBREGON", "cveut": "10-049" }, "geometry": { "type": "Polygon", "coordinates": [ [ [ -99.20189, 19.40155 ], [ -99.1981, 19.40299 ], [ -99.19221, 19.40374 ], [ -99.19369, 19.40112 ], [ -99.1964, 19.40177 ], [ -99.19544, 19.3997 ], [ -99.19697, 19.39909 ], [ -99.19926, 19.39886 ], [ -99.19964, 19.39995 ], [ -99.20198, 19.39921 ], [ -99.20189, 19.40155 ] ] ] } },
{ "type": "Feature", "properties": { "colonia": "1A AMPLIACION SANTIAGO ACAHUALTEPEC", "alcaldia": "IZTAPALAPA", "cveut": "07-254" }, "geometry": { "type": "Polygon", "coordinates": [ [ [ -99.00635, 19.3537 ], [ -99.00633, 19.3518 ], [ -99.00416, 19.35302 ], [ -99.0039, 19.34966 ], [ -99.01185, 19.35121 ], [ -99.01255, 19.35346 ], [ -99.00972, 19.35464 ], [ -99.00635, 19.3537 ] ] ] } },
{ "type": "Feature", "properties": { "colonia": "EL ARBOLILLO 2 (U HAB)", "alcaldia": "GUSTAVO A. MADERO", "cveut": "05-047" }, "geometry": { "type": "GeometryCollection", "geometries": [ { "type": "Polygon", "coordinates": [ [ [ -99.14298, 19.53082 ], [ -99.14214, 19.53101 ], [ -99.14214, 19.53155 ], [ -99.14213, 19.52975 ], [ -99.14215, 19.52899 ], [ -99.14534, 19.5313 ], [ -99.14486, 19.53347 ], [ -99.14791, 19.53458 ], [ -99.14657, 19.53777 ], [ -99.14201, 19.5363 ], [ -99.14298, 19.53082 ] ] ] }, { "type": "LineString", "coordinates": [ [ -99.14214, 19.53159 ], [ -99.14214, 19.53155 ] ] } ] } },
{ "type": "Feature", "properties": { "colonia": "PEDREGAL DE STO DOMINGO VII", "alcaldia": "COYOACAN", "cveut": "03-145" }, "geometry": { "type": "Polygon", "coordinates": [ [ [ -99.16636, 19.31881 ], [ -99.17081, 19.31275 ], [ -99.17062, 19.317 ], [ -99.17188, 19.32048 ], [ -99.17047, 19.32265 ], [ -99.16731, 19.32135 ], [ -99.16812, 19.3194 ], [ -99.16636, 19.31881 ] ] ] } },
{ "type": "Feature", "properties": { "colonia": "SAN JUAN III (U HAB)", "alcaldia": "GUSTAVO A. MADERO", "cveut": "05-163" }, "geometry": { "type": "Polygon", "coordinates": [ [ [ -99.0912, 19.48214 ], [ -99.09312, 19.47725 ], [ -99.09809, 19.47928 ], [ -99.09605, 19.48407 ], [ -99.09298, 19.48279 ], [ -99.09326, 19.48198 ], [ -99.09173, 19.48144 ], [ -99.0912, 19.48214 ] ] ] } },
{ "type": "Feature", "properties": { "colonia": "MAGDALENA ATLAZOLPA (PBLO)", "alcaldia": "IZTAPALAPA", "cveut": "07-137" }, "geometry": { "type": "Polygon", "coordinates": [ [ [ -99.1128, 19.37948 ], [ -99.10968, 19.37916 ], [ -99.10784, 19.37341 ], [ -99.11407, 19.37404 ], [ -99.1128, 19.37948 ] ] ] } },
{ "type": "Feature", "properties": { "colonia": "HOGAR Y SEGURIDAD/NUEVA SANTA MARIA", "alcaldia": "AZCAPOTZALCO", "cveut": "02-032" }, "geometry": { "type": "Polygon", "coordinates": [ [ [ -99.17297, 19.46946 ], [ -99.16607, 19.4716 ], [ -99.1663, 19.46948 ], [ -99.16394, 19.46602 ], [ -99.17271, 19.46746 ], [ -99.17175, 19.46935 ], [ -99.17297, 19.46946 ] ] ] } },
{ "type": "Feature", "properties": { "colonia": "LA SANTISIMA (BARR)", "alcaldia": "XOCHIMILCO", "cveut": "13-024" }, "geometry": { "type": "Polygon", "coordinates": [ [ [ -99.09668, 19.26321 ], [ -99.0978, 19.26469 ], [ -99.09426, 19.26401 ], [ -99.09385, 19.26543 ], [ -99.08507, 19.26324 ], [ -99.08505, 19.26112 ], [ -99.09668, 19.26321 ] ] ] } },
{ "type": "Feature", "properties": { "colonia": "LOS GIRASOLES III", "alcaldia": "COYOACAN", "cveut": "03-075" }, "geometry": { "type": "Polygon", "coordinates": [ [ [ -99.1297, 19.30972 ], [ -99.12403, 19.31131 ], [ -99.12452, 19.30382 ], [ -99.1291, 19.30588 ], [ -99.12808, 19.31001 ], [ -99.1297, 19.30972 ] ] ] } },
{ "type": "Feature", "properties": { "colonia": "KENNEDY (U HAB)", "alcaldia": "VENUSTIANO CARRANZA", "cveut": "17-034" }, "geometry": { "type": "Polygon", "coordinates": [ [ [ -99.11186, 19.42425 ], [ -99.11379, 19.42472 ], [ -99.11325, 19.4266 ], [ -99.11151, 19.42686 ], [ -99.11182, 19.42412 ], [ -99.11008, 19.42331 ], [ -99.11049, 19.4194 ], [ -99.10765, 19.41866 ], [ -99.10788, 19.41765 ], [ -99.11055, 19.4186 ], [ -99.11112, 19.41347 ], [ -99.11294, 19.41363 ], [ -99.11186, 19.42425 ] ] ] } },
{ "type": "Feature", "properties": { "colonia": "SAN LORENZO XICOTENCATL (PBLO)", "alcaldia": "IZTAPALAPA", "cveut": "07-194" }, "geometry": { "type": "Polygon", "coordinates": [ [ [ -99.02356, 19.38505 ], [ -99.02662, 19.38036 ], [ -99.02591, 19.37976 ], [ -99.03081, 19.38255 ], [ -99.02776, 19.38696 ], [ -99.02356, 19.38505 ] ] ] } },
{ "type": "Feature", "properties": { "colonia": "CHIMILLI", "alcaldia": "TLALPAN", "cveut": "12-022" }, "geometry": { "type": "Polygon", "coordinates": [ [ [ -99.22409, 19.26743 ], [ -99.22087, 19.27021 ], [ -99.2201, 19.26959 ], [ -99.21645, 19.27164 ], [ -99.2137, 19.26868 ], [ -99.21504, 19.26922 ], [ -99.21615, 19.26739 ], [ -99.21614, 19.2691 ], [ -99.22011, 19.26801 ], [ -99.22033, 19.26387 ], [ -99.22158, 19.26389 ], [ -99.22191, 19.26643 ], [ -99.22395, 19.26636 ], [ -99.22409, 19.26743 ] ] ] } },
{ "type": "Feature", "properties": { "colonia": "OBRERA IV", "alcaldia": "CUAUHTEMOC", "cveut": "15-065" }, "geometry": { "type": "Polygon", "coordinates": [ [ [ -99.13874, 19.41436 ], [ -99.13499, 19.41307 ], [ -99.13578, 19.40811 ], [ -99.14464, 19.4072 ], [ -99.14207, 19.40847 ], [ -99.13948, 19.40845 ], [ -99.13874, 19.41436 ] ] ] } },
{ "type": "Feature", "properties": { "colonia": "FUERTE DE LORETO - LA ANTENA (U HAB)", "alcaldia": "IZTAPALAPA", "cveut": "07-079" }, "geometry": { "type": "Polygon", "coordinates": [ [ [ -99.03084, 19.36307 ], [ -99.03419, 19.36443 ], [ -99.03216, 19.368 ], [ -99.02571, 19.36422 ], [ -99.0273, 19.36177 ], [ -99.03041, 19.3629 ], [ -99.02978, 19.36476 ], [ -99.03084, 19.36307 ] ] ] } },
{ "type": "Feature", "properties": { "colonia": "SAN MARCOS (BARR)", "alcaldia": "XOCHIMILCO", "cveut": "13-055" }, "geometry": { "type": "Polygon", "coordinates": [ [ [ -99.11259, 19.26135 ], [ -99.1156, 19.26619 ], [ -99.10815, 19.26459 ], [ -99.10867, 19.25969 ], [ -99.11259, 19.26135 ] ] ] } },
{ "type": "Feature", "properties": { "colonia": "SANTA CRUZ CHAVARRIETA", "alcaldia": "XOCHIMILCO", "cveut": "13-061" }, "geometry": { "type": "Polygon", "coordinates": [ [ [ -99.12441, 19.22836 ], [ -99.12328, 19.22841 ], [ -99.12407, 19.22996 ], [ -99.12026, 19.2296 ], [ -99.11968, 19.22693 ], [ -99.12383, 19.22082 ], [ -99.12441, 19.22836 ] ] ] } },
{ "type": "Feature", "properties": { "colonia": "TORRE BLANCA", "alcaldia": "MIGUEL HIDALGO", "cveut": "16-081" }, "geometry": { "type": "Polygon", "coordinates": [ [ [ -99.19781, 19.45885 ], [ -99.19317, 19.45977 ], [ -99.18972, 19.45931 ], [ -99.19688, 19.45442 ], [ -99.19914, 19.455 ], [ -99.19781, 19.45885 ] ] ] } },
{ "type": "Feature", "properties": { "colonia": "VALLE DE TEPEPAN", "alcaldia": "TLALPAN", "cveut": "12-183" }, "geometry": { "type": "Polygon", "coordinates": [ [ [ -99.14207, 19.27396 ], [ -99.14336, 19.26951 ], [ -99.14985, 19.27151 ], [ -99.14902, 19.274 ], [ -99.14696, 19.27347 ], [ -99.14543, 19.2748 ], [ -99.14207, 19.27396 ] ] ] } },
{ "type": "Feature", "properties": { "colonia": "VALLE VERDE", "alcaldia": "TLALPAN", "cveut": "12-185" }, "geometry": { "type": "Polygon", "coordinates": [ [ [ -99.14449, 19.24602 ], [ -99.14894, 19.24423 ], [ -99.14781, 19.24077 ], [ -99.15026, 19.24518 ], [ -99.14849, 19.24474 ], [ -99.14682, 19.24659 ], [ -99.14177, 19.24895 ], [ -99.13889, 19.24556 ], [ -99.14038, 19.24362 ], [ -99.14362, 19.24454 ], [ -99.1427, 19.24534 ], [ -99.14449, 19.24602 ] ] ] } },
{ "type": "Feature", "properties": { "colonia": "C T M ARAGON (U)", "alcaldia": "GUSTAVO A. MADERO", "cveut": "05-014" }, "geometry": { "type": "Polygon", "coordinates": [ [ [ -99.0599, 19.45328 ], [ -99.0538, 19.45556 ], [ -99.05177, 19.45226 ], [ -99.05826, 19.44987 ], [ -99.0599, 19.45328 ] ] ] } },
{ "type": "Feature", "properties": { "colonia": "XAXALCO", "alcaldia": "TLALPAN", "cveut": "12-200" }, "geometry": { "type": "Polygon", "coordinates": [ [ [ -99.14181, 19.18898 ], [ -99.14347, 19.19203 ], [ -99.14495, 19.19269 ], [ -99.14307, 19.1957 ], [ -99.14153, 19.19511 ], [ -99.14045, 19.19661 ], [ -99.13903, 19.1887 ], [ -99.14181, 19.18898 ] ] ] } },
{ "type": "Feature", "properties": { "colonia": "PROVIDENCIA II", "alcaldia": "GUSTAVO A. MADERO", "cveut": "05-235" }, "geometry": { "type": "Polygon", "coordinates": [ [ [ -99.06854, 19.48105 ], [ -99.06813, 19.4828 ], [ -99.07065, 19.48366 ], [ -99.0681, 19.48911 ], [ -99.06398, 19.48023 ], [ -99.06854, 19.48105 ] ] ] } },
{ "type": "Feature", "properties": { "colonia": "PORTALES ORIENTE", "alcaldia": "BENITO JUAREZ", "cveut": "14-038" }, "geometry": { "type": "Polygon", "coordinates": [ [ [ -99.14167, 19.36931 ], [ -99.13757, 19.36866 ], [ -99.13892, 19.36249 ], [ -99.14271, 19.36306 ], [ -99.14167, 19.36931 ] ] ] } },
{ "type": "Feature", "properties": { "colonia": "SIETE MARAVILLAS", "alcaldia": "GUSTAVO A. MADERO", "cveut": "05-176" }, "geometry": { "type": "Polygon", "coordinates": [ [ [ -99.14016, 19.51109 ], [ -99.14649, 19.51373 ], [ -99.14613, 19.51437 ], [ -99.14995, 19.51638 ], [ -99.14305, 19.51784 ], [ -99.14344, 19.51626 ], [ -99.14022, 19.51191 ], [ -99.14016, 19.51109 ] ] ] } },
{ "type": "Feature", "properties": { "colonia": "PRESIDENTES", "alcaldia": "ALVARO OBREGON", "cveut": "10-177" }, "geometry": { "type": "Polygon", "coordinates": [ [ [ -99.22442, 19.37927 ], [ -99.22252, 19.38073 ], [ -99.21886, 19.38119 ], [ -99.21949, 19.37688 ], [ -99.22339, 19.37473 ], [ -99.22472, 19.37768 ], [ -99.22442, 19.37927 ] ] ] } },
{ "type": "Feature", "properties": { "colonia": "JARDINES DE COYOACAN (FRACC)", "alcaldia": "COYOACAN", "cveut": "03-061" }, "geometry": { "type": "Polygon", "coordinates": [ [ [ -99.13063, 19.31341 ], [ -99.12802, 19.31725 ], [ -99.12568, 19.31609 ], [ -99.12443, 19.31458 ], [ -99.12403, 19.31131 ], [ -99.12569, 19.31085 ], [ -99.13063, 19.31341 ] ] ] } },
{ "type": "Feature", "properties": { "colonia": "BENITO JUAREZ", "alcaldia": "GUSTAVO A. MADERO", "cveut": "05-011" }, "geometry": { "type": "Polygon", "coordinates": [ [ [ -99.14213, 19.52964 ], [ -99.14204, 19.53606 ], [ -99.14, 19.53435 ], [ -99.13649, 19.5341 ], [ -99.13547, 19.53139 ], [ -99.14213, 19.52964 ] ] ] } },
{ "type": "Feature", "properties": { "colonia": "DOCTORES III", "alcaldia": "CUAUHTEMOC", "cveut": "15-047" }, "geometry": { "type": "Polygon", "coordinates": [ [ [ -99.14836, 19.41464 ], [ -99.14742, 19.41924 ], [ -99.14585, 19.4191 ], [ -99.14559, 19.42052 ], [ -99.14424, 19.42039 ], [ -99.14448, 19.41895 ], [ -99.14346, 19.41889 ], [ -99.14392, 19.4143 ], [ -99.14522, 19.41441 ], [ -99.14561, 19.41206 ], [ -99.14713, 19.4122 ], [ -99.14671, 19.41453 ], [ -99.14836, 19.41464 ] ] ] } },
{ "type": "Feature", "properties": { "colonia": "COLONIAL IZTAPALAPA (FRACC)", "alcaldia": "IZTAPALAPA", "cveut": "07-031" }, "geometry": { "type": "Polygon", "coordinates": [ [ [ -99.0566, 19.35085 ], [ -99.05274, 19.35004 ], [ -99.05476, 19.34295 ], [ -99.05757, 19.34362 ], [ -99.0566, 19.35085 ] ] ] } },
{ "type": "Feature", "properties": { "colonia": "ACTIPAN", "alcaldia": "BENITO JUAREZ", "cveut": "14-002" }, "geometry": { "type": "Polygon", "coordinates": [ [ [ -99.18093, 19.36793 ], [ -99.17888, 19.37369 ], [ -99.17559, 19.37297 ], [ -99.1778, 19.36536 ], [ -99.18093, 19.36793 ] ] ] } },
{ "type": "Feature", "properties": { "colonia": "XAXALIPAC", "alcaldia": "TLALPAN", "cveut": "12-201" }, "geometry": { "type": "Polygon", "coordinates": [ [ [ -99.14449, 19.18057 ], [ -99.14405, 19.18487 ], [ -99.14572, 19.19049 ], [ -99.14538, 19.1921 ], [ -99.14439, 19.19235 ], [ -99.14187, 19.18967 ], [ -99.14276, 19.18625 ], [ -99.14182, 19.18267 ], [ -99.14449, 19.18057 ] ] ] } },
{ "type": "Feature", "properties": { "colonia": "CUAUHTEMOC", "alcaldia": "LA MAGDALENA CONTRERAS", "cveut": "08-005" }, "geometry": { "type": "Polygon", "coordinates": [ [ [ -99.24677, 19.32474 ], [ -99.23937, 19.31935 ], [ -99.24191, 19.31621 ], [ -99.24528, 19.31949 ], [ -99.24677, 19.32474 ] ] ] } },
{ "type": "Feature", "properties": { "colonia": "GABRIEL HERNANDEZ (AMPL) II", "alcaldia": "GUSTAVO A. MADERO", "cveut": "05-222" }, "geometry": { "type": "Polygon", "coordinates": [ [ [ -99.10925, 19.50612 ], [ -99.10726, 19.50838 ], [ -99.10559, 19.50735 ], [ -99.10094, 19.50722 ], [ -99.09852, 19.50586 ], [ -99.09955, 19.50403 ], [ -99.10192, 19.50515 ], [ -99.10551, 19.50484 ], [ -99.10621, 19.50403 ], [ -99.10925, 19.50612 ] ] ] } },
{ "type": "Feature", "properties": { "colonia": "OLIVAR DEL CONDE 2DA SECCION II", "alcaldia": "ALVARO OBREGON", "cveut": "10-255" }, "geometry": { "type": "Polygon", "coordinates": [ [ [ -99.22383, 19.37204 ], [ -99.21854, 19.37512 ], [ -99.21694, 19.37192 ], [ -99.2192, 19.37133 ], [ -99.21873, 19.36974 ], [ -99.2229, 19.36842 ], [ -99.22383, 19.37204 ] ] ] } },
{ "type": "Feature", "properties": { "colonia": "BOSQUES DEL PEDREGAL", "alcaldia": "TLALPAN", "cveut": "12-016" }, "geometry": { "type": "Polygon", "coordinates": [ [ [ -99.2365, 19.27528 ], [ -99.23587, 19.27522 ], [ -99.23543, 19.26981 ], [ -99.24373, 19.27106 ], [ -99.24414, 19.2723 ], [ -99.24259, 19.27297 ], [ -99.23644, 19.2738 ], [ -99.2365, 19.27528 ] ] ] } },
{ "type": "Feature", "properties": { "colonia": "PRESIDENTES EJIDALES PRIMERA SECCION", "alcaldia": "COYOACAN", "cveut": "03-096" }, "geometry": { "type": "Polygon", "coordinates": [ [ [ -99.13088, 19.32602 ], [ -99.13027, 19.32969 ], [ -99.12562, 19.32924 ], [ -99.12621, 19.32278 ], [ -99.13088, 19.32602 ] ] ] } },
{ "type": "Feature", "properties": { "colonia": "PEDREGAL DE STO DOMINGO IV", "alcaldia": "COYOACAN", "cveut": "03-142" }, "geometry": { "type": "Polygon", "coordinates": [ [ [ -99.1688, 19.33162 ], [ -99.16226, 19.32966 ], [ -99.16272, 19.3282 ], [ -99.16553, 19.32813 ], [ -99.16677, 19.32516 ], [ -99.16771, 19.32567 ], [ -99.16892, 19.32639 ], [ -99.16838, 19.32765 ], [ -99.16996, 19.32811 ], [ -99.1688, 19.33162 ] ] ] } },
{ "type": "Feature", "properties": { "colonia": "LOMAS DE PLATEROS (U HAB) II", "alcaldia": "ALVARO OBREGON", "cveut": "10-251" }, "geometry": { "type": "Polygon", "coordinates": [ [ [ -99.19989, 19.36743 ], [ -99.19916, 19.36868 ], [ -99.20028, 19.36895 ], [ -99.19534, 19.37095 ], [ -99.1956, 19.3718 ], [ -99.19354, 19.37216 ], [ -99.19523, 19.37045 ], [ -99.19208, 19.3703 ], [ -99.19282, 19.36752 ], [ -99.19529, 19.36775 ], [ -99.19562, 19.36642 ], [ -99.19906, 19.36651 ], [ -99.19989, 19.36743 ] ] ] } },
{ "type": "Feature", "properties": { "colonia": "ADOLFO RUIZ CORTINES I", "alcaldia": "COYOACAN", "cveut": "03-126" }, "geometry": { "type": "Polygon", "coordinates": [ [ [ -99.14619, 19.3251 ], [ -99.14434, 19.32454 ], [ -99.14541, 19.32369 ], [ -99.14548, 19.32124 ], [ -99.1447, 19.32101 ], [ -99.14622, 19.31908 ], [ -99.14578, 19.31775 ], [ -99.15022, 19.3178 ], [ -99.14968, 19.31952 ], [ -99.15102, 19.31903 ], [ -99.14619, 19.3251 ] ] ] } },
{ "type": "Feature", "properties": { "colonia": "SINATEL (AMPL)", "alcaldia": "IZTAPALAPA", "cveut": "07-224" }, "geometry": { "type": "Polygon", "coordinates": [ [ [ -99.1333, 19.36659 ], [ -99.12974, 19.36624 ], [ -99.12967, 19.36973 ], [ -99.12868, 19.36971 ], [ -99.12764, 19.36607 ], [ -99.12683, 19.36591 ], [ -99.12981, 19.36102 ], [ -99.12947, 19.36206 ], [ -99.13366, 19.36452 ], [ -99.1333, 19.36659 ] ] ] } },
{ "type": "Feature", "properties": { "colonia": "ASTURIAS", "alcaldia": "CUAUHTEMOC", "cveut": "15-002" }, "geometry": { "type": "Polygon", "coordinates": [ [ [ -99.12999, 19.40525 ], [ -99.12617, 19.40682 ], [ -99.12568, 19.40435 ], [ -99.13056, 19.40313 ], [ -99.1365, 19.40342 ], [ -99.1361, 19.40604 ], [ -99.12999, 19.40525 ] ] ] } },
{ "type": "Feature", "properties": { "colonia": "COAPA 2A SECCION-RAMOS MILLAN", "alcaldia": "TLALPAN", "cveut": "12-024" }, "geometry": { "type": "Polygon", "coordinates": [ [ [ -99.12189, 19.30279 ], [ -99.11587, 19.3011 ], [ -99.11527, 19.29815 ], [ -99.11403, 19.29802 ], [ -99.11448, 19.29505 ], [ -99.11661, 19.29803 ], [ -99.11912, 19.29706 ], [ -99.12189, 19.30279 ] ] ] } },
{ "type": "Feature", "properties": { "colonia": "PLENITUD", "alcaldia": "AZCAPOTZALCO", "cveut": "02-060" }, "geometry": { "type": "Polygon", "coordinates": [ [ [ -99.19049, 19.47036 ], [ -99.20084, 19.47327 ], [ -99.20073, 19.47388 ], [ -99.19777, 19.47503 ], [ -99.19036, 19.47303 ], [ -99.19049, 19.47036 ] ] ] } },
{ "type": "Feature", "properties": { "colonia": "SINDICATO MEXICANO DE ELECTRICISTAS", "alcaldia": "AZCAPOTZALCO", "cveut": "02-101" }, "geometry": { "type": "Polygon", "coordinates": [ [ [ -99.17977, 19.47781 ], [ -99.17626, 19.47705 ], [ -99.17713, 19.47105 ], [ -99.17894, 19.4707 ], [ -99.1812, 19.47336 ], [ -99.17977, 19.47781 ] ] ] } },
{ "type": "Feature", "properties": { "colonia": "LAS CAMPANAS", "alcaldia": "COYOACAN", "cveut": "03-069" }, "geometry": { "type": "Polygon", "coordinates": [ [ [ -99.12404, 19.31114 ], [ -99.11807, 19.31224 ], [ -99.11922, 19.30668 ], [ -99.12412, 19.30792 ], [ -99.12438, 19.30711 ], [ -99.12404, 19.31114 ] ] ] } },
{ "type": "Feature", "properties": { "colonia": "BANJIDAL", "alcaldia": "IZTAPALAPA", "cveut": "07-012" }, "geometry": { "type": "Polygon", "coordinates": [ [ [ -99.13787, 19.36726 ], [ -99.13638, 19.36698 ], [ -99.13669, 19.36528 ], [ -99.13483, 19.365 ], [ -99.13582, 19.35918 ], [ -99.13956, 19.35958 ], [ -99.13787, 19.36726 ] ] ] } },
{ "type": "Feature", "properties": { "colonia": "REVOLUCION", "alcaldia": "VENUSTIANO CARRANZA", "cveut": "17-054" }, "geometry": { "type": "Polygon", "coordinates": [ [ [ -99.1058, 19.43684 ], [ -99.10702, 19.43716 ], [ -99.10554, 19.44095 ], [ -99.10052, 19.44279 ], [ -99.10258, 19.43748 ], [ -99.10013, 19.43794 ], [ -99.10545, 19.43559 ], [ -99.1058, 19.43684 ] ] ] } },
{ "type": "Feature", "properties": { "colonia": "CTM VIII CULHUACAN (U HAB)", "alcaldia": "COYOACAN", "cveut": "03-033" }, "geometry": { "type": "Polygon", "coordinates": [ [ [ -99.10048, 19.31912 ], [ -99.10053, 19.31846 ], [ -99.10286, 19.31923 ], [ -99.10359, 19.31817 ], [ -99.10346, 19.31297 ], [ -99.10467, 19.31321 ], [ -99.10486, 19.31226 ], [ -99.10745, 19.31277 ], [ -99.10624, 19.31854 ], [ -99.10469, 19.31826 ], [ -99.10433, 19.31991 ], [ -99.10584, 19.3202 ], [ -99.10571, 19.32089 ], [ -99.10048, 19.31912 ] ] ] } },
{ "type": "Feature", "properties": { "colonia": "ALIANZA POPULAR REVOLUCIONARIA PONIENTE (U HAB)", "alcaldia": "COYOACAN", "cveut": "03-132" }, "geometry": { "type": "Polygon", "coordinates": [ [ [ -99.12417, 19.31693 ], [ -99.11892, 19.31653 ], [ -99.11998, 19.31176 ], [ -99.12403, 19.31131 ], [ -99.12417, 19.31693 ] ] ] } },
{ "type": "Feature", "properties": { "colonia": "SOLIDARIDAD", "alcaldia": "TLALPAN", "cveut": "12-166" }, "geometry": { "type": "Polygon", "coordinates": [ [ [ -99.23188, 19.2653 ], [ -99.22437, 19.26717 ], [ -99.22384, 19.26584 ], [ -99.22632, 19.26497 ], [ -99.22734, 19.26215 ], [ -99.23225, 19.26212 ], [ -99.23188, 19.2653 ] ] ] } },
{ "type": "Feature", "properties": { "colonia": "PANAMERICANA", "alcaldia": "GUSTAVO A. MADERO", "cveut": "05-133" }, "geometry": { "type": "Polygon", "coordinates": [ [ [ -99.14243, 19.47634 ], [ -99.14583, 19.47721 ], [ -99.14564, 19.47825 ], [ -99.14648, 19.47847 ], [ -99.14551, 19.47906 ], [ -99.14482, 19.48256 ], [ -99.14198, 19.48305 ], [ -99.13967, 19.47709 ], [ -99.14105, 19.47907 ], [ -99.14199, 19.47874 ], [ -99.14243, 19.47634 ] ] ] } },
{ "type": "Feature", "properties": { "colonia": "CTM VIII B CULHUACAN ZONA 25-26 (U HAB)", "alcaldia": "COYOACAN", "cveut": "03-162" }, "geometry": { "type": "Polygon", "coordinates": [ [ [ -99.0991, 19.32075 ], [ -99.09997, 19.30989 ], [ -99.10104, 19.30991 ], [ -99.10077, 19.31518 ], [ -99.1037, 19.31509 ], [ -99.10402, 19.31609 ], [ -99.10286, 19.31923 ], [ -99.10053, 19.31846 ], [ -99.10039, 19.32076 ], [ -99.0991, 19.32075 ] ] ] } },
{ "type": "Feature", "properties": { "colonia": "SAN MARCOS (BARR)", "alcaldia": "AZCAPOTZALCO", "cveut": "02-080" }, "geometry": { "type": "Polygon", "coordinates": [ [ [ -99.18631, 19.49088 ], [ -99.18145, 19.48955 ], [ -99.17817, 19.48986 ], [ -99.18021, 19.48599 ], [ -99.1849, 19.48738 ], [ -99.18616, 19.48626 ], [ -99.18631, 19.49088 ] ] ] } },
{ "type": "Feature", "properties": { "colonia": "PIEDAD NARVARTE", "alcaldia": "BENITO JUAREZ", "cveut": "14-036" }, "geometry": { "type": "Polygon", "coordinates": [ [ [ -99.15029, 19.40404 ], [ -99.1506, 19.40217 ], [ -99.16216, 19.40109 ], [ -99.16276, 19.40224 ], [ -99.15668, 19.40403 ], [ -99.15029, 19.40404 ] ] ] } },
{ "type": "Feature", "properties": { "colonia": "HUAYATLA", "alcaldia": "LA MAGDALENA CONTRERAS", "cveut": "08-014" }, "geometry": { "type": "Polygon", "coordinates": [ [ [ -99.26572, 19.30682 ], [ -99.26262, 19.3102 ], [ -99.25984, 19.3125 ], [ -99.25927, 19.31066 ], [ -99.26157, 19.30642 ], [ -99.2611, 19.30573 ], [ -99.2641, 19.30416 ], [ -99.26572, 19.30682 ] ] ] } },
{ "type": "Feature", "properties": { "colonia": "LOMAS DE CHAMONTOYA", "alcaldia": "ALVARO OBREGON", "cveut": "10-130" }, "geometry": { "type": "Polygon", "coordinates": [ [ [ -99.27052, 19.31912 ], [ -99.26636, 19.32057 ], [ -99.26525, 19.31857 ], [ -99.26817, 19.31418 ], [ -99.27111, 19.31298 ], [ -99.26966, 19.31677 ], [ -99.27076, 19.31667 ], [ -99.27052, 19.31912 ] ] ] } },
{ "type": "Feature", "properties": { "colonia": "FRANCISCO VILLA", "alcaldia": "TLAHUAC", "cveut": "11-010" }, "geometry": { "type": "Polygon", "coordinates": [ [ [ -99.0029, 19.25155 ], [ -99.00107, 19.25156 ], [ -98.99871, 19.25007 ], [ -98.99756, 19.24785 ], [ -98.99818, 19.24719 ], [ -98.99972, 19.24817 ], [ -99.00103, 19.24591 ], [ -99.00474, 19.24752 ], [ -99.0029, 19.25155 ] ] ] } },
{ "type": "Feature", "properties": { "colonia": "JUVENTINO ROSAS II", "alcaldia": "IZTACALCO", "cveut": "06-055" }, "geometry": { "type": "Polygon", "coordinates": [ [ [ -99.10677, 19.39397 ], [ -99.10316, 19.39364 ], [ -99.10341, 19.3892 ], [ -99.10789, 19.38962 ], [ -99.10826, 19.38766 ], [ -99.1094, 19.38793 ], [ -99.10915, 19.39197 ], [ -99.10718, 19.39179 ], [ -99.10677, 19.39397 ] ] ] } },
{ "type": "Feature", "properties": { "colonia": "LOS REYES (BARR)", "alcaldia": "IZTACALCO", "cveut": "06-018" }, "geometry": { "type": "Polygon", "coordinates": [ [ [ -99.12004, 19.39533 ], [ -99.11964, 19.39813 ], [ -99.11339, 19.39828 ], [ -99.11369, 19.39359 ], [ -99.12004, 19.39533 ] ] ] } },
{ "type": "Feature", "properties": { "colonia": "AXOTLA", "alcaldia": "ALVARO OBREGON", "cveut": "10-024" }, "geometry": { "type": "Polygon", "coordinates": [ [ [ -99.17812, 19.35791 ], [ -99.17763, 19.36021 ], [ -99.17565, 19.35979 ], [ -99.17511, 19.36228 ], [ -99.1718, 19.3596 ], [ -99.1748, 19.35484 ], [ -99.17686, 19.35586 ], [ -99.17646, 19.35711 ], [ -99.17812, 19.35791 ] ] ] } },
{ "type": "Feature", "properties": { "colonia": "AGRICULTURA", "alcaldia": "MIGUEL HIDALGO", "cveut": "16-001" }, "geometry": { "type": "Polygon", "coordinates": [ [ [ -99.16563, 19.45671 ], [ -99.16361, 19.45638 ], [ -99.1656, 19.44369 ], [ -99.16724, 19.44465 ], [ -99.16563, 19.45671 ] ] ] } },
{ "type": "Feature", "properties": { "colonia": "LA JOYA", "alcaldia": "TLALPAN", "cveut": "12-072" }, "geometry": { "type": "Polygon", "coordinates": [ [ [ -99.16727, 19.27881 ], [ -99.16403, 19.28501 ], [ -99.16081, 19.28403 ], [ -99.16609, 19.27603 ], [ -99.16727, 19.27881 ] ] ] } },
{ "type": "Feature", "properties": { "colonia": "BELISARIO DOMINGUEZ", "alcaldia": "TLALPAN", "cveut": "12-215" }, "geometry": { "type": "Polygon", "coordinates": [ [ [ -99.15379, 19.29309 ], [ -99.15149, 19.2901 ], [ -99.15693, 19.28663 ], [ -99.15963, 19.28829 ], [ -99.15979, 19.28899 ], [ -99.15412, 19.29207 ], [ -99.15379, 19.29309 ] ] ] } },
{ "type": "Feature", "properties": { "colonia": "LA CONCEPCION (BARR)", "alcaldia": "COYOACAN", "cveut": "03-065" }, "geometry": { "type": "Polygon", "coordinates": [ [ [ -99.15908, 19.34999 ], [ -99.1561, 19.3506 ], [ -99.1563, 19.34605 ], [ -99.15478, 19.34408 ], [ -99.16073, 19.34434 ], [ -99.15908, 19.34999 ] ] ] } },
{ "type": "Feature", "properties": { "colonia": "FRANCISCO VILLA (U HAB)", "alcaldia": "AZCAPOTZALCO", "cveut": "02-030" }, "geometry": { "type": "Polygon", "coordinates": [ [ [ -99.20454, 19.50192 ], [ -99.19918, 19.49636 ], [ -99.19937, 19.49615 ], [ -99.20223, 19.49905 ], [ -99.20428, 19.49431 ], [ -99.2068, 19.49499 ], [ -99.20589, 19.5011 ], [ -99.20454, 19.50192 ] ] ] } },
{ "type": "Feature", "properties": { "colonia": "CARACOL", "alcaldia": "VENUSTIANO CARRANZA", "cveut": "17-012" }, "geometry": { "type": "Polygon", "coordinates": [ [ [ -99.07367, 19.42526 ], [ -99.07292, 19.42817 ], [ -99.06504, 19.42722 ], [ -99.067, 19.42407 ], [ -99.07367, 19.42526 ] ] ] } },
{ "type": "Feature", "properties": { "colonia": "LAS SALINAS", "alcaldia": "AZCAPOTZALCO", "cveut": "02-042" }, "geometry": { "type": "Polygon", "coordinates": [ [ [ -99.16114, 19.48763 ], [ -99.16175, 19.48474 ], [ -99.16679, 19.48586 ], [ -99.1688, 19.49085 ], [ -99.16114, 19.48763 ] ] ] } },
{ "type": "Feature", "properties": { "colonia": "GABRIEL HERNANDEZ (AMPL) I", "alcaldia": "GUSTAVO A. MADERO", "cveut": "05-221" }, "geometry": { "type": "Polygon", "coordinates": [ [ [ -99.10075, 19.50219 ], [ -99.10192, 19.50515 ], [ -99.09955, 19.50403 ], [ -99.09852, 19.50586 ], [ -99.09617, 19.50452 ], [ -99.09582, 19.50622 ], [ -99.09382, 19.50431 ], [ -99.09566, 19.50097 ], [ -99.10075, 19.50219 ] ] ] } },
{ "type": "Feature", "properties": { "colonia": "JUVENTINO ROSAS I", "alcaldia": "IZTACALCO", "cveut": "06-054" }, "geometry": { "type": "Polygon", "coordinates": [ [ [ -99.10959, 19.38973 ], [ -99.1126, 19.39006 ], [ -99.11376, 19.39253 ], [ -99.11349, 19.39461 ], [ -99.10677, 19.39397 ], [ -99.10718, 19.39179 ], [ -99.10915, 19.39197 ], [ -99.10959, 19.38973 ] ] ] } },
{ "type": "Feature", "properties": { "colonia": "PETROLERA", "alcaldia": "AZCAPOTZALCO", "cveut": "02-059" }, "geometry": { "type": "Polygon", "coordinates": [ [ [ -99.20159, 19.4885 ], [ -99.19663, 19.48537 ], [ -99.19783, 19.48236 ], [ -99.2033, 19.48384 ], [ -99.20159, 19.4885 ] ] ] } },
{ "type": "Feature", "properties": { "colonia": "FELIPE ANGELES", "alcaldia": "VENUSTIANO CARRANZA", "cveut": "17-027" }, "geometry": { "type": "Polygon", "coordinates": [ [ [ -99.11427, 19.45613 ], [ -99.10855, 19.45277 ], [ -99.11003, 19.4502 ], [ -99.11543, 19.45139 ], [ -99.11427, 19.45613 ] ] ] } },
{ "type": "Feature", "properties": { "colonia": "AJUSCO HUAYAMILPAS", "alcaldia": "COYOACAN", "cveut": "03-003" }, "geometry": { "type": "Polygon", "coordinates": [ [ [ -99.15191, 19.32691 ], [ -99.14839, 19.32672 ], [ -99.14794, 19.32415 ], [ -99.14923, 19.32167 ], [ -99.15046, 19.32197 ], [ -99.15229, 19.32042 ], [ -99.15332, 19.32121 ], [ -99.1524, 19.32324 ], [ -99.15334, 19.32371 ], [ -99.15198, 19.32525 ], [ -99.15265, 19.32581 ], [ -99.15191, 19.32691 ] ] ] } },
{ "type": "Feature", "properties": { "colonia": "AMERICAS UNIDAS-DEL LAGO", "alcaldia": "BENITO JUAREZ", "cveut": "14-005" }, "geometry": { "type": "Polygon", "coordinates": [ [ [ -99.14053, 19.37695 ], [ -99.14513, 19.38364 ], [ -99.14332, 19.38336 ], [ -99.14294, 19.38523 ], [ -99.13936, 19.38458 ], [ -99.14053, 19.37695 ] ] ] } },
{ "type": "Feature", "properties": { "colonia": "TLACOTAL RAMOS MILLAN", "alcaldia": "IZTACALCO", "cveut": "06-036" }, "geometry": { "type": "Polygon", "coordinates": [ [ [ -99.11005, 19.39761 ], [ -99.10287, 19.39668 ], [ -99.10316, 19.39364 ], [ -99.11047, 19.39431 ], [ -99.11005, 19.39761 ] ] ] } },
{ "type": "Feature", "properties": { "colonia": "ZACAHUITZCO", "alcaldia": "IZTAPALAPA", "cveut": "07-251" }, "geometry": { "type": "Polygon", "coordinates": [ [ [ -99.13686, 19.37165 ], [ -99.13559, 19.37728 ], [ -99.13138, 19.37719 ], [ -99.13298, 19.37146 ], [ -99.13686, 19.37165 ] ] ] } },
{ "type": "Feature", "properties": { "colonia": "PENSIL NORTE", "alcaldia": "MIGUEL HIDALGO", "cveut": "16-060" }, "geometry": { "type": "Polygon", "coordinates": [ [ [ -99.19868, 19.45324 ], [ -99.19402, 19.45192 ], [ -99.19543, 19.44716 ], [ -99.19864, 19.44759 ], [ -99.19807, 19.44989 ], [ -99.19974, 19.45038 ], [ -99.19972, 19.45254 ], [ -99.19868, 19.45324 ] ] ] } },
{ "type": "Feature", "properties": { "colonia": "TLATILCO", "alcaldia": "AZCAPOTZALCO", "cveut": "02-104" }, "geometry": { "type": "Polygon", "coordinates": [ [ [ -99.16245, 19.46412 ], [ -99.15945, 19.46516 ], [ -99.15856, 19.46394 ], [ -99.16285, 19.45926 ], [ -99.16361, 19.45638 ], [ -99.16494, 19.4566 ], [ -99.16558, 19.45853 ], [ -99.16245, 19.46412 ] ] ] } },
{ "type": "Feature", "properties": { "colonia": "NAPOLES (AMPL)", "alcaldia": "BENITO JUAREZ", "cveut": "14-006" }, "geometry": { "type": "Polygon", "coordinates": [ [ [ -99.17351, 19.39027 ], [ -99.17485, 19.38612 ], [ -99.18307, 19.38523 ], [ -99.1816, 19.38726 ], [ -99.18097, 19.38647 ], [ -99.18135, 19.38755 ], [ -99.17351, 19.39027 ] ] ] } },
{ "type": "Feature", "properties": { "colonia": "XOCHINAHUAC (U HAB)", "alcaldia": "AZCAPOTZALCO", "cveut": "02-110" }, "geometry": { "type": "Polygon", "coordinates": [ [ [ -99.19092, 19.50488 ], [ -99.1956, 19.50601 ], [ -99.19537, 19.50701 ], [ -99.19791, 19.50772 ], [ -99.1972, 19.51056 ], [ -99.1915, 19.50883 ], [ -99.19092, 19.50488 ] ] ] } },
{ "type": "Feature", "properties": { "colonia": "ABDIAS GARCIA SOTO", "alcaldia": "CUAJIMALPA DE MORELOS", "cveut": "04-001" }, "geometry": { "type": "Polygon", "coordinates": [ [ [ -99.29583, 19.34898 ], [ -99.29487, 19.35263 ], [ -99.29318, 19.35444 ], [ -99.28973, 19.35373 ], [ -99.28887, 19.35263 ], [ -99.293, 19.34905 ], [ -99.29583, 19.34898 ] ] ] } },
{ "type": "Feature", "properties": { "colonia": "LOMAS DE PLATEROS (U HAB) I", "alcaldia": "ALVARO OBREGON", "cveut": "10-250" }, "geometry": { "type": "Polygon", "coordinates": [ [ [ -99.19963, 19.36902 ], [ -99.19989, 19.36743 ], [ -99.19906, 19.36651 ], [ -99.21353, 19.36682 ], [ -99.20741, 19.36885 ], [ -99.20337, 19.3689 ], [ -99.20176, 19.36807 ], [ -99.19963, 19.36902 ] ] ] } },
{ "type": "Feature", "properties": { "colonia": "VALENTIN GOMEZ FARIAS", "alcaldia": "VENUSTIANO CARRANZA", "cveut": "17-060" }, "geometry": { "type": "Polygon", "coordinates": [ [ [ -99.09636, 19.41944 ], [ -99.08942, 19.41541 ], [ -99.09076, 19.41293 ], [ -99.09774, 19.41692 ], [ -99.09636, 19.41944 ] ] ] } },
{ "type": "Feature", "properties": { "colonia": "PROGRESO NACIONAL I", "alcaldia": "GUSTAVO A. MADERO", "cveut": "05-232" }, "geometry": { "type": "Polygon", "coordinates": [ [ [ -99.16311, 19.52331 ], [ -99.15759, 19.5205 ], [ -99.15871, 19.51748 ], [ -99.164, 19.52018 ], [ -99.16548, 19.52273 ], [ -99.16311, 19.52331 ] ] ] } },
{ "type": "Feature", "properties": { "colonia": "RAMOS MILLAN BRAMADERO II", "alcaldia": "IZTACALCO", "cveut": "06-062" }, "geometry": { "type": "Polygon", "coordinates": [ [ [ -99.0938, 19.39607 ], [ -99.08985, 19.39352 ], [ -99.0905, 19.39021 ], [ -99.09237, 19.38906 ], [ -99.09411, 19.38923 ], [ -99.09389, 19.39141 ], [ -99.09496, 19.39151 ], [ -99.0938, 19.39607 ] ] ] } },
{ "type": "Feature", "properties": { "colonia": "EJTO CONSTITUCIONALISTA, SUPERMANZANA II ( U HAB)", "alcaldia": "IZTAPALAPA", "cveut": "07-047" }, "geometry": { "type": "Polygon", "coordinates": [ [ [ -99.05204, 19.38492 ], [ -99.05286, 19.3836 ], [ -99.06038, 19.38617 ], [ -99.0596, 19.39007 ], [ -99.05204, 19.38492 ] ] ] } },
{ "type": "Feature", "properties": { "colonia": "SAN MIGUEL CHAPULTEPEC II", "alcaldia": "MIGUEL HIDALGO", "cveut": "16-095" }, "geometry": { "type": "Polygon", "coordinates": [ [ [ -99.18506, 19.4124 ], [ -99.18468, 19.41345 ], [ -99.18717, 19.41433 ], [ -99.18018, 19.41674 ], [ -99.17797, 19.42037 ], [ -99.178, 19.42298 ], [ -99.17756, 19.42338 ], [ -99.17786, 19.41895 ], [ -99.18218, 19.41156 ], [ -99.18506, 19.4124 ] ] ] } },
{ "type": "Feature", "properties": { "colonia": "TRES ESTRELLAS", "alcaldia": "GUSTAVO A. MADERO", "cveut": "05-189" }, "geometry": { "type": "Polygon", "coordinates": [ [ [ -99.11142, 19.47534 ], [ -99.1081, 19.47362 ], [ -99.10991, 19.46915 ], [ -99.11476, 19.47083 ], [ -99.11142, 19.47534 ] ] ] } },
{ "type": "Feature", "properties": { "colonia": "SANTA FE (U HAB)", "alcaldia": "ALVARO OBREGON", "cveut": "10-199" }, "geometry": { "type": "Polygon", "coordinates": [ [ [ -99.20746, 19.39073 ], [ -99.20304, 19.39003 ], [ -99.20176, 19.38772 ], [ -99.21043, 19.38692 ], [ -99.20939, 19.38938 ], [ -99.21022, 19.38982 ], [ -99.20746, 19.39073 ] ] ] } },
{ "type": "Feature", "properties": { "colonia": "CUADRANTE DE SAN FRANCISCO", "alcaldia": "COYOACAN", "cveut": "03-035" }, "geometry": { "type": "Polygon", "coordinates": [ [ [ -99.16141, 19.34442 ], [ -99.16219, 19.34146 ], [ -99.16118, 19.34156 ], [ -99.16087, 19.33905 ], [ -99.16272, 19.34062 ], [ -99.16644, 19.34069 ], [ -99.16723, 19.34193 ], [ -99.16639, 19.345 ], [ -99.16141, 19.34442 ] ] ] } },
{ "type": "Feature", "properties": { "colonia": "CAMINO A SAN JUAN DE ARAGON (PBLO)", "alcaldia": "GUSTAVO A. MADERO", "cveut": "05-016" }, "geometry": { "type": "Polygon", "coordinates": [ [ [ -99.08619, 19.46522 ], [ -99.09146, 19.46612 ], [ -99.0903, 19.47095 ], [ -99.08615, 19.46933 ], [ -99.08662, 19.4681 ], [ -99.08541, 19.46773 ], [ -99.08619, 19.46522 ] ] ] } },
{ "type": "Feature", "properties": { "colonia": "LOS PADRES", "alcaldia": "LA MAGDALENA CONTRERAS", "cveut": "08-033" }, "geometry": { "type": "Polygon", "coordinates": [ [ [ -99.25153, 19.31852 ], [ -99.24748, 19.31908 ], [ -99.24823, 19.32051 ], [ -99.25047, 19.32082 ], [ -99.25046, 19.32272 ], [ -99.24719, 19.3225 ], [ -99.24641, 19.32326 ], [ -99.24522, 19.3194 ], [ -99.24803, 19.31737 ], [ -99.25327, 19.3165 ], [ -99.25153, 19.31852 ] ] ] } },
{ "type": "Feature", "properties": { "colonia": "CAPULTITLAN", "alcaldia": "GUSTAVO A. MADERO", "cveut": "05-018" }, "geometry": { "type": "Polygon", "coordinates": [ [ [ -99.13551, 19.48088 ], [ -99.13085, 19.47975 ], [ -99.12961, 19.48127 ], [ -99.12968, 19.48001 ], [ -99.13338, 19.47553 ], [ -99.13673, 19.47613 ], [ -99.13551, 19.48088 ] ] ] } },
{ "type": "Feature", "properties": { "colonia": "JARDIN AZPEITIA", "alcaldia": "AZCAPOTZALCO", "cveut": "02-038" }, "geometry": { "type": "Polygon", "coordinates": [ [ [ -99.17384, 19.47148 ], [ -99.17229, 19.46966 ], [ -99.17621, 19.46851 ], [ -99.17501, 19.4788 ], [ -99.17363, 19.47849 ], [ -99.17418, 19.47524 ], [ -99.17059, 19.47475 ], [ -99.17074, 19.474 ], [ -99.17326, 19.47413 ], [ -99.17384, 19.47148 ] ] ] } },
{ "type": "Feature", "properties": { "colonia": "NIÑO JESUS (BARR)", "alcaldia": "TLALPAN", "cveut": "12-108" }, "geometry": { "type": "Polygon", "coordinates": [ [ [ -99.16393, 19.2853 ], [ -99.16208, 19.29017 ], [ -99.15693, 19.28663 ], [ -99.16081, 19.28403 ], [ -99.16393, 19.2853 ] ] ] } },
{ "type": "Feature", "properties": { "colonia": "MARTIRES DE RIO BLANCO", "alcaldia": "GUSTAVO A. MADERO", "cveut": "05-124" }, "geometry": { "type": "Polygon", "coordinates": [ [ [ -99.11542, 19.46306 ], [ -99.11081, 19.4616 ], [ -99.11187, 19.45731 ], [ -99.11657, 19.45833 ], [ -99.11542, 19.46306 ] ] ] } },
{ "type": "Feature", "properties": { "colonia": "VILLA PANAMERICANA 1ERA. SECCION (U HAB)", "alcaldia": "COYOACAN", "cveut": "03-115" }, "geometry": { "type": "Polygon", "coordinates": [ [ [ -99.17564, 19.30531 ], [ -99.17526, 19.30336 ], [ -99.17408, 19.30378 ], [ -99.17353, 19.30282 ], [ -99.1798, 19.30342 ], [ -99.18046, 19.30767 ], [ -99.17645, 19.30935 ], [ -99.17562, 19.30765 ], [ -99.17837, 19.30634 ], [ -99.17564, 19.30531 ] ] ] } },
{ "type": "Feature", "properties": { "colonia": "UN HOGAR PARA NOSOTROS", "alcaldia": "MIGUEL HIDALGO", "cveut": "16-082" }, "geometry": { "type": "Polygon", "coordinates": [ [ [ -99.17293, 19.45111 ], [ -99.16675, 19.4503 ], [ -99.16718, 19.44437 ], [ -99.16952, 19.44579 ], [ -99.17293, 19.45111 ] ] ] } },
{ "type": "Feature", "properties": { "colonia": "SANTA CRUZ DE LAS SALINAS", "alcaldia": "AZCAPOTZALCO", "cveut": "02-093" }, "geometry": { "type": "Polygon", "coordinates": [ [ [ -99.15183, 19.4889 ], [ -99.15048, 19.48529 ], [ -99.16064, 19.48753 ], [ -99.15671, 19.48938 ], [ -99.15183, 19.4889 ] ] ] } },
{ "type": "Feature", "properties": { "colonia": "REFORMA POLITICA I", "alcaldia": "IZTAPALAPA", "cveut": "07-287" }, "geometry": { "type": "Polygon", "coordinates": [ [ [ -99.02906, 19.34059 ], [ -99.02649, 19.34084 ], [ -99.02635, 19.33619 ], [ -99.02821, 19.33599 ], [ -99.02973, 19.33455 ], [ -99.03214, 19.335 ], [ -99.03098, 19.33847 ], [ -99.02946, 19.33832 ], [ -99.02906, 19.34059 ] ] ] } },
{ "type": "Feature", "properties": { "colonia": "AMPLIACION CANDELARIA", "alcaldia": "COYOACAN", "cveut": "03-006" }, "geometry": { "type": "Polygon", "coordinates": [ [ [ -99.15096, 19.32693 ], [ -99.15265, 19.32581 ], [ -99.15407, 19.32694 ], [ -99.15268, 19.32913 ], [ -99.14865, 19.33073 ], [ -99.14638, 19.32909 ], [ -99.14713, 19.32653 ], [ -99.15096, 19.32693 ] ] ] } },
{ "type": "Feature", "properties": { "colonia": "HACIENDA DE GUADALUPE CHIMALISTAC", "alcaldia": "ALVARO OBREGON", "cveut": "10-004" }, "geometry": { "type": "Polygon", "coordinates": [ [ [ -99.18663, 19.35039 ], [ -99.1799, 19.35164 ], [ -99.17748, 19.35197 ], [ -99.18011, 19.34951 ], [ -99.18087, 19.347 ], [ -99.18703, 19.34919 ], [ -99.18663, 19.35039 ] ] ] } },
{ "type": "Feature", "properties": { "colonia": "EXTREMADURA INSURGENTES", "alcaldia": "BENITO JUAREZ", "cveut": "14-014" }, "geometry": { "type": "Polygon", "coordinates": [ [ [ -99.17678, 19.38016 ], [ -99.17888, 19.37369 ], [ -99.18285, 19.37523 ], [ -99.18209, 19.37839 ], [ -99.17678, 19.38016 ] ] ] } },
{ "type": "Feature", "properties": { "colonia": "ARENAL", "alcaldia": "AZCAPOTZALCO", "cveut": "02-006" }, "geometry": { "type": "Polygon", "coordinates": [ [ [ -99.15187, 19.46803 ], [ -99.14971, 19.46602 ], [ -99.1482, 19.46348 ], [ -99.15502, 19.46356 ], [ -99.15415, 19.46833 ], [ -99.15187, 19.46803 ] ] ] } },
{ "type": "Feature", "properties": { "colonia": "SECCION XVI", "alcaldia": "TLALPAN", "cveut": "12-165" }, "geometry": { "type": "Polygon", "coordinates": [ [ [ -99.15537, 19.29514 ], [ -99.15379, 19.29309 ], [ -99.15412, 19.29207 ], [ -99.15979, 19.28899 ], [ -99.15963, 19.28829 ], [ -99.16208, 19.29017 ], [ -99.15537, 19.29514 ] ] ] } },
{ "type": "Feature", "properties": { "colonia": "AGUILAS PILARES", "alcaldia": "ALVARO OBREGON", "cveut": "10-006" }, "geometry": { "type": "Polygon", "coordinates": [ [ [ -99.20663, 19.35818 ], [ -99.19943, 19.35701 ], [ -99.19928, 19.35554 ], [ -99.20175, 19.35388 ], [ -99.20409, 19.355 ], [ -99.2069, 19.35444 ], [ -99.20663, 19.35818 ] ] ] } },
{ "type": "Feature", "properties": { "colonia": "ACULCO (PBLO)", "alcaldia": "IZTAPALAPA", "cveut": "07-001" }, "geometry": { "type": "Polygon", "coordinates": [ [ [ -99.10316, 19.3784 ], [ -99.10186, 19.37824 ], [ -99.10302, 19.37241 ], [ -99.10569, 19.37062 ], [ -99.10824, 19.37064 ], [ -99.10784, 19.37341 ], [ -99.10578, 19.3733 ], [ -99.10316, 19.3784 ] ] ] } },
{ "type": "Feature", "properties": { "colonia": "HERMOSILLO", "alcaldia": "COYOACAN", "cveut": "03-053" }, "geometry": { "type": "Polygon", "coordinates": [ [ [ -99.12741, 19.35083 ], [ -99.12649, 19.34869 ], [ -99.12687, 19.34433 ], [ -99.13015, 19.34477 ], [ -99.13008, 19.35151 ], [ -99.12741, 19.35083 ] ] ] } },
{ "type": "Feature", "properties": { "colonia": "OLIVAR DEL CONDE 1RA SECCION II", "alcaldia": "ALVARO OBREGON", "cveut": "10-253" }, "geometry": { "type": "Polygon", "coordinates": [ [ [ -99.2058, 19.37761 ], [ -99.20741, 19.37393 ], [ -99.20833, 19.3743 ], [ -99.20874, 19.37338 ], [ -99.20791, 19.37282 ], [ -99.21243, 19.3717 ], [ -99.21395, 19.37438 ], [ -99.2058, 19.37761 ] ] ] } },
{ "type": "Feature", "properties": { "colonia": "CHINAMPAC DE JUAREZ III", "alcaldia": "IZTAPALAPA", "cveut": "07-320" }, "geometry": { "type": "Polygon", "coordinates": [ [ [ -99.0592, 19.37648 ], [ -99.04831, 19.3728 ], [ -99.04833, 19.37244 ], [ -99.05126, 19.37254 ], [ -99.05182, 19.37121 ], [ -99.05852, 19.37379 ], [ -99.0592, 19.37648 ] ] ] } },
{ "type": "Feature", "properties": { "colonia": "GUADALUPE VICTORIA II", "alcaldia": "GUSTAVO A. MADERO", "cveut": "05-076" }, "geometry": { "type": "Polygon", "coordinates": [ [ [ -99.13692, 19.47119 ], [ -99.1396, 19.46912 ], [ -99.14201, 19.46932 ], [ -99.14183, 19.47235 ], [ -99.1459, 19.47322 ], [ -99.14651, 19.47474 ], [ -99.13794, 19.47274 ], [ -99.13692, 19.47119 ] ] ] } },
{ "type": "Feature", "properties": { "colonia": "SAN ANDRES (BARR)", "alcaldia": "AZCAPOTZALCO", "cveut": "02-071" }, "geometry": { "type": "Polygon", "coordinates": [ [ [ -99.18133, 19.49538 ], [ -99.1775, 19.49389 ], [ -99.17819, 19.48995 ], [ -99.18334, 19.49006 ], [ -99.18133, 19.49538 ] ] ] } },
{ "type": "Feature", "properties": { "colonia": "SAN BARTOLO EL CHICO", "alcaldia": "XOCHIMILCO", "cveut": "13-037" }, "geometry": { "type": "Polygon", "coordinates": [ [ [ -99.12506, 19.28267 ], [ -99.13156, 19.28291 ], [ -99.13559, 19.28118 ], [ -99.13772, 19.28114 ], [ -99.13894, 19.28223 ], [ -99.12445, 19.28537 ], [ -99.12506, 19.28267 ] ] ] } },
{ "type": "Feature", "properties": { "colonia": "TEPETLICA EL ALTO-3 DE MAYO", "alcaldia": "TLALPAN", "cveut": "12-170" }, "geometry": { "type": "Polygon", "coordinates": [ [ [ -99.14909, 19.23788 ], [ -99.14702, 19.23931 ], [ -99.14457, 19.23458 ], [ -99.147, 19.23389 ], [ -99.14705, 19.23203 ], [ -99.14557, 19.23168 ], [ -99.14583, 19.23061 ], [ -99.1498, 19.2315 ], [ -99.14795, 19.23609 ], [ -99.14909, 19.23788 ] ] ] } },
{ "type": "Feature", "properties": { "colonia": "ATLAMAYA", "alcaldia": "ALVARO OBREGON", "cveut": "10-021" }, "geometry": { "type": "Polygon", "coordinates": [ [ [ -99.20573, 19.34903 ], [ -99.20178, 19.35386 ], [ -99.19928, 19.35554 ], [ -99.20194, 19.34708 ], [ -99.20544, 19.34784 ], [ -99.2052, 19.34878 ], [ -99.20347, 19.34905 ], [ -99.20342, 19.34998 ], [ -99.20573, 19.34903 ] ] ] } },
{ "type": "Feature", "properties": { "colonia": "SAN LORENZO TLALTENANGO", "alcaldia": "MIGUEL HIDALGO", "cveut": "16-074" }, "geometry": { "type": "Polygon", "coordinates": [ [ [ -99.20658, 19.47137 ], [ -99.20866, 19.46496 ], [ -99.21095, 19.46514 ], [ -99.21236, 19.46225 ], [ -99.21356, 19.46291 ], [ -99.21148, 19.46793 ], [ -99.20658, 19.47137 ] ] ] } },
{ "type": "Feature", "properties": { "colonia": "SAN ANDRES (PBLO)", "alcaldia": "AZCAPOTZALCO", "cveut": "02-072" }, "geometry": { "type": "Polygon", "coordinates": [ [ [ -99.18476, 19.49666 ], [ -99.18133, 19.49538 ], [ -99.18334, 19.49006 ], [ -99.18631, 19.49088 ], [ -99.18655, 19.49258 ], [ -99.18476, 19.49666 ] ] ] } },
{ "type": "Feature", "properties": { "colonia": "LOMAS ALTAS DE PADIERNA SUR", "alcaldia": "TLALPAN", "cveut": "12-079" }, "geometry": { "type": "Polygon", "coordinates": [ [ [ -99.22337, 19.27373 ], [ -99.22448, 19.27041 ], [ -99.22888, 19.27155 ], [ -99.22894, 19.27564 ], [ -99.22674, 19.27571 ], [ -99.22337, 19.27373 ] ] ] } },
{ "type": "Feature", "properties": { "colonia": "2 DE OCTUBRE", "alcaldia": "TLALPAN", "cveut": "12-205" }, "geometry": { "type": "Polygon", "coordinates": [ [ [ -99.23344, 19.27256 ], [ -99.23386, 19.27435 ], [ -99.22894, 19.27564 ], [ -99.22888, 19.26694 ], [ -99.23071, 19.26863 ], [ -99.2317, 19.27304 ], [ -99.23344, 19.27256 ] ] ] } },
{ "type": "Feature", "properties": { "colonia": "25 DE JULIO", "alcaldia": "GUSTAVO A. MADERO", "cveut": "05-208" }, "geometry": { "type": "Polygon", "coordinates": [ [ [ -99.08111, 19.4993 ], [ -99.07772, 19.49712 ], [ -99.08087, 19.49274 ], [ -99.08422, 19.49488 ], [ -99.08111, 19.4993 ] ] ] } },
{ "type": "Feature", "properties": { "colonia": "SAN JOSE DE LOS CEDROS I", "alcaldia": "CUAJIMALPA DE MORELOS", "cveut": "04-058" }, "geometry": { "type": "Polygon", "coordinates": [ [ [ -99.29265, 19.36847 ], [ -99.29106, 19.37006 ], [ -99.28721, 19.36965 ], [ -99.28717, 19.3684 ], [ -99.28837, 19.36761 ], [ -99.28735, 19.36468 ], [ -99.28969, 19.36594 ], [ -99.29283, 19.36492 ], [ -99.29265, 19.36847 ] ] ] } },
{ "type": "Feature", "properties": { "colonia": "LA PRIMAVERA", "alcaldia": "TLALPAN", "cveut": "12-076" }, "geometry": { "type": "Polygon", "coordinates": [ [ [ -99.20564, 19.26978 ], [ -99.20357, 19.27002 ], [ -99.1983, 19.26699 ], [ -99.20114, 19.2666 ], [ -99.20459, 19.26385 ], [ -99.20628, 19.2654 ], [ -99.2045, 19.26623 ], [ -99.20564, 19.26978 ] ] ] } },
{ "type": "Feature", "properties": { "colonia": "ALIANZA POPULAR REVOLUCIONARIA ORIENTE (U HAB)", "alcaldia": "COYOACAN", "cveut": "03-148" }, "geometry": { "type": "Polygon", "coordinates": [ [ [ -99.11892, 19.31653 ], [ -99.11454, 19.31611 ], [ -99.11488, 19.3119 ], [ -99.11998, 19.31176 ], [ -99.11892, 19.31653 ] ] ] } },
{ "type": "Feature", "properties": { "colonia": "TLACOYAQUE (AMPL)", "alcaldia": "ALVARO OBREGON", "cveut": "10-220" }, "geometry": { "type": "Polygon", "coordinates": [ [ [ -99.26565, 19.32113 ], [ -99.27052, 19.31912 ], [ -99.27226, 19.32125 ], [ -99.2686, 19.32499 ], [ -99.26558, 19.3223 ], [ -99.26565, 19.32113 ] ] ] } },
{ "type": "Feature", "properties": { "colonia": "TEZONTITLA - EL CALVARIO (AMPL)", "alcaldia": "TLALPAN", "cveut": "12-174" }, "geometry": { "type": "Polygon", "coordinates": [ [ [ -99.14783, 19.21145 ], [ -99.14459, 19.20737 ], [ -99.1445, 19.205 ], [ -99.14657, 19.20491 ], [ -99.15043, 19.2078 ], [ -99.14783, 19.21145 ] ] ] } },
{ "type": "Feature", "properties": { "colonia": "EL ROSARIO A (U HAB)", "alcaldia": "AZCAPOTZALCO", "cveut": "02-023" }, "geometry": { "type": "Polygon", "coordinates": [ [ [ -99.20843, 19.50834 ], [ -99.21091, 19.50972 ], [ -99.20908, 19.51258 ], [ -99.20582, 19.51453 ], [ -99.20538, 19.5087 ], [ -99.20843, 19.50834 ] ] ] } },
{ "type": "Feature", "properties": { "colonia": "SANTA BARBARA (BARR) II", "alcaldia": "IZTAPALAPA", "cveut": "07-316" }, "geometry": { "type": "Polygon", "coordinates": [ [ [ -99.09832, 19.36587 ], [ -99.10002, 19.36295 ], [ -99.10444, 19.36421 ], [ -99.10264, 19.36896 ], [ -99.09987, 19.3682 ], [ -99.10035, 19.36644 ], [ -99.09832, 19.36587 ] ] ] } },
{ "type": "Feature", "properties": { "colonia": "DEL NIÑO JESUS (BARR)", "alcaldia": "COYOACAN", "cveut": "03-038" }, "geometry": { "type": "Polygon", "coordinates": [ [ [ -99.16002, 19.33846 ], [ -99.1591, 19.34007 ], [ -99.16219, 19.34146 ], [ -99.16141, 19.34442 ], [ -99.15667, 19.34384 ], [ -99.15843, 19.33727 ], [ -99.16002, 19.33846 ] ] ] } },
{ "type": "Feature", "properties": { "colonia": "PEDREGAL DE STO DOMINGO V", "alcaldia": "COYOACAN", "cveut": "03-143" }, "geometry": { "type": "Polygon", "coordinates": [ [ [ -99.16996, 19.32811 ], [ -99.16838, 19.32765 ], [ -99.16892, 19.32639 ], [ -99.16677, 19.32516 ], [ -99.16553, 19.32813 ], [ -99.16403, 19.32849 ], [ -99.16431, 19.32577 ], [ -99.16339, 19.32548 ], [ -99.16348, 19.32399 ], [ -99.16445, 19.32433 ], [ -99.16517, 19.32268 ], [ -99.17095, 19.32543 ], [ -99.16996, 19.32811 ] ] ] } },
{ "type": "Feature", "properties": { "colonia": "DEFENSORES DE LA REPUBLICA", "alcaldia": "GUSTAVO A. MADERO", "cveut": "05-037" }, "geometry": { "type": "Polygon", "coordinates": [ [ [ -99.14669, 19.47742 ], [ -99.13973, 19.47569 ], [ -99.13945, 19.47653 ], [ -99.13794, 19.47274 ], [ -99.14651, 19.47474 ], [ -99.14669, 19.47742 ] ] ] } },
{ "type": "Feature", "properties": { "colonia": "ZAPOTLA (BARR)", "alcaldia": "IZTACALCO", "cveut": "06-039" }, "geometry": { "type": "Polygon", "coordinates": [ [ [ -99.12004, 19.39533 ], [ -99.11834, 19.39523 ], [ -99.11876, 19.39259 ], [ -99.12127, 19.39366 ], [ -99.12175, 19.39246 ], [ -99.12272, 19.39254 ], [ -99.12389, 19.39805 ], [ -99.11964, 19.39813 ], [ -99.12004, 19.39533 ] ] ] } },
{ "type": "Feature", "properties": { "colonia": "SAN FRANCISCO TETECALA (PBLO)", "alcaldia": "AZCAPOTZALCO", "cveut": "02-077" }, "geometry": { "type": "Polygon", "coordinates": [ [ [ -99.18897, 19.47769 ], [ -99.19448, 19.4788 ], [ -99.19273, 19.48322 ], [ -99.18862, 19.48138 ], [ -99.18897, 19.47769 ] ] ] } },
{ "type": "Feature", "properties": { "colonia": "OLIVAR DEL CONDE 1RA SECCION I", "alcaldia": "ALVARO OBREGON", "cveut": "10-252" }, "geometry": { "type": "Polygon", "coordinates": [ [ [ -99.2058, 19.37761 ], [ -99.20285, 19.37694 ], [ -99.20141, 19.37779 ], [ -99.20223, 19.37588 ], [ -99.20133, 19.37727 ], [ -99.20079, 19.37661 ], [ -99.20235, 19.37561 ], [ -99.20348, 19.37297 ], [ -99.20791, 19.37282 ], [ -99.20874, 19.37338 ], [ -99.20833, 19.3743 ], [ -99.20741, 19.37393 ], [ -99.2058, 19.37761 ] ] ] } },
{ "type": "Feature", "properties": { "colonia": "PEDREGAL DE STO DOMINGO IX", "alcaldia": "COYOACAN", "cveut": "03-147" }, "geometry": { "type": "Polygon", "coordinates": [ [ [ -99.17394, 19.3327 ], [ -99.1688, 19.33162 ], [ -99.17115, 19.32623 ], [ -99.17323, 19.32686 ], [ -99.17394, 19.3327 ] ] ] } },
{ "type": "Feature", "properties": { "colonia": "TLACAELEL", "alcaldia": "GUSTAVO A. MADERO", "cveut": "05-182" }, "geometry": { "type": "Polygon", "coordinates": [ [ [ -99.14665, 19.55967 ], [ -99.1429, 19.5615 ], [ -99.14321, 19.5586 ], [ -99.14112, 19.5566 ], [ -99.14289, 19.55449 ], [ -99.14703, 19.55674 ], [ -99.14586, 19.55759 ], [ -99.14665, 19.55967 ] ] ] } },
{ "type": "Feature", "properties": { "colonia": "GABRIEL RAMOS MILLAN", "alcaldia": "IZTACALCO", "cveut": "06-010" }, "geometry": { "type": "Polygon", "coordinates": [ [ [ -99.09982, 19.39641 ], [ -99.10049, 19.3898 ], [ -99.10341, 19.3892 ], [ -99.10287, 19.39668 ], [ -99.09982, 19.39641 ] ] ] } },
{ "type": "Feature", "properties": { "colonia": "ANGEL ZIMBRON", "alcaldia": "AZCAPOTZALCO", "cveut": "02-005" }, "geometry": { "type": "Polygon", "coordinates": [ [ [ -99.19044, 19.47144 ], [ -99.18734, 19.47106 ], [ -99.188, 19.46381 ], [ -99.19077, 19.46467 ], [ -99.19044, 19.47144 ] ] ] } },
{ "type": "Feature", "properties": { "colonia": "TABLAS DE SAN AGUSTIN", "alcaldia": "GUSTAVO A. MADERO", "cveut": "05-179" }, "geometry": { "type": "Polygon", "coordinates": [ [ [ -99.11497, 19.46691 ], [ -99.11171, 19.46574 ], [ -99.11104, 19.46657 ], [ -99.11145, 19.46564 ], [ -99.10827, 19.46452 ], [ -99.10905, 19.46262 ], [ -99.11219, 19.46373 ], [ -99.11277, 19.46221 ], [ -99.11622, 19.46331 ], [ -99.11497, 19.46691 ] ] ] } },
{ "type": "Feature", "properties": { "colonia": "POSTAL", "alcaldia": "BENITO JUAREZ", "cveut": "14-039" }, "geometry": { "type": "Polygon", "coordinates": [ [ [ -99.14642, 19.39256 ], [ -99.13828, 19.3918 ], [ -99.1388, 19.3883 ], [ -99.14237, 19.38878 ], [ -99.14212, 19.39026 ], [ -99.14664, 19.39081 ], [ -99.14642, 19.39256 ] ] ] } },
{ "type": "Feature", "properties": { "colonia": "LOS GIRASOLES I", "alcaldia": "COYOACAN", "cveut": "03-073" }, "geometry": { "type": "Polygon", "coordinates": [ [ [ -99.11921, 19.30668 ], [ -99.11891, 19.30491 ], [ -99.11728, 19.30477 ], [ -99.11748, 19.30146 ], [ -99.12285, 19.30332 ], [ -99.12262, 19.307 ], [ -99.11921, 19.30668 ] ] ] } },
{ "type": "Feature", "properties": { "colonia": "LA CRUZ", "alcaldia": "IZTACALCO", "cveut": "06-017" }, "geometry": { "type": "Polygon", "coordinates": [ [ [ -99.11699, 19.40125 ], [ -99.12043, 19.4053 ], [ -99.11351, 19.40553 ], [ -99.1138, 19.40161 ], [ -99.11699, 19.40125 ] ] ] } },
{ "type": "Feature", "properties": { "colonia": "TORRES TOREO", "alcaldia": "MIGUEL HIDALGO", "cveut": "16-027" }, "geometry": { "type": "Polygon", "coordinates": [ [ [ -99.21513, 19.45662 ], [ -99.2139, 19.46044 ], [ -99.21266, 19.46243 ], [ -99.2102, 19.45865 ], [ -99.20995, 19.45565 ], [ -99.21513, 19.45662 ] ] ] } },
{ "type": "Feature", "properties": { "colonia": "EL PRADO", "alcaldia": "IZTAPALAPA", "cveut": "07-056" }, "geometry": { "type": "Polygon", "coordinates": [ [ [ -99.13922, 19.35954 ], [ -99.13215, 19.35879 ], [ -99.13098, 19.35868 ], [ -99.1337, 19.35629 ], [ -99.14021, 19.35664 ], [ -99.13922, 19.35954 ] ] ] } },
{ "type": "Feature", "properties": { "colonia": "PRADO COAPA 2A SECCION", "alcaldia": "TLALPAN", "cveut": "12-130" }, "geometry": { "type": "Polygon", "coordinates": [ [ [ -99.13147, 19.30189 ], [ -99.13155, 19.29511 ], [ -99.13459, 19.29655 ], [ -99.13497, 19.30243 ], [ -99.13147, 19.30189 ] ] ] } },
{ "type": "Feature", "properties": { "colonia": "LA MALINCHE", "alcaldia": "GUSTAVO A. MADERO", "cveut": "05-105" }, "geometry": { "type": "Polygon", "coordinates": [ [ [ -99.10855, 19.45277 ], [ -99.10769, 19.45495 ], [ -99.10062, 19.45331 ], [ -99.10179, 19.45019 ], [ -99.10855, 19.45277 ] ] ] } },
{ "type": "Feature", "properties": { "colonia": "EL RODEO", "alcaldia": "IZTACALCO", "cveut": "06-008" }, "geometry": { "type": "Polygon", "coordinates": [ [ [ -99.08341, 19.39906 ], [ -99.0846, 19.38943 ], [ -99.08872, 19.39077 ], [ -99.08668, 19.39388 ], [ -99.08341, 19.39906 ] ] ] } },
{ "type": "Feature", "properties": { "colonia": "LOMAS DE BECERRA", "alcaldia": "ALVARO OBREGON", "cveut": "10-124" }, "geometry": { "type": "Polygon", "coordinates": [ [ [ -99.21394, 19.3857 ], [ -99.21329, 19.38347 ], [ -99.21452, 19.38277 ], [ -99.22164, 19.38452 ], [ -99.22058, 19.38673 ], [ -99.21394, 19.3857 ] ] ] } },
{ "type": "Feature", "properties": { "colonia": "LA CRUZ", "alcaldia": "LA MAGDALENA CONTRERAS", "cveut": "08-022" }, "geometry": { "type": "Polygon", "coordinates": [ [ [ -99.23663, 19.30497 ], [ -99.23555, 19.30619 ], [ -99.23718, 19.30869 ], [ -99.23676, 19.31054 ], [ -99.23559, 19.31114 ], [ -99.23499, 19.30999 ], [ -99.23313, 19.31081 ], [ -99.23316, 19.31005 ], [ -99.23041, 19.31002 ], [ -99.23398, 19.30603 ], [ -99.23663, 19.30497 ] ] ] } },
{ "type": "Feature", "properties": { "colonia": "EUZKADI", "alcaldia": "AZCAPOTZALCO", "cveut": "02-026" }, "geometry": { "type": "Polygon", "coordinates": [ [ [ -99.15874, 19.47502 ], [ -99.16557, 19.47766 ], [ -99.15746, 19.48049 ], [ -99.15874, 19.47502 ] ] ] } },
{ "type": "Feature", "properties": { "colonia": "PRESIDENTES 2DA (AMPL)", "alcaldia": "ALVARO OBREGON", "cveut": "10-179" }, "geometry": { "type": "Polygon", "coordinates": [ [ [ -99.22679, 19.37165 ], [ -99.23055, 19.37183 ], [ -99.22957, 19.37327 ], [ -99.22966, 19.3754 ], [ -99.22589, 19.37847 ], [ -99.22527, 19.37753 ], [ -99.2264, 19.37589 ], [ -99.22541, 19.37278 ], [ -99.22679, 19.37165 ] ] ] } },
{ "type": "Feature", "properties": { "colonia": "SANTA CATARINA (PBLO)", "alcaldia": "AZCAPOTZALCO", "cveut": "02-091" }, "geometry": { "type": "Polygon", "coordinates": [ [ [ -99.1775, 19.49389 ], [ -99.17326, 19.49269 ], [ -99.17288, 19.49626 ], [ -99.17089, 19.49115 ], [ -99.17819, 19.48995 ], [ -99.1775, 19.49389 ] ] ] } },
{ "type": "Feature", "properties": { "colonia": "LA PALMA", "alcaldia": "TLALPAN", "cveut": "12-075" }, "geometry": { "type": "Polygon", "coordinates": [ [ [ -99.15916, 19.25296 ], [ -99.15584, 19.25192 ], [ -99.15563, 19.2475 ], [ -99.15444, 19.24711 ], [ -99.15482, 19.24572 ], [ -99.15949, 19.2474 ], [ -99.15854, 19.2506 ], [ -99.15916, 19.25296 ] ] ] } },
{ "type": "Feature", "properties": { "colonia": "LOMAS DE SANTA CRUZ MEYEHUALCO", "alcaldia": "IZTAPALAPA", "cveut": "07-124" }, "geometry": { "type": "Polygon", "coordinates": [ [ [ -99.0366, 19.33564 ], [ -99.03303, 19.33479 ], [ -99.03384, 19.33134 ], [ -99.03637, 19.32603 ], [ -99.03773, 19.32593 ], [ -99.03622, 19.33014 ], [ -99.03695, 19.33095 ], [ -99.03531, 19.33197 ], [ -99.03492, 19.33337 ], [ -99.03736, 19.33337 ], [ -99.0366, 19.33564 ] ] ] } },
{ "type": "Feature", "properties": { "colonia": "SAN NICOLAS TOLENTINO I", "alcaldia": "IZTAPALAPA", "cveut": "07-198" }, "geometry": { "type": "Polygon", "coordinates": [ [ [ -99.07277, 19.32583 ], [ -99.07521, 19.32726 ], [ -99.07505, 19.32991 ], [ -99.06782, 19.32863 ], [ -99.06986, 19.32605 ], [ -99.07277, 19.32583 ] ] ] } },
{ "type": "Feature", "properties": { "colonia": "SANTA MARIA TOMATLAN (PBLO)", "alcaldia": "IZTAPALAPA", "cveut": "07-214" }, "geometry": { "type": "Polygon", "coordinates": [ [ [ -99.10316, 19.32748 ], [ -99.09888, 19.32512 ], [ -99.09803, 19.3226 ], [ -99.09878, 19.32049 ], [ -99.10384, 19.32467 ], [ -99.10316, 19.32748 ] ] ] } },
{ "type": "Feature", "properties": { "colonia": "LOS VOLCANES", "alcaldia": "TLALPAN", "cveut": "12-089" }, "geometry": { "type": "Polygon", "coordinates": [ [ [ -99.17481, 19.27027 ], [ -99.17371, 19.27175 ], [ -99.16976, 19.27168 ], [ -99.17456, 19.26702 ], [ -99.17526, 19.26728 ], [ -99.17504, 19.26871 ], [ -99.17635, 19.26945 ], [ -99.18182, 19.27045 ], [ -99.18154, 19.27146 ], [ -99.17481, 19.27027 ] ] ] } },
{ "type": "Feature", "properties": { "colonia": "GRANJAS COAPA ORIENTE", "alcaldia": "TLALPAN", "cveut": "12-051" }, "geometry": { "type": "Polygon", "coordinates": [ [ [ -99.10947, 19.29961 ], [ -99.10698, 19.29958 ], [ -99.10582, 19.29343 ], [ -99.11037, 19.29429 ], [ -99.10947, 19.29961 ] ] ] } },
{ "type": "Feature", "properties": { "colonia": "CARMEN SERDAN", "alcaldia": "COYOACAN", "cveut": "03-017" }, "geometry": { "type": "Polygon", "coordinates": [ [ [ -99.11286, 19.32077 ], [ -99.10546, 19.32203 ], [ -99.1067, 19.31634 ], [ -99.10788, 19.31725 ], [ -99.11286, 19.32077 ] ] ] } },
{ "type": "Feature", "properties": { "colonia": "COAPA-VILLA CUEMANCO", "alcaldia": "TLALPAN", "cveut": "12-093" }, "geometry": { "type": "Polygon", "coordinates": [ [ [ -99.11257, 19.29403 ], [ -99.11322, 19.29637 ], [ -99.11013, 19.29579 ], [ -99.11037, 19.29429 ], [ -99.10563, 19.29319 ], [ -99.11293, 19.29027 ], [ -99.11257, 19.29403 ] ] ] } },
{ "type": "Feature", "properties": { "colonia": "CULTURA MAYA", "alcaldia": "TLALPAN", "cveut": "12-032" }, "geometry": { "type": "Polygon", "coordinates": [ [ [ -99.22574, 19.27871 ], [ -99.22135, 19.27797 ], [ -99.22045, 19.27271 ], [ -99.2254, 19.27499 ], [ -99.22574, 19.27871 ] ] ] } },
{ "type": "Feature", "properties": { "colonia": "PERIODISTA", "alcaldia": "MIGUEL HIDALGO", "cveut": "16-063" }, "geometry": { "type": "Polygon", "coordinates": [ [ [ -99.21997, 19.45286 ], [ -99.21866, 19.45306 ], [ -99.21686, 19.44981 ], [ -99.21809, 19.4442 ], [ -99.22014, 19.44605 ], [ -99.21997, 19.45286 ] ] ] } },
{ "type": "Feature", "properties": { "colonia": "CAZULCO (BARR)", "alcaldia": "LA MAGDALENA CONTRERAS", "cveut": "08-004" }, "geometry": { "type": "Polygon", "coordinates": [ [ [ -99.25283, 19.29616 ], [ -99.25178, 19.29633 ], [ -99.2545, 19.29481 ], [ -99.25921, 19.28917 ], [ -99.26099, 19.28861 ], [ -99.26023, 19.28998 ], [ -99.26088, 19.29025 ], [ -99.25764, 19.2948 ], [ -99.25305, 19.29695 ], [ -99.25283, 19.29616 ] ] ] } },
{ "type": "Feature", "properties": { "colonia": "INSURGENTES", "alcaldia": "IZTAPALAPA", "cveut": "07-095" }, "geometry": { "type": "Polygon", "coordinates": [ [ [ -99.05561, 19.33359 ], [ -99.05182, 19.33275 ], [ -99.05105, 19.33115 ], [ -99.04947, 19.33057 ], [ -99.04972, 19.32979 ], [ -99.05173, 19.33017 ], [ -99.05223, 19.32853 ], [ -99.05534, 19.32988 ], [ -99.05696, 19.33149 ], [ -99.05561, 19.33359 ] ] ] } },
{ "type": "Feature", "properties": { "colonia": "EL ARENAL 1A SECCION", "alcaldia": "VENUSTIANO CARRANZA", "cveut": "17-018" }, "geometry": { "type": "Polygon", "coordinates": [ [ [ -99.067, 19.42407 ], [ -99.06411, 19.42839 ], [ -99.05872, 19.42262 ], [ -99.067, 19.42407 ] ] ] } },
{ "type": "Feature", "properties": { "colonia": "NONOALCO-TLATELOLCO (U HAB) I", "alcaldia": "CUAUHTEMOC", "cveut": "15-059" }, "geometry": { "type": "Polygon", "coordinates": [ [ [ -99.1489, 19.4572 ], [ -99.14493, 19.45625 ], [ -99.14582, 19.45242 ], [ -99.15186, 19.45403 ], [ -99.1489, 19.4572 ] ] ] } },
{ "type": "Feature", "properties": { "colonia": "CANTERA PUENTE DE PIEDRA", "alcaldia": "TLALPAN", "cveut": "12-018" }, "geometry": { "type": "Polygon", "coordinates": [ [ [ -99.16602, 19.30179 ], [ -99.15935, 19.30005 ], [ -99.1617, 19.29991 ], [ -99.16154, 19.29852 ], [ -99.16317, 19.29864 ], [ -99.1641, 19.29604 ], [ -99.16743, 19.29711 ], [ -99.16609, 19.2994 ], [ -99.16602, 19.30179 ] ] ] } },
{ "type": "Feature", "properties": { "colonia": "VISTA ALEGRE", "alcaldia": "CUAUHTEMOC", "cveut": "15-034" }, "geometry": { "type": "Polygon", "coordinates": [ [ [ -99.13578, 19.40811 ], [ -99.13497, 19.41322 ], [ -99.12784, 19.40895 ], [ -99.13578, 19.40811 ] ] ] } },
{ "type": "Feature", "properties": { "colonia": "ESTADO DE HIDALGO", "alcaldia": "ALVARO OBREGON", "cveut": "10-071" }, "geometry": { "type": "Polygon", "coordinates": [ [ [ -99.20806, 19.39747 ], [ -99.21012, 19.39822 ], [ -99.21052, 19.40042 ], [ -99.20241, 19.40149 ], [ -99.20219, 19.40005 ], [ -99.20806, 19.39747 ] ] ] } },
{ "type": "Feature", "properties": { "colonia": "CAMPESTRE COYOACAN (FRACC)", "alcaldia": "COYOACAN", "cveut": "03-013" }, "geometry": { "type": "Polygon", "coordinates": [ [ [ -99.11891, 19.30491 ], [ -99.11807, 19.31224 ], [ -99.11488, 19.3119 ], [ -99.11585, 19.30644 ], [ -99.11704, 19.30653 ], [ -99.11728, 19.30477 ], [ -99.11891, 19.30491 ] ] ] } },
{ "type": "Feature", "properties": { "colonia": "LOS MORALES (POLANCO)", "alcaldia": "MIGUEL HIDALGO", "cveut": "16-047" }, "geometry": { "type": "Polygon", "coordinates": [ [ [ -99.20743, 19.43529 ], [ -99.21242, 19.43579 ], [ -99.21397, 19.43882 ], [ -99.2061, 19.43845 ], [ -99.20743, 19.43529 ] ] ] } },
{ "type": "Feature", "properties": { "colonia": "PROVIDENCIA (AMPL)", "alcaldia": "GUSTAVO A. MADERO", "cveut": "05-143" }, "geometry": { "type": "Polygon", "coordinates": [ [ [ -99.06975, 19.4812 ], [ -99.06627, 19.48057 ], [ -99.07075, 19.47522 ], [ -99.07335, 19.47794 ], [ -99.06975, 19.4812 ] ] ] } },
{ "type": "Feature", "properties": { "colonia": "GENERAL FELIPE BERRIOZABAL", "alcaldia": "GUSTAVO A. MADERO", "cveut": "05-065" }, "geometry": { "type": "GeometryCollection", "geometries": [ { "type": "Polygon", "coordinates": [ [ [ -99.13171, 19.55493 ], [ -99.13004, 19.55803 ], [ -99.12669, 19.55641 ], [ -99.12519, 19.55449 ], [ -99.12671, 19.55233 ], [ -99.13171, 19.55493 ] ] ] }, { "type": "LineString", "coordinates": [ [ -99.12671, 19.55233 ], [ -99.12673, 19.55231 ] ] } ] } },
{ "type": "Feature", "properties": { "colonia": "EL TORO", "alcaldia": "LA MAGDALENA CONTRERAS", "cveut": "08-012" }, "geometry": { "type": "Polygon", "coordinates": [ [ [ -99.24683, 19.30916 ], [ -99.24775, 19.31003 ], [ -99.24896, 19.30948 ], [ -99.24837, 19.31367 ], [ -99.24621, 19.31474 ], [ -99.24634, 19.3132 ], [ -99.24446, 19.31418 ], [ -99.24276, 19.31218 ], [ -99.24683, 19.30916 ] ] ] } },
{ "type": "Feature", "properties": { "colonia": "VILLA DE ARAGON (FRACC)", "alcaldia": "GUSTAVO A. MADERO", "cveut": "05-198" }, "geometry": { "type": "Polygon", "coordinates": [ [ [ -99.05827, 19.46406 ], [ -99.06361, 19.47038 ], [ -99.06083, 19.47272 ], [ -99.05757, 19.4654 ], [ -99.05827, 19.46406 ] ] ] } },
{ "type": "Feature", "properties": { "colonia": "VALLE DE MADERO", "alcaldia": "GUSTAVO A. MADERO", "cveut": "05-192" }, "geometry": { "type": "Polygon", "coordinates": [ [ [ -99.14236, 19.54949 ], [ -99.13825, 19.55354 ], [ -99.13653, 19.55275 ], [ -99.13747, 19.54723 ], [ -99.14236, 19.54949 ] ] ] } },
{ "type": "Feature", "properties": { "colonia": "LOS ANGELES APANOAYA", "alcaldia": "IZTAPALAPA", "cveut": "07-131" }, "geometry": { "type": "Polygon", "coordinates": [ [ [ -99.06427, 19.33759 ], [ -99.06487, 19.3391 ], [ -99.0618, 19.34293 ], [ -99.05984, 19.34414 ], [ -99.05823, 19.3434 ], [ -99.05748, 19.3406 ], [ -99.06395, 19.33926 ], [ -99.06427, 19.33759 ] ] ] } },
{ "type": "Feature", "properties": { "colonia": "SAN CRISTOBAL (BARR)", "alcaldia": "XOCHIMILCO", "cveut": "13-038" }, "geometry": { "type": "GeometryCollection", "geometries": [ { "type": "Polygon", "coordinates": [ [ [ -99.10108, 19.26228 ], [ -99.09827, 19.26168 ], [ -99.09517, 19.25992 ], [ -99.09492, 19.25839 ], [ -99.09573, 19.25751 ], [ -99.09666, 19.25844 ], [ -99.09679, 19.25744 ], [ -99.09864, 19.25747 ], [ -99.10042, 19.25856 ], [ -99.09976, 19.26004 ], [ -99.10125, 19.26011 ], [ -99.10108, 19.26228 ] ] ] }, { "type": "LineString", "coordinates": [ [ -99.10139, 19.2602 ], [ -99.10146, 19.26024 ] ] } ] } },
{ "type": "Feature", "properties": { "colonia": "8A DE SAN MIGUEL (AMPL)", "alcaldia": "IZTAPALAPA", "cveut": "07-256" }, "geometry": { "type": "Polygon", "coordinates": [ [ [ -99.08568, 19.35608 ], [ -99.07486, 19.351 ], [ -99.0773, 19.3469 ], [ -99.08066, 19.35271 ], [ -99.08568, 19.35608 ] ] ] } },
{ "type": "Feature", "properties": { "colonia": "SAN ANDRES TOMATLAN (PBLO)", "alcaldia": "IZTAPALAPA", "cveut": "07-176" }, "geometry": { "type": "Polygon", "coordinates": [ [ [ -99.10853, 19.32978 ], [ -99.10551, 19.3311 ], [ -99.10451, 19.33003 ], [ -99.10214, 19.32991 ], [ -99.10384, 19.32467 ], [ -99.10853, 19.32978 ] ] ] } },
{ "type": "Feature", "properties": { "colonia": "LA ANGOSTURA", "alcaldia": "ALVARO OBREGON", "cveut": "10-094" }, "geometry": { "type": "Polygon", "coordinates": [ [ [ -99.23322, 19.33269 ], [ -99.23698, 19.33411 ], [ -99.23019, 19.33572 ], [ -99.23046, 19.33019 ], [ -99.23194, 19.32896 ], [ -99.23322, 19.33269 ] ] ] } },
{ "type": "Feature", "properties": { "colonia": "GUADALUPE PROLETARIA (AMPL)", "alcaldia": "GUSTAVO A. MADERO", "cveut": "05-073" }, "geometry": { "type": "Polygon", "coordinates": [ [ [ -99.14841, 19.52158 ], [ -99.14896, 19.51866 ], [ -99.15199, 19.52023 ], [ -99.15244, 19.52141 ], [ -99.15629, 19.52291 ], [ -99.15519, 19.52495 ], [ -99.14841, 19.52158 ] ] ] } },
{ "type": "Feature", "properties": { "colonia": "EMILIO CARRANZA", "alcaldia": "VENUSTIANO CARRANZA", "cveut": "17-025" }, "geometry": { "type": "Polygon", "coordinates": [ [ [ -99.12478, 19.452 ], [ -99.11794, 19.45048 ], [ -99.11865, 19.44527 ], [ -99.12252, 19.44919 ], [ -99.12478, 19.452 ] ] ] } },
{ "type": "Feature", "properties": { "colonia": "HACIENDAS DE COYOACAN (FRACC)", "alcaldia": "COYOACAN", "cveut": "03-052" }, "geometry": { "type": "Polygon", "coordinates": [ [ [ -99.11398, 19.30086 ], [ -99.11396, 19.3059 ], [ -99.11064, 19.30555 ], [ -99.11011, 19.29976 ], [ -99.11398, 19.30086 ] ] ] } },
{ "type": "Feature", "properties": { "colonia": "ATLANTIDA", "alcaldia": "COYOACAN", "cveut": "03-007" }, "geometry": { "type": "Polygon", "coordinates": [ [ [ -99.14333, 19.34045 ], [ -99.14713, 19.33709 ], [ -99.14878, 19.34277 ], [ -99.14401, 19.34284 ], [ -99.14333, 19.34045 ] ] ] } },
{ "type": "Feature", "properties": { "colonia": "15 DE AGOSTO", "alcaldia": "GUSTAVO A. MADERO", "cveut": "05-206" }, "geometry": { "type": "Polygon", "coordinates": [ [ [ -99.11349, 19.48512 ], [ -99.11184, 19.48465 ], [ -99.10317, 19.48683 ], [ -99.10626, 19.4825 ], [ -99.11341, 19.48415 ], [ -99.11349, 19.48512 ] ] ] } },
{ "type": "Feature", "properties": { "colonia": "EL ROSEDAL I", "alcaldia": "COYOACAN", "cveut": "03-046" }, "geometry": { "type": "Polygon", "coordinates": [ [ [ -99.14745, 19.33819 ], [ -99.14988, 19.3401 ], [ -99.15205, 19.33965 ], [ -99.15567, 19.3437 ], [ -99.14878, 19.34277 ], [ -99.14745, 19.33819 ] ] ] } },
{ "type": "Feature", "properties": { "colonia": "PRADOS DEL ROSARIO", "alcaldia": "AZCAPOTZALCO", "cveut": "02-063" }, "geometry": { "type": "Polygon", "coordinates": [ [ [ -99.2114, 19.50686 ], [ -99.20644, 19.50298 ], [ -99.20678, 19.50104 ], [ -99.206, 19.50054 ], [ -99.21228, 19.50241 ], [ -99.2114, 19.50686 ] ] ] } },
{ "type": "Feature", "properties": { "colonia": "LOMAS DE CAPULA", "alcaldia": "ALVARO OBREGON", "cveut": "10-127" }, "geometry": { "type": "Polygon", "coordinates": [ [ [ -99.21174, 19.38154 ], [ -99.21334, 19.38104 ], [ -99.21331, 19.37893 ], [ -99.21539, 19.37881 ], [ -99.21641, 19.37706 ], [ -99.21949, 19.37688 ], [ -99.21951, 19.37889 ], [ -99.21672, 19.37881 ], [ -99.21727, 19.38072 ], [ -99.21652, 19.38134 ], [ -99.21333, 19.38263 ], [ -99.21174, 19.38154 ] ] ] } },
{ "type": "Feature", "properties": { "colonia": "NARCISO MENDOZA VILLA COAPA SUPERMANZANA 8 (U HAB)", "alcaldia": "TLALPAN", "cveut": "12-217" }, "geometry": { "type": "Polygon", "coordinates": [ [ [ -99.12428, 19.29523 ], [ -99.12033, 19.29616 ], [ -99.12099, 19.29756 ], [ -99.11964, 19.29812 ], [ -99.11696, 19.29269 ], [ -99.12314, 19.29346 ], [ -99.12428, 19.29523 ] ] ] } },
{ "type": "Feature", "properties": { "colonia": "SANTA INES", "alcaldia": "XOCHIMILCO", "cveut": "13-063" }, "geometry": { "type": "Polygon", "coordinates": [ [ [ -99.11726, 19.2358 ], [ -99.1167, 19.23674 ], [ -99.11368, 19.23619 ], [ -99.11372, 19.23443 ], [ -99.11153, 19.23385 ], [ -99.11164, 19.23095 ], [ -99.1154, 19.23194 ], [ -99.11726, 19.2358 ] ] ] } },
{ "type": "Feature", "properties": { "colonia": "FIVIPORT (U HAB)", "alcaldia": "VENUSTIANO CARRANZA", "cveut": "17-028" }, "geometry": { "type": "Polygon", "coordinates": [ [ [ -99.05883, 19.42273 ], [ -99.06471, 19.42844 ], [ -99.06335, 19.43021 ], [ -99.05704, 19.42415 ], [ -99.05883, 19.42273 ] ] ] } },
{ "type": "Feature", "properties": { "colonia": "SANTA TERESA", "alcaldia": "LA MAGDALENA CONTRERAS", "cveut": "08-049" }, "geometry": { "type": "Polygon", "coordinates": [ [ [ -99.22513, 19.31224 ], [ -99.22468, 19.31097 ], [ -99.22364, 19.31115 ], [ -99.22416, 19.31283 ], [ -99.22299, 19.31331 ], [ -99.22299, 19.311 ], [ -99.22508, 19.31064 ], [ -99.22746, 19.3082 ], [ -99.22793, 19.30909 ], [ -99.22974, 19.30749 ], [ -99.23191, 19.3084 ], [ -99.23034, 19.311 ], [ -99.22765, 19.31071 ], [ -99.22662, 19.31223 ], [ -99.22513, 19.31224 ] ] ] } },
{ "type": "Feature", "properties": { "colonia": "LA MESA", "alcaldia": "TLAHUAC", "cveut": "11-018" }, "geometry": { "type": "Polygon", "coordinates": [ [ [ -98.96771, 19.31353 ], [ -98.96975, 19.31524 ], [ -98.96929, 19.31621 ], [ -98.97035, 19.31684 ], [ -98.96966, 19.31843 ], [ -98.96454, 19.31843 ], [ -98.9664, 19.31396 ], [ -98.96771, 19.31353 ] ] ] } },
{ "type": "Feature", "properties": { "colonia": "REAL DEL SUR-VILLAS DEL SUR-RESIDENCIAL ACOXPA", "alcaldia": "TLALPAN", "cveut": "12-137" }, "geometry": { "type": "Polygon", "coordinates": [ [ [ -99.12062, 19.30008 ], [ -99.12215, 19.29928 ], [ -99.12185, 19.29868 ], [ -99.12376, 19.29835 ], [ -99.1232, 19.29713 ], [ -99.12523, 19.29666 ], [ -99.12452, 19.30382 ], [ -99.12189, 19.30279 ], [ -99.12062, 19.30008 ] ] ] } },
{ "type": "Feature", "properties": { "colonia": "LAS PERITAS", "alcaldia": "XOCHIMILCO", "cveut": "13-044" }, "geometry": { "type": "Polygon", "coordinates": [ [ [ -99.12467, 19.27439 ], [ -99.12124, 19.27285 ], [ -99.12386, 19.27107 ], [ -99.12332, 19.26971 ], [ -99.12435, 19.26788 ], [ -99.12756, 19.26859 ], [ -99.12467, 19.27439 ] ] ] } },
{ "type": "Feature", "properties": { "colonia": "SINATEL", "alcaldia": "IZTAPALAPA", "cveut": "07-223" }, "geometry": { "type": "Polygon", "coordinates": [ [ [ -99.13366, 19.36452 ], [ -99.12947, 19.36206 ], [ -99.13121, 19.3587 ], [ -99.13462, 19.35905 ], [ -99.13366, 19.36452 ] ] ] } },
{ "type": "Feature", "properties": { "colonia": "BARROS SIERRA", "alcaldia": "LA MAGDALENA CONTRERAS", "cveut": "08-003" }, "geometry": { "type": "Polygon", "coordinates": [ [ [ -99.24522, 19.3194 ], [ -99.24334, 19.31614 ], [ -99.24621, 19.31474 ], [ -99.25282, 19.31649 ], [ -99.24803, 19.31737 ], [ -99.24522, 19.3194 ] ] ] } },
{ "type": "Feature", "properties": { "colonia": "12 DE DICIEMBRE", "alcaldia": "IZTAPALAPA", "cveut": "07-253" }, "geometry": { "type": "Polygon", "coordinates": [ [ [ -99.10107, 19.33234 ], [ -99.09732, 19.33066 ], [ -99.10044, 19.32626 ], [ -99.10311, 19.32746 ], [ -99.10107, 19.33234 ] ] ] } },
{ "type": "Feature", "properties": { "colonia": "PAULINO NAVARRO", "alcaldia": "CUAUHTEMOC", "cveut": "15-022" }, "geometry": { "type": "Polygon", "coordinates": [ [ [ -99.13497, 19.41322 ], [ -99.12787, 19.41347 ], [ -99.12671, 19.40894 ], [ -99.12784, 19.40895 ], [ -99.13497, 19.41322 ] ] ] } },
{ "type": "Feature", "properties": { "colonia": "EJIDOS SAN JUAN DE ARAGON 1A SECCION (U HAB)", "alcaldia": "GUSTAVO A. MADERO", "cveut": "05-043" }, "geometry": { "type": "Polygon", "coordinates": [ [ [ -99.09352, 19.47209 ], [ -99.09001, 19.4703 ], [ -99.09146, 19.46612 ], [ -99.09526, 19.46745 ], [ -99.09352, 19.47209 ] ] ] } },
{ "type": "Feature", "properties": { "colonia": "MORALES SECCION PALMAS (POLANCO)", "alcaldia": "MIGUEL HIDALGO", "cveut": "16-055" }, "geometry": { "type": "Polygon", "coordinates": [ [ [ -99.20732, 19.43556 ], [ -99.2061, 19.43845 ], [ -99.20099, 19.43824 ], [ -99.20161, 19.43452 ], [ -99.20732, 19.43556 ] ] ] } },
{ "type": "Feature", "properties": { "colonia": "ROMERO DE TERREROS", "alcaldia": "COYOACAN", "cveut": "03-098" }, "geometry": { "type": "Polygon", "coordinates": [ [ [ -99.17118, 19.34033 ], [ -99.17106, 19.34539 ], [ -99.16639, 19.345 ], [ -99.16723, 19.34193 ], [ -99.16644, 19.34069 ], [ -99.16907, 19.34128 ], [ -99.17118, 19.34033 ] ] ] } },
{ "type": "Feature", "properties": { "colonia": "SANTA INES", "alcaldia": "AZCAPOTZALCO", "cveut": "02-094" }, "geometry": { "type": "Polygon", "coordinates": [ [ [ -99.19352, 19.49297 ], [ -99.19129, 19.49863 ], [ -99.18963, 19.49824 ], [ -99.18937, 19.49179 ], [ -99.19352, 19.49297 ] ] ] } },
{ "type": "Feature", "properties": { "colonia": "SAN FRANCISCO", "alcaldia": "LA MAGDALENA CONTRERAS", "cveut": "08-043" }, "geometry": { "type": "Polygon", "coordinates": [ [ [ -99.22888, 19.31188 ], [ -99.23044, 19.31005 ], [ -99.23316, 19.31005 ], [ -99.23313, 19.31081 ], [ -99.23499, 19.30999 ], [ -99.2371, 19.31207 ], [ -99.23556, 19.31291 ], [ -99.23475, 19.31155 ], [ -99.22962, 19.3134 ], [ -99.23136, 19.31525 ], [ -99.22992, 19.31587 ], [ -99.22888, 19.31188 ] ] ] } },
{ "type": "Feature", "properties": { "colonia": "JAMAICA", "alcaldia": "VENUSTIANO CARRANZA", "cveut": "17-031" }, "geometry": { "type": "Polygon", "coordinates": [ [ [ -99.12568, 19.40435 ], [ -99.12671, 19.40894 ], [ -99.12187, 19.40919 ], [ -99.1223, 19.40497 ], [ -99.12568, 19.40435 ] ] ] } },
{ "type": "Feature", "properties": { "colonia": "SAN SEBASTIAN", "alcaldia": "AZCAPOTZALCO", "cveut": "02-088" }, "geometry": { "type": "Polygon", "coordinates": [ [ [ -99.18143, 19.48261 ], [ -99.17319, 19.48087 ], [ -99.17363, 19.47849 ], [ -99.17933, 19.47967 ], [ -99.17912, 19.48046 ], [ -99.18192, 19.48129 ], [ -99.18143, 19.48261 ] ] ] } },
{ "type": "Feature", "properties": { "colonia": "GRANJAS CABRERA", "alcaldia": "TLAHUAC", "cveut": "11-011" }, "geometry": { "type": "Polygon", "coordinates": [ [ [ -99.06317, 19.30265 ], [ -99.06027, 19.29783 ], [ -99.06141, 19.29724 ], [ -99.0615, 19.29407 ], [ -99.06479, 19.30163 ], [ -99.06339, 19.30571 ], [ -99.0626, 19.30545 ], [ -99.06317, 19.30265 ] ] ] } },
{ "type": "Feature", "properties": { "colonia": "NEXTENGO (BARR)", "alcaldia": "AZCAPOTZALCO", "cveut": "02-049" }, "geometry": { "type": "Polygon", "coordinates": [ [ [ -99.18976, 19.47807 ], [ -99.18716, 19.47699 ], [ -99.18734, 19.47106 ], [ -99.19044, 19.47144 ], [ -99.18976, 19.47807 ] ] ] } },
{ "type": "Feature", "properties": { "colonia": "TETENCO (PJE)", "alcaldia": "TLALPAN", "cveut": "12-172" }, "geometry": { "type": "Polygon", "coordinates": [ [ [ -99.18129, 19.26304 ], [ -99.18479, 19.26505 ], [ -99.17907, 19.26442 ], [ -99.17581, 19.26271 ], [ -99.17669, 19.26031 ], [ -99.17885, 19.26066 ], [ -99.17913, 19.26167 ], [ -99.18165, 19.26196 ], [ -99.18129, 19.26304 ] ] ] } },
{ "type": "Feature", "properties": { "colonia": "CUCHILLA RAMOS MILLAN", "alcaldia": "IZTACALCO", "cveut": "06-007" }, "geometry": { "type": "Polygon", "coordinates": [ [ [ -99.09348, 19.38917 ], [ -99.0905, 19.39021 ], [ -99.09005, 19.39141 ], [ -99.08858, 19.39073 ], [ -99.09287, 19.38402 ], [ -99.09499, 19.38448 ], [ -99.09412, 19.38688 ], [ -99.09305, 19.38678 ], [ -99.09348, 19.38917 ] ] ] } },
{ "type": "Feature", "properties": { "colonia": "VILLAS DE LOS TRABAJADORES (GDF) (U HAB)", "alcaldia": "TLAHUAC", "cveut": "11-053" }, "geometry": { "type": "Polygon", "coordinates": [ [ [ -99.05057, 19.28526 ], [ -99.05064, 19.27752 ], [ -99.05066, 19.2774 ], [ -99.05523, 19.27934 ], [ -99.05057, 19.28526 ] ] ] } },
{ "type": "Feature", "properties": { "colonia": "EMILIANO ZAPATA", "alcaldia": "GUSTAVO A. MADERO", "cveut": "05-052" }, "geometry": { "type": "Polygon", "coordinates": [ [ [ -99.11915, 19.46432 ], [ -99.11542, 19.46306 ], [ -99.11657, 19.45833 ], [ -99.12046, 19.46075 ], [ -99.11915, 19.46432 ] ] ] } },
{ "type": "Feature", "properties": { "colonia": "LA RAZA", "alcaldia": "AZCAPOTZALCO", "cveut": "02-041" }, "geometry": { "type": "Polygon", "coordinates": [ [ [ -99.1482, 19.46348 ], [ -99.15061, 19.46696 ], [ -99.14828, 19.46662 ], [ -99.14827, 19.46773 ], [ -99.14364, 19.46716 ], [ -99.14305, 19.46564 ], [ -99.1482, 19.46348 ] ] ] } },
{ "type": "Feature", "properties": { "colonia": "PALMITAS (POLANCO)", "alcaldia": "MIGUEL HIDALGO", "cveut": "16-059" }, "geometry": { "type": "Polygon", "coordinates": [ [ [ -99.20813, 19.43279 ], [ -99.202, 19.43212 ], [ -99.20326, 19.42788 ], [ -99.20858, 19.43134 ], [ -99.20813, 19.43279 ] ] ] } },
{ "type": "Feature", "properties": { "colonia": "CUCHILLA DE PADIERNA", "alcaldia": "TLALPAN", "cveut": "12-030" }, "geometry": { "type": "Polygon", "coordinates": [ [ [ -99.21788, 19.27574 ], [ -99.22045, 19.27271 ], [ -99.22136, 19.27816 ], [ -99.21757, 19.27738 ], [ -99.21702, 19.27822 ], [ -99.21439, 19.27711 ], [ -99.21679, 19.27483 ], [ -99.21788, 19.27574 ] ] ] } },
{ "type": "Feature", "properties": { "colonia": "VICENTE GUERRERO SUPER MANZANA 4 (U HAB)", "alcaldia": "IZTAPALAPA", "cveut": "07-245" }, "geometry": { "type": "Polygon", "coordinates": [ [ [ -99.05345, 19.36269 ], [ -99.04901, 19.36231 ], [ -99.04913, 19.35838 ], [ -99.05356, 19.35852 ], [ -99.05345, 19.36269 ] ] ] } },
{ "type": "Feature", "properties": { "colonia": "REFORMA PENSIL", "alcaldia": "MIGUEL HIDALGO", "cveut": "16-069" }, "geometry": { "type": "Polygon", "coordinates": [ [ [ -99.19402, 19.45192 ], [ -99.19051, 19.45105 ], [ -99.19146, 19.44663 ], [ -99.19543, 19.44716 ], [ -99.19402, 19.45192 ] ] ] } },
{ "type": "Feature", "properties": { "colonia": "LA CONCEPCION", "alcaldia": "LA MAGDALENA CONTRERAS", "cveut": "08-021" }, "geometry": { "type": "Polygon", "coordinates": [ [ [ -99.23693, 19.30184 ], [ -99.23778, 19.30458 ], [ -99.23685, 19.30505 ], [ -99.23245, 19.3057 ], [ -99.23307, 19.30402 ], [ -99.23492, 19.30403 ], [ -99.23452, 19.30298 ], [ -99.23254, 19.30334 ], [ -99.23302, 19.30182 ], [ -99.23227, 19.30144 ], [ -99.23324, 19.30079 ], [ -99.23252, 19.29987 ], [ -99.23693, 19.30184 ] ] ] } },
{ "type": "Feature", "properties": { "colonia": "BELVEDERE", "alcaldia": "TLALPAN", "cveut": "12-013" }, "geometry": { "type": "Polygon", "coordinates": [ [ [ -99.22553, 19.2682 ], [ -99.22521, 19.26642 ], [ -99.22803, 19.26595 ], [ -99.22888, 19.26694 ], [ -99.22888, 19.27155 ], [ -99.22448, 19.27041 ], [ -99.22553, 19.2682 ] ] ] } },
{ "type": "Feature", "properties": { "colonia": "GERTRUDIS SANCHEZ 1A SECCION", "alcaldia": "GUSTAVO A. MADERO", "cveut": "05-066" }, "geometry": { "type": "Polygon", "coordinates": [ [ [ -99.10514, 19.47214 ], [ -99.10133, 19.47022 ], [ -99.10289, 19.46649 ], [ -99.10681, 19.46803 ], [ -99.10514, 19.47214 ] ] ] } },
{ "type": "Feature", "properties": { "colonia": "SANTA MARIA NONOALCO", "alcaldia": "ALVARO OBREGON", "cveut": "10-203" }, "geometry": { "type": "Polygon", "coordinates": [ [ [ -99.19172, 19.38487 ], [ -99.19096, 19.38473 ], [ -99.19161, 19.37801 ], [ -99.19609, 19.37941 ], [ -99.19172, 19.38487 ] ] ] } },
{ "type": "Feature", "properties": { "colonia": "PROGRESO DEL SUR", "alcaldia": "IZTAPALAPA", "cveut": "07-165" }, "geometry": { "type": "Polygon", "coordinates": [ [ [ -99.11326, 19.35682 ], [ -99.11121, 19.35664 ], [ -99.11076, 19.34979 ], [ -99.11396, 19.35007 ], [ -99.11326, 19.35682 ] ] ] } },
{ "type": "Feature", "properties": { "colonia": "INSURGENTES SAN BORJA", "alcaldia": "BENITO JUAREZ", "cveut": "14-018" }, "geometry": { "type": "Polygon", "coordinates": [ [ [ -99.17485, 19.38612 ], [ -99.17162, 19.38609 ], [ -99.17288, 19.38147 ], [ -99.17678, 19.38016 ], [ -99.17485, 19.38612 ] ] ] } },
{ "type": "Feature", "properties": { "colonia": "CAFETALES I (RDCIAL)", "alcaldia": "COYOACAN", "cveut": "03-010" }, "geometry": { "type": "Polygon", "coordinates": [ [ [ -99.11084, 19.31081 ], [ -99.11047, 19.31403 ], [ -99.11141, 19.3157 ], [ -99.10693, 19.31526 ], [ -99.10757, 19.31004 ], [ -99.11084, 19.31081 ] ] ] } },
{ "type": "Feature", "properties": { "colonia": "PEDREGAL DE STA URSULA XITLA", "alcaldia": "TLALPAN", "cveut": "12-121" }, "geometry": { "type": "Polygon", "coordinates": [ [ [ -99.18182, 19.27302 ], [ -99.17823, 19.2742 ], [ -99.17812, 19.27509 ], [ -99.17716, 19.27471 ], [ -99.17683, 19.27694 ], [ -99.17436, 19.27623 ], [ -99.17538, 19.27342 ], [ -99.17865, 19.27253 ], [ -99.17906, 19.271 ], [ -99.18214, 19.27161 ], [ -99.18182, 19.27302 ] ] ] } },
{ "type": "Feature", "properties": { "colonia": "QUIAHUATLA", "alcaldia": "TLAHUAC", "cveut": "11-030" }, "geometry": { "type": "Polygon", "coordinates": [ [ [ -99.00663, 19.25893 ], [ -99.00527, 19.26259 ], [ -99.00408, 19.26307 ], [ -99.00095, 19.26168 ], [ -99.00327, 19.25788 ], [ -99.00663, 19.25893 ] ] ] } },
{ "type": "Feature", "properties": { "colonia": "EL TRIUNFO", "alcaldia": "IZTAPALAPA", "cveut": "07-064" }, "geometry": { "type": "Polygon", "coordinates": [ [ [ -99.12247, 19.38017 ], [ -99.11814, 19.37987 ], [ -99.11925, 19.37506 ], [ -99.12239, 19.37565 ], [ -99.12247, 19.38017 ] ] ] } },
{ "type": "Feature", "properties": { "colonia": "SANTA CECILIA I", "alcaldia": "COYOACAN", "cveut": "03-107" }, "geometry": { "type": "Polygon", "coordinates": [ [ [ -99.11548, 19.30638 ], [ -99.11488, 19.3119 ], [ -99.11142, 19.31094 ], [ -99.1124, 19.306 ], [ -99.11548, 19.30638 ] ] ] } },
{ "type": "Feature", "properties": { "colonia": "AMERICA", "alcaldia": "MIGUEL HIDALGO", "cveut": "16-003" }, "geometry": { "type": "Polygon", "coordinates": [ [ [ -99.20473, 19.4048 ], [ -99.20079, 19.40712 ], [ -99.20054, 19.402 ], [ -99.20456, 19.40126 ], [ -99.20473, 19.4048 ] ] ] } },
{ "type": "Feature", "properties": { "colonia": "ZONA ESCOLAR ORIENTE", "alcaldia": "GUSTAVO A. MADERO", "cveut": "05-205" }, "geometry": { "type": "Polygon", "coordinates": [ [ [ -99.14161, 19.53688 ], [ -99.14309, 19.53668 ], [ -99.14259, 19.53807 ], [ -99.14559, 19.53906 ], [ -99.14325, 19.54264 ], [ -99.14002, 19.54132 ], [ -99.14161, 19.53688 ] ] ] } },
{ "type": "Feature", "properties": { "colonia": "CUCHILLAS DEL MORAL (U HAB)", "alcaldia": "IZTAPALAPA", "cveut": "07-035" }, "geometry": { "type": "Polygon", "coordinates": [ [ [ -99.07483, 19.38788 ], [ -99.06677, 19.38373 ], [ -99.06678, 19.38352 ], [ -99.07209, 19.38442 ], [ -99.07608, 19.38311 ], [ -99.07483, 19.38788 ] ] ] } },
{ "type": "Feature", "properties": { "colonia": "SAN LORENZO TEZONCO (BARR)", "alcaldia": "IZTAPALAPA", "cveut": "07-190" }, "geometry": { "type": "Polygon", "coordinates": [ [ [ -99.06874, 19.30847 ], [ -99.06754, 19.30729 ], [ -99.06742, 19.30222 ], [ -99.06949, 19.30233 ], [ -99.07038, 19.29907 ], [ -99.07176, 19.2992 ], [ -99.06874, 19.30847 ] ] ] } },
{ "type": "Feature", "properties": { "colonia": "EMILIANO ZAPATA (U HAB)", "alcaldia": "COYOACAN", "cveut": "03-049" }, "geometry": { "type": "Polygon", "coordinates": [ [ [ -99.11369, 19.32067 ], [ -99.11288, 19.3209 ], [ -99.1067, 19.31634 ], [ -99.10693, 19.31526 ], [ -99.11141, 19.3157 ], [ -99.11369, 19.32067 ] ] ] } },
{ "type": "Feature", "properties": { "colonia": "SANTIAGO ATEPETLAC", "alcaldia": "GUSTAVO A. MADERO", "cveut": "05-172" }, "geometry": { "type": "Polygon", "coordinates": [ [ [ -99.16081, 19.52702 ], [ -99.15723, 19.5264 ], [ -99.15981, 19.52161 ], [ -99.16311, 19.52331 ], [ -99.16081, 19.52702 ] ] ] } },
{ "type": "Feature", "properties": { "colonia": "MIRADOR II", "alcaldia": "TLALPAN", "cveut": "12-101" }, "geometry": { "type": "Polygon", "coordinates": [ [ [ -99.22091, 19.27285 ], [ -99.22188, 19.27169 ], [ -99.22087, 19.27021 ], [ -99.22232, 19.26805 ], [ -99.22484, 19.26676 ], [ -99.22594, 19.26731 ], [ -99.22292, 19.27349 ], [ -99.22091, 19.27285 ] ] ] } },
{ "type": "Feature", "properties": { "colonia": "DANIEL GARZA", "alcaldia": "MIGUEL HIDALGO", "cveut": "16-024" }, "geometry": { "type": "Polygon", "coordinates": [ [ [ -99.19789, 19.40871 ], [ -99.19819, 19.40527 ], [ -99.19715, 19.40576 ], [ -99.19675, 19.40319 ], [ -99.20054, 19.402 ], [ -99.20079, 19.40712 ], [ -99.19789, 19.40871 ] ] ] } },
{ "type": "Feature", "properties": { "colonia": "EL CENTINELA", "alcaldia": "COYOACAN", "cveut": "03-042" }, "geometry": { "type": "Polygon", "coordinates": [ [ [ -99.14239, 19.33742 ], [ -99.13981, 19.33802 ], [ -99.13797, 19.33724 ], [ -99.13712, 19.33654 ], [ -99.13709, 19.33357 ], [ -99.14139, 19.33422 ], [ -99.14239, 19.33742 ] ] ] } },
{ "type": "Feature", "properties": { "colonia": "LAS TINAJAS", "alcaldia": "CUAJIMALPA DE MORELOS", "cveut": "04-028" }, "geometry": { "type": "Polygon", "coordinates": [ [ [ -99.28445, 19.35216 ], [ -99.28275, 19.35086 ], [ -99.28637, 19.35059 ], [ -99.28863, 19.35246 ], [ -99.28564, 19.35368 ], [ -99.28634, 19.35492 ], [ -99.28542, 19.35608 ], [ -99.28384, 19.35612 ], [ -99.2829, 19.35427 ], [ -99.28445, 19.35216 ] ] ] } },
{ "type": "Feature", "properties": { "colonia": "EL RODEO", "alcaldia": "IZTAPALAPA", "cveut": "07-058" }, "geometry": { "type": "Polygon", "coordinates": [ [ [ -99.07409, 19.33164 ], [ -99.07374, 19.3335 ], [ -99.07486, 19.3337 ], [ -99.07477, 19.33551 ], [ -99.06945, 19.33465 ], [ -99.07015, 19.33097 ], [ -99.07409, 19.33164 ] ] ] } },
{ "type": "Feature", "properties": { "colonia": "CACAMA", "alcaldia": "IZTAPALAPA", "cveut": "07-020" }, "geometry": { "type": "Polygon", "coordinates": [ [ [ -99.12994, 19.36025 ], [ -99.12589, 19.35926 ], [ -99.12476, 19.35958 ], [ -99.12441, 19.36098 ], [ -99.12227, 19.36054 ], [ -99.12205, 19.36179 ], [ -99.12167, 19.3576 ], [ -99.13121, 19.3587 ], [ -99.12994, 19.36025 ] ] ] } },
{ "type": "Feature", "properties": { "colonia": "LA ASUNCION (BARR)", "alcaldia": "IZTAPALAPA", "cveut": "07-104" }, "geometry": { "type": "Polygon", "coordinates": [ [ [ -99.09005, 19.36148 ], [ -99.09408, 19.36127 ], [ -99.09368, 19.36458 ], [ -99.09191, 19.36697 ], [ -99.09002, 19.36695 ], [ -99.09118, 19.36362 ], [ -99.0895, 19.36293 ], [ -99.09005, 19.36148 ] ] ] } },
{ "type": "Feature", "properties": { "colonia": "INDUSTRIAL PUERTO AEREO (FRACC)", "alcaldia": "VENUSTIANO CARRANZA", "cveut": "17-030" }, "geometry": { "type": "Polygon", "coordinates": [ [ [ -99.09444, 19.42357 ], [ -99.09061, 19.42333 ], [ -99.09385, 19.41799 ], [ -99.09642, 19.42011 ], [ -99.09444, 19.42357 ] ] ] } },
{ "type": "Feature", "properties": { "colonia": "CTM X CULHUACAN (U HAB)", "alcaldia": "COYOACAN", "cveut": "03-034" }, "geometry": { "type": "Polygon", "coordinates": [ [ [ -99.1124, 19.306 ], [ -99.11142, 19.31094 ], [ -99.10843, 19.31025 ], [ -99.10882, 19.30553 ], [ -99.10816, 19.30496 ], [ -99.1124, 19.306 ] ] ] } },
{ "type": "Feature", "properties": { "colonia": "CASA BLANCA", "alcaldia": "IZTAPALAPA", "cveut": "07-025" }, "geometry": { "type": "Polygon", "coordinates": [ [ [ -99.06652, 19.33032 ], [ -99.07015, 19.33097 ], [ -99.06945, 19.33465 ], [ -99.06657, 19.33414 ], [ -99.0669, 19.3324 ], [ -99.06584, 19.33221 ], [ -99.06552, 19.33396 ], [ -99.06432, 19.33371 ], [ -99.06439, 19.33233 ], [ -99.06758, 19.32846 ], [ -99.06652, 19.33032 ] ] ] } },
{ "type": "Feature", "properties": { "colonia": "NARCISO BASSOLS (U HAB)", "alcaldia": "GUSTAVO A. MADERO", "cveut": "05-127" }, "geometry": { "type": "Polygon", "coordinates": [ [ [ -99.0538, 19.45556 ], [ -99.0587, 19.45373 ], [ -99.05996, 19.45676 ], [ -99.05512, 19.45859 ], [ -99.0538, 19.45556 ] ] ] } },
{ "type": "Feature", "properties": { "colonia": "LA JOYA", "alcaldia": "ALVARO OBREGON", "cveut": "10-103" }, "geometry": { "type": "Polygon", "coordinates": [ [ [ -99.21329, 19.38347 ], [ -99.21394, 19.3857 ], [ -99.20545, 19.38587 ], [ -99.20537, 19.38312 ], [ -99.20778, 19.38407 ], [ -99.21329, 19.38347 ] ] ] } },
{ "type": "Feature", "properties": { "colonia": "VICTORIA DE LAS DEMOCRACIAS", "alcaldia": "AZCAPOTZALCO", "cveut": "02-108" }, "geometry": { "type": "Polygon", "coordinates": [ [ [ -99.16607, 19.4716 ], [ -99.16355, 19.47241 ], [ -99.16239, 19.46949 ], [ -99.16393, 19.46872 ], [ -99.16163, 19.4648 ], [ -99.16245, 19.46412 ], [ -99.1663, 19.46948 ], [ -99.16607, 19.4716 ] ] ] } },
{ "type": "Feature", "properties": { "colonia": "20 DE NOVIEMBRE (AMPL)", "alcaldia": "VENUSTIANO CARRANZA", "cveut": "17-067" }, "geometry": { "type": "Polygon", "coordinates": [ [ [ -99.11576, 19.44626 ], [ -99.11198, 19.44541 ], [ -99.11388, 19.44009 ], [ -99.1173, 19.44375 ], [ -99.11624, 19.44429 ], [ -99.11576, 19.44626 ] ] ] } },
{ "type": "Feature", "properties": { "colonia": "CRISTO REY", "alcaldia": "XOCHIMILCO", "cveut": "13-009" }, "geometry": { "type": "Polygon", "coordinates": [ [ [ -99.01728, 19.2527 ], [ -99.01199, 19.25186 ], [ -99.01284, 19.24889 ], [ -99.01701, 19.24889 ], [ -99.01822, 19.25029 ], [ -99.01637, 19.2522 ], [ -99.01728, 19.2527 ] ] ] } },
{ "type": "Feature", "properties": { "colonia": "LA NORIA TEPEPAN", "alcaldia": "XOCHIMILCO", "cveut": "13-023" }, "geometry": { "type": "Polygon", "coordinates": [ [ [ -99.12658, 19.26648 ], [ -99.13245, 19.26683 ], [ -99.13117, 19.27173 ], [ -99.12756, 19.26859 ], [ -99.12658, 19.26648 ] ] ] } },
{ "type": "Feature", "properties": { "colonia": "PARAJE 38", "alcaldia": "TLALPAN", "cveut": "12-113" }, "geometry": { "type": "Polygon", "coordinates": [ [ [ -99.21347, 19.26856 ], [ -99.20866, 19.26728 ], [ -99.20459, 19.26385 ], [ -99.20799, 19.26248 ], [ -99.2106, 19.26642 ], [ -99.21347, 19.26856 ] ] ] } },
{ "type": "Feature", "properties": { "colonia": "SAN JUAN JOYA (PJE)", "alcaldia": "IZTAPALAPA", "cveut": "07-186" }, "geometry": { "type": "Polygon", "coordinates": [ [ [ -99.06336, 19.33357 ], [ -99.06784, 19.33559 ], [ -99.06798, 19.33681 ], [ -99.06708, 19.33643 ], [ -99.06829, 19.33901 ], [ -99.06454, 19.33845 ], [ -99.06363, 19.33571 ], [ -99.06246, 19.33545 ], [ -99.06336, 19.33357 ] ] ] } },
{ "type": "Feature", "properties": { "colonia": "MIXCOATL", "alcaldia": "IZTAPALAPA", "cveut": "07-144" }, "geometry": { "type": "Polygon", "coordinates": [ [ [ -99.04768, 19.32214 ], [ -99.0512, 19.32575 ], [ -99.04971, 19.32732 ], [ -99.04457, 19.32544 ], [ -99.04768, 19.32214 ] ] ] } },
{ "type": "Feature", "properties": { "colonia": "EL MOLINO", "alcaldia": "CUAJIMALPA DE MORELOS", "cveut": "04-017" }, "geometry": { "type": "Polygon", "coordinates": [ [ [ -99.28234, 19.36892 ], [ -99.27952, 19.36752 ], [ -99.28068, 19.36435 ], [ -99.2869, 19.3627 ], [ -99.28357, 19.36548 ], [ -99.28234, 19.36892 ] ] ] } },
{ "type": "Feature", "properties": { "colonia": "LA CONCEPCION TLACOAPA (BARR)", "alcaldia": "XOCHIMILCO", "cveut": "13-020" }, "geometry": { "type": "Polygon", "coordinates": [ [ [ -99.10527, 19.26714 ], [ -99.10738, 19.26766 ], [ -99.10395, 19.27281 ], [ -99.10273, 19.27246 ], [ -99.10381, 19.26552 ], [ -99.10504, 19.26577 ], [ -99.10527, 19.26714 ] ] ] } },
{ "type": "Feature", "properties": { "colonia": "LA PRECIOSA", "alcaldia": "AZCAPOTZALCO", "cveut": "02-040" }, "geometry": { "type": "Polygon", "coordinates": [ [ [ -99.19487, 19.48988 ], [ -99.19172, 19.48713 ], [ -99.19256, 19.48396 ], [ -99.19667, 19.4853 ], [ -99.19487, 19.48988 ] ] ] } },
{ "type": "Feature", "properties": { "colonia": "LOMAS DE LOS ANGELES TETELPAN", "alcaldia": "ALVARO OBREGON", "cveut": "10-134" }, "geometry": { "type": "Polygon", "coordinates": [ [ [ -99.21001, 19.34501 ], [ -99.20989, 19.34369 ], [ -99.21161, 19.34272 ], [ -99.21865, 19.34129 ], [ -99.21947, 19.34275 ], [ -99.21354, 19.34359 ], [ -99.21409, 19.34444 ], [ -99.21259, 19.34544 ], [ -99.21001, 19.34501 ] ] ] } },
{ "type": "Feature", "properties": { "colonia": "PURISIMA I", "alcaldia": "IZTAPALAPA", "cveut": "07-168" }, "geometry": { "type": "Polygon", "coordinates": [ [ [ -99.05191, 19.36528 ], [ -99.05196, 19.36383 ], [ -99.04966, 19.3635 ], [ -99.04976, 19.36239 ], [ -99.05745, 19.36312 ], [ -99.05605, 19.36609 ], [ -99.05191, 19.36528 ] ] ] } },
{ "type": "Feature", "properties": { "colonia": "EL TRIUNFO (AMPL)", "alcaldia": "IZTAPALAPA", "cveut": "07-065" }, "geometry": { "type": "Polygon", "coordinates": [ [ [ -99.11349, 19.3784 ], [ -99.11407, 19.37404 ], [ -99.11925, 19.37506 ], [ -99.11845, 19.37862 ], [ -99.11479, 19.37715 ], [ -99.1138, 19.37718 ], [ -99.11349, 19.3784 ] ] ] } },
{ "type": "Feature", "properties": { "colonia": "PLAN DE AYALA", "alcaldia": "TLALPAN", "cveut": "12-125" }, "geometry": { "type": "Polygon", "coordinates": [ [ [ -99.15259, 19.23659 ], [ -99.15071, 19.23742 ], [ -99.14879, 19.2427 ], [ -99.14702, 19.23931 ], [ -99.14909, 19.23788 ], [ -99.14812, 19.23645 ], [ -99.14923, 19.23408 ], [ -99.15042, 19.23422 ], [ -99.15089, 19.23656 ], [ -99.15259, 19.23659 ] ] ] } },
{ "type": "Feature", "properties": { "colonia": "PENSIL SAN JUANICO", "alcaldia": "MIGUEL HIDALGO", "cveut": "16-061" }, "geometry": { "type": "Polygon", "coordinates": [ [ [ -99.19341, 19.45369 ], [ -99.18556, 19.45195 ], [ -99.18548, 19.44979 ], [ -99.19402, 19.45192 ], [ -99.19341, 19.45369 ] ] ] } },
{ "type": "Feature", "properties": { "colonia": "TIERRA NUEVA", "alcaldia": "XOCHIMILCO", "cveut": "13-071" }, "geometry": { "type": "Polygon", "coordinates": [ [ [ -99.11854, 19.26433 ], [ -99.12406, 19.26715 ], [ -99.12664, 19.2684 ], [ -99.11526, 19.26602 ], [ -99.11443, 19.26453 ], [ -99.11854, 19.26433 ] ] ] } },
{ "type": "Feature", "properties": { "colonia": "PRESIDENTE MADERO (U HAB)", "alcaldia": "AZCAPOTZALCO", "cveut": "02-064" }, "geometry": { "type": "Polygon", "coordinates": [ [ [ -99.20223, 19.49905 ], [ -99.19913, 19.49579 ], [ -99.20022, 19.49323 ], [ -99.20428, 19.49431 ], [ -99.20223, 19.49905 ] ] ] } },
{ "type": "Feature", "properties": { "colonia": "DEL BOSQUE", "alcaldia": "GUSTAVO A. MADERO", "cveut": "05-038" }, "geometry": { "type": "Polygon", "coordinates": [ [ [ -99.14323, 19.54778 ], [ -99.14089, 19.54669 ], [ -99.142, 19.5459 ], [ -99.14212, 19.54416 ], [ -99.14024, 19.54479 ], [ -99.14194, 19.54211 ], [ -99.14621, 19.5439 ], [ -99.14323, 19.54778 ] ] ] } },
{ "type": "Feature", "properties": { "colonia": "LA PLANTA", "alcaldia": "IZTAPALAPA", "cveut": "07-113" }, "geometry": { "type": "Polygon", "coordinates": [ [ [ -99.06467, 19.29194 ], [ -99.06698, 19.29381 ], [ -99.06284, 19.29762 ], [ -99.06161, 19.29259 ], [ -99.06467, 19.29194 ] ] ] } },
{ "type": "Feature", "properties": { "colonia": "SAN JUANICO NEXTIPAC (PBLO)", "alcaldia": "IZTAPALAPA", "cveut": "07-188" }, "geometry": { "type": "Polygon", "coordinates": [ [ [ -99.11686, 19.37262 ], [ -99.12266, 19.37337 ], [ -99.1227, 19.3757 ], [ -99.11155, 19.37353 ], [ -99.11502, 19.37368 ], [ -99.11525, 19.37277 ], [ -99.11686, 19.37262 ] ] ] } },
{ "type": "Feature", "properties": { "colonia": "POLVORILLA (AMPL)", "alcaldia": "IZTAPALAPA", "cveut": "07-115" }, "geometry": { "type": "Polygon", "coordinates": [ [ [ -99.04457, 19.31608 ], [ -99.04689, 19.31535 ], [ -99.04787, 19.31805 ], [ -99.04475, 19.31932 ], [ -99.04153, 19.31639 ], [ -99.04366, 19.31443 ], [ -99.04457, 19.31608 ] ] ] } },
{ "type": "Feature", "properties": { "colonia": "SANTIAGO NORTE (BARR)", "alcaldia": "IZTACALCO", "cveut": "06-034" }, "geometry": { "type": "Polygon", "coordinates": [ [ [ -99.12691, 19.39435 ], [ -99.12314, 19.39412 ], [ -99.12208, 19.39022 ], [ -99.12699, 19.39068 ], [ -99.12691, 19.39435 ] ] ] } },
{ "type": "Feature", "properties": { "colonia": "VALLE GOMEZ", "alcaldia": "CUAUHTEMOC", "cveut": "15-033" }, "geometry": { "type": "Polygon", "coordinates": [ [ [ -99.12368, 19.45648 ], [ -99.12766, 19.45767 ], [ -99.12625, 19.4613 ], [ -99.12214, 19.45995 ], [ -99.12368, 19.45648 ] ] ] } },
{ "type": "Feature", "properties": { "colonia": "PRADOS DE COYOACAN 1", "alcaldia": "COYOACAN", "cveut": "03-095" }, "geometry": { "type": "Polygon", "coordinates": [ [ [ -99.13268, 19.32029 ], [ -99.12802, 19.31725 ], [ -99.1298, 19.31464 ], [ -99.13347, 19.31671 ], [ -99.13268, 19.32029 ] ] ] } },
{ "type": "Feature", "properties": { "colonia": "ISSSFAM No. 1 (U HAB)-VILLA TLALPAN", "alcaldia": "TLALPAN", "cveut": "12-062" }, "geometry": { "type": "Polygon", "coordinates": [ [ [ -99.16533, 19.27687 ], [ -99.16293, 19.28146 ], [ -99.16077, 19.28089 ], [ -99.16231, 19.27866 ], [ -99.15966, 19.27753 ], [ -99.16067, 19.27575 ], [ -99.16166, 19.27497 ], [ -99.16258, 19.27635 ], [ -99.16346, 19.27614 ], [ -99.16289, 19.27751 ], [ -99.16533, 19.27687 ] ] ] } },
{ "type": "Feature", "properties": { "colonia": "AERONAUTICA MILITAR", "alcaldia": "VENUSTIANO CARRANZA", "cveut": "17-003" }, "geometry": { "type": "Polygon", "coordinates": [ [ [ -99.1162, 19.42502 ], [ -99.1142, 19.42476 ], [ -99.11536, 19.41674 ], [ -99.1173, 19.41682 ], [ -99.1162, 19.42502 ] ] ] } },
{ "type": "Feature", "properties": { "colonia": "CUITLAHUAC 3 Y 4 (U HAB)", "alcaldia": "AZCAPOTZALCO", "cveut": "02-014" }, "geometry": { "type": "Polygon", "coordinates": [ [ [ -99.17229, 19.46966 ], [ -99.17384, 19.47148 ], [ -99.17326, 19.47413 ], [ -99.16884, 19.47355 ], [ -99.16953, 19.47052 ], [ -99.17229, 19.46966 ] ] ] } },
{ "type": "Feature", "properties": { "colonia": "VALLE DEL TEPEYAC", "alcaldia": "GUSTAVO A. MADERO", "cveut": "05-193" }, "geometry": { "type": "Polygon", "coordinates": [ [ [ -99.13949, 19.48602 ], [ -99.13656, 19.48531 ], [ -99.14343, 19.48673 ], [ -99.14481, 19.49024 ], [ -99.13892, 19.48905 ], [ -99.13949, 19.48602 ] ] ] } },
{ "type": "Feature", "properties": { "colonia": "MOLINO DE SANTO DOMINGO", "alcaldia": "ALVARO OBREGON", "cveut": "10-159" }, "geometry": { "type": "Polygon", "coordinates": [ [ [ -99.2078, 19.39633 ], [ -99.20383, 19.3948 ], [ -99.2105, 19.39162 ], [ -99.21104, 19.39302 ], [ -99.20948, 19.39548 ], [ -99.2078, 19.39633 ] ] ] } },
{ "type": "Feature", "properties": { "colonia": "10 DE MAYO", "alcaldia": "VENUSTIANO CARRANZA", "cveut": "17-065" }, "geometry": { "type": "Polygon", "coordinates": [ [ [ -99.12108, 19.43521 ], [ -99.11502, 19.43438 ], [ -99.11531, 19.43179 ], [ -99.12109, 19.43244 ], [ -99.12108, 19.43521 ] ] ] } },
{ "type": "Feature", "properties": { "colonia": "DOLORES TLALI", "alcaldia": "TLALPAN", "cveut": "12-034" }, "geometry": { "type": "Polygon", "coordinates": [ [ [ -99.14419, 19.24436 ], [ -99.1439, 19.23973 ], [ -99.14611, 19.23933 ], [ -99.14751, 19.24025 ], [ -99.14834, 19.24303 ], [ -99.14419, 19.24436 ] ] ] } },
{ "type": "Feature", "properties": { "colonia": "LOMAS DE LOS CEDROS", "alcaldia": "ALVARO OBREGON", "cveut": "10-135" }, "geometry": { "type": "Polygon", "coordinates": [ [ [ -99.25996, 19.32425 ], [ -99.25813, 19.32645 ], [ -99.25828, 19.32766 ], [ -99.25665, 19.32808 ], [ -99.25416, 19.32698 ], [ -99.25894, 19.32197 ], [ -99.25996, 19.32425 ] ] ] } },
{ "type": "Feature", "properties": { "colonia": "ROSAS DEL TEPEYAC", "alcaldia": "GUSTAVO A. MADERO", "cveut": "05-148" }, "geometry": { "type": "Polygon", "coordinates": [ [ [ -99.11468, 19.49281 ], [ -99.11195, 19.49254 ], [ -99.11298, 19.4897 ], [ -99.11477, 19.48809 ], [ -99.11717, 19.4889 ], [ -99.11627, 19.49184 ], [ -99.11468, 19.49281 ] ] ] } },
{ "type": "Feature", "properties": { "colonia": "CENTRO V", "alcaldia": "CUAUHTEMOC", "cveut": "15-041" }, "geometry": { "type": "Polygon", "coordinates": [ [ [ -99.14164, 19.42905 ], [ -99.13587, 19.42856 ], [ -99.13597, 19.42779 ], [ -99.13281, 19.42742 ], [ -99.13294, 19.42656 ], [ -99.14134, 19.42671 ], [ -99.142, 19.42691 ], [ -99.14164, 19.42905 ] ] ] } },
{ "type": "Feature", "properties": { "colonia": "DEL MAR NORTE", "alcaldia": "TLAHUAC", "cveut": "11-003" }, "geometry": { "type": "Polygon", "coordinates": [ [ [ -99.05549, 19.29757 ], [ -99.05526, 19.2919 ], [ -99.05651, 19.29034 ], [ -99.05951, 19.2926 ], [ -99.05549, 19.29757 ] ] ] } },
{ "type": "Feature", "properties": { "colonia": "LA GUADALUPANA", "alcaldia": "TLALPAN", "cveut": "12-071" }, "geometry": { "type": "Polygon", "coordinates": [ [ [ -99.14825, 19.19439 ], [ -99.1504, 19.19416 ], [ -99.15058, 19.19337 ], [ -99.14858, 19.19368 ], [ -99.15058, 19.19248 ], [ -99.15184, 19.19414 ], [ -99.15464, 19.1941 ], [ -99.14868, 19.19775 ], [ -99.14707, 19.19628 ], [ -99.14825, 19.19439 ] ] ] } },
{ "type": "Feature", "properties": { "colonia": "VICENTE GUERRERO SUPER MANZANA 7 (U HAB)", "alcaldia": "IZTAPALAPA", "cveut": "07-248" }, "geometry": { "type": "Polygon", "coordinates": [ [ [ -99.06046, 19.36005 ], [ -99.05822, 19.35977 ], [ -99.05977, 19.353 ], [ -99.06204, 19.3535 ], [ -99.06046, 19.36005 ] ] ] } },
{ "type": "Feature", "properties": { "colonia": "HOGAR Y REDENCION", "alcaldia": "ALVARO OBREGON", "cveut": "10-086" }, "geometry": { "type": "Polygon", "coordinates": [ [ [ -99.21191, 19.3719 ], [ -99.21137, 19.3677 ], [ -99.21353, 19.36682 ], [ -99.21403, 19.36794 ], [ -99.2166, 19.36773 ], [ -99.21663, 19.36685 ], [ -99.21705, 19.36813 ], [ -99.21509, 19.36923 ], [ -99.21533, 19.37065 ], [ -99.21191, 19.3719 ] ] ] } },
{ "type": "Feature", "properties": { "colonia": "GARCIMARRERO", "alcaldia": "ALVARO OBREGON", "cveut": "10-076" }, "geometry": { "type": "Polygon", "coordinates": [ [ [ -99.24009, 19.3661 ], [ -99.23714, 19.36749 ], [ -99.23573, 19.36663 ], [ -99.23446, 19.36419 ], [ -99.23608, 19.3628 ], [ -99.23732, 19.36292 ], [ -99.23772, 19.36454 ], [ -99.23976, 19.36421 ], [ -99.24009, 19.3661 ] ] ] } },
{ "type": "Feature", "properties": { "colonia": "VICENTE GUERRERO SUPER MANZANA 1 (U HAB)", "alcaldia": "IZTAPALAPA", "cveut": "07-242" }, "geometry": { "type": "Polygon", "coordinates": [ [ [ -99.06671, 19.36427 ], [ -99.06109, 19.3635 ], [ -99.06186, 19.36012 ], [ -99.06431, 19.3604 ], [ -99.06696, 19.36357 ], [ -99.06671, 19.36427 ] ] ] } },
{ "type": "Feature", "properties": { "colonia": "MORALES SECCION ALAMEDA (POLANCO)", "alcaldia": "MIGUEL HIDALGO", "cveut": "16-054" }, "geometry": { "type": "Polygon", "coordinates": [ [ [ -99.202, 19.43212 ], [ -99.20821, 19.43282 ], [ -99.20708, 19.43551 ], [ -99.20161, 19.43452 ], [ -99.202, 19.43212 ] ] ] } },
{ "type": "Feature", "properties": { "colonia": "LA POLVORILLA", "alcaldia": "IZTAPALAPA", "cveut": "07-114" }, "geometry": { "type": "Polygon", "coordinates": [ [ [ -99.04809, 19.3184 ], [ -99.04943, 19.32073 ], [ -99.05149, 19.32603 ], [ -99.04475, 19.31932 ], [ -99.04809, 19.3184 ] ] ] } },
{ "type": "Feature", "properties": { "colonia": "ACUEDUCTO", "alcaldia": "ALVARO OBREGON", "cveut": "10-002" }, "geometry": { "type": "Polygon", "coordinates": [ [ [ -99.2059, 19.39581 ], [ -99.20958, 19.39756 ], [ -99.20767, 19.39756 ], [ -99.20219, 19.40005 ], [ -99.20198, 19.39921 ], [ -99.19964, 19.39995 ], [ -99.19926, 19.39886 ], [ -99.20452, 19.39742 ], [ -99.20379, 19.39641 ], [ -99.2059, 19.39581 ] ] ] } },
{ "type": "Feature", "properties": { "colonia": "LA NUEVA ROSITA", "alcaldia": "IZTAPALAPA", "cveut": "07-112" }, "geometry": { "type": "Polygon", "coordinates": [ [ [ -99.10968, 19.37916 ], [ -99.10316, 19.3784 ], [ -99.10378, 19.37601 ], [ -99.10838, 19.37666 ], [ -99.10757, 19.37418 ], [ -99.10784, 19.37341 ], [ -99.10968, 19.37916 ] ] ] } },
{ "type": "Feature", "properties": { "colonia": "CUAUHTEMOC PENSIL", "alcaldia": "MIGUEL HIDALGO", "cveut": "16-023" }, "geometry": { "type": "Polygon", "coordinates": [ [ [ -99.19193, 19.44312 ], [ -99.19635, 19.44345 ], [ -99.19543, 19.44716 ], [ -99.19146, 19.44663 ], [ -99.19193, 19.44312 ] ] ] } },
{ "type": "Feature", "properties": { "colonia": "ESPERANZA", "alcaldia": "CUAUHTEMOC", "cveut": "15-011" }, "geometry": { "type": "Polygon", "coordinates": [ [ [ -99.12609, 19.42282 ], [ -99.12762, 19.41744 ], [ -99.12995, 19.41762 ], [ -99.12922, 19.42328 ], [ -99.12609, 19.42282 ] ] ] } },
{ "type": "Feature", "properties": { "colonia": "OLIMPICA", "alcaldia": "COYOACAN", "cveut": "03-083" }, "geometry": { "type": "Polygon", "coordinates": [ [ [ -99.17296, 19.3065 ], [ -99.1708, 19.30746 ], [ -99.16779, 19.30247 ], [ -99.16589, 19.30338 ], [ -99.16647, 19.30185 ], [ -99.17213, 19.30263 ], [ -99.17111, 19.30318 ], [ -99.17296, 19.3065 ] ] ] } },
{ "type": "Feature", "properties": { "colonia": "CARACOL (AMPL)", "alcaldia": "VENUSTIANO CARRANZA", "cveut": "17-013" }, "geometry": { "type": "Polygon", "coordinates": [ [ [ -99.06835, 19.43071 ], [ -99.06432, 19.42836 ], [ -99.06504, 19.42722 ], [ -99.07292, 19.42817 ], [ -99.06835, 19.43071 ] ] ] } },
{ "type": "Feature", "properties": { "colonia": "PASEOS DEL SUR", "alcaldia": "XOCHIMILCO", "cveut": "13-032" }, "geometry": { "type": "Polygon", "coordinates": [ [ [ -99.12015, 19.27234 ], [ -99.12884, 19.2763 ], [ -99.12813, 19.2773 ], [ -99.12057, 19.27479 ], [ -99.11973, 19.27377 ], [ -99.12015, 19.27234 ] ] ] } },
{ "type": "Feature", "properties": { "colonia": "COPILCO EL ALTO", "alcaldia": "COYOACAN", "cveut": "03-022" }, "geometry": { "type": "Polygon", "coordinates": [ [ [ -99.17418, 19.33267 ], [ -99.17351, 19.32925 ], [ -99.17432, 19.32617 ], [ -99.1751, 19.32883 ], [ -99.17686, 19.33111 ], [ -99.17854, 19.33168 ], [ -99.17722, 19.33364 ], [ -99.17418, 19.33267 ] ] ] } },
{ "type": "Feature", "properties": { "colonia": "TLACAMACA", "alcaldia": "GUSTAVO A. MADERO", "cveut": "05-183" }, "geometry": { "type": "Polygon", "coordinates": [ [ [ -99.13952, 19.4767 ], [ -99.13673, 19.47613 ], [ -99.13338, 19.47553 ], [ -99.13692, 19.47119 ], [ -99.13952, 19.4767 ] ] ] } },
{ "type": "Feature", "properties": { "colonia": "ARAGON INGUARAN", "alcaldia": "GUSTAVO A. MADERO", "cveut": "05-005" }, "geometry": { "type": "Polygon", "coordinates": [ [ [ -99.1081, 19.47362 ], [ -99.10514, 19.47214 ], [ -99.10681, 19.46803 ], [ -99.10991, 19.46915 ], [ -99.1081, 19.47362 ] ] ] } },
{ "type": "Feature", "properties": { "colonia": "MANZANASTITLA", "alcaldia": "CUAJIMALPA DE MORELOS", "cveut": "04-034" }, "geometry": { "type": "Polygon", "coordinates": [ [ [ -99.29632, 19.36916 ], [ -99.29561, 19.36794 ], [ -99.29683, 19.3642 ], [ -99.29781, 19.36323 ], [ -99.29961, 19.364 ], [ -99.29831, 19.36911 ], [ -99.29632, 19.36916 ] ] ] } },
{ "type": "Feature", "properties": { "colonia": "RESIDENCIAL LA ESCALERA (FRACC)", "alcaldia": "GUSTAVO A. MADERO", "cveut": "05-145" }, "geometry": { "type": "Polygon", "coordinates": [ [ [ -99.14035, 19.51201 ], [ -99.13339, 19.5078 ], [ -99.1357, 19.50578 ], [ -99.13998, 19.51008 ], [ -99.14035, 19.51201 ] ] ] } },
{ "type": "Feature", "properties": { "colonia": "EL MIRADOR", "alcaldia": "COYOACAN", "cveut": "03-043" }, "geometry": { "type": "Polygon", "coordinates": [ [ [ -99.11064, 19.30555 ], [ -99.10816, 19.30496 ], [ -99.10704, 19.29957 ], [ -99.11011, 19.29976 ], [ -99.11064, 19.30555 ] ] ] } },
{ "type": "Feature", "properties": { "colonia": "SAN PEDRO DE LOS PINOS", "alcaldia": "ALVARO OBREGON", "cveut": "10-197" }, "geometry": { "type": "Polygon", "coordinates": [ [ [ -99.19063, 19.3911 ], [ -99.19092, 19.38959 ], [ -99.18949, 19.38942 ], [ -99.19096, 19.38473 ], [ -99.19172, 19.38487 ], [ -99.19109, 19.38829 ], [ -99.19552, 19.3882 ], [ -99.19445, 19.38986 ], [ -99.19194, 19.39135 ], [ -99.19063, 19.3911 ] ] ] } },
{ "type": "Feature", "properties": { "colonia": "PUENTE COLORADO", "alcaldia": "ALVARO OBREGON", "cveut": "10-184" }, "geometry": { "type": "Polygon", "coordinates": [ [ [ -99.23326, 19.35068 ], [ -99.23121, 19.35111 ], [ -99.22762, 19.34655 ], [ -99.22917, 19.34643 ], [ -99.22938, 19.3473 ], [ -99.23278, 19.34547 ], [ -99.23239, 19.34909 ], [ -99.23326, 19.35068 ] ] ] } },
{ "type": "Feature", "properties": { "colonia": "IZTACCIHUATL", "alcaldia": "BENITO JUAREZ", "cveut": "14-019" }, "geometry": { "type": "Polygon", "coordinates": [ [ [ -99.13845, 19.38913 ], [ -99.13828, 19.3918 ], [ -99.13261, 19.39123 ], [ -99.13322, 19.38846 ], [ -99.13845, 19.38913 ] ] ] } },
{ "type": "Feature", "properties": { "colonia": "VILLA DE CORTES", "alcaldia": "BENITO JUAREZ", "cveut": "14-048" }, "geometry": { "type": "Polygon", "coordinates": [ [ [ -99.13866, 19.38925 ], [ -99.13322, 19.38846 ], [ -99.13381, 19.38578 ], [ -99.13908, 19.38646 ], [ -99.13866, 19.38925 ] ] ] } },
{ "type": "Feature", "properties": { "colonia": "LAS PEÑAS II", "alcaldia": "IZTAPALAPA", "cveut": "07-314" }, "geometry": { "type": "Polygon", "coordinates": [ [ [ -99.04775, 19.33821 ], [ -99.05113, 19.33875 ], [ -99.05182, 19.34216 ], [ -99.04749, 19.34258 ], [ -99.04775, 19.33821 ] ] ] } },
{ "type": "Feature", "properties": { "colonia": "MEXICO NUEVO", "alcaldia": "MIGUEL HIDALGO", "cveut": "16-050" }, "geometry": { "type": "Polygon", "coordinates": [ [ [ -99.19905, 19.45297 ], [ -99.20282, 19.45088 ], [ -99.2087, 19.45264 ], [ -99.20473, 19.45392 ], [ -99.19905, 19.45297 ] ] ] } },
{ "type": "Feature", "properties": { "colonia": "LA MEXICANA", "alcaldia": "ALVARO OBREGON", "cveut": "10-106" }, "geometry": { "type": "Polygon", "coordinates": [ [ [ -99.23122, 19.38206 ], [ -99.23136, 19.37877 ], [ -99.23253, 19.37862 ], [ -99.23209, 19.38028 ], [ -99.23362, 19.3805 ], [ -99.23405, 19.38263 ], [ -99.2336, 19.38355 ], [ -99.22934, 19.38443 ], [ -99.22868, 19.38238 ], [ -99.23122, 19.38206 ] ] ] } },
{ "type": "Feature", "properties": { "colonia": "BELLAVISTA (U HAB)", "alcaldia": "IZTAPALAPA", "cveut": "07-014" }, "geometry": { "type": "Polygon", "coordinates": [ [ [ -99.06652, 19.33032 ], [ -99.06782, 19.32863 ], [ -99.07505, 19.32991 ], [ -99.07495, 19.33179 ], [ -99.06652, 19.33032 ] ] ] } },
{ "type": "Feature", "properties": { "colonia": "HUESO PERIFERICO-ISSSFAM NO. 7 (U HABS)", "alcaldia": "TLALPAN", "cveut": "12-057" }, "geometry": { "type": "Polygon", "coordinates": [ [ [ -99.10382, 19.29393 ], [ -99.10388, 19.29985 ], [ -99.1009, 19.30002 ], [ -99.10132, 19.29496 ], [ -99.10382, 19.29393 ] ] ] } },
{ "type": "Feature", "properties": { "colonia": "CREDITO CONSTRUCTOR", "alcaldia": "BENITO JUAREZ", "cveut": "14-010" }, "geometry": { "type": "Polygon", "coordinates": [ [ [ -99.18093, 19.36793 ], [ -99.17757, 19.36512 ], [ -99.1798, 19.36288 ], [ -99.18281, 19.36211 ], [ -99.18093, 19.36793 ] ] ] } },
{ "type": "Feature", "properties": { "colonia": "16 DE SEPTIEMBRE", "alcaldia": "MIGUEL HIDALGO", "cveut": "16-086" }, "geometry": { "type": "Polygon", "coordinates": [ [ [ -99.21289, 19.39966 ], [ -99.20473, 19.4048 ], [ -99.20456, 19.40126 ], [ -99.21289, 19.39966 ] ] ] } },
{ "type": "Feature", "properties": { "colonia": "TEPETATAL", "alcaldia": "GUSTAVO A. MADERO", "cveut": "05-180" }, "geometry": { "type": "Polygon", "coordinates": [ [ [ -99.13818, 19.5606 ], [ -99.13965, 19.56115 ], [ -99.14035, 19.56052 ], [ -99.14032, 19.5636 ], [ -99.13756, 19.56453 ], [ -99.13521, 19.56351 ], [ -99.13606, 19.56129 ], [ -99.13818, 19.5606 ] ] ] } },
{ "type": "Feature", "properties": { "colonia": "BARRIO OXTOPULCO UNIVERSIDAD", "alcaldia": "COYOACAN", "cveut": "03-084" }, "geometry": { "type": "Polygon", "coordinates": [ [ [ -99.18114, 19.34411 ], [ -99.17872, 19.34355 ], [ -99.18156, 19.34203 ], [ -99.18224, 19.3394 ], [ -99.18402, 19.33937 ], [ -99.18585, 19.34069 ], [ -99.18456, 19.34029 ], [ -99.18338, 19.34365 ], [ -99.18091, 19.34526 ], [ -99.18114, 19.34411 ] ] ] } },
{ "type": "Feature", "properties": { "colonia": "FLOR DE MARIA", "alcaldia": "ALVARO OBREGON", "cveut": "10-072" }, "geometry": { "type": "Polygon", "coordinates": [ [ [ -99.20812, 19.34804 ], [ -99.20265, 19.35467 ], [ -99.20175, 19.35388 ], [ -99.20573, 19.34903 ], [ -99.20307, 19.34966 ], [ -99.20534, 19.34864 ], [ -99.20442, 19.34719 ], [ -99.20764, 19.34676 ], [ -99.20812, 19.34804 ] ] ] } },
{ "type": "Feature", "properties": { "colonia": "STUNAM CULHUACAN (U HAB)", "alcaldia": "COYOACAN", "cveut": "03-112" }, "geometry": { "type": "Polygon", "coordinates": [ [ [ -99.10546, 19.32203 ], [ -99.10087, 19.32287 ], [ -99.0991, 19.32075 ], [ -99.10039, 19.32076 ], [ -99.10048, 19.31912 ], [ -99.10206, 19.31933 ], [ -99.10571, 19.32089 ], [ -99.10546, 19.32203 ] ] ] } },
{ "type": "Feature", "properties": { "colonia": "ADOLFO LOPEZ MATEOS", "alcaldia": "CUAJIMALPA DE MORELOS", "cveut": "04-002" }, "geometry": { "type": "Polygon", "coordinates": [ [ [ -99.2963, 19.36663 ], [ -99.29519, 19.36633 ], [ -99.2938, 19.36361 ], [ -99.29311, 19.36407 ], [ -99.29322, 19.36216 ], [ -99.29685, 19.36163 ], [ -99.29781, 19.36323 ], [ -99.2963, 19.36663 ] ] ] } },
{ "type": "Feature", "properties": { "colonia": "LOS REYES (BARR)", "alcaldia": "AZCAPOTZALCO", "cveut": "02-045" }, "geometry": { "type": "Polygon", "coordinates": [ [ [ -99.1849, 19.48738 ], [ -99.18021, 19.48599 ], [ -99.18098, 19.4837 ], [ -99.18659, 19.48453 ], [ -99.1849, 19.48738 ] ] ] } },
{ "type": "Feature", "properties": { "colonia": "VICENTE GUERRERO SUPER MANZANA 3 (U HAB)", "alcaldia": "IZTAPALAPA", "cveut": "07-244" }, "geometry": { "type": "Polygon", "coordinates": [ [ [ -99.0568, 19.36304 ], [ -99.05345, 19.36269 ], [ -99.05356, 19.35852 ], [ -99.05761, 19.3595 ], [ -99.0568, 19.36304 ] ] ] } },
{ "type": "Feature", "properties": { "colonia": "EL PARAISO", "alcaldia": "ALVARO OBREGON", "cveut": "10-063" }, "geometry": { "type": "Polygon", "coordinates": [ [ [ -99.21028, 19.38972 ], [ -99.21384, 19.38828 ], [ -99.21543, 19.39138 ], [ -99.21104, 19.39302 ], [ -99.21028, 19.38972 ] ] ] } },
{ "type": "Feature", "properties": { "colonia": "LOMAS HIDALGO", "alcaldia": "TLALPAN", "cveut": "12-086" }, "geometry": { "type": "Polygon", "coordinates": [ [ [ -99.21439, 19.27711 ], [ -99.21182, 19.27512 ], [ -99.21455, 19.27276 ], [ -99.21669, 19.27183 ], [ -99.21793, 19.2726 ], [ -99.21439, 19.27711 ] ] ] } },
{ "type": "Feature", "properties": { "colonia": "LA OTRA BANDA", "alcaldia": "ALVARO OBREGON", "cveut": "10-108" }, "geometry": { "type": "Polygon", "coordinates": [ [ [ -99.19945, 19.33401 ], [ -99.19937, 19.33668 ], [ -99.19043, 19.33874 ], [ -99.19112, 19.33685 ], [ -99.19803, 19.33552 ], [ -99.19945, 19.33401 ] ] ] } },
{ "type": "Feature", "properties": { "colonia": "EJIDOS SAN JUAN DE ARAGON 2A SECCION (U HAB)", "alcaldia": "GUSTAVO A. MADERO", "cveut": "05-044" }, "geometry": { "type": "Polygon", "coordinates": [ [ [ -99.08012, 19.46726 ], [ -99.07573, 19.46708 ], [ -99.07359, 19.46662 ], [ -99.07748, 19.4644 ], [ -99.08065, 19.46394 ], [ -99.08012, 19.46726 ] ] ] } },
{ "type": "Feature", "properties": { "colonia": "FERRERIA", "alcaldia": "AZCAPOTZALCO", "cveut": "02-028" }, "geometry": { "type": "Polygon", "coordinates": [ [ [ -99.17684, 19.5064 ], [ -99.17528, 19.50749 ], [ -99.17201, 19.4991 ], [ -99.17445, 19.50028 ], [ -99.17684, 19.5064 ] ] ] } },
{ "type": "Feature", "properties": { "colonia": "LEGARIA", "alcaldia": "MIGUEL HIDALGO", "cveut": "16-036" }, "geometry": { "type": "Polygon", "coordinates": [ [ [ -99.19051, 19.45879 ], [ -99.19184, 19.45335 ], [ -99.19688, 19.45442 ], [ -99.19476, 19.45586 ], [ -99.19051, 19.45879 ] ] ] } },
{ "type": "Feature", "properties": { "colonia": "LOS CIPRESES", "alcaldia": "IZTAPALAPA", "cveut": "07-132" }, "geometry": { "type": "Polygon", "coordinates": [ [ [ -99.10775, 19.34953 ], [ -99.10966, 19.34971 ], [ -99.10903, 19.35645 ], [ -99.10574, 19.35614 ], [ -99.10592, 19.35519 ], [ -99.1072, 19.35528 ], [ -99.10775, 19.34953 ] ] ] } },
{ "type": "Feature", "properties": { "colonia": "COCOYOTES", "alcaldia": "GUSTAVO A. MADERO", "cveut": "05-026" }, "geometry": { "type": "Polygon", "coordinates": [ [ [ -99.12895, 19.54876 ], [ -99.12951, 19.54969 ], [ -99.12764, 19.54956 ], [ -99.12885, 19.54619 ], [ -99.13155, 19.54769 ], [ -99.13457, 19.54686 ], [ -99.13314, 19.55014 ], [ -99.12895, 19.54876 ] ] ] } },
{ "type": "Feature", "properties": { "colonia": "VENUSTIANO CARRANZA", "alcaldia": "VENUSTIANO CARRANZA", "cveut": "17-062" }, "geometry": { "type": "Polygon", "coordinates": [ [ [ -99.11375, 19.44062 ], [ -99.11217, 19.44049 ], [ -99.10698, 19.43998 ], [ -99.11054, 19.43763 ], [ -99.11194, 19.43773 ], [ -99.11436, 19.43802 ], [ -99.11375, 19.44062 ] ] ] } },
{ "type": "Feature", "properties": { "colonia": "EL PARQUE DE COYOACAN (FRACC)", "alcaldia": "COYOACAN", "cveut": "03-044" }, "geometry": { "type": "Polygon", "coordinates": [ [ [ -99.13394, 19.31032 ], [ -99.13063, 19.31341 ], [ -99.12683, 19.31137 ], [ -99.13337, 19.30898 ], [ -99.13394, 19.31032 ] ] ] } },
{ "type": "Feature", "properties": { "colonia": "BOSQUES DE TEPEXIMILPA", "alcaldia": "TLALPAN", "cveut": "12-014" }, "geometry": { "type": "Polygon", "coordinates": [ [ [ -99.18798, 19.27437 ], [ -99.19054, 19.27453 ], [ -99.19336, 19.27946 ], [ -99.19181, 19.28001 ], [ -99.19057, 19.27715 ], [ -99.187, 19.277 ], [ -99.18798, 19.27437 ] ] ] } },
{ "type": "Feature", "properties": { "colonia": "REAL DEL MORAL (FRACC)", "alcaldia": "IZTAPALAPA", "cveut": "07-169" }, "geometry": { "type": "Polygon", "coordinates": [ [ [ -99.08401, 19.39265 ], [ -99.07999, 19.39056 ], [ -99.08052, 19.3873 ], [ -99.0846, 19.38943 ], [ -99.08401, 19.39265 ] ] ] } },
{ "type": "Feature", "properties": { "colonia": "ALBERT", "alcaldia": "BENITO JUAREZ", "cveut": "14-004" }, "geometry": { "type": "Polygon", "coordinates": [ [ [ -99.14117, 19.37284 ], [ -99.13686, 19.37165 ], [ -99.13757, 19.36866 ], [ -99.14167, 19.36931 ], [ -99.14117, 19.37284 ] ] ] } },
{ "type": "Feature", "properties": { "colonia": "SAN LORENZO", "alcaldia": "XOCHIMILCO", "cveut": "13-006" }, "geometry": { "type": "Polygon", "coordinates": [ [ [ -99.12517, 19.27671 ], [ -99.12813, 19.2773 ], [ -99.12506, 19.28267 ], [ -99.12332, 19.27956 ], [ -99.12517, 19.27671 ] ] ] } },
{ "type": "Feature", "properties": { "colonia": "CANTIL DEL PEDREGAL", "alcaldia": "COYOACAN", "cveut": "03-016" }, "geometry": { "type": "Polygon", "coordinates": [ [ [ -99.15951, 19.30342 ], [ -99.15702, 19.30172 ], [ -99.15299, 19.30125 ], [ -99.15794, 19.29852 ], [ -99.15962, 19.30023 ], [ -99.15951, 19.30342 ] ] ] } },
{ "type": "Feature", "properties": { "colonia": "LAS AMERICAS (U HAB)", "alcaldia": "IZTAPALAPA", "cveut": "07-117" }, "geometry": { "type": "Polygon", "coordinates": [ [ [ -99.06579, 19.35501 ], [ -99.06421, 19.36036 ], [ -99.06177, 19.36011 ], [ -99.0633, 19.35446 ], [ -99.06579, 19.35501 ] ] ] } },
{ "type": "Feature", "properties": { "colonia": "LOS  ENCINOS", "alcaldia": "TLALPAN", "cveut": "12-087" }, "geometry": { "type": "Polygon", "coordinates": [ [ [ -99.22924, 19.2797 ], [ -99.22578, 19.27914 ], [ -99.2254, 19.27499 ], [ -99.22894, 19.27564 ], [ -99.22924, 19.2797 ] ] ] } },
{ "type": "Feature", "properties": { "colonia": "TRABAJADORES DEL HIERRO", "alcaldia": "AZCAPOTZALCO", "cveut": "02-106" }, "geometry": { "type": "Polygon", "coordinates": [ [ [ -99.15503, 19.48033 ], [ -99.14797, 19.47862 ], [ -99.14707, 19.47623 ], [ -99.15529, 19.47883 ], [ -99.15503, 19.48033 ] ] ] } },
{ "type": "Feature", "properties": { "colonia": "FELIPE PESCADOR", "alcaldia": "CUAUHTEMOC", "cveut": "15-013" }, "geometry": { "type": "Polygon", "coordinates": [ [ [ -99.12739, 19.45351 ], [ -99.12518, 19.45689 ], [ -99.12368, 19.45648 ], [ -99.12478, 19.452 ], [ -99.13069, 19.45311 ], [ -99.13003, 19.45407 ], [ -99.12739, 19.45351 ] ] ] } },
{ "type": "Feature", "properties": { "colonia": "VICENTE GUERRERO SUPER MANZANA 2 (U HAB)", "alcaldia": "IZTAPALAPA", "cveut": "07-243" }, "geometry": { "type": "Polygon", "coordinates": [ [ [ -99.06244, 19.36379 ], [ -99.0568, 19.36304 ], [ -99.05749, 19.36013 ], [ -99.06186, 19.36012 ], [ -99.06109, 19.3635 ], [ -99.06244, 19.36379 ] ] ] } },
{ "type": "Feature", "properties": { "colonia": "XOTEPINGO", "alcaldia": "COYOACAN", "cveut": "03-125" }, "geometry": { "type": "Polygon", "coordinates": [ [ [ -99.14353, 19.33049 ], [ -99.14048, 19.33123 ], [ -99.13793, 19.32301 ], [ -99.13949, 19.32489 ], [ -99.14353, 19.33049 ] ] ] } },
{ "type": "Feature", "properties": { "colonia": "NEXTITLA", "alcaldia": "MIGUEL HIDALGO", "cveut": "16-056" }, "geometry": { "type": "Polygon", "coordinates": [ [ [ -99.17156, 19.45507 ], [ -99.17427, 19.45294 ], [ -99.17601, 19.45491 ], [ -99.174, 19.45776 ], [ -99.17096, 19.45713 ], [ -99.17156, 19.45507 ] ] ] } },
{ "type": "Feature", "properties": { "colonia": "TIERRA NUEVA", "alcaldia": "AZCAPOTZALCO", "cveut": "02-103" }, "geometry": { "type": "Polygon", "coordinates": [ [ [ -99.20438, 19.502 ], [ -99.19796, 19.50009 ], [ -99.19918, 19.49636 ], [ -99.2032, 19.50038 ], [ -99.20438, 19.502 ] ] ] } },
{ "type": "Feature", "properties": { "colonia": "DEL OBRERO", "alcaldia": "GUSTAVO A. MADERO", "cveut": "05-039" }, "geometry": { "type": "Polygon", "coordinates": [ [ [ -99.09375, 19.50133 ], [ -99.09155, 19.50077 ], [ -99.09048, 19.50241 ], [ -99.08858, 19.50195 ], [ -99.0903, 19.49778 ], [ -99.09366, 19.49886 ], [ -99.09375, 19.50133 ] ] ] } },
{ "type": "Feature", "properties": { "colonia": "SUBESTACION", "alcaldia": "LA MAGDALENA CONTRERAS", "cveut": "08-050" }, "geometry": { "type": "Polygon", "coordinates": [ [ [ -99.24079, 19.28712 ], [ -99.24518, 19.28892 ], [ -99.24634, 19.29259 ], [ -99.24171, 19.2928 ], [ -99.24288, 19.2917 ], [ -99.24286, 19.28929 ], [ -99.24079, 19.28712 ] ] ] } },
{ "type": "Feature", "properties": { "colonia": "CHICHICASPATL", "alcaldia": "TLALPAN", "cveut": "12-019" }, "geometry": { "type": "Polygon", "coordinates": [ [ [ -99.24465, 19.27978 ], [ -99.24396, 19.27823 ], [ -99.24244, 19.27796 ], [ -99.24255, 19.27636 ], [ -99.24179, 19.2761 ], [ -99.24178, 19.27311 ], [ -99.24414, 19.2723 ], [ -99.24463, 19.27294 ], [ -99.24344, 19.27541 ], [ -99.24538, 19.27692 ], [ -99.24465, 19.27978 ] ] ] } },
{ "type": "Feature", "properties": { "colonia": "VIADUCTO  - BALBUENA (CONJ HAB)", "alcaldia": "VENUSTIANO CARRANZA", "cveut": "17-064" }, "geometry": { "type": "Polygon", "coordinates": [ [ [ -99.11349, 19.40836 ], [ -99.10341, 19.4078 ], [ -99.11385, 19.40561 ], [ -99.11349, 19.40836 ] ] ] } },
{ "type": "Feature", "properties": { "colonia": "POTRERILLO", "alcaldia": "LA MAGDALENA CONTRERAS", "cveut": "08-036" }, "geometry": { "type": "Polygon", "coordinates": [ [ [ -99.24925, 19.30595 ], [ -99.25464, 19.30578 ], [ -99.2579, 19.30765 ], [ -99.25286, 19.30797 ], [ -99.24792, 19.30682 ], [ -99.24925, 19.30595 ] ] ] } },
{ "type": "Feature", "properties": { "colonia": "EL YAQUI", "alcaldia": "CUAJIMALPA DE MORELOS", "cveut": "04-019" }, "geometry": { "type": "Polygon", "coordinates": [ [ [ -99.28372, 19.36067 ], [ -99.28648, 19.36102 ], [ -99.28607, 19.36259 ], [ -99.28181, 19.36351 ], [ -99.28063, 19.36109 ], [ -99.28294, 19.35919 ], [ -99.28372, 19.36067 ] ] ] } },
{ "type": "Feature", "properties": { "colonia": "MIRADOR DEL VALLE", "alcaldia": "TLALPAN", "cveut": "12-099" }, "geometry": { "type": "Polygon", "coordinates": [ [ [ -99.18493, 19.25516 ], [ -99.1843, 19.25716 ], [ -99.18322, 19.25687 ], [ -99.1833, 19.25856 ], [ -99.18145, 19.25744 ], [ -99.181, 19.25818 ], [ -99.17898, 19.25741 ], [ -99.17874, 19.25606 ], [ -99.17956, 19.25563 ], [ -99.18289, 19.25646 ], [ -99.1828, 19.25363 ], [ -99.18416, 19.25356 ], [ -99.18493, 19.25516 ] ] ] } },
{ "type": "Feature", "properties": { "colonia": "ALCANTARILLA", "alcaldia": "ALVARO OBREGON", "cveut": "10-007" }, "geometry": { "type": "Polygon", "coordinates": [ [ [ -99.24331, 19.34008 ], [ -99.24052, 19.34072 ], [ -99.24066, 19.3395 ], [ -99.23943, 19.33917 ], [ -99.24916, 19.33861 ], [ -99.25181, 19.33795 ], [ -99.25264, 19.33705 ], [ -99.25288, 19.33706 ], [ -99.25214, 19.3384 ], [ -99.24846, 19.33995 ], [ -99.24331, 19.34008 ] ] ] } },
{ "type": "Feature", "properties": { "colonia": "SAN BARTOLO AMEYALCO", "alcaldia": "LA MAGDALENA CONTRERAS", "cveut": "08-041" }, "geometry": { "type": "Polygon", "coordinates": [ [ [ -99.24073, 19.32498 ], [ -99.24807, 19.3265 ], [ -99.24869, 19.32764 ], [ -99.24379, 19.32853 ], [ -99.24073, 19.32498 ] ] ] } },
{ "type": "Feature", "properties": { "colonia": "ERMITA", "alcaldia": "BENITO JUAREZ", "cveut": "14-013" }, "geometry": { "type": "Polygon", "coordinates": [ [ [ -99.14314, 19.3606 ], [ -99.13956, 19.35958 ], [ -99.14021, 19.35664 ], [ -99.14409, 19.35631 ], [ -99.14314, 19.3606 ] ] ] } },
{ "type": "Feature", "properties": { "colonia": "EX EJIDO SAN FRANCISCO CULHUACAN II", "alcaldia": "COYOACAN", "cveut": "03-157" }, "geometry": { "type": "Polygon", "coordinates": [ [ [ -99.12832, 19.33278 ], [ -99.12372, 19.33209 ], [ -99.12428, 19.32917 ], [ -99.12842, 19.32948 ], [ -99.12832, 19.33278 ] ] ] } },
{ "type": "Feature", "properties": { "colonia": "EL MANTO_PLAN DE IGUALA", "alcaldia": "IZTAPALAPA", "cveut": "07-052" }, "geometry": { "type": "Polygon", "coordinates": [ [ [ -99.0866, 19.35133 ], [ -99.08608, 19.35182 ], [ -99.08728, 19.35358 ], [ -99.08579, 19.35592 ], [ -99.08268, 19.35381 ], [ -99.08429, 19.35074 ], [ -99.0866, 19.35133 ] ] ] } },
{ "type": "Feature", "properties": { "colonia": "POTRERILLO (AMPL)", "alcaldia": "LA MAGDALENA CONTRERAS", "cveut": "08-037" }, "geometry": { "type": "Polygon", "coordinates": [ [ [ -99.25954, 19.30986 ], [ -99.25803, 19.31038 ], [ -99.25818, 19.30876 ], [ -99.2562, 19.3085 ], [ -99.25631, 19.30762 ], [ -99.2579, 19.30765 ], [ -99.25528, 19.3061 ], [ -99.2615, 19.30608 ], [ -99.25954, 19.30986 ] ] ] } },
{ "type": "Feature", "properties": { "colonia": "PEDREGAL DE STO DOMINGO VIII", "alcaldia": "COYOACAN", "cveut": "03-146" }, "geometry": { "type": "Polygon", "coordinates": [ [ [ -99.17335, 19.3284 ], [ -99.17323, 19.32686 ], [ -99.17067, 19.32612 ], [ -99.17095, 19.32543 ], [ -99.16968, 19.32474 ], [ -99.17188, 19.32048 ], [ -99.17088, 19.3156 ], [ -99.17354, 19.32622 ], [ -99.17335, 19.3284 ] ] ] } },
{ "type": "Feature", "properties": { "colonia": "ARTES GRAFICAS", "alcaldia": "VENUSTIANO CARRANZA", "cveut": "17-006" }, "geometry": { "type": "Polygon", "coordinates": [ [ [ -99.12787, 19.41347 ], [ -99.12441, 19.4136 ], [ -99.12426, 19.40892 ], [ -99.12671, 19.40894 ], [ -99.12787, 19.41347 ] ] ] } },
{ "type": "Feature", "properties": { "colonia": "CAROLA (U HAB)", "alcaldia": "ALVARO OBREGON", "cveut": "10-040" }, "geometry": { "type": "Polygon", "coordinates": [ [ [ -99.19705, 19.38341 ], [ -99.19965, 19.38252 ], [ -99.19927, 19.38646 ], [ -99.19911, 19.38458 ], [ -99.19552, 19.3882 ], [ -99.19211, 19.38773 ], [ -99.19215, 19.38698 ], [ -99.19416, 19.38708 ], [ -99.19747, 19.38413 ], [ -99.19705, 19.38341 ] ] ] } },
{ "type": "Feature", "properties": { "colonia": "SANTA MARIA TOMATLAN", "alcaldia": "IZTAPALAPA", "cveut": "07-212" }, "geometry": { "type": "Polygon", "coordinates": [ [ [ -99.09947, 19.3283 ], [ -99.09534, 19.32804 ], [ -99.09819, 19.32289 ], [ -99.09904, 19.32537 ], [ -99.10044, 19.32626 ], [ -99.09947, 19.3283 ] ] ] } },
{ "type": "Feature", "properties": { "colonia": "NARCISO MENDOZA-VILLA COAPA SUPER MANZANA 7 (U HAB)", "alcaldia": "TLALPAN", "cveut": "12-107" }, "geometry": { "type": "Polygon", "coordinates": [ [ [ -99.12602, 19.2889 ], [ -99.12541, 19.29291 ], [ -99.12032, 19.29095 ], [ -99.12211, 19.28934 ], [ -99.12602, 19.2889 ] ] ] } },
{ "type": "Feature", "properties": { "colonia": "OCHO DE AGOSTO", "alcaldia": "ALVARO OBREGON", "cveut": "10-161" }, "geometry": { "type": "Polygon", "coordinates": [ [ [ -99.19225, 19.39402 ], [ -99.19214, 19.39528 ], [ -99.18908, 19.39563 ], [ -99.18836, 19.39371 ], [ -99.18903, 19.39113 ], [ -99.19182, 19.39113 ], [ -99.1914, 19.39363 ], [ -99.19225, 19.39402 ] ] ] } },
{ "type": "Feature", "properties": { "colonia": "ALVARO OBREGON", "alcaldia": "VENUSTIANO CARRANZA", "cveut": "17-004" }, "geometry": { "type": "Polygon", "coordinates": [ [ [ -99.12182, 19.41378 ], [ -99.11586, 19.41401 ], [ -99.11618, 19.41169 ], [ -99.12194, 19.41149 ], [ -99.12182, 19.41378 ] ] ] } },
{ "type": "Feature", "properties": { "colonia": "AHUEHUETES", "alcaldia": "GUSTAVO A. MADERO", "cveut": "05-003" }, "geometry": { "type": "Polygon", "coordinates": [ [ [ -99.128, 19.54382 ], [ -99.13472, 19.54565 ], [ -99.13457, 19.54686 ], [ -99.13051, 19.54741 ], [ -99.12852, 19.54637 ], [ -99.1289, 19.54442 ], [ -99.128, 19.54382 ] ] ] } },
{ "type": "Feature", "properties": { "colonia": "CASTILLO GRANDE (AMPL)", "alcaldia": "GUSTAVO A. MADERO", "cveut": "05-022" }, "geometry": { "type": "Polygon", "coordinates": [ [ [ -99.13626, 19.53893 ], [ -99.13044, 19.53684 ], [ -99.13086, 19.5361 ], [ -99.13787, 19.53576 ], [ -99.13626, 19.53893 ] ] ] } },
{ "type": "Feature", "properties": { "colonia": "VILLA OLIMPICA LIBERADOR MIGUEL HIDALGO (U HAB)", "alcaldia": "TLALPAN", "cveut": "12-195" }, "geometry": { "type": "Polygon", "coordinates": [ [ [ -99.1907, 19.29665 ], [ -99.19066, 19.2975 ], [ -99.18766, 19.29767 ], [ -99.18751, 19.29955 ], [ -99.18566, 19.30013 ], [ -99.18472, 19.29556 ], [ -99.1907, 19.29665 ] ] ] } },
{ "type": "Feature", "properties": { "colonia": "CHIMALISTAC", "alcaldia": "COYOACAN", "cveut": "03-019" }, "geometry": { "type": "Polygon", "coordinates": [ [ [ -99.18691, 19.34139 ], [ -99.18412, 19.34383 ], [ -99.18296, 19.34643 ], [ -99.18182, 19.34732 ], [ -99.18062, 19.34672 ], [ -99.18091, 19.34526 ], [ -99.18396, 19.34277 ], [ -99.18456, 19.34029 ], [ -99.18635, 19.34046 ], [ -99.18691, 19.34139 ] ] ] } },
{ "type": "Feature", "properties": { "colonia": "AHUACATITLA", "alcaldia": "TLALPAN", "cveut": "12-001" }, "geometry": { "type": "Polygon", "coordinates": [ [ [ -99.16729, 19.20999 ], [ -99.16181, 19.2081 ], [ -99.16108, 19.20915 ], [ -99.1614, 19.20787 ], [ -99.1606, 19.20754 ], [ -99.16172, 19.20559 ], [ -99.16401, 19.20697 ], [ -99.16367, 19.20777 ], [ -99.16793, 19.20737 ], [ -99.16729, 19.20999 ] ] ] } },
{ "type": "Feature", "properties": { "colonia": "CAFETALES II (RDCIAL)", "alcaldia": "COYOACAN", "cveut": "03-011" }, "geometry": { "type": "Polygon", "coordinates": [ [ [ -99.10867, 19.30717 ], [ -99.10843, 19.31025 ], [ -99.1072, 19.30994 ], [ -99.10447, 19.30859 ], [ -99.10425, 19.30549 ], [ -99.10867, 19.30717 ] ] ] } },
{ "type": "Feature", "properties": { "colonia": "LOMA HERMOSA (CONJ HAB)", "alcaldia": "MIGUEL HIDALGO", "cveut": "16-038" }, "geometry": { "type": "Polygon", "coordinates": [ [ [ -99.21063, 19.44721 ], [ -99.21007, 19.44515 ], [ -99.21091, 19.44406 ], [ -99.21455, 19.44469 ], [ -99.21526, 19.44629 ], [ -99.21317, 19.44771 ], [ -99.21063, 19.44721 ] ] ] } },
{ "type": "Feature", "properties": { "colonia": "NARCISO MENDOZA-VILLA COAPA SUPER MANZANA 3 (U HAB)", "alcaldia": "TLALPAN", "cveut": "12-105" }, "geometry": { "type": "Polygon", "coordinates": [ [ [ -99.12502, 19.28524 ], [ -99.12627, 19.28634 ], [ -99.12602, 19.2889 ], [ -99.12216, 19.28943 ], [ -99.12233, 19.2862 ], [ -99.12502, 19.28524 ] ] ] } },
{ "type": "Feature", "properties": { "colonia": "MARIA DEL CARMEN", "alcaldia": "BENITO JUAREZ", "cveut": "14-022" }, "geometry": { "type": "Polygon", "coordinates": [ [ [ -99.13559, 19.37728 ], [ -99.13636, 19.37388 ], [ -99.14087, 19.37479 ], [ -99.14053, 19.37695 ], [ -99.13559, 19.37728 ] ] ] } },
{ "type": "Feature", "properties": { "colonia": "BENITO JUAREZ", "alcaldia": "IZTAPALAPA", "cveut": "07-015" }, "geometry": { "type": "Polygon", "coordinates": [ [ [ -99.082, 19.33111 ], [ -99.07505, 19.32997 ], [ -99.07515, 19.32806 ], [ -99.08233, 19.32934 ], [ -99.082, 19.33111 ] ] ] } },
{ "type": "Feature", "properties": { "colonia": "SANTA MARIA DEL MONTE", "alcaldia": "IZTAPALAPA", "cveut": "07-211" }, "geometry": { "type": "Polygon", "coordinates": [ [ [ -99.0867, 19.35269 ], [ -99.08789, 19.35258 ], [ -99.08783, 19.35168 ], [ -99.09115, 19.35176 ], [ -99.0913, 19.34935 ], [ -99.09028, 19.34888 ], [ -99.09021, 19.34761 ], [ -99.09141, 19.34721 ], [ -99.09242, 19.35002 ], [ -99.09326, 19.3501 ], [ -99.09102, 19.35224 ], [ -99.09056, 19.35475 ], [ -99.0867, 19.35269 ] ] ] } },
{ "type": "Feature", "properties": { "colonia": "ALDANA", "alcaldia": "AZCAPOTZALCO", "cveut": "02-002" }, "geometry": { "type": "Polygon", "coordinates": [ [ [ -99.14828, 19.47317 ], [ -99.14866, 19.46963 ], [ -99.148, 19.46953 ], [ -99.14983, 19.46885 ], [ -99.14998, 19.46793 ], [ -99.15173, 19.46813 ], [ -99.15088, 19.4732 ], [ -99.14828, 19.47317 ] ] ] } },
{ "type": "Feature", "properties": { "colonia": "2DA  JALALPA TEPITO (AMPL)", "alcaldia": "ALVARO OBREGON", "cveut": "10-246" }, "geometry": { "type": "Polygon", "coordinates": [ [ [ -99.23089, 19.3793 ], [ -99.23025, 19.37738 ], [ -99.22942, 19.37725 ], [ -99.23221, 19.37602 ], [ -99.23484, 19.37252 ], [ -99.23749, 19.37115 ], [ -99.23826, 19.37161 ], [ -99.23412, 19.37412 ], [ -99.23469, 19.3746 ], [ -99.23311, 19.37689 ], [ -99.23165, 19.37725 ], [ -99.23242, 19.37861 ], [ -99.23136, 19.37877 ], [ -99.23029, 19.3809 ], [ -99.22896, 19.38089 ], [ -99.23089, 19.3793 ] ] ] } },
{ "type": "Feature", "properties": { "colonia": "NATIVITAS", "alcaldia": "XOCHIMILCO", "cveut": "13-028" }, "geometry": { "type": "Polygon", "coordinates": [ [ [ -99.01037, 19.24489 ], [ -99.01114, 19.2482 ], [ -99.01292, 19.24836 ], [ -99.01199, 19.25186 ], [ -99.00872, 19.25005 ], [ -99.01037, 19.24489 ] ] ] } },
{ "type": "Feature", "properties": { "colonia": "NARCISO MENDOZA-VILLA COAPA SUPER MANZANA 6 (U HAB)", "alcaldia": "TLALPAN", "cveut": "12-106" }, "geometry": { "type": "Polygon", "coordinates": [ [ [ -99.12568, 19.29292 ], [ -99.12536, 19.29527 ], [ -99.12428, 19.29523 ], [ -99.12314, 19.29346 ], [ -99.11838, 19.29301 ], [ -99.12032, 19.29095 ], [ -99.12568, 19.29292 ] ] ] } },
{ "type": "Feature", "properties": { "colonia": "JARDINES COAPA-BELISARIO DOMINGUEZ", "alcaldia": "TLALPAN", "cveut": "12-064" }, "geometry": { "type": "Polygon", "coordinates": [ [ [ -99.13163, 19.30199 ], [ -99.13497, 19.30243 ], [ -99.13504, 19.30443 ], [ -99.13282, 19.30735 ], [ -99.13196, 19.30698 ], [ -99.13163, 19.30199 ] ] ] } },
{ "type": "Feature", "properties": { "colonia": "PREDIO DEGOLLADO", "alcaldia": "IZTAPALAPA", "cveut": "07-161" }, "geometry": { "type": "Polygon", "coordinates": [ [ [ -99.03866, 19.32012 ], [ -99.03997, 19.31709 ], [ -99.03799, 19.31657 ], [ -99.03972, 19.31475 ], [ -99.04259, 19.31738 ], [ -99.0409, 19.3204 ], [ -99.03866, 19.32012 ] ] ] } },
{ "type": "Feature", "properties": { "colonia": "NARCISO MENDOZA-VILLA COAPA SUPER MANZANA 1 (U HAB)", "alcaldia": "TLALPAN", "cveut": "12-103" }, "geometry": { "type": "Polygon", "coordinates": [ [ [ -99.13063, 19.29063 ], [ -99.12989, 19.29437 ], [ -99.12568, 19.29292 ], [ -99.1258, 19.29142 ], [ -99.12726, 19.2915 ], [ -99.1298, 19.28976 ], [ -99.13063, 19.29063 ] ] ] } },
{ "type": "Feature", "properties": { "colonia": "SANTA APOLONIA (BARR)", "alcaldia": "AZCAPOTZALCO", "cveut": "02-089" }, "geometry": { "type": "GeometryCollection", "geometries": [ { "type": "Polygon", "coordinates": [ [ [ -99.19228, 19.47813 ], [ -99.19005, 19.4782 ], [ -99.19036, 19.47303 ], [ -99.19367, 19.47423 ], [ -99.19228, 19.47813 ] ] ] }, { "type": "LineString", "coordinates": [ [ -99.19036, 19.47303 ], [ -99.19036, 19.47299 ] ] } ] } },
{ "type": "Feature", "properties": { "colonia": "CASTILLO CHICO", "alcaldia": "GUSTAVO A. MADERO", "cveut": "05-020" }, "geometry": { "type": "Polygon", "coordinates": [ [ [ -99.13284, 19.53938 ], [ -99.13454, 19.53838 ], [ -99.13871, 19.54059 ], [ -99.13692, 19.5433 ], [ -99.13284, 19.53938 ] ] ] } },
{ "type": "Feature", "properties": { "colonia": "RICARDO FLORES MAGON (AMPL)", "alcaldia": "IZTAPALAPA", "cveut": "07-173" }, "geometry": { "type": "Polygon", "coordinates": [ [ [ -99.10303, 19.35589 ], [ -99.09834, 19.35651 ], [ -99.10034, 19.3512 ], [ -99.10299, 19.35208 ], [ -99.10096, 19.35546 ], [ -99.10303, 19.35589 ] ] ] } },
{ "type": "Feature", "properties": { "colonia": "NUEVO RENACIMIENTO DE AXALCO", "alcaldia": "TLALPAN", "cveut": "12-110" }, "geometry": { "type": "Polygon", "coordinates": [ [ [ -99.16346, 19.25639 ], [ -99.16288, 19.25766 ], [ -99.16141, 19.25733 ], [ -99.16217, 19.25834 ], [ -99.15701, 19.25418 ], [ -99.1601, 19.25452 ], [ -99.16033, 19.2532 ], [ -99.16187, 19.25328 ], [ -99.16186, 19.25538 ], [ -99.16346, 19.25639 ] ] ] } },
{ "type": "Feature", "properties": { "colonia": "SAN FCO XICALTONGO (BARR)", "alcaldia": "IZTACALCO", "cveut": "06-029" }, "geometry": { "type": "Polygon", "coordinates": [ [ [ -99.12314, 19.39412 ], [ -99.12691, 19.39435 ], [ -99.12686, 19.39801 ], [ -99.12389, 19.39805 ], [ -99.12314, 19.39412 ] ] ] } },
{ "type": "Feature", "properties": { "colonia": "JUSTO SIERRA", "alcaldia": "IZTAPALAPA", "cveut": "07-103" }, "geometry": { "type": "Polygon", "coordinates": [ [ [ -99.13638, 19.36698 ], [ -99.1333, 19.36659 ], [ -99.13462, 19.35905 ], [ -99.13582, 19.35918 ], [ -99.13483, 19.365 ], [ -99.13669, 19.36528 ], [ -99.13638, 19.36698 ] ] ] } },
{ "type": "Feature", "properties": { "colonia": "PORVENIR", "alcaldia": "AZCAPOTZALCO", "cveut": "02-061" }, "geometry": { "type": "Polygon", "coordinates": [ [ [ -99.14866, 19.46963 ], [ -99.14828, 19.47317 ], [ -99.14906, 19.47338 ], [ -99.1459, 19.47322 ], [ -99.1444, 19.46924 ], [ -99.14866, 19.46963 ] ] ] } },
{ "type": "Feature", "properties": { "colonia": "TLALMILLE", "alcaldia": "TLALPAN", "cveut": "12-176" }, "geometry": { "type": "Polygon", "coordinates": [ [ [ -99.18528, 19.25899 ], [ -99.18604, 19.25788 ], [ -99.18932, 19.25992 ], [ -99.18895, 19.26076 ], [ -99.18561, 19.26146 ], [ -99.18438, 19.26069 ], [ -99.18515, 19.25919 ], [ -99.18453, 19.25767 ], [ -99.18404, 19.25882 ], [ -99.18278, 19.25812 ], [ -99.18322, 19.25687 ], [ -99.18462, 19.25734 ], [ -99.18528, 19.25899 ] ] ] } },
{ "type": "Feature", "properties": { "colonia": "PEDREGAL DE LAS AGUILAS", "alcaldia": "TLALPAN", "cveut": "12-116" }, "geometry": { "type": "Polygon", "coordinates": [ [ [ -99.17464, 19.27024 ], [ -99.17906, 19.271 ], [ -99.17865, 19.27253 ], [ -99.17672, 19.27246 ], [ -99.17617, 19.27368 ], [ -99.17192, 19.2722 ], [ -99.17371, 19.27175 ], [ -99.17464, 19.27024 ] ] ] } },
{ "type": "Feature", "properties": { "colonia": "LOS PASTORES", "alcaldia": "TLALPAN", "cveut": "12-088" }, "geometry": { "type": "Polygon", "coordinates": [ [ [ -99.15476, 19.19481 ], [ -99.15248, 19.19904 ], [ -99.15129, 19.19872 ], [ -99.14883, 19.19997 ], [ -99.14868, 19.19775 ], [ -99.15476, 19.19481 ] ] ] } },
{ "type": "Feature", "properties": { "colonia": "SAN ESTEBAN (BARR)", "alcaldia": "XOCHIMILCO", "cveut": "13-040" }, "geometry": { "type": "Polygon", "coordinates": [ [ [ -99.09902, 19.26479 ], [ -99.09668, 19.26321 ], [ -99.09206, 19.26277 ], [ -99.09342, 19.26213 ], [ -99.09303, 19.26104 ], [ -99.09952, 19.26194 ], [ -99.09902, 19.26479 ] ] ] } },
{ "type": "Feature", "properties": { "colonia": "CASTILLO GRANDE", "alcaldia": "GUSTAVO A. MADERO", "cveut": "05-021" }, "geometry": { "type": "Polygon", "coordinates": [ [ [ -99.13871, 19.54059 ], [ -99.13601, 19.53909 ], [ -99.13621, 19.53778 ], [ -99.13693, 19.53799 ], [ -99.13747, 19.5366 ], [ -99.14044, 19.53606 ], [ -99.14067, 19.53731 ], [ -99.13871, 19.54059 ] ] ] } },
{ "type": "Feature", "properties": { "colonia": "FOVISSSTE ARAGON (U HAB)", "alcaldia": "GUSTAVO A. MADERO", "cveut": "05-057" }, "geometry": { "type": "Polygon", "coordinates": [ [ [ -99.06232, 19.45507 ], [ -99.06269, 19.45599 ], [ -99.05996, 19.45676 ], [ -99.0587, 19.45373 ], [ -99.06375, 19.45206 ], [ -99.06232, 19.45507 ] ] ] } },
{ "type": "Feature", "properties": { "colonia": "SAN JOSE TICOMAN", "alcaldia": "GUSTAVO A. MADERO", "cveut": "05-154" }, "geometry": { "type": "Polygon", "coordinates": [ [ [ -99.13471, 19.5049 ], [ -99.13219, 19.50709 ], [ -99.12962, 19.50577 ], [ -99.13107, 19.503 ], [ -99.13335, 19.50339 ], [ -99.13471, 19.5049 ] ] ] } },
{ "type": "Feature", "properties": { "colonia": "TLACUITLAPA 2DO REACOMODO (AMPL)", "alcaldia": "ALVARO OBREGON", "cveut": "10-223" }, "geometry": { "type": "Polygon", "coordinates": [ [ [ -99.23954, 19.3557 ], [ -99.23702, 19.3563 ], [ -99.23615, 19.35507 ], [ -99.23535, 19.35561 ], [ -99.23327, 19.35437 ], [ -99.23261, 19.35515 ], [ -99.23194, 19.35424 ], [ -99.2329, 19.3525 ], [ -99.23519, 19.35308 ], [ -99.23954, 19.3557 ] ] ] } },
{ "type": "Feature", "properties": { "colonia": "LOMAS DE SAN JUAN IXHUATEPEC (2A SECCION)", "alcaldia": "GUSTAVO A. MADERO", "cveut": "05-116" }, "geometry": { "type": "Polygon", "coordinates": [ [ [ -99.11073, 19.51069 ], [ -99.10894, 19.5111 ], [ -99.10547, 19.51032 ], [ -99.10793, 19.50736 ], [ -99.11019, 19.50816 ], [ -99.11073, 19.51069 ] ] ] } },
{ "type": "Feature", "properties": { "colonia": "LA FORESTAL 3", "alcaldia": "GUSTAVO A. MADERO", "cveut": "05-101" }, "geometry": { "type": "Polygon", "coordinates": [ [ [ -99.13121, 19.56436 ], [ -99.12961, 19.57183 ], [ -99.12782, 19.5735 ], [ -99.12868, 19.56711 ], [ -99.12962, 19.56708 ], [ -99.13035, 19.56423 ], [ -99.13121, 19.56436 ] ] ] } },
{ "type": "Feature", "properties": { "colonia": "JOYAS VALLEJO (U HAB)", "alcaldia": "GUSTAVO A. MADERO", "cveut": "05-214" }, "geometry": { "type": "Polygon", "coordinates": [ [ [ -99.16989, 19.52998 ], [ -99.17117, 19.52736 ], [ -99.17631, 19.53104 ], [ -99.17613, 19.53182 ], [ -99.1749, 19.53164 ], [ -99.16989, 19.52998 ] ] ] } },
{ "type": "Feature", "properties": { "colonia": "JALALPA", "alcaldia": "ALVARO OBREGON", "cveut": "10-088" }, "geometry": { "type": "Polygon", "coordinates": [ [ [ -99.23089, 19.3793 ], [ -99.22896, 19.38089 ], [ -99.22746, 19.38084 ], [ -99.22715, 19.37981 ], [ -99.22621, 19.38059 ], [ -99.22646, 19.37777 ], [ -99.23025, 19.37738 ], [ -99.23089, 19.3793 ] ] ] } },
{ "type": "Feature", "properties": { "colonia": "CANUTILLO 3RA SECCION", "alcaldia": "ALVARO OBREGON", "cveut": "10-038" }, "geometry": { "type": "Polygon", "coordinates": [ [ [ -99.22844, 19.36022 ], [ -99.22869, 19.36355 ], [ -99.22465, 19.3646 ], [ -99.22419, 19.36231 ], [ -99.22844, 19.36022 ] ] ] } },
{ "type": "Feature", "properties": { "colonia": "NOCHE BUENA", "alcaldia": "BENITO JUAREZ", "cveut": "14-032" }, "geometry": { "type": "Polygon", "coordinates": [ [ [ -99.17581, 19.38317 ], [ -99.17678, 19.38016 ], [ -99.18199, 19.37842 ], [ -99.18155, 19.38044 ], [ -99.17581, 19.38317 ] ] ] } },
{ "type": "Feature", "properties": { "colonia": "CUATRO ARBOLES", "alcaldia": "VENUSTIANO CARRANZA", "cveut": "17-015" }, "geometry": { "type": "Polygon", "coordinates": [ [ [ -99.08327, 19.41414 ], [ -99.08355, 19.41299 ], [ -99.0868, 19.41486 ], [ -99.08275, 19.42115 ], [ -99.08237, 19.41864 ], [ -99.08335, 19.41882 ], [ -99.08422, 19.41427 ], [ -99.08327, 19.41414 ] ] ] } },
{ "type": "Feature", "properties": { "colonia": "CERRO PRIETO", "alcaldia": "GUSTAVO A. MADERO", "cveut": "05-023" }, "geometry": { "type": "Polygon", "coordinates": [ [ [ -99.09814, 19.45601 ], [ -99.09622, 19.45421 ], [ -99.0974, 19.45102 ], [ -99.10045, 19.44992 ], [ -99.09814, 19.45601 ] ] ] } },
{ "type": "Feature", "properties": { "colonia": "MODELO PENSIL", "alcaldia": "MIGUEL HIDALGO", "cveut": "16-052" }, "geometry": { "type": "Polygon", "coordinates": [ [ [ -99.19113, 19.4484 ], [ -99.18793, 19.44815 ], [ -99.18847, 19.44436 ], [ -99.19173, 19.4448 ], [ -99.19113, 19.4484 ] ] ] } },
{ "type": "Feature", "properties": { "colonia": "LAS CUEVITAS", "alcaldia": "ALVARO OBREGON", "cveut": "10-118" }, "geometry": { "type": "Polygon", "coordinates": [ [ [ -99.22312, 19.38662 ], [ -99.22868, 19.38464 ], [ -99.22891, 19.38529 ], [ -99.22438, 19.38981 ], [ -99.22312, 19.38662 ] ] ] } },
{ "type": "Feature", "properties": { "colonia": "ATOCPA", "alcaldia": "TLALPAN", "cveut": "12-224" }, "geometry": { "type": "Polygon", "coordinates": [ [ [ -99.18493, 19.25516 ], [ -99.18416, 19.25356 ], [ -99.18524, 19.25305 ], [ -99.18609, 19.25404 ], [ -99.18821, 19.25354 ], [ -99.1885, 19.25436 ], [ -99.19097, 19.2549 ], [ -99.18674, 19.25588 ], [ -99.18492, 19.25772 ], [ -99.1843, 19.25708 ], [ -99.18493, 19.25516 ] ] ] } },
{ "type": "Feature", "properties": { "colonia": "TORRE BLANCA (AMPL)", "alcaldia": "MIGUEL HIDALGO", "cveut": "16-004" }, "geometry": { "type": "Polygon", "coordinates": [ [ [ -99.19905, 19.45297 ], [ -99.20187, 19.45319 ], [ -99.20102, 19.45695 ], [ -99.19844, 19.45702 ], [ -99.19914, 19.455 ], [ -99.19688, 19.45442 ], [ -99.19905, 19.45297 ] ] ] } },
{ "type": "Feature", "properties": { "colonia": "JANITZIO", "alcaldia": "VENUSTIANO CARRANZA", "cveut": "17-032" }, "geometry": { "type": "Polygon", "coordinates": [ [ [ -99.11794, 19.45048 ], [ -99.11577, 19.45002 ], [ -99.1173, 19.44375 ], [ -99.11895, 19.44584 ], [ -99.11794, 19.45048 ] ] ] } },
{ "type": "Feature", "properties": { "colonia": "EL ROSARIO (BARR)", "alcaldia": "XOCHIMILCO", "cveut": "13-012" }, "geometry": { "type": "Polygon", "coordinates": [ [ [ -99.10485, 19.26573 ], [ -99.10287, 19.26532 ], [ -99.10423, 19.25934 ], [ -99.10613, 19.26017 ], [ -99.10485, 19.26573 ] ] ] } },
{ "type": "Feature", "properties": { "colonia": "INFONAVIT IZTACALCO (U HAB) ZONA DEL LAGO", "alcaldia": "IZTACALCO", "cveut": "06-064" }, "geometry": { "type": "Polygon", "coordinates": [ [ [ -99.10518, 19.38353 ], [ -99.10111, 19.38335 ], [ -99.10158, 19.38027 ], [ -99.10565, 19.3808 ], [ -99.10518, 19.38353 ] ] ] } },
{ "type": "Feature", "properties": { "colonia": "VALLEJO PONIENTE", "alcaldia": "GUSTAVO A. MADERO", "cveut": "05-195" }, "geometry": { "type": "Polygon", "coordinates": [ [ [ -99.1396, 19.46912 ], [ -99.13774, 19.47023 ], [ -99.14306, 19.46514 ], [ -99.14447, 19.46942 ], [ -99.1396, 19.46912 ] ] ] } },
{ "type": "Feature", "properties": { "colonia": "PONCIANO ARRIAGA", "alcaldia": "ALVARO OBREGON", "cveut": "10-175" }, "geometry": { "type": "Polygon", "coordinates": [ [ [ -99.22975, 19.35939 ], [ -99.22495, 19.35698 ], [ -99.22298, 19.35289 ], [ -99.22499, 19.3521 ], [ -99.22697, 19.35712 ], [ -99.22975, 19.35939 ] ] ] } },
{ "type": "Feature", "properties": { "colonia": "ESTANZUELA", "alcaldia": "GUSTAVO A. MADERO", "cveut": "05-054" }, "geometry": { "type": "Polygon", "coordinates": [ [ [ -99.11147, 19.4894 ], [ -99.11215, 19.48832 ], [ -99.1142, 19.48789 ], [ -99.10971, 19.49227 ], [ -99.10651, 19.49191 ], [ -99.10616, 19.4907 ], [ -99.11147, 19.4894 ] ] ] } },
{ "type": "Feature", "properties": { "colonia": "EL EDEN", "alcaldia": "IZTAPALAPA", "cveut": "07-050" }, "geometry": { "type": "Polygon", "coordinates": [ [ [ -99.01551, 19.36365 ], [ -99.01458, 19.36678 ], [ -99.01105, 19.36557 ], [ -99.01153, 19.36277 ], [ -99.01551, 19.36365 ] ] ] } },
{ "type": "Feature", "properties": { "colonia": "NUEVA STA ANITA", "alcaldia": "IZTACALCO", "cveut": "06-021" }, "geometry": { "type": "Polygon", "coordinates": [ [ [ -99.12501, 19.40141 ], [ -99.12389, 19.39805 ], [ -99.12915, 19.39795 ], [ -99.13102, 19.39692 ], [ -99.13097, 19.3988 ], [ -99.12668, 19.39874 ], [ -99.12659, 19.40141 ], [ -99.12501, 19.40141 ] ] ] } },
{ "type": "Feature", "properties": { "colonia": "AMSA", "alcaldia": "TLALPAN", "cveut": "12-005" }, "geometry": { "type": "Polygon", "coordinates": [ [ [ -99.14056, 19.28369 ], [ -99.13997, 19.28754 ], [ -99.13658, 19.28607 ], [ -99.13894, 19.28223 ], [ -99.14056, 19.28369 ] ] ] } },
{ "type": "Feature", "properties": { "colonia": "LOS CERRILLOS I", "alcaldia": "XOCHIMILCO", "cveut": "13-025" }, "geometry": { "type": "Polygon", "coordinates": [ [ [ -99.0215, 19.24504 ], [ -99.01886, 19.25017 ], [ -99.01777, 19.25015 ], [ -99.01701, 19.24889 ], [ -99.01934, 19.24481 ], [ -99.0215, 19.24504 ] ] ] } },
{ "type": "Feature", "properties": { "colonia": "SAN JUAN 2A AMPLIACIÓN (PJE)", "alcaldia": "IZTAPALAPA", "cveut": "07-184" }, "geometry": { "type": "Polygon", "coordinates": [ [ [ -99.07459, 19.33887 ], [ -99.06829, 19.33901 ], [ -99.06708, 19.33643 ], [ -99.06798, 19.33681 ], [ -99.06784, 19.33559 ], [ -99.07459, 19.33887 ] ] ] } },
{ "type": "Feature", "properties": { "colonia": "LA CONCHITA", "alcaldia": "ALVARO OBREGON", "cveut": "10-100" }, "geometry": { "type": "Polygon", "coordinates": [ [ [ -99.2056, 19.39021 ], [ -99.20988, 19.38998 ], [ -99.2105, 19.39162 ], [ -99.20481, 19.3942 ], [ -99.20614, 19.39293 ], [ -99.2056, 19.39021 ] ] ] } },
{ "type": "Feature", "properties": { "colonia": "LA MILAGROSA", "alcaldia": "ALVARO OBREGON", "cveut": "10-107" }, "geometry": { "type": "Polygon", "coordinates": [ [ [ -99.23941, 19.35223 ], [ -99.23756, 19.35223 ], [ -99.23504, 19.3503 ], [ -99.24026, 19.34806 ], [ -99.23941, 19.35223 ] ] ] } },
{ "type": "Feature", "properties": { "colonia": "SANTA CRUZ AVIACION", "alcaldia": "VENUSTIANO CARRANZA", "cveut": "17-056" }, "geometry": { "type": "Polygon", "coordinates": [ [ [ -99.09986, 19.42358 ], [ -99.09444, 19.42357 ], [ -99.09642, 19.42011 ], [ -99.09939, 19.42175 ], [ -99.09986, 19.42358 ] ] ] } },
{ "type": "Feature", "properties": { "colonia": "FRANCISCO VILLA", "alcaldia": "ALVARO OBREGON", "cveut": "10-074" }, "geometry": { "type": "Polygon", "coordinates": [ [ [ -99.20545, 19.38587 ], [ -99.20308, 19.38603 ], [ -99.20151, 19.38298 ], [ -99.20444, 19.38183 ], [ -99.20557, 19.38343 ], [ -99.20545, 19.38587 ] ] ] } },
{ "type": "Feature", "properties": { "colonia": "NARCISO MENDOZA-VILLA COAPA SUPER MANZANA 2 (U HAB)", "alcaldia": "TLALPAN", "cveut": "12-104" }, "geometry": { "type": "Polygon", "coordinates": [ [ [ -99.1258, 19.29142 ], [ -99.12627, 19.28634 ], [ -99.12652, 19.28629 ], [ -99.1298, 19.28976 ], [ -99.12726, 19.2915 ], [ -99.1258, 19.29142 ] ] ] } },
{ "type": "Feature", "properties": { "colonia": "LA FAMA", "alcaldia": "TLALPAN", "cveut": "12-070" }, "geometry": { "type": "Polygon", "coordinates": [ [ [ -99.17827, 19.2913 ], [ -99.17862, 19.29304 ], [ -99.17412, 19.2911 ], [ -99.17386, 19.28982 ], [ -99.17747, 19.28923 ], [ -99.17917, 19.28995 ], [ -99.17827, 19.2913 ] ] ] } },
{ "type": "Feature", "properties": { "colonia": "TIERRA UNIDA", "alcaldia": "LA MAGDALENA CONTRERAS", "cveut": "08-052" }, "geometry": { "type": "Polygon", "coordinates": [ [ [ -99.2678, 19.3036 ], [ -99.26837, 19.3012 ], [ -99.27186, 19.30271 ], [ -99.26578, 19.30673 ], [ -99.26523, 19.30604 ], [ -99.2678, 19.3036 ] ] ] } },
{ "type": "Feature", "properties": { "colonia": "EX EJIDO SAN FRANCISCO CULHUACAN III", "alcaldia": "COYOACAN", "cveut": "03-158" }, "geometry": { "type": "Polygon", "coordinates": [ [ [ -99.12372, 19.33209 ], [ -99.12006, 19.33265 ], [ -99.12067, 19.3291 ], [ -99.12428, 19.32917 ], [ -99.12372, 19.33209 ] ] ] } },
{ "type": "Feature", "properties": { "colonia": "OCHO DE AGOSTO", "alcaldia": "BENITO JUAREZ", "cveut": "14-034" }, "geometry": { "type": "Polygon", "coordinates": [ [ [ -99.18871, 19.39232 ], [ -99.18908, 19.39563 ], [ -99.18531, 19.39596 ], [ -99.18572, 19.3924 ], [ -99.18871, 19.39232 ] ] ] } },
{ "type": "Feature", "properties": { "colonia": "PRESIDENTES 1RA (AMPL)", "alcaldia": "ALVARO OBREGON", "cveut": "10-178" }, "geometry": { "type": "Polygon", "coordinates": [ [ [ -99.22442, 19.37927 ], [ -99.22472, 19.37768 ], [ -99.22339, 19.37473 ], [ -99.22541, 19.37278 ], [ -99.2264, 19.37604 ], [ -99.2254, 19.37694 ], [ -99.22563, 19.37926 ], [ -99.22461, 19.38045 ], [ -99.22252, 19.38073 ], [ -99.22442, 19.37927 ] ] ] } },
{ "type": "Feature", "properties": { "colonia": "RANCHO LOS COLORINES (FRACC)", "alcaldia": "TLALPAN", "cveut": "12-136" }, "geometry": { "type": "Polygon", "coordinates": [ [ [ -99.1396, 19.29016 ], [ -99.13537, 19.28892 ], [ -99.13658, 19.28607 ], [ -99.13997, 19.28754 ], [ -99.1396, 19.29016 ] ] ] } },
{ "type": "Feature", "properties": { "colonia": "PETROLERA TAXQUEÑA", "alcaldia": "COYOACAN", "cveut": "03-092" }, "geometry": { "type": "Polygon", "coordinates": [ [ [ -99.13346, 19.33849 ], [ -99.13493, 19.33896 ], [ -99.13443, 19.34072 ], [ -99.13081, 19.33967 ], [ -99.13182, 19.33551 ], [ -99.13288, 19.33574 ], [ -99.13293, 19.33734 ], [ -99.13418, 19.33763 ], [ -99.13346, 19.33849 ] ] ] } },
{ "type": "Feature", "properties": { "colonia": "EJTO CONSTITUCIONALISTA, SUPERMANZANA III (U HAB)", "alcaldia": "IZTAPALAPA", "cveut": "07-048" }, "geometry": { "type": "Polygon", "coordinates": [ [ [ -99.0547, 19.38423 ], [ -99.05021, 19.38265 ], [ -99.05144, 19.38059 ], [ -99.05539, 19.38143 ], [ -99.0547, 19.38423 ] ] ] } },
{ "type": "Feature", "properties": { "colonia": "CTM IX CULHUACAN ZONA 32-33 (U HAB)", "alcaldia": "COYOACAN", "cveut": "03-156" }, "geometry": { "type": "Polygon", "coordinates": [ [ [ -99.10392, 19.31168 ], [ -99.10109, 19.31101 ], [ -99.10138, 19.30705 ], [ -99.10492, 19.30903 ], [ -99.10392, 19.31168 ] ] ] } },
{ "type": "Feature", "properties": { "colonia": "LOS CEDROS (FRACC)", "alcaldia": "COYOACAN", "cveut": "03-071" }, "geometry": { "type": "Polygon", "coordinates": [ [ [ -99.11454, 19.31549 ], [ -99.11141, 19.3157 ], [ -99.11235, 19.31134 ], [ -99.11488, 19.3119 ], [ -99.11454, 19.31549 ] ] ] } },
{ "type": "Feature", "properties": { "colonia": "PETROLERA (AMPL)", "alcaldia": "AZCAPOTZALCO", "cveut": "02-003" }, "geometry": { "type": "Polygon", "coordinates": [ [ [ -99.19667, 19.4853 ], [ -99.19273, 19.48322 ], [ -99.19322, 19.48142 ], [ -99.19783, 19.48236 ], [ -99.19667, 19.4853 ] ] ] } },
{ "type": "Feature", "properties": { "colonia": "RANCHO EL ROSARIO", "alcaldia": "COYOACAN", "cveut": "03-097" }, "geometry": { "type": "Polygon", "coordinates": [ [ [ -99.14419, 19.33131 ], [ -99.1413, 19.3276 ], [ -99.143, 19.32558 ], [ -99.14515, 19.32712 ], [ -99.14419, 19.33131 ] ] ] } },
{ "type": "Feature", "properties": { "colonia": "AÑO DE JUAREZ", "alcaldia": "IZTAPALAPA", "cveut": "07-007" }, "geometry": { "type": "Polygon", "coordinates": [ [ [ -99.07543, 19.31826 ], [ -99.07235, 19.32257 ], [ -99.07109, 19.32202 ], [ -99.07338, 19.31651 ], [ -99.07543, 19.31826 ] ] ] } },
{ "type": "Feature", "properties": { "colonia": "BELEN DE LAS FLORES (U HAB)", "alcaldia": "ALVARO OBREGON", "cveut": "10-231" }, "geometry": { "type": "Polygon", "coordinates": [ [ [ -99.22569, 19.3856 ], [ -99.22191, 19.38713 ], [ -99.2203, 19.38629 ], [ -99.22112, 19.38466 ], [ -99.2247, 19.38353 ], [ -99.22569, 19.3856 ] ] ] } },
{ "type": "Feature", "properties": { "colonia": "CTM IX CULHUACAN ZONA 29-30 (U HAB)", "alcaldia": "COYOACAN", "cveut": "03-027" }, "geometry": { "type": "Polygon", "coordinates": [ [ [ -99.10346, 19.31297 ], [ -99.1037, 19.31509 ], [ -99.10077, 19.31518 ], [ -99.10109, 19.31101 ], [ -99.10486, 19.31226 ], [ -99.10467, 19.31321 ], [ -99.10346, 19.31297 ] ] ] } },
{ "type": "Feature", "properties": { "colonia": "MAXIMINO AVILA CAMACHO", "alcaldia": "GUSTAVO A. MADERO", "cveut": "05-126" }, "geometry": { "type": "Polygon", "coordinates": [ [ [ -99.13824, 19.47761 ], [ -99.13752, 19.48106 ], [ -99.13551, 19.48088 ], [ -99.13673, 19.47613 ], [ -99.13952, 19.4767 ], [ -99.14021, 19.47849 ], [ -99.13824, 19.47761 ] ] ] } },
{ "type": "Feature", "properties": { "colonia": "INTEGRACION LATINOAMERICANA (U HAB)", "alcaldia": "COYOACAN", "cveut": "03-060" }, "geometry": { "type": "Polygon", "coordinates": [ [ [ -99.18219, 19.33968 ], [ -99.18057, 19.3392 ], [ -99.17964, 19.34038 ], [ -99.17608, 19.3363 ], [ -99.18291, 19.33817 ], [ -99.18219, 19.33968 ] ] ] } },
{ "type": "Feature", "properties": { "colonia": "MEXICALTZINGO (PBLO)", "alcaldia": "IZTAPALAPA", "cveut": "07-138" }, "geometry": { "type": "Polygon", "coordinates": [ [ [ -99.12179, 19.35688 ], [ -99.12194, 19.35989 ], [ -99.1177, 19.35949 ], [ -99.11882, 19.35646 ], [ -99.12179, 19.35688 ] ] ] } },
{ "type": "Feature", "properties": { "colonia": "VISTA HERMOSA", "alcaldia": "GUSTAVO A. MADERO", "cveut": "05-202" }, "geometry": { "type": "Polygon", "coordinates": [ [ [ -99.12288, 19.54523 ], [ -99.1257, 19.54201 ], [ -99.12643, 19.54157 ], [ -99.12333, 19.54526 ], [ -99.12318, 19.55085 ], [ -99.1202, 19.55096 ], [ -99.12288, 19.54523 ] ] ] } },
{ "type": "Feature", "properties": { "colonia": "HEROES DE CHAPULTEPEC", "alcaldia": "GUSTAVO A. MADERO", "cveut": "05-078" }, "geometry": { "type": "Polygon", "coordinates": [ [ [ -99.09175, 19.47654 ], [ -99.08946, 19.47558 ], [ -99.09119, 19.4716 ], [ -99.09044, 19.471 ], [ -99.09338, 19.47219 ], [ -99.09175, 19.47654 ] ] ] } },
{ "type": "Feature", "properties": { "colonia": "LA CAÑADA", "alcaldia": "XOCHIMILCO", "cveut": "13-018" }, "geometry": { "type": "Polygon", "coordinates": [ [ [ -99.11999, 19.24309 ], [ -99.11705, 19.24424 ], [ -99.11912, 19.24132 ], [ -99.12025, 19.23593 ], [ -99.12167, 19.24051 ], [ -99.12004, 19.24016 ], [ -99.1209, 19.2416 ], [ -99.11999, 19.24309 ] ] ] } },
{ "type": "Feature", "properties": { "colonia": "LOMAS DE TEXCALATLACO", "alcaldia": "TLALPAN", "cveut": "12-084" }, "geometry": { "type": "Polygon", "coordinates": [ [ [ -99.15514, 19.24105 ], [ -99.15217, 19.23883 ], [ -99.14997, 19.24074 ], [ -99.15078, 19.23731 ], [ -99.15278, 19.23639 ], [ -99.153, 19.23746 ], [ -99.15425, 19.23741 ], [ -99.15514, 19.24105 ] ] ] } },
{ "type": "Feature", "properties": { "colonia": "HERON PROAL", "alcaldia": "ALVARO OBREGON", "cveut": "10-085" }, "geometry": { "type": "Polygon", "coordinates": [ [ [ -99.22928, 19.35975 ], [ -99.22917, 19.35846 ], [ -99.22681, 19.35687 ], [ -99.22903, 19.35589 ], [ -99.22941, 19.35764 ], [ -99.22986, 19.35687 ], [ -99.23176, 19.35781 ], [ -99.23194, 19.35721 ], [ -99.23313, 19.35862 ], [ -99.23034, 19.3601 ], [ -99.22928, 19.35975 ] ] ] } },
{ "type": "Feature", "properties": { "colonia": "1o DE MAYO", "alcaldia": "CUAJIMALPA DE MORELOS", "cveut": "04-054" }, "geometry": { "type": "Polygon", "coordinates": [ [ [ -99.32495, 19.33831 ], [ -99.32378, 19.34224 ], [ -99.32276, 19.34009 ], [ -99.32012, 19.33971 ], [ -99.32249, 19.33734 ], [ -99.32446, 19.33742 ], [ -99.32495, 19.33831 ] ] ] } },
{ "type": "Feature", "properties": { "colonia": "LAS PALMAS", "alcaldia": "LA MAGDALENA CONTRERAS", "cveut": "08-029" }, "geometry": { "type": "Polygon", "coordinates": [ [ [ -99.25257, 19.31369 ], [ -99.25063, 19.31473 ], [ -99.24829, 19.31433 ], [ -99.2478, 19.31524 ], [ -99.24621, 19.31474 ], [ -99.25328, 19.31086 ], [ -99.25395, 19.31137 ], [ -99.25268, 19.31197 ], [ -99.25257, 19.31369 ] ] ] } },
{ "type": "Feature", "properties": { "colonia": "VALENTIN GOMEZ FARIAS", "alcaldia": "ALVARO OBREGON", "cveut": "10-235" }, "geometry": { "type": "Polygon", "coordinates": [ [ [ -99.23187, 19.3621 ], [ -99.2308, 19.3597 ], [ -99.23663, 19.35656 ], [ -99.23556, 19.35875 ], [ -99.23187, 19.3621 ] ] ] } },
{ "type": "Feature", "properties": { "colonia": "REAL DEL MONTE", "alcaldia": "ALVARO OBREGON", "cveut": "10-189" }, "geometry": { "type": "Polygon", "coordinates": [ [ [ -99.20379, 19.39641 ], [ -99.19888, 19.39814 ], [ -99.19859, 19.39623 ], [ -99.19966, 19.39391 ], [ -99.20052, 19.39413 ], [ -99.2006, 19.39561 ], [ -99.2033, 19.39532 ], [ -99.20379, 19.39641 ] ] ] } },
{ "type": "Feature", "properties": { "colonia": "PRIMERO DE MAYO", "alcaldia": "VENUSTIANO CARRANZA", "cveut": "17-051" }, "geometry": { "type": "Polygon", "coordinates": [ [ [ -99.10306, 19.44727 ], [ -99.0992, 19.4464 ], [ -99.10018, 19.4437 ], [ -99.10405, 19.44485 ], [ -99.10306, 19.44727 ] ] ] } },
{ "type": "Feature", "properties": { "colonia": "TLAZINTLA", "alcaldia": "IZTACALCO", "cveut": "06-037" }, "geometry": { "type": "Polygon", "coordinates": [ [ [ -99.11339, 19.39816 ], [ -99.11005, 19.39761 ], [ -99.11047, 19.39431 ], [ -99.11341, 19.3946 ], [ -99.11339, 19.39816 ] ] ] } },
{ "type": "Feature", "properties": { "colonia": "HEROE DE NACOZARI", "alcaldia": "GUSTAVO A. MADERO", "cveut": "05-077" }, "geometry": { "type": "Polygon", "coordinates": [ [ [ -99.1459, 19.47322 ], [ -99.14183, 19.47235 ], [ -99.14201, 19.46932 ], [ -99.14447, 19.46942 ], [ -99.1459, 19.47322 ] ] ] } },
{ "type": "Feature", "properties": { "colonia": "ANAHUAC MARIANO ESCOBEDO", "alcaldia": "MIGUEL HIDALGO", "cveut": "16-010" }, "geometry": { "type": "Polygon", "coordinates": [ [ [ -99.18232, 19.44796 ], [ -99.18146, 19.44694 ], [ -99.17812, 19.44293 ], [ -99.18296, 19.44358 ], [ -99.18232, 19.44796 ] ] ] } },
{ "type": "Feature", "properties": { "colonia": "CUCHILLA AGRICOLA ORIENTAL", "alcaldia": "IZTACALCO", "cveut": "06-006" }, "geometry": { "type": "Polygon", "coordinates": [ [ [ -99.0813, 19.40691 ], [ -99.078, 19.40703 ], [ -99.08257, 19.40034 ], [ -99.0813, 19.40691 ] ] ] } },
{ "type": "Feature", "properties": { "colonia": "LOMAS DE BECERRA (U HAB)", "alcaldia": "ALVARO OBREGON", "cveut": "10-125" }, "geometry": { "type": "Polygon", "coordinates": [ [ [ -99.19937, 19.38651 ], [ -99.19929, 19.38383 ], [ -99.20021, 19.38237 ], [ -99.20192, 19.3832 ], [ -99.20308, 19.38603 ], [ -99.19937, 19.38651 ] ] ] } },
{ "type": "Feature", "properties": { "colonia": "LA TURBA", "alcaldia": "TLAHUAC", "cveut": "11-020" }, "geometry": { "type": "Polygon", "coordinates": [ [ [ -99.05951, 19.2926 ], [ -99.06112, 19.29381 ], [ -99.05765, 19.29797 ], [ -99.0561, 19.29681 ], [ -99.05951, 19.2926 ] ] ] } },
{ "type": "Feature", "properties": { "colonia": "PUENTE COLORADO (AMPL)", "alcaldia": "ALVARO OBREGON", "cveut": "10-185" }, "geometry": { "type": "Polygon", "coordinates": [ [ [ -99.23345, 19.34521 ], [ -99.22938, 19.3473 ], [ -99.22917, 19.34643 ], [ -99.22812, 19.34701 ], [ -99.2264, 19.34539 ], [ -99.23102, 19.34479 ], [ -99.23217, 19.34359 ], [ -99.23345, 19.34521 ] ] ] } },
{ "type": "Feature", "properties": { "colonia": "LA NORIA TEPEPAN (U HAB)", "alcaldia": "XOCHIMILCO", "cveut": "13-085" }, "geometry": { "type": "Polygon", "coordinates": [ [ [ -99.12658, 19.26648 ], [ -99.12535, 19.26214 ], [ -99.12386, 19.25922 ], [ -99.128, 19.26271 ], [ -99.12757, 19.26634 ], [ -99.12658, 19.26648 ] ] ] } },
{ "type": "Feature", "properties": { "colonia": "INPI PICOS", "alcaldia": "IZTACALCO", "cveut": "06-013" }, "geometry": { "type": "Polygon", "coordinates": [ [ [ -99.10077, 19.38581 ], [ -99.10547, 19.38697 ], [ -99.10501, 19.38934 ], [ -99.10083, 19.3881 ], [ -99.10077, 19.38581 ] ] ] } },
{ "type": "Feature", "properties": { "colonia": "DEL BOSQUE (POLANCO)", "alcaldia": "MIGUEL HIDALGO", "cveut": "16-026" }, "geometry": { "type": "Polygon", "coordinates": [ [ [ -99.20718, 19.43527 ], [ -99.20894, 19.43141 ], [ -99.21242, 19.43579 ], [ -99.20718, 19.43527 ] ] ] } },
{ "type": "Feature", "properties": { "colonia": "LA CASCADA", "alcaldia": "ALVARO OBREGON", "cveut": "10-097" }, "geometry": { "type": "Polygon", "coordinates": [ [ [ -99.20337, 19.3689 ], [ -99.20964, 19.3686 ], [ -99.20703, 19.36984 ], [ -99.20098, 19.36909 ], [ -99.19593, 19.37154 ], [ -99.19534, 19.37095 ], [ -99.20134, 19.36816 ], [ -99.20337, 19.3689 ] ] ] } },
{ "type": "Feature", "properties": { "colonia": "CTM IX A CULHUACAN (U HAB)", "alcaldia": "COYOACAN", "cveut": "03-028" }, "geometry": { "type": "Polygon", "coordinates": [ [ [ -99.10392, 19.31168 ], [ -99.10447, 19.30859 ], [ -99.108, 19.31035 ], [ -99.10745, 19.31277 ], [ -99.10392, 19.31168 ] ] ] } },
{ "type": "Feature", "properties": { "colonia": "AGUILAS 3ER PARQUE", "alcaldia": "ALVARO OBREGON", "cveut": "10-005" }, "geometry": { "type": "Polygon", "coordinates": [ [ [ -99.22448, 19.35159 ], [ -99.21818, 19.35444 ], [ -99.21762, 19.3536 ], [ -99.21649, 19.35494 ], [ -99.21698, 19.35319 ], [ -99.22147, 19.35086 ], [ -99.2223, 19.35061 ], [ -99.22277, 19.35217 ], [ -99.22448, 19.35159 ] ] ] } },
{ "type": "Feature", "properties": { "colonia": "SAN BARTOLO CAHUALTONGO (PBLO)", "alcaldia": "AZCAPOTZALCO", "cveut": "02-075" }, "geometry": { "type": "Polygon", "coordinates": [ [ [ -99.19902, 19.4797 ], [ -99.20047, 19.48032 ], [ -99.20016, 19.48149 ], [ -99.20363, 19.48225 ], [ -99.2033, 19.48384 ], [ -99.19783, 19.48236 ], [ -99.19902, 19.4797 ] ] ] } },
{ "type": "Feature", "properties": { "colonia": "VILLA PANAMERICANA 3ERA. SECCIÓN (U HAB)", "alcaldia": "COYOACAN", "cveut": "03-117" }, "geometry": { "type": "Polygon", "coordinates": [ [ [ -99.17517, 19.30785 ], [ -99.16974, 19.31025 ], [ -99.16921, 19.3098 ], [ -99.1708, 19.30746 ], [ -99.17409, 19.30597 ], [ -99.1736, 19.30735 ], [ -99.17493, 19.30711 ], [ -99.17517, 19.30785 ] ] ] } },
{ "type": "Feature", "properties": { "colonia": "MARIA G DE GARCIA RUIZ", "alcaldia": "ALVARO OBREGON", "cveut": "10-149" }, "geometry": { "type": "Polygon", "coordinates": [ [ [ -99.21028, 19.38972 ], [ -99.20939, 19.38938 ], [ -99.21004, 19.38671 ], [ -99.21136, 19.38665 ], [ -99.21137, 19.38567 ], [ -99.21338, 19.38569 ], [ -99.21275, 19.38724 ], [ -99.21345, 19.38827 ], [ -99.21475, 19.3879 ], [ -99.21028, 19.38972 ] ] ] } },
{ "type": "Feature", "properties": { "colonia": "MIRAVALLE", "alcaldia": "BENITO JUAREZ", "cveut": "14-025" }, "geometry": { "type": "Polygon", "coordinates": [ [ [ -99.14271, 19.36306 ], [ -99.13892, 19.36249 ], [ -99.13956, 19.35958 ], [ -99.14278, 19.3601 ], [ -99.14271, 19.36306 ] ] ] } },
{ "type": "Feature", "properties": { "colonia": "MAZA", "alcaldia": "CUAUHTEMOC", "cveut": "15-018" }, "geometry": { "type": "Polygon", "coordinates": [ [ [ -99.12739, 19.45351 ], [ -99.13003, 19.45407 ], [ -99.12766, 19.45767 ], [ -99.12518, 19.45689 ], [ -99.12739, 19.45351 ] ] ] } },
{ "type": "Feature", "properties": { "colonia": "RESIDENCIAL EMPERADORES", "alcaldia": "BENITO JUAREZ", "cveut": "14-040" }, "geometry": { "type": "Polygon", "coordinates": [ [ [ -99.1587, 19.37063 ], [ -99.1566, 19.37031 ], [ -99.15548, 19.36635 ], [ -99.15941, 19.36757 ], [ -99.1587, 19.37063 ] ] ] } },
{ "type": "Feature", "properties": { "colonia": "DAMIAN CARMONA", "alcaldia": "VENUSTIANO CARRANZA", "cveut": "17-017" }, "geometry": { "type": "Polygon", "coordinates": [ [ [ -99.10405, 19.44485 ], [ -99.10018, 19.4437 ], [ -99.10052, 19.44279 ], [ -99.10554, 19.44095 ], [ -99.10405, 19.44485 ] ] ] } },
{ "type": "Feature", "properties": { "colonia": "HUICHAPAN", "alcaldia": "XOCHIMILCO", "cveut": "13-014" }, "geometry": { "type": "Polygon", "coordinates": [ [ [ -99.11854, 19.26433 ], [ -99.11443, 19.26453 ], [ -99.11267, 19.26154 ], [ -99.11609, 19.26311 ], [ -99.11672, 19.26195 ], [ -99.11949, 19.26335 ], [ -99.11854, 19.26433 ] ] ] } },
{ "type": "Feature", "properties": { "colonia": "LA CAÑADA", "alcaldia": "ALVARO OBREGON", "cveut": "10-096" }, "geometry": { "type": "Polygon", "coordinates": [ [ [ -99.22511, 19.38237 ], [ -99.22715, 19.37981 ], [ -99.22874, 19.38259 ], [ -99.22608, 19.38283 ], [ -99.22515, 19.38437 ], [ -99.2247, 19.38353 ], [ -99.22164, 19.38452 ], [ -99.2214, 19.38367 ], [ -99.22511, 19.38237 ] ] ] } },
{ "type": "Feature", "properties": { "colonia": "SANTO TOMAS", "alcaldia": "MIGUEL HIDALGO", "cveut": "16-076" }, "geometry": { "type": "Polygon", "coordinates": [ [ [ -99.17468, 19.45243 ], [ -99.16642, 19.45218 ], [ -99.1666, 19.4506 ], [ -99.17293, 19.45111 ], [ -99.17468, 19.45243 ] ] ] } },
{ "type": "Feature", "properties": { "colonia": "LA CEBADA", "alcaldia": "XOCHIMILCO", "cveut": "13-019" }, "geometry": { "type": "Polygon", "coordinates": [ [ [ -99.12534, 19.27633 ], [ -99.12332, 19.27956 ], [ -99.12494, 19.28274 ], [ -99.12042, 19.27485 ], [ -99.12534, 19.27633 ] ] ] } },
{ "type": "Feature", "properties": { "colonia": "EL MOLINO_", "alcaldia": "IZTAPALAPA", "cveut": "07-055" }, "geometry": { "type": "Polygon", "coordinates": [ [ [ -99.08993, 19.35648 ], [ -99.08653, 19.35664 ], [ -99.08568, 19.35608 ], [ -99.08858, 19.35307 ], [ -99.09056, 19.35475 ], [ -99.08993, 19.35648 ] ] ] } },
{ "type": "Feature", "properties": { "colonia": "HUICHAPAN", "alcaldia": "MIGUEL HIDALGO", "cveut": "16-033" }, "geometry": { "type": "Polygon", "coordinates": [ [ [ -99.19823, 19.46211 ], [ -99.19447, 19.46127 ], [ -99.19461, 19.45955 ], [ -99.19878, 19.45866 ], [ -99.19823, 19.46211 ] ] ] } },
{ "type": "Feature", "properties": { "colonia": "GUADALUPE (BARR)", "alcaldia": "IZTAPALAPA", "cveut": "07-087" }, "geometry": { "type": "Polygon", "coordinates": [ [ [ -99.07386, 19.31131 ], [ -99.07105, 19.31477 ], [ -99.06985, 19.31371 ], [ -99.06968, 19.31053 ], [ -99.07386, 19.31131 ] ] ] } },
{ "type": "Feature", "properties": { "colonia": "MERCED GOMEZ", "alcaldia": "BENITO JUAREZ", "cveut": "14-023" }, "geometry": { "type": "Polygon", "coordinates": [ [ [ -99.1912, 19.36803 ], [ -99.18868, 19.36765 ], [ -99.18921, 19.36309 ], [ -99.19116, 19.36361 ], [ -99.1912, 19.36803 ] ] ] } },
{ "type": "Feature", "properties": { "colonia": "PILOTO CULHUACAN (U HAB)", "alcaldia": "COYOACAN", "cveut": "03-093" }, "geometry": { "type": "Polygon", "coordinates": [ [ [ -99.10921, 19.32163 ], [ -99.11351, 19.32072 ], [ -99.11394, 19.3236 ], [ -99.10911, 19.32317 ], [ -99.10921, 19.32163 ] ] ] } },
{ "type": "Feature", "properties": { "colonia": "POLVORA", "alcaldia": "ALVARO OBREGON", "cveut": "10-174" }, "geometry": { "type": "Polygon", "coordinates": [ [ [ -99.2056, 19.39021 ], [ -99.20614, 19.39293 ], [ -99.20473, 19.39419 ], [ -99.20356, 19.39192 ], [ -99.20227, 19.39268 ], [ -99.20189, 19.39209 ], [ -99.20304, 19.39003 ], [ -99.2056, 19.39021 ] ] ] } },
{ "type": "Feature", "properties": { "colonia": "LOMAS DE CUILOTEPEC", "alcaldia": "TLALPAN", "cveut": "12-080" }, "geometry": { "type": "Polygon", "coordinates": [ [ [ -99.23404, 19.26947 ], [ -99.23371, 19.27261 ], [ -99.2317, 19.27304 ], [ -99.23071, 19.26863 ], [ -99.23404, 19.26947 ] ] ] } },
{ "type": "Feature", "properties": { "colonia": "NICOLAS BRAVO", "alcaldia": "VENUSTIANO CARRANZA", "cveut": "17-045" }, "geometry": { "type": "Polygon", "coordinates": [ [ [ -99.12368, 19.45648 ], [ -99.12173, 19.45588 ], [ -99.12245, 19.4515 ], [ -99.12478, 19.452 ], [ -99.12368, 19.45648 ] ] ] } },
{ "type": "Feature", "properties": { "colonia": "SAN RAFAEL", "alcaldia": "AZCAPOTZALCO", "cveut": "02-086" }, "geometry": { "type": "Polygon", "coordinates": [ [ [ -99.18953, 19.48845 ], [ -99.18646, 19.48779 ], [ -99.18659, 19.48453 ], [ -99.18975, 19.48539 ], [ -99.18953, 19.48845 ] ] ] } },
{ "type": "Feature", "properties": { "colonia": "COSMOPOLITA", "alcaldia": "AZCAPOTZALCO", "cveut": "02-010" }, "geometry": { "type": "Polygon", "coordinates": [ [ [ -99.16543, 19.4773 ], [ -99.16262, 19.47638 ], [ -99.16139, 19.4731 ], [ -99.16355, 19.47241 ], [ -99.16543, 19.4773 ] ] ] } },
{ "type": "Feature", "properties": { "colonia": "CERRO GRANDE", "alcaldia": "XOCHIMILCO", "cveut": "13-008" }, "geometry": { "type": "Polygon", "coordinates": [ [ [ -99.11965, 19.23866 ], [ -99.11955, 19.23997 ], [ -99.11789, 19.24126 ], [ -99.11568, 19.23852 ], [ -99.1167, 19.23674 ], [ -99.11965, 19.23866 ] ] ] } },
{ "type": "Feature", "properties": { "colonia": "ANAHUAC DOS LAGOS", "alcaldia": "MIGUEL HIDALGO", "cveut": "16-006" }, "geometry": { "type": "Polygon", "coordinates": [ [ [ -99.19186, 19.44228 ], [ -99.19173, 19.4448 ], [ -99.18631, 19.44408 ], [ -99.18705, 19.44274 ], [ -99.19186, 19.44228 ] ] ] } },
{ "type": "Feature", "properties": { "colonia": "SN JUAN TEPEXIMILPA", "alcaldia": "TLALPAN", "cveut": "12-151" }, "geometry": { "type": "Polygon", "coordinates": [ [ [ -99.19181, 19.27037 ], [ -99.19242, 19.27187 ], [ -99.19113, 19.2735 ], [ -99.19239, 19.27376 ], [ -99.19056, 19.27456 ], [ -99.18893, 19.27346 ], [ -99.18889, 19.27452 ], [ -99.18798, 19.27437 ], [ -99.19073, 19.27023 ], [ -99.19181, 19.27037 ] ] ] } },
{ "type": "Feature", "properties": { "colonia": "SAN PABLO XALPA (U HAB)", "alcaldia": "AZCAPOTZALCO", "cveut": "02-084" }, "geometry": { "type": "Polygon", "coordinates": [ [ [ -99.18286, 19.50535 ], [ -99.18314, 19.50387 ], [ -99.18966, 19.50508 ], [ -99.18937, 19.50654 ], [ -99.18286, 19.50535 ] ] ] } },
{ "type": "Feature", "properties": { "colonia": "INDEPENDENCIA SAN RAMON (U HAB)", "alcaldia": "LA MAGDALENA CONTRERAS", "cveut": "08-017" }, "geometry": { "type": "Polygon", "coordinates": [ [ [ -99.21749, 19.33143 ], [ -99.2195, 19.33032 ], [ -99.22031, 19.33127 ], [ -99.219, 19.33234 ], [ -99.22012, 19.33351 ], [ -99.21612, 19.33464 ], [ -99.21707, 19.33384 ], [ -99.21587, 19.33245 ], [ -99.21701, 19.33159 ], [ -99.21658, 19.33097 ], [ -99.21749, 19.33143 ] ] ] } },
{ "type": "Feature", "properties": { "colonia": "EX-ESCUELA DE TIRO", "alcaldia": "GUSTAVO A. MADERO", "cveut": "05-056" }, "geometry": { "type": "Polygon", "coordinates": [ [ [ -99.09851, 19.45894 ], [ -99.09886, 19.45672 ], [ -99.09814, 19.45601 ], [ -99.10045, 19.44992 ], [ -99.10179, 19.45019 ], [ -99.09851, 19.45894 ] ] ] } },
{ "type": "Feature", "properties": { "colonia": "LA JOYITA", "alcaldia": "GUSTAVO A. MADERO", "cveut": "05-103" }, "geometry": { "type": "Polygon", "coordinates": [ [ [ -99.11695, 19.46758 ], [ -99.11497, 19.46691 ], [ -99.11622, 19.46331 ], [ -99.11915, 19.46432 ], [ -99.11695, 19.46758 ] ] ] } },
{ "type": "Feature", "properties": { "colonia": "LOS PICOS VI B", "alcaldia": "IZTAPALAPA", "cveut": "07-133" }, "geometry": { "type": "Polygon", "coordinates": [ [ [ -99.10632, 19.38088 ], [ -99.10158, 19.38027 ], [ -99.10186, 19.37824 ], [ -99.10655, 19.37879 ], [ -99.10632, 19.38088 ] ] ] } },
{ "type": "Feature", "properties": { "colonia": "LIBERACION", "alcaldia": "AZCAPOTZALCO", "cveut": "02-043" }, "geometry": { "type": "Polygon", "coordinates": [ [ [ -99.15266, 19.4733 ], [ -99.15088, 19.4732 ], [ -99.15173, 19.46813 ], [ -99.15398, 19.46928 ], [ -99.15266, 19.4733 ] ] ] } },
{ "type": "Feature", "properties": { "colonia": "SAN JUAN (BARR)", "alcaldia": "XOCHIMILCO", "cveut": "13-047" }, "geometry": { "type": "Polygon", "coordinates": [ [ [ -99.10527, 19.26714 ], [ -99.10509, 19.26461 ], [ -99.10852, 19.26467 ], [ -99.10734, 19.2695 ], [ -99.10624, 19.26921 ], [ -99.10735, 19.26762 ], [ -99.10527, 19.26714 ] ] ] } },
{ "type": "Feature", "properties": { "colonia": "CALVARIO CAMISETAS", "alcaldia": "TLALPAN", "cveut": "12-017" }, "geometry": { "type": "Polygon", "coordinates": [ [ [ -99.17917, 19.28995 ], [ -99.17747, 19.28923 ], [ -99.17386, 19.28982 ], [ -99.17728, 19.28678 ], [ -99.18027, 19.28832 ], [ -99.17917, 19.28995 ] ] ] } },
{ "type": "Feature", "properties": { "colonia": "GRAL C  A  MADRAZO", "alcaldia": "ALVARO OBREGON", "cveut": "10-083" }, "geometry": { "type": "Polygon", "coordinates": [ [ [ -99.24935, 19.38019 ], [ -99.24899, 19.37856 ], [ -99.25319, 19.37708 ], [ -99.25378, 19.37857 ], [ -99.25086, 19.38068 ], [ -99.24935, 19.38019 ] ] ] } },
{ "type": "Feature", "properties": { "colonia": "MICHOACANA", "alcaldia": "VENUSTIANO CARRANZA", "cveut": "17-039" }, "geometry": { "type": "Polygon", "coordinates": [ [ [ -99.11577, 19.45002 ], [ -99.11489, 19.44983 ], [ -99.11542, 19.44766 ], [ -99.11145, 19.44679 ], [ -99.11198, 19.44541 ], [ -99.11576, 19.44626 ], [ -99.117, 19.44406 ], [ -99.11577, 19.45002 ] ] ] } },
{ "type": "Feature", "properties": { "colonia": "LA ESMERALDA III", "alcaldia": "GUSTAVO A. MADERO", "cveut": "05-254" }, "geometry": { "type": "Polygon", "coordinates": [ [ [ -99.08453, 19.48784 ], [ -99.08243, 19.48709 ], [ -99.08428, 19.48289 ], [ -99.08619, 19.48354 ], [ -99.08453, 19.48784 ] ] ] } },
{ "type": "Feature", "properties": { "colonia": "INDEPENDENCIA BATAN NORTE (U HAB)", "alcaldia": "LA MAGDALENA CONTRERAS", "cveut": "08-015" }, "geometry": { "type": "Polygon", "coordinates": [ [ [ -99.21291, 19.3352 ], [ -99.2071, 19.33661 ], [ -99.20656, 19.33628 ], [ -99.20898, 19.33379 ], [ -99.21222, 19.33404 ], [ -99.21291, 19.3352 ] ] ] } },
{ "type": "Feature", "properties": { "colonia": "SANTA MARIA AZTAHUACAN (U HAB)", "alcaldia": "IZTAPALAPA", "cveut": "07-317" }, "geometry": { "type": "Polygon", "coordinates": [ [ [ -99.02792, 19.34449 ], [ -99.02537, 19.34475 ], [ -99.02649, 19.34084 ], [ -99.02906, 19.34059 ], [ -99.02792, 19.34449 ] ] ] } },
{ "type": "Feature", "properties": { "colonia": "LIBERALES DE 1857", "alcaldia": "ALVARO OBREGON", "cveut": "10-121" }, "geometry": { "type": "Polygon", "coordinates": [ [ [ -99.21476, 19.39346 ], [ -99.20948, 19.39548 ], [ -99.21058, 19.39339 ], [ -99.21565, 19.39131 ], [ -99.21591, 19.3924 ], [ -99.21476, 19.39346 ] ] ] } },
{ "type": "Feature", "properties": { "colonia": "5 DE MAYO", "alcaldia": "MIGUEL HIDALGO", "cveut": "16-087" }, "geometry": { "type": "Polygon", "coordinates": [ [ [ -99.20153, 19.44979 ], [ -99.19912, 19.4496 ], [ -99.19974, 19.45038 ], [ -99.19807, 19.44989 ], [ -99.19897, 19.44625 ], [ -99.20203, 19.44786 ], [ -99.20153, 19.44979 ] ] ] } },
{ "type": "Feature", "properties": { "colonia": "TORRES SAN ANTONIO (U HAB)", "alcaldia": "ALVARO OBREGON", "cveut": "10-229" }, "geometry": { "type": "Polygon", "coordinates": [ [ [ -99.19169, 19.38501 ], [ -99.19706, 19.38336 ], [ -99.19747, 19.38413 ], [ -99.19424, 19.387 ], [ -99.19362, 19.38522 ], [ -99.19126, 19.38706 ], [ -99.19169, 19.38501 ] ] ] } },
{ "type": "Feature", "properties": { "colonia": "ZACAHUITZCO", "alcaldia": "BENITO JUAREZ", "cveut": "14-050" }, "geometry": { "type": "Polygon", "coordinates": [ [ [ -99.14087, 19.37479 ], [ -99.13636, 19.37388 ], [ -99.13686, 19.37165 ], [ -99.14117, 19.37284 ], [ -99.14087, 19.37479 ] ] ] } },
{ "type": "Feature", "properties": { "colonia": "UNION POPULAR EMILIANO ZAPATA (U HAB)", "alcaldia": "ALVARO OBREGON", "cveut": "10-234" }, "geometry": { "type": "Polygon", "coordinates": [ [ [ -99.20674, 19.3729 ], [ -99.20697, 19.37049 ], [ -99.2117, 19.37048 ], [ -99.21193, 19.37193 ], [ -99.20674, 19.3729 ] ] ] } },
{ "type": "Feature", "properties": { "colonia": "BARRIO LA  LONJA", "alcaldia": "TLALPAN", "cveut": "12-069" }, "geometry": { "type": "Polygon", "coordinates": [ [ [ -99.17961, 19.28929 ], [ -99.1825, 19.29082 ], [ -99.18211, 19.29277 ], [ -99.17822, 19.29251 ], [ -99.17961, 19.28929 ] ] ] } },
{ "type": "Feature", "properties": { "colonia": "PURISIMA ATLAZOLPA", "alcaldia": "IZTAPALAPA", "cveut": "07-167" }, "geometry": { "type": "Polygon", "coordinates": [ [ [ -99.11087, 19.38144 ], [ -99.10632, 19.38088 ], [ -99.10655, 19.37879 ], [ -99.11091, 19.37929 ], [ -99.11087, 19.38144 ] ] ] } },
{ "type": "Feature", "properties": { "colonia": "MONTE DE PIEDAD I", "alcaldia": "COYOACAN", "cveut": "03-151" }, "geometry": { "type": "Polygon", "coordinates": [ [ [ -99.17372, 19.34209 ], [ -99.17386, 19.34574 ], [ -99.17106, 19.34539 ], [ -99.1716, 19.34148 ], [ -99.17372, 19.34209 ] ] ] } },
{ "type": "Feature", "properties": { "colonia": "MICHOACANA (AMPL)", "alcaldia": "VENUSTIANO CARRANZA", "cveut": "17-040" }, "geometry": { "type": "Polygon", "coordinates": [ [ [ -99.11489, 19.44983 ], [ -99.11066, 19.44891 ], [ -99.11145, 19.44679 ], [ -99.11542, 19.44766 ], [ -99.11489, 19.44983 ] ] ] } },
{ "type": "Feature", "properties": { "colonia": "JESUS DEL MONTE", "alcaldia": "CUAJIMALPA DE MORELOS", "cveut": "04-022" }, "geometry": { "type": "Polygon", "coordinates": [ [ [ -99.29519, 19.36633 ], [ -99.29426, 19.36854 ], [ -99.29359, 19.36944 ], [ -99.29249, 19.36718 ], [ -99.29338, 19.36367 ], [ -99.2947, 19.36434 ], [ -99.29519, 19.36633 ] ] ] } },
{ "type": "Feature", "properties": { "colonia": "CHURUBUSCO TEPEYAC", "alcaldia": "GUSTAVO A. MADERO", "cveut": "05-025" }, "geometry": { "type": "Polygon", "coordinates": [ [ [ -99.13949, 19.48602 ], [ -99.13892, 19.48905 ], [ -99.13597, 19.48871 ], [ -99.13659, 19.48553 ], [ -99.13949, 19.48602 ] ] ] } },
{ "type": "Feature", "properties": { "colonia": "ESTADO DE HIDALGO_", "alcaldia": "ALVARO OBREGON", "cveut": "10-247" }, "geometry": { "type": "Polygon", "coordinates": [ [ [ -99.24127, 19.36406 ], [ -99.24035, 19.36285 ], [ -99.24209, 19.36199 ], [ -99.24373, 19.36542 ], [ -99.24009, 19.3661 ], [ -99.23976, 19.36421 ], [ -99.24127, 19.36406 ] ] ] } },
{ "type": "Feature", "properties": { "colonia": "EL CAPULIN", "alcaldia": "ALVARO OBREGON", "cveut": "10-059" }, "geometry": { "type": "Polygon", "coordinates": [ [ [ -99.21391, 19.39639 ], [ -99.21191, 19.3975 ], [ -99.2078, 19.39633 ], [ -99.2135, 19.39448 ], [ -99.21391, 19.39639 ] ] ] } },
{ "type": "Feature", "properties": { "colonia": "PALMAS", "alcaldia": "ALVARO OBREGON", "cveut": "10-166" }, "geometry": { "type": "Polygon", "coordinates": [ [ [ -99.21205, 19.37839 ], [ -99.21073, 19.37582 ], [ -99.21468, 19.37473 ], [ -99.21548, 19.37624 ], [ -99.21205, 19.37839 ] ] ] } },
{ "type": "Feature", "properties": { "colonia": "TLAPECHICO", "alcaldia": "ALVARO OBREGON", "cveut": "10-224" }, "geometry": { "type": "Polygon", "coordinates": [ [ [ -99.24615, 19.37937 ], [ -99.24327, 19.38031 ], [ -99.24199, 19.37787 ], [ -99.24558, 19.37673 ], [ -99.24615, 19.37937 ] ] ] } },
{ "type": "Feature", "properties": { "colonia": "EX EJIDOS DE LA MAGDALENA MIXIHUCA", "alcaldia": "IZTACALCO", "cveut": "06-009" }, "geometry": { "type": "Polygon", "coordinates": [ [ [ -99.08919, 19.39522 ], [ -99.08668, 19.39388 ], [ -99.08872, 19.39077 ], [ -99.09056, 19.39164 ], [ -99.08919, 19.39522 ] ] ] } },
{ "type": "Feature", "properties": { "colonia": "IGNACIO ALLENDE", "alcaldia": "AZCAPOTZALCO", "cveut": "02-035" }, "geometry": { "type": "Polygon", "coordinates": [ [ [ -99.16393, 19.46872 ], [ -99.16239, 19.46949 ], [ -99.15945, 19.46516 ], [ -99.16176, 19.4649 ], [ -99.16393, 19.46872 ] ] ] } },
{ "type": "Feature", "properties": { "colonia": "REACOMODO EL CUERNITO", "alcaldia": "ALVARO OBREGON", "cveut": "10-187" }, "geometry": { "type": "Polygon", "coordinates": [ [ [ -99.20778, 19.38407 ], [ -99.2073, 19.3821 ], [ -99.20605, 19.38245 ], [ -99.20613, 19.38351 ], [ -99.20444, 19.38183 ], [ -99.20791, 19.38091 ], [ -99.21096, 19.38337 ], [ -99.20778, 19.38407 ] ] ] } },
{ "type": "Feature", "properties": { "colonia": "PUEBLO QUIETO", "alcaldia": "TLALPAN", "cveut": "12-133" }, "geometry": { "type": "Polygon", "coordinates": [ [ [ -99.16044, 19.29853 ], [ -99.1617, 19.29991 ], [ -99.15935, 19.30005 ], [ -99.15741, 19.29782 ], [ -99.15796, 19.29648 ], [ -99.16044, 19.29653 ], [ -99.16044, 19.29853 ] ] ] } },
{ "type": "Feature", "properties": { "colonia": "ALBARRADAS (U HAB)", "alcaldia": "IZTAPALAPA", "cveut": "07-002" }, "geometry": { "type": "Polygon", "coordinates": [ [ [ -99.06177, 19.36011 ], [ -99.06046, 19.36005 ], [ -99.06204, 19.3535 ], [ -99.06346, 19.35383 ], [ -99.06177, 19.36011 ] ] ] } },
{ "type": "Feature", "properties": { "colonia": "AVIACION CIVIL (AMPL)", "alcaldia": "VENUSTIANO CARRANZA", "cveut": "17-008" }, "geometry": { "type": "Polygon", "coordinates": [ [ [ -99.07514, 19.41542 ], [ -99.0756, 19.41099 ], [ -99.07687, 19.40897 ], [ -99.07867, 19.41003 ], [ -99.07514, 19.41542 ] ] ] } },
{ "type": "Feature", "properties": { "colonia": "COPILCO UNIVERSIDAD I", "alcaldia": "COYOACAN", "cveut": "03-024" }, "geometry": { "type": "Polygon", "coordinates": [ [ [ -99.18413, 19.33752 ], [ -99.18172, 19.33836 ], [ -99.17608, 19.3363 ], [ -99.17928, 19.33574 ], [ -99.18413, 19.33752 ] ] ] } },
{ "type": "Feature", "properties": { "colonia": "ARBOLEDAS", "alcaldia": "IZTAPALAPA", "cveut": "07-010" }, "geometry": { "type": "Polygon", "coordinates": [ [ [ -99.04527, 19.31339 ], [ -99.04658, 19.3117 ], [ -99.04813, 19.31279 ], [ -99.04963, 19.31093 ], [ -99.05121, 19.31211 ], [ -99.0495, 19.31379 ], [ -99.04816, 19.31281 ], [ -99.04662, 19.31493 ], [ -99.04527, 19.31339 ] ] ] } },
{ "type": "Feature", "properties": { "colonia": "ZENON DELGADO", "alcaldia": "ALVARO OBREGON", "cveut": "10-239" }, "geometry": { "type": "Polygon", "coordinates": [ [ [ -99.21591, 19.3924 ], [ -99.21384, 19.38828 ], [ -99.21862, 19.38666 ], [ -99.21587, 19.39064 ], [ -99.21591, 19.3924 ] ] ] } },
{ "type": "Feature", "properties": { "colonia": "ATACAXCO", "alcaldia": "LA MAGDALENA CONTRERAS", "cveut": "08-001" }, "geometry": { "type": "Polygon", "coordinates": [ [ [ -99.24857, 19.31444 ], [ -99.25117, 19.31465 ], [ -99.25255, 19.31372 ], [ -99.25365, 19.3142 ], [ -99.25282, 19.31649 ], [ -99.24888, 19.31583 ], [ -99.2478, 19.31524 ], [ -99.24857, 19.31444 ] ] ] } },
{ "type": "Feature", "properties": { "colonia": "TRIUNFO DE LA REPUBLICA", "alcaldia": "GUSTAVO A. MADERO", "cveut": "05-190" }, "geometry": { "type": "Polygon", "coordinates": [ [ [ -99.10585, 19.49249 ], [ -99.10381, 19.49415 ], [ -99.10543, 19.49174 ], [ -99.10971, 19.49227 ], [ -99.11477, 19.48809 ], [ -99.11298, 19.4897 ], [ -99.11171, 19.49319 ], [ -99.10585, 19.49249 ] ] ] } },
{ "type": "Feature", "properties": { "colonia": "LA PRADERA I (U HAB)", "alcaldia": "GUSTAVO A. MADERO", "cveut": "05-109" }, "geometry": { "type": "Polygon", "coordinates": [ [ [ -99.06245, 19.47664 ], [ -99.06083, 19.47272 ], [ -99.06182, 19.47183 ], [ -99.06487, 19.475 ], [ -99.06245, 19.47664 ] ] ] } },
{ "type": "Feature", "properties": { "colonia": "LIBERTAD", "alcaldia": "AZCAPOTZALCO", "cveut": "02-044" }, "geometry": { "type": "Polygon", "coordinates": [ [ [ -99.17933, 19.47967 ], [ -99.175, 19.47889 ], [ -99.17524, 19.47683 ], [ -99.17977, 19.47781 ], [ -99.17933, 19.47967 ] ] ] } },
{ "type": "Feature", "properties": { "colonia": "TECORRAL", "alcaldia": "TLALPAN", "cveut": "12-167" }, "geometry": { "type": "Polygon", "coordinates": [ [ [ -99.16571, 19.2585 ], [ -99.1671, 19.25838 ], [ -99.16939, 19.25885 ], [ -99.16607, 19.26204 ], [ -99.16475, 19.26042 ], [ -99.16571, 19.2585 ] ] ] } },
{ "type": "Feature", "properties": { "colonia": "ATENOR SALAS", "alcaldia": "BENITO JUAREZ", "cveut": "14-007" }, "geometry": { "type": "Polygon", "coordinates": [ [ [ -99.14515, 19.40241 ], [ -99.1506, 19.40217 ], [ -99.15029, 19.40404 ], [ -99.14499, 19.40388 ], [ -99.14515, 19.40241 ] ] ] } },
{ "type": "Feature", "properties": { "colonia": "SIDERAL", "alcaldia": "IZTAPALAPA", "cveut": "07-221" }, "geometry": { "type": "Polygon", "coordinates": [ [ [ -99.06768, 19.37393 ], [ -99.06482, 19.37499 ], [ -99.06298, 19.37536 ], [ -99.0643, 19.37256 ], [ -99.06787, 19.37232 ], [ -99.06768, 19.37393 ] ] ] } },
{ "type": "Feature", "properties": { "colonia": "INFONAVIT IZTACALCO (U HAB) III", "alcaldia": "IZTACALCO", "cveut": "06-063" }, "geometry": { "type": "Polygon", "coordinates": [ [ [ -99.10876, 19.38114 ], [ -99.10773, 19.3844 ], [ -99.10518, 19.38353 ], [ -99.10565, 19.3808 ], [ -99.10876, 19.38114 ] ] ] } },
{ "type": "Feature", "properties": { "colonia": "SAN LORENZO TEZONCO I (U HAB)", "alcaldia": "IZTAPALAPA", "cveut": "07-192" }, "geometry": { "type": "Polygon", "coordinates": [ [ [ -99.0728, 19.33522 ], [ -99.07461, 19.33558 ], [ -99.07438, 19.33859 ], [ -99.06992, 19.33656 ], [ -99.07007, 19.33563 ], [ -99.07231, 19.33602 ], [ -99.0728, 19.33522 ] ] ] } },
{ "type": "Feature", "properties": { "colonia": "CUCHILLA LA JOYA", "alcaldia": "GUSTAVO A. MADERO", "cveut": "05-036" }, "geometry": { "type": "Polygon", "coordinates": [ [ [ -99.10912, 19.46104 ], [ -99.10945, 19.46024 ], [ -99.11192, 19.45425 ], [ -99.11251, 19.45467 ], [ -99.11081, 19.4616 ], [ -99.10912, 19.46104 ] ] ] } },
{ "type": "Feature", "properties": { "colonia": "GOLONDRINAS", "alcaldia": "ALVARO OBREGON", "cveut": "10-079" }, "geometry": { "type": "Polygon", "coordinates": [ [ [ -99.21618, 19.37768 ], [ -99.21539, 19.37881 ], [ -99.20935, 19.38058 ], [ -99.21436, 19.37693 ], [ -99.21574, 19.37644 ], [ -99.21618, 19.37768 ] ] ] } },
{ "type": "Feature", "properties": { "colonia": "EL MIRADOR 2A y 3A SECC", "alcaldia": "TLALPAN", "cveut": "12-097" }, "geometry": { "type": "Polygon", "coordinates": [ [ [ -99.18232, 19.26891 ], [ -99.18703, 19.26936 ], [ -99.18692, 19.27038 ], [ -99.18154, 19.27146 ], [ -99.18232, 19.26891 ] ] ] } },
{ "type": "Feature", "properties": { "colonia": "DESARROLLO URBANO", "alcaldia": "ALVARO OBREGON", "cveut": "10-052" }, "geometry": { "type": "Polygon", "coordinates": [ [ [ -99.21906, 19.38309 ], [ -99.2185, 19.38124 ], [ -99.22461, 19.38045 ], [ -99.22327, 19.38216 ], [ -99.21906, 19.38309 ] ] ] } },
{ "type": "Feature", "properties": { "colonia": "TEPETONGO", "alcaldia": "TLALPAN", "cveut": "12-171" }, "geometry": { "type": "Polygon", "coordinates": [ [ [ -99.19078, 19.27008 ], [ -99.18885, 19.27296 ], [ -99.18741, 19.27267 ], [ -99.18777, 19.27139 ], [ -99.18563, 19.27065 ], [ -99.18692, 19.27038 ], [ -99.18703, 19.26936 ], [ -99.19078, 19.27008 ] ] ] } },
{ "type": "Feature", "properties": { "colonia": "SANTA CECILIA II", "alcaldia": "COYOACAN", "cveut": "03-169" }, "geometry": { "type": "Polygon", "coordinates": [ [ [ -99.11548, 19.30638 ], [ -99.11208, 19.30596 ], [ -99.11396, 19.3059 ], [ -99.11423, 19.30072 ], [ -99.11682, 19.30132 ], [ -99.11581, 19.30123 ], [ -99.11548, 19.30638 ] ] ] } },
{ "type": "Feature", "properties": { "colonia": "MIRADOR I", "alcaldia": "TLALPAN", "cveut": "12-100" }, "geometry": { "type": "Polygon", "coordinates": [ [ [ -99.22188, 19.27169 ], [ -99.22091, 19.27285 ], [ -99.21645, 19.27164 ], [ -99.2201, 19.26959 ], [ -99.22188, 19.27169 ] ] ] } },
{ "type": "Feature", "properties": { "colonia": "PEMEX PRADOS DEL ROSARIO (U HAB)", "alcaldia": "AZCAPOTZALCO", "cveut": "02-058" }, "geometry": { "type": "Polygon", "coordinates": [ [ [ -99.21053, 19.50834 ], [ -99.20483, 19.50183 ], [ -99.20598, 19.50068 ], [ -99.20678, 19.50104 ], [ -99.20636, 19.50287 ], [ -99.20725, 19.50394 ], [ -99.2114, 19.50686 ], [ -99.21053, 19.50834 ] ] ] } },
{ "type": "Feature", "properties": { "colonia": "PARQUE METROPOLITANO", "alcaldia": "GUSTAVO A. MADERO", "cveut": "05-135" }, "geometry": { "type": "Polygon", "coordinates": [ [ [ -99.13139, 19.57077 ], [ -99.12983, 19.57117 ], [ -99.13089, 19.56559 ], [ -99.13274, 19.56592 ], [ -99.13139, 19.57077 ] ] ] } },
{ "type": "Feature", "properties": { "colonia": "FAJA DE ORO", "alcaldia": "GUSTAVO A. MADERO", "cveut": "05-058" }, "geometry": { "type": "Polygon", "coordinates": [ [ [ -99.1041, 19.46482 ], [ -99.10759, 19.46615 ], [ -99.10681, 19.46803 ], [ -99.10289, 19.46649 ], [ -99.10548, 19.46154 ], [ -99.1041, 19.46482 ] ] ] } },
{ "type": "Feature", "properties": { "colonia": "CHIMALI", "alcaldia": "TLALPAN", "cveut": "12-225" }, "geometry": { "type": "Polygon", "coordinates": [ [ [ -99.14143, 19.2916 ], [ -99.14584, 19.29282 ], [ -99.1451, 19.29469 ], [ -99.14092, 19.29347 ], [ -99.14143, 19.2916 ] ] ] } },
{ "type": "Feature", "properties": { "colonia": "MIGUEL HIDALGO", "alcaldia": "ALVARO OBREGON", "cveut": "10-154" }, "geometry": { "type": "Polygon", "coordinates": [ [ [ -99.21824, 19.33543 ], [ -99.21346, 19.33794 ], [ -99.21338, 19.33652 ], [ -99.2232, 19.33317 ], [ -99.2227, 19.33441 ], [ -99.21824, 19.33543 ] ] ] } },
{ "type": "Feature", "properties": { "colonia": "LORETO", "alcaldia": "ALVARO OBREGON", "cveut": "10-145" }, "geometry": { "type": "Polygon", "coordinates": [ [ [ -99.19198, 19.34193 ], [ -99.18939, 19.34264 ], [ -99.19053, 19.33874 ], [ -99.19232, 19.33868 ], [ -99.19224, 19.33987 ], [ -99.19336, 19.33999 ], [ -99.19198, 19.34193 ] ] ] } },
{ "type": "Feature", "properties": { "colonia": "SAN FRANCISCO XOCOTITLA", "alcaldia": "AZCAPOTZALCO", "cveut": "02-078" }, "geometry": { "type": "Polygon", "coordinates": [ [ [ -99.14983, 19.46885 ], [ -99.1444, 19.46924 ], [ -99.14364, 19.46716 ], [ -99.14998, 19.46793 ], [ -99.14983, 19.46885 ] ] ] } },
{ "type": "Feature", "properties": { "colonia": "CALZADA JALALPA", "alcaldia": "ALVARO OBREGON", "cveut": "10-034" }, "geometry": { "type": "Polygon", "coordinates": [ [ [ -99.22666, 19.37827 ], [ -99.22511, 19.38237 ], [ -99.21982, 19.38462 ], [ -99.2196, 19.38351 ], [ -99.22327, 19.38216 ], [ -99.22666, 19.37827 ] ] ] } },
{ "type": "Feature", "properties": { "colonia": "LOS SAUCES (FRACC)", "alcaldia": "COYOACAN", "cveut": "03-080" }, "geometry": { "type": "Polygon", "coordinates": [ [ [ -99.11704, 19.30653 ], [ -99.11548, 19.30638 ], [ -99.11581, 19.30123 ], [ -99.11771, 19.30178 ], [ -99.11704, 19.30653 ] ] ] } },
{ "type": "Feature", "properties": { "colonia": "1RA VICTORIA SECCION BOSQUES", "alcaldia": "ALVARO OBREGON", "cveut": "10-243" }, "geometry": { "type": "Polygon", "coordinates": [ [ [ -99.19911, 19.38458 ], [ -99.19971, 19.38716 ], [ -99.19792, 19.38881 ], [ -99.19521, 19.38846 ], [ -99.19911, 19.38458 ] ] ] } },
{ "type": "Feature", "properties": { "colonia": "VILLA PANAMERICANA 7MA. SECCIÓN (U HAB)", "alcaldia": "COYOACAN", "cveut": "03-121" }, "geometry": { "type": "Polygon", "coordinates": [ [ [ -99.1699, 19.30587 ], [ -99.16765, 19.30674 ], [ -99.16589, 19.30338 ], [ -99.16779, 19.30247 ], [ -99.1699, 19.30587 ] ] ] } },
{ "type": "Feature", "properties": { "colonia": "SANTA MARIA TOMATLAN (AMPL)", "alcaldia": "IZTAPALAPA", "cveut": "07-213" }, "geometry": { "type": "Polygon", "coordinates": [ [ [ -99.09737, 19.33042 ], [ -99.09381, 19.32989 ], [ -99.09397, 19.32821 ], [ -99.09895, 19.32812 ], [ -99.09737, 19.33042 ] ] ] } },
{ "type": "Feature", "properties": { "colonia": "INFONAVIT IZTACALCO (U HAB) II", "alcaldia": "IZTACALCO", "cveut": "06-053" }, "geometry": { "type": "Polygon", "coordinates": [ [ [ -99.10876, 19.38114 ], [ -99.1106, 19.3814 ], [ -99.11137, 19.38446 ], [ -99.10773, 19.3844 ], [ -99.10876, 19.38114 ] ] ] } },
{ "type": "Feature", "properties": { "colonia": "VISTAS DEL PEDREGAL", "alcaldia": "TLALPAN", "cveut": "12-198" }, "geometry": { "type": "Polygon", "coordinates": [ [ [ -99.23543, 19.26981 ], [ -99.23587, 19.27522 ], [ -99.23386, 19.27435 ], [ -99.23404, 19.26947 ], [ -99.23543, 19.26981 ] ] ] } },
{ "type": "Feature", "properties": { "colonia": "POPO", "alcaldia": "MIGUEL HIDALGO", "cveut": "16-066" }, "geometry": { "type": "Polygon", "coordinates": [ [ [ -99.2015, 19.44771 ], [ -99.1975, 19.44558 ], [ -99.19775, 19.44389 ], [ -99.20222, 19.44576 ], [ -99.2015, 19.44771 ] ] ] } },
{ "type": "Feature", "properties": { "colonia": "LOMAS DE SANTA FE", "alcaldia": "ALVARO OBREGON", "cveut": "10-140" }, "geometry": { "type": "Polygon", "coordinates": [ [ [ -99.24348, 19.38605 ], [ -99.24264, 19.38707 ], [ -99.23985, 19.38889 ], [ -99.23918, 19.38724 ], [ -99.24128, 19.38478 ], [ -99.24348, 19.38605 ] ] ] } },
{ "type": "Feature", "properties": { "colonia": "PERIODISTA FRANCISCO ZARCO", "alcaldia": "BENITO JUAREZ", "cveut": "14-035" }, "geometry": { "type": "Polygon", "coordinates": [ [ [ -99.14747, 19.384 ], [ -99.14513, 19.38364 ], [ -99.14343, 19.38093 ], [ -99.14781, 19.3814 ], [ -99.14747, 19.384 ] ] ] } },
{ "type": "Feature", "properties": { "colonia": "IMAN 580 (U HAB)", "alcaldia": "COYOACAN", "cveut": "03-055" }, "geometry": { "type": "Polygon", "coordinates": [ [ [ -99.17395, 19.31045 ], [ -99.17068, 19.31233 ], [ -99.16988, 19.31189 ], [ -99.16974, 19.31025 ], [ -99.17322, 19.30865 ], [ -99.17395, 19.31045 ] ] ] } },
{ "type": "Feature", "properties": { "colonia": "SIERRA DEL VALLE", "alcaldia": "IZTAPALAPA", "cveut": "07-222" }, "geometry": { "type": "Polygon", "coordinates": [ [ [ -99.02949, 19.34199 ], [ -99.03249, 19.34179 ], [ -99.03407, 19.34388 ], [ -99.02954, 19.34433 ], [ -99.02949, 19.34199 ] ] ] } },
{ "type": "Feature", "properties": { "colonia": "TULA (BARR)", "alcaldia": "IZTAPALAPA", "cveut": "07-234" }, "geometry": { "type": "Polygon", "coordinates": [ [ [ -99.11418, 19.3389 ], [ -99.10899, 19.33816 ], [ -99.10899, 19.33796 ], [ -99.11047, 19.33814 ], [ -99.11209, 19.33424 ], [ -99.11418, 19.3389 ] ] ] } },
{ "type": "Feature", "properties": { "colonia": "INDEPENDENCIA BATAN SUR (U HAB)", "alcaldia": "LA MAGDALENA CONTRERAS", "cveut": "08-016" }, "geometry": { "type": "Polygon", "coordinates": [ [ [ -99.21032, 19.33116 ], [ -99.21383, 19.33183 ], [ -99.21388, 19.33299 ], [ -99.20907, 19.33421 ], [ -99.21032, 19.33116 ] ] ] } },
{ "type": "Feature", "properties": { "colonia": "AGUILERA", "alcaldia": "AZCAPOTZALCO", "cveut": "02-001" }, "geometry": { "type": "Polygon", "coordinates": [ [ [ -99.15901, 19.47374 ], [ -99.15266, 19.4733 ], [ -99.15294, 19.47171 ], [ -99.15912, 19.47263 ], [ -99.15901, 19.47374 ] ] ] } },
{ "type": "Feature", "properties": { "colonia": "SANTA CRUZ ACAYUCAN (PBLO)", "alcaldia": "AZCAPOTZALCO", "cveut": "02-092" }, "geometry": { "type": "Polygon", "coordinates": [ [ [ -99.19231, 19.47806 ], [ -99.19367, 19.47423 ], [ -99.19777, 19.47503 ], [ -99.19299, 19.47775 ], [ -99.19231, 19.47806 ] ] ] } },
{ "type": "Feature", "properties": { "colonia": "CONCORDIA ZARAGOZA (U HAB)", "alcaldia": "IZTAPALAPA", "cveut": "07-032" }, "geometry": { "type": "Polygon", "coordinates": [ [ [ -99.00578, 19.36798 ], [ -99.00673, 19.36578 ], [ -99.01013, 19.36886 ], [ -99.00906, 19.37018 ], [ -99.00578, 19.36798 ] ] ] } },
{ "type": "Feature", "properties": { "colonia": "LOS OLIVOS (FRACC)", "alcaldia": "COYOACAN", "cveut": "03-076" }, "geometry": { "type": "Polygon", "coordinates": [ [ [ -99.13216, 19.3163 ], [ -99.12985, 19.31448 ], [ -99.13394, 19.31032 ], [ -99.13216, 19.3163 ] ] ] } },
{ "type": "Feature", "properties": { "colonia": "TEPEACA (AMPL)", "alcaldia": "ALVARO OBREGON", "cveut": "10-211" }, "geometry": { "type": "Polygon", "coordinates": [ [ [ -99.23566, 19.35936 ], [ -99.23653, 19.3614 ], [ -99.23344, 19.3627 ], [ -99.23217, 19.3615 ], [ -99.23465, 19.3592 ], [ -99.23566, 19.35936 ] ] ] } },
{ "type": "Feature", "properties": { "colonia": "EL ROSEDAL II", "alcaldia": "COYOACAN", "cveut": "03-149" }, "geometry": { "type": "Polygon", "coordinates": [ [ [ -99.15017, 19.33996 ], [ -99.14745, 19.33819 ], [ -99.14807, 19.33559 ], [ -99.15205, 19.33965 ], [ -99.15017, 19.33996 ] ] ] } },
{ "type": "Feature", "properties": { "colonia": "ESTRELLA CULHUACAN", "alcaldia": "IZTAPALAPA", "cveut": "07-073" }, "geometry": { "type": "Polygon", "coordinates": [ [ [ -99.10999, 19.33235 ], [ -99.10676, 19.33233 ], [ -99.10668, 19.33299 ], [ -99.10524, 19.33271 ], [ -99.10551, 19.3311 ], [ -99.10853, 19.32978 ], [ -99.10999, 19.33235 ] ] ] } },
{ "type": "Feature", "properties": { "colonia": "JARDINES DE CHURUBUSCO", "alcaldia": "IZTAPALAPA", "cveut": "07-098" }, "geometry": { "type": "Polygon", "coordinates": [ [ [ -99.10838, 19.37666 ], [ -99.10461, 19.37613 ], [ -99.10578, 19.3733 ], [ -99.10754, 19.3734 ], [ -99.10838, 19.37666 ] ] ] } },
{ "type": "Feature", "properties": { "colonia": "SAN ANTONIO (BARR)", "alcaldia": "XOCHIMILCO", "cveut": "13-036" }, "geometry": { "type": "Polygon", "coordinates": [ [ [ -99.10851, 19.26149 ], [ -99.10815, 19.26459 ], [ -99.10509, 19.26461 ], [ -99.10571, 19.26197 ], [ -99.10721, 19.26214 ], [ -99.10769, 19.26081 ], [ -99.10851, 19.26149 ] ] ] } },
{ "type": "Feature", "properties": { "colonia": "COPILCO EL BAJO", "alcaldia": "COYOACAN", "cveut": "03-023" }, "geometry": { "type": "Polygon", "coordinates": [ [ [ -99.18626, 19.33793 ], [ -99.18964, 19.33843 ], [ -99.19043, 19.33874 ], [ -99.18691, 19.34139 ], [ -99.18609, 19.34035 ], [ -99.18626, 19.33793 ] ] ] } },
{ "type": "Feature", "properties": { "colonia": "CUITLAHUAC 1 Y 2 (U HAB)", "alcaldia": "AZCAPOTZALCO", "cveut": "02-013" }, "geometry": { "type": "Polygon", "coordinates": [ [ [ -99.16884, 19.47355 ], [ -99.16359, 19.47237 ], [ -99.16953, 19.47052 ], [ -99.16884, 19.47355 ] ] ] } },
{ "type": "Feature", "properties": { "colonia": "VILLA PANAMERICANA 5TA. SECCIÓN (U HAB)", "alcaldia": "COYOACAN", "cveut": "03-119" }, "geometry": { "type": "Polygon", "coordinates": [ [ [ -99.17021, 19.30822 ], [ -99.16897, 19.3114 ], [ -99.16572, 19.30923 ], [ -99.16938, 19.30763 ], [ -99.17021, 19.30822 ] ] ] } },
{ "type": "Feature", "properties": { "colonia": "SANTA CRUZ (BARR)", "alcaldia": "IZTACALCO", "cveut": "06-033" }, "geometry": { "type": "Polygon", "coordinates": [ [ [ -99.11864, 19.38694 ], [ -99.1224, 19.38712 ], [ -99.12198, 19.38946 ], [ -99.11802, 19.38875 ], [ -99.11864, 19.38694 ] ] ] } },
{ "type": "Feature", "properties": { "colonia": "MOSCO CHINAMPA", "alcaldia": "IZTACALCO", "cveut": "06-020" }, "geometry": { "type": "Polygon", "coordinates": [ [ [ -99.10034, 19.38572 ], [ -99.10083, 19.3881 ], [ -99.10242, 19.38859 ], [ -99.10227, 19.38996 ], [ -99.10049, 19.3898 ], [ -99.10021, 19.3925 ], [ -99.09905, 19.39239 ], [ -99.10034, 19.38572 ] ] ] } },
{ "type": "Feature", "properties": { "colonia": "FERNANDO CASAS ALEMAN", "alcaldia": "GUSTAVO A. MADERO", "cveut": "05-059" }, "geometry": { "type": "Polygon", "coordinates": [ [ [ -99.09744, 19.45094 ], [ -99.09633, 19.45477 ], [ -99.09297, 19.45161 ], [ -99.09744, 19.45094 ] ] ] } },
{ "type": "Feature", "properties": { "colonia": "VILLA PROGRESISTA", "alcaldia": "ALVARO OBREGON", "cveut": "10-236" }, "geometry": { "type": "Polygon", "coordinates": [ [ [ -99.24369, 19.35705 ], [ -99.2418, 19.35808 ], [ -99.24064, 19.35551 ], [ -99.24311, 19.35416 ], [ -99.24422, 19.35559 ], [ -99.24369, 19.35705 ] ] ] } },
{ "type": "Feature", "properties": { "colonia": "BELEM (BARR)", "alcaldia": "XOCHIMILCO", "cveut": "13-004" }, "geometry": { "type": "Polygon", "coordinates": [ [ [ -99.10085, 19.2599 ], [ -99.09976, 19.26004 ], [ -99.10042, 19.25856 ], [ -99.10423, 19.25934 ], [ -99.10373, 19.26159 ], [ -99.10134, 19.26108 ], [ -99.10085, 19.2599 ] ] ] } },
{ "type": "Feature", "properties": { "colonia": "PRADOS DE COYOACAN 2", "alcaldia": "COYOACAN", "cveut": "03-168" }, "geometry": { "type": "Polygon", "coordinates": [ [ [ -99.13808, 19.31962 ], [ -99.13797, 19.32315 ], [ -99.13705, 19.32323 ], [ -99.1346, 19.32309 ], [ -99.13322, 19.32133 ], [ -99.13762, 19.32122 ], [ -99.13808, 19.31962 ] ] ] } },
{ "type": "Feature", "properties": { "colonia": "TESMIC (RDCIAL)", "alcaldia": "XOCHIMILCO", "cveut": "13-070" }, "geometry": { "type": "Polygon", "coordinates": [ [ [ -99.10431, 19.24253 ], [ -99.10582, 19.24148 ], [ -99.10794, 19.24159 ], [ -99.10794, 19.24413 ], [ -99.10523, 19.24418 ], [ -99.10431, 19.24253 ] ] ] } },
{ "type": "Feature", "properties": { "colonia": "SAN LORENZO TEZONCO II (U HAB)", "alcaldia": "IZTAPALAPA", "cveut": "07-193" }, "geometry": { "type": "Polygon", "coordinates": [ [ [ -99.06992, 19.33656 ], [ -99.06432, 19.33401 ], [ -99.06432, 19.33371 ], [ -99.06552, 19.33396 ], [ -99.06584, 19.33221 ], [ -99.0669, 19.3324 ], [ -99.06657, 19.33414 ], [ -99.07021, 19.33478 ], [ -99.06992, 19.33656 ] ] ] } },
{ "type": "Feature", "properties": { "colonia": "SAN BERNABE (BARR)", "alcaldia": "AZCAPOTZALCO", "cveut": "02-076" }, "geometry": { "type": "Polygon", "coordinates": [ [ [ -99.17188, 19.46959 ], [ -99.1731, 19.46548 ], [ -99.17614, 19.46845 ], [ -99.17188, 19.46959 ] ] ] } },
{ "type": "Feature", "properties": { "colonia": "SEVILLA", "alcaldia": "VENUSTIANO CARRANZA", "cveut": "17-057" }, "geometry": { "type": "Polygon", "coordinates": [ [ [ -99.12436, 19.41236 ], [ -99.12196, 19.41246 ], [ -99.12187, 19.40919 ], [ -99.12426, 19.40892 ], [ -99.12436, 19.41236 ] ] ] } },
{ "type": "Feature", "properties": { "colonia": "ALFALFAR", "alcaldia": "ALVARO OBREGON", "cveut": "10-008" }, "geometry": { "type": "Polygon", "coordinates": [ [ [ -99.19875, 19.37814 ], [ -99.19936, 19.37418 ], [ -99.20275, 19.3747 ], [ -99.20235, 19.37561 ], [ -99.19875, 19.37814 ] ] ] } },
{ "type": "Feature", "properties": { "colonia": "M MAZA DE JUAREZ (U HAB)", "alcaldia": "IZTAPALAPA", "cveut": "07-136" }, "geometry": { "type": "Polygon", "coordinates": [ [ [ -99.07218, 19.3656 ], [ -99.06902, 19.37315 ], [ -99.06768, 19.37393 ], [ -99.07123, 19.36552 ], [ -99.07218, 19.3656 ] ] ] } },
{ "type": "Feature", "properties": { "colonia": "EBANO (U HAB)", "alcaldia": "CUAJIMALPA DE MORELOS", "cveut": "04-014" }, "geometry": { "type": "Polygon", "coordinates": [ [ [ -99.29032, 19.3756 ], [ -99.2893, 19.3769 ], [ -99.28777, 19.37633 ], [ -99.28865, 19.37511 ], [ -99.2876, 19.37489 ], [ -99.28876, 19.37243 ], [ -99.2895, 19.37412 ], [ -99.29024, 19.37086 ], [ -99.29032, 19.3756 ] ] ] } },
{ "type": "Feature", "properties": { "colonia": "INFONAVIT CULHUACAN ZONA 3 (U HAB)", "alcaldia": "COYOACAN", "cveut": "03-058" }, "geometry": { "type": "Polygon", "coordinates": [ [ [ -99.11652, 19.32854 ], [ -99.11672, 19.32664 ], [ -99.11986, 19.32657 ], [ -99.12071, 19.32823 ], [ -99.12066, 19.32887 ], [ -99.11652, 19.32854 ] ] ] } },
{ "type": "Feature", "properties": { "colonia": "PLAZA ORIENTE (RDCIAL)", "alcaldia": "GUSTAVO A. MADERO", "cveut": "05-138" }, "geometry": { "type": "Polygon", "coordinates": [ [ [ -99.0942, 19.48682 ], [ -99.0908, 19.48547 ], [ -99.0915, 19.48376 ], [ -99.09519, 19.48458 ], [ -99.0942, 19.48682 ] ] ] } },
{ "type": "Feature", "properties": { "colonia": "PEÑON VIEJO (U HAB)", "alcaldia": "IZTAPALAPA", "cveut": "07-158" }, "geometry": { "type": "Polygon", "coordinates": [ [ [ -99.0296, 19.37783 ], [ -99.02778, 19.37742 ], [ -99.02899, 19.37619 ], [ -99.02816, 19.37456 ], [ -99.03008, 19.37414 ], [ -99.0315, 19.37683 ], [ -99.0296, 19.37783 ] ] ] } },
{ "type": "Feature", "properties": { "colonia": "SAUZALES CEBADALES (U HAB)", "alcaldia": "TLALPAN", "cveut": "12-164" }, "geometry": { "type": "Polygon", "coordinates": [ [ [ -99.11147, 19.30006 ], [ -99.10947, 19.29961 ], [ -99.11013, 19.29579 ], [ -99.11208, 19.29616 ], [ -99.11147, 19.30006 ] ] ] } },
{ "type": "Feature", "properties": { "colonia": "19 DE MAYO", "alcaldia": "ALVARO OBREGON", "cveut": "10-241" }, "geometry": { "type": "Polygon", "coordinates": [ [ [ -99.25443, 19.36353 ], [ -99.25239, 19.36456 ], [ -99.2522, 19.36101 ], [ -99.25426, 19.3596 ], [ -99.25443, 19.36353 ] ] ] } },
{ "type": "Feature", "properties": { "colonia": "VALLE DE LUCES (U HAB)", "alcaldia": "IZTAPALAPA", "cveut": "07-236" }, "geometry": { "type": "Polygon", "coordinates": [ [ [ -99.104, 19.34075 ], [ -99.10659, 19.34056 ], [ -99.10574, 19.34328 ], [ -99.10256, 19.34236 ], [ -99.10333, 19.33981 ], [ -99.104, 19.34075 ] ] ] } },
{ "type": "Feature", "properties": { "colonia": "CAÑADA DEL OLIVAR (U HAB)", "alcaldia": "ALVARO OBREGON", "cveut": "10-036" }, "geometry": { "type": "Polygon", "coordinates": [ [ [ -99.20697, 19.37049 ], [ -99.20704, 19.36924 ], [ -99.21137, 19.3677 ], [ -99.21144, 19.37002 ], [ -99.20697, 19.37049 ] ] ] } },
{ "type": "Feature", "properties": { "colonia": "PROGRESISTA", "alcaldia": "VENUSTIANO CARRANZA", "cveut": "17-052" }, "geometry": { "type": "Polygon", "coordinates": [ [ [ -99.11054, 19.43763 ], [ -99.10702, 19.43716 ], [ -99.10857, 19.43516 ], [ -99.11097, 19.43415 ], [ -99.11054, 19.43763 ] ] ] } },
{ "type": "Feature", "properties": { "colonia": "VENUSTIANO CARRANZA (AMPL)", "alcaldia": "VENUSTIANO CARRANZA", "cveut": "17-063" }, "geometry": { "type": "Polygon", "coordinates": [ [ [ -99.1064, 19.44179 ], [ -99.10424, 19.44752 ], [ -99.10306, 19.44727 ], [ -99.10577, 19.44034 ], [ -99.1064, 19.44179 ] ] ] } },
{ "type": "Feature", "properties": { "colonia": "JOSE MARIA MORELOS Y PAVON II (U HAB)", "alcaldia": "GUSTAVO A. MADERO", "cveut": "05-089" }, "geometry": { "type": "MultiPolygon", "coordinates": [ [ [ [ -99.09169, 19.47666 ], [ -99.09171, 19.47663 ], [ -99.09169, 19.47667 ], [ -99.09169, 19.47666 ] ] ], [ [ [ -99.09178, 19.4767 ], [ -99.09312, 19.47725 ], [ -99.0912, 19.48214 ], [ -99.0898, 19.48163 ], [ -99.09178, 19.4767 ] ] ] ] } },
{ "type": "Feature", "properties": { "colonia": "CORPUS CHRISTY AMPL XOCOMECATLA", "alcaldia": "ALVARO OBREGON", "cveut": "10-048" }, "geometry": { "type": "Polygon", "coordinates": [ [ [ -99.24571, 19.36436 ], [ -99.24373, 19.36542 ], [ -99.24209, 19.36199 ], [ -99.24346, 19.36096 ], [ -99.24571, 19.36436 ] ] ] } },
{ "type": "Feature", "properties": { "colonia": "LA ASUNCION (BARR)", "alcaldia": "IZTACALCO", "cveut": "06-016" }, "geometry": { "type": "Polygon", "coordinates": [ [ [ -99.11697, 19.38855 ], [ -99.12225, 19.38904 ], [ -99.12208, 19.39028 ], [ -99.11666, 19.39018 ], [ -99.11697, 19.38855 ] ] ] } },
{ "type": "Feature", "properties": { "colonia": "ARVIDE", "alcaldia": "ALVARO OBREGON", "cveut": "10-019" }, "geometry": { "type": "Polygon", "coordinates": [ [ [ -99.2004, 19.38158 ], [ -99.20208, 19.38172 ], [ -99.2034, 19.38069 ], [ -99.20793, 19.38081 ], [ -99.20166, 19.383 ], [ -99.20021, 19.38237 ], [ -99.2004, 19.38158 ] ] ] } },
{ "type": "Feature", "properties": { "colonia": "LOMAS DE BEZARES II", "alcaldia": "MIGUEL HIDALGO", "cveut": "16-098" }, "geometry": { "type": "Polygon", "coordinates": [ [ [ -99.24739, 19.38923 ], [ -99.24391, 19.38897 ], [ -99.24339, 19.38698 ], [ -99.24548, 19.38739 ], [ -99.24729, 19.38626 ], [ -99.24739, 19.38923 ] ] ] } },
{ "type": "Feature", "properties": { "colonia": "ZACATIENDA", "alcaldia": "TLALPAN", "cveut": "12-202" }, "geometry": { "type": "Polygon", "coordinates": [ [ [ -99.16556, 19.25682 ], [ -99.16475, 19.26042 ], [ -99.16141, 19.25733 ], [ -99.16288, 19.25766 ], [ -99.16346, 19.25639 ], [ -99.16556, 19.25682 ] ] ] } },
{ "type": "Feature", "properties": { "colonia": "NUEVA GENERACION (U HAB)", "alcaldia": "IZTAPALAPA", "cveut": "07-150" }, "geometry": { "type": "Polygon", "coordinates": [ [ [ -99.0711, 19.2912 ], [ -99.06971, 19.2897 ], [ -99.07185, 19.28802 ], [ -99.07247, 19.28976 ], [ -99.0745, 19.28933 ], [ -99.07533, 19.29008 ], [ -99.0711, 19.2912 ] ] ] } },
{ "type": "Feature", "properties": { "colonia": "COSMOPOLITA (AMPL)", "alcaldia": "AZCAPOTZALCO", "cveut": "02-011" }, "geometry": { "type": "Polygon", "coordinates": [ [ [ -99.15921, 19.47142 ], [ -99.16303, 19.47114 ], [ -99.16355, 19.47241 ], [ -99.15901, 19.47374 ], [ -99.15921, 19.47142 ] ] ] } },
{ "type": "Feature", "properties": { "colonia": "PEDREGAL DE LA ZORRA", "alcaldia": "COYOACAN", "cveut": "03-087" }, "geometry": { "type": "Polygon", "coordinates": [ [ [ -99.15948, 19.30381 ], [ -99.16353, 19.30833 ], [ -99.15968, 19.30776 ], [ -99.15948, 19.30381 ] ] ] } },
{ "type": "Feature", "properties": { "colonia": "EL ARENAL 3A SECCION", "alcaldia": "VENUSTIANO CARRANZA", "cveut": "17-020" }, "geometry": { "type": "Polygon", "coordinates": [ [ [ -99.05941, 19.42664 ], [ -99.05796, 19.42639 ], [ -99.05427, 19.42595 ], [ -99.05527, 19.42378 ], [ -99.05704, 19.42415 ], [ -99.05941, 19.42664 ] ] ] } },
{ "type": "Feature", "properties": { "colonia": "LA PRADERA II (U HAB)", "alcaldia": "GUSTAVO A. MADERO", "cveut": "05-110" }, "geometry": { "type": "Polygon", "coordinates": [ [ [ -99.06651, 19.47101 ], [ -99.06351, 19.47356 ], [ -99.06182, 19.47183 ], [ -99.06361, 19.47038 ], [ -99.06392, 19.47155 ], [ -99.06505, 19.47 ], [ -99.06651, 19.47101 ] ] ] } },
{ "type": "Feature", "properties": { "colonia": "QUETZALCOATL 3", "alcaldia": "GUSTAVO A. MADERO", "cveut": "05-144" }, "geometry": { "type": "Polygon", "coordinates": [ [ [ -99.14256, 19.56089 ], [ -99.14035, 19.56052 ], [ -99.14112, 19.5566 ], [ -99.14321, 19.5586 ], [ -99.14256, 19.56089 ] ] ] } },
{ "type": "Feature", "properties": { "colonia": "MINERVA", "alcaldia": "IZTAPALAPA", "cveut": "07-141" }, "geometry": { "type": "Polygon", "coordinates": [ [ [ -99.10956, 19.3565 ], [ -99.10966, 19.34971 ], [ -99.11076, 19.34979 ], [ -99.11043, 19.35373 ], [ -99.11132, 19.35644 ], [ -99.10956, 19.3565 ] ] ] } },
{ "type": "Feature", "properties": { "colonia": "LA ESMERALDA II", "alcaldia": "GUSTAVO A. MADERO", "cveut": "05-253" }, "geometry": { "type": "Polygon", "coordinates": [ [ [ -99.08596, 19.4885 ], [ -99.08447, 19.48799 ], [ -99.08619, 19.48354 ], [ -99.08764, 19.48403 ], [ -99.08596, 19.4885 ] ] ] } },
{ "type": "Feature", "properties": { "colonia": "COYUYA (FRACC)", "alcaldia": "IZTACALCO", "cveut": "06-005" }, "geometry": { "type": "Polygon", "coordinates": [ [ [ -99.11383, 19.40161 ], [ -99.11361, 19.40304 ], [ -99.11339, 19.39828 ], [ -99.11423, 19.39826 ], [ -99.11699, 19.40158 ], [ -99.11383, 19.40161 ] ] ] } },
{ "type": "Feature", "properties": { "colonia": "CUILOTEPEC II", "alcaldia": "TLALPAN", "cveut": "12-031" }, "geometry": { "type": "Polygon", "coordinates": [ [ [ -99.22803, 19.26595 ], [ -99.23133, 19.26743 ], [ -99.2342, 19.2673 ], [ -99.23378, 19.2693 ], [ -99.23071, 19.26863 ], [ -99.22803, 19.26595 ] ] ] } },
{ "type": "Feature", "properties": { "colonia": "AHUEHUETES ANAHUAC", "alcaldia": "MIGUEL HIDALGO", "cveut": "16-002" }, "geometry": { "type": "Polygon", "coordinates": [ [ [ -99.19051, 19.45105 ], [ -99.18759, 19.45011 ], [ -99.18793, 19.44815 ], [ -99.19113, 19.4484 ], [ -99.19051, 19.45105 ] ] ] } },
{ "type": "Feature", "properties": { "colonia": "ISSFAM LAS ARMAS (U HAB)", "alcaldia": "AZCAPOTZALCO", "cveut": "02-037" }, "geometry": { "type": "Polygon", "coordinates": [ [ [ -99.21724, 19.48736 ], [ -99.21477, 19.48655 ], [ -99.21564, 19.48394 ], [ -99.21813, 19.4846 ], [ -99.21724, 19.48736 ] ] ] } },
{ "type": "Feature", "properties": { "colonia": "MANUEL RIVERA ANAYA CROC I (U HAB)", "alcaldia": "AZCAPOTZALCO", "cveut": "02-046" }, "geometry": { "type": "Polygon", "coordinates": [ [ [ -99.1918, 19.5106 ], [ -99.1915, 19.50883 ], [ -99.1972, 19.51056 ], [ -99.19687, 19.51148 ], [ -99.1918, 19.5106 ] ] ] } },
{ "type": "Feature", "properties": { "colonia": "ART 4TO CONSTITUCIONAL (U HAB)", "alcaldia": "IZTAPALAPA", "cveut": "07-011" }, "geometry": { "type": "Polygon", "coordinates": [ [ [ -99.0349, 19.36963 ], [ -99.03216, 19.368 ], [ -99.03325, 19.36611 ], [ -99.03605, 19.36753 ], [ -99.0349, 19.36963 ] ] ] } },
{ "type": "Feature", "properties": { "colonia": "TORRES DE PADIERNA", "alcaldia": "TLALPAN", "cveut": "12-181" }, "geometry": { "type": "Polygon", "coordinates": [ [ [ -99.22941, 19.283 ], [ -99.22742, 19.28313 ], [ -99.22708, 19.27945 ], [ -99.22924, 19.2797 ], [ -99.22941, 19.283 ] ] ] } },
{ "type": "Feature", "properties": { "colonia": "ZOTOLTITLA", "alcaldia": "ALVARO OBREGON", "cveut": "10-240" }, "geometry": { "type": "Polygon", "coordinates": [ [ [ -99.23647, 19.35139 ], [ -99.23538, 19.35177 ], [ -99.23615, 19.35277 ], [ -99.2355, 19.35319 ], [ -99.23121, 19.35111 ], [ -99.23504, 19.3503 ], [ -99.23647, 19.35139 ] ] ] } },
{ "type": "Feature", "properties": { "colonia": "VENTURA PEREZ DE ALBA", "alcaldia": "MIGUEL HIDALGO", "cveut": "16-083" }, "geometry": { "type": "Polygon", "coordinates": [ [ [ -99.19688, 19.45442 ], [ -99.19341, 19.45369 ], [ -99.19402, 19.45192 ], [ -99.19868, 19.45324 ], [ -99.19688, 19.45442 ] ] ] } },
{ "type": "Feature", "properties": { "colonia": "HUITZICO-LA POBLANITA", "alcaldia": "IZTAPALAPA", "cveut": "07-093" }, "geometry": { "type": "Polygon", "coordinates": [ [ [ -98.98064, 19.32467 ], [ -98.97942, 19.32799 ], [ -98.97766, 19.32776 ], [ -98.9787, 19.32389 ], [ -98.98064, 19.32467 ] ] ] } },
{ "type": "Feature", "properties": { "colonia": "LLANO REDONDO", "alcaldia": "ALVARO OBREGON", "cveut": "10-122" }, "geometry": { "type": "Polygon", "coordinates": [ [ [ -99.24515, 19.35315 ], [ -99.24699, 19.35688 ], [ -99.24596, 19.35555 ], [ -99.24471, 19.35729 ], [ -99.24369, 19.35705 ], [ -99.24422, 19.35559 ], [ -99.24304, 19.35416 ], [ -99.24515, 19.35315 ] ] ] } },
{ "type": "Feature", "properties": { "colonia": "PLANETARIO LINDAVISTA", "alcaldia": "GUSTAVO A. MADERO", "cveut": "05-137" }, "geometry": { "type": "Polygon", "coordinates": [ [ [ -99.1397, 19.49409 ], [ -99.1437, 19.49547 ], [ -99.14305, 19.49725 ], [ -99.1394, 19.49568 ], [ -99.1397, 19.49409 ] ] ] } },
{ "type": "Feature", "properties": { "colonia": "PRIVADA GAVILAN (U HAB)", "alcaldia": "IZTAPALAPA", "cveut": "07-163" }, "geometry": { "type": "Polygon", "coordinates": [ [ [ -99.07719, 19.36172 ], [ -99.07521, 19.36105 ], [ -99.07621, 19.3578 ], [ -99.07819, 19.35846 ], [ -99.07719, 19.36172 ] ] ] } },
{ "type": "Feature", "properties": { "colonia": "LA GUADALUPE", "alcaldia": "LA MAGDALENA CONTRERAS", "cveut": "08-023" }, "geometry": { "type": "Polygon", "coordinates": [ [ [ -99.23398, 19.30603 ], [ -99.23191, 19.3084 ], [ -99.22988, 19.30591 ], [ -99.23217, 19.30495 ], [ -99.23398, 19.30603 ] ] ] } },
{ "type": "Feature", "properties": { "colonia": "AVE REAL", "alcaldia": "ALVARO OBREGON", "cveut": "10-022" }, "geometry": { "type": "Polygon", "coordinates": [ [ [ -99.23961, 19.36169 ], [ -99.2398, 19.36304 ], [ -99.23667, 19.36283 ], [ -99.23624, 19.36025 ], [ -99.23753, 19.35957 ], [ -99.2379, 19.36103 ], [ -99.23961, 19.36169 ] ] ] } },
{ "type": "Feature", "properties": { "colonia": "PICOS IZTACALCO 1-A", "alcaldia": "IZTACALCO", "cveut": "06-023" }, "geometry": { "type": "Polygon", "coordinates": [ [ [ -99.11628, 19.3904 ], [ -99.11248, 19.38977 ], [ -99.11215, 19.38839 ], [ -99.11697, 19.38855 ], [ -99.11628, 19.3904 ] ] ] } },
{ "type": "Feature", "properties": { "colonia": "EMILIANO ZAPATA", "alcaldia": "COYOACAN", "cveut": "03-048" }, "geometry": { "type": "Polygon", "coordinates": [ [ [ -99.13847, 19.32474 ], [ -99.13952, 19.32815 ], [ -99.13699, 19.32846 ], [ -99.1371, 19.32474 ], [ -99.13847, 19.32474 ] ] ] } },
{ "type": "Feature", "properties": { "colonia": "TLACOYAQUE", "alcaldia": "ALVARO OBREGON", "cveut": "10-219" }, "geometry": { "type": "Polygon", "coordinates": [ [ [ -99.26593, 19.3193 ], [ -99.26558, 19.3223 ], [ -99.26648, 19.32264 ], [ -99.26413, 19.32398 ], [ -99.26412, 19.32073 ], [ -99.26525, 19.31857 ], [ -99.26593, 19.3193 ] ] ] } },
{ "type": "Feature", "properties": { "colonia": "TAXQUEÑA", "alcaldia": "COYOACAN", "cveut": "03-153" }, "geometry": { "type": "Polygon", "coordinates": [ [ [ -99.12371, 19.34095 ], [ -99.12182, 19.34067 ], [ -99.12272, 19.33749 ], [ -99.1251, 19.33804 ], [ -99.12371, 19.34095 ] ] ] } },
{ "type": "Feature", "properties": { "colonia": "JARDINES TECMA", "alcaldia": "IZTACALCO", "cveut": "06-014" }, "geometry": { "type": "Polygon", "coordinates": [ [ [ -99.11545, 19.38641 ], [ -99.11864, 19.38694 ], [ -99.11843, 19.38881 ], [ -99.11487, 19.38858 ], [ -99.11545, 19.38641 ] ] ] } },
{ "type": "Feature", "properties": { "colonia": "POTRERO DEL LLANO", "alcaldia": "AZCAPOTZALCO", "cveut": "02-062" }, "geometry": { "type": "Polygon", "coordinates": [ [ [ -99.16262, 19.47638 ], [ -99.15874, 19.47502 ], [ -99.15901, 19.47374 ], [ -99.16139, 19.4731 ], [ -99.16262, 19.47638 ] ] ] } },
{ "type": "Feature", "properties": { "colonia": "LOMAS DE CAPULIN", "alcaldia": "ALVARO OBREGON", "cveut": "10-128" }, "geometry": { "type": "Polygon", "coordinates": [ [ [ -99.26955, 19.3137 ], [ -99.26566, 19.31376 ], [ -99.26656, 19.31162 ], [ -99.26899, 19.31236 ], [ -99.27063, 19.3115 ], [ -99.26955, 19.3137 ] ] ] } },
{ "type": "Feature", "properties": { "colonia": "ORIENTE (AMPL)", "alcaldia": "TLALPAN", "cveut": "12-112" }, "geometry": { "type": "Polygon", "coordinates": [ [ [ -99.15903, 19.25077 ], [ -99.16264, 19.252 ], [ -99.16453, 19.2523 ], [ -99.16155, 19.25336 ], [ -99.15947, 19.25306 ], [ -99.15903, 19.25077 ] ] ] } },
{ "type": "Feature", "properties": { "colonia": "CONJUNTO URBANO CUEMANCO (U HAB)", "alcaldia": "TLALPAN", "cveut": "12-027" }, "geometry": { "type": "Polygon", "coordinates": [ [ [ -99.10561, 19.29339 ], [ -99.10615, 19.29963 ], [ -99.10498, 19.29969 ], [ -99.10457, 19.29362 ], [ -99.10561, 19.29339 ] ] ] } },
{ "type": "Feature", "properties": { "colonia": "TORRES SAN PEDRO (U HAB)", "alcaldia": "ALVARO OBREGON", "cveut": "10-230" }, "geometry": { "type": "Polygon", "coordinates": [ [ [ -99.19355, 19.39383 ], [ -99.1914, 19.39363 ], [ -99.19172, 19.3916 ], [ -99.19445, 19.38986 ], [ -99.19355, 19.39383 ] ] ] } },
{ "type": "Feature", "properties": { "colonia": "EL VERGEL TRIANGULO DE LAS AGUJAS II (U HAB)", "alcaldia": "IZTAPALAPA", "cveut": "07-068" }, "geometry": { "type": "Polygon", "coordinates": [ [ [ -99.08598, 19.30682 ], [ -99.08813, 19.30842 ], [ -99.08969, 19.30967 ], [ -99.08394, 19.30809 ], [ -99.08697, 19.30476 ], [ -99.08598, 19.30682 ] ] ] } },
{ "type": "Feature", "properties": { "colonia": "TIERRA Y LIBERTAD", "alcaldia": "TLAHUAC", "cveut": "11-051" }, "geometry": { "type": "Polygon", "coordinates": [ [ [ -99.00861, 19.25955 ], [ -99.00678, 19.26288 ], [ -99.00527, 19.26259 ], [ -99.00663, 19.25893 ], [ -99.00861, 19.25955 ] ] ] } },
{ "type": "Feature", "properties": { "colonia": "LOS GIRASOLES II", "alcaldia": "COYOACAN", "cveut": "03-074" }, "geometry": { "type": "Polygon", "coordinates": [ [ [ -99.12249, 19.30687 ], [ -99.12285, 19.30332 ], [ -99.12173, 19.30274 ], [ -99.12452, 19.30382 ], [ -99.12412, 19.30792 ], [ -99.12249, 19.30687 ] ] ] } },
{ "type": "Feature", "properties": { "colonia": "SANTA CRUCITA (BARR)", "alcaldia": "XOCHIMILCO", "cveut": "13-059" }, "geometry": { "type": "Polygon", "coordinates": [ [ [ -99.10076, 19.26369 ], [ -99.10139, 19.2602 ], [ -99.10134, 19.26108 ], [ -99.10373, 19.26159 ], [ -99.10316, 19.2642 ], [ -99.10076, 19.26369 ] ] ] } },
{ "type": "Feature", "properties": { "colonia": "PODER POPULAR", "alcaldia": "ALVARO OBREGON", "cveut": "10-173" }, "geometry": { "type": "Polygon", "coordinates": [ [ [ -99.20501, 19.36439 ], [ -99.19959, 19.36476 ], [ -99.19966, 19.36404 ], [ -99.20234, 19.36297 ], [ -99.20501, 19.36329 ], [ -99.20501, 19.36439 ] ] ] } },
{ "type": "Feature", "properties": { "colonia": "EL MIRADOR", "alcaldia": "ALVARO OBREGON", "cveut": "10-062" }, "geometry": { "type": "Polygon", "coordinates": [ [ [ -99.22723, 19.34509 ], [ -99.22568, 19.34634 ], [ -99.22262, 19.34544 ], [ -99.22242, 19.34477 ], [ -99.22703, 19.34402 ], [ -99.22723, 19.34509 ] ] ] } },
{ "type": "Feature", "properties": { "colonia": "RINCON LAS HADAS-VILLA ROYALE-FUENTES Y ARCONADA COAPA", "alcaldia": "TLALPAN", "cveut": "12-142" }, "geometry": { "type": "Polygon", "coordinates": [ [ [ -99.12523, 19.29666 ], [ -99.12099, 19.29756 ], [ -99.12033, 19.29616 ], [ -99.12536, 19.29527 ], [ -99.12523, 19.29666 ] ] ] } },
{ "type": "Feature", "properties": { "colonia": "HUAUTLA DE LAS SALINAS (BARR)", "alcaldia": "AZCAPOTZALCO", "cveut": "02-034" }, "geometry": { "type": "Polygon", "coordinates": [ [ [ -99.161, 19.4877 ], [ -99.16032, 19.49048 ], [ -99.15671, 19.48938 ], [ -99.15903, 19.48787 ], [ -99.161, 19.4877 ] ] ] } },
{ "type": "Feature", "properties": { "colonia": "SAN ANDRES DE LAS SALINAS (PBLO)", "alcaldia": "AZCAPOTZALCO", "cveut": "02-073" }, "geometry": { "type": "Polygon", "coordinates": [ [ [ -99.15309, 19.49175 ], [ -99.15183, 19.4889 ], [ -99.15671, 19.48938 ], [ -99.15309, 19.49175 ] ] ] } },
{ "type": "Feature", "properties": { "colonia": "EL ARENAL PTO AEREO (FRACC)", "alcaldia": "VENUSTIANO CARRANZA", "cveut": "17-022" }, "geometry": { "type": "Polygon", "coordinates": [ [ [ -99.05996, 19.42667 ], [ -99.06304, 19.43081 ], [ -99.06163, 19.43074 ], [ -99.05796, 19.42639 ], [ -99.05996, 19.42667 ] ] ] } },
{ "type": "Feature", "properties": { "colonia": "FOVISSSTE UNIVERSIDAD", "alcaldia": "COYOACAN", "cveut": "03-164" }, "geometry": { "type": "Polygon", "coordinates": [ [ [ -99.18312, 19.338 ], [ -99.18663, 19.33799 ], [ -99.18585, 19.34069 ], [ -99.18402, 19.33937 ], [ -99.18224, 19.3394 ], [ -99.18312, 19.338 ] ] ] } },
{ "type": "Feature", "properties": { "colonia": "RINCON DE LA BOLSA", "alcaldia": "ALVARO OBREGON", "cveut": "10-190" }, "geometry": { "type": "Polygon", "coordinates": [ [ [ -99.25015, 19.33383 ], [ -99.24953, 19.33342 ], [ -99.25158, 19.33131 ], [ -99.25692, 19.32966 ], [ -99.25015, 19.33383 ] ] ] } },
{ "type": "Feature", "properties": { "colonia": "MIGUEL ALEMAN", "alcaldia": "BENITO JUAREZ", "cveut": "14-024" }, "geometry": { "type": "Polygon", "coordinates": [ [ [ -99.14664, 19.39081 ], [ -99.14212, 19.39026 ], [ -99.14237, 19.38878 ], [ -99.14682, 19.3894 ], [ -99.14664, 19.39081 ] ] ] } },
{ "type": "Feature", "properties": { "colonia": "EMILIANO ZAPATA (AMPL)", "alcaldia": "GUSTAVO A. MADERO", "cveut": "05-053" }, "geometry": { "type": "Polygon", "coordinates": [ [ [ -99.10506, 19.46254 ], [ -99.10726, 19.46321 ], [ -99.1068, 19.46583 ], [ -99.1041, 19.46482 ], [ -99.10506, 19.46254 ] ] ] } },
{ "type": "Feature", "properties": { "colonia": "ANGEL ZIMBRON", "alcaldia": "MIGUEL HIDALGO", "cveut": "16-012" }, "geometry": { "type": "Polygon", "coordinates": [ [ [ -99.19004, 19.46148 ], [ -99.19077, 19.46467 ], [ -99.188, 19.46381 ], [ -99.18854, 19.46077 ], [ -99.19004, 19.46148 ] ] ] } },
{ "type": "Feature", "properties": { "colonia": "VILLA HERMOSA", "alcaldia": "GUSTAVO A. MADERO", "cveut": "05-200" }, "geometry": { "type": "Polygon", "coordinates": [ [ [ -99.09375, 19.50133 ], [ -99.09345, 19.50392 ], [ -99.09038, 19.50264 ], [ -99.09155, 19.50077 ], [ -99.09375, 19.50133 ] ] ] } },
{ "type": "Feature", "properties": { "colonia": "MARTIRES DE RIO BLANCO (AMPL)", "alcaldia": "GUSTAVO A. MADERO", "cveut": "05-125" }, "geometry": { "type": "Polygon", "coordinates": [ [ [ -99.10506, 19.46254 ], [ -99.10573, 19.45993 ], [ -99.10821, 19.46075 ], [ -99.10726, 19.46321 ], [ -99.10506, 19.46254 ] ] ] } },
{ "type": "Feature", "properties": { "colonia": "SAN DIEGO (BARR)", "alcaldia": "XOCHIMILCO", "cveut": "13-039" }, "geometry": { "type": "Polygon", "coordinates": [ [ [ -99.09937, 19.26216 ], [ -99.10108, 19.26228 ], [ -99.10105, 19.26499 ], [ -99.10012, 19.2661 ], [ -99.0989, 19.26488 ], [ -99.09937, 19.26216 ] ] ] } },
{ "type": "Feature", "properties": { "colonia": "COLINAS DE TARANGO", "alcaldia": "ALVARO OBREGON", "cveut": "10-043" }, "geometry": { "type": "Polygon", "coordinates": [ [ [ -99.21879, 19.36371 ], [ -99.2214, 19.36193 ], [ -99.22302, 19.36383 ], [ -99.21995, 19.36497 ], [ -99.21879, 19.36371 ] ] ] } },
{ "type": "Feature", "properties": { "colonia": "AZTECA", "alcaldia": "VENUSTIANO CARRANZA", "cveut": "17-009" }, "geometry": { "type": "Polygon", "coordinates": [ [ [ -99.10616, 19.44011 ], [ -99.10702, 19.43716 ], [ -99.11054, 19.43763 ], [ -99.11044, 19.43818 ], [ -99.10616, 19.44011 ] ] ] } },
{ "type": "Feature", "properties": { "colonia": "EX EJIDO SAN FRANCISCO CULHUACAN I", "alcaldia": "COYOACAN", "cveut": "03-040" }, "geometry": { "type": "Polygon", "coordinates": [ [ [ -99.12842, 19.32948 ], [ -99.13027, 19.32969 ], [ -99.12858, 19.3355 ], [ -99.12827, 19.33506 ], [ -99.12842, 19.32948 ] ] ] } },
{ "type": "Feature", "properties": { "colonia": "SCT (U HAB)", "alcaldia": "GUSTAVO A. MADERO", "cveut": "05-175" }, "geometry": { "type": "Polygon", "coordinates": [ [ [ -99.15877, 19.50787 ], [ -99.1549, 19.50922 ], [ -99.15446, 19.50818 ], [ -99.15567, 19.50775 ], [ -99.15621, 19.5086 ], [ -99.15558, 19.50707 ], [ -99.15812, 19.50616 ], [ -99.15877, 19.50787 ] ] ] } },
{ "type": "Feature", "properties": { "colonia": "EL OLIVO", "alcaldia": "GUSTAVO A. MADERO", "cveut": "05-051" }, "geometry": { "type": "Polygon", "coordinates": [ [ [ -99.08556, 19.47322 ], [ -99.08475, 19.47305 ], [ -99.08516, 19.47214 ], [ -99.0874, 19.47259 ], [ -99.08885, 19.47499 ], [ -99.08536, 19.47446 ], [ -99.08556, 19.47322 ] ] ] } },
{ "type": "Feature", "properties": { "colonia": "JOSEFA ORTIZ DE DOMINGUEZ", "alcaldia": "BENITO JUAREZ", "cveut": "14-020" }, "geometry": { "type": "Polygon", "coordinates": [ [ [ -99.14237, 19.38878 ], [ -99.1388, 19.3883 ], [ -99.13908, 19.38646 ], [ -99.14262, 19.38711 ], [ -99.14237, 19.38878 ] ] ] } },
{ "type": "Feature", "properties": { "colonia": "1RA VICTORIA", "alcaldia": "ALVARO OBREGON", "cveut": "10-242" }, "geometry": { "type": "Polygon", "coordinates": [ [ [ -99.20419, 19.38585 ], [ -99.2041, 19.38739 ], [ -99.20168, 19.38801 ], [ -99.19927, 19.38646 ], [ -99.20419, 19.38585 ] ] ] } },
{ "type": "Feature", "properties": { "colonia": "NUEVA ESPAÑA", "alcaldia": "AZCAPOTZALCO", "cveut": "02-051" }, "geometry": { "type": "Polygon", "coordinates": [ [ [ -99.18985, 19.49955 ], [ -99.18453, 19.49797 ], [ -99.18482, 19.49679 ], [ -99.18963, 19.49824 ], [ -99.18985, 19.49955 ] ] ] } },
{ "type": "Feature", "properties": { "colonia": "CHINAMPAS DE SANTA MA TOMATLAN", "alcaldia": "IZTAPALAPA", "cveut": "07-029" }, "geometry": { "type": "Polygon", "coordinates": [ [ [ -99.09439, 19.31382 ], [ -99.0901, 19.30886 ], [ -99.08969, 19.30967 ], [ -99.08864, 19.30883 ], [ -99.08932, 19.30805 ], [ -99.08702, 19.30548 ], [ -99.0872, 19.3042 ], [ -99.09439, 19.31382 ] ] ] } },
{ "type": "Feature", "properties": { "colonia": "SAN JOAQUIN", "alcaldia": "MIGUEL HIDALGO", "cveut": "16-073" }, "geometry": { "type": "Polygon", "coordinates": [ [ [ -99.21041, 19.45291 ], [ -99.20971, 19.45526 ], [ -99.20473, 19.45392 ], [ -99.21041, 19.45291 ] ] ] } },
{ "type": "Feature", "properties": { "colonia": "LORETO PEÑA POBRE (U HAB)", "alcaldia": "XOCHIMILCO", "cveut": "13-079" }, "geometry": { "type": "Polygon", "coordinates": [ [ [ -99.11492, 19.2488 ], [ -99.11077, 19.2497 ], [ -99.11433, 19.24589 ], [ -99.11492, 19.2488 ] ] ] } },
{ "type": "Feature", "properties": { "colonia": "SAN PEDRO APOSTOL (BARR)", "alcaldia": "TLALPAN", "cveut": "12-159" }, "geometry": { "type": "Polygon", "coordinates": [ [ [ -99.17563, 19.2951 ], [ -99.17482, 19.29743 ], [ -99.17269, 19.29723 ], [ -99.17318, 19.29433 ], [ -99.17563, 19.2951 ] ] ] } },
{ "type": "Feature", "properties": { "colonia": "INFONAVIT CULHUACAN ZONA 2 (U HAB)", "alcaldia": "COYOACAN", "cveut": "03-057" }, "geometry": { "type": "Polygon", "coordinates": [ [ [ -99.12067, 19.3291 ], [ -99.12029, 19.33131 ], [ -99.11796, 19.33119 ], [ -99.1182, 19.32888 ], [ -99.11652, 19.32854 ], [ -99.12198, 19.329 ], [ -99.12067, 19.3291 ] ] ] } },
{ "type": "Feature", "properties": { "colonia": "LA CRUZ (BARR)", "alcaldia": "GUSTAVO A. MADERO", "cveut": "05-095" }, "geometry": { "type": "Polygon", "coordinates": [ [ [ -99.10114, 19.49353 ], [ -99.10023, 19.49138 ], [ -99.10115, 19.4906 ], [ -99.10449, 19.4945 ], [ -99.10114, 19.49353 ] ] ] } },
{ "type": "Feature", "properties": { "colonia": "OCOTILLOS", "alcaldia": "ALVARO OBREGON", "cveut": "10-162" }, "geometry": { "type": "Polygon", "coordinates": [ [ [ -99.24052, 19.34072 ], [ -99.23624, 19.34177 ], [ -99.2373, 19.33967 ], [ -99.24051, 19.3393 ], [ -99.24052, 19.34072 ] ] ] } },
{ "type": "Feature", "properties": { "colonia": "F P F V (PREDIO EL MOLINO) ( U HAB)", "alcaldia": "IZTAPALAPA", "cveut": "07-075" }, "geometry": { "type": "Polygon", "coordinates": [ [ [ -99.07204, 19.28757 ], [ -99.06929, 19.28928 ], [ -99.0685, 19.28851 ], [ -99.07022, 19.28705 ], [ -99.06852, 19.28546 ], [ -99.06909, 19.28484 ], [ -99.07204, 19.28757 ] ] ] } },
{ "type": "Feature", "properties": { "colonia": "PICOS IZTACALCO 2A", "alcaldia": "IZTACALCO", "cveut": "06-025" }, "geometry": { "type": "Polygon", "coordinates": [ [ [ -99.10826, 19.38766 ], [ -99.10788, 19.38962 ], [ -99.10503, 19.38924 ], [ -99.10547, 19.38697 ], [ -99.10826, 19.38766 ] ] ] } },
{ "type": "Feature", "properties": { "colonia": "LA MAGUEYERA", "alcaldia": "IZTAPALAPA", "cveut": "07-111" }, "geometry": { "type": "Polygon", "coordinates": [ [ [ -99.04378, 19.31861 ], [ -99.04589, 19.32035 ], [ -99.04463, 19.32287 ], [ -99.04351, 19.3226 ], [ -99.04511, 19.31979 ], [ -99.04254, 19.32195 ], [ -99.04378, 19.31861 ] ] ] } },
{ "type": "Feature", "properties": { "colonia": "SANTA FE KM 8.5", "alcaldia": "ALVARO OBREGON", "cveut": "10-256" }, "geometry": { "type": "Polygon", "coordinates": [ [ [ -99.25068, 19.38055 ], [ -99.2486, 19.38225 ], [ -99.24871, 19.38074 ], [ -99.24495, 19.37981 ], [ -99.24895, 19.37885 ], [ -99.24935, 19.38019 ], [ -99.25068, 19.38055 ] ] ] } },
{ "type": "Feature", "properties": { "colonia": "LA JOYITA", "alcaldia": "TLAHUAC", "cveut": "11-017" }, "geometry": { "type": "Polygon", "coordinates": [ [ [ -98.97209, 19.31298 ], [ -98.97136, 19.31409 ], [ -98.9687, 19.31195 ], [ -98.96962, 19.30994 ], [ -98.97209, 19.31298 ] ] ] } },
{ "type": "Feature", "properties": { "colonia": "NUEVA EL ROSARIO", "alcaldia": "AZCAPOTZALCO", "cveut": "02-050" }, "geometry": { "type": "Polygon", "coordinates": [ [ [ -99.18985, 19.49955 ], [ -99.19077, 19.50532 ], [ -99.19035, 19.50293 ], [ -99.18857, 19.50246 ], [ -99.18796, 19.49895 ], [ -99.18985, 19.49955 ] ] ] } },
{ "type": "Feature", "properties": { "colonia": "MINAS POLVORILLA (U HAB) I", "alcaldia": "IZTAPALAPA", "cveut": "07-140" }, "geometry": { "type": "Polygon", "coordinates": [ [ [ -99.04522, 19.31623 ], [ -99.04585, 19.31547 ], [ -99.04521, 19.31479 ], [ -99.04407, 19.31531 ], [ -99.04268, 19.31335 ], [ -99.04363, 19.31221 ], [ -99.04689, 19.31535 ], [ -99.04522, 19.31623 ] ] ] } },
{ "type": "Feature", "properties": { "colonia": "SAN GABRIEL", "alcaldia": "ALVARO OBREGON", "cveut": "10-196" }, "geometry": { "type": "Polygon", "coordinates": [ [ [ -99.25944, 19.37736 ], [ -99.25428, 19.38133 ], [ -99.25339, 19.38012 ], [ -99.2568, 19.37817 ], [ -99.25944, 19.37736 ] ] ] } },
{ "type": "Feature", "properties": { "colonia": "MIGUEL HIDALGO (U HAB)", "alcaldia": "AZCAPOTZALCO", "cveut": "02-047" }, "geometry": { "type": "Polygon", "coordinates": [ [ [ -99.19913, 19.49579 ], [ -99.19633, 19.49171 ], [ -99.19642, 19.49164 ], [ -99.20021, 19.49317 ], [ -99.19913, 19.49579 ] ] ] } },
{ "type": "Feature", "properties": { "colonia": "PUNTA DE CEHUAYO", "alcaldia": "ALVARO OBREGON", "cveut": "10-186" }, "geometry": { "type": "Polygon", "coordinates": [ [ [ -99.24023, 19.36086 ], [ -99.24206, 19.35908 ], [ -99.24273, 19.36175 ], [ -99.2398, 19.36304 ], [ -99.24023, 19.36086 ] ] ] } },
{ "type": "Feature", "properties": { "colonia": "LOMAS DE SANTO DOMINGO (AMPL)", "alcaldia": "ALVARO OBREGON", "cveut": "10-142" }, "geometry": { "type": "Polygon", "coordinates": [ [ [ -99.20468, 19.39519 ], [ -99.20062, 19.39486 ], [ -99.20022, 19.39392 ], [ -99.20227, 19.39268 ], [ -99.20468, 19.39519 ] ] ] } },
{ "type": "Feature", "properties": { "colonia": "PEDREGAL 2 (CONJ HAB)", "alcaldia": "LA MAGDALENA CONTRERAS", "cveut": "08-034" }, "geometry": { "type": "Polygon", "coordinates": [ [ [ -99.23095, 19.30737 ], [ -99.22793, 19.30909 ], [ -99.22739, 19.30712 ], [ -99.22988, 19.30591 ], [ -99.23095, 19.30737 ] ] ] } },
{ "type": "Feature", "properties": { "colonia": "EDUARDO MOLINA I (U HAB)", "alcaldia": "GUSTAVO A. MADERO", "cveut": "05-041" }, "geometry": { "type": "Polygon", "coordinates": [ [ [ -99.08919, 19.48483 ], [ -99.09026, 19.4818 ], [ -99.09205, 19.48241 ], [ -99.0908, 19.48547 ], [ -99.08919, 19.48483 ] ] ] } },
{ "type": "Feature", "properties": { "colonia": "PRADOS LA PROVIDENCIA", "alcaldia": "ALVARO OBREGON", "cveut": "10-176" }, "geometry": { "type": "Polygon", "coordinates": [ [ [ -99.23754, 19.35956 ], [ -99.23769, 19.35793 ], [ -99.23635, 19.35733 ], [ -99.23663, 19.35656 ], [ -99.23922, 19.35603 ], [ -99.2399, 19.35713 ], [ -99.23754, 19.35956 ] ] ] } },
{ "type": "Feature", "properties": { "colonia": "RINCONADA DEL SUR (U HAB)", "alcaldia": "XOCHIMILCO", "cveut": "13-034" }, "geometry": { "type": "Polygon", "coordinates": [ [ [ -99.1215, 19.25856 ], [ -99.12003, 19.26218 ], [ -99.11883, 19.26163 ], [ -99.1207, 19.25701 ], [ -99.1215, 19.25856 ] ] ] } },
{ "type": "Feature", "properties": { "colonia": "RICARDO FLORES MAGON", "alcaldia": "IZTAPALAPA", "cveut": "07-172" }, "geometry": { "type": "Polygon", "coordinates": [ [ [ -99.09936, 19.35352 ], [ -99.09869, 19.35544 ], [ -99.09672, 19.3556 ], [ -99.09764, 19.35182 ], [ -99.09936, 19.35352 ] ] ] } },
{ "type": "Feature", "properties": { "colonia": "NUEVO SAN RAFAEL (BARR)", "alcaldia": "AZCAPOTZALCO", "cveut": "02-053" }, "geometry": { "type": "Polygon", "coordinates": [ [ [ -99.18944, 19.49036 ], [ -99.18636, 19.48965 ], [ -99.18646, 19.48779 ], [ -99.18953, 19.48845 ], [ -99.18944, 19.49036 ] ] ] } },
{ "type": "Feature", "properties": { "colonia": "IGNACIO CHAVEZ (U HAB)", "alcaldia": "TLALPAN", "cveut": "12-059" }, "geometry": { "type": "Polygon", "coordinates": [ [ [ -99.10469, 19.29379 ], [ -99.10498, 19.29969 ], [ -99.10388, 19.29985 ], [ -99.10382, 19.29393 ], [ -99.10469, 19.29379 ] ] ] } },
{ "type": "Feature", "properties": { "colonia": "LA JOYA", "alcaldia": "IZTAPALAPA", "cveut": "07-109" }, "geometry": { "type": "Polygon", "coordinates": [ [ [ -99.03053, 19.37408 ], [ -99.02796, 19.3733 ], [ -99.02962, 19.37127 ], [ -99.03157, 19.37162 ], [ -99.03053, 19.37408 ] ] ] } },
{ "type": "Feature", "properties": { "colonia": "MIRADOR 1A SECC", "alcaldia": "TLALPAN", "cveut": "12-096" }, "geometry": { "type": "Polygon", "coordinates": [ [ [ -99.18194, 19.27048 ], [ -99.1751, 19.26817 ], [ -99.18232, 19.26891 ], [ -99.18194, 19.27048 ] ] ] } },
{ "type": "Feature", "properties": { "colonia": "TIZAMPAMPANO", "alcaldia": "ALVARO OBREGON", "cveut": "10-216" }, "geometry": { "type": "Polygon", "coordinates": [ [ [ -99.22291, 19.34274 ], [ -99.21947, 19.34275 ], [ -99.21875, 19.34154 ], [ -99.22171, 19.34061 ], [ -99.22291, 19.34274 ] ] ] } },
{ "type": "Feature", "properties": { "colonia": "LAS HUERTAS", "alcaldia": "LA MAGDALENA CONTRERAS", "cveut": "08-028" }, "geometry": { "type": "Polygon", "coordinates": [ [ [ -99.23533, 19.29582 ], [ -99.23803, 19.29445 ], [ -99.24031, 19.29437 ], [ -99.23791, 19.29646 ], [ -99.23559, 19.29656 ], [ -99.23533, 19.29582 ] ] ] } },
{ "type": "Feature", "properties": { "colonia": "ISIDRO  FABELA (AMPL)", "alcaldia": "TLALPAN", "cveut": "12-061" }, "geometry": { "type": "Polygon", "coordinates": [ [ [ -99.17464, 19.29791 ], [ -99.17469, 19.29854 ], [ -99.16792, 19.29881 ], [ -99.16869, 19.29684 ], [ -99.16962, 19.29716 ], [ -99.16943, 19.29801 ], [ -99.17464, 19.29791 ] ] ] } },
{ "type": "Feature", "properties": { "colonia": "LA ESMERALDA (U HAB)", "alcaldia": "GUSTAVO A. MADERO", "cveut": "05-097" }, "geometry": { "type": "Polygon", "coordinates": [ [ [ -99.08651, 19.49041 ], [ -99.08351, 19.4903 ], [ -99.08447, 19.48799 ], [ -99.08707, 19.48888 ], [ -99.08651, 19.49041 ] ] ] } },
{ "type": "Feature", "properties": { "colonia": "LOMAS ESTRELLA  III (U HAB)", "alcaldia": "IZTAPALAPA", "cveut": "07-127" }, "geometry": { "type": "Polygon", "coordinates": [ [ [ -99.09371, 19.32941 ], [ -99.0911, 19.32893 ], [ -99.09195, 19.32612 ], [ -99.09398, 19.32779 ], [ -99.09371, 19.32941 ] ] ] } },
{ "type": "Feature", "properties": { "colonia": "CROC CULHUACAN SECC 6 (U HAB)", "alcaldia": "COYOACAN", "cveut": "03-026" }, "geometry": { "type": "Polygon", "coordinates": [ [ [ -99.12251, 19.32904 ], [ -99.12066, 19.32887 ], [ -99.11986, 19.32657 ], [ -99.12271, 19.32646 ], [ -99.12251, 19.32904 ] ] ] } },
{ "type": "Feature", "properties": { "colonia": "SAN MATEO", "alcaldia": "AZCAPOTZALCO", "cveut": "02-082" }, "geometry": { "type": "Polygon", "coordinates": [ [ [ -99.19637, 19.48512 ], [ -99.18861, 19.48285 ], [ -99.18862, 19.48138 ], [ -99.19637, 19.48512 ] ] ] } },
{ "type": "Feature", "properties": { "colonia": "DEGOLLADO CHICO", "alcaldia": "IZTAPALAPA", "cveut": "07-039" }, "geometry": { "type": "Polygon", "coordinates": [ [ [ -99.03838, 19.31998 ], [ -99.0366, 19.31977 ], [ -99.03796, 19.31678 ], [ -99.0398, 19.317 ], [ -99.03838, 19.31998 ] ] ] } },
{ "type": "Feature", "properties": { "colonia": "LA MAGUEYERA", "alcaldia": "TLALPAN", "cveut": "12-216" }, "geometry": { "type": "Polygon", "coordinates": [ [ [ -99.14647, 19.24453 ], [ -99.14449, 19.24602 ], [ -99.1427, 19.24534 ], [ -99.14834, 19.24303 ], [ -99.14894, 19.24423 ], [ -99.14647, 19.24453 ] ] ] } },
{ "type": "Feature", "properties": { "colonia": "SAN MIGUEL TOXIAC", "alcaldia": "TLALPAN", "cveut": "12-208" }, "geometry": { "type": "Polygon", "coordinates": [ [ [ -99.15592, 19.20876 ], [ -99.15329, 19.20769 ], [ -99.15283, 19.207 ], [ -99.15464, 19.20599 ], [ -99.1561, 19.20629 ], [ -99.15592, 19.20876 ] ] ] } },
{ "type": "Feature", "properties": { "colonia": "EL PIRU (FRACC)", "alcaldia": "ALVARO OBREGON", "cveut": "10-064" }, "geometry": { "type": "Polygon", "coordinates": [ [ [ -99.21865, 19.38261 ], [ -99.21742, 19.38197 ], [ -99.21672, 19.37881 ], [ -99.21882, 19.3789 ], [ -99.21865, 19.38261 ] ] ] } },
{ "type": "Feature", "properties": { "colonia": "JUVENTUD UNIDA", "alcaldia": "TLALPAN", "cveut": "12-068" }, "geometry": { "type": "Polygon", "coordinates": [ [ [ -99.15245, 19.27015 ], [ -99.15127, 19.26893 ], [ -99.15204, 19.26731 ], [ -99.1545, 19.26872 ], [ -99.15428, 19.26981 ], [ -99.15245, 19.27015 ] ] ] } },
{ "type": "Feature", "properties": { "colonia": "LA ESPERANZA", "alcaldia": "IZTAPALAPA", "cveut": "07-107" }, "geometry": { "type": "Polygon", "coordinates": [ [ [ -99.07597, 19.30925 ], [ -99.07646, 19.30839 ], [ -99.08101, 19.31174 ], [ -99.08035, 19.31253 ], [ -99.07597, 19.30925 ] ] ] } },
{ "type": "Feature", "properties": { "colonia": "LA ESMERALDA I", "alcaldia": "GUSTAVO A. MADERO", "cveut": "05-096" }, "geometry": { "type": "Polygon", "coordinates": [ [ [ -99.08596, 19.4885 ], [ -99.08764, 19.48403 ], [ -99.08874, 19.48441 ], [ -99.08707, 19.48888 ], [ -99.08596, 19.4885 ] ] ] } },
{ "type": "Feature", "properties": { "colonia": "NATIVITAS (U HAB)", "alcaldia": "XOCHIMILCO", "cveut": "13-029" }, "geometry": { "type": "Polygon", "coordinates": [ [ [ -99.10624, 19.25021 ], [ -99.10536, 19.24737 ], [ -99.10603, 19.2449 ], [ -99.10734, 19.24448 ], [ -99.10624, 19.25021 ] ] ] } },
{ "type": "Feature", "properties": { "colonia": "GAMA GAVILAN (U HAB)", "alcaldia": "IZTAPALAPA", "cveut": "07-080" }, "geometry": { "type": "Polygon", "coordinates": [ [ [ -99.08097, 19.35944 ], [ -99.07984, 19.3619 ], [ -99.07796, 19.36125 ], [ -99.07893, 19.35875 ], [ -99.08097, 19.35944 ] ] ] } },
{ "type": "Feature", "properties": { "colonia": "AIDEE SOLIS CARDENAS-MATIAS ROMERO (U HAB)", "alcaldia": "GUSTAVO A. MADERO", "cveut": "05-004" }, "geometry": { "type": "Polygon", "coordinates": [ [ [ -99.14791, 19.53458 ], [ -99.14486, 19.53347 ], [ -99.14534, 19.5313 ], [ -99.1487, 19.53452 ], [ -99.14754, 19.53618 ], [ -99.14791, 19.53458 ] ] ] } },
{ "type": "Feature", "properties": { "colonia": "VERANO", "alcaldia": "TLALPAN", "cveut": "12-186" }, "geometry": { "type": "Polygon", "coordinates": [ [ [ -99.2023, 19.2652 ], [ -99.19948, 19.26672 ], [ -99.19898, 19.26305 ], [ -99.2023, 19.2652 ] ] ] } },
{ "type": "Feature", "properties": { "colonia": "ALLEPETLALI (U HAB)", "alcaldia": "IZTAPALAPA", "cveut": "07-004" }, "geometry": { "type": "Polygon", "coordinates": [ [ [ -99.06898, 19.28899 ], [ -99.06651, 19.29005 ], [ -99.06534, 19.28874 ], [ -99.06704, 19.28705 ], [ -99.06898, 19.28899 ] ] ] } },
{ "type": "Feature", "properties": { "colonia": "RESIDENCIAL INSURGENTES SUR (U HAB)", "alcaldia": "TLALPAN", "cveut": "12-139" }, "geometry": { "type": "Polygon", "coordinates": [ [ [ -99.17224, 19.27893 ], [ -99.17118, 19.28092 ], [ -99.16982, 19.28034 ], [ -99.17224, 19.27772 ], [ -99.17413, 19.27765 ], [ -99.17418, 19.27894 ], [ -99.17224, 19.27893 ] ] ] } },
{ "type": "Feature", "properties": { "colonia": "VILLA PANAMERICANA 2DA. SECCIÓN (U HAB)", "alcaldia": "COYOACAN", "cveut": "03-116" }, "geometry": { "type": "Polygon", "coordinates": [ [ [ -99.17837, 19.30634 ], [ -99.17517, 19.30785 ], [ -99.17469, 19.30575 ], [ -99.17626, 19.30503 ], [ -99.17837, 19.30634 ] ] ] } },
{ "type": "Feature", "properties": { "colonia": "24 DE ABRIL", "alcaldia": "VENUSTIANO CARRANZA", "cveut": "17-068" }, "geometry": { "type": "Polygon", "coordinates": [ [ [ -99.1173, 19.41682 ], [ -99.11536, 19.41674 ], [ -99.11577, 19.41401 ], [ -99.11774, 19.41393 ], [ -99.1173, 19.41682 ] ] ] } },
{ "type": "Feature", "properties": { "colonia": "JALALPA (AMPL)", "alcaldia": "ALVARO OBREGON", "cveut": "10-014" }, "geometry": { "type": "Polygon", "coordinates": [ [ [ -99.23165, 19.37725 ], [ -99.23445, 19.37632 ], [ -99.23434, 19.37876 ], [ -99.23305, 19.37958 ], [ -99.23165, 19.37725 ] ] ] } },
{ "type": "Feature", "properties": { "colonia": "PICOS IZTACALCO 1B", "alcaldia": "IZTACALCO", "cveut": "06-024" }, "geometry": { "type": "Polygon", "coordinates": [ [ [ -99.10936, 19.38809 ], [ -99.11223, 19.38828 ], [ -99.1126, 19.39006 ], [ -99.10908, 19.38971 ], [ -99.10936, 19.38809 ] ] ] } },
{ "type": "Feature", "properties": { "colonia": "TRES FUENTES (U HAB)", "alcaldia": "TLALPAN", "cveut": "12-182" }, "geometry": { "type": "Polygon", "coordinates": [ [ [ -99.12215, 19.29928 ], [ -99.12033, 19.29959 ], [ -99.11964, 19.29812 ], [ -99.1232, 19.29713 ], [ -99.12376, 19.29835 ], [ -99.12185, 19.29868 ], [ -99.12215, 19.29928 ] ] ] } },
{ "type": "Feature", "properties": { "colonia": "CAFETALES III (RDCIAL)", "alcaldia": "COYOACAN", "cveut": "03-160" }, "geometry": { "type": "Polygon", "coordinates": [ [ [ -99.11141, 19.3157 ], [ -99.11047, 19.31403 ], [ -99.11084, 19.31081 ], [ -99.11235, 19.31134 ], [ -99.11141, 19.3157 ] ] ] } },
{ "type": "Feature", "properties": { "colonia": "BATAN VIEJO (EL MAESTRO)", "alcaldia": "LA MAGDALENA CONTRERAS", "cveut": "08-008" }, "geometry": { "type": "Polygon", "coordinates": [ [ [ -99.21462, 19.33636 ], [ -99.20918, 19.33667 ], [ -99.20902, 19.33607 ], [ -99.21423, 19.33503 ], [ -99.21462, 19.33636 ] ] ] } },
{ "type": "Feature", "properties": { "colonia": "PRIVADA CENTENARIO", "alcaldia": "ALVARO OBREGON", "cveut": "10-180" }, "geometry": { "type": "Polygon", "coordinates": [ [ [ -99.22908, 19.36296 ], [ -99.22844, 19.36022 ], [ -99.23048, 19.36005 ], [ -99.23115, 19.36177 ], [ -99.23015, 19.36208 ], [ -99.23044, 19.3629 ], [ -99.22908, 19.36296 ] ] ] } },
{ "type": "Feature", "properties": { "colonia": "AMADO NERVO", "alcaldia": "CUAJIMALPA DE MORELOS", "cveut": "04-005" }, "geometry": { "type": "Polygon", "coordinates": [ [ [ -99.2963, 19.36663 ], [ -99.29561, 19.36794 ], [ -99.29632, 19.36916 ], [ -99.29413, 19.37004 ], [ -99.29359, 19.36944 ], [ -99.29497, 19.36664 ], [ -99.2963, 19.36663 ] ] ] } },
{ "type": "Feature", "properties": { "colonia": "GOLONDRINAS 1RA SECCION", "alcaldia": "ALVARO OBREGON", "cveut": "10-080" }, "geometry": { "type": "Polygon", "coordinates": [ [ [ -99.21334, 19.38104 ], [ -99.21015, 19.38099 ], [ -99.21053, 19.38214 ], [ -99.20872, 19.38125 ], [ -99.21331, 19.37893 ], [ -99.21334, 19.38104 ] ] ] } },
{ "type": "Feature", "properties": { "colonia": "LAS PALMAS", "alcaldia": "ALVARO OBREGON", "cveut": "10-119" }, "geometry": { "type": "Polygon", "coordinates": [ [ [ -99.21209, 19.39994 ], [ -99.21052, 19.40042 ], [ -99.21001, 19.39763 ], [ -99.21064, 19.39713 ], [ -99.21208, 19.39754 ], [ -99.21209, 19.39994 ] ] ] } },
{ "type": "Feature", "properties": { "colonia": "PALMAS AXOTITLA", "alcaldia": "ALVARO OBREGON", "cveut": "10-167" }, "geometry": { "type": "Polygon", "coordinates": [ [ [ -99.23684, 19.35167 ], [ -99.23864, 19.35336 ], [ -99.23827, 19.35475 ], [ -99.2355, 19.35319 ], [ -99.23615, 19.35277 ], [ -99.23546, 19.35167 ], [ -99.23684, 19.35167 ] ] ] } },
{ "type": "Feature", "properties": { "colonia": "GAVILAN (U HAB)", "alcaldia": "IZTAPALAPA", "cveut": "07-081" }, "geometry": { "type": "Polygon", "coordinates": [ [ [ -99.07521, 19.36105 ], [ -99.07448, 19.36099 ], [ -99.07418, 19.35688 ], [ -99.07621, 19.3578 ], [ -99.07521, 19.36105 ] ] ] } },
{ "type": "Feature", "properties": { "colonia": "NORMA ISSSTE (U HAB)", "alcaldia": "IZTAPALAPA", "cveut": "07-149" }, "geometry": { "type": "Polygon", "coordinates": [ [ [ -99.07908, 19.36411 ], [ -99.0789, 19.36502 ], [ -99.07464, 19.36402 ], [ -99.0746, 19.36258 ], [ -99.07908, 19.36411 ] ] ] } },
{ "type": "Feature", "properties": { "colonia": "DEGOLLADO", "alcaldia": "IZTAPALAPA", "cveut": "07-038" }, "geometry": { "type": "Polygon", "coordinates": [ [ [ -99.04242, 19.32108 ], [ -99.0409, 19.3204 ], [ -99.04259, 19.31738 ], [ -99.0438, 19.31858 ], [ -99.04242, 19.32108 ] ] ] } },
{ "type": "Feature", "properties": { "colonia": "PANAMERICANA (AMPL)", "alcaldia": "GUSTAVO A. MADERO", "cveut": "05-134" }, "geometry": { "type": "Polygon", "coordinates": [ [ [ -99.14105, 19.47907 ], [ -99.13973, 19.47569 ], [ -99.14243, 19.47634 ], [ -99.14199, 19.47874 ], [ -99.14105, 19.47907 ] ] ] } },
{ "type": "Feature", "properties": { "colonia": "BELISARIO DOMINGUEZ", "alcaldia": "GUSTAVO A. MADERO", "cveut": "05-010" }, "geometry": { "type": "Polygon", "coordinates": [ [ [ -99.11219, 19.46373 ], [ -99.10905, 19.46262 ], [ -99.10967, 19.46122 ], [ -99.11277, 19.46221 ], [ -99.11219, 19.46373 ] ] ] } },
{ "type": "Feature", "properties": { "colonia": "ARTURO MARTINEZ", "alcaldia": "ALVARO OBREGON", "cveut": "10-018" }, "geometry": { "type": "Polygon", "coordinates": [ [ [ -99.21782, 19.3858 ], [ -99.21892, 19.38628 ], [ -99.22191, 19.38713 ], [ -99.21442, 19.38735 ], [ -99.21782, 19.3858 ] ] ] } },
{ "type": "Feature", "properties": { "colonia": "TORRES DE QUIROGA (U HAB)", "alcaldia": "GUSTAVO A. MADERO", "cveut": "05-185" }, "geometry": { "type": "Polygon", "coordinates": [ [ [ -99.0987, 19.49207 ], [ -99.09322, 19.49071 ], [ -99.09372, 19.48941 ], [ -99.09723, 19.49078 ], [ -99.0987, 19.49207 ] ] ] } },
{ "type": "Feature", "properties": { "colonia": "GRANJAS ESTRELLA II", "alcaldia": "IZTAPALAPA", "cveut": "07-084" }, "geometry": { "type": "Polygon", "coordinates": [ [ [ -99.08901, 19.33044 ], [ -99.08794, 19.33026 ], [ -99.08809, 19.32935 ], [ -99.08533, 19.32966 ], [ -99.08682, 19.32916 ], [ -99.08537, 19.3289 ], [ -99.08553, 19.32797 ], [ -99.08939, 19.32863 ], [ -99.08901, 19.33044 ] ] ] } },
{ "type": "Feature", "properties": { "colonia": "BALCONES DE CEHUAYO", "alcaldia": "ALVARO OBREGON", "cveut": "10-025" }, "geometry": { "type": "Polygon", "coordinates": [ [ [ -99.24076, 19.35975 ], [ -99.23922, 19.35603 ], [ -99.24057, 19.35568 ], [ -99.24183, 19.35787 ], [ -99.24076, 19.35975 ] ] ] } },
{ "type": "Feature", "properties": { "colonia": "RESIDENCIAL MARIA ISABEL", "alcaldia": "ALVARO OBREGON", "cveut": "10-258" }, "geometry": { "type": "Polygon", "coordinates": [ [ [ -99.22376, 19.33297 ], [ -99.22431, 19.337 ], [ -99.22305, 19.33729 ], [ -99.22234, 19.33457 ], [ -99.22376, 19.33297 ] ] ] } },
{ "type": "Feature", "properties": { "colonia": "PEDREGAL DEL MAUREL", "alcaldia": "COYOACAN", "cveut": "03-091" }, "geometry": { "type": "Polygon", "coordinates": [ [ [ -99.17645, 19.30935 ], [ -99.17395, 19.31045 ], [ -99.17322, 19.30865 ], [ -99.17562, 19.30765 ], [ -99.17645, 19.30935 ] ] ] } },
{ "type": "Feature", "properties": { "colonia": "NUEVA DIAZ ORDAZ", "alcaldia": "COYOACAN", "cveut": "03-082" }, "geometry": { "type": "Polygon", "coordinates": [ [ [ -99.14824, 19.3231 ], [ -99.14828, 19.32658 ], [ -99.14632, 19.32642 ], [ -99.1459, 19.32538 ], [ -99.14824, 19.3231 ] ] ] } },
{ "type": "Feature", "properties": { "colonia": "EL ARBOLILLO 3 (U HAB)", "alcaldia": "GUSTAVO A. MADERO", "cveut": "05-048" }, "geometry": { "type": "Polygon", "coordinates": [ [ [ -99.14559, 19.53906 ], [ -99.14259, 19.53807 ], [ -99.14309, 19.53668 ], [ -99.14657, 19.53777 ], [ -99.14559, 19.53906 ] ] ] } },
{ "type": "Feature", "properties": { "colonia": "PENSIL SUR", "alcaldia": "MIGUEL HIDALGO", "cveut": "16-062" }, "geometry": { "type": "Polygon", "coordinates": [ [ [ -99.19864, 19.44759 ], [ -99.19543, 19.44716 ], [ -99.19592, 19.44541 ], [ -99.19897, 19.44625 ], [ -99.19864, 19.44759 ] ] ] } },
{ "type": "Feature", "properties": { "colonia": "INFONAVIT PROLONGACION DIVISION DEL NORTE (U HAB)", "alcaldia": "XOCHIMILCO", "cveut": "13-080" }, "geometry": { "type": "Polygon", "coordinates": [ [ [ -99.11906, 19.27262 ], [ -99.11478, 19.27205 ], [ -99.11524, 19.27053 ], [ -99.11833, 19.27133 ], [ -99.11906, 19.27262 ] ] ] } },
{ "type": "Feature", "properties": { "colonia": "SANTISIMA TRINIDAD", "alcaldia": "TLALPAN", "cveut": "12-162" }, "geometry": { "type": "Polygon", "coordinates": [ [ [ -99.18777, 19.27139 ], [ -99.18683, 19.27322 ], [ -99.18471, 19.27306 ], [ -99.18472, 19.27106 ], [ -99.18777, 19.27139 ] ] ] } },
{ "type": "Feature", "properties": { "colonia": "LOS OLIVOS (U HAB)", "alcaldia": "COYOACAN", "cveut": "03-077" }, "geometry": { "type": "Polygon", "coordinates": [ [ [ -99.13328, 19.31296 ], [ -99.13391, 19.31063 ], [ -99.13647, 19.31302 ], [ -99.13621, 19.31385 ], [ -99.13328, 19.31296 ] ] ] } },
{ "type": "Feature", "properties": { "colonia": "LA HERRADURA", "alcaldia": "ALVARO OBREGON", "cveut": "10-101" }, "geometry": { "type": "Polygon", "coordinates": [ [ [ -99.20764, 19.34676 ], [ -99.21077, 19.34477 ], [ -99.2114, 19.34594 ], [ -99.20812, 19.34804 ], [ -99.20764, 19.34676 ] ] ] } },
{ "type": "Feature", "properties": { "colonia": "GARCIMARRERO REACOMODO", "alcaldia": "ALVARO OBREGON", "cveut": "10-078" }, "geometry": { "type": "Polygon", "coordinates": [ [ [ -99.237, 19.36754 ], [ -99.23417, 19.36703 ], [ -99.23376, 19.36444 ], [ -99.23446, 19.36419 ], [ -99.237, 19.36754 ] ] ] } },
{ "type": "Feature", "properties": { "colonia": "CANDELARIA DE LOS PATOS (U HAB)", "alcaldia": "VENUSTIANO CARRANZA", "cveut": "17-011" }, "geometry": { "type": "Polygon", "coordinates": [ [ [ -99.12266, 19.43069 ], [ -99.1201, 19.43049 ], [ -99.12022, 19.42908 ], [ -99.1216, 19.4288 ], [ -99.12166, 19.42789 ], [ -99.12291, 19.42894 ], [ -99.12266, 19.43069 ] ] ] } },
{ "type": "Feature", "properties": { "colonia": "GRAL A ROSALES", "alcaldia": "ALVARO OBREGON", "cveut": "10-082" }, "geometry": { "type": "Polygon", "coordinates": [ [ [ -99.24797, 19.37878 ], [ -99.24615, 19.37937 ], [ -99.24567, 19.37826 ], [ -99.24558, 19.37673 ], [ -99.2472, 19.3757 ], [ -99.24752, 19.37668 ], [ -99.24674, 19.37713 ], [ -99.24797, 19.37878 ] ] ] } },
{ "type": "Feature", "properties": { "colonia": "BEJERO", "alcaldia": "ALVARO OBREGON", "cveut": "10-028" }, "geometry": { "type": "Polygon", "coordinates": [ [ [ -99.24413, 19.38004 ], [ -99.24768, 19.3805 ], [ -99.24448, 19.38288 ], [ -99.24413, 19.38004 ] ] ] } },
{ "type": "Feature", "properties": { "colonia": "JUVENTINO ROSAS", "alcaldia": "GUSTAVO A. MADERO", "cveut": "05-092" }, "geometry": { "type": "Polygon", "coordinates": [ [ [ -99.1335, 19.56389 ], [ -99.13444, 19.56092 ], [ -99.13594, 19.56159 ], [ -99.13463, 19.5648 ], [ -99.1335, 19.56389 ] ] ] } },
{ "type": "Feature", "properties": { "colonia": "UNIDADES HABITACIONALES DE TENORIOS", "alcaldia": "TLALPAN", "cveut": "12-044" }, "geometry": { "type": "Polygon", "coordinates": [ [ [ -99.11593, 19.29668 ], [ -99.11503, 19.29515 ], [ -99.1176, 19.294 ], [ -99.11839, 19.29558 ], [ -99.11593, 19.29668 ] ] ] } },
{ "type": "Feature", "properties": { "colonia": "TARANGO (U HAB)", "alcaldia": "ALVARO OBREGON", "cveut": "10-206" }, "geometry": { "type": "MultiPolygon", "coordinates": [ [ [ [ -99.22366, 19.35929 ], [ -99.22207, 19.36024 ], [ -99.22199, 19.36008 ], [ -99.22366, 19.35929 ] ] ], [ [ [ -99.22407, 19.35932 ], [ -99.22509, 19.36026 ], [ -99.22583, 19.36156 ], [ -99.22251, 19.36132 ], [ -99.22238, 19.36037 ], [ -99.22407, 19.35932 ] ] ] ] } },
{ "type": "Feature", "properties": { "colonia": "RINCONADA EL MOLINO", "alcaldia": "IZTAPALAPA", "cveut": "07-174" }, "geometry": { "type": "Polygon", "coordinates": [ [ [ -99.07022, 19.28705 ], [ -99.0685, 19.28851 ], [ -99.06704, 19.28705 ], [ -99.06852, 19.28546 ], [ -99.07022, 19.28705 ] ] ] } },
{ "type": "Feature", "properties": { "colonia": "UNIDAD POPULAR TEPEACA", "alcaldia": "ALVARO OBREGON", "cveut": "10-232" }, "geometry": { "type": "Polygon", "coordinates": [ [ [ -99.24065, 19.35982 ], [ -99.23962, 19.36099 ], [ -99.23819, 19.35913 ], [ -99.2399, 19.35713 ], [ -99.24065, 19.35982 ] ] ] } },
{ "type": "Feature", "properties": { "colonia": "ACUILOTLA", "alcaldia": "ALVARO OBREGON", "cveut": "10-003" }, "geometry": { "type": "Polygon", "coordinates": [ [ [ -99.24489, 19.35724 ], [ -99.24534, 19.35859 ], [ -99.24279, 19.36188 ], [ -99.24237, 19.36055 ], [ -99.24489, 19.35724 ] ] ] } },
{ "type": "Feature", "properties": { "colonia": "LA LIBERTAD - IXTLAHUACA", "alcaldia": "TLALPAN", "cveut": "12-073" }, "geometry": { "type": "Polygon", "coordinates": [ [ [ -99.14654, 19.19015 ], [ -99.14953, 19.19058 ], [ -99.14799, 19.19272 ], [ -99.14651, 19.19187 ], [ -99.14654, 19.19015 ] ] ] } },
{ "type": "Feature", "properties": { "colonia": "LOMAS DEL PEDREGAL", "alcaldia": "TLALPAN", "cveut": "12-085" }, "geometry": { "type": "Polygon", "coordinates": [ [ [ -99.21989, 19.27254 ], [ -99.21788, 19.27574 ], [ -99.21679, 19.27483 ], [ -99.21793, 19.2726 ], [ -99.21989, 19.27254 ] ] ] } },
{ "type": "Feature", "properties": { "colonia": "SECTOR NAVAL", "alcaldia": "AZCAPOTZALCO", "cveut": "02-100" }, "geometry": { "type": "Polygon", "coordinates": [ [ [ -99.17894, 19.4707 ], [ -99.17585, 19.47126 ], [ -99.17627, 19.46812 ], [ -99.17827, 19.47002 ], [ -99.17894, 19.4707 ] ] ] } },
{ "type": "Feature", "properties": { "colonia": "JOYA DE VARGAS", "alcaldia": "XOCHIMILCO", "cveut": "13-016" }, "geometry": { "type": "GeometryCollection", "geometries": [ { "type": "MultiPolygon", "coordinates": [ [ [ [ -99.09108, 19.23303 ], [ -99.09423, 19.23325 ], [ -99.0924, 19.23527 ], [ -99.09077, 19.23459 ], [ -99.09108, 19.23303 ] ] ], [ [ [ -99.0922, 19.2354 ], [ -99.09218, 19.23537 ], [ -99.09243, 19.23528 ], [ -99.0922, 19.2354 ] ] ] ] }, { "type": "LineString", "coordinates": [ [ -99.0922, 19.2354 ], [ -99.0922, 19.23541 ] ] } ] } },
{ "type": "Feature", "properties": { "colonia": "TORRES DE MIXCOAC (U HAB)", "alcaldia": "ALVARO OBREGON", "cveut": "10-227" }, "geometry": { "type": "Polygon", "coordinates": [ [ [ -99.19208, 19.37247 ], [ -99.19177, 19.37041 ], [ -99.19523, 19.37045 ], [ -99.19447, 19.37168 ], [ -99.19208, 19.37247 ] ] ] } },
{ "type": "Feature", "properties": { "colonia": "SAN MIGUEL CUAUTEPEC", "alcaldia": "GUSTAVO A. MADERO", "cveut": "05-165" }, "geometry": { "type": "Polygon", "coordinates": [ [ [ -99.13711, 19.56013 ], [ -99.13594, 19.56159 ], [ -99.13457, 19.56098 ], [ -99.13473, 19.5592 ], [ -99.13573, 19.5586 ], [ -99.13711, 19.56013 ] ] ] } },
{ "type": "Feature", "properties": { "colonia": "PROF JOSE ARTURO LOPEZ", "alcaldia": "ALVARO OBREGON", "cveut": "10-181" }, "geometry": { "type": "Polygon", "coordinates": [ [ [ -99.21955, 19.36108 ], [ -99.21854, 19.35907 ], [ -99.2216, 19.35883 ], [ -99.22181, 19.36006 ], [ -99.21955, 19.36108 ] ] ] } },
{ "type": "Feature", "properties": { "colonia": "LOMAS EL MANTO", "alcaldia": "IZTAPALAPA", "cveut": "07-126" }, "geometry": { "type": "Polygon", "coordinates": [ [ [ -99.0867, 19.35269 ], [ -99.08556, 19.35063 ], [ -99.08802, 19.34985 ], [ -99.08799, 19.35247 ], [ -99.0867, 19.35269 ] ] ] } },
{ "type": "Feature", "properties": { "colonia": "TEPEACA", "alcaldia": "ALVARO OBREGON", "cveut": "10-210" }, "geometry": { "type": "Polygon", "coordinates": [ [ [ -99.23715, 19.35973 ], [ -99.23597, 19.35996 ], [ -99.23535, 19.35887 ], [ -99.2357, 19.35786 ], [ -99.23669, 19.35681 ], [ -99.23769, 19.35793 ], [ -99.23715, 19.35973 ] ] ] } },
{ "type": "Feature", "properties": { "colonia": "VERACRUZANA (AMPL)", "alcaldia": "IZTAPALAPA", "cveut": "07-241" }, "geometry": { "type": "Polygon", "coordinates": [ [ [ -99.09115, 19.35176 ], [ -99.08916, 19.35203 ], [ -99.08921, 19.34948 ], [ -99.09111, 19.34952 ], [ -99.09115, 19.35176 ] ] ] } },
{ "type": "Feature", "properties": { "colonia": "LOMAS DE NUEVO MEXICO", "alcaldia": "ALVARO OBREGON", "cveut": "10-136" }, "geometry": { "type": "Polygon", "coordinates": [ [ [ -99.2336, 19.38355 ], [ -99.2338, 19.38108 ], [ -99.23551, 19.38037 ], [ -99.23547, 19.38317 ], [ -99.2336, 19.38355 ] ] ] } },
{ "type": "Feature", "properties": { "colonia": "EL PIRUL", "alcaldia": "ALVARO OBREGON", "cveut": "10-065" }, "geometry": { "type": "Polygon", "coordinates": [ [ [ -99.23909, 19.38209 ], [ -99.24059, 19.37812 ], [ -99.24191, 19.38082 ], [ -99.23909, 19.38209 ] ] ] } },
{ "type": "Feature", "properties": { "colonia": "USCOVI (U HAB)", "alcaldia": "IZTAPALAPA", "cveut": "07-235" }, "geometry": { "type": "Polygon", "coordinates": [ [ [ -99.07054, 19.29455 ], [ -99.0686, 19.29508 ], [ -99.0668, 19.29366 ], [ -99.07016, 19.29297 ], [ -99.07054, 19.29455 ] ] ] } },
{ "type": "Feature", "properties": { "colonia": "TEPANTITLAMILCO", "alcaldia": "TLAHUAC", "cveut": "11-048" }, "geometry": { "type": "Polygon", "coordinates": [ [ [ -98.97084, 19.22239 ], [ -98.96911, 19.2198 ], [ -98.97083, 19.21895 ], [ -98.9718, 19.22042 ], [ -98.97084, 19.22239 ] ] ] } },
{ "type": "Feature", "properties": { "colonia": "AVE REAL (AMPL)", "alcaldia": "ALVARO OBREGON", "cveut": "10-023" }, "geometry": { "type": "Polygon", "coordinates": [ [ [ -99.23367, 19.36261 ], [ -99.23606, 19.36153 ], [ -99.23667, 19.36283 ], [ -99.23376, 19.36444 ], [ -99.23367, 19.36261 ] ] ] } },
{ "type": "Feature", "properties": { "colonia": "GUADALUPE VICTORIA", "alcaldia": "GUSTAVO A. MADERO", "cveut": "05-075" }, "geometry": { "type": "Polygon", "coordinates": [ [ [ -99.14123, 19.53726 ], [ -99.14002, 19.54132 ], [ -99.1386, 19.54078 ], [ -99.13996, 19.53789 ], [ -99.14123, 19.53726 ] ] ] } },
{ "type": "Feature", "properties": { "colonia": "EL VERGEL TRIANGULO DE LAS AGUJAS I (U HAB)", "alcaldia": "IZTAPALAPA", "cveut": "07-067" }, "geometry": { "type": "Polygon", "coordinates": [ [ [ -99.08598, 19.30682 ], [ -99.08702, 19.30548 ], [ -99.08932, 19.30805 ], [ -99.08864, 19.30883 ], [ -99.08598, 19.30682 ] ] ] } },
{ "type": "Feature", "properties": { "colonia": "LA PRESA SECCION HORNOS", "alcaldia": "ALVARO OBREGON", "cveut": "10-112" }, "geometry": { "type": "Polygon", "coordinates": [ [ [ -99.21673, 19.38274 ], [ -99.21412, 19.38292 ], [ -99.21334, 19.38219 ], [ -99.21727, 19.38072 ], [ -99.21673, 19.38274 ] ] ] } },
{ "type": "Feature", "properties": { "colonia": "7 DE JULIO (AMPL)", "alcaldia": "VENUSTIANO CARRANZA", "cveut": "17-071" }, "geometry": { "type": "Polygon", "coordinates": [ [ [ -99.10837, 19.43533 ], [ -99.1081, 19.43473 ], [ -99.10899, 19.43436 ], [ -99.11027, 19.42736 ], [ -99.11042, 19.43119 ], [ -99.10952, 19.43456 ], [ -99.10837, 19.43533 ] ] ] } },
{ "type": "Feature", "properties": { "colonia": "CARMEN SERDAN ( U HAB)", "alcaldia": "IZTAPALAPA", "cveut": "07-024" }, "geometry": { "type": "Polygon", "coordinates": [ [ [ -99.07998, 19.29924 ], [ -99.08156, 19.30027 ], [ -99.08088, 19.3011 ], [ -99.07859, 19.29944 ], [ -99.08051, 19.29705 ], [ -99.0809, 19.29806 ], [ -99.07998, 19.29924 ] ] ] } },
{ "type": "Feature", "properties": { "colonia": "MOLINO DE ROSAS (AMPL)", "alcaldia": "ALVARO OBREGON", "cveut": "10-158" }, "geometry": { "type": "Polygon", "coordinates": [ [ [ -99.20384, 19.3705 ], [ -99.20135, 19.37004 ], [ -99.19955, 19.37102 ], [ -99.1992, 19.36978 ], [ -99.20198, 19.36912 ], [ -99.20402, 19.36971 ], [ -99.20384, 19.3705 ] ] ] } },
{ "type": "Feature", "properties": { "colonia": "BAHIA (U HAB)", "alcaldia": "VENUSTIANO CARRANZA", "cveut": "17-010" }, "geometry": { "type": "Polygon", "coordinates": [ [ [ -99.08237, 19.41864 ], [ -99.08327, 19.41414 ], [ -99.08422, 19.41427 ], [ -99.08335, 19.41882 ], [ -99.08237, 19.41864 ] ] ] } },
{ "type": "Feature", "properties": { "colonia": "DIAMANTE", "alcaldia": "TLALPAN", "cveut": "12-033" }, "geometry": { "type": "Polygon", "coordinates": [ [ [ -99.19251, 19.27201 ], [ -99.19335, 19.26934 ], [ -99.19508, 19.27017 ], [ -99.19462, 19.27189 ], [ -99.19251, 19.27201 ] ] ] } },
{ "type": "Feature", "properties": { "colonia": "IGNACIO MANUEL ALTAMIRANO", "alcaldia": "MIGUEL HIDALGO", "cveut": "16-034" }, "geometry": { "type": "Polygon", "coordinates": [ [ [ -99.19667, 19.46486 ], [ -99.19563, 19.46456 ], [ -99.19645, 19.46165 ], [ -99.19823, 19.46211 ], [ -99.19667, 19.46486 ] ] ] } },
{ "type": "Feature", "properties": { "colonia": "FRANCISCO I MADERO", "alcaldia": "MIGUEL HIDALGO", "cveut": "16-030" }, "geometry": { "type": "Polygon", "coordinates": [ [ [ -99.20363, 19.44843 ], [ -99.2015, 19.44771 ], [ -99.20222, 19.44576 ], [ -99.20428, 19.44668 ], [ -99.20363, 19.44843 ] ] ] } },
{ "type": "Feature", "properties": { "colonia": "ISIDRO FABELA", "alcaldia": "ALVARO OBREGON", "cveut": "10-087" }, "geometry": { "type": "Polygon", "coordinates": [ [ [ -99.21135, 19.38581 ], [ -99.21136, 19.38665 ], [ -99.20643, 19.38693 ], [ -99.20692, 19.38586 ], [ -99.21135, 19.38581 ] ] ] } },
{ "type": "Feature", "properties": { "colonia": "INDECO (U HAB)", "alcaldia": "GUSTAVO A. MADERO", "cveut": "05-080" }, "geometry": { "type": "Polygon", "coordinates": [ [ [ -99.09043, 19.47126 ], [ -99.09119, 19.4716 ], [ -99.08946, 19.47558 ], [ -99.0885, 19.47445 ], [ -99.09043, 19.47126 ] ] ] } },
{ "type": "Feature", "properties": { "colonia": "CABEZA DE JUAREZ III (U HAB)", "alcaldia": "IZTAPALAPA", "cveut": "07-019" }, "geometry": { "type": "Polygon", "coordinates": [ [ [ -99.04327, 19.38258 ], [ -99.04144, 19.38485 ], [ -99.04017, 19.38395 ], [ -99.04185, 19.38182 ], [ -99.04327, 19.38258 ] ] ] } },
{ "type": "Feature", "properties": { "colonia": "DEL MAESTRO", "alcaldia": "AZCAPOTZALCO", "cveut": "02-017" }, "geometry": { "type": "Polygon", "coordinates": [ [ [ -99.1829, 19.48408 ], [ -99.18098, 19.4837 ], [ -99.18192, 19.48129 ], [ -99.18347, 19.48194 ], [ -99.1829, 19.48408 ] ] ] } },
{ "type": "Feature", "properties": { "colonia": "6 DE JUNIO", "alcaldia": "GUSTAVO A. MADERO", "cveut": "05-211" }, "geometry": { "type": "Polygon", "coordinates": [ [ [ -99.125, 19.55101 ], [ -99.12497, 19.54898 ], [ -99.12621, 19.5487 ], [ -99.12711, 19.55203 ], [ -99.125, 19.55101 ] ] ] } },
{ "type": "Feature", "properties": { "colonia": "TENORIOS INFONAVIT 1 Y 2 (U HAB)", "alcaldia": "TLALPAN", "cveut": "12-168" }, "geometry": { "type": "Polygon", "coordinates": [ [ [ -99.11839, 19.29558 ], [ -99.11912, 19.29706 ], [ -99.11661, 19.29803 ], [ -99.11594, 19.29662 ], [ -99.11839, 19.29558 ] ] ] } },
{ "type": "Feature", "properties": { "colonia": "VILLAS AZCAPOTZALCO (U HAB)", "alcaldia": "AZCAPOTZALCO", "cveut": "02-109" }, "geometry": { "type": "Polygon", "coordinates": [ [ [ -99.19412, 19.49081 ], [ -99.1901, 19.48969 ], [ -99.18978, 19.48843 ], [ -99.19438, 19.49006 ], [ -99.19412, 19.49081 ] ] ] } },
{ "type": "Feature", "properties": { "colonia": "ANAHUAC LAGO NORTE", "alcaldia": "MIGUEL HIDALGO", "cveut": "16-007" }, "geometry": { "type": "Polygon", "coordinates": [ [ [ -99.18793, 19.44815 ], [ -99.18575, 19.44785 ], [ -99.18603, 19.44593 ], [ -99.1882, 19.44621 ], [ -99.18793, 19.44815 ] ] ] } },
{ "type": "Feature", "properties": { "colonia": "ANAHUAC PERALITOS", "alcaldia": "MIGUEL HIDALGO", "cveut": "16-011" }, "geometry": { "type": "Polygon", "coordinates": [ [ [ -99.18759, 19.45011 ], [ -99.18548, 19.44979 ], [ -99.18575, 19.44785 ], [ -99.18793, 19.44815 ], [ -99.18759, 19.45011 ] ] ] } },
{ "type": "Feature", "properties": { "colonia": "PREDIO SANTA CRUZ MEYEHUALCO", "alcaldia": "IZTAPALAPA", "cveut": "07-321" }, "geometry": { "type": "Polygon", "coordinates": [ [ [ -99.04916, 19.35295 ], [ -99.04739, 19.35269 ], [ -99.04745, 19.35044 ], [ -99.04929, 19.35056 ], [ -99.04916, 19.35295 ] ] ] } },
{ "type": "Feature", "properties": { "colonia": "JOSE MA MORELOS Y PAVON (U HAB)", "alcaldia": "IZTAPALAPA", "cveut": "07-101" }, "geometry": { "type": "Polygon", "coordinates": [ [ [ -99.02737, 19.37244 ], [ -99.02909, 19.37432 ], [ -99.02562, 19.37538 ], [ -99.02737, 19.37244 ] ] ] } },
{ "type": "Feature", "properties": { "colonia": "GUELATAO DE JUAREZ I (U HAB)", "alcaldia": "IZTAPALAPA", "cveut": "07-089" }, "geometry": { "type": "Polygon", "coordinates": [ [ [ -99.04406, 19.3868 ], [ -99.04374, 19.38803 ], [ -99.04093, 19.38642 ], [ -99.04175, 19.38514 ], [ -99.04406, 19.3868 ] ] ] } },
{ "type": "Feature", "properties": { "colonia": "TLATILCO (U HAB)", "alcaldia": "AZCAPOTZALCO", "cveut": "02-105" }, "geometry": { "type": "Polygon", "coordinates": [ [ [ -99.16499, 19.46151 ], [ -99.16521, 19.46253 ], [ -99.16358, 19.46429 ], [ -99.16236, 19.4641 ], [ -99.16292, 19.46257 ], [ -99.16499, 19.46151 ] ] ] } },
{ "type": "Feature", "properties": { "colonia": "VILLA XOCHIMILCO (U HAB)", "alcaldia": "XOCHIMILCO", "cveut": "13-083" }, "geometry": { "type": "Polygon", "coordinates": [ [ [ -99.12756, 19.26859 ], [ -99.12416, 19.2672 ], [ -99.12468, 19.26634 ], [ -99.12402, 19.26609 ], [ -99.12652, 19.26634 ], [ -99.12756, 19.26859 ] ] ] } },
{ "type": "Feature", "properties": { "colonia": "CUITLAHUAC (U HAB)", "alcaldia": "IZTAPALAPA", "cveut": "07-036" }, "geometry": { "type": "Polygon", "coordinates": [ [ [ -99.06412, 19.34463 ], [ -99.06171, 19.34344 ], [ -99.06218, 19.34253 ], [ -99.06415, 19.34305 ], [ -99.06417, 19.34205 ], [ -99.06506, 19.34324 ], [ -99.06412, 19.34463 ] ] ] } },
{ "type": "Feature", "properties": { "colonia": "LIBERACION PROLETARIA", "alcaldia": "ALVARO OBREGON", "cveut": "10-120" }, "geometry": { "type": "Polygon", "coordinates": [ [ [ -99.23067, 19.38039 ], [ -99.23122, 19.38206 ], [ -99.22868, 19.38238 ], [ -99.22825, 19.38089 ], [ -99.23067, 19.38039 ] ] ] } },
{ "type": "Feature", "properties": { "colonia": "EL ARENAL 2A SECCION", "alcaldia": "VENUSTIANO CARRANZA", "cveut": "17-019" }, "geometry": { "type": "Polygon", "coordinates": [ [ [ -99.05704, 19.42415 ], [ -99.05534, 19.42394 ], [ -99.05604, 19.42215 ], [ -99.05883, 19.42273 ], [ -99.05704, 19.42415 ] ] ] } },
{ "type": "Feature", "properties": { "colonia": "ANAHUAC LAGO SUR", "alcaldia": "MIGUEL HIDALGO", "cveut": "16-008" }, "geometry": { "type": "Polygon", "coordinates": [ [ [ -99.1882, 19.44621 ], [ -99.18603, 19.44593 ], [ -99.18631, 19.44408 ], [ -99.18847, 19.44436 ], [ -99.1882, 19.44621 ] ] ] } },
{ "type": "Feature", "properties": { "colonia": "CE CUALLI OHTLI (U HAB)", "alcaldia": "IZTAPALAPA", "cveut": "07-026" }, "geometry": { "type": "Polygon", "coordinates": [ [ [ -99.07429, 19.29364 ], [ -99.07351, 19.29382 ], [ -99.0711, 19.2912 ], [ -99.07452, 19.29051 ], [ -99.07477, 19.29129 ], [ -99.07215, 19.29194 ], [ -99.07429, 19.29364 ] ] ] } },
{ "type": "Feature", "properties": { "colonia": "LA ESTACION", "alcaldia": "IZTAPALAPA", "cveut": "07-108" }, "geometry": { "type": "Polygon", "coordinates": [ [ [ -99.04113, 19.31602 ], [ -99.04048, 19.31542 ], [ -99.04268, 19.31335 ], [ -99.0441, 19.31442 ], [ -99.04113, 19.31602 ] ] ] } },
{ "type": "Feature", "properties": { "colonia": "CONJUNTO HABITACIONAL PEDREGAL DEL LAGO", "alcaldia": "TLALPAN", "cveut": "12-218" }, "geometry": { "type": "Polygon", "coordinates": [ [ [ -99.22404, 19.31091 ], [ -99.22315, 19.30974 ], [ -99.2249, 19.30789 ], [ -99.22601, 19.30907 ], [ -99.22404, 19.31091 ] ] ] } },
{ "type": "Feature", "properties": { "colonia": "PEMEX LINDAVISTA (U HAB)", "alcaldia": "GUSTAVO A. MADERO", "cveut": "05-136" }, "geometry": { "type": "Polygon", "coordinates": [ [ [ -99.13367, 19.50755 ], [ -99.13219, 19.50709 ], [ -99.13478, 19.50484 ], [ -99.1357, 19.50578 ], [ -99.13367, 19.50755 ] ] ] } },
{ "type": "Feature", "properties": { "colonia": "TECOLALCO", "alcaldia": "ALVARO OBREGON", "cveut": "10-208" }, "geometry": { "type": "Polygon", "coordinates": [ [ [ -99.23831, 19.38003 ], [ -99.23592, 19.3795 ], [ -99.23691, 19.37789 ], [ -99.23901, 19.37683 ], [ -99.23803, 19.37793 ], [ -99.23831, 19.38003 ] ] ] } },
{ "type": "Feature", "properties": { "colonia": "ALTILLO (COND ALTILLO UNIVERSIDAD)", "alcaldia": "COYOACAN", "cveut": "03-005" }, "geometry": { "type": "Polygon", "coordinates": [ [ [ -99.18204, 19.33965 ], [ -99.17999, 19.34257 ], [ -99.17941, 19.34123 ], [ -99.18057, 19.3392 ], [ -99.18204, 19.33965 ] ] ] } },
{ "type": "Feature", "properties": { "colonia": "RINCON DEL BOSQUE", "alcaldia": "MIGUEL HIDALGO", "cveut": "16-071" }, "geometry": { "type": "Polygon", "coordinates": [ [ [ -99.18279, 19.42973 ], [ -99.1808, 19.43061 ], [ -99.1799, 19.42826 ], [ -99.18124, 19.4281 ], [ -99.18279, 19.42973 ] ] ] } },
{ "type": "Feature", "properties": { "colonia": "LA REGADERA", "alcaldia": "IZTAPALAPA", "cveut": "07-116" }, "geometry": { "type": "Polygon", "coordinates": [ [ [ -99.06525, 19.35403 ], [ -99.06257, 19.35362 ], [ -99.06296, 19.35213 ], [ -99.06559, 19.35269 ], [ -99.06525, 19.35403 ] ] ] } },
{ "type": "Feature", "properties": { "colonia": "CENTRO URBANO PRESIDENTE ALEMAN (U HAB)", "alcaldia": "BENITO JUAREZ", "cveut": "14-008" }, "geometry": { "type": "Polygon", "coordinates": [ [ [ -99.17102, 19.37199 ], [ -99.17155, 19.36963 ], [ -99.17317, 19.36999 ], [ -99.17256, 19.37232 ], [ -99.17102, 19.37199 ] ] ] } },
{ "type": "Feature", "properties": { "colonia": "CRISTO REY", "alcaldia": "ALVARO OBREGON", "cveut": "10-050" }, "geometry": { "type": "Polygon", "coordinates": [ [ [ -99.20125, 19.38735 ], [ -99.20304, 19.39003 ], [ -99.20217, 19.3905 ], [ -99.1998, 19.38729 ], [ -99.20125, 19.38735 ] ] ] } },
{ "type": "Feature", "properties": { "colonia": "VILLA DE ARAGON", "alcaldia": "GUSTAVO A. MADERO", "cveut": "05-213" }, "geometry": { "type": "Polygon", "coordinates": [ [ [ -99.05757, 19.4654 ], [ -99.05666, 19.46328 ], [ -99.05606, 19.46187 ], [ -99.05859, 19.46272 ], [ -99.05757, 19.4654 ] ] ] } },
{ "type": "Feature", "properties": { "colonia": "UNION OLIVOS", "alcaldia": "ALVARO OBREGON", "cveut": "10-233" }, "geometry": { "type": "Polygon", "coordinates": [ [ [ -99.25239, 19.36456 ], [ -99.24939, 19.36546 ], [ -99.2491, 19.36458 ], [ -99.25024, 19.36313 ], [ -99.25239, 19.36456 ] ] ] } },
{ "type": "Feature", "properties": { "colonia": "COOPERATIVA CEHUAYO", "alcaldia": "ALVARO OBREGON", "cveut": "10-046" }, "geometry": { "type": "Polygon", "coordinates": [ [ [ -99.2418, 19.35808 ], [ -99.24471, 19.35729 ], [ -99.24249, 19.36049 ], [ -99.2418, 19.35808 ] ] ] } },
{ "type": "Feature", "properties": { "colonia": "PARAISO SANTA CATARINA", "alcaldia": "TLAHUAC", "cveut": "11-028" }, "geometry": { "type": "Polygon", "coordinates": [ [ [ -98.97788, 19.3241 ], [ -98.97734, 19.32518 ], [ -98.97557, 19.32489 ], [ -98.97478, 19.32375 ], [ -98.97672, 19.32325 ], [ -98.97788, 19.3241 ] ] ] } },
{ "type": "Feature", "properties": { "colonia": "FERRERIA (U HAB)", "alcaldia": "AZCAPOTZALCO", "cveut": "02-029" }, "geometry": { "type": "Polygon", "coordinates": [ [ [ -99.1758, 19.5007 ], [ -99.17688, 19.49663 ], [ -99.17785, 19.49689 ], [ -99.17649, 19.50104 ], [ -99.1758, 19.5007 ] ] ] } },
{ "type": "Feature", "properties": { "colonia": "EL DIVISADERO", "alcaldia": "TLALPAN", "cveut": "12-037" }, "geometry": { "type": "Polygon", "coordinates": [ [ [ -99.15791, 19.25265 ], [ -99.16033, 19.2532 ], [ -99.1601, 19.25452 ], [ -99.15729, 19.25403 ], [ -99.15791, 19.25265 ] ] ] } },
{ "type": "Feature", "properties": { "colonia": "TEPOPOTLA", "alcaldia": "ALVARO OBREGON", "cveut": "10-212" }, "geometry": { "type": "Polygon", "coordinates": [ [ [ -99.25107, 19.36128 ], [ -99.25283, 19.35995 ], [ -99.25222, 19.36386 ], [ -99.25161, 19.36374 ], [ -99.25107, 19.36128 ] ] ] } },
{ "type": "Feature", "properties": { "colonia": "AZTLAN (U HAB)", "alcaldia": "XOCHIMILCO", "cveut": "13-077" }, "geometry": { "type": "Polygon", "coordinates": [ [ [ -99.10627, 19.29015 ], [ -99.10567, 19.28921 ], [ -99.10587, 19.28462 ], [ -99.10672, 19.285 ], [ -99.10627, 19.29015 ] ] ] } },
{ "type": "Feature", "properties": { "colonia": "SAN MIGUEL-LA ESCALERA (BARR)", "alcaldia": "GUSTAVO A. MADERO", "cveut": "05-166" }, "geometry": { "type": "Polygon", "coordinates": [ [ [ -99.09044, 19.471 ], [ -99.08965, 19.47299 ], [ -99.08823, 19.47243 ], [ -99.08864, 19.47025 ], [ -99.09044, 19.471 ] ] ] } },
{ "type": "Feature", "properties": { "colonia": "UN HOGAR PARA CADA TRABAJADOR", "alcaldia": "AZCAPOTZALCO", "cveut": "02-107" }, "geometry": { "type": "Polygon", "coordinates": [ [ [ -99.17626, 19.47705 ], [ -99.17585, 19.47126 ], [ -99.17713, 19.47105 ], [ -99.17626, 19.47705 ] ] ] } },
{ "type": "Feature", "properties": { "colonia": "JUAN DE DIOS BATIZ (U HAB)", "alcaldia": "GUSTAVO A. MADERO", "cveut": "05-090" }, "geometry": { "type": "Polygon", "coordinates": [ [ [ -99.12982, 19.50552 ], [ -99.12851, 19.50316 ], [ -99.12906, 19.50264 ], [ -99.13107, 19.503 ], [ -99.12982, 19.50552 ] ] ] } },
{ "type": "Feature", "properties": { "colonia": "VILLA DEL PUENTE FOVISSSTE  (U HAB)", "alcaldia": "TLALPAN", "cveut": "12-193" }, "geometry": { "type": "Polygon", "coordinates": [ [ [ -99.10615, 19.29963 ], [ -99.10552, 19.29367 ], [ -99.10561, 19.29339 ], [ -99.10715, 19.29871 ], [ -99.10615, 19.29963 ] ] ] } },
{ "type": "Feature", "properties": { "colonia": "PARQUE RESIDENCIAL SAN ANTONIO (U HAB)", "alcaldia": "ALVARO OBREGON", "cveut": "10-169" }, "geometry": { "type": "Polygon", "coordinates": [ [ [ -99.19215, 19.38698 ], [ -99.19109, 19.38829 ], [ -99.19144, 19.38637 ], [ -99.19362, 19.38522 ], [ -99.19424, 19.387 ], [ -99.19215, 19.38698 ] ] ] } },
{ "type": "Feature", "properties": { "colonia": "LA PALMITA", "alcaldia": "ALVARO OBREGON", "cveut": "10-109" }, "geometry": { "type": "Polygon", "coordinates": [ [ [ -99.22569, 19.3856 ], [ -99.22582, 19.38296 ], [ -99.22703, 19.38287 ], [ -99.22755, 19.38498 ], [ -99.22569, 19.3856 ] ] ] } },
{ "type": "Feature", "properties": { "colonia": "CANAL NACIONAL (U HAB)", "alcaldia": "COYOACAN", "cveut": "03-014" }, "geometry": { "type": "Polygon", "coordinates": [ [ [ -99.10116, 19.30993 ], [ -99.09997, 19.30989 ], [ -99.10028, 19.30646 ], [ -99.10138, 19.30705 ], [ -99.10116, 19.30993 ] ] ] } },
{ "type": "Feature", "properties": { "colonia": "LOS ROBLES (FRACC)", "alcaldia": "COYOACAN", "cveut": "03-079" }, "geometry": { "type": "Polygon", "coordinates": [ [ [ -99.13216, 19.3163 ], [ -99.13328, 19.31296 ], [ -99.13396, 19.31315 ], [ -99.1335, 19.31668 ], [ -99.13216, 19.3163 ] ] ] } },
{ "type": "Feature", "properties": { "colonia": "LA MEXICANA (AMPL)", "alcaldia": "ALVARO OBREGON", "cveut": "10-013" }, "geometry": { "type": "Polygon", "coordinates": [ [ [ -99.22755, 19.38498 ], [ -99.22703, 19.38287 ], [ -99.22874, 19.38259 ], [ -99.22934, 19.38443 ], [ -99.22755, 19.38498 ] ] ] } },
{ "type": "Feature", "properties": { "colonia": "MONTE ALTO", "alcaldia": "AZCAPOTZALCO", "cveut": "02-048" }, "geometry": { "type": "Polygon", "coordinates": [ [ [ -99.15731, 19.4811 ], [ -99.15503, 19.48033 ], [ -99.15529, 19.47883 ], [ -99.15765, 19.47962 ], [ -99.15731, 19.4811 ] ] ] } },
{ "type": "Feature", "properties": { "colonia": "TLALTENCO (U HAB)", "alcaldia": "IZTAPALAPA", "cveut": "07-232" }, "geometry": { "type": "Polygon", "coordinates": [ [ [ -99.06898, 19.28899 ], [ -99.07022, 19.29021 ], [ -99.06673, 19.29085 ], [ -99.06651, 19.29005 ], [ -99.06898, 19.28899 ] ] ] } },
{ "type": "Feature", "properties": { "colonia": "INFONAVIT CAMINO SAN JUAN DE ARAGON (U HAB)", "alcaldia": "GUSTAVO A. MADERO", "cveut": "05-083" }, "geometry": { "type": "Polygon", "coordinates": [ [ [ -99.08359, 19.4718 ], [ -99.08305, 19.47404 ], [ -99.08176, 19.4738 ], [ -99.08181, 19.47143 ], [ -99.08359, 19.4718 ] ] ] } },
{ "type": "Feature", "properties": { "colonia": "VISTAS DEL MAUREL (U HAB)", "alcaldia": "COYOACAN", "cveut": "03-124" }, "geometry": { "type": "Polygon", "coordinates": [ [ [ -99.17469, 19.30575 ], [ -99.17296, 19.3065 ], [ -99.17208, 19.30491 ], [ -99.17385, 19.30404 ], [ -99.17469, 19.30575 ] ] ] } },
{ "type": "Feature", "properties": { "colonia": "VISTA HERMOSA", "alcaldia": "LA MAGDALENA CONTRERAS", "cveut": "08-053" }, "geometry": { "type": "Polygon", "coordinates": [ [ [ -99.25257, 19.31369 ], [ -99.25268, 19.31197 ], [ -99.25395, 19.31137 ], [ -99.25453, 19.31202 ], [ -99.25365, 19.3142 ], [ -99.25257, 19.31369 ] ] ] } },
{ "type": "Feature", "properties": { "colonia": "SAN PABLO 396-CONJ HAB SAN PABLO (U HAB)", "alcaldia": "AZCAPOTZALCO", "cveut": "02-083" }, "geometry": { "type": "Polygon", "coordinates": [ [ [ -99.18397, 19.50043 ], [ -99.18692, 19.5004 ], [ -99.18695, 19.50202 ], [ -99.18387, 19.50118 ], [ -99.18397, 19.50043 ] ] ] } },
{ "type": "Feature", "properties": { "colonia": "9 1/2 - FRANCISCO VILLA (EJERCITO CONSTITUCIONALISTA) (CONJ HAB)", "alcaldia": "IZTAPALAPA", "cveut": "07-257" }, "geometry": { "type": "Polygon", "coordinates": [ [ [ -99.0497, 19.37751 ], [ -99.0501, 19.37526 ], [ -99.05196, 19.37637 ], [ -99.05113, 19.37725 ], [ -99.05218, 19.37809 ], [ -99.0497, 19.37751 ] ] ] } },
{ "type": "Feature", "properties": { "colonia": "FOVISSSTE SAN PEDRO MARTIR ( U HAB)", "alcaldia": "TLALPAN", "cveut": "12-045" }, "geometry": { "type": "Polygon", "coordinates": [ [ [ -99.1607, 19.27596 ], [ -99.15945, 19.27549 ], [ -99.16091, 19.27268 ], [ -99.16166, 19.27497 ], [ -99.1607, 19.27596 ] ] ] } },
{ "type": "Feature", "properties": { "colonia": "PLAZUELA DEL PEDREGAL", "alcaldia": "LA MAGDALENA CONTRERAS", "cveut": "08-035" }, "geometry": { "type": "Polygon", "coordinates": [ [ [ -99.23302, 19.30182 ], [ -99.23254, 19.30334 ], [ -99.23419, 19.30318 ], [ -99.23128, 19.30522 ], [ -99.23227, 19.30144 ], [ -99.23302, 19.30182 ] ] ] } },
{ "type": "Feature", "properties": { "colonia": "IGNACIO ZARAGOZA (U HAB)", "alcaldia": "IZTAPALAPA", "cveut": "07-094" }, "geometry": { "type": "Polygon", "coordinates": [ [ [ -99.03906, 19.38532 ], [ -99.03994, 19.38384 ], [ -99.04175, 19.38514 ], [ -99.04093, 19.38642 ], [ -99.03906, 19.38532 ] ] ] } },
{ "type": "Feature", "properties": { "colonia": "ARROYO GUADALUPE (U HAB)", "alcaldia": "GUSTAVO A. MADERO", "cveut": "05-009" }, "geometry": { "type": "Polygon", "coordinates": [ [ [ -99.13798, 19.51075 ], [ -99.13792, 19.5123 ], [ -99.13569, 19.51049 ], [ -99.13489, 19.51081 ], [ -99.13586, 19.50937 ], [ -99.13798, 19.51075 ] ] ] } },
{ "type": "Feature", "properties": { "colonia": "VILLA PANAMERICANA 4TA. SECCIÓN (U HAB)", "alcaldia": "COYOACAN", "cveut": "03-118" }, "geometry": { "type": "Polygon", "coordinates": [ [ [ -99.1699, 19.30587 ], [ -99.17078, 19.3076 ], [ -99.16872, 19.30797 ], [ -99.16803, 19.30658 ], [ -99.1699, 19.30587 ] ] ] } },
{ "type": "Feature", "properties": { "colonia": "CANAL ONCE (U HAB)", "alcaldia": "XOCHIMILCO", "cveut": "13-078" }, "geometry": { "type": "Polygon", "coordinates": [ [ [ -99.11492, 19.2488 ], [ -99.11433, 19.24589 ], [ -99.11461, 19.24679 ], [ -99.1181, 19.24785 ], [ -99.11492, 19.2488 ] ] ] } },
{ "type": "Feature", "properties": { "colonia": "LA PRESA", "alcaldia": "ALVARO OBREGON", "cveut": "10-111" }, "geometry": { "type": "Polygon", "coordinates": [ [ [ -99.21402, 19.38279 ], [ -99.21212, 19.38303 ], [ -99.21015, 19.38099 ], [ -99.2117, 19.38107 ], [ -99.21402, 19.38279 ] ] ] } },
{ "type": "Feature", "properties": { "colonia": "MARINA NACIONAL (U HAB)", "alcaldia": "MIGUEL HIDALGO", "cveut": "16-049" }, "geometry": { "type": "Polygon", "coordinates": [ [ [ -99.17978, 19.4481 ], [ -99.17868, 19.44796 ], [ -99.17903, 19.44502 ], [ -99.18045, 19.44617 ], [ -99.17978, 19.4481 ] ] ] } },
{ "type": "Feature", "properties": { "colonia": "MONTE ALBAN", "alcaldia": "IZTAPALAPA", "cveut": "07-146" }, "geometry": { "type": "Polygon", "coordinates": [ [ [ -99.02162, 19.3558 ], [ -99.01842, 19.35347 ], [ -99.02151, 19.3539 ], [ -99.02202, 19.35474 ], [ -99.02162, 19.3558 ] ] ] } },
{ "type": "Feature", "properties": { "colonia": "SANTA LUCIA (PBLO)", "alcaldia": "ALVARO OBREGON", "cveut": "10-202" }, "geometry": { "type": "Polygon", "coordinates": [ [ [ -99.26026, 19.35693 ], [ -99.25651, 19.35843 ], [ -99.25465, 19.36045 ], [ -99.25426, 19.3596 ], [ -99.25723, 19.35739 ], [ -99.26026, 19.35693 ] ] ] } },
{ "type": "Feature", "properties": { "colonia": "MOLINO DE SANTO DOMINGO (U HAB)", "alcaldia": "ALVARO OBREGON", "cveut": "10-160" }, "geometry": { "type": "Polygon", "coordinates": [ [ [ -99.20383, 19.3948 ], [ -99.20227, 19.39268 ], [ -99.20356, 19.39192 ], [ -99.20473, 19.39419 ], [ -99.20383, 19.3948 ] ] ] } },
{ "type": "Feature", "properties": { "colonia": "COCOYOTES (AMPL)", "alcaldia": "GUSTAVO A. MADERO", "cveut": "05-027" }, "geometry": { "type": "Polygon", "coordinates": [ [ [ -99.12711, 19.55203 ], [ -99.12754, 19.54954 ], [ -99.12901, 19.55016 ], [ -99.12835, 19.55225 ], [ -99.12711, 19.55203 ] ] ] } },
{ "type": "Feature", "properties": { "colonia": "LA CANTERA (U HAB)", "alcaldia": "COYOACAN", "cveut": "03-064" }, "geometry": { "type": "Polygon", "coordinates": [ [ [ -99.17434, 19.33537 ], [ -99.17341, 19.33507 ], [ -99.17418, 19.33267 ], [ -99.17574, 19.33322 ], [ -99.17434, 19.33537 ] ] ] } },
{ "type": "Feature", "properties": { "colonia": "10 DE ABRIL", "alcaldia": "MIGUEL HIDALGO", "cveut": "16-085" }, "geometry": { "type": "Polygon", "coordinates": [ [ [ -99.21086, 19.4495 ], [ -99.21011, 19.44973 ], [ -99.20614, 19.44793 ], [ -99.20692, 19.44728 ], [ -99.21086, 19.4495 ] ] ] } },
{ "type": "Feature", "properties": { "colonia": "CEDRO CHICO", "alcaldia": "ALVARO OBREGON", "cveut": "10-041" }, "geometry": { "type": "Polygon", "coordinates": [ [ [ -99.25998, 19.35525 ], [ -99.25944, 19.35435 ], [ -99.25597, 19.35304 ], [ -99.25904, 19.3525 ], [ -99.25998, 19.35525 ] ] ] } },
{ "type": "Feature", "properties": { "colonia": "PLUTARCO ELIAS CALLES (U HAB)", "alcaldia": "IZTAPALAPA", "cveut": "07-160" }, "geometry": { "type": "Polygon", "coordinates": [ [ [ -99.06579, 19.35501 ], [ -99.0633, 19.35446 ], [ -99.0635, 19.35369 ], [ -99.06525, 19.35403 ], [ -99.06559, 19.35269 ], [ -99.06643, 19.35286 ], [ -99.06579, 19.35501 ] ] ] } },
{ "type": "Feature", "properties": { "colonia": "LAS AGUILAS SECC HORNOS", "alcaldia": "ALVARO OBREGON", "cveut": "10-116" }, "geometry": { "type": "Polygon", "coordinates": [ [ [ -99.20547, 19.3628 ], [ -99.20405, 19.36286 ], [ -99.20332, 19.363 ], [ -99.2039, 19.3615 ], [ -99.20652, 19.3614 ], [ -99.20547, 19.3628 ] ] ] } },
{ "type": "Feature", "properties": { "colonia": "SN JUAN  TEPEXIMILPA (AMPL)", "alcaldia": "TLALPAN", "cveut": "12-152" }, "geometry": { "type": "Polygon", "coordinates": [ [ [ -99.19462, 19.27189 ], [ -99.19283, 19.2737 ], [ -99.19113, 19.2735 ], [ -99.19321, 19.27167 ], [ -99.19462, 19.27189 ] ] ] } },
{ "type": "Feature", "properties": { "colonia": "ARBOLEDAS POLITOCO", "alcaldia": "ALVARO OBREGON", "cveut": "10-015" }, "geometry": { "type": "Polygon", "coordinates": [ [ [ -99.24737, 19.36319 ], [ -99.24567, 19.36442 ], [ -99.24422, 19.36171 ], [ -99.24737, 19.36319 ] ] ] } },
{ "type": "Feature", "properties": { "colonia": "LA CEBADA (AMPL)", "alcaldia": "ALVARO OBREGON", "cveut": "10-098" }, "geometry": { "type": "Polygon", "coordinates": [ [ [ -99.2347, 19.38091 ], [ -99.23265, 19.38096 ], [ -99.23194, 19.3796 ], [ -99.23459, 19.37957 ], [ -99.2347, 19.38091 ] ] ] } },
{ "type": "Feature", "properties": { "colonia": "EL VERGEL DE COYOACAN ( INFONAVIT EL HUESO) (U HAB)", "alcaldia": "COYOACAN", "cveut": "03-047" }, "geometry": { "type": "Polygon", "coordinates": [ [ [ -99.13752, 19.30798 ], [ -99.1362, 19.30809 ], [ -99.13481, 19.30825 ], [ -99.13705, 19.30566 ], [ -99.13752, 19.30798 ] ] ] } },
{ "type": "Feature", "properties": { "colonia": "SANTA URSULA COYOACAN", "alcaldia": "COYOACAN", "cveut": "03-110" }, "geometry": { "type": "Polygon", "coordinates": [ [ [ -99.17382, 19.30333 ], [ -99.17208, 19.30491 ], [ -99.17111, 19.30318 ], [ -99.17213, 19.30263 ], [ -99.17382, 19.30333 ] ] ] } },
{ "type": "Feature", "properties": { "colonia": "AARON SAENZ", "alcaldia": "VENUSTIANO CARRANZA", "cveut": "17-001" }, "geometry": { "type": "Polygon", "coordinates": [ [ [ -99.12441, 19.4136 ], [ -99.12183, 19.41371 ], [ -99.12196, 19.41246 ], [ -99.12436, 19.41236 ], [ -99.12441, 19.4136 ] ] ] } },
{ "type": "Feature", "properties": { "colonia": "VERONICA CASTRO", "alcaldia": "GUSTAVO A. MADERO", "cveut": "05-197" }, "geometry": { "type": "Polygon", "coordinates": [ [ [ -99.13017, 19.5732 ], [ -99.12678, 19.57463 ], [ -99.13037, 19.57129 ], [ -99.13017, 19.5732 ] ] ] } },
{ "type": "Feature", "properties": { "colonia": "DOS RIOS", "alcaldia": "ALVARO OBREGON", "cveut": "10-053" }, "geometry": { "type": "Polygon", "coordinates": [ [ [ -99.24489, 19.35724 ], [ -99.24596, 19.35555 ], [ -99.24699, 19.35688 ], [ -99.24534, 19.35859 ], [ -99.24489, 19.35724 ] ] ] } },
{ "type": "Feature", "properties": { "colonia": "SANTA MARIA (U HAB)", "alcaldia": "CUAUHTEMOC", "cveut": "15-028" }, "geometry": { "type": "Polygon", "coordinates": [ [ [ -99.1582, 19.45559 ], [ -99.15713, 19.45778 ], [ -99.15618, 19.45766 ], [ -99.15663, 19.45527 ], [ -99.1582, 19.45559 ] ] ] } },
{ "type": "Feature", "properties": { "colonia": "MEMETLA", "alcaldia": "CUAJIMALPA DE MORELOS", "cveut": "04-035" }, "geometry": { "type": "Polygon", "coordinates": [ [ [ -99.28372, 19.36067 ], [ -99.28529, 19.35961 ], [ -99.2879, 19.36054 ], [ -99.28681, 19.36101 ], [ -99.28372, 19.36067 ] ] ] } },
{ "type": "Feature", "properties": { "colonia": "METROPOLITANO (U HAB)", "alcaldia": "ALVARO OBREGON", "cveut": "10-152" }, "geometry": { "type": "Polygon", "coordinates": [ [ [ -99.21862, 19.36164 ], [ -99.21716, 19.35984 ], [ -99.21853, 19.3591 ], [ -99.21955, 19.36108 ], [ -99.21862, 19.36164 ] ] ] } },
{ "type": "Feature", "properties": { "colonia": "PATRIMONIO FAMILIAR", "alcaldia": "AZCAPOTZALCO", "cveut": "02-057" }, "geometry": { "type": "Polygon", "coordinates": [ [ [ -99.15186, 19.46803 ], [ -99.14827, 19.46773 ], [ -99.14828, 19.46662 ], [ -99.1506, 19.46699 ], [ -99.15186, 19.46803 ] ] ] } },
{ "type": "Feature", "properties": { "colonia": "PUEBLO NUEVO", "alcaldia": "ALVARO OBREGON", "cveut": "10-183" }, "geometry": { "type": "Polygon", "coordinates": [ [ [ -99.23742, 19.38073 ], [ -99.23903, 19.37984 ], [ -99.2395, 19.38104 ], [ -99.23789, 19.3825 ], [ -99.23742, 19.38073 ] ] ] } },
{ "type": "Feature", "properties": { "colonia": "RINCONADA (U HAB)", "alcaldia": "TLALPAN", "cveut": "12-143" }, "geometry": { "type": "Polygon", "coordinates": [ [ [ -99.13647, 19.28629 ], [ -99.13606, 19.28714 ], [ -99.13364, 19.28693 ], [ -99.13497, 19.28533 ], [ -99.13647, 19.28629 ] ] ] } },
{ "type": "Feature", "properties": { "colonia": "JURISTAS", "alcaldia": "ALVARO OBREGON", "cveut": "10-093" }, "geometry": { "type": "Polygon", "coordinates": [ [ [ -99.23397, 19.35511 ], [ -99.23615, 19.35507 ], [ -99.23702, 19.3563 ], [ -99.23605, 19.35694 ], [ -99.23397, 19.35511 ] ] ] } },
{ "type": "Feature", "properties": { "colonia": "LA GUADALUPITA (BARR)", "alcaldia": "XOCHIMILCO", "cveut": "13-022" }, "geometry": { "type": "Polygon", "coordinates": [ [ [ -99.10287, 19.26532 ], [ -99.10053, 19.26489 ], [ -99.10076, 19.26369 ], [ -99.10316, 19.2642 ], [ -99.10287, 19.26532 ] ] ] } },
{ "type": "Feature", "properties": { "colonia": "LOS CEDROS", "alcaldia": "ALVARO OBREGON", "cveut": "10-146" }, "geometry": { "type": "Polygon", "coordinates": [ [ [ -99.23976, 19.36421 ], [ -99.23772, 19.36454 ], [ -99.23732, 19.36292 ], [ -99.2393, 19.36302 ], [ -99.23976, 19.36421 ] ] ] } },
{ "type": "Feature", "properties": { "colonia": "REVOLUCION IMSS (U HAB)", "alcaldia": "GUSTAVO A. MADERO", "cveut": "05-147" }, "geometry": { "type": "Polygon", "coordinates": [ [ [ -99.13249, 19.48455 ], [ -99.13453, 19.48498 ], [ -99.13427, 19.4863 ], [ -99.13221, 19.48593 ], [ -99.13249, 19.48455 ] ] ] } },
{ "type": "Feature", "properties": { "colonia": "MALVINAS MEXICANAS", "alcaldia": "GUSTAVO A. MADERO", "cveut": "05-122" }, "geometry": { "type": "Polygon", "coordinates": [ [ [ -99.06505, 19.47 ], [ -99.06392, 19.47155 ], [ -99.06289, 19.46848 ], [ -99.06319, 19.46838 ], [ -99.06505, 19.47 ] ] ] } },
{ "type": "Feature", "properties": { "colonia": "PRADOS DE CUAUTEPEC", "alcaldia": "GUSTAVO A. MADERO", "cveut": "05-139" }, "geometry": { "type": "Polygon", "coordinates": [ [ [ -99.14116, 19.56239 ], [ -99.14035, 19.56052 ], [ -99.14159, 19.56032 ], [ -99.1429, 19.5615 ], [ -99.14116, 19.56239 ] ] ] } },
{ "type": "Feature", "properties": { "colonia": "ESTADO DE VERACRUZ", "alcaldia": "IZTAPALAPA", "cveut": "07-072" }, "geometry": { "type": "Polygon", "coordinates": [ [ [ -99.08783, 19.35168 ], [ -99.08826, 19.3494 ], [ -99.08921, 19.34948 ], [ -99.08916, 19.35203 ], [ -99.08783, 19.35168 ] ] ] } },
{ "type": "Feature", "properties": { "colonia": "LA JOYITA", "alcaldia": "IZTAPALAPA", "cveut": "07-110" }, "geometry": { "type": "Polygon", "coordinates": [ [ [ -99.02799, 19.37616 ], [ -99.02592, 19.37675 ], [ -99.02541, 19.37547 ], [ -99.02697, 19.37487 ], [ -99.02799, 19.37616 ] ] ] } },
{ "type": "Feature", "properties": { "colonia": "VALLE DE LUCES II", "alcaldia": "IZTAPALAPA", "cveut": "07-238" }, "geometry": { "type": "Polygon", "coordinates": [ [ [ -99.10587, 19.34034 ], [ -99.10391, 19.34071 ], [ -99.10353, 19.33918 ], [ -99.10612, 19.33945 ], [ -99.10587, 19.34034 ] ] ] } },
{ "type": "Feature", "properties": { "colonia": "HOGARES FERROCARRILEROS (U HAB)", "alcaldia": "AZCAPOTZALCO", "cveut": "02-033" }, "geometry": { "type": "Polygon", "coordinates": [ [ [ -99.16698, 19.47327 ], [ -99.16436, 19.47452 ], [ -99.16363, 19.4726 ], [ -99.16596, 19.4732 ], [ -99.16698, 19.47327 ] ] ] } },
{ "type": "Feature", "properties": { "colonia": "SANTIAGO ATEPETLAC (LA SELVITA) (U HAB)", "alcaldia": "GUSTAVO A. MADERO", "cveut": "05-173" }, "geometry": { "type": "Polygon", "coordinates": [ [ [ -99.14807, 19.52067 ], [ -99.14639, 19.51989 ], [ -99.14756, 19.51852 ], [ -99.14876, 19.51911 ], [ -99.14807, 19.52067 ] ] ] } },
{ "type": "Feature", "properties": { "colonia": "FUENTES DE ZARAGOZA (U HAB)", "alcaldia": "IZTAPALAPA", "cveut": "07-078" }, "geometry": { "type": "Polygon", "coordinates": [ [ [ -99.00867, 19.37077 ], [ -99.00549, 19.36862 ], [ -99.00578, 19.36798 ], [ -99.00906, 19.37018 ], [ -99.00867, 19.37077 ] ] ] } },
{ "type": "Feature", "properties": { "colonia": "TLACOYAQUE (BARR)", "alcaldia": "ALVARO OBREGON", "cveut": "10-221" }, "geometry": { "type": "Polygon", "coordinates": [ [ [ -99.26449, 19.32388 ], [ -99.26648, 19.32264 ], [ -99.26747, 19.32474 ], [ -99.26449, 19.32388 ] ] ] } },
{ "type": "Feature", "properties": { "colonia": "MIGUEL HIDALGO", "alcaldia": "VENUSTIANO CARRANZA", "cveut": "17-041" }, "geometry": { "type": "Polygon", "coordinates": [ [ [ -99.10702, 19.43716 ], [ -99.10531, 19.43602 ], [ -99.1081, 19.43473 ], [ -99.10702, 19.43716 ] ] ] } },
{ "type": "Feature", "properties": { "colonia": "CENTRO URBANO TLALPAN (U HAB)", "alcaldia": "COYOACAN", "cveut": "03-018" }, "geometry": { "type": "Polygon", "coordinates": [ [ [ -99.14317, 19.33994 ], [ -99.14203, 19.33978 ], [ -99.14122, 19.33778 ], [ -99.14239, 19.33742 ], [ -99.14317, 19.33994 ] ] ] } },
{ "type": "Feature", "properties": { "colonia": "GUELATAO DE JUAREZ II (U HAB)", "alcaldia": "IZTAPALAPA", "cveut": "07-090" }, "geometry": { "type": "Polygon", "coordinates": [ [ [ -99.04506, 19.38513 ], [ -99.04337, 19.38422 ], [ -99.04412, 19.38303 ], [ -99.04577, 19.3839 ], [ -99.04506, 19.38513 ] ] ] } },
{ "type": "Feature", "properties": { "colonia": "SANTA LUCIA REACOMODO", "alcaldia": "ALVARO OBREGON", "cveut": "10-201" }, "geometry": { "type": "Polygon", "coordinates": [ [ [ -99.25961, 19.35527 ], [ -99.26024, 19.3565 ], [ -99.25874, 19.35682 ], [ -99.25754, 19.35523 ], [ -99.25961, 19.35527 ] ] ] } },
{ "type": "Feature", "properties": { "colonia": "POPO (AMPL)", "alcaldia": "MIGUEL HIDALGO", "cveut": "16-067" }, "geometry": { "type": "Polygon", "coordinates": [ [ [ -99.1975, 19.44558 ], [ -99.19608, 19.4454 ], [ -99.19635, 19.44345 ], [ -99.19775, 19.44389 ], [ -99.1975, 19.44558 ] ] ] } },
{ "type": "Feature", "properties": { "colonia": "CTM VII A CULHUACAN (U HAB)", "alcaldia": "COYOACAN", "cveut": "03-032" }, "geometry": { "type": "Polygon", "coordinates": [ [ [ -99.10584, 19.3202 ], [ -99.10433, 19.31991 ], [ -99.10469, 19.31826 ], [ -99.10624, 19.31854 ], [ -99.10584, 19.3202 ] ] ] } },
{ "type": "Feature", "properties": { "colonia": "MEDIA LUNA", "alcaldia": "COYOACAN", "cveut": "03-081" }, "geometry": { "type": "Polygon", "coordinates": [ [ [ -99.15974, 19.30336 ], [ -99.15941, 19.30235 ], [ -99.15962, 19.30023 ], [ -99.16107, 19.30174 ], [ -99.15974, 19.30336 ] ] ] } },
{ "type": "Feature", "properties": { "colonia": "BELEN DE LAS FLORES_", "alcaldia": "ALVARO OBREGON", "cveut": "10-249" }, "geometry": { "type": "Polygon", "coordinates": [ [ [ -99.23404, 19.3566 ], [ -99.23257, 19.35503 ], [ -99.23327, 19.35437 ], [ -99.23519, 19.35578 ], [ -99.23404, 19.3566 ] ] ] } },
{ "type": "Feature", "properties": { "colonia": "BARRANCAS DE GUADALUPE", "alcaldia": "IZTAPALAPA", "cveut": "07-013" }, "geometry": { "type": "Polygon", "coordinates": [ [ [ -99.02424, 19.328 ], [ -99.02272, 19.32825 ], [ -99.0217, 19.32695 ], [ -99.0227, 19.32617 ], [ -99.02424, 19.328 ] ] ] } },
{ "type": "Feature", "properties": { "colonia": "CANAL NACIONAL 260 (U HAB)", "alcaldia": "COYOACAN", "cveut": "03-015" }, "geometry": { "type": "Polygon", "coordinates": [ [ [ -99.10837, 19.32714 ], [ -99.10743, 19.32787 ], [ -99.10592, 19.32616 ], [ -99.10674, 19.32545 ], [ -99.10837, 19.32714 ] ] ] } },
{ "type": "Feature", "properties": { "colonia": "ABRAHAM GONZALEZ", "alcaldia": "ALVARO OBREGON", "cveut": "10-001" }, "geometry": { "type": "Polygon", "coordinates": [ [ [ -99.20451, 19.38704 ], [ -99.20419, 19.38585 ], [ -99.20692, 19.38586 ], [ -99.20643, 19.38693 ], [ -99.20451, 19.38704 ] ] ] } },
{ "type": "Feature", "properties": { "colonia": "MOVIMIENTO ORGANIZADO DE TLALPAN-EL MIRADOR (RNCDA)", "alcaldia": "TLALPAN", "cveut": "12-102" }, "geometry": { "type": "Polygon", "coordinates": [ [ [ -99.15485, 19.26595 ], [ -99.15215, 19.26799 ], [ -99.15208, 19.26719 ], [ -99.15041, 19.26688 ], [ -99.15485, 19.26595 ] ] ] } },
{ "type": "Feature", "properties": { "colonia": "AMPLIACION LOMAS DE PADIERNA", "alcaldia": "TLALPAN", "cveut": "12-082" }, "geometry": { "type": "Polygon", "coordinates": [ [ [ -99.2191, 19.29746 ], [ -99.21973, 19.2957 ], [ -99.22115, 19.29675 ], [ -99.22087, 19.29781 ], [ -99.2191, 19.29746 ] ] ] } },
{ "type": "Feature", "properties": { "colonia": "GOLONDRINAS 2DA SECCION", "alcaldia": "ALVARO OBREGON", "cveut": "10-081" }, "geometry": { "type": "Polygon", "coordinates": [ [ [ -99.21906, 19.37681 ], [ -99.21574, 19.37644 ], [ -99.21436, 19.37693 ], [ -99.21832, 19.3753 ], [ -99.21906, 19.37681 ] ] ] } },
{ "type": "Feature", "properties": { "colonia": "2DA EL PIRUL (AMPL)", "alcaldia": "ALVARO OBREGON", "cveut": "10-245" }, "geometry": { "type": "Polygon", "coordinates": [ [ [ -99.24327, 19.38031 ], [ -99.24191, 19.38082 ], [ -99.24109, 19.37895 ], [ -99.24187, 19.37849 ], [ -99.24327, 19.38031 ] ] ] } },
{ "type": "Feature", "properties": { "colonia": "ZAPOTE-LUIS DONALDO COLOSIO (U HABS)", "alcaldia": "TLALPAN", "cveut": "12-204" }, "geometry": { "type": "Polygon", "coordinates": [ [ [ -99.17876, 19.30106 ], [ -99.17764, 19.30004 ], [ -99.1798, 19.29799 ], [ -99.179, 19.30031 ], [ -99.17964, 19.30052 ], [ -99.17876, 19.30106 ] ] ] } },
{ "type": "Feature", "properties": { "colonia": "RESIDENCIAL LOS PINOS (U HAB)", "alcaldia": "ALVARO OBREGON", "cveut": "10-259" }, "geometry": { "type": "Polygon", "coordinates": [ [ [ -99.19063, 19.3911 ], [ -99.18903, 19.39113 ], [ -99.18949, 19.38942 ], [ -99.19092, 19.38959 ], [ -99.19063, 19.3911 ] ] ] } },
{ "type": "Feature", "properties": { "colonia": "INFONAVIT (U HAB)", "alcaldia": "GUSTAVO A. MADERO", "cveut": "05-082" }, "geometry": { "type": "Polygon", "coordinates": [ [ [ -99.14116, 19.51723 ], [ -99.14022, 19.51657 ], [ -99.1419, 19.51453 ], [ -99.14275, 19.51587 ], [ -99.14181, 19.5158 ], [ -99.14116, 19.51723 ] ] ] } },
{ "type": "Feature", "properties": { "colonia": "PLENITUD (U HAB)", "alcaldia": "IZTAPALAPA", "cveut": "07-159" }, "geometry": { "type": "Polygon", "coordinates": [ [ [ -99.08156, 19.30027 ], [ -99.07998, 19.29924 ], [ -99.0809, 19.29806 ], [ -99.08224, 19.29938 ], [ -99.08156, 19.30027 ] ] ] } },
{ "type": "Feature", "properties": { "colonia": "EL ARBOLILLO", "alcaldia": "GUSTAVO A. MADERO", "cveut": "05-045" }, "geometry": { "type": "Polygon", "coordinates": [ [ [ -99.14161, 19.53688 ], [ -99.13996, 19.53672 ], [ -99.14079, 19.53478 ], [ -99.14204, 19.53606 ], [ -99.14161, 19.53688 ] ] ] } },
{ "type": "Feature", "properties": { "colonia": "EL ARBOL", "alcaldia": "ALVARO OBREGON", "cveut": "10-054" }, "geometry": { "type": "Polygon", "coordinates": [ [ [ -99.23724, 19.38153 ], [ -99.2346, 19.38043 ], [ -99.23459, 19.37957 ], [ -99.23549, 19.37924 ], [ -99.23724, 19.38153 ] ] ] } },
{ "type": "Feature", "properties": { "colonia": "ARCOS DE CENTENARIO", "alcaldia": "ALVARO OBREGON", "cveut": "10-016" }, "geometry": { "type": "Polygon", "coordinates": [ [ [ -99.22732, 19.36095 ], [ -99.22598, 19.35957 ], [ -99.22679, 19.35883 ], [ -99.22844, 19.36022 ], [ -99.22732, 19.36095 ] ] ] } },
{ "type": "Feature", "properties": { "colonia": "MARGARITA M DE JUAREZ", "alcaldia": "ALVARO OBREGON", "cveut": "10-148" }, "geometry": { "type": "Polygon", "coordinates": [ [ [ -99.23559, 19.38115 ], [ -99.23789, 19.3825 ], [ -99.23547, 19.38317 ], [ -99.23559, 19.38115 ] ] ] } },
{ "type": "Feature", "properties": { "colonia": "LEGARIA (U HAB)", "alcaldia": "MIGUEL HIDALGO", "cveut": "16-037" }, "geometry": { "type": "Polygon", "coordinates": [ [ [ -99.20242, 19.45061 ], [ -99.19905, 19.4499 ], [ -99.19912, 19.4496 ], [ -99.20197, 19.44934 ], [ -99.20242, 19.45061 ] ] ] } },
{ "type": "Feature", "properties": { "colonia": "BONANZA", "alcaldia": "ALVARO OBREGON", "cveut": "10-032" }, "geometry": { "type": "Polygon", "coordinates": [ [ [ -99.21417, 19.3857 ], [ -99.21782, 19.3858 ], [ -99.21362, 19.38698 ], [ -99.21417, 19.3857 ] ] ] } },
{ "type": "Feature", "properties": { "colonia": "TORRES DE SAN JUAN (U HAB)", "alcaldia": "GUSTAVO A. MADERO", "cveut": "05-186" }, "geometry": { "type": "Polygon", "coordinates": [ [ [ -99.09403, 19.47793 ], [ -99.09318, 19.47995 ], [ -99.09199, 19.47953 ], [ -99.09255, 19.47815 ], [ -99.09403, 19.47793 ] ] ] } },
{ "type": "Feature", "properties": { "colonia": "INFONAVIT CULHUACAN ZONA 1 (U HAB)", "alcaldia": "COYOACAN", "cveut": "03-056" }, "geometry": { "type": "Polygon", "coordinates": [ [ [ -99.12006, 19.33265 ], [ -99.11851, 19.33284 ], [ -99.11866, 19.33123 ], [ -99.12029, 19.33131 ], [ -99.12006, 19.33265 ] ] ] } },
{ "type": "Feature", "properties": { "colonia": "EL POCITO", "alcaldia": "ALVARO OBREGON", "cveut": "10-066" }, "geometry": { "type": "Polygon", "coordinates": [ [ [ -99.21424, 19.383 ], [ -99.21116, 19.38347 ], [ -99.20791, 19.38091 ], [ -99.2125, 19.38318 ], [ -99.21424, 19.383 ] ] ] } },
{ "type": "Feature", "properties": { "colonia": "LOMA BONITA-AMPLIACION TEPEXIMILPA", "alcaldia": "TLALPAN", "cveut": "12-221" }, "geometry": { "type": "Polygon", "coordinates": [ [ [ -99.19323, 19.26921 ], [ -99.19162, 19.27114 ], [ -99.19181, 19.27037 ], [ -99.18982, 19.26935 ], [ -99.19323, 19.26921 ] ] ] } },
{ "type": "Feature", "properties": { "colonia": "VILLAS DEL PEDREGAL (U HAB)", "alcaldia": "COYOACAN", "cveut": "03-123" }, "geometry": { "type": "Polygon", "coordinates": [ [ [ -99.17408, 19.30378 ], [ -99.17525, 19.30335 ], [ -99.17564, 19.30531 ], [ -99.17469, 19.30575 ], [ -99.17408, 19.30378 ] ] ] } },
{ "type": "Feature", "properties": { "colonia": "MONTE DE PIEDAD II", "alcaldia": "COYOACAN", "cveut": "03-167" }, "geometry": { "type": "Polygon", "coordinates": [ [ [ -99.17444, 19.3458 ], [ -99.17408, 19.34393 ], [ -99.17588, 19.34407 ], [ -99.17575, 19.34511 ], [ -99.17444, 19.3458 ] ] ] } },
{ "type": "Feature", "properties": { "colonia": "EMANCIPACION DEL PUEBLO (U HAB)", "alcaldia": "ALVARO OBREGON", "cveut": "10-069" }, "geometry": { "type": "Polygon", "coordinates": [ [ [ -99.23961, 19.36169 ], [ -99.2379, 19.36103 ], [ -99.23753, 19.35957 ], [ -99.23819, 19.35913 ], [ -99.23961, 19.36169 ] ] ] } },
{ "type": "Feature", "properties": { "colonia": "MANUEL AVILA CAMACHO", "alcaldia": "MIGUEL HIDALGO", "cveut": "16-048" }, "geometry": { "type": "Polygon", "coordinates": [ [ [ -99.22967, 19.43733 ], [ -99.22828, 19.43846 ], [ -99.22718, 19.43612 ], [ -99.22967, 19.43733 ] ] ] } },
{ "type": "Feature", "properties": { "colonia": "FOVISSSTE RIO DE GUADALUPE (U HAB)", "alcaldia": "GUSTAVO A. MADERO", "cveut": "05-062" }, "geometry": { "type": "Polygon", "coordinates": [ [ [ -99.0885, 19.47445 ], [ -99.08761, 19.47296 ], [ -99.08857, 19.47034 ], [ -99.08823, 19.47243 ], [ -99.08926, 19.47283 ], [ -99.0885, 19.47445 ] ] ] } },
{ "type": "Feature", "properties": { "colonia": "EL MOLINITO", "alcaldia": "CUAJIMALPA DE MORELOS", "cveut": "04-016" }, "geometry": { "type": "Polygon", "coordinates": [ [ [ -99.28648, 19.36102 ], [ -99.2879, 19.36054 ], [ -99.28847, 19.36117 ], [ -99.28607, 19.36259 ], [ -99.28648, 19.36102 ] ] ] } },
{ "type": "Feature", "properties": { "colonia": "LOMAS DE BECERRA ARVIDE (U HAB)", "alcaldia": "ALVARO OBREGON", "cveut": "10-126" }, "geometry": { "type": "Polygon", "coordinates": [ [ [ -99.20778, 19.38407 ], [ -99.20613, 19.38351 ], [ -99.20605, 19.38245 ], [ -99.2073, 19.3821 ], [ -99.20778, 19.38407 ] ] ] } },
{ "type": "Feature", "properties": { "colonia": "EJTO CONSTITUCIONALISTA II ( U HAB)", "alcaldia": "IZTAPALAPA", "cveut": "07-045" }, "geometry": { "type": "Polygon", "coordinates": [ [ [ -99.04466, 19.38579 ], [ -99.04406, 19.3868 ], [ -99.04251, 19.38568 ], [ -99.04308, 19.38475 ], [ -99.04466, 19.38579 ] ] ] } },
{ "type": "Feature", "properties": { "colonia": "TORRES DE SAN JUAN 1B (U HAB)", "alcaldia": "GUSTAVO A. MADERO", "cveut": "05-187" }, "geometry": { "type": "Polygon", "coordinates": [ [ [ -99.09223, 19.4798 ], [ -99.09355, 19.4803 ], [ -99.09291, 19.48173 ], [ -99.09167, 19.48126 ], [ -99.09223, 19.4798 ] ] ] } },
{ "type": "Feature", "properties": { "colonia": "FRESNO", "alcaldia": "TLALPAN", "cveut": "12-046" }, "geometry": { "type": "Polygon", "coordinates": [ [ [ -99.18983, 19.27899 ], [ -99.18882, 19.27723 ], [ -99.18912, 19.27692 ], [ -99.191, 19.2777 ], [ -99.18983, 19.27899 ] ] ] } },
{ "type": "Feature", "properties": { "colonia": "LA PERA XOCHINAHUAC (U HAB)", "alcaldia": "ALVARO OBREGON", "cveut": "10-110" }, "geometry": { "type": "Polygon", "coordinates": [ [ [ -99.22844, 19.36022 ], [ -99.22695, 19.35913 ], [ -99.22571, 19.35773 ], [ -99.22928, 19.35975 ], [ -99.22844, 19.36022 ] ] ] } },
{ "type": "Feature", "properties": { "colonia": "MARTIRES DE TACUBAYA", "alcaldia": "ALVARO OBREGON", "cveut": "10-150" }, "geometry": { "type": "Polygon", "coordinates": [ [ [ -99.21345, 19.38827 ], [ -99.21272, 19.38674 ], [ -99.21417, 19.3857 ], [ -99.21362, 19.38698 ], [ -99.21475, 19.3879 ], [ -99.21345, 19.38827 ] ] ] } },
{ "type": "Feature", "properties": { "colonia": "EL CARACOL BAJO", "alcaldia": "COYOACAN", "cveut": "03-163" }, "geometry": { "type": "Polygon", "coordinates": [ [ [ -99.16302, 19.30391 ], [ -99.16203, 19.30306 ], [ -99.16245, 19.30129 ], [ -99.16348, 19.30266 ], [ -99.16302, 19.30391 ] ] ] } },
{ "type": "Feature", "properties": { "colonia": "ALCANFORES (U HAB)", "alcaldia": "IZTAPALAPA", "cveut": "07-003" }, "geometry": { "type": "Polygon", "coordinates": [ [ [ -99.07231, 19.33602 ], [ -99.07007, 19.33563 ], [ -99.07021, 19.33478 ], [ -99.07246, 19.33516 ], [ -99.07231, 19.33602 ] ] ] } },
{ "type": "Feature", "properties": { "colonia": "LOMAS DE CENTENARIO (U HAB)", "alcaldia": "ALVARO OBREGON", "cveut": "10-129" }, "geometry": { "type": "Polygon", "coordinates": [ [ [ -99.23493, 19.35766 ], [ -99.23404, 19.3566 ], [ -99.23519, 19.35578 ], [ -99.23605, 19.35694 ], [ -99.23493, 19.35766 ] ] ] } },
{ "type": "Feature", "properties": { "colonia": "LA ARAÑA", "alcaldia": "ALVARO OBREGON", "cveut": "10-095" }, "geometry": { "type": "Polygon", "coordinates": [ [ [ -99.24127, 19.36406 ], [ -99.23976, 19.36421 ], [ -99.2393, 19.36302 ], [ -99.24083, 19.36282 ], [ -99.24127, 19.36406 ] ] ] } },
{ "type": "Feature", "properties": { "colonia": "LIBERTAD 100", "alcaldia": "COYOACAN", "cveut": "03-166" }, "geometry": { "type": "Polygon", "coordinates": [ [ [ -99.16831, 19.30713 ], [ -99.16572, 19.30923 ], [ -99.16469, 19.30864 ], [ -99.16831, 19.30713 ] ] ] } },
{ "type": "Feature", "properties": { "colonia": "51 LEGISLATURA", "alcaldia": "GUSTAVO A. MADERO", "cveut": "05-210" }, "geometry": { "type": "Polygon", "coordinates": [ [ [ -99.09203, 19.48388 ], [ -99.09267, 19.48266 ], [ -99.09399, 19.48321 ], [ -99.09356, 19.48422 ], [ -99.09203, 19.48388 ] ] ] } },
{ "type": "Feature", "properties": { "colonia": "VILLA SOLIDARIDAD", "alcaldia": "ALVARO OBREGON", "cveut": "10-237" }, "geometry": { "type": "Polygon", "coordinates": [ [ [ -99.21765, 19.38386 ], [ -99.22121, 19.38258 ], [ -99.2213, 19.38302 ], [ -99.2196, 19.38351 ], [ -99.21966, 19.38431 ], [ -99.21765, 19.38386 ] ] ] } },
{ "type": "Feature", "properties": { "colonia": "DEMET (U HAB)", "alcaldia": "AZCAPOTZALCO", "cveut": "02-019" }, "geometry": { "type": "Polygon", "coordinates": [ [ [ -99.17964, 19.4879 ], [ -99.18188, 19.48671 ], [ -99.18144, 19.48856 ], [ -99.17964, 19.4879 ] ] ] } },
{ "type": "Feature", "properties": { "colonia": "CABEZA DE JUAREZ II (U HAB)", "alcaldia": "IZTAPALAPA", "cveut": "07-018" }, "geometry": { "type": "Polygon", "coordinates": [ [ [ -99.04322, 19.38452 ], [ -99.04251, 19.38568 ], [ -99.0414, 19.38489 ], [ -99.04233, 19.38373 ], [ -99.04322, 19.38452 ] ] ] } },
{ "type": "Feature", "properties": { "colonia": "SAN ANTONIO", "alcaldia": "GUSTAVO A. MADERO", "cveut": "05-150" }, "geometry": { "type": "Polygon", "coordinates": [ [ [ -99.13885, 19.56031 ], [ -99.1368, 19.56105 ], [ -99.1367, 19.55933 ], [ -99.13885, 19.56031 ] ] ] } },
{ "type": "Feature", "properties": { "colonia": "GRANJAS ESTRELLA III", "alcaldia": "IZTAPALAPA", "cveut": "07-085" }, "geometry": { "type": "Polygon", "coordinates": [ [ [ -99.08331, 19.32948 ], [ -99.08237, 19.32931 ], [ -99.0827, 19.32747 ], [ -99.08364, 19.32764 ], [ -99.08331, 19.32948 ] ] ] } },
{ "type": "Feature", "properties": { "colonia": "BOSQUE RESIDENCIAL DEL SUR (U HAB)", "alcaldia": "XOCHIMILCO", "cveut": "13-084" }, "geometry": { "type": "Polygon", "coordinates": [ [ [ -99.13183, 19.28048 ], [ -99.13183, 19.27829 ], [ -99.13224, 19.27829 ], [ -99.13301, 19.28065 ], [ -99.13183, 19.28048 ] ] ] } },
{ "type": "Feature", "properties": { "colonia": "SANTA MARTHA DEL SUR", "alcaldia": "COYOACAN", "cveut": "03-108" }, "geometry": { "type": "Polygon", "coordinates": [ [ [ -99.13068, 19.34319 ], [ -99.13056, 19.33976 ], [ -99.1316, 19.34007 ], [ -99.13068, 19.34319 ] ] ] } },
{ "type": "Feature", "properties": { "colonia": "SEARS ROEBUCK (U HAB)", "alcaldia": "ALVARO OBREGON", "cveut": "10-205" }, "geometry": { "type": "Polygon", "coordinates": [ [ [ -99.19587, 19.40118 ], [ -99.19508, 19.40127 ], [ -99.19369, 19.40112 ], [ -99.19544, 19.3997 ], [ -99.19587, 19.40118 ] ] ] } },
{ "type": "Feature", "properties": { "colonia": "ECOLOGICA NOVEDADES IMPACTO (U HAB)", "alcaldia": "AZCAPOTZALCO", "cveut": "02-020" }, "geometry": { "type": "Polygon", "coordinates": [ [ [ -99.18949, 19.50839 ], [ -99.19003, 19.50758 ], [ -99.19092, 19.50689 ], [ -99.1911, 19.50886 ], [ -99.18949, 19.50839 ] ] ] } },
{ "type": "Feature", "properties": { "colonia": "PROGRESO TLALPAN", "alcaldia": "TLALPAN", "cveut": "12-132" }, "geometry": { "type": "Polygon", "coordinates": [ [ [ -99.15791, 19.25265 ], [ -99.15663, 19.25385 ], [ -99.15584, 19.25192 ], [ -99.15791, 19.25265 ] ] ] } },
{ "type": "Feature", "properties": { "colonia": "ATLAMAXAC", "alcaldia": "ALVARO OBREGON", "cveut": "10-020" }, "geometry": { "type": "Polygon", "coordinates": [ [ [ -99.24707, 19.35526 ], [ -99.2484, 19.35604 ], [ -99.24748, 19.35698 ], [ -99.24656, 19.35644 ], [ -99.24707, 19.35526 ] ] ] } },
{ "type": "Feature", "properties": { "colonia": "GALEANA", "alcaldia": "ALVARO OBREGON", "cveut": "10-075" }, "geometry": { "type": "Polygon", "coordinates": [ [ [ -99.22383, 19.37204 ], [ -99.22342, 19.37103 ], [ -99.22476, 19.3702 ], [ -99.22535, 19.37076 ], [ -99.22383, 19.37204 ] ] ] } },
{ "type": "Feature", "properties": { "colonia": "ROSENDO SALAZAR (CONJ HAB)", "alcaldia": "AZCAPOTZALCO", "cveut": "02-068" }, "geometry": { "type": "Polygon", "coordinates": [ [ [ -99.20715, 19.48709 ], [ -99.20697, 19.48775 ], [ -99.20448, 19.48689 ], [ -99.20462, 19.48637 ], [ -99.20715, 19.48709 ] ] ] } },
{ "type": "Feature", "properties": { "colonia": "LOS GAMITOS", "alcaldia": "ALVARO OBREGON", "cveut": "10-147" }, "geometry": { "type": "Polygon", "coordinates": [ [ [ -99.2393, 19.37999 ], [ -99.23799, 19.37917 ], [ -99.23803, 19.37793 ], [ -99.23912, 19.3785 ], [ -99.2393, 19.37999 ] ] ] } },
{ "type": "Feature", "properties": { "colonia": "JAIME S EMILIANO G", "alcaldia": "GUSTAVO A. MADERO", "cveut": "05-085" }, "geometry": { "type": "Polygon", "coordinates": [ [ [ -99.13412, 19.5483 ], [ -99.13458, 19.54658 ], [ -99.13531, 19.54684 ], [ -99.13507, 19.54865 ], [ -99.13412, 19.5483 ] ] ] } },
{ "type": "Feature", "properties": { "colonia": "LA FORESTAL 1", "alcaldia": "GUSTAVO A. MADERO", "cveut": "05-099" }, "geometry": { "type": "Polygon", "coordinates": [ [ [ -99.12801, 19.56692 ], [ -99.12883, 19.56692 ], [ -99.12831, 19.56895 ], [ -99.12751, 19.56856 ], [ -99.12801, 19.56692 ] ] ] } },
{ "type": "Feature", "properties": { "colonia": "JOSE MARIA MORELOS Y PAVON I (U HAB)", "alcaldia": "GUSTAVO A. MADERO", "cveut": "05-088" }, "geometry": { "type": "Polygon", "coordinates": [ [ [ -99.09549, 19.48383 ], [ -99.09519, 19.48458 ], [ -99.09356, 19.48422 ], [ -99.09399, 19.48321 ], [ -99.09549, 19.48383 ] ] ] } },
{ "type": "Feature", "properties": { "colonia": "CANUTILLO(AGUASCALIENTES)", "alcaldia": "ALVARO OBREGON", "cveut": "10-037" }, "geometry": { "type": "Polygon", "coordinates": [ [ [ -99.23364, 19.36288 ], [ -99.23165, 19.36288 ], [ -99.23217, 19.3615 ], [ -99.23236, 19.36145 ], [ -99.23364, 19.36288 ] ] ] } },
{ "type": "Feature", "properties": { "colonia": "VILLA PANAMERICANA 6TA. SECCIÓN (U HAB)", "alcaldia": "COYOACAN", "cveut": "03-120" }, "geometry": { "type": "Polygon", "coordinates": [ [ [ -99.17028, 19.31224 ], [ -99.16897, 19.3114 ], [ -99.16965, 19.31008 ], [ -99.17045, 19.31162 ], [ -99.17028, 19.31224 ] ] ] } },
{ "type": "Feature", "properties": { "colonia": "SAN LORENZO 870 (U HAB)", "alcaldia": "IZTAPALAPA", "cveut": "07-189" }, "geometry": { "type": "Polygon", "coordinates": [ [ [ -99.07387, 19.33282 ], [ -99.07409, 19.33164 ], [ -99.07495, 19.33179 ], [ -99.07486, 19.3337 ], [ -99.07387, 19.33282 ] ] ] } },
{ "type": "Feature", "properties": { "colonia": "VILLAS DE COYOACAN (CONDOMINIO)", "alcaldia": "COYOACAN", "cveut": "03-170" }, "geometry": { "type": "Polygon", "coordinates": [ [ [ -99.12976, 19.31843 ], [ -99.13039, 19.31875 ], [ -99.12936, 19.3207 ], [ -99.12879, 19.32029 ], [ -99.12976, 19.31843 ] ] ] } },
{ "type": "Feature", "properties": { "colonia": "EL BOSQUE", "alcaldia": "ALVARO OBREGON", "cveut": "10-056" }, "geometry": { "type": "Polygon", "coordinates": [ [ [ -99.1965, 19.39368 ], [ -99.1965, 19.39244 ], [ -99.19813, 19.39234 ], [ -99.19836, 19.39273 ], [ -99.1965, 19.39368 ] ] ] } },
{ "type": "Feature", "properties": { "colonia": "SUTIC VALLEJO (U HAB)", "alcaldia": "GUSTAVO A. MADERO", "cveut": "05-178" }, "geometry": { "type": "Polygon", "coordinates": [ [ [ -99.13979, 19.51702 ], [ -99.13903, 19.51618 ], [ -99.13928, 19.515 ], [ -99.14048, 19.51622 ], [ -99.13979, 19.51702 ] ] ] } },
{ "type": "Feature", "properties": { "colonia": "EMILIANO ZAPATA (U HAB)", "alcaldia": "VENUSTIANO CARRANZA", "cveut": "17-024" }, "geometry": { "type": "Polygon", "coordinates": [ [ [ -99.12101, 19.43342 ], [ -99.11919, 19.4331 ], [ -99.11927, 19.43229 ], [ -99.12079, 19.43248 ], [ -99.12101, 19.43342 ] ] ] } },
{ "type": "Feature", "properties": { "colonia": "PARAISO (AMPL)", "alcaldia": "IZTAPALAPA", "cveut": "07-153" }, "geometry": { "type": "Polygon", "coordinates": [ [ [ -99.03241, 19.37649 ], [ -99.0333, 19.37803 ], [ -99.03145, 19.37804 ], [ -99.03241, 19.37649 ] ] ] } },
{ "type": "Feature", "properties": { "colonia": "XOPA (U HAB)", "alcaldia": "IZTAPALAPA", "cveut": "07-250" }, "geometry": { "type": "Polygon", "coordinates": [ [ [ -99.12574, 19.3598 ], [ -99.12535, 19.36118 ], [ -99.12441, 19.36098 ], [ -99.12476, 19.35958 ], [ -99.12574, 19.3598 ] ] ] } },
{ "type": "Feature", "properties": { "colonia": "C T M ARAGON AMPLIACION (U)", "alcaldia": "GUSTAVO A. MADERO", "cveut": "05-015" }, "geometry": { "type": "Polygon", "coordinates": [ [ [ -99.05182, 19.45237 ], [ -99.0531, 19.45394 ], [ -99.05512, 19.45859 ], [ -99.05182, 19.45237 ] ] ] } },
{ "type": "Feature", "properties": { "colonia": "FUENTES DE AZCAPOTZALCO-PARQUES DE AZCAPOTZALCO (U HAB)", "alcaldia": "AZCAPOTZALCO", "cveut": "02-031" }, "geometry": { "type": "Polygon", "coordinates": [ [ [ -99.19008, 19.47591 ], [ -99.18923, 19.47577 ], [ -99.18937, 19.47416 ], [ -99.19018, 19.47421 ], [ -99.19008, 19.47591 ] ] ] } },
{ "type": "Feature", "properties": { "colonia": "FOVISSSTE CUCHILLA (U HAB)", "alcaldia": "GUSTAVO A. MADERO", "cveut": "05-061" }, "geometry": { "type": "Polygon", "coordinates": [ [ [ -99.08761, 19.47296 ], [ -99.08681, 19.47163 ], [ -99.08714, 19.47112 ], [ -99.08829, 19.47154 ], [ -99.08761, 19.47296 ] ] ] } },
{ "type": "Feature", "properties": { "colonia": "FERROCARRILERA INSURGENTES", "alcaldia": "GUSTAVO A. MADERO", "cveut": "05-060" }, "geometry": { "type": "Polygon", "coordinates": [ [ [ -99.09326, 19.48198 ], [ -99.09298, 19.48279 ], [ -99.09147, 19.48223 ], [ -99.09173, 19.48144 ], [ -99.09326, 19.48198 ] ] ] } },
{ "type": "Feature", "properties": { "colonia": "IMAN", "alcaldia": "COYOACAN", "cveut": "03-054" }, "geometry": { "type": "Polygon", "coordinates": [ [ [ -99.16803, 19.30658 ], [ -99.16826, 19.30716 ], [ -99.1641, 19.30829 ], [ -99.16416, 19.30826 ], [ -99.16803, 19.30658 ] ] ] } },
{ "type": "Feature", "properties": { "colonia": "TEJOCOTE", "alcaldia": "ALVARO OBREGON", "cveut": "10-209" }, "geometry": { "type": "Polygon", "coordinates": [ [ [ -99.21851, 19.38293 ], [ -99.21769, 19.38374 ], [ -99.21699, 19.38285 ], [ -99.21742, 19.38197 ], [ -99.21851, 19.38293 ] ] ] } },
{ "type": "Feature", "properties": { "colonia": "ROMERO DE TERREROS (COND)", "alcaldia": "COYOACAN", "cveut": "03-159" }, "geometry": { "type": "Polygon", "coordinates": [ [ [ -99.18091, 19.34526 ], [ -99.18003, 19.34515 ], [ -99.17986, 19.34388 ], [ -99.18114, 19.34411 ], [ -99.18091, 19.34526 ] ] ] } },
{ "type": "Feature", "properties": { "colonia": "CABEZA DE JUAREZ I (U HAB)", "alcaldia": "IZTAPALAPA", "cveut": "07-017" }, "geometry": { "type": "Polygon", "coordinates": [ [ [ -99.04506, 19.38513 ], [ -99.04466, 19.38579 ], [ -99.04308, 19.38475 ], [ -99.04337, 19.38422 ], [ -99.04506, 19.38513 ] ] ] } },
{ "type": "Feature", "properties": { "colonia": "RESIDENCIAL FUENTES DE CANTERA (U HAB)", "alcaldia": "TLALPAN", "cveut": "12-223" }, "geometry": { "type": "Polygon", "coordinates": [ [ [ -99.18938, 19.27477 ], [ -99.1885, 19.27395 ], [ -99.18893, 19.27346 ], [ -99.19057, 19.27417 ], [ -99.18938, 19.27477 ] ] ] } },
{ "type": "Feature", "properties": { "colonia": "CONCIENCIA PROLETARIA", "alcaldia": "ALVARO OBREGON", "cveut": "10-045" }, "geometry": { "type": "Polygon", "coordinates": [ [ [ -99.2176, 19.36214 ], [ -99.21696, 19.36142 ], [ -99.21785, 19.36062 ], [ -99.21862, 19.36164 ], [ -99.2176, 19.36214 ] ] ] } },
{ "type": "Feature", "properties": { "colonia": "REACOMODO PINO SUAREZ", "alcaldia": "ALVARO OBREGON", "cveut": "10-188" }, "geometry": { "type": "Polygon", "coordinates": [ [ [ -99.20322, 19.39658 ], [ -99.20468, 19.39519 ], [ -99.20606, 19.39564 ], [ -99.20322, 19.39658 ] ] ] } },
{ "type": "Feature", "properties": { "colonia": "EL BOSQUE 2DA SECCION (AMPL)", "alcaldia": "ALVARO OBREGON", "cveut": "10-057" }, "geometry": { "type": "Polygon", "coordinates": [ [ [ -99.19891, 19.3924 ], [ -99.20058, 19.39059 ], [ -99.20188, 19.39066 ], [ -99.20076, 19.39134 ], [ -99.19891, 19.3924 ] ] ] } },
{ "type": "Feature", "properties": { "colonia": "LAS CALLES (BARR)", "alcaldia": "LA MAGDALENA CONTRERAS", "cveut": "08-026" }, "geometry": { "type": "Polygon", "coordinates": [ [ [ -99.23492, 19.30403 ], [ -99.23307, 19.30402 ], [ -99.23303, 19.30364 ], [ -99.23452, 19.30298 ], [ -99.23492, 19.30403 ] ] ] } },
{ "type": "Feature", "properties": { "colonia": "GRACIANO SANCHEZ", "alcaldia": "GUSTAVO A. MADERO", "cveut": "05-069" }, "geometry": { "type": "Polygon", "coordinates": [ [ [ -99.14639, 19.55885 ], [ -99.14586, 19.55759 ], [ -99.14756, 19.55693 ], [ -99.14639, 19.55885 ] ] ] } },
{ "type": "Feature", "properties": { "colonia": "CANUTILLO PREDIO LA PRESA", "alcaldia": "ALVARO OBREGON", "cveut": "10-039" }, "geometry": { "type": "Polygon", "coordinates": [ [ [ -99.23187, 19.3621 ], [ -99.23091, 19.363 ], [ -99.23015, 19.36208 ], [ -99.23139, 19.36156 ], [ -99.23187, 19.3621 ] ] ] } },
{ "type": "Feature", "properties": { "colonia": "LA VIRGEN 1170 (U HAB)", "alcaldia": "COYOACAN", "cveut": "03-067" }, "geometry": { "type": "Polygon", "coordinates": [ [ [ -99.10495, 19.32347 ], [ -99.1044, 19.3243 ], [ -99.10342, 19.32375 ], [ -99.10374, 19.32281 ], [ -99.10495, 19.32347 ] ] ] } },
{ "type": "Feature", "properties": { "colonia": "ROTARIOS (U HAB)", "alcaldia": "IZTAPALAPA", "cveut": "07-315" }, "geometry": { "type": "Polygon", "coordinates": [ [ [ -99.04094, 19.38767 ], [ -99.03992, 19.38713 ], [ -99.04053, 19.38619 ], [ -99.04144, 19.38671 ], [ -99.04094, 19.38767 ] ] ] } },
{ "type": "Feature", "properties": { "colonia": "MINAS POLVORILLA (U HAB) II", "alcaldia": "IZTAPALAPA", "cveut": "07-322" }, "geometry": { "type": "Polygon", "coordinates": [ [ [ -99.04457, 19.31608 ], [ -99.04407, 19.31531 ], [ -99.04521, 19.31479 ], [ -99.04585, 19.31547 ], [ -99.04457, 19.31608 ] ] ] } },
{ "type": "Feature", "properties": { "colonia": "TRES MOSQUETEROS", "alcaldia": "VENUSTIANO CARRANZA", "cveut": "17-059" }, "geometry": { "type": "Polygon", "coordinates": [ [ [ -99.1064, 19.44179 ], [ -99.10577, 19.44034 ], [ -99.10703, 19.43984 ], [ -99.1071, 19.44 ], [ -99.1064, 19.44179 ] ] ] } },
{ "type": "Feature", "properties": { "colonia": "DE TARANGO (RCNDA)", "alcaldia": "ALVARO OBREGON", "cveut": "10-051" }, "geometry": { "type": "Polygon", "coordinates": [ [ [ -99.22317, 19.36376 ], [ -99.22208, 19.363 ], [ -99.2214, 19.36193 ], [ -99.22211, 19.36171 ], [ -99.22317, 19.36376 ] ] ] } },
{ "type": "Feature", "properties": { "colonia": "EL RODEO", "alcaldia": "ALVARO OBREGON", "cveut": "10-067" }, "geometry": { "type": "Polygon", "coordinates": [ [ [ -99.20872, 19.38125 ], [ -99.20791, 19.38091 ], [ -99.20807, 19.37998 ], [ -99.20924, 19.38012 ], [ -99.20872, 19.38125 ] ] ] } },
{ "type": "Feature", "properties": { "colonia": "EL CAPULIN (AMPL)", "alcaldia": "ALVARO OBREGON", "cveut": "10-060" }, "geometry": { "type": "Polygon", "coordinates": [ [ [ -99.21064, 19.39713 ], [ -99.20815, 19.39729 ], [ -99.20771, 19.39646 ], [ -99.21064, 19.39713 ] ] ] } },
{ "type": "Feature", "properties": { "colonia": "LAS CABAÑAS", "alcaldia": "COYOACAN", "cveut": "03-068" }, "geometry": { "type": "Polygon", "coordinates": [ [ [ -99.12779, 19.31105 ], [ -99.12683, 19.31137 ], [ -99.1257, 19.31086 ], [ -99.12728, 19.31041 ], [ -99.12779, 19.31105 ] ] ] } },
{ "type": "Feature", "properties": { "colonia": "LA HUERTA", "alcaldia": "ALVARO OBREGON", "cveut": "10-102" }, "geometry": { "type": "Polygon", "coordinates": [ [ [ -99.23919, 19.37938 ], [ -99.23912, 19.3785 ], [ -99.24019, 19.37816 ], [ -99.24033, 19.37907 ], [ -99.23919, 19.37938 ] ] ] } },
{ "type": "Feature", "properties": { "colonia": "LADERA GRANDE O LA CEBADITA", "alcaldia": "ALVARO OBREGON", "cveut": "10-113" }, "geometry": { "type": "Polygon", "coordinates": [ [ [ -99.23764, 19.38166 ], [ -99.23594, 19.37956 ], [ -99.23662, 19.38023 ], [ -99.23731, 19.37955 ], [ -99.23764, 19.38166 ] ] ] } },
{ "type": "Feature", "properties": { "colonia": "LOMAS DE SANTO DOMINGO", "alcaldia": "ALVARO OBREGON", "cveut": "10-141" }, "geometry": { "type": "Polygon", "coordinates": [ [ [ -99.20062, 19.39486 ], [ -99.20319, 19.39532 ], [ -99.2006, 19.39561 ], [ -99.20062, 19.39486 ] ] ] } },
{ "type": "Feature", "properties": { "colonia": "MILPA DEL CEDRO", "alcaldia": "ALVARO OBREGON", "cveut": "10-155" }, "geometry": { "type": "Polygon", "coordinates": [ [ [ -99.25743, 19.35333 ], [ -99.25772, 19.3542 ], [ -99.25628, 19.35412 ], [ -99.25621, 19.35357 ], [ -99.25743, 19.35333 ] ] ] } },
{ "type": "Feature", "properties": { "colonia": "ROCA DE CRISTAL", "alcaldia": "TLALPAN", "cveut": "12-145" }, "geometry": { "type": "Polygon", "coordinates": [ [ [ -99.18783, 19.2746 ], [ -99.18767, 19.2769 ], [ -99.1871, 19.27682 ], [ -99.18736, 19.27527 ], [ -99.18783, 19.2746 ] ] ] } },
{ "type": "Feature", "properties": { "colonia": "BATALLON DE SAN PATRICIO (U HAB)", "alcaldia": "ALVARO OBREGON", "cveut": "10-027" }, "geometry": { "type": "Polygon", "coordinates": [ [ [ -99.20617, 19.37293 ], [ -99.20631, 19.3713 ], [ -99.20609, 19.37034 ], [ -99.20697, 19.37049 ], [ -99.20617, 19.37293 ] ] ] } },
{ "type": "Feature", "properties": { "colonia": "EL MIRADOR - SANTA CATARINA", "alcaldia": "TLAHUAC", "cveut": "11-005" }, "geometry": { "type": "Polygon", "coordinates": [ [ [ -98.97363, 19.31313 ], [ -98.97246, 19.31254 ], [ -98.97255, 19.31196 ], [ -98.9732, 19.3117 ], [ -98.97363, 19.31313 ] ] ] } },
{ "type": "Feature", "properties": { "colonia": "ANTORCHA POPULAR I (U HAB)", "alcaldia": "IZTAPALAPA", "cveut": "07-008" }, "geometry": { "type": "Polygon", "coordinates": [ [ [ -99.04327, 19.38258 ], [ -99.04322, 19.38452 ], [ -99.04233, 19.38373 ], [ -99.04327, 19.38258 ] ] ] } },
{ "type": "Feature", "properties": { "colonia": "BELEN DE LAS FLORES SECCION RELLENO", "alcaldia": "ALVARO OBREGON", "cveut": "10-030" }, "geometry": { "type": "Polygon", "coordinates": [ [ [ -99.2122, 19.39865 ], [ -99.21208, 19.39767 ], [ -99.21381, 19.39848 ], [ -99.21371, 19.39853 ], [ -99.2122, 19.39865 ] ] ] } },
{ "type": "Feature", "properties": { "colonia": "TLANEZICALLI (U HAB)", "alcaldia": "IZTAPALAPA", "cveut": "07-233" }, "geometry": { "type": "Polygon", "coordinates": [ [ [ -99.07579, 19.29104 ], [ -99.07477, 19.29129 ], [ -99.07452, 19.29051 ], [ -99.07516, 19.29017 ], [ -99.07579, 19.29104 ] ] ] } },
{ "type": "Feature", "properties": { "colonia": "NUEVA GENERACION 103", "alcaldia": "IZTAPALAPA", "cveut": "07-323" }, "geometry": { "type": "Polygon", "coordinates": [ [ [ -99.07388, 19.28954 ], [ -99.07204, 19.28757 ], [ -99.0745, 19.28933 ], [ -99.07388, 19.28954 ] ] ] } },
{ "type": "Feature", "properties": { "colonia": "SEARS SEGUNDA SECCION (U HAB)", "alcaldia": "ALVARO OBREGON", "cveut": "10-260" }, "geometry": { "type": "Polygon", "coordinates": [ [ [ -99.1964, 19.40177 ], [ -99.19512, 19.40194 ], [ -99.19508, 19.40127 ], [ -99.19614, 19.40113 ], [ -99.1964, 19.40177 ] ] ] } },
{ "type": "Feature", "properties": { "colonia": "HUASIPUNGO (U HAB)", "alcaldia": "IZTAPALAPA", "cveut": "07-092" }, "geometry": { "type": "Polygon", "coordinates": [ [ [ -99.07382, 19.28951 ], [ -99.07247, 19.28976 ], [ -99.07232, 19.2891 ], [ -99.07269, 19.28877 ], [ -99.07382, 19.28951 ] ] ] } },
{ "type": "Feature", "properties": { "colonia": "PANTACO (U HAB)", "alcaldia": "AZCAPOTZALCO", "cveut": "02-055" }, "geometry": { "type": "Polygon", "coordinates": [ [ [ -99.17301, 19.48682 ], [ -99.17272, 19.48501 ], [ -99.17354, 19.48486 ], [ -99.17301, 19.48682 ] ] ] } },
{ "type": "Feature", "properties": { "colonia": "PINO (U HAB)", "alcaldia": "VENUSTIANO CARRANZA", "cveut": "17-049" }, "geometry": { "type": "Polygon", "coordinates": [ [ [ -99.09959, 19.41031 ], [ -99.09806, 19.40948 ], [ -99.09916, 19.40908 ], [ -99.09959, 19.41031 ] ] ] } },
{ "type": "Feature", "properties": { "colonia": "CAMPO DE TIRO LOS GAMITOS", "alcaldia": "ALVARO OBREGON", "cveut": "10-035" }, "geometry": { "type": "Polygon", "coordinates": [ [ [ -99.2375, 19.38071 ], [ -99.23731, 19.37955 ], [ -99.23773, 19.37954 ], [ -99.23839, 19.3805 ], [ -99.2375, 19.38071 ] ] ] } },
{ "type": "Feature", "properties": { "colonia": "TETLALPAN", "alcaldia": "ALVARO OBREGON", "cveut": "10-215" }, "geometry": { "type": "Polygon", "coordinates": [ [ [ -99.25846, 19.35508 ], [ -99.25713, 19.35403 ], [ -99.25887, 19.35436 ], [ -99.25846, 19.35508 ] ] ] } },
{ "type": "Feature", "properties": { "colonia": "INFONAVIT (U HAB)", "alcaldia": "LA MAGDALENA CONTRERAS", "cveut": "08-018" }, "geometry": { "type": "Polygon", "coordinates": [ [ [ -99.2076, 19.33644 ], [ -99.20931, 19.33664 ], [ -99.20792, 19.33727 ], [ -99.2076, 19.33644 ] ] ] } },
{ "type": "Feature", "properties": { "colonia": "CENTRO URBANO (U HAB)", "alcaldia": "COYOACAN", "cveut": "03-155" }, "geometry": { "type": "Polygon", "coordinates": [ [ [ -99.17481, 19.30591 ], [ -99.17441, 19.30748 ], [ -99.1736, 19.30735 ], [ -99.17481, 19.30591 ] ] ] } },
{ "type": "Feature", "properties": { "colonia": "EL RUEDO", "alcaldia": "ALVARO OBREGON", "cveut": "10-068" }, "geometry": { "type": "Polygon", "coordinates": [ [ [ -99.24045, 19.35101 ], [ -99.23964, 19.3521 ], [ -99.23932, 19.35098 ], [ -99.24045, 19.35101 ] ] ] } },
{ "type": "Feature", "properties": { "colonia": "CRUZ ROJA TEPANTONGO (U HAB)", "alcaldia": "AZCAPOTZALCO", "cveut": "02-012" }, "geometry": { "type": "Polygon", "coordinates": [ [ [ -99.18561, 19.50001 ], [ -99.18397, 19.50043 ], [ -99.18415, 19.49962 ], [ -99.18561, 19.50001 ] ] ] } },
{ "type": "Feature", "properties": { "colonia": "ESTADO DE HIDALGO (AMPL)", "alcaldia": "ALVARO OBREGON", "cveut": "10-070" }, "geometry": { "type": "Polygon", "coordinates": [ [ [ -99.20811, 19.39793 ], [ -99.21001, 19.39763 ], [ -99.21012, 19.39822 ], [ -99.20811, 19.39793 ] ] ] } },
{ "type": "Feature", "properties": { "colonia": "TATA LÁZARO (U HAB)", "alcaldia": "MIGUEL HIDALGO", "cveut": "16-079" }, "geometry": { "type": "Polygon", "coordinates": [ [ [ -99.2116, 19.4484 ], [ -99.21099, 19.44928 ], [ -99.21064, 19.44905 ], [ -99.21079, 19.44827 ], [ -99.2116, 19.4484 ] ] ] } },
{ "type": "Feature", "properties": { "colonia": "CARLOS PACHECO (U HAB)", "alcaldia": "IZTAPALAPA", "cveut": "07-319" }, "geometry": { "type": "Polygon", "coordinates": [ [ [ -99.03041, 19.3629 ], [ -99.02978, 19.36476 ], [ -99.02929, 19.36447 ], [ -99.03041, 19.3629 ] ] ] } },
{ "type": "Feature", "properties": { "colonia": "TEXCOCO EL SALADO", "alcaldia": "IZTAPALAPA", "cveut": "07-231" }, "geometry": { "type": "Polygon", "coordinates": [ [ [ -99.00542, 19.37469 ], [ -99.00491, 19.37334 ], [ -99.00585, 19.37372 ], [ -99.00542, 19.37469 ] ] ] } },
{ "type": "Feature", "properties": { "colonia": "26 DE JULIO", "alcaldia": "ALVARO OBREGON", "cveut": "10-244" }, "geometry": { "type": "Polygon", "coordinates": [ [ [ -99.25094, 19.35693 ], [ -99.2504, 19.35817 ], [ -99.24993, 19.35739 ], [ -99.25094, 19.35693 ] ] ] } },
{ "type": "Feature", "properties": { "colonia": "EDUARDO MOLINA II (U HAB)", "alcaldia": "GUSTAVO A. MADERO", "cveut": "05-042" }, "geometry": { "type": "Polygon", "coordinates": [ [ [ -99.09267, 19.48266 ], [ -99.0915, 19.48376 ], [ -99.09205, 19.48241 ], [ -99.09267, 19.48266 ] ] ] } },
{ "type": "Feature", "properties": { "colonia": "ACASULCO UNIVERSIDAD", "alcaldia": "COYOACAN", "cveut": "03-154" }, "geometry": { "type": "Polygon", "coordinates": [ [ [ -99.18086, 19.34223 ], [ -99.18099, 19.34135 ], [ -99.18166, 19.3415 ], [ -99.18156, 19.34203 ], [ -99.18086, 19.34223 ] ] ] } },
{ "type": "Feature", "properties": { "colonia": "EL BATAN", "alcaldia": "ALVARO OBREGON", "cveut": "10-055" }, "geometry": { "type": "Polygon", "coordinates": [ [ [ -99.25889, 19.35432 ], [ -99.25979, 19.35486 ], [ -99.25846, 19.35508 ], [ -99.25889, 19.35432 ] ] ] } },
{ "type": "Feature", "properties": { "colonia": "NUEVA TENOCHTITLAN (U HAB)", "alcaldia": "XOCHIMILCO", "cveut": "13-082" }, "geometry": { "type": "Polygon", "coordinates": [ [ [ -99.07443, 19.25532 ], [ -99.07207, 19.25486 ], [ -99.07219, 19.2545 ], [ -99.07443, 19.25532 ] ] ] } },
{ "type": "Feature", "properties": { "colonia": "PUENTE SIERRA", "alcaldia": "LA MAGDALENA CONTRERAS", "cveut": "08-040" }, "geometry": { "type": "Polygon", "coordinates": [ [ [ -99.21256, 19.33067 ], [ -99.21219, 19.33145 ], [ -99.21134, 19.33104 ], [ -99.21256, 19.33067 ] ] ] } },
{ "type": "Feature", "properties": { "colonia": "HORNOS DE ARAGON (U HAB)", "alcaldia": "GUSTAVO A. MADERO", "cveut": "05-079" }, "geometry": { "type": "Polygon", "coordinates": [ [ [ -99.081, 19.47134 ], [ -99.07968, 19.47102 ], [ -99.0811, 19.47075 ], [ -99.081, 19.47134 ] ] ] } },
{ "type": "Feature", "properties": { "colonia": "INVI PRESIDENTES EJIDALES (U HAB)", "alcaldia": "COYOACAN", "cveut": "03-165" }, "geometry": { "type": "Polygon", "coordinates": [ [ [ -99.12285, 19.32446 ], [ -99.12168, 19.3251 ], [ -99.12173, 19.3244 ], [ -99.12285, 19.32446 ] ] ] } },
{ "type": "Feature", "properties": { "colonia": "EL BOSQUE SECCION TORRES", "alcaldia": "ALVARO OBREGON", "cveut": "10-058" }, "geometry": { "type": "Polygon", "coordinates": [ [ [ -99.19648, 19.39342 ], [ -99.195, 19.39309 ], [ -99.19645, 19.3929 ], [ -99.19648, 19.39342 ] ] ] } },
{ "type": "Feature", "properties": { "colonia": "NA HAL TI (U HAB)", "alcaldia": "IZTAPALAPA", "cveut": "07-148" }, "geometry": { "type": "Polygon", "coordinates": [ [ [ -99.07105, 19.2878 ], [ -99.07054, 19.28906 ], [ -99.07012, 19.28861 ], [ -99.07105, 19.2878 ] ] ] } },
{ "type": "Feature", "properties": { "colonia": "JARDINES CEYLAN (U HAB)", "alcaldia": "AZCAPOTZALCO", "cveut": "02-039" }, "geometry": { "type": "Polygon", "coordinates": [ [ [ -99.16394, 19.48245 ], [ -99.16539, 19.48239 ], [ -99.16411, 19.48292 ], [ -99.16394, 19.48245 ] ] ] } },
{ "type": "Feature", "properties": { "colonia": "MOYOCOYANI (U HAB)", "alcaldia": "IZTAPALAPA", "cveut": "07-147" }, "geometry": { "type": "Polygon", "coordinates": [ [ [ -99.07052, 19.28903 ], [ -99.06929, 19.28928 ], [ -99.07012, 19.28861 ], [ -99.07052, 19.28903 ] ] ] } },
{ "type": "Feature", "properties": { "colonia": "LOS OLIVOS (U HAB)", "alcaldia": "GUSTAVO A. MADERO", "cveut": "05-117" }, "geometry": { "type": "Polygon", "coordinates": [ [ [ -99.08195, 19.4725 ], [ -99.08138, 19.47372 ], [ -99.08155, 19.47245 ], [ -99.08195, 19.4725 ] ] ] } },
{ "type": "Feature", "properties": { "colonia": "LAS TROJES COAPA (U HAB)", "alcaldia": "COYOACAN", "cveut": "03-070" }, "geometry": { "type": "Polygon", "coordinates": [ [ [ -99.13969, 19.30791 ], [ -99.13875, 19.30807 ], [ -99.13896, 19.30758 ], [ -99.13969, 19.30791 ] ] ] } },
{ "type": "Feature", "properties": { "colonia": "INFONAVIT LORETO FABELA (U HAB)", "alcaldia": "GUSTAVO A. MADERO", "cveut": "05-084" }, "geometry": { "type": "Polygon", "coordinates": [ [ [ -99.08097, 19.47163 ], [ -99.07959, 19.47149 ], [ -99.081, 19.47134 ], [ -99.08097, 19.47163 ] ] ] } },
{ "type": "Feature", "properties": { "colonia": "ARTURO GAMIZ", "alcaldia": "ALVARO OBREGON", "cveut": "10-017" }, "geometry": { "type": "Polygon", "coordinates": [ [ [ -99.25421, 19.35538 ], [ -99.25525, 19.35502 ], [ -99.25585, 19.35516 ], [ -99.25421, 19.35538 ] ] ] } },
{ "type": "Feature", "properties": { "colonia": "SANTA CRUZ VII (U HAB)", "alcaldia": "IZTAPALAPA", "cveut": "07-209" }, "geometry": { "type": "Polygon", "coordinates": [ [ [ -99.04608, 19.31309 ], [ -99.0459, 19.31399 ], [ -99.04561, 19.31367 ], [ -99.04608, 19.31309 ] ] ] } },
{ "type": "Feature", "properties": { "colonia": "EX EJIDO DE CHURUBUSCO", "alcaldia": "COYOACAN", "cveut": "03-150" }, "geometry": { "type": "Polygon", "coordinates": [ [ [ -99.13056, 19.33976 ], [ -99.13014, 19.34031 ], [ -99.13014, 19.33964 ], [ -99.13056, 19.33976 ] ] ] } },
{ "type": "Feature", "properties": { "colonia": "SANTA CRUZ VI (U HAB)", "alcaldia": "IZTAPALAPA", "cveut": "07-208" }, "geometry": { "type": "Polygon", "coordinates": [ [ [ -99.04575, 19.31285 ], [ -99.04561, 19.31367 ], [ -99.04535, 19.31336 ], [ -99.04575, 19.31285 ] ] ] } },
{ "type": "Feature", "properties": { "colonia": "COOPERATIVA LUIS ENRIQUE RODRÍGUEZ OROZCO (U HAB)", "alcaldia": "GUSTAVO A. MADERO", "cveut": "05-030" }, "geometry": { "type": "Polygon", "coordinates": [ [ [ -99.14298, 19.53082 ], [ -99.14275, 19.5312 ], [ -99.14214, 19.53159 ], [ -99.14298, 19.53082 ] ] ] } }
]
}
